dimension,key,instructions,memory_cycles,model_service_ns,accounted_model_ns,l1i,l1d,l2,ram_read,ram_write,function,object,reason
by_role,application_harness,114262,383620,767240,881502,114389,14589,107632,2052,144958,,,
by_role,lwip,59365,184940,369880,429245,60063,15980,49848,5094,53955,,,
by_role,runtime_library,165911,493635,987270,1153181,165918,51037,114768,4986,156926,,,
by_role,kernel_port,706,5781,11562,12268,709,445,1848,810,1969,,,
by_role,recorder,1102,4994,9988,11090,1103,368,1424,504,1595,,,
by_role,observer_entry,14,102,204,218,14,5,32,18,33,,,
by_function,/Users/swchen.tw/git/percepio/poc/runs/tcp-workload-matrix-v1/A03-baseline/build/tcp_request_response_irq.o:2147496060:2147496064:tcp_capture_begin,2,28,56,58,2,0,8,18,0,tcp_capture_begin,/Users/swchen.tw/git/percepio/poc/runs/tcp-workload-matrix-v1/A03-baseline/build/tcp_request_response_irq.o,
by_function,/Users/swchen.tw/git/percepio/poc/runs/tcp-workload-matrix-v1/A03-baseline/build/tcp_request_response_irq.o:2147496824:2147499242:session_task,106689,345056,690112,796801,106692,11999,95176,828,130361,session_task,/Users/swchen.tw/git/percepio/poc/runs/tcp-workload-matrix-v1/A03-baseline/build/tcp_request_response_irq.o,
by_function,/Users/swchen.tw/git/percepio/poc/runs/tcp-workload-matrix-v1/A03-baseline/build/tcp_request_response_irq.o:2147496068:2147496072:z0_stack_begin,54,80,160,214,54,0,8,18,0,z0_stack_begin,/Users/swchen.tw/git/percepio/poc/runs/tcp-workload-matrix-v1/A03-baseline/build/tcp_request_response_irq.o,
by_function,/Users/swchen.tw/git/percepio/poc/runs/tcp-workload-matrix-v1/A03-baseline/build/tcp.o:2147504632:2147504640:tcp_new,2,28,56,58,2,0,8,18,0,tcp_new,/Users/swchen.tw/git/percepio/poc/runs/tcp-workload-matrix-v1/A03-baseline/build/tcp.o,
by_function,/Users/swchen.tw/git/percepio/poc/runs/tcp-workload-matrix-v1/A03-baseline/build/tcp.o:2147504196:2147504632:tcp_alloc,100,874,1748,1848,100,44,288,90,352,tcp_alloc,/Users/swchen.tw/git/percepio/poc/runs/tcp-workload-matrix-v1/A03-baseline/build/tcp.o,
by_function,/Users/swchen.tw/git/percepio/poc/runs/tcp-workload-matrix-v1/A03-baseline/build/memp.o:2147501016:2147501044:memp_malloc,168,291,582,750,168,21,48,54,0,memp_malloc,/Users/swchen.tw/git/percepio/poc/runs/tcp-workload-matrix-v1/A03-baseline/build/memp.o,
by_function,/Users/swchen.tw/git/percepio/poc/runs/tcp-workload-matrix-v1/A03-baseline/build/memp.o:2147500840:2147500898:do_memp_malloc_pool,319,1883,3766,4085,319,214,592,252,506,do_memp_malloc_pool,/Users/swchen.tw/git/percepio/poc/runs/tcp-workload-matrix-v1/A03-baseline/build/memp.o,
by_function,/Users/swchen.tw/git/percepio/poc/.tools/xpack-riscv-none-elf-gcc-15.2.0-1/bin/../lib/gcc/riscv-none-elf/15.2.0/../../../../riscv-none-elf/lib/libg_nano.a(libc_a-memset.o):2147520098:2147520114:memset,4088,24400,48800,52888,4088,1010,8120,72,11110,memset,/Users/swchen.tw/git/percepio/poc/.tools/xpack-riscv-none-elf-gcc-15.2.0-1/bin/../lib/gcc/riscv-none-elf/15.2.0/../../../../riscv-none-elf/lib/libg_nano.a(libc_a-memset.o),
by_function,/Users/swchen.tw/git/percepio/poc/runs/tcp-workload-matrix-v1/A03-baseline/build/tcp.o:2147502850:2147502982:tcp_bind,49,241,482,531,50,18,64,54,55,tcp_bind,/Users/swchen.tw/git/percepio/poc/runs/tcp-workload-matrix-v1/A03-baseline/build/tcp.o,
by_function,/Users/swchen.tw/git/percepio/poc/runs/tcp-workload-matrix-v1/A03-baseline/build/timeouts.o:2147516870:2147516872:tcp_timer_needed,3,37,74,77,3,0,16,18,0,tcp_timer_needed,/Users/swchen.tw/git/percepio/poc/runs/tcp-workload-matrix-v1/A03-baseline/build/timeouts.o,
by_function,/Users/swchen.tw/git/percepio/poc/runs/tcp-workload-matrix-v1/A03-baseline/build/tcp.o:2147503180:2147503186:tcp_listen_with_backlog,2,28,56,58,2,0,8,18,0,tcp_listen_with_backlog,/Users/swchen.tw/git/percepio/poc/runs/tcp-workload-matrix-v1/A03-baseline/build/tcp.o,
by_function,/Users/swchen.tw/git/percepio/poc/runs/tcp-workload-matrix-v1/A03-baseline/build/tcp.o:2147502982:2147503180:tcp_listen_with_backlog_and_err,60,516,1032,1092,61,35,168,54,198,tcp_listen_with_backlog_and_err,/Users/swchen.tw/git/percepio/poc/runs/tcp-workload-matrix-v1/A03-baseline/build/tcp.o,
by_function,/Users/swchen.tw/git/percepio/poc/runs/tcp-workload-matrix-v1/A03-baseline/build/tcp.o:2147502842:2147502850:tcp_free,6,60,120,126,8,0,16,36,0,tcp_free,/Users/swchen.tw/git/percepio/poc/runs/tcp-workload-matrix-v1/A03-baseline/build/tcp.o,
by_function,/Users/swchen.tw/git/percepio/poc/runs/tcp-workload-matrix-v1/A03-baseline/build/memp.o:2147501044:2147501090:memp_free,378,1957,3914,4292,399,189,640,36,693,memp_free,/Users/swchen.tw/git/percepio/poc/runs/tcp-workload-matrix-v1/A03-baseline/build/memp.o,
by_function,/Users/swchen.tw/git/percepio/poc/runs/tcp-workload-matrix-v1/A03-baseline/build/tcp.o:2147503466:2147503480:tcp_accept,6,53,106,112,6,2,16,18,11,tcp_accept,/Users/swchen.tw/git/percepio/poc/runs/tcp-workload-matrix-v1/A03-baseline/build/tcp.o,
by_function,/Users/swchen.tw/git/percepio/poc/runs/tcp-workload-matrix-v1/A03-baseline/build/tcp_request_response_irq.o:2147496076:2147496176:phase,837,5514,11028,11865,837,405,1752,144,2376,phase,/Users/swchen.tw/git/percepio/poc/runs/tcp-workload-matrix-v1/A03-baseline/build/tcp_request_response_irq.o,
by_function,/Users/swchen.tw/git/percepio/poc/runs/tcp-workload-matrix-v1/A03-baseline/build/tcp_request_response_irq.o:2147496072:2147496076:z0_stack_end,54,54,108,162,54,0,0,0,0,z0_stack_end,/Users/swchen.tw/git/percepio/poc/runs/tcp-workload-matrix-v1/A03-baseline/build/tcp_request_response_irq.o,
by_function,/Users/swchen.tw/git/percepio/poc/runs/tcp-workload-matrix-v1/A03-baseline/build/tcp_request_response_irq.o:2147496176:2147496824:inject,2494,16848,33696,36190,2564,970,5816,216,7282,inject,/Users/swchen.tw/git/percepio/poc/runs/tcp-workload-matrix-v1/A03-baseline/build/tcp_request_response_irq.o,
by_function,/Users/swchen.tw/git/percepio/poc/runs/tcp-workload-matrix-v1/A03-baseline/build/pbuf.o:2147501810:2147502086:pbuf_alloc,1466,9334,18668,20134,1491,587,3232,108,3916,pbuf_alloc,/Users/swchen.tw/git/percepio/poc/runs/tcp-workload-matrix-v1/A03-baseline/build/pbuf.o,
by_function,/Users/swchen.tw/git/percepio/poc/runs/tcp-workload-matrix-v1/A03-baseline/build/mem.o:2147500540:2147500840:mem_malloc,1548,5809,11618,13166,1573,473,1680,180,1903,mem_malloc,/Users/swchen.tw/git/percepio/poc/runs/tcp-workload-matrix-v1/A03-baseline/build/mem.o,
by_function,/Users/swchen.tw/git/percepio/poc/runs/tcp-workload-matrix-v1/A03-baseline/build/def.o:2147499362:2147499376:lwip_htons,2460,2494,4988,7448,2460,0,16,18,0,lwip_htons,/Users/swchen.tw/git/percepio/poc/runs/tcp-workload-matrix-v1/A03-baseline/build/def.o,
by_function,/Users/swchen.tw/git/percepio/poc/runs/tcp-workload-matrix-v1/A03-baseline/build/inet_chksum.o:2147499782:2147499804:inet_chksum,252,874,1748,2000,252,56,240,18,308,inet_chksum,/Users/swchen.tw/git/percepio/poc/runs/tcp-workload-matrix-v1/A03-baseline/build/inet_chksum.o,
by_function,/Users/swchen.tw/git/percepio/poc/runs/tcp-workload-matrix-v1/A03-baseline/build/inet_chksum.o:2147499412:2147499576:lwip_standard_chksum,22464,26030,52060,74524,22464,3400,112,54,0,lwip_standard_chksum,/Users/swchen.tw/git/percepio/poc/runs/tcp-workload-matrix-v1/A03-baseline/build/inet_chksum.o,
by_function,/Users/swchen.tw/git/percepio/poc/runs/tcp-workload-matrix-v1/A03-baseline/build/pbuf.o:2147501632:2147501690:pbuf_remove_header,840,3738,7476,8316,840,252,1224,36,1386,pbuf_remove_header,/Users/swchen.tw/git/percepio/poc/runs/tcp-workload-matrix-v1/A03-baseline/build/pbuf.o,
by_function,/Users/swchen.tw/git/percepio/poc/runs/tcp-workload-matrix-v1/A03-baseline/build/def.o:2147499376:2147499412:lwip_htonl,2093,2278,4556,6649,2254,0,24,0,0,lwip_htonl,/Users/swchen.tw/git/percepio/poc/runs/tcp-workload-matrix-v1/A03-baseline/build/def.o,
by_function,/Users/swchen.tw/git/percepio/poc/runs/tcp-workload-matrix-v1/A03-baseline/build/inet_chksum.o:2147499576:2147499778:inet_chksum_pseudo,3011,9596,19192,22203,3050,781,2584,90,3091,inet_chksum_pseudo,/Users/swchen.tw/git/percepio/poc/runs/tcp-workload-matrix-v1/A03-baseline/build/inet_chksum.o,
by_function,/Users/swchen.tw/git/percepio/poc/runs/tcp-workload-matrix-v1/A03-baseline/build/pbuf.o:2147501626:2147501632:pbuf_add_header,70,144,288,358,70,0,56,18,0,pbuf_add_header,/Users/swchen.tw/git/percepio/poc/runs/tcp-workload-matrix-v1/A03-baseline/build/pbuf.o,
by_function,/Users/swchen.tw/git/percepio/poc/runs/tcp-workload-matrix-v1/A03-baseline/build/pbuf.o:2147501472:2147501566:pbuf_add_header_impl,945,3440,6880,7825,980,245,1024,36,1155,pbuf_add_header_impl,/Users/swchen.tw/git/percepio/poc/runs/tcp-workload-matrix-v1/A03-baseline/build/pbuf.o,
by_function,/Users/swchen.tw/git/percepio/poc/runs/tcp-workload-matrix-v1/A03-baseline/build/tcp_request_response_irq.o:2147495418:2147495576:snapshot,1100,5357,10714,11814,1125,425,1720,162,1925,snapshot,/Users/swchen.tw/git/percepio/poc/runs/tcp-workload-matrix-v1/A03-baseline/build/tcp_request_response_irq.o,
by_function,/Users/swchen.tw/git/percepio/poc/runs/tcp-workload-matrix-v1/A03-baseline/build/pbuf.o:2147502496:2147502616:pbuf_copy_partial,1416,5121,10242,11658,1416,415,1480,72,1738,pbuf_copy_partial,/Users/swchen.tw/git/percepio/poc/runs/tcp-workload-matrix-v1/A03-baseline/build/pbuf.o,
by_function,/Users/swchen.tw/git/percepio/poc/.tools/xpack-riscv-none-elf-gcc-15.2.0-1/bin/../lib/gcc/riscv-none-elf/15.2.0/../../../../riscv-none-elf/lib/libg_nano.a(libc_a-memcpy-asm.o):2147520114:2147520136:memcpy,78036,355182,710364,788400,78036,25976,104144,4158,142868,memcpy,/Users/swchen.tw/git/percepio/poc/.tools/xpack-riscv-none-elf-gcc-15.2.0-1/bin/../lib/gcc/riscv-none-elf/15.2.0/../../../../riscv-none-elf/lib/libg_nano.a(libc_a-memcpy-asm.o),
by_function,/Users/swchen.tw/git/percepio/poc/runs/tcp-workload-matrix-v1/A03-baseline/build/ip4.o:2147517866:2147518566:ip4_input,1806,9490,18980,20786,1806,714,3376,360,3234,ip4_input,/Users/swchen.tw/git/percepio/poc/runs/tcp-workload-matrix-v1/A03-baseline/build/ip4.o,
by_function,/Users/swchen.tw/git/percepio/poc/runs/tcp-workload-matrix-v1/A03-baseline/build/ip4.o:2147517702:2147517754:ip4_input_accept,182,284,568,750,182,42,24,36,0,ip4_input_accept,/Users/swchen.tw/git/percepio/poc/runs/tcp-workload-matrix-v1/A03-baseline/build/ip4.o,
by_function,/Users/swchen.tw/git/percepio/poc/runs/tcp-workload-matrix-v1/A03-baseline/build/ip4_addr.o:2147518970:2147519024:ip4_addr_isbroadcast_u32,224,440,880,1104,224,28,152,36,0,ip4_addr_isbroadcast_u32,/Users/swchen.tw/git/percepio/poc/runs/tcp-workload-matrix-v1/A03-baseline/build/ip4_addr.o,
by_function,/Users/swchen.tw/git/percepio/poc/runs/tcp-workload-matrix-v1/A03-baseline/build/tcp_in.o:2147509280:2147512332:tcp_input,3817,21525,43050,46867,3896,1742,7464,954,7469,tcp_input,/Users/swchen.tw/git/percepio/poc/runs/tcp-workload-matrix-v1/A03-baseline/build/tcp_in.o,
by_function,/Users/swchen.tw/git/percepio/poc/runs/tcp-workload-matrix-v1/A03-baseline/build/inet_chksum.o:2147499778:2147499782:ip_chksum_pseudo,25,73,146,171,25,0,48,0,0,ip_chksum_pseudo,/Users/swchen.tw/git/percepio/poc/runs/tcp-workload-matrix-v1/A03-baseline/build/inet_chksum.o,
by_function,/Users/swchen.tw/git/percepio/poc/runs/tcp-workload-matrix-v1/A03-baseline/build/tcp.o:2147503480:2147503496:tcp_next_iss,6,81,162,168,7,3,24,36,11,tcp_next_iss,/Users/swchen.tw/git/percepio/poc/runs/tcp-workload-matrix-v1/A03-baseline/build/tcp.o,
by_function,/Users/swchen.tw/git/percepio/poc/runs/tcp-workload-matrix-v1/A03-baseline/build/tcp_in.o:2147506490:2147506634:tcp_parseopt.part.0,43,297,594,637,43,17,88,72,77,tcp_parseopt.part.0,/Users/swchen.tw/git/percepio/poc/runs/tcp-workload-matrix-v1/A03-baseline/build/tcp_in.o,
by_function,/Users/swchen.tw/git/percepio/poc/runs/tcp-workload-matrix-v1/A03-baseline/build/tcp_in.o:2147506218:2147506270:tcp_get_next_optbyte,36,184,368,404,36,20,48,36,44,tcp_get_next_optbyte,/Users/swchen.tw/git/percepio/poc/runs/tcp-workload-matrix-v1/A03-baseline/build/tcp_in.o,
by_function,/Users/swchen.tw/git/percepio/poc/runs/tcp-workload-matrix-v1/A03-baseline/build/ip4.o:2147517754:2147517866:ip4_route,204,434,868,1072,204,60,152,18,0,ip4_route,/Users/swchen.tw/git/percepio/poc/runs/tcp-workload-matrix-v1/A03-baseline/build/ip4.o,
by_function,/Users/swchen.tw/git/percepio/poc/runs/tcp-workload-matrix-v1/A03-baseline/build/tcp.o:2147503496:2147503536:tcp_eff_send_mss_netif,28,30,60,88,28,2,0,0,0,tcp_eff_send_mss_netif,/Users/swchen.tw/git/percepio/poc/runs/tcp-workload-matrix-v1/A03-baseline/build/tcp.o,
by_function,/Users/swchen.tw/git/percepio/poc/runs/tcp-workload-matrix-v1/A03-baseline/build/tcp_out.o:2147514312:2147514472:tcp_enqueue_flags,89,539,1078,1167,90,34,160,90,165,tcp_enqueue_flags,/Users/swchen.tw/git/percepio/poc/runs/tcp-workload-matrix-v1/A03-baseline/build/tcp_out.o,
by_function,/Users/swchen.tw/git/percepio/poc/runs/tcp-workload-matrix-v1/A03-baseline/build/tcp_out.o:2147512346:2147512606:tcp_create_segment,780,6348,12696,13476,780,420,2272,126,2750,tcp_create_segment,/Users/swchen.tw/git/percepio/poc/runs/tcp-workload-matrix-v1/A03-baseline/build/tcp_out.o,
by_function,/Users/swchen.tw/git/percepio/poc/runs/tcp-workload-matrix-v1/A03-baseline/build/pbuf.o:2147502198:2147502220:pbuf_clen,296,496,992,1288,332,36,56,72,0,pbuf_clen,/Users/swchen.tw/git/percepio/poc/runs/tcp-workload-matrix-v1/A03-baseline/build/pbuf.o,
by_function,/Users/swchen.tw/git/percepio/poc/runs/tcp-workload-matrix-v1/A03-baseline/build/tcp_out.o:2147515352:2147516470:tcp_output,3005,17043,34086,37091,3045,1706,5712,288,6292,tcp_output,/Users/swchen.tw/git/percepio/poc/runs/tcp-workload-matrix-v1/A03-baseline/build/tcp_out.o,
by_function,/Users/swchen.tw/git/percepio/poc/runs/tcp-workload-matrix-v1/A03-baseline/build/ip4.o:2147518950:2147518970:ip4_output_if,55,74,148,203,55,11,8,0,0,ip4_output_if,/Users/swchen.tw/git/percepio/poc/runs/tcp-workload-matrix-v1/A03-baseline/build/ip4.o,
by_function,/Users/swchen.tw/git/percepio/poc/runs/tcp-workload-matrix-v1/A03-baseline/build/ip4.o:2147518566:2147518950:ip4_output_if_src,1177,8602,17204,18381,1199,528,3016,108,3751,ip4_output_if_src,/Users/swchen.tw/git/percepio/poc/runs/tcp-workload-matrix-v1/A03-baseline/build/ip4.o,
by_function,/Users/swchen.tw/git/percepio/poc/runs/tcp-workload-matrix-v1/A03-baseline/build/tcp_request_response_irq.o:2147495364:2147495418:output_packet,187,1191,2382,2569,187,88,432,0,484,output_packet,/Users/swchen.tw/git/percepio/poc/runs/tcp-workload-matrix-v1/A03-baseline/build/tcp_request_response_irq.o,
by_function,/Users/swchen.tw/git/percepio/poc/runs/tcp-workload-matrix-v1/A03-baseline/build/pbuf.o:2147502220:2147502234:pbuf_ref,55,286,572,627,55,22,88,0,121,pbuf_ref,/Users/swchen.tw/git/percepio/poc/runs/tcp-workload-matrix-v1/A03-baseline/build/pbuf.o,
by_function,/Users/swchen.tw/git/percepio/poc/runs/tcp-workload-matrix-v1/A03-baseline/build/pbuf.o:2147501708:2147501810:pbuf_free,1369,6400,12800,14169,1402,514,1984,36,2464,pbuf_free,/Users/swchen.tw/git/percepio/poc/runs/tcp-workload-matrix-v1/A03-baseline/build/pbuf.o,
by_function,/Users/swchen.tw/git/percepio/poc/runs/tcp-workload-matrix-v1/A03-baseline/build/mem.o:2147499994:2147500250:mem_free,1314,3891,7782,9096,1314,434,1056,108,979,mem_free,/Users/swchen.tw/git/percepio/poc/runs/tcp-workload-matrix-v1/A03-baseline/build/mem.o,
by_function,/Users/swchen.tw/git/percepio/poc/runs/tcp-workload-matrix-v1/A03-baseline/build/tcp_request_response_irq.o:2147495576:2147495890:consume,786,3155,6310,7096,797,271,1096,144,847,consume,/Users/swchen.tw/git/percepio/poc/runs/tcp-workload-matrix-v1/A03-baseline/build/tcp_request_response_irq.o,
by_function,/Users/swchen.tw/git/percepio/poc/runs/tcp-workload-matrix-v1/A03-baseline/build/tcp_request_response_irq.o:2147494960:2147495040:on_accept,22,157,314,336,22,7,48,36,44,on_accept,/Users/swchen.tw/git/percepio/poc/runs/tcp-workload-matrix-v1/A03-baseline/build/tcp_request_response_irq.o,
by_function,/Users/swchen.tw/git/percepio/poc/runs/tcp-workload-matrix-v1/A03-baseline/build/tcp.o:2147503458:2147503466:tcp_sent,3,31,62,65,3,1,16,0,11,tcp_sent,/Users/swchen.tw/git/percepio/poc/runs/tcp-workload-matrix-v1/A03-baseline/build/tcp.o,
by_function,/Users/swchen.tw/git/percepio/poc/runs/tcp-workload-matrix-v1/A03-baseline/build/tcp.o:2147503450:2147503458:tcp_recv,3,23,46,49,3,1,8,0,11,tcp_recv,/Users/swchen.tw/git/percepio/poc/runs/tcp-workload-matrix-v1/A03-baseline/build/tcp.o,
by_function,/Users/swchen.tw/git/percepio/poc/runs/tcp-workload-matrix-v1/A03-baseline/build/tcp_in.o:2147506866:2147509280:tcp_receive,1641,8771,17542,19183,1660,797,3000,432,2882,tcp_receive,/Users/swchen.tw/git/percepio/poc/runs/tcp-workload-matrix-v1/A03-baseline/build/tcp_in.o,
by_function,/Users/swchen.tw/git/percepio/poc/runs/tcp-workload-matrix-v1/A03-baseline/build/tcp_in.o:2147506700:2147506866:tcp_free_acked_segments.isra.0,840,4478,8956,9796,840,450,1392,36,1760,tcp_free_acked_segments.isra.0,/Users/swchen.tw/git/percepio/poc/runs/tcp-workload-matrix-v1/A03-baseline/build/tcp_in.o,
by_function,/Users/swchen.tw/git/percepio/poc/runs/tcp-workload-matrix-v1/A03-baseline/build/tcp.o:2147503344:2147503380:tcp_seg_free,130,726,1452,1582,140,50,280,36,220,tcp_seg_free,/Users/swchen.tw/git/percepio/poc/runs/tcp-workload-matrix-v1/A03-baseline/build/tcp.o,
by_function,/Users/swchen.tw/git/percepio/poc/runs/tcp-workload-matrix-v1/A03-baseline/build/tcp_in.o:2147506634:2147506700:tcp_input_delayed_close,140,336,672,812,140,30,144,0,22,tcp_input_delayed_close,/Users/swchen.tw/git/percepio/poc/runs/tcp-workload-matrix-v1/A03-baseline/build/tcp_in.o,
by_function,/Users/swchen.tw/git/percepio/poc/runs/tcp-workload-matrix-v1/A03-baseline/build/tcp.o:2147503186:2147503254:tcp_update_rcv_ann_wnd,100,286,572,672,100,25,88,18,55,tcp_update_rcv_ann_wnd,/Users/swchen.tw/git/percepio/poc/runs/tcp-workload-matrix-v1/A03-baseline/build/tcp.o,
by_function,/Users/swchen.tw/git/percepio/poc/runs/tcp-workload-matrix-v1/A03-baseline/build/tcp_request_response_irq.o:2147495040:2147495364:on_recv,1430,2579,5158,6588,1432,207,400,144,396,on_recv,/Users/swchen.tw/git/percepio/poc/runs/tcp-workload-matrix-v1/A03-baseline/build/tcp_request_response_irq.o,
by_function,/Users/swchen.tw/git/percepio/poc/runs/tcp-workload-matrix-v1/A03-baseline/build/pbuf.o:2147502650:2147502676:pbuf_get_at,1260,4066,8132,9392,1386,252,1024,18,1386,pbuf_get_at,/Users/swchen.tw/git/percepio/poc/runs/tcp-workload-matrix-v1/A03-baseline/build/pbuf.o,
by_function,/Users/swchen.tw/git/percepio/poc/runs/tcp-workload-matrix-v1/A03-baseline/build/pbuf.o:2147502616:2147502650:pbuf_try_get_at,882,1260,2520,3402,882,378,0,0,0,pbuf_try_get_at,/Users/swchen.tw/git/percepio/poc/runs/tcp-workload-matrix-v1/A03-baseline/build/pbuf.o,
by_function,/Users/swchen.tw/git/percepio/poc/runs/tcp-workload-matrix-v1/A03-baseline/build/tcp.o:2147503254:2147503344:tcp_recved,42,176,352,394,42,12,56,0,66,tcp_recved,/Users/swchen.tw/git/percepio/poc/runs/tcp-workload-matrix-v1/A03-baseline/build/tcp.o,
by_function,/Users/swchen.tw/git/percepio/poc/runs/tcp-workload-matrix-v1/A03-baseline/build/tcp_out.o:2147513088:2147513896:tcp_write,1232,6452,12904,14136,1248,456,2208,252,2288,tcp_write,/Users/swchen.tw/git/percepio/poc/runs/tcp-workload-matrix-v1/A03-baseline/build/tcp_out.o,
by_function,/Users/swchen.tw/git/percepio/poc/runs/tcp-workload-matrix-v1/A03-baseline/build/pbuf.o:2147501566:2147501626:pbuf_alloc_reference,184,2122,4244,4428,184,120,832,18,968,pbuf_alloc_reference,/Users/swchen.tw/git/percepio/poc/runs/tcp-workload-matrix-v1/A03-baseline/build/pbuf.o,
by_function,/Users/swchen.tw/git/percepio/poc/runs/tcp-workload-matrix-v1/A03-baseline/build/pbuf.o:2147502234:2147502264:pbuf_cat,80,424,848,928,80,40,128,0,176,pbuf_cat,/Users/swchen.tw/git/percepio/poc/runs/tcp-workload-matrix-v1/A03-baseline/build/pbuf.o,
by_function,/Users/swchen.tw/git/percepio/poc/.tools/xpack-riscv-none-elf-gcc-15.2.0-1/bin/../lib/gcc/riscv-none-elf/15.2.0/../../../../riscv-none-elf/lib/libg_nano.a(libc_a-memcmp.o):2147520016:2147520054:memcmp,81792,105250,210500,292292,81792,23360,80,18,0,memcmp,/Users/swchen.tw/git/percepio/poc/.tools/xpack-riscv-none-elf-gcc-15.2.0-1/bin/../lib/gcc/riscv-none-elf/15.2.0/../../../../riscv-none-elf/lib/libg_nano.a(libc_a-memcmp.o),
by_function,/Users/swchen.tw/git/percepio/poc/runs/tcp-workload-matrix-v1/A03-baseline/build/tcp_request_response_irq.o:2147494898:2147494960:on_sent,144,978,1956,2100,152,72,384,18,352,on_sent,/Users/swchen.tw/git/percepio/poc/runs/tcp-workload-matrix-v1/A03-baseline/build/tcp_request_response_irq.o,
by_function,/Users/swchen.tw/git/percepio/poc/runs/tcp-workload-matrix-v1/A03-baseline/build/portASM.o:2147519232:2147519698:unresolved@/Users/swchen.tw/git/percepio/poc/runs/tcp-workload-matrix-v1/A03-baseline/build/portASM.o:2147519232,293,2818,5636,5929,295,224,968,198,1133,unresolved@/Users/swchen.tw/git/percepio/poc/runs/tcp-workload-matrix-v1/A03-baseline/build/portASM.o:2147519232,/Users/swchen.tw/git/percepio/poc/runs/tcp-workload-matrix-v1/A03-baseline/build/portASM.o,
by_function,/Users/swchen.tw/git/percepio/poc/runs/tcp-workload-matrix-v1/A03-baseline/build/tasks.o:2147485004:2147485444:xTaskIncrementTick,194,1542,3084,3278,195,112,464,342,429,xTaskIncrementTick,/Users/swchen.tw/git/percepio/poc/runs/tcp-workload-matrix-v1/A03-baseline/build/tasks.o,
by_function,/Users/swchen.tw/git/percepio/poc/runs/tcp-workload-matrix-v1/A03-baseline/build/trcEvent.o:2147488492:2147488636:xTraceEventCreate1,220,1356,2712,2932,220,112,432,108,484,xTraceEventCreate1,/Users/swchen.tw/git/percepio/poc/runs/tcp-workload-matrix-v1/A03-baseline/build/trcEvent.o,
by_function,/Users/swchen.tw/git/percepio/poc/runs/tcp-workload-matrix-v1/A03-baseline/build/clock.o:2147493400:2147493424:poc_mtime,81,133,266,347,81,0,16,36,0,poc_mtime,/Users/swchen.tw/git/percepio/poc/runs/tcp-workload-matrix-v1/A03-baseline/build/clock.o,
by_function,/Users/swchen.tw/git/percepio/poc/runs/tcp-workload-matrix-v1/A03-baseline/build/trcStreamPort.o:2147493810:2147493862:xTraceStreamPortWriteData,140,998,1996,2136,140,63,320,90,385,xTraceStreamPortWriteData,/Users/swchen.tw/git/percepio/poc/runs/tcp-workload-matrix-v1/A03-baseline/build/trcStreamPort.o,
by_function,/Users/swchen.tw/git/percepio/poc/runs/tcp-workload-matrix-v1/A03-baseline/build/stream_io.o:2147493576:2147493642:poc_write_all,203,1024,2048,2251,203,70,312,54,385,poc_write_all,/Users/swchen.tw/git/percepio/poc/runs/tcp-workload-matrix-v1/A03-baseline/build/stream_io.o,
by_function,/Users/swchen.tw/git/percepio/poc/runs/tcp-workload-matrix-v1/A03-baseline/build/semihost.o:2147493552:2147493576:poc_sh_write,77,721,1442,1519,84,35,240,54,308,poc_sh_write,/Users/swchen.tw/git/percepio/poc/runs/tcp-workload-matrix-v1/A03-baseline/build/semihost.o,
by_function,/Users/swchen.tw/git/percepio/poc/runs/tcp-workload-matrix-v1/A03-baseline/build/semihost.o:2147493488:2147493502:call,28,80,160,188,28,0,16,36,0,call,/Users/swchen.tw/git/percepio/poc/runs/tcp-workload-matrix-v1/A03-baseline/build/semihost.o,
by_function,/Users/swchen.tw/git/percepio/poc/runs/tcp-workload-matrix-v1/A03-baseline/build/trcEvent.o:2147488452:2147488468:poc_irq_restore,28,28,56,84,28,0,0,0,0,poc_irq_restore,/Users/swchen.tw/git/percepio/poc/runs/tcp-workload-matrix-v1/A03-baseline/build/trcEvent.o,
by_function,/Users/swchen.tw/git/percepio/poc/runs/tcp-workload-matrix-v1/A03-baseline/build/tcp.o:2147505152:2147505296:tcp_fasttmr,64,446,892,956,64,34,144,72,132,tcp_fasttmr,/Users/swchen.tw/git/percepio/poc/runs/tcp-workload-matrix-v1/A03-baseline/build/tcp.o,
by_function,/Users/swchen.tw/git/percepio/poc/runs/tcp-workload-matrix-v1/A03-baseline/build/tcp.o:2147505296:2147506218:tcp_slowtmr,204,1338,2676,2880,206,102,432,180,418,tcp_slowtmr,/Users/swchen.tw/git/percepio/poc/runs/tcp-workload-matrix-v1/A03-baseline/build/tcp.o,
by_function,/Users/swchen.tw/git/percepio/poc/runs/tcp-workload-matrix-v1/A03-baseline/build/tasks.o:2147485872:2147486056:vTaskSwitchContext,110,635,1270,1380,110,58,176,126,165,vTaskSwitchContext,/Users/swchen.tw/git/percepio/poc/runs/tcp-workload-matrix-v1/A03-baseline/build/tasks.o,
by_function,/Users/swchen.tw/git/percepio/poc/.tools/xpack-riscv-none-elf-gcc-15.2.0-1/bin/../lib/gcc/riscv-none-elf/15.2.0/libgcc.a(_clzsi2.o):2147519698:2147519808:__clzsi2,28,82,164,192,28,2,16,36,0,__clzsi2,/Users/swchen.tw/git/percepio/poc/.tools/xpack-riscv-none-elf-gcc-15.2.0-1/bin/../lib/gcc/riscv-none-elf/15.2.0/libgcc.a(_clzsi2.o),
by_function,/Users/swchen.tw/git/percepio/poc/runs/tcp-workload-matrix-v1/A03-baseline/build/trcTask.o:2147493112:2147493208:xTraceTaskSwitch,66,400,800,866,66,28,120,54,132,xTraceTaskSwitch,/Users/swchen.tw/git/percepio/poc/runs/tcp-workload-matrix-v1/A03-baseline/build/trcTask.o,
by_function,/Users/swchen.tw/git/percepio/poc/runs/tcp-workload-matrix-v1/A03-baseline/build/trcEvent.o:2147488636:2147488790:xTraceEventCreate2,118,752,1504,1622,118,62,232,54,286,xTraceEventCreate2,/Users/swchen.tw/git/percepio/poc/runs/tcp-workload-matrix-v1/A03-baseline/build/trcEvent.o,
by_function,/Users/swchen.tw/git/percepio/poc/runs/tcp-workload-matrix-v1/A03-baseline/build/tasks.o:2147485792:2147485872:vTaskDelay,4,6,12,16,4,2,0,0,0,vTaskDelay,/Users/swchen.tw/git/percepio/poc/runs/tcp-workload-matrix-v1/A03-baseline/build/tasks.o,
by_function,/Users/swchen.tw/git/percepio/poc/runs/tcp-workload-matrix-v1/A03-baseline/build/tcp_request_response_irq.o:2147496002:2147496060:timing_observer,14,102,204,218,14,5,32,18,33,timing_observer,/Users/swchen.tw/git/percepio/poc/runs/tcp-workload-matrix-v1/A03-baseline/build/tcp_request_response_irq.o,
by_function,/Users/swchen.tw/git/percepio/poc/runs/tcp-workload-matrix-v1/A03-baseline/build/tasks.o:2147484998:2147485004:xTaskGetTickCount,2,3,6,8,2,1,0,0,0,xTaskGetTickCount,/Users/swchen.tw/git/percepio/poc/runs/tcp-workload-matrix-v1/A03-baseline/build/tasks.o,
by_function,/Users/swchen.tw/git/percepio/poc/runs/tcp-workload-matrix-v1/A03-baseline/build/main.o:2147493908:2147493984:poc_mark,23,139,278,301,23,7,40,36,33,poc_mark,/Users/swchen.tw/git/percepio/poc/runs/tcp-workload-matrix-v1/A03-baseline/build/main.o,
by_function,/Users/swchen.tw/git/percepio/poc/runs/tcp-workload-matrix-v1/A03-baseline/build/oracle.o:2147494034:2147494130:poc_oracle_record,31,288,576,607,31,16,88,54,99,poc_oracle_record,/Users/swchen.tw/git/percepio/poc/runs/tcp-workload-matrix-v1/A03-baseline/build/oracle.o,
by_function,/Users/swchen.tw/git/percepio/poc/.tools/xpack-riscv-none-elf-gcc-15.2.0-1/bin/../lib/gcc/riscv-none-elf/15.2.0/../../../../riscv-none-elf/lib/libg_nano.a(libc_a-snprintf.o):2147519808:2147519912:sniprintf,38,451,902,940,38,21,144,72,176,sniprintf,/Users/swchen.tw/git/percepio/poc/.tools/xpack-riscv-none-elf-gcc-15.2.0-1/bin/../lib/gcc/riscv-none-elf/15.2.0/../../../../riscv-none-elf/lib/libg_nano.a(libc_a-snprintf.o),
by_function,/Users/swchen.tw/git/percepio/poc/.tools/xpack-riscv-none-elf-gcc-15.2.0-1/bin/../lib/gcc/riscv-none-elf/15.2.0/../../../../riscv-none-elf/lib/libg_nano.a(libc_a-nano-svfprintf.o):2147520418:2147521038:_svfiprintf_r,360,1715,3430,3790,366,109,464,270,506,_svfiprintf_r,/Users/swchen.tw/git/percepio/poc/.tools/xpack-riscv-none-elf-gcc-15.2.0-1/bin/../lib/gcc/riscv-none-elf/15.2.0/../../../../riscv-none-elf/lib/libg_nano.a(libc_a-nano-svfprintf.o),
by_function,/Users/swchen.tw/git/percepio/poc/.tools/xpack-riscv-none-elf-gcc-15.2.0-1/bin/../lib/gcc/riscv-none-elf/15.2.0/../../../../riscv-none-elf/lib/libg_nano.a(libc_a-nano-svfprintf.o):2147520178:2147520418:__ssputs_r,370,2542,5084,5454,370,220,816,36,1100,__ssputs_r,/Users/swchen.tw/git/percepio/poc/.tools/xpack-riscv-none-elf-gcc-15.2.0-1/bin/../lib/gcc/riscv-none-elf/15.2.0/../../../../riscv-none-elf/lib/libg_nano.a(libc_a-nano-svfprintf.o),
by_function,/Users/swchen.tw/git/percepio/poc/.tools/xpack-riscv-none-elf-gcc-15.2.0-1/bin/../lib/gcc/riscv-none-elf/15.2.0/../../../../riscv-none-elf/lib/libg_nano.a(libc_a-memmove.o):2147520060:2147520098:memmove,333,1265,2530,2863,333,88,360,0,484,memmove,/Users/swchen.tw/git/percepio/poc/.tools/xpack-riscv-none-elf-gcc-15.2.0-1/bin/../lib/gcc/riscv-none-elf/15.2.0/../../../../riscv-none-elf/lib/libg_nano.a(libc_a-memmove.o),
by_function,/Users/swchen.tw/git/percepio/poc/.tools/xpack-riscv-none-elf-gcc-15.2.0-1/bin/../lib/gcc/riscv-none-elf/15.2.0/../../../../riscv-none-elf/lib/libg_nano.a(libc_a-memchr.o):2147522410:2147522436:memchr,447,631,1262,1709,447,80,32,72,0,memchr,/Users/swchen.tw/git/percepio/poc/.tools/xpack-riscv-none-elf-gcc-15.2.0-1/bin/../lib/gcc/riscv-none-elf/15.2.0/../../../../riscv-none-elf/lib/libg_nano.a(libc_a-memchr.o),
by_function,/Users/swchen.tw/git/percepio/poc/.tools/xpack-riscv-none-elf-gcc-15.2.0-1/bin/../lib/gcc/riscv-none-elf/15.2.0/../../../../riscv-none-elf/lib/libg_nano.a(libc_a-nano-vfprintf_i.o):2147521674:2147522290:_printf_i,212,1081,2162,2374,213,78,312,126,352,_printf_i,/Users/swchen.tw/git/percepio/poc/.tools/xpack-riscv-none-elf-gcc-15.2.0-1/bin/../lib/gcc/riscv-none-elf/15.2.0/../../../../riscv-none-elf/lib/libg_nano.a(libc_a-nano-vfprintf_i.o),
by_function,/Users/swchen.tw/git/percepio/poc/.tools/xpack-riscv-none-elf-gcc-15.2.0-1/bin/../lib/gcc/riscv-none-elf/15.2.0/../../../../riscv-none-elf/lib/libg_nano.a(libc_a-nano-vfprintf_i.o):2147521400:2147521674:_printf_common,207,1036,2072,2279,207,93,280,126,330,_printf_common,/Users/swchen.tw/git/percepio/poc/.tools/xpack-riscv-none-elf-gcc-15.2.0-1/bin/../lib/gcc/riscv-none-elf/15.2.0/../../../../riscv-none-elf/lib/libg_nano.a(libc_a-nano-vfprintf_i.o),
by_function,/Users/swchen.tw/git/percepio/poc/runs/tcp-workload-matrix-v1/A03-baseline/build/trcPrint.o:2147491812:2147491858:xTracePrintF,18,232,464,482,18,10,80,36,88,xTracePrintF,/Users/swchen.tw/git/percepio/poc/runs/tcp-workload-matrix-v1/A03-baseline/build/trcPrint.o,
by_function,/Users/swchen.tw/git/percepio/poc/runs/tcp-workload-matrix-v1/A03-baseline/build/trcPrint.o:2147491720:2147491812:xTraceVPrintF,406,478,956,1362,406,46,8,18,0,xTraceVPrintF,/Users/swchen.tw/git/percepio/poc/runs/tcp-workload-matrix-v1/A03-baseline/build/trcPrint.o,
by_function,/Users/swchen.tw/git/percepio/poc/runs/tcp-workload-matrix-v1/A03-baseline/build/trcPrint.o:2147491266:2147491630:prvTraceVPrintF,32,225,450,482,32,12,72,54,55,prvTraceVPrintF,/Users/swchen.tw/git/percepio/poc/runs/tcp-workload-matrix-v1/A03-baseline/build/trcPrint.o,
by_function,/Users/swchen.tw/git/percepio/poc/runs/tcp-workload-matrix-v1/A03-baseline/build/trcEvent.o:2147489598:2147489806:xTraceEventCreateData2,74,525,1050,1124,75,35,160,90,165,xTraceEventCreateData2,/Users/swchen.tw/git/percepio/poc/runs/tcp-workload-matrix-v1/A03-baseline/build/trcEvent.o,
by_function,/Users/swchen.tw/git/percepio/poc/runs/tcp-workload-matrix-v1/A03-baseline/build/tasks.o:2147486056:2147486324:vTaskSuspend,70,414,828,898,70,24,120,90,110,vTaskSuspend,/Users/swchen.tw/git/percepio/poc/runs/tcp-workload-matrix-v1/A03-baseline/build/tasks.o,
by_function,/Users/swchen.tw/git/percepio/poc/runs/tcp-workload-matrix-v1/A03-baseline/build/list.o:2147486418:2147486452:uxListRemove,15,148,296,311,15,12,48,18,55,uxListRemove,/Users/swchen.tw/git/percepio/poc/runs/tcp-workload-matrix-v1/A03-baseline/build/list.o,
by_function,/Users/swchen.tw/git/percepio/poc/runs/tcp-workload-matrix-v1/A03-baseline/build/list.o:2147486350:2147486372:vListInsertEnd,11,160,320,331,11,9,56,18,66,vListInsertEnd,/Users/swchen.tw/git/percepio/poc/runs/tcp-workload-matrix-v1/A03-baseline/build/list.o,
by_function,/Users/swchen.tw/git/percepio/poc/runs/tcp-workload-matrix-v1/A03-baseline/build/tasks.o:2147484174:2147484200:prvResetNextTaskUnblockTime,7,55,110,117,7,3,16,18,11,prvResetNextTaskUnblockTime,/Users/swchen.tw/git/percepio/poc/runs/tcp-workload-matrix-v1/A03-baseline/build/tasks.o,
by_function,/Users/swchen.tw/git/percepio/poc/runs/tcp-workload-matrix-v1/A03-baseline/build/tcp_out.o:2147515274:2147515352:tcp_send_empty_ack,24,114,228,252,24,7,32,18,33,tcp_send_empty_ack,/Users/swchen.tw/git/percepio/poc/runs/tcp-workload-matrix-v1/A03-baseline/build/tcp_out.o,
by_function,/Users/swchen.tw/git/percepio/poc/runs/tcp-workload-matrix-v1/A03-baseline/build/tcp_out.o:2147512954:2147513002:tcp_output_alloc_header.constprop.0,19,139,278,297,19,11,40,36,33,tcp_output_alloc_header.constprop.0,/Users/swchen.tw/git/percepio/poc/runs/tcp-workload-matrix-v1/A03-baseline/build/tcp_out.o,
by_function,/Users/swchen.tw/git/percepio/poc/runs/tcp-workload-matrix-v1/A03-baseline/build/tcp_out.o:2147512736:2147512954:tcp_output_alloc_header_common.constprop.0,76,745,1490,1566,77,39,256,54,319,tcp_output_alloc_header_common.constprop.0,/Users/swchen.tw/git/percepio/poc/runs/tcp-workload-matrix-v1/A03-baseline/build/tcp_out.o,
by_function,/Users/swchen.tw/git/percepio/poc/runs/tcp-workload-matrix-v1/A03-baseline/build/tcp_out.o:2147513002:2147513088:tcp_output_control_segment,23,155,310,333,23,11,48,18,55,tcp_output_control_segment,/Users/swchen.tw/git/percepio/poc/runs/tcp-workload-matrix-v1/A03-baseline/build/tcp_out.o,
by_function,/Users/swchen.tw/git/percepio/poc/runs/tcp-workload-matrix-v1/A03-baseline/build/tcp_out.o:2147512606:2147512736:tcp_output_control_segment_netif,48,286,572,620,48,22,88,18,110,tcp_output_control_segment_netif,/Users/swchen.tw/git/percepio/poc/runs/tcp-workload-matrix-v1/A03-baseline/build/tcp_out.o,
by_function,/Users/swchen.tw/git/percepio/poc/runs/tcp-workload-matrix-v1/A03-baseline/build/tcp.o:2147504934:2147504966:tcp_close,15,100,200,215,17,4,32,36,11,tcp_close,/Users/swchen.tw/git/percepio/poc/runs/tcp-workload-matrix-v1/A03-baseline/build/tcp.o,
by_function,/Users/swchen.tw/git/percepio/poc/runs/tcp-workload-matrix-v1/A03-baseline/build/tcp.o:2147504640:2147504934:tcp_close_shutdown,68,316,632,700,68,22,88,72,66,tcp_close_shutdown,/Users/swchen.tw/git/percepio/poc/runs/tcp-workload-matrix-v1/A03-baseline/build/tcp.o,
by_function,/Users/swchen.tw/git/percepio/poc/runs/tcp-workload-matrix-v1/A03-baseline/build/tcp.o:2147502758:2147502840:tcp_close_shutdown_fin,20,135,270,290,20,6,40,36,33,tcp_close_shutdown_fin,/Users/swchen.tw/git/percepio/poc/runs/tcp-workload-matrix-v1/A03-baseline/build/tcp.o,
by_function,/Users/swchen.tw/git/percepio/poc/runs/tcp-workload-matrix-v1/A03-baseline/build/tcp_out.o:2147514472:2147514602:tcp_send_fin,16,153,306,322,16,9,48,36,44,tcp_send_fin,/Users/swchen.tw/git/percepio/poc/runs/tcp-workload-matrix-v1/A03-baseline/build/tcp_out.o,
by_function,/Users/swchen.tw/git/percepio/poc/runs/tcp-workload-matrix-v1/A03-baseline/build/tcp.o:2147503650:2147503746:tcp_pcb_remove,45,348,696,741,45,23,112,36,132,tcp_pcb_remove,/Users/swchen.tw/git/percepio/poc/runs/tcp-workload-matrix-v1/A03-baseline/build/tcp.o,
by_function,/Users/swchen.tw/git/percepio/poc/runs/tcp-workload-matrix-v1/A03-baseline/build/tcp.o:2147503568:2147503650:tcp_pcb_purge,33,167,334,367,33,13,48,18,55,tcp_pcb_purge,/Users/swchen.tw/git/percepio/poc/runs/tcp-workload-matrix-v1/A03-baseline/build/tcp.o,
by_function,/Users/swchen.tw/git/percepio/poc/runs/tcp-workload-matrix-v1/A03-baseline/build/tcp.o:2147503380:2147503408:tcp_segs_free,4,4,8,12,4,0,0,0,0,tcp_segs_free,/Users/swchen.tw/git/percepio/poc/runs/tcp-workload-matrix-v1/A03-baseline/build/tcp.o,
by_function,/Users/swchen.tw/git/percepio/poc/runs/tcp-workload-matrix-v1/A03-baseline/build/tcp_request_response_irq.o:2147494842:2147494898:resources,20,238,476,496,21,17,80,54,66,resources,/Users/swchen.tw/git/percepio/poc/runs/tcp-workload-matrix-v1/A03-baseline/build/tcp_request_response_irq.o,
by_pc,2147496060,1,27,54,55,1,0,8,18,0,tcp_capture_begin,/Users/swchen.tw/git/percepio/poc/runs/tcp-workload-matrix-v1/A03-baseline/build/tcp_request_response_irq.o,
by_pc,2147496062,1,1,2,3,1,0,0,0,0,tcp_capture_begin,/Users/swchen.tw/git/percepio/poc/runs/tcp-workload-matrix-v1/A03-baseline/build/tcp_request_response_irq.o,
by_pc,2147497036,1,54,108,109,1,1,16,36,0,session_task,/Users/swchen.tw/git/percepio/poc/runs/tcp-workload-matrix-v1/A03-baseline/build/tcp_request_response_irq.o,
by_pc,2147497040,1,1,2,3,1,0,0,0,0,session_task,/Users/swchen.tw/git/percepio/poc/runs/tcp-workload-matrix-v1/A03-baseline/build/tcp_request_response_irq.o,
by_pc,2147497044,1,1,2,3,1,0,0,0,0,session_task,/Users/swchen.tw/git/percepio/poc/runs/tcp-workload-matrix-v1/A03-baseline/build/tcp_request_response_irq.o,
by_pc,2147497046,1,21,42,43,1,1,8,0,11,session_task,/Users/swchen.tw/git/percepio/poc/runs/tcp-workload-matrix-v1/A03-baseline/build/tcp_request_response_irq.o,
by_pc,2147497050,1,1,2,3,1,0,0,0,0,session_task,/Users/swchen.tw/git/percepio/poc/runs/tcp-workload-matrix-v1/A03-baseline/build/tcp_request_response_irq.o,
by_pc,2147497054,1,1,2,3,1,0,0,0,0,session_task,/Users/swchen.tw/git/percepio/poc/runs/tcp-workload-matrix-v1/A03-baseline/build/tcp_request_response_irq.o,
by_pc,2147497058,1,1,2,3,1,0,0,0,0,session_task,/Users/swchen.tw/git/percepio/poc/runs/tcp-workload-matrix-v1/A03-baseline/build/tcp_request_response_irq.o,
by_pc,2147496068,27,53,106,133,27,0,8,18,0,z0_stack_begin,/Users/swchen.tw/git/percepio/poc/runs/tcp-workload-matrix-v1/A03-baseline/build/tcp_request_response_irq.o,
by_pc,2147496070,27,27,54,81,27,0,0,0,0,z0_stack_begin,/Users/swchen.tw/git/percepio/poc/runs/tcp-workload-matrix-v1/A03-baseline/build/tcp_request_response_irq.o,
by_pc,2147497062,1,1,2,3,1,0,0,0,0,session_task,/Users/swchen.tw/git/percepio/poc/runs/tcp-workload-matrix-v1/A03-baseline/build/tcp_request_response_irq.o,
by_pc,2147497066,1,1,2,3,1,0,0,0,0,session_task,/Users/swchen.tw/git/percepio/poc/runs/tcp-workload-matrix-v1/A03-baseline/build/tcp_request_response_irq.o,
by_pc,2147504632,1,27,54,55,1,0,8,18,0,tcp_new,/Users/swchen.tw/git/percepio/poc/runs/tcp-workload-matrix-v1/A03-baseline/build/tcp.o,
by_pc,2147504636,1,1,2,3,1,0,0,0,0,tcp_new,/Users/swchen.tw/git/percepio/poc/runs/tcp-workload-matrix-v1/A03-baseline/build/tcp.o,
by_pc,2147504196,2,28,56,58,2,0,8,18,0,tcp_alloc,/Users/swchen.tw/git/percepio/poc/runs/tcp-workload-matrix-v1/A03-baseline/build/tcp.o,
by_pc,2147504198,2,60,120,122,2,2,16,18,22,tcp_alloc,/Users/swchen.tw/git/percepio/poc/runs/tcp-workload-matrix-v1/A03-baseline/build/tcp.o,
by_pc,2147504200,2,2,4,6,2,0,0,0,0,tcp_alloc,/Users/swchen.tw/git/percepio/poc/runs/tcp-workload-matrix-v1/A03-baseline/build/tcp.o,
by_pc,2147504202,2,2,4,6,2,0,0,0,0,tcp_alloc,/Users/swchen.tw/git/percepio/poc/runs/tcp-workload-matrix-v1/A03-baseline/build/tcp.o,
by_pc,2147504204,2,42,84,86,2,2,16,0,22,tcp_alloc,/Users/swchen.tw/git/percepio/poc/runs/tcp-workload-matrix-v1/A03-baseline/build/tcp.o,
by_pc,2147504206,2,42,84,86,2,2,16,0,22,tcp_alloc,/Users/swchen.tw/git/percepio/poc/runs/tcp-workload-matrix-v1/A03-baseline/build/tcp.o,
by_pc,2147504208,2,42,84,86,2,2,16,0,22,tcp_alloc,/Users/swchen.tw/git/percepio/poc/runs/tcp-workload-matrix-v1/A03-baseline/build/tcp.o,
by_pc,2147504210,2,2,4,6,2,0,0,0,0,tcp_alloc,/Users/swchen.tw/git/percepio/poc/runs/tcp-workload-matrix-v1/A03-baseline/build/tcp.o,
by_pc,2147501016,21,71,142,163,21,0,32,18,0,memp_malloc,/Users/swchen.tw/git/percepio/poc/runs/tcp-workload-matrix-v1/A03-baseline/build/memp.o,
by_pc,2147501018,21,21,42,63,21,0,0,0,0,memp_malloc,/Users/swchen.tw/git/percepio/poc/runs/tcp-workload-matrix-v1/A03-baseline/build/memp.o,
by_pc,2147501022,21,21,42,63,21,0,0,0,0,memp_malloc,/Users/swchen.tw/git/percepio/poc/runs/tcp-workload-matrix-v1/A03-baseline/build/memp.o,
by_pc,2147501024,21,21,42,63,21,0,0,0,0,memp_malloc,/Users/swchen.tw/git/percepio/poc/runs/tcp-workload-matrix-v1/A03-baseline/build/memp.o,
by_pc,2147501028,21,21,42,63,21,0,0,0,0,memp_malloc,/Users/swchen.tw/git/percepio/poc/runs/tcp-workload-matrix-v1/A03-baseline/build/memp.o,
by_pc,2147501032,21,21,42,63,21,0,0,0,0,memp_malloc,/Users/swchen.tw/git/percepio/poc/runs/tcp-workload-matrix-v1/A03-baseline/build/memp.o,
by_pc,2147501034,21,94,188,209,21,21,16,36,0,memp_malloc,/Users/swchen.tw/git/percepio/poc/runs/tcp-workload-matrix-v1/A03-baseline/build/memp.o,
by_pc,2147501036,21,21,42,63,21,0,0,0,0,memp_malloc,/Users/swchen.tw/git/percepio/poc/runs/tcp-workload-matrix-v1/A03-baseline/build/memp.o,
by_pc,2147500840,21,166,332,353,21,21,88,36,0,do_memp_malloc_pool,/Users/swchen.tw/git/percepio/poc/runs/tcp-workload-matrix-v1/A03-baseline/build/memp.o,
by_pc,2147500842,21,21,42,63,21,0,0,0,0,do_memp_malloc_pool,/Users/swchen.tw/git/percepio/poc/runs/tcp-workload-matrix-v1/A03-baseline/build/memp.o,
by_pc,2147500844,21,94,188,209,21,21,16,36,0,do_memp_malloc_pool,/Users/swchen.tw/git/percepio/poc/runs/tcp-workload-matrix-v1/A03-baseline/build/memp.o,
by_pc,2147500846,21,21,42,63,21,0,0,0,0,do_memp_malloc_pool,/Users/swchen.tw/git/percepio/poc/runs/tcp-workload-matrix-v1/A03-baseline/build/memp.o,
by_pc,2147500848,21,146,292,313,21,21,32,72,0,do_memp_malloc_pool,/Users/swchen.tw/git/percepio/poc/runs/tcp-workload-matrix-v1/A03-baseline/build/memp.o,
by_pc,2147500850,21,441,882,903,21,21,168,0,231,do_memp_malloc_pool,/Users/swchen.tw/git/percepio/poc/runs/tcp-workload-matrix-v1/A03-baseline/build/memp.o,
by_pc,2147500852,21,68,136,157,21,21,8,18,0,do_memp_malloc_pool,/Users/swchen.tw/git/percepio/poc/runs/tcp-workload-matrix-v1/A03-baseline/build/memp.o,
by_pc,2147500854,21,146,292,313,21,21,32,72,0,do_memp_malloc_pool,/Users/swchen.tw/git/percepio/poc/runs/tcp-workload-matrix-v1/A03-baseline/build/memp.o,
by_pc,2147500858,21,21,42,63,21,0,0,0,0,do_memp_malloc_pool,/Users/swchen.tw/git/percepio/poc/runs/tcp-workload-matrix-v1/A03-baseline/build/memp.o,
by_pc,2147500860,21,441,882,903,21,21,168,0,231,do_memp_malloc_pool,/Users/swchen.tw/git/percepio/poc/runs/tcp-workload-matrix-v1/A03-baseline/build/memp.o,
by_pc,2147500864,21,108,216,237,21,21,48,18,0,do_memp_malloc_pool,/Users/swchen.tw/git/percepio/poc/runs/tcp-workload-matrix-v1/A03-baseline/build/memp.o,
by_pc,2147500866,21,42,84,105,21,21,0,0,0,do_memp_malloc_pool,/Users/swchen.tw/git/percepio/poc/runs/tcp-workload-matrix-v1/A03-baseline/build/memp.o,
by_pc,2147500870,21,42,84,105,21,21,0,0,0,do_memp_malloc_pool,/Users/swchen.tw/git/percepio/poc/runs/tcp-workload-matrix-v1/A03-baseline/build/memp.o,
by_pc,2147500874,21,21,42,63,21,0,0,0,0,do_memp_malloc_pool,/Users/swchen.tw/git/percepio/poc/runs/tcp-workload-matrix-v1/A03-baseline/build/memp.o,
by_pc,2147500878,4,84,168,172,4,4,32,0,44,do_memp_malloc_pool,/Users/swchen.tw/git/percepio/poc/runs/tcp-workload-matrix-v1/A03-baseline/build/memp.o,
by_pc,2147500882,4,4,8,12,4,0,0,0,0,do_memp_malloc_pool,/Users/swchen.tw/git/percepio/poc/runs/tcp-workload-matrix-v1/A03-baseline/build/memp.o,
by_pc,2147504214,2,2,4,6,2,0,0,0,0,tcp_alloc,/Users/swchen.tw/git/percepio/poc/runs/tcp-workload-matrix-v1/A03-baseline/build/tcp.o,
by_pc,2147504216,2,2,4,6,2,0,0,0,0,tcp_alloc,/Users/swchen.tw/git/percepio/poc/runs/tcp-workload-matrix-v1/A03-baseline/build/tcp.o,
by_pc,2147504392,2,28,56,58,2,0,8,18,0,tcp_alloc,/Users/swchen.tw/git/percepio/poc/runs/tcp-workload-matrix-v1/A03-baseline/build/tcp.o,
by_pc,2147504394,2,2,4,6,2,0,0,0,0,tcp_alloc,/Users/swchen.tw/git/percepio/poc/runs/tcp-workload-matrix-v1/A03-baseline/build/tcp.o,
by_pc,2147504398,2,2,4,6,2,0,0,0,0,tcp_alloc,/Users/swchen.tw/git/percepio/poc/runs/tcp-workload-matrix-v1/A03-baseline/build/tcp.o,
by_pc,2147504400,2,2,4,6,2,0,0,0,0,tcp_alloc,/Users/swchen.tw/git/percepio/poc/runs/tcp-workload-matrix-v1/A03-baseline/build/tcp.o,
by_pc,2147520098,16,74,148,164,16,0,40,18,0,memset,/Users/swchen.tw/git/percepio/poc/.tools/xpack-riscv-none-elf-gcc-15.2.0-1/bin/../lib/gcc/riscv-none-elf/15.2.0/../../../../riscv-none-elf/lib/libg_nano.a(libc_a-memset.o),
by_pc,2147520100,16,16,32,48,16,0,0,0,0,memset,/Users/swchen.tw/git/percepio/poc/.tools/xpack-riscv-none-elf-gcc-15.2.0-1/bin/../lib/gcc/riscv-none-elf/15.2.0/../../../../riscv-none-elf/lib/libg_nano.a(libc_a-memset.o),
by_pc,2147520102,1010,21264,42528,43538,1010,1010,8080,54,11110,memset,/Users/swchen.tw/git/percepio/poc/.tools/xpack-riscv-none-elf-gcc-15.2.0-1/bin/../lib/gcc/riscv-none-elf/15.2.0/../../../../riscv-none-elf/lib/libg_nano.a(libc_a-memset.o),
by_pc,2147520106,1010,1010,2020,3030,1010,0,0,0,0,memset,/Users/swchen.tw/git/percepio/poc/.tools/xpack-riscv-none-elf-gcc-15.2.0-1/bin/../lib/gcc/riscv-none-elf/15.2.0/../../../../riscv-none-elf/lib/libg_nano.a(libc_a-memset.o),
by_pc,2147520108,1010,1010,2020,3030,1010,0,0,0,0,memset,/Users/swchen.tw/git/percepio/poc/.tools/xpack-riscv-none-elf-gcc-15.2.0-1/bin/../lib/gcc/riscv-none-elf/15.2.0/../../../../riscv-none-elf/lib/libg_nano.a(libc_a-memset.o),
by_pc,2147520110,1010,1010,2020,3030,1010,0,0,0,0,memset,/Users/swchen.tw/git/percepio/poc/.tools/xpack-riscv-none-elf-gcc-15.2.0-1/bin/../lib/gcc/riscv-none-elf/15.2.0/../../../../riscv-none-elf/lib/libg_nano.a(libc_a-memset.o),
by_pc,2147520112,16,16,32,48,16,0,0,0,0,memset,/Users/swchen.tw/git/percepio/poc/.tools/xpack-riscv-none-elf-gcc-15.2.0-1/bin/../lib/gcc/riscv-none-elf/15.2.0/../../../../riscv-none-elf/lib/libg_nano.a(libc_a-memset.o),
by_pc,2147504404,2,2,4,6,2,0,0,0,0,tcp_alloc,/Users/swchen.tw/git/percepio/poc/runs/tcp-workload-matrix-v1/A03-baseline/build/tcp.o,
by_pc,2147504406,2,2,4,6,2,0,0,0,0,tcp_alloc,/Users/swchen.tw/git/percepio/poc/runs/tcp-workload-matrix-v1/A03-baseline/build/tcp.o,
by_pc,2147504410,2,42,84,86,2,2,16,0,22,tcp_alloc,/Users/swchen.tw/git/percepio/poc/runs/tcp-workload-matrix-v1/A03-baseline/build/tcp.o,
by_pc,2147504414,2,2,4,6,2,0,0,0,0,tcp_alloc,/Users/swchen.tw/git/percepio/poc/runs/tcp-workload-matrix-v1/A03-baseline/build/tcp.o,
by_pc,2147504418,2,2,4,6,2,0,0,0,0,tcp_alloc,/Users/swchen.tw/git/percepio/poc/runs/tcp-workload-matrix-v1/A03-baseline/build/tcp.o,
by_pc,2147504422,2,42,84,86,2,2,16,0,22,tcp_alloc,/Users/swchen.tw/git/percepio/poc/runs/tcp-workload-matrix-v1/A03-baseline/build/tcp.o,
by_pc,2147504424,2,2,4,6,2,0,0,0,0,tcp_alloc,/Users/swchen.tw/git/percepio/poc/runs/tcp-workload-matrix-v1/A03-baseline/build/tcp.o,
by_pc,2147504426,2,42,84,86,2,2,16,0,22,tcp_alloc,/Users/swchen.tw/git/percepio/poc/runs/tcp-workload-matrix-v1/A03-baseline/build/tcp.o,
by_pc,2147504430,2,2,4,6,2,0,0,0,0,tcp_alloc,/Users/swchen.tw/git/percepio/poc/runs/tcp-workload-matrix-v1/A03-baseline/build/tcp.o,
by_pc,2147504432,2,42,84,86,2,2,16,0,22,tcp_alloc,/Users/swchen.tw/git/percepio/poc/runs/tcp-workload-matrix-v1/A03-baseline/build/tcp.o,
by_pc,2147504436,2,42,84,86,2,2,16,0,22,tcp_alloc,/Users/swchen.tw/git/percepio/poc/runs/tcp-workload-matrix-v1/A03-baseline/build/tcp.o,
by_pc,2147504440,2,2,4,6,2,0,0,0,0,tcp_alloc,/Users/swchen.tw/git/percepio/poc/runs/tcp-workload-matrix-v1/A03-baseline/build/tcp.o,
by_pc,2147504444,2,2,4,6,2,0,0,0,0,tcp_alloc,/Users/swchen.tw/git/percepio/poc/runs/tcp-workload-matrix-v1/A03-baseline/build/tcp.o,
by_pc,2147504446,2,42,84,86,2,2,16,0,22,tcp_alloc,/Users/swchen.tw/git/percepio/poc/runs/tcp-workload-matrix-v1/A03-baseline/build/tcp.o,
by_pc,2147504448,2,30,60,62,2,2,8,18,0,tcp_alloc,/Users/swchen.tw/git/percepio/poc/runs/tcp-workload-matrix-v1/A03-baseline/build/tcp.o,
by_pc,2147504452,2,2,4,6,2,0,0,0,0,tcp_alloc,/Users/swchen.tw/git/percepio/poc/runs/tcp-workload-matrix-v1/A03-baseline/build/tcp.o,
by_pc,2147504454,2,42,84,86,2,2,16,0,22,tcp_alloc,/Users/swchen.tw/git/percepio/poc/runs/tcp-workload-matrix-v1/A03-baseline/build/tcp.o,
by_pc,2147504458,2,42,84,86,2,2,16,0,22,tcp_alloc,/Users/swchen.tw/git/percepio/poc/runs/tcp-workload-matrix-v1/A03-baseline/build/tcp.o,
by_pc,2147504460,2,4,8,10,2,2,0,0,0,tcp_alloc,/Users/swchen.tw/git/percepio/poc/runs/tcp-workload-matrix-v1/A03-baseline/build/tcp.o,
by_pc,2147504464,2,42,84,86,2,2,16,0,22,tcp_alloc,/Users/swchen.tw/git/percepio/poc/runs/tcp-workload-matrix-v1/A03-baseline/build/tcp.o,
by_pc,2147504468,2,2,4,6,2,0,0,0,0,tcp_alloc,/Users/swchen.tw/git/percepio/poc/runs/tcp-workload-matrix-v1/A03-baseline/build/tcp.o,
by_pc,2147504472,2,2,4,6,2,0,0,0,0,tcp_alloc,/Users/swchen.tw/git/percepio/poc/runs/tcp-workload-matrix-v1/A03-baseline/build/tcp.o,
by_pc,2147504474,2,42,84,86,2,2,16,0,22,tcp_alloc,/Users/swchen.tw/git/percepio/poc/runs/tcp-workload-matrix-v1/A03-baseline/build/tcp.o,
by_pc,2147504476,2,2,4,6,2,0,0,0,0,tcp_alloc,/Users/swchen.tw/git/percepio/poc/runs/tcp-workload-matrix-v1/A03-baseline/build/tcp.o,
by_pc,2147504480,2,2,4,6,2,0,0,0,0,tcp_alloc,/Users/swchen.tw/git/percepio/poc/runs/tcp-workload-matrix-v1/A03-baseline/build/tcp.o,
by_pc,2147504484,2,42,84,86,2,2,16,0,22,tcp_alloc,/Users/swchen.tw/git/percepio/poc/runs/tcp-workload-matrix-v1/A03-baseline/build/tcp.o,
by_pc,2147504488,2,2,4,6,2,0,0,0,0,tcp_alloc,/Users/swchen.tw/git/percepio/poc/runs/tcp-workload-matrix-v1/A03-baseline/build/tcp.o,
by_pc,2147504492,2,2,4,6,2,0,0,0,0,tcp_alloc,/Users/swchen.tw/git/percepio/poc/runs/tcp-workload-matrix-v1/A03-baseline/build/tcp.o,
by_pc,2147504496,2,42,84,86,2,2,16,0,22,tcp_alloc,/Users/swchen.tw/git/percepio/poc/runs/tcp-workload-matrix-v1/A03-baseline/build/tcp.o,
by_pc,2147504500,2,4,8,10,2,2,0,0,0,tcp_alloc,/Users/swchen.tw/git/percepio/poc/runs/tcp-workload-matrix-v1/A03-baseline/build/tcp.o,
by_pc,2147504502,2,4,8,10,2,2,0,0,0,tcp_alloc,/Users/swchen.tw/git/percepio/poc/runs/tcp-workload-matrix-v1/A03-baseline/build/tcp.o,
by_pc,2147504504,2,4,8,10,2,2,0,0,0,tcp_alloc,/Users/swchen.tw/git/percepio/poc/runs/tcp-workload-matrix-v1/A03-baseline/build/tcp.o,
by_pc,2147504506,2,4,8,10,2,2,0,0,0,tcp_alloc,/Users/swchen.tw/git/percepio/poc/runs/tcp-workload-matrix-v1/A03-baseline/build/tcp.o,
by_pc,2147504508,2,2,4,6,2,0,0,0,0,tcp_alloc,/Users/swchen.tw/git/percepio/poc/runs/tcp-workload-matrix-v1/A03-baseline/build/tcp.o,
by_pc,2147504510,2,2,4,6,2,0,0,0,0,tcp_alloc,/Users/swchen.tw/git/percepio/poc/runs/tcp-workload-matrix-v1/A03-baseline/build/tcp.o,
by_pc,2147504512,2,28,56,58,2,0,8,18,0,tcp_alloc,/Users/swchen.tw/git/percepio/poc/runs/tcp-workload-matrix-v1/A03-baseline/build/tcp.o,
by_pc,2147497070,1,1,2,3,1,0,0,0,0,session_task,/Users/swchen.tw/git/percepio/poc/runs/tcp-workload-matrix-v1/A03-baseline/build/tcp_request_response_irq.o,
by_pc,2147497072,1,1,2,3,1,0,0,0,0,session_task,/Users/swchen.tw/git/percepio/poc/runs/tcp-workload-matrix-v1/A03-baseline/build/tcp_request_response_irq.o,
by_pc,2147497090,1,27,54,55,1,0,8,18,0,session_task,/Users/swchen.tw/git/percepio/poc/runs/tcp-workload-matrix-v1/A03-baseline/build/tcp_request_response_irq.o,
by_pc,2147497094,1,1,2,3,1,0,0,0,0,session_task,/Users/swchen.tw/git/percepio/poc/runs/tcp-workload-matrix-v1/A03-baseline/build/tcp_request_response_irq.o,
by_pc,2147497098,1,1,2,3,1,0,0,0,0,session_task,/Users/swchen.tw/git/percepio/poc/runs/tcp-workload-matrix-v1/A03-baseline/build/tcp_request_response_irq.o,
by_pc,2147497100,1,1,2,3,1,0,0,0,0,session_task,/Users/swchen.tw/git/percepio/poc/runs/tcp-workload-matrix-v1/A03-baseline/build/tcp_request_response_irq.o,
by_pc,2147502850,1,27,54,55,1,0,8,18,0,tcp_bind,/Users/swchen.tw/git/percepio/poc/runs/tcp-workload-matrix-v1/A03-baseline/build/tcp.o,
by_pc,2147502852,1,21,42,43,1,1,8,0,11,tcp_bind,/Users/swchen.tw/git/percepio/poc/runs/tcp-workload-matrix-v1/A03-baseline/build/tcp.o,
by_pc,2147502854,1,21,42,43,1,1,8,0,11,tcp_bind,/Users/swchen.tw/git/percepio/poc/runs/tcp-workload-matrix-v1/A03-baseline/build/tcp.o,
by_pc,2147502856,1,1,2,3,1,0,0,0,0,tcp_bind,/Users/swchen.tw/git/percepio/poc/runs/tcp-workload-matrix-v1/A03-baseline/build/tcp.o,
by_pc,2147502858,1,1,2,3,1,0,0,0,0,tcp_bind,/Users/swchen.tw/git/percepio/poc/runs/tcp-workload-matrix-v1/A03-baseline/build/tcp.o,
by_pc,2147502864,1,1,2,3,1,0,0,0,0,tcp_bind,/Users/swchen.tw/git/percepio/poc/runs/tcp-workload-matrix-v1/A03-baseline/build/tcp.o,
by_pc,2147502866,1,1,2,3,1,0,0,0,0,tcp_bind,/Users/swchen.tw/git/percepio/poc/runs/tcp-workload-matrix-v1/A03-baseline/build/tcp.o,
by_pc,2147502868,1,2,4,5,1,1,0,0,0,tcp_bind,/Users/swchen.tw/git/percepio/poc/runs/tcp-workload-matrix-v1/A03-baseline/build/tcp.o,
by_pc,2147502870,1,1,2,3,1,0,0,0,0,tcp_bind,/Users/swchen.tw/git/percepio/poc/runs/tcp-workload-matrix-v1/A03-baseline/build/tcp.o,
by_pc,2147502872,1,1,2,3,1,0,0,0,0,tcp_bind,/Users/swchen.tw/git/percepio/poc/runs/tcp-workload-matrix-v1/A03-baseline/build/tcp.o,
by_pc,2147502874,1,1,2,3,1,0,0,0,0,tcp_bind,/Users/swchen.tw/git/percepio/poc/runs/tcp-workload-matrix-v1/A03-baseline/build/tcp.o,
by_pc,2147502898,1,1,2,3,1,0,0,0,0,tcp_bind,/Users/swchen.tw/git/percepio/poc/runs/tcp-workload-matrix-v1/A03-baseline/build/tcp.o,
by_pc,2147502902,1,1,2,3,1,0,0,0,0,tcp_bind,/Users/swchen.tw/git/percepio/poc/runs/tcp-workload-matrix-v1/A03-baseline/build/tcp.o,
by_pc,2147502906,1,1,2,3,1,0,0,0,0,tcp_bind,/Users/swchen.tw/git/percepio/poc/runs/tcp-workload-matrix-v1/A03-baseline/build/tcp.o,
by_pc,2147502910,1,28,56,57,2,0,8,18,0,tcp_bind,/Users/swchen.tw/git/percepio/poc/runs/tcp-workload-matrix-v1/A03-baseline/build/tcp.o,
by_pc,2147502914,4,8,16,20,4,4,0,0,0,tcp_bind,/Users/swchen.tw/git/percepio/poc/runs/tcp-workload-matrix-v1/A03-baseline/build/tcp.o,
by_pc,2147502916,4,8,16,20,4,4,0,0,0,tcp_bind,/Users/swchen.tw/git/percepio/poc/runs/tcp-workload-matrix-v1/A03-baseline/build/tcp.o,
by_pc,2147502918,4,4,8,12,4,0,0,0,0,tcp_bind,/Users/swchen.tw/git/percepio/poc/runs/tcp-workload-matrix-v1/A03-baseline/build/tcp.o,
by_pc,2147502920,4,4,8,12,4,0,0,0,0,tcp_bind,/Users/swchen.tw/git/percepio/poc/runs/tcp-workload-matrix-v1/A03-baseline/build/tcp.o,
by_pc,2147502922,4,4,8,12,4,0,0,0,0,tcp_bind,/Users/swchen.tw/git/percepio/poc/runs/tcp-workload-matrix-v1/A03-baseline/build/tcp.o,
by_pc,2147502926,1,28,56,57,1,1,8,18,0,tcp_bind,/Users/swchen.tw/git/percepio/poc/runs/tcp-workload-matrix-v1/A03-baseline/build/tcp.o,
by_pc,2147502928,1,1,2,3,1,0,0,0,0,tcp_bind,/Users/swchen.tw/git/percepio/poc/runs/tcp-workload-matrix-v1/A03-baseline/build/tcp.o,
by_pc,2147502932,1,1,2,3,1,0,0,0,0,tcp_bind,/Users/swchen.tw/git/percepio/poc/runs/tcp-workload-matrix-v1/A03-baseline/build/tcp.o,
by_pc,2147502936,1,2,4,5,1,1,0,0,0,tcp_bind,/Users/swchen.tw/git/percepio/poc/runs/tcp-workload-matrix-v1/A03-baseline/build/tcp.o,
by_pc,2147502938,1,21,42,43,1,1,8,0,11,tcp_bind,/Users/swchen.tw/git/percepio/poc/runs/tcp-workload-matrix-v1/A03-baseline/build/tcp.o,
by_pc,2147502942,1,21,42,43,1,1,8,0,11,tcp_bind,/Users/swchen.tw/git/percepio/poc/runs/tcp-workload-matrix-v1/A03-baseline/build/tcp.o,
by_pc,2147502944,1,21,42,43,1,1,8,0,11,tcp_bind,/Users/swchen.tw/git/percepio/poc/runs/tcp-workload-matrix-v1/A03-baseline/build/tcp.o,
by_pc,2147502946,1,1,2,3,1,0,0,0,0,tcp_bind,/Users/swchen.tw/git/percepio/poc/runs/tcp-workload-matrix-v1/A03-baseline/build/tcp.o,
by_pc,2147516870,3,37,74,77,3,0,16,18,0,tcp_timer_needed,/Users/swchen.tw/git/percepio/poc/runs/tcp-workload-matrix-v1/A03-baseline/build/timeouts.o,
by_pc,2147502950,1,1,2,3,1,0,0,0,0,tcp_bind,/Users/swchen.tw/git/percepio/poc/runs/tcp-workload-matrix-v1/A03-baseline/build/tcp.o,
by_pc,2147502952,1,1,2,3,1,0,0,0,0,tcp_bind,/Users/swchen.tw/git/percepio/poc/runs/tcp-workload-matrix-v1/A03-baseline/build/tcp.o,
by_pc,2147502890,1,2,4,5,1,1,0,0,0,tcp_bind,/Users/swchen.tw/git/percepio/poc/runs/tcp-workload-matrix-v1/A03-baseline/build/tcp.o,
by_pc,2147502892,1,2,4,5,1,1,0,0,0,tcp_bind,/Users/swchen.tw/git/percepio/poc/runs/tcp-workload-matrix-v1/A03-baseline/build/tcp.o,
by_pc,2147502894,1,1,2,3,1,0,0,0,0,tcp_bind,/Users/swchen.tw/git/percepio/poc/runs/tcp-workload-matrix-v1/A03-baseline/build/tcp.o,
by_pc,2147502896,1,1,2,3,1,0,0,0,0,tcp_bind,/Users/swchen.tw/git/percepio/poc/runs/tcp-workload-matrix-v1/A03-baseline/build/tcp.o,
by_pc,2147497104,1,1,2,3,1,0,0,0,0,session_task,/Users/swchen.tw/git/percepio/poc/runs/tcp-workload-matrix-v1/A03-baseline/build/tcp_request_response_irq.o,
by_pc,2147497122,1,1,2,3,1,0,0,0,0,session_task,/Users/swchen.tw/git/percepio/poc/runs/tcp-workload-matrix-v1/A03-baseline/build/tcp_request_response_irq.o,
by_pc,2147497126,1,1,2,3,1,0,0,0,0,session_task,/Users/swchen.tw/git/percepio/poc/runs/tcp-workload-matrix-v1/A03-baseline/build/tcp_request_response_irq.o,
by_pc,2147497128,1,1,2,3,1,0,0,0,0,session_task,/Users/swchen.tw/git/percepio/poc/runs/tcp-workload-matrix-v1/A03-baseline/build/tcp_request_response_irq.o,
by_pc,2147503180,1,27,54,55,1,0,8,18,0,tcp_listen_with_backlog,/Users/swchen.tw/git/percepio/poc/runs/tcp-workload-matrix-v1/A03-baseline/build/tcp.o,
by_pc,2147503182,1,1,2,3,1,0,0,0,0,tcp_listen_with_backlog,/Users/swchen.tw/git/percepio/poc/runs/tcp-workload-matrix-v1/A03-baseline/build/tcp.o,
by_pc,2147502982,1,27,54,55,1,0,8,18,0,tcp_listen_with_backlog_and_err,/Users/swchen.tw/git/percepio/poc/runs/tcp-workload-matrix-v1/A03-baseline/build/tcp.o,
by_pc,2147502984,1,21,42,43,1,1,8,0,11,tcp_listen_with_backlog_and_err,/Users/swchen.tw/git/percepio/poc/runs/tcp-workload-matrix-v1/A03-baseline/build/tcp.o,
by_pc,2147502986,1,21,42,43,1,1,8,0,11,tcp_listen_with_backlog_and_err,/Users/swchen.tw/git/percepio/poc/runs/tcp-workload-matrix-v1/A03-baseline/build/tcp.o,
by_pc,2147502988,1,21,42,43,1,1,8,0,11,tcp_listen_with_backlog_and_err,/Users/swchen.tw/git/percepio/poc/runs/tcp-workload-matrix-v1/A03-baseline/build/tcp.o,
by_pc,2147502990,1,21,42,43,1,1,8,0,11,tcp_listen_with_backlog_and_err,/Users/swchen.tw/git/percepio/poc/runs/tcp-workload-matrix-v1/A03-baseline/build/tcp.o,
by_pc,2147502992,1,1,2,3,1,0,0,0,0,tcp_listen_with_backlog_and_err,/Users/swchen.tw/git/percepio/poc/runs/tcp-workload-matrix-v1/A03-baseline/build/tcp.o,
by_pc,2147502994,1,1,2,3,1,0,0,0,0,tcp_listen_with_backlog_and_err,/Users/swchen.tw/git/percepio/poc/runs/tcp-workload-matrix-v1/A03-baseline/build/tcp.o,
by_pc,2147502996,1,2,4,5,1,1,0,0,0,tcp_listen_with_backlog_and_err,/Users/swchen.tw/git/percepio/poc/runs/tcp-workload-matrix-v1/A03-baseline/build/tcp.o,
by_pc,2147502998,1,1,2,3,1,0,0,0,0,tcp_listen_with_backlog_and_err,/Users/swchen.tw/git/percepio/poc/runs/tcp-workload-matrix-v1/A03-baseline/build/tcp.o,
by_pc,2147503000,1,1,2,3,1,0,0,0,0,tcp_listen_with_backlog_and_err,/Users/swchen.tw/git/percepio/poc/runs/tcp-workload-matrix-v1/A03-baseline/build/tcp.o,
by_pc,2147503002,1,1,2,3,1,0,0,0,0,tcp_listen_with_backlog_and_err,/Users/swchen.tw/git/percepio/poc/runs/tcp-workload-matrix-v1/A03-baseline/build/tcp.o,
by_pc,2147503004,1,1,2,3,1,0,0,0,0,tcp_listen_with_backlog_and_err,/Users/swchen.tw/git/percepio/poc/runs/tcp-workload-matrix-v1/A03-baseline/build/tcp.o,
by_pc,2147503008,1,1,2,3,1,0,0,0,0,tcp_listen_with_backlog_and_err,/Users/swchen.tw/git/percepio/poc/runs/tcp-workload-matrix-v1/A03-baseline/build/tcp.o,
by_pc,2147503010,1,1,2,3,1,0,0,0,0,tcp_listen_with_backlog_and_err,/Users/swchen.tw/git/percepio/poc/runs/tcp-workload-matrix-v1/A03-baseline/build/tcp.o,
by_pc,2147503012,1,1,2,3,1,0,0,0,0,tcp_listen_with_backlog_and_err,/Users/swchen.tw/git/percepio/poc/runs/tcp-workload-matrix-v1/A03-baseline/build/tcp.o,
by_pc,2147503014,1,2,4,5,1,1,0,0,0,tcp_listen_with_backlog_and_err,/Users/swchen.tw/git/percepio/poc/runs/tcp-workload-matrix-v1/A03-baseline/build/tcp.o,
by_pc,2147503016,1,21,42,43,1,1,8,0,11,tcp_listen_with_backlog_and_err,/Users/swchen.tw/git/percepio/poc/runs/tcp-workload-matrix-v1/A03-baseline/build/tcp.o,
by_pc,2147503018,1,2,4,5,1,1,0,0,0,tcp_listen_with_backlog_and_err,/Users/swchen.tw/git/percepio/poc/runs/tcp-workload-matrix-v1/A03-baseline/build/tcp.o,
by_pc,2147503022,1,21,42,43,1,1,8,0,11,tcp_listen_with_backlog_and_err,/Users/swchen.tw/git/percepio/poc/runs/tcp-workload-matrix-v1/A03-baseline/build/tcp.o,
by_pc,2147503026,1,1,2,3,1,0,0,0,0,tcp_listen_with_backlog_and_err,/Users/swchen.tw/git/percepio/poc/runs/tcp-workload-matrix-v1/A03-baseline/build/tcp.o,
by_pc,2147503028,1,21,42,43,1,1,8,0,11,tcp_listen_with_backlog_and_err,/Users/swchen.tw/git/percepio/poc/runs/tcp-workload-matrix-v1/A03-baseline/build/tcp.o,
by_pc,2147503030,1,2,4,5,1,1,0,0,0,tcp_listen_with_backlog_and_err,/Users/swchen.tw/git/percepio/poc/runs/tcp-workload-matrix-v1/A03-baseline/build/tcp.o,
by_pc,2147503034,1,21,42,43,1,1,8,0,11,tcp_listen_with_backlog_and_err,/Users/swchen.tw/git/percepio/poc/runs/tcp-workload-matrix-v1/A03-baseline/build/tcp.o,
by_pc,2147503038,1,29,58,59,2,1,8,18,0,tcp_listen_with_backlog_and_err,/Users/swchen.tw/git/percepio/poc/runs/tcp-workload-matrix-v1/A03-baseline/build/tcp.o,
by_pc,2147503042,1,21,42,43,1,1,8,0,11,tcp_listen_with_backlog_and_err,/Users/swchen.tw/git/percepio/poc/runs/tcp-workload-matrix-v1/A03-baseline/build/tcp.o,
by_pc,2147503046,1,2,4,5,1,1,0,0,0,tcp_listen_with_backlog_and_err,/Users/swchen.tw/git/percepio/poc/runs/tcp-workload-matrix-v1/A03-baseline/build/tcp.o,
by_pc,2147503050,1,21,42,43,1,1,8,0,11,tcp_listen_with_backlog_and_err,/Users/swchen.tw/git/percepio/poc/runs/tcp-workload-matrix-v1/A03-baseline/build/tcp.o,
by_pc,2147503054,1,2,4,5,1,1,0,0,0,tcp_listen_with_backlog_and_err,/Users/swchen.tw/git/percepio/poc/runs/tcp-workload-matrix-v1/A03-baseline/build/tcp.o,
by_pc,2147503058,1,21,42,43,1,1,8,0,11,tcp_listen_with_backlog_and_err,/Users/swchen.tw/git/percepio/poc/runs/tcp-workload-matrix-v1/A03-baseline/build/tcp.o,
by_pc,2147503062,1,2,4,5,1,1,0,0,0,tcp_listen_with_backlog_and_err,/Users/swchen.tw/git/percepio/poc/runs/tcp-workload-matrix-v1/A03-baseline/build/tcp.o,
by_pc,2147503066,1,21,42,43,1,1,8,0,11,tcp_listen_with_backlog_and_err,/Users/swchen.tw/git/percepio/poc/runs/tcp-workload-matrix-v1/A03-baseline/build/tcp.o,
by_pc,2147503070,1,2,4,5,1,1,0,0,0,tcp_listen_with_backlog_and_err,/Users/swchen.tw/git/percepio/poc/runs/tcp-workload-matrix-v1/A03-baseline/build/tcp.o,
by_pc,2147503072,1,21,42,43,1,1,8,0,11,tcp_listen_with_backlog_and_err,/Users/swchen.tw/git/percepio/poc/runs/tcp-workload-matrix-v1/A03-baseline/build/tcp.o,
by_pc,2147503074,1,2,4,5,1,1,0,0,0,tcp_listen_with_backlog_and_err,/Users/swchen.tw/git/percepio/poc/runs/tcp-workload-matrix-v1/A03-baseline/build/tcp.o,
by_pc,2147503078,1,1,2,3,1,0,0,0,0,tcp_listen_with_backlog_and_err,/Users/swchen.tw/git/percepio/poc/runs/tcp-workload-matrix-v1/A03-baseline/build/tcp.o,
by_pc,2147503080,1,1,2,3,1,0,0,0,0,tcp_listen_with_backlog_and_err,/Users/swchen.tw/git/percepio/poc/runs/tcp-workload-matrix-v1/A03-baseline/build/tcp.o,
by_pc,2147503084,1,2,4,5,1,1,0,0,0,tcp_listen_with_backlog_and_err,/Users/swchen.tw/git/percepio/poc/runs/tcp-workload-matrix-v1/A03-baseline/build/tcp.o,
by_pc,2147503086,1,1,2,3,1,0,0,0,0,tcp_listen_with_backlog_and_err,/Users/swchen.tw/git/percepio/poc/runs/tcp-workload-matrix-v1/A03-baseline/build/tcp.o,
by_pc,2147503090,1,2,4,5,1,1,0,0,0,tcp_listen_with_backlog_and_err,/Users/swchen.tw/git/percepio/poc/runs/tcp-workload-matrix-v1/A03-baseline/build/tcp.o,
by_pc,2147503092,1,21,42,43,1,1,8,0,11,tcp_listen_with_backlog_and_err,/Users/swchen.tw/git/percepio/poc/runs/tcp-workload-matrix-v1/A03-baseline/build/tcp.o,
by_pc,2147503094,1,21,42,43,1,1,8,0,11,tcp_listen_with_backlog_and_err,/Users/swchen.tw/git/percepio/poc/runs/tcp-workload-matrix-v1/A03-baseline/build/tcp.o,
by_pc,2147503098,1,1,2,3,1,0,0,0,0,tcp_listen_with_backlog_and_err,/Users/swchen.tw/git/percepio/poc/runs/tcp-workload-matrix-v1/A03-baseline/build/tcp.o,
by_pc,2147503100,1,1,2,3,1,0,0,0,0,tcp_listen_with_backlog_and_err,/Users/swchen.tw/git/percepio/poc/runs/tcp-workload-matrix-v1/A03-baseline/build/tcp.o,
by_pc,2147502842,2,28,56,58,2,0,8,18,0,tcp_free,/Users/swchen.tw/git/percepio/poc/runs/tcp-workload-matrix-v1/A03-baseline/build/tcp.o,
by_pc,2147502844,2,2,4,6,2,0,0,0,0,tcp_free,/Users/swchen.tw/git/percepio/poc/runs/tcp-workload-matrix-v1/A03-baseline/build/tcp.o,
by_pc,2147502846,2,30,60,62,4,0,8,18,0,tcp_free,/Users/swchen.tw/git/percepio/poc/runs/tcp-workload-matrix-v1/A03-baseline/build/tcp.o,
by_pc,2147501044,21,29,58,79,21,0,8,0,0,memp_free,/Users/swchen.tw/git/percepio/poc/runs/tcp-workload-matrix-v1/A03-baseline/build/memp.o,
by_pc,2147501046,21,21,42,63,21,0,0,0,0,memp_free,/Users/swchen.tw/git/percepio/poc/runs/tcp-workload-matrix-v1/A03-baseline/build/memp.o,
by_pc,2147501050,21,21,42,63,21,0,0,0,0,memp_free,/Users/swchen.tw/git/percepio/poc/runs/tcp-workload-matrix-v1/A03-baseline/build/memp.o,
by_pc,2147501052,21,21,42,63,21,0,0,0,0,memp_free,/Users/swchen.tw/git/percepio/poc/runs/tcp-workload-matrix-v1/A03-baseline/build/memp.o,
by_pc,2147501054,21,148,296,317,42,0,88,18,0,memp_free,/Users/swchen.tw/git/percepio/poc/runs/tcp-workload-matrix-v1/A03-baseline/build/memp.o,
by_pc,2147501058,21,21,42,63,21,0,0,0,0,memp_free,/Users/swchen.tw/git/percepio/poc/runs/tcp-workload-matrix-v1/A03-baseline/build/memp.o,
by_pc,2147501062,21,21,42,63,21,0,0,0,0,memp_free,/Users/swchen.tw/git/percepio/poc/runs/tcp-workload-matrix-v1/A03-baseline/build/memp.o,
by_pc,2147501064,21,50,100,121,21,21,8,0,0,memp_free,/Users/swchen.tw/git/percepio/poc/runs/tcp-workload-matrix-v1/A03-baseline/build/memp.o,
by_pc,2147501066,21,50,100,121,21,21,8,0,0,memp_free,/Users/swchen.tw/git/percepio/poc/runs/tcp-workload-matrix-v1/A03-baseline/build/memp.o,
by_pc,2147501068,21,84,168,189,21,21,24,18,0,memp_free,/Users/swchen.tw/git/percepio/poc/runs/tcp-workload-matrix-v1/A03-baseline/build/memp.o,
by_pc,2147501072,21,21,42,63,21,0,0,0,0,memp_free,/Users/swchen.tw/git/percepio/poc/runs/tcp-workload-matrix-v1/A03-baseline/build/memp.o,
by_pc,2147501074,21,441,882,903,21,21,168,0,231,memp_free,/Users/swchen.tw/git/percepio/poc/runs/tcp-workload-matrix-v1/A03-baseline/build/memp.o,
by_pc,2147501078,21,42,84,105,21,21,0,0,0,memp_free,/Users/swchen.tw/git/percepio/poc/runs/tcp-workload-matrix-v1/A03-baseline/build/memp.o,
by_pc,2147501080,21,42,84,105,21,21,0,0,0,memp_free,/Users/swchen.tw/git/percepio/poc/runs/tcp-workload-matrix-v1/A03-baseline/build/memp.o,
by_pc,2147501082,21,441,882,903,21,21,168,0,231,memp_free,/Users/swchen.tw/git/percepio/poc/runs/tcp-workload-matrix-v1/A03-baseline/build/memp.o,
by_pc,2147501084,21,42,84,105,21,21,0,0,0,memp_free,/Users/swchen.tw/git/percepio/poc/runs/tcp-workload-matrix-v1/A03-baseline/build/memp.o,
by_pc,2147501086,21,441,882,903,21,21,168,0,231,memp_free,/Users/swchen.tw/git/percepio/poc/runs/tcp-workload-matrix-v1/A03-baseline/build/memp.o,
by_pc,2147501088,21,21,42,63,21,0,0,0,0,memp_free,/Users/swchen.tw/git/percepio/poc/runs/tcp-workload-matrix-v1/A03-baseline/build/memp.o,
by_pc,2147503104,1,27,54,55,1,0,8,18,0,tcp_listen_with_backlog_and_err,/Users/swchen.tw/git/percepio/poc/runs/tcp-workload-matrix-v1/A03-baseline/build/tcp.o,
by_pc,2147503108,1,1,2,3,1,0,0,0,0,tcp_listen_with_backlog_and_err,/Users/swchen.tw/git/percepio/poc/runs/tcp-workload-matrix-v1/A03-baseline/build/tcp.o,
by_pc,2147503112,1,21,42,43,1,1,8,0,11,tcp_listen_with_backlog_and_err,/Users/swchen.tw/git/percepio/poc/runs/tcp-workload-matrix-v1/A03-baseline/build/tcp.o,
by_pc,2147503114,1,1,2,3,1,0,0,0,0,tcp_listen_with_backlog_and_err,/Users/swchen.tw/git/percepio/poc/runs/tcp-workload-matrix-v1/A03-baseline/build/tcp.o,
by_pc,2147503118,1,2,4,5,1,1,0,0,0,tcp_listen_with_backlog_and_err,/Users/swchen.tw/git/percepio/poc/runs/tcp-workload-matrix-v1/A03-baseline/build/tcp.o,
by_pc,2147503120,1,21,42,43,1,1,8,0,11,tcp_listen_with_backlog_and_err,/Users/swchen.tw/git/percepio/poc/runs/tcp-workload-matrix-v1/A03-baseline/build/tcp.o,
by_pc,2147503122,1,21,42,43,1,1,8,0,11,tcp_listen_with_backlog_and_err,/Users/swchen.tw/git/percepio/poc/runs/tcp-workload-matrix-v1/A03-baseline/build/tcp.o,
by_pc,2147503124,1,1,2,3,1,0,0,0,0,tcp_listen_with_backlog_and_err,/Users/swchen.tw/git/percepio/poc/runs/tcp-workload-matrix-v1/A03-baseline/build/tcp.o,
by_pc,2147503128,1,1,2,3,1,0,0,0,0,tcp_listen_with_backlog_and_err,/Users/swchen.tw/git/percepio/poc/runs/tcp-workload-matrix-v1/A03-baseline/build/tcp.o,
by_pc,2147503130,1,1,2,3,1,0,0,0,0,tcp_listen_with_backlog_and_err,/Users/swchen.tw/git/percepio/poc/runs/tcp-workload-matrix-v1/A03-baseline/build/tcp.o,
by_pc,2147503138,1,2,4,5,1,1,0,0,0,tcp_listen_with_backlog_and_err,/Users/swchen.tw/git/percepio/poc/runs/tcp-workload-matrix-v1/A03-baseline/build/tcp.o,
by_pc,2147503140,1,1,2,3,1,0,0,0,0,tcp_listen_with_backlog_and_err,/Users/swchen.tw/git/percepio/poc/runs/tcp-workload-matrix-v1/A03-baseline/build/tcp.o,
by_pc,2147503142,1,2,4,5,1,1,0,0,0,tcp_listen_with_backlog_and_err,/Users/swchen.tw/git/percepio/poc/runs/tcp-workload-matrix-v1/A03-baseline/build/tcp.o,
by_pc,2147503144,1,2,4,5,1,1,0,0,0,tcp_listen_with_backlog_and_err,/Users/swchen.tw/git/percepio/poc/runs/tcp-workload-matrix-v1/A03-baseline/build/tcp.o,
by_pc,2147503146,1,2,4,5,1,1,0,0,0,tcp_listen_with_backlog_and_err,/Users/swchen.tw/git/percepio/poc/runs/tcp-workload-matrix-v1/A03-baseline/build/tcp.o,
by_pc,2147503148,1,1,2,3,1,0,0,0,0,tcp_listen_with_backlog_and_err,/Users/swchen.tw/git/percepio/poc/runs/tcp-workload-matrix-v1/A03-baseline/build/tcp.o,
by_pc,2147503150,1,1,2,3,1,0,0,0,0,tcp_listen_with_backlog_and_err,/Users/swchen.tw/git/percepio/poc/runs/tcp-workload-matrix-v1/A03-baseline/build/tcp.o,
by_pc,2147497132,1,21,42,43,1,1,8,0,11,session_task,/Users/swchen.tw/git/percepio/poc/runs/tcp-workload-matrix-v1/A03-baseline/build/tcp_request_response_irq.o,
by_pc,2147497134,1,1,2,3,1,0,0,0,0,session_task,/Users/swchen.tw/git/percepio/poc/runs/tcp-workload-matrix-v1/A03-baseline/build/tcp_request_response_irq.o,
by_pc,2147497152,1,28,56,57,1,1,8,18,0,session_task,/Users/swchen.tw/git/percepio/poc/runs/tcp-workload-matrix-v1/A03-baseline/build/tcp_request_response_irq.o,
by_pc,2147497154,1,1,2,3,1,0,0,0,0,session_task,/Users/swchen.tw/git/percepio/poc/runs/tcp-workload-matrix-v1/A03-baseline/build/tcp_request_response_irq.o,
by_pc,2147497158,1,1,2,3,1,0,0,0,0,session_task,/Users/swchen.tw/git/percepio/poc/runs/tcp-workload-matrix-v1/A03-baseline/build/tcp_request_response_irq.o,
by_pc,2147497162,1,1,2,3,1,0,0,0,0,session_task,/Users/swchen.tw/git/percepio/poc/runs/tcp-workload-matrix-v1/A03-baseline/build/tcp_request_response_irq.o,
by_pc,2147497166,1,1,2,3,1,0,0,0,0,session_task,/Users/swchen.tw/git/percepio/poc/runs/tcp-workload-matrix-v1/A03-baseline/build/tcp_request_response_irq.o,
by_pc,2147503466,1,27,54,55,1,0,8,18,0,tcp_accept,/Users/swchen.tw/git/percepio/poc/runs/tcp-workload-matrix-v1/A03-baseline/build/tcp.o,
by_pc,2147503468,1,2,4,5,1,1,0,0,0,tcp_accept,/Users/swchen.tw/git/percepio/poc/runs/tcp-workload-matrix-v1/A03-baseline/build/tcp.o,
by_pc,2147503470,1,1,2,3,1,0,0,0,0,tcp_accept,/Users/swchen.tw/git/percepio/poc/runs/tcp-workload-matrix-v1/A03-baseline/build/tcp.o,
by_pc,2147503472,1,1,2,3,1,0,0,0,0,tcp_accept,/Users/swchen.tw/git/percepio/poc/runs/tcp-workload-matrix-v1/A03-baseline/build/tcp.o,
by_pc,2147503476,1,21,42,43,1,1,8,0,11,tcp_accept,/Users/swchen.tw/git/percepio/poc/runs/tcp-workload-matrix-v1/A03-baseline/build/tcp.o,
by_pc,2147503478,1,1,2,3,1,0,0,0,0,tcp_accept,/Users/swchen.tw/git/percepio/poc/runs/tcp-workload-matrix-v1/A03-baseline/build/tcp.o,
by_pc,2147497170,1,1,2,3,1,0,0,0,0,session_task,/Users/swchen.tw/git/percepio/poc/runs/tcp-workload-matrix-v1/A03-baseline/build/tcp_request_response_irq.o,
by_pc,2147497172,1,1,2,3,1,0,0,0,0,session_task,/Users/swchen.tw/git/percepio/poc/runs/tcp-workload-matrix-v1/A03-baseline/build/tcp_request_response_irq.o,
by_pc,2147497176,1,1,2,3,1,0,0,0,0,session_task,/Users/swchen.tw/git/percepio/poc/runs/tcp-workload-matrix-v1/A03-baseline/build/tcp_request_response_irq.o,
by_pc,2147497180,1,1,2,3,1,0,0,0,0,session_task,/Users/swchen.tw/git/percepio/poc/runs/tcp-workload-matrix-v1/A03-baseline/build/tcp_request_response_irq.o,
by_pc,2147496076,27,61,122,149,27,0,16,18,0,phase,/Users/swchen.tw/git/percepio/poc/runs/tcp-workload-matrix-v1/A03-baseline/build/tcp_request_response_irq.o,
by_pc,2147496078,27,567,1134,1161,27,27,216,0,297,phase,/Users/swchen.tw/git/percepio/poc/runs/tcp-workload-matrix-v1/A03-baseline/build/tcp_request_response_irq.o,
by_pc,2147496080,27,567,1134,1161,27,27,216,0,297,phase,/Users/swchen.tw/git/percepio/poc/runs/tcp-workload-matrix-v1/A03-baseline/build/tcp_request_response_irq.o,
by_pc,2147496082,27,567,1134,1161,27,27,216,0,297,phase,/Users/swchen.tw/git/percepio/poc/runs/tcp-workload-matrix-v1/A03-baseline/build/tcp_request_response_irq.o,
by_pc,2147496084,27,567,1134,1161,27,27,216,0,297,phase,/Users/swchen.tw/git/percepio/poc/runs/tcp-workload-matrix-v1/A03-baseline/build/tcp_request_response_irq.o,
by_pc,2147496086,27,27,54,81,27,0,0,0,0,phase,/Users/swchen.tw/git/percepio/poc/runs/tcp-workload-matrix-v1/A03-baseline/build/tcp_request_response_irq.o,
by_pc,2147496088,27,27,54,81,27,0,0,0,0,phase,/Users/swchen.tw/git/percepio/poc/runs/tcp-workload-matrix-v1/A03-baseline/build/tcp_request_response_irq.o,
by_pc,2147496092,27,27,54,81,27,0,0,0,0,phase,/Users/swchen.tw/git/percepio/poc/runs/tcp-workload-matrix-v1/A03-baseline/build/tcp_request_response_irq.o,
by_pc,2147496096,27,27,54,81,27,0,0,0,0,phase,/Users/swchen.tw/git/percepio/poc/runs/tcp-workload-matrix-v1/A03-baseline/build/tcp_request_response_irq.o,
by_pc,2147496098,27,27,54,81,27,0,0,0,0,phase,/Users/swchen.tw/git/percepio/poc/runs/tcp-workload-matrix-v1/A03-baseline/build/tcp_request_response_irq.o,
by_pc,2147496072,27,27,54,81,27,0,0,0,0,z0_stack_end,/Users/swchen.tw/git/percepio/poc/runs/tcp-workload-matrix-v1/A03-baseline/build/tcp_request_response_irq.o,
by_pc,2147496074,27,27,54,81,27,0,0,0,0,z0_stack_end,/Users/swchen.tw/git/percepio/poc/runs/tcp-workload-matrix-v1/A03-baseline/build/tcp_request_response_irq.o,
by_pc,2147496102,27,54,108,135,27,27,0,0,0,phase,/Users/swchen.tw/git/percepio/poc/runs/tcp-workload-matrix-v1/A03-baseline/build/tcp_request_response_irq.o,
by_pc,2147496104,27,27,54,81,27,0,0,0,0,phase,/Users/swchen.tw/git/percepio/poc/runs/tcp-workload-matrix-v1/A03-baseline/build/tcp_request_response_irq.o,
by_pc,2147496108,27,27,54,81,27,0,0,0,0,phase,/Users/swchen.tw/git/percepio/poc/runs/tcp-workload-matrix-v1/A03-baseline/build/tcp_request_response_irq.o,
by_pc,2147496128,27,80,160,187,27,27,8,18,0,phase,/Users/swchen.tw/git/percepio/poc/runs/tcp-workload-matrix-v1/A03-baseline/build/tcp_request_response_irq.o,
by_pc,2147496130,27,54,108,135,27,27,0,0,0,phase,/Users/swchen.tw/git/percepio/poc/runs/tcp-workload-matrix-v1/A03-baseline/build/tcp_request_response_irq.o,
by_pc,2147496134,27,27,54,81,27,0,0,0,0,phase,/Users/swchen.tw/git/percepio/poc/runs/tcp-workload-matrix-v1/A03-baseline/build/tcp_request_response_irq.o,
by_pc,2147496138,27,567,1134,1161,27,27,216,0,297,phase,/Users/swchen.tw/git/percepio/poc/runs/tcp-workload-matrix-v1/A03-baseline/build/tcp_request_response_irq.o,
by_pc,2147496140,27,27,54,81,27,0,0,0,0,phase,/Users/swchen.tw/git/percepio/poc/runs/tcp-workload-matrix-v1/A03-baseline/build/tcp_request_response_irq.o,
by_pc,2147496142,27,27,54,81,27,0,0,0,0,phase,/Users/swchen.tw/git/percepio/poc/runs/tcp-workload-matrix-v1/A03-baseline/build/tcp_request_response_irq.o,
by_pc,2147496146,27,27,54,81,27,0,0,0,0,phase,/Users/swchen.tw/git/percepio/poc/runs/tcp-workload-matrix-v1/A03-baseline/build/tcp_request_response_irq.o,
by_pc,2147496150,27,27,54,81,27,0,0,0,0,phase,/Users/swchen.tw/git/percepio/poc/runs/tcp-workload-matrix-v1/A03-baseline/build/tcp_request_response_irq.o,
by_pc,2147496154,27,27,54,81,27,0,0,0,0,phase,/Users/swchen.tw/git/percepio/poc/runs/tcp-workload-matrix-v1/A03-baseline/build/tcp_request_response_irq.o,
by_pc,2147496156,27,621,1242,1269,27,27,216,54,297,phase,/Users/swchen.tw/git/percepio/poc/runs/tcp-workload-matrix-v1/A03-baseline/build/tcp_request_response_irq.o,
by_pc,2147496160,27,603,1206,1233,27,27,216,36,297,phase,/Users/swchen.tw/git/percepio/poc/runs/tcp-workload-matrix-v1/A03-baseline/build/tcp_request_response_irq.o,
by_pc,2147496162,27,585,1170,1197,27,27,216,18,297,phase,/Users/swchen.tw/git/percepio/poc/runs/tcp-workload-matrix-v1/A03-baseline/build/tcp_request_response_irq.o,
by_pc,2147496164,27,54,108,135,27,27,0,0,0,phase,/Users/swchen.tw/git/percepio/poc/runs/tcp-workload-matrix-v1/A03-baseline/build/tcp_request_response_irq.o,
by_pc,2147496166,27,54,108,135,27,27,0,0,0,phase,/Users/swchen.tw/git/percepio/poc/runs/tcp-workload-matrix-v1/A03-baseline/build/tcp_request_response_irq.o,
by_pc,2147496168,27,54,108,135,27,27,0,0,0,phase,/Users/swchen.tw/git/percepio/poc/runs/tcp-workload-matrix-v1/A03-baseline/build/tcp_request_response_irq.o,
by_pc,2147496170,27,54,108,135,27,27,0,0,0,phase,/Users/swchen.tw/git/percepio/poc/runs/tcp-workload-matrix-v1/A03-baseline/build/tcp_request_response_irq.o,
by_pc,2147496172,27,27,54,81,27,0,0,0,0,phase,/Users/swchen.tw/git/percepio/poc/runs/tcp-workload-matrix-v1/A03-baseline/build/tcp_request_response_irq.o,
by_pc,2147496174,27,27,54,81,27,0,0,0,0,phase,/Users/swchen.tw/git/percepio/poc/runs/tcp-workload-matrix-v1/A03-baseline/build/tcp_request_response_irq.o,
by_pc,2147497184,1,1,2,3,1,0,0,0,0,session_task,/Users/swchen.tw/git/percepio/poc/runs/tcp-workload-matrix-v1/A03-baseline/build/tcp_request_response_irq.o,
by_pc,2147497188,1,1,2,3,1,0,0,0,0,session_task,/Users/swchen.tw/git/percepio/poc/runs/tcp-workload-matrix-v1/A03-baseline/build/tcp_request_response_irq.o,
by_pc,2147497192,1,1,2,3,1,0,0,0,0,session_task,/Users/swchen.tw/git/percepio/poc/runs/tcp-workload-matrix-v1/A03-baseline/build/tcp_request_response_irq.o,
by_pc,2147497194,1,1,2,3,1,0,0,0,0,session_task,/Users/swchen.tw/git/percepio/poc/runs/tcp-workload-matrix-v1/A03-baseline/build/tcp_request_response_irq.o,
by_pc,2147497196,1,1,2,3,1,0,0,0,0,session_task,/Users/swchen.tw/git/percepio/poc/runs/tcp-workload-matrix-v1/A03-baseline/build/tcp_request_response_irq.o,
by_pc,2147497198,1,1,2,3,1,0,0,0,0,session_task,/Users/swchen.tw/git/percepio/poc/runs/tcp-workload-matrix-v1/A03-baseline/build/tcp_request_response_irq.o,
by_pc,2147497200,1,1,2,3,1,0,0,0,0,session_task,/Users/swchen.tw/git/percepio/poc/runs/tcp-workload-matrix-v1/A03-baseline/build/tcp_request_response_irq.o,
by_pc,2147497204,1,1,2,3,1,0,0,0,0,session_task,/Users/swchen.tw/git/percepio/poc/runs/tcp-workload-matrix-v1/A03-baseline/build/tcp_request_response_irq.o,
by_pc,2147496176,14,14,28,42,14,0,0,0,0,inject,/Users/swchen.tw/git/percepio/poc/runs/tcp-workload-matrix-v1/A03-baseline/build/tcp_request_response_irq.o,
by_pc,2147496178,14,294,588,602,14,14,112,0,154,inject,/Users/swchen.tw/git/percepio/poc/runs/tcp-workload-matrix-v1/A03-baseline/build/tcp_request_response_irq.o,
by_pc,2147496180,14,14,28,42,14,0,0,0,0,inject,/Users/swchen.tw/git/percepio/poc/runs/tcp-workload-matrix-v1/A03-baseline/build/tcp_request_response_irq.o,
by_pc,2147496184,14,294,588,602,14,14,112,0,154,inject,/Users/swchen.tw/git/percepio/poc/runs/tcp-workload-matrix-v1/A03-baseline/build/tcp_request_response_irq.o,
by_pc,2147496186,14,14,28,42,14,0,0,0,0,inject,/Users/swchen.tw/git/percepio/poc/runs/tcp-workload-matrix-v1/A03-baseline/build/tcp_request_response_irq.o,
by_pc,2147496190,14,70,140,154,28,0,24,18,0,inject,/Users/swchen.tw/git/percepio/poc/runs/tcp-workload-matrix-v1/A03-baseline/build/tcp_request_response_irq.o,
by_pc,2147496194,14,14,28,42,14,0,0,0,0,inject,/Users/swchen.tw/git/percepio/poc/runs/tcp-workload-matrix-v1/A03-baseline/build/tcp_request_response_irq.o,
by_pc,2147496198,14,312,624,638,14,14,112,18,154,inject,/Users/swchen.tw/git/percepio/poc/runs/tcp-workload-matrix-v1/A03-baseline/build/tcp_request_response_irq.o,
by_pc,2147496200,14,14,28,42,14,0,0,0,0,inject,/Users/swchen.tw/git/percepio/poc/runs/tcp-workload-matrix-v1/A03-baseline/build/tcp_request_response_irq.o,
by_pc,2147496202,14,14,28,42,14,0,0,0,0,inject,/Users/swchen.tw/git/percepio/poc/runs/tcp-workload-matrix-v1/A03-baseline/build/tcp_request_response_irq.o,
by_pc,2147496204,14,14,28,42,14,0,0,0,0,inject,/Users/swchen.tw/git/percepio/poc/runs/tcp-workload-matrix-v1/A03-baseline/build/tcp_request_response_irq.o,
by_pc,2147496208,14,14,28,42,14,0,0,0,0,inject,/Users/swchen.tw/git/percepio/poc/runs/tcp-workload-matrix-v1/A03-baseline/build/tcp_request_response_irq.o,
by_pc,2147496210,14,14,28,42,14,0,0,0,0,inject,/Users/swchen.tw/git/percepio/poc/runs/tcp-workload-matrix-v1/A03-baseline/build/tcp_request_response_irq.o,
by_pc,2147496212,14,294,588,602,14,14,112,0,154,inject,/Users/swchen.tw/git/percepio/poc/runs/tcp-workload-matrix-v1/A03-baseline/build/tcp_request_response_irq.o,
by_pc,2147496214,14,294,588,602,14,14,112,0,154,inject,/Users/swchen.tw/git/percepio/poc/runs/tcp-workload-matrix-v1/A03-baseline/build/tcp_request_response_irq.o,
by_pc,2147496216,14,14,28,42,14,0,0,0,0,inject,/Users/swchen.tw/git/percepio/poc/runs/tcp-workload-matrix-v1/A03-baseline/build/tcp_request_response_irq.o,
by_pc,2147496218,14,14,28,42,14,0,0,0,0,inject,/Users/swchen.tw/git/percepio/poc/runs/tcp-workload-matrix-v1/A03-baseline/build/tcp_request_response_irq.o,
by_pc,2147496220,14,14,28,42,14,0,0,0,0,inject,/Users/swchen.tw/git/percepio/poc/runs/tcp-workload-matrix-v1/A03-baseline/build/tcp_request_response_irq.o,
by_pc,2147496224,14,14,28,42,14,0,0,0,0,inject,/Users/swchen.tw/git/percepio/poc/runs/tcp-workload-matrix-v1/A03-baseline/build/tcp_request_response_irq.o,
by_pc,2147496226,14,14,28,42,14,0,0,0,0,inject,/Users/swchen.tw/git/percepio/poc/runs/tcp-workload-matrix-v1/A03-baseline/build/tcp_request_response_irq.o,
by_pc,2147496228,14,294,588,602,14,14,112,0,154,inject,/Users/swchen.tw/git/percepio/poc/runs/tcp-workload-matrix-v1/A03-baseline/build/tcp_request_response_irq.o,
by_pc,2147496230,14,294,588,602,14,14,112,0,154,inject,/Users/swchen.tw/git/percepio/poc/runs/tcp-workload-matrix-v1/A03-baseline/build/tcp_request_response_irq.o,
by_pc,2147496232,14,294,588,602,14,14,112,0,154,inject,/Users/swchen.tw/git/percepio/poc/runs/tcp-workload-matrix-v1/A03-baseline/build/tcp_request_response_irq.o,
by_pc,2147496234,14,294,588,602,14,14,112,0,154,inject,/Users/swchen.tw/git/percepio/poc/runs/tcp-workload-matrix-v1/A03-baseline/build/tcp_request_response_irq.o,
by_pc,2147496236,14,294,588,602,14,14,112,0,154,inject,/Users/swchen.tw/git/percepio/poc/runs/tcp-workload-matrix-v1/A03-baseline/build/tcp_request_response_irq.o,
by_pc,2147496238,14,294,588,602,14,14,112,0,154,inject,/Users/swchen.tw/git/percepio/poc/runs/tcp-workload-matrix-v1/A03-baseline/build/tcp_request_response_irq.o,
by_pc,2147496240,14,294,588,602,14,14,112,0,154,inject,/Users/swchen.tw/git/percepio/poc/runs/tcp-workload-matrix-v1/A03-baseline/build/tcp_request_response_irq.o,
by_pc,2147496242,14,14,28,42,14,0,0,0,0,inject,/Users/swchen.tw/git/percepio/poc/runs/tcp-workload-matrix-v1/A03-baseline/build/tcp_request_response_irq.o,
by_pc,2147496244,14,14,28,42,14,0,0,0,0,inject,/Users/swchen.tw/git/percepio/poc/runs/tcp-workload-matrix-v1/A03-baseline/build/tcp_request_response_irq.o,
by_pc,2147496246,14,14,28,42,14,0,0,0,0,inject,/Users/swchen.tw/git/percepio/poc/runs/tcp-workload-matrix-v1/A03-baseline/build/tcp_request_response_irq.o,
by_pc,2147496248,14,14,28,42,14,0,0,0,0,inject,/Users/swchen.tw/git/percepio/poc/runs/tcp-workload-matrix-v1/A03-baseline/build/tcp_request_response_irq.o,
by_pc,2147501810,33,59,118,151,33,0,8,18,0,pbuf_alloc,/Users/swchen.tw/git/percepio/poc/runs/tcp-workload-matrix-v1/A03-baseline/build/pbuf.o,
by_pc,2147501812,33,693,1386,1419,33,33,264,0,363,pbuf_alloc,/Users/swchen.tw/git/percepio/poc/runs/tcp-workload-matrix-v1/A03-baseline/build/pbuf.o,
by_pc,2147501814,33,693,1386,1419,33,33,264,0,363,pbuf_alloc,/Users/swchen.tw/git/percepio/poc/runs/tcp-workload-matrix-v1/A03-baseline/build/pbuf.o,
by_pc,2147501816,33,33,66,99,33,0,0,0,0,pbuf_alloc,/Users/swchen.tw/git/percepio/poc/runs/tcp-workload-matrix-v1/A03-baseline/build/pbuf.o,
by_pc,2147501820,33,693,1386,1419,33,33,264,0,363,pbuf_alloc,/Users/swchen.tw/git/percepio/poc/runs/tcp-workload-matrix-v1/A03-baseline/build/pbuf.o,
by_pc,2147501822,33,693,1386,1419,33,33,264,0,363,pbuf_alloc,/Users/swchen.tw/git/percepio/poc/runs/tcp-workload-matrix-v1/A03-baseline/build/pbuf.o,
by_pc,2147501824,33,799,1598,1631,33,33,352,18,363,pbuf_alloc,/Users/swchen.tw/git/percepio/poc/runs/tcp-workload-matrix-v1/A03-baseline/build/pbuf.o,
by_pc,2147501826,33,693,1386,1419,33,33,264,0,363,pbuf_alloc,/Users/swchen.tw/git/percepio/poc/runs/tcp-workload-matrix-v1/A03-baseline/build/pbuf.o,
by_pc,2147501828,33,693,1386,1419,33,33,264,0,363,pbuf_alloc,/Users/swchen.tw/git/percepio/poc/runs/tcp-workload-matrix-v1/A03-baseline/build/pbuf.o,
by_pc,2147501830,33,33,66,99,33,0,0,0,0,pbuf_alloc,/Users/swchen.tw/git/percepio/poc/runs/tcp-workload-matrix-v1/A03-baseline/build/pbuf.o,
by_pc,2147501834,33,33,66,99,33,0,0,0,0,pbuf_alloc,/Users/swchen.tw/git/percepio/poc/runs/tcp-workload-matrix-v1/A03-baseline/build/pbuf.o,
by_pc,2147501836,33,33,66,99,33,0,0,0,0,pbuf_alloc,/Users/swchen.tw/git/percepio/poc/runs/tcp-workload-matrix-v1/A03-baseline/build/pbuf.o,
by_pc,2147501838,33,33,66,99,33,0,0,0,0,pbuf_alloc,/Users/swchen.tw/git/percepio/poc/runs/tcp-workload-matrix-v1/A03-baseline/build/pbuf.o,
by_pc,2147501842,33,33,66,99,33,0,0,0,0,pbuf_alloc,/Users/swchen.tw/git/percepio/poc/runs/tcp-workload-matrix-v1/A03-baseline/build/pbuf.o,
by_pc,2147501878,25,25,50,75,25,0,0,0,0,pbuf_alloc,/Users/swchen.tw/git/percepio/poc/runs/tcp-workload-matrix-v1/A03-baseline/build/pbuf.o,
by_pc,2147501882,25,25,50,75,25,0,0,0,0,pbuf_alloc,/Users/swchen.tw/git/percepio/poc/runs/tcp-workload-matrix-v1/A03-baseline/build/pbuf.o,
by_pc,2147502018,25,171,342,367,25,0,128,18,0,pbuf_alloc,/Users/swchen.tw/git/percepio/poc/runs/tcp-workload-matrix-v1/A03-baseline/build/pbuf.o,
by_pc,2147502022,25,25,50,75,25,0,0,0,0,pbuf_alloc,/Users/swchen.tw/git/percepio/poc/runs/tcp-workload-matrix-v1/A03-baseline/build/pbuf.o,
by_pc,2147502024,25,25,50,75,25,0,0,0,0,pbuf_alloc,/Users/swchen.tw/git/percepio/poc/runs/tcp-workload-matrix-v1/A03-baseline/build/pbuf.o,
by_pc,2147502026,25,25,50,75,25,0,0,0,0,pbuf_alloc,/Users/swchen.tw/git/percepio/poc/runs/tcp-workload-matrix-v1/A03-baseline/build/pbuf.o,
by_pc,2147502030,25,25,50,75,25,0,0,0,0,pbuf_alloc,/Users/swchen.tw/git/percepio/poc/runs/tcp-workload-matrix-v1/A03-baseline/build/pbuf.o,
by_pc,2147502032,25,25,50,75,25,0,0,0,0,pbuf_alloc,/Users/swchen.tw/git/percepio/poc/runs/tcp-workload-matrix-v1/A03-baseline/build/pbuf.o,
by_pc,2147502034,25,25,50,75,25,0,0,0,0,pbuf_alloc,/Users/swchen.tw/git/percepio/poc/runs/tcp-workload-matrix-v1/A03-baseline/build/pbuf.o,
by_pc,2147502036,25,25,50,75,25,0,0,0,0,pbuf_alloc,/Users/swchen.tw/git/percepio/poc/runs/tcp-workload-matrix-v1/A03-baseline/build/pbuf.o,
by_pc,2147502042,25,25,50,75,25,0,0,0,0,pbuf_alloc,/Users/swchen.tw/git/percepio/poc/runs/tcp-workload-matrix-v1/A03-baseline/build/pbuf.o,
by_pc,2147502044,25,25,50,75,25,0,0,0,0,pbuf_alloc,/Users/swchen.tw/git/percepio/poc/runs/tcp-workload-matrix-v1/A03-baseline/build/pbuf.o,
by_pc,2147502046,25,25,50,75,25,0,0,0,0,pbuf_alloc,/Users/swchen.tw/git/percepio/poc/runs/tcp-workload-matrix-v1/A03-baseline/build/pbuf.o,
by_pc,2147502050,25,25,50,75,25,0,0,0,0,pbuf_alloc,/Users/swchen.tw/git/percepio/poc/runs/tcp-workload-matrix-v1/A03-baseline/build/pbuf.o,
by_pc,2147500540,25,163,326,351,25,0,120,18,0,mem_malloc,/Users/swchen.tw/git/percepio/poc/runs/tcp-workload-matrix-v1/A03-baseline/build/mem.o,
by_pc,2147500542,25,25,50,75,25,0,0,0,0,mem_malloc,/Users/swchen.tw/git/percepio/poc/runs/tcp-workload-matrix-v1/A03-baseline/build/mem.o,
by_pc,2147500544,25,163,326,351,25,0,120,18,0,mem_malloc,/Users/swchen.tw/git/percepio/poc/runs/tcp-workload-matrix-v1/A03-baseline/build/mem.o,
by_pc,2147500548,25,25,50,75,25,0,0,0,0,mem_malloc,/Users/swchen.tw/git/percepio/poc/runs/tcp-workload-matrix-v1/A03-baseline/build/mem.o,
by_pc,2147500550,25,25,50,75,25,0,0,0,0,mem_malloc,/Users/swchen.tw/git/percepio/poc/runs/tcp-workload-matrix-v1/A03-baseline/build/mem.o,
by_pc,2147500560,25,25,50,75,25,0,0,0,0,mem_malloc,/Users/swchen.tw/git/percepio/poc/runs/tcp-workload-matrix-v1/A03-baseline/build/mem.o,
by_pc,2147500564,25,50,100,125,25,25,0,0,0,mem_malloc,/Users/swchen.tw/git/percepio/poc/runs/tcp-workload-matrix-v1/A03-baseline/build/mem.o,
by_pc,2147500568,25,50,100,125,25,25,0,0,0,mem_malloc,/Users/swchen.tw/git/percepio/poc/runs/tcp-workload-matrix-v1/A03-baseline/build/mem.o,
by_pc,2147500572,25,25,50,75,25,0,0,0,0,mem_malloc,/Users/swchen.tw/git/percepio/poc/runs/tcp-workload-matrix-v1/A03-baseline/build/mem.o,
by_pc,2147500574,25,25,50,75,25,0,0,0,0,mem_malloc,/Users/swchen.tw/git/percepio/poc/runs/tcp-workload-matrix-v1/A03-baseline/build/mem.o,
by_pc,2147500578,25,25,50,75,25,0,0,0,0,mem_malloc,/Users/swchen.tw/git/percepio/poc/runs/tcp-workload-matrix-v1/A03-baseline/build/mem.o,
by_pc,2147500582,25,25,50,75,25,0,0,0,0,mem_malloc,/Users/swchen.tw/git/percepio/poc/runs/tcp-workload-matrix-v1/A03-baseline/build/mem.o,
by_pc,2147500584,25,25,50,75,25,0,0,0,0,mem_malloc,/Users/swchen.tw/git/percepio/poc/runs/tcp-workload-matrix-v1/A03-baseline/build/mem.o,
by_pc,2147500586,25,25,50,75,25,0,0,0,0,mem_malloc,/Users/swchen.tw/git/percepio/poc/runs/tcp-workload-matrix-v1/A03-baseline/build/mem.o,
by_pc,2147500588,25,25,50,75,25,0,0,0,0,mem_malloc,/Users/swchen.tw/git/percepio/poc/runs/tcp-workload-matrix-v1/A03-baseline/build/mem.o,
by_pc,2147500612,25,51,102,127,25,0,8,18,0,mem_malloc,/Users/swchen.tw/git/percepio/poc/runs/tcp-workload-matrix-v1/A03-baseline/build/mem.o,
by_pc,2147500616,25,76,152,177,25,25,8,18,0,mem_malloc,/Users/swchen.tw/git/percepio/poc/runs/tcp-workload-matrix-v1/A03-baseline/build/mem.o,
by_pc,2147500620,25,76,152,177,25,25,8,18,0,mem_malloc,/Users/swchen.tw/git/percepio/poc/runs/tcp-workload-matrix-v1/A03-baseline/build/mem.o,
by_pc,2147500624,25,25,50,75,25,0,0,0,0,mem_malloc,/Users/swchen.tw/git/percepio/poc/runs/tcp-workload-matrix-v1/A03-baseline/build/mem.o,
by_pc,2147500628,25,25,50,75,25,0,0,0,0,mem_malloc,/Users/swchen.tw/git/percepio/poc/runs/tcp-workload-matrix-v1/A03-baseline/build/mem.o,
by_pc,2147500632,25,25,50,75,25,0,0,0,0,mem_malloc,/Users/swchen.tw/git/percepio/poc/runs/tcp-workload-matrix-v1/A03-baseline/build/mem.o,
by_pc,2147500634,25,25,50,75,25,0,0,0,0,mem_malloc,/Users/swchen.tw/git/percepio/poc/runs/tcp-workload-matrix-v1/A03-baseline/build/mem.o,
by_pc,2147500638,25,25,50,75,25,0,0,0,0,mem_malloc,/Users/swchen.tw/git/percepio/poc/runs/tcp-workload-matrix-v1/A03-baseline/build/mem.o,
by_pc,2147500642,25,25,50,75,25,0,0,0,0,mem_malloc,/Users/swchen.tw/git/percepio/poc/runs/tcp-workload-matrix-v1/A03-baseline/build/mem.o,
by_pc,2147500646,24,24,48,72,24,0,0,0,0,mem_malloc,/Users/swchen.tw/git/percepio/poc/runs/tcp-workload-matrix-v1/A03-baseline/build/mem.o,
by_pc,2147500650,24,24,48,72,24,0,0,0,0,mem_malloc,/Users/swchen.tw/git/percepio/poc/runs/tcp-workload-matrix-v1/A03-baseline/build/mem.o,
by_pc,2147500652,24,24,48,72,24,0,0,0,0,mem_malloc,/Users/swchen.tw/git/percepio/poc/runs/tcp-workload-matrix-v1/A03-baseline/build/mem.o,
by_pc,2147500654,24,24,48,72,24,0,0,0,0,mem_malloc,/Users/swchen.tw/git/percepio/poc/runs/tcp-workload-matrix-v1/A03-baseline/build/mem.o,
by_pc,2147500656,24,24,48,72,24,0,0,0,0,mem_malloc,/Users/swchen.tw/git/percepio/poc/runs/tcp-workload-matrix-v1/A03-baseline/build/mem.o,
by_pc,2147500660,24,540,1080,1104,24,24,192,36,264,mem_malloc,/Users/swchen.tw/git/percepio/poc/runs/tcp-workload-matrix-v1/A03-baseline/build/mem.o,
by_pc,2147500664,24,48,96,120,24,24,0,0,0,mem_malloc,/Users/swchen.tw/git/percepio/poc/runs/tcp-workload-matrix-v1/A03-baseline/build/mem.o,
by_pc,2147500668,24,504,1008,1032,24,24,192,0,264,mem_malloc,/Users/swchen.tw/git/percepio/poc/runs/tcp-workload-matrix-v1/A03-baseline/build/mem.o,
by_pc,2147500672,24,50,100,124,24,0,8,18,0,mem_malloc,/Users/swchen.tw/git/percepio/poc/runs/tcp-workload-matrix-v1/A03-baseline/build/mem.o,
by_pc,2147500674,24,504,1008,1032,24,24,192,0,264,mem_malloc,/Users/swchen.tw/git/percepio/poc/runs/tcp-workload-matrix-v1/A03-baseline/build/mem.o,
by_pc,2147500678,24,504,1008,1032,24,24,192,0,264,mem_malloc,/Users/swchen.tw/git/percepio/poc/runs/tcp-workload-matrix-v1/A03-baseline/build/mem.o,
by_pc,2147500682,24,504,1008,1032,24,24,192,0,264,mem_malloc,/Users/swchen.tw/git/percepio/poc/runs/tcp-workload-matrix-v1/A03-baseline/build/mem.o,
by_pc,2147500686,24,48,96,120,24,24,0,0,0,mem_malloc,/Users/swchen.tw/git/percepio/poc/runs/tcp-workload-matrix-v1/A03-baseline/build/mem.o,
by_pc,2147500690,24,24,48,72,24,0,0,0,0,mem_malloc,/Users/swchen.tw/git/percepio/poc/runs/tcp-workload-matrix-v1/A03-baseline/build/mem.o,
by_pc,2147500700,24,24,48,72,24,0,0,0,0,mem_malloc,/Users/swchen.tw/git/percepio/poc/runs/tcp-workload-matrix-v1/A03-baseline/build/mem.o,
by_pc,2147500704,24,82,164,188,24,24,16,18,0,mem_malloc,/Users/swchen.tw/git/percepio/poc/runs/tcp-workload-matrix-v1/A03-baseline/build/mem.o,
by_pc,2147500708,24,24,48,72,24,0,0,0,0,mem_malloc,/Users/swchen.tw/git/percepio/poc/runs/tcp-workload-matrix-v1/A03-baseline/build/mem.o,
by_pc,2147500710,24,24,48,72,24,0,0,0,0,mem_malloc,/Users/swchen.tw/git/percepio/poc/runs/tcp-workload-matrix-v1/A03-baseline/build/mem.o,
by_pc,2147500712,24,24,48,72,24,0,0,0,0,mem_malloc,/Users/swchen.tw/git/percepio/poc/runs/tcp-workload-matrix-v1/A03-baseline/build/mem.o,
by_pc,2147500716,24,24,48,72,24,0,0,0,0,mem_malloc,/Users/swchen.tw/git/percepio/poc/runs/tcp-workload-matrix-v1/A03-baseline/build/mem.o,
by_pc,2147500718,24,24,48,72,24,0,0,0,0,mem_malloc,/Users/swchen.tw/git/percepio/poc/runs/tcp-workload-matrix-v1/A03-baseline/build/mem.o,
by_pc,2147500722,24,504,1008,1032,24,24,192,0,264,mem_malloc,/Users/swchen.tw/git/percepio/poc/runs/tcp-workload-matrix-v1/A03-baseline/build/mem.o,
by_pc,2147500726,24,24,48,72,24,0,0,0,0,mem_malloc,/Users/swchen.tw/git/percepio/poc/runs/tcp-workload-matrix-v1/A03-baseline/build/mem.o,
by_pc,2147500730,24,48,96,120,24,24,0,0,0,mem_malloc,/Users/swchen.tw/git/percepio/poc/runs/tcp-workload-matrix-v1/A03-baseline/build/mem.o,
by_pc,2147500734,24,74,148,172,48,0,8,18,0,mem_malloc,/Users/swchen.tw/git/percepio/poc/runs/tcp-workload-matrix-v1/A03-baseline/build/mem.o,
by_pc,2147500738,2,2,4,6,2,0,0,0,0,mem_malloc,/Users/swchen.tw/git/percepio/poc/runs/tcp-workload-matrix-v1/A03-baseline/build/mem.o,
by_pc,2147500742,2,42,84,86,2,2,16,0,22,mem_malloc,/Users/swchen.tw/git/percepio/poc/runs/tcp-workload-matrix-v1/A03-baseline/build/mem.o,
by_pc,2147500746,25,25,50,75,25,0,0,0,0,mem_malloc,/Users/swchen.tw/git/percepio/poc/runs/tcp-workload-matrix-v1/A03-baseline/build/mem.o,
by_pc,2147500750,25,50,100,125,25,25,0,0,0,mem_malloc,/Users/swchen.tw/git/percepio/poc/runs/tcp-workload-matrix-v1/A03-baseline/build/mem.o,
by_pc,2147500754,51,102,204,255,51,51,0,0,0,mem_malloc,/Users/swchen.tw/git/percepio/poc/runs/tcp-workload-matrix-v1/A03-baseline/build/mem.o,
by_pc,2147500758,51,51,102,153,51,0,0,0,0,mem_malloc,/Users/swchen.tw/git/percepio/poc/runs/tcp-workload-matrix-v1/A03-baseline/build/mem.o,
by_pc,2147500760,26,26,52,78,26,0,0,0,0,mem_malloc,/Users/swchen.tw/git/percepio/poc/runs/tcp-workload-matrix-v1/A03-baseline/build/mem.o,
by_pc,2147500828,26,52,104,130,26,26,0,0,0,mem_malloc,/Users/swchen.tw/git/percepio/poc/runs/tcp-workload-matrix-v1/A03-baseline/build/mem.o,
by_pc,2147500832,26,26,52,78,26,0,0,0,0,mem_malloc,/Users/swchen.tw/git/percepio/poc/runs/tcp-workload-matrix-v1/A03-baseline/build/mem.o,
by_pc,2147500834,26,26,52,78,26,0,0,0,0,mem_malloc,/Users/swchen.tw/git/percepio/poc/runs/tcp-workload-matrix-v1/A03-baseline/build/mem.o,
by_pc,2147500764,25,525,1050,1075,25,25,200,0,275,mem_malloc,/Users/swchen.tw/git/percepio/poc/runs/tcp-workload-matrix-v1/A03-baseline/build/mem.o,
by_pc,2147500768,25,25,50,75,25,0,0,0,0,mem_malloc,/Users/swchen.tw/git/percepio/poc/runs/tcp-workload-matrix-v1/A03-baseline/build/mem.o,
by_pc,2147500772,25,25,50,75,25,0,0,0,0,mem_malloc,/Users/swchen.tw/git/percepio/poc/runs/tcp-workload-matrix-v1/A03-baseline/build/mem.o,
by_pc,2147502054,25,25,50,75,25,0,0,0,0,pbuf_alloc,/Users/swchen.tw/git/percepio/poc/runs/tcp-workload-matrix-v1/A03-baseline/build/pbuf.o,
by_pc,2147502056,25,25,50,75,25,0,0,0,0,pbuf_alloc,/Users/swchen.tw/git/percepio/poc/runs/tcp-workload-matrix-v1/A03-baseline/build/pbuf.o,
by_pc,2147502058,25,25,50,75,25,0,0,0,0,pbuf_alloc,/Users/swchen.tw/git/percepio/poc/runs/tcp-workload-matrix-v1/A03-baseline/build/pbuf.o,
by_pc,2147502060,25,25,50,75,25,0,0,0,0,pbuf_alloc,/Users/swchen.tw/git/percepio/poc/runs/tcp-workload-matrix-v1/A03-baseline/build/pbuf.o,
by_pc,2147502062,25,25,50,75,25,0,0,0,0,pbuf_alloc,/Users/swchen.tw/git/percepio/poc/runs/tcp-workload-matrix-v1/A03-baseline/build/pbuf.o,
by_pc,2147502064,25,25,50,75,25,0,0,0,0,pbuf_alloc,/Users/swchen.tw/git/percepio/poc/runs/tcp-workload-matrix-v1/A03-baseline/build/pbuf.o,
by_pc,2147502068,25,525,1050,1075,25,25,200,0,275,pbuf_alloc,/Users/swchen.tw/git/percepio/poc/runs/tcp-workload-matrix-v1/A03-baseline/build/pbuf.o,
by_pc,2147502072,25,525,1050,1075,25,25,200,0,275,pbuf_alloc,/Users/swchen.tw/git/percepio/poc/runs/tcp-workload-matrix-v1/A03-baseline/build/pbuf.o,
by_pc,2147502074,25,525,1050,1075,25,25,200,0,275,pbuf_alloc,/Users/swchen.tw/git/percepio/poc/runs/tcp-workload-matrix-v1/A03-baseline/build/pbuf.o,
by_pc,2147502078,25,680,1360,1385,50,25,312,18,275,pbuf_alloc,/Users/swchen.tw/git/percepio/poc/runs/tcp-workload-matrix-v1/A03-baseline/build/pbuf.o,
by_pc,2147502082,25,525,1050,1075,25,25,200,0,275,pbuf_alloc,/Users/swchen.tw/git/percepio/poc/runs/tcp-workload-matrix-v1/A03-baseline/build/pbuf.o,
by_pc,2147502084,25,25,50,75,25,0,0,0,0,pbuf_alloc,/Users/swchen.tw/git/percepio/poc/runs/tcp-workload-matrix-v1/A03-baseline/build/pbuf.o,
by_pc,2147501994,25,134,268,293,25,25,48,36,0,pbuf_alloc,/Users/swchen.tw/git/percepio/poc/runs/tcp-workload-matrix-v1/A03-baseline/build/pbuf.o,
by_pc,2147501996,25,25,50,75,25,0,0,0,0,pbuf_alloc,/Users/swchen.tw/git/percepio/poc/runs/tcp-workload-matrix-v1/A03-baseline/build/pbuf.o,
by_pc,2147501998,25,50,100,125,25,25,0,0,0,pbuf_alloc,/Users/swchen.tw/git/percepio/poc/runs/tcp-workload-matrix-v1/A03-baseline/build/pbuf.o,
by_pc,2147502000,25,50,100,125,25,25,0,0,0,pbuf_alloc,/Users/swchen.tw/git/percepio/poc/runs/tcp-workload-matrix-v1/A03-baseline/build/pbuf.o,
by_pc,2147502002,25,50,100,125,25,25,0,0,0,pbuf_alloc,/Users/swchen.tw/git/percepio/poc/runs/tcp-workload-matrix-v1/A03-baseline/build/pbuf.o,
by_pc,2147502004,25,50,100,125,25,25,0,0,0,pbuf_alloc,/Users/swchen.tw/git/percepio/poc/runs/tcp-workload-matrix-v1/A03-baseline/build/pbuf.o,
by_pc,2147502006,25,50,100,125,25,25,0,0,0,pbuf_alloc,/Users/swchen.tw/git/percepio/poc/runs/tcp-workload-matrix-v1/A03-baseline/build/pbuf.o,
by_pc,2147502008,25,50,100,125,25,25,0,0,0,pbuf_alloc,/Users/swchen.tw/git/percepio/poc/runs/tcp-workload-matrix-v1/A03-baseline/build/pbuf.o,
by_pc,2147502010,25,25,50,75,25,0,0,0,0,pbuf_alloc,/Users/swchen.tw/git/percepio/poc/runs/tcp-workload-matrix-v1/A03-baseline/build/pbuf.o,
by_pc,2147502012,25,25,50,75,25,0,0,0,0,pbuf_alloc,/Users/swchen.tw/git/percepio/poc/runs/tcp-workload-matrix-v1/A03-baseline/build/pbuf.o,
by_pc,2147496252,14,14,28,42,14,0,0,0,0,inject,/Users/swchen.tw/git/percepio/poc/runs/tcp-workload-matrix-v1/A03-baseline/build/tcp_request_response_irq.o,
by_pc,2147496254,14,14,28,42,14,0,0,0,0,inject,/Users/swchen.tw/git/percepio/poc/runs/tcp-workload-matrix-v1/A03-baseline/build/tcp_request_response_irq.o,
by_pc,2147496256,14,48,96,110,14,0,16,18,0,inject,/Users/swchen.tw/git/percepio/poc/runs/tcp-workload-matrix-v1/A03-baseline/build/tcp_request_response_irq.o,
by_pc,2147496274,14,28,56,70,14,14,0,0,0,inject,/Users/swchen.tw/git/percepio/poc/runs/tcp-workload-matrix-v1/A03-baseline/build/tcp_request_response_irq.o,
by_pc,2147496278,14,28,56,70,14,14,0,0,0,inject,/Users/swchen.tw/git/percepio/poc/runs/tcp-workload-matrix-v1/A03-baseline/build/tcp_request_response_irq.o,
by_pc,2147496280,14,14,28,42,14,0,0,0,0,inject,/Users/swchen.tw/git/percepio/poc/runs/tcp-workload-matrix-v1/A03-baseline/build/tcp_request_response_irq.o,
by_pc,2147496282,14,14,28,42,14,0,0,0,0,inject,/Users/swchen.tw/git/percepio/poc/runs/tcp-workload-matrix-v1/A03-baseline/build/tcp_request_response_irq.o,
by_pc,2147496286,14,28,56,70,14,14,0,0,0,inject,/Users/swchen.tw/git/percepio/poc/runs/tcp-workload-matrix-v1/A03-baseline/build/tcp_request_response_irq.o,
by_pc,2147496288,14,14,28,42,14,0,0,0,0,inject,/Users/swchen.tw/git/percepio/poc/runs/tcp-workload-matrix-v1/A03-baseline/build/tcp_request_response_irq.o,
by_pc,2147496292,14,294,588,602,14,14,112,0,154,inject,/Users/swchen.tw/git/percepio/poc/runs/tcp-workload-matrix-v1/A03-baseline/build/tcp_request_response_irq.o,
by_pc,2147496296,14,28,56,70,14,14,0,0,0,inject,/Users/swchen.tw/git/percepio/poc/runs/tcp-workload-matrix-v1/A03-baseline/build/tcp_request_response_irq.o,
by_pc,2147496300,14,14,28,42,14,0,0,0,0,inject,/Users/swchen.tw/git/percepio/poc/runs/tcp-workload-matrix-v1/A03-baseline/build/tcp_request_response_irq.o,
by_pc,2147499362,410,444,888,1298,410,0,16,18,0,lwip_htons,/Users/swchen.tw/git/percepio/poc/runs/tcp-workload-matrix-v1/A03-baseline/build/def.o,
by_pc,2147499366,410,410,820,1230,410,0,0,0,0,lwip_htons,/Users/swchen.tw/git/percepio/poc/runs/tcp-workload-matrix-v1/A03-baseline/build/def.o,
by_pc,2147499368,410,410,820,1230,410,0,0,0,0,lwip_htons,/Users/swchen.tw/git/percepio/poc/runs/tcp-workload-matrix-v1/A03-baseline/build/def.o,
by_pc,2147499370,410,410,820,1230,410,0,0,0,0,lwip_htons,/Users/swchen.tw/git/percepio/poc/runs/tcp-workload-matrix-v1/A03-baseline/build/def.o,
by_pc,2147499372,410,410,820,1230,410,0,0,0,0,lwip_htons,/Users/swchen.tw/git/percepio/poc/runs/tcp-workload-matrix-v1/A03-baseline/build/def.o,
by_pc,2147499374,410,410,820,1230,410,0,0,0,0,lwip_htons,/Users/swchen.tw/git/percepio/poc/runs/tcp-workload-matrix-v1/A03-baseline/build/def.o,
by_pc,2147496304,14,294,588,602,14,14,112,0,154,inject,/Users/swchen.tw/git/percepio/poc/runs/tcp-workload-matrix-v1/A03-baseline/build/tcp_request_response_irq.o,
by_pc,2147496308,14,14,28,42,14,0,0,0,0,inject,/Users/swchen.tw/git/percepio/poc/runs/tcp-workload-matrix-v1/A03-baseline/build/tcp_request_response_irq.o,
by_pc,2147496312,14,14,28,42,14,0,0,0,0,inject,/Users/swchen.tw/git/percepio/poc/runs/tcp-workload-matrix-v1/A03-baseline/build/tcp_request_response_irq.o,
by_pc,2147496314,14,294,588,602,14,14,112,0,154,inject,/Users/swchen.tw/git/percepio/poc/runs/tcp-workload-matrix-v1/A03-baseline/build/tcp_request_response_irq.o,
by_pc,2147496318,14,432,864,878,28,14,200,36,154,inject,/Users/swchen.tw/git/percepio/poc/runs/tcp-workload-matrix-v1/A03-baseline/build/tcp_request_response_irq.o,
by_pc,2147496322,14,14,28,42,14,0,0,0,0,inject,/Users/swchen.tw/git/percepio/poc/runs/tcp-workload-matrix-v1/A03-baseline/build/tcp_request_response_irq.o,
by_pc,2147496324,14,294,588,602,14,14,112,0,154,inject,/Users/swchen.tw/git/percepio/poc/runs/tcp-workload-matrix-v1/A03-baseline/build/tcp_request_response_irq.o,
by_pc,2147496328,14,28,56,70,14,14,0,0,0,inject,/Users/swchen.tw/git/percepio/poc/runs/tcp-workload-matrix-v1/A03-baseline/build/tcp_request_response_irq.o,
by_pc,2147496332,14,14,28,42,14,0,0,0,0,inject,/Users/swchen.tw/git/percepio/poc/runs/tcp-workload-matrix-v1/A03-baseline/build/tcp_request_response_irq.o,
by_pc,2147496334,14,14,28,42,14,0,0,0,0,inject,/Users/swchen.tw/git/percepio/poc/runs/tcp-workload-matrix-v1/A03-baseline/build/tcp_request_response_irq.o,
by_pc,2147496336,14,14,28,42,14,0,0,0,0,inject,/Users/swchen.tw/git/percepio/poc/runs/tcp-workload-matrix-v1/A03-baseline/build/tcp_request_response_irq.o,
by_pc,2147496340,14,294,588,602,14,14,112,0,154,inject,/Users/swchen.tw/git/percepio/poc/runs/tcp-workload-matrix-v1/A03-baseline/build/tcp_request_response_irq.o,
by_pc,2147496344,14,294,588,602,14,14,112,0,154,inject,/Users/swchen.tw/git/percepio/poc/runs/tcp-workload-matrix-v1/A03-baseline/build/tcp_request_response_irq.o,
by_pc,2147496348,14,14,28,42,14,0,0,0,0,inject,/Users/swchen.tw/git/percepio/poc/runs/tcp-workload-matrix-v1/A03-baseline/build/tcp_request_response_irq.o,
by_pc,2147496352,14,14,28,42,14,0,0,0,0,inject,/Users/swchen.tw/git/percepio/poc/runs/tcp-workload-matrix-v1/A03-baseline/build/tcp_request_response_irq.o,
by_pc,2147496354,14,294,588,602,14,14,112,0,154,inject,/Users/swchen.tw/git/percepio/poc/runs/tcp-workload-matrix-v1/A03-baseline/build/tcp_request_response_irq.o,
by_pc,2147496358,14,28,56,70,14,14,0,0,0,inject,/Users/swchen.tw/git/percepio/poc/runs/tcp-workload-matrix-v1/A03-baseline/build/tcp_request_response_irq.o,
by_pc,2147496362,14,294,588,602,14,14,112,0,154,inject,/Users/swchen.tw/git/percepio/poc/runs/tcp-workload-matrix-v1/A03-baseline/build/tcp_request_response_irq.o,
by_pc,2147496366,14,14,28,42,14,0,0,0,0,inject,/Users/swchen.tw/git/percepio/poc/runs/tcp-workload-matrix-v1/A03-baseline/build/tcp_request_response_irq.o,
by_pc,2147496370,14,294,588,602,14,14,112,0,154,inject,/Users/swchen.tw/git/percepio/poc/runs/tcp-workload-matrix-v1/A03-baseline/build/tcp_request_response_irq.o,
by_pc,2147496374,14,294,588,602,14,14,112,0,154,inject,/Users/swchen.tw/git/percepio/poc/runs/tcp-workload-matrix-v1/A03-baseline/build/tcp_request_response_irq.o,
by_pc,2147496378,14,14,28,42,14,0,0,0,0,inject,/Users/swchen.tw/git/percepio/poc/runs/tcp-workload-matrix-v1/A03-baseline/build/tcp_request_response_irq.o,
by_pc,2147496382,14,14,28,42,14,0,0,0,0,inject,/Users/swchen.tw/git/percepio/poc/runs/tcp-workload-matrix-v1/A03-baseline/build/tcp_request_response_irq.o,
by_pc,2147496384,14,424,848,862,14,14,224,18,154,inject,/Users/swchen.tw/git/percepio/poc/runs/tcp-workload-matrix-v1/A03-baseline/build/tcp_request_response_irq.o,
by_pc,2147496388,14,294,588,602,14,14,112,0,154,inject,/Users/swchen.tw/git/percepio/poc/runs/tcp-workload-matrix-v1/A03-baseline/build/tcp_request_response_irq.o,
by_pc,2147496392,14,14,28,42,14,0,0,0,0,inject,/Users/swchen.tw/git/percepio/poc/runs/tcp-workload-matrix-v1/A03-baseline/build/tcp_request_response_irq.o,
by_pc,2147499782,28,62,124,152,28,0,16,18,0,inet_chksum,/Users/swchen.tw/git/percepio/poc/runs/tcp-workload-matrix-v1/A03-baseline/build/inet_chksum.o,
by_pc,2147499784,28,588,1176,1204,28,28,224,0,308,inet_chksum,/Users/swchen.tw/git/percepio/poc/runs/tcp-workload-matrix-v1/A03-baseline/build/inet_chksum.o,
by_pc,2147499786,28,28,56,84,28,0,0,0,0,inet_chksum,/Users/swchen.tw/git/percepio/poc/runs/tcp-workload-matrix-v1/A03-baseline/build/inet_chksum.o,
by_pc,2147499412,75,101,202,277,75,0,8,18,0,lwip_standard_chksum,/Users/swchen.tw/git/percepio/poc/runs/tcp-workload-matrix-v1/A03-baseline/build/inet_chksum.o,
by_pc,2147499414,75,75,150,225,75,0,0,0,0,lwip_standard_chksum,/Users/swchen.tw/git/percepio/poc/runs/tcp-workload-matrix-v1/A03-baseline/build/inet_chksum.o,
by_pc,2147499418,75,75,150,225,75,0,0,0,0,lwip_standard_chksum,/Users/swchen.tw/git/percepio/poc/runs/tcp-workload-matrix-v1/A03-baseline/build/inet_chksum.o,
by_pc,2147499422,75,75,150,225,75,0,0,0,0,lwip_standard_chksum,/Users/swchen.tw/git/percepio/poc/runs/tcp-workload-matrix-v1/A03-baseline/build/inet_chksum.o,
by_pc,2147499434,75,75,150,225,75,0,0,0,0,lwip_standard_chksum,/Users/swchen.tw/git/percepio/poc/runs/tcp-workload-matrix-v1/A03-baseline/build/inet_chksum.o,
by_pc,2147499438,75,75,150,225,75,0,0,0,0,lwip_standard_chksum,/Users/swchen.tw/git/percepio/poc/runs/tcp-workload-matrix-v1/A03-baseline/build/inet_chksum.o,
by_pc,2147499440,58,58,116,174,58,0,0,0,0,lwip_standard_chksum,/Users/swchen.tw/git/percepio/poc/runs/tcp-workload-matrix-v1/A03-baseline/build/inet_chksum.o,
by_pc,2147499444,58,58,116,174,58,0,0,0,0,lwip_standard_chksum,/Users/swchen.tw/git/percepio/poc/runs/tcp-workload-matrix-v1/A03-baseline/build/inet_chksum.o,
by_pc,2147499446,58,116,232,290,58,58,0,0,0,lwip_standard_chksum,/Users/swchen.tw/git/percepio/poc/runs/tcp-workload-matrix-v1/A03-baseline/build/inet_chksum.o,
by_pc,2147499450,58,58,116,174,58,0,0,0,0,lwip_standard_chksum,/Users/swchen.tw/git/percepio/poc/runs/tcp-workload-matrix-v1/A03-baseline/build/inet_chksum.o,
by_pc,2147499452,58,58,116,174,58,0,0,0,0,lwip_standard_chksum,/Users/swchen.tw/git/percepio/poc/runs/tcp-workload-matrix-v1/A03-baseline/build/inet_chksum.o,
by_pc,2147499454,75,75,150,225,75,0,0,0,0,lwip_standard_chksum,/Users/swchen.tw/git/percepio/poc/runs/tcp-workload-matrix-v1/A03-baseline/build/inet_chksum.o,
by_pc,2147499456,1697,1803,3606,5303,1697,0,88,18,0,lwip_standard_chksum,/Users/swchen.tw/git/percepio/poc/runs/tcp-workload-matrix-v1/A03-baseline/build/inet_chksum.o,
by_pc,2147499536,1622,3278,6556,8178,1622,1622,16,18,0,lwip_standard_chksum,/Users/swchen.tw/git/percepio/poc/runs/tcp-workload-matrix-v1/A03-baseline/build/inet_chksum.o,
by_pc,2147499538,1622,1622,3244,4866,1622,0,0,0,0,lwip_standard_chksum,/Users/swchen.tw/git/percepio/poc/runs/tcp-workload-matrix-v1/A03-baseline/build/inet_chksum.o,
by_pc,2147499540,1622,1622,3244,4866,1622,0,0,0,0,lwip_standard_chksum,/Users/swchen.tw/git/percepio/poc/runs/tcp-workload-matrix-v1/A03-baseline/build/inet_chksum.o,
by_pc,2147499542,1622,1622,3244,4866,1622,0,0,0,0,lwip_standard_chksum,/Users/swchen.tw/git/percepio/poc/runs/tcp-workload-matrix-v1/A03-baseline/build/inet_chksum.o,
by_pc,2147499544,1622,1622,3244,4866,1622,0,0,0,0,lwip_standard_chksum,/Users/swchen.tw/git/percepio/poc/runs/tcp-workload-matrix-v1/A03-baseline/build/inet_chksum.o,
by_pc,2147499548,1622,1622,3244,4866,1622,0,0,0,0,lwip_standard_chksum,/Users/swchen.tw/git/percepio/poc/runs/tcp-workload-matrix-v1/A03-baseline/build/inet_chksum.o,
by_pc,2147499550,1622,3244,6488,8110,1622,1622,0,0,0,lwip_standard_chksum,/Users/swchen.tw/git/percepio/poc/runs/tcp-workload-matrix-v1/A03-baseline/build/inet_chksum.o,
by_pc,2147499554,1622,1622,3244,4866,1622,0,0,0,0,lwip_standard_chksum,/Users/swchen.tw/git/percepio/poc/runs/tcp-workload-matrix-v1/A03-baseline/build/inet_chksum.o,
by_pc,2147499556,1622,1622,3244,4866,1622,0,0,0,0,lwip_standard_chksum,/Users/swchen.tw/git/percepio/poc/runs/tcp-workload-matrix-v1/A03-baseline/build/inet_chksum.o,
by_pc,2147499560,1622,1622,3244,4866,1622,0,0,0,0,lwip_standard_chksum,/Users/swchen.tw/git/percepio/poc/runs/tcp-workload-matrix-v1/A03-baseline/build/inet_chksum.o,
by_pc,2147499562,1622,1622,3244,4866,1622,0,0,0,0,lwip_standard_chksum,/Users/swchen.tw/git/percepio/poc/runs/tcp-workload-matrix-v1/A03-baseline/build/inet_chksum.o,
by_pc,2147499460,75,75,150,225,75,0,0,0,0,lwip_standard_chksum,/Users/swchen.tw/git/percepio/poc/runs/tcp-workload-matrix-v1/A03-baseline/build/inet_chksum.o,
by_pc,2147499464,75,75,150,225,75,0,0,0,0,lwip_standard_chksum,/Users/swchen.tw/git/percepio/poc/runs/tcp-workload-matrix-v1/A03-baseline/build/inet_chksum.o,
by_pc,2147499466,75,75,150,225,75,0,0,0,0,lwip_standard_chksum,/Users/swchen.tw/git/percepio/poc/runs/tcp-workload-matrix-v1/A03-baseline/build/inet_chksum.o,
by_pc,2147499468,75,75,150,225,75,0,0,0,0,lwip_standard_chksum,/Users/swchen.tw/git/percepio/poc/runs/tcp-workload-matrix-v1/A03-baseline/build/inet_chksum.o,
by_pc,2147499470,75,75,150,225,75,0,0,0,0,lwip_standard_chksum,/Users/swchen.tw/git/percepio/poc/runs/tcp-workload-matrix-v1/A03-baseline/build/inet_chksum.o,
by_pc,2147499472,169,169,338,507,169,0,0,0,0,lwip_standard_chksum,/Users/swchen.tw/git/percepio/poc/runs/tcp-workload-matrix-v1/A03-baseline/build/inet_chksum.o,
by_pc,2147499564,94,188,376,470,94,94,0,0,0,lwip_standard_chksum,/Users/swchen.tw/git/percepio/poc/runs/tcp-workload-matrix-v1/A03-baseline/build/inet_chksum.o,
by_pc,2147499568,94,94,188,282,94,0,0,0,0,lwip_standard_chksum,/Users/swchen.tw/git/percepio/poc/runs/tcp-workload-matrix-v1/A03-baseline/build/inet_chksum.o,
by_pc,2147499570,94,94,188,282,94,0,0,0,0,lwip_standard_chksum,/Users/swchen.tw/git/percepio/poc/runs/tcp-workload-matrix-v1/A03-baseline/build/inet_chksum.o,
by_pc,2147499572,94,94,188,282,94,0,0,0,0,lwip_standard_chksum,/Users/swchen.tw/git/percepio/poc/runs/tcp-workload-matrix-v1/A03-baseline/build/inet_chksum.o,
by_pc,2147499574,94,94,188,282,94,0,0,0,0,lwip_standard_chksum,/Users/swchen.tw/git/percepio/poc/runs/tcp-workload-matrix-v1/A03-baseline/build/inet_chksum.o,
by_pc,2147499476,75,75,150,225,75,0,0,0,0,lwip_standard_chksum,/Users/swchen.tw/git/percepio/poc/runs/tcp-workload-matrix-v1/A03-baseline/build/inet_chksum.o,
by_pc,2147499490,75,75,150,225,75,0,0,0,0,lwip_standard_chksum,/Users/swchen.tw/git/percepio/poc/runs/tcp-workload-matrix-v1/A03-baseline/build/inet_chksum.o,
by_pc,2147499492,75,75,150,225,75,0,0,0,0,lwip_standard_chksum,/Users/swchen.tw/git/percepio/poc/runs/tcp-workload-matrix-v1/A03-baseline/build/inet_chksum.o,
by_pc,2147499496,75,75,150,225,75,0,0,0,0,lwip_standard_chksum,/Users/swchen.tw/git/percepio/poc/runs/tcp-workload-matrix-v1/A03-baseline/build/inet_chksum.o,
by_pc,2147499498,75,75,150,225,75,0,0,0,0,lwip_standard_chksum,/Users/swchen.tw/git/percepio/poc/runs/tcp-workload-matrix-v1/A03-baseline/build/inet_chksum.o,
by_pc,2147499500,75,75,150,225,75,0,0,0,0,lwip_standard_chksum,/Users/swchen.tw/git/percepio/poc/runs/tcp-workload-matrix-v1/A03-baseline/build/inet_chksum.o,
by_pc,2147499502,75,75,150,225,75,0,0,0,0,lwip_standard_chksum,/Users/swchen.tw/git/percepio/poc/runs/tcp-workload-matrix-v1/A03-baseline/build/inet_chksum.o,
by_pc,2147499506,75,75,150,225,75,0,0,0,0,lwip_standard_chksum,/Users/swchen.tw/git/percepio/poc/runs/tcp-workload-matrix-v1/A03-baseline/build/inet_chksum.o,
by_pc,2147499508,75,75,150,225,75,0,0,0,0,lwip_standard_chksum,/Users/swchen.tw/git/percepio/poc/runs/tcp-workload-matrix-v1/A03-baseline/build/inet_chksum.o,
by_pc,2147499510,75,75,150,225,75,0,0,0,0,lwip_standard_chksum,/Users/swchen.tw/git/percepio/poc/runs/tcp-workload-matrix-v1/A03-baseline/build/inet_chksum.o,
by_pc,2147499512,75,75,150,225,75,0,0,0,0,lwip_standard_chksum,/Users/swchen.tw/git/percepio/poc/runs/tcp-workload-matrix-v1/A03-baseline/build/inet_chksum.o,
by_pc,2147499526,75,75,150,225,75,0,0,0,0,lwip_standard_chksum,/Users/swchen.tw/git/percepio/poc/runs/tcp-workload-matrix-v1/A03-baseline/build/inet_chksum.o,
by_pc,2147499528,75,75,150,225,75,0,0,0,0,lwip_standard_chksum,/Users/swchen.tw/git/percepio/poc/runs/tcp-workload-matrix-v1/A03-baseline/build/inet_chksum.o,
by_pc,2147499530,75,75,150,225,75,0,0,0,0,lwip_standard_chksum,/Users/swchen.tw/git/percepio/poc/runs/tcp-workload-matrix-v1/A03-baseline/build/inet_chksum.o,
by_pc,2147499790,28,56,112,140,28,28,0,0,0,inet_chksum,/Users/swchen.tw/git/percepio/poc/runs/tcp-workload-matrix-v1/A03-baseline/build/inet_chksum.o,
by_pc,2147499792,28,28,56,84,28,0,0,0,0,inet_chksum,/Users/swchen.tw/git/percepio/poc/runs/tcp-workload-matrix-v1/A03-baseline/build/inet_chksum.o,
by_pc,2147499796,28,28,56,84,28,0,0,0,0,inet_chksum,/Users/swchen.tw/git/percepio/poc/runs/tcp-workload-matrix-v1/A03-baseline/build/inet_chksum.o,
by_pc,2147499798,28,28,56,84,28,0,0,0,0,inet_chksum,/Users/swchen.tw/git/percepio/poc/runs/tcp-workload-matrix-v1/A03-baseline/build/inet_chksum.o,
by_pc,2147499800,28,28,56,84,28,0,0,0,0,inet_chksum,/Users/swchen.tw/git/percepio/poc/runs/tcp-workload-matrix-v1/A03-baseline/build/inet_chksum.o,
by_pc,2147499802,28,28,56,84,28,0,0,0,0,inet_chksum,/Users/swchen.tw/git/percepio/poc/runs/tcp-workload-matrix-v1/A03-baseline/build/inet_chksum.o,
by_pc,2147496396,14,294,588,602,14,14,112,0,154,inject,/Users/swchen.tw/git/percepio/poc/runs/tcp-workload-matrix-v1/A03-baseline/build/tcp_request_response_irq.o,
by_pc,2147496400,14,14,28,42,14,0,0,0,0,inject,/Users/swchen.tw/git/percepio/poc/runs/tcp-workload-matrix-v1/A03-baseline/build/tcp_request_response_irq.o,
by_pc,2147496402,14,294,588,602,14,14,112,0,154,inject,/Users/swchen.tw/git/percepio/poc/runs/tcp-workload-matrix-v1/A03-baseline/build/tcp_request_response_irq.o,
by_pc,2147496406,14,14,28,42,14,0,0,0,0,inject,/Users/swchen.tw/git/percepio/poc/runs/tcp-workload-matrix-v1/A03-baseline/build/tcp_request_response_irq.o,
by_pc,2147496408,14,14,28,42,14,0,0,0,0,inject,/Users/swchen.tw/git/percepio/poc/runs/tcp-workload-matrix-v1/A03-baseline/build/tcp_request_response_irq.o,
by_pc,2147496410,14,14,28,42,14,0,0,0,0,inject,/Users/swchen.tw/git/percepio/poc/runs/tcp-workload-matrix-v1/A03-baseline/build/tcp_request_response_irq.o,
by_pc,2147501632,42,294,588,630,42,0,216,36,0,pbuf_remove_header,/Users/swchen.tw/git/percepio/poc/runs/tcp-workload-matrix-v1/A03-baseline/build/pbuf.o,
by_pc,2147501634,42,42,84,126,42,0,0,0,0,pbuf_remove_header,/Users/swchen.tw/git/percepio/poc/runs/tcp-workload-matrix-v1/A03-baseline/build/pbuf.o,
by_pc,2147501636,42,42,84,126,42,0,0,0,0,pbuf_remove_header,/Users/swchen.tw/git/percepio/poc/runs/tcp-workload-matrix-v1/A03-baseline/build/pbuf.o,
by_pc,2147501640,42,42,84,126,42,0,0,0,0,pbuf_remove_header,/Users/swchen.tw/git/percepio/poc/runs/tcp-workload-matrix-v1/A03-baseline/build/pbuf.o,
by_pc,2147501642,42,42,84,126,42,0,0,0,0,pbuf_remove_header,/Users/swchen.tw/git/percepio/poc/runs/tcp-workload-matrix-v1/A03-baseline/build/pbuf.o,
by_pc,2147501644,42,84,168,210,42,42,0,0,0,pbuf_remove_header,/Users/swchen.tw/git/percepio/poc/runs/tcp-workload-matrix-v1/A03-baseline/build/pbuf.o,
by_pc,2147501648,42,42,84,126,42,0,0,0,0,pbuf_remove_header,/Users/swchen.tw/git/percepio/poc/runs/tcp-workload-matrix-v1/A03-baseline/build/pbuf.o,
by_pc,2147501652,42,42,84,126,42,0,0,0,0,pbuf_remove_header,/Users/swchen.tw/git/percepio/poc/runs/tcp-workload-matrix-v1/A03-baseline/build/pbuf.o,
by_pc,2147501654,42,42,84,126,42,0,0,0,0,pbuf_remove_header,/Users/swchen.tw/git/percepio/poc/runs/tcp-workload-matrix-v1/A03-baseline/build/pbuf.o,
by_pc,2147501656,42,42,84,126,42,0,0,0,0,pbuf_remove_header,/Users/swchen.tw/git/percepio/poc/runs/tcp-workload-matrix-v1/A03-baseline/build/pbuf.o,
by_pc,2147501660,42,42,84,126,42,0,0,0,0,pbuf_remove_header,/Users/swchen.tw/git/percepio/poc/runs/tcp-workload-matrix-v1/A03-baseline/build/pbuf.o,
by_pc,2147501662,42,84,168,210,42,42,0,0,0,pbuf_remove_header,/Users/swchen.tw/git/percepio/poc/runs/tcp-workload-matrix-v1/A03-baseline/build/pbuf.o,
by_pc,2147501664,42,882,1764,1806,42,42,336,0,462,pbuf_remove_header,/Users/swchen.tw/git/percepio/poc/runs/tcp-workload-matrix-v1/A03-baseline/build/pbuf.o,
by_pc,2147501668,42,84,168,210,42,42,0,0,0,pbuf_remove_header,/Users/swchen.tw/git/percepio/poc/runs/tcp-workload-matrix-v1/A03-baseline/build/pbuf.o,
by_pc,2147501672,42,42,84,126,42,0,0,0,0,pbuf_remove_header,/Users/swchen.tw/git/percepio/poc/runs/tcp-workload-matrix-v1/A03-baseline/build/pbuf.o,
by_pc,2147501674,42,882,1764,1806,42,42,336,0,462,pbuf_remove_header,/Users/swchen.tw/git/percepio/poc/runs/tcp-workload-matrix-v1/A03-baseline/build/pbuf.o,
by_pc,2147501676,42,42,84,126,42,0,0,0,0,pbuf_remove_header,/Users/swchen.tw/git/percepio/poc/runs/tcp-workload-matrix-v1/A03-baseline/build/pbuf.o,
by_pc,2147501678,42,882,1764,1806,42,42,336,0,462,pbuf_remove_header,/Users/swchen.tw/git/percepio/poc/runs/tcp-workload-matrix-v1/A03-baseline/build/pbuf.o,
by_pc,2147501682,42,42,84,126,42,0,0,0,0,pbuf_remove_header,/Users/swchen.tw/git/percepio/poc/runs/tcp-workload-matrix-v1/A03-baseline/build/pbuf.o,
by_pc,2147501684,42,42,84,126,42,0,0,0,0,pbuf_remove_header,/Users/swchen.tw/git/percepio/poc/runs/tcp-workload-matrix-v1/A03-baseline/build/pbuf.o,
by_pc,2147496414,14,14,28,42,14,0,0,0,0,inject,/Users/swchen.tw/git/percepio/poc/runs/tcp-workload-matrix-v1/A03-baseline/build/tcp_request_response_irq.o,
by_pc,2147496432,14,28,56,70,14,14,0,0,0,inject,/Users/swchen.tw/git/percepio/poc/runs/tcp-workload-matrix-v1/A03-baseline/build/tcp_request_response_irq.o,
by_pc,2147496434,14,14,28,42,14,0,0,0,0,inject,/Users/swchen.tw/git/percepio/poc/runs/tcp-workload-matrix-v1/A03-baseline/build/tcp_request_response_irq.o,
by_pc,2147496436,14,14,28,42,14,0,0,0,0,inject,/Users/swchen.tw/git/percepio/poc/runs/tcp-workload-matrix-v1/A03-baseline/build/tcp_request_response_irq.o,
by_pc,2147496440,14,14,28,42,14,0,0,0,0,inject,/Users/swchen.tw/git/percepio/poc/runs/tcp-workload-matrix-v1/A03-baseline/build/tcp_request_response_irq.o,
by_pc,2147496444,14,294,588,602,14,14,112,0,154,inject,/Users/swchen.tw/git/percepio/poc/runs/tcp-workload-matrix-v1/A03-baseline/build/tcp_request_response_irq.o,
by_pc,2147496448,14,144,288,302,14,0,112,18,0,inject,/Users/swchen.tw/git/percepio/poc/runs/tcp-workload-matrix-v1/A03-baseline/build/tcp_request_response_irq.o,
by_pc,2147496450,14,294,588,602,14,14,112,0,154,inject,/Users/swchen.tw/git/percepio/poc/runs/tcp-workload-matrix-v1/A03-baseline/build/tcp_request_response_irq.o,
by_pc,2147496454,14,14,28,42,14,0,0,0,0,inject,/Users/swchen.tw/git/percepio/poc/runs/tcp-workload-matrix-v1/A03-baseline/build/tcp_request_response_irq.o,
by_pc,2147496458,14,14,28,42,14,0,0,0,0,inject,/Users/swchen.tw/git/percepio/poc/runs/tcp-workload-matrix-v1/A03-baseline/build/tcp_request_response_irq.o,
by_pc,2147496462,14,294,588,602,14,14,112,0,154,inject,/Users/swchen.tw/git/percepio/poc/runs/tcp-workload-matrix-v1/A03-baseline/build/tcp_request_response_irq.o,
by_pc,2147496466,14,14,28,42,14,0,0,0,0,inject,/Users/swchen.tw/git/percepio/poc/runs/tcp-workload-matrix-v1/A03-baseline/build/tcp_request_response_irq.o,
by_pc,2147496468,14,294,588,602,14,14,112,0,154,inject,/Users/swchen.tw/git/percepio/poc/runs/tcp-workload-matrix-v1/A03-baseline/build/tcp_request_response_irq.o,
by_pc,2147496472,14,14,28,42,14,0,0,0,0,inject,/Users/swchen.tw/git/percepio/poc/runs/tcp-workload-matrix-v1/A03-baseline/build/tcp_request_response_irq.o,
by_pc,2147496474,14,14,28,42,14,0,0,0,0,inject,/Users/swchen.tw/git/percepio/poc/runs/tcp-workload-matrix-v1/A03-baseline/build/tcp_request_response_irq.o,
by_pc,2147499376,161,161,322,483,161,0,0,0,0,lwip_htonl,/Users/swchen.tw/git/percepio/poc/runs/tcp-workload-matrix-v1/A03-baseline/build/def.o,
by_pc,2147499380,161,161,322,483,161,0,0,0,0,lwip_htonl,/Users/swchen.tw/git/percepio/poc/runs/tcp-workload-matrix-v1/A03-baseline/build/def.o,
by_pc,2147499384,161,161,322,483,161,0,0,0,0,lwip_htonl,/Users/swchen.tw/git/percepio/poc/runs/tcp-workload-matrix-v1/A03-baseline/build/def.o,
by_pc,2147499386,161,161,322,483,161,0,0,0,0,lwip_htonl,/Users/swchen.tw/git/percepio/poc/runs/tcp-workload-matrix-v1/A03-baseline/build/def.o,
by_pc,2147499390,161,346,692,853,322,0,24,0,0,lwip_htonl,/Users/swchen.tw/git/percepio/poc/runs/tcp-workload-matrix-v1/A03-baseline/build/def.o,
by_pc,2147499394,161,161,322,483,161,0,0,0,0,lwip_htonl,/Users/swchen.tw/git/percepio/poc/runs/tcp-workload-matrix-v1/A03-baseline/build/def.o,
by_pc,2147499396,161,161,322,483,161,0,0,0,0,lwip_htonl,/Users/swchen.tw/git/percepio/poc/runs/tcp-workload-matrix-v1/A03-baseline/build/def.o,
by_pc,2147499398,161,161,322,483,161,0,0,0,0,lwip_htonl,/Users/swchen.tw/git/percepio/poc/runs/tcp-workload-matrix-v1/A03-baseline/build/def.o,
by_pc,2147499400,161,161,322,483,161,0,0,0,0,lwip_htonl,/Users/swchen.tw/git/percepio/poc/runs/tcp-workload-matrix-v1/A03-baseline/build/def.o,
by_pc,2147499404,161,161,322,483,161,0,0,0,0,lwip_htonl,/Users/swchen.tw/git/percepio/poc/runs/tcp-workload-matrix-v1/A03-baseline/build/def.o,
by_pc,2147499406,161,161,322,483,161,0,0,0,0,lwip_htonl,/Users/swchen.tw/git/percepio/poc/runs/tcp-workload-matrix-v1/A03-baseline/build/def.o,
by_pc,2147499408,161,161,322,483,161,0,0,0,0,lwip_htonl,/Users/swchen.tw/git/percepio/poc/runs/tcp-workload-matrix-v1/A03-baseline/build/def.o,
by_pc,2147499410,161,161,322,483,161,0,0,0,0,lwip_htonl,/Users/swchen.tw/git/percepio/poc/runs/tcp-workload-matrix-v1/A03-baseline/build/def.o,
by_pc,2147496478,14,14,28,42,14,0,0,0,0,inject,/Users/swchen.tw/git/percepio/poc/runs/tcp-workload-matrix-v1/A03-baseline/build/tcp_request_response_irq.o,
by_pc,2147496482,14,294,588,602,14,14,112,0,154,inject,/Users/swchen.tw/git/percepio/poc/runs/tcp-workload-matrix-v1/A03-baseline/build/tcp_request_response_irq.o,
by_pc,2147496486,14,294,588,602,14,14,112,0,154,inject,/Users/swchen.tw/git/percepio/poc/runs/tcp-workload-matrix-v1/A03-baseline/build/tcp_request_response_irq.o,
by_pc,2147496490,14,14,28,42,14,0,0,0,0,inject,/Users/swchen.tw/git/percepio/poc/runs/tcp-workload-matrix-v1/A03-baseline/build/tcp_request_response_irq.o,
by_pc,2147496494,14,14,28,42,14,0,0,0,0,inject,/Users/swchen.tw/git/percepio/poc/runs/tcp-workload-matrix-v1/A03-baseline/build/tcp_request_response_irq.o,
by_pc,2147496496,14,294,588,602,14,14,112,0,154,inject,/Users/swchen.tw/git/percepio/poc/runs/tcp-workload-matrix-v1/A03-baseline/build/tcp_request_response_irq.o,
by_pc,2147496500,14,294,588,602,14,14,112,0,154,inject,/Users/swchen.tw/git/percepio/poc/runs/tcp-workload-matrix-v1/A03-baseline/build/tcp_request_response_irq.o,
by_pc,2147496504,14,14,28,42,14,0,0,0,0,inject,/Users/swchen.tw/git/percepio/poc/runs/tcp-workload-matrix-v1/A03-baseline/build/tcp_request_response_irq.o,
by_pc,2147496506,14,14,28,42,14,0,0,0,0,inject,/Users/swchen.tw/git/percepio/poc/runs/tcp-workload-matrix-v1/A03-baseline/build/tcp_request_response_irq.o,
by_pc,2147496510,14,62,124,138,28,0,16,18,0,inject,/Users/swchen.tw/git/percepio/poc/runs/tcp-workload-matrix-v1/A03-baseline/build/tcp_request_response_irq.o,
by_pc,2147496514,14,294,588,602,14,14,112,0,154,inject,/Users/swchen.tw/git/percepio/poc/runs/tcp-workload-matrix-v1/A03-baseline/build/tcp_request_response_irq.o,
by_pc,2147496518,14,14,28,42,14,0,0,0,0,inject,/Users/swchen.tw/git/percepio/poc/runs/tcp-workload-matrix-v1/A03-baseline/build/tcp_request_response_irq.o,
by_pc,2147496522,14,294,588,602,14,14,112,0,154,inject,/Users/swchen.tw/git/percepio/poc/runs/tcp-workload-matrix-v1/A03-baseline/build/tcp_request_response_irq.o,
by_pc,2147496526,14,294,588,602,14,14,112,0,154,inject,/Users/swchen.tw/git/percepio/poc/runs/tcp-workload-matrix-v1/A03-baseline/build/tcp_request_response_irq.o,
by_pc,2147496530,14,14,28,42,14,0,0,0,0,inject,/Users/swchen.tw/git/percepio/poc/runs/tcp-workload-matrix-v1/A03-baseline/build/tcp_request_response_irq.o,
by_pc,2147496532,14,28,56,70,14,14,0,0,0,inject,/Users/swchen.tw/git/percepio/poc/runs/tcp-workload-matrix-v1/A03-baseline/build/tcp_request_response_irq.o,
by_pc,2147496536,14,294,588,602,14,14,112,0,154,inject,/Users/swchen.tw/git/percepio/poc/runs/tcp-workload-matrix-v1/A03-baseline/build/tcp_request_response_irq.o,
by_pc,2147496540,14,28,56,70,14,14,0,0,0,inject,/Users/swchen.tw/git/percepio/poc/runs/tcp-workload-matrix-v1/A03-baseline/build/tcp_request_response_irq.o,
by_pc,2147496544,14,14,28,42,14,0,0,0,0,inject,/Users/swchen.tw/git/percepio/poc/runs/tcp-workload-matrix-v1/A03-baseline/build/tcp_request_response_irq.o,
by_pc,2147496546,14,14,28,42,14,0,0,0,0,inject,/Users/swchen.tw/git/percepio/poc/runs/tcp-workload-matrix-v1/A03-baseline/build/tcp_request_response_irq.o,
by_pc,2147496550,14,14,28,42,14,0,0,0,0,inject,/Users/swchen.tw/git/percepio/poc/runs/tcp-workload-matrix-v1/A03-baseline/build/tcp_request_response_irq.o,
by_pc,2147496552,14,14,28,42,14,0,0,0,0,inject,/Users/swchen.tw/git/percepio/poc/runs/tcp-workload-matrix-v1/A03-baseline/build/tcp_request_response_irq.o,
by_pc,2147496556,14,14,28,42,14,0,0,0,0,inject,/Users/swchen.tw/git/percepio/poc/runs/tcp-workload-matrix-v1/A03-baseline/build/tcp_request_response_irq.o,
by_pc,2147496558,14,14,28,42,14,0,0,0,0,inject,/Users/swchen.tw/git/percepio/poc/runs/tcp-workload-matrix-v1/A03-baseline/build/tcp_request_response_irq.o,
by_pc,2147496562,14,14,28,42,14,0,0,0,0,inject,/Users/swchen.tw/git/percepio/poc/runs/tcp-workload-matrix-v1/A03-baseline/build/tcp_request_response_irq.o,
by_pc,2147496566,14,14,28,42,14,0,0,0,0,inject,/Users/swchen.tw/git/percepio/poc/runs/tcp-workload-matrix-v1/A03-baseline/build/tcp_request_response_irq.o,
by_pc,2147496570,14,14,28,42,14,0,0,0,0,inject,/Users/swchen.tw/git/percepio/poc/runs/tcp-workload-matrix-v1/A03-baseline/build/tcp_request_response_irq.o,
by_pc,2147496574,14,14,28,42,14,0,0,0,0,inject,/Users/swchen.tw/git/percepio/poc/runs/tcp-workload-matrix-v1/A03-baseline/build/tcp_request_response_irq.o,
by_pc,2147496576,14,336,672,686,14,14,136,18,154,inject,/Users/swchen.tw/git/percepio/poc/runs/tcp-workload-matrix-v1/A03-baseline/build/tcp_request_response_irq.o,
by_pc,2147496580,14,14,28,42,14,0,0,0,0,inject,/Users/swchen.tw/git/percepio/poc/runs/tcp-workload-matrix-v1/A03-baseline/build/tcp_request_response_irq.o,
by_pc,2147496584,14,294,588,602,14,14,112,0,154,inject,/Users/swchen.tw/git/percepio/poc/runs/tcp-workload-matrix-v1/A03-baseline/build/tcp_request_response_irq.o,
by_pc,2147496588,14,14,28,42,14,0,0,0,0,inject,/Users/swchen.tw/git/percepio/poc/runs/tcp-workload-matrix-v1/A03-baseline/build/tcp_request_response_irq.o,
by_pc,2147496590,14,14,28,42,14,0,0,0,0,inject,/Users/swchen.tw/git/percepio/poc/runs/tcp-workload-matrix-v1/A03-baseline/build/tcp_request_response_irq.o,
by_pc,2147496594,14,14,28,42,14,0,0,0,0,inject,/Users/swchen.tw/git/percepio/poc/runs/tcp-workload-matrix-v1/A03-baseline/build/tcp_request_response_irq.o,
by_pc,2147496596,14,14,28,42,14,0,0,0,0,inject,/Users/swchen.tw/git/percepio/poc/runs/tcp-workload-matrix-v1/A03-baseline/build/tcp_request_response_irq.o,
by_pc,2147496600,14,14,28,42,14,0,0,0,0,inject,/Users/swchen.tw/git/percepio/poc/runs/tcp-workload-matrix-v1/A03-baseline/build/tcp_request_response_irq.o,
by_pc,2147496604,14,14,28,42,14,0,0,0,0,inject,/Users/swchen.tw/git/percepio/poc/runs/tcp-workload-matrix-v1/A03-baseline/build/tcp_request_response_irq.o,
by_pc,2147496608,14,294,588,602,14,14,112,0,154,inject,/Users/swchen.tw/git/percepio/poc/runs/tcp-workload-matrix-v1/A03-baseline/build/tcp_request_response_irq.o,
by_pc,2147496612,14,14,28,42,14,0,0,0,0,inject,/Users/swchen.tw/git/percepio/poc/runs/tcp-workload-matrix-v1/A03-baseline/build/tcp_request_response_irq.o,
by_pc,2147496614,14,294,588,602,14,14,112,0,154,inject,/Users/swchen.tw/git/percepio/poc/runs/tcp-workload-matrix-v1/A03-baseline/build/tcp_request_response_irq.o,
by_pc,2147496618,14,14,28,42,14,0,0,0,0,inject,/Users/swchen.tw/git/percepio/poc/runs/tcp-workload-matrix-v1/A03-baseline/build/tcp_request_response_irq.o,
by_pc,2147496620,14,14,28,42,14,0,0,0,0,inject,/Users/swchen.tw/git/percepio/poc/runs/tcp-workload-matrix-v1/A03-baseline/build/tcp_request_response_irq.o,
by_pc,2147496624,14,14,28,42,14,0,0,0,0,inject,/Users/swchen.tw/git/percepio/poc/runs/tcp-workload-matrix-v1/A03-baseline/build/tcp_request_response_irq.o,
by_pc,2147496628,14,294,588,602,14,14,112,0,154,inject,/Users/swchen.tw/git/percepio/poc/runs/tcp-workload-matrix-v1/A03-baseline/build/tcp_request_response_irq.o,
by_pc,2147496632,14,14,28,42,14,0,0,0,0,inject,/Users/swchen.tw/git/percepio/poc/runs/tcp-workload-matrix-v1/A03-baseline/build/tcp_request_response_irq.o,
by_pc,2147496634,14,294,588,602,14,14,112,0,154,inject,/Users/swchen.tw/git/percepio/poc/runs/tcp-workload-matrix-v1/A03-baseline/build/tcp_request_response_irq.o,
by_pc,2147496638,14,70,140,154,28,0,24,18,0,inject,/Users/swchen.tw/git/percepio/poc/runs/tcp-workload-matrix-v1/A03-baseline/build/tcp_request_response_irq.o,
by_pc,2147496642,1,1,2,3,1,0,0,0,0,inject,/Users/swchen.tw/git/percepio/poc/runs/tcp-workload-matrix-v1/A03-baseline/build/tcp_request_response_irq.o,
by_pc,2147496644,1,21,42,43,1,1,8,0,11,inject,/Users/swchen.tw/git/percepio/poc/runs/tcp-workload-matrix-v1/A03-baseline/build/tcp_request_response_irq.o,
by_pc,2147496648,1,1,2,3,1,0,0,0,0,inject,/Users/swchen.tw/git/percepio/poc/runs/tcp-workload-matrix-v1/A03-baseline/build/tcp_request_response_irq.o,
by_pc,2147496650,1,21,42,43,1,1,8,0,11,inject,/Users/swchen.tw/git/percepio/poc/runs/tcp-workload-matrix-v1/A03-baseline/build/tcp_request_response_irq.o,
by_pc,2147496654,1,1,2,3,1,0,0,0,0,inject,/Users/swchen.tw/git/percepio/poc/runs/tcp-workload-matrix-v1/A03-baseline/build/tcp_request_response_irq.o,
by_pc,2147496656,1,21,42,43,1,1,8,0,11,inject,/Users/swchen.tw/git/percepio/poc/runs/tcp-workload-matrix-v1/A03-baseline/build/tcp_request_response_irq.o,
by_pc,2147496660,1,1,2,3,1,0,0,0,0,inject,/Users/swchen.tw/git/percepio/poc/runs/tcp-workload-matrix-v1/A03-baseline/build/tcp_request_response_irq.o,
by_pc,2147496664,1,21,42,43,1,1,8,0,11,inject,/Users/swchen.tw/git/percepio/poc/runs/tcp-workload-matrix-v1/A03-baseline/build/tcp_request_response_irq.o,
by_pc,2147496668,14,14,28,42,14,0,0,0,0,inject,/Users/swchen.tw/git/percepio/poc/runs/tcp-workload-matrix-v1/A03-baseline/build/tcp_request_response_irq.o,
by_pc,2147496686,14,28,56,70,14,14,0,0,0,inject,/Users/swchen.tw/git/percepio/poc/runs/tcp-workload-matrix-v1/A03-baseline/build/tcp_request_response_irq.o,
by_pc,2147496690,14,14,28,42,14,0,0,0,0,inject,/Users/swchen.tw/git/percepio/poc/runs/tcp-workload-matrix-v1/A03-baseline/build/tcp_request_response_irq.o,
by_pc,2147496692,14,14,28,42,14,0,0,0,0,inject,/Users/swchen.tw/git/percepio/poc/runs/tcp-workload-matrix-v1/A03-baseline/build/tcp_request_response_irq.o,
by_pc,2147496696,14,14,28,42,14,0,0,0,0,inject,/Users/swchen.tw/git/percepio/poc/runs/tcp-workload-matrix-v1/A03-baseline/build/tcp_request_response_irq.o,
by_pc,2147496700,14,14,28,42,14,0,0,0,0,inject,/Users/swchen.tw/git/percepio/poc/runs/tcp-workload-matrix-v1/A03-baseline/build/tcp_request_response_irq.o,
by_pc,2147496702,14,126,252,266,28,0,80,18,0,inject,/Users/swchen.tw/git/percepio/poc/runs/tcp-workload-matrix-v1/A03-baseline/build/tcp_request_response_irq.o,
by_pc,2147499576,39,111,222,261,39,0,72,0,0,inet_chksum_pseudo,/Users/swchen.tw/git/percepio/poc/runs/tcp-workload-matrix-v1/A03-baseline/build/inet_chksum.o,
by_pc,2147499578,39,819,1638,1677,39,39,312,0,429,inet_chksum_pseudo,/Users/swchen.tw/git/percepio/poc/runs/tcp-workload-matrix-v1/A03-baseline/build/inet_chksum.o,
by_pc,2147499580,39,819,1638,1677,39,39,312,0,429,inet_chksum_pseudo,/Users/swchen.tw/git/percepio/poc/runs/tcp-workload-matrix-v1/A03-baseline/build/inet_chksum.o,
by_pc,2147499582,39,819,1638,1677,39,39,312,0,429,inet_chksum_pseudo,/Users/swchen.tw/git/percepio/poc/runs/tcp-workload-matrix-v1/A03-baseline/build/inet_chksum.o,
by_pc,2147499584,39,1063,2126,2165,39,39,520,36,429,inet_chksum_pseudo,/Users/swchen.tw/git/percepio/poc/runs/tcp-workload-matrix-v1/A03-baseline/build/inet_chksum.o,
by_pc,2147499586,39,819,1638,1677,39,39,312,0,429,inet_chksum_pseudo,/Users/swchen.tw/git/percepio/poc/runs/tcp-workload-matrix-v1/A03-baseline/build/inet_chksum.o,
by_pc,2147499588,39,819,1638,1677,39,39,312,0,429,inet_chksum_pseudo,/Users/swchen.tw/git/percepio/poc/runs/tcp-workload-matrix-v1/A03-baseline/build/inet_chksum.o,
by_pc,2147499590,39,78,156,195,39,39,0,0,0,inet_chksum_pseudo,/Users/swchen.tw/git/percepio/poc/runs/tcp-workload-matrix-v1/A03-baseline/build/inet_chksum.o,
by_pc,2147499592,39,78,156,195,39,39,0,0,0,inet_chksum_pseudo,/Users/swchen.tw/git/percepio/poc/runs/tcp-workload-matrix-v1/A03-baseline/build/inet_chksum.o,
by_pc,2147499594,39,39,78,117,39,0,0,0,0,inet_chksum_pseudo,/Users/swchen.tw/git/percepio/poc/runs/tcp-workload-matrix-v1/A03-baseline/build/inet_chksum.o,
by_pc,2147499596,39,39,78,117,39,0,0,0,0,inet_chksum_pseudo,/Users/swchen.tw/git/percepio/poc/runs/tcp-workload-matrix-v1/A03-baseline/build/inet_chksum.o,
by_pc,2147499598,39,39,78,117,39,0,0,0,0,inet_chksum_pseudo,/Users/swchen.tw/git/percepio/poc/runs/tcp-workload-matrix-v1/A03-baseline/build/inet_chksum.o,
by_pc,2147499602,39,39,78,117,39,0,0,0,0,inet_chksum_pseudo,/Users/swchen.tw/git/percepio/poc/runs/tcp-workload-matrix-v1/A03-baseline/build/inet_chksum.o,
by_pc,2147499604,39,39,78,117,39,0,0,0,0,inet_chksum_pseudo,/Users/swchen.tw/git/percepio/poc/runs/tcp-workload-matrix-v1/A03-baseline/build/inet_chksum.o,
by_pc,2147499606,39,39,78,117,39,0,0,0,0,inet_chksum_pseudo,/Users/swchen.tw/git/percepio/poc/runs/tcp-workload-matrix-v1/A03-baseline/build/inet_chksum.o,
by_pc,2147499608,39,39,78,117,39,0,0,0,0,inet_chksum_pseudo,/Users/swchen.tw/git/percepio/poc/runs/tcp-workload-matrix-v1/A03-baseline/build/inet_chksum.o,
by_pc,2147499612,39,39,78,117,39,0,0,0,0,inet_chksum_pseudo,/Users/swchen.tw/git/percepio/poc/runs/tcp-workload-matrix-v1/A03-baseline/build/inet_chksum.o,
by_pc,2147499614,39,39,78,117,39,0,0,0,0,inet_chksum_pseudo,/Users/swchen.tw/git/percepio/poc/runs/tcp-workload-matrix-v1/A03-baseline/build/inet_chksum.o,
by_pc,2147499616,39,39,78,117,39,0,0,0,0,inet_chksum_pseudo,/Users/swchen.tw/git/percepio/poc/runs/tcp-workload-matrix-v1/A03-baseline/build/inet_chksum.o,
by_pc,2147499618,39,39,78,117,39,0,0,0,0,inet_chksum_pseudo,/Users/swchen.tw/git/percepio/poc/runs/tcp-workload-matrix-v1/A03-baseline/build/inet_chksum.o,
by_pc,2147499620,39,39,78,117,39,0,0,0,0,inet_chksum_pseudo,/Users/swchen.tw/git/percepio/poc/runs/tcp-workload-matrix-v1/A03-baseline/build/inet_chksum.o,
by_pc,2147499624,39,39,78,117,39,0,0,0,0,inet_chksum_pseudo,/Users/swchen.tw/git/percepio/poc/runs/tcp-workload-matrix-v1/A03-baseline/build/inet_chksum.o,
by_pc,2147499626,39,39,78,117,39,0,0,0,0,inet_chksum_pseudo,/Users/swchen.tw/git/percepio/poc/runs/tcp-workload-matrix-v1/A03-baseline/build/inet_chksum.o,
by_pc,2147499628,39,39,78,117,39,0,0,0,0,inet_chksum_pseudo,/Users/swchen.tw/git/percepio/poc/runs/tcp-workload-matrix-v1/A03-baseline/build/inet_chksum.o,
by_pc,2147499630,39,39,78,117,39,0,0,0,0,inet_chksum_pseudo,/Users/swchen.tw/git/percepio/poc/runs/tcp-workload-matrix-v1/A03-baseline/build/inet_chksum.o,
by_pc,2147499634,39,39,78,117,39,0,0,0,0,inet_chksum_pseudo,/Users/swchen.tw/git/percepio/poc/runs/tcp-workload-matrix-v1/A03-baseline/build/inet_chksum.o,
by_pc,2147499636,39,39,78,117,39,0,0,0,0,inet_chksum_pseudo,/Users/swchen.tw/git/percepio/poc/runs/tcp-workload-matrix-v1/A03-baseline/build/inet_chksum.o,
by_pc,2147499638,39,39,78,117,39,0,0,0,0,inet_chksum_pseudo,/Users/swchen.tw/git/percepio/poc/runs/tcp-workload-matrix-v1/A03-baseline/build/inet_chksum.o,
by_pc,2147499640,39,39,78,117,39,0,0,0,0,inet_chksum_pseudo,/Users/swchen.tw/git/percepio/poc/runs/tcp-workload-matrix-v1/A03-baseline/build/inet_chksum.o,
by_pc,2147499642,39,39,78,117,39,0,0,0,0,inet_chksum_pseudo,/Users/swchen.tw/git/percepio/poc/runs/tcp-workload-matrix-v1/A03-baseline/build/inet_chksum.o,
by_pc,2147499644,86,86,172,258,86,0,0,0,0,inet_chksum_pseudo,/Users/swchen.tw/git/percepio/poc/runs/tcp-workload-matrix-v1/A03-baseline/build/inet_chksum.o,
by_pc,2147499726,47,136,272,319,47,47,24,18,0,inet_chksum_pseudo,/Users/swchen.tw/git/percepio/poc/runs/tcp-workload-matrix-v1/A03-baseline/build/inet_chksum.o,
by_pc,2147499730,47,94,188,235,47,47,0,0,0,inet_chksum_pseudo,/Users/swchen.tw/git/percepio/poc/runs/tcp-workload-matrix-v1/A03-baseline/build/inet_chksum.o,
by_pc,2147499732,47,1005,2010,2057,47,47,376,18,517,inet_chksum_pseudo,/Users/swchen.tw/git/percepio/poc/runs/tcp-workload-matrix-v1/A03-baseline/build/inet_chksum.o,
by_pc,2147499734,47,47,94,141,47,0,0,0,0,inet_chksum_pseudo,/Users/swchen.tw/git/percepio/poc/runs/tcp-workload-matrix-v1/A03-baseline/build/inet_chksum.o,
by_pc,2147499738,47,94,188,235,47,47,0,0,0,inet_chksum_pseudo,/Users/swchen.tw/git/percepio/poc/runs/tcp-workload-matrix-v1/A03-baseline/build/inet_chksum.o,
by_pc,2147499740,47,47,94,141,47,0,0,0,0,inet_chksum_pseudo,/Users/swchen.tw/git/percepio/poc/runs/tcp-workload-matrix-v1/A03-baseline/build/inet_chksum.o,
by_pc,2147499742,47,47,94,141,47,0,0,0,0,inet_chksum_pseudo,/Users/swchen.tw/git/percepio/poc/runs/tcp-workload-matrix-v1/A03-baseline/build/inet_chksum.o,
by_pc,2147499746,47,47,94,141,47,0,0,0,0,inet_chksum_pseudo,/Users/swchen.tw/git/percepio/poc/runs/tcp-workload-matrix-v1/A03-baseline/build/inet_chksum.o,
by_pc,2147499748,47,47,94,141,47,0,0,0,0,inet_chksum_pseudo,/Users/swchen.tw/git/percepio/poc/runs/tcp-workload-matrix-v1/A03-baseline/build/inet_chksum.o,
by_pc,2147499750,47,47,94,141,47,0,0,0,0,inet_chksum_pseudo,/Users/swchen.tw/git/percepio/poc/runs/tcp-workload-matrix-v1/A03-baseline/build/inet_chksum.o,
by_pc,2147499752,47,47,94,141,47,0,0,0,0,inet_chksum_pseudo,/Users/swchen.tw/git/percepio/poc/runs/tcp-workload-matrix-v1/A03-baseline/build/inet_chksum.o,
by_pc,2147499754,47,47,94,141,47,0,0,0,0,inet_chksum_pseudo,/Users/swchen.tw/git/percepio/poc/runs/tcp-workload-matrix-v1/A03-baseline/build/inet_chksum.o,
by_pc,2147499774,47,94,188,235,47,47,0,0,0,inet_chksum_pseudo,/Users/swchen.tw/git/percepio/poc/runs/tcp-workload-matrix-v1/A03-baseline/build/inet_chksum.o,
by_pc,2147499776,47,47,94,141,47,0,0,0,0,inet_chksum_pseudo,/Users/swchen.tw/git/percepio/poc/runs/tcp-workload-matrix-v1/A03-baseline/build/inet_chksum.o,
by_pc,2147499646,39,128,256,295,78,0,32,18,0,inet_chksum_pseudo,/Users/swchen.tw/git/percepio/poc/runs/tcp-workload-matrix-v1/A03-baseline/build/inet_chksum.o,
by_pc,2147499664,39,39,78,117,39,0,0,0,0,inet_chksum_pseudo,/Users/swchen.tw/git/percepio/poc/runs/tcp-workload-matrix-v1/A03-baseline/build/inet_chksum.o,
by_pc,2147499666,39,39,78,117,39,0,0,0,0,inet_chksum_pseudo,/Users/swchen.tw/git/percepio/poc/runs/tcp-workload-matrix-v1/A03-baseline/build/inet_chksum.o,
by_pc,2147499670,39,39,78,117,39,0,0,0,0,inet_chksum_pseudo,/Users/swchen.tw/git/percepio/poc/runs/tcp-workload-matrix-v1/A03-baseline/build/inet_chksum.o,
by_pc,2147499672,39,39,78,117,39,0,0,0,0,inet_chksum_pseudo,/Users/swchen.tw/git/percepio/poc/runs/tcp-workload-matrix-v1/A03-baseline/build/inet_chksum.o,
by_pc,2147499674,39,39,78,117,39,0,0,0,0,inet_chksum_pseudo,/Users/swchen.tw/git/percepio/poc/runs/tcp-workload-matrix-v1/A03-baseline/build/inet_chksum.o,
by_pc,2147499678,39,39,78,117,39,0,0,0,0,inet_chksum_pseudo,/Users/swchen.tw/git/percepio/poc/runs/tcp-workload-matrix-v1/A03-baseline/build/inet_chksum.o,
by_pc,2147499680,39,39,78,117,39,0,0,0,0,inet_chksum_pseudo,/Users/swchen.tw/git/percepio/poc/runs/tcp-workload-matrix-v1/A03-baseline/build/inet_chksum.o,
by_pc,2147499682,39,39,78,117,39,0,0,0,0,inet_chksum_pseudo,/Users/swchen.tw/git/percepio/poc/runs/tcp-workload-matrix-v1/A03-baseline/build/inet_chksum.o,
by_pc,2147499686,39,39,78,117,39,0,0,0,0,inet_chksum_pseudo,/Users/swchen.tw/git/percepio/poc/runs/tcp-workload-matrix-v1/A03-baseline/build/inet_chksum.o,
by_pc,2147499688,39,39,78,117,39,0,0,0,0,inet_chksum_pseudo,/Users/swchen.tw/git/percepio/poc/runs/tcp-workload-matrix-v1/A03-baseline/build/inet_chksum.o,
by_pc,2147499690,39,39,78,117,39,0,0,0,0,inet_chksum_pseudo,/Users/swchen.tw/git/percepio/poc/runs/tcp-workload-matrix-v1/A03-baseline/build/inet_chksum.o,
by_pc,2147499692,39,39,78,117,39,0,0,0,0,inet_chksum_pseudo,/Users/swchen.tw/git/percepio/poc/runs/tcp-workload-matrix-v1/A03-baseline/build/inet_chksum.o,
by_pc,2147499696,39,39,78,117,39,0,0,0,0,inet_chksum_pseudo,/Users/swchen.tw/git/percepio/poc/runs/tcp-workload-matrix-v1/A03-baseline/build/inet_chksum.o,
by_pc,2147499698,39,39,78,117,39,0,0,0,0,inet_chksum_pseudo,/Users/swchen.tw/git/percepio/poc/runs/tcp-workload-matrix-v1/A03-baseline/build/inet_chksum.o,
by_pc,2147499700,39,78,156,195,39,39,0,0,0,inet_chksum_pseudo,/Users/swchen.tw/git/percepio/poc/runs/tcp-workload-matrix-v1/A03-baseline/build/inet_chksum.o,
by_pc,2147499702,39,78,156,195,39,39,0,0,0,inet_chksum_pseudo,/Users/swchen.tw/git/percepio/poc/runs/tcp-workload-matrix-v1/A03-baseline/build/inet_chksum.o,
by_pc,2147499704,39,39,78,117,39,0,0,0,0,inet_chksum_pseudo,/Users/swchen.tw/git/percepio/poc/runs/tcp-workload-matrix-v1/A03-baseline/build/inet_chksum.o,
by_pc,2147499706,39,39,78,117,39,0,0,0,0,inet_chksum_pseudo,/Users/swchen.tw/git/percepio/poc/runs/tcp-workload-matrix-v1/A03-baseline/build/inet_chksum.o,
by_pc,2147499710,39,39,78,117,39,0,0,0,0,inet_chksum_pseudo,/Users/swchen.tw/git/percepio/poc/runs/tcp-workload-matrix-v1/A03-baseline/build/inet_chksum.o,
by_pc,2147499712,39,78,156,195,39,39,0,0,0,inet_chksum_pseudo,/Users/swchen.tw/git/percepio/poc/runs/tcp-workload-matrix-v1/A03-baseline/build/inet_chksum.o,
by_pc,2147499714,39,78,156,195,39,39,0,0,0,inet_chksum_pseudo,/Users/swchen.tw/git/percepio/poc/runs/tcp-workload-matrix-v1/A03-baseline/build/inet_chksum.o,
by_pc,2147499716,39,78,156,195,39,39,0,0,0,inet_chksum_pseudo,/Users/swchen.tw/git/percepio/poc/runs/tcp-workload-matrix-v1/A03-baseline/build/inet_chksum.o,
by_pc,2147499718,39,78,156,195,39,39,0,0,0,inet_chksum_pseudo,/Users/swchen.tw/git/percepio/poc/runs/tcp-workload-matrix-v1/A03-baseline/build/inet_chksum.o,
by_pc,2147499720,39,39,78,117,39,0,0,0,0,inet_chksum_pseudo,/Users/swchen.tw/git/percepio/poc/runs/tcp-workload-matrix-v1/A03-baseline/build/inet_chksum.o,
by_pc,2147499722,39,39,78,117,39,0,0,0,0,inet_chksum_pseudo,/Users/swchen.tw/git/percepio/poc/runs/tcp-workload-matrix-v1/A03-baseline/build/inet_chksum.o,
by_pc,2147499724,39,39,78,117,39,0,0,0,0,inet_chksum_pseudo,/Users/swchen.tw/git/percepio/poc/runs/tcp-workload-matrix-v1/A03-baseline/build/inet_chksum.o,
by_pc,2147496706,14,294,588,602,14,14,112,0,154,inject,/Users/swchen.tw/git/percepio/poc/runs/tcp-workload-matrix-v1/A03-baseline/build/tcp_request_response_irq.o,
by_pc,2147496710,14,14,28,42,14,0,0,0,0,inject,/Users/swchen.tw/git/percepio/poc/runs/tcp-workload-matrix-v1/A03-baseline/build/tcp_request_response_irq.o,
by_pc,2147496712,14,294,588,602,14,14,112,0,154,inject,/Users/swchen.tw/git/percepio/poc/runs/tcp-workload-matrix-v1/A03-baseline/build/tcp_request_response_irq.o,
by_pc,2147496716,14,14,28,42,14,0,0,0,0,inject,/Users/swchen.tw/git/percepio/poc/runs/tcp-workload-matrix-v1/A03-baseline/build/tcp_request_response_irq.o,
by_pc,2147496718,14,14,28,42,14,0,0,0,0,inject,/Users/swchen.tw/git/percepio/poc/runs/tcp-workload-matrix-v1/A03-baseline/build/tcp_request_response_irq.o,
by_pc,2147496720,14,14,28,42,14,0,0,0,0,inject,/Users/swchen.tw/git/percepio/poc/runs/tcp-workload-matrix-v1/A03-baseline/build/tcp_request_response_irq.o,
by_pc,2147501626,35,109,218,253,35,0,56,18,0,pbuf_add_header,/Users/swchen.tw/git/percepio/poc/runs/tcp-workload-matrix-v1/A03-baseline/build/pbuf.o,
by_pc,2147501628,35,35,70,105,35,0,0,0,0,pbuf_add_header,/Users/swchen.tw/git/percepio/poc/runs/tcp-workload-matrix-v1/A03-baseline/build/pbuf.o,
by_pc,2147501472,35,173,346,381,35,0,120,18,0,pbuf_add_header_impl,/Users/swchen.tw/git/percepio/poc/runs/tcp-workload-matrix-v1/A03-baseline/build/pbuf.o,
by_pc,2147501474,35,35,70,105,35,0,0,0,0,pbuf_add_header_impl,/Users/swchen.tw/git/percepio/poc/runs/tcp-workload-matrix-v1/A03-baseline/build/pbuf.o,
by_pc,2147501476,35,35,70,105,35,0,0,0,0,pbuf_add_header_impl,/Users/swchen.tw/git/percepio/poc/runs/tcp-workload-matrix-v1/A03-baseline/build/pbuf.o,
by_pc,2147501480,35,35,70,105,35,0,0,0,0,pbuf_add_header_impl,/Users/swchen.tw/git/percepio/poc/runs/tcp-workload-matrix-v1/A03-baseline/build/pbuf.o,
by_pc,2147501482,35,35,70,105,35,0,0,0,0,pbuf_add_header_impl,/Users/swchen.tw/git/percepio/poc/runs/tcp-workload-matrix-v1/A03-baseline/build/pbuf.o,
by_pc,2147501484,35,70,140,175,35,35,0,0,0,pbuf_add_header_impl,/Users/swchen.tw/git/percepio/poc/runs/tcp-workload-matrix-v1/A03-baseline/build/pbuf.o,
by_pc,2147501488,35,35,70,105,35,0,0,0,0,pbuf_add_header_impl,/Users/swchen.tw/git/percepio/poc/runs/tcp-workload-matrix-v1/A03-baseline/build/pbuf.o,
by_pc,2147501492,35,35,70,105,35,0,0,0,0,pbuf_add_header_impl,/Users/swchen.tw/git/percepio/poc/runs/tcp-workload-matrix-v1/A03-baseline/build/pbuf.o,
by_pc,2147501494,35,35,70,105,35,0,0,0,0,pbuf_add_header_impl,/Users/swchen.tw/git/percepio/poc/runs/tcp-workload-matrix-v1/A03-baseline/build/pbuf.o,
by_pc,2147501496,35,35,70,105,35,0,0,0,0,pbuf_add_header_impl,/Users/swchen.tw/git/percepio/poc/runs/tcp-workload-matrix-v1/A03-baseline/build/pbuf.o,
by_pc,2147501498,35,35,70,105,35,0,0,0,0,pbuf_add_header_impl,/Users/swchen.tw/git/percepio/poc/runs/tcp-workload-matrix-v1/A03-baseline/build/pbuf.o,
by_pc,2147501500,35,35,70,105,35,0,0,0,0,pbuf_add_header_impl,/Users/swchen.tw/git/percepio/poc/runs/tcp-workload-matrix-v1/A03-baseline/build/pbuf.o,
by_pc,2147501502,35,152,304,339,70,0,64,18,0,pbuf_add_header_impl,/Users/swchen.tw/git/percepio/poc/runs/tcp-workload-matrix-v1/A03-baseline/build/pbuf.o,
by_pc,2147501506,35,70,140,175,35,35,0,0,0,pbuf_add_header_impl,/Users/swchen.tw/git/percepio/poc/runs/tcp-workload-matrix-v1/A03-baseline/build/pbuf.o,
by_pc,2147501510,35,35,70,105,35,0,0,0,0,pbuf_add_header_impl,/Users/swchen.tw/git/percepio/poc/runs/tcp-workload-matrix-v1/A03-baseline/build/pbuf.o,
by_pc,2147501514,35,70,140,175,35,35,0,0,0,pbuf_add_header_impl,/Users/swchen.tw/git/percepio/poc/runs/tcp-workload-matrix-v1/A03-baseline/build/pbuf.o,
by_pc,2147501516,35,35,70,105,35,0,0,0,0,pbuf_add_header_impl,/Users/swchen.tw/git/percepio/poc/runs/tcp-workload-matrix-v1/A03-baseline/build/pbuf.o,
by_pc,2147501518,35,35,70,105,35,0,0,0,0,pbuf_add_header_impl,/Users/swchen.tw/git/percepio/poc/runs/tcp-workload-matrix-v1/A03-baseline/build/pbuf.o,
by_pc,2147501522,35,35,70,105,35,0,0,0,0,pbuf_add_header_impl,/Users/swchen.tw/git/percepio/poc/runs/tcp-workload-matrix-v1/A03-baseline/build/pbuf.o,
by_pc,2147501526,35,35,70,105,35,0,0,0,0,pbuf_add_header_impl,/Users/swchen.tw/git/percepio/poc/runs/tcp-workload-matrix-v1/A03-baseline/build/pbuf.o,
by_pc,2147501542,35,70,140,175,35,35,0,0,0,pbuf_add_header_impl,/Users/swchen.tw/git/percepio/poc/runs/tcp-workload-matrix-v1/A03-baseline/build/pbuf.o,
by_pc,2147501546,35,735,1470,1505,35,35,280,0,385,pbuf_add_header_impl,/Users/swchen.tw/git/percepio/poc/runs/tcp-workload-matrix-v1/A03-baseline/build/pbuf.o,
by_pc,2147501548,35,735,1470,1505,35,35,280,0,385,pbuf_add_header_impl,/Users/swchen.tw/git/percepio/poc/runs/tcp-workload-matrix-v1/A03-baseline/build/pbuf.o,
by_pc,2147501552,35,35,70,105,35,0,0,0,0,pbuf_add_header_impl,/Users/swchen.tw/git/percepio/poc/runs/tcp-workload-matrix-v1/A03-baseline/build/pbuf.o,
by_pc,2147501554,35,735,1470,1505,35,35,280,0,385,pbuf_add_header_impl,/Users/swchen.tw/git/percepio/poc/runs/tcp-workload-matrix-v1/A03-baseline/build/pbuf.o,
by_pc,2147501558,35,35,70,105,35,0,0,0,0,pbuf_add_header_impl,/Users/swchen.tw/git/percepio/poc/runs/tcp-workload-matrix-v1/A03-baseline/build/pbuf.o,
by_pc,2147501560,35,35,70,105,35,0,0,0,0,pbuf_add_header_impl,/Users/swchen.tw/git/percepio/poc/runs/tcp-workload-matrix-v1/A03-baseline/build/pbuf.o,
by_pc,2147496724,14,14,28,42,14,0,0,0,0,inject,/Users/swchen.tw/git/percepio/poc/runs/tcp-workload-matrix-v1/A03-baseline/build/tcp_request_response_irq.o,
by_pc,2147496742,14,14,28,42,14,0,0,0,0,inject,/Users/swchen.tw/git/percepio/poc/runs/tcp-workload-matrix-v1/A03-baseline/build/tcp_request_response_irq.o,
by_pc,2147496744,14,14,28,42,14,0,0,0,0,inject,/Users/swchen.tw/git/percepio/poc/runs/tcp-workload-matrix-v1/A03-baseline/build/tcp_request_response_irq.o,
by_pc,2147496746,14,14,28,42,14,0,0,0,0,inject,/Users/swchen.tw/git/percepio/poc/runs/tcp-workload-matrix-v1/A03-baseline/build/tcp_request_response_irq.o,
by_pc,2147495418,25,83,166,191,25,0,40,18,0,snapshot,/Users/swchen.tw/git/percepio/poc/runs/tcp-workload-matrix-v1/A03-baseline/build/tcp_request_response_irq.o,
by_pc,2147495420,25,525,1050,1075,25,25,200,0,275,snapshot,/Users/swchen.tw/git/percepio/poc/runs/tcp-workload-matrix-v1/A03-baseline/build/tcp_request_response_irq.o,
by_pc,2147495422,25,525,1050,1075,25,25,200,0,275,snapshot,/Users/swchen.tw/git/percepio/poc/runs/tcp-workload-matrix-v1/A03-baseline/build/tcp_request_response_irq.o,
by_pc,2147495424,25,663,1326,1351,25,25,320,18,275,snapshot,/Users/swchen.tw/git/percepio/poc/runs/tcp-workload-matrix-v1/A03-baseline/build/tcp_request_response_irq.o,
by_pc,2147495426,25,525,1050,1075,25,25,200,0,275,snapshot,/Users/swchen.tw/git/percepio/poc/runs/tcp-workload-matrix-v1/A03-baseline/build/tcp_request_response_irq.o,
by_pc,2147495428,25,25,50,75,25,0,0,0,0,snapshot,/Users/swchen.tw/git/percepio/poc/runs/tcp-workload-matrix-v1/A03-baseline/build/tcp_request_response_irq.o,
by_pc,2147495432,25,50,100,125,25,25,0,0,0,snapshot,/Users/swchen.tw/git/percepio/poc/runs/tcp-workload-matrix-v1/A03-baseline/build/tcp_request_response_irq.o,
by_pc,2147495434,25,25,50,75,25,0,0,0,0,snapshot,/Users/swchen.tw/git/percepio/poc/runs/tcp-workload-matrix-v1/A03-baseline/build/tcp_request_response_irq.o,
by_pc,2147495436,25,25,50,75,25,0,0,0,0,snapshot,/Users/swchen.tw/git/percepio/poc/runs/tcp-workload-matrix-v1/A03-baseline/build/tcp_request_response_irq.o,
by_pc,2147495438,25,25,50,75,25,0,0,0,0,snapshot,/Users/swchen.tw/git/percepio/poc/runs/tcp-workload-matrix-v1/A03-baseline/build/tcp_request_response_irq.o,
by_pc,2147495440,25,25,50,75,25,0,0,0,0,snapshot,/Users/swchen.tw/git/percepio/poc/runs/tcp-workload-matrix-v1/A03-baseline/build/tcp_request_response_irq.o,
by_pc,2147495444,25,50,100,125,25,25,0,0,0,snapshot,/Users/swchen.tw/git/percepio/poc/runs/tcp-workload-matrix-v1/A03-baseline/build/tcp_request_response_irq.o,
by_pc,2147495448,25,25,50,75,25,0,0,0,0,snapshot,/Users/swchen.tw/git/percepio/poc/runs/tcp-workload-matrix-v1/A03-baseline/build/tcp_request_response_irq.o,
by_pc,2147495452,25,25,50,75,25,0,0,0,0,snapshot,/Users/swchen.tw/git/percepio/poc/runs/tcp-workload-matrix-v1/A03-baseline/build/tcp_request_response_irq.o,
by_pc,2147495472,25,50,100,125,25,25,0,0,0,snapshot,/Users/swchen.tw/git/percepio/poc/runs/tcp-workload-matrix-v1/A03-baseline/build/tcp_request_response_irq.o,
by_pc,2147495474,25,50,100,125,25,25,0,0,0,snapshot,/Users/swchen.tw/git/percepio/poc/runs/tcp-workload-matrix-v1/A03-baseline/build/tcp_request_response_irq.o,
by_pc,2147495478,25,25,50,75,25,0,0,0,0,snapshot,/Users/swchen.tw/git/percepio/poc/runs/tcp-workload-matrix-v1/A03-baseline/build/tcp_request_response_irq.o,
by_pc,2147495482,25,25,50,75,25,0,0,0,0,snapshot,/Users/swchen.tw/git/percepio/poc/runs/tcp-workload-matrix-v1/A03-baseline/build/tcp_request_response_irq.o,
by_pc,2147495486,25,180,360,385,50,0,112,18,0,snapshot,/Users/swchen.tw/git/percepio/poc/runs/tcp-workload-matrix-v1/A03-baseline/build/tcp_request_response_irq.o,
by_pc,2147495490,25,25,50,75,25,0,0,0,0,snapshot,/Users/swchen.tw/git/percepio/poc/runs/tcp-workload-matrix-v1/A03-baseline/build/tcp_request_response_irq.o,
by_pc,2147495492,25,561,1122,1147,25,25,200,36,275,snapshot,/Users/swchen.tw/git/percepio/poc/runs/tcp-workload-matrix-v1/A03-baseline/build/tcp_request_response_irq.o,
by_pc,2147495494,25,25,50,75,25,0,0,0,0,snapshot,/Users/swchen.tw/git/percepio/poc/runs/tcp-workload-matrix-v1/A03-baseline/build/tcp_request_response_irq.o,
by_pc,2147495498,25,25,50,75,25,0,0,0,0,snapshot,/Users/swchen.tw/git/percepio/poc/runs/tcp-workload-matrix-v1/A03-baseline/build/tcp_request_response_irq.o,
by_pc,2147495502,25,25,50,75,25,0,0,0,0,snapshot,/Users/swchen.tw/git/percepio/poc/runs/tcp-workload-matrix-v1/A03-baseline/build/tcp_request_response_irq.o,
by_pc,2147495504,25,579,1158,1183,25,25,200,54,275,snapshot,/Users/swchen.tw/git/percepio/poc/runs/tcp-workload-matrix-v1/A03-baseline/build/tcp_request_response_irq.o,
by_pc,2147495508,25,25,50,75,25,0,0,0,0,snapshot,/Users/swchen.tw/git/percepio/poc/runs/tcp-workload-matrix-v1/A03-baseline/build/tcp_request_response_irq.o,
by_pc,2147495512,25,25,50,75,25,0,0,0,0,snapshot,/Users/swchen.tw/git/percepio/poc/runs/tcp-workload-matrix-v1/A03-baseline/build/tcp_request_response_irq.o,
by_pc,2147495516,25,25,50,75,25,0,0,0,0,snapshot,/Users/swchen.tw/git/percepio/poc/runs/tcp-workload-matrix-v1/A03-baseline/build/tcp_request_response_irq.o,
by_pc,2147495520,25,25,50,75,25,0,0,0,0,snapshot,/Users/swchen.tw/git/percepio/poc/runs/tcp-workload-matrix-v1/A03-baseline/build/tcp_request_response_irq.o,
by_pc,2147495524,25,25,50,75,25,0,0,0,0,snapshot,/Users/swchen.tw/git/percepio/poc/runs/tcp-workload-matrix-v1/A03-baseline/build/tcp_request_response_irq.o,
by_pc,2147495526,25,25,50,75,25,0,0,0,0,snapshot,/Users/swchen.tw/git/percepio/poc/runs/tcp-workload-matrix-v1/A03-baseline/build/tcp_request_response_irq.o,
by_pc,2147495528,25,25,50,75,25,0,0,0,0,snapshot,/Users/swchen.tw/git/percepio/poc/runs/tcp-workload-matrix-v1/A03-baseline/build/tcp_request_response_irq.o,
by_pc,2147495530,25,25,50,75,25,0,0,0,0,snapshot,/Users/swchen.tw/git/percepio/poc/runs/tcp-workload-matrix-v1/A03-baseline/build/tcp_request_response_irq.o,
by_pc,2147502496,25,59,118,143,25,0,16,18,0,pbuf_copy_partial,/Users/swchen.tw/git/percepio/poc/runs/tcp-workload-matrix-v1/A03-baseline/build/pbuf.o,
by_pc,2147502498,25,525,1050,1075,25,25,200,0,275,pbuf_copy_partial,/Users/swchen.tw/git/percepio/poc/runs/tcp-workload-matrix-v1/A03-baseline/build/pbuf.o,
by_pc,2147502500,25,525,1050,1075,25,25,200,0,275,pbuf_copy_partial,/Users/swchen.tw/git/percepio/poc/runs/tcp-workload-matrix-v1/A03-baseline/build/pbuf.o,
by_pc,2147502502,25,525,1050,1075,25,25,200,0,275,pbuf_copy_partial,/Users/swchen.tw/git/percepio/poc/runs/tcp-workload-matrix-v1/A03-baseline/build/pbuf.o,
by_pc,2147502504,25,525,1050,1075,25,25,200,0,275,pbuf_copy_partial,/Users/swchen.tw/git/percepio/poc/runs/tcp-workload-matrix-v1/A03-baseline/build/pbuf.o,
by_pc,2147502506,25,525,1050,1075,25,25,200,0,275,pbuf_copy_partial,/Users/swchen.tw/git/percepio/poc/runs/tcp-workload-matrix-v1/A03-baseline/build/pbuf.o,
by_pc,2147502508,25,25,50,75,25,0,0,0,0,pbuf_copy_partial,/Users/swchen.tw/git/percepio/poc/runs/tcp-workload-matrix-v1/A03-baseline/build/pbuf.o,
by_pc,2147502510,25,25,50,75,25,0,0,0,0,pbuf_copy_partial,/Users/swchen.tw/git/percepio/poc/runs/tcp-workload-matrix-v1/A03-baseline/build/pbuf.o,
by_pc,2147502512,25,25,50,75,25,0,0,0,0,pbuf_copy_partial,/Users/swchen.tw/git/percepio/poc/runs/tcp-workload-matrix-v1/A03-baseline/build/pbuf.o,
by_pc,2147502514,25,25,50,75,25,0,0,0,0,pbuf_copy_partial,/Users/swchen.tw/git/percepio/poc/runs/tcp-workload-matrix-v1/A03-baseline/build/pbuf.o,
by_pc,2147502516,25,25,50,75,25,0,0,0,0,pbuf_copy_partial,/Users/swchen.tw/git/percepio/poc/runs/tcp-workload-matrix-v1/A03-baseline/build/pbuf.o,
by_pc,2147502518,25,25,50,75,25,0,0,0,0,pbuf_copy_partial,/Users/swchen.tw/git/percepio/poc/runs/tcp-workload-matrix-v1/A03-baseline/build/pbuf.o,
by_pc,2147502520,58,58,116,174,58,0,0,0,0,pbuf_copy_partial,/Users/swchen.tw/git/percepio/poc/runs/tcp-workload-matrix-v1/A03-baseline/build/pbuf.o,
by_pc,2147502522,33,33,66,99,33,0,0,0,0,pbuf_copy_partial,/Users/swchen.tw/git/percepio/poc/runs/tcp-workload-matrix-v1/A03-baseline/build/pbuf.o,
by_pc,2147502540,33,196,392,425,33,33,112,18,0,pbuf_copy_partial,/Users/swchen.tw/git/percepio/poc/runs/tcp-workload-matrix-v1/A03-baseline/build/pbuf.o,
by_pc,2147502544,33,33,66,99,33,0,0,0,0,pbuf_copy_partial,/Users/swchen.tw/git/percepio/poc/runs/tcp-workload-matrix-v1/A03-baseline/build/pbuf.o,
by_pc,2147502560,33,33,66,99,33,0,0,0,0,pbuf_copy_partial,/Users/swchen.tw/git/percepio/poc/runs/tcp-workload-matrix-v1/A03-baseline/build/pbuf.o,
by_pc,2147502562,33,33,66,99,33,0,0,0,0,pbuf_copy_partial,/Users/swchen.tw/git/percepio/poc/runs/tcp-workload-matrix-v1/A03-baseline/build/pbuf.o,
by_pc,2147502564,33,33,66,99,33,0,0,0,0,pbuf_copy_partial,/Users/swchen.tw/git/percepio/poc/runs/tcp-workload-matrix-v1/A03-baseline/build/pbuf.o,
by_pc,2147502566,33,33,66,99,33,0,0,0,0,pbuf_copy_partial,/Users/swchen.tw/git/percepio/poc/runs/tcp-workload-matrix-v1/A03-baseline/build/pbuf.o,
by_pc,2147502568,33,33,66,99,33,0,0,0,0,pbuf_copy_partial,/Users/swchen.tw/git/percepio/poc/runs/tcp-workload-matrix-v1/A03-baseline/build/pbuf.o,
by_pc,2147502574,33,66,132,165,33,33,0,0,0,pbuf_copy_partial,/Users/swchen.tw/git/percepio/poc/runs/tcp-workload-matrix-v1/A03-baseline/build/pbuf.o,
by_pc,2147502576,33,33,66,99,33,0,0,0,0,pbuf_copy_partial,/Users/swchen.tw/git/percepio/poc/runs/tcp-workload-matrix-v1/A03-baseline/build/pbuf.o,
by_pc,2147502578,33,33,66,99,33,0,0,0,0,pbuf_copy_partial,/Users/swchen.tw/git/percepio/poc/runs/tcp-workload-matrix-v1/A03-baseline/build/pbuf.o,
by_pc,2147502580,33,33,66,99,33,0,0,0,0,pbuf_copy_partial,/Users/swchen.tw/git/percepio/poc/runs/tcp-workload-matrix-v1/A03-baseline/build/pbuf.o,
by_pc,2147502582,33,33,66,99,33,0,0,0,0,pbuf_copy_partial,/Users/swchen.tw/git/percepio/poc/runs/tcp-workload-matrix-v1/A03-baseline/build/pbuf.o,
by_pc,2147502586,33,711,1422,1455,33,33,264,18,363,pbuf_copy_partial,/Users/swchen.tw/git/percepio/poc/runs/tcp-workload-matrix-v1/A03-baseline/build/pbuf.o,
by_pc,2147502588,33,33,66,99,33,0,0,0,0,pbuf_copy_partial,/Users/swchen.tw/git/percepio/poc/runs/tcp-workload-matrix-v1/A03-baseline/build/pbuf.o,
by_pc,2147520114,36,108,216,252,36,0,72,0,0,memcpy,/Users/swchen.tw/git/percepio/poc/.tools/xpack-riscv-none-elf-gcc-15.2.0-1/bin/../lib/gcc/riscv-none-elf/15.2.0/../../../../riscv-none-elf/lib/libg_nano.a(libc_a-memcpy-asm.o),
by_pc,2147520116,36,36,72,108,36,0,0,0,0,memcpy,/Users/swchen.tw/git/percepio/poc/.tools/xpack-riscv-none-elf-gcc-15.2.0-1/bin/../lib/gcc/riscv-none-elf/15.2.0/../../../../riscv-none-elf/lib/libg_nano.a(libc_a-memcpy-asm.o),
by_pc,2147520118,12988,26042,52084,65072,12988,12988,48,18,0,memcpy,/Users/swchen.tw/git/percepio/poc/.tools/xpack-riscv-none-elf-gcc-15.2.0-1/bin/../lib/gcc/riscv-none-elf/15.2.0/../../../../riscv-none-elf/lib/libg_nano.a(libc_a-memcpy-asm.o),
by_pc,2147520122,12988,276870,553740,566728,12988,12988,103904,4122,142868,memcpy,/Users/swchen.tw/git/percepio/poc/.tools/xpack-riscv-none-elf-gcc-15.2.0-1/bin/../lib/gcc/riscv-none-elf/15.2.0/../../../../riscv-none-elf/lib/libg_nano.a(libc_a-memcpy-asm.o),
by_pc,2147520126,12988,12988,25976,38964,12988,0,0,0,0,memcpy,/Users/swchen.tw/git/percepio/poc/.tools/xpack-riscv-none-elf-gcc-15.2.0-1/bin/../lib/gcc/riscv-none-elf/15.2.0/../../../../riscv-none-elf/lib/libg_nano.a(libc_a-memcpy-asm.o),
by_pc,2147520128,12988,13126,26252,39240,12988,0,120,18,0,memcpy,/Users/swchen.tw/git/percepio/poc/.tools/xpack-riscv-none-elf-gcc-15.2.0-1/bin/../lib/gcc/riscv-none-elf/15.2.0/../../../../riscv-none-elf/lib/libg_nano.a(libc_a-memcpy-asm.o),
by_pc,2147520130,12988,12988,25976,38964,12988,0,0,0,0,memcpy,/Users/swchen.tw/git/percepio/poc/.tools/xpack-riscv-none-elf-gcc-15.2.0-1/bin/../lib/gcc/riscv-none-elf/15.2.0/../../../../riscv-none-elf/lib/libg_nano.a(libc_a-memcpy-asm.o),
by_pc,2147520132,12988,12988,25976,38964,12988,0,0,0,0,memcpy,/Users/swchen.tw/git/percepio/poc/.tools/xpack-riscv-none-elf-gcc-15.2.0-1/bin/../lib/gcc/riscv-none-elf/15.2.0/../../../../riscv-none-elf/lib/libg_nano.a(libc_a-memcpy-asm.o),
by_pc,2147520134,36,36,72,108,36,0,0,0,0,memcpy,/Users/swchen.tw/git/percepio/poc/.tools/xpack-riscv-none-elf-gcc-15.2.0-1/bin/../lib/gcc/riscv-none-elf/15.2.0/../../../../riscv-none-elf/lib/libg_nano.a(libc_a-memcpy-asm.o),
by_pc,2147502592,33,172,344,377,33,33,88,18,0,pbuf_copy_partial,/Users/swchen.tw/git/percepio/poc/runs/tcp-workload-matrix-v1/A03-baseline/build/pbuf.o,
by_pc,2147502594,33,33,66,99,33,0,0,0,0,pbuf_copy_partial,/Users/swchen.tw/git/percepio/poc/runs/tcp-workload-matrix-v1/A03-baseline/build/pbuf.o,
by_pc,2147502596,33,33,66,99,33,0,0,0,0,pbuf_copy_partial,/Users/swchen.tw/git/percepio/poc/runs/tcp-workload-matrix-v1/A03-baseline/build/pbuf.o,
by_pc,2147502598,33,33,66,99,33,0,0,0,0,pbuf_copy_partial,/Users/swchen.tw/git/percepio/poc/runs/tcp-workload-matrix-v1/A03-baseline/build/pbuf.o,
by_pc,2147502600,33,33,66,99,33,0,0,0,0,pbuf_copy_partial,/Users/swchen.tw/git/percepio/poc/runs/tcp-workload-matrix-v1/A03-baseline/build/pbuf.o,
by_pc,2147502602,33,33,66,99,33,0,0,0,0,pbuf_copy_partial,/Users/swchen.tw/git/percepio/poc/runs/tcp-workload-matrix-v1/A03-baseline/build/pbuf.o,
by_pc,2147502604,33,33,66,99,33,0,0,0,0,pbuf_copy_partial,/Users/swchen.tw/git/percepio/poc/runs/tcp-workload-matrix-v1/A03-baseline/build/pbuf.o,
by_pc,2147502608,33,33,66,99,33,0,0,0,0,pbuf_copy_partial,/Users/swchen.tw/git/percepio/poc/runs/tcp-workload-matrix-v1/A03-baseline/build/pbuf.o,
by_pc,2147502610,33,33,66,99,33,0,0,0,0,pbuf_copy_partial,/Users/swchen.tw/git/percepio/poc/runs/tcp-workload-matrix-v1/A03-baseline/build/pbuf.o,
by_pc,2147502556,33,66,132,165,33,33,0,0,0,pbuf_copy_partial,/Users/swchen.tw/git/percepio/poc/runs/tcp-workload-matrix-v1/A03-baseline/build/pbuf.o,
by_pc,2147502558,33,33,66,99,33,0,0,0,0,pbuf_copy_partial,/Users/swchen.tw/git/percepio/poc/runs/tcp-workload-matrix-v1/A03-baseline/build/pbuf.o,
by_pc,2147502524,25,50,100,125,25,25,0,0,0,pbuf_copy_partial,/Users/swchen.tw/git/percepio/poc/runs/tcp-workload-matrix-v1/A03-baseline/build/pbuf.o,
by_pc,2147502526,25,50,100,125,25,25,0,0,0,pbuf_copy_partial,/Users/swchen.tw/git/percepio/poc/runs/tcp-workload-matrix-v1/A03-baseline/build/pbuf.o,
by_pc,2147502528,25,50,100,125,25,25,0,0,0,pbuf_copy_partial,/Users/swchen.tw/git/percepio/poc/runs/tcp-workload-matrix-v1/A03-baseline/build/pbuf.o,
by_pc,2147502530,25,50,100,125,25,25,0,0,0,pbuf_copy_partial,/Users/swchen.tw/git/percepio/poc/runs/tcp-workload-matrix-v1/A03-baseline/build/pbuf.o,
by_pc,2147502532,25,25,50,75,25,0,0,0,0,pbuf_copy_partial,/Users/swchen.tw/git/percepio/poc/runs/tcp-workload-matrix-v1/A03-baseline/build/pbuf.o,
by_pc,2147502534,25,50,100,125,25,25,0,0,0,pbuf_copy_partial,/Users/swchen.tw/git/percepio/poc/runs/tcp-workload-matrix-v1/A03-baseline/build/pbuf.o,
by_pc,2147502536,25,25,50,75,25,0,0,0,0,pbuf_copy_partial,/Users/swchen.tw/git/percepio/poc/runs/tcp-workload-matrix-v1/A03-baseline/build/pbuf.o,
by_pc,2147502538,25,25,50,75,25,0,0,0,0,pbuf_copy_partial,/Users/swchen.tw/git/percepio/poc/runs/tcp-workload-matrix-v1/A03-baseline/build/pbuf.o,
by_pc,2147495534,25,58,116,141,25,25,8,0,0,snapshot,/Users/swchen.tw/git/percepio/poc/runs/tcp-workload-matrix-v1/A03-baseline/build/tcp_request_response_irq.o,
by_pc,2147495538,25,25,50,75,25,0,0,0,0,snapshot,/Users/swchen.tw/git/percepio/poc/runs/tcp-workload-matrix-v1/A03-baseline/build/tcp_request_response_irq.o,
by_pc,2147495558,25,108,216,241,25,25,40,18,0,snapshot,/Users/swchen.tw/git/percepio/poc/runs/tcp-workload-matrix-v1/A03-baseline/build/tcp_request_response_irq.o,
by_pc,2147495560,25,25,50,75,25,0,0,0,0,snapshot,/Users/swchen.tw/git/percepio/poc/runs/tcp-workload-matrix-v1/A03-baseline/build/tcp_request_response_irq.o,
by_pc,2147495562,25,525,1050,1075,25,25,200,0,275,snapshot,/Users/swchen.tw/git/percepio/poc/runs/tcp-workload-matrix-v1/A03-baseline/build/tcp_request_response_irq.o,
by_pc,2147495564,25,50,100,125,25,25,0,0,0,snapshot,/Users/swchen.tw/git/percepio/poc/runs/tcp-workload-matrix-v1/A03-baseline/build/tcp_request_response_irq.o,
by_pc,2147495566,25,50,100,125,25,25,0,0,0,snapshot,/Users/swchen.tw/git/percepio/poc/runs/tcp-workload-matrix-v1/A03-baseline/build/tcp_request_response_irq.o,
by_pc,2147495568,25,50,100,125,25,25,0,0,0,snapshot,/Users/swchen.tw/git/percepio/poc/runs/tcp-workload-matrix-v1/A03-baseline/build/tcp_request_response_irq.o,
by_pc,2147495570,25,50,100,125,25,25,0,0,0,snapshot,/Users/swchen.tw/git/percepio/poc/runs/tcp-workload-matrix-v1/A03-baseline/build/tcp_request_response_irq.o,
by_pc,2147495572,25,25,50,75,25,0,0,0,0,snapshot,/Users/swchen.tw/git/percepio/poc/runs/tcp-workload-matrix-v1/A03-baseline/build/tcp_request_response_irq.o,
by_pc,2147495574,25,25,50,75,25,0,0,0,0,snapshot,/Users/swchen.tw/git/percepio/poc/runs/tcp-workload-matrix-v1/A03-baseline/build/tcp_request_response_irq.o,
by_pc,2147496750,14,14,28,42,14,0,0,0,0,inject,/Users/swchen.tw/git/percepio/poc/runs/tcp-workload-matrix-v1/A03-baseline/build/tcp_request_response_irq.o,
by_pc,2147496754,14,14,28,42,14,0,0,0,0,inject,/Users/swchen.tw/git/percepio/poc/runs/tcp-workload-matrix-v1/A03-baseline/build/tcp_request_response_irq.o,
by_pc,2147496758,14,14,28,42,14,0,0,0,0,inject,/Users/swchen.tw/git/percepio/poc/runs/tcp-workload-matrix-v1/A03-baseline/build/tcp_request_response_irq.o,
by_pc,2147496762,14,14,28,42,14,0,0,0,0,inject,/Users/swchen.tw/git/percepio/poc/runs/tcp-workload-matrix-v1/A03-baseline/build/tcp_request_response_irq.o,
by_pc,2147496766,14,14,28,42,14,0,0,0,0,inject,/Users/swchen.tw/git/percepio/poc/runs/tcp-workload-matrix-v1/A03-baseline/build/tcp_request_response_irq.o,
by_pc,2147496768,14,56,112,126,14,0,24,18,0,inject,/Users/swchen.tw/git/percepio/poc/runs/tcp-workload-matrix-v1/A03-baseline/build/tcp_request_response_irq.o,
by_pc,2147517866,14,88,176,190,14,0,56,18,0,ip4_input,/Users/swchen.tw/git/percepio/poc/runs/tcp-workload-matrix-v1/A03-baseline/build/ip4.o,
by_pc,2147517870,14,36,72,86,14,14,8,0,0,ip4_input,/Users/swchen.tw/git/percepio/poc/runs/tcp-workload-matrix-v1/A03-baseline/build/ip4.o,
by_pc,2147517874,14,14,28,42,14,0,0,0,0,ip4_input,/Users/swchen.tw/git/percepio/poc/runs/tcp-workload-matrix-v1/A03-baseline/build/ip4.o,
by_pc,2147517876,14,294,588,602,14,14,112,0,154,ip4_input,/Users/swchen.tw/git/percepio/poc/runs/tcp-workload-matrix-v1/A03-baseline/build/ip4.o,
by_pc,2147517878,14,14,28,42,14,0,0,0,0,ip4_input,/Users/swchen.tw/git/percepio/poc/runs/tcp-workload-matrix-v1/A03-baseline/build/ip4.o,
by_pc,2147517880,14,14,28,42,14,0,0,0,0,ip4_input,/Users/swchen.tw/git/percepio/poc/runs/tcp-workload-matrix-v1/A03-baseline/build/ip4.o,
by_pc,2147517884,14,294,588,602,14,14,112,0,154,ip4_input,/Users/swchen.tw/git/percepio/poc/runs/tcp-workload-matrix-v1/A03-baseline/build/ip4.o,
by_pc,2147517888,14,442,884,898,14,14,224,36,154,ip4_input,/Users/swchen.tw/git/percepio/poc/runs/tcp-workload-matrix-v1/A03-baseline/build/ip4.o,
by_pc,2147517890,14,294,588,602,14,14,112,0,154,ip4_input,/Users/swchen.tw/git/percepio/poc/runs/tcp-workload-matrix-v1/A03-baseline/build/ip4.o,
by_pc,2147517892,14,294,588,602,14,14,112,0,154,ip4_input,/Users/swchen.tw/git/percepio/poc/runs/tcp-workload-matrix-v1/A03-baseline/build/ip4.o,
by_pc,2147517894,14,294,588,602,14,14,112,0,154,ip4_input,/Users/swchen.tw/git/percepio/poc/runs/tcp-workload-matrix-v1/A03-baseline/build/ip4.o,
by_pc,2147517896,14,294,588,602,14,14,112,0,154,ip4_input,/Users/swchen.tw/git/percepio/poc/runs/tcp-workload-matrix-v1/A03-baseline/build/ip4.o,
by_pc,2147517898,14,294,588,602,14,14,112,0,154,ip4_input,/Users/swchen.tw/git/percepio/poc/runs/tcp-workload-matrix-v1/A03-baseline/build/ip4.o,
by_pc,2147517900,14,294,588,602,14,14,112,0,154,ip4_input,/Users/swchen.tw/git/percepio/poc/runs/tcp-workload-matrix-v1/A03-baseline/build/ip4.o,
by_pc,2147517902,14,28,56,70,14,14,0,0,0,ip4_input,/Users/swchen.tw/git/percepio/poc/runs/tcp-workload-matrix-v1/A03-baseline/build/ip4.o,
by_pc,2147517904,14,14,28,42,14,0,0,0,0,ip4_input,/Users/swchen.tw/git/percepio/poc/runs/tcp-workload-matrix-v1/A03-baseline/build/ip4.o,
by_pc,2147517906,14,28,56,70,14,14,0,0,0,ip4_input,/Users/swchen.tw/git/percepio/poc/runs/tcp-workload-matrix-v1/A03-baseline/build/ip4.o,
by_pc,2147517910,14,14,28,42,14,0,0,0,0,ip4_input,/Users/swchen.tw/git/percepio/poc/runs/tcp-workload-matrix-v1/A03-baseline/build/ip4.o,
by_pc,2147517914,14,14,28,42,14,0,0,0,0,ip4_input,/Users/swchen.tw/git/percepio/poc/runs/tcp-workload-matrix-v1/A03-baseline/build/ip4.o,
by_pc,2147517980,14,178,356,370,14,14,96,54,0,ip4_input,/Users/swchen.tw/git/percepio/poc/runs/tcp-workload-matrix-v1/A03-baseline/build/ip4.o,
by_pc,2147517984,14,14,28,42,14,0,0,0,0,ip4_input,/Users/swchen.tw/git/percepio/poc/runs/tcp-workload-matrix-v1/A03-baseline/build/ip4.o,
by_pc,2147517986,14,28,56,70,14,14,0,0,0,ip4_input,/Users/swchen.tw/git/percepio/poc/runs/tcp-workload-matrix-v1/A03-baseline/build/ip4.o,
by_pc,2147517990,14,14,28,42,14,0,0,0,0,ip4_input,/Users/swchen.tw/git/percepio/poc/runs/tcp-workload-matrix-v1/A03-baseline/build/ip4.o,
by_pc,2147517992,14,14,28,42,14,0,0,0,0,ip4_input,/Users/swchen.tw/git/percepio/poc/runs/tcp-workload-matrix-v1/A03-baseline/build/ip4.o,
by_pc,2147517994,14,14,28,42,14,0,0,0,0,ip4_input,/Users/swchen.tw/git/percepio/poc/runs/tcp-workload-matrix-v1/A03-baseline/build/ip4.o,
by_pc,2147517996,14,14,28,42,14,0,0,0,0,ip4_input,/Users/swchen.tw/git/percepio/poc/runs/tcp-workload-matrix-v1/A03-baseline/build/ip4.o,
by_pc,2147518000,14,28,56,70,14,14,0,0,0,ip4_input,/Users/swchen.tw/git/percepio/poc/runs/tcp-workload-matrix-v1/A03-baseline/build/ip4.o,
by_pc,2147518004,14,14,28,42,14,0,0,0,0,ip4_input,/Users/swchen.tw/git/percepio/poc/runs/tcp-workload-matrix-v1/A03-baseline/build/ip4.o,
by_pc,2147518008,14,14,28,42,14,0,0,0,0,ip4_input,/Users/swchen.tw/git/percepio/poc/runs/tcp-workload-matrix-v1/A03-baseline/build/ip4.o,
by_pc,2147518010,14,14,28,42,14,0,0,0,0,ip4_input,/Users/swchen.tw/git/percepio/poc/runs/tcp-workload-matrix-v1/A03-baseline/build/ip4.o,
by_pc,2147518012,14,14,28,42,14,0,0,0,0,ip4_input,/Users/swchen.tw/git/percepio/poc/runs/tcp-workload-matrix-v1/A03-baseline/build/ip4.o,
by_pc,2147518024,14,194,388,402,14,14,112,54,0,ip4_input,/Users/swchen.tw/git/percepio/poc/runs/tcp-workload-matrix-v1/A03-baseline/build/ip4.o,
by_pc,2147518028,14,14,28,42,14,0,0,0,0,ip4_input,/Users/swchen.tw/git/percepio/poc/runs/tcp-workload-matrix-v1/A03-baseline/build/ip4.o,
by_pc,2147518032,14,28,56,70,14,14,0,0,0,ip4_input,/Users/swchen.tw/git/percepio/poc/runs/tcp-workload-matrix-v1/A03-baseline/build/ip4.o,
by_pc,2147518036,14,14,28,42,14,0,0,0,0,ip4_input,/Users/swchen.tw/git/percepio/poc/runs/tcp-workload-matrix-v1/A03-baseline/build/ip4.o,
by_pc,2147518040,14,14,28,42,14,0,0,0,0,ip4_input,/Users/swchen.tw/git/percepio/poc/runs/tcp-workload-matrix-v1/A03-baseline/build/ip4.o,
by_pc,2147518044,14,14,28,42,14,0,0,0,0,ip4_input,/Users/swchen.tw/git/percepio/poc/runs/tcp-workload-matrix-v1/A03-baseline/build/ip4.o,
by_pc,2147518072,14,14,28,42,14,0,0,0,0,ip4_input,/Users/swchen.tw/git/percepio/poc/runs/tcp-workload-matrix-v1/A03-baseline/build/ip4.o,
by_pc,2147518074,14,14,28,42,14,0,0,0,0,ip4_input,/Users/swchen.tw/git/percepio/poc/runs/tcp-workload-matrix-v1/A03-baseline/build/ip4.o,
by_pc,2147518076,14,14,28,42,14,0,0,0,0,ip4_input,/Users/swchen.tw/git/percepio/poc/runs/tcp-workload-matrix-v1/A03-baseline/build/ip4.o,
by_pc,2147518080,14,144,288,302,14,0,112,18,0,ip4_input,/Users/swchen.tw/git/percepio/poc/runs/tcp-workload-matrix-v1/A03-baseline/build/ip4.o,
by_pc,2147518108,14,28,56,70,14,14,0,0,0,ip4_input,/Users/swchen.tw/git/percepio/poc/runs/tcp-workload-matrix-v1/A03-baseline/build/ip4.o,
by_pc,2147518112,14,28,56,70,14,14,0,0,0,ip4_input,/Users/swchen.tw/git/percepio/poc/runs/tcp-workload-matrix-v1/A03-baseline/build/ip4.o,
by_pc,2147518116,14,14,28,42,14,0,0,0,0,ip4_input,/Users/swchen.tw/git/percepio/poc/runs/tcp-workload-matrix-v1/A03-baseline/build/ip4.o,
by_pc,2147518120,14,14,28,42,14,0,0,0,0,ip4_input,/Users/swchen.tw/git/percepio/poc/runs/tcp-workload-matrix-v1/A03-baseline/build/ip4.o,
by_pc,2147518124,14,14,28,42,14,0,0,0,0,ip4_input,/Users/swchen.tw/git/percepio/poc/runs/tcp-workload-matrix-v1/A03-baseline/build/ip4.o,
by_pc,2147518126,14,14,28,42,14,0,0,0,0,ip4_input,/Users/swchen.tw/git/percepio/poc/runs/tcp-workload-matrix-v1/A03-baseline/build/ip4.o,
by_pc,2147518128,14,28,56,70,14,14,0,0,0,ip4_input,/Users/swchen.tw/git/percepio/poc/runs/tcp-workload-matrix-v1/A03-baseline/build/ip4.o,
by_pc,2147518132,14,14,28,42,14,0,0,0,0,ip4_input,/Users/swchen.tw/git/percepio/poc/runs/tcp-workload-matrix-v1/A03-baseline/build/ip4.o,
by_pc,2147518134,14,14,28,42,14,0,0,0,0,ip4_input,/Users/swchen.tw/git/percepio/poc/runs/tcp-workload-matrix-v1/A03-baseline/build/ip4.o,
by_pc,2147518136,14,28,56,70,14,14,0,0,0,ip4_input,/Users/swchen.tw/git/percepio/poc/runs/tcp-workload-matrix-v1/A03-baseline/build/ip4.o,
by_pc,2147518140,14,14,28,42,14,0,0,0,0,ip4_input,/Users/swchen.tw/git/percepio/poc/runs/tcp-workload-matrix-v1/A03-baseline/build/ip4.o,
by_pc,2147518142,14,14,28,42,14,0,0,0,0,ip4_input,/Users/swchen.tw/git/percepio/poc/runs/tcp-workload-matrix-v1/A03-baseline/build/ip4.o,
by_pc,2147518144,14,400,800,814,14,14,200,18,154,ip4_input,/Users/swchen.tw/git/percepio/poc/runs/tcp-workload-matrix-v1/A03-baseline/build/ip4.o,
by_pc,2147518148,14,28,56,70,14,14,0,0,0,ip4_input,/Users/swchen.tw/git/percepio/poc/runs/tcp-workload-matrix-v1/A03-baseline/build/ip4.o,
by_pc,2147518152,14,28,56,70,14,14,0,0,0,ip4_input,/Users/swchen.tw/git/percepio/poc/runs/tcp-workload-matrix-v1/A03-baseline/build/ip4.o,
by_pc,2147518156,14,14,28,42,14,0,0,0,0,ip4_input,/Users/swchen.tw/git/percepio/poc/runs/tcp-workload-matrix-v1/A03-baseline/build/ip4.o,
by_pc,2147518160,14,14,28,42,14,0,0,0,0,ip4_input,/Users/swchen.tw/git/percepio/poc/runs/tcp-workload-matrix-v1/A03-baseline/build/ip4.o,
by_pc,2147518162,14,14,28,42,14,0,0,0,0,ip4_input,/Users/swchen.tw/git/percepio/poc/runs/tcp-workload-matrix-v1/A03-baseline/build/ip4.o,
by_pc,2147518164,14,28,56,70,14,14,0,0,0,ip4_input,/Users/swchen.tw/git/percepio/poc/runs/tcp-workload-matrix-v1/A03-baseline/build/ip4.o,
by_pc,2147518168,14,14,28,42,14,0,0,0,0,ip4_input,/Users/swchen.tw/git/percepio/poc/runs/tcp-workload-matrix-v1/A03-baseline/build/ip4.o,
by_pc,2147518170,14,14,28,42,14,0,0,0,0,ip4_input,/Users/swchen.tw/git/percepio/poc/runs/tcp-workload-matrix-v1/A03-baseline/build/ip4.o,
by_pc,2147518172,14,28,56,70,14,14,0,0,0,ip4_input,/Users/swchen.tw/git/percepio/poc/runs/tcp-workload-matrix-v1/A03-baseline/build/ip4.o,
by_pc,2147518176,14,14,28,42,14,0,0,0,0,ip4_input,/Users/swchen.tw/git/percepio/poc/runs/tcp-workload-matrix-v1/A03-baseline/build/ip4.o,
by_pc,2147518178,14,14,28,42,14,0,0,0,0,ip4_input,/Users/swchen.tw/git/percepio/poc/runs/tcp-workload-matrix-v1/A03-baseline/build/ip4.o,
by_pc,2147518180,14,294,588,602,14,14,112,0,154,ip4_input,/Users/swchen.tw/git/percepio/poc/runs/tcp-workload-matrix-v1/A03-baseline/build/ip4.o,
by_pc,2147518184,14,14,28,42,14,0,0,0,0,ip4_input,/Users/swchen.tw/git/percepio/poc/runs/tcp-workload-matrix-v1/A03-baseline/build/ip4.o,
by_pc,2147518188,14,14,28,42,14,0,0,0,0,ip4_input,/Users/swchen.tw/git/percepio/poc/runs/tcp-workload-matrix-v1/A03-baseline/build/ip4.o,
by_pc,2147518242,14,144,288,302,14,0,112,18,0,ip4_input,/Users/swchen.tw/git/percepio/poc/runs/tcp-workload-matrix-v1/A03-baseline/build/ip4.o,
by_pc,2147518244,14,14,28,42,14,0,0,0,0,ip4_input,/Users/swchen.tw/git/percepio/poc/runs/tcp-workload-matrix-v1/A03-baseline/build/ip4.o,
by_pc,2147517702,14,62,124,138,14,14,16,18,0,ip4_input_accept,/Users/swchen.tw/git/percepio/poc/runs/tcp-workload-matrix-v1/A03-baseline/build/ip4.o,
by_pc,2147517706,14,14,28,42,14,0,0,0,0,ip4_input_accept,/Users/swchen.tw/git/percepio/poc/runs/tcp-workload-matrix-v1/A03-baseline/build/ip4.o,
by_pc,2147517708,14,14,28,42,14,0,0,0,0,ip4_input_accept,/Users/swchen.tw/git/percepio/poc/runs/tcp-workload-matrix-v1/A03-baseline/build/ip4.o,
by_pc,2147517710,14,54,108,122,14,14,8,18,0,ip4_input_accept,/Users/swchen.tw/git/percepio/poc/runs/tcp-workload-matrix-v1/A03-baseline/build/ip4.o,
by_pc,2147517712,14,14,28,42,14,0,0,0,0,ip4_input_accept,/Users/swchen.tw/git/percepio/poc/runs/tcp-workload-matrix-v1/A03-baseline/build/ip4.o,
by_pc,2147517714,14,14,28,42,14,0,0,0,0,ip4_input_accept,/Users/swchen.tw/git/percepio/poc/runs/tcp-workload-matrix-v1/A03-baseline/build/ip4.o,
by_pc,2147517716,14,14,28,42,14,0,0,0,0,ip4_input_accept,/Users/swchen.tw/git/percepio/poc/runs/tcp-workload-matrix-v1/A03-baseline/build/ip4.o,
by_pc,2147517718,14,14,28,42,14,0,0,0,0,ip4_input_accept,/Users/swchen.tw/git/percepio/poc/runs/tcp-workload-matrix-v1/A03-baseline/build/ip4.o,
by_pc,2147517722,14,28,56,70,14,14,0,0,0,ip4_input_accept,/Users/swchen.tw/git/percepio/poc/runs/tcp-workload-matrix-v1/A03-baseline/build/ip4.o,
by_pc,2147517726,14,14,28,42,14,0,0,0,0,ip4_input_accept,/Users/swchen.tw/git/percepio/poc/runs/tcp-workload-matrix-v1/A03-baseline/build/ip4.o,
by_pc,2147517728,14,14,28,42,14,0,0,0,0,ip4_input_accept,/Users/swchen.tw/git/percepio/poc/runs/tcp-workload-matrix-v1/A03-baseline/build/ip4.o,
by_pc,2147517750,14,14,28,42,14,0,0,0,0,ip4_input_accept,/Users/swchen.tw/git/percepio/poc/runs/tcp-workload-matrix-v1/A03-baseline/build/ip4.o,
by_pc,2147517752,14,14,28,42,14,0,0,0,0,ip4_input_accept,/Users/swchen.tw/git/percepio/poc/runs/tcp-workload-matrix-v1/A03-baseline/build/ip4.o,
by_pc,2147518248,14,14,28,42,14,0,0,0,0,ip4_input,/Users/swchen.tw/git/percepio/poc/runs/tcp-workload-matrix-v1/A03-baseline/build/ip4.o,
by_pc,2147518206,14,14,28,42,14,0,0,0,0,ip4_input,/Users/swchen.tw/git/percepio/poc/runs/tcp-workload-matrix-v1/A03-baseline/build/ip4.o,
by_pc,2147518208,14,28,56,70,14,14,0,0,0,ip4_input,/Users/swchen.tw/git/percepio/poc/runs/tcp-workload-matrix-v1/A03-baseline/build/ip4.o,
by_pc,2147518212,14,14,28,42,14,0,0,0,0,ip4_input,/Users/swchen.tw/git/percepio/poc/runs/tcp-workload-matrix-v1/A03-baseline/build/ip4.o,
by_pc,2147518214,14,14,28,42,14,0,0,0,0,ip4_input,/Users/swchen.tw/git/percepio/poc/runs/tcp-workload-matrix-v1/A03-baseline/build/ip4.o,
by_pc,2147518970,28,86,172,200,28,0,40,18,0,ip4_addr_isbroadcast_u32,/Users/swchen.tw/git/percepio/poc/runs/tcp-workload-matrix-v1/A03-baseline/build/ip4_addr.o,
by_pc,2147518974,28,28,56,84,28,0,0,0,0,ip4_addr_isbroadcast_u32,/Users/swchen.tw/git/percepio/poc/runs/tcp-workload-matrix-v1/A03-baseline/build/ip4_addr.o,
by_pc,2147518976,28,158,316,344,28,0,112,18,0,ip4_addr_isbroadcast_u32,/Users/swchen.tw/git/percepio/poc/runs/tcp-workload-matrix-v1/A03-baseline/build/ip4_addr.o,
by_pc,2147518980,28,56,112,140,28,28,0,0,0,ip4_addr_isbroadcast_u32,/Users/swchen.tw/git/percepio/poc/runs/tcp-workload-matrix-v1/A03-baseline/build/ip4_addr.o,
by_pc,2147518984,28,28,56,84,28,0,0,0,0,ip4_addr_isbroadcast_u32,/Users/swchen.tw/git/percepio/poc/runs/tcp-workload-matrix-v1/A03-baseline/build/ip4_addr.o,
by_pc,2147518986,28,28,56,84,28,0,0,0,0,ip4_addr_isbroadcast_u32,/Users/swchen.tw/git/percepio/poc/runs/tcp-workload-matrix-v1/A03-baseline/build/ip4_addr.o,
by_pc,2147519016,28,28,56,84,28,0,0,0,0,ip4_addr_isbroadcast_u32,/Users/swchen.tw/git/percepio/poc/runs/tcp-workload-matrix-v1/A03-baseline/build/ip4_addr.o,
by_pc,2147519018,28,28,56,84,28,0,0,0,0,ip4_addr_isbroadcast_u32,/Users/swchen.tw/git/percepio/poc/runs/tcp-workload-matrix-v1/A03-baseline/build/ip4_addr.o,
by_pc,2147518216,14,14,28,42,14,0,0,0,0,ip4_input,/Users/swchen.tw/git/percepio/poc/runs/tcp-workload-matrix-v1/A03-baseline/build/ip4.o,
by_pc,2147518218,14,28,56,70,14,14,0,0,0,ip4_input,/Users/swchen.tw/git/percepio/poc/runs/tcp-workload-matrix-v1/A03-baseline/build/ip4.o,
by_pc,2147518222,14,14,28,42,14,0,0,0,0,ip4_input,/Users/swchen.tw/git/percepio/poc/runs/tcp-workload-matrix-v1/A03-baseline/build/ip4.o,
by_pc,2147518226,14,14,28,42,14,0,0,0,0,ip4_input,/Users/swchen.tw/git/percepio/poc/runs/tcp-workload-matrix-v1/A03-baseline/build/ip4.o,
by_pc,2147518230,14,14,28,42,14,0,0,0,0,ip4_input,/Users/swchen.tw/git/percepio/poc/runs/tcp-workload-matrix-v1/A03-baseline/build/ip4.o,
by_pc,2147518294,14,112,224,238,14,0,80,18,0,ip4_input,/Users/swchen.tw/git/percepio/poc/runs/tcp-workload-matrix-v1/A03-baseline/build/ip4.o,
by_pc,2147518324,14,28,56,70,14,14,0,0,0,ip4_input,/Users/swchen.tw/git/percepio/poc/runs/tcp-workload-matrix-v1/A03-baseline/build/ip4.o,
by_pc,2147518328,14,28,56,70,14,14,0,0,0,ip4_input,/Users/swchen.tw/git/percepio/poc/runs/tcp-workload-matrix-v1/A03-baseline/build/ip4.o,
by_pc,2147518332,14,14,28,42,14,0,0,0,0,ip4_input,/Users/swchen.tw/git/percepio/poc/runs/tcp-workload-matrix-v1/A03-baseline/build/ip4.o,
by_pc,2147518336,14,130,260,274,14,0,80,36,0,ip4_input,/Users/swchen.tw/git/percepio/poc/runs/tcp-workload-matrix-v1/A03-baseline/build/ip4.o,
by_pc,2147518338,14,14,28,42,14,0,0,0,0,ip4_input,/Users/swchen.tw/git/percepio/poc/runs/tcp-workload-matrix-v1/A03-baseline/build/ip4.o,
by_pc,2147518340,14,14,28,42,14,0,0,0,0,ip4_input,/Users/swchen.tw/git/percepio/poc/runs/tcp-workload-matrix-v1/A03-baseline/build/ip4.o,
by_pc,2147518368,14,294,588,602,14,14,112,0,154,ip4_input,/Users/swchen.tw/git/percepio/poc/runs/tcp-workload-matrix-v1/A03-baseline/build/ip4.o,
by_pc,2147518372,14,294,588,602,14,14,112,0,154,ip4_input,/Users/swchen.tw/git/percepio/poc/runs/tcp-workload-matrix-v1/A03-baseline/build/ip4.o,
by_pc,2147518376,14,294,588,602,14,14,112,0,154,ip4_input,/Users/swchen.tw/git/percepio/poc/runs/tcp-workload-matrix-v1/A03-baseline/build/ip4.o,
by_pc,2147518380,14,28,56,70,14,14,0,0,0,ip4_input,/Users/swchen.tw/git/percepio/poc/runs/tcp-workload-matrix-v1/A03-baseline/build/ip4.o,
by_pc,2147518384,14,14,28,42,14,0,0,0,0,ip4_input,/Users/swchen.tw/git/percepio/poc/runs/tcp-workload-matrix-v1/A03-baseline/build/ip4.o,
by_pc,2147518386,14,14,28,42,14,0,0,0,0,ip4_input,/Users/swchen.tw/git/percepio/poc/runs/tcp-workload-matrix-v1/A03-baseline/build/ip4.o,
by_pc,2147518388,14,14,28,42,14,0,0,0,0,ip4_input,/Users/swchen.tw/git/percepio/poc/runs/tcp-workload-matrix-v1/A03-baseline/build/ip4.o,
by_pc,2147518390,14,14,28,42,14,0,0,0,0,ip4_input,/Users/swchen.tw/git/percepio/poc/runs/tcp-workload-matrix-v1/A03-baseline/build/ip4.o,
by_pc,2147518392,14,294,588,602,14,14,112,0,154,ip4_input,/Users/swchen.tw/git/percepio/poc/runs/tcp-workload-matrix-v1/A03-baseline/build/ip4.o,
by_pc,2147518396,14,14,28,42,14,0,0,0,0,ip4_input,/Users/swchen.tw/git/percepio/poc/runs/tcp-workload-matrix-v1/A03-baseline/build/ip4.o,
by_pc,2147518400,14,88,176,190,14,14,24,36,0,ip4_input,/Users/swchen.tw/git/percepio/poc/runs/tcp-workload-matrix-v1/A03-baseline/build/ip4.o,
by_pc,2147518404,14,14,28,42,14,0,0,0,0,ip4_input,/Users/swchen.tw/git/percepio/poc/runs/tcp-workload-matrix-v1/A03-baseline/build/ip4.o,
by_pc,2147518406,14,14,28,42,14,0,0,0,0,ip4_input,/Users/swchen.tw/git/percepio/poc/runs/tcp-workload-matrix-v1/A03-baseline/build/ip4.o,
by_pc,2147518410,14,14,28,42,14,0,0,0,0,ip4_input,/Users/swchen.tw/git/percepio/poc/runs/tcp-workload-matrix-v1/A03-baseline/build/ip4.o,
by_pc,2147518412,14,14,28,42,14,0,0,0,0,ip4_input,/Users/swchen.tw/git/percepio/poc/runs/tcp-workload-matrix-v1/A03-baseline/build/ip4.o,
by_pc,2147518416,14,14,28,42,14,0,0,0,0,ip4_input,/Users/swchen.tw/git/percepio/poc/runs/tcp-workload-matrix-v1/A03-baseline/build/ip4.o,
by_pc,2147518418,14,14,28,42,14,0,0,0,0,ip4_input,/Users/swchen.tw/git/percepio/poc/runs/tcp-workload-matrix-v1/A03-baseline/build/ip4.o,
by_pc,2147518420,14,14,28,42,14,0,0,0,0,ip4_input,/Users/swchen.tw/git/percepio/poc/runs/tcp-workload-matrix-v1/A03-baseline/build/ip4.o,
by_pc,2147509280,14,56,112,126,14,0,24,18,0,tcp_input,/Users/swchen.tw/git/percepio/poc/runs/tcp-workload-matrix-v1/A03-baseline/build/tcp_in.o,
by_pc,2147509284,14,28,56,70,14,14,0,0,0,tcp_input,/Users/swchen.tw/git/percepio/poc/runs/tcp-workload-matrix-v1/A03-baseline/build/tcp_in.o,
by_pc,2147509288,14,14,28,42,14,0,0,0,0,tcp_input,/Users/swchen.tw/git/percepio/poc/runs/tcp-workload-matrix-v1/A03-baseline/build/tcp_in.o,
by_pc,2147509290,14,294,588,602,14,14,112,0,154,tcp_input,/Users/swchen.tw/git/percepio/poc/runs/tcp-workload-matrix-v1/A03-baseline/build/tcp_in.o,
by_pc,2147509292,14,14,28,42,14,0,0,0,0,tcp_input,/Users/swchen.tw/git/percepio/poc/runs/tcp-workload-matrix-v1/A03-baseline/build/tcp_in.o,
by_pc,2147509294,14,294,588,602,14,14,112,0,154,tcp_input,/Users/swchen.tw/git/percepio/poc/runs/tcp-workload-matrix-v1/A03-baseline/build/tcp_in.o,
by_pc,2147509296,14,294,588,602,14,14,112,0,154,tcp_input,/Users/swchen.tw/git/percepio/poc/runs/tcp-workload-matrix-v1/A03-baseline/build/tcp_in.o,
by_pc,2147509298,14,294,588,602,14,14,112,0,154,tcp_input,/Users/swchen.tw/git/percepio/poc/runs/tcp-workload-matrix-v1/A03-baseline/build/tcp_in.o,
by_pc,2147509300,14,294,588,602,14,14,112,0,154,tcp_input,/Users/swchen.tw/git/percepio/poc/runs/tcp-workload-matrix-v1/A03-baseline/build/tcp_in.o,
by_pc,2147509302,14,294,588,602,14,14,112,0,154,tcp_input,/Users/swchen.tw/git/percepio/poc/runs/tcp-workload-matrix-v1/A03-baseline/build/tcp_in.o,
by_pc,2147509304,14,294,588,602,14,14,112,0,154,tcp_input,/Users/swchen.tw/git/percepio/poc/runs/tcp-workload-matrix-v1/A03-baseline/build/tcp_in.o,
by_pc,2147509306,14,294,588,602,14,14,112,0,154,tcp_input,/Users/swchen.tw/git/percepio/poc/runs/tcp-workload-matrix-v1/A03-baseline/build/tcp_in.o,
by_pc,2147509308,14,294,588,602,14,14,112,0,154,tcp_input,/Users/swchen.tw/git/percepio/poc/runs/tcp-workload-matrix-v1/A03-baseline/build/tcp_in.o,
by_pc,2147509310,14,70,140,154,28,0,24,18,0,tcp_input,/Users/swchen.tw/git/percepio/poc/runs/tcp-workload-matrix-v1/A03-baseline/build/tcp_in.o,
by_pc,2147509314,14,294,588,602,14,14,112,0,154,tcp_input,/Users/swchen.tw/git/percepio/poc/runs/tcp-workload-matrix-v1/A03-baseline/build/tcp_in.o,
by_pc,2147509318,14,28,56,70,14,14,0,0,0,tcp_input,/Users/swchen.tw/git/percepio/poc/runs/tcp-workload-matrix-v1/A03-baseline/build/tcp_in.o,
by_pc,2147509320,14,14,28,42,14,0,0,0,0,tcp_input,/Users/swchen.tw/git/percepio/poc/runs/tcp-workload-matrix-v1/A03-baseline/build/tcp_in.o,
by_pc,2147509324,14,14,28,42,14,0,0,0,0,tcp_input,/Users/swchen.tw/git/percepio/poc/runs/tcp-workload-matrix-v1/A03-baseline/build/tcp_in.o,
by_pc,2147509326,14,312,624,638,14,14,112,18,154,tcp_input,/Users/swchen.tw/git/percepio/poc/runs/tcp-workload-matrix-v1/A03-baseline/build/tcp_in.o,
by_pc,2147509330,14,28,56,70,14,14,0,0,0,tcp_input,/Users/swchen.tw/git/percepio/poc/runs/tcp-workload-matrix-v1/A03-baseline/build/tcp_in.o,
by_pc,2147509334,14,14,28,42,14,0,0,0,0,tcp_input,/Users/swchen.tw/git/percepio/poc/runs/tcp-workload-matrix-v1/A03-baseline/build/tcp_in.o,
by_pc,2147509336,14,14,28,42,14,0,0,0,0,tcp_input,/Users/swchen.tw/git/percepio/poc/runs/tcp-workload-matrix-v1/A03-baseline/build/tcp_in.o,
by_pc,2147509360,14,14,28,42,14,0,0,0,0,tcp_input,/Users/swchen.tw/git/percepio/poc/runs/tcp-workload-matrix-v1/A03-baseline/build/tcp_in.o,
by_pc,2147509364,14,14,28,42,14,0,0,0,0,tcp_input,/Users/swchen.tw/git/percepio/poc/runs/tcp-workload-matrix-v1/A03-baseline/build/tcp_in.o,
by_pc,2147509368,14,28,56,70,14,14,0,0,0,tcp_input,/Users/swchen.tw/git/percepio/poc/runs/tcp-workload-matrix-v1/A03-baseline/build/tcp_in.o,
by_pc,2147509372,14,28,56,70,14,14,0,0,0,tcp_input,/Users/swchen.tw/git/percepio/poc/runs/tcp-workload-matrix-v1/A03-baseline/build/tcp_in.o,
by_pc,2147509376,14,64,128,142,14,0,32,18,0,tcp_input,/Users/swchen.tw/git/percepio/poc/runs/tcp-workload-matrix-v1/A03-baseline/build/tcp_in.o,
by_pc,2147509380,14,14,28,42,14,0,0,0,0,tcp_input,/Users/swchen.tw/git/percepio/poc/runs/tcp-workload-matrix-v1/A03-baseline/build/tcp_in.o,
by_pc,2147509382,14,28,56,70,14,14,0,0,0,tcp_input,/Users/swchen.tw/git/percepio/poc/runs/tcp-workload-matrix-v1/A03-baseline/build/tcp_in.o,
by_pc,2147509386,14,14,28,42,14,0,0,0,0,tcp_input,/Users/swchen.tw/git/percepio/poc/runs/tcp-workload-matrix-v1/A03-baseline/build/tcp_in.o,
by_pc,2147509390,14,14,28,42,14,0,0,0,0,tcp_input,/Users/swchen.tw/git/percepio/poc/runs/tcp-workload-matrix-v1/A03-baseline/build/tcp_in.o,
by_pc,2147509394,14,14,28,42,14,0,0,0,0,tcp_input,/Users/swchen.tw/git/percepio/poc/runs/tcp-workload-matrix-v1/A03-baseline/build/tcp_in.o,
by_pc,2147509436,14,28,56,70,14,14,0,0,0,tcp_input,/Users/swchen.tw/git/percepio/poc/runs/tcp-workload-matrix-v1/A03-baseline/build/tcp_in.o,
by_pc,2147509440,14,64,128,142,14,0,32,18,0,tcp_input,/Users/swchen.tw/git/percepio/poc/runs/tcp-workload-matrix-v1/A03-baseline/build/tcp_in.o,
by_pc,2147509444,14,14,28,42,14,0,0,0,0,tcp_input,/Users/swchen.tw/git/percepio/poc/runs/tcp-workload-matrix-v1/A03-baseline/build/tcp_in.o,
by_pc,2147509448,14,14,28,42,14,0,0,0,0,tcp_input,/Users/swchen.tw/git/percepio/poc/runs/tcp-workload-matrix-v1/A03-baseline/build/tcp_in.o,
by_pc,2147509452,14,14,28,42,14,0,0,0,0,tcp_input,/Users/swchen.tw/git/percepio/poc/runs/tcp-workload-matrix-v1/A03-baseline/build/tcp_in.o,
by_pc,2147509456,14,14,28,42,14,0,0,0,0,tcp_input,/Users/swchen.tw/git/percepio/poc/runs/tcp-workload-matrix-v1/A03-baseline/build/tcp_in.o,
by_pc,2147509458,14,14,28,42,14,0,0,0,0,tcp_input,/Users/swchen.tw/git/percepio/poc/runs/tcp-workload-matrix-v1/A03-baseline/build/tcp_in.o,
by_pc,2147509460,14,14,28,42,14,0,0,0,0,tcp_input,/Users/swchen.tw/git/percepio/poc/runs/tcp-workload-matrix-v1/A03-baseline/build/tcp_in.o,
by_pc,2147499778,25,73,146,171,25,0,48,0,0,ip_chksum_pseudo,/Users/swchen.tw/git/percepio/poc/runs/tcp-workload-matrix-v1/A03-baseline/build/inet_chksum.o,
by_pc,2147509464,14,14,28,42,14,0,0,0,0,tcp_input,/Users/swchen.tw/git/percepio/poc/runs/tcp-workload-matrix-v1/A03-baseline/build/tcp_in.o,
by_pc,2147509486,14,28,56,70,14,14,0,0,0,tcp_input,/Users/swchen.tw/git/percepio/poc/runs/tcp-workload-matrix-v1/A03-baseline/build/tcp_in.o,
by_pc,2147509490,14,28,56,70,14,14,0,0,0,tcp_input,/Users/swchen.tw/git/percepio/poc/runs/tcp-workload-matrix-v1/A03-baseline/build/tcp_in.o,
by_pc,2147509494,14,28,56,70,14,14,0,0,0,tcp_input,/Users/swchen.tw/git/percepio/poc/runs/tcp-workload-matrix-v1/A03-baseline/build/tcp_in.o,
by_pc,2147509498,14,14,28,42,14,0,0,0,0,tcp_input,/Users/swchen.tw/git/percepio/poc/runs/tcp-workload-matrix-v1/A03-baseline/build/tcp_in.o,
by_pc,2147509500,14,14,28,42,14,0,0,0,0,tcp_input,/Users/swchen.tw/git/percepio/poc/runs/tcp-workload-matrix-v1/A03-baseline/build/tcp_in.o,
by_pc,2147509502,14,126,252,266,28,0,80,18,0,tcp_input,/Users/swchen.tw/git/percepio/poc/runs/tcp-workload-matrix-v1/A03-baseline/build/tcp_in.o,
by_pc,2147509506,14,14,28,42,14,0,0,0,0,tcp_input,/Users/swchen.tw/git/percepio/poc/runs/tcp-workload-matrix-v1/A03-baseline/build/tcp_in.o,
by_pc,2147509510,14,14,28,42,14,0,0,0,0,tcp_input,/Users/swchen.tw/git/percepio/poc/runs/tcp-workload-matrix-v1/A03-baseline/build/tcp_in.o,
by_pc,2147509514,14,14,28,42,14,0,0,0,0,tcp_input,/Users/swchen.tw/git/percepio/poc/runs/tcp-workload-matrix-v1/A03-baseline/build/tcp_in.o,
by_pc,2147509518,14,28,56,70,14,14,0,0,0,tcp_input,/Users/swchen.tw/git/percepio/poc/runs/tcp-workload-matrix-v1/A03-baseline/build/tcp_in.o,
by_pc,2147509522,14,14,28,42,14,0,0,0,0,tcp_input,/Users/swchen.tw/git/percepio/poc/runs/tcp-workload-matrix-v1/A03-baseline/build/tcp_in.o,
by_pc,2147509526,14,14,28,42,14,0,0,0,0,tcp_input,/Users/swchen.tw/git/percepio/poc/runs/tcp-workload-matrix-v1/A03-baseline/build/tcp_in.o,
by_pc,2147509530,14,294,588,602,14,14,112,0,154,tcp_input,/Users/swchen.tw/git/percepio/poc/runs/tcp-workload-matrix-v1/A03-baseline/build/tcp_in.o,
by_pc,2147509534,14,294,588,602,14,14,112,0,154,tcp_input,/Users/swchen.tw/git/percepio/poc/runs/tcp-workload-matrix-v1/A03-baseline/build/tcp_in.o,
by_pc,2147509538,14,28,56,70,14,14,0,0,0,tcp_input,/Users/swchen.tw/git/percepio/poc/runs/tcp-workload-matrix-v1/A03-baseline/build/tcp_in.o,
by_pc,2147509542,14,14,28,42,14,0,0,0,0,tcp_input,/Users/swchen.tw/git/percepio/poc/runs/tcp-workload-matrix-v1/A03-baseline/build/tcp_in.o,
by_pc,2147509546,14,14,28,42,14,0,0,0,0,tcp_input,/Users/swchen.tw/git/percepio/poc/runs/tcp-workload-matrix-v1/A03-baseline/build/tcp_in.o,
by_pc,2147509548,14,294,588,602,14,14,112,0,154,tcp_input,/Users/swchen.tw/git/percepio/poc/runs/tcp-workload-matrix-v1/A03-baseline/build/tcp_in.o,
by_pc,2147509552,14,14,28,42,14,0,0,0,0,tcp_input,/Users/swchen.tw/git/percepio/poc/runs/tcp-workload-matrix-v1/A03-baseline/build/tcp_in.o,
by_pc,2147509556,14,28,56,70,14,14,0,0,0,tcp_input,/Users/swchen.tw/git/percepio/poc/runs/tcp-workload-matrix-v1/A03-baseline/build/tcp_in.o,
by_pc,2147509560,14,14,28,42,14,0,0,0,0,tcp_input,/Users/swchen.tw/git/percepio/poc/runs/tcp-workload-matrix-v1/A03-baseline/build/tcp_in.o,
by_pc,2147509564,14,14,28,42,14,0,0,0,0,tcp_input,/Users/swchen.tw/git/percepio/poc/runs/tcp-workload-matrix-v1/A03-baseline/build/tcp_in.o,
by_pc,2147509568,14,142,284,298,14,14,96,18,0,tcp_input,/Users/swchen.tw/git/percepio/poc/runs/tcp-workload-matrix-v1/A03-baseline/build/tcp_in.o,
by_pc,2147509572,14,28,56,70,14,14,0,0,0,tcp_input,/Users/swchen.tw/git/percepio/poc/runs/tcp-workload-matrix-v1/A03-baseline/build/tcp_in.o,
by_pc,2147509576,14,14,28,42,14,0,0,0,0,tcp_input,/Users/swchen.tw/git/percepio/poc/runs/tcp-workload-matrix-v1/A03-baseline/build/tcp_in.o,
by_pc,2147509578,14,14,28,42,14,0,0,0,0,tcp_input,/Users/swchen.tw/git/percepio/poc/runs/tcp-workload-matrix-v1/A03-baseline/build/tcp_in.o,
by_pc,2147509580,14,14,28,42,14,0,0,0,0,tcp_input,/Users/swchen.tw/git/percepio/poc/runs/tcp-workload-matrix-v1/A03-baseline/build/tcp_in.o,
by_pc,2147509584,14,294,588,602,14,14,112,0,154,tcp_input,/Users/swchen.tw/git/percepio/poc/runs/tcp-workload-matrix-v1/A03-baseline/build/tcp_in.o,
by_pc,2147509588,14,14,28,42,14,0,0,0,0,tcp_input,/Users/swchen.tw/git/percepio/poc/runs/tcp-workload-matrix-v1/A03-baseline/build/tcp_in.o,
by_pc,2147509590,14,294,588,602,14,14,112,0,154,tcp_input,/Users/swchen.tw/git/percepio/poc/runs/tcp-workload-matrix-v1/A03-baseline/build/tcp_in.o,
by_pc,2147509594,14,28,56,70,14,14,0,0,0,tcp_input,/Users/swchen.tw/git/percepio/poc/runs/tcp-workload-matrix-v1/A03-baseline/build/tcp_in.o,
by_pc,2147509598,14,28,56,70,14,14,0,0,0,tcp_input,/Users/swchen.tw/git/percepio/poc/runs/tcp-workload-matrix-v1/A03-baseline/build/tcp_in.o,
by_pc,2147509602,14,28,56,70,14,14,0,0,0,tcp_input,/Users/swchen.tw/git/percepio/poc/runs/tcp-workload-matrix-v1/A03-baseline/build/tcp_in.o,
by_pc,2147509606,14,14,28,42,14,0,0,0,0,tcp_input,/Users/swchen.tw/git/percepio/poc/runs/tcp-workload-matrix-v1/A03-baseline/build/tcp_in.o,
by_pc,2147509608,14,14,28,42,14,0,0,0,0,tcp_input,/Users/swchen.tw/git/percepio/poc/runs/tcp-workload-matrix-v1/A03-baseline/build/tcp_in.o,
by_pc,2147509610,14,14,28,42,14,0,0,0,0,tcp_input,/Users/swchen.tw/git/percepio/poc/runs/tcp-workload-matrix-v1/A03-baseline/build/tcp_in.o,
by_pc,2147509614,14,294,588,602,14,14,112,0,154,tcp_input,/Users/swchen.tw/git/percepio/poc/runs/tcp-workload-matrix-v1/A03-baseline/build/tcp_in.o,
by_pc,2147509618,14,14,28,42,14,0,0,0,0,tcp_input,/Users/swchen.tw/git/percepio/poc/runs/tcp-workload-matrix-v1/A03-baseline/build/tcp_in.o,
by_pc,2147509620,14,294,588,602,14,14,112,0,154,tcp_input,/Users/swchen.tw/git/percepio/poc/runs/tcp-workload-matrix-v1/A03-baseline/build/tcp_in.o,
by_pc,2147509624,14,28,56,70,14,14,0,0,0,tcp_input,/Users/swchen.tw/git/percepio/poc/runs/tcp-workload-matrix-v1/A03-baseline/build/tcp_in.o,
by_pc,2147509628,14,28,56,70,14,14,0,0,0,tcp_input,/Users/swchen.tw/git/percepio/poc/runs/tcp-workload-matrix-v1/A03-baseline/build/tcp_in.o,
by_pc,2147509632,14,176,352,366,14,14,112,36,0,tcp_input,/Users/swchen.tw/git/percepio/poc/runs/tcp-workload-matrix-v1/A03-baseline/build/tcp_in.o,
by_pc,2147509636,14,28,56,70,14,14,0,0,0,tcp_input,/Users/swchen.tw/git/percepio/poc/runs/tcp-workload-matrix-v1/A03-baseline/build/tcp_in.o,
by_pc,2147509640,14,14,28,42,14,0,0,0,0,tcp_input,/Users/swchen.tw/git/percepio/poc/runs/tcp-workload-matrix-v1/A03-baseline/build/tcp_in.o,
by_pc,2147509642,14,14,28,42,14,0,0,0,0,tcp_input,/Users/swchen.tw/git/percepio/poc/runs/tcp-workload-matrix-v1/A03-baseline/build/tcp_in.o,
by_pc,2147509644,14,28,56,70,14,14,0,0,0,tcp_input,/Users/swchen.tw/git/percepio/poc/runs/tcp-workload-matrix-v1/A03-baseline/build/tcp_in.o,
by_pc,2147509648,14,14,28,42,14,0,0,0,0,tcp_input,/Users/swchen.tw/git/percepio/poc/runs/tcp-workload-matrix-v1/A03-baseline/build/tcp_in.o,
by_pc,2147509650,14,14,28,42,14,0,0,0,0,tcp_input,/Users/swchen.tw/git/percepio/poc/runs/tcp-workload-matrix-v1/A03-baseline/build/tcp_in.o,
by_pc,2147509652,14,14,28,42,14,0,0,0,0,tcp_input,/Users/swchen.tw/git/percepio/poc/runs/tcp-workload-matrix-v1/A03-baseline/build/tcp_in.o,
by_pc,2147509654,14,14,28,42,14,0,0,0,0,tcp_input,/Users/swchen.tw/git/percepio/poc/runs/tcp-workload-matrix-v1/A03-baseline/build/tcp_in.o,
by_pc,2147509656,14,14,28,42,14,0,0,0,0,tcp_input,/Users/swchen.tw/git/percepio/poc/runs/tcp-workload-matrix-v1/A03-baseline/build/tcp_in.o,
by_pc,2147509660,14,14,28,42,14,0,0,0,0,tcp_input,/Users/swchen.tw/git/percepio/poc/runs/tcp-workload-matrix-v1/A03-baseline/build/tcp_in.o,
by_pc,2147509664,14,294,588,602,14,14,112,0,154,tcp_input,/Users/swchen.tw/git/percepio/poc/runs/tcp-workload-matrix-v1/A03-baseline/build/tcp_in.o,
by_pc,2147509668,14,14,28,42,14,0,0,0,0,tcp_input,/Users/swchen.tw/git/percepio/poc/runs/tcp-workload-matrix-v1/A03-baseline/build/tcp_in.o,
by_pc,2147509672,14,294,588,602,14,14,112,0,154,tcp_input,/Users/swchen.tw/git/percepio/poc/runs/tcp-workload-matrix-v1/A03-baseline/build/tcp_in.o,
by_pc,2147509676,14,14,28,42,14,0,0,0,0,tcp_input,/Users/swchen.tw/git/percepio/poc/runs/tcp-workload-matrix-v1/A03-baseline/build/tcp_in.o,
by_pc,2147509680,14,294,588,602,14,14,112,0,154,tcp_input,/Users/swchen.tw/git/percepio/poc/runs/tcp-workload-matrix-v1/A03-baseline/build/tcp_in.o,
by_pc,2147509684,14,294,588,602,14,14,112,0,154,tcp_input,/Users/swchen.tw/git/percepio/poc/runs/tcp-workload-matrix-v1/A03-baseline/build/tcp_in.o,
by_pc,2147509688,14,28,56,70,14,14,0,0,0,tcp_input,/Users/swchen.tw/git/percepio/poc/runs/tcp-workload-matrix-v1/A03-baseline/build/tcp_in.o,
by_pc,2147509692,14,294,588,602,14,14,112,0,154,tcp_input,/Users/swchen.tw/git/percepio/poc/runs/tcp-workload-matrix-v1/A03-baseline/build/tcp_in.o,
by_pc,2147509696,14,176,352,366,14,14,112,36,0,tcp_input,/Users/swchen.tw/git/percepio/poc/runs/tcp-workload-matrix-v1/A03-baseline/build/tcp_in.o,
by_pc,2147509700,14,28,56,70,14,14,0,0,0,tcp_input,/Users/swchen.tw/git/percepio/poc/runs/tcp-workload-matrix-v1/A03-baseline/build/tcp_in.o,
by_pc,2147509704,14,28,56,70,14,14,0,0,0,tcp_input,/Users/swchen.tw/git/percepio/poc/runs/tcp-workload-matrix-v1/A03-baseline/build/tcp_in.o,
by_pc,2147509708,14,14,28,42,14,0,0,0,0,tcp_input,/Users/swchen.tw/git/percepio/poc/runs/tcp-workload-matrix-v1/A03-baseline/build/tcp_in.o,
by_pc,2147509710,14,14,28,42,14,0,0,0,0,tcp_input,/Users/swchen.tw/git/percepio/poc/runs/tcp-workload-matrix-v1/A03-baseline/build/tcp_in.o,
by_pc,2147509712,14,28,56,70,14,14,0,0,0,tcp_input,/Users/swchen.tw/git/percepio/poc/runs/tcp-workload-matrix-v1/A03-baseline/build/tcp_in.o,
by_pc,2147509716,14,14,28,42,14,0,0,0,0,tcp_input,/Users/swchen.tw/git/percepio/poc/runs/tcp-workload-matrix-v1/A03-baseline/build/tcp_in.o,
by_pc,2147509718,14,14,28,42,14,0,0,0,0,tcp_input,/Users/swchen.tw/git/percepio/poc/runs/tcp-workload-matrix-v1/A03-baseline/build/tcp_in.o,
by_pc,2147509720,14,14,28,42,14,0,0,0,0,tcp_input,/Users/swchen.tw/git/percepio/poc/runs/tcp-workload-matrix-v1/A03-baseline/build/tcp_in.o,
by_pc,2147509722,14,14,28,42,14,0,0,0,0,tcp_input,/Users/swchen.tw/git/percepio/poc/runs/tcp-workload-matrix-v1/A03-baseline/build/tcp_in.o,
by_pc,2147509724,14,14,28,42,14,0,0,0,0,tcp_input,/Users/swchen.tw/git/percepio/poc/runs/tcp-workload-matrix-v1/A03-baseline/build/tcp_in.o,
by_pc,2147509728,14,14,28,42,14,0,0,0,0,tcp_input,/Users/swchen.tw/git/percepio/poc/runs/tcp-workload-matrix-v1/A03-baseline/build/tcp_in.o,
by_pc,2147509732,14,294,588,602,14,14,112,0,154,tcp_input,/Users/swchen.tw/git/percepio/poc/runs/tcp-workload-matrix-v1/A03-baseline/build/tcp_in.o,
by_pc,2147509736,14,14,28,42,14,0,0,0,0,tcp_input,/Users/swchen.tw/git/percepio/poc/runs/tcp-workload-matrix-v1/A03-baseline/build/tcp_in.o,
by_pc,2147509740,14,294,588,602,14,14,112,0,154,tcp_input,/Users/swchen.tw/git/percepio/poc/runs/tcp-workload-matrix-v1/A03-baseline/build/tcp_in.o,
by_pc,2147509744,14,14,28,42,14,0,0,0,0,tcp_input,/Users/swchen.tw/git/percepio/poc/runs/tcp-workload-matrix-v1/A03-baseline/build/tcp_in.o,
by_pc,2147509748,14,294,588,602,14,14,112,0,154,tcp_input,/Users/swchen.tw/git/percepio/poc/runs/tcp-workload-matrix-v1/A03-baseline/build/tcp_in.o,
by_pc,2147509752,14,294,588,602,14,14,112,0,154,tcp_input,/Users/swchen.tw/git/percepio/poc/runs/tcp-workload-matrix-v1/A03-baseline/build/tcp_in.o,
by_pc,2147509756,14,28,56,70,14,14,0,0,0,tcp_input,/Users/swchen.tw/git/percepio/poc/runs/tcp-workload-matrix-v1/A03-baseline/build/tcp_in.o,
by_pc,2147509760,14,460,920,934,14,14,224,54,154,tcp_input,/Users/swchen.tw/git/percepio/poc/runs/tcp-workload-matrix-v1/A03-baseline/build/tcp_in.o,
by_pc,2147509764,14,28,56,70,14,14,0,0,0,tcp_input,/Users/swchen.tw/git/percepio/poc/runs/tcp-workload-matrix-v1/A03-baseline/build/tcp_in.o,
by_pc,2147509768,14,28,56,70,14,14,0,0,0,tcp_input,/Users/swchen.tw/git/percepio/poc/runs/tcp-workload-matrix-v1/A03-baseline/build/tcp_in.o,
by_pc,2147509772,14,14,28,42,14,0,0,0,0,tcp_input,/Users/swchen.tw/git/percepio/poc/runs/tcp-workload-matrix-v1/A03-baseline/build/tcp_in.o,
by_pc,2147509774,14,14,28,42,14,0,0,0,0,tcp_input,/Users/swchen.tw/git/percepio/poc/runs/tcp-workload-matrix-v1/A03-baseline/build/tcp_in.o,
by_pc,2147509776,14,14,28,42,14,0,0,0,0,tcp_input,/Users/swchen.tw/git/percepio/poc/runs/tcp-workload-matrix-v1/A03-baseline/build/tcp_in.o,
by_pc,2147509780,14,28,56,70,14,14,0,0,0,tcp_input,/Users/swchen.tw/git/percepio/poc/runs/tcp-workload-matrix-v1/A03-baseline/build/tcp_in.o,
by_pc,2147509784,14,294,588,602,14,14,112,0,154,tcp_input,/Users/swchen.tw/git/percepio/poc/runs/tcp-workload-matrix-v1/A03-baseline/build/tcp_in.o,
by_pc,2147509788,14,14,28,42,14,0,0,0,0,tcp_input,/Users/swchen.tw/git/percepio/poc/runs/tcp-workload-matrix-v1/A03-baseline/build/tcp_in.o,
by_pc,2147509790,14,294,588,602,14,14,112,0,154,tcp_input,/Users/swchen.tw/git/percepio/poc/runs/tcp-workload-matrix-v1/A03-baseline/build/tcp_in.o,
by_pc,2147509794,14,28,56,70,14,14,0,0,0,tcp_input,/Users/swchen.tw/git/percepio/poc/runs/tcp-workload-matrix-v1/A03-baseline/build/tcp_in.o,
by_pc,2147509798,14,28,56,70,14,14,0,0,0,tcp_input,/Users/swchen.tw/git/percepio/poc/runs/tcp-workload-matrix-v1/A03-baseline/build/tcp_in.o,
by_pc,2147509802,14,14,28,42,14,0,0,0,0,tcp_input,/Users/swchen.tw/git/percepio/poc/runs/tcp-workload-matrix-v1/A03-baseline/build/tcp_in.o,
by_pc,2147509804,14,14,28,42,14,0,0,0,0,tcp_input,/Users/swchen.tw/git/percepio/poc/runs/tcp-workload-matrix-v1/A03-baseline/build/tcp_in.o,
by_pc,2147509806,14,14,28,42,14,0,0,0,0,tcp_input,/Users/swchen.tw/git/percepio/poc/runs/tcp-workload-matrix-v1/A03-baseline/build/tcp_in.o,
by_pc,2147509810,14,14,28,42,14,0,0,0,0,tcp_input,/Users/swchen.tw/git/percepio/poc/runs/tcp-workload-matrix-v1/A03-baseline/build/tcp_in.o,
by_pc,2147509814,14,294,588,602,14,14,112,0,154,tcp_input,/Users/swchen.tw/git/percepio/poc/runs/tcp-workload-matrix-v1/A03-baseline/build/tcp_in.o,
by_pc,2147509818,14,14,28,42,14,0,0,0,0,tcp_input,/Users/swchen.tw/git/percepio/poc/runs/tcp-workload-matrix-v1/A03-baseline/build/tcp_in.o,
by_pc,2147509822,14,208,416,430,28,14,112,54,0,tcp_input,/Users/swchen.tw/git/percepio/poc/runs/tcp-workload-matrix-v1/A03-baseline/build/tcp_in.o,
by_pc,2147509826,14,14,28,42,14,0,0,0,0,tcp_input,/Users/swchen.tw/git/percepio/poc/runs/tcp-workload-matrix-v1/A03-baseline/build/tcp_in.o,
by_pc,2147509830,2,2,4,6,2,0,0,0,0,tcp_input,/Users/swchen.tw/git/percepio/poc/runs/tcp-workload-matrix-v1/A03-baseline/build/tcp_in.o,
by_pc,2147509834,2,2,4,6,2,0,0,0,0,tcp_input,/Users/swchen.tw/git/percepio/poc/runs/tcp-workload-matrix-v1/A03-baseline/build/tcp_in.o,
by_pc,2147509836,2,2,4,6,2,0,0,0,0,tcp_input,/Users/swchen.tw/git/percepio/poc/runs/tcp-workload-matrix-v1/A03-baseline/build/tcp_in.o,
by_pc,2147509838,2,42,84,86,2,2,16,0,22,tcp_input,/Users/swchen.tw/git/percepio/poc/runs/tcp-workload-matrix-v1/A03-baseline/build/tcp_in.o,
by_pc,2147509842,2,2,4,6,2,0,0,0,0,tcp_input,/Users/swchen.tw/git/percepio/poc/runs/tcp-workload-matrix-v1/A03-baseline/build/tcp_in.o,
by_pc,2147509846,14,14,28,42,14,0,0,0,0,tcp_input,/Users/swchen.tw/git/percepio/poc/runs/tcp-workload-matrix-v1/A03-baseline/build/tcp_in.o,
by_pc,2147509850,14,28,56,70,14,14,0,0,0,tcp_input,/Users/swchen.tw/git/percepio/poc/runs/tcp-workload-matrix-v1/A03-baseline/build/tcp_in.o,
by_pc,2147509854,14,28,56,70,14,14,0,0,0,tcp_input,/Users/swchen.tw/git/percepio/poc/runs/tcp-workload-matrix-v1/A03-baseline/build/tcp_in.o,
by_pc,2147509858,14,28,56,70,14,14,0,0,0,tcp_input,/Users/swchen.tw/git/percepio/poc/runs/tcp-workload-matrix-v1/A03-baseline/build/tcp_in.o,
by_pc,2147509862,14,28,56,70,14,14,0,0,0,tcp_input,/Users/swchen.tw/git/percepio/poc/runs/tcp-workload-matrix-v1/A03-baseline/build/tcp_in.o,
by_pc,2147509866,14,14,28,42,14,0,0,0,0,tcp_input,/Users/swchen.tw/git/percepio/poc/runs/tcp-workload-matrix-v1/A03-baseline/build/tcp_in.o,
by_pc,2147509868,14,14,28,42,14,0,0,0,0,tcp_input,/Users/swchen.tw/git/percepio/poc/runs/tcp-workload-matrix-v1/A03-baseline/build/tcp_in.o,
by_pc,2147509870,14,14,28,42,14,0,0,0,0,tcp_input,/Users/swchen.tw/git/percepio/poc/runs/tcp-workload-matrix-v1/A03-baseline/build/tcp_in.o,
by_pc,2147509874,1,2,4,5,1,1,0,0,0,tcp_input,/Users/swchen.tw/git/percepio/poc/runs/tcp-workload-matrix-v1/A03-baseline/build/tcp_in.o,
by_pc,2147509878,1,1,2,3,1,0,0,0,0,tcp_input,/Users/swchen.tw/git/percepio/poc/runs/tcp-workload-matrix-v1/A03-baseline/build/tcp_in.o,
by_pc,2147509882,1,1,2,3,1,0,0,0,0,tcp_input,/Users/swchen.tw/git/percepio/poc/runs/tcp-workload-matrix-v1/A03-baseline/build/tcp_in.o,
by_pc,2147509886,1,2,4,5,1,1,0,0,0,tcp_input,/Users/swchen.tw/git/percepio/poc/runs/tcp-workload-matrix-v1/A03-baseline/build/tcp_in.o,
by_pc,2147509888,1,28,56,57,1,1,8,18,0,tcp_input,/Users/swchen.tw/git/percepio/poc/runs/tcp-workload-matrix-v1/A03-baseline/build/tcp_in.o,
by_pc,2147509892,1,1,2,3,1,0,0,0,0,tcp_input,/Users/swchen.tw/git/percepio/poc/runs/tcp-workload-matrix-v1/A03-baseline/build/tcp_in.o,
by_pc,2147509894,1,1,2,3,1,0,0,0,0,tcp_input,/Users/swchen.tw/git/percepio/poc/runs/tcp-workload-matrix-v1/A03-baseline/build/tcp_in.o,
by_pc,2147510614,1,28,56,57,1,1,8,18,0,tcp_input,/Users/swchen.tw/git/percepio/poc/runs/tcp-workload-matrix-v1/A03-baseline/build/tcp_in.o,
by_pc,2147510618,1,1,2,3,1,0,0,0,0,tcp_input,/Users/swchen.tw/git/percepio/poc/runs/tcp-workload-matrix-v1/A03-baseline/build/tcp_in.o,
by_pc,2147510634,1,2,4,5,1,1,0,0,0,tcp_input,/Users/swchen.tw/git/percepio/poc/runs/tcp-workload-matrix-v1/A03-baseline/build/tcp_in.o,
by_pc,2147510638,1,2,4,5,1,1,0,0,0,tcp_input,/Users/swchen.tw/git/percepio/poc/runs/tcp-workload-matrix-v1/A03-baseline/build/tcp_in.o,
by_pc,2147510642,1,2,4,5,1,1,0,0,0,tcp_input,/Users/swchen.tw/git/percepio/poc/runs/tcp-workload-matrix-v1/A03-baseline/build/tcp_in.o,
by_pc,2147510646,1,1,2,3,1,0,0,0,0,tcp_input,/Users/swchen.tw/git/percepio/poc/runs/tcp-workload-matrix-v1/A03-baseline/build/tcp_in.o,
by_pc,2147510648,1,1,2,3,1,0,0,0,0,tcp_input,/Users/swchen.tw/git/percepio/poc/runs/tcp-workload-matrix-v1/A03-baseline/build/tcp_in.o,
by_pc,2147510652,1,1,2,3,1,0,0,0,0,tcp_input,/Users/swchen.tw/git/percepio/poc/runs/tcp-workload-matrix-v1/A03-baseline/build/tcp_in.o,
by_pc,2147510656,1,28,56,57,1,1,8,18,0,tcp_input,/Users/swchen.tw/git/percepio/poc/runs/tcp-workload-matrix-v1/A03-baseline/build/tcp_in.o,
by_pc,2147510660,1,1,2,3,1,0,0,0,0,tcp_input,/Users/swchen.tw/git/percepio/poc/runs/tcp-workload-matrix-v1/A03-baseline/build/tcp_in.o,
by_pc,2147510664,1,1,2,3,1,0,0,0,0,tcp_input,/Users/swchen.tw/git/percepio/poc/runs/tcp-workload-matrix-v1/A03-baseline/build/tcp_in.o,
by_pc,2147510674,1,1,2,3,1,0,0,0,0,tcp_input,/Users/swchen.tw/git/percepio/poc/runs/tcp-workload-matrix-v1/A03-baseline/build/tcp_in.o,
by_pc,2147510770,1,27,54,55,1,0,8,18,0,tcp_input,/Users/swchen.tw/git/percepio/poc/runs/tcp-workload-matrix-v1/A03-baseline/build/tcp_in.o,
by_pc,2147510774,1,2,4,5,1,1,0,0,0,tcp_input,/Users/swchen.tw/git/percepio/poc/runs/tcp-workload-matrix-v1/A03-baseline/build/tcp_in.o,
by_pc,2147510778,1,1,2,3,1,0,0,0,0,tcp_input,/Users/swchen.tw/git/percepio/poc/runs/tcp-workload-matrix-v1/A03-baseline/build/tcp_in.o,
by_pc,2147510780,1,1,2,3,1,0,0,0,0,tcp_input,/Users/swchen.tw/git/percepio/poc/runs/tcp-workload-matrix-v1/A03-baseline/build/tcp_in.o,
by_pc,2147510784,1,47,94,95,1,1,16,18,11,tcp_input,/Users/swchen.tw/git/percepio/poc/runs/tcp-workload-matrix-v1/A03-baseline/build/tcp_in.o,
by_pc,2147510788,1,1,2,3,1,0,0,0,0,tcp_input,/Users/swchen.tw/git/percepio/poc/runs/tcp-workload-matrix-v1/A03-baseline/build/tcp_in.o,
by_pc,2147510694,1,1,2,3,1,0,0,0,0,tcp_input,/Users/swchen.tw/git/percepio/poc/runs/tcp-workload-matrix-v1/A03-baseline/build/tcp_in.o,
by_pc,2147510698,1,1,2,3,1,0,0,0,0,tcp_input,/Users/swchen.tw/git/percepio/poc/runs/tcp-workload-matrix-v1/A03-baseline/build/tcp_in.o,
by_pc,2147510700,1,1,2,3,1,0,0,0,0,tcp_input,/Users/swchen.tw/git/percepio/poc/runs/tcp-workload-matrix-v1/A03-baseline/build/tcp_in.o,
by_pc,2147510704,1,1,2,3,1,0,0,0,0,tcp_input,/Users/swchen.tw/git/percepio/poc/runs/tcp-workload-matrix-v1/A03-baseline/build/tcp_in.o,
by_pc,2147510790,1,1,2,3,1,0,0,0,0,tcp_input,/Users/swchen.tw/git/percepio/poc/runs/tcp-workload-matrix-v1/A03-baseline/build/tcp_in.o,
by_pc,2147510792,1,1,2,3,1,0,0,0,0,tcp_input,/Users/swchen.tw/git/percepio/poc/runs/tcp-workload-matrix-v1/A03-baseline/build/tcp_in.o,
by_pc,2147510796,1,2,4,5,1,1,0,0,0,tcp_input,/Users/swchen.tw/git/percepio/poc/runs/tcp-workload-matrix-v1/A03-baseline/build/tcp_in.o,
by_pc,2147510800,1,1,2,3,1,0,0,0,0,tcp_input,/Users/swchen.tw/git/percepio/poc/runs/tcp-workload-matrix-v1/A03-baseline/build/tcp_in.o,
by_pc,2147500896,17,17,34,51,17,0,0,0,0,do_memp_malloc_pool,/Users/swchen.tw/git/percepio/poc/runs/tcp-workload-matrix-v1/A03-baseline/build/memp.o,
by_pc,2147510804,1,1,2,3,1,0,0,0,0,tcp_input,/Users/swchen.tw/git/percepio/poc/runs/tcp-workload-matrix-v1/A03-baseline/build/tcp_in.o,
by_pc,2147510806,1,1,2,3,1,0,0,0,0,tcp_input,/Users/swchen.tw/git/percepio/poc/runs/tcp-workload-matrix-v1/A03-baseline/build/tcp_in.o,
by_pc,2147510846,1,29,58,59,2,1,8,18,0,tcp_input,/Users/swchen.tw/git/percepio/poc/runs/tcp-workload-matrix-v1/A03-baseline/build/tcp_in.o,
by_pc,2147510850,1,21,42,43,1,1,8,0,11,tcp_input,/Users/swchen.tw/git/percepio/poc/runs/tcp-workload-matrix-v1/A03-baseline/build/tcp_in.o,
by_pc,2147510852,1,2,4,5,1,1,0,0,0,tcp_input,/Users/swchen.tw/git/percepio/poc/runs/tcp-workload-matrix-v1/A03-baseline/build/tcp_in.o,
by_pc,2147510856,1,21,42,43,1,1,8,0,11,tcp_input,/Users/swchen.tw/git/percepio/poc/runs/tcp-workload-matrix-v1/A03-baseline/build/tcp_in.o,
by_pc,2147510858,1,2,4,5,1,1,0,0,0,tcp_input,/Users/swchen.tw/git/percepio/poc/runs/tcp-workload-matrix-v1/A03-baseline/build/tcp_in.o,
by_pc,2147510862,1,21,42,43,1,1,8,0,11,tcp_input,/Users/swchen.tw/git/percepio/poc/runs/tcp-workload-matrix-v1/A03-baseline/build/tcp_in.o,
by_pc,2147510866,1,2,4,5,1,1,0,0,0,tcp_input,/Users/swchen.tw/git/percepio/poc/runs/tcp-workload-matrix-v1/A03-baseline/build/tcp_in.o,
by_pc,2147510870,1,2,4,5,1,1,0,0,0,tcp_input,/Users/swchen.tw/git/percepio/poc/runs/tcp-workload-matrix-v1/A03-baseline/build/tcp_in.o,
by_pc,2147510874,1,2,4,5,1,1,0,0,0,tcp_input,/Users/swchen.tw/git/percepio/poc/runs/tcp-workload-matrix-v1/A03-baseline/build/tcp_in.o,
by_pc,2147510878,1,1,2,3,1,0,0,0,0,tcp_input,/Users/swchen.tw/git/percepio/poc/runs/tcp-workload-matrix-v1/A03-baseline/build/tcp_in.o,
by_pc,2147510880,1,1,2,3,1,0,0,0,0,tcp_input,/Users/swchen.tw/git/percepio/poc/runs/tcp-workload-matrix-v1/A03-baseline/build/tcp_in.o,
by_pc,2147510882,1,21,42,43,1,1,8,0,11,tcp_input,/Users/swchen.tw/git/percepio/poc/runs/tcp-workload-matrix-v1/A03-baseline/build/tcp_in.o,
by_pc,2147510886,1,1,2,3,1,0,0,0,0,tcp_input,/Users/swchen.tw/git/percepio/poc/runs/tcp-workload-matrix-v1/A03-baseline/build/tcp_in.o,
by_pc,2147510888,1,21,42,43,1,1,8,0,11,tcp_input,/Users/swchen.tw/git/percepio/poc/runs/tcp-workload-matrix-v1/A03-baseline/build/tcp_in.o,
by_pc,2147510890,1,2,4,5,1,1,0,0,0,tcp_input,/Users/swchen.tw/git/percepio/poc/runs/tcp-workload-matrix-v1/A03-baseline/build/tcp_in.o,
by_pc,2147510894,1,1,2,3,1,0,0,0,0,tcp_input,/Users/swchen.tw/git/percepio/poc/runs/tcp-workload-matrix-v1/A03-baseline/build/tcp_in.o,
by_pc,2147510896,1,21,42,43,1,1,8,0,11,tcp_input,/Users/swchen.tw/git/percepio/poc/runs/tcp-workload-matrix-v1/A03-baseline/build/tcp_in.o,
by_pc,2147510898,1,21,42,43,1,1,8,0,11,tcp_input,/Users/swchen.tw/git/percepio/poc/runs/tcp-workload-matrix-v1/A03-baseline/build/tcp_in.o,
by_pc,2147510900,1,1,2,3,1,0,0,0,0,tcp_input,/Users/swchen.tw/git/percepio/poc/runs/tcp-workload-matrix-v1/A03-baseline/build/tcp_in.o,
by_pc,2147503480,1,1,2,3,1,0,0,0,0,tcp_next_iss,/Users/swchen.tw/git/percepio/poc/runs/tcp-workload-matrix-v1/A03-baseline/build/tcp.o,
by_pc,2147503484,1,28,56,57,1,1,8,18,0,tcp_next_iss,/Users/swchen.tw/git/percepio/poc/runs/tcp-workload-matrix-v1/A03-baseline/build/tcp.o,
by_pc,2147503486,1,29,58,59,2,1,8,18,0,tcp_next_iss,/Users/swchen.tw/git/percepio/poc/runs/tcp-workload-matrix-v1/A03-baseline/build/tcp.o,
by_pc,2147503490,1,1,2,3,1,0,0,0,0,tcp_next_iss,/Users/swchen.tw/git/percepio/poc/runs/tcp-workload-matrix-v1/A03-baseline/build/tcp.o,
by_pc,2147503492,1,21,42,43,1,1,8,0,11,tcp_next_iss,/Users/swchen.tw/git/percepio/poc/runs/tcp-workload-matrix-v1/A03-baseline/build/tcp.o,
by_pc,2147503494,1,1,2,3,1,0,0,0,0,tcp_next_iss,/Users/swchen.tw/git/percepio/poc/runs/tcp-workload-matrix-v1/A03-baseline/build/tcp.o,
by_pc,2147510904,1,2,4,5,1,1,0,0,0,tcp_input,/Users/swchen.tw/git/percepio/poc/runs/tcp-workload-matrix-v1/A03-baseline/build/tcp_in.o,
by_pc,2147510908,1,21,42,43,1,1,8,0,11,tcp_input,/Users/swchen.tw/git/percepio/poc/runs/tcp-workload-matrix-v1/A03-baseline/build/tcp_in.o,
by_pc,2147510910,1,21,42,43,1,1,8,0,11,tcp_input,/Users/swchen.tw/git/percepio/poc/runs/tcp-workload-matrix-v1/A03-baseline/build/tcp_in.o,
by_pc,2147510912,1,27,54,55,1,0,8,18,0,tcp_input,/Users/swchen.tw/git/percepio/poc/runs/tcp-workload-matrix-v1/A03-baseline/build/tcp_in.o,
by_pc,2147510914,1,21,42,43,1,1,8,0,11,tcp_input,/Users/swchen.tw/git/percepio/poc/runs/tcp-workload-matrix-v1/A03-baseline/build/tcp_in.o,
by_pc,2147510916,1,21,42,43,1,1,8,0,11,tcp_input,/Users/swchen.tw/git/percepio/poc/runs/tcp-workload-matrix-v1/A03-baseline/build/tcp_in.o,
by_pc,2147510918,1,21,42,43,1,1,8,0,11,tcp_input,/Users/swchen.tw/git/percepio/poc/runs/tcp-workload-matrix-v1/A03-baseline/build/tcp_in.o,
by_pc,2147510920,1,2,4,5,1,1,0,0,0,tcp_input,/Users/swchen.tw/git/percepio/poc/runs/tcp-workload-matrix-v1/A03-baseline/build/tcp_in.o,
by_pc,2147510924,1,21,42,43,1,1,8,0,11,tcp_input,/Users/swchen.tw/git/percepio/poc/runs/tcp-workload-matrix-v1/A03-baseline/build/tcp_in.o,
by_pc,2147510928,1,21,42,43,1,1,8,0,11,tcp_input,/Users/swchen.tw/git/percepio/poc/runs/tcp-workload-matrix-v1/A03-baseline/build/tcp_in.o,
by_pc,2147510930,1,2,4,5,1,1,0,0,0,tcp_input,/Users/swchen.tw/git/percepio/poc/runs/tcp-workload-matrix-v1/A03-baseline/build/tcp_in.o,
by_pc,2147510934,1,1,2,3,1,0,0,0,0,tcp_input,/Users/swchen.tw/git/percepio/poc/runs/tcp-workload-matrix-v1/A03-baseline/build/tcp_in.o,
by_pc,2147510936,1,21,42,43,1,1,8,0,11,tcp_input,/Users/swchen.tw/git/percepio/poc/runs/tcp-workload-matrix-v1/A03-baseline/build/tcp_in.o,
by_pc,2147510940,1,2,4,5,1,1,0,0,0,tcp_input,/Users/swchen.tw/git/percepio/poc/runs/tcp-workload-matrix-v1/A03-baseline/build/tcp_in.o,
by_pc,2147510944,1,21,42,43,1,1,8,0,11,tcp_input,/Users/swchen.tw/git/percepio/poc/runs/tcp-workload-matrix-v1/A03-baseline/build/tcp_in.o,
by_pc,2147510948,1,2,4,5,1,1,0,0,0,tcp_input,/Users/swchen.tw/git/percepio/poc/runs/tcp-workload-matrix-v1/A03-baseline/build/tcp_in.o,
by_pc,2147510952,1,21,42,43,1,1,8,0,11,tcp_input,/Users/swchen.tw/git/percepio/poc/runs/tcp-workload-matrix-v1/A03-baseline/build/tcp_in.o,
by_pc,2147510956,1,21,42,43,1,1,8,0,11,tcp_input,/Users/swchen.tw/git/percepio/poc/runs/tcp-workload-matrix-v1/A03-baseline/build/tcp_in.o,
by_pc,2147510958,1,1,2,3,1,0,0,0,0,tcp_input,/Users/swchen.tw/git/percepio/poc/runs/tcp-workload-matrix-v1/A03-baseline/build/tcp_in.o,
by_pc,2147510962,1,1,2,3,1,0,0,0,0,tcp_input,/Users/swchen.tw/git/percepio/poc/runs/tcp-workload-matrix-v1/A03-baseline/build/tcp_in.o,
by_pc,2147510964,1,21,42,43,1,1,8,0,11,tcp_input,/Users/swchen.tw/git/percepio/poc/runs/tcp-workload-matrix-v1/A03-baseline/build/tcp_in.o,
by_pc,2147510968,1,2,4,5,1,1,0,0,0,tcp_input,/Users/swchen.tw/git/percepio/poc/runs/tcp-workload-matrix-v1/A03-baseline/build/tcp_in.o,
by_pc,2147510972,1,1,2,3,1,0,0,0,0,tcp_input,/Users/swchen.tw/git/percepio/poc/runs/tcp-workload-matrix-v1/A03-baseline/build/tcp_in.o,
by_pc,2147510974,1,1,2,3,1,0,0,0,0,tcp_input,/Users/swchen.tw/git/percepio/poc/runs/tcp-workload-matrix-v1/A03-baseline/build/tcp_in.o,
by_pc,2147510976,1,27,54,55,1,0,8,18,0,tcp_input,/Users/swchen.tw/git/percepio/poc/runs/tcp-workload-matrix-v1/A03-baseline/build/tcp_in.o,
by_pc,2147506490,1,27,54,55,1,0,8,18,0,tcp_parseopt.part.0,/Users/swchen.tw/git/percepio/poc/runs/tcp-workload-matrix-v1/A03-baseline/build/tcp_in.o,
by_pc,2147506492,1,21,42,43,1,1,8,0,11,tcp_parseopt.part.0,/Users/swchen.tw/git/percepio/poc/runs/tcp-workload-matrix-v1/A03-baseline/build/tcp_in.o,
by_pc,2147506494,1,21,42,43,1,1,8,0,11,tcp_parseopt.part.0,/Users/swchen.tw/git/percepio/poc/runs/tcp-workload-matrix-v1/A03-baseline/build/tcp_in.o,
by_pc,2147506496,1,47,94,95,1,1,16,18,11,tcp_parseopt.part.0,/Users/swchen.tw/git/percepio/poc/runs/tcp-workload-matrix-v1/A03-baseline/build/tcp_in.o,
by_pc,2147506498,1,21,42,43,1,1,8,0,11,tcp_parseopt.part.0,/Users/swchen.tw/git/percepio/poc/runs/tcp-workload-matrix-v1/A03-baseline/build/tcp_in.o,
by_pc,2147506500,1,21,42,43,1,1,8,0,11,tcp_parseopt.part.0,/Users/swchen.tw/git/percepio/poc/runs/tcp-workload-matrix-v1/A03-baseline/build/tcp_in.o,
by_pc,2147506502,1,1,2,3,1,0,0,0,0,tcp_parseopt.part.0,/Users/swchen.tw/git/percepio/poc/runs/tcp-workload-matrix-v1/A03-baseline/build/tcp_in.o,
by_pc,2147506504,1,21,42,43,1,1,8,0,11,tcp_parseopt.part.0,/Users/swchen.tw/git/percepio/poc/runs/tcp-workload-matrix-v1/A03-baseline/build/tcp_in.o,
by_pc,2147506508,1,1,2,3,1,0,0,0,0,tcp_parseopt.part.0,/Users/swchen.tw/git/percepio/poc/runs/tcp-workload-matrix-v1/A03-baseline/build/tcp_in.o,
by_pc,2147506510,1,1,2,3,1,0,0,0,0,tcp_parseopt.part.0,/Users/swchen.tw/git/percepio/poc/runs/tcp-workload-matrix-v1/A03-baseline/build/tcp_in.o,
by_pc,2147506512,2,4,8,10,2,2,0,0,0,tcp_parseopt.part.0,/Users/swchen.tw/git/percepio/poc/runs/tcp-workload-matrix-v1/A03-baseline/build/tcp_in.o,
by_pc,2147506516,2,4,8,10,2,2,0,0,0,tcp_parseopt.part.0,/Users/swchen.tw/git/percepio/poc/runs/tcp-workload-matrix-v1/A03-baseline/build/tcp_in.o,
by_pc,2147506520,2,2,4,6,2,0,0,0,0,tcp_parseopt.part.0,/Users/swchen.tw/git/percepio/poc/runs/tcp-workload-matrix-v1/A03-baseline/build/tcp_in.o,
by_pc,2147506538,1,1,2,3,1,0,0,0,0,tcp_parseopt.part.0,/Users/swchen.tw/git/percepio/poc/runs/tcp-workload-matrix-v1/A03-baseline/build/tcp_in.o,
by_pc,2147506218,4,34,68,72,4,4,8,18,0,tcp_get_next_optbyte,/Users/swchen.tw/git/percepio/poc/runs/tcp-workload-matrix-v1/A03-baseline/build/tcp_in.o,
by_pc,2147506222,4,4,8,12,4,0,0,0,0,tcp_get_next_optbyte,/Users/swchen.tw/git/percepio/poc/runs/tcp-workload-matrix-v1/A03-baseline/build/tcp_in.o,
by_pc,2147506226,4,84,168,172,4,4,32,0,44,tcp_get_next_optbyte,/Users/swchen.tw/git/percepio/poc/runs/tcp-workload-matrix-v1/A03-baseline/build/tcp_in.o,
by_pc,2147506230,4,8,16,20,4,4,0,0,0,tcp_get_next_optbyte,/Users/swchen.tw/git/percepio/poc/runs/tcp-workload-matrix-v1/A03-baseline/build/tcp_in.o,
by_pc,2147506234,4,4,8,12,4,0,0,0,0,tcp_get_next_optbyte,/Users/swchen.tw/git/percepio/poc/runs/tcp-workload-matrix-v1/A03-baseline/build/tcp_in.o,
by_pc,2147506244,4,34,68,72,4,4,8,18,0,tcp_get_next_optbyte,/Users/swchen.tw/git/percepio/poc/runs/tcp-workload-matrix-v1/A03-baseline/build/tcp_in.o,
by_pc,2147506248,4,4,8,12,4,0,0,0,0,tcp_get_next_optbyte,/Users/swchen.tw/git/percepio/poc/runs/tcp-workload-matrix-v1/A03-baseline/build/tcp_in.o,
by_pc,2147506250,4,8,16,20,4,4,0,0,0,tcp_get_next_optbyte,/Users/swchen.tw/git/percepio/poc/runs/tcp-workload-matrix-v1/A03-baseline/build/tcp_in.o,
by_pc,2147506254,4,4,8,12,4,0,0,0,0,tcp_get_next_optbyte,/Users/swchen.tw/git/percepio/poc/runs/tcp-workload-matrix-v1/A03-baseline/build/tcp_in.o,
by_pc,2147506542,1,1,2,3,1,0,0,0,0,tcp_parseopt.part.0,/Users/swchen.tw/git/percepio/poc/runs/tcp-workload-matrix-v1/A03-baseline/build/tcp_in.o,
by_pc,2147506546,1,1,2,3,1,0,0,0,0,tcp_parseopt.part.0,/Users/swchen.tw/git/percepio/poc/runs/tcp-workload-matrix-v1/A03-baseline/build/tcp_in.o,
by_pc,2147506574,1,27,54,55,1,0,8,18,0,tcp_parseopt.part.0,/Users/swchen.tw/git/percepio/poc/runs/tcp-workload-matrix-v1/A03-baseline/build/tcp_in.o,
by_pc,2147506578,1,1,2,3,1,0,0,0,0,tcp_parseopt.part.0,/Users/swchen.tw/git/percepio/poc/runs/tcp-workload-matrix-v1/A03-baseline/build/tcp_in.o,
by_pc,2147506580,1,1,2,3,1,0,0,0,0,tcp_parseopt.part.0,/Users/swchen.tw/git/percepio/poc/runs/tcp-workload-matrix-v1/A03-baseline/build/tcp_in.o,
by_pc,2147506584,1,2,4,5,1,1,0,0,0,tcp_parseopt.part.0,/Users/swchen.tw/git/percepio/poc/runs/tcp-workload-matrix-v1/A03-baseline/build/tcp_in.o,
by_pc,2147506588,1,1,2,3,1,0,0,0,0,tcp_parseopt.part.0,/Users/swchen.tw/git/percepio/poc/runs/tcp-workload-matrix-v1/A03-baseline/build/tcp_in.o,
by_pc,2147506590,1,1,2,3,1,0,0,0,0,tcp_parseopt.part.0,/Users/swchen.tw/git/percepio/poc/runs/tcp-workload-matrix-v1/A03-baseline/build/tcp_in.o,
by_pc,2147506594,1,1,2,3,1,0,0,0,0,tcp_parseopt.part.0,/Users/swchen.tw/git/percepio/poc/runs/tcp-workload-matrix-v1/A03-baseline/build/tcp_in.o,
by_pc,2147506598,1,1,2,3,1,0,0,0,0,tcp_parseopt.part.0,/Users/swchen.tw/git/percepio/poc/runs/tcp-workload-matrix-v1/A03-baseline/build/tcp_in.o,
by_pc,2147506602,1,1,2,3,1,0,0,0,0,tcp_parseopt.part.0,/Users/swchen.tw/git/percepio/poc/runs/tcp-workload-matrix-v1/A03-baseline/build/tcp_in.o,
by_pc,2147506606,1,1,2,3,1,0,0,0,0,tcp_parseopt.part.0,/Users/swchen.tw/git/percepio/poc/runs/tcp-workload-matrix-v1/A03-baseline/build/tcp_in.o,
by_pc,2147506608,1,1,2,3,1,0,0,0,0,tcp_parseopt.part.0,/Users/swchen.tw/git/percepio/poc/runs/tcp-workload-matrix-v1/A03-baseline/build/tcp_in.o,
by_pc,2147506612,1,1,2,3,1,0,0,0,0,tcp_parseopt.part.0,/Users/swchen.tw/git/percepio/poc/runs/tcp-workload-matrix-v1/A03-baseline/build/tcp_in.o,
by_pc,2147506614,1,1,2,3,1,0,0,0,0,tcp_parseopt.part.0,/Users/swchen.tw/git/percepio/poc/runs/tcp-workload-matrix-v1/A03-baseline/build/tcp_in.o,
by_pc,2147506616,1,1,2,3,1,0,0,0,0,tcp_parseopt.part.0,/Users/swchen.tw/git/percepio/poc/runs/tcp-workload-matrix-v1/A03-baseline/build/tcp_in.o,
by_pc,2147506620,1,1,2,3,1,0,0,0,0,tcp_parseopt.part.0,/Users/swchen.tw/git/percepio/poc/runs/tcp-workload-matrix-v1/A03-baseline/build/tcp_in.o,
by_pc,2147506628,1,47,94,95,1,1,16,18,11,tcp_parseopt.part.0,/Users/swchen.tw/git/percepio/poc/runs/tcp-workload-matrix-v1/A03-baseline/build/tcp_in.o,
by_pc,2147506632,1,1,2,3,1,0,0,0,0,tcp_parseopt.part.0,/Users/swchen.tw/git/percepio/poc/runs/tcp-workload-matrix-v1/A03-baseline/build/tcp_in.o,
by_pc,2147506524,1,2,4,5,1,1,0,0,0,tcp_parseopt.part.0,/Users/swchen.tw/git/percepio/poc/runs/tcp-workload-matrix-v1/A03-baseline/build/tcp_in.o,
by_pc,2147506526,1,2,4,5,1,1,0,0,0,tcp_parseopt.part.0,/Users/swchen.tw/git/percepio/poc/runs/tcp-workload-matrix-v1/A03-baseline/build/tcp_in.o,
by_pc,2147506528,1,2,4,5,1,1,0,0,0,tcp_parseopt.part.0,/Users/swchen.tw/git/percepio/poc/runs/tcp-workload-matrix-v1/A03-baseline/build/tcp_in.o,
by_pc,2147506530,1,2,4,5,1,1,0,0,0,tcp_parseopt.part.0,/Users/swchen.tw/git/percepio/poc/runs/tcp-workload-matrix-v1/A03-baseline/build/tcp_in.o,
by_pc,2147506532,1,2,4,5,1,1,0,0,0,tcp_parseopt.part.0,/Users/swchen.tw/git/percepio/poc/runs/tcp-workload-matrix-v1/A03-baseline/build/tcp_in.o,
by_pc,2147506534,1,1,2,3,1,0,0,0,0,tcp_parseopt.part.0,/Users/swchen.tw/git/percepio/poc/runs/tcp-workload-matrix-v1/A03-baseline/build/tcp_in.o,
by_pc,2147506536,1,1,2,3,1,0,0,0,0,tcp_parseopt.part.0,/Users/swchen.tw/git/percepio/poc/runs/tcp-workload-matrix-v1/A03-baseline/build/tcp_in.o,
by_pc,2147510980,1,2,4,5,1,1,0,0,0,tcp_input,/Users/swchen.tw/git/percepio/poc/runs/tcp-workload-matrix-v1/A03-baseline/build/tcp_in.o,
by_pc,2147510984,1,1,2,3,1,0,0,0,0,tcp_input,/Users/swchen.tw/git/percepio/poc/runs/tcp-workload-matrix-v1/A03-baseline/build/tcp_in.o,
by_pc,2147510988,1,1,2,3,1,0,0,0,0,tcp_input,/Users/swchen.tw/git/percepio/poc/runs/tcp-workload-matrix-v1/A03-baseline/build/tcp_in.o,
by_pc,2147510990,1,2,4,5,1,1,0,0,0,tcp_input,/Users/swchen.tw/git/percepio/poc/runs/tcp-workload-matrix-v1/A03-baseline/build/tcp_in.o,
by_pc,2147510994,1,2,4,5,1,1,0,0,0,tcp_input,/Users/swchen.tw/git/percepio/poc/runs/tcp-workload-matrix-v1/A03-baseline/build/tcp_in.o,
by_pc,2147510998,1,2,4,5,1,1,0,0,0,tcp_input,/Users/swchen.tw/git/percepio/poc/runs/tcp-workload-matrix-v1/A03-baseline/build/tcp_in.o,
by_pc,2147511002,1,21,42,43,1,1,8,0,11,tcp_input,/Users/swchen.tw/git/percepio/poc/runs/tcp-workload-matrix-v1/A03-baseline/build/tcp_in.o,
by_pc,2147511004,1,1,2,3,1,0,0,0,0,tcp_input,/Users/swchen.tw/git/percepio/poc/runs/tcp-workload-matrix-v1/A03-baseline/build/tcp_in.o,
by_pc,2147511006,1,1,2,3,1,0,0,0,0,tcp_input,/Users/swchen.tw/git/percepio/poc/runs/tcp-workload-matrix-v1/A03-baseline/build/tcp_in.o,
by_pc,2147511008,1,21,42,43,1,1,8,0,11,tcp_input,/Users/swchen.tw/git/percepio/poc/runs/tcp-workload-matrix-v1/A03-baseline/build/tcp_in.o,
by_pc,2147511012,1,21,42,43,1,1,8,0,11,tcp_input,/Users/swchen.tw/git/percepio/poc/runs/tcp-workload-matrix-v1/A03-baseline/build/tcp_in.o,
by_pc,2147511016,1,1,2,3,1,0,0,0,0,tcp_input,/Users/swchen.tw/git/percepio/poc/runs/tcp-workload-matrix-v1/A03-baseline/build/tcp_in.o,
by_pc,2147517754,12,24,48,60,12,12,0,0,0,ip4_route,/Users/swchen.tw/git/percepio/poc/runs/tcp-workload-matrix-v1/A03-baseline/build/ip4.o,
by_pc,2147517758,12,12,24,36,12,0,0,0,0,ip4_route,/Users/swchen.tw/git/percepio/poc/runs/tcp-workload-matrix-v1/A03-baseline/build/ip4.o,
by_pc,2147517816,12,122,244,256,12,12,80,18,0,ip4_route,/Users/swchen.tw/git/percepio/poc/runs/tcp-workload-matrix-v1/A03-baseline/build/ip4.o,
by_pc,2147517820,12,12,24,36,12,0,0,0,0,ip4_route,/Users/swchen.tw/git/percepio/poc/runs/tcp-workload-matrix-v1/A03-baseline/build/ip4.o,
by_pc,2147517824,12,84,168,180,12,0,72,0,0,ip4_route,/Users/swchen.tw/git/percepio/poc/runs/tcp-workload-matrix-v1/A03-baseline/build/ip4.o,
by_pc,2147517826,12,12,24,36,12,0,0,0,0,ip4_route,/Users/swchen.tw/git/percepio/poc/runs/tcp-workload-matrix-v1/A03-baseline/build/ip4.o,
by_pc,2147517830,12,12,24,36,12,0,0,0,0,ip4_route,/Users/swchen.tw/git/percepio/poc/runs/tcp-workload-matrix-v1/A03-baseline/build/ip4.o,
by_pc,2147517832,12,12,24,36,12,0,0,0,0,ip4_route,/Users/swchen.tw/git/percepio/poc/runs/tcp-workload-matrix-v1/A03-baseline/build/ip4.o,
by_pc,2147517834,12,24,48,60,12,12,0,0,0,ip4_route,/Users/swchen.tw/git/percepio/poc/runs/tcp-workload-matrix-v1/A03-baseline/build/ip4.o,
by_pc,2147517836,12,12,24,36,12,0,0,0,0,ip4_route,/Users/swchen.tw/git/percepio/poc/runs/tcp-workload-matrix-v1/A03-baseline/build/ip4.o,
by_pc,2147517838,12,24,48,60,12,12,0,0,0,ip4_route,/Users/swchen.tw/git/percepio/poc/runs/tcp-workload-matrix-v1/A03-baseline/build/ip4.o,
by_pc,2147517840,12,24,48,60,12,12,0,0,0,ip4_route,/Users/swchen.tw/git/percepio/poc/runs/tcp-workload-matrix-v1/A03-baseline/build/ip4.o,
by_pc,2147517842,12,12,24,36,12,0,0,0,0,ip4_route,/Users/swchen.tw/git/percepio/poc/runs/tcp-workload-matrix-v1/A03-baseline/build/ip4.o,
by_pc,2147517844,12,12,24,36,12,0,0,0,0,ip4_route,/Users/swchen.tw/git/percepio/poc/runs/tcp-workload-matrix-v1/A03-baseline/build/ip4.o,
by_pc,2147517846,12,12,24,36,12,0,0,0,0,ip4_route,/Users/swchen.tw/git/percepio/poc/runs/tcp-workload-matrix-v1/A03-baseline/build/ip4.o,
by_pc,2147517812,12,12,24,36,12,0,0,0,0,ip4_route,/Users/swchen.tw/git/percepio/poc/runs/tcp-workload-matrix-v1/A03-baseline/build/ip4.o,
by_pc,2147517814,12,12,24,36,12,0,0,0,0,ip4_route,/Users/swchen.tw/git/percepio/poc/runs/tcp-workload-matrix-v1/A03-baseline/build/ip4.o,
by_pc,2147511020,1,2,4,5,1,1,0,0,0,tcp_input,/Users/swchen.tw/git/percepio/poc/runs/tcp-workload-matrix-v1/A03-baseline/build/tcp_in.o,
by_pc,2147511022,1,1,2,3,1,0,0,0,0,tcp_input,/Users/swchen.tw/git/percepio/poc/runs/tcp-workload-matrix-v1/A03-baseline/build/tcp_in.o,
by_pc,2147511024,1,1,2,3,1,0,0,0,0,tcp_input,/Users/swchen.tw/git/percepio/poc/runs/tcp-workload-matrix-v1/A03-baseline/build/tcp_in.o,
by_pc,2147511026,1,1,2,3,1,0,0,0,0,tcp_input,/Users/swchen.tw/git/percepio/poc/runs/tcp-workload-matrix-v1/A03-baseline/build/tcp_in.o,
by_pc,2147503496,2,2,4,6,2,0,0,0,0,tcp_eff_send_mss_netif,/Users/swchen.tw/git/percepio/poc/runs/tcp-workload-matrix-v1/A03-baseline/build/tcp.o,
by_pc,2147503498,2,4,8,10,2,2,0,0,0,tcp_eff_send_mss_netif,/Users/swchen.tw/git/percepio/poc/runs/tcp-workload-matrix-v1/A03-baseline/build/tcp.o,
by_pc,2147503502,2,2,4,6,2,0,0,0,0,tcp_eff_send_mss_netif,/Users/swchen.tw/git/percepio/poc/runs/tcp-workload-matrix-v1/A03-baseline/build/tcp.o,
by_pc,2147503504,2,2,4,6,2,0,0,0,0,tcp_eff_send_mss_netif,/Users/swchen.tw/git/percepio/poc/runs/tcp-workload-matrix-v1/A03-baseline/build/tcp.o,
by_pc,2147503508,2,2,4,6,2,0,0,0,0,tcp_eff_send_mss_netif,/Users/swchen.tw/git/percepio/poc/runs/tcp-workload-matrix-v1/A03-baseline/build/tcp.o,
by_pc,2147503512,2,2,4,6,2,0,0,0,0,tcp_eff_send_mss_netif,/Users/swchen.tw/git/percepio/poc/runs/tcp-workload-matrix-v1/A03-baseline/build/tcp.o,
by_pc,2147503514,2,2,4,6,2,0,0,0,0,tcp_eff_send_mss_netif,/Users/swchen.tw/git/percepio/poc/runs/tcp-workload-matrix-v1/A03-baseline/build/tcp.o,
by_pc,2147503516,2,2,4,6,2,0,0,0,0,tcp_eff_send_mss_netif,/Users/swchen.tw/git/percepio/poc/runs/tcp-workload-matrix-v1/A03-baseline/build/tcp.o,
by_pc,2147503518,2,2,4,6,2,0,0,0,0,tcp_eff_send_mss_netif,/Users/swchen.tw/git/percepio/poc/runs/tcp-workload-matrix-v1/A03-baseline/build/tcp.o,
by_pc,2147503520,2,2,4,6,2,0,0,0,0,tcp_eff_send_mss_netif,/Users/swchen.tw/git/percepio/poc/runs/tcp-workload-matrix-v1/A03-baseline/build/tcp.o,
by_pc,2147503522,2,2,4,6,2,0,0,0,0,tcp_eff_send_mss_netif,/Users/swchen.tw/git/percepio/poc/runs/tcp-workload-matrix-v1/A03-baseline/build/tcp.o,
by_pc,2147503528,2,2,4,6,2,0,0,0,0,tcp_eff_send_mss_netif,/Users/swchen.tw/git/percepio/poc/runs/tcp-workload-matrix-v1/A03-baseline/build/tcp.o,
by_pc,2147503532,2,2,4,6,2,0,0,0,0,tcp_eff_send_mss_netif,/Users/swchen.tw/git/percepio/poc/runs/tcp-workload-matrix-v1/A03-baseline/build/tcp.o,
by_pc,2147503534,2,2,4,6,2,0,0,0,0,tcp_eff_send_mss_netif,/Users/swchen.tw/git/percepio/poc/runs/tcp-workload-matrix-v1/A03-baseline/build/tcp.o,
by_pc,2147511030,1,21,42,43,1,1,8,0,11,tcp_input,/Users/swchen.tw/git/percepio/poc/runs/tcp-workload-matrix-v1/A03-baseline/build/tcp_in.o,
by_pc,2147511034,1,1,2,3,1,0,0,0,0,tcp_input,/Users/swchen.tw/git/percepio/poc/runs/tcp-workload-matrix-v1/A03-baseline/build/tcp_in.o,
by_pc,2147511036,1,1,2,3,1,0,0,0,0,tcp_input,/Users/swchen.tw/git/percepio/poc/runs/tcp-workload-matrix-v1/A03-baseline/build/tcp_in.o,
by_pc,2147511038,1,28,56,57,2,0,8,18,0,tcp_input,/Users/swchen.tw/git/percepio/poc/runs/tcp-workload-matrix-v1/A03-baseline/build/tcp_in.o,
by_pc,2147514312,2,54,108,110,2,0,16,36,0,tcp_enqueue_flags,/Users/swchen.tw/git/percepio/poc/runs/tcp-workload-matrix-v1/A03-baseline/build/tcp_out.o,
by_pc,2147514316,2,2,4,6,2,0,0,0,0,tcp_enqueue_flags,/Users/swchen.tw/git/percepio/poc/runs/tcp-workload-matrix-v1/A03-baseline/build/tcp_out.o,
by_pc,2147514318,2,2,4,6,2,0,0,0,0,tcp_enqueue_flags,/Users/swchen.tw/git/percepio/poc/runs/tcp-workload-matrix-v1/A03-baseline/build/tcp_out.o,
by_pc,2147514320,2,42,84,86,2,2,16,0,22,tcp_enqueue_flags,/Users/swchen.tw/git/percepio/poc/runs/tcp-workload-matrix-v1/A03-baseline/build/tcp_out.o,
by_pc,2147514322,2,42,84,86,2,2,16,0,22,tcp_enqueue_flags,/Users/swchen.tw/git/percepio/poc/runs/tcp-workload-matrix-v1/A03-baseline/build/tcp_out.o,
by_pc,2147514324,2,2,4,6,2,0,0,0,0,tcp_enqueue_flags,/Users/swchen.tw/git/percepio/poc/runs/tcp-workload-matrix-v1/A03-baseline/build/tcp_out.o,
by_pc,2147514326,2,2,4,6,2,0,0,0,0,tcp_enqueue_flags,/Users/swchen.tw/git/percepio/poc/runs/tcp-workload-matrix-v1/A03-baseline/build/tcp_out.o,
by_pc,2147514328,2,2,4,6,2,0,0,0,0,tcp_enqueue_flags,/Users/swchen.tw/git/percepio/poc/runs/tcp-workload-matrix-v1/A03-baseline/build/tcp_out.o,
by_pc,2147514332,2,2,4,6,2,0,0,0,0,tcp_enqueue_flags,/Users/swchen.tw/git/percepio/poc/runs/tcp-workload-matrix-v1/A03-baseline/build/tcp_out.o,
by_pc,2147514336,2,2,4,6,2,0,0,0,0,tcp_enqueue_flags,/Users/swchen.tw/git/percepio/poc/runs/tcp-workload-matrix-v1/A03-baseline/build/tcp_out.o,
by_pc,2147514340,2,42,84,86,2,2,16,0,22,tcp_enqueue_flags,/Users/swchen.tw/git/percepio/poc/runs/tcp-workload-matrix-v1/A03-baseline/build/tcp_out.o,
by_pc,2147514342,2,42,84,86,2,2,16,0,22,tcp_enqueue_flags,/Users/swchen.tw/git/percepio/poc/runs/tcp-workload-matrix-v1/A03-baseline/build/tcp_out.o,
by_pc,2147514344,2,2,4,6,2,0,0,0,0,tcp_enqueue_flags,/Users/swchen.tw/git/percepio/poc/runs/tcp-workload-matrix-v1/A03-baseline/build/tcp_out.o,
by_pc,2147514348,2,4,8,10,2,2,0,0,0,tcp_enqueue_flags,/Users/swchen.tw/git/percepio/poc/runs/tcp-workload-matrix-v1/A03-baseline/build/tcp_out.o,
by_pc,2147514350,2,2,4,6,2,0,0,0,0,tcp_enqueue_flags,/Users/swchen.tw/git/percepio/poc/runs/tcp-workload-matrix-v1/A03-baseline/build/tcp_out.o,
by_pc,2147514394,2,56,112,114,2,2,16,36,0,tcp_enqueue_flags,/Users/swchen.tw/git/percepio/poc/runs/tcp-workload-matrix-v1/A03-baseline/build/tcp_out.o,
by_pc,2147514396,2,2,4,6,2,0,0,0,0,tcp_enqueue_flags,/Users/swchen.tw/git/percepio/poc/runs/tcp-workload-matrix-v1/A03-baseline/build/tcp_out.o,
by_pc,2147514398,2,2,4,6,2,0,0,0,0,tcp_enqueue_flags,/Users/swchen.tw/git/percepio/poc/runs/tcp-workload-matrix-v1/A03-baseline/build/tcp_out.o,
by_pc,2147514400,2,2,4,6,2,0,0,0,0,tcp_enqueue_flags,/Users/swchen.tw/git/percepio/poc/runs/tcp-workload-matrix-v1/A03-baseline/build/tcp_out.o,
by_pc,2147514402,2,2,4,6,2,0,0,0,0,tcp_enqueue_flags,/Users/swchen.tw/git/percepio/poc/runs/tcp-workload-matrix-v1/A03-baseline/build/tcp_out.o,
by_pc,2147512346,10,108,216,226,10,0,80,18,0,tcp_create_segment,/Users/swchen.tw/git/percepio/poc/runs/tcp-workload-matrix-v1/A03-baseline/build/tcp_out.o,
by_pc,2147512348,10,210,420,430,10,10,80,0,110,tcp_create_segment,/Users/swchen.tw/git/percepio/poc/runs/tcp-workload-matrix-v1/A03-baseline/build/tcp_out.o,
by_pc,2147512350,10,10,20,30,10,0,0,0,0,tcp_create_segment,/Users/swchen.tw/git/percepio/poc/runs/tcp-workload-matrix-v1/A03-baseline/build/tcp_out.o,
by_pc,2147512352,10,10,20,30,10,0,0,0,0,tcp_create_segment,/Users/swchen.tw/git/percepio/poc/runs/tcp-workload-matrix-v1/A03-baseline/build/tcp_out.o,
by_pc,2147512354,10,210,420,430,10,10,80,0,110,tcp_create_segment,/Users/swchen.tw/git/percepio/poc/runs/tcp-workload-matrix-v1/A03-baseline/build/tcp_out.o,
by_pc,2147512356,10,210,420,430,10,10,80,0,110,tcp_create_segment,/Users/swchen.tw/git/percepio/poc/runs/tcp-workload-matrix-v1/A03-baseline/build/tcp_out.o,
by_pc,2147512358,10,210,420,430,10,10,80,0,110,tcp_create_segment,/Users/swchen.tw/git/percepio/poc/runs/tcp-workload-matrix-v1/A03-baseline/build/tcp_out.o,
by_pc,2147512360,10,210,420,430,10,10,80,0,110,tcp_create_segment,/Users/swchen.tw/git/percepio/poc/runs/tcp-workload-matrix-v1/A03-baseline/build/tcp_out.o,
by_pc,2147512362,10,210,420,430,10,10,80,0,110,tcp_create_segment,/Users/swchen.tw/git/percepio/poc/runs/tcp-workload-matrix-v1/A03-baseline/build/tcp_out.o,
by_pc,2147512364,10,210,420,430,10,10,80,0,110,tcp_create_segment,/Users/swchen.tw/git/percepio/poc/runs/tcp-workload-matrix-v1/A03-baseline/build/tcp_out.o,
by_pc,2147512366,10,210,420,430,10,10,80,0,110,tcp_create_segment,/Users/swchen.tw/git/percepio/poc/runs/tcp-workload-matrix-v1/A03-baseline/build/tcp_out.o,
by_pc,2147512368,10,10,20,30,10,0,0,0,0,tcp_create_segment,/Users/swchen.tw/git/percepio/poc/runs/tcp-workload-matrix-v1/A03-baseline/build/tcp_out.o,
by_pc,2147512370,10,10,20,30,10,0,0,0,0,tcp_create_segment,/Users/swchen.tw/git/percepio/poc/runs/tcp-workload-matrix-v1/A03-baseline/build/tcp_out.o,
by_pc,2147512372,10,10,20,30,10,0,0,0,0,tcp_create_segment,/Users/swchen.tw/git/percepio/poc/runs/tcp-workload-matrix-v1/A03-baseline/build/tcp_out.o,
by_pc,2147512374,10,10,20,30,10,0,0,0,0,tcp_create_segment,/Users/swchen.tw/git/percepio/poc/runs/tcp-workload-matrix-v1/A03-baseline/build/tcp_out.o,
by_pc,2147512378,10,20,40,50,10,10,0,0,0,tcp_create_segment,/Users/swchen.tw/git/percepio/poc/runs/tcp-workload-matrix-v1/A03-baseline/build/tcp_out.o,
by_pc,2147512380,10,10,20,30,10,0,0,0,0,tcp_create_segment,/Users/swchen.tw/git/percepio/poc/runs/tcp-workload-matrix-v1/A03-baseline/build/tcp_out.o,
by_pc,2147512410,10,326,652,662,10,10,160,36,110,tcp_create_segment,/Users/swchen.tw/git/percepio/poc/runs/tcp-workload-matrix-v1/A03-baseline/build/tcp_out.o,
by_pc,2147512414,10,210,420,430,10,10,80,0,110,tcp_create_segment,/Users/swchen.tw/git/percepio/poc/runs/tcp-workload-matrix-v1/A03-baseline/build/tcp_out.o,
by_pc,2147512418,10,210,420,430,10,10,80,0,110,tcp_create_segment,/Users/swchen.tw/git/percepio/poc/runs/tcp-workload-matrix-v1/A03-baseline/build/tcp_out.o,
by_pc,2147512422,10,20,40,50,10,10,0,0,0,tcp_create_segment,/Users/swchen.tw/git/percepio/poc/runs/tcp-workload-matrix-v1/A03-baseline/build/tcp_out.o,
by_pc,2147512426,10,10,20,30,10,0,0,0,0,tcp_create_segment,/Users/swchen.tw/git/percepio/poc/runs/tcp-workload-matrix-v1/A03-baseline/build/tcp_out.o,
by_pc,2147512430,10,10,20,30,10,0,0,0,0,tcp_create_segment,/Users/swchen.tw/git/percepio/poc/runs/tcp-workload-matrix-v1/A03-baseline/build/tcp_out.o,
by_pc,2147512432,10,10,20,30,10,0,0,0,0,tcp_create_segment,/Users/swchen.tw/git/percepio/poc/runs/tcp-workload-matrix-v1/A03-baseline/build/tcp_out.o,
by_pc,2147512434,10,10,20,30,10,0,0,0,0,tcp_create_segment,/Users/swchen.tw/git/percepio/poc/runs/tcp-workload-matrix-v1/A03-baseline/build/tcp_out.o,
by_pc,2147512436,10,210,420,430,10,10,80,0,110,tcp_create_segment,/Users/swchen.tw/git/percepio/poc/runs/tcp-workload-matrix-v1/A03-baseline/build/tcp_out.o,
by_pc,2147512440,10,10,20,30,10,0,0,0,0,tcp_create_segment,/Users/swchen.tw/git/percepio/poc/runs/tcp-workload-matrix-v1/A03-baseline/build/tcp_out.o,
by_pc,2147512442,10,10,20,30,10,0,0,0,0,tcp_create_segment,/Users/swchen.tw/git/percepio/poc/runs/tcp-workload-matrix-v1/A03-baseline/build/tcp_out.o,
by_pc,2147512444,10,10,20,30,10,0,0,0,0,tcp_create_segment,/Users/swchen.tw/git/percepio/poc/runs/tcp-workload-matrix-v1/A03-baseline/build/tcp_out.o,
by_pc,2147512448,10,108,216,226,10,0,80,18,0,tcp_create_segment,/Users/swchen.tw/git/percepio/poc/runs/tcp-workload-matrix-v1/A03-baseline/build/tcp_out.o,
by_pc,2147512476,10,20,40,50,10,10,0,0,0,tcp_create_segment,/Users/swchen.tw/git/percepio/poc/runs/tcp-workload-matrix-v1/A03-baseline/build/tcp_out.o,
by_pc,2147512478,10,20,40,50,10,10,0,0,0,tcp_create_segment,/Users/swchen.tw/git/percepio/poc/runs/tcp-workload-matrix-v1/A03-baseline/build/tcp_out.o,
by_pc,2147512482,10,210,420,430,10,10,80,0,110,tcp_create_segment,/Users/swchen.tw/git/percepio/poc/runs/tcp-workload-matrix-v1/A03-baseline/build/tcp_out.o,
by_pc,2147512486,10,20,40,50,10,10,0,0,0,tcp_create_segment,/Users/swchen.tw/git/percepio/poc/runs/tcp-workload-matrix-v1/A03-baseline/build/tcp_out.o,
by_pc,2147512490,10,10,20,30,10,0,0,0,0,tcp_create_segment,/Users/swchen.tw/git/percepio/poc/runs/tcp-workload-matrix-v1/A03-baseline/build/tcp_out.o,
by_pc,2147512494,10,210,420,430,10,10,80,0,110,tcp_create_segment,/Users/swchen.tw/git/percepio/poc/runs/tcp-workload-matrix-v1/A03-baseline/build/tcp_out.o,
by_pc,2147512498,10,10,20,30,10,0,0,0,0,tcp_create_segment,/Users/swchen.tw/git/percepio/poc/runs/tcp-workload-matrix-v1/A03-baseline/build/tcp_out.o,
by_pc,2147512500,10,210,420,430,10,10,80,0,110,tcp_create_segment,/Users/swchen.tw/git/percepio/poc/runs/tcp-workload-matrix-v1/A03-baseline/build/tcp_out.o,
by_pc,2147512504,10,20,40,50,10,10,0,0,0,tcp_create_segment,/Users/swchen.tw/git/percepio/poc/runs/tcp-workload-matrix-v1/A03-baseline/build/tcp_out.o,
by_pc,2147512508,10,20,40,50,10,10,0,0,0,tcp_create_segment,/Users/swchen.tw/git/percepio/poc/runs/tcp-workload-matrix-v1/A03-baseline/build/tcp_out.o,
by_pc,2147512512,10,44,88,98,10,0,16,18,0,tcp_create_segment,/Users/swchen.tw/git/percepio/poc/runs/tcp-workload-matrix-v1/A03-baseline/build/tcp_out.o,
by_pc,2147512516,10,210,420,430,10,10,80,0,110,tcp_create_segment,/Users/swchen.tw/git/percepio/poc/runs/tcp-workload-matrix-v1/A03-baseline/build/tcp_out.o,
by_pc,2147512520,10,10,20,30,10,0,0,0,0,tcp_create_segment,/Users/swchen.tw/git/percepio/poc/runs/tcp-workload-matrix-v1/A03-baseline/build/tcp_out.o,
by_pc,2147512522,10,210,420,430,10,10,80,0,110,tcp_create_segment,/Users/swchen.tw/git/percepio/poc/runs/tcp-workload-matrix-v1/A03-baseline/build/tcp_out.o,
by_pc,2147512526,10,20,40,50,10,10,0,0,0,tcp_create_segment,/Users/swchen.tw/git/percepio/poc/runs/tcp-workload-matrix-v1/A03-baseline/build/tcp_out.o,
by_pc,2147512530,10,10,20,30,10,0,0,0,0,tcp_create_segment,/Users/swchen.tw/git/percepio/poc/runs/tcp-workload-matrix-v1/A03-baseline/build/tcp_out.o,
by_pc,2147512532,10,10,20,30,10,0,0,0,0,tcp_create_segment,/Users/swchen.tw/git/percepio/poc/runs/tcp-workload-matrix-v1/A03-baseline/build/tcp_out.o,
by_pc,2147512536,10,10,20,30,10,0,0,0,0,tcp_create_segment,/Users/swchen.tw/git/percepio/poc/runs/tcp-workload-matrix-v1/A03-baseline/build/tcp_out.o,
by_pc,2147512540,10,210,420,430,10,10,80,0,110,tcp_create_segment,/Users/swchen.tw/git/percepio/poc/runs/tcp-workload-matrix-v1/A03-baseline/build/tcp_out.o,
by_pc,2147512544,10,210,420,430,10,10,80,0,110,tcp_create_segment,/Users/swchen.tw/git/percepio/poc/runs/tcp-workload-matrix-v1/A03-baseline/build/tcp_out.o,
by_pc,2147512548,10,10,20,30,10,0,0,0,0,tcp_create_segment,/Users/swchen.tw/git/percepio/poc/runs/tcp-workload-matrix-v1/A03-baseline/build/tcp_out.o,
by_pc,2147512552,10,10,20,30,10,0,0,0,0,tcp_create_segment,/Users/swchen.tw/git/percepio/poc/runs/tcp-workload-matrix-v1/A03-baseline/build/tcp_out.o,
by_pc,2147512554,10,210,420,430,10,10,80,0,110,tcp_create_segment,/Users/swchen.tw/git/percepio/poc/runs/tcp-workload-matrix-v1/A03-baseline/build/tcp_out.o,
by_pc,2147512558,10,10,20,30,10,0,0,0,0,tcp_create_segment,/Users/swchen.tw/git/percepio/poc/runs/tcp-workload-matrix-v1/A03-baseline/build/tcp_out.o,
by_pc,2147512562,10,10,20,30,10,0,0,0,0,tcp_create_segment,/Users/swchen.tw/git/percepio/poc/runs/tcp-workload-matrix-v1/A03-baseline/build/tcp_out.o,
by_pc,2147512564,10,210,420,430,10,10,80,0,110,tcp_create_segment,/Users/swchen.tw/git/percepio/poc/runs/tcp-workload-matrix-v1/A03-baseline/build/tcp_out.o,
by_pc,2147512568,10,10,20,30,10,0,0,0,0,tcp_create_segment,/Users/swchen.tw/git/percepio/poc/runs/tcp-workload-matrix-v1/A03-baseline/build/tcp_out.o,
by_pc,2147512570,10,20,40,50,10,10,0,0,0,tcp_create_segment,/Users/swchen.tw/git/percepio/poc/runs/tcp-workload-matrix-v1/A03-baseline/build/tcp_out.o,
by_pc,2147512574,10,10,20,30,10,0,0,0,0,tcp_create_segment,/Users/swchen.tw/git/percepio/poc/runs/tcp-workload-matrix-v1/A03-baseline/build/tcp_out.o,
by_pc,2147512576,10,62,124,134,10,0,16,36,0,tcp_create_segment,/Users/swchen.tw/git/percepio/poc/runs/tcp-workload-matrix-v1/A03-baseline/build/tcp_out.o,
by_pc,2147512580,10,10,20,30,10,0,0,0,0,tcp_create_segment,/Users/swchen.tw/git/percepio/poc/runs/tcp-workload-matrix-v1/A03-baseline/build/tcp_out.o,
by_pc,2147512584,10,210,420,430,10,10,80,0,110,tcp_create_segment,/Users/swchen.tw/git/percepio/poc/runs/tcp-workload-matrix-v1/A03-baseline/build/tcp_out.o,
by_pc,2147512588,10,10,20,30,10,0,0,0,0,tcp_create_segment,/Users/swchen.tw/git/percepio/poc/runs/tcp-workload-matrix-v1/A03-baseline/build/tcp_out.o,
by_pc,2147512590,10,210,420,430,10,10,80,0,110,tcp_create_segment,/Users/swchen.tw/git/percepio/poc/runs/tcp-workload-matrix-v1/A03-baseline/build/tcp_out.o,
by_pc,2147512594,10,20,40,50,10,10,0,0,0,tcp_create_segment,/Users/swchen.tw/git/percepio/poc/runs/tcp-workload-matrix-v1/A03-baseline/build/tcp_out.o,
by_pc,2147512596,10,210,420,430,10,10,80,0,110,tcp_create_segment,/Users/swchen.tw/git/percepio/poc/runs/tcp-workload-matrix-v1/A03-baseline/build/tcp_out.o,
by_pc,2147512600,10,210,420,430,10,10,80,0,110,tcp_create_segment,/Users/swchen.tw/git/percepio/poc/runs/tcp-workload-matrix-v1/A03-baseline/build/tcp_out.o,
by_pc,2147512604,10,10,20,30,10,0,0,0,0,tcp_create_segment,/Users/swchen.tw/git/percepio/poc/runs/tcp-workload-matrix-v1/A03-baseline/build/tcp_out.o,
by_pc,2147512390,10,20,40,50,10,10,0,0,0,tcp_create_segment,/Users/swchen.tw/git/percepio/poc/runs/tcp-workload-matrix-v1/A03-baseline/build/tcp_out.o,
by_pc,2147512392,10,10,20,30,10,0,0,0,0,tcp_create_segment,/Users/swchen.tw/git/percepio/poc/runs/tcp-workload-matrix-v1/A03-baseline/build/tcp_out.o,
by_pc,2147512394,10,20,40,50,10,10,0,0,0,tcp_create_segment,/Users/swchen.tw/git/percepio/poc/runs/tcp-workload-matrix-v1/A03-baseline/build/tcp_out.o,
by_pc,2147512396,10,20,40,50,10,10,0,0,0,tcp_create_segment,/Users/swchen.tw/git/percepio/poc/runs/tcp-workload-matrix-v1/A03-baseline/build/tcp_out.o,
by_pc,2147512398,10,20,40,50,10,10,0,0,0,tcp_create_segment,/Users/swchen.tw/git/percepio/poc/runs/tcp-workload-matrix-v1/A03-baseline/build/tcp_out.o,
by_pc,2147512400,10,20,40,50,10,10,0,0,0,tcp_create_segment,/Users/swchen.tw/git/percepio/poc/runs/tcp-workload-matrix-v1/A03-baseline/build/tcp_out.o,
by_pc,2147512402,10,20,40,50,10,10,0,0,0,tcp_create_segment,/Users/swchen.tw/git/percepio/poc/runs/tcp-workload-matrix-v1/A03-baseline/build/tcp_out.o,
by_pc,2147512404,10,20,40,50,10,10,0,0,0,tcp_create_segment,/Users/swchen.tw/git/percepio/poc/runs/tcp-workload-matrix-v1/A03-baseline/build/tcp_out.o,
by_pc,2147512406,10,10,20,30,10,0,0,0,0,tcp_create_segment,/Users/swchen.tw/git/percepio/poc/runs/tcp-workload-matrix-v1/A03-baseline/build/tcp_out.o,
by_pc,2147512408,10,10,20,30,10,0,0,0,0,tcp_create_segment,/Users/swchen.tw/git/percepio/poc/runs/tcp-workload-matrix-v1/A03-baseline/build/tcp_out.o,
by_pc,2147514406,2,2,4,6,2,0,0,0,0,tcp_enqueue_flags,/Users/swchen.tw/git/percepio/poc/runs/tcp-workload-matrix-v1/A03-baseline/build/tcp_out.o,
by_pc,2147514408,2,4,8,10,2,2,0,0,0,tcp_enqueue_flags,/Users/swchen.tw/git/percepio/poc/runs/tcp-workload-matrix-v1/A03-baseline/build/tcp_out.o,
by_pc,2147514410,2,2,4,6,2,0,0,0,0,tcp_enqueue_flags,/Users/swchen.tw/git/percepio/poc/runs/tcp-workload-matrix-v1/A03-baseline/build/tcp_out.o,
by_pc,2147514412,2,42,84,86,2,2,16,0,22,tcp_enqueue_flags,/Users/swchen.tw/git/percepio/poc/runs/tcp-workload-matrix-v1/A03-baseline/build/tcp_out.o,
by_pc,2147514414,2,2,4,6,2,0,0,0,0,tcp_enqueue_flags,/Users/swchen.tw/git/percepio/poc/runs/tcp-workload-matrix-v1/A03-baseline/build/tcp_out.o,
by_pc,2147514418,2,2,4,6,2,0,0,0,0,tcp_enqueue_flags,/Users/swchen.tw/git/percepio/poc/runs/tcp-workload-matrix-v1/A03-baseline/build/tcp_out.o,
by_pc,2147514420,2,4,8,10,2,2,0,0,0,tcp_enqueue_flags,/Users/swchen.tw/git/percepio/poc/runs/tcp-workload-matrix-v1/A03-baseline/build/tcp_out.o,
by_pc,2147514422,2,2,4,6,2,0,0,0,0,tcp_enqueue_flags,/Users/swchen.tw/git/percepio/poc/runs/tcp-workload-matrix-v1/A03-baseline/build/tcp_out.o,
by_pc,2147514424,2,2,4,6,2,0,0,0,0,tcp_enqueue_flags,/Users/swchen.tw/git/percepio/poc/runs/tcp-workload-matrix-v1/A03-baseline/build/tcp_out.o,
by_pc,2147514426,2,42,84,86,2,2,16,0,22,tcp_enqueue_flags,/Users/swchen.tw/git/percepio/poc/runs/tcp-workload-matrix-v1/A03-baseline/build/tcp_out.o,
by_pc,2147514428,2,2,4,6,2,0,0,0,0,tcp_enqueue_flags,/Users/swchen.tw/git/percepio/poc/runs/tcp-workload-matrix-v1/A03-baseline/build/tcp_out.o,
by_pc,2147514442,2,30,60,62,2,2,8,18,0,tcp_enqueue_flags,/Users/swchen.tw/git/percepio/poc/runs/tcp-workload-matrix-v1/A03-baseline/build/tcp_out.o,
by_pc,2147514444,2,2,4,6,2,0,0,0,0,tcp_enqueue_flags,/Users/swchen.tw/git/percepio/poc/runs/tcp-workload-matrix-v1/A03-baseline/build/tcp_out.o,
by_pc,2147502198,20,88,176,196,20,0,32,36,0,pbuf_clen,/Users/swchen.tw/git/percepio/poc/runs/tcp-workload-matrix-v1/A03-baseline/build/pbuf.o,
by_pc,2147502200,20,20,40,60,20,0,0,0,0,pbuf_clen,/Users/swchen.tw/git/percepio/poc/runs/tcp-workload-matrix-v1/A03-baseline/build/pbuf.o,
by_pc,2147502202,56,56,112,168,56,0,0,0,0,pbuf_clen,/Users/swchen.tw/git/percepio/poc/runs/tcp-workload-matrix-v1/A03-baseline/build/pbuf.o,
by_pc,2147502206,36,132,264,300,72,0,24,36,0,pbuf_clen,/Users/swchen.tw/git/percepio/poc/runs/tcp-workload-matrix-v1/A03-baseline/build/pbuf.o,
by_pc,2147502210,36,36,72,108,36,0,0,0,0,pbuf_clen,/Users/swchen.tw/git/percepio/poc/runs/tcp-workload-matrix-v1/A03-baseline/build/pbuf.o,
by_pc,2147502214,36,72,144,180,36,36,0,0,0,pbuf_clen,/Users/swchen.tw/git/percepio/poc/runs/tcp-workload-matrix-v1/A03-baseline/build/pbuf.o,
by_pc,2147502216,36,36,72,108,36,0,0,0,0,pbuf_clen,/Users/swchen.tw/git/percepio/poc/runs/tcp-workload-matrix-v1/A03-baseline/build/pbuf.o,
by_pc,2147502218,36,36,72,108,36,0,0,0,0,pbuf_clen,/Users/swchen.tw/git/percepio/poc/runs/tcp-workload-matrix-v1/A03-baseline/build/pbuf.o,
by_pc,2147502204,20,20,40,60,20,0,0,0,0,pbuf_clen,/Users/swchen.tw/git/percepio/poc/runs/tcp-workload-matrix-v1/A03-baseline/build/pbuf.o,
by_pc,2147514448,2,4,8,10,2,2,0,0,0,tcp_enqueue_flags,/Users/swchen.tw/git/percepio/poc/runs/tcp-workload-matrix-v1/A03-baseline/build/tcp_out.o,
by_pc,2147514452,2,2,4,6,2,0,0,0,0,tcp_enqueue_flags,/Users/swchen.tw/git/percepio/poc/runs/tcp-workload-matrix-v1/A03-baseline/build/tcp_out.o,
by_pc,2147514454,2,42,84,86,2,2,16,0,22,tcp_enqueue_flags,/Users/swchen.tw/git/percepio/poc/runs/tcp-workload-matrix-v1/A03-baseline/build/tcp_out.o,
by_pc,2147514458,2,2,4,6,2,0,0,0,0,tcp_enqueue_flags,/Users/swchen.tw/git/percepio/poc/runs/tcp-workload-matrix-v1/A03-baseline/build/tcp_out.o,
by_pc,2147514460,2,2,4,6,2,0,0,0,0,tcp_enqueue_flags,/Users/swchen.tw/git/percepio/poc/runs/tcp-workload-matrix-v1/A03-baseline/build/tcp_out.o,
by_pc,2147514384,2,4,8,10,2,2,0,0,0,tcp_enqueue_flags,/Users/swchen.tw/git/percepio/poc/runs/tcp-workload-matrix-v1/A03-baseline/build/tcp_out.o,
by_pc,2147514386,2,4,8,10,2,2,0,0,0,tcp_enqueue_flags,/Users/swchen.tw/git/percepio/poc/runs/tcp-workload-matrix-v1/A03-baseline/build/tcp_out.o,
by_pc,2147514388,2,4,8,10,2,2,0,0,0,tcp_enqueue_flags,/Users/swchen.tw/git/percepio/poc/runs/tcp-workload-matrix-v1/A03-baseline/build/tcp_out.o,
by_pc,2147514390,2,2,4,6,2,0,0,0,0,tcp_enqueue_flags,/Users/swchen.tw/git/percepio/poc/runs/tcp-workload-matrix-v1/A03-baseline/build/tcp_out.o,
by_pc,2147514392,2,2,4,6,2,0,0,0,0,tcp_enqueue_flags,/Users/swchen.tw/git/percepio/poc/runs/tcp-workload-matrix-v1/A03-baseline/build/tcp_out.o,
by_pc,2147511042,1,1,2,3,1,0,0,0,0,tcp_input,/Users/swchen.tw/git/percepio/poc/runs/tcp-workload-matrix-v1/A03-baseline/build/tcp_in.o,
by_pc,2147511054,1,1,2,3,1,0,0,0,0,tcp_input,/Users/swchen.tw/git/percepio/poc/runs/tcp-workload-matrix-v1/A03-baseline/build/tcp_in.o,
by_pc,2147511056,1,1,2,3,1,0,0,0,0,tcp_input,/Users/swchen.tw/git/percepio/poc/runs/tcp-workload-matrix-v1/A03-baseline/build/tcp_in.o,
by_pc,2147510602,1,1,2,3,1,0,0,0,0,tcp_input,/Users/swchen.tw/git/percepio/poc/runs/tcp-workload-matrix-v1/A03-baseline/build/tcp_in.o,
by_pc,2147515352,24,138,276,300,24,24,72,18,0,tcp_output,/Users/swchen.tw/git/percepio/poc/runs/tcp-workload-matrix-v1/A03-baseline/build/tcp_out.o,
by_pc,2147515356,24,24,48,72,24,0,0,0,0,tcp_output,/Users/swchen.tw/git/percepio/poc/runs/tcp-workload-matrix-v1/A03-baseline/build/tcp_out.o,
by_pc,2147515360,24,24,48,72,24,0,0,0,0,tcp_output,/Users/swchen.tw/git/percepio/poc/runs/tcp-workload-matrix-v1/A03-baseline/build/tcp_out.o,
by_pc,2147515362,24,504,1008,1032,24,24,192,0,264,tcp_output,/Users/swchen.tw/git/percepio/poc/runs/tcp-workload-matrix-v1/A03-baseline/build/tcp_out.o,
by_pc,2147515364,24,504,1008,1032,24,24,192,0,264,tcp_output,/Users/swchen.tw/git/percepio/poc/runs/tcp-workload-matrix-v1/A03-baseline/build/tcp_out.o,
by_pc,2147515366,24,504,1008,1032,24,24,192,0,264,tcp_output,/Users/swchen.tw/git/percepio/poc/runs/tcp-workload-matrix-v1/A03-baseline/build/tcp_out.o,
by_pc,2147515368,24,504,1008,1032,24,24,192,0,264,tcp_output,/Users/swchen.tw/git/percepio/poc/runs/tcp-workload-matrix-v1/A03-baseline/build/tcp_out.o,
by_pc,2147515370,24,504,1008,1032,24,24,192,0,264,tcp_output,/Users/swchen.tw/git/percepio/poc/runs/tcp-workload-matrix-v1/A03-baseline/build/tcp_out.o,
by_pc,2147515372,24,504,1008,1032,24,24,192,0,264,tcp_output,/Users/swchen.tw/git/percepio/poc/runs/tcp-workload-matrix-v1/A03-baseline/build/tcp_out.o,
by_pc,2147515374,24,504,1008,1032,24,24,192,0,264,tcp_output,/Users/swchen.tw/git/percepio/poc/runs/tcp-workload-matrix-v1/A03-baseline/build/tcp_out.o,
by_pc,2147515376,24,504,1008,1032,24,24,192,0,264,tcp_output,/Users/swchen.tw/git/percepio/poc/runs/tcp-workload-matrix-v1/A03-baseline/build/tcp_out.o,
by_pc,2147515378,24,504,1008,1032,24,24,192,0,264,tcp_output,/Users/swchen.tw/git/percepio/poc/runs/tcp-workload-matrix-v1/A03-baseline/build/tcp_out.o,
by_pc,2147515380,24,504,1008,1032,24,24,192,0,264,tcp_output,/Users/swchen.tw/git/percepio/poc/runs/tcp-workload-matrix-v1/A03-baseline/build/tcp_out.o,
by_pc,2147515382,24,504,1008,1032,24,24,192,0,264,tcp_output,/Users/swchen.tw/git/percepio/poc/runs/tcp-workload-matrix-v1/A03-baseline/build/tcp_out.o,
by_pc,2147515384,24,504,1008,1032,24,24,192,0,264,tcp_output,/Users/swchen.tw/git/percepio/poc/runs/tcp-workload-matrix-v1/A03-baseline/build/tcp_out.o,
by_pc,2147515386,24,48,96,120,24,24,0,0,0,tcp_output,/Users/swchen.tw/git/percepio/poc/runs/tcp-workload-matrix-v1/A03-baseline/build/tcp_out.o,
by_pc,2147515388,24,24,48,72,24,0,0,0,0,tcp_output,/Users/swchen.tw/git/percepio/poc/runs/tcp-workload-matrix-v1/A03-baseline/build/tcp_out.o,
by_pc,2147515390,24,24,48,72,24,0,0,0,0,tcp_output,/Users/swchen.tw/git/percepio/poc/runs/tcp-workload-matrix-v1/A03-baseline/build/tcp_out.o,
by_pc,2147515442,10,46,92,102,10,10,8,18,0,tcp_output,/Users/swchen.tw/git/percepio/poc/runs/tcp-workload-matrix-v1/A03-baseline/build/tcp_out.o,
by_pc,2147515446,10,20,40,50,10,10,0,0,0,tcp_output,/Users/swchen.tw/git/percepio/poc/runs/tcp-workload-matrix-v1/A03-baseline/build/tcp_out.o,
by_pc,2147515450,10,20,40,50,10,10,0,0,0,tcp_output,/Users/swchen.tw/git/percepio/poc/runs/tcp-workload-matrix-v1/A03-baseline/build/tcp_out.o,
by_pc,2147515454,10,10,20,30,10,0,0,0,0,tcp_output,/Users/swchen.tw/git/percepio/poc/runs/tcp-workload-matrix-v1/A03-baseline/build/tcp_out.o,
by_pc,2147515608,10,60,120,130,10,0,32,18,0,tcp_output,/Users/swchen.tw/git/percepio/poc/runs/tcp-workload-matrix-v1/A03-baseline/build/tcp_out.o,
by_pc,2147515612,10,10,20,30,10,0,0,0,0,tcp_output,/Users/swchen.tw/git/percepio/poc/runs/tcp-workload-matrix-v1/A03-baseline/build/tcp_out.o,
by_pc,2147515616,10,10,20,30,10,0,0,0,0,tcp_output,/Users/swchen.tw/git/percepio/poc/runs/tcp-workload-matrix-v1/A03-baseline/build/tcp_out.o,
by_pc,2147515460,10,60,120,130,10,0,32,18,0,tcp_output,/Users/swchen.tw/git/percepio/poc/runs/tcp-workload-matrix-v1/A03-baseline/build/tcp_out.o,
by_pc,2147515462,10,10,20,30,10,0,0,0,0,tcp_output,/Users/swchen.tw/git/percepio/poc/runs/tcp-workload-matrix-v1/A03-baseline/build/tcp_out.o,
by_pc,2147515466,10,10,20,30,10,0,0,0,0,tcp_output,/Users/swchen.tw/git/percepio/poc/runs/tcp-workload-matrix-v1/A03-baseline/build/tcp_out.o,
by_pc,2147515468,10,10,20,30,10,0,0,0,0,tcp_output,/Users/swchen.tw/git/percepio/poc/runs/tcp-workload-matrix-v1/A03-baseline/build/tcp_out.o,
by_pc,2147515474,10,20,40,50,10,10,0,0,0,tcp_output,/Users/swchen.tw/git/percepio/poc/runs/tcp-workload-matrix-v1/A03-baseline/build/tcp_out.o,
by_pc,2147515476,10,10,20,30,10,0,0,0,0,tcp_output,/Users/swchen.tw/git/percepio/poc/runs/tcp-workload-matrix-v1/A03-baseline/build/tcp_out.o,
by_pc,2147515478,10,10,20,30,10,0,0,0,0,tcp_output,/Users/swchen.tw/git/percepio/poc/runs/tcp-workload-matrix-v1/A03-baseline/build/tcp_out.o,
by_pc,2147515482,10,10,20,30,10,0,0,0,0,tcp_output,/Users/swchen.tw/git/percepio/poc/runs/tcp-workload-matrix-v1/A03-baseline/build/tcp_out.o,
by_pc,2147515490,10,20,40,50,10,10,0,0,0,tcp_output,/Users/swchen.tw/git/percepio/poc/runs/tcp-workload-matrix-v1/A03-baseline/build/tcp_out.o,
by_pc,2147515492,10,20,40,50,10,10,0,0,0,tcp_output,/Users/swchen.tw/git/percepio/poc/runs/tcp-workload-matrix-v1/A03-baseline/build/tcp_out.o,
by_pc,2147515496,10,20,40,50,10,10,0,0,0,tcp_output,/Users/swchen.tw/git/percepio/poc/runs/tcp-workload-matrix-v1/A03-baseline/build/tcp_out.o,
by_pc,2147515500,10,20,40,50,10,10,0,0,0,tcp_output,/Users/swchen.tw/git/percepio/poc/runs/tcp-workload-matrix-v1/A03-baseline/build/tcp_out.o,
by_pc,2147515504,10,10,20,30,10,0,0,0,0,tcp_output,/Users/swchen.tw/git/percepio/poc/runs/tcp-workload-matrix-v1/A03-baseline/build/tcp_out.o,
by_pc,2147515506,10,10,20,30,10,0,0,0,0,tcp_output,/Users/swchen.tw/git/percepio/poc/runs/tcp-workload-matrix-v1/A03-baseline/build/tcp_out.o,
by_pc,2147515508,10,20,40,50,10,10,0,0,0,tcp_output,/Users/swchen.tw/git/percepio/poc/runs/tcp-workload-matrix-v1/A03-baseline/build/tcp_out.o,
by_pc,2147515512,10,10,20,30,10,0,0,0,0,tcp_output,/Users/swchen.tw/git/percepio/poc/runs/tcp-workload-matrix-v1/A03-baseline/build/tcp_out.o,
by_pc,2147515514,10,10,20,30,10,0,0,0,0,tcp_output,/Users/swchen.tw/git/percepio/poc/runs/tcp-workload-matrix-v1/A03-baseline/build/tcp_out.o,
by_pc,2147515516,10,10,20,30,10,0,0,0,0,tcp_output,/Users/swchen.tw/git/percepio/poc/runs/tcp-workload-matrix-v1/A03-baseline/build/tcp_out.o,
by_pc,2147515518,10,10,20,30,10,0,0,0,0,tcp_output,/Users/swchen.tw/git/percepio/poc/runs/tcp-workload-matrix-v1/A03-baseline/build/tcp_out.o,
by_pc,2147515520,10,52,104,114,10,0,24,18,0,tcp_output,/Users/swchen.tw/git/percepio/poc/runs/tcp-workload-matrix-v1/A03-baseline/build/tcp_out.o,
by_pc,2147515524,10,20,40,50,10,10,0,0,0,tcp_output,/Users/swchen.tw/git/percepio/poc/runs/tcp-workload-matrix-v1/A03-baseline/build/tcp_out.o,
by_pc,2147515528,10,20,40,50,10,10,0,0,0,tcp_output,/Users/swchen.tw/git/percepio/poc/runs/tcp-workload-matrix-v1/A03-baseline/build/tcp_out.o,
by_pc,2147515530,10,10,20,30,10,0,0,0,0,tcp_output,/Users/swchen.tw/git/percepio/poc/runs/tcp-workload-matrix-v1/A03-baseline/build/tcp_out.o,
by_pc,2147515532,10,10,20,30,10,0,0,0,0,tcp_output,/Users/swchen.tw/git/percepio/poc/runs/tcp-workload-matrix-v1/A03-baseline/build/tcp_out.o,
by_pc,2147515534,10,10,20,30,10,0,0,0,0,tcp_output,/Users/swchen.tw/git/percepio/poc/runs/tcp-workload-matrix-v1/A03-baseline/build/tcp_out.o,
by_pc,2147515618,10,20,40,50,10,10,0,0,0,tcp_output,/Users/swchen.tw/git/percepio/poc/runs/tcp-workload-matrix-v1/A03-baseline/build/tcp_out.o,
by_pc,2147515622,10,210,420,430,10,10,80,0,110,tcp_output,/Users/swchen.tw/git/percepio/poc/runs/tcp-workload-matrix-v1/A03-baseline/build/tcp_out.o,
by_pc,2147515626,10,10,20,30,10,0,0,0,0,tcp_output,/Users/swchen.tw/git/percepio/poc/runs/tcp-workload-matrix-v1/A03-baseline/build/tcp_out.o,
by_pc,2147515642,10,10,20,30,10,0,0,0,0,tcp_output,/Users/swchen.tw/git/percepio/poc/runs/tcp-workload-matrix-v1/A03-baseline/build/tcp_out.o,
by_pc,2147515644,10,10,20,30,10,0,0,0,0,tcp_output,/Users/swchen.tw/git/percepio/poc/runs/tcp-workload-matrix-v1/A03-baseline/build/tcp_out.o,
by_pc,2147515646,10,10,20,30,10,0,0,0,0,tcp_output,/Users/swchen.tw/git/percepio/poc/runs/tcp-workload-matrix-v1/A03-baseline/build/tcp_out.o,
by_pc,2147515900,10,118,236,246,10,10,80,18,0,tcp_output,/Users/swchen.tw/git/percepio/poc/runs/tcp-workload-matrix-v1/A03-baseline/build/tcp_out.o,
by_pc,2147515902,10,128,256,266,20,10,80,18,0,tcp_output,/Users/swchen.tw/git/percepio/poc/runs/tcp-workload-matrix-v1/A03-baseline/build/tcp_out.o,
by_pc,2147515906,10,20,40,50,10,10,0,0,0,tcp_output,/Users/swchen.tw/git/percepio/poc/runs/tcp-workload-matrix-v1/A03-baseline/build/tcp_out.o,
by_pc,2147515910,10,20,40,50,10,10,0,0,0,tcp_output,/Users/swchen.tw/git/percepio/poc/runs/tcp-workload-matrix-v1/A03-baseline/build/tcp_out.o,
by_pc,2147515914,10,10,20,30,10,0,0,0,0,tcp_output,/Users/swchen.tw/git/percepio/poc/runs/tcp-workload-matrix-v1/A03-baseline/build/tcp_out.o,
by_pc,2147515916,10,10,20,30,10,0,0,0,0,tcp_output,/Users/swchen.tw/git/percepio/poc/runs/tcp-workload-matrix-v1/A03-baseline/build/tcp_out.o,
by_pc,2147515918,10,20,40,50,10,10,0,0,0,tcp_output,/Users/swchen.tw/git/percepio/poc/runs/tcp-workload-matrix-v1/A03-baseline/build/tcp_out.o,
by_pc,2147515922,10,10,20,30,10,0,0,0,0,tcp_output,/Users/swchen.tw/git/percepio/poc/runs/tcp-workload-matrix-v1/A03-baseline/build/tcp_out.o,
by_pc,2147515924,10,10,20,30,10,0,0,0,0,tcp_output,/Users/swchen.tw/git/percepio/poc/runs/tcp-workload-matrix-v1/A03-baseline/build/tcp_out.o,
by_pc,2147515926,10,10,20,30,10,0,0,0,0,tcp_output,/Users/swchen.tw/git/percepio/poc/runs/tcp-workload-matrix-v1/A03-baseline/build/tcp_out.o,
by_pc,2147515928,10,10,20,30,10,0,0,0,0,tcp_output,/Users/swchen.tw/git/percepio/poc/runs/tcp-workload-matrix-v1/A03-baseline/build/tcp_out.o,
by_pc,2147515930,10,10,20,30,10,0,0,0,0,tcp_output,/Users/swchen.tw/git/percepio/poc/runs/tcp-workload-matrix-v1/A03-baseline/build/tcp_out.o,
by_pc,2147515934,10,20,40,50,10,10,0,0,0,tcp_output,/Users/swchen.tw/git/percepio/poc/runs/tcp-workload-matrix-v1/A03-baseline/build/tcp_out.o,
by_pc,2147515936,10,10,20,30,10,0,0,0,0,tcp_output,/Users/swchen.tw/git/percepio/poc/runs/tcp-workload-matrix-v1/A03-baseline/build/tcp_out.o,
by_pc,2147515938,10,20,40,50,10,10,0,0,0,tcp_output,/Users/swchen.tw/git/percepio/poc/runs/tcp-workload-matrix-v1/A03-baseline/build/tcp_out.o,
by_pc,2147515942,10,10,20,30,10,0,0,0,0,tcp_output,/Users/swchen.tw/git/percepio/poc/runs/tcp-workload-matrix-v1/A03-baseline/build/tcp_out.o,
by_pc,2147515944,10,10,20,30,10,0,0,0,0,tcp_output,/Users/swchen.tw/git/percepio/poc/runs/tcp-workload-matrix-v1/A03-baseline/build/tcp_out.o,
by_pc,2147515948,10,20,40,50,10,10,0,0,0,tcp_output,/Users/swchen.tw/git/percepio/poc/runs/tcp-workload-matrix-v1/A03-baseline/build/tcp_out.o,
by_pc,2147515950,10,10,20,30,10,0,0,0,0,tcp_output,/Users/swchen.tw/git/percepio/poc/runs/tcp-workload-matrix-v1/A03-baseline/build/tcp_out.o,
by_pc,2147516006,10,118,236,246,10,10,80,18,0,tcp_output,/Users/swchen.tw/git/percepio/poc/runs/tcp-workload-matrix-v1/A03-baseline/build/tcp_out.o,
by_pc,2147516008,10,10,20,30,10,0,0,0,0,tcp_output,/Users/swchen.tw/git/percepio/poc/runs/tcp-workload-matrix-v1/A03-baseline/build/tcp_out.o,
by_pc,2147516012,10,20,40,50,10,10,0,0,0,tcp_output,/Users/swchen.tw/git/percepio/poc/runs/tcp-workload-matrix-v1/A03-baseline/build/tcp_out.o,
by_pc,2147516014,10,10,20,30,10,0,0,0,0,tcp_output,/Users/swchen.tw/git/percepio/poc/runs/tcp-workload-matrix-v1/A03-baseline/build/tcp_out.o,
by_pc,2147516016,10,20,40,50,10,10,0,0,0,tcp_output,/Users/swchen.tw/git/percepio/poc/runs/tcp-workload-matrix-v1/A03-baseline/build/tcp_out.o,
by_pc,2147516020,10,20,40,50,10,10,0,0,0,tcp_output,/Users/swchen.tw/git/percepio/poc/runs/tcp-workload-matrix-v1/A03-baseline/build/tcp_out.o,
by_pc,2147516024,10,10,20,30,10,0,0,0,0,tcp_output,/Users/swchen.tw/git/percepio/poc/runs/tcp-workload-matrix-v1/A03-baseline/build/tcp_out.o,
by_pc,2147516026,10,10,20,30,10,0,0,0,0,tcp_output,/Users/swchen.tw/git/percepio/poc/runs/tcp-workload-matrix-v1/A03-baseline/build/tcp_out.o,
by_pc,2147516030,10,118,236,246,20,0,80,18,0,tcp_output,/Users/swchen.tw/git/percepio/poc/runs/tcp-workload-matrix-v1/A03-baseline/build/tcp_out.o,
by_pc,2147516034,10,20,40,50,10,10,0,0,0,tcp_output,/Users/swchen.tw/git/percepio/poc/runs/tcp-workload-matrix-v1/A03-baseline/build/tcp_out.o,
by_pc,2147516036,10,10,20,30,10,0,0,0,0,tcp_output,/Users/swchen.tw/git/percepio/poc/runs/tcp-workload-matrix-v1/A03-baseline/build/tcp_out.o,
by_pc,2147516040,10,210,420,430,10,10,80,0,110,tcp_output,/Users/swchen.tw/git/percepio/poc/runs/tcp-workload-matrix-v1/A03-baseline/build/tcp_out.o,
by_pc,2147516044,10,10,20,30,10,0,0,0,0,tcp_output,/Users/swchen.tw/git/percepio/poc/runs/tcp-workload-matrix-v1/A03-baseline/build/tcp_out.o,
by_pc,2147516046,10,210,420,430,10,10,80,0,110,tcp_output,/Users/swchen.tw/git/percepio/poc/runs/tcp-workload-matrix-v1/A03-baseline/build/tcp_out.o,
by_pc,2147516050,10,20,40,50,10,10,0,0,0,tcp_output,/Users/swchen.tw/git/percepio/poc/runs/tcp-workload-matrix-v1/A03-baseline/build/tcp_out.o,
by_pc,2147516052,10,20,40,50,10,10,0,0,0,tcp_output,/Users/swchen.tw/git/percepio/poc/runs/tcp-workload-matrix-v1/A03-baseline/build/tcp_out.o,
by_pc,2147516056,10,10,20,30,10,0,0,0,0,tcp_output,/Users/swchen.tw/git/percepio/poc/runs/tcp-workload-matrix-v1/A03-baseline/build/tcp_out.o,
by_pc,2147516060,10,20,40,50,10,10,0,0,0,tcp_output,/Users/swchen.tw/git/percepio/poc/runs/tcp-workload-matrix-v1/A03-baseline/build/tcp_out.o,
by_pc,2147516062,10,20,40,50,10,10,0,0,0,tcp_output,/Users/swchen.tw/git/percepio/poc/runs/tcp-workload-matrix-v1/A03-baseline/build/tcp_out.o,
by_pc,2147516066,10,10,20,30,10,0,0,0,0,tcp_output,/Users/swchen.tw/git/percepio/poc/runs/tcp-workload-matrix-v1/A03-baseline/build/tcp_out.o,
by_pc,2147516070,10,10,20,30,10,0,0,0,0,tcp_output,/Users/swchen.tw/git/percepio/poc/runs/tcp-workload-matrix-v1/A03-baseline/build/tcp_out.o,
by_pc,2147516074,10,210,420,430,10,10,80,0,110,tcp_output,/Users/swchen.tw/git/percepio/poc/runs/tcp-workload-matrix-v1/A03-baseline/build/tcp_out.o,
by_pc,2147516078,10,210,420,430,10,10,80,0,110,tcp_output,/Users/swchen.tw/git/percepio/poc/runs/tcp-workload-matrix-v1/A03-baseline/build/tcp_out.o,
by_pc,2147516082,10,10,20,30,10,0,0,0,0,tcp_output,/Users/swchen.tw/git/percepio/poc/runs/tcp-workload-matrix-v1/A03-baseline/build/tcp_out.o,
by_pc,2147516086,10,10,20,30,10,0,0,0,0,tcp_output,/Users/swchen.tw/git/percepio/poc/runs/tcp-workload-matrix-v1/A03-baseline/build/tcp_out.o,
by_pc,2147516088,10,210,420,430,10,10,80,0,110,tcp_output,/Users/swchen.tw/git/percepio/poc/runs/tcp-workload-matrix-v1/A03-baseline/build/tcp_out.o,
by_pc,2147516092,10,210,420,430,10,10,80,0,110,tcp_output,/Users/swchen.tw/git/percepio/poc/runs/tcp-workload-matrix-v1/A03-baseline/build/tcp_out.o,
by_pc,2147516096,10,118,236,246,10,10,80,18,0,tcp_output,/Users/swchen.tw/git/percepio/poc/runs/tcp-workload-matrix-v1/A03-baseline/build/tcp_out.o,
by_pc,2147516100,10,20,40,50,10,10,0,0,0,tcp_output,/Users/swchen.tw/git/percepio/poc/runs/tcp-workload-matrix-v1/A03-baseline/build/tcp_out.o,
by_pc,2147516104,10,10,20,30,10,0,0,0,0,tcp_output,/Users/swchen.tw/git/percepio/poc/runs/tcp-workload-matrix-v1/A03-baseline/build/tcp_out.o,
by_pc,2147516108,10,210,420,430,10,10,80,0,110,tcp_output,/Users/swchen.tw/git/percepio/poc/runs/tcp-workload-matrix-v1/A03-baseline/build/tcp_out.o,
by_pc,2147516112,10,10,20,30,10,0,0,0,0,tcp_output,/Users/swchen.tw/git/percepio/poc/runs/tcp-workload-matrix-v1/A03-baseline/build/tcp_out.o,
by_pc,2147516114,10,210,420,430,10,10,80,0,110,tcp_output,/Users/swchen.tw/git/percepio/poc/runs/tcp-workload-matrix-v1/A03-baseline/build/tcp_out.o,
by_pc,2147516118,10,20,40,50,10,10,0,0,0,tcp_output,/Users/swchen.tw/git/percepio/poc/runs/tcp-workload-matrix-v1/A03-baseline/build/tcp_out.o,
by_pc,2147516122,10,20,40,50,10,10,0,0,0,tcp_output,/Users/swchen.tw/git/percepio/poc/runs/tcp-workload-matrix-v1/A03-baseline/build/tcp_out.o,
by_pc,2147516124,10,10,20,30,10,0,0,0,0,tcp_output,/Users/swchen.tw/git/percepio/poc/runs/tcp-workload-matrix-v1/A03-baseline/build/tcp_out.o,
by_pc,2147516126,10,210,420,430,10,10,80,0,110,tcp_output,/Users/swchen.tw/git/percepio/poc/runs/tcp-workload-matrix-v1/A03-baseline/build/tcp_out.o,
by_pc,2147516128,10,20,40,50,10,10,0,0,0,tcp_output,/Users/swchen.tw/git/percepio/poc/runs/tcp-workload-matrix-v1/A03-baseline/build/tcp_out.o,
by_pc,2147516132,10,10,20,30,10,0,0,0,0,tcp_output,/Users/swchen.tw/git/percepio/poc/runs/tcp-workload-matrix-v1/A03-baseline/build/tcp_out.o,
by_pc,2147516134,10,10,20,30,10,0,0,0,0,tcp_output,/Users/swchen.tw/git/percepio/poc/runs/tcp-workload-matrix-v1/A03-baseline/build/tcp_out.o,
by_pc,2147516136,1,1,2,3,1,0,0,0,0,tcp_output,/Users/swchen.tw/git/percepio/poc/runs/tcp-workload-matrix-v1/A03-baseline/build/tcp_out.o,
by_pc,2147516140,1,1,2,3,1,0,0,0,0,tcp_output,/Users/swchen.tw/git/percepio/poc/runs/tcp-workload-matrix-v1/A03-baseline/build/tcp_out.o,
by_pc,2147516142,1,1,2,3,1,0,0,0,0,tcp_output,/Users/swchen.tw/git/percepio/poc/runs/tcp-workload-matrix-v1/A03-baseline/build/tcp_out.o,
by_pc,2147516146,1,2,4,5,1,1,0,0,0,tcp_output,/Users/swchen.tw/git/percepio/poc/runs/tcp-workload-matrix-v1/A03-baseline/build/tcp_out.o,
by_pc,2147516150,1,1,2,3,1,0,0,0,0,tcp_output,/Users/swchen.tw/git/percepio/poc/runs/tcp-workload-matrix-v1/A03-baseline/build/tcp_out.o,
by_pc,2147516154,1,1,2,3,1,0,0,0,0,tcp_output,/Users/swchen.tw/git/percepio/poc/runs/tcp-workload-matrix-v1/A03-baseline/build/tcp_out.o,
by_pc,2147516158,1,1,2,3,1,0,0,0,0,tcp_output,/Users/swchen.tw/git/percepio/poc/runs/tcp-workload-matrix-v1/A03-baseline/build/tcp_out.o,
by_pc,2147516160,1,27,54,55,1,0,8,18,0,tcp_output,/Users/swchen.tw/git/percepio/poc/runs/tcp-workload-matrix-v1/A03-baseline/build/tcp_out.o,
by_pc,2147516164,1,21,42,43,1,1,8,0,11,tcp_output,/Users/swchen.tw/git/percepio/poc/runs/tcp-workload-matrix-v1/A03-baseline/build/tcp_out.o,
by_pc,2147516168,10,92,184,194,10,10,72,0,0,tcp_output,/Users/swchen.tw/git/percepio/poc/runs/tcp-workload-matrix-v1/A03-baseline/build/tcp_out.o,
by_pc,2147516172,10,10,20,30,10,0,0,0,0,tcp_output,/Users/swchen.tw/git/percepio/poc/runs/tcp-workload-matrix-v1/A03-baseline/build/tcp_out.o,
by_pc,2147516176,10,210,420,430,10,10,80,0,110,tcp_output,/Users/swchen.tw/git/percepio/poc/runs/tcp-workload-matrix-v1/A03-baseline/build/tcp_out.o,
by_pc,2147516180,10,20,40,50,10,10,0,0,0,tcp_output,/Users/swchen.tw/git/percepio/poc/runs/tcp-workload-matrix-v1/A03-baseline/build/tcp_out.o,
by_pc,2147516182,10,10,20,30,10,0,0,0,0,tcp_output,/Users/swchen.tw/git/percepio/poc/runs/tcp-workload-matrix-v1/A03-baseline/build/tcp_out.o,
by_pc,2147516184,10,20,40,50,10,10,0,0,0,tcp_output,/Users/swchen.tw/git/percepio/poc/runs/tcp-workload-matrix-v1/A03-baseline/build/tcp_out.o,
by_pc,2147516188,10,210,420,430,10,10,80,0,110,tcp_output,/Users/swchen.tw/git/percepio/poc/runs/tcp-workload-matrix-v1/A03-baseline/build/tcp_out.o,
by_pc,2147516190,10,20,40,50,10,10,0,0,0,tcp_output,/Users/swchen.tw/git/percepio/poc/runs/tcp-workload-matrix-v1/A03-baseline/build/tcp_out.o,
by_pc,2147516192,10,20,40,50,10,10,0,0,0,tcp_output,/Users/swchen.tw/git/percepio/poc/runs/tcp-workload-matrix-v1/A03-baseline/build/tcp_out.o,
by_pc,2147516196,10,20,40,50,10,10,0,0,0,tcp_output,/Users/swchen.tw/git/percepio/poc/runs/tcp-workload-matrix-v1/A03-baseline/build/tcp_out.o,
by_pc,2147516200,10,20,40,50,10,10,0,0,0,tcp_output,/Users/swchen.tw/git/percepio/poc/runs/tcp-workload-matrix-v1/A03-baseline/build/tcp_out.o,
by_pc,2147516204,10,10,20,30,10,0,0,0,0,tcp_output,/Users/swchen.tw/git/percepio/poc/runs/tcp-workload-matrix-v1/A03-baseline/build/tcp_out.o,
by_pc,2147516206,10,10,20,30,10,0,0,0,0,tcp_output,/Users/swchen.tw/git/percepio/poc/runs/tcp-workload-matrix-v1/A03-baseline/build/tcp_out.o,
by_pc,2147516208,10,20,40,50,10,10,0,0,0,tcp_output,/Users/swchen.tw/git/percepio/poc/runs/tcp-workload-matrix-v1/A03-baseline/build/tcp_out.o,
by_pc,2147516212,10,10,20,30,10,0,0,0,0,tcp_output,/Users/swchen.tw/git/percepio/poc/runs/tcp-workload-matrix-v1/A03-baseline/build/tcp_out.o,
by_pc,2147516214,10,10,20,30,10,0,0,0,0,tcp_output,/Users/swchen.tw/git/percepio/poc/runs/tcp-workload-matrix-v1/A03-baseline/build/tcp_out.o,
by_pc,2147516216,10,10,20,30,10,0,0,0,0,tcp_output,/Users/swchen.tw/git/percepio/poc/runs/tcp-workload-matrix-v1/A03-baseline/build/tcp_out.o,
by_pc,2147516218,10,10,20,30,10,0,0,0,0,tcp_output,/Users/swchen.tw/git/percepio/poc/runs/tcp-workload-matrix-v1/A03-baseline/build/tcp_out.o,
by_pc,2147516220,10,10,20,30,10,0,0,0,0,tcp_output,/Users/swchen.tw/git/percepio/poc/runs/tcp-workload-matrix-v1/A03-baseline/build/tcp_out.o,
by_pc,2147516224,10,308,616,626,10,10,160,18,110,tcp_output,/Users/swchen.tw/git/percepio/poc/runs/tcp-workload-matrix-v1/A03-baseline/build/tcp_out.o,
by_pc,2147516226,10,20,40,50,10,10,0,0,0,tcp_output,/Users/swchen.tw/git/percepio/poc/runs/tcp-workload-matrix-v1/A03-baseline/build/tcp_out.o,
by_pc,2147516228,10,20,40,50,10,10,0,0,0,tcp_output,/Users/swchen.tw/git/percepio/poc/runs/tcp-workload-matrix-v1/A03-baseline/build/tcp_out.o,
by_pc,2147516230,10,10,20,30,10,0,0,0,0,tcp_output,/Users/swchen.tw/git/percepio/poc/runs/tcp-workload-matrix-v1/A03-baseline/build/tcp_out.o,
by_pc,2147516232,10,20,40,50,10,10,0,0,0,tcp_output,/Users/swchen.tw/git/percepio/poc/runs/tcp-workload-matrix-v1/A03-baseline/build/tcp_out.o,
by_pc,2147516234,10,10,20,30,10,0,0,0,0,tcp_output,/Users/swchen.tw/git/percepio/poc/runs/tcp-workload-matrix-v1/A03-baseline/build/tcp_out.o,
by_pc,2147516236,10,20,40,50,10,10,0,0,0,tcp_output,/Users/swchen.tw/git/percepio/poc/runs/tcp-workload-matrix-v1/A03-baseline/build/tcp_out.o,
by_pc,2147516240,10,10,20,30,10,0,0,0,0,tcp_output,/Users/swchen.tw/git/percepio/poc/runs/tcp-workload-matrix-v1/A03-baseline/build/tcp_out.o,
by_pc,2147516242,10,210,420,430,10,10,80,0,110,tcp_output,/Users/swchen.tw/git/percepio/poc/runs/tcp-workload-matrix-v1/A03-baseline/build/tcp_out.o,
by_pc,2147516246,10,20,40,50,10,10,0,0,0,tcp_output,/Users/swchen.tw/git/percepio/poc/runs/tcp-workload-matrix-v1/A03-baseline/build/tcp_out.o,
by_pc,2147516248,10,20,40,50,10,10,0,0,0,tcp_output,/Users/swchen.tw/git/percepio/poc/runs/tcp-workload-matrix-v1/A03-baseline/build/tcp_out.o,
by_pc,2147516252,10,10,20,30,10,0,0,0,0,tcp_output,/Users/swchen.tw/git/percepio/poc/runs/tcp-workload-matrix-v1/A03-baseline/build/tcp_out.o,
by_pc,2147516256,10,210,420,430,10,10,80,0,110,tcp_output,/Users/swchen.tw/git/percepio/poc/runs/tcp-workload-matrix-v1/A03-baseline/build/tcp_out.o,
by_pc,2147516260,10,20,40,50,10,10,0,0,0,tcp_output,/Users/swchen.tw/git/percepio/poc/runs/tcp-workload-matrix-v1/A03-baseline/build/tcp_out.o,
by_pc,2147516262,10,20,40,50,10,10,0,0,0,tcp_output,/Users/swchen.tw/git/percepio/poc/runs/tcp-workload-matrix-v1/A03-baseline/build/tcp_out.o,
by_pc,2147516264,10,10,20,30,10,0,0,0,0,tcp_output,/Users/swchen.tw/git/percepio/poc/runs/tcp-workload-matrix-v1/A03-baseline/build/tcp_out.o,
by_pc,2147516266,10,210,420,430,10,10,80,0,110,tcp_output,/Users/swchen.tw/git/percepio/poc/runs/tcp-workload-matrix-v1/A03-baseline/build/tcp_out.o,
by_pc,2147516268,10,210,420,430,10,10,80,0,110,tcp_output,/Users/swchen.tw/git/percepio/poc/runs/tcp-workload-matrix-v1/A03-baseline/build/tcp_out.o,
by_pc,2147516272,10,210,420,430,10,10,80,0,110,tcp_output,/Users/swchen.tw/git/percepio/poc/runs/tcp-workload-matrix-v1/A03-baseline/build/tcp_out.o,
by_pc,2147516276,10,20,40,50,10,10,0,0,0,tcp_output,/Users/swchen.tw/git/percepio/poc/runs/tcp-workload-matrix-v1/A03-baseline/build/tcp_out.o,
by_pc,2147516278,10,20,40,50,10,10,0,0,0,tcp_output,/Users/swchen.tw/git/percepio/poc/runs/tcp-workload-matrix-v1/A03-baseline/build/tcp_out.o,
by_pc,2147516282,10,10,20,30,10,0,0,0,0,tcp_output,/Users/swchen.tw/git/percepio/poc/runs/tcp-workload-matrix-v1/A03-baseline/build/tcp_out.o,
by_pc,2147516286,10,128,256,266,20,10,80,18,0,tcp_output,/Users/swchen.tw/git/percepio/poc/runs/tcp-workload-matrix-v1/A03-baseline/build/tcp_out.o,
by_pc,2147516290,10,10,20,30,10,0,0,0,0,tcp_output,/Users/swchen.tw/git/percepio/poc/runs/tcp-workload-matrix-v1/A03-baseline/build/tcp_out.o,
by_pc,2147516294,10,210,420,430,10,10,80,0,110,tcp_output,/Users/swchen.tw/git/percepio/poc/runs/tcp-workload-matrix-v1/A03-baseline/build/tcp_out.o,
by_pc,2147516298,10,10,20,30,10,0,0,0,0,tcp_output,/Users/swchen.tw/git/percepio/poc/runs/tcp-workload-matrix-v1/A03-baseline/build/tcp_out.o,
by_pc,2147516300,10,210,420,430,10,10,80,0,110,tcp_output,/Users/swchen.tw/git/percepio/poc/runs/tcp-workload-matrix-v1/A03-baseline/build/tcp_out.o,
by_pc,2147516304,10,10,20,30,10,0,0,0,0,tcp_output,/Users/swchen.tw/git/percepio/poc/runs/tcp-workload-matrix-v1/A03-baseline/build/tcp_out.o,
by_pc,2147516308,10,20,40,50,10,10,0,0,0,tcp_output,/Users/swchen.tw/git/percepio/poc/runs/tcp-workload-matrix-v1/A03-baseline/build/tcp_out.o,
by_pc,2147516312,10,10,20,30,10,0,0,0,0,tcp_output,/Users/swchen.tw/git/percepio/poc/runs/tcp-workload-matrix-v1/A03-baseline/build/tcp_out.o,
by_pc,2147516314,10,10,20,30,10,0,0,0,0,tcp_output,/Users/swchen.tw/git/percepio/poc/runs/tcp-workload-matrix-v1/A03-baseline/build/tcp_out.o,
by_pc,2147516318,10,10,20,30,10,0,0,0,0,tcp_output,/Users/swchen.tw/git/percepio/poc/runs/tcp-workload-matrix-v1/A03-baseline/build/tcp_out.o,
by_pc,2147516320,10,10,20,30,10,0,0,0,0,tcp_output,/Users/swchen.tw/git/percepio/poc/runs/tcp-workload-matrix-v1/A03-baseline/build/tcp_out.o,
by_pc,2147516324,10,210,420,430,10,10,80,0,110,tcp_output,/Users/swchen.tw/git/percepio/poc/runs/tcp-workload-matrix-v1/A03-baseline/build/tcp_out.o,
by_pc,2147516328,10,20,40,50,10,10,0,0,0,tcp_output,/Users/swchen.tw/git/percepio/poc/runs/tcp-workload-matrix-v1/A03-baseline/build/tcp_out.o,
by_pc,2147516332,10,20,40,50,10,10,0,0,0,tcp_output,/Users/swchen.tw/git/percepio/poc/runs/tcp-workload-matrix-v1/A03-baseline/build/tcp_out.o,
by_pc,2147516336,10,20,40,50,10,10,0,0,0,tcp_output,/Users/swchen.tw/git/percepio/poc/runs/tcp-workload-matrix-v1/A03-baseline/build/tcp_out.o,
by_pc,2147516338,10,10,20,30,10,0,0,0,0,tcp_output,/Users/swchen.tw/git/percepio/poc/runs/tcp-workload-matrix-v1/A03-baseline/build/tcp_out.o,
by_pc,2147516340,10,10,20,30,10,0,0,0,0,tcp_output,/Users/swchen.tw/git/percepio/poc/runs/tcp-workload-matrix-v1/A03-baseline/build/tcp_out.o,
by_pc,2147516342,10,10,20,30,10,0,0,0,0,tcp_output,/Users/swchen.tw/git/percepio/poc/runs/tcp-workload-matrix-v1/A03-baseline/build/tcp_out.o,
by_pc,2147518950,11,19,38,49,11,0,8,0,0,ip4_output_if,/Users/swchen.tw/git/percepio/poc/runs/tcp-workload-matrix-v1/A03-baseline/build/ip4.o,
by_pc,2147518952,11,11,22,33,11,0,0,0,0,ip4_output_if,/Users/swchen.tw/git/percepio/poc/runs/tcp-workload-matrix-v1/A03-baseline/build/ip4.o,
by_pc,2147518954,11,22,44,55,11,11,0,0,0,ip4_output_if,/Users/swchen.tw/git/percepio/poc/runs/tcp-workload-matrix-v1/A03-baseline/build/ip4.o,
by_pc,2147518958,11,11,22,33,11,0,0,0,0,ip4_output_if,/Users/swchen.tw/git/percepio/poc/runs/tcp-workload-matrix-v1/A03-baseline/build/ip4.o,
by_pc,2147518966,11,11,22,33,11,0,0,0,0,ip4_output_if,/Users/swchen.tw/git/percepio/poc/runs/tcp-workload-matrix-v1/A03-baseline/build/ip4.o,
by_pc,2147518566,11,109,218,229,11,0,80,18,0,ip4_output_if_src,/Users/swchen.tw/git/percepio/poc/runs/tcp-workload-matrix-v1/A03-baseline/build/ip4.o,
by_pc,2147518568,11,231,462,473,11,11,88,0,121,ip4_output_if_src,/Users/swchen.tw/git/percepio/poc/runs/tcp-workload-matrix-v1/A03-baseline/build/ip4.o,
by_pc,2147518570,11,231,462,473,11,11,88,0,121,ip4_output_if_src,/Users/swchen.tw/git/percepio/poc/runs/tcp-workload-matrix-v1/A03-baseline/build/ip4.o,
by_pc,2147518572,11,231,462,473,11,11,88,0,121,ip4_output_if_src,/Users/swchen.tw/git/percepio/poc/runs/tcp-workload-matrix-v1/A03-baseline/build/ip4.o,
by_pc,2147518574,11,231,462,473,11,11,88,0,121,ip4_output_if_src,/Users/swchen.tw/git/percepio/poc/runs/tcp-workload-matrix-v1/A03-baseline/build/ip4.o,
by_pc,2147518576,11,231,462,473,11,11,88,0,121,ip4_output_if_src,/Users/swchen.tw/git/percepio/poc/runs/tcp-workload-matrix-v1/A03-baseline/build/ip4.o,
by_pc,2147518578,11,231,462,473,11,11,88,0,121,ip4_output_if_src,/Users/swchen.tw/git/percepio/poc/runs/tcp-workload-matrix-v1/A03-baseline/build/ip4.o,
by_pc,2147518580,11,231,462,473,11,11,88,0,121,ip4_output_if_src,/Users/swchen.tw/git/percepio/poc/runs/tcp-workload-matrix-v1/A03-baseline/build/ip4.o,
by_pc,2147518582,11,11,22,33,11,0,0,0,0,ip4_output_if_src,/Users/swchen.tw/git/percepio/poc/runs/tcp-workload-matrix-v1/A03-baseline/build/ip4.o,
by_pc,2147518584,11,11,22,33,11,0,0,0,0,ip4_output_if_src,/Users/swchen.tw/git/percepio/poc/runs/tcp-workload-matrix-v1/A03-baseline/build/ip4.o,
by_pc,2147518586,11,11,22,33,11,0,0,0,0,ip4_output_if_src,/Users/swchen.tw/git/percepio/poc/runs/tcp-workload-matrix-v1/A03-baseline/build/ip4.o,
by_pc,2147518590,11,11,22,33,11,0,0,0,0,ip4_output_if_src,/Users/swchen.tw/git/percepio/poc/runs/tcp-workload-matrix-v1/A03-baseline/build/ip4.o,
by_pc,2147518592,11,109,218,229,11,0,80,18,0,ip4_output_if_src,/Users/swchen.tw/git/percepio/poc/runs/tcp-workload-matrix-v1/A03-baseline/build/ip4.o,
by_pc,2147518594,11,231,462,473,11,11,88,0,121,ip4_output_if_src,/Users/swchen.tw/git/percepio/poc/runs/tcp-workload-matrix-v1/A03-baseline/build/ip4.o,
by_pc,2147518596,11,231,462,473,11,11,88,0,121,ip4_output_if_src,/Users/swchen.tw/git/percepio/poc/runs/tcp-workload-matrix-v1/A03-baseline/build/ip4.o,
by_pc,2147518598,11,11,22,33,11,0,0,0,0,ip4_output_if_src,/Users/swchen.tw/git/percepio/poc/runs/tcp-workload-matrix-v1/A03-baseline/build/ip4.o,
by_pc,2147518600,11,11,22,33,11,0,0,0,0,ip4_output_if_src,/Users/swchen.tw/git/percepio/poc/runs/tcp-workload-matrix-v1/A03-baseline/build/ip4.o,
by_pc,2147518602,11,11,22,33,11,0,0,0,0,ip4_output_if_src,/Users/swchen.tw/git/percepio/poc/runs/tcp-workload-matrix-v1/A03-baseline/build/ip4.o,
by_pc,2147518606,11,22,44,55,11,11,0,0,0,ip4_output_if_src,/Users/swchen.tw/git/percepio/poc/runs/tcp-workload-matrix-v1/A03-baseline/build/ip4.o,
by_pc,2147518608,11,22,44,55,11,11,0,0,0,ip4_output_if_src,/Users/swchen.tw/git/percepio/poc/runs/tcp-workload-matrix-v1/A03-baseline/build/ip4.o,
by_pc,2147518610,11,11,22,33,11,0,0,0,0,ip4_output_if_src,/Users/swchen.tw/git/percepio/poc/runs/tcp-workload-matrix-v1/A03-baseline/build/ip4.o,
by_pc,2147518650,11,22,44,55,11,11,0,0,0,ip4_output_if_src,/Users/swchen.tw/git/percepio/poc/runs/tcp-workload-matrix-v1/A03-baseline/build/ip4.o,
by_pc,2147518654,11,276,552,563,22,11,104,18,121,ip4_output_if_src,/Users/swchen.tw/git/percepio/poc/runs/tcp-workload-matrix-v1/A03-baseline/build/ip4.o,
by_pc,2147518658,11,231,462,473,11,11,88,0,121,ip4_output_if_src,/Users/swchen.tw/git/percepio/poc/runs/tcp-workload-matrix-v1/A03-baseline/build/ip4.o,
by_pc,2147518662,11,22,44,55,11,11,0,0,0,ip4_output_if_src,/Users/swchen.tw/git/percepio/poc/runs/tcp-workload-matrix-v1/A03-baseline/build/ip4.o,
by_pc,2147518666,11,231,462,473,11,11,88,0,121,ip4_output_if_src,/Users/swchen.tw/git/percepio/poc/runs/tcp-workload-matrix-v1/A03-baseline/build/ip4.o,
by_pc,2147518670,11,11,22,33,11,0,0,0,0,ip4_output_if_src,/Users/swchen.tw/git/percepio/poc/runs/tcp-workload-matrix-v1/A03-baseline/build/ip4.o,
by_pc,2147518672,11,11,22,33,11,0,0,0,0,ip4_output_if_src,/Users/swchen.tw/git/percepio/poc/runs/tcp-workload-matrix-v1/A03-baseline/build/ip4.o,
by_pc,2147518676,11,11,22,33,11,0,0,0,0,ip4_output_if_src,/Users/swchen.tw/git/percepio/poc/runs/tcp-workload-matrix-v1/A03-baseline/build/ip4.o,
by_pc,2147518680,11,231,462,473,11,11,88,0,121,ip4_output_if_src,/Users/swchen.tw/git/percepio/poc/runs/tcp-workload-matrix-v1/A03-baseline/build/ip4.o,
by_pc,2147518684,11,231,462,473,11,11,88,0,121,ip4_output_if_src,/Users/swchen.tw/git/percepio/poc/runs/tcp-workload-matrix-v1/A03-baseline/build/ip4.o,
by_pc,2147518688,11,11,22,33,11,0,0,0,0,ip4_output_if_src,/Users/swchen.tw/git/percepio/poc/runs/tcp-workload-matrix-v1/A03-baseline/build/ip4.o,
by_pc,2147518692,11,11,22,33,11,0,0,0,0,ip4_output_if_src,/Users/swchen.tw/git/percepio/poc/runs/tcp-workload-matrix-v1/A03-baseline/build/ip4.o,
by_pc,2147518696,11,231,462,473,11,11,88,0,121,ip4_output_if_src,/Users/swchen.tw/git/percepio/poc/runs/tcp-workload-matrix-v1/A03-baseline/build/ip4.o,
by_pc,2147518700,11,231,462,473,11,11,88,0,121,ip4_output_if_src,/Users/swchen.tw/git/percepio/poc/runs/tcp-workload-matrix-v1/A03-baseline/build/ip4.o,
by_pc,2147518704,11,231,462,473,11,11,88,0,121,ip4_output_if_src,/Users/swchen.tw/git/percepio/poc/runs/tcp-workload-matrix-v1/A03-baseline/build/ip4.o,
by_pc,2147518708,11,11,22,33,11,0,0,0,0,ip4_output_if_src,/Users/swchen.tw/git/percepio/poc/runs/tcp-workload-matrix-v1/A03-baseline/build/ip4.o,
by_pc,2147518710,11,11,22,33,11,0,0,0,0,ip4_output_if_src,/Users/swchen.tw/git/percepio/poc/runs/tcp-workload-matrix-v1/A03-baseline/build/ip4.o,
by_pc,2147518712,11,11,22,33,11,0,0,0,0,ip4_output_if_src,/Users/swchen.tw/git/percepio/poc/runs/tcp-workload-matrix-v1/A03-baseline/build/ip4.o,
by_pc,2147518714,11,22,44,55,11,11,0,0,0,ip4_output_if_src,/Users/swchen.tw/git/percepio/poc/runs/tcp-workload-matrix-v1/A03-baseline/build/ip4.o,
by_pc,2147518718,11,11,22,33,11,0,0,0,0,ip4_output_if_src,/Users/swchen.tw/git/percepio/poc/runs/tcp-workload-matrix-v1/A03-baseline/build/ip4.o,
by_pc,2147518720,11,45,90,101,11,0,16,18,0,ip4_output_if_src,/Users/swchen.tw/git/percepio/poc/runs/tcp-workload-matrix-v1/A03-baseline/build/ip4.o,
by_pc,2147518722,11,11,22,33,11,0,0,0,0,ip4_output_if_src,/Users/swchen.tw/git/percepio/poc/runs/tcp-workload-matrix-v1/A03-baseline/build/ip4.o,
by_pc,2147518724,11,11,22,33,11,0,0,0,0,ip4_output_if_src,/Users/swchen.tw/git/percepio/poc/runs/tcp-workload-matrix-v1/A03-baseline/build/ip4.o,
by_pc,2147518726,11,11,22,33,11,0,0,0,0,ip4_output_if_src,/Users/swchen.tw/git/percepio/poc/runs/tcp-workload-matrix-v1/A03-baseline/build/ip4.o,
by_pc,2147518728,11,11,22,33,11,0,0,0,0,ip4_output_if_src,/Users/swchen.tw/git/percepio/poc/runs/tcp-workload-matrix-v1/A03-baseline/build/ip4.o,
by_pc,2147518730,11,11,22,33,11,0,0,0,0,ip4_output_if_src,/Users/swchen.tw/git/percepio/poc/runs/tcp-workload-matrix-v1/A03-baseline/build/ip4.o,
by_pc,2147518732,11,11,22,33,11,0,0,0,0,ip4_output_if_src,/Users/swchen.tw/git/percepio/poc/runs/tcp-workload-matrix-v1/A03-baseline/build/ip4.o,
by_pc,2147518736,11,11,22,33,11,0,0,0,0,ip4_output_if_src,/Users/swchen.tw/git/percepio/poc/runs/tcp-workload-matrix-v1/A03-baseline/build/ip4.o,
by_pc,2147518740,11,231,462,473,11,11,88,0,121,ip4_output_if_src,/Users/swchen.tw/git/percepio/poc/runs/tcp-workload-matrix-v1/A03-baseline/build/ip4.o,
by_pc,2147518744,11,11,22,33,11,0,0,0,0,ip4_output_if_src,/Users/swchen.tw/git/percepio/poc/runs/tcp-workload-matrix-v1/A03-baseline/build/ip4.o,
by_pc,2147518746,11,22,44,55,11,11,0,0,0,ip4_output_if_src,/Users/swchen.tw/git/percepio/poc/runs/tcp-workload-matrix-v1/A03-baseline/build/ip4.o,
by_pc,2147518750,11,231,462,473,11,11,88,0,121,ip4_output_if_src,/Users/swchen.tw/git/percepio/poc/runs/tcp-workload-matrix-v1/A03-baseline/build/ip4.o,
by_pc,2147518754,11,231,462,473,11,11,88,0,121,ip4_output_if_src,/Users/swchen.tw/git/percepio/poc/runs/tcp-workload-matrix-v1/A03-baseline/build/ip4.o,
by_pc,2147518758,11,231,462,473,11,11,88,0,121,ip4_output_if_src,/Users/swchen.tw/git/percepio/poc/runs/tcp-workload-matrix-v1/A03-baseline/build/ip4.o,
by_pc,2147518762,11,11,22,33,11,0,0,0,0,ip4_output_if_src,/Users/swchen.tw/git/percepio/poc/runs/tcp-workload-matrix-v1/A03-baseline/build/ip4.o,
by_pc,2147518766,11,11,22,33,11,0,0,0,0,ip4_output_if_src,/Users/swchen.tw/git/percepio/poc/runs/tcp-workload-matrix-v1/A03-baseline/build/ip4.o,
by_pc,2147518770,11,231,462,473,11,11,88,0,121,ip4_output_if_src,/Users/swchen.tw/git/percepio/poc/runs/tcp-workload-matrix-v1/A03-baseline/build/ip4.o,
by_pc,2147518774,11,22,44,55,11,11,0,0,0,ip4_output_if_src,/Users/swchen.tw/git/percepio/poc/runs/tcp-workload-matrix-v1/A03-baseline/build/ip4.o,
by_pc,2147518778,11,231,462,473,11,11,88,0,121,ip4_output_if_src,/Users/swchen.tw/git/percepio/poc/runs/tcp-workload-matrix-v1/A03-baseline/build/ip4.o,
by_pc,2147518782,11,11,22,33,11,0,0,0,0,ip4_output_if_src,/Users/swchen.tw/git/percepio/poc/runs/tcp-workload-matrix-v1/A03-baseline/build/ip4.o,
by_pc,2147518784,11,45,90,101,11,0,16,18,0,ip4_output_if_src,/Users/swchen.tw/git/percepio/poc/runs/tcp-workload-matrix-v1/A03-baseline/build/ip4.o,
by_pc,2147518786,11,231,462,473,11,11,88,0,121,ip4_output_if_src,/Users/swchen.tw/git/percepio/poc/runs/tcp-workload-matrix-v1/A03-baseline/build/ip4.o,
by_pc,2147518790,11,11,22,33,11,0,0,0,0,ip4_output_if_src,/Users/swchen.tw/git/percepio/poc/runs/tcp-workload-matrix-v1/A03-baseline/build/ip4.o,
by_pc,2147518896,11,120,240,251,11,11,80,18,0,ip4_output_if_src,/Users/swchen.tw/git/percepio/poc/runs/tcp-workload-matrix-v1/A03-baseline/build/ip4.o,
by_pc,2147518900,11,11,22,33,11,0,0,0,0,ip4_output_if_src,/Users/swchen.tw/git/percepio/poc/runs/tcp-workload-matrix-v1/A03-baseline/build/ip4.o,
by_pc,2147518798,11,11,22,33,11,0,0,0,0,ip4_output_if_src,/Users/swchen.tw/git/percepio/poc/runs/tcp-workload-matrix-v1/A03-baseline/build/ip4.o,
by_pc,2147518802,11,11,22,33,11,0,0,0,0,ip4_output_if_src,/Users/swchen.tw/git/percepio/poc/runs/tcp-workload-matrix-v1/A03-baseline/build/ip4.o,
by_pc,2147518806,11,231,462,473,11,11,88,0,121,ip4_output_if_src,/Users/swchen.tw/git/percepio/poc/runs/tcp-workload-matrix-v1/A03-baseline/build/ip4.o,
by_pc,2147518810,11,231,462,473,11,11,88,0,121,ip4_output_if_src,/Users/swchen.tw/git/percepio/poc/runs/tcp-workload-matrix-v1/A03-baseline/build/ip4.o,
by_pc,2147518814,11,11,22,33,11,0,0,0,0,ip4_output_if_src,/Users/swchen.tw/git/percepio/poc/runs/tcp-workload-matrix-v1/A03-baseline/build/ip4.o,
by_pc,2147518818,11,11,22,33,11,0,0,0,0,ip4_output_if_src,/Users/swchen.tw/git/percepio/poc/runs/tcp-workload-matrix-v1/A03-baseline/build/ip4.o,
by_pc,2147518820,11,11,22,33,11,0,0,0,0,ip4_output_if_src,/Users/swchen.tw/git/percepio/poc/runs/tcp-workload-matrix-v1/A03-baseline/build/ip4.o,
by_pc,2147518822,11,11,22,33,11,0,0,0,0,ip4_output_if_src,/Users/swchen.tw/git/percepio/poc/runs/tcp-workload-matrix-v1/A03-baseline/build/ip4.o,
by_pc,2147518824,11,11,22,33,11,0,0,0,0,ip4_output_if_src,/Users/swchen.tw/git/percepio/poc/runs/tcp-workload-matrix-v1/A03-baseline/build/ip4.o,
by_pc,2147518826,11,231,462,473,11,11,88,0,121,ip4_output_if_src,/Users/swchen.tw/git/percepio/poc/runs/tcp-workload-matrix-v1/A03-baseline/build/ip4.o,
by_pc,2147518830,11,11,22,33,11,0,0,0,0,ip4_output_if_src,/Users/swchen.tw/git/percepio/poc/runs/tcp-workload-matrix-v1/A03-baseline/build/ip4.o,
by_pc,2147518834,11,11,22,33,11,0,0,0,0,ip4_output_if_src,/Users/swchen.tw/git/percepio/poc/runs/tcp-workload-matrix-v1/A03-baseline/build/ip4.o,
by_pc,2147518836,11,11,22,33,11,0,0,0,0,ip4_output_if_src,/Users/swchen.tw/git/percepio/poc/runs/tcp-workload-matrix-v1/A03-baseline/build/ip4.o,
by_pc,2147518838,11,11,22,33,11,0,0,0,0,ip4_output_if_src,/Users/swchen.tw/git/percepio/poc/runs/tcp-workload-matrix-v1/A03-baseline/build/ip4.o,
by_pc,2147518840,11,11,22,33,11,0,0,0,0,ip4_output_if_src,/Users/swchen.tw/git/percepio/poc/runs/tcp-workload-matrix-v1/A03-baseline/build/ip4.o,
by_pc,2147518844,11,11,22,33,11,0,0,0,0,ip4_output_if_src,/Users/swchen.tw/git/percepio/poc/runs/tcp-workload-matrix-v1/A03-baseline/build/ip4.o,
by_pc,2147518846,11,22,44,55,22,0,0,0,0,ip4_output_if_src,/Users/swchen.tw/git/percepio/poc/runs/tcp-workload-matrix-v1/A03-baseline/build/ip4.o,
by_pc,2147518850,11,231,462,473,11,11,88,0,121,ip4_output_if_src,/Users/swchen.tw/git/percepio/poc/runs/tcp-workload-matrix-v1/A03-baseline/build/ip4.o,
by_pc,2147518854,11,11,22,33,11,0,0,0,0,ip4_output_if_src,/Users/swchen.tw/git/percepio/poc/runs/tcp-workload-matrix-v1/A03-baseline/build/ip4.o,
by_pc,2147518856,11,231,462,473,11,11,88,0,121,ip4_output_if_src,/Users/swchen.tw/git/percepio/poc/runs/tcp-workload-matrix-v1/A03-baseline/build/ip4.o,
by_pc,2147518860,11,231,462,473,11,11,88,0,121,ip4_output_if_src,/Users/swchen.tw/git/percepio/poc/runs/tcp-workload-matrix-v1/A03-baseline/build/ip4.o,
by_pc,2147518864,11,11,22,33,11,0,0,0,0,ip4_output_if_src,/Users/swchen.tw/git/percepio/poc/runs/tcp-workload-matrix-v1/A03-baseline/build/ip4.o,
by_pc,2147518868,11,22,44,55,11,11,0,0,0,ip4_output_if_src,/Users/swchen.tw/git/percepio/poc/runs/tcp-workload-matrix-v1/A03-baseline/build/ip4.o,
by_pc,2147518872,11,11,22,33,11,0,0,0,0,ip4_output_if_src,/Users/swchen.tw/git/percepio/poc/runs/tcp-workload-matrix-v1/A03-baseline/build/ip4.o,
by_pc,2147518874,11,11,22,33,11,0,0,0,0,ip4_output_if_src,/Users/swchen.tw/git/percepio/poc/runs/tcp-workload-matrix-v1/A03-baseline/build/ip4.o,
by_pc,2147518876,11,11,22,33,11,0,0,0,0,ip4_output_if_src,/Users/swchen.tw/git/percepio/poc/runs/tcp-workload-matrix-v1/A03-baseline/build/ip4.o,
by_pc,2147518878,11,11,22,33,11,0,0,0,0,ip4_output_if_src,/Users/swchen.tw/git/percepio/poc/runs/tcp-workload-matrix-v1/A03-baseline/build/ip4.o,
by_pc,2147518882,11,231,462,473,11,11,88,0,121,ip4_output_if_src,/Users/swchen.tw/git/percepio/poc/runs/tcp-workload-matrix-v1/A03-baseline/build/ip4.o,
by_pc,2147518886,11,22,44,55,11,11,0,0,0,ip4_output_if_src,/Users/swchen.tw/git/percepio/poc/runs/tcp-workload-matrix-v1/A03-baseline/build/ip4.o,
by_pc,2147518890,11,11,22,33,11,0,0,0,0,ip4_output_if_src,/Users/swchen.tw/git/percepio/poc/runs/tcp-workload-matrix-v1/A03-baseline/build/ip4.o,
by_pc,2147518892,11,11,22,33,11,0,0,0,0,ip4_output_if_src,/Users/swchen.tw/git/percepio/poc/runs/tcp-workload-matrix-v1/A03-baseline/build/ip4.o,
by_pc,2147495364,11,91,182,193,11,0,80,0,0,output_packet,/Users/swchen.tw/git/percepio/poc/runs/tcp-workload-matrix-v1/A03-baseline/build/tcp_request_response_irq.o,
by_pc,2147495366,11,231,462,473,11,11,88,0,121,output_packet,/Users/swchen.tw/git/percepio/poc/runs/tcp-workload-matrix-v1/A03-baseline/build/tcp_request_response_irq.o,
by_pc,2147495368,11,231,462,473,11,11,88,0,121,output_packet,/Users/swchen.tw/git/percepio/poc/runs/tcp-workload-matrix-v1/A03-baseline/build/tcp_request_response_irq.o,
by_pc,2147495370,11,231,462,473,11,11,88,0,121,output_packet,/Users/swchen.tw/git/percepio/poc/runs/tcp-workload-matrix-v1/A03-baseline/build/tcp_request_response_irq.o,
by_pc,2147495372,11,11,22,33,11,0,0,0,0,output_packet,/Users/swchen.tw/git/percepio/poc/runs/tcp-workload-matrix-v1/A03-baseline/build/tcp_request_response_irq.o,
by_pc,2147495376,11,22,44,55,11,11,0,0,0,output_packet,/Users/swchen.tw/git/percepio/poc/runs/tcp-workload-matrix-v1/A03-baseline/build/tcp_request_response_irq.o,
by_pc,2147495378,11,11,22,33,11,0,0,0,0,output_packet,/Users/swchen.tw/git/percepio/poc/runs/tcp-workload-matrix-v1/A03-baseline/build/tcp_request_response_irq.o,
by_pc,2147495380,11,11,22,33,11,0,0,0,0,output_packet,/Users/swchen.tw/git/percepio/poc/runs/tcp-workload-matrix-v1/A03-baseline/build/tcp_request_response_irq.o,
by_pc,2147495398,11,11,22,33,11,0,0,0,0,output_packet,/Users/swchen.tw/git/percepio/poc/runs/tcp-workload-matrix-v1/A03-baseline/build/tcp_request_response_irq.o,
by_pc,2147495400,11,11,22,33,11,0,0,0,0,output_packet,/Users/swchen.tw/git/percepio/poc/runs/tcp-workload-matrix-v1/A03-baseline/build/tcp_request_response_irq.o,
by_pc,2147502220,11,11,22,33,11,0,0,0,0,pbuf_ref,/Users/swchen.tw/git/percepio/poc/runs/tcp-workload-matrix-v1/A03-baseline/build/pbuf.o,
by_pc,2147502222,11,22,44,55,11,11,0,0,0,pbuf_ref,/Users/swchen.tw/git/percepio/poc/runs/tcp-workload-matrix-v1/A03-baseline/build/pbuf.o,
by_pc,2147502226,11,11,22,33,11,0,0,0,0,pbuf_ref,/Users/swchen.tw/git/percepio/poc/runs/tcp-workload-matrix-v1/A03-baseline/build/pbuf.o,
by_pc,2147502228,11,231,462,473,11,11,88,0,121,pbuf_ref,/Users/swchen.tw/git/percepio/poc/runs/tcp-workload-matrix-v1/A03-baseline/build/pbuf.o,
by_pc,2147502232,11,11,22,33,11,0,0,0,0,pbuf_ref,/Users/swchen.tw/git/percepio/poc/runs/tcp-workload-matrix-v1/A03-baseline/build/pbuf.o,
by_pc,2147495404,11,231,462,473,11,11,88,0,121,output_packet,/Users/swchen.tw/git/percepio/poc/runs/tcp-workload-matrix-v1/A03-baseline/build/tcp_request_response_irq.o,
by_pc,2147495406,11,22,44,55,11,11,0,0,0,output_packet,/Users/swchen.tw/git/percepio/poc/runs/tcp-workload-matrix-v1/A03-baseline/build/tcp_request_response_irq.o,
by_pc,2147495408,11,22,44,55,11,11,0,0,0,output_packet,/Users/swchen.tw/git/percepio/poc/runs/tcp-workload-matrix-v1/A03-baseline/build/tcp_request_response_irq.o,
by_pc,2147495410,11,22,44,55,11,11,0,0,0,output_packet,/Users/swchen.tw/git/percepio/poc/runs/tcp-workload-matrix-v1/A03-baseline/build/tcp_request_response_irq.o,
by_pc,2147495412,11,11,22,33,11,0,0,0,0,output_packet,/Users/swchen.tw/git/percepio/poc/runs/tcp-workload-matrix-v1/A03-baseline/build/tcp_request_response_irq.o,
by_pc,2147495414,11,11,22,33,11,0,0,0,0,output_packet,/Users/swchen.tw/git/percepio/poc/runs/tcp-workload-matrix-v1/A03-baseline/build/tcp_request_response_irq.o,
by_pc,2147495416,11,11,22,33,11,0,0,0,0,output_packet,/Users/swchen.tw/git/percepio/poc/runs/tcp-workload-matrix-v1/A03-baseline/build/tcp_request_response_irq.o,
by_pc,2147518894,11,11,22,33,11,0,0,0,0,ip4_output_if_src,/Users/swchen.tw/git/percepio/poc/runs/tcp-workload-matrix-v1/A03-baseline/build/ip4.o,
by_pc,2147518632,11,22,44,55,11,11,0,0,0,ip4_output_if_src,/Users/swchen.tw/git/percepio/poc/runs/tcp-workload-matrix-v1/A03-baseline/build/ip4.o,
by_pc,2147518634,11,22,44,55,11,11,0,0,0,ip4_output_if_src,/Users/swchen.tw/git/percepio/poc/runs/tcp-workload-matrix-v1/A03-baseline/build/ip4.o,
by_pc,2147518636,11,22,44,55,11,11,0,0,0,ip4_output_if_src,/Users/swchen.tw/git/percepio/poc/runs/tcp-workload-matrix-v1/A03-baseline/build/ip4.o,
by_pc,2147518638,11,22,44,55,11,11,0,0,0,ip4_output_if_src,/Users/swchen.tw/git/percepio/poc/runs/tcp-workload-matrix-v1/A03-baseline/build/ip4.o,
by_pc,2147518640,11,22,44,55,11,11,0,0,0,ip4_output_if_src,/Users/swchen.tw/git/percepio/poc/runs/tcp-workload-matrix-v1/A03-baseline/build/ip4.o,
by_pc,2147518642,11,22,44,55,11,11,0,0,0,ip4_output_if_src,/Users/swchen.tw/git/percepio/poc/runs/tcp-workload-matrix-v1/A03-baseline/build/ip4.o,
by_pc,2147518644,11,22,44,55,11,11,0,0,0,ip4_output_if_src,/Users/swchen.tw/git/percepio/poc/runs/tcp-workload-matrix-v1/A03-baseline/build/ip4.o,
by_pc,2147518646,11,11,22,33,11,0,0,0,0,ip4_output_if_src,/Users/swchen.tw/git/percepio/poc/runs/tcp-workload-matrix-v1/A03-baseline/build/ip4.o,
by_pc,2147518648,11,11,22,33,11,0,0,0,0,ip4_output_if_src,/Users/swchen.tw/git/percepio/poc/runs/tcp-workload-matrix-v1/A03-baseline/build/ip4.o,
by_pc,2147516346,10,10,20,30,10,0,0,0,0,tcp_output,/Users/swchen.tw/git/percepio/poc/runs/tcp-workload-matrix-v1/A03-baseline/build/tcp_out.o,
by_pc,2147515648,10,118,236,246,10,10,80,18,0,tcp_output,/Users/swchen.tw/git/percepio/poc/runs/tcp-workload-matrix-v1/A03-baseline/build/tcp_out.o,
by_pc,2147515650,10,210,420,430,10,10,80,0,110,tcp_output,/Users/swchen.tw/git/percepio/poc/runs/tcp-workload-matrix-v1/A03-baseline/build/tcp_out.o,
by_pc,2147515652,10,20,40,50,10,10,0,0,0,tcp_output,/Users/swchen.tw/git/percepio/poc/runs/tcp-workload-matrix-v1/A03-baseline/build/tcp_out.o,
by_pc,2147515654,10,10,20,30,10,0,0,0,0,tcp_output,/Users/swchen.tw/git/percepio/poc/runs/tcp-workload-matrix-v1/A03-baseline/build/tcp_out.o,
by_pc,2147515658,10,20,40,50,10,10,0,0,0,tcp_output,/Users/swchen.tw/git/percepio/poc/runs/tcp-workload-matrix-v1/A03-baseline/build/tcp_out.o,
by_pc,2147515662,10,10,20,30,10,0,0,0,0,tcp_output,/Users/swchen.tw/git/percepio/poc/runs/tcp-workload-matrix-v1/A03-baseline/build/tcp_out.o,
by_pc,2147515664,10,210,420,430,10,10,80,0,110,tcp_output,/Users/swchen.tw/git/percepio/poc/runs/tcp-workload-matrix-v1/A03-baseline/build/tcp_out.o,
by_pc,2147515668,10,20,40,50,10,10,0,0,0,tcp_output,/Users/swchen.tw/git/percepio/poc/runs/tcp-workload-matrix-v1/A03-baseline/build/tcp_out.o,
by_pc,2147515670,10,20,40,50,10,10,0,0,0,tcp_output,/Users/swchen.tw/git/percepio/poc/runs/tcp-workload-matrix-v1/A03-baseline/build/tcp_out.o,
by_pc,2147515674,10,20,40,50,10,10,0,0,0,tcp_output,/Users/swchen.tw/git/percepio/poc/runs/tcp-workload-matrix-v1/A03-baseline/build/tcp_out.o,
by_pc,2147515678,10,20,40,50,10,10,0,0,0,tcp_output,/Users/swchen.tw/git/percepio/poc/runs/tcp-workload-matrix-v1/A03-baseline/build/tcp_out.o,
by_pc,2147515682,10,10,20,30,10,0,0,0,0,tcp_output,/Users/swchen.tw/git/percepio/poc/runs/tcp-workload-matrix-v1/A03-baseline/build/tcp_out.o,
by_pc,2147515684,10,10,20,30,10,0,0,0,0,tcp_output,/Users/swchen.tw/git/percepio/poc/runs/tcp-workload-matrix-v1/A03-baseline/build/tcp_out.o,
by_pc,2147515686,10,20,40,50,10,10,0,0,0,tcp_output,/Users/swchen.tw/git/percepio/poc/runs/tcp-workload-matrix-v1/A03-baseline/build/tcp_out.o,
by_pc,2147515690,10,10,20,30,10,0,0,0,0,tcp_output,/Users/swchen.tw/git/percepio/poc/runs/tcp-workload-matrix-v1/A03-baseline/build/tcp_out.o,
by_pc,2147515692,10,10,20,30,10,0,0,0,0,tcp_output,/Users/swchen.tw/git/percepio/poc/runs/tcp-workload-matrix-v1/A03-baseline/build/tcp_out.o,
by_pc,2147515694,10,10,20,30,10,0,0,0,0,tcp_output,/Users/swchen.tw/git/percepio/poc/runs/tcp-workload-matrix-v1/A03-baseline/build/tcp_out.o,
by_pc,2147515696,10,10,20,30,10,0,0,0,0,tcp_output,/Users/swchen.tw/git/percepio/poc/runs/tcp-workload-matrix-v1/A03-baseline/build/tcp_out.o,
by_pc,2147515698,10,10,20,30,10,0,0,0,0,tcp_output,/Users/swchen.tw/git/percepio/poc/runs/tcp-workload-matrix-v1/A03-baseline/build/tcp_out.o,
by_pc,2147515702,10,20,40,50,10,10,0,0,0,tcp_output,/Users/swchen.tw/git/percepio/poc/runs/tcp-workload-matrix-v1/A03-baseline/build/tcp_out.o,
by_pc,2147515704,10,20,40,50,10,10,0,0,0,tcp_output,/Users/swchen.tw/git/percepio/poc/runs/tcp-workload-matrix-v1/A03-baseline/build/tcp_out.o,
by_pc,2147515708,10,10,20,30,10,0,0,0,0,tcp_output,/Users/swchen.tw/git/percepio/poc/runs/tcp-workload-matrix-v1/A03-baseline/build/tcp_out.o,
by_pc,2147515712,10,118,236,246,10,10,80,18,0,tcp_output,/Users/swchen.tw/git/percepio/poc/runs/tcp-workload-matrix-v1/A03-baseline/build/tcp_out.o,
by_pc,2147515716,10,20,40,50,10,10,0,0,0,tcp_output,/Users/swchen.tw/git/percepio/poc/runs/tcp-workload-matrix-v1/A03-baseline/build/tcp_out.o,
by_pc,2147515720,10,10,20,30,10,0,0,0,0,tcp_output,/Users/swchen.tw/git/percepio/poc/runs/tcp-workload-matrix-v1/A03-baseline/build/tcp_out.o,
by_pc,2147515722,10,10,20,30,10,0,0,0,0,tcp_output,/Users/swchen.tw/git/percepio/poc/runs/tcp-workload-matrix-v1/A03-baseline/build/tcp_out.o,
by_pc,2147515724,10,10,20,30,10,0,0,0,0,tcp_output,/Users/swchen.tw/git/percepio/poc/runs/tcp-workload-matrix-v1/A03-baseline/build/tcp_out.o,
by_pc,2147515728,10,20,40,50,10,10,0,0,0,tcp_output,/Users/swchen.tw/git/percepio/poc/runs/tcp-workload-matrix-v1/A03-baseline/build/tcp_out.o,
by_pc,2147515730,10,10,20,30,10,0,0,0,0,tcp_output,/Users/swchen.tw/git/percepio/poc/runs/tcp-workload-matrix-v1/A03-baseline/build/tcp_out.o,
by_pc,2147515732,10,10,20,30,10,0,0,0,0,tcp_output,/Users/swchen.tw/git/percepio/poc/runs/tcp-workload-matrix-v1/A03-baseline/build/tcp_out.o,
by_pc,2147515736,10,10,20,30,10,0,0,0,0,tcp_output,/Users/swchen.tw/git/percepio/poc/runs/tcp-workload-matrix-v1/A03-baseline/build/tcp_out.o,
by_pc,2147515738,10,10,20,30,10,0,0,0,0,tcp_output,/Users/swchen.tw/git/percepio/poc/runs/tcp-workload-matrix-v1/A03-baseline/build/tcp_out.o,
by_pc,2147515740,10,10,20,30,10,0,0,0,0,tcp_output,/Users/swchen.tw/git/percepio/poc/runs/tcp-workload-matrix-v1/A03-baseline/build/tcp_out.o,
by_pc,2147515744,10,210,420,430,10,10,80,0,110,tcp_output,/Users/swchen.tw/git/percepio/poc/runs/tcp-workload-matrix-v1/A03-baseline/build/tcp_out.o,
by_pc,2147515746,10,20,40,50,10,10,0,0,0,tcp_output,/Users/swchen.tw/git/percepio/poc/runs/tcp-workload-matrix-v1/A03-baseline/build/tcp_out.o,
by_pc,2147515748,10,20,40,50,10,10,0,0,0,tcp_output,/Users/swchen.tw/git/percepio/poc/runs/tcp-workload-matrix-v1/A03-baseline/build/tcp_out.o,
by_pc,2147515752,10,20,40,50,10,10,0,0,0,tcp_output,/Users/swchen.tw/git/percepio/poc/runs/tcp-workload-matrix-v1/A03-baseline/build/tcp_out.o,
by_pc,2147515756,10,20,40,50,10,10,0,0,0,tcp_output,/Users/swchen.tw/git/percepio/poc/runs/tcp-workload-matrix-v1/A03-baseline/build/tcp_out.o,
by_pc,2147515760,10,10,20,30,10,0,0,0,0,tcp_output,/Users/swchen.tw/git/percepio/poc/runs/tcp-workload-matrix-v1/A03-baseline/build/tcp_out.o,
by_pc,2147515762,10,10,20,30,10,0,0,0,0,tcp_output,/Users/swchen.tw/git/percepio/poc/runs/tcp-workload-matrix-v1/A03-baseline/build/tcp_out.o,
by_pc,2147515764,10,10,20,30,10,0,0,0,0,tcp_output,/Users/swchen.tw/git/percepio/poc/runs/tcp-workload-matrix-v1/A03-baseline/build/tcp_out.o,
by_pc,2147515768,10,10,20,30,10,0,0,0,0,tcp_output,/Users/swchen.tw/git/percepio/poc/runs/tcp-workload-matrix-v1/A03-baseline/build/tcp_out.o,
by_pc,2147515770,10,10,20,30,10,0,0,0,0,tcp_output,/Users/swchen.tw/git/percepio/poc/runs/tcp-workload-matrix-v1/A03-baseline/build/tcp_out.o,
by_pc,2147515774,10,118,236,246,20,0,80,18,0,tcp_output,/Users/swchen.tw/git/percepio/poc/runs/tcp-workload-matrix-v1/A03-baseline/build/tcp_out.o,
by_pc,2147515778,10,210,420,430,10,10,80,0,110,tcp_output,/Users/swchen.tw/git/percepio/poc/runs/tcp-workload-matrix-v1/A03-baseline/build/tcp_out.o,
by_pc,2147515782,10,20,40,50,10,10,0,0,0,tcp_output,/Users/swchen.tw/git/percepio/poc/runs/tcp-workload-matrix-v1/A03-baseline/build/tcp_out.o,
by_pc,2147515784,10,10,20,30,10,0,0,0,0,tcp_output,/Users/swchen.tw/git/percepio/poc/runs/tcp-workload-matrix-v1/A03-baseline/build/tcp_out.o,
by_pc,2147515786,10,210,420,430,10,10,80,0,110,tcp_output,/Users/swchen.tw/git/percepio/poc/runs/tcp-workload-matrix-v1/A03-baseline/build/tcp_out.o,
by_pc,2147515788,10,10,20,30,10,0,0,0,0,tcp_output,/Users/swchen.tw/git/percepio/poc/runs/tcp-workload-matrix-v1/A03-baseline/build/tcp_out.o,
by_pc,2147515790,10,10,20,30,10,0,0,0,0,tcp_output,/Users/swchen.tw/git/percepio/poc/runs/tcp-workload-matrix-v1/A03-baseline/build/tcp_out.o,
by_pc,2147515894,10,20,40,50,10,10,0,0,0,tcp_output,/Users/swchen.tw/git/percepio/poc/runs/tcp-workload-matrix-v1/A03-baseline/build/tcp_out.o,
by_pc,2147515896,10,10,20,30,10,0,0,0,0,tcp_output,/Users/swchen.tw/git/percepio/poc/runs/tcp-workload-matrix-v1/A03-baseline/build/tcp_out.o,
by_pc,2147515400,23,46,92,115,23,23,0,0,0,tcp_output,/Users/swchen.tw/git/percepio/poc/runs/tcp-workload-matrix-v1/A03-baseline/build/tcp_out.o,
by_pc,2147515404,23,23,46,69,23,0,0,0,0,tcp_output,/Users/swchen.tw/git/percepio/poc/runs/tcp-workload-matrix-v1/A03-baseline/build/tcp_out.o,
by_pc,2147515406,23,23,46,69,23,0,0,0,0,tcp_output,/Users/swchen.tw/git/percepio/poc/runs/tcp-workload-matrix-v1/A03-baseline/build/tcp_out.o,
by_pc,2147515410,23,483,966,989,23,23,184,0,253,tcp_output,/Users/swchen.tw/git/percepio/poc/runs/tcp-workload-matrix-v1/A03-baseline/build/tcp_out.o,
by_pc,2147515414,23,46,92,115,23,23,0,0,0,tcp_output,/Users/swchen.tw/git/percepio/poc/runs/tcp-workload-matrix-v1/A03-baseline/build/tcp_out.o,
by_pc,2147515416,23,46,92,115,23,23,0,0,0,tcp_output,/Users/swchen.tw/git/percepio/poc/runs/tcp-workload-matrix-v1/A03-baseline/build/tcp_out.o,
by_pc,2147515418,23,46,92,115,23,23,0,0,0,tcp_output,/Users/swchen.tw/git/percepio/poc/runs/tcp-workload-matrix-v1/A03-baseline/build/tcp_out.o,
by_pc,2147515420,23,46,92,115,23,23,0,0,0,tcp_output,/Users/swchen.tw/git/percepio/poc/runs/tcp-workload-matrix-v1/A03-baseline/build/tcp_out.o,
by_pc,2147515422,23,46,92,115,23,23,0,0,0,tcp_output,/Users/swchen.tw/git/percepio/poc/runs/tcp-workload-matrix-v1/A03-baseline/build/tcp_out.o,
by_pc,2147515424,23,46,92,115,23,23,0,0,0,tcp_output,/Users/swchen.tw/git/percepio/poc/runs/tcp-workload-matrix-v1/A03-baseline/build/tcp_out.o,
by_pc,2147515426,23,46,92,115,23,23,0,0,0,tcp_output,/Users/swchen.tw/git/percepio/poc/runs/tcp-workload-matrix-v1/A03-baseline/build/tcp_out.o,
by_pc,2147515428,23,46,92,115,23,23,0,0,0,tcp_output,/Users/swchen.tw/git/percepio/poc/runs/tcp-workload-matrix-v1/A03-baseline/build/tcp_out.o,
by_pc,2147515430,23,46,92,115,23,23,0,0,0,tcp_output,/Users/swchen.tw/git/percepio/poc/runs/tcp-workload-matrix-v1/A03-baseline/build/tcp_out.o,
by_pc,2147515432,23,46,92,115,23,23,0,0,0,tcp_output,/Users/swchen.tw/git/percepio/poc/runs/tcp-workload-matrix-v1/A03-baseline/build/tcp_out.o,
by_pc,2147515434,23,46,92,115,23,23,0,0,0,tcp_output,/Users/swchen.tw/git/percepio/poc/runs/tcp-workload-matrix-v1/A03-baseline/build/tcp_out.o,
by_pc,2147515436,23,46,92,115,23,23,0,0,0,tcp_output,/Users/swchen.tw/git/percepio/poc/runs/tcp-workload-matrix-v1/A03-baseline/build/tcp_out.o,
by_pc,2147515438,23,23,46,69,23,0,0,0,0,tcp_output,/Users/swchen.tw/git/percepio/poc/runs/tcp-workload-matrix-v1/A03-baseline/build/tcp_out.o,
by_pc,2147515440,23,23,46,69,23,0,0,0,0,tcp_output,/Users/swchen.tw/git/percepio/poc/runs/tcp-workload-matrix-v1/A03-baseline/build/tcp_out.o,
by_pc,2147510606,1,1,2,3,1,0,0,0,0,tcp_input,/Users/swchen.tw/git/percepio/poc/runs/tcp-workload-matrix-v1/A03-baseline/build/tcp_in.o,
by_pc,2147510548,1,28,56,57,1,1,8,18,0,tcp_input,/Users/swchen.tw/git/percepio/poc/runs/tcp-workload-matrix-v1/A03-baseline/build/tcp_in.o,
by_pc,2147510550,1,2,4,5,1,1,0,0,0,tcp_input,/Users/swchen.tw/git/percepio/poc/runs/tcp-workload-matrix-v1/A03-baseline/build/tcp_in.o,
by_pc,2147510552,1,2,4,5,1,1,0,0,0,tcp_input,/Users/swchen.tw/git/percepio/poc/runs/tcp-workload-matrix-v1/A03-baseline/build/tcp_in.o,
by_pc,2147510554,1,2,4,5,1,1,0,0,0,tcp_input,/Users/swchen.tw/git/percepio/poc/runs/tcp-workload-matrix-v1/A03-baseline/build/tcp_in.o,
by_pc,2147510556,1,2,4,5,1,1,0,0,0,tcp_input,/Users/swchen.tw/git/percepio/poc/runs/tcp-workload-matrix-v1/A03-baseline/build/tcp_in.o,
by_pc,2147510558,1,2,4,5,1,1,0,0,0,tcp_input,/Users/swchen.tw/git/percepio/poc/runs/tcp-workload-matrix-v1/A03-baseline/build/tcp_in.o,
by_pc,2147510560,1,2,4,5,1,1,0,0,0,tcp_input,/Users/swchen.tw/git/percepio/poc/runs/tcp-workload-matrix-v1/A03-baseline/build/tcp_in.o,
by_pc,2147510562,1,2,4,5,1,1,0,0,0,tcp_input,/Users/swchen.tw/git/percepio/poc/runs/tcp-workload-matrix-v1/A03-baseline/build/tcp_in.o,
by_pc,2147510564,1,1,2,3,1,0,0,0,0,tcp_input,/Users/swchen.tw/git/percepio/poc/runs/tcp-workload-matrix-v1/A03-baseline/build/tcp_in.o,
by_pc,2147510566,1,2,4,5,1,1,0,0,0,tcp_input,/Users/swchen.tw/git/percepio/poc/runs/tcp-workload-matrix-v1/A03-baseline/build/tcp_in.o,
by_pc,2147510568,1,1,2,3,1,0,0,0,0,tcp_input,/Users/swchen.tw/git/percepio/poc/runs/tcp-workload-matrix-v1/A03-baseline/build/tcp_in.o,
by_pc,2147510570,1,1,2,3,1,0,0,0,0,tcp_input,/Users/swchen.tw/git/percepio/poc/runs/tcp-workload-matrix-v1/A03-baseline/build/tcp_in.o,
by_pc,2147501708,36,238,476,512,36,0,184,18,0,pbuf_free,/Users/swchen.tw/git/percepio/poc/runs/tcp-workload-matrix-v1/A03-baseline/build/pbuf.o,
by_pc,2147501710,36,756,1512,1548,36,36,288,0,396,pbuf_free,/Users/swchen.tw/git/percepio/poc/runs/tcp-workload-matrix-v1/A03-baseline/build/pbuf.o,
by_pc,2147501712,36,756,1512,1548,36,36,288,0,396,pbuf_free,/Users/swchen.tw/git/percepio/poc/runs/tcp-workload-matrix-v1/A03-baseline/build/pbuf.o,
by_pc,2147501714,36,756,1512,1548,36,36,288,0,396,pbuf_free,/Users/swchen.tw/git/percepio/poc/runs/tcp-workload-matrix-v1/A03-baseline/build/pbuf.o,
by_pc,2147501716,36,756,1512,1548,36,36,288,0,396,pbuf_free,/Users/swchen.tw/git/percepio/poc/runs/tcp-workload-matrix-v1/A03-baseline/build/pbuf.o,
by_pc,2147501718,36,756,1512,1548,36,36,288,0,396,pbuf_free,/Users/swchen.tw/git/percepio/poc/runs/tcp-workload-matrix-v1/A03-baseline/build/pbuf.o,
by_pc,2147501720,36,36,72,108,36,0,0,0,0,pbuf_free,/Users/swchen.tw/git/percepio/poc/runs/tcp-workload-matrix-v1/A03-baseline/build/pbuf.o,
by_pc,2147501722,36,36,72,108,36,0,0,0,0,pbuf_free,/Users/swchen.tw/git/percepio/poc/runs/tcp-workload-matrix-v1/A03-baseline/build/pbuf.o,
by_pc,2147501724,36,36,72,108,36,0,0,0,0,pbuf_free,/Users/swchen.tw/git/percepio/poc/runs/tcp-workload-matrix-v1/A03-baseline/build/pbuf.o,
by_pc,2147501726,36,36,72,108,36,0,0,0,0,pbuf_free,/Users/swchen.tw/git/percepio/poc/runs/tcp-workload-matrix-v1/A03-baseline/build/pbuf.o,
by_pc,2147501728,36,36,72,108,36,0,0,0,0,pbuf_free,/Users/swchen.tw/git/percepio/poc/runs/tcp-workload-matrix-v1/A03-baseline/build/pbuf.o,
by_pc,2147501730,36,36,72,108,36,0,0,0,0,pbuf_free,/Users/swchen.tw/git/percepio/poc/runs/tcp-workload-matrix-v1/A03-baseline/build/pbuf.o,
by_pc,2147501732,44,88,176,220,44,44,0,0,0,pbuf_free,/Users/swchen.tw/git/percepio/poc/runs/tcp-workload-matrix-v1/A03-baseline/build/pbuf.o,
by_pc,2147501736,44,44,88,132,44,0,0,0,0,pbuf_free,/Users/swchen.tw/git/percepio/poc/runs/tcp-workload-matrix-v1/A03-baseline/build/pbuf.o,
by_pc,2147501738,44,44,88,132,44,0,0,0,0,pbuf_free,/Users/swchen.tw/git/percepio/poc/runs/tcp-workload-matrix-v1/A03-baseline/build/pbuf.o,
by_pc,2147501742,44,924,1848,1892,44,44,352,0,484,pbuf_free,/Users/swchen.tw/git/percepio/poc/runs/tcp-workload-matrix-v1/A03-baseline/build/pbuf.o,
by_pc,2147501746,44,44,88,132,44,0,0,0,0,pbuf_free,/Users/swchen.tw/git/percepio/poc/runs/tcp-workload-matrix-v1/A03-baseline/build/pbuf.o,
by_pc,2147501748,33,66,132,165,33,33,0,0,0,pbuf_free,/Users/swchen.tw/git/percepio/poc/runs/tcp-workload-matrix-v1/A03-baseline/build/pbuf.o,
by_pc,2147501752,33,66,132,165,33,33,0,0,0,pbuf_free,/Users/swchen.tw/git/percepio/poc/runs/tcp-workload-matrix-v1/A03-baseline/build/pbuf.o,
by_pc,2147501754,33,33,66,99,33,0,0,0,0,pbuf_free,/Users/swchen.tw/git/percepio/poc/runs/tcp-workload-matrix-v1/A03-baseline/build/pbuf.o,
by_pc,2147501756,33,33,66,99,33,0,0,0,0,pbuf_free,/Users/swchen.tw/git/percepio/poc/runs/tcp-workload-matrix-v1/A03-baseline/build/pbuf.o,
by_pc,2147501758,33,66,132,165,66,0,0,0,0,pbuf_free,/Users/swchen.tw/git/percepio/poc/runs/tcp-workload-matrix-v1/A03-baseline/build/pbuf.o,
by_pc,2147501762,33,33,66,99,33,0,0,0,0,pbuf_free,/Users/swchen.tw/git/percepio/poc/runs/tcp-workload-matrix-v1/A03-baseline/build/pbuf.o,
by_pc,2147501800,25,25,50,75,25,0,0,0,0,pbuf_free,/Users/swchen.tw/git/percepio/poc/runs/tcp-workload-matrix-v1/A03-baseline/build/pbuf.o,
by_pc,2147501802,25,25,50,75,25,0,0,0,0,pbuf_free,/Users/swchen.tw/git/percepio/poc/runs/tcp-workload-matrix-v1/A03-baseline/build/pbuf.o,
by_pc,2147501804,25,25,50,75,25,0,0,0,0,pbuf_free,/Users/swchen.tw/git/percepio/poc/runs/tcp-workload-matrix-v1/A03-baseline/build/pbuf.o,
by_pc,2147499994,25,155,310,335,25,0,112,18,0,mem_free,/Users/swchen.tw/git/percepio/poc/runs/tcp-workload-matrix-v1/A03-baseline/build/mem.o,
by_pc,2147499996,25,50,100,125,25,25,0,0,0,mem_free,/Users/swchen.tw/git/percepio/poc/runs/tcp-workload-matrix-v1/A03-baseline/build/mem.o,
by_pc,2147500000,25,25,50,75,25,0,0,0,0,mem_free,/Users/swchen.tw/git/percepio/poc/runs/tcp-workload-matrix-v1/A03-baseline/build/mem.o,
by_pc,2147500004,25,25,50,75,25,0,0,0,0,mem_free,/Users/swchen.tw/git/percepio/poc/runs/tcp-workload-matrix-v1/A03-baseline/build/mem.o,
by_pc,2147500008,25,50,100,125,25,25,0,0,0,mem_free,/Users/swchen.tw/git/percepio/poc/runs/tcp-workload-matrix-v1/A03-baseline/build/mem.o,
by_pc,2147500012,25,25,50,75,25,0,0,0,0,mem_free,/Users/swchen.tw/git/percepio/poc/runs/tcp-workload-matrix-v1/A03-baseline/build/mem.o,
by_pc,2147500016,25,25,50,75,25,0,0,0,0,mem_free,/Users/swchen.tw/git/percepio/poc/runs/tcp-workload-matrix-v1/A03-baseline/build/mem.o,
by_pc,2147500040,25,124,248,273,25,25,56,18,0,mem_free,/Users/swchen.tw/git/percepio/poc/runs/tcp-workload-matrix-v1/A03-baseline/build/mem.o,
by_pc,2147500044,25,25,50,75,25,0,0,0,0,mem_free,/Users/swchen.tw/git/percepio/poc/runs/tcp-workload-matrix-v1/A03-baseline/build/mem.o,
by_pc,2147500046,25,50,100,125,25,25,0,0,0,mem_free,/Users/swchen.tw/git/percepio/poc/runs/tcp-workload-matrix-v1/A03-baseline/build/mem.o,
by_pc,2147500050,25,25,50,75,25,0,0,0,0,mem_free,/Users/swchen.tw/git/percepio/poc/runs/tcp-workload-matrix-v1/A03-baseline/build/mem.o,
by_pc,2147500052,25,25,50,75,25,0,0,0,0,mem_free,/Users/swchen.tw/git/percepio/poc/runs/tcp-workload-matrix-v1/A03-baseline/build/mem.o,
by_pc,2147500054,25,50,100,125,25,25,0,0,0,mem_free,/Users/swchen.tw/git/percepio/poc/runs/tcp-workload-matrix-v1/A03-baseline/build/mem.o,
by_pc,2147500058,25,25,50,75,25,0,0,0,0,mem_free,/Users/swchen.tw/git/percepio/poc/runs/tcp-workload-matrix-v1/A03-baseline/build/mem.o,
by_pc,2147500062,25,25,50,75,25,0,0,0,0,mem_free,/Users/swchen.tw/git/percepio/poc/runs/tcp-workload-matrix-v1/A03-baseline/build/mem.o,
by_pc,2147500066,25,25,50,75,25,0,0,0,0,mem_free,/Users/swchen.tw/git/percepio/poc/runs/tcp-workload-matrix-v1/A03-baseline/build/mem.o,
by_pc,2147500070,25,25,50,75,25,0,0,0,0,mem_free,/Users/swchen.tw/git/percepio/poc/runs/tcp-workload-matrix-v1/A03-baseline/build/mem.o,
by_pc,2147500072,25,25,50,75,25,0,0,0,0,mem_free,/Users/swchen.tw/git/percepio/poc/runs/tcp-workload-matrix-v1/A03-baseline/build/mem.o,
by_pc,2147500074,25,25,50,75,25,0,0,0,0,mem_free,/Users/swchen.tw/git/percepio/poc/runs/tcp-workload-matrix-v1/A03-baseline/build/mem.o,
by_pc,2147500078,25,25,50,75,25,0,0,0,0,mem_free,/Users/swchen.tw/git/percepio/poc/runs/tcp-workload-matrix-v1/A03-baseline/build/mem.o,
by_pc,2147500082,25,25,50,75,25,0,0,0,0,mem_free,/Users/swchen.tw/git/percepio/poc/runs/tcp-workload-matrix-v1/A03-baseline/build/mem.o,
by_pc,2147500240,25,102,204,229,25,25,16,36,0,mem_free,/Users/swchen.tw/git/percepio/poc/runs/tcp-workload-matrix-v1/A03-baseline/build/mem.o,
by_pc,2147500244,25,25,50,75,25,0,0,0,0,mem_free,/Users/swchen.tw/git/percepio/poc/runs/tcp-workload-matrix-v1/A03-baseline/build/mem.o,
by_pc,2147500248,25,25,50,75,25,0,0,0,0,mem_free,/Users/swchen.tw/git/percepio/poc/runs/tcp-workload-matrix-v1/A03-baseline/build/mem.o,
by_pc,2147500086,25,25,50,75,25,0,0,0,0,mem_free,/Users/swchen.tw/git/percepio/poc/runs/tcp-workload-matrix-v1/A03-baseline/build/mem.o,
by_pc,2147500090,25,50,100,125,25,25,0,0,0,mem_free,/Users/swchen.tw/git/percepio/poc/runs/tcp-workload-matrix-v1/A03-baseline/build/mem.o,
by_pc,2147500092,25,525,1050,1075,25,25,200,0,275,mem_free,/Users/swchen.tw/git/percepio/poc/runs/tcp-workload-matrix-v1/A03-baseline/build/mem.o,
by_pc,2147500096,25,123,246,271,25,0,80,18,0,mem_free,/Users/swchen.tw/git/percepio/poc/runs/tcp-workload-matrix-v1/A03-baseline/build/mem.o,
by_pc,2147500100,15,315,630,645,15,15,120,0,165,mem_free,/Users/swchen.tw/git/percepio/poc/runs/tcp-workload-matrix-v1/A03-baseline/build/mem.o,
by_pc,2147500102,25,25,50,75,25,0,0,0,0,mem_free,/Users/swchen.tw/git/percepio/poc/runs/tcp-workload-matrix-v1/A03-baseline/build/mem.o,
by_pc,2147500106,25,50,100,125,25,25,0,0,0,mem_free,/Users/swchen.tw/git/percepio/poc/runs/tcp-workload-matrix-v1/A03-baseline/build/mem.o,
by_pc,2147500110,25,25,50,75,25,0,0,0,0,mem_free,/Users/swchen.tw/git/percepio/poc/runs/tcp-workload-matrix-v1/A03-baseline/build/mem.o,
by_pc,2147500114,25,25,50,75,25,0,0,0,0,mem_free,/Users/swchen.tw/git/percepio/poc/runs/tcp-workload-matrix-v1/A03-baseline/build/mem.o,
by_pc,2147500116,25,25,50,75,25,0,0,0,0,mem_free,/Users/swchen.tw/git/percepio/poc/runs/tcp-workload-matrix-v1/A03-baseline/build/mem.o,
by_pc,2147500120,25,525,1050,1075,25,25,200,0,275,mem_free,/Users/swchen.tw/git/percepio/poc/runs/tcp-workload-matrix-v1/A03-baseline/build/mem.o,
by_pc,2147500124,25,50,100,125,25,25,0,0,0,mem_free,/Users/swchen.tw/git/percepio/poc/runs/tcp-workload-matrix-v1/A03-baseline/build/mem.o,
by_pc,2147500128,25,25,50,75,25,0,0,0,0,mem_free,/Users/swchen.tw/git/percepio/poc/runs/tcp-workload-matrix-v1/A03-baseline/build/mem.o,
by_pc,2147500130,25,25,50,75,25,0,0,0,0,mem_free,/Users/swchen.tw/git/percepio/poc/runs/tcp-workload-matrix-v1/A03-baseline/build/mem.o,
by_pc,2147500134,25,50,100,125,25,25,0,0,0,mem_free,/Users/swchen.tw/git/percepio/poc/runs/tcp-workload-matrix-v1/A03-baseline/build/mem.o,
by_pc,2147500138,25,25,50,75,25,0,0,0,0,mem_free,/Users/swchen.tw/git/percepio/poc/runs/tcp-workload-matrix-v1/A03-baseline/build/mem.o,
by_pc,2147500176,25,148,296,321,25,25,80,18,0,mem_free,/Users/swchen.tw/git/percepio/poc/runs/tcp-workload-matrix-v1/A03-baseline/build/mem.o,
by_pc,2147500180,25,25,50,75,25,0,0,0,0,mem_free,/Users/swchen.tw/git/percepio/poc/runs/tcp-workload-matrix-v1/A03-baseline/build/mem.o,
by_pc,2147500184,25,25,50,75,25,0,0,0,0,mem_free,/Users/swchen.tw/git/percepio/poc/runs/tcp-workload-matrix-v1/A03-baseline/build/mem.o,
by_pc,2147500226,25,25,50,75,25,0,0,0,0,mem_free,/Users/swchen.tw/git/percepio/poc/runs/tcp-workload-matrix-v1/A03-baseline/build/mem.o,
by_pc,2147501808,25,25,50,75,25,0,0,0,0,pbuf_free,/Users/swchen.tw/git/percepio/poc/runs/tcp-workload-matrix-v1/A03-baseline/build/pbuf.o,
by_pc,2147501772,33,33,66,99,33,0,0,0,0,pbuf_free,/Users/swchen.tw/git/percepio/poc/runs/tcp-workload-matrix-v1/A03-baseline/build/pbuf.o,
by_pc,2147501774,33,33,66,99,33,0,0,0,0,pbuf_free,/Users/swchen.tw/git/percepio/poc/runs/tcp-workload-matrix-v1/A03-baseline/build/pbuf.o,
by_pc,2147501778,33,33,66,99,33,0,0,0,0,pbuf_free,/Users/swchen.tw/git/percepio/poc/runs/tcp-workload-matrix-v1/A03-baseline/build/pbuf.o,
by_pc,2147501780,36,98,196,232,36,36,8,18,0,pbuf_free,/Users/swchen.tw/git/percepio/poc/runs/tcp-workload-matrix-v1/A03-baseline/build/pbuf.o,
by_pc,2147501782,36,36,72,108,36,0,0,0,0,pbuf_free,/Users/swchen.tw/git/percepio/poc/runs/tcp-workload-matrix-v1/A03-baseline/build/pbuf.o,
by_pc,2147501784,36,72,144,180,36,36,0,0,0,pbuf_free,/Users/swchen.tw/git/percepio/poc/runs/tcp-workload-matrix-v1/A03-baseline/build/pbuf.o,
by_pc,2147501786,36,72,144,180,36,36,0,0,0,pbuf_free,/Users/swchen.tw/git/percepio/poc/runs/tcp-workload-matrix-v1/A03-baseline/build/pbuf.o,
by_pc,2147501788,36,72,144,180,36,36,0,0,0,pbuf_free,/Users/swchen.tw/git/percepio/poc/runs/tcp-workload-matrix-v1/A03-baseline/build/pbuf.o,
by_pc,2147501790,36,72,144,180,36,36,0,0,0,pbuf_free,/Users/swchen.tw/git/percepio/poc/runs/tcp-workload-matrix-v1/A03-baseline/build/pbuf.o,
by_pc,2147501792,36,36,72,108,36,0,0,0,0,pbuf_free,/Users/swchen.tw/git/percepio/poc/runs/tcp-workload-matrix-v1/A03-baseline/build/pbuf.o,
by_pc,2147501794,36,36,72,108,36,0,0,0,0,pbuf_free,/Users/swchen.tw/git/percepio/poc/runs/tcp-workload-matrix-v1/A03-baseline/build/pbuf.o,
by_pc,2147518424,14,56,112,126,14,0,24,18,0,ip4_input,/Users/swchen.tw/git/percepio/poc/runs/tcp-workload-matrix-v1/A03-baseline/build/ip4.o,
by_pc,2147518428,14,294,588,602,14,14,112,0,154,ip4_input,/Users/swchen.tw/git/percepio/poc/runs/tcp-workload-matrix-v1/A03-baseline/build/ip4.o,
by_pc,2147518432,14,14,28,42,14,0,0,0,0,ip4_input,/Users/swchen.tw/git/percepio/poc/runs/tcp-workload-matrix-v1/A03-baseline/build/ip4.o,
by_pc,2147518436,14,294,588,602,14,14,112,0,154,ip4_input,/Users/swchen.tw/git/percepio/poc/runs/tcp-workload-matrix-v1/A03-baseline/build/ip4.o,
by_pc,2147518440,14,14,28,42,14,0,0,0,0,ip4_input,/Users/swchen.tw/git/percepio/poc/runs/tcp-workload-matrix-v1/A03-baseline/build/ip4.o,
by_pc,2147518444,14,294,588,602,14,14,112,0,154,ip4_input,/Users/swchen.tw/git/percepio/poc/runs/tcp-workload-matrix-v1/A03-baseline/build/ip4.o,
by_pc,2147518448,14,14,28,42,14,0,0,0,0,ip4_input,/Users/swchen.tw/git/percepio/poc/runs/tcp-workload-matrix-v1/A03-baseline/build/ip4.o,
by_pc,2147518452,14,294,588,602,14,14,112,0,154,ip4_input,/Users/swchen.tw/git/percepio/poc/runs/tcp-workload-matrix-v1/A03-baseline/build/ip4.o,
by_pc,2147518456,14,14,28,42,14,0,0,0,0,ip4_input,/Users/swchen.tw/git/percepio/poc/runs/tcp-workload-matrix-v1/A03-baseline/build/ip4.o,
by_pc,2147518460,14,294,588,602,14,14,112,0,154,ip4_input,/Users/swchen.tw/git/percepio/poc/runs/tcp-workload-matrix-v1/A03-baseline/build/ip4.o,
by_pc,2147518464,14,162,324,338,14,0,112,36,0,ip4_input,/Users/swchen.tw/git/percepio/poc/runs/tcp-workload-matrix-v1/A03-baseline/build/ip4.o,
by_pc,2147518468,14,294,588,602,14,14,112,0,154,ip4_input,/Users/swchen.tw/git/percepio/poc/runs/tcp-workload-matrix-v1/A03-baseline/build/ip4.o,
by_pc,2147518472,14,14,28,42,14,0,0,0,0,ip4_input,/Users/swchen.tw/git/percepio/poc/runs/tcp-workload-matrix-v1/A03-baseline/build/ip4.o,
by_pc,2147517958,14,36,72,86,14,14,8,0,0,ip4_input,/Users/swchen.tw/git/percepio/poc/runs/tcp-workload-matrix-v1/A03-baseline/build/ip4.o,
by_pc,2147517960,14,28,56,70,14,14,0,0,0,ip4_input,/Users/swchen.tw/git/percepio/poc/runs/tcp-workload-matrix-v1/A03-baseline/build/ip4.o,
by_pc,2147517962,14,28,56,70,14,14,0,0,0,ip4_input,/Users/swchen.tw/git/percepio/poc/runs/tcp-workload-matrix-v1/A03-baseline/build/ip4.o,
by_pc,2147517964,14,28,56,70,14,14,0,0,0,ip4_input,/Users/swchen.tw/git/percepio/poc/runs/tcp-workload-matrix-v1/A03-baseline/build/ip4.o,
by_pc,2147517966,14,28,56,70,14,14,0,0,0,ip4_input,/Users/swchen.tw/git/percepio/poc/runs/tcp-workload-matrix-v1/A03-baseline/build/ip4.o,
by_pc,2147517968,14,28,56,70,14,14,0,0,0,ip4_input,/Users/swchen.tw/git/percepio/poc/runs/tcp-workload-matrix-v1/A03-baseline/build/ip4.o,
by_pc,2147517970,14,28,56,70,14,14,0,0,0,ip4_input,/Users/swchen.tw/git/percepio/poc/runs/tcp-workload-matrix-v1/A03-baseline/build/ip4.o,
by_pc,2147517972,14,28,56,70,14,14,0,0,0,ip4_input,/Users/swchen.tw/git/percepio/poc/runs/tcp-workload-matrix-v1/A03-baseline/build/ip4.o,
by_pc,2147517974,14,14,28,42,14,0,0,0,0,ip4_input,/Users/swchen.tw/git/percepio/poc/runs/tcp-workload-matrix-v1/A03-baseline/build/ip4.o,
by_pc,2147517976,14,14,28,42,14,0,0,0,0,ip4_input,/Users/swchen.tw/git/percepio/poc/runs/tcp-workload-matrix-v1/A03-baseline/build/ip4.o,
by_pc,2147517978,14,14,28,42,14,0,0,0,0,ip4_input,/Users/swchen.tw/git/percepio/poc/runs/tcp-workload-matrix-v1/A03-baseline/build/ip4.o,
by_pc,2147496772,14,14,28,42,14,0,0,0,0,inject,/Users/swchen.tw/git/percepio/poc/runs/tcp-workload-matrix-v1/A03-baseline/build/tcp_request_response_irq.o,
by_pc,2147496790,14,14,28,42,14,0,0,0,0,inject,/Users/swchen.tw/git/percepio/poc/runs/tcp-workload-matrix-v1/A03-baseline/build/tcp_request_response_irq.o,
by_pc,2147496792,14,28,56,70,14,14,0,0,0,inject,/Users/swchen.tw/git/percepio/poc/runs/tcp-workload-matrix-v1/A03-baseline/build/tcp_request_response_irq.o,
by_pc,2147496794,14,28,56,70,14,14,0,0,0,inject,/Users/swchen.tw/git/percepio/poc/runs/tcp-workload-matrix-v1/A03-baseline/build/tcp_request_response_irq.o,
by_pc,2147496796,14,28,56,70,14,14,0,0,0,inject,/Users/swchen.tw/git/percepio/poc/runs/tcp-workload-matrix-v1/A03-baseline/build/tcp_request_response_irq.o,
by_pc,2147496798,14,28,56,70,14,14,0,0,0,inject,/Users/swchen.tw/git/percepio/poc/runs/tcp-workload-matrix-v1/A03-baseline/build/tcp_request_response_irq.o,
by_pc,2147496800,14,28,56,70,14,14,0,0,0,inject,/Users/swchen.tw/git/percepio/poc/runs/tcp-workload-matrix-v1/A03-baseline/build/tcp_request_response_irq.o,
by_pc,2147496802,14,28,56,70,14,14,0,0,0,inject,/Users/swchen.tw/git/percepio/poc/runs/tcp-workload-matrix-v1/A03-baseline/build/tcp_request_response_irq.o,
by_pc,2147496804,14,28,56,70,14,14,0,0,0,inject,/Users/swchen.tw/git/percepio/poc/runs/tcp-workload-matrix-v1/A03-baseline/build/tcp_request_response_irq.o,
by_pc,2147496806,14,28,56,70,14,14,0,0,0,inject,/Users/swchen.tw/git/percepio/poc/runs/tcp-workload-matrix-v1/A03-baseline/build/tcp_request_response_irq.o,
by_pc,2147496808,14,28,56,70,14,14,0,0,0,inject,/Users/swchen.tw/git/percepio/poc/runs/tcp-workload-matrix-v1/A03-baseline/build/tcp_request_response_irq.o,
by_pc,2147496810,14,28,56,70,14,14,0,0,0,inject,/Users/swchen.tw/git/percepio/poc/runs/tcp-workload-matrix-v1/A03-baseline/build/tcp_request_response_irq.o,
by_pc,2147496812,14,28,56,70,14,14,0,0,0,inject,/Users/swchen.tw/git/percepio/poc/runs/tcp-workload-matrix-v1/A03-baseline/build/tcp_request_response_irq.o,
by_pc,2147496814,14,14,28,42,14,0,0,0,0,inject,/Users/swchen.tw/git/percepio/poc/runs/tcp-workload-matrix-v1/A03-baseline/build/tcp_request_response_irq.o,
by_pc,2147496816,14,28,56,70,14,14,0,0,0,inject,/Users/swchen.tw/git/percepio/poc/runs/tcp-workload-matrix-v1/A03-baseline/build/tcp_request_response_irq.o,
by_pc,2147496818,14,14,28,42,14,0,0,0,0,inject,/Users/swchen.tw/git/percepio/poc/runs/tcp-workload-matrix-v1/A03-baseline/build/tcp_request_response_irq.o,
by_pc,2147496820,14,14,28,42,14,0,0,0,0,inject,/Users/swchen.tw/git/percepio/poc/runs/tcp-workload-matrix-v1/A03-baseline/build/tcp_request_response_irq.o,
by_pc,2147497208,1,1,2,3,1,0,0,0,0,session_task,/Users/swchen.tw/git/percepio/poc/runs/tcp-workload-matrix-v1/A03-baseline/build/tcp_request_response_irq.o,
by_pc,2147497210,1,1,2,3,1,0,0,0,0,session_task,/Users/swchen.tw/git/percepio/poc/runs/tcp-workload-matrix-v1/A03-baseline/build/tcp_request_response_irq.o,
by_pc,2147497212,1,1,2,3,1,0,0,0,0,session_task,/Users/swchen.tw/git/percepio/poc/runs/tcp-workload-matrix-v1/A03-baseline/build/tcp_request_response_irq.o,
by_pc,2147497214,1,28,56,57,2,0,8,18,0,session_task,/Users/swchen.tw/git/percepio/poc/runs/tcp-workload-matrix-v1/A03-baseline/build/tcp_request_response_irq.o,
by_pc,2147495576,11,83,166,177,11,0,72,0,0,consume,/Users/swchen.tw/git/percepio/poc/runs/tcp-workload-matrix-v1/A03-baseline/build/tcp_request_response_irq.o,
by_pc,2147495578,11,231,462,473,11,11,88,0,121,consume,/Users/swchen.tw/git/percepio/poc/runs/tcp-workload-matrix-v1/A03-baseline/build/tcp_request_response_irq.o,
by_pc,2147495580,11,231,462,473,11,11,88,0,121,consume,/Users/swchen.tw/git/percepio/poc/runs/tcp-workload-matrix-v1/A03-baseline/build/tcp_request_response_irq.o,
by_pc,2147495582,11,231,462,473,11,11,88,0,121,consume,/Users/swchen.tw/git/percepio/poc/runs/tcp-workload-matrix-v1/A03-baseline/build/tcp_request_response_irq.o,
by_pc,2147495584,11,231,462,473,11,11,88,0,121,consume,/Users/swchen.tw/git/percepio/poc/runs/tcp-workload-matrix-v1/A03-baseline/build/tcp_request_response_irq.o,
by_pc,2147495586,11,231,462,473,11,11,88,0,121,consume,/Users/swchen.tw/git/percepio/poc/runs/tcp-workload-matrix-v1/A03-baseline/build/tcp_request_response_irq.o,
by_pc,2147495588,11,231,462,473,11,11,88,0,121,consume,/Users/swchen.tw/git/percepio/poc/runs/tcp-workload-matrix-v1/A03-baseline/build/tcp_request_response_irq.o,
by_pc,2147495590,11,11,22,33,11,0,0,0,0,consume,/Users/swchen.tw/git/percepio/poc/runs/tcp-workload-matrix-v1/A03-baseline/build/tcp_request_response_irq.o,
by_pc,2147495594,11,22,44,55,11,11,0,0,0,consume,/Users/swchen.tw/git/percepio/poc/runs/tcp-workload-matrix-v1/A03-baseline/build/tcp_request_response_irq.o,
by_pc,2147495596,11,11,22,33,11,0,0,0,0,consume,/Users/swchen.tw/git/percepio/poc/runs/tcp-workload-matrix-v1/A03-baseline/build/tcp_request_response_irq.o,
by_pc,2147495598,11,11,22,33,11,0,0,0,0,consume,/Users/swchen.tw/git/percepio/poc/runs/tcp-workload-matrix-v1/A03-baseline/build/tcp_request_response_irq.o,
by_pc,2147495600,11,11,22,33,11,0,0,0,0,consume,/Users/swchen.tw/git/percepio/poc/runs/tcp-workload-matrix-v1/A03-baseline/build/tcp_request_response_irq.o,
by_pc,2147495602,11,11,22,33,11,0,0,0,0,consume,/Users/swchen.tw/git/percepio/poc/runs/tcp-workload-matrix-v1/A03-baseline/build/tcp_request_response_irq.o,
by_pc,2147495620,11,120,240,251,11,11,80,18,0,consume,/Users/swchen.tw/git/percepio/poc/runs/tcp-workload-matrix-v1/A03-baseline/build/tcp_request_response_irq.o,
by_pc,2147495622,11,11,22,33,11,0,0,0,0,consume,/Users/swchen.tw/git/percepio/poc/runs/tcp-workload-matrix-v1/A03-baseline/build/tcp_request_response_irq.o,
by_pc,2147495624,11,11,22,33,11,0,0,0,0,consume,/Users/swchen.tw/git/percepio/poc/runs/tcp-workload-matrix-v1/A03-baseline/build/tcp_request_response_irq.o,
by_pc,2147495628,11,30,60,71,11,11,8,0,0,consume,/Users/swchen.tw/git/percepio/poc/runs/tcp-workload-matrix-v1/A03-baseline/build/tcp_request_response_irq.o,
by_pc,2147495630,11,11,22,33,11,0,0,0,0,consume,/Users/swchen.tw/git/percepio/poc/runs/tcp-workload-matrix-v1/A03-baseline/build/tcp_request_response_irq.o,
by_pc,2147495634,11,11,22,33,11,0,0,0,0,consume,/Users/swchen.tw/git/percepio/poc/runs/tcp-workload-matrix-v1/A03-baseline/build/tcp_request_response_irq.o,
by_pc,2147495638,11,231,462,473,11,11,88,0,121,consume,/Users/swchen.tw/git/percepio/poc/runs/tcp-workload-matrix-v1/A03-baseline/build/tcp_request_response_irq.o,
by_pc,2147495642,11,22,44,55,11,11,0,0,0,consume,/Users/swchen.tw/git/percepio/poc/runs/tcp-workload-matrix-v1/A03-baseline/build/tcp_request_response_irq.o,
by_pc,2147495646,11,11,22,33,11,0,0,0,0,consume,/Users/swchen.tw/git/percepio/poc/runs/tcp-workload-matrix-v1/A03-baseline/build/tcp_request_response_irq.o,
by_pc,2147495650,11,11,22,33,11,0,0,0,0,consume,/Users/swchen.tw/git/percepio/poc/runs/tcp-workload-matrix-v1/A03-baseline/build/tcp_request_response_irq.o,
by_pc,2147495654,11,11,22,33,11,0,0,0,0,consume,/Users/swchen.tw/git/percepio/poc/runs/tcp-workload-matrix-v1/A03-baseline/build/tcp_request_response_irq.o,
by_pc,2147495656,11,11,22,33,11,0,0,0,0,consume,/Users/swchen.tw/git/percepio/poc/runs/tcp-workload-matrix-v1/A03-baseline/build/tcp_request_response_irq.o,
by_pc,2147495660,11,11,22,33,11,0,0,0,0,consume,/Users/swchen.tw/git/percepio/poc/runs/tcp-workload-matrix-v1/A03-baseline/build/tcp_request_response_irq.o,
by_pc,2147495662,11,11,22,33,11,0,0,0,0,consume,/Users/swchen.tw/git/percepio/poc/runs/tcp-workload-matrix-v1/A03-baseline/build/tcp_request_response_irq.o,
by_pc,2147495664,11,22,44,55,11,11,0,0,0,consume,/Users/swchen.tw/git/percepio/poc/runs/tcp-workload-matrix-v1/A03-baseline/build/tcp_request_response_irq.o,
by_pc,2147495668,11,11,22,33,11,0,0,0,0,consume,/Users/swchen.tw/git/percepio/poc/runs/tcp-workload-matrix-v1/A03-baseline/build/tcp_request_response_irq.o,
by_pc,2147495672,11,11,22,33,11,0,0,0,0,consume,/Users/swchen.tw/git/percepio/poc/runs/tcp-workload-matrix-v1/A03-baseline/build/tcp_request_response_irq.o,
by_pc,2147495676,11,11,22,33,11,0,0,0,0,consume,/Users/swchen.tw/git/percepio/poc/runs/tcp-workload-matrix-v1/A03-baseline/build/tcp_request_response_irq.o,
by_pc,2147495678,11,131,262,273,22,11,80,18,0,consume,/Users/swchen.tw/git/percepio/poc/runs/tcp-workload-matrix-v1/A03-baseline/build/tcp_request_response_irq.o,
by_pc,2147495682,11,11,22,33,11,0,0,0,0,consume,/Users/swchen.tw/git/percepio/poc/runs/tcp-workload-matrix-v1/A03-baseline/build/tcp_request_response_irq.o,
by_pc,2147495686,11,11,22,33,11,0,0,0,0,consume,/Users/swchen.tw/git/percepio/poc/runs/tcp-workload-matrix-v1/A03-baseline/build/tcp_request_response_irq.o,
by_pc,2147495690,11,11,22,33,11,0,0,0,0,consume,/Users/swchen.tw/git/percepio/poc/runs/tcp-workload-matrix-v1/A03-baseline/build/tcp_request_response_irq.o,
by_pc,2147495692,11,11,22,33,11,0,0,0,0,consume,/Users/swchen.tw/git/percepio/poc/runs/tcp-workload-matrix-v1/A03-baseline/build/tcp_request_response_irq.o,
by_pc,2147495694,11,11,22,33,11,0,0,0,0,consume,/Users/swchen.tw/git/percepio/poc/runs/tcp-workload-matrix-v1/A03-baseline/build/tcp_request_response_irq.o,
by_pc,2147495696,11,11,22,33,11,0,0,0,0,consume,/Users/swchen.tw/git/percepio/poc/runs/tcp-workload-matrix-v1/A03-baseline/build/tcp_request_response_irq.o,
by_pc,2147495698,11,11,22,33,11,0,0,0,0,consume,/Users/swchen.tw/git/percepio/poc/runs/tcp-workload-matrix-v1/A03-baseline/build/tcp_request_response_irq.o,
by_pc,2147495700,11,11,22,33,11,0,0,0,0,consume,/Users/swchen.tw/git/percepio/poc/runs/tcp-workload-matrix-v1/A03-baseline/build/tcp_request_response_irq.o,
by_pc,2147495720,11,22,44,55,11,11,0,0,0,consume,/Users/swchen.tw/git/percepio/poc/runs/tcp-workload-matrix-v1/A03-baseline/build/tcp_request_response_irq.o,
by_pc,2147495724,11,11,22,33,11,0,0,0,0,consume,/Users/swchen.tw/git/percepio/poc/runs/tcp-workload-matrix-v1/A03-baseline/build/tcp_request_response_irq.o,
by_pc,2147495728,11,11,22,33,11,0,0,0,0,consume,/Users/swchen.tw/git/percepio/poc/runs/tcp-workload-matrix-v1/A03-baseline/build/tcp_request_response_irq.o,
by_pc,2147495730,11,11,22,33,11,0,0,0,0,consume,/Users/swchen.tw/git/percepio/poc/runs/tcp-workload-matrix-v1/A03-baseline/build/tcp_request_response_irq.o,
by_pc,2147495750,11,138,276,287,11,11,80,36,0,consume,/Users/swchen.tw/git/percepio/poc/runs/tcp-workload-matrix-v1/A03-baseline/build/tcp_request_response_irq.o,
by_pc,2147495752,11,11,22,33,11,0,0,0,0,consume,/Users/swchen.tw/git/percepio/poc/runs/tcp-workload-matrix-v1/A03-baseline/build/tcp_request_response_irq.o,
by_pc,2147495756,11,22,44,55,11,11,0,0,0,consume,/Users/swchen.tw/git/percepio/poc/runs/tcp-workload-matrix-v1/A03-baseline/build/tcp_request_response_irq.o,
by_pc,2147495760,11,11,22,33,11,0,0,0,0,consume,/Users/swchen.tw/git/percepio/poc/runs/tcp-workload-matrix-v1/A03-baseline/build/tcp_request_response_irq.o,
by_pc,2147495780,11,11,22,33,11,0,0,0,0,consume,/Users/swchen.tw/git/percepio/poc/runs/tcp-workload-matrix-v1/A03-baseline/build/tcp_request_response_irq.o,
by_pc,2147495782,11,11,22,33,11,0,0,0,0,consume,/Users/swchen.tw/git/percepio/poc/runs/tcp-workload-matrix-v1/A03-baseline/build/tcp_request_response_irq.o,
by_pc,2147495812,11,127,254,265,11,0,80,36,0,consume,/Users/swchen.tw/git/percepio/poc/runs/tcp-workload-matrix-v1/A03-baseline/build/tcp_request_response_irq.o,
by_pc,2147495870,11,22,44,55,11,11,0,0,0,consume,/Users/swchen.tw/git/percepio/poc/runs/tcp-workload-matrix-v1/A03-baseline/build/tcp_request_response_irq.o,
by_pc,2147495872,11,138,276,287,11,11,80,36,0,consume,/Users/swchen.tw/git/percepio/poc/runs/tcp-workload-matrix-v1/A03-baseline/build/tcp_request_response_irq.o,
by_pc,2147495874,11,22,44,55,11,11,0,0,0,consume,/Users/swchen.tw/git/percepio/poc/runs/tcp-workload-matrix-v1/A03-baseline/build/tcp_request_response_irq.o,
by_pc,2147495876,11,22,44,55,11,11,0,0,0,consume,/Users/swchen.tw/git/percepio/poc/runs/tcp-workload-matrix-v1/A03-baseline/build/tcp_request_response_irq.o,
by_pc,2147495878,11,22,44,55,11,11,0,0,0,consume,/Users/swchen.tw/git/percepio/poc/runs/tcp-workload-matrix-v1/A03-baseline/build/tcp_request_response_irq.o,
by_pc,2147495880,11,22,44,55,11,11,0,0,0,consume,/Users/swchen.tw/git/percepio/poc/runs/tcp-workload-matrix-v1/A03-baseline/build/tcp_request_response_irq.o,
by_pc,2147495882,11,22,44,55,11,11,0,0,0,consume,/Users/swchen.tw/git/percepio/poc/runs/tcp-workload-matrix-v1/A03-baseline/build/tcp_request_response_irq.o,
by_pc,2147495884,11,11,22,33,11,0,0,0,0,consume,/Users/swchen.tw/git/percepio/poc/runs/tcp-workload-matrix-v1/A03-baseline/build/tcp_request_response_irq.o,
by_pc,2147495886,11,11,22,33,11,0,0,0,0,consume,/Users/swchen.tw/git/percepio/poc/runs/tcp-workload-matrix-v1/A03-baseline/build/tcp_request_response_irq.o,
by_pc,2147497218,1,1,2,3,1,0,0,0,0,session_task,/Users/swchen.tw/git/percepio/poc/runs/tcp-workload-matrix-v1/A03-baseline/build/tcp_request_response_irq.o,
by_pc,2147497222,1,1,2,3,1,0,0,0,0,session_task,/Users/swchen.tw/git/percepio/poc/runs/tcp-workload-matrix-v1/A03-baseline/build/tcp_request_response_irq.o,
by_pc,2147497226,1,2,4,5,1,1,0,0,0,session_task,/Users/swchen.tw/git/percepio/poc/runs/tcp-workload-matrix-v1/A03-baseline/build/tcp_request_response_irq.o,
by_pc,2147497228,1,1,2,3,1,0,0,0,0,session_task,/Users/swchen.tw/git/percepio/poc/runs/tcp-workload-matrix-v1/A03-baseline/build/tcp_request_response_irq.o,
by_pc,2147497232,1,1,2,3,1,0,0,0,0,session_task,/Users/swchen.tw/git/percepio/poc/runs/tcp-workload-matrix-v1/A03-baseline/build/tcp_request_response_irq.o,
by_pc,2147497236,1,1,2,3,1,0,0,0,0,session_task,/Users/swchen.tw/git/percepio/poc/runs/tcp-workload-matrix-v1/A03-baseline/build/tcp_request_response_irq.o,
by_pc,2147497238,1,1,2,3,1,0,0,0,0,session_task,/Users/swchen.tw/git/percepio/poc/runs/tcp-workload-matrix-v1/A03-baseline/build/tcp_request_response_irq.o,
by_pc,2147497240,1,1,2,3,1,0,0,0,0,session_task,/Users/swchen.tw/git/percepio/poc/runs/tcp-workload-matrix-v1/A03-baseline/build/tcp_request_response_irq.o,
by_pc,2147497242,1,21,42,43,1,1,8,0,11,session_task,/Users/swchen.tw/git/percepio/poc/runs/tcp-workload-matrix-v1/A03-baseline/build/tcp_request_response_irq.o,
by_pc,2147497244,1,1,2,3,1,0,0,0,0,session_task,/Users/swchen.tw/git/percepio/poc/runs/tcp-workload-matrix-v1/A03-baseline/build/tcp_request_response_irq.o,
by_pc,2147497248,1,1,2,3,1,0,0,0,0,session_task,/Users/swchen.tw/git/percepio/poc/runs/tcp-workload-matrix-v1/A03-baseline/build/tcp_request_response_irq.o,
by_pc,2147500774,1,1,2,3,1,0,0,0,0,mem_malloc,/Users/swchen.tw/git/percepio/poc/runs/tcp-workload-matrix-v1/A03-baseline/build/mem.o,
by_pc,2147500776,1,21,42,43,1,1,8,0,11,mem_malloc,/Users/swchen.tw/git/percepio/poc/runs/tcp-workload-matrix-v1/A03-baseline/build/mem.o,
by_pc,2147500780,1,1,2,3,1,0,0,0,0,mem_malloc,/Users/swchen.tw/git/percepio/poc/runs/tcp-workload-matrix-v1/A03-baseline/build/mem.o,
by_pc,2147500784,1,2,4,5,1,1,0,0,0,mem_malloc,/Users/swchen.tw/git/percepio/poc/runs/tcp-workload-matrix-v1/A03-baseline/build/mem.o,
by_pc,2147500788,1,1,2,3,1,0,0,0,0,mem_malloc,/Users/swchen.tw/git/percepio/poc/runs/tcp-workload-matrix-v1/A03-baseline/build/mem.o,
by_pc,2147500792,1,1,2,3,1,0,0,0,0,mem_malloc,/Users/swchen.tw/git/percepio/poc/runs/tcp-workload-matrix-v1/A03-baseline/build/mem.o,
by_pc,2147500794,1,1,2,3,1,0,0,0,0,mem_malloc,/Users/swchen.tw/git/percepio/poc/runs/tcp-workload-matrix-v1/A03-baseline/build/mem.o,
by_pc,2147500796,1,1,2,3,1,0,0,0,0,mem_malloc,/Users/swchen.tw/git/percepio/poc/runs/tcp-workload-matrix-v1/A03-baseline/build/mem.o,
by_pc,2147500798,1,2,4,5,2,0,0,0,0,mem_malloc,/Users/swchen.tw/git/percepio/poc/runs/tcp-workload-matrix-v1/A03-baseline/build/mem.o,
by_pc,2147500802,1,21,42,43,1,1,8,0,11,mem_malloc,/Users/swchen.tw/git/percepio/poc/runs/tcp-workload-matrix-v1/A03-baseline/build/mem.o,
by_pc,2147500806,1,1,2,3,1,0,0,0,0,mem_malloc,/Users/swchen.tw/git/percepio/poc/runs/tcp-workload-matrix-v1/A03-baseline/build/mem.o,
by_pc,2147500810,1,2,4,5,1,1,0,0,0,mem_malloc,/Users/swchen.tw/git/percepio/poc/runs/tcp-workload-matrix-v1/A03-baseline/build/mem.o,
by_pc,2147500814,1,1,2,3,1,0,0,0,0,mem_malloc,/Users/swchen.tw/git/percepio/poc/runs/tcp-workload-matrix-v1/A03-baseline/build/mem.o,
by_pc,2147510098,12,350,700,712,12,12,176,18,132,tcp_input,/Users/swchen.tw/git/percepio/poc/runs/tcp-workload-matrix-v1/A03-baseline/build/tcp_in.o,
by_pc,2147510102,12,12,24,36,12,0,0,0,0,tcp_input,/Users/swchen.tw/git/percepio/poc/runs/tcp-workload-matrix-v1/A03-baseline/build/tcp_in.o,
by_pc,2147510104,13,52,104,117,13,13,8,18,0,tcp_input,/Users/swchen.tw/git/percepio/poc/runs/tcp-workload-matrix-v1/A03-baseline/build/tcp_in.o,
by_pc,2147510108,13,13,26,39,13,0,0,0,0,tcp_input,/Users/swchen.tw/git/percepio/poc/runs/tcp-workload-matrix-v1/A03-baseline/build/tcp_in.o,
by_pc,2147510126,13,26,52,65,13,13,0,0,0,tcp_input,/Users/swchen.tw/git/percepio/poc/runs/tcp-workload-matrix-v1/A03-baseline/build/tcp_in.o,
by_pc,2147510130,13,26,52,65,13,13,0,0,0,tcp_input,/Users/swchen.tw/git/percepio/poc/runs/tcp-workload-matrix-v1/A03-baseline/build/tcp_in.o,
by_pc,2147510134,13,52,104,117,13,13,8,18,0,tcp_input,/Users/swchen.tw/git/percepio/poc/runs/tcp-workload-matrix-v1/A03-baseline/build/tcp_in.o,
by_pc,2147510138,13,13,26,39,13,0,0,0,0,tcp_input,/Users/swchen.tw/git/percepio/poc/runs/tcp-workload-matrix-v1/A03-baseline/build/tcp_in.o,
by_pc,2147510140,13,13,26,39,13,0,0,0,0,tcp_input,/Users/swchen.tw/git/percepio/poc/runs/tcp-workload-matrix-v1/A03-baseline/build/tcp_in.o,
by_pc,2147510144,13,129,258,271,13,0,80,36,0,tcp_input,/Users/swchen.tw/git/percepio/poc/runs/tcp-workload-matrix-v1/A03-baseline/build/tcp_in.o,
by_pc,2147510148,13,26,52,65,13,13,0,0,0,tcp_input,/Users/swchen.tw/git/percepio/poc/runs/tcp-workload-matrix-v1/A03-baseline/build/tcp_in.o,
by_pc,2147510152,13,26,52,65,13,13,0,0,0,tcp_input,/Users/swchen.tw/git/percepio/poc/runs/tcp-workload-matrix-v1/A03-baseline/build/tcp_in.o,
by_pc,2147510156,13,26,52,65,13,13,0,0,0,tcp_input,/Users/swchen.tw/git/percepio/poc/runs/tcp-workload-matrix-v1/A03-baseline/build/tcp_in.o,
by_pc,2147510160,13,13,26,39,13,0,0,0,0,tcp_input,/Users/swchen.tw/git/percepio/poc/runs/tcp-workload-matrix-v1/A03-baseline/build/tcp_in.o,
by_pc,2147510162,13,13,26,39,13,0,0,0,0,tcp_input,/Users/swchen.tw/git/percepio/poc/runs/tcp-workload-matrix-v1/A03-baseline/build/tcp_in.o,
by_pc,2147510166,13,13,26,39,13,0,0,0,0,tcp_input,/Users/swchen.tw/git/percepio/poc/runs/tcp-workload-matrix-v1/A03-baseline/build/tcp_in.o,
by_pc,2147510170,13,26,52,65,13,13,0,0,0,tcp_input,/Users/swchen.tw/git/percepio/poc/runs/tcp-workload-matrix-v1/A03-baseline/build/tcp_in.o,
by_pc,2147510172,13,13,26,39,13,0,0,0,0,tcp_input,/Users/swchen.tw/git/percepio/poc/runs/tcp-workload-matrix-v1/A03-baseline/build/tcp_in.o,
by_pc,2147510176,13,26,52,65,13,13,0,0,0,tcp_input,/Users/swchen.tw/git/percepio/poc/runs/tcp-workload-matrix-v1/A03-baseline/build/tcp_in.o,
by_pc,2147510180,13,26,52,65,13,13,0,0,0,tcp_input,/Users/swchen.tw/git/percepio/poc/runs/tcp-workload-matrix-v1/A03-baseline/build/tcp_in.o,
by_pc,2147510184,13,13,26,39,13,0,0,0,0,tcp_input,/Users/swchen.tw/git/percepio/poc/runs/tcp-workload-matrix-v1/A03-baseline/build/tcp_in.o,
by_pc,2147510188,13,13,26,39,13,0,0,0,0,tcp_input,/Users/swchen.tw/git/percepio/poc/runs/tcp-workload-matrix-v1/A03-baseline/build/tcp_in.o,
by_pc,2147510370,13,73,146,159,13,0,24,36,0,tcp_input,/Users/swchen.tw/git/percepio/poc/runs/tcp-workload-matrix-v1/A03-baseline/build/tcp_in.o,
by_pc,2147510374,13,26,52,65,13,13,0,0,0,tcp_input,/Users/swchen.tw/git/percepio/poc/runs/tcp-workload-matrix-v1/A03-baseline/build/tcp_in.o,
by_pc,2147510378,13,13,26,39,13,0,0,0,0,tcp_input,/Users/swchen.tw/git/percepio/poc/runs/tcp-workload-matrix-v1/A03-baseline/build/tcp_in.o,
by_pc,2147510380,13,13,26,39,13,0,0,0,0,tcp_input,/Users/swchen.tw/git/percepio/poc/runs/tcp-workload-matrix-v1/A03-baseline/build/tcp_in.o,
by_pc,2147510384,13,273,546,559,13,13,104,0,143,tcp_input,/Users/swchen.tw/git/percepio/poc/runs/tcp-workload-matrix-v1/A03-baseline/build/tcp_in.o,
by_pc,2147510388,13,13,26,39,13,0,0,0,0,tcp_input,/Users/swchen.tw/git/percepio/poc/runs/tcp-workload-matrix-v1/A03-baseline/build/tcp_in.o,
by_pc,2147510200,13,13,26,39,13,0,0,0,0,tcp_input,/Users/swchen.tw/git/percepio/poc/runs/tcp-workload-matrix-v1/A03-baseline/build/tcp_in.o,
by_pc,2147510204,13,291,582,595,13,13,104,18,143,tcp_input,/Users/swchen.tw/git/percepio/poc/runs/tcp-workload-matrix-v1/A03-baseline/build/tcp_in.o,
by_pc,2147510208,13,148,296,309,13,13,104,18,0,tcp_input,/Users/swchen.tw/git/percepio/poc/runs/tcp-workload-matrix-v1/A03-baseline/build/tcp_in.o,
by_pc,2147510212,13,13,26,39,13,0,0,0,0,tcp_input,/Users/swchen.tw/git/percepio/poc/runs/tcp-workload-matrix-v1/A03-baseline/build/tcp_in.o,
by_pc,2147510216,13,13,26,39,13,0,0,0,0,tcp_input,/Users/swchen.tw/git/percepio/poc/runs/tcp-workload-matrix-v1/A03-baseline/build/tcp_in.o,
by_pc,2147510220,13,273,546,559,13,13,104,0,143,tcp_input,/Users/swchen.tw/git/percepio/poc/runs/tcp-workload-matrix-v1/A03-baseline/build/tcp_in.o,
by_pc,2147510224,13,273,546,559,13,13,104,0,143,tcp_input,/Users/swchen.tw/git/percepio/poc/runs/tcp-workload-matrix-v1/A03-baseline/build/tcp_in.o,
by_pc,2147510228,13,273,546,559,13,13,104,0,143,tcp_input,/Users/swchen.tw/git/percepio/poc/runs/tcp-workload-matrix-v1/A03-baseline/build/tcp_in.o,
by_pc,2147510232,13,273,546,559,13,13,104,0,143,tcp_input,/Users/swchen.tw/git/percepio/poc/runs/tcp-workload-matrix-v1/A03-baseline/build/tcp_in.o,
by_pc,2147510236,13,273,546,559,13,13,104,0,143,tcp_input,/Users/swchen.tw/git/percepio/poc/runs/tcp-workload-matrix-v1/A03-baseline/build/tcp_in.o,
by_pc,2147510240,13,273,546,559,13,13,104,0,143,tcp_input,/Users/swchen.tw/git/percepio/poc/runs/tcp-workload-matrix-v1/A03-baseline/build/tcp_in.o,
by_pc,2147510244,13,13,26,39,13,0,0,0,0,tcp_input,/Users/swchen.tw/git/percepio/poc/runs/tcp-workload-matrix-v1/A03-baseline/build/tcp_in.o,
by_pc,2147510246,13,13,26,39,13,0,0,0,0,tcp_input,/Users/swchen.tw/git/percepio/poc/runs/tcp-workload-matrix-v1/A03-baseline/build/tcp_in.o,
by_pc,2147510260,13,34,68,81,13,13,8,0,0,tcp_input,/Users/swchen.tw/git/percepio/poc/runs/tcp-workload-matrix-v1/A03-baseline/build/tcp_in.o,
by_pc,2147510262,13,13,26,39,13,0,0,0,0,tcp_input,/Users/swchen.tw/git/percepio/poc/runs/tcp-workload-matrix-v1/A03-baseline/build/tcp_in.o,
by_pc,2147511058,13,98,196,209,13,13,72,0,0,tcp_input,/Users/swchen.tw/git/percepio/poc/runs/tcp-workload-matrix-v1/A03-baseline/build/tcp_in.o,
by_pc,2147511062,13,273,546,559,13,13,104,0,143,tcp_input,/Users/swchen.tw/git/percepio/poc/runs/tcp-workload-matrix-v1/A03-baseline/build/tcp_in.o,
by_pc,2147511066,13,13,26,39,13,0,0,0,0,tcp_input,/Users/swchen.tw/git/percepio/poc/runs/tcp-workload-matrix-v1/A03-baseline/build/tcp_in.o,
by_pc,2147511070,13,13,26,39,13,0,0,0,0,tcp_input,/Users/swchen.tw/git/percepio/poc/runs/tcp-workload-matrix-v1/A03-baseline/build/tcp_in.o,
by_pc,2147511188,13,47,94,107,13,0,16,18,0,tcp_input,/Users/swchen.tw/git/percepio/poc/runs/tcp-workload-matrix-v1/A03-baseline/build/tcp_in.o,
by_pc,2147511192,13,26,52,65,13,13,0,0,0,tcp_input,/Users/swchen.tw/git/percepio/poc/runs/tcp-workload-matrix-v1/A03-baseline/build/tcp_in.o,
by_pc,2147511196,13,13,26,39,13,0,0,0,0,tcp_input,/Users/swchen.tw/git/percepio/poc/runs/tcp-workload-matrix-v1/A03-baseline/build/tcp_in.o,
by_pc,2147511216,13,13,26,39,13,0,0,0,0,tcp_input,/Users/swchen.tw/git/percepio/poc/runs/tcp-workload-matrix-v1/A03-baseline/build/tcp_in.o,
by_pc,2147511218,13,13,26,39,13,0,0,0,0,tcp_input,/Users/swchen.tw/git/percepio/poc/runs/tcp-workload-matrix-v1/A03-baseline/build/tcp_in.o,
by_pc,2147511220,12,24,48,60,12,12,0,0,0,tcp_input,/Users/swchen.tw/git/percepio/poc/runs/tcp-workload-matrix-v1/A03-baseline/build/tcp_in.o,
by_pc,2147511224,12,252,504,516,12,12,96,0,132,tcp_input,/Users/swchen.tw/git/percepio/poc/runs/tcp-workload-matrix-v1/A03-baseline/build/tcp_in.o,
by_pc,2147511226,13,26,52,65,13,13,0,0,0,tcp_input,/Users/swchen.tw/git/percepio/poc/runs/tcp-workload-matrix-v1/A03-baseline/build/tcp_in.o,
by_pc,2147511230,13,376,752,765,26,13,176,18,143,tcp_input,/Users/swchen.tw/git/percepio/poc/runs/tcp-workload-matrix-v1/A03-baseline/build/tcp_in.o,
by_pc,2147511234,13,13,26,39,13,0,0,0,0,tcp_input,/Users/swchen.tw/git/percepio/poc/runs/tcp-workload-matrix-v1/A03-baseline/build/tcp_in.o,
by_pc,2147511242,13,26,52,65,13,13,0,0,0,tcp_input,/Users/swchen.tw/git/percepio/poc/runs/tcp-workload-matrix-v1/A03-baseline/build/tcp_in.o,
by_pc,2147511244,13,13,26,39,13,0,0,0,0,tcp_input,/Users/swchen.tw/git/percepio/poc/runs/tcp-workload-matrix-v1/A03-baseline/build/tcp_in.o,
by_pc,2147511248,13,13,26,39,13,0,0,0,0,tcp_input,/Users/swchen.tw/git/percepio/poc/runs/tcp-workload-matrix-v1/A03-baseline/build/tcp_in.o,
by_pc,2147512308,13,153,306,319,13,0,104,36,0,tcp_input,/Users/swchen.tw/git/percepio/poc/runs/tcp-workload-matrix-v1/A03-baseline/build/tcp_in.o,
by_pc,2147512310,13,13,26,39,13,0,0,0,0,tcp_input,/Users/swchen.tw/git/percepio/poc/runs/tcp-workload-matrix-v1/A03-baseline/build/tcp_in.o,
by_pc,2147512314,13,13,26,39,13,0,0,0,0,tcp_input,/Users/swchen.tw/git/percepio/poc/runs/tcp-workload-matrix-v1/A03-baseline/build/tcp_in.o,
by_pc,2147512318,13,66,132,145,26,0,40,0,0,tcp_input,/Users/swchen.tw/git/percepio/poc/runs/tcp-workload-matrix-v1/A03-baseline/build/tcp_in.o,
by_pc,2147512322,13,13,26,39,13,0,0,0,0,tcp_input,/Users/swchen.tw/git/percepio/poc/runs/tcp-workload-matrix-v1/A03-baseline/build/tcp_in.o,
by_pc,2147512324,13,13,26,39,13,0,0,0,0,tcp_input,/Users/swchen.tw/git/percepio/poc/runs/tcp-workload-matrix-v1/A03-baseline/build/tcp_in.o,
by_pc,2147512326,13,60,120,133,13,13,16,18,0,tcp_input,/Users/swchen.tw/git/percepio/poc/runs/tcp-workload-matrix-v1/A03-baseline/build/tcp_in.o,
by_pc,2147512328,13,13,26,39,13,0,0,0,0,tcp_input,/Users/swchen.tw/git/percepio/poc/runs/tcp-workload-matrix-v1/A03-baseline/build/tcp_in.o,
by_pc,2147512330,13,13,26,39,13,0,0,0,0,tcp_input,/Users/swchen.tw/git/percepio/poc/runs/tcp-workload-matrix-v1/A03-baseline/build/tcp_in.o,
by_pc,2147511572,1,27,54,55,1,0,8,18,0,tcp_input,/Users/swchen.tw/git/percepio/poc/runs/tcp-workload-matrix-v1/A03-baseline/build/tcp_in.o,
by_pc,2147511574,1,1,2,3,1,0,0,0,0,tcp_input,/Users/swchen.tw/git/percepio/poc/runs/tcp-workload-matrix-v1/A03-baseline/build/tcp_in.o,
by_pc,2147511578,1,2,4,5,1,1,0,0,0,tcp_input,/Users/swchen.tw/git/percepio/poc/runs/tcp-workload-matrix-v1/A03-baseline/build/tcp_in.o,
by_pc,2147511582,1,2,4,5,1,1,0,0,0,tcp_input,/Users/swchen.tw/git/percepio/poc/runs/tcp-workload-matrix-v1/A03-baseline/build/tcp_in.o,
by_pc,2147511584,1,1,2,3,1,0,0,0,0,tcp_input,/Users/swchen.tw/git/percepio/poc/runs/tcp-workload-matrix-v1/A03-baseline/build/tcp_in.o,
by_pc,2147511588,1,1,2,3,1,0,0,0,0,tcp_input,/Users/swchen.tw/git/percepio/poc/runs/tcp-workload-matrix-v1/A03-baseline/build/tcp_in.o,
by_pc,2147511590,1,1,2,3,1,0,0,0,0,tcp_input,/Users/swchen.tw/git/percepio/poc/runs/tcp-workload-matrix-v1/A03-baseline/build/tcp_in.o,
by_pc,2147511594,1,2,4,5,1,1,0,0,0,tcp_input,/Users/swchen.tw/git/percepio/poc/runs/tcp-workload-matrix-v1/A03-baseline/build/tcp_in.o,
by_pc,2147511596,1,1,2,3,1,0,0,0,0,tcp_input,/Users/swchen.tw/git/percepio/poc/runs/tcp-workload-matrix-v1/A03-baseline/build/tcp_in.o,
by_pc,2147511598,1,1,2,3,1,0,0,0,0,tcp_input,/Users/swchen.tw/git/percepio/poc/runs/tcp-workload-matrix-v1/A03-baseline/build/tcp_in.o,
by_pc,2147511602,1,1,2,3,1,0,0,0,0,tcp_input,/Users/swchen.tw/git/percepio/poc/runs/tcp-workload-matrix-v1/A03-baseline/build/tcp_in.o,
by_pc,2147511604,1,21,42,43,1,1,8,0,11,tcp_input,/Users/swchen.tw/git/percepio/poc/runs/tcp-workload-matrix-v1/A03-baseline/build/tcp_in.o,
by_pc,2147511606,1,2,4,5,1,1,0,0,0,tcp_input,/Users/swchen.tw/git/percepio/poc/runs/tcp-workload-matrix-v1/A03-baseline/build/tcp_in.o,
by_pc,2147511610,1,1,2,3,1,0,0,0,0,tcp_input,/Users/swchen.tw/git/percepio/poc/runs/tcp-workload-matrix-v1/A03-baseline/build/tcp_in.o,
by_pc,2147511620,1,28,56,57,1,1,8,18,0,tcp_input,/Users/swchen.tw/git/percepio/poc/runs/tcp-workload-matrix-v1/A03-baseline/build/tcp_in.o,
by_pc,2147511622,1,1,2,3,1,0,0,0,0,tcp_input,/Users/swchen.tw/git/percepio/poc/runs/tcp-workload-matrix-v1/A03-baseline/build/tcp_in.o,
by_pc,2147511624,1,2,4,5,1,1,0,0,0,tcp_input,/Users/swchen.tw/git/percepio/poc/runs/tcp-workload-matrix-v1/A03-baseline/build/tcp_in.o,
by_pc,2147511626,1,1,2,3,1,0,0,0,0,tcp_input,/Users/swchen.tw/git/percepio/poc/runs/tcp-workload-matrix-v1/A03-baseline/build/tcp_in.o,
by_pc,2147511628,1,1,2,3,1,0,0,0,0,tcp_input,/Users/swchen.tw/git/percepio/poc/runs/tcp-workload-matrix-v1/A03-baseline/build/tcp_in.o,
by_pc,2147511630,1,1,2,3,1,0,0,0,0,tcp_input,/Users/swchen.tw/git/percepio/poc/runs/tcp-workload-matrix-v1/A03-baseline/build/tcp_in.o,
by_pc,2147494960,1,27,54,55,1,0,8,18,0,on_accept,/Users/swchen.tw/git/percepio/poc/runs/tcp-workload-matrix-v1/A03-baseline/build/tcp_request_response_irq.o,
by_pc,2147494962,1,21,42,43,1,1,8,0,11,on_accept,/Users/swchen.tw/git/percepio/poc/runs/tcp-workload-matrix-v1/A03-baseline/build/tcp_request_response_irq.o,
by_pc,2147494964,1,21,42,43,1,1,8,0,11,on_accept,/Users/swchen.tw/git/percepio/poc/runs/tcp-workload-matrix-v1/A03-baseline/build/tcp_request_response_irq.o,
by_pc,2147494966,1,1,2,3,1,0,0,0,0,on_accept,/Users/swchen.tw/git/percepio/poc/runs/tcp-workload-matrix-v1/A03-baseline/build/tcp_request_response_irq.o,
by_pc,2147494968,1,1,2,3,1,0,0,0,0,on_accept,/Users/swchen.tw/git/percepio/poc/runs/tcp-workload-matrix-v1/A03-baseline/build/tcp_request_response_irq.o,
by_pc,2147494986,1,27,54,55,1,0,8,18,0,on_accept,/Users/swchen.tw/git/percepio/poc/runs/tcp-workload-matrix-v1/A03-baseline/build/tcp_request_response_irq.o,
by_pc,2147494988,1,1,2,3,1,0,0,0,0,on_accept,/Users/swchen.tw/git/percepio/poc/runs/tcp-workload-matrix-v1/A03-baseline/build/tcp_request_response_irq.o,
by_pc,2147494992,1,1,2,3,1,0,0,0,0,on_accept,/Users/swchen.tw/git/percepio/poc/runs/tcp-workload-matrix-v1/A03-baseline/build/tcp_request_response_irq.o,
by_pc,2147494996,1,21,42,43,1,1,8,0,11,on_accept,/Users/swchen.tw/git/percepio/poc/runs/tcp-workload-matrix-v1/A03-baseline/build/tcp_request_response_irq.o,
by_pc,2147495000,1,1,2,3,1,0,0,0,0,on_accept,/Users/swchen.tw/git/percepio/poc/runs/tcp-workload-matrix-v1/A03-baseline/build/tcp_request_response_irq.o,
by_pc,2147503458,1,9,18,19,1,0,8,0,0,tcp_sent,/Users/swchen.tw/git/percepio/poc/runs/tcp-workload-matrix-v1/A03-baseline/build/tcp.o,
by_pc,2147503460,1,21,42,43,1,1,8,0,11,tcp_sent,/Users/swchen.tw/git/percepio/poc/runs/tcp-workload-matrix-v1/A03-baseline/build/tcp.o,
by_pc,2147503464,1,1,2,3,1,0,0,0,0,tcp_sent,/Users/swchen.tw/git/percepio/poc/runs/tcp-workload-matrix-v1/A03-baseline/build/tcp.o,
by_pc,2147495004,1,1,2,3,1,0,0,0,0,on_accept,/Users/swchen.tw/git/percepio/poc/runs/tcp-workload-matrix-v1/A03-baseline/build/tcp_request_response_irq.o,
by_pc,2147495006,1,1,2,3,1,0,0,0,0,on_accept,/Users/swchen.tw/git/percepio/poc/runs/tcp-workload-matrix-v1/A03-baseline/build/tcp_request_response_irq.o,
by_pc,2147495010,1,1,2,3,1,0,0,0,0,on_accept,/Users/swchen.tw/git/percepio/poc/runs/tcp-workload-matrix-v1/A03-baseline/build/tcp_request_response_irq.o,
by_pc,2147495014,1,1,2,3,1,0,0,0,0,on_accept,/Users/swchen.tw/git/percepio/poc/runs/tcp-workload-matrix-v1/A03-baseline/build/tcp_request_response_irq.o,
by_pc,2147503450,1,1,2,3,1,0,0,0,0,tcp_recv,/Users/swchen.tw/git/percepio/poc/runs/tcp-workload-matrix-v1/A03-baseline/build/tcp.o,
by_pc,2147503452,1,21,42,43,1,1,8,0,11,tcp_recv,/Users/swchen.tw/git/percepio/poc/runs/tcp-workload-matrix-v1/A03-baseline/build/tcp.o,
by_pc,2147503456,1,1,2,3,1,0,0,0,0,tcp_recv,/Users/swchen.tw/git/percepio/poc/runs/tcp-workload-matrix-v1/A03-baseline/build/tcp.o,
by_pc,2147495018,1,2,4,5,1,1,0,0,0,on_accept,/Users/swchen.tw/git/percepio/poc/runs/tcp-workload-matrix-v1/A03-baseline/build/tcp_request_response_irq.o,
by_pc,2147495022,1,1,2,3,1,0,0,0,0,on_accept,/Users/swchen.tw/git/percepio/poc/runs/tcp-workload-matrix-v1/A03-baseline/build/tcp_request_response_irq.o,
by_pc,2147495024,1,1,2,3,1,0,0,0,0,on_accept,/Users/swchen.tw/git/percepio/poc/runs/tcp-workload-matrix-v1/A03-baseline/build/tcp_request_response_irq.o,
by_pc,2147495028,1,21,42,43,1,1,8,0,11,on_accept,/Users/swchen.tw/git/percepio/poc/runs/tcp-workload-matrix-v1/A03-baseline/build/tcp_request_response_irq.o,
by_pc,2147495032,1,2,4,5,1,1,0,0,0,on_accept,/Users/swchen.tw/git/percepio/poc/runs/tcp-workload-matrix-v1/A03-baseline/build/tcp_request_response_irq.o,
by_pc,2147495034,1,2,4,5,1,1,0,0,0,on_accept,/Users/swchen.tw/git/percepio/poc/runs/tcp-workload-matrix-v1/A03-baseline/build/tcp_request_response_irq.o,
by_pc,2147495036,1,1,2,3,1,0,0,0,0,on_accept,/Users/swchen.tw/git/percepio/poc/runs/tcp-workload-matrix-v1/A03-baseline/build/tcp_request_response_irq.o,
by_pc,2147495038,1,1,2,3,1,0,0,0,0,on_accept,/Users/swchen.tw/git/percepio/poc/runs/tcp-workload-matrix-v1/A03-baseline/build/tcp_request_response_irq.o,
by_pc,2147511632,1,1,2,3,1,0,0,0,0,tcp_input,/Users/swchen.tw/git/percepio/poc/runs/tcp-workload-matrix-v1/A03-baseline/build/tcp_in.o,
by_pc,2147511642,1,1,2,3,1,0,0,0,0,tcp_input,/Users/swchen.tw/git/percepio/poc/runs/tcp-workload-matrix-v1/A03-baseline/build/tcp_in.o,
by_pc,2147511644,1,1,2,3,1,0,0,0,0,tcp_input,/Users/swchen.tw/git/percepio/poc/runs/tcp-workload-matrix-v1/A03-baseline/build/tcp_in.o,
by_pc,2147506866,13,68,136,149,13,13,24,18,0,tcp_receive,/Users/swchen.tw/git/percepio/poc/runs/tcp-workload-matrix-v1/A03-baseline/build/tcp_in.o,
by_pc,2147506870,13,13,26,39,13,0,0,0,0,tcp_receive,/Users/swchen.tw/git/percepio/poc/runs/tcp-workload-matrix-v1/A03-baseline/build/tcp_in.o,
by_pc,2147506872,13,273,546,559,13,13,104,0,143,tcp_receive,/Users/swchen.tw/git/percepio/poc/runs/tcp-workload-matrix-v1/A03-baseline/build/tcp_in.o,
by_pc,2147506874,13,273,546,559,13,13,104,0,143,tcp_receive,/Users/swchen.tw/git/percepio/poc/runs/tcp-workload-matrix-v1/A03-baseline/build/tcp_in.o,
by_pc,2147506876,13,273,546,559,13,13,104,0,143,tcp_receive,/Users/swchen.tw/git/percepio/poc/runs/tcp-workload-matrix-v1/A03-baseline/build/tcp_in.o,
by_pc,2147506878,13,273,546,559,13,13,104,0,143,tcp_receive,/Users/swchen.tw/git/percepio/poc/runs/tcp-workload-matrix-v1/A03-baseline/build/tcp_in.o,
by_pc,2147506880,13,315,630,643,13,13,128,18,143,tcp_receive,/Users/swchen.tw/git/percepio/poc/runs/tcp-workload-matrix-v1/A03-baseline/build/tcp_in.o,
by_pc,2147506882,13,273,546,559,13,13,104,0,143,tcp_receive,/Users/swchen.tw/git/percepio/poc/runs/tcp-workload-matrix-v1/A03-baseline/build/tcp_in.o,
by_pc,2147506884,13,273,546,559,13,13,104,0,143,tcp_receive,/Users/swchen.tw/git/percepio/poc/runs/tcp-workload-matrix-v1/A03-baseline/build/tcp_in.o,
by_pc,2147506886,13,273,546,559,13,13,104,0,143,tcp_receive,/Users/swchen.tw/git/percepio/poc/runs/tcp-workload-matrix-v1/A03-baseline/build/tcp_in.o,
by_pc,2147506888,13,13,26,39,13,0,0,0,0,tcp_receive,/Users/swchen.tw/git/percepio/poc/runs/tcp-workload-matrix-v1/A03-baseline/build/tcp_in.o,
by_pc,2147506890,13,13,26,39,13,0,0,0,0,tcp_receive,/Users/swchen.tw/git/percepio/poc/runs/tcp-workload-matrix-v1/A03-baseline/build/tcp_in.o,
by_pc,2147506892,13,13,26,39,13,0,0,0,0,tcp_receive,/Users/swchen.tw/git/percepio/poc/runs/tcp-workload-matrix-v1/A03-baseline/build/tcp_in.o,
by_pc,2147506896,13,13,26,39,13,0,0,0,0,tcp_receive,/Users/swchen.tw/git/percepio/poc/runs/tcp-workload-matrix-v1/A03-baseline/build/tcp_in.o,
by_pc,2147506900,13,26,52,65,13,13,0,0,0,tcp_receive,/Users/swchen.tw/git/percepio/poc/runs/tcp-workload-matrix-v1/A03-baseline/build/tcp_in.o,
by_pc,2147506904,13,26,52,65,13,13,0,0,0,tcp_receive,/Users/swchen.tw/git/percepio/poc/runs/tcp-workload-matrix-v1/A03-baseline/build/tcp_in.o,
by_pc,2147506906,13,26,52,65,13,13,0,0,0,tcp_receive,/Users/swchen.tw/git/percepio/poc/runs/tcp-workload-matrix-v1/A03-baseline/build/tcp_in.o,
by_pc,2147506910,13,26,52,65,13,13,0,0,0,tcp_receive,/Users/swchen.tw/git/percepio/poc/runs/tcp-workload-matrix-v1/A03-baseline/build/tcp_in.o,
by_pc,2147506912,13,13,26,39,13,0,0,0,0,tcp_receive,/Users/swchen.tw/git/percepio/poc/runs/tcp-workload-matrix-v1/A03-baseline/build/tcp_in.o,
by_pc,2147506916,13,13,26,39,13,0,0,0,0,tcp_receive,/Users/swchen.tw/git/percepio/poc/runs/tcp-workload-matrix-v1/A03-baseline/build/tcp_in.o,
by_pc,2147506920,13,26,52,65,13,13,0,0,0,tcp_receive,/Users/swchen.tw/git/percepio/poc/runs/tcp-workload-matrix-v1/A03-baseline/build/tcp_in.o,
by_pc,2147506922,13,13,26,39,13,0,0,0,0,tcp_receive,/Users/swchen.tw/git/percepio/poc/runs/tcp-workload-matrix-v1/A03-baseline/build/tcp_in.o,
by_pc,2147506962,10,118,236,246,10,10,80,18,0,tcp_receive,/Users/swchen.tw/git/percepio/poc/runs/tcp-workload-matrix-v1/A03-baseline/build/tcp_in.o,
by_pc,2147506966,10,20,40,50,10,10,0,0,0,tcp_receive,/Users/swchen.tw/git/percepio/poc/runs/tcp-workload-matrix-v1/A03-baseline/build/tcp_in.o,
by_pc,2147506970,10,20,40,50,10,10,0,0,0,tcp_receive,/Users/swchen.tw/git/percepio/poc/runs/tcp-workload-matrix-v1/A03-baseline/build/tcp_in.o,
by_pc,2147506974,10,10,20,30,10,0,0,0,0,tcp_receive,/Users/swchen.tw/git/percepio/poc/runs/tcp-workload-matrix-v1/A03-baseline/build/tcp_in.o,
by_pc,2147506976,10,10,20,30,10,0,0,0,0,tcp_receive,/Users/swchen.tw/git/percepio/poc/runs/tcp-workload-matrix-v1/A03-baseline/build/tcp_in.o,
by_pc,2147506978,10,20,40,50,10,10,0,0,0,tcp_receive,/Users/swchen.tw/git/percepio/poc/runs/tcp-workload-matrix-v1/A03-baseline/build/tcp_in.o,
by_pc,2147506982,10,210,420,430,10,10,80,0,110,tcp_receive,/Users/swchen.tw/git/percepio/poc/runs/tcp-workload-matrix-v1/A03-baseline/build/tcp_in.o,
by_pc,2147506986,10,10,20,30,10,0,0,0,0,tcp_receive,/Users/swchen.tw/git/percepio/poc/runs/tcp-workload-matrix-v1/A03-baseline/build/tcp_in.o,
by_pc,2147506994,10,210,420,430,10,10,80,0,110,tcp_receive,/Users/swchen.tw/git/percepio/poc/runs/tcp-workload-matrix-v1/A03-baseline/build/tcp_in.o,
by_pc,2147506996,10,210,420,430,10,10,80,0,110,tcp_receive,/Users/swchen.tw/git/percepio/poc/runs/tcp-workload-matrix-v1/A03-baseline/build/tcp_in.o,
by_pc,2147506998,13,26,52,65,13,13,0,0,0,tcp_receive,/Users/swchen.tw/git/percepio/poc/runs/tcp-workload-matrix-v1/A03-baseline/build/tcp_in.o,
by_pc,2147507000,13,13,26,39,13,0,0,0,0,tcp_receive,/Users/swchen.tw/git/percepio/poc/runs/tcp-workload-matrix-v1/A03-baseline/build/tcp_in.o,
by_pc,2147507004,13,13,26,39,13,0,0,0,0,tcp_receive,/Users/swchen.tw/git/percepio/poc/runs/tcp-workload-matrix-v1/A03-baseline/build/tcp_in.o,
by_pc,2147507790,10,108,216,226,10,0,80,18,0,tcp_receive,/Users/swchen.tw/git/percepio/poc/runs/tcp-workload-matrix-v1/A03-baseline/build/tcp_in.o,
by_pc,2147507794,10,10,20,30,10,0,0,0,0,tcp_receive,/Users/swchen.tw/git/percepio/poc/runs/tcp-workload-matrix-v1/A03-baseline/build/tcp_in.o,
by_pc,2147507796,10,10,20,30,10,0,0,0,0,tcp_receive,/Users/swchen.tw/git/percepio/poc/runs/tcp-workload-matrix-v1/A03-baseline/build/tcp_in.o,
by_pc,2147507800,10,20,40,50,10,10,0,0,0,tcp_receive,/Users/swchen.tw/git/percepio/poc/runs/tcp-workload-matrix-v1/A03-baseline/build/tcp_in.o,
by_pc,2147507802,10,10,20,30,10,0,0,0,0,tcp_receive,/Users/swchen.tw/git/percepio/poc/runs/tcp-workload-matrix-v1/A03-baseline/build/tcp_in.o,
by_pc,2147507804,10,10,20,30,10,0,0,0,0,tcp_receive,/Users/swchen.tw/git/percepio/poc/runs/tcp-workload-matrix-v1/A03-baseline/build/tcp_in.o,
by_pc,2147507808,10,20,40,50,10,10,0,0,0,tcp_receive,/Users/swchen.tw/git/percepio/poc/runs/tcp-workload-matrix-v1/A03-baseline/build/tcp_in.o,
by_pc,2147507812,10,10,20,30,10,0,0,0,0,tcp_receive,/Users/swchen.tw/git/percepio/poc/runs/tcp-workload-matrix-v1/A03-baseline/build/tcp_in.o,
by_pc,2147507816,10,10,20,30,10,0,0,0,0,tcp_receive,/Users/swchen.tw/git/percepio/poc/runs/tcp-workload-matrix-v1/A03-baseline/build/tcp_in.o,
by_pc,2147507836,10,20,40,50,10,10,0,0,0,tcp_receive,/Users/swchen.tw/git/percepio/poc/runs/tcp-workload-matrix-v1/A03-baseline/build/tcp_in.o,
by_pc,2147507840,10,118,236,246,10,10,80,18,0,tcp_receive,/Users/swchen.tw/git/percepio/poc/runs/tcp-workload-matrix-v1/A03-baseline/build/tcp_in.o,
by_pc,2147507844,10,210,420,430,10,10,80,0,110,tcp_receive,/Users/swchen.tw/git/percepio/poc/runs/tcp-workload-matrix-v1/A03-baseline/build/tcp_in.o,
by_pc,2147507848,10,10,20,30,10,0,0,0,0,tcp_receive,/Users/swchen.tw/git/percepio/poc/runs/tcp-workload-matrix-v1/A03-baseline/build/tcp_in.o,
by_pc,2147507850,10,10,20,30,10,0,0,0,0,tcp_receive,/Users/swchen.tw/git/percepio/poc/runs/tcp-workload-matrix-v1/A03-baseline/build/tcp_in.o,
by_pc,2147507852,10,20,40,50,10,10,0,0,0,tcp_receive,/Users/swchen.tw/git/percepio/poc/runs/tcp-workload-matrix-v1/A03-baseline/build/tcp_in.o,
by_pc,2147507854,10,210,420,430,10,10,80,0,110,tcp_receive,/Users/swchen.tw/git/percepio/poc/runs/tcp-workload-matrix-v1/A03-baseline/build/tcp_in.o,
by_pc,2147507858,10,210,420,430,10,10,80,0,110,tcp_receive,/Users/swchen.tw/git/percepio/poc/runs/tcp-workload-matrix-v1/A03-baseline/build/tcp_in.o,
by_pc,2147507860,10,10,20,30,10,0,0,0,0,tcp_receive,/Users/swchen.tw/git/percepio/poc/runs/tcp-workload-matrix-v1/A03-baseline/build/tcp_in.o,
by_pc,2147507862,10,10,20,30,10,0,0,0,0,tcp_receive,/Users/swchen.tw/git/percepio/poc/runs/tcp-workload-matrix-v1/A03-baseline/build/tcp_in.o,
by_pc,2147507866,10,20,40,50,10,10,0,0,0,tcp_receive,/Users/swchen.tw/git/percepio/poc/runs/tcp-workload-matrix-v1/A03-baseline/build/tcp_in.o,
by_pc,2147507870,10,20,40,50,10,10,0,0,0,tcp_receive,/Users/swchen.tw/git/percepio/poc/runs/tcp-workload-matrix-v1/A03-baseline/build/tcp_in.o,
by_pc,2147507874,10,10,20,30,10,0,0,0,0,tcp_receive,/Users/swchen.tw/git/percepio/poc/runs/tcp-workload-matrix-v1/A03-baseline/build/tcp_in.o,
by_pc,2147507876,10,10,20,30,10,0,0,0,0,tcp_receive,/Users/swchen.tw/git/percepio/poc/runs/tcp-workload-matrix-v1/A03-baseline/build/tcp_in.o,
by_pc,2147507878,10,10,20,30,10,0,0,0,0,tcp_receive,/Users/swchen.tw/git/percepio/poc/runs/tcp-workload-matrix-v1/A03-baseline/build/tcp_in.o,
by_pc,2147507880,10,10,20,30,10,0,0,0,0,tcp_receive,/Users/swchen.tw/git/percepio/poc/runs/tcp-workload-matrix-v1/A03-baseline/build/tcp_in.o,
by_pc,2147507884,2,4,8,10,2,2,0,0,0,tcp_receive,/Users/swchen.tw/git/percepio/poc/runs/tcp-workload-matrix-v1/A03-baseline/build/tcp_in.o,
by_pc,2147507888,2,4,8,10,2,2,0,0,0,tcp_receive,/Users/swchen.tw/git/percepio/poc/runs/tcp-workload-matrix-v1/A03-baseline/build/tcp_in.o,
by_pc,2147507892,2,2,4,6,2,0,0,0,0,tcp_receive,/Users/swchen.tw/git/percepio/poc/runs/tcp-workload-matrix-v1/A03-baseline/build/tcp_in.o,
by_pc,2147507894,2,2,4,6,2,0,0,0,0,tcp_receive,/Users/swchen.tw/git/percepio/poc/runs/tcp-workload-matrix-v1/A03-baseline/build/tcp_in.o,
by_pc,2147507896,2,2,4,6,2,0,0,0,0,tcp_receive,/Users/swchen.tw/git/percepio/poc/runs/tcp-workload-matrix-v1/A03-baseline/build/tcp_in.o,
by_pc,2147507900,2,2,4,6,2,0,0,0,0,tcp_receive,/Users/swchen.tw/git/percepio/poc/runs/tcp-workload-matrix-v1/A03-baseline/build/tcp_in.o,
by_pc,2147507902,2,38,76,78,4,0,16,18,0,tcp_receive,/Users/swchen.tw/git/percepio/poc/runs/tcp-workload-matrix-v1/A03-baseline/build/tcp_in.o,
by_pc,2147507906,2,2,4,6,2,0,0,0,0,tcp_receive,/Users/swchen.tw/git/percepio/poc/runs/tcp-workload-matrix-v1/A03-baseline/build/tcp_in.o,
by_pc,2147507908,2,2,4,6,2,0,0,0,0,tcp_receive,/Users/swchen.tw/git/percepio/poc/runs/tcp-workload-matrix-v1/A03-baseline/build/tcp_in.o,
by_pc,2147507910,2,2,4,6,2,0,0,0,0,tcp_receive,/Users/swchen.tw/git/percepio/poc/runs/tcp-workload-matrix-v1/A03-baseline/build/tcp_in.o,
by_pc,2147507912,2,2,4,6,2,0,0,0,0,tcp_receive,/Users/swchen.tw/git/percepio/poc/runs/tcp-workload-matrix-v1/A03-baseline/build/tcp_in.o,
by_pc,2147507916,2,2,4,6,2,0,0,0,0,tcp_receive,/Users/swchen.tw/git/percepio/poc/runs/tcp-workload-matrix-v1/A03-baseline/build/tcp_in.o,
by_pc,2147507918,2,2,4,6,2,0,0,0,0,tcp_receive,/Users/swchen.tw/git/percepio/poc/runs/tcp-workload-matrix-v1/A03-baseline/build/tcp_in.o,
by_pc,2147507922,3,3,6,9,3,0,0,0,0,tcp_receive,/Users/swchen.tw/git/percepio/poc/runs/tcp-workload-matrix-v1/A03-baseline/build/tcp_in.o,
by_pc,2147507924,3,3,6,9,3,0,0,0,0,tcp_receive,/Users/swchen.tw/git/percepio/poc/runs/tcp-workload-matrix-v1/A03-baseline/build/tcp_in.o,
by_pc,2147507926,3,3,6,9,3,0,0,0,0,tcp_receive,/Users/swchen.tw/git/percepio/poc/runs/tcp-workload-matrix-v1/A03-baseline/build/tcp_in.o,
by_pc,2147507932,3,63,126,129,3,3,24,0,33,tcp_receive,/Users/swchen.tw/git/percepio/poc/runs/tcp-workload-matrix-v1/A03-baseline/build/tcp_in.o,
by_pc,2147507936,3,3,6,9,3,0,0,0,0,tcp_receive,/Users/swchen.tw/git/percepio/poc/runs/tcp-workload-matrix-v1/A03-baseline/build/tcp_in.o,
by_pc,2147507960,10,20,40,50,10,10,0,0,0,tcp_receive,/Users/swchen.tw/git/percepio/poc/runs/tcp-workload-matrix-v1/A03-baseline/build/tcp_in.o,
by_pc,2147507962,10,10,20,30,10,0,0,0,0,tcp_receive,/Users/swchen.tw/git/percepio/poc/runs/tcp-workload-matrix-v1/A03-baseline/build/tcp_in.o,
by_pc,2147507964,10,10,20,30,10,0,0,0,0,tcp_receive,/Users/swchen.tw/git/percepio/poc/runs/tcp-workload-matrix-v1/A03-baseline/build/tcp_in.o,
by_pc,2147506700,20,118,236,256,20,0,80,18,0,tcp_free_acked_segments.isra.0,/Users/swchen.tw/git/percepio/poc/runs/tcp-workload-matrix-v1/A03-baseline/build/tcp_in.o,
by_pc,2147506702,20,420,840,860,20,20,160,0,220,tcp_free_acked_segments.isra.0,/Users/swchen.tw/git/percepio/poc/runs/tcp-workload-matrix-v1/A03-baseline/build/tcp_in.o,
by_pc,2147506704,20,420,840,860,20,20,160,0,220,tcp_free_acked_segments.isra.0,/Users/swchen.tw/git/percepio/poc/runs/tcp-workload-matrix-v1/A03-baseline/build/tcp_in.o,
by_pc,2147506706,20,420,840,860,20,20,160,0,220,tcp_free_acked_segments.isra.0,/Users/swchen.tw/git/percepio/poc/runs/tcp-workload-matrix-v1/A03-baseline/build/tcp_in.o,
by_pc,2147506708,20,420,840,860,20,20,160,0,220,tcp_free_acked_segments.isra.0,/Users/swchen.tw/git/percepio/poc/runs/tcp-workload-matrix-v1/A03-baseline/build/tcp_in.o,
by_pc,2147506710,20,420,840,860,20,20,160,0,220,tcp_free_acked_segments.isra.0,/Users/swchen.tw/git/percepio/poc/runs/tcp-workload-matrix-v1/A03-baseline/build/tcp_in.o,
by_pc,2147506712,20,420,840,860,20,20,160,0,220,tcp_free_acked_segments.isra.0,/Users/swchen.tw/git/percepio/poc/runs/tcp-workload-matrix-v1/A03-baseline/build/tcp_in.o,
by_pc,2147506714,20,420,840,860,20,20,160,0,220,tcp_free_acked_segments.isra.0,/Users/swchen.tw/git/percepio/poc/runs/tcp-workload-matrix-v1/A03-baseline/build/tcp_in.o,
by_pc,2147506716,20,20,40,60,20,0,0,0,0,tcp_free_acked_segments.isra.0,/Users/swchen.tw/git/percepio/poc/runs/tcp-workload-matrix-v1/A03-baseline/build/tcp_in.o,
by_pc,2147506718,20,20,40,60,20,0,0,0,0,tcp_free_acked_segments.isra.0,/Users/swchen.tw/git/percepio/poc/runs/tcp-workload-matrix-v1/A03-baseline/build/tcp_in.o,
by_pc,2147506720,30,30,60,90,30,0,0,0,0,tcp_free_acked_segments.isra.0,/Users/swchen.tw/git/percepio/poc/runs/tcp-workload-matrix-v1/A03-baseline/build/tcp_in.o,
by_pc,2147506722,10,20,40,50,10,10,0,0,0,tcp_free_acked_segments.isra.0,/Users/swchen.tw/git/percepio/poc/runs/tcp-workload-matrix-v1/A03-baseline/build/tcp_in.o,
by_pc,2147506724,10,20,40,50,10,10,0,0,0,tcp_free_acked_segments.isra.0,/Users/swchen.tw/git/percepio/poc/runs/tcp-workload-matrix-v1/A03-baseline/build/tcp_in.o,
by_pc,2147506728,10,20,40,50,10,10,0,0,0,tcp_free_acked_segments.isra.0,/Users/swchen.tw/git/percepio/poc/runs/tcp-workload-matrix-v1/A03-baseline/build/tcp_in.o,
by_pc,2147506732,10,20,40,50,10,10,0,0,0,tcp_free_acked_segments.isra.0,/Users/swchen.tw/git/percepio/poc/runs/tcp-workload-matrix-v1/A03-baseline/build/tcp_in.o,
by_pc,2147506736,10,20,40,50,10,10,0,0,0,tcp_free_acked_segments.isra.0,/Users/swchen.tw/git/percepio/poc/runs/tcp-workload-matrix-v1/A03-baseline/build/tcp_in.o,
by_pc,2147506740,10,10,20,30,10,0,0,0,0,tcp_free_acked_segments.isra.0,/Users/swchen.tw/git/percepio/poc/runs/tcp-workload-matrix-v1/A03-baseline/build/tcp_in.o,
by_pc,2147506742,10,10,20,30,10,0,0,0,0,tcp_free_acked_segments.isra.0,/Users/swchen.tw/git/percepio/poc/runs/tcp-workload-matrix-v1/A03-baseline/build/tcp_in.o,
by_pc,2147506744,10,20,40,50,10,10,0,0,0,tcp_free_acked_segments.isra.0,/Users/swchen.tw/git/percepio/poc/runs/tcp-workload-matrix-v1/A03-baseline/build/tcp_in.o,
by_pc,2147506748,10,10,20,30,10,0,0,0,0,tcp_free_acked_segments.isra.0,/Users/swchen.tw/git/percepio/poc/runs/tcp-workload-matrix-v1/A03-baseline/build/tcp_in.o,
by_pc,2147506750,10,10,20,30,10,0,0,0,0,tcp_free_acked_segments.isra.0,/Users/swchen.tw/git/percepio/poc/runs/tcp-workload-matrix-v1/A03-baseline/build/tcp_in.o,
by_pc,2147506752,10,60,120,130,10,0,32,18,0,tcp_free_acked_segments.isra.0,/Users/swchen.tw/git/percepio/poc/runs/tcp-workload-matrix-v1/A03-baseline/build/tcp_in.o,
by_pc,2147506754,10,10,20,30,10,0,0,0,0,tcp_free_acked_segments.isra.0,/Users/swchen.tw/git/percepio/poc/runs/tcp-workload-matrix-v1/A03-baseline/build/tcp_in.o,
by_pc,2147506756,10,10,20,30,10,0,0,0,0,tcp_free_acked_segments.isra.0,/Users/swchen.tw/git/percepio/poc/runs/tcp-workload-matrix-v1/A03-baseline/build/tcp_in.o,
by_pc,2147506760,10,20,40,50,10,10,0,0,0,tcp_free_acked_segments.isra.0,/Users/swchen.tw/git/percepio/poc/runs/tcp-workload-matrix-v1/A03-baseline/build/tcp_in.o,
by_pc,2147506762,10,10,20,30,10,0,0,0,0,tcp_free_acked_segments.isra.0,/Users/swchen.tw/git/percepio/poc/runs/tcp-workload-matrix-v1/A03-baseline/build/tcp_in.o,
by_pc,2147506764,10,20,40,50,10,10,0,0,0,tcp_free_acked_segments.isra.0,/Users/swchen.tw/git/percepio/poc/runs/tcp-workload-matrix-v1/A03-baseline/build/tcp_in.o,
by_pc,2147506768,10,20,40,50,10,10,0,0,0,tcp_free_acked_segments.isra.0,/Users/swchen.tw/git/percepio/poc/runs/tcp-workload-matrix-v1/A03-baseline/build/tcp_in.o,
by_pc,2147506772,10,20,40,50,10,10,0,0,0,tcp_free_acked_segments.isra.0,/Users/swchen.tw/git/percepio/poc/runs/tcp-workload-matrix-v1/A03-baseline/build/tcp_in.o,
by_pc,2147506776,10,10,20,30,10,0,0,0,0,tcp_free_acked_segments.isra.0,/Users/swchen.tw/git/percepio/poc/runs/tcp-workload-matrix-v1/A03-baseline/build/tcp_in.o,
by_pc,2147506780,10,10,20,30,10,0,0,0,0,tcp_free_acked_segments.isra.0,/Users/swchen.tw/git/percepio/poc/runs/tcp-workload-matrix-v1/A03-baseline/build/tcp_in.o,
by_pc,2147506784,10,10,20,30,10,0,0,0,0,tcp_free_acked_segments.isra.0,/Users/swchen.tw/git/percepio/poc/runs/tcp-workload-matrix-v1/A03-baseline/build/tcp_in.o,
by_pc,2147506786,10,10,20,30,10,0,0,0,0,tcp_free_acked_segments.isra.0,/Users/swchen.tw/git/percepio/poc/runs/tcp-workload-matrix-v1/A03-baseline/build/tcp_in.o,
by_pc,2147506788,10,10,20,30,10,0,0,0,0,tcp_free_acked_segments.isra.0,/Users/swchen.tw/git/percepio/poc/runs/tcp-workload-matrix-v1/A03-baseline/build/tcp_in.o,
by_pc,2147506792,10,10,20,30,10,0,0,0,0,tcp_free_acked_segments.isra.0,/Users/swchen.tw/git/percepio/poc/runs/tcp-workload-matrix-v1/A03-baseline/build/tcp_in.o,
by_pc,2147506794,10,10,20,30,10,0,0,0,0,tcp_free_acked_segments.isra.0,/Users/swchen.tw/git/percepio/poc/runs/tcp-workload-matrix-v1/A03-baseline/build/tcp_in.o,
by_pc,2147506798,10,10,20,30,10,0,0,0,0,tcp_free_acked_segments.isra.0,/Users/swchen.tw/git/percepio/poc/runs/tcp-workload-matrix-v1/A03-baseline/build/tcp_in.o,
by_pc,2147506800,10,10,20,30,10,0,0,0,0,tcp_free_acked_segments.isra.0,/Users/swchen.tw/git/percepio/poc/runs/tcp-workload-matrix-v1/A03-baseline/build/tcp_in.o,
by_pc,2147506824,10,20,40,50,10,10,0,0,0,tcp_free_acked_segments.isra.0,/Users/swchen.tw/git/percepio/poc/runs/tcp-workload-matrix-v1/A03-baseline/build/tcp_in.o,
by_pc,2147506826,10,20,40,50,10,10,0,0,0,tcp_free_acked_segments.isra.0,/Users/swchen.tw/git/percepio/poc/runs/tcp-workload-matrix-v1/A03-baseline/build/tcp_in.o,
by_pc,2147506828,10,10,20,30,10,0,0,0,0,tcp_free_acked_segments.isra.0,/Users/swchen.tw/git/percepio/poc/runs/tcp-workload-matrix-v1/A03-baseline/build/tcp_in.o,
by_pc,2147506832,10,20,40,50,10,10,0,0,0,tcp_free_acked_segments.isra.0,/Users/swchen.tw/git/percepio/poc/runs/tcp-workload-matrix-v1/A03-baseline/build/tcp_in.o,
by_pc,2147506836,10,20,40,50,10,10,0,0,0,tcp_free_acked_segments.isra.0,/Users/swchen.tw/git/percepio/poc/runs/tcp-workload-matrix-v1/A03-baseline/build/tcp_in.o,
by_pc,2147506840,10,10,20,30,10,0,0,0,0,tcp_free_acked_segments.isra.0,/Users/swchen.tw/git/percepio/poc/runs/tcp-workload-matrix-v1/A03-baseline/build/tcp_in.o,
by_pc,2147506842,10,210,420,430,10,10,80,0,110,tcp_free_acked_segments.isra.0,/Users/swchen.tw/git/percepio/poc/runs/tcp-workload-matrix-v1/A03-baseline/build/tcp_in.o,
by_pc,2147506846,10,20,40,50,10,10,0,0,0,tcp_free_acked_segments.isra.0,/Users/swchen.tw/git/percepio/poc/runs/tcp-workload-matrix-v1/A03-baseline/build/tcp_in.o,
by_pc,2147506850,10,10,20,30,10,0,0,0,0,tcp_free_acked_segments.isra.0,/Users/swchen.tw/git/percepio/poc/runs/tcp-workload-matrix-v1/A03-baseline/build/tcp_in.o,
by_pc,2147506852,10,10,20,30,10,0,0,0,0,tcp_free_acked_segments.isra.0,/Users/swchen.tw/git/percepio/poc/runs/tcp-workload-matrix-v1/A03-baseline/build/tcp_in.o,
by_pc,2147506854,10,10,20,30,10,0,0,0,0,tcp_free_acked_segments.isra.0,/Users/swchen.tw/git/percepio/poc/runs/tcp-workload-matrix-v1/A03-baseline/build/tcp_in.o,
by_pc,2147506856,10,210,420,430,10,10,80,0,110,tcp_free_acked_segments.isra.0,/Users/swchen.tw/git/percepio/poc/runs/tcp-workload-matrix-v1/A03-baseline/build/tcp_in.o,
by_pc,2147506860,10,10,20,30,10,0,0,0,0,tcp_free_acked_segments.isra.0,/Users/swchen.tw/git/percepio/poc/runs/tcp-workload-matrix-v1/A03-baseline/build/tcp_in.o,
by_pc,2147503344,10,68,136,146,10,0,40,18,0,tcp_seg_free,/Users/swchen.tw/git/percepio/poc/runs/tcp-workload-matrix-v1/A03-baseline/build/tcp.o,
by_pc,2147503346,10,10,20,30,10,0,0,0,0,tcp_seg_free,/Users/swchen.tw/git/percepio/poc/runs/tcp-workload-matrix-v1/A03-baseline/build/tcp.o,
by_pc,2147503348,10,20,40,50,10,10,0,0,0,tcp_seg_free,/Users/swchen.tw/git/percepio/poc/runs/tcp-workload-matrix-v1/A03-baseline/build/tcp.o,
by_pc,2147503350,10,10,20,30,10,0,0,0,0,tcp_seg_free,/Users/swchen.tw/git/percepio/poc/runs/tcp-workload-matrix-v1/A03-baseline/build/tcp.o,
by_pc,2147503352,10,10,20,30,10,0,0,0,0,tcp_seg_free,/Users/swchen.tw/git/percepio/poc/runs/tcp-workload-matrix-v1/A03-baseline/build/tcp.o,
by_pc,2147503354,10,210,420,430,10,10,80,0,110,tcp_seg_free,/Users/swchen.tw/git/percepio/poc/runs/tcp-workload-matrix-v1/A03-baseline/build/tcp.o,
by_pc,2147503356,10,210,420,430,10,10,80,0,110,tcp_seg_free,/Users/swchen.tw/git/percepio/poc/runs/tcp-workload-matrix-v1/A03-baseline/build/tcp.o,
by_pc,2147503358,10,118,236,246,20,0,80,18,0,tcp_seg_free,/Users/swchen.tw/git/percepio/poc/runs/tcp-workload-matrix-v1/A03-baseline/build/tcp.o,
by_pc,2147500228,11,11,22,33,11,0,0,0,0,mem_free,/Users/swchen.tw/git/percepio/poc/runs/tcp-workload-matrix-v1/A03-baseline/build/mem.o,
by_pc,2147500230,11,22,44,55,11,11,0,0,0,mem_free,/Users/swchen.tw/git/percepio/poc/runs/tcp-workload-matrix-v1/A03-baseline/build/mem.o,
by_pc,2147500234,11,11,22,33,11,0,0,0,0,mem_free,/Users/swchen.tw/git/percepio/poc/runs/tcp-workload-matrix-v1/A03-baseline/build/mem.o,
by_pc,2147500238,11,11,22,33,11,0,0,0,0,mem_free,/Users/swchen.tw/git/percepio/poc/runs/tcp-workload-matrix-v1/A03-baseline/build/mem.o,
by_pc,2147500142,14,14,28,42,14,0,0,0,0,mem_free,/Users/swchen.tw/git/percepio/poc/runs/tcp-workload-matrix-v1/A03-baseline/build/mem.o,
by_pc,2147500146,14,28,56,70,14,14,0,0,0,mem_free,/Users/swchen.tw/git/percepio/poc/runs/tcp-workload-matrix-v1/A03-baseline/build/mem.o,
by_pc,2147500150,14,14,28,42,14,0,0,0,0,mem_free,/Users/swchen.tw/git/percepio/poc/runs/tcp-workload-matrix-v1/A03-baseline/build/mem.o,
by_pc,2147500156,14,28,56,70,14,14,0,0,0,mem_free,/Users/swchen.tw/git/percepio/poc/runs/tcp-workload-matrix-v1/A03-baseline/build/mem.o,
by_pc,2147500160,14,14,28,42,14,0,0,0,0,mem_free,/Users/swchen.tw/git/percepio/poc/runs/tcp-workload-matrix-v1/A03-baseline/build/mem.o,
by_pc,2147500162,14,294,588,602,14,14,112,0,154,mem_free,/Users/swchen.tw/git/percepio/poc/runs/tcp-workload-matrix-v1/A03-baseline/build/mem.o,
by_pc,2147500166,14,14,28,42,14,0,0,0,0,mem_free,/Users/swchen.tw/git/percepio/poc/runs/tcp-workload-matrix-v1/A03-baseline/build/mem.o,
by_pc,2147500188,11,22,44,55,11,11,0,0,0,mem_free,/Users/swchen.tw/git/percepio/poc/runs/tcp-workload-matrix-v1/A03-baseline/build/mem.o,
by_pc,2147500192,11,11,22,33,11,0,0,0,0,mem_free,/Users/swchen.tw/git/percepio/poc/runs/tcp-workload-matrix-v1/A03-baseline/build/mem.o,
by_pc,2147503362,10,20,40,50,10,10,0,0,0,tcp_seg_free,/Users/swchen.tw/git/percepio/poc/runs/tcp-workload-matrix-v1/A03-baseline/build/tcp.o,
by_pc,2147503364,10,20,40,50,10,10,0,0,0,tcp_seg_free,/Users/swchen.tw/git/percepio/poc/runs/tcp-workload-matrix-v1/A03-baseline/build/tcp.o,
by_pc,2147503366,10,10,20,30,10,0,0,0,0,tcp_seg_free,/Users/swchen.tw/git/percepio/poc/runs/tcp-workload-matrix-v1/A03-baseline/build/tcp.o,
by_pc,2147503368,10,10,20,30,10,0,0,0,0,tcp_seg_free,/Users/swchen.tw/git/percepio/poc/runs/tcp-workload-matrix-v1/A03-baseline/build/tcp.o,
by_pc,2147503370,10,10,20,30,10,0,0,0,0,tcp_seg_free,/Users/swchen.tw/git/percepio/poc/runs/tcp-workload-matrix-v1/A03-baseline/build/tcp.o,
by_pc,2147506864,10,10,20,30,10,0,0,0,0,tcp_free_acked_segments.isra.0,/Users/swchen.tw/git/percepio/poc/runs/tcp-workload-matrix-v1/A03-baseline/build/tcp_in.o,
by_pc,2147506804,20,40,80,100,20,20,0,0,0,tcp_free_acked_segments.isra.0,/Users/swchen.tw/git/percepio/poc/runs/tcp-workload-matrix-v1/A03-baseline/build/tcp_in.o,
by_pc,2147506806,20,20,40,60,20,0,0,0,0,tcp_free_acked_segments.isra.0,/Users/swchen.tw/git/percepio/poc/runs/tcp-workload-matrix-v1/A03-baseline/build/tcp_in.o,
by_pc,2147506808,20,40,80,100,20,20,0,0,0,tcp_free_acked_segments.isra.0,/Users/swchen.tw/git/percepio/poc/runs/tcp-workload-matrix-v1/A03-baseline/build/tcp_in.o,
by_pc,2147506810,20,40,80,100,20,20,0,0,0,tcp_free_acked_segments.isra.0,/Users/swchen.tw/git/percepio/poc/runs/tcp-workload-matrix-v1/A03-baseline/build/tcp_in.o,
by_pc,2147506812,20,40,80,100,20,20,0,0,0,tcp_free_acked_segments.isra.0,/Users/swchen.tw/git/percepio/poc/runs/tcp-workload-matrix-v1/A03-baseline/build/tcp_in.o,
by_pc,2147506814,20,40,80,100,20,20,0,0,0,tcp_free_acked_segments.isra.0,/Users/swchen.tw/git/percepio/poc/runs/tcp-workload-matrix-v1/A03-baseline/build/tcp_in.o,
by_pc,2147506816,20,40,80,100,20,20,0,0,0,tcp_free_acked_segments.isra.0,/Users/swchen.tw/git/percepio/poc/runs/tcp-workload-matrix-v1/A03-baseline/build/tcp_in.o,
by_pc,2147506818,20,40,80,100,20,20,0,0,0,tcp_free_acked_segments.isra.0,/Users/swchen.tw/git/percepio/poc/runs/tcp-workload-matrix-v1/A03-baseline/build/tcp_in.o,
by_pc,2147506820,20,20,40,60,20,0,0,0,0,tcp_free_acked_segments.isra.0,/Users/swchen.tw/git/percepio/poc/runs/tcp-workload-matrix-v1/A03-baseline/build/tcp_in.o,
by_pc,2147506822,20,20,40,60,20,0,0,0,0,tcp_free_acked_segments.isra.0,/Users/swchen.tw/git/percepio/poc/runs/tcp-workload-matrix-v1/A03-baseline/build/tcp_in.o,
by_pc,2147507968,10,118,236,246,10,10,80,18,0,tcp_receive,/Users/swchen.tw/git/percepio/poc/runs/tcp-workload-matrix-v1/A03-baseline/build/tcp_in.o,
by_pc,2147507970,10,210,420,430,10,10,80,0,110,tcp_receive,/Users/swchen.tw/git/percepio/poc/runs/tcp-workload-matrix-v1/A03-baseline/build/tcp_in.o,
by_pc,2147507972,10,10,20,30,10,0,0,0,0,tcp_receive,/Users/swchen.tw/git/percepio/poc/runs/tcp-workload-matrix-v1/A03-baseline/build/tcp_in.o,
by_pc,2147507974,10,10,20,30,10,0,0,0,0,tcp_receive,/Users/swchen.tw/git/percepio/poc/runs/tcp-workload-matrix-v1/A03-baseline/build/tcp_in.o,
by_pc,2147507978,10,20,40,50,10,10,0,0,0,tcp_receive,/Users/swchen.tw/git/percepio/poc/runs/tcp-workload-matrix-v1/A03-baseline/build/tcp_in.o,
by_pc,2147507980,10,20,40,50,10,10,0,0,0,tcp_receive,/Users/swchen.tw/git/percepio/poc/runs/tcp-workload-matrix-v1/A03-baseline/build/tcp_in.o,
by_pc,2147507984,10,210,420,430,10,10,80,0,110,tcp_receive,/Users/swchen.tw/git/percepio/poc/runs/tcp-workload-matrix-v1/A03-baseline/build/tcp_in.o,
by_pc,2147507986,10,10,20,30,10,0,0,0,0,tcp_receive,/Users/swchen.tw/git/percepio/poc/runs/tcp-workload-matrix-v1/A03-baseline/build/tcp_in.o,
by_pc,2147507990,10,10,20,30,10,0,0,0,0,tcp_receive,/Users/swchen.tw/git/percepio/poc/runs/tcp-workload-matrix-v1/A03-baseline/build/tcp_in.o,
by_pc,2147507994,10,210,420,430,10,10,80,0,110,tcp_receive,/Users/swchen.tw/git/percepio/poc/runs/tcp-workload-matrix-v1/A03-baseline/build/tcp_in.o,
by_pc,2147507998,10,20,40,50,10,10,0,0,0,tcp_receive,/Users/swchen.tw/git/percepio/poc/runs/tcp-workload-matrix-v1/A03-baseline/build/tcp_in.o,
by_pc,2147508002,10,210,420,430,10,10,80,0,110,tcp_receive,/Users/swchen.tw/git/percepio/poc/runs/tcp-workload-matrix-v1/A03-baseline/build/tcp_in.o,
by_pc,2147508006,10,10,20,30,10,0,0,0,0,tcp_receive,/Users/swchen.tw/git/percepio/poc/runs/tcp-workload-matrix-v1/A03-baseline/build/tcp_in.o,
by_pc,2147508008,10,210,420,430,10,10,80,0,110,tcp_receive,/Users/swchen.tw/git/percepio/poc/runs/tcp-workload-matrix-v1/A03-baseline/build/tcp_in.o,
by_pc,2147508012,10,20,40,50,10,10,0,0,0,tcp_receive,/Users/swchen.tw/git/percepio/poc/runs/tcp-workload-matrix-v1/A03-baseline/build/tcp_in.o,
by_pc,2147508016,10,10,20,30,10,0,0,0,0,tcp_receive,/Users/swchen.tw/git/percepio/poc/runs/tcp-workload-matrix-v1/A03-baseline/build/tcp_in.o,
by_pc,2147508020,10,10,20,30,10,0,0,0,0,tcp_receive,/Users/swchen.tw/git/percepio/poc/runs/tcp-workload-matrix-v1/A03-baseline/build/tcp_in.o,
by_pc,2147507112,13,60,120,133,13,13,16,18,0,tcp_receive,/Users/swchen.tw/git/percepio/poc/runs/tcp-workload-matrix-v1/A03-baseline/build/tcp_in.o,
by_pc,2147507114,13,13,26,39,13,0,0,0,0,tcp_receive,/Users/swchen.tw/git/percepio/poc/runs/tcp-workload-matrix-v1/A03-baseline/build/tcp_in.o,
by_pc,2147507196,13,76,152,165,13,13,32,18,0,tcp_receive,/Users/swchen.tw/git/percepio/poc/runs/tcp-workload-matrix-v1/A03-baseline/build/tcp_in.o,
by_pc,2147507200,13,132,264,277,13,13,88,18,0,tcp_receive,/Users/swchen.tw/git/percepio/poc/runs/tcp-workload-matrix-v1/A03-baseline/build/tcp_in.o,
by_pc,2147507204,13,26,52,65,13,13,0,0,0,tcp_receive,/Users/swchen.tw/git/percepio/poc/runs/tcp-workload-matrix-v1/A03-baseline/build/tcp_in.o,
by_pc,2147507206,13,13,26,39,13,0,0,0,0,tcp_receive,/Users/swchen.tw/git/percepio/poc/runs/tcp-workload-matrix-v1/A03-baseline/build/tcp_in.o,
by_pc,2147509252,10,10,20,30,10,0,0,0,0,tcp_receive,/Users/swchen.tw/git/percepio/poc/runs/tcp-workload-matrix-v1/A03-baseline/build/tcp_in.o,
by_pc,2147509256,10,10,20,30,10,0,0,0,0,tcp_receive,/Users/swchen.tw/git/percepio/poc/runs/tcp-workload-matrix-v1/A03-baseline/build/tcp_in.o,
by_pc,2147509260,10,10,20,30,10,0,0,0,0,tcp_receive,/Users/swchen.tw/git/percepio/poc/runs/tcp-workload-matrix-v1/A03-baseline/build/tcp_in.o,
by_pc,2147509262,10,20,40,50,10,10,0,0,0,tcp_receive,/Users/swchen.tw/git/percepio/poc/runs/tcp-workload-matrix-v1/A03-baseline/build/tcp_in.o,
by_pc,2147509266,10,10,20,30,10,0,0,0,0,tcp_receive,/Users/swchen.tw/git/percepio/poc/runs/tcp-workload-matrix-v1/A03-baseline/build/tcp_in.o,
by_pc,2147509268,10,10,20,30,10,0,0,0,0,tcp_receive,/Users/swchen.tw/git/percepio/poc/runs/tcp-workload-matrix-v1/A03-baseline/build/tcp_in.o,
by_pc,2147509270,10,10,20,30,10,0,0,0,0,tcp_receive,/Users/swchen.tw/git/percepio/poc/runs/tcp-workload-matrix-v1/A03-baseline/build/tcp_in.o,
by_pc,2147508628,13,124,248,261,13,13,80,18,0,tcp_receive,/Users/swchen.tw/git/percepio/poc/runs/tcp-workload-matrix-v1/A03-baseline/build/tcp_in.o,
by_pc,2147508630,13,26,52,65,13,13,0,0,0,tcp_receive,/Users/swchen.tw/git/percepio/poc/runs/tcp-workload-matrix-v1/A03-baseline/build/tcp_in.o,
by_pc,2147508632,13,26,52,65,13,13,0,0,0,tcp_receive,/Users/swchen.tw/git/percepio/poc/runs/tcp-workload-matrix-v1/A03-baseline/build/tcp_in.o,
by_pc,2147508634,13,26,52,65,13,13,0,0,0,tcp_receive,/Users/swchen.tw/git/percepio/poc/runs/tcp-workload-matrix-v1/A03-baseline/build/tcp_in.o,
by_pc,2147508636,13,26,52,65,13,13,0,0,0,tcp_receive,/Users/swchen.tw/git/percepio/poc/runs/tcp-workload-matrix-v1/A03-baseline/build/tcp_in.o,
by_pc,2147508638,13,26,52,65,13,13,0,0,0,tcp_receive,/Users/swchen.tw/git/percepio/poc/runs/tcp-workload-matrix-v1/A03-baseline/build/tcp_in.o,
by_pc,2147508640,13,26,52,65,13,13,0,0,0,tcp_receive,/Users/swchen.tw/git/percepio/poc/runs/tcp-workload-matrix-v1/A03-baseline/build/tcp_in.o,
by_pc,2147508642,13,26,52,65,13,13,0,0,0,tcp_receive,/Users/swchen.tw/git/percepio/poc/runs/tcp-workload-matrix-v1/A03-baseline/build/tcp_in.o,
by_pc,2147508644,13,13,26,39,13,0,0,0,0,tcp_receive,/Users/swchen.tw/git/percepio/poc/runs/tcp-workload-matrix-v1/A03-baseline/build/tcp_in.o,
by_pc,2147508646,13,13,26,39,13,0,0,0,0,tcp_receive,/Users/swchen.tw/git/percepio/poc/runs/tcp-workload-matrix-v1/A03-baseline/build/tcp_in.o,
by_pc,2147511648,1,2,4,5,1,1,0,0,0,tcp_input,/Users/swchen.tw/git/percepio/poc/runs/tcp-workload-matrix-v1/A03-baseline/build/tcp_in.o,
by_pc,2147511652,1,1,2,3,1,0,0,0,0,tcp_input,/Users/swchen.tw/git/percepio/poc/runs/tcp-workload-matrix-v1/A03-baseline/build/tcp_in.o,
by_pc,2147511660,1,2,4,5,1,1,0,0,0,tcp_input,/Users/swchen.tw/git/percepio/poc/runs/tcp-workload-matrix-v1/A03-baseline/build/tcp_in.o,
by_pc,2147511664,1,1,2,3,1,0,0,0,0,tcp_input,/Users/swchen.tw/git/percepio/poc/runs/tcp-workload-matrix-v1/A03-baseline/build/tcp_in.o,
by_pc,2147511666,1,1,2,3,1,0,0,0,0,tcp_input,/Users/swchen.tw/git/percepio/poc/runs/tcp-workload-matrix-v1/A03-baseline/build/tcp_in.o,
by_pc,2147511670,1,1,2,3,1,0,0,0,0,tcp_input,/Users/swchen.tw/git/percepio/poc/runs/tcp-workload-matrix-v1/A03-baseline/build/tcp_in.o,
by_pc,2147511674,1,1,2,3,1,0,0,0,0,tcp_input,/Users/swchen.tw/git/percepio/poc/runs/tcp-workload-matrix-v1/A03-baseline/build/tcp_in.o,
by_pc,2147511676,1,1,2,3,1,0,0,0,0,tcp_input,/Users/swchen.tw/git/percepio/poc/runs/tcp-workload-matrix-v1/A03-baseline/build/tcp_in.o,
by_pc,2147511678,1,28,56,57,2,0,8,18,0,tcp_input,/Users/swchen.tw/git/percepio/poc/runs/tcp-workload-matrix-v1/A03-baseline/build/tcp_in.o,
by_pc,2147511682,1,1,2,3,1,0,0,0,0,tcp_input,/Users/swchen.tw/git/percepio/poc/runs/tcp-workload-matrix-v1/A03-baseline/build/tcp_in.o,
by_pc,2147511684,1,1,2,3,1,0,0,0,0,tcp_input,/Users/swchen.tw/git/percepio/poc/runs/tcp-workload-matrix-v1/A03-baseline/build/tcp_in.o,
by_pc,2147511688,1,1,2,3,1,0,0,0,0,tcp_input,/Users/swchen.tw/git/percepio/poc/runs/tcp-workload-matrix-v1/A03-baseline/build/tcp_in.o,
by_pc,2147511690,1,1,2,3,1,0,0,0,0,tcp_input,/Users/swchen.tw/git/percepio/poc/runs/tcp-workload-matrix-v1/A03-baseline/build/tcp_in.o,
by_pc,2147511694,1,1,2,3,1,0,0,0,0,tcp_input,/Users/swchen.tw/git/percepio/poc/runs/tcp-workload-matrix-v1/A03-baseline/build/tcp_in.o,
by_pc,2147511700,1,21,42,43,1,1,8,0,11,tcp_input,/Users/swchen.tw/git/percepio/poc/runs/tcp-workload-matrix-v1/A03-baseline/build/tcp_in.o,
by_pc,2147511704,12,112,224,236,12,12,88,0,0,tcp_input,/Users/swchen.tw/git/percepio/poc/runs/tcp-workload-matrix-v1/A03-baseline/build/tcp_in.o,
by_pc,2147511708,12,12,24,36,12,0,0,0,0,tcp_input,/Users/swchen.tw/git/percepio/poc/runs/tcp-workload-matrix-v1/A03-baseline/build/tcp_in.o,
by_pc,2147511712,12,12,24,36,12,0,0,0,0,tcp_input,/Users/swchen.tw/git/percepio/poc/runs/tcp-workload-matrix-v1/A03-baseline/build/tcp_in.o,
by_pc,2147511112,13,68,136,149,13,13,24,18,0,tcp_input,/Users/swchen.tw/git/percepio/poc/runs/tcp-workload-matrix-v1/A03-baseline/build/tcp_in.o,
by_pc,2147511116,13,13,26,39,13,0,0,0,0,tcp_input,/Users/swchen.tw/git/percepio/poc/runs/tcp-workload-matrix-v1/A03-baseline/build/tcp_in.o,
by_pc,2147511118,13,13,26,39,13,0,0,0,0,tcp_input,/Users/swchen.tw/git/percepio/poc/runs/tcp-workload-matrix-v1/A03-baseline/build/tcp_in.o,
by_pc,2147512114,13,116,232,245,13,13,72,18,0,tcp_input,/Users/swchen.tw/git/percepio/poc/runs/tcp-workload-matrix-v1/A03-baseline/build/tcp_in.o,
by_pc,2147512118,13,13,26,39,13,0,0,0,0,tcp_input,/Users/swchen.tw/git/percepio/poc/runs/tcp-workload-matrix-v1/A03-baseline/build/tcp_in.o,
by_pc,2147512130,13,47,94,107,13,0,16,18,0,tcp_input,/Users/swchen.tw/git/percepio/poc/runs/tcp-workload-matrix-v1/A03-baseline/build/tcp_in.o,
by_pc,2147512132,13,13,26,39,13,0,0,0,0,tcp_input,/Users/swchen.tw/git/percepio/poc/runs/tcp-workload-matrix-v1/A03-baseline/build/tcp_in.o,
by_pc,2147506634,25,154,308,333,25,25,104,0,0,tcp_input_delayed_close,/Users/swchen.tw/git/percepio/poc/runs/tcp-workload-matrix-v1/A03-baseline/build/tcp_in.o,
by_pc,2147506638,25,25,50,75,25,0,0,0,0,tcp_input_delayed_close,/Users/swchen.tw/git/percepio/poc/runs/tcp-workload-matrix-v1/A03-baseline/build/tcp_in.o,
by_pc,2147506640,25,25,50,75,25,0,0,0,0,tcp_input_delayed_close,/Users/swchen.tw/git/percepio/poc/runs/tcp-workload-matrix-v1/A03-baseline/build/tcp_in.o,
by_pc,2147506696,24,48,96,120,24,0,24,0,0,tcp_input_delayed_close,/Users/swchen.tw/git/percepio/poc/runs/tcp-workload-matrix-v1/A03-baseline/build/tcp_in.o,
by_pc,2147506698,24,24,48,72,24,0,0,0,0,tcp_input_delayed_close,/Users/swchen.tw/git/percepio/poc/runs/tcp-workload-matrix-v1/A03-baseline/build/tcp_in.o,
by_pc,2147512136,13,13,26,39,13,0,0,0,0,tcp_input,/Users/swchen.tw/git/percepio/poc/runs/tcp-workload-matrix-v1/A03-baseline/build/tcp_in.o,
by_pc,2147512140,12,12,24,36,12,0,0,0,0,tcp_input,/Users/swchen.tw/git/percepio/poc/runs/tcp-workload-matrix-v1/A03-baseline/build/tcp_in.o,
by_pc,2147512144,12,24,48,60,12,12,0,0,0,tcp_input,/Users/swchen.tw/git/percepio/poc/runs/tcp-workload-matrix-v1/A03-baseline/build/tcp_in.o,
by_pc,2147512146,12,12,24,36,12,0,0,0,0,tcp_input,/Users/swchen.tw/git/percepio/poc/runs/tcp-workload-matrix-v1/A03-baseline/build/tcp_in.o,
by_pc,2147512206,12,140,280,292,12,12,80,36,0,tcp_input,/Users/swchen.tw/git/percepio/poc/runs/tcp-workload-matrix-v1/A03-baseline/build/tcp_in.o,
by_pc,2147512210,12,12,24,36,12,0,0,0,0,tcp_input,/Users/swchen.tw/git/percepio/poc/runs/tcp-workload-matrix-v1/A03-baseline/build/tcp_in.o,
by_pc,2147512214,12,12,24,36,12,0,0,0,0,tcp_input,/Users/swchen.tw/git/percepio/poc/runs/tcp-workload-matrix-v1/A03-baseline/build/tcp_in.o,
by_pc,2147512232,12,12,24,36,12,0,0,0,0,tcp_input,/Users/swchen.tw/git/percepio/poc/runs/tcp-workload-matrix-v1/A03-baseline/build/tcp_in.o,
by_pc,2147512234,12,252,504,516,12,12,96,0,132,tcp_input,/Users/swchen.tw/git/percepio/poc/runs/tcp-workload-matrix-v1/A03-baseline/build/tcp_in.o,
by_pc,2147512238,12,12,24,36,12,0,0,0,0,tcp_input,/Users/swchen.tw/git/percepio/poc/runs/tcp-workload-matrix-v1/A03-baseline/build/tcp_in.o,
by_pc,2147512242,12,12,24,36,12,0,0,0,0,tcp_input,/Users/swchen.tw/git/percepio/poc/runs/tcp-workload-matrix-v1/A03-baseline/build/tcp_in.o,
by_pc,2147512246,12,12,24,36,12,0,0,0,0,tcp_input,/Users/swchen.tw/git/percepio/poc/runs/tcp-workload-matrix-v1/A03-baseline/build/tcp_in.o,
by_pc,2147512248,12,12,24,36,12,0,0,0,0,tcp_input,/Users/swchen.tw/git/percepio/poc/runs/tcp-workload-matrix-v1/A03-baseline/build/tcp_in.o,
by_pc,2147515392,14,100,200,214,14,14,72,0,0,tcp_output,/Users/swchen.tw/git/percepio/poc/runs/tcp-workload-matrix-v1/A03-baseline/build/tcp_out.o,
by_pc,2147515396,14,14,28,42,14,0,0,0,0,tcp_output,/Users/swchen.tw/git/percepio/poc/runs/tcp-workload-matrix-v1/A03-baseline/build/tcp_out.o,
by_pc,2147515398,14,14,28,42,14,0,0,0,0,tcp_output,/Users/swchen.tw/git/percepio/poc/runs/tcp-workload-matrix-v1/A03-baseline/build/tcp_out.o,
by_pc,2147512252,12,12,24,36,12,0,0,0,0,tcp_input,/Users/swchen.tw/git/percepio/poc/runs/tcp-workload-matrix-v1/A03-baseline/build/tcp_in.o,
by_pc,2147510322,13,166,332,345,13,13,104,36,0,tcp_input,/Users/swchen.tw/git/percepio/poc/runs/tcp-workload-matrix-v1/A03-baseline/build/tcp_in.o,
by_pc,2147510326,13,273,546,559,13,13,104,0,143,tcp_input,/Users/swchen.tw/git/percepio/poc/runs/tcp-workload-matrix-v1/A03-baseline/build/tcp_in.o,
by_pc,2147510330,13,273,546,559,13,13,104,0,143,tcp_input,/Users/swchen.tw/git/percepio/poc/runs/tcp-workload-matrix-v1/A03-baseline/build/tcp_in.o,
by_pc,2147510334,13,13,26,39,13,0,0,0,0,tcp_input,/Users/swchen.tw/git/percepio/poc/runs/tcp-workload-matrix-v1/A03-baseline/build/tcp_in.o,
by_pc,2147510336,11,11,22,33,11,0,0,0,0,tcp_input,/Users/swchen.tw/git/percepio/poc/runs/tcp-workload-matrix-v1/A03-baseline/build/tcp_in.o,
by_pc,2147510340,11,11,22,33,11,0,0,0,0,tcp_input,/Users/swchen.tw/git/percepio/poc/runs/tcp-workload-matrix-v1/A03-baseline/build/tcp_in.o,
by_pc,2147510344,11,231,462,473,11,11,88,0,121,tcp_input,/Users/swchen.tw/git/percepio/poc/runs/tcp-workload-matrix-v1/A03-baseline/build/tcp_in.o,
by_pc,2147510348,13,26,52,65,13,13,0,0,0,tcp_input,/Users/swchen.tw/git/percepio/poc/runs/tcp-workload-matrix-v1/A03-baseline/build/tcp_in.o,
by_pc,2147510350,13,26,52,65,13,13,0,0,0,tcp_input,/Users/swchen.tw/git/percepio/poc/runs/tcp-workload-matrix-v1/A03-baseline/build/tcp_in.o,
by_pc,2147510352,13,26,52,65,13,13,0,0,0,tcp_input,/Users/swchen.tw/git/percepio/poc/runs/tcp-workload-matrix-v1/A03-baseline/build/tcp_in.o,
by_pc,2147510354,13,26,52,65,13,13,0,0,0,tcp_input,/Users/swchen.tw/git/percepio/poc/runs/tcp-workload-matrix-v1/A03-baseline/build/tcp_in.o,
by_pc,2147510356,13,26,52,65,13,13,0,0,0,tcp_input,/Users/swchen.tw/git/percepio/poc/runs/tcp-workload-matrix-v1/A03-baseline/build/tcp_in.o,
by_pc,2147510358,13,26,52,65,13,13,0,0,0,tcp_input,/Users/swchen.tw/git/percepio/poc/runs/tcp-workload-matrix-v1/A03-baseline/build/tcp_in.o,
by_pc,2147510360,13,26,52,65,13,13,0,0,0,tcp_input,/Users/swchen.tw/git/percepio/poc/runs/tcp-workload-matrix-v1/A03-baseline/build/tcp_in.o,
by_pc,2147510362,13,26,52,65,13,13,0,0,0,tcp_input,/Users/swchen.tw/git/percepio/poc/runs/tcp-workload-matrix-v1/A03-baseline/build/tcp_in.o,
by_pc,2147510364,13,26,52,65,13,13,0,0,0,tcp_input,/Users/swchen.tw/git/percepio/poc/runs/tcp-workload-matrix-v1/A03-baseline/build/tcp_in.o,
by_pc,2147510366,13,13,26,39,13,0,0,0,0,tcp_input,/Users/swchen.tw/git/percepio/poc/runs/tcp-workload-matrix-v1/A03-baseline/build/tcp_in.o,
by_pc,2147510368,13,13,26,39,13,0,0,0,0,tcp_input,/Users/swchen.tw/git/percepio/poc/runs/tcp-workload-matrix-v1/A03-baseline/build/tcp_in.o,
by_pc,2147497252,1,10,20,21,1,1,8,0,0,session_task,/Users/swchen.tw/git/percepio/poc/runs/tcp-workload-matrix-v1/A03-baseline/build/tcp_request_response_irq.o,
by_pc,2147497256,1,1,2,3,1,0,0,0,0,session_task,/Users/swchen.tw/git/percepio/poc/runs/tcp-workload-matrix-v1/A03-baseline/build/tcp_request_response_irq.o,
by_pc,2147497258,1,2,4,5,1,1,0,0,0,session_task,/Users/swchen.tw/git/percepio/poc/runs/tcp-workload-matrix-v1/A03-baseline/build/tcp_request_response_irq.o,
by_pc,2147497260,1,1,2,3,1,0,0,0,0,session_task,/Users/swchen.tw/git/percepio/poc/runs/tcp-workload-matrix-v1/A03-baseline/build/tcp_request_response_irq.o,
by_pc,2147497262,1,1,2,3,1,0,0,0,0,session_task,/Users/swchen.tw/git/percepio/poc/runs/tcp-workload-matrix-v1/A03-baseline/build/tcp_request_response_irq.o,
by_pc,2147497266,1,2,4,5,1,1,0,0,0,session_task,/Users/swchen.tw/git/percepio/poc/runs/tcp-workload-matrix-v1/A03-baseline/build/tcp_request_response_irq.o,
by_pc,2147497270,1,1,2,3,1,0,0,0,0,session_task,/Users/swchen.tw/git/percepio/poc/runs/tcp-workload-matrix-v1/A03-baseline/build/tcp_request_response_irq.o,
by_pc,2147497288,1,27,54,55,1,0,8,18,0,session_task,/Users/swchen.tw/git/percepio/poc/runs/tcp-workload-matrix-v1/A03-baseline/build/tcp_request_response_irq.o,
by_pc,2147497290,1,1,2,3,1,0,0,0,0,session_task,/Users/swchen.tw/git/percepio/poc/runs/tcp-workload-matrix-v1/A03-baseline/build/tcp_request_response_irq.o,
by_pc,2147497294,1,1,2,3,1,0,0,0,0,session_task,/Users/swchen.tw/git/percepio/poc/runs/tcp-workload-matrix-v1/A03-baseline/build/tcp_request_response_irq.o,
by_pc,2147497298,3,79,158,161,3,3,40,0,33,session_task,/Users/swchen.tw/git/percepio/poc/runs/tcp-workload-matrix-v1/A03-baseline/build/tcp_request_response_irq.o,
by_pc,2147497302,3,3,6,9,3,0,0,0,0,session_task,/Users/swchen.tw/git/percepio/poc/runs/tcp-workload-matrix-v1/A03-baseline/build/tcp_request_response_irq.o,
by_pc,2147497304,3,3,6,9,3,0,0,0,0,session_task,/Users/swchen.tw/git/percepio/poc/runs/tcp-workload-matrix-v1/A03-baseline/build/tcp_request_response_irq.o,
by_pc,2147498304,2,28,56,58,2,0,8,18,0,session_task,/Users/swchen.tw/git/percepio/poc/runs/tcp-workload-matrix-v1/A03-baseline/build/tcp_request_response_irq.o,
by_pc,2147498306,126,126,252,378,126,0,0,0,0,session_task,/Users/swchen.tw/git/percepio/poc/runs/tcp-workload-matrix-v1/A03-baseline/build/tcp_request_response_irq.o,
by_pc,2147498310,126,126,252,378,126,0,0,0,0,session_task,/Users/swchen.tw/git/percepio/poc/runs/tcp-workload-matrix-v1/A03-baseline/build/tcp_request_response_irq.o,
by_pc,2147498314,126,126,252,378,126,0,0,0,0,session_task,/Users/swchen.tw/git/percepio/poc/runs/tcp-workload-matrix-v1/A03-baseline/build/tcp_request_response_irq.o,
by_pc,2147498316,126,126,252,378,126,0,0,0,0,session_task,/Users/swchen.tw/git/percepio/poc/runs/tcp-workload-matrix-v1/A03-baseline/build/tcp_request_response_irq.o,
by_pc,2147498320,126,2700,5400,5526,126,126,1008,54,1386,session_task,/Users/swchen.tw/git/percepio/poc/runs/tcp-workload-matrix-v1/A03-baseline/build/tcp_request_response_irq.o,
by_pc,2147498324,126,126,252,378,126,0,0,0,0,session_task,/Users/swchen.tw/git/percepio/poc/runs/tcp-workload-matrix-v1/A03-baseline/build/tcp_request_response_irq.o,
by_pc,2147498326,126,126,252,378,126,0,0,0,0,session_task,/Users/swchen.tw/git/percepio/poc/runs/tcp-workload-matrix-v1/A03-baseline/build/tcp_request_response_irq.o,
by_pc,2147498330,2,4,8,10,2,2,0,0,0,session_task,/Users/swchen.tw/git/percepio/poc/runs/tcp-workload-matrix-v1/A03-baseline/build/tcp_request_response_irq.o,
by_pc,2147498332,2,4,8,10,2,2,0,0,0,session_task,/Users/swchen.tw/git/percepio/poc/runs/tcp-workload-matrix-v1/A03-baseline/build/tcp_request_response_irq.o,
by_pc,2147498334,2,2,4,6,2,0,0,0,0,session_task,/Users/swchen.tw/git/percepio/poc/runs/tcp-workload-matrix-v1/A03-baseline/build/tcp_request_response_irq.o,
by_pc,2147498338,2,2,4,6,2,0,0,0,0,session_task,/Users/swchen.tw/git/percepio/poc/runs/tcp-workload-matrix-v1/A03-baseline/build/tcp_request_response_irq.o,
by_pc,2147498342,2,2,4,6,2,0,0,0,0,session_task,/Users/swchen.tw/git/percepio/poc/runs/tcp-workload-matrix-v1/A03-baseline/build/tcp_request_response_irq.o,
by_pc,2147498346,2,2,4,6,2,0,0,0,0,session_task,/Users/swchen.tw/git/percepio/poc/runs/tcp-workload-matrix-v1/A03-baseline/build/tcp_request_response_irq.o,
by_pc,2147498350,2,2,4,6,2,0,0,0,0,session_task,/Users/swchen.tw/git/percepio/poc/runs/tcp-workload-matrix-v1/A03-baseline/build/tcp_request_response_irq.o,
by_pc,2147498352,2,2,4,6,2,0,0,0,0,session_task,/Users/swchen.tw/git/percepio/poc/runs/tcp-workload-matrix-v1/A03-baseline/build/tcp_request_response_irq.o,
by_pc,2147496672,2,2,4,6,2,0,0,0,0,inject,/Users/swchen.tw/git/percepio/poc/runs/tcp-workload-matrix-v1/A03-baseline/build/tcp_request_response_irq.o,
by_pc,2147496676,2,2,4,6,2,0,0,0,0,inject,/Users/swchen.tw/git/percepio/poc/runs/tcp-workload-matrix-v1/A03-baseline/build/tcp_request_response_irq.o,
by_pc,2147496678,2,2,4,6,2,0,0,0,0,inject,/Users/swchen.tw/git/percepio/poc/runs/tcp-workload-matrix-v1/A03-baseline/build/tcp_request_response_irq.o,
by_pc,2147496682,2,2,4,6,2,0,0,0,0,inject,/Users/swchen.tw/git/percepio/poc/runs/tcp-workload-matrix-v1/A03-baseline/build/tcp_request_response_irq.o,
by_pc,2147499480,4,8,16,20,4,4,0,0,0,lwip_standard_chksum,/Users/swchen.tw/git/percepio/poc/runs/tcp-workload-matrix-v1/A03-baseline/build/inet_chksum.o,
by_pc,2147499484,4,4,8,12,4,0,0,0,0,lwip_standard_chksum,/Users/swchen.tw/git/percepio/poc/runs/tcp-workload-matrix-v1/A03-baseline/build/inet_chksum.o,
by_pc,2147499488,4,4,8,12,4,0,0,0,0,lwip_standard_chksum,/Users/swchen.tw/git/percepio/poc/runs/tcp-workload-matrix-v1/A03-baseline/build/inet_chksum.o,
by_pc,2147499756,4,4,8,12,4,0,0,0,0,inet_chksum_pseudo,/Users/swchen.tw/git/percepio/poc/runs/tcp-workload-matrix-v1/A03-baseline/build/inet_chksum.o,
by_pc,2147499760,4,4,8,12,4,0,0,0,0,inet_chksum_pseudo,/Users/swchen.tw/git/percepio/poc/runs/tcp-workload-matrix-v1/A03-baseline/build/inet_chksum.o,
by_pc,2147499762,4,4,8,12,4,0,0,0,0,inet_chksum_pseudo,/Users/swchen.tw/git/percepio/poc/runs/tcp-workload-matrix-v1/A03-baseline/build/inet_chksum.o,
by_pc,2147499764,4,4,8,12,4,0,0,0,0,inet_chksum_pseudo,/Users/swchen.tw/git/percepio/poc/runs/tcp-workload-matrix-v1/A03-baseline/build/inet_chksum.o,
by_pc,2147499768,4,4,8,12,4,0,0,0,0,inet_chksum_pseudo,/Users/swchen.tw/git/percepio/poc/runs/tcp-workload-matrix-v1/A03-baseline/build/inet_chksum.o,
by_pc,2147499772,4,4,8,12,4,0,0,0,0,inet_chksum_pseudo,/Users/swchen.tw/git/percepio/poc/runs/tcp-workload-matrix-v1/A03-baseline/build/inet_chksum.o,
by_pc,2147499650,4,4,8,12,4,0,0,0,0,inet_chksum_pseudo,/Users/swchen.tw/git/percepio/poc/runs/tcp-workload-matrix-v1/A03-baseline/build/inet_chksum.o,
by_pc,2147499654,4,4,8,12,4,0,0,0,0,inet_chksum_pseudo,/Users/swchen.tw/git/percepio/poc/runs/tcp-workload-matrix-v1/A03-baseline/build/inet_chksum.o,
by_pc,2147499656,4,4,8,12,4,0,0,0,0,inet_chksum_pseudo,/Users/swchen.tw/git/percepio/poc/runs/tcp-workload-matrix-v1/A03-baseline/build/inet_chksum.o,
by_pc,2147499658,4,4,8,12,4,0,0,0,0,inet_chksum_pseudo,/Users/swchen.tw/git/percepio/poc/runs/tcp-workload-matrix-v1/A03-baseline/build/inet_chksum.o,
by_pc,2147499662,4,4,8,12,4,0,0,0,0,inet_chksum_pseudo,/Users/swchen.tw/git/percepio/poc/runs/tcp-workload-matrix-v1/A03-baseline/build/inet_chksum.o,
by_pc,2147510248,2,4,8,10,2,2,0,0,0,tcp_input,/Users/swchen.tw/git/percepio/poc/runs/tcp-workload-matrix-v1/A03-baseline/build/tcp_in.o,
by_pc,2147510252,2,2,4,6,2,0,0,0,0,tcp_input,/Users/swchen.tw/git/percepio/poc/runs/tcp-workload-matrix-v1/A03-baseline/build/tcp_in.o,
by_pc,2147510256,2,42,84,86,2,2,16,0,22,tcp_input,/Users/swchen.tw/git/percepio/poc/runs/tcp-workload-matrix-v1/A03-baseline/build/tcp_in.o,
by_pc,2147511800,11,117,234,245,11,0,88,18,0,tcp_input,/Users/swchen.tw/git/percepio/poc/runs/tcp-workload-matrix-v1/A03-baseline/build/tcp_in.o,
by_pc,2147511802,11,11,22,33,11,0,0,0,0,tcp_input,/Users/swchen.tw/git/percepio/poc/runs/tcp-workload-matrix-v1/A03-baseline/build/tcp_in.o,
by_pc,2147506926,9,9,18,27,9,0,0,0,0,tcp_receive,/Users/swchen.tw/git/percepio/poc/runs/tcp-workload-matrix-v1/A03-baseline/build/tcp_in.o,
by_pc,2147506930,9,9,18,27,9,0,0,0,0,tcp_receive,/Users/swchen.tw/git/percepio/poc/runs/tcp-workload-matrix-v1/A03-baseline/build/tcp_in.o,
by_pc,2147506934,9,9,18,27,9,0,0,0,0,tcp_receive,/Users/swchen.tw/git/percepio/poc/runs/tcp-workload-matrix-v1/A03-baseline/build/tcp_in.o,
by_pc,2147506938,3,3,6,9,3,0,0,0,0,tcp_receive,/Users/swchen.tw/git/percepio/poc/runs/tcp-workload-matrix-v1/A03-baseline/build/tcp_in.o,
by_pc,2147506942,3,9,18,21,6,3,0,0,0,tcp_receive,/Users/swchen.tw/git/percepio/poc/runs/tcp-workload-matrix-v1/A03-baseline/build/tcp_in.o,
by_pc,2147506946,3,6,12,15,3,3,0,0,0,tcp_receive,/Users/swchen.tw/git/percepio/poc/runs/tcp-workload-matrix-v1/A03-baseline/build/tcp_in.o,
by_pc,2147506950,3,6,12,15,3,3,0,0,0,tcp_receive,/Users/swchen.tw/git/percepio/poc/runs/tcp-workload-matrix-v1/A03-baseline/build/tcp_in.o,
by_pc,2147506954,3,3,6,9,3,0,0,0,0,tcp_receive,/Users/swchen.tw/git/percepio/poc/runs/tcp-workload-matrix-v1/A03-baseline/build/tcp_in.o,
by_pc,2147506956,3,3,6,9,3,0,0,0,0,tcp_receive,/Users/swchen.tw/git/percepio/poc/runs/tcp-workload-matrix-v1/A03-baseline/build/tcp_in.o,
by_pc,2147506958,3,3,6,9,3,0,0,0,0,tcp_receive,/Users/swchen.tw/git/percepio/poc/runs/tcp-workload-matrix-v1/A03-baseline/build/tcp_in.o,
by_pc,2147507008,3,48,96,99,3,3,24,18,0,tcp_receive,/Users/swchen.tw/git/percepio/poc/runs/tcp-workload-matrix-v1/A03-baseline/build/tcp_in.o,
by_pc,2147507012,3,3,6,9,3,0,0,0,0,tcp_receive,/Users/swchen.tw/git/percepio/poc/runs/tcp-workload-matrix-v1/A03-baseline/build/tcp_in.o,
by_pc,2147507210,3,6,12,15,3,3,0,0,0,tcp_receive,/Users/swchen.tw/git/percepio/poc/runs/tcp-workload-matrix-v1/A03-baseline/build/tcp_in.o,
by_pc,2147507212,3,3,6,9,3,0,0,0,0,tcp_receive,/Users/swchen.tw/git/percepio/poc/runs/tcp-workload-matrix-v1/A03-baseline/build/tcp_in.o,
by_pc,2147507214,3,3,6,9,3,0,0,0,0,tcp_receive,/Users/swchen.tw/git/percepio/poc/runs/tcp-workload-matrix-v1/A03-baseline/build/tcp_in.o,
by_pc,2147507218,3,3,6,9,3,0,0,0,0,tcp_receive,/Users/swchen.tw/git/percepio/poc/runs/tcp-workload-matrix-v1/A03-baseline/build/tcp_in.o,
by_pc,2147507222,3,3,6,9,3,0,0,0,0,tcp_receive,/Users/swchen.tw/git/percepio/poc/runs/tcp-workload-matrix-v1/A03-baseline/build/tcp_in.o,
by_pc,2147507226,3,3,6,9,3,0,0,0,0,tcp_receive,/Users/swchen.tw/git/percepio/poc/runs/tcp-workload-matrix-v1/A03-baseline/build/tcp_in.o,
by_pc,2147508138,3,45,90,93,3,0,24,18,0,tcp_receive,/Users/swchen.tw/git/percepio/poc/runs/tcp-workload-matrix-v1/A03-baseline/build/tcp_in.o,
by_pc,2147508142,3,3,6,9,3,0,0,0,0,tcp_receive,/Users/swchen.tw/git/percepio/poc/runs/tcp-workload-matrix-v1/A03-baseline/build/tcp_in.o,
by_pc,2147507324,3,48,96,99,3,3,24,18,0,tcp_receive,/Users/swchen.tw/git/percepio/poc/runs/tcp-workload-matrix-v1/A03-baseline/build/tcp_in.o,
by_pc,2147507326,3,48,96,99,6,0,24,18,0,tcp_receive,/Users/swchen.tw/git/percepio/poc/runs/tcp-workload-matrix-v1/A03-baseline/build/tcp_in.o,
by_pc,2147507330,3,3,6,9,3,0,0,0,0,tcp_receive,/Users/swchen.tw/git/percepio/poc/runs/tcp-workload-matrix-v1/A03-baseline/build/tcp_in.o,
by_pc,2147507334,3,6,12,15,3,3,0,0,0,tcp_receive,/Users/swchen.tw/git/percepio/poc/runs/tcp-workload-matrix-v1/A03-baseline/build/tcp_in.o,
by_pc,2147507338,3,3,6,9,3,0,0,0,0,tcp_receive,/Users/swchen.tw/git/percepio/poc/runs/tcp-workload-matrix-v1/A03-baseline/build/tcp_in.o,
by_pc,2147507342,3,3,6,9,3,0,0,0,0,tcp_receive,/Users/swchen.tw/git/percepio/poc/runs/tcp-workload-matrix-v1/A03-baseline/build/tcp_in.o,
by_pc,2147507344,3,3,6,9,3,0,0,0,0,tcp_receive,/Users/swchen.tw/git/percepio/poc/runs/tcp-workload-matrix-v1/A03-baseline/build/tcp_in.o,
by_pc,2147507346,3,3,6,9,3,0,0,0,0,tcp_receive,/Users/swchen.tw/git/percepio/poc/runs/tcp-workload-matrix-v1/A03-baseline/build/tcp_in.o,
by_pc,2147507350,3,3,6,9,3,0,0,0,0,tcp_receive,/Users/swchen.tw/git/percepio/poc/runs/tcp-workload-matrix-v1/A03-baseline/build/tcp_in.o,
by_pc,2147507354,3,3,6,9,3,0,0,0,0,tcp_receive,/Users/swchen.tw/git/percepio/poc/runs/tcp-workload-matrix-v1/A03-baseline/build/tcp_in.o,
by_pc,2147507358,3,3,6,9,3,0,0,0,0,tcp_receive,/Users/swchen.tw/git/percepio/poc/runs/tcp-workload-matrix-v1/A03-baseline/build/tcp_in.o,
by_pc,2147507362,3,6,12,15,3,3,0,0,0,tcp_receive,/Users/swchen.tw/git/percepio/poc/runs/tcp-workload-matrix-v1/A03-baseline/build/tcp_in.o,
by_pc,2147507364,3,3,6,9,3,0,0,0,0,tcp_receive,/Users/swchen.tw/git/percepio/poc/runs/tcp-workload-matrix-v1/A03-baseline/build/tcp_in.o,
by_pc,2147507368,3,6,12,15,3,3,0,0,0,tcp_receive,/Users/swchen.tw/git/percepio/poc/runs/tcp-workload-matrix-v1/A03-baseline/build/tcp_in.o,
by_pc,2147507372,3,6,12,15,3,3,0,0,0,tcp_receive,/Users/swchen.tw/git/percepio/poc/runs/tcp-workload-matrix-v1/A03-baseline/build/tcp_in.o,
by_pc,2147507376,3,6,12,15,3,3,0,0,0,tcp_receive,/Users/swchen.tw/git/percepio/poc/runs/tcp-workload-matrix-v1/A03-baseline/build/tcp_in.o,
by_pc,2147507380,3,3,6,9,3,0,0,0,0,tcp_receive,/Users/swchen.tw/git/percepio/poc/runs/tcp-workload-matrix-v1/A03-baseline/build/tcp_in.o,
by_pc,2147507382,3,3,6,9,3,0,0,0,0,tcp_receive,/Users/swchen.tw/git/percepio/poc/runs/tcp-workload-matrix-v1/A03-baseline/build/tcp_in.o,
by_pc,2147507384,3,3,6,9,3,0,0,0,0,tcp_receive,/Users/swchen.tw/git/percepio/poc/runs/tcp-workload-matrix-v1/A03-baseline/build/tcp_in.o,
by_pc,2147507388,3,3,6,9,3,0,0,0,0,tcp_receive,/Users/swchen.tw/git/percepio/poc/runs/tcp-workload-matrix-v1/A03-baseline/build/tcp_in.o,
by_pc,2147507390,3,48,96,99,6,0,24,18,0,tcp_receive,/Users/swchen.tw/git/percepio/poc/runs/tcp-workload-matrix-v1/A03-baseline/build/tcp_in.o,
by_pc,2147507394,3,3,6,9,3,0,0,0,0,tcp_receive,/Users/swchen.tw/git/percepio/poc/runs/tcp-workload-matrix-v1/A03-baseline/build/tcp_in.o,
by_pc,2147507398,3,3,6,9,3,0,0,0,0,tcp_receive,/Users/swchen.tw/git/percepio/poc/runs/tcp-workload-matrix-v1/A03-baseline/build/tcp_in.o,
by_pc,2147507400,3,3,6,9,3,0,0,0,0,tcp_receive,/Users/swchen.tw/git/percepio/poc/runs/tcp-workload-matrix-v1/A03-baseline/build/tcp_in.o,
by_pc,2147507402,3,63,126,129,3,3,24,0,33,tcp_receive,/Users/swchen.tw/git/percepio/poc/runs/tcp-workload-matrix-v1/A03-baseline/build/tcp_in.o,
by_pc,2147507406,3,6,12,15,3,3,0,0,0,tcp_receive,/Users/swchen.tw/git/percepio/poc/runs/tcp-workload-matrix-v1/A03-baseline/build/tcp_in.o,
by_pc,2147507410,3,3,6,9,3,0,0,0,0,tcp_receive,/Users/swchen.tw/git/percepio/poc/runs/tcp-workload-matrix-v1/A03-baseline/build/tcp_in.o,
by_pc,2147507588,3,48,96,99,3,3,24,18,0,tcp_receive,/Users/swchen.tw/git/percepio/poc/runs/tcp-workload-matrix-v1/A03-baseline/build/tcp_in.o,
by_pc,2147507590,3,3,6,9,3,0,0,0,0,tcp_receive,/Users/swchen.tw/git/percepio/poc/runs/tcp-workload-matrix-v1/A03-baseline/build/tcp_in.o,
by_pc,2147508172,3,66,132,135,3,3,24,36,0,tcp_receive,/Users/swchen.tw/git/percepio/poc/runs/tcp-workload-matrix-v1/A03-baseline/build/tcp_in.o,
by_pc,2147508176,3,6,12,15,3,3,0,0,0,tcp_receive,/Users/swchen.tw/git/percepio/poc/runs/tcp-workload-matrix-v1/A03-baseline/build/tcp_in.o,
by_pc,2147508180,3,3,6,9,3,0,0,0,0,tcp_receive,/Users/swchen.tw/git/percepio/poc/runs/tcp-workload-matrix-v1/A03-baseline/build/tcp_in.o,
by_pc,2147508182,3,3,6,9,3,0,0,0,0,tcp_receive,/Users/swchen.tw/git/percepio/poc/runs/tcp-workload-matrix-v1/A03-baseline/build/tcp_in.o,
by_pc,2147508184,3,63,126,129,3,3,24,0,33,tcp_receive,/Users/swchen.tw/git/percepio/poc/runs/tcp-workload-matrix-v1/A03-baseline/build/tcp_in.o,
by_pc,2147508186,3,6,12,15,3,3,0,0,0,tcp_receive,/Users/swchen.tw/git/percepio/poc/runs/tcp-workload-matrix-v1/A03-baseline/build/tcp_in.o,
by_pc,2147508190,3,3,6,9,3,0,0,0,0,tcp_receive,/Users/swchen.tw/git/percepio/poc/runs/tcp-workload-matrix-v1/A03-baseline/build/tcp_in.o,
by_pc,2147508192,3,63,126,129,3,3,24,0,33,tcp_receive,/Users/swchen.tw/git/percepio/poc/runs/tcp-workload-matrix-v1/A03-baseline/build/tcp_in.o,
by_pc,2147508196,3,3,6,9,3,0,0,0,0,tcp_receive,/Users/swchen.tw/git/percepio/poc/runs/tcp-workload-matrix-v1/A03-baseline/build/tcp_in.o,
by_pc,2147503186,5,34,68,73,5,5,24,0,0,tcp_update_rcv_ann_wnd,/Users/swchen.tw/git/percepio/poc/runs/tcp-workload-matrix-v1/A03-baseline/build/tcp.o,
by_pc,2147503190,5,10,20,25,5,5,0,0,0,tcp_update_rcv_ann_wnd,/Users/swchen.tw/git/percepio/poc/runs/tcp-workload-matrix-v1/A03-baseline/build/tcp.o,
by_pc,2147503194,5,10,20,25,5,5,0,0,0,tcp_update_rcv_ann_wnd,/Users/swchen.tw/git/percepio/poc/runs/tcp-workload-matrix-v1/A03-baseline/build/tcp.o,
by_pc,2147503196,5,10,20,25,5,5,0,0,0,tcp_update_rcv_ann_wnd,/Users/swchen.tw/git/percepio/poc/runs/tcp-workload-matrix-v1/A03-baseline/build/tcp.o,
by_pc,2147503200,5,5,10,15,5,0,0,0,0,tcp_update_rcv_ann_wnd,/Users/swchen.tw/git/percepio/poc/runs/tcp-workload-matrix-v1/A03-baseline/build/tcp.o,
by_pc,2147503202,5,5,10,15,5,0,0,0,0,tcp_update_rcv_ann_wnd,/Users/swchen.tw/git/percepio/poc/runs/tcp-workload-matrix-v1/A03-baseline/build/tcp.o,
by_pc,2147503206,5,5,10,15,5,0,0,0,0,tcp_update_rcv_ann_wnd,/Users/swchen.tw/git/percepio/poc/runs/tcp-workload-matrix-v1/A03-baseline/build/tcp.o,
by_pc,2147503210,5,5,10,15,5,0,0,0,0,tcp_update_rcv_ann_wnd,/Users/swchen.tw/git/percepio/poc/runs/tcp-workload-matrix-v1/A03-baseline/build/tcp.o,
by_pc,2147503212,5,5,10,15,5,0,0,0,0,tcp_update_rcv_ann_wnd,/Users/swchen.tw/git/percepio/poc/runs/tcp-workload-matrix-v1/A03-baseline/build/tcp.o,
by_pc,2147503214,5,5,10,15,5,0,0,0,0,tcp_update_rcv_ann_wnd,/Users/swchen.tw/git/percepio/poc/runs/tcp-workload-matrix-v1/A03-baseline/build/tcp.o,
by_pc,2147503220,5,5,10,15,5,0,0,0,0,tcp_update_rcv_ann_wnd,/Users/swchen.tw/git/percepio/poc/runs/tcp-workload-matrix-v1/A03-baseline/build/tcp.o,
by_pc,2147503222,5,5,10,15,5,0,0,0,0,tcp_update_rcv_ann_wnd,/Users/swchen.tw/git/percepio/poc/runs/tcp-workload-matrix-v1/A03-baseline/build/tcp.o,
by_pc,2147503224,5,5,10,15,5,0,0,0,0,tcp_update_rcv_ann_wnd,/Users/swchen.tw/git/percepio/poc/runs/tcp-workload-matrix-v1/A03-baseline/build/tcp.o,
by_pc,2147503228,5,5,10,15,5,0,0,0,0,tcp_update_rcv_ann_wnd,/Users/swchen.tw/git/percepio/poc/runs/tcp-workload-matrix-v1/A03-baseline/build/tcp.o,
by_pc,2147503232,5,47,94,99,5,0,24,18,0,tcp_update_rcv_ann_wnd,/Users/swchen.tw/git/percepio/poc/runs/tcp-workload-matrix-v1/A03-baseline/build/tcp.o,
by_pc,2147503236,5,5,10,15,5,0,0,0,0,tcp_update_rcv_ann_wnd,/Users/swchen.tw/git/percepio/poc/runs/tcp-workload-matrix-v1/A03-baseline/build/tcp.o,
by_pc,2147503240,5,5,10,15,5,0,0,0,0,tcp_update_rcv_ann_wnd,/Users/swchen.tw/git/percepio/poc/runs/tcp-workload-matrix-v1/A03-baseline/build/tcp.o,
by_pc,2147503242,5,105,210,215,5,5,40,0,55,tcp_update_rcv_ann_wnd,/Users/swchen.tw/git/percepio/poc/runs/tcp-workload-matrix-v1/A03-baseline/build/tcp.o,
by_pc,2147503246,5,5,10,15,5,0,0,0,0,tcp_update_rcv_ann_wnd,/Users/swchen.tw/git/percepio/poc/runs/tcp-workload-matrix-v1/A03-baseline/build/tcp.o,
by_pc,2147503248,5,5,10,15,5,0,0,0,0,tcp_update_rcv_ann_wnd,/Users/swchen.tw/git/percepio/poc/runs/tcp-workload-matrix-v1/A03-baseline/build/tcp.o,
by_pc,2147508200,3,6,12,15,3,3,0,0,0,tcp_receive,/Users/swchen.tw/git/percepio/poc/runs/tcp-workload-matrix-v1/A03-baseline/build/tcp_in.o,
by_pc,2147508202,3,6,12,15,3,3,0,0,0,tcp_receive,/Users/swchen.tw/git/percepio/poc/runs/tcp-workload-matrix-v1/A03-baseline/build/tcp_in.o,
by_pc,2147508206,3,3,6,9,3,0,0,0,0,tcp_receive,/Users/swchen.tw/git/percepio/poc/runs/tcp-workload-matrix-v1/A03-baseline/build/tcp_in.o,
by_pc,2147508208,2,42,84,86,2,2,16,0,22,tcp_receive,/Users/swchen.tw/git/percepio/poc/runs/tcp-workload-matrix-v1/A03-baseline/build/tcp_in.o,
by_pc,2147508212,2,2,4,6,2,0,0,0,0,tcp_receive,/Users/swchen.tw/git/percepio/poc/runs/tcp-workload-matrix-v1/A03-baseline/build/tcp_in.o,
by_pc,2147508216,2,42,84,86,2,2,16,0,22,tcp_receive,/Users/swchen.tw/git/percepio/poc/runs/tcp-workload-matrix-v1/A03-baseline/build/tcp_in.o,
by_pc,2147508220,3,6,12,15,3,3,0,0,0,tcp_receive,/Users/swchen.tw/git/percepio/poc/runs/tcp-workload-matrix-v1/A03-baseline/build/tcp_in.o,
by_pc,2147508222,3,69,138,141,6,3,24,36,0,tcp_receive,/Users/swchen.tw/git/percepio/poc/runs/tcp-workload-matrix-v1/A03-baseline/build/tcp_in.o,
by_pc,2147508226,3,6,12,15,3,3,0,0,0,tcp_receive,/Users/swchen.tw/git/percepio/poc/runs/tcp-workload-matrix-v1/A03-baseline/build/tcp_in.o,
by_pc,2147508230,3,3,6,9,3,0,0,0,0,tcp_receive,/Users/swchen.tw/git/percepio/poc/runs/tcp-workload-matrix-v1/A03-baseline/build/tcp_in.o,
by_pc,2147508232,3,3,6,9,3,0,0,0,0,tcp_receive,/Users/swchen.tw/git/percepio/poc/runs/tcp-workload-matrix-v1/A03-baseline/build/tcp_in.o,
by_pc,2147508234,3,3,6,9,3,0,0,0,0,tcp_receive,/Users/swchen.tw/git/percepio/poc/runs/tcp-workload-matrix-v1/A03-baseline/build/tcp_in.o,
by_pc,2147508238,3,3,6,9,3,0,0,0,0,tcp_receive,/Users/swchen.tw/git/percepio/poc/runs/tcp-workload-matrix-v1/A03-baseline/build/tcp_in.o,
by_pc,2147508240,3,3,6,9,3,0,0,0,0,tcp_receive,/Users/swchen.tw/git/percepio/poc/runs/tcp-workload-matrix-v1/A03-baseline/build/tcp_in.o,
by_pc,2147508254,3,3,6,9,3,0,0,0,0,tcp_receive,/Users/swchen.tw/git/percepio/poc/runs/tcp-workload-matrix-v1/A03-baseline/build/tcp_in.o,
by_pc,2147508258,3,3,6,9,3,0,0,0,0,tcp_receive,/Users/swchen.tw/git/percepio/poc/runs/tcp-workload-matrix-v1/A03-baseline/build/tcp_in.o,
by_pc,2147508260,3,3,6,9,3,0,0,0,0,tcp_receive,/Users/swchen.tw/git/percepio/poc/runs/tcp-workload-matrix-v1/A03-baseline/build/tcp_in.o,
by_pc,2147508262,3,3,6,9,3,0,0,0,0,tcp_receive,/Users/swchen.tw/git/percepio/poc/runs/tcp-workload-matrix-v1/A03-baseline/build/tcp_in.o,
by_pc,2147508556,3,58,116,119,3,3,16,36,0,tcp_receive,/Users/swchen.tw/git/percepio/poc/runs/tcp-workload-matrix-v1/A03-baseline/build/tcp_in.o,
by_pc,2147508558,3,3,6,9,3,0,0,0,0,tcp_receive,/Users/swchen.tw/git/percepio/poc/runs/tcp-workload-matrix-v1/A03-baseline/build/tcp_in.o,
by_pc,2147508596,3,6,12,15,3,3,0,0,0,tcp_receive,/Users/swchen.tw/git/percepio/poc/runs/tcp-workload-matrix-v1/A03-baseline/build/tcp_in.o,
by_pc,2147508600,3,3,6,9,3,0,0,0,0,tcp_receive,/Users/swchen.tw/git/percepio/poc/runs/tcp-workload-matrix-v1/A03-baseline/build/tcp_in.o,
by_pc,2147508604,3,3,6,9,3,0,0,0,0,tcp_receive,/Users/swchen.tw/git/percepio/poc/runs/tcp-workload-matrix-v1/A03-baseline/build/tcp_in.o,
by_pc,2147508620,3,3,6,9,3,0,0,0,0,tcp_receive,/Users/swchen.tw/git/percepio/poc/runs/tcp-workload-matrix-v1/A03-baseline/build/tcp_in.o,
by_pc,2147508624,3,63,126,129,3,3,24,0,33,tcp_receive,/Users/swchen.tw/git/percepio/poc/runs/tcp-workload-matrix-v1/A03-baseline/build/tcp_in.o,
by_pc,2147511806,11,11,22,33,11,0,0,0,0,tcp_input,/Users/swchen.tw/git/percepio/poc/runs/tcp-workload-matrix-v1/A03-baseline/build/tcp_in.o,
by_pc,2147512148,2,4,8,10,2,2,0,0,0,tcp_input,/Users/swchen.tw/git/percepio/poc/runs/tcp-workload-matrix-v1/A03-baseline/build/tcp_in.o,
by_pc,2147512152,2,2,4,6,2,0,0,0,0,tcp_input,/Users/swchen.tw/git/percepio/poc/runs/tcp-workload-matrix-v1/A03-baseline/build/tcp_in.o,
by_pc,2147512154,2,2,4,6,2,0,0,0,0,tcp_input,/Users/swchen.tw/git/percepio/poc/runs/tcp-workload-matrix-v1/A03-baseline/build/tcp_in.o,
by_pc,2147512180,2,4,8,10,2,2,0,0,0,tcp_input,/Users/swchen.tw/git/percepio/poc/runs/tcp-workload-matrix-v1/A03-baseline/build/tcp_in.o,
by_pc,2147512184,2,2,4,6,2,0,0,0,0,tcp_input,/Users/swchen.tw/git/percepio/poc/runs/tcp-workload-matrix-v1/A03-baseline/build/tcp_in.o,
by_pc,2147512186,2,2,4,6,2,0,0,0,0,tcp_input,/Users/swchen.tw/git/percepio/poc/runs/tcp-workload-matrix-v1/A03-baseline/build/tcp_in.o,
by_pc,2147512188,2,2,4,6,2,0,0,0,0,tcp_input,/Users/swchen.tw/git/percepio/poc/runs/tcp-workload-matrix-v1/A03-baseline/build/tcp_in.o,
by_pc,2147512190,2,4,8,10,2,2,0,0,0,tcp_input,/Users/swchen.tw/git/percepio/poc/runs/tcp-workload-matrix-v1/A03-baseline/build/tcp_in.o,
by_pc,2147512192,2,18,36,38,2,0,16,0,0,tcp_input,/Users/swchen.tw/git/percepio/poc/runs/tcp-workload-matrix-v1/A03-baseline/build/tcp_in.o,
by_pc,2147495040,3,45,90,93,3,0,24,18,0,on_recv,/Users/swchen.tw/git/percepio/poc/runs/tcp-workload-matrix-v1/A03-baseline/build/tcp_request_response_irq.o,
by_pc,2147495042,3,63,126,129,3,3,24,0,33,on_recv,/Users/swchen.tw/git/percepio/poc/runs/tcp-workload-matrix-v1/A03-baseline/build/tcp_request_response_irq.o,
by_pc,2147495044,3,63,126,129,3,3,24,0,33,on_recv,/Users/swchen.tw/git/percepio/poc/runs/tcp-workload-matrix-v1/A03-baseline/build/tcp_request_response_irq.o,
by_pc,2147495046,3,63,126,129,3,3,24,0,33,on_recv,/Users/swchen.tw/git/percepio/poc/runs/tcp-workload-matrix-v1/A03-baseline/build/tcp_request_response_irq.o,
by_pc,2147495048,3,63,126,129,3,3,24,0,33,on_recv,/Users/swchen.tw/git/percepio/poc/runs/tcp-workload-matrix-v1/A03-baseline/build/tcp_request_response_irq.o,
by_pc,2147495050,3,63,126,129,3,3,24,0,33,on_recv,/Users/swchen.tw/git/percepio/poc/runs/tcp-workload-matrix-v1/A03-baseline/build/tcp_request_response_irq.o,
by_pc,2147495052,3,63,126,129,3,3,24,0,33,on_recv,/Users/swchen.tw/git/percepio/poc/runs/tcp-workload-matrix-v1/A03-baseline/build/tcp_request_response_irq.o,
by_pc,2147495054,3,63,126,129,3,3,24,0,33,on_recv,/Users/swchen.tw/git/percepio/poc/runs/tcp-workload-matrix-v1/A03-baseline/build/tcp_request_response_irq.o,
by_pc,2147495056,3,63,126,129,3,3,24,0,33,on_recv,/Users/swchen.tw/git/percepio/poc/runs/tcp-workload-matrix-v1/A03-baseline/build/tcp_request_response_irq.o,
by_pc,2147495058,3,63,126,129,3,3,24,0,33,on_recv,/Users/swchen.tw/git/percepio/poc/runs/tcp-workload-matrix-v1/A03-baseline/build/tcp_request_response_irq.o,
by_pc,2147495060,3,3,6,9,3,0,0,0,0,on_recv,/Users/swchen.tw/git/percepio/poc/runs/tcp-workload-matrix-v1/A03-baseline/build/tcp_request_response_irq.o,
by_pc,2147495062,3,3,6,9,3,0,0,0,0,on_recv,/Users/swchen.tw/git/percepio/poc/runs/tcp-workload-matrix-v1/A03-baseline/build/tcp_request_response_irq.o,
by_pc,2147495064,3,3,6,9,3,0,0,0,0,on_recv,/Users/swchen.tw/git/percepio/poc/runs/tcp-workload-matrix-v1/A03-baseline/build/tcp_request_response_irq.o,
by_pc,2147495082,3,3,6,9,3,0,0,0,0,on_recv,/Users/swchen.tw/git/percepio/poc/runs/tcp-workload-matrix-v1/A03-baseline/build/tcp_request_response_irq.o,
by_pc,2147495114,2,38,76,78,2,2,16,18,0,on_recv,/Users/swchen.tw/git/percepio/poc/runs/tcp-workload-matrix-v1/A03-baseline/build/tcp_request_response_irq.o,
by_pc,2147495118,2,2,4,6,2,0,0,0,0,on_recv,/Users/swchen.tw/git/percepio/poc/runs/tcp-workload-matrix-v1/A03-baseline/build/tcp_request_response_irq.o,
by_pc,2147495122,2,2,4,6,2,0,0,0,0,on_recv,/Users/swchen.tw/git/percepio/poc/runs/tcp-workload-matrix-v1/A03-baseline/build/tcp_request_response_irq.o,
by_pc,2147495142,2,2,4,6,2,0,0,0,0,on_recv,/Users/swchen.tw/git/percepio/poc/runs/tcp-workload-matrix-v1/A03-baseline/build/tcp_request_response_irq.o,
by_pc,2147495146,2,4,8,10,2,2,0,0,0,on_recv,/Users/swchen.tw/git/percepio/poc/runs/tcp-workload-matrix-v1/A03-baseline/build/tcp_request_response_irq.o,
by_pc,2147495150,2,2,4,6,2,0,0,0,0,on_recv,/Users/swchen.tw/git/percepio/poc/runs/tcp-workload-matrix-v1/A03-baseline/build/tcp_request_response_irq.o,
by_pc,2147495152,2,2,4,6,2,0,0,0,0,on_recv,/Users/swchen.tw/git/percepio/poc/runs/tcp-workload-matrix-v1/A03-baseline/build/tcp_request_response_irq.o,
by_pc,2147495172,2,36,72,74,2,0,16,18,0,on_recv,/Users/swchen.tw/git/percepio/poc/runs/tcp-workload-matrix-v1/A03-baseline/build/tcp_request_response_irq.o,
by_pc,2147495174,2,2,4,6,2,0,0,0,0,on_recv,/Users/swchen.tw/git/percepio/poc/runs/tcp-workload-matrix-v1/A03-baseline/build/tcp_request_response_irq.o,
by_pc,2147495176,2,2,4,6,2,0,0,0,0,on_recv,/Users/swchen.tw/git/percepio/poc/runs/tcp-workload-matrix-v1/A03-baseline/build/tcp_request_response_irq.o,
by_pc,2147495180,2,2,4,6,2,0,0,0,0,on_recv,/Users/swchen.tw/git/percepio/poc/runs/tcp-workload-matrix-v1/A03-baseline/build/tcp_request_response_irq.o,
by_pc,2147495184,2,2,4,6,2,0,0,0,0,on_recv,/Users/swchen.tw/git/percepio/poc/runs/tcp-workload-matrix-v1/A03-baseline/build/tcp_request_response_irq.o,
by_pc,2147495188,2,2,4,6,2,0,0,0,0,on_recv,/Users/swchen.tw/git/percepio/poc/runs/tcp-workload-matrix-v1/A03-baseline/build/tcp_request_response_irq.o,
by_pc,2147495192,2,2,4,6,2,0,0,0,0,on_recv,/Users/swchen.tw/git/percepio/poc/runs/tcp-workload-matrix-v1/A03-baseline/build/tcp_request_response_irq.o,
by_pc,2147495196,2,2,4,6,2,0,0,0,0,on_recv,/Users/swchen.tw/git/percepio/poc/runs/tcp-workload-matrix-v1/A03-baseline/build/tcp_request_response_irq.o,
by_pc,2147495200,2,4,8,10,2,2,0,0,0,on_recv,/Users/swchen.tw/git/percepio/poc/runs/tcp-workload-matrix-v1/A03-baseline/build/tcp_request_response_irq.o,
by_pc,2147495204,2,4,8,10,2,2,0,0,0,on_recv,/Users/swchen.tw/git/percepio/poc/runs/tcp-workload-matrix-v1/A03-baseline/build/tcp_request_response_irq.o,
by_pc,2147495208,2,2,4,6,2,0,0,0,0,on_recv,/Users/swchen.tw/git/percepio/poc/runs/tcp-workload-matrix-v1/A03-baseline/build/tcp_request_response_irq.o,
by_pc,2147495210,2,2,4,6,2,0,0,0,0,on_recv,/Users/swchen.tw/git/percepio/poc/runs/tcp-workload-matrix-v1/A03-baseline/build/tcp_request_response_irq.o,
by_pc,2147495212,2,2,4,6,2,0,0,0,0,on_recv,/Users/swchen.tw/git/percepio/poc/runs/tcp-workload-matrix-v1/A03-baseline/build/tcp_request_response_irq.o,
by_pc,2147495214,2,2,4,6,2,0,0,0,0,on_recv,/Users/swchen.tw/git/percepio/poc/runs/tcp-workload-matrix-v1/A03-baseline/build/tcp_request_response_irq.o,
by_pc,2147495218,2,60,120,122,2,2,16,18,22,on_recv,/Users/swchen.tw/git/percepio/poc/runs/tcp-workload-matrix-v1/A03-baseline/build/tcp_request_response_irq.o,
by_pc,2147495220,2,4,8,10,2,2,0,0,0,on_recv,/Users/swchen.tw/git/percepio/poc/runs/tcp-workload-matrix-v1/A03-baseline/build/tcp_request_response_irq.o,
by_pc,2147495224,2,2,4,6,2,0,0,0,0,on_recv,/Users/swchen.tw/git/percepio/poc/runs/tcp-workload-matrix-v1/A03-baseline/build/tcp_request_response_irq.o,
by_pc,2147495228,2,2,4,6,2,0,0,0,0,on_recv,/Users/swchen.tw/git/percepio/poc/runs/tcp-workload-matrix-v1/A03-baseline/build/tcp_request_response_irq.o,
by_pc,2147495230,2,60,120,122,2,2,16,18,22,on_recv,/Users/swchen.tw/git/percepio/poc/runs/tcp-workload-matrix-v1/A03-baseline/build/tcp_request_response_irq.o,
by_pc,2147495232,2,38,76,78,2,2,16,18,0,on_recv,/Users/swchen.tw/git/percepio/poc/runs/tcp-workload-matrix-v1/A03-baseline/build/tcp_request_response_irq.o,
by_pc,2147495234,2,4,8,10,2,2,0,0,0,on_recv,/Users/swchen.tw/git/percepio/poc/runs/tcp-workload-matrix-v1/A03-baseline/build/tcp_request_response_irq.o,
by_pc,2147495236,2,2,4,6,2,0,0,0,0,on_recv,/Users/swchen.tw/git/percepio/poc/runs/tcp-workload-matrix-v1/A03-baseline/build/tcp_request_response_irq.o,
by_pc,2147495238,2,60,120,122,2,2,16,18,22,on_recv,/Users/swchen.tw/git/percepio/poc/runs/tcp-workload-matrix-v1/A03-baseline/build/tcp_request_response_irq.o,
by_pc,2147495240,2,2,4,6,2,0,0,0,0,on_recv,/Users/swchen.tw/git/percepio/poc/runs/tcp-workload-matrix-v1/A03-baseline/build/tcp_request_response_irq.o,
by_pc,2147495260,2,2,4,6,2,0,0,0,0,on_recv,/Users/swchen.tw/git/percepio/poc/runs/tcp-workload-matrix-v1/A03-baseline/build/tcp_request_response_irq.o,
by_pc,2147495262,2,2,4,6,2,0,0,0,0,on_recv,/Users/swchen.tw/git/percepio/poc/runs/tcp-workload-matrix-v1/A03-baseline/build/tcp_request_response_irq.o,
by_pc,2147495282,2,2,4,6,2,0,0,0,0,on_recv,/Users/swchen.tw/git/percepio/poc/runs/tcp-workload-matrix-v1/A03-baseline/build/tcp_request_response_irq.o,
by_pc,2147495284,2,2,4,6,2,0,0,0,0,on_recv,/Users/swchen.tw/git/percepio/poc/runs/tcp-workload-matrix-v1/A03-baseline/build/tcp_request_response_irq.o,
by_pc,2147495288,126,126,252,378,126,0,0,0,0,on_recv,/Users/swchen.tw/git/percepio/poc/runs/tcp-workload-matrix-v1/A03-baseline/build/tcp_request_response_irq.o,
by_pc,2147495292,126,126,252,378,126,0,0,0,0,on_recv,/Users/swchen.tw/git/percepio/poc/runs/tcp-workload-matrix-v1/A03-baseline/build/tcp_request_response_irq.o,
by_pc,2147495294,126,126,252,378,126,0,0,0,0,on_recv,/Users/swchen.tw/git/percepio/poc/runs/tcp-workload-matrix-v1/A03-baseline/build/tcp_request_response_irq.o,
by_pc,2147495296,126,160,320,446,126,0,16,18,0,on_recv,/Users/swchen.tw/git/percepio/poc/runs/tcp-workload-matrix-v1/A03-baseline/build/tcp_request_response_irq.o,
by_pc,2147502650,126,126,252,378,126,0,0,0,0,pbuf_get_at,/Users/swchen.tw/git/percepio/poc/runs/tcp-workload-matrix-v1/A03-baseline/build/pbuf.o,
by_pc,2147502652,126,2646,5292,5418,126,126,1008,0,1386,pbuf_get_at,/Users/swchen.tw/git/percepio/poc/runs/tcp-workload-matrix-v1/A03-baseline/build/pbuf.o,
by_pc,2147502654,126,286,572,698,252,0,16,18,0,pbuf_get_at,/Users/swchen.tw/git/percepio/poc/runs/tcp-workload-matrix-v1/A03-baseline/build/pbuf.o,
by_pc,2147502616,126,126,252,378,126,0,0,0,0,pbuf_try_get_at,/Users/swchen.tw/git/percepio/poc/runs/tcp-workload-matrix-v1/A03-baseline/build/pbuf.o,
by_pc,2147502618,126,252,504,630,126,126,0,0,0,pbuf_try_get_at,/Users/swchen.tw/git/percepio/poc/runs/tcp-workload-matrix-v1/A03-baseline/build/pbuf.o,
by_pc,2147502622,126,126,252,378,126,0,0,0,0,pbuf_try_get_at,/Users/swchen.tw/git/percepio/poc/runs/tcp-workload-matrix-v1/A03-baseline/build/pbuf.o,
by_pc,2147502626,126,252,504,630,126,126,0,0,0,pbuf_try_get_at,/Users/swchen.tw/git/percepio/poc/runs/tcp-workload-matrix-v1/A03-baseline/build/pbuf.o,
by_pc,2147502628,126,126,252,378,126,0,0,0,0,pbuf_try_get_at,/Users/swchen.tw/git/percepio/poc/runs/tcp-workload-matrix-v1/A03-baseline/build/pbuf.o,
by_pc,2147502630,126,252,504,630,126,126,0,0,0,pbuf_try_get_at,/Users/swchen.tw/git/percepio/poc/runs/tcp-workload-matrix-v1/A03-baseline/build/pbuf.o,
by_pc,2147502634,126,126,252,378,126,0,0,0,0,pbuf_try_get_at,/Users/swchen.tw/git/percepio/poc/runs/tcp-workload-matrix-v1/A03-baseline/build/pbuf.o,
by_pc,2147502658,126,252,504,630,126,126,0,0,0,pbuf_get_at,/Users/swchen.tw/git/percepio/poc/runs/tcp-workload-matrix-v1/A03-baseline/build/pbuf.o,
by_pc,2147502660,126,126,252,378,126,0,0,0,0,pbuf_get_at,/Users/swchen.tw/git/percepio/poc/runs/tcp-workload-matrix-v1/A03-baseline/build/pbuf.o,
by_pc,2147502664,126,126,252,378,126,0,0,0,0,pbuf_get_at,/Users/swchen.tw/git/percepio/poc/runs/tcp-workload-matrix-v1/A03-baseline/build/pbuf.o,
by_pc,2147502666,126,126,252,378,126,0,0,0,0,pbuf_get_at,/Users/swchen.tw/git/percepio/poc/runs/tcp-workload-matrix-v1/A03-baseline/build/pbuf.o,
by_pc,2147502668,126,126,252,378,126,0,0,0,0,pbuf_get_at,/Users/swchen.tw/git/percepio/poc/runs/tcp-workload-matrix-v1/A03-baseline/build/pbuf.o,
by_pc,2147502672,126,126,252,378,126,0,0,0,0,pbuf_get_at,/Users/swchen.tw/git/percepio/poc/runs/tcp-workload-matrix-v1/A03-baseline/build/pbuf.o,
by_pc,2147502674,126,126,252,378,126,0,0,0,0,pbuf_get_at,/Users/swchen.tw/git/percepio/poc/runs/tcp-workload-matrix-v1/A03-baseline/build/pbuf.o,
by_pc,2147495300,126,252,504,630,126,126,0,0,0,on_recv,/Users/swchen.tw/git/percepio/poc/runs/tcp-workload-matrix-v1/A03-baseline/build/tcp_request_response_irq.o,
by_pc,2147495304,126,126,252,378,126,0,0,0,0,on_recv,/Users/swchen.tw/git/percepio/poc/runs/tcp-workload-matrix-v1/A03-baseline/build/tcp_request_response_irq.o,
by_pc,2147495306,126,126,252,378,126,0,0,0,0,on_recv,/Users/swchen.tw/git/percepio/poc/runs/tcp-workload-matrix-v1/A03-baseline/build/tcp_request_response_irq.o,
by_pc,2147495310,126,126,252,378,126,0,0,0,0,on_recv,/Users/swchen.tw/git/percepio/poc/runs/tcp-workload-matrix-v1/A03-baseline/build/tcp_request_response_irq.o,
by_pc,2147495330,126,126,252,378,126,0,0,0,0,on_recv,/Users/swchen.tw/git/percepio/poc/runs/tcp-workload-matrix-v1/A03-baseline/build/tcp_request_response_irq.o,
by_pc,2147495332,126,126,252,378,126,0,0,0,0,on_recv,/Users/swchen.tw/git/percepio/poc/runs/tcp-workload-matrix-v1/A03-baseline/build/tcp_request_response_irq.o,
by_pc,2147495336,2,2,4,6,2,0,0,0,0,on_recv,/Users/swchen.tw/git/percepio/poc/runs/tcp-workload-matrix-v1/A03-baseline/build/tcp_request_response_irq.o,
by_pc,2147495340,2,4,8,10,2,2,0,0,0,on_recv,/Users/swchen.tw/git/percepio/poc/runs/tcp-workload-matrix-v1/A03-baseline/build/tcp_request_response_irq.o,
by_pc,2147495342,2,4,8,10,2,2,0,0,0,on_recv,/Users/swchen.tw/git/percepio/poc/runs/tcp-workload-matrix-v1/A03-baseline/build/tcp_request_response_irq.o,
by_pc,2147495346,2,2,4,6,2,0,0,0,0,on_recv,/Users/swchen.tw/git/percepio/poc/runs/tcp-workload-matrix-v1/A03-baseline/build/tcp_request_response_irq.o,
by_pc,2147495348,2,2,4,6,2,0,0,0,0,on_recv,/Users/swchen.tw/git/percepio/poc/runs/tcp-workload-matrix-v1/A03-baseline/build/tcp_request_response_irq.o,
by_pc,2147495350,2,42,84,86,2,2,16,0,22,on_recv,/Users/swchen.tw/git/percepio/poc/runs/tcp-workload-matrix-v1/A03-baseline/build/tcp_request_response_irq.o,
by_pc,2147495352,2,2,4,6,2,0,0,0,0,on_recv,/Users/swchen.tw/git/percepio/poc/runs/tcp-workload-matrix-v1/A03-baseline/build/tcp_request_response_irq.o,
by_pc,2147503254,2,2,4,6,2,0,0,0,0,tcp_recved,/Users/swchen.tw/git/percepio/poc/runs/tcp-workload-matrix-v1/A03-baseline/build/tcp.o,
by_pc,2147503256,2,2,4,6,2,0,0,0,0,tcp_recved,/Users/swchen.tw/git/percepio/poc/runs/tcp-workload-matrix-v1/A03-baseline/build/tcp.o,
by_pc,2147503258,2,42,84,86,2,2,16,0,22,tcp_recved,/Users/swchen.tw/git/percepio/poc/runs/tcp-workload-matrix-v1/A03-baseline/build/tcp.o,
by_pc,2147503260,2,42,84,86,2,2,16,0,22,tcp_recved,/Users/swchen.tw/git/percepio/poc/runs/tcp-workload-matrix-v1/A03-baseline/build/tcp.o,
by_pc,2147503262,2,4,8,10,2,2,0,0,0,tcp_recved,/Users/swchen.tw/git/percepio/poc/runs/tcp-workload-matrix-v1/A03-baseline/build/tcp.o,
by_pc,2147503266,2,2,4,6,2,0,0,0,0,tcp_recved,/Users/swchen.tw/git/percepio/poc/runs/tcp-workload-matrix-v1/A03-baseline/build/tcp.o,
by_pc,2147503268,2,2,4,6,2,0,0,0,0,tcp_recved,/Users/swchen.tw/git/percepio/poc/runs/tcp-workload-matrix-v1/A03-baseline/build/tcp.o,
by_pc,2147503270,2,2,4,6,2,0,0,0,0,tcp_recved,/Users/swchen.tw/git/percepio/poc/runs/tcp-workload-matrix-v1/A03-baseline/build/tcp.o,
by_pc,2147503272,2,2,4,6,2,0,0,0,0,tcp_recved,/Users/swchen.tw/git/percepio/poc/runs/tcp-workload-matrix-v1/A03-baseline/build/tcp.o,
by_pc,2147503276,2,2,4,6,2,0,0,0,0,tcp_recved,/Users/swchen.tw/git/percepio/poc/runs/tcp-workload-matrix-v1/A03-baseline/build/tcp.o,
by_pc,2147503278,2,2,4,6,2,0,0,0,0,tcp_recved,/Users/swchen.tw/git/percepio/poc/runs/tcp-workload-matrix-v1/A03-baseline/build/tcp.o,
by_pc,2147503282,2,2,4,6,2,0,0,0,0,tcp_recved,/Users/swchen.tw/git/percepio/poc/runs/tcp-workload-matrix-v1/A03-baseline/build/tcp.o,
by_pc,2147503292,2,42,84,86,2,2,16,0,22,tcp_recved,/Users/swchen.tw/git/percepio/poc/runs/tcp-workload-matrix-v1/A03-baseline/build/tcp.o,
by_pc,2147503296,2,10,20,22,2,0,8,0,0,tcp_recved,/Users/swchen.tw/git/percepio/poc/runs/tcp-workload-matrix-v1/A03-baseline/build/tcp.o,
by_pc,2147503298,2,2,4,6,2,0,0,0,0,tcp_recved,/Users/swchen.tw/git/percepio/poc/runs/tcp-workload-matrix-v1/A03-baseline/build/tcp.o,
by_pc,2147503302,2,2,4,6,2,0,0,0,0,tcp_recved,/Users/swchen.tw/git/percepio/poc/runs/tcp-workload-matrix-v1/A03-baseline/build/tcp.o,
by_pc,2147503306,2,2,4,6,2,0,0,0,0,tcp_recved,/Users/swchen.tw/git/percepio/poc/runs/tcp-workload-matrix-v1/A03-baseline/build/tcp.o,
by_pc,2147503334,2,4,8,10,2,2,0,0,0,tcp_recved,/Users/swchen.tw/git/percepio/poc/runs/tcp-workload-matrix-v1/A03-baseline/build/tcp.o,
by_pc,2147503336,2,4,8,10,2,2,0,0,0,tcp_recved,/Users/swchen.tw/git/percepio/poc/runs/tcp-workload-matrix-v1/A03-baseline/build/tcp.o,
by_pc,2147503338,2,2,4,6,2,0,0,0,0,tcp_recved,/Users/swchen.tw/git/percepio/poc/runs/tcp-workload-matrix-v1/A03-baseline/build/tcp.o,
by_pc,2147503340,2,2,4,6,2,0,0,0,0,tcp_recved,/Users/swchen.tw/git/percepio/poc/runs/tcp-workload-matrix-v1/A03-baseline/build/tcp.o,
by_pc,2147495356,2,2,4,6,2,0,0,0,0,on_recv,/Users/swchen.tw/git/percepio/poc/runs/tcp-workload-matrix-v1/A03-baseline/build/tcp_request_response_irq.o,
by_pc,2147495358,2,20,40,42,4,0,16,0,0,on_recv,/Users/swchen.tw/git/percepio/poc/runs/tcp-workload-matrix-v1/A03-baseline/build/tcp_request_response_irq.o,
by_pc,2147495362,2,2,4,6,2,0,0,0,0,on_recv,/Users/swchen.tw/git/percepio/poc/runs/tcp-workload-matrix-v1/A03-baseline/build/tcp_request_response_irq.o,
by_pc,2147495090,3,6,12,15,3,3,0,0,0,on_recv,/Users/swchen.tw/git/percepio/poc/runs/tcp-workload-matrix-v1/A03-baseline/build/tcp_request_response_irq.o,
by_pc,2147495092,3,6,12,15,3,3,0,0,0,on_recv,/Users/swchen.tw/git/percepio/poc/runs/tcp-workload-matrix-v1/A03-baseline/build/tcp_request_response_irq.o,
by_pc,2147495094,3,6,12,15,3,3,0,0,0,on_recv,/Users/swchen.tw/git/percepio/poc/runs/tcp-workload-matrix-v1/A03-baseline/build/tcp_request_response_irq.o,
by_pc,2147495096,3,6,12,15,3,3,0,0,0,on_recv,/Users/swchen.tw/git/percepio/poc/runs/tcp-workload-matrix-v1/A03-baseline/build/tcp_request_response_irq.o,
by_pc,2147495098,3,6,12,15,3,3,0,0,0,on_recv,/Users/swchen.tw/git/percepio/poc/runs/tcp-workload-matrix-v1/A03-baseline/build/tcp_request_response_irq.o,
by_pc,2147495100,3,6,12,15,3,3,0,0,0,on_recv,/Users/swchen.tw/git/percepio/poc/runs/tcp-workload-matrix-v1/A03-baseline/build/tcp_request_response_irq.o,
by_pc,2147495102,3,6,12,15,3,3,0,0,0,on_recv,/Users/swchen.tw/git/percepio/poc/runs/tcp-workload-matrix-v1/A03-baseline/build/tcp_request_response_irq.o,
by_pc,2147495104,3,14,28,31,3,3,8,0,0,on_recv,/Users/swchen.tw/git/percepio/poc/runs/tcp-workload-matrix-v1/A03-baseline/build/tcp_request_response_irq.o,
by_pc,2147495106,3,6,12,15,3,3,0,0,0,on_recv,/Users/swchen.tw/git/percepio/poc/runs/tcp-workload-matrix-v1/A03-baseline/build/tcp_request_response_irq.o,
by_pc,2147495108,3,3,6,9,3,0,0,0,0,on_recv,/Users/swchen.tw/git/percepio/poc/runs/tcp-workload-matrix-v1/A03-baseline/build/tcp_request_response_irq.o,
by_pc,2147495110,3,3,6,9,3,0,0,0,0,on_recv,/Users/swchen.tw/git/percepio/poc/runs/tcp-workload-matrix-v1/A03-baseline/build/tcp_request_response_irq.o,
by_pc,2147495112,3,3,6,9,3,0,0,0,0,on_recv,/Users/swchen.tw/git/percepio/poc/runs/tcp-workload-matrix-v1/A03-baseline/build/tcp_request_response_irq.o,
by_pc,2147512194,2,2,4,6,2,0,0,0,0,tcp_input,/Users/swchen.tw/git/percepio/poc/runs/tcp-workload-matrix-v1/A03-baseline/build/tcp_in.o,
by_pc,2147512196,2,2,4,6,2,0,0,0,0,tcp_input,/Users/swchen.tw/git/percepio/poc/runs/tcp-workload-matrix-v1/A03-baseline/build/tcp_in.o,
by_pc,2147512200,2,2,4,6,2,0,0,0,0,tcp_input,/Users/swchen.tw/git/percepio/poc/runs/tcp-workload-matrix-v1/A03-baseline/build/tcp_in.o,
by_pc,2147498356,2,4,8,10,2,2,0,0,0,session_task,/Users/swchen.tw/git/percepio/poc/runs/tcp-workload-matrix-v1/A03-baseline/build/tcp_request_response_irq.o,
by_pc,2147498358,2,4,8,10,2,2,0,0,0,session_task,/Users/swchen.tw/git/percepio/poc/runs/tcp-workload-matrix-v1/A03-baseline/build/tcp_request_response_irq.o,
by_pc,2147498362,2,2,4,6,2,0,0,0,0,session_task,/Users/swchen.tw/git/percepio/poc/runs/tcp-workload-matrix-v1/A03-baseline/build/tcp_request_response_irq.o,
by_pc,2147498366,2,42,84,86,2,2,16,0,22,session_task,/Users/swchen.tw/git/percepio/poc/runs/tcp-workload-matrix-v1/A03-baseline/build/tcp_request_response_irq.o,
by_pc,2147498368,2,38,76,78,2,2,16,18,0,session_task,/Users/swchen.tw/git/percepio/poc/runs/tcp-workload-matrix-v1/A03-baseline/build/tcp_request_response_irq.o,
by_pc,2147498372,2,2,4,6,2,0,0,0,0,session_task,/Users/swchen.tw/git/percepio/poc/runs/tcp-workload-matrix-v1/A03-baseline/build/tcp_request_response_irq.o,
by_pc,2147498374,2,2,4,6,2,0,0,0,0,session_task,/Users/swchen.tw/git/percepio/poc/runs/tcp-workload-matrix-v1/A03-baseline/build/tcp_request_response_irq.o,
by_pc,2147498378,2,2,4,6,2,0,0,0,0,session_task,/Users/swchen.tw/git/percepio/poc/runs/tcp-workload-matrix-v1/A03-baseline/build/tcp_request_response_irq.o,
by_pc,2147498398,2,2,4,6,2,0,0,0,0,session_task,/Users/swchen.tw/git/percepio/poc/runs/tcp-workload-matrix-v1/A03-baseline/build/tcp_request_response_irq.o,
by_pc,2147498402,2,4,8,10,2,2,0,0,0,session_task,/Users/swchen.tw/git/percepio/poc/runs/tcp-workload-matrix-v1/A03-baseline/build/tcp_request_response_irq.o,
by_pc,2147498406,2,2,4,6,2,0,0,0,0,session_task,/Users/swchen.tw/git/percepio/poc/runs/tcp-workload-matrix-v1/A03-baseline/build/tcp_request_response_irq.o,
by_pc,2147498418,2,2,4,6,2,0,0,0,0,session_task,/Users/swchen.tw/git/percepio/poc/runs/tcp-workload-matrix-v1/A03-baseline/build/tcp_request_response_irq.o,
by_pc,2147498420,2,2,4,6,2,0,0,0,0,session_task,/Users/swchen.tw/git/percepio/poc/runs/tcp-workload-matrix-v1/A03-baseline/build/tcp_request_response_irq.o,
by_pc,2147498424,2,2,4,6,2,0,0,0,0,session_task,/Users/swchen.tw/git/percepio/poc/runs/tcp-workload-matrix-v1/A03-baseline/build/tcp_request_response_irq.o,
by_pc,2147498428,8,64,128,136,8,8,48,0,0,session_task,/Users/swchen.tw/git/percepio/poc/runs/tcp-workload-matrix-v1/A03-baseline/build/tcp_request_response_irq.o,
by_pc,2147498432,8,90,180,188,8,0,64,18,0,session_task,/Users/swchen.tw/git/percepio/poc/runs/tcp-workload-matrix-v1/A03-baseline/build/tcp_request_response_irq.o,
by_pc,2147498450,8,16,32,40,8,8,0,0,0,session_task,/Users/swchen.tw/git/percepio/poc/runs/tcp-workload-matrix-v1/A03-baseline/build/tcp_request_response_irq.o,
by_pc,2147498454,8,8,16,24,8,0,0,0,0,session_task,/Users/swchen.tw/git/percepio/poc/runs/tcp-workload-matrix-v1/A03-baseline/build/tcp_request_response_irq.o,
by_pc,2147498456,8,8,16,24,8,0,0,0,0,session_task,/Users/swchen.tw/git/percepio/poc/runs/tcp-workload-matrix-v1/A03-baseline/build/tcp_request_response_irq.o,
by_pc,2147498458,11680,11680,23360,35040,11680,0,0,0,0,session_task,/Users/swchen.tw/git/percepio/poc/runs/tcp-workload-matrix-v1/A03-baseline/build/tcp_request_response_irq.o,
by_pc,2147498462,11680,11680,23360,35040,11680,0,0,0,0,session_task,/Users/swchen.tw/git/percepio/poc/runs/tcp-workload-matrix-v1/A03-baseline/build/tcp_request_response_irq.o,
by_pc,2147498466,11680,11680,23360,35040,11680,0,0,0,0,session_task,/Users/swchen.tw/git/percepio/poc/runs/tcp-workload-matrix-v1/A03-baseline/build/tcp_request_response_irq.o,
by_pc,2147498470,11680,11680,23360,35040,11680,0,0,0,0,session_task,/Users/swchen.tw/git/percepio/poc/runs/tcp-workload-matrix-v1/A03-baseline/build/tcp_request_response_irq.o,
by_pc,2147498472,11680,11680,23360,35040,11680,0,0,0,0,session_task,/Users/swchen.tw/git/percepio/poc/runs/tcp-workload-matrix-v1/A03-baseline/build/tcp_request_response_irq.o,
by_pc,2147498476,11680,11680,23360,35040,11680,0,0,0,0,session_task,/Users/swchen.tw/git/percepio/poc/runs/tcp-workload-matrix-v1/A03-baseline/build/tcp_request_response_irq.o,
by_pc,2147498478,11680,11680,23360,35040,11680,0,0,0,0,session_task,/Users/swchen.tw/git/percepio/poc/runs/tcp-workload-matrix-v1/A03-baseline/build/tcp_request_response_irq.o,
by_pc,2147498480,11680,245730,491460,503140,11680,11680,93440,450,128480,session_task,/Users/swchen.tw/git/percepio/poc/runs/tcp-workload-matrix-v1/A03-baseline/build/tcp_request_response_irq.o,
by_pc,2147498484,11680,11680,23360,35040,11680,0,0,0,0,session_task,/Users/swchen.tw/git/percepio/poc/runs/tcp-workload-matrix-v1/A03-baseline/build/tcp_request_response_irq.o,
by_pc,2147498488,8,8,16,24,8,0,0,0,0,session_task,/Users/swchen.tw/git/percepio/poc/runs/tcp-workload-matrix-v1/A03-baseline/build/tcp_request_response_irq.o,
by_pc,2147498492,8,8,16,24,8,0,0,0,0,session_task,/Users/swchen.tw/git/percepio/poc/runs/tcp-workload-matrix-v1/A03-baseline/build/tcp_request_response_irq.o,
by_pc,2147498496,8,98,196,204,8,8,64,18,0,session_task,/Users/swchen.tw/git/percepio/poc/runs/tcp-workload-matrix-v1/A03-baseline/build/tcp_request_response_irq.o,
by_pc,2147498500,8,8,16,24,8,0,0,0,0,session_task,/Users/swchen.tw/git/percepio/poc/runs/tcp-workload-matrix-v1/A03-baseline/build/tcp_request_response_irq.o,
by_pc,2147498502,8,8,16,24,8,0,0,0,0,session_task,/Users/swchen.tw/git/percepio/poc/runs/tcp-workload-matrix-v1/A03-baseline/build/tcp_request_response_irq.o,
by_pc,2147498504,8,8,16,24,8,0,0,0,0,session_task,/Users/swchen.tw/git/percepio/poc/runs/tcp-workload-matrix-v1/A03-baseline/build/tcp_request_response_irq.o,
by_pc,2147498508,8,8,16,24,8,0,0,0,0,session_task,/Users/swchen.tw/git/percepio/poc/runs/tcp-workload-matrix-v1/A03-baseline/build/tcp_request_response_irq.o,
by_pc,2147498512,8,168,336,344,8,8,64,0,88,session_task,/Users/swchen.tw/git/percepio/poc/runs/tcp-workload-matrix-v1/A03-baseline/build/tcp_request_response_irq.o,
by_pc,2147498514,8,168,336,344,8,8,64,0,88,session_task,/Users/swchen.tw/git/percepio/poc/runs/tcp-workload-matrix-v1/A03-baseline/build/tcp_request_response_irq.o,
by_pc,2147498518,8,168,336,344,8,8,64,0,88,session_task,/Users/swchen.tw/git/percepio/poc/runs/tcp-workload-matrix-v1/A03-baseline/build/tcp_request_response_irq.o,
by_pc,2147498522,8,8,16,24,8,0,0,0,0,session_task,/Users/swchen.tw/git/percepio/poc/runs/tcp-workload-matrix-v1/A03-baseline/build/tcp_request_response_irq.o,
by_pc,2147513088,8,90,180,188,8,0,64,18,0,tcp_write,/Users/swchen.tw/git/percepio/poc/runs/tcp-workload-matrix-v1/A03-baseline/build/tcp_out.o,
by_pc,2147513092,8,8,16,24,8,0,0,0,0,tcp_write,/Users/swchen.tw/git/percepio/poc/runs/tcp-workload-matrix-v1/A03-baseline/build/tcp_out.o,
by_pc,2147513094,8,168,336,344,8,8,64,0,88,tcp_write,/Users/swchen.tw/git/percepio/poc/runs/tcp-workload-matrix-v1/A03-baseline/build/tcp_out.o,
by_pc,2147513096,8,168,336,344,8,8,64,0,88,tcp_write,/Users/swchen.tw/git/percepio/poc/runs/tcp-workload-matrix-v1/A03-baseline/build/tcp_out.o,
by_pc,2147513098,8,168,336,344,8,8,64,0,88,tcp_write,/Users/swchen.tw/git/percepio/poc/runs/tcp-workload-matrix-v1/A03-baseline/build/tcp_out.o,
by_pc,2147513100,8,168,336,344,8,8,64,0,88,tcp_write,/Users/swchen.tw/git/percepio/poc/runs/tcp-workload-matrix-v1/A03-baseline/build/tcp_out.o,
by_pc,2147513102,8,168,336,344,8,8,64,0,88,tcp_write,/Users/swchen.tw/git/percepio/poc/runs/tcp-workload-matrix-v1/A03-baseline/build/tcp_out.o,
by_pc,2147513104,8,168,336,344,8,8,64,0,88,tcp_write,/Users/swchen.tw/git/percepio/poc/runs/tcp-workload-matrix-v1/A03-baseline/build/tcp_out.o,
by_pc,2147513106,8,168,336,344,8,8,64,0,88,tcp_write,/Users/swchen.tw/git/percepio/poc/runs/tcp-workload-matrix-v1/A03-baseline/build/tcp_out.o,
by_pc,2147513108,8,168,336,344,8,8,64,0,88,tcp_write,/Users/swchen.tw/git/percepio/poc/runs/tcp-workload-matrix-v1/A03-baseline/build/tcp_out.o,
by_pc,2147513110,8,168,336,344,8,8,64,0,88,tcp_write,/Users/swchen.tw/git/percepio/poc/runs/tcp-workload-matrix-v1/A03-baseline/build/tcp_out.o,
by_pc,2147513112,8,168,336,344,8,8,64,0,88,tcp_write,/Users/swchen.tw/git/percepio/poc/runs/tcp-workload-matrix-v1/A03-baseline/build/tcp_out.o,
by_pc,2147513114,8,168,336,344,8,8,64,0,88,tcp_write,/Users/swchen.tw/git/percepio/poc/runs/tcp-workload-matrix-v1/A03-baseline/build/tcp_out.o,
by_pc,2147513116,8,168,336,344,8,8,64,0,88,tcp_write,/Users/swchen.tw/git/percepio/poc/runs/tcp-workload-matrix-v1/A03-baseline/build/tcp_out.o,
by_pc,2147513118,8,168,336,344,8,8,64,0,88,tcp_write,/Users/swchen.tw/git/percepio/poc/runs/tcp-workload-matrix-v1/A03-baseline/build/tcp_out.o,
by_pc,2147513120,8,16,32,40,8,8,0,0,0,tcp_write,/Users/swchen.tw/git/percepio/poc/runs/tcp-workload-matrix-v1/A03-baseline/build/tcp_out.o,
by_pc,2147513124,8,16,32,40,8,8,0,0,0,tcp_write,/Users/swchen.tw/git/percepio/poc/runs/tcp-workload-matrix-v1/A03-baseline/build/tcp_out.o,
by_pc,2147513128,8,8,16,24,8,0,0,0,0,tcp_write,/Users/swchen.tw/git/percepio/poc/runs/tcp-workload-matrix-v1/A03-baseline/build/tcp_out.o,
by_pc,2147513130,8,8,16,24,8,0,0,0,0,tcp_write,/Users/swchen.tw/git/percepio/poc/runs/tcp-workload-matrix-v1/A03-baseline/build/tcp_out.o,
by_pc,2147513132,8,8,16,24,8,0,0,0,0,tcp_write,/Users/swchen.tw/git/percepio/poc/runs/tcp-workload-matrix-v1/A03-baseline/build/tcp_out.o,
by_pc,2147513134,8,8,16,24,8,0,0,0,0,tcp_write,/Users/swchen.tw/git/percepio/poc/runs/tcp-workload-matrix-v1/A03-baseline/build/tcp_out.o,
by_pc,2147513138,8,8,16,24,8,0,0,0,0,tcp_write,/Users/swchen.tw/git/percepio/poc/runs/tcp-workload-matrix-v1/A03-baseline/build/tcp_out.o,
by_pc,2147513140,8,8,16,24,8,0,0,0,0,tcp_write,/Users/swchen.tw/git/percepio/poc/runs/tcp-workload-matrix-v1/A03-baseline/build/tcp_out.o,
by_pc,2147513142,8,8,16,24,8,0,0,0,0,tcp_write,/Users/swchen.tw/git/percepio/poc/runs/tcp-workload-matrix-v1/A03-baseline/build/tcp_out.o,
by_pc,2147513144,8,8,16,24,8,0,0,0,0,tcp_write,/Users/swchen.tw/git/percepio/poc/runs/tcp-workload-matrix-v1/A03-baseline/build/tcp_out.o,
by_pc,2147513146,8,8,16,24,8,0,0,0,0,tcp_write,/Users/swchen.tw/git/percepio/poc/runs/tcp-workload-matrix-v1/A03-baseline/build/tcp_out.o,
by_pc,2147513148,8,8,16,24,8,0,0,0,0,tcp_write,/Users/swchen.tw/git/percepio/poc/runs/tcp-workload-matrix-v1/A03-baseline/build/tcp_out.o,
by_pc,2147513150,8,8,16,24,8,0,0,0,0,tcp_write,/Users/swchen.tw/git/percepio/poc/runs/tcp-workload-matrix-v1/A03-baseline/build/tcp_out.o,
by_pc,2147513152,8,76,152,160,8,8,24,36,0,tcp_write,/Users/swchen.tw/git/percepio/poc/runs/tcp-workload-matrix-v1/A03-baseline/build/tcp_out.o,
by_pc,2147513154,8,8,16,24,8,0,0,0,0,tcp_write,/Users/swchen.tw/git/percepio/poc/runs/tcp-workload-matrix-v1/A03-baseline/build/tcp_out.o,
by_pc,2147513158,8,8,16,24,8,0,0,0,0,tcp_write,/Users/swchen.tw/git/percepio/poc/runs/tcp-workload-matrix-v1/A03-baseline/build/tcp_out.o,
by_pc,2147513162,8,8,16,24,8,0,0,0,0,tcp_write,/Users/swchen.tw/git/percepio/poc/runs/tcp-workload-matrix-v1/A03-baseline/build/tcp_out.o,
by_pc,2147513170,8,8,16,24,8,0,0,0,0,tcp_write,/Users/swchen.tw/git/percepio/poc/runs/tcp-workload-matrix-v1/A03-baseline/build/tcp_out.o,
by_pc,2147513172,8,16,32,40,8,8,0,0,0,tcp_write,/Users/swchen.tw/git/percepio/poc/runs/tcp-workload-matrix-v1/A03-baseline/build/tcp_out.o,
by_pc,2147513176,8,8,16,24,8,0,0,0,0,tcp_write,/Users/swchen.tw/git/percepio/poc/runs/tcp-workload-matrix-v1/A03-baseline/build/tcp_out.o,
by_pc,2147513224,8,68,136,144,8,8,16,36,0,tcp_write,/Users/swchen.tw/git/percepio/poc/runs/tcp-workload-matrix-v1/A03-baseline/build/tcp_out.o,
by_pc,2147513228,8,8,16,24,8,0,0,0,0,tcp_write,/Users/swchen.tw/git/percepio/poc/runs/tcp-workload-matrix-v1/A03-baseline/build/tcp_out.o,
by_pc,2147513230,8,8,16,24,8,0,0,0,0,tcp_write,/Users/swchen.tw/git/percepio/poc/runs/tcp-workload-matrix-v1/A03-baseline/build/tcp_out.o,
by_pc,2147513254,8,16,32,40,8,8,0,0,0,tcp_write,/Users/swchen.tw/git/percepio/poc/runs/tcp-workload-matrix-v1/A03-baseline/build/tcp_out.o,
by_pc,2147513258,8,16,32,40,8,8,0,0,0,tcp_write,/Users/swchen.tw/git/percepio/poc/runs/tcp-workload-matrix-v1/A03-baseline/build/tcp_out.o,
by_pc,2147513262,8,8,16,24,8,0,0,0,0,tcp_write,/Users/swchen.tw/git/percepio/poc/runs/tcp-workload-matrix-v1/A03-baseline/build/tcp_out.o,
by_pc,2147513264,8,8,16,24,8,0,0,0,0,tcp_write,/Users/swchen.tw/git/percepio/poc/runs/tcp-workload-matrix-v1/A03-baseline/build/tcp_out.o,
by_pc,2147513266,8,8,16,24,8,0,0,0,0,tcp_write,/Users/swchen.tw/git/percepio/poc/runs/tcp-workload-matrix-v1/A03-baseline/build/tcp_out.o,
by_pc,2147513268,8,8,16,24,8,0,0,0,0,tcp_write,/Users/swchen.tw/git/percepio/poc/runs/tcp-workload-matrix-v1/A03-baseline/build/tcp_out.o,
by_pc,2147513734,8,90,180,188,8,0,64,18,0,tcp_write,/Users/swchen.tw/git/percepio/poc/runs/tcp-workload-matrix-v1/A03-baseline/build/tcp_out.o,
by_pc,2147513736,8,8,16,24,8,0,0,0,0,tcp_write,/Users/swchen.tw/git/percepio/poc/runs/tcp-workload-matrix-v1/A03-baseline/build/tcp_out.o,
by_pc,2147513738,8,8,16,24,8,0,0,0,0,tcp_write,/Users/swchen.tw/git/percepio/poc/runs/tcp-workload-matrix-v1/A03-baseline/build/tcp_out.o,
by_pc,2147513740,8,8,16,24,8,0,0,0,0,tcp_write,/Users/swchen.tw/git/percepio/poc/runs/tcp-workload-matrix-v1/A03-baseline/build/tcp_out.o,
by_pc,2147513742,8,8,16,24,8,0,0,0,0,tcp_write,/Users/swchen.tw/git/percepio/poc/runs/tcp-workload-matrix-v1/A03-baseline/build/tcp_out.o,
by_pc,2147513384,8,90,180,188,8,0,64,18,0,tcp_write,/Users/swchen.tw/git/percepio/poc/runs/tcp-workload-matrix-v1/A03-baseline/build/tcp_out.o,
by_pc,2147513388,8,8,16,24,8,0,0,0,0,tcp_write,/Users/swchen.tw/git/percepio/poc/runs/tcp-workload-matrix-v1/A03-baseline/build/tcp_out.o,
by_pc,2147513390,8,168,336,344,8,8,64,0,88,tcp_write,/Users/swchen.tw/git/percepio/poc/runs/tcp-workload-matrix-v1/A03-baseline/build/tcp_out.o,
by_pc,2147513392,8,168,336,344,8,8,64,0,88,tcp_write,/Users/swchen.tw/git/percepio/poc/runs/tcp-workload-matrix-v1/A03-baseline/build/tcp_out.o,
by_pc,2147513396,8,168,336,344,8,8,64,0,88,tcp_write,/Users/swchen.tw/git/percepio/poc/runs/tcp-workload-matrix-v1/A03-baseline/build/tcp_out.o,
by_pc,2147513398,8,8,16,24,8,0,0,0,0,tcp_write,/Users/swchen.tw/git/percepio/poc/runs/tcp-workload-matrix-v1/A03-baseline/build/tcp_out.o,
by_pc,2147513694,16,98,196,212,16,0,64,18,0,tcp_write,/Users/swchen.tw/git/percepio/poc/runs/tcp-workload-matrix-v1/A03-baseline/build/tcp_out.o,
by_pc,2147513456,8,42,84,92,8,0,16,18,0,tcp_write,/Users/swchen.tw/git/percepio/poc/runs/tcp-workload-matrix-v1/A03-baseline/build/tcp_out.o,
by_pc,2147513460,8,8,16,24,8,0,0,0,0,tcp_write,/Users/swchen.tw/git/percepio/poc/runs/tcp-workload-matrix-v1/A03-baseline/build/tcp_out.o,
by_pc,2147513462,8,8,16,24,8,0,0,0,0,tcp_write,/Users/swchen.tw/git/percepio/poc/runs/tcp-workload-matrix-v1/A03-baseline/build/tcp_out.o,
by_pc,2147513464,8,8,16,24,8,0,0,0,0,tcp_write,/Users/swchen.tw/git/percepio/poc/runs/tcp-workload-matrix-v1/A03-baseline/build/tcp_out.o,
by_pc,2147513466,8,8,16,24,8,0,0,0,0,tcp_write,/Users/swchen.tw/git/percepio/poc/runs/tcp-workload-matrix-v1/A03-baseline/build/tcp_out.o,
by_pc,2147513474,8,42,84,92,8,0,16,18,0,tcp_write,/Users/swchen.tw/git/percepio/poc/runs/tcp-workload-matrix-v1/A03-baseline/build/tcp_out.o,
by_pc,2147513478,8,8,16,24,8,0,0,0,0,tcp_write,/Users/swchen.tw/git/percepio/poc/runs/tcp-workload-matrix-v1/A03-baseline/build/tcp_out.o,
by_pc,2147513480,8,168,336,344,8,8,64,0,88,tcp_write,/Users/swchen.tw/git/percepio/poc/runs/tcp-workload-matrix-v1/A03-baseline/build/tcp_out.o,
by_pc,2147513482,8,16,32,40,8,8,0,0,0,tcp_write,/Users/swchen.tw/git/percepio/poc/runs/tcp-workload-matrix-v1/A03-baseline/build/tcp_out.o,
by_pc,2147513484,8,8,16,24,8,0,0,0,0,tcp_write,/Users/swchen.tw/git/percepio/poc/runs/tcp-workload-matrix-v1/A03-baseline/build/tcp_out.o,
by_pc,2147513542,8,58,116,124,8,8,24,18,0,tcp_write,/Users/swchen.tw/git/percepio/poc/runs/tcp-workload-matrix-v1/A03-baseline/build/tcp_out.o,
by_pc,2147513544,8,8,16,24,8,0,0,0,0,tcp_write,/Users/swchen.tw/git/percepio/poc/runs/tcp-workload-matrix-v1/A03-baseline/build/tcp_out.o,
by_pc,2147513546,8,8,16,24,8,0,0,0,0,tcp_write,/Users/swchen.tw/git/percepio/poc/runs/tcp-workload-matrix-v1/A03-baseline/build/tcp_out.o,
by_pc,2147513550,8,8,16,24,8,0,0,0,0,tcp_write,/Users/swchen.tw/git/percepio/poc/runs/tcp-workload-matrix-v1/A03-baseline/build/tcp_out.o,
by_pc,2147501846,8,8,16,24,8,0,0,0,0,pbuf_alloc,/Users/swchen.tw/git/percepio/poc/runs/tcp-workload-matrix-v1/A03-baseline/build/pbuf.o,
by_pc,2147501850,8,8,16,24,8,0,0,0,0,pbuf_alloc,/Users/swchen.tw/git/percepio/poc/runs/tcp-workload-matrix-v1/A03-baseline/build/pbuf.o,
by_pc,2147501852,8,8,16,24,8,0,0,0,0,pbuf_alloc,/Users/swchen.tw/git/percepio/poc/runs/tcp-workload-matrix-v1/A03-baseline/build/pbuf.o,
by_pc,2147501856,8,16,32,40,8,8,0,0,0,pbuf_alloc,/Users/swchen.tw/git/percepio/poc/runs/tcp-workload-matrix-v1/A03-baseline/build/pbuf.o,
by_pc,2147501858,8,16,32,40,8,8,0,0,0,pbuf_alloc,/Users/swchen.tw/git/percepio/poc/runs/tcp-workload-matrix-v1/A03-baseline/build/pbuf.o,
by_pc,2147501860,8,16,32,40,8,8,0,0,0,pbuf_alloc,/Users/swchen.tw/git/percepio/poc/runs/tcp-workload-matrix-v1/A03-baseline/build/pbuf.o,
by_pc,2147501862,8,16,32,40,8,8,0,0,0,pbuf_alloc,/Users/swchen.tw/git/percepio/poc/runs/tcp-workload-matrix-v1/A03-baseline/build/pbuf.o,
by_pc,2147501864,8,16,32,40,8,8,0,0,0,pbuf_alloc,/Users/swchen.tw/git/percepio/poc/runs/tcp-workload-matrix-v1/A03-baseline/build/pbuf.o,
by_pc,2147501866,8,16,32,40,8,8,0,0,0,pbuf_alloc,/Users/swchen.tw/git/percepio/poc/runs/tcp-workload-matrix-v1/A03-baseline/build/pbuf.o,
by_pc,2147501868,8,16,32,40,8,8,0,0,0,pbuf_alloc,/Users/swchen.tw/git/percepio/poc/runs/tcp-workload-matrix-v1/A03-baseline/build/pbuf.o,
by_pc,2147501870,8,8,16,24,8,0,0,0,0,pbuf_alloc,/Users/swchen.tw/git/percepio/poc/runs/tcp-workload-matrix-v1/A03-baseline/build/pbuf.o,
by_pc,2147501872,8,8,16,24,8,0,0,0,0,pbuf_alloc,/Users/swchen.tw/git/percepio/poc/runs/tcp-workload-matrix-v1/A03-baseline/build/pbuf.o,
by_pc,2147501874,8,8,16,24,8,0,0,0,0,pbuf_alloc,/Users/swchen.tw/git/percepio/poc/runs/tcp-workload-matrix-v1/A03-baseline/build/pbuf.o,
by_pc,2147501566,8,72,144,152,8,0,64,0,0,pbuf_alloc_reference,/Users/swchen.tw/git/percepio/poc/runs/tcp-workload-matrix-v1/A03-baseline/build/pbuf.o,
by_pc,2147501568,8,250,500,508,8,8,128,18,88,pbuf_alloc_reference,/Users/swchen.tw/git/percepio/poc/runs/tcp-workload-matrix-v1/A03-baseline/build/pbuf.o,
by_pc,2147501570,8,8,16,24,8,0,0,0,0,pbuf_alloc_reference,/Users/swchen.tw/git/percepio/poc/runs/tcp-workload-matrix-v1/A03-baseline/build/pbuf.o,
by_pc,2147501572,8,8,16,24,8,0,0,0,0,pbuf_alloc_reference,/Users/swchen.tw/git/percepio/poc/runs/tcp-workload-matrix-v1/A03-baseline/build/pbuf.o,
by_pc,2147501574,8,168,336,344,8,8,64,0,88,pbuf_alloc_reference,/Users/swchen.tw/git/percepio/poc/runs/tcp-workload-matrix-v1/A03-baseline/build/pbuf.o,
by_pc,2147501576,8,168,336,344,8,8,64,0,88,pbuf_alloc_reference,/Users/swchen.tw/git/percepio/poc/runs/tcp-workload-matrix-v1/A03-baseline/build/pbuf.o,
by_pc,2147501578,8,168,336,344,8,8,64,0,88,pbuf_alloc_reference,/Users/swchen.tw/git/percepio/poc/runs/tcp-workload-matrix-v1/A03-baseline/build/pbuf.o,
by_pc,2147501580,8,8,16,24,8,0,0,0,0,pbuf_alloc_reference,/Users/swchen.tw/git/percepio/poc/runs/tcp-workload-matrix-v1/A03-baseline/build/pbuf.o,
by_pc,2147501584,8,8,16,24,8,0,0,0,0,pbuf_alloc_reference,/Users/swchen.tw/git/percepio/poc/runs/tcp-workload-matrix-v1/A03-baseline/build/pbuf.o,
by_pc,2147501586,8,16,32,40,8,8,0,0,0,pbuf_alloc_reference,/Users/swchen.tw/git/percepio/poc/runs/tcp-workload-matrix-v1/A03-baseline/build/pbuf.o,
by_pc,2147501588,8,16,32,40,8,8,0,0,0,pbuf_alloc_reference,/Users/swchen.tw/git/percepio/poc/runs/tcp-workload-matrix-v1/A03-baseline/build/pbuf.o,
by_pc,2147501590,8,8,16,24,8,0,0,0,0,pbuf_alloc_reference,/Users/swchen.tw/git/percepio/poc/runs/tcp-workload-matrix-v1/A03-baseline/build/pbuf.o,
by_pc,2147501592,8,168,336,344,8,8,64,0,88,pbuf_alloc_reference,/Users/swchen.tw/git/percepio/poc/runs/tcp-workload-matrix-v1/A03-baseline/build/pbuf.o,
by_pc,2147501596,8,168,336,344,8,8,64,0,88,pbuf_alloc_reference,/Users/swchen.tw/git/percepio/poc/runs/tcp-workload-matrix-v1/A03-baseline/build/pbuf.o,
by_pc,2147501598,8,168,336,344,8,8,64,0,88,pbuf_alloc_reference,/Users/swchen.tw/git/percepio/poc/runs/tcp-workload-matrix-v1/A03-baseline/build/pbuf.o,
by_pc,2147501602,8,168,336,344,8,8,64,0,88,pbuf_alloc_reference,/Users/swchen.tw/git/percepio/poc/runs/tcp-workload-matrix-v1/A03-baseline/build/pbuf.o,
by_pc,2147501606,8,168,336,344,8,8,64,0,88,pbuf_alloc_reference,/Users/swchen.tw/git/percepio/poc/runs/tcp-workload-matrix-v1/A03-baseline/build/pbuf.o,
by_pc,2147501610,8,168,336,344,8,8,64,0,88,pbuf_alloc_reference,/Users/swchen.tw/git/percepio/poc/runs/tcp-workload-matrix-v1/A03-baseline/build/pbuf.o,
by_pc,2147501614,8,168,336,344,8,8,64,0,88,pbuf_alloc_reference,/Users/swchen.tw/git/percepio/poc/runs/tcp-workload-matrix-v1/A03-baseline/build/pbuf.o,
by_pc,2147501618,8,16,32,40,8,8,0,0,0,pbuf_alloc_reference,/Users/swchen.tw/git/percepio/poc/runs/tcp-workload-matrix-v1/A03-baseline/build/pbuf.o,
by_pc,2147501620,8,16,32,40,8,8,0,0,0,pbuf_alloc_reference,/Users/swchen.tw/git/percepio/poc/runs/tcp-workload-matrix-v1/A03-baseline/build/pbuf.o,
by_pc,2147501622,8,8,16,24,8,0,0,0,0,pbuf_alloc_reference,/Users/swchen.tw/git/percepio/poc/runs/tcp-workload-matrix-v1/A03-baseline/build/pbuf.o,
by_pc,2147501624,8,8,16,24,8,0,0,0,0,pbuf_alloc_reference,/Users/swchen.tw/git/percepio/poc/runs/tcp-workload-matrix-v1/A03-baseline/build/pbuf.o,
by_pc,2147513554,8,8,16,24,8,0,0,0,0,tcp_write,/Users/swchen.tw/git/percepio/poc/runs/tcp-workload-matrix-v1/A03-baseline/build/tcp_out.o,
by_pc,2147513556,8,8,16,24,8,0,0,0,0,tcp_write,/Users/swchen.tw/git/percepio/poc/runs/tcp-workload-matrix-v1/A03-baseline/build/tcp_out.o,
by_pc,2147513560,8,168,336,344,8,8,64,0,88,tcp_write,/Users/swchen.tw/git/percepio/poc/runs/tcp-workload-matrix-v1/A03-baseline/build/tcp_out.o,
by_pc,2147513562,8,168,336,344,8,8,64,0,88,tcp_write,/Users/swchen.tw/git/percepio/poc/runs/tcp-workload-matrix-v1/A03-baseline/build/tcp_out.o,
by_pc,2147513564,8,8,16,24,8,0,0,0,0,tcp_write,/Users/swchen.tw/git/percepio/poc/runs/tcp-workload-matrix-v1/A03-baseline/build/tcp_out.o,
by_pc,2147513568,8,8,16,24,8,0,0,0,0,tcp_write,/Users/swchen.tw/git/percepio/poc/runs/tcp-workload-matrix-v1/A03-baseline/build/tcp_out.o,
by_pc,2147513570,8,8,16,24,8,0,0,0,0,tcp_write,/Users/swchen.tw/git/percepio/poc/runs/tcp-workload-matrix-v1/A03-baseline/build/tcp_out.o,
by_pc,2147513574,8,8,16,24,8,0,0,0,0,tcp_write,/Users/swchen.tw/git/percepio/poc/runs/tcp-workload-matrix-v1/A03-baseline/build/tcp_out.o,
by_pc,2147513578,8,16,32,40,8,8,0,0,0,tcp_write,/Users/swchen.tw/git/percepio/poc/runs/tcp-workload-matrix-v1/A03-baseline/build/tcp_out.o,
by_pc,2147513580,8,8,16,24,8,0,0,0,0,tcp_write,/Users/swchen.tw/git/percepio/poc/runs/tcp-workload-matrix-v1/A03-baseline/build/tcp_out.o,
by_pc,2147513582,8,8,16,24,8,0,0,0,0,tcp_write,/Users/swchen.tw/git/percepio/poc/runs/tcp-workload-matrix-v1/A03-baseline/build/tcp_out.o,
by_pc,2147513644,8,90,180,188,8,0,64,18,0,tcp_write,/Users/swchen.tw/git/percepio/poc/runs/tcp-workload-matrix-v1/A03-baseline/build/tcp_out.o,
by_pc,2147513646,8,8,16,24,8,0,0,0,0,tcp_write,/Users/swchen.tw/git/percepio/poc/runs/tcp-workload-matrix-v1/A03-baseline/build/tcp_out.o,
by_pc,2147502234,8,8,16,24,8,0,0,0,0,pbuf_cat,/Users/swchen.tw/git/percepio/poc/runs/tcp-workload-matrix-v1/A03-baseline/build/pbuf.o,
by_pc,2147502236,8,8,16,24,8,0,0,0,0,pbuf_cat,/Users/swchen.tw/git/percepio/poc/runs/tcp-workload-matrix-v1/A03-baseline/build/pbuf.o,
by_pc,2147502242,8,16,32,40,8,8,0,0,0,pbuf_cat,/Users/swchen.tw/git/percepio/poc/runs/tcp-workload-matrix-v1/A03-baseline/build/pbuf.o,
by_pc,2147502246,8,16,32,40,8,8,0,0,0,pbuf_cat,/Users/swchen.tw/git/percepio/poc/runs/tcp-workload-matrix-v1/A03-baseline/build/pbuf.o,
by_pc,2147502250,8,16,32,40,8,8,0,0,0,pbuf_cat,/Users/swchen.tw/git/percepio/poc/runs/tcp-workload-matrix-v1/A03-baseline/build/pbuf.o,
by_pc,2147502252,8,8,16,24,8,0,0,0,0,pbuf_cat,/Users/swchen.tw/git/percepio/poc/runs/tcp-workload-matrix-v1/A03-baseline/build/pbuf.o,
by_pc,2147502254,8,168,336,344,8,8,64,0,88,pbuf_cat,/Users/swchen.tw/git/percepio/poc/runs/tcp-workload-matrix-v1/A03-baseline/build/pbuf.o,
by_pc,2147502258,8,8,16,24,8,0,0,0,0,pbuf_cat,/Users/swchen.tw/git/percepio/poc/runs/tcp-workload-matrix-v1/A03-baseline/build/pbuf.o,
by_pc,2147502260,8,168,336,344,8,8,64,0,88,pbuf_cat,/Users/swchen.tw/git/percepio/poc/runs/tcp-workload-matrix-v1/A03-baseline/build/pbuf.o,
by_pc,2147502262,8,8,16,24,8,0,0,0,0,pbuf_cat,/Users/swchen.tw/git/percepio/poc/runs/tcp-workload-matrix-v1/A03-baseline/build/pbuf.o,
by_pc,2147513650,8,8,16,24,8,0,0,0,0,tcp_write,/Users/swchen.tw/git/percepio/poc/runs/tcp-workload-matrix-v1/A03-baseline/build/tcp_out.o,
by_pc,2147513516,8,8,16,24,8,0,0,0,0,tcp_write,/Users/swchen.tw/git/percepio/poc/runs/tcp-workload-matrix-v1/A03-baseline/build/tcp_out.o,
by_pc,2147513518,8,8,16,24,8,0,0,0,0,tcp_write,/Users/swchen.tw/git/percepio/poc/runs/tcp-workload-matrix-v1/A03-baseline/build/tcp_out.o,
by_pc,2147513522,8,8,16,24,8,0,0,0,0,tcp_write,/Users/swchen.tw/git/percepio/poc/runs/tcp-workload-matrix-v1/A03-baseline/build/tcp_out.o,
by_pc,2147513524,8,8,16,24,8,0,0,0,0,tcp_write,/Users/swchen.tw/git/percepio/poc/runs/tcp-workload-matrix-v1/A03-baseline/build/tcp_out.o,
by_pc,2147513528,8,8,16,24,8,0,0,0,0,tcp_write,/Users/swchen.tw/git/percepio/poc/runs/tcp-workload-matrix-v1/A03-baseline/build/tcp_out.o,
by_pc,2147513532,8,8,16,24,8,0,0,0,0,tcp_write,/Users/swchen.tw/git/percepio/poc/runs/tcp-workload-matrix-v1/A03-baseline/build/tcp_out.o,
by_pc,2147513534,8,16,32,40,16,0,0,0,0,tcp_write,/Users/swchen.tw/git/percepio/poc/runs/tcp-workload-matrix-v1/A03-baseline/build/tcp_out.o,
by_pc,2147513652,8,16,32,40,8,8,0,0,0,tcp_write,/Users/swchen.tw/git/percepio/poc/runs/tcp-workload-matrix-v1/A03-baseline/build/tcp_out.o,
by_pc,2147513654,8,8,16,24,8,0,0,0,0,tcp_write,/Users/swchen.tw/git/percepio/poc/runs/tcp-workload-matrix-v1/A03-baseline/build/tcp_out.o,
by_pc,2147513656,8,8,16,24,8,0,0,0,0,tcp_write,/Users/swchen.tw/git/percepio/poc/runs/tcp-workload-matrix-v1/A03-baseline/build/tcp_out.o,
by_pc,2147513658,8,8,16,24,8,0,0,0,0,tcp_write,/Users/swchen.tw/git/percepio/poc/runs/tcp-workload-matrix-v1/A03-baseline/build/tcp_out.o,
by_pc,2147513660,8,8,16,24,8,0,0,0,0,tcp_write,/Users/swchen.tw/git/percepio/poc/runs/tcp-workload-matrix-v1/A03-baseline/build/tcp_out.o,
by_pc,2147513662,8,8,16,24,8,0,0,0,0,tcp_write,/Users/swchen.tw/git/percepio/poc/runs/tcp-workload-matrix-v1/A03-baseline/build/tcp_out.o,
by_pc,2147513664,8,8,16,24,8,0,0,0,0,tcp_write,/Users/swchen.tw/git/percepio/poc/runs/tcp-workload-matrix-v1/A03-baseline/build/tcp_out.o,
by_pc,2147513668,8,8,16,24,8,0,0,0,0,tcp_write,/Users/swchen.tw/git/percepio/poc/runs/tcp-workload-matrix-v1/A03-baseline/build/tcp_out.o,
by_pc,2147513670,8,8,16,24,8,0,0,0,0,tcp_write,/Users/swchen.tw/git/percepio/poc/runs/tcp-workload-matrix-v1/A03-baseline/build/tcp_out.o,
by_pc,2147513672,8,8,16,24,8,0,0,0,0,tcp_write,/Users/swchen.tw/git/percepio/poc/runs/tcp-workload-matrix-v1/A03-baseline/build/tcp_out.o,
by_pc,2147513730,8,8,16,24,8,0,0,0,0,tcp_write,/Users/swchen.tw/git/percepio/poc/runs/tcp-workload-matrix-v1/A03-baseline/build/tcp_out.o,
by_pc,2147513732,8,8,16,24,8,0,0,0,0,tcp_write,/Users/swchen.tw/git/percepio/poc/runs/tcp-workload-matrix-v1/A03-baseline/build/tcp_out.o,
by_pc,2147513680,8,16,32,40,8,8,0,0,0,tcp_write,/Users/swchen.tw/git/percepio/poc/runs/tcp-workload-matrix-v1/A03-baseline/build/tcp_out.o,
by_pc,2147513682,8,168,336,344,8,8,64,0,88,tcp_write,/Users/swchen.tw/git/percepio/poc/runs/tcp-workload-matrix-v1/A03-baseline/build/tcp_out.o,
by_pc,2147513684,8,8,16,24,8,0,0,0,0,tcp_write,/Users/swchen.tw/git/percepio/poc/runs/tcp-workload-matrix-v1/A03-baseline/build/tcp_out.o,
by_pc,2147513686,8,8,16,24,8,0,0,0,0,tcp_write,/Users/swchen.tw/git/percepio/poc/runs/tcp-workload-matrix-v1/A03-baseline/build/tcp_out.o,
by_pc,2147513690,8,8,16,24,8,0,0,0,0,tcp_write,/Users/swchen.tw/git/percepio/poc/runs/tcp-workload-matrix-v1/A03-baseline/build/tcp_out.o,
by_pc,2147513698,8,8,16,24,8,0,0,0,0,tcp_write,/Users/swchen.tw/git/percepio/poc/runs/tcp-workload-matrix-v1/A03-baseline/build/tcp_out.o,
by_pc,2147513750,8,8,16,24,8,0,0,0,0,tcp_write,/Users/swchen.tw/git/percepio/poc/runs/tcp-workload-matrix-v1/A03-baseline/build/tcp_out.o,
by_pc,2147513798,8,90,180,188,8,0,64,18,0,tcp_write,/Users/swchen.tw/git/percepio/poc/runs/tcp-workload-matrix-v1/A03-baseline/build/tcp_out.o,
by_pc,2147513802,8,168,336,344,8,8,64,0,88,tcp_write,/Users/swchen.tw/git/percepio/poc/runs/tcp-workload-matrix-v1/A03-baseline/build/tcp_out.o,
by_pc,2147513806,8,16,32,40,8,8,0,0,0,tcp_write,/Users/swchen.tw/git/percepio/poc/runs/tcp-workload-matrix-v1/A03-baseline/build/tcp_out.o,
by_pc,2147513808,8,168,336,344,8,8,64,0,88,tcp_write,/Users/swchen.tw/git/percepio/poc/runs/tcp-workload-matrix-v1/A03-baseline/build/tcp_out.o,
by_pc,2147513812,8,8,16,24,8,0,0,0,0,tcp_write,/Users/swchen.tw/git/percepio/poc/runs/tcp-workload-matrix-v1/A03-baseline/build/tcp_out.o,
by_pc,2147513814,8,168,336,344,8,8,64,0,88,tcp_write,/Users/swchen.tw/git/percepio/poc/runs/tcp-workload-matrix-v1/A03-baseline/build/tcp_out.o,
by_pc,2147513816,8,16,32,40,8,8,0,0,0,tcp_write,/Users/swchen.tw/git/percepio/poc/runs/tcp-workload-matrix-v1/A03-baseline/build/tcp_out.o,
by_pc,2147513820,8,8,16,24,8,0,0,0,0,tcp_write,/Users/swchen.tw/git/percepio/poc/runs/tcp-workload-matrix-v1/A03-baseline/build/tcp_out.o,
by_pc,2147513824,8,168,336,344,8,8,64,0,88,tcp_write,/Users/swchen.tw/git/percepio/poc/runs/tcp-workload-matrix-v1/A03-baseline/build/tcp_out.o,
by_pc,2147513828,8,8,16,24,8,0,0,0,0,tcp_write,/Users/swchen.tw/git/percepio/poc/runs/tcp-workload-matrix-v1/A03-baseline/build/tcp_out.o,
by_pc,2147513832,8,16,32,40,8,8,0,0,0,tcp_write,/Users/swchen.tw/git/percepio/poc/runs/tcp-workload-matrix-v1/A03-baseline/build/tcp_out.o,
by_pc,2147513836,8,8,16,24,8,0,0,0,0,tcp_write,/Users/swchen.tw/git/percepio/poc/runs/tcp-workload-matrix-v1/A03-baseline/build/tcp_out.o,
by_pc,2147513842,8,8,16,24,8,0,0,0,0,tcp_write,/Users/swchen.tw/git/percepio/poc/runs/tcp-workload-matrix-v1/A03-baseline/build/tcp_out.o,
by_pc,2147513846,8,8,16,24,8,0,0,0,0,tcp_write,/Users/swchen.tw/git/percepio/poc/runs/tcp-workload-matrix-v1/A03-baseline/build/tcp_out.o,
by_pc,2147513850,8,16,32,40,8,8,0,0,0,tcp_write,/Users/swchen.tw/git/percepio/poc/runs/tcp-workload-matrix-v1/A03-baseline/build/tcp_out.o,
by_pc,2147513854,8,106,212,220,16,8,64,18,0,tcp_write,/Users/swchen.tw/git/percepio/poc/runs/tcp-workload-matrix-v1/A03-baseline/build/tcp_out.o,
by_pc,2147513858,8,8,16,24,8,0,0,0,0,tcp_write,/Users/swchen.tw/git/percepio/poc/runs/tcp-workload-matrix-v1/A03-baseline/build/tcp_out.o,
by_pc,2147513860,8,8,16,24,8,0,0,0,0,tcp_write,/Users/swchen.tw/git/percepio/poc/runs/tcp-workload-matrix-v1/A03-baseline/build/tcp_out.o,
by_pc,2147513864,8,8,16,24,8,0,0,0,0,tcp_write,/Users/swchen.tw/git/percepio/poc/runs/tcp-workload-matrix-v1/A03-baseline/build/tcp_out.o,
by_pc,2147513866,8,8,16,24,8,0,0,0,0,tcp_write,/Users/swchen.tw/git/percepio/poc/runs/tcp-workload-matrix-v1/A03-baseline/build/tcp_out.o,
by_pc,2147513870,8,16,32,40,8,8,0,0,0,tcp_write,/Users/swchen.tw/git/percepio/poc/runs/tcp-workload-matrix-v1/A03-baseline/build/tcp_out.o,
by_pc,2147513874,8,8,16,24,8,0,0,0,0,tcp_write,/Users/swchen.tw/git/percepio/poc/runs/tcp-workload-matrix-v1/A03-baseline/build/tcp_out.o,
by_pc,2147513876,8,168,336,344,8,8,64,0,88,tcp_write,/Users/swchen.tw/git/percepio/poc/runs/tcp-workload-matrix-v1/A03-baseline/build/tcp_out.o,
by_pc,2147513880,8,8,16,24,8,0,0,0,0,tcp_write,/Users/swchen.tw/git/percepio/poc/runs/tcp-workload-matrix-v1/A03-baseline/build/tcp_out.o,
by_pc,2147513882,8,168,336,344,8,8,64,0,88,tcp_write,/Users/swchen.tw/git/percepio/poc/runs/tcp-workload-matrix-v1/A03-baseline/build/tcp_out.o,
by_pc,2147513886,8,8,16,24,8,0,0,0,0,tcp_write,/Users/swchen.tw/git/percepio/poc/runs/tcp-workload-matrix-v1/A03-baseline/build/tcp_out.o,
by_pc,2147513838,8,8,16,24,8,0,0,0,0,tcp_write,/Users/swchen.tw/git/percepio/poc/runs/tcp-workload-matrix-v1/A03-baseline/build/tcp_out.o,
by_pc,2147513840,8,8,16,24,8,0,0,0,0,tcp_write,/Users/swchen.tw/git/percepio/poc/runs/tcp-workload-matrix-v1/A03-baseline/build/tcp_out.o,
by_pc,2147513194,8,16,32,40,8,8,0,0,0,tcp_write,/Users/swchen.tw/git/percepio/poc/runs/tcp-workload-matrix-v1/A03-baseline/build/tcp_out.o,
by_pc,2147513196,8,16,32,40,8,8,0,0,0,tcp_write,/Users/swchen.tw/git/percepio/poc/runs/tcp-workload-matrix-v1/A03-baseline/build/tcp_out.o,
by_pc,2147513198,8,16,32,40,8,8,0,0,0,tcp_write,/Users/swchen.tw/git/percepio/poc/runs/tcp-workload-matrix-v1/A03-baseline/build/tcp_out.o,
by_pc,2147513200,8,16,32,40,8,8,0,0,0,tcp_write,/Users/swchen.tw/git/percepio/poc/runs/tcp-workload-matrix-v1/A03-baseline/build/tcp_out.o,
by_pc,2147513202,8,16,32,40,8,8,0,0,0,tcp_write,/Users/swchen.tw/git/percepio/poc/runs/tcp-workload-matrix-v1/A03-baseline/build/tcp_out.o,
by_pc,2147513204,8,16,32,40,8,8,0,0,0,tcp_write,/Users/swchen.tw/git/percepio/poc/runs/tcp-workload-matrix-v1/A03-baseline/build/tcp_out.o,
by_pc,2147513206,8,16,32,40,8,8,0,0,0,tcp_write,/Users/swchen.tw/git/percepio/poc/runs/tcp-workload-matrix-v1/A03-baseline/build/tcp_out.o,
by_pc,2147513208,8,16,32,40,8,8,0,0,0,tcp_write,/Users/swchen.tw/git/percepio/poc/runs/tcp-workload-matrix-v1/A03-baseline/build/tcp_out.o,
by_pc,2147513210,8,16,32,40,8,8,0,0,0,tcp_write,/Users/swchen.tw/git/percepio/poc/runs/tcp-workload-matrix-v1/A03-baseline/build/tcp_out.o,
by_pc,2147513212,8,16,32,40,8,8,0,0,0,tcp_write,/Users/swchen.tw/git/percepio/poc/runs/tcp-workload-matrix-v1/A03-baseline/build/tcp_out.o,
by_pc,2147513214,8,16,32,40,8,8,0,0,0,tcp_write,/Users/swchen.tw/git/percepio/poc/runs/tcp-workload-matrix-v1/A03-baseline/build/tcp_out.o,
by_pc,2147513216,8,16,32,40,8,8,0,0,0,tcp_write,/Users/swchen.tw/git/percepio/poc/runs/tcp-workload-matrix-v1/A03-baseline/build/tcp_out.o,
by_pc,2147513218,8,16,32,40,8,8,0,0,0,tcp_write,/Users/swchen.tw/git/percepio/poc/runs/tcp-workload-matrix-v1/A03-baseline/build/tcp_out.o,
by_pc,2147513220,8,8,16,24,8,0,0,0,0,tcp_write,/Users/swchen.tw/git/percepio/poc/runs/tcp-workload-matrix-v1/A03-baseline/build/tcp_out.o,
by_pc,2147513222,8,8,16,24,8,0,0,0,0,tcp_write,/Users/swchen.tw/git/percepio/poc/runs/tcp-workload-matrix-v1/A03-baseline/build/tcp_out.o,
by_pc,2147498526,8,8,16,24,8,0,0,0,0,session_task,/Users/swchen.tw/git/percepio/poc/runs/tcp-workload-matrix-v1/A03-baseline/build/tcp_request_response_irq.o,
by_pc,2147498544,8,16,32,40,8,8,0,0,0,session_task,/Users/swchen.tw/git/percepio/poc/runs/tcp-workload-matrix-v1/A03-baseline/build/tcp_request_response_irq.o,
by_pc,2147498548,8,8,16,24,8,0,0,0,0,session_task,/Users/swchen.tw/git/percepio/poc/runs/tcp-workload-matrix-v1/A03-baseline/build/tcp_request_response_irq.o,
by_pc,2147499532,17,17,34,51,17,0,0,0,0,lwip_standard_chksum,/Users/swchen.tw/git/percepio/poc/runs/tcp-workload-matrix-v1/A03-baseline/build/inet_chksum.o,
by_pc,2147499534,17,17,34,51,17,0,0,0,0,lwip_standard_chksum,/Users/swchen.tw/git/percepio/poc/runs/tcp-workload-matrix-v1/A03-baseline/build/inet_chksum.o,
by_pc,2147498552,8,8,16,24,8,0,0,0,0,session_task,/Users/swchen.tw/git/percepio/poc/runs/tcp-workload-matrix-v1/A03-baseline/build/tcp_request_response_irq.o,
by_pc,2147498570,8,50,100,108,8,8,16,18,0,session_task,/Users/swchen.tw/git/percepio/poc/runs/tcp-workload-matrix-v1/A03-baseline/build/tcp_request_response_irq.o,
by_pc,2147498572,8,8,16,24,8,0,0,0,0,session_task,/Users/swchen.tw/git/percepio/poc/runs/tcp-workload-matrix-v1/A03-baseline/build/tcp_request_response_irq.o,
by_pc,2147498576,8,8,16,24,8,0,0,0,0,session_task,/Users/swchen.tw/git/percepio/poc/runs/tcp-workload-matrix-v1/A03-baseline/build/tcp_request_response_irq.o,
by_pc,2147498580,8,8,16,24,8,0,0,0,0,session_task,/Users/swchen.tw/git/percepio/poc/runs/tcp-workload-matrix-v1/A03-baseline/build/tcp_request_response_irq.o,
by_pc,2147498584,8,16,32,40,8,8,0,0,0,session_task,/Users/swchen.tw/git/percepio/poc/runs/tcp-workload-matrix-v1/A03-baseline/build/tcp_request_response_irq.o,
by_pc,2147498586,8,8,16,24,8,0,0,0,0,session_task,/Users/swchen.tw/git/percepio/poc/runs/tcp-workload-matrix-v1/A03-baseline/build/tcp_request_response_irq.o,
by_pc,2147498588,8,8,16,24,8,0,0,0,0,session_task,/Users/swchen.tw/git/percepio/poc/runs/tcp-workload-matrix-v1/A03-baseline/build/tcp_request_response_irq.o,
by_pc,2147498592,8,8,16,24,8,0,0,0,0,session_task,/Users/swchen.tw/git/percepio/poc/runs/tcp-workload-matrix-v1/A03-baseline/build/tcp_request_response_irq.o,
by_pc,2147495786,10,20,40,50,10,10,0,0,0,consume,/Users/swchen.tw/git/percepio/poc/runs/tcp-workload-matrix-v1/A03-baseline/build/tcp_request_response_irq.o,
by_pc,2147495788,10,10,20,30,10,0,0,0,0,consume,/Users/swchen.tw/git/percepio/poc/runs/tcp-workload-matrix-v1/A03-baseline/build/tcp_request_response_irq.o,
by_pc,2147495792,10,10,20,30,10,0,0,0,0,consume,/Users/swchen.tw/git/percepio/poc/runs/tcp-workload-matrix-v1/A03-baseline/build/tcp_request_response_irq.o,
by_pc,2147495814,8,16,32,40,8,8,0,0,0,consume,/Users/swchen.tw/git/percepio/poc/runs/tcp-workload-matrix-v1/A03-baseline/build/tcp_request_response_irq.o,
by_pc,2147495818,8,8,16,24,8,0,0,0,0,consume,/Users/swchen.tw/git/percepio/poc/runs/tcp-workload-matrix-v1/A03-baseline/build/tcp_request_response_irq.o,
by_pc,2147495822,8,8,16,24,8,0,0,0,0,consume,/Users/swchen.tw/git/percepio/poc/runs/tcp-workload-matrix-v1/A03-baseline/build/tcp_request_response_irq.o,
by_pc,2147495826,8,8,16,24,8,0,0,0,0,consume,/Users/swchen.tw/git/percepio/poc/runs/tcp-workload-matrix-v1/A03-baseline/build/tcp_request_response_irq.o,
by_pc,2147495830,8,8,16,24,8,0,0,0,0,consume,/Users/swchen.tw/git/percepio/poc/runs/tcp-workload-matrix-v1/A03-baseline/build/tcp_request_response_irq.o,
by_pc,2147495832,8,8,16,24,8,0,0,0,0,consume,/Users/swchen.tw/git/percepio/poc/runs/tcp-workload-matrix-v1/A03-baseline/build/tcp_request_response_irq.o,
by_pc,2147495834,8,8,16,24,8,0,0,0,0,consume,/Users/swchen.tw/git/percepio/poc/runs/tcp-workload-matrix-v1/A03-baseline/build/tcp_request_response_irq.o,
by_pc,2147495838,8,8,16,24,8,0,0,0,0,consume,/Users/swchen.tw/git/percepio/poc/runs/tcp-workload-matrix-v1/A03-baseline/build/tcp_request_response_irq.o,
by_pc,2147495842,8,8,16,24,8,0,0,0,0,consume,/Users/swchen.tw/git/percepio/poc/runs/tcp-workload-matrix-v1/A03-baseline/build/tcp_request_response_irq.o,
by_pc,2147495846,8,8,16,24,8,0,0,0,0,consume,/Users/swchen.tw/git/percepio/poc/runs/tcp-workload-matrix-v1/A03-baseline/build/tcp_request_response_irq.o,
by_pc,2147495848,8,8,16,24,8,0,0,0,0,consume,/Users/swchen.tw/git/percepio/poc/runs/tcp-workload-matrix-v1/A03-baseline/build/tcp_request_response_irq.o,
by_pc,2147520016,8,82,164,172,8,0,56,18,0,memcmp,/Users/swchen.tw/git/percepio/poc/.tools/xpack-riscv-none-elf-gcc-15.2.0-1/bin/../lib/gcc/riscv-none-elf/15.2.0/../../../../riscv-none-elf/lib/libg_nano.a(libc_a-memcmp.o),
by_pc,2147520018,11688,11688,23376,35064,11688,0,0,0,0,memcmp,/Users/swchen.tw/git/percepio/poc/.tools/xpack-riscv-none-elf-gcc-15.2.0-1/bin/../lib/gcc/riscv-none-elf/15.2.0/../../../../riscv-none-elf/lib/libg_nano.a(libc_a-memcmp.o),
by_pc,2147520026,11680,11680,23360,35040,11680,0,0,0,0,memcmp,/Users/swchen.tw/git/percepio/poc/.tools/xpack-riscv-none-elf-gcc-15.2.0-1/bin/../lib/gcc/riscv-none-elf/15.2.0/../../../../riscv-none-elf/lib/libg_nano.a(libc_a-memcmp.o),
by_pc,2147520030,11680,11680,23360,35040,11680,0,0,0,0,memcmp,/Users/swchen.tw/git/percepio/poc/.tools/xpack-riscv-none-elf-gcc-15.2.0-1/bin/../lib/gcc/riscv-none-elf/15.2.0/../../../../riscv-none-elf/lib/libg_nano.a(libc_a-memcmp.o),
by_pc,2147520032,11680,11680,23360,35040,11680,0,0,0,0,memcmp,/Users/swchen.tw/git/percepio/poc/.tools/xpack-riscv-none-elf-gcc-15.2.0-1/bin/../lib/gcc/riscv-none-elf/15.2.0/../../../../riscv-none-elf/lib/libg_nano.a(libc_a-memcmp.o),
by_pc,2147520036,11680,23384,46768,58448,11680,11680,24,0,0,memcmp,/Users/swchen.tw/git/percepio/poc/.tools/xpack-riscv-none-elf-gcc-15.2.0-1/bin/../lib/gcc/riscv-none-elf/15.2.0/../../../../riscv-none-elf/lib/libg_nano.a(libc_a-memcmp.o),
by_pc,2147520040,11680,23360,46720,58400,11680,11680,0,0,0,memcmp,/Users/swchen.tw/git/percepio/poc/.tools/xpack-riscv-none-elf-gcc-15.2.0-1/bin/../lib/gcc/riscv-none-elf/15.2.0/../../../../riscv-none-elf/lib/libg_nano.a(libc_a-memcmp.o),
by_pc,2147520044,11680,11680,23360,35040,11680,0,0,0,0,memcmp,/Users/swchen.tw/git/percepio/poc/.tools/xpack-riscv-none-elf-gcc-15.2.0-1/bin/../lib/gcc/riscv-none-elf/15.2.0/../../../../riscv-none-elf/lib/libg_nano.a(libc_a-memcmp.o),
by_pc,2147520022,8,8,16,24,8,0,0,0,0,memcmp,/Users/swchen.tw/git/percepio/poc/.tools/xpack-riscv-none-elf-gcc-15.2.0-1/bin/../lib/gcc/riscv-none-elf/15.2.0/../../../../riscv-none-elf/lib/libg_nano.a(libc_a-memcmp.o),
by_pc,2147520024,8,8,16,24,8,0,0,0,0,memcmp,/Users/swchen.tw/git/percepio/poc/.tools/xpack-riscv-none-elf-gcc-15.2.0-1/bin/../lib/gcc/riscv-none-elf/15.2.0/../../../../riscv-none-elf/lib/libg_nano.a(libc_a-memcmp.o),
by_pc,2147495852,8,8,16,24,8,0,0,0,0,consume,/Users/swchen.tw/git/percepio/poc/runs/tcp-workload-matrix-v1/A03-baseline/build/tcp_request_response_irq.o,
by_pc,2147498596,8,16,32,40,8,8,0,0,0,session_task,/Users/swchen.tw/git/percepio/poc/runs/tcp-workload-matrix-v1/A03-baseline/build/tcp_request_response_irq.o,
by_pc,2147498598,8,16,32,40,8,8,0,0,0,session_task,/Users/swchen.tw/git/percepio/poc/runs/tcp-workload-matrix-v1/A03-baseline/build/tcp_request_response_irq.o,
by_pc,2147498600,8,8,16,24,8,0,0,0,0,session_task,/Users/swchen.tw/git/percepio/poc/runs/tcp-workload-matrix-v1/A03-baseline/build/tcp_request_response_irq.o,
by_pc,2147498604,8,8,16,24,8,0,0,0,0,session_task,/Users/swchen.tw/git/percepio/poc/runs/tcp-workload-matrix-v1/A03-baseline/build/tcp_request_response_irq.o,
by_pc,2147498608,8,8,16,24,8,0,0,0,0,session_task,/Users/swchen.tw/git/percepio/poc/runs/tcp-workload-matrix-v1/A03-baseline/build/tcp_request_response_irq.o,
by_pc,2147498612,8,8,16,24,8,0,0,0,0,session_task,/Users/swchen.tw/git/percepio/poc/runs/tcp-workload-matrix-v1/A03-baseline/build/tcp_request_response_irq.o,
by_pc,2147498614,8,8,16,24,8,0,0,0,0,session_task,/Users/swchen.tw/git/percepio/poc/runs/tcp-workload-matrix-v1/A03-baseline/build/tcp_request_response_irq.o,
by_pc,2147498616,8,8,16,24,8,0,0,0,0,session_task,/Users/swchen.tw/git/percepio/poc/runs/tcp-workload-matrix-v1/A03-baseline/build/tcp_request_response_irq.o,
by_pc,2147498618,8,168,336,344,8,8,64,0,88,session_task,/Users/swchen.tw/git/percepio/poc/runs/tcp-workload-matrix-v1/A03-baseline/build/tcp_request_response_irq.o,
by_pc,2147498620,8,8,16,24,8,0,0,0,0,session_task,/Users/swchen.tw/git/percepio/poc/runs/tcp-workload-matrix-v1/A03-baseline/build/tcp_request_response_irq.o,
by_pc,2147501796,8,8,16,24,8,0,0,0,0,pbuf_free,/Users/swchen.tw/git/percepio/poc/runs/tcp-workload-matrix-v1/A03-baseline/build/pbuf.o,
by_pc,2147501798,8,8,16,24,8,0,0,0,0,pbuf_free,/Users/swchen.tw/git/percepio/poc/runs/tcp-workload-matrix-v1/A03-baseline/build/pbuf.o,
by_pc,2147501766,8,8,16,24,8,0,0,0,0,pbuf_free,/Users/swchen.tw/git/percepio/poc/runs/tcp-workload-matrix-v1/A03-baseline/build/pbuf.o,
by_pc,2147501768,8,8,16,24,8,0,0,0,0,pbuf_free,/Users/swchen.tw/git/percepio/poc/runs/tcp-workload-matrix-v1/A03-baseline/build/pbuf.o,
by_pc,2147512120,8,16,32,40,8,8,0,0,0,tcp_input,/Users/swchen.tw/git/percepio/poc/runs/tcp-workload-matrix-v1/A03-baseline/build/tcp_in.o,
by_pc,2147512124,8,8,16,24,8,0,0,0,0,tcp_input,/Users/swchen.tw/git/percepio/poc/runs/tcp-workload-matrix-v1/A03-baseline/build/tcp_in.o,
by_pc,2147512164,8,98,196,204,8,8,64,18,0,tcp_input,/Users/swchen.tw/git/percepio/poc/runs/tcp-workload-matrix-v1/A03-baseline/build/tcp_in.o,
by_pc,2147512166,8,8,16,24,8,0,0,0,0,tcp_input,/Users/swchen.tw/git/percepio/poc/runs/tcp-workload-matrix-v1/A03-baseline/build/tcp_in.o,
by_pc,2147512168,8,8,16,24,8,0,0,0,0,tcp_input,/Users/swchen.tw/git/percepio/poc/runs/tcp-workload-matrix-v1/A03-baseline/build/tcp_in.o,
by_pc,2147494898,8,90,180,188,8,0,64,18,0,on_sent,/Users/swchen.tw/git/percepio/poc/runs/tcp-workload-matrix-v1/A03-baseline/build/tcp_request_response_irq.o,
by_pc,2147494900,8,168,336,344,8,8,64,0,88,on_sent,/Users/swchen.tw/git/percepio/poc/runs/tcp-workload-matrix-v1/A03-baseline/build/tcp_request_response_irq.o,
by_pc,2147494902,8,168,336,344,8,8,64,0,88,on_sent,/Users/swchen.tw/git/percepio/poc/runs/tcp-workload-matrix-v1/A03-baseline/build/tcp_request_response_irq.o,
by_pc,2147494904,8,8,16,24,8,0,0,0,0,on_sent,/Users/swchen.tw/git/percepio/poc/runs/tcp-workload-matrix-v1/A03-baseline/build/tcp_request_response_irq.o,
by_pc,2147494908,8,16,32,40,8,8,0,0,0,on_sent,/Users/swchen.tw/git/percepio/poc/runs/tcp-workload-matrix-v1/A03-baseline/build/tcp_request_response_irq.o,
by_pc,2147494910,8,80,160,168,16,0,64,0,0,on_sent,/Users/swchen.tw/git/percepio/poc/runs/tcp-workload-matrix-v1/A03-baseline/build/tcp_request_response_irq.o,
by_pc,2147494934,8,16,32,40,8,8,0,0,0,on_sent,/Users/swchen.tw/git/percepio/poc/runs/tcp-workload-matrix-v1/A03-baseline/build/tcp_request_response_irq.o,
by_pc,2147494936,8,8,16,24,8,0,0,0,0,on_sent,/Users/swchen.tw/git/percepio/poc/runs/tcp-workload-matrix-v1/A03-baseline/build/tcp_request_response_irq.o,
by_pc,2147494940,8,8,16,24,8,0,0,0,0,on_sent,/Users/swchen.tw/git/percepio/poc/runs/tcp-workload-matrix-v1/A03-baseline/build/tcp_request_response_irq.o,
by_pc,2147494942,8,8,16,24,8,0,0,0,0,on_sent,/Users/swchen.tw/git/percepio/poc/runs/tcp-workload-matrix-v1/A03-baseline/build/tcp_request_response_irq.o,
by_pc,2147494944,8,168,336,344,8,8,64,0,88,on_sent,/Users/swchen.tw/git/percepio/poc/runs/tcp-workload-matrix-v1/A03-baseline/build/tcp_request_response_irq.o,
by_pc,2147494946,8,16,32,40,8,8,0,0,0,on_sent,/Users/swchen.tw/git/percepio/poc/runs/tcp-workload-matrix-v1/A03-baseline/build/tcp_request_response_irq.o,
by_pc,2147494948,8,8,16,24,8,0,0,0,0,on_sent,/Users/swchen.tw/git/percepio/poc/runs/tcp-workload-matrix-v1/A03-baseline/build/tcp_request_response_irq.o,
by_pc,2147494950,8,168,336,344,8,8,64,0,88,on_sent,/Users/swchen.tw/git/percepio/poc/runs/tcp-workload-matrix-v1/A03-baseline/build/tcp_request_response_irq.o,
by_pc,2147494952,8,16,32,40,8,8,0,0,0,on_sent,/Users/swchen.tw/git/percepio/poc/runs/tcp-workload-matrix-v1/A03-baseline/build/tcp_request_response_irq.o,
by_pc,2147494954,8,16,32,40,8,8,0,0,0,on_sent,/Users/swchen.tw/git/percepio/poc/runs/tcp-workload-matrix-v1/A03-baseline/build/tcp_request_response_irq.o,
by_pc,2147494956,8,8,16,24,8,0,0,0,0,on_sent,/Users/swchen.tw/git/percepio/poc/runs/tcp-workload-matrix-v1/A03-baseline/build/tcp_request_response_irq.o,
by_pc,2147494958,8,8,16,24,8,0,0,0,0,on_sent,/Users/swchen.tw/git/percepio/poc/runs/tcp-workload-matrix-v1/A03-baseline/build/tcp_request_response_irq.o,
by_pc,2147512170,8,8,16,24,8,0,0,0,0,tcp_input,/Users/swchen.tw/git/percepio/poc/runs/tcp-workload-matrix-v1/A03-baseline/build/tcp_in.o,
by_pc,2147512172,8,8,16,24,8,0,0,0,0,tcp_input,/Users/swchen.tw/git/percepio/poc/runs/tcp-workload-matrix-v1/A03-baseline/build/tcp_in.o,
by_pc,2147512126,8,176,352,360,16,8,64,0,88,tcp_input,/Users/swchen.tw/git/percepio/poc/runs/tcp-workload-matrix-v1/A03-baseline/build/tcp_in.o,
by_pc,2147500196,10,20,40,50,10,10,0,0,0,mem_free,/Users/swchen.tw/git/percepio/poc/runs/tcp-workload-matrix-v1/A03-baseline/build/mem.o,
by_pc,2147500200,10,10,20,30,10,0,0,0,0,mem_free,/Users/swchen.tw/git/percepio/poc/runs/tcp-workload-matrix-v1/A03-baseline/build/mem.o,
by_pc,2147500206,10,20,40,50,10,10,0,0,0,mem_free,/Users/swchen.tw/git/percepio/poc/runs/tcp-workload-matrix-v1/A03-baseline/build/mem.o,
by_pc,2147500210,10,210,420,430,10,10,80,0,110,mem_free,/Users/swchen.tw/git/percepio/poc/runs/tcp-workload-matrix-v1/A03-baseline/build/mem.o,
by_pc,2147500214,10,10,20,30,10,0,0,0,0,mem_free,/Users/swchen.tw/git/percepio/poc/runs/tcp-workload-matrix-v1/A03-baseline/build/mem.o,
by_pc,2147500216,10,10,20,30,10,0,0,0,0,mem_free,/Users/swchen.tw/git/percepio/poc/runs/tcp-workload-matrix-v1/A03-baseline/build/mem.o,
by_pc,2147498624,8,50,100,108,8,8,16,18,0,session_task,/Users/swchen.tw/git/percepio/poc/runs/tcp-workload-matrix-v1/A03-baseline/build/tcp_request_response_irq.o,
by_pc,2147498628,8,8,16,24,8,0,0,0,0,session_task,/Users/swchen.tw/git/percepio/poc/runs/tcp-workload-matrix-v1/A03-baseline/build/tcp_request_response_irq.o,
by_pc,2147498630,8,16,32,40,8,8,0,0,0,session_task,/Users/swchen.tw/git/percepio/poc/runs/tcp-workload-matrix-v1/A03-baseline/build/tcp_request_response_irq.o,
by_pc,2147498634,8,8,16,24,8,0,0,0,0,session_task,/Users/swchen.tw/git/percepio/poc/runs/tcp-workload-matrix-v1/A03-baseline/build/tcp_request_response_irq.o,
by_pc,2147498636,8,16,32,40,8,8,0,0,0,session_task,/Users/swchen.tw/git/percepio/poc/runs/tcp-workload-matrix-v1/A03-baseline/build/tcp_request_response_irq.o,
by_pc,2147498640,8,8,16,24,8,0,0,0,0,session_task,/Users/swchen.tw/git/percepio/poc/runs/tcp-workload-matrix-v1/A03-baseline/build/tcp_request_response_irq.o,
by_pc,2147498644,8,8,16,24,8,0,0,0,0,session_task,/Users/swchen.tw/git/percepio/poc/runs/tcp-workload-matrix-v1/A03-baseline/build/tcp_request_response_irq.o,
by_pc,2147498646,8,8,16,24,8,0,0,0,0,session_task,/Users/swchen.tw/git/percepio/poc/runs/tcp-workload-matrix-v1/A03-baseline/build/tcp_request_response_irq.o,
by_pc,2147498648,8,8,16,24,8,0,0,0,0,session_task,/Users/swchen.tw/git/percepio/poc/runs/tcp-workload-matrix-v1/A03-baseline/build/tcp_request_response_irq.o,
by_pc,2147498650,8,8,16,24,8,0,0,0,0,session_task,/Users/swchen.tw/git/percepio/poc/runs/tcp-workload-matrix-v1/A03-baseline/build/tcp_request_response_irq.o,
by_pc,2147498654,8,16,32,40,8,8,0,0,0,session_task,/Users/swchen.tw/git/percepio/poc/runs/tcp-workload-matrix-v1/A03-baseline/build/tcp_request_response_irq.o,
by_pc,2147498658,8,8,16,24,8,0,0,0,0,session_task,/Users/swchen.tw/git/percepio/poc/runs/tcp-workload-matrix-v1/A03-baseline/build/tcp_request_response_irq.o,
by_pc,2147498678,8,8,16,24,8,0,0,0,0,session_task,/Users/swchen.tw/git/percepio/poc/runs/tcp-workload-matrix-v1/A03-baseline/build/tcp_request_response_irq.o,
by_pc,2147498680,8,8,16,24,8,0,0,0,0,session_task,/Users/swchen.tw/git/percepio/poc/runs/tcp-workload-matrix-v1/A03-baseline/build/tcp_request_response_irq.o,
by_pc,2147498682,8,8,16,24,8,0,0,0,0,session_task,/Users/swchen.tw/git/percepio/poc/runs/tcp-workload-matrix-v1/A03-baseline/build/tcp_request_response_irq.o,
by_pc,2147507938,8,80,160,168,8,8,64,0,0,tcp_receive,/Users/swchen.tw/git/percepio/poc/runs/tcp-workload-matrix-v1/A03-baseline/build/tcp_in.o,
by_pc,2147507942,8,8,16,24,8,0,0,0,0,tcp_receive,/Users/swchen.tw/git/percepio/poc/runs/tcp-workload-matrix-v1/A03-baseline/build/tcp_in.o,
by_pc,2147507944,8,8,16,24,8,0,0,0,0,tcp_receive,/Users/swchen.tw/git/percepio/poc/runs/tcp-workload-matrix-v1/A03-baseline/build/tcp_in.o,
by_pc,2147507946,8,8,16,24,8,0,0,0,0,tcp_receive,/Users/swchen.tw/git/percepio/poc/runs/tcp-workload-matrix-v1/A03-baseline/build/tcp_in.o,
by_pc,2147507948,8,8,16,24,8,0,0,0,0,tcp_receive,/Users/swchen.tw/git/percepio/poc/runs/tcp-workload-matrix-v1/A03-baseline/build/tcp_in.o,
by_pc,2147507952,8,8,16,24,8,0,0,0,0,tcp_receive,/Users/swchen.tw/git/percepio/poc/runs/tcp-workload-matrix-v1/A03-baseline/build/tcp_in.o,
by_pc,2147507956,7,147,294,301,7,7,56,0,77,tcp_receive,/Users/swchen.tw/git/percepio/poc/runs/tcp-workload-matrix-v1/A03-baseline/build/tcp_in.o,
by_pc,2147519232,3,37,74,77,3,0,16,18,0,unresolved@/Users/swchen.tw/git/percepio/poc/runs/tcp-workload-matrix-v1/A03-baseline/build/portASM.o:2147519232,/Users/swchen.tw/git/percepio/poc/runs/tcp-workload-matrix-v1/A03-baseline/build/portASM.o,
by_pc,2147519236,3,63,126,129,3,3,24,0,33,unresolved@/Users/swchen.tw/git/percepio/poc/runs/tcp-workload-matrix-v1/A03-baseline/build/portASM.o:2147519232,/Users/swchen.tw/git/percepio/poc/runs/tcp-workload-matrix-v1/A03-baseline/build/portASM.o,
by_pc,2147519238,3,63,126,129,3,3,24,0,33,unresolved@/Users/swchen.tw/git/percepio/poc/runs/tcp-workload-matrix-v1/A03-baseline/build/portASM.o:2147519232,/Users/swchen.tw/git/percepio/poc/runs/tcp-workload-matrix-v1/A03-baseline/build/portASM.o,
by_pc,2147519240,3,63,126,129,3,3,24,0,33,unresolved@/Users/swchen.tw/git/percepio/poc/runs/tcp-workload-matrix-v1/A03-baseline/build/portASM.o:2147519232,/Users/swchen.tw/git/percepio/poc/runs/tcp-workload-matrix-v1/A03-baseline/build/portASM.o,
by_pc,2147519242,3,63,126,129,3,3,24,0,33,unresolved@/Users/swchen.tw/git/percepio/poc/runs/tcp-workload-matrix-v1/A03-baseline/build/portASM.o:2147519232,/Users/swchen.tw/git/percepio/poc/runs/tcp-workload-matrix-v1/A03-baseline/build/portASM.o,
by_pc,2147519244,3,63,126,129,3,3,24,0,33,unresolved@/Users/swchen.tw/git/percepio/poc/runs/tcp-workload-matrix-v1/A03-baseline/build/portASM.o:2147519232,/Users/swchen.tw/git/percepio/poc/runs/tcp-workload-matrix-v1/A03-baseline/build/portASM.o,
by_pc,2147519246,3,63,126,129,3,3,24,0,33,unresolved@/Users/swchen.tw/git/percepio/poc/runs/tcp-workload-matrix-v1/A03-baseline/build/portASM.o:2147519232,/Users/swchen.tw/git/percepio/poc/runs/tcp-workload-matrix-v1/A03-baseline/build/portASM.o,
by_pc,2147519248,3,63,126,129,3,3,24,0,33,unresolved@/Users/swchen.tw/git/percepio/poc/runs/tcp-workload-matrix-v1/A03-baseline/build/portASM.o:2147519232,/Users/swchen.tw/git/percepio/poc/runs/tcp-workload-matrix-v1/A03-baseline/build/portASM.o,
by_pc,2147519250,3,63,126,129,3,3,24,0,33,unresolved@/Users/swchen.tw/git/percepio/poc/runs/tcp-workload-matrix-v1/A03-baseline/build/portASM.o:2147519232,/Users/swchen.tw/git/percepio/poc/runs/tcp-workload-matrix-v1/A03-baseline/build/portASM.o,
by_pc,2147519252,3,63,126,129,3,3,24,0,33,unresolved@/Users/swchen.tw/git/percepio/poc/runs/tcp-workload-matrix-v1/A03-baseline/build/portASM.o:2147519232,/Users/swchen.tw/git/percepio/poc/runs/tcp-workload-matrix-v1/A03-baseline/build/portASM.o,
by_pc,2147519254,3,63,126,129,3,3,24,0,33,unresolved@/Users/swchen.tw/git/percepio/poc/runs/tcp-workload-matrix-v1/A03-baseline/build/portASM.o:2147519232,/Users/swchen.tw/git/percepio/poc/runs/tcp-workload-matrix-v1/A03-baseline/build/portASM.o,
by_pc,2147519256,3,63,126,129,3,3,24,0,33,unresolved@/Users/swchen.tw/git/percepio/poc/runs/tcp-workload-matrix-v1/A03-baseline/build/portASM.o:2147519232,/Users/swchen.tw/git/percepio/poc/runs/tcp-workload-matrix-v1/A03-baseline/build/portASM.o,
by_pc,2147519258,3,63,126,129,3,3,24,0,33,unresolved@/Users/swchen.tw/git/percepio/poc/runs/tcp-workload-matrix-v1/A03-baseline/build/portASM.o:2147519232,/Users/swchen.tw/git/percepio/poc/runs/tcp-workload-matrix-v1/A03-baseline/build/portASM.o,
by_pc,2147519260,3,63,126,129,3,3,24,0,33,unresolved@/Users/swchen.tw/git/percepio/poc/runs/tcp-workload-matrix-v1/A03-baseline/build/portASM.o:2147519232,/Users/swchen.tw/git/percepio/poc/runs/tcp-workload-matrix-v1/A03-baseline/build/portASM.o,
by_pc,2147519262,3,63,126,129,3,3,24,0,33,unresolved@/Users/swchen.tw/git/percepio/poc/runs/tcp-workload-matrix-v1/A03-baseline/build/portASM.o:2147519232,/Users/swchen.tw/git/percepio/poc/runs/tcp-workload-matrix-v1/A03-baseline/build/portASM.o,
by_pc,2147519264,3,63,126,129,3,3,24,0,33,unresolved@/Users/swchen.tw/git/percepio/poc/runs/tcp-workload-matrix-v1/A03-baseline/build/portASM.o:2147519232,/Users/swchen.tw/git/percepio/poc/runs/tcp-workload-matrix-v1/A03-baseline/build/portASM.o,
by_pc,2147519266,3,63,126,129,3,3,24,0,33,unresolved@/Users/swchen.tw/git/percepio/poc/runs/tcp-workload-matrix-v1/A03-baseline/build/portASM.o:2147519232,/Users/swchen.tw/git/percepio/poc/runs/tcp-workload-matrix-v1/A03-baseline/build/portASM.o,
by_pc,2147519268,3,63,126,129,3,3,24,0,33,unresolved@/Users/swchen.tw/git/percepio/poc/runs/tcp-workload-matrix-v1/A03-baseline/build/portASM.o:2147519232,/Users/swchen.tw/git/percepio/poc/runs/tcp-workload-matrix-v1/A03-baseline/build/portASM.o,
by_pc,2147519270,3,63,126,129,3,3,24,0,33,unresolved@/Users/swchen.tw/git/percepio/poc/runs/tcp-workload-matrix-v1/A03-baseline/build/portASM.o:2147519232,/Users/swchen.tw/git/percepio/poc/runs/tcp-workload-matrix-v1/A03-baseline/build/portASM.o,
by_pc,2147519272,3,63,126,129,3,3,24,0,33,unresolved@/Users/swchen.tw/git/percepio/poc/runs/tcp-workload-matrix-v1/A03-baseline/build/portASM.o:2147519232,/Users/swchen.tw/git/percepio/poc/runs/tcp-workload-matrix-v1/A03-baseline/build/portASM.o,
by_pc,2147519274,3,63,126,129,3,3,24,0,33,unresolved@/Users/swchen.tw/git/percepio/poc/runs/tcp-workload-matrix-v1/A03-baseline/build/portASM.o:2147519232,/Users/swchen.tw/git/percepio/poc/runs/tcp-workload-matrix-v1/A03-baseline/build/portASM.o,
by_pc,2147519276,3,63,126,129,3,3,24,0,33,unresolved@/Users/swchen.tw/git/percepio/poc/runs/tcp-workload-matrix-v1/A03-baseline/build/portASM.o:2147519232,/Users/swchen.tw/git/percepio/poc/runs/tcp-workload-matrix-v1/A03-baseline/build/portASM.o,
by_pc,2147519278,3,63,126,129,3,3,24,0,33,unresolved@/Users/swchen.tw/git/percepio/poc/runs/tcp-workload-matrix-v1/A03-baseline/build/portASM.o:2147519232,/Users/swchen.tw/git/percepio/poc/runs/tcp-workload-matrix-v1/A03-baseline/build/portASM.o,
by_pc,2147519280,3,63,126,129,3,3,24,0,33,unresolved@/Users/swchen.tw/git/percepio/poc/runs/tcp-workload-matrix-v1/A03-baseline/build/portASM.o:2147519232,/Users/swchen.tw/git/percepio/poc/runs/tcp-workload-matrix-v1/A03-baseline/build/portASM.o,
by_pc,2147519282,3,63,126,129,3,3,24,0,33,unresolved@/Users/swchen.tw/git/percepio/poc/runs/tcp-workload-matrix-v1/A03-baseline/build/portASM.o:2147519232,/Users/swchen.tw/git/percepio/poc/runs/tcp-workload-matrix-v1/A03-baseline/build/portASM.o,
by_pc,2147519284,3,63,126,129,3,3,24,0,33,unresolved@/Users/swchen.tw/git/percepio/poc/runs/tcp-workload-matrix-v1/A03-baseline/build/portASM.o:2147519232,/Users/swchen.tw/git/percepio/poc/runs/tcp-workload-matrix-v1/A03-baseline/build/portASM.o,
by_pc,2147519286,3,63,126,129,3,3,24,0,33,unresolved@/Users/swchen.tw/git/percepio/poc/runs/tcp-workload-matrix-v1/A03-baseline/build/portASM.o:2147519232,/Users/swchen.tw/git/percepio/poc/runs/tcp-workload-matrix-v1/A03-baseline/build/portASM.o,
by_pc,2147519288,3,63,126,129,3,3,24,0,33,unresolved@/Users/swchen.tw/git/percepio/poc/runs/tcp-workload-matrix-v1/A03-baseline/build/portASM.o:2147519232,/Users/swchen.tw/git/percepio/poc/runs/tcp-workload-matrix-v1/A03-baseline/build/portASM.o,
by_pc,2147519290,3,63,126,129,3,3,24,0,33,unresolved@/Users/swchen.tw/git/percepio/poc/runs/tcp-workload-matrix-v1/A03-baseline/build/portASM.o:2147519232,/Users/swchen.tw/git/percepio/poc/runs/tcp-workload-matrix-v1/A03-baseline/build/portASM.o,
by_pc,2147519292,3,3,6,9,3,0,0,0,0,unresolved@/Users/swchen.tw/git/percepio/poc/runs/tcp-workload-matrix-v1/A03-baseline/build/portASM.o:2147519232,/Users/swchen.tw/git/percepio/poc/runs/tcp-workload-matrix-v1/A03-baseline/build/portASM.o,
by_pc,2147519296,3,40,80,83,3,3,16,18,0,unresolved@/Users/swchen.tw/git/percepio/poc/runs/tcp-workload-matrix-v1/A03-baseline/build/portASM.o:2147519232,/Users/swchen.tw/git/percepio/poc/runs/tcp-workload-matrix-v1/A03-baseline/build/portASM.o,
by_pc,2147519300,3,63,126,129,3,3,24,0,33,unresolved@/Users/swchen.tw/git/percepio/poc/runs/tcp-workload-matrix-v1/A03-baseline/build/portASM.o:2147519232,/Users/swchen.tw/git/percepio/poc/runs/tcp-workload-matrix-v1/A03-baseline/build/portASM.o,
by_pc,2147519302,3,3,6,9,3,0,0,0,0,unresolved@/Users/swchen.tw/git/percepio/poc/runs/tcp-workload-matrix-v1/A03-baseline/build/portASM.o:2147519232,/Users/swchen.tw/git/percepio/poc/runs/tcp-workload-matrix-v1/A03-baseline/build/portASM.o,
by_pc,2147519306,3,63,126,129,3,3,24,0,33,unresolved@/Users/swchen.tw/git/percepio/poc/runs/tcp-workload-matrix-v1/A03-baseline/build/portASM.o:2147519232,/Users/swchen.tw/git/percepio/poc/runs/tcp-workload-matrix-v1/A03-baseline/build/portASM.o,
by_pc,2147519308,3,40,80,83,3,3,16,18,0,unresolved@/Users/swchen.tw/git/percepio/poc/runs/tcp-workload-matrix-v1/A03-baseline/build/portASM.o:2147519232,/Users/swchen.tw/git/percepio/poc/runs/tcp-workload-matrix-v1/A03-baseline/build/portASM.o,
by_pc,2147519312,3,81,162,165,3,3,24,18,33,unresolved@/Users/swchen.tw/git/percepio/poc/runs/tcp-workload-matrix-v1/A03-baseline/build/portASM.o:2147519232,/Users/swchen.tw/git/percepio/poc/runs/tcp-workload-matrix-v1/A03-baseline/build/portASM.o,
by_pc,2147519316,3,3,6,9,3,0,0,0,0,unresolved@/Users/swchen.tw/git/percepio/poc/runs/tcp-workload-matrix-v1/A03-baseline/build/portASM.o:2147519232,/Users/swchen.tw/git/percepio/poc/runs/tcp-workload-matrix-v1/A03-baseline/build/portASM.o,
by_pc,2147519320,3,3,6,9,3,0,0,0,0,unresolved@/Users/swchen.tw/git/percepio/poc/runs/tcp-workload-matrix-v1/A03-baseline/build/portASM.o:2147519232,/Users/swchen.tw/git/percepio/poc/runs/tcp-workload-matrix-v1/A03-baseline/build/portASM.o,
by_pc,2147519324,3,3,6,9,3,0,0,0,0,unresolved@/Users/swchen.tw/git/percepio/poc/runs/tcp-workload-matrix-v1/A03-baseline/build/portASM.o:2147519232,/Users/swchen.tw/git/percepio/poc/runs/tcp-workload-matrix-v1/A03-baseline/build/portASM.o,
by_pc,2147519328,2,42,84,86,2,2,16,0,22,unresolved@/Users/swchen.tw/git/percepio/poc/runs/tcp-workload-matrix-v1/A03-baseline/build/portASM.o:2147519232,/Users/swchen.tw/git/percepio/poc/runs/tcp-workload-matrix-v1/A03-baseline/build/portASM.o,
by_pc,2147519330,2,20,40,42,2,2,16,0,0,unresolved@/Users/swchen.tw/git/percepio/poc/runs/tcp-workload-matrix-v1/A03-baseline/build/portASM.o:2147519232,/Users/swchen.tw/git/percepio/poc/runs/tcp-workload-matrix-v1/A03-baseline/build/portASM.o,
by_pc,2147519334,2,2,4,6,2,0,0,0,0,unresolved@/Users/swchen.tw/git/percepio/poc/runs/tcp-workload-matrix-v1/A03-baseline/build/portASM.o:2147519232,/Users/swchen.tw/git/percepio/poc/runs/tcp-workload-matrix-v1/A03-baseline/build/portASM.o,
by_pc,2147519346,2,2,4,6,2,0,0,0,0,unresolved@/Users/swchen.tw/git/percepio/poc/runs/tcp-workload-matrix-v1/A03-baseline/build/portASM.o:2147519232,/Users/swchen.tw/git/percepio/poc/runs/tcp-workload-matrix-v1/A03-baseline/build/portASM.o,
by_pc,2147519348,2,2,4,6,2,0,0,0,0,unresolved@/Users/swchen.tw/git/percepio/poc/runs/tcp-workload-matrix-v1/A03-baseline/build/portASM.o:2147519232,/Users/swchen.tw/git/percepio/poc/runs/tcp-workload-matrix-v1/A03-baseline/build/portASM.o,
by_pc,2147519350,2,2,4,6,2,0,0,0,0,unresolved@/Users/swchen.tw/git/percepio/poc/runs/tcp-workload-matrix-v1/A03-baseline/build/portASM.o:2147519232,/Users/swchen.tw/git/percepio/poc/runs/tcp-workload-matrix-v1/A03-baseline/build/portASM.o,
by_pc,2147519354,2,2,4,6,2,0,0,0,0,unresolved@/Users/swchen.tw/git/percepio/poc/runs/tcp-workload-matrix-v1/A03-baseline/build/portASM.o:2147519232,/Users/swchen.tw/git/percepio/poc/runs/tcp-workload-matrix-v1/A03-baseline/build/portASM.o,
by_pc,2147519358,2,66,132,134,4,2,24,36,0,unresolved@/Users/swchen.tw/git/percepio/poc/runs/tcp-workload-matrix-v1/A03-baseline/build/portASM.o:2147519232,/Users/swchen.tw/git/percepio/poc/runs/tcp-workload-matrix-v1/A03-baseline/build/portASM.o,
by_pc,2147519362,2,4,8,10,2,2,0,0,0,unresolved@/Users/swchen.tw/git/percepio/poc/runs/tcp-workload-matrix-v1/A03-baseline/build/portASM.o:2147519232,/Users/swchen.tw/git/percepio/poc/runs/tcp-workload-matrix-v1/A03-baseline/build/portASM.o,
by_pc,2147519366,2,2,4,6,2,0,0,0,0,unresolved@/Users/swchen.tw/git/percepio/poc/runs/tcp-workload-matrix-v1/A03-baseline/build/portASM.o:2147519232,/Users/swchen.tw/git/percepio/poc/runs/tcp-workload-matrix-v1/A03-baseline/build/portASM.o,
by_pc,2147519368,2,4,8,10,2,2,0,0,0,unresolved@/Users/swchen.tw/git/percepio/poc/runs/tcp-workload-matrix-v1/A03-baseline/build/portASM.o:2147519232,/Users/swchen.tw/git/percepio/poc/runs/tcp-workload-matrix-v1/A03-baseline/build/portASM.o,
by_pc,2147519370,2,4,8,10,2,2,0,0,0,unresolved@/Users/swchen.tw/git/percepio/poc/runs/tcp-workload-matrix-v1/A03-baseline/build/portASM.o:2147519232,/Users/swchen.tw/git/percepio/poc/runs/tcp-workload-matrix-v1/A03-baseline/build/portASM.o,
by_pc,2147519372,2,2,4,6,2,0,0,0,0,unresolved@/Users/swchen.tw/git/percepio/poc/runs/tcp-workload-matrix-v1/A03-baseline/build/portASM.o:2147519232,/Users/swchen.tw/git/percepio/poc/runs/tcp-workload-matrix-v1/A03-baseline/build/portASM.o,
by_pc,2147519374,2,2,4,6,2,0,0,0,0,unresolved@/Users/swchen.tw/git/percepio/poc/runs/tcp-workload-matrix-v1/A03-baseline/build/portASM.o:2147519232,/Users/swchen.tw/git/percepio/poc/runs/tcp-workload-matrix-v1/A03-baseline/build/portASM.o,
by_pc,2147519376,2,2,4,6,2,0,0,0,0,unresolved@/Users/swchen.tw/git/percepio/poc/runs/tcp-workload-matrix-v1/A03-baseline/build/portASM.o:2147519232,/Users/swchen.tw/git/percepio/poc/runs/tcp-workload-matrix-v1/A03-baseline/build/portASM.o,
by_pc,2147519378,2,4,8,10,2,2,0,0,0,unresolved@/Users/swchen.tw/git/percepio/poc/runs/tcp-workload-matrix-v1/A03-baseline/build/portASM.o:2147519232,/Users/swchen.tw/git/percepio/poc/runs/tcp-workload-matrix-v1/A03-baseline/build/portASM.o,
by_pc,2147519382,2,2,4,6,2,0,0,0,0,unresolved@/Users/swchen.tw/git/percepio/poc/runs/tcp-workload-matrix-v1/A03-baseline/build/portASM.o:2147519232,/Users/swchen.tw/git/percepio/poc/runs/tcp-workload-matrix-v1/A03-baseline/build/portASM.o,
by_pc,2147519386,2,2,4,6,2,0,0,0,0,unresolved@/Users/swchen.tw/git/percepio/poc/runs/tcp-workload-matrix-v1/A03-baseline/build/portASM.o:2147519232,/Users/swchen.tw/git/percepio/poc/runs/tcp-workload-matrix-v1/A03-baseline/build/portASM.o,
by_pc,2147519390,2,2,4,6,2,0,0,0,0,unresolved@/Users/swchen.tw/git/percepio/poc/runs/tcp-workload-matrix-v1/A03-baseline/build/portASM.o:2147519232,/Users/swchen.tw/git/percepio/poc/runs/tcp-workload-matrix-v1/A03-baseline/build/portASM.o,
by_pc,2147519394,2,42,84,86,2,2,16,0,22,unresolved@/Users/swchen.tw/git/percepio/poc/runs/tcp-workload-matrix-v1/A03-baseline/build/portASM.o:2147519232,/Users/swchen.tw/git/percepio/poc/runs/tcp-workload-matrix-v1/A03-baseline/build/portASM.o,
by_pc,2147519396,2,42,84,86,2,2,16,0,22,unresolved@/Users/swchen.tw/git/percepio/poc/runs/tcp-workload-matrix-v1/A03-baseline/build/portASM.o:2147519232,/Users/swchen.tw/git/percepio/poc/runs/tcp-workload-matrix-v1/A03-baseline/build/portASM.o,
by_pc,2147519400,2,2,4,6,2,0,0,0,0,unresolved@/Users/swchen.tw/git/percepio/poc/runs/tcp-workload-matrix-v1/A03-baseline/build/portASM.o:2147519232,/Users/swchen.tw/git/percepio/poc/runs/tcp-workload-matrix-v1/A03-baseline/build/portASM.o,
by_pc,2147485004,2,54,108,110,2,0,16,36,0,xTaskIncrementTick,/Users/swchen.tw/git/percepio/poc/runs/tcp-workload-matrix-v1/A03-baseline/build/tasks.o,
by_pc,2147485006,2,60,120,122,2,2,16,18,22,xTaskIncrementTick,/Users/swchen.tw/git/percepio/poc/runs/tcp-workload-matrix-v1/A03-baseline/build/tasks.o,
by_pc,2147485008,2,42,84,86,2,2,16,0,22,xTaskIncrementTick,/Users/swchen.tw/git/percepio/poc/runs/tcp-workload-matrix-v1/A03-baseline/build/tasks.o,
by_pc,2147485010,2,42,84,86,2,2,16,0,22,xTaskIncrementTick,/Users/swchen.tw/git/percepio/poc/runs/tcp-workload-matrix-v1/A03-baseline/build/tasks.o,
by_pc,2147485012,2,42,84,86,2,2,16,0,22,xTaskIncrementTick,/Users/swchen.tw/git/percepio/poc/runs/tcp-workload-matrix-v1/A03-baseline/build/tasks.o,
by_pc,2147485014,2,42,84,86,2,2,16,0,22,xTaskIncrementTick,/Users/swchen.tw/git/percepio/poc/runs/tcp-workload-matrix-v1/A03-baseline/build/tasks.o,
by_pc,2147485016,2,42,84,86,2,2,16,0,22,xTaskIncrementTick,/Users/swchen.tw/git/percepio/poc/runs/tcp-workload-matrix-v1/A03-baseline/build/tasks.o,
by_pc,2147485018,2,42,84,86,2,2,16,0,22,xTaskIncrementTick,/Users/swchen.tw/git/percepio/poc/runs/tcp-workload-matrix-v1/A03-baseline/build/tasks.o,
by_pc,2147485020,2,42,84,86,2,2,16,0,22,xTaskIncrementTick,/Users/swchen.tw/git/percepio/poc/runs/tcp-workload-matrix-v1/A03-baseline/build/tasks.o,
by_pc,2147485022,2,42,84,86,2,2,16,0,22,xTaskIncrementTick,/Users/swchen.tw/git/percepio/poc/runs/tcp-workload-matrix-v1/A03-baseline/build/tasks.o,
by_pc,2147485024,2,42,84,86,2,2,16,0,22,xTaskIncrementTick,/Users/swchen.tw/git/percepio/poc/runs/tcp-workload-matrix-v1/A03-baseline/build/tasks.o,
by_pc,2147485026,2,42,84,86,2,2,16,0,22,xTaskIncrementTick,/Users/swchen.tw/git/percepio/poc/runs/tcp-workload-matrix-v1/A03-baseline/build/tasks.o,
by_pc,2147485028,2,2,4,6,2,0,0,0,0,xTaskIncrementTick,/Users/swchen.tw/git/percepio/poc/runs/tcp-workload-matrix-v1/A03-baseline/build/tasks.o,
by_pc,2147485032,2,4,8,10,2,2,0,0,0,xTaskIncrementTick,/Users/swchen.tw/git/percepio/poc/runs/tcp-workload-matrix-v1/A03-baseline/build/tasks.o,
by_pc,2147485034,2,2,4,6,2,0,0,0,0,xTaskIncrementTick,/Users/swchen.tw/git/percepio/poc/runs/tcp-workload-matrix-v1/A03-baseline/build/tasks.o,
by_pc,2147485036,2,2,4,6,2,0,0,0,0,xTaskIncrementTick,/Users/swchen.tw/git/percepio/poc/runs/tcp-workload-matrix-v1/A03-baseline/build/tasks.o,
by_pc,2147485040,2,4,8,10,2,2,0,0,0,xTaskIncrementTick,/Users/swchen.tw/git/percepio/poc/runs/tcp-workload-matrix-v1/A03-baseline/build/tasks.o,
by_pc,2147485044,2,2,4,6,2,0,0,0,0,xTaskIncrementTick,/Users/swchen.tw/git/percepio/poc/runs/tcp-workload-matrix-v1/A03-baseline/build/tasks.o,
by_pc,2147485046,2,4,8,10,2,2,0,0,0,xTaskIncrementTick,/Users/swchen.tw/git/percepio/poc/runs/tcp-workload-matrix-v1/A03-baseline/build/tasks.o,
by_pc,2147485050,2,38,76,78,2,2,16,18,0,xTaskIncrementTick,/Users/swchen.tw/git/percepio/poc/runs/tcp-workload-matrix-v1/A03-baseline/build/tasks.o,
by_pc,2147485054,2,2,4,6,2,0,0,0,0,xTaskIncrementTick,/Users/swchen.tw/git/percepio/poc/runs/tcp-workload-matrix-v1/A03-baseline/build/tasks.o,
by_pc,2147485056,2,112,224,226,2,2,32,54,22,xTaskIncrementTick,/Users/swchen.tw/git/percepio/poc/runs/tcp-workload-matrix-v1/A03-baseline/build/tasks.o,
by_pc,2147485058,2,4,8,10,2,2,0,0,0,xTaskIncrementTick,/Users/swchen.tw/git/percepio/poc/runs/tcp-workload-matrix-v1/A03-baseline/build/tasks.o,
by_pc,2147485060,2,2,4,6,2,0,0,0,0,xTaskIncrementTick,/Users/swchen.tw/git/percepio/poc/runs/tcp-workload-matrix-v1/A03-baseline/build/tasks.o,
by_pc,2147485062,2,4,8,10,2,2,0,0,0,xTaskIncrementTick,/Users/swchen.tw/git/percepio/poc/runs/tcp-workload-matrix-v1/A03-baseline/build/tasks.o,
by_pc,2147485066,2,2,4,6,2,0,0,0,0,xTaskIncrementTick,/Users/swchen.tw/git/percepio/poc/runs/tcp-workload-matrix-v1/A03-baseline/build/tasks.o,
by_pc,2147485070,2,2,4,6,2,0,0,0,0,xTaskIncrementTick,/Users/swchen.tw/git/percepio/poc/runs/tcp-workload-matrix-v1/A03-baseline/build/tasks.o,
by_pc,2147485072,2,2,4,6,2,0,0,0,0,xTaskIncrementTick,/Users/swchen.tw/git/percepio/poc/runs/tcp-workload-matrix-v1/A03-baseline/build/tasks.o,
by_pc,2147488492,4,42,84,88,4,4,16,18,0,xTraceEventCreate1,/Users/swchen.tw/git/percepio/poc/runs/tcp-workload-matrix-v1/A03-baseline/build/trcEvent.o,
by_pc,2147488496,4,4,8,12,4,0,0,0,0,xTraceEventCreate1,/Users/swchen.tw/git/percepio/poc/runs/tcp-workload-matrix-v1/A03-baseline/build/trcEvent.o,
by_pc,2147488498,4,102,204,208,4,4,32,18,44,xTraceEventCreate1,/Users/swchen.tw/git/percepio/poc/runs/tcp-workload-matrix-v1/A03-baseline/build/trcEvent.o,
by_pc,2147488500,4,84,168,172,4,4,32,0,44,xTraceEventCreate1,/Users/swchen.tw/git/percepio/poc/runs/tcp-workload-matrix-v1/A03-baseline/build/trcEvent.o,
by_pc,2147488502,4,84,168,172,4,4,32,0,44,xTraceEventCreate1,/Users/swchen.tw/git/percepio/poc/runs/tcp-workload-matrix-v1/A03-baseline/build/trcEvent.o,
by_pc,2147488504,4,84,168,172,4,4,32,0,44,xTraceEventCreate1,/Users/swchen.tw/git/percepio/poc/runs/tcp-workload-matrix-v1/A03-baseline/build/trcEvent.o,
by_pc,2147488506,4,84,168,172,4,4,32,0,44,xTraceEventCreate1,/Users/swchen.tw/git/percepio/poc/runs/tcp-workload-matrix-v1/A03-baseline/build/trcEvent.o,
by_pc,2147488508,4,4,8,12,4,0,0,0,0,xTraceEventCreate1,/Users/swchen.tw/git/percepio/poc/runs/tcp-workload-matrix-v1/A03-baseline/build/trcEvent.o,
by_pc,2147488510,4,4,8,12,4,0,0,0,0,xTraceEventCreate1,/Users/swchen.tw/git/percepio/poc/runs/tcp-workload-matrix-v1/A03-baseline/build/trcEvent.o,
by_pc,2147488512,4,42,84,88,4,4,16,18,0,xTraceEventCreate1,/Users/swchen.tw/git/percepio/poc/runs/tcp-workload-matrix-v1/A03-baseline/build/trcEvent.o,
by_pc,2147488516,4,8,16,20,4,4,0,0,0,xTraceEventCreate1,/Users/swchen.tw/git/percepio/poc/runs/tcp-workload-matrix-v1/A03-baseline/build/trcEvent.o,
by_pc,2147488518,4,4,8,12,4,0,0,0,0,xTraceEventCreate1,/Users/swchen.tw/git/percepio/poc/runs/tcp-workload-matrix-v1/A03-baseline/build/trcEvent.o,
by_pc,2147488520,4,4,8,12,4,0,0,0,0,xTraceEventCreate1,/Users/swchen.tw/git/percepio/poc/runs/tcp-workload-matrix-v1/A03-baseline/build/trcEvent.o,
by_pc,2147488522,4,4,8,12,4,0,0,0,0,xTraceEventCreate1,/Users/swchen.tw/git/percepio/poc/runs/tcp-workload-matrix-v1/A03-baseline/build/trcEvent.o,
by_pc,2147488526,4,4,8,12,4,0,0,0,0,xTraceEventCreate1,/Users/swchen.tw/git/percepio/poc/runs/tcp-workload-matrix-v1/A03-baseline/build/trcEvent.o,
by_pc,2147488530,4,8,16,20,4,4,0,0,0,xTraceEventCreate1,/Users/swchen.tw/git/percepio/poc/runs/tcp-workload-matrix-v1/A03-baseline/build/trcEvent.o,
by_pc,2147488532,4,4,8,12,4,0,0,0,0,xTraceEventCreate1,/Users/swchen.tw/git/percepio/poc/runs/tcp-workload-matrix-v1/A03-baseline/build/trcEvent.o,
by_pc,2147488534,4,42,84,88,4,4,16,18,0,xTraceEventCreate1,/Users/swchen.tw/git/percepio/poc/runs/tcp-workload-matrix-v1/A03-baseline/build/trcEvent.o,
by_pc,2147488536,4,4,8,12,4,0,0,0,0,xTraceEventCreate1,/Users/swchen.tw/git/percepio/poc/runs/tcp-workload-matrix-v1/A03-baseline/build/trcEvent.o,
by_pc,2147488538,4,84,168,172,4,4,32,0,44,xTraceEventCreate1,/Users/swchen.tw/git/percepio/poc/runs/tcp-workload-matrix-v1/A03-baseline/build/trcEvent.o,
by_pc,2147488540,4,8,16,20,4,4,0,0,0,xTraceEventCreate1,/Users/swchen.tw/git/percepio/poc/runs/tcp-workload-matrix-v1/A03-baseline/build/trcEvent.o,
by_pc,2147488544,4,8,16,20,4,4,0,0,0,xTraceEventCreate1,/Users/swchen.tw/git/percepio/poc/runs/tcp-workload-matrix-v1/A03-baseline/build/trcEvent.o,
by_pc,2147488548,4,42,84,88,4,4,16,18,0,xTraceEventCreate1,/Users/swchen.tw/git/percepio/poc/runs/tcp-workload-matrix-v1/A03-baseline/build/trcEvent.o,
by_pc,2147488550,4,4,8,12,4,0,0,0,0,xTraceEventCreate1,/Users/swchen.tw/git/percepio/poc/runs/tcp-workload-matrix-v1/A03-baseline/build/trcEvent.o,
by_pc,2147488552,4,4,8,12,4,0,0,0,0,xTraceEventCreate1,/Users/swchen.tw/git/percepio/poc/runs/tcp-workload-matrix-v1/A03-baseline/build/trcEvent.o,
by_pc,2147488554,4,4,8,12,4,0,0,0,0,xTraceEventCreate1,/Users/swchen.tw/git/percepio/poc/runs/tcp-workload-matrix-v1/A03-baseline/build/trcEvent.o,
by_pc,2147488556,4,4,8,12,4,0,0,0,0,xTraceEventCreate1,/Users/swchen.tw/git/percepio/poc/runs/tcp-workload-matrix-v1/A03-baseline/build/trcEvent.o,
by_pc,2147488558,4,4,8,12,4,0,0,0,0,xTraceEventCreate1,/Users/swchen.tw/git/percepio/poc/runs/tcp-workload-matrix-v1/A03-baseline/build/trcEvent.o,
by_pc,2147488560,4,84,168,172,4,4,32,0,44,xTraceEventCreate1,/Users/swchen.tw/git/percepio/poc/runs/tcp-workload-matrix-v1/A03-baseline/build/trcEvent.o,
by_pc,2147488564,4,8,16,20,4,4,0,0,0,xTraceEventCreate1,/Users/swchen.tw/git/percepio/poc/runs/tcp-workload-matrix-v1/A03-baseline/build/trcEvent.o,
by_pc,2147488566,4,8,16,20,4,4,0,0,0,xTraceEventCreate1,/Users/swchen.tw/git/percepio/poc/runs/tcp-workload-matrix-v1/A03-baseline/build/trcEvent.o,
by_pc,2147488568,4,84,168,172,4,4,32,0,44,xTraceEventCreate1,/Users/swchen.tw/git/percepio/poc/runs/tcp-workload-matrix-v1/A03-baseline/build/trcEvent.o,
by_pc,2147488572,4,4,8,12,4,0,0,0,0,xTraceEventCreate1,/Users/swchen.tw/git/percepio/poc/runs/tcp-workload-matrix-v1/A03-baseline/build/trcEvent.o,
by_pc,2147493400,9,61,122,131,9,0,16,36,0,poc_mtime,/Users/swchen.tw/git/percepio/poc/runs/tcp-workload-matrix-v1/A03-baseline/build/clock.o,
by_pc,2147493404,9,9,18,27,9,0,0,0,0,poc_mtime,/Users/swchen.tw/git/percepio/poc/runs/tcp-workload-matrix-v1/A03-baseline/build/clock.o,
by_pc,2147493408,9,9,18,27,9,0,0,0,0,poc_mtime,/Users/swchen.tw/git/percepio/poc/runs/tcp-workload-matrix-v1/A03-baseline/build/clock.o,
by_pc,2147493410,9,9,18,27,9,0,0,0,0,poc_mtime,/Users/swchen.tw/git/percepio/poc/runs/tcp-workload-matrix-v1/A03-baseline/build/clock.o,
by_pc,2147493412,9,9,18,27,9,0,0,0,0,poc_mtime,/Users/swchen.tw/git/percepio/poc/runs/tcp-workload-matrix-v1/A03-baseline/build/clock.o,
by_pc,2147493414,9,9,18,27,9,0,0,0,0,poc_mtime,/Users/swchen.tw/git/percepio/poc/runs/tcp-workload-matrix-v1/A03-baseline/build/clock.o,
by_pc,2147493416,9,9,18,27,9,0,0,0,0,poc_mtime,/Users/swchen.tw/git/percepio/poc/runs/tcp-workload-matrix-v1/A03-baseline/build/clock.o,
by_pc,2147493418,9,9,18,27,9,0,0,0,0,poc_mtime,/Users/swchen.tw/git/percepio/poc/runs/tcp-workload-matrix-v1/A03-baseline/build/clock.o,
by_pc,2147493422,9,9,18,27,9,0,0,0,0,poc_mtime,/Users/swchen.tw/git/percepio/poc/runs/tcp-workload-matrix-v1/A03-baseline/build/clock.o,
by_pc,2147488576,4,42,84,88,4,4,16,18,0,xTraceEventCreate1,/Users/swchen.tw/git/percepio/poc/runs/tcp-workload-matrix-v1/A03-baseline/build/trcEvent.o,
by_pc,2147488580,4,84,168,172,4,4,32,0,44,xTraceEventCreate1,/Users/swchen.tw/git/percepio/poc/runs/tcp-workload-matrix-v1/A03-baseline/build/trcEvent.o,
by_pc,2147488582,4,8,16,20,4,4,0,0,0,xTraceEventCreate1,/Users/swchen.tw/git/percepio/poc/runs/tcp-workload-matrix-v1/A03-baseline/build/trcEvent.o,
by_pc,2147488584,4,4,8,12,4,0,0,0,0,xTraceEventCreate1,/Users/swchen.tw/git/percepio/poc/runs/tcp-workload-matrix-v1/A03-baseline/build/trcEvent.o,
by_pc,2147488594,4,8,16,20,4,4,0,0,0,xTraceEventCreate1,/Users/swchen.tw/git/percepio/poc/runs/tcp-workload-matrix-v1/A03-baseline/build/trcEvent.o,
by_pc,2147488596,4,4,8,12,4,0,0,0,0,xTraceEventCreate1,/Users/swchen.tw/git/percepio/poc/runs/tcp-workload-matrix-v1/A03-baseline/build/trcEvent.o,
by_pc,2147488598,4,4,8,12,4,0,0,0,0,xTraceEventCreate1,/Users/swchen.tw/git/percepio/poc/runs/tcp-workload-matrix-v1/A03-baseline/build/trcEvent.o,
by_pc,2147488600,4,84,168,172,4,4,32,0,44,xTraceEventCreate1,/Users/swchen.tw/git/percepio/poc/runs/tcp-workload-matrix-v1/A03-baseline/build/trcEvent.o,
by_pc,2147488602,4,4,8,12,4,0,0,0,0,xTraceEventCreate1,/Users/swchen.tw/git/percepio/poc/runs/tcp-workload-matrix-v1/A03-baseline/build/trcEvent.o,
by_pc,2147488604,4,84,168,172,4,4,32,0,44,xTraceEventCreate1,/Users/swchen.tw/git/percepio/poc/runs/tcp-workload-matrix-v1/A03-baseline/build/trcEvent.o,
by_pc,2147488606,4,4,8,12,4,0,0,0,0,xTraceEventCreate1,/Users/swchen.tw/git/percepio/poc/runs/tcp-workload-matrix-v1/A03-baseline/build/trcEvent.o,
by_pc,2147488608,4,4,8,12,4,0,0,0,0,xTraceEventCreate1,/Users/swchen.tw/git/percepio/poc/runs/tcp-workload-matrix-v1/A03-baseline/build/trcEvent.o,
by_pc,2147493810,7,67,134,141,7,0,24,36,0,xTraceStreamPortWriteData,/Users/swchen.tw/git/percepio/poc/runs/tcp-workload-matrix-v1/A03-baseline/build/trcStreamPort.o,
by_pc,2147493812,7,147,294,301,7,7,56,0,77,xTraceStreamPortWriteData,/Users/swchen.tw/git/percepio/poc/runs/tcp-workload-matrix-v1/A03-baseline/build/trcStreamPort.o,
by_pc,2147493814,7,147,294,301,7,7,56,0,77,xTraceStreamPortWriteData,/Users/swchen.tw/git/percepio/poc/runs/tcp-workload-matrix-v1/A03-baseline/build/trcStreamPort.o,
by_pc,2147493816,7,147,294,301,7,7,56,0,77,xTraceStreamPortWriteData,/Users/swchen.tw/git/percepio/poc/runs/tcp-workload-matrix-v1/A03-baseline/build/trcStreamPort.o,
by_pc,2147493820,7,7,14,21,7,0,0,0,0,xTraceStreamPortWriteData,/Users/swchen.tw/git/percepio/poc/runs/tcp-workload-matrix-v1/A03-baseline/build/trcStreamPort.o,
by_pc,2147493826,7,66,132,139,7,7,16,36,0,xTraceStreamPortWriteData,/Users/swchen.tw/git/percepio/poc/runs/tcp-workload-matrix-v1/A03-baseline/build/trcStreamPort.o,
by_pc,2147493830,7,7,14,21,7,0,0,0,0,xTraceStreamPortWriteData,/Users/swchen.tw/git/percepio/poc/runs/tcp-workload-matrix-v1/A03-baseline/build/trcStreamPort.o,
by_pc,2147493834,7,7,14,21,7,0,0,0,0,xTraceStreamPortWriteData,/Users/swchen.tw/git/percepio/poc/runs/tcp-workload-matrix-v1/A03-baseline/build/trcStreamPort.o,
by_pc,2147493836,7,7,14,21,7,0,0,0,0,xTraceStreamPortWriteData,/Users/swchen.tw/git/percepio/poc/runs/tcp-workload-matrix-v1/A03-baseline/build/trcStreamPort.o,
by_pc,2147493838,7,7,14,21,7,0,0,0,0,xTraceStreamPortWriteData,/Users/swchen.tw/git/percepio/poc/runs/tcp-workload-matrix-v1/A03-baseline/build/trcStreamPort.o,
by_pc,2147493840,7,7,14,21,7,0,0,0,0,xTraceStreamPortWriteData,/Users/swchen.tw/git/percepio/poc/runs/tcp-workload-matrix-v1/A03-baseline/build/trcStreamPort.o,
by_pc,2147493842,7,165,330,337,7,7,56,18,77,xTraceStreamPortWriteData,/Users/swchen.tw/git/percepio/poc/runs/tcp-workload-matrix-v1/A03-baseline/build/trcStreamPort.o,
by_pc,2147493844,7,7,14,21,7,0,0,0,0,xTraceStreamPortWriteData,/Users/swchen.tw/git/percepio/poc/runs/tcp-workload-matrix-v1/A03-baseline/build/trcStreamPort.o,
by_pc,2147493576,7,41,82,89,7,0,16,18,0,poc_write_all,/Users/swchen.tw/git/percepio/poc/runs/tcp-workload-matrix-v1/A03-baseline/build/stream_io.o,
by_pc,2147493578,7,147,294,301,7,7,56,0,77,poc_write_all,/Users/swchen.tw/git/percepio/poc/runs/tcp-workload-matrix-v1/A03-baseline/build/stream_io.o,
by_pc,2147493580,7,147,294,301,7,7,56,0,77,poc_write_all,/Users/swchen.tw/git/percepio/poc/runs/tcp-workload-matrix-v1/A03-baseline/build/stream_io.o,
by_pc,2147493582,7,147,294,301,7,7,56,0,77,poc_write_all,/Users/swchen.tw/git/percepio/poc/runs/tcp-workload-matrix-v1/A03-baseline/build/stream_io.o,
by_pc,2147493584,7,7,14,21,7,0,0,0,0,poc_write_all,/Users/swchen.tw/git/percepio/poc/runs/tcp-workload-matrix-v1/A03-baseline/build/stream_io.o,
by_pc,2147493586,7,7,14,21,7,0,0,0,0,poc_write_all,/Users/swchen.tw/git/percepio/poc/runs/tcp-workload-matrix-v1/A03-baseline/build/stream_io.o,
by_pc,2147493590,14,14,28,42,14,0,0,0,0,poc_write_all,/Users/swchen.tw/git/percepio/poc/runs/tcp-workload-matrix-v1/A03-baseline/build/stream_io.o,
by_pc,2147493596,7,7,14,21,7,0,0,0,0,poc_write_all,/Users/swchen.tw/git/percepio/poc/runs/tcp-workload-matrix-v1/A03-baseline/build/stream_io.o,
by_pc,2147493598,7,7,14,21,7,0,0,0,0,poc_write_all,/Users/swchen.tw/git/percepio/poc/runs/tcp-workload-matrix-v1/A03-baseline/build/stream_io.o,
by_pc,2147493612,7,7,14,21,7,0,0,0,0,poc_write_all,/Users/swchen.tw/git/percepio/poc/runs/tcp-workload-matrix-v1/A03-baseline/build/stream_io.o,
by_pc,2147493614,7,147,294,301,7,7,56,0,77,poc_write_all,/Users/swchen.tw/git/percepio/poc/runs/tcp-workload-matrix-v1/A03-baseline/build/stream_io.o,
by_pc,2147493616,7,147,294,301,7,7,56,0,77,poc_write_all,/Users/swchen.tw/git/percepio/poc/runs/tcp-workload-matrix-v1/A03-baseline/build/stream_io.o,
by_pc,2147493618,7,7,14,21,7,0,0,0,0,poc_write_all,/Users/swchen.tw/git/percepio/poc/runs/tcp-workload-matrix-v1/A03-baseline/build/stream_io.o,
by_pc,2147493552,7,59,118,125,7,0,16,36,0,poc_sh_write,/Users/swchen.tw/git/percepio/poc/runs/tcp-workload-matrix-v1/A03-baseline/build/semihost.o,
by_pc,2147493554,7,165,330,337,7,7,56,18,77,poc_sh_write,/Users/swchen.tw/git/percepio/poc/runs/tcp-workload-matrix-v1/A03-baseline/build/semihost.o,
by_pc,2147493556,7,147,294,301,7,7,56,0,77,poc_sh_write,/Users/swchen.tw/git/percepio/poc/runs/tcp-workload-matrix-v1/A03-baseline/build/semihost.o,
by_pc,2147493558,7,7,14,21,7,0,0,0,0,poc_sh_write,/Users/swchen.tw/git/percepio/poc/runs/tcp-workload-matrix-v1/A03-baseline/build/semihost.o,
by_pc,2147493560,7,7,14,21,7,0,0,0,0,poc_sh_write,/Users/swchen.tw/git/percepio/poc/runs/tcp-workload-matrix-v1/A03-baseline/build/semihost.o,
by_pc,2147493562,7,147,294,301,7,7,56,0,77,poc_sh_write,/Users/swchen.tw/git/percepio/poc/runs/tcp-workload-matrix-v1/A03-baseline/build/semihost.o,
by_pc,2147493564,7,147,294,301,7,7,56,0,77,poc_sh_write,/Users/swchen.tw/git/percepio/poc/runs/tcp-workload-matrix-v1/A03-baseline/build/semihost.o,
by_pc,2147493566,7,14,28,35,14,0,0,0,0,poc_sh_write,/Users/swchen.tw/git/percepio/poc/runs/tcp-workload-matrix-v1/A03-baseline/build/semihost.o,
by_pc,2147493488,7,59,118,125,7,0,16,36,0,call,/Users/swchen.tw/git/percepio/poc/runs/tcp-workload-matrix-v1/A03-baseline/build/semihost.o,
by_pc,2147493492,7,7,14,21,7,0,0,0,0,call,/Users/swchen.tw/git/percepio/poc/runs/tcp-workload-matrix-v1/A03-baseline/build/semihost.o,
by_pc,2147493496,7,7,14,21,7,0,0,0,0,call,/Users/swchen.tw/git/percepio/poc/runs/tcp-workload-matrix-v1/A03-baseline/build/semihost.o,
by_pc,2147493500,7,7,14,21,7,0,0,0,0,call,/Users/swchen.tw/git/percepio/poc/runs/tcp-workload-matrix-v1/A03-baseline/build/semihost.o,
by_pc,2147493570,7,14,28,35,7,7,0,0,0,poc_sh_write,/Users/swchen.tw/git/percepio/poc/runs/tcp-workload-matrix-v1/A03-baseline/build/semihost.o,
by_pc,2147493572,7,7,14,21,7,0,0,0,0,poc_sh_write,/Users/swchen.tw/git/percepio/poc/runs/tcp-workload-matrix-v1/A03-baseline/build/semihost.o,
by_pc,2147493574,7,7,14,21,7,0,0,0,0,poc_sh_write,/Users/swchen.tw/git/percepio/poc/runs/tcp-workload-matrix-v1/A03-baseline/build/semihost.o,
by_pc,2147493622,7,14,28,35,7,7,0,0,0,poc_write_all,/Users/swchen.tw/git/percepio/poc/runs/tcp-workload-matrix-v1/A03-baseline/build/stream_io.o,
by_pc,2147493624,7,7,14,21,7,0,0,0,0,poc_write_all,/Users/swchen.tw/git/percepio/poc/runs/tcp-workload-matrix-v1/A03-baseline/build/stream_io.o,
by_pc,2147493628,7,7,14,21,7,0,0,0,0,poc_write_all,/Users/swchen.tw/git/percepio/poc/runs/tcp-workload-matrix-v1/A03-baseline/build/stream_io.o,
by_pc,2147493632,7,66,132,139,7,7,16,36,0,poc_write_all,/Users/swchen.tw/git/percepio/poc/runs/tcp-workload-matrix-v1/A03-baseline/build/stream_io.o,
by_pc,2147493634,7,7,14,21,7,0,0,0,0,poc_write_all,/Users/swchen.tw/git/percepio/poc/runs/tcp-workload-matrix-v1/A03-baseline/build/stream_io.o,
by_pc,2147493636,7,7,14,21,7,0,0,0,0,poc_write_all,/Users/swchen.tw/git/percepio/poc/runs/tcp-workload-matrix-v1/A03-baseline/build/stream_io.o,
by_pc,2147493638,7,7,14,21,7,0,0,0,0,poc_write_all,/Users/swchen.tw/git/percepio/poc/runs/tcp-workload-matrix-v1/A03-baseline/build/stream_io.o,
by_pc,2147493640,7,7,14,21,7,0,0,0,0,poc_write_all,/Users/swchen.tw/git/percepio/poc/runs/tcp-workload-matrix-v1/A03-baseline/build/stream_io.o,
by_pc,2147493592,7,7,14,21,7,0,0,0,0,poc_write_all,/Users/swchen.tw/git/percepio/poc/runs/tcp-workload-matrix-v1/A03-baseline/build/stream_io.o,
by_pc,2147493594,7,7,14,21,7,0,0,0,0,poc_write_all,/Users/swchen.tw/git/percepio/poc/runs/tcp-workload-matrix-v1/A03-baseline/build/stream_io.o,
by_pc,2147493602,7,14,28,35,7,7,0,0,0,poc_write_all,/Users/swchen.tw/git/percepio/poc/runs/tcp-workload-matrix-v1/A03-baseline/build/stream_io.o,
by_pc,2147493604,7,14,28,35,7,7,0,0,0,poc_write_all,/Users/swchen.tw/git/percepio/poc/runs/tcp-workload-matrix-v1/A03-baseline/build/stream_io.o,
by_pc,2147493606,7,14,28,35,7,7,0,0,0,poc_write_all,/Users/swchen.tw/git/percepio/poc/runs/tcp-workload-matrix-v1/A03-baseline/build/stream_io.o,
by_pc,2147493608,7,7,14,21,7,0,0,0,0,poc_write_all,/Users/swchen.tw/git/percepio/poc/runs/tcp-workload-matrix-v1/A03-baseline/build/stream_io.o,
by_pc,2147493610,7,7,14,21,7,0,0,0,0,poc_write_all,/Users/swchen.tw/git/percepio/poc/runs/tcp-workload-matrix-v1/A03-baseline/build/stream_io.o,
by_pc,2147493848,7,7,14,21,7,0,0,0,0,xTraceStreamPortWriteData,/Users/swchen.tw/git/percepio/poc/runs/tcp-workload-matrix-v1/A03-baseline/build/trcStreamPort.o,
by_pc,2147493850,7,14,28,35,7,7,0,0,0,xTraceStreamPortWriteData,/Users/swchen.tw/git/percepio/poc/runs/tcp-workload-matrix-v1/A03-baseline/build/trcStreamPort.o,
by_pc,2147493852,7,147,294,301,7,7,56,0,77,xTraceStreamPortWriteData,/Users/swchen.tw/git/percepio/poc/runs/tcp-workload-matrix-v1/A03-baseline/build/trcStreamPort.o,
by_pc,2147493854,7,14,28,35,7,7,0,0,0,xTraceStreamPortWriteData,/Users/swchen.tw/git/percepio/poc/runs/tcp-workload-matrix-v1/A03-baseline/build/trcStreamPort.o,
by_pc,2147493856,7,14,28,35,7,7,0,0,0,xTraceStreamPortWriteData,/Users/swchen.tw/git/percepio/poc/runs/tcp-workload-matrix-v1/A03-baseline/build/trcStreamPort.o,
by_pc,2147493858,7,7,14,21,7,0,0,0,0,xTraceStreamPortWriteData,/Users/swchen.tw/git/percepio/poc/runs/tcp-workload-matrix-v1/A03-baseline/build/trcStreamPort.o,
by_pc,2147493860,7,7,14,21,7,0,0,0,0,xTraceStreamPortWriteData,/Users/swchen.tw/git/percepio/poc/runs/tcp-workload-matrix-v1/A03-baseline/build/trcStreamPort.o,
by_pc,2147488612,4,4,8,12,4,0,0,0,0,xTraceEventCreate1,/Users/swchen.tw/git/percepio/poc/runs/tcp-workload-matrix-v1/A03-baseline/build/trcEvent.o,
by_pc,2147488614,4,4,8,12,4,0,0,0,0,xTraceEventCreate1,/Users/swchen.tw/git/percepio/poc/runs/tcp-workload-matrix-v1/A03-baseline/build/trcEvent.o,
by_pc,2147488452,7,7,14,21,7,0,0,0,0,poc_irq_restore,/Users/swchen.tw/git/percepio/poc/runs/tcp-workload-matrix-v1/A03-baseline/build/trcEvent.o,
by_pc,2147488454,7,7,14,21,7,0,0,0,0,poc_irq_restore,/Users/swchen.tw/git/percepio/poc/runs/tcp-workload-matrix-v1/A03-baseline/build/trcEvent.o,
by_pc,2147488462,6,6,12,18,6,0,0,0,0,poc_irq_restore,/Users/swchen.tw/git/percepio/poc/runs/tcp-workload-matrix-v1/A03-baseline/build/trcEvent.o,
by_pc,2147488466,6,6,12,18,6,0,0,0,0,poc_irq_restore,/Users/swchen.tw/git/percepio/poc/runs/tcp-workload-matrix-v1/A03-baseline/build/trcEvent.o,
by_pc,2147488616,4,4,8,12,4,0,0,0,0,xTraceEventCreate1,/Users/swchen.tw/git/percepio/poc/runs/tcp-workload-matrix-v1/A03-baseline/build/trcEvent.o,
by_pc,2147488618,4,8,16,20,4,4,0,0,0,xTraceEventCreate1,/Users/swchen.tw/git/percepio/poc/runs/tcp-workload-matrix-v1/A03-baseline/build/trcEvent.o,
by_pc,2147488620,4,8,16,20,4,4,0,0,0,xTraceEventCreate1,/Users/swchen.tw/git/percepio/poc/runs/tcp-workload-matrix-v1/A03-baseline/build/trcEvent.o,
by_pc,2147488622,4,8,16,20,4,4,0,0,0,xTraceEventCreate1,/Users/swchen.tw/git/percepio/poc/runs/tcp-workload-matrix-v1/A03-baseline/build/trcEvent.o,
by_pc,2147488624,4,8,16,20,4,4,0,0,0,xTraceEventCreate1,/Users/swchen.tw/git/percepio/poc/runs/tcp-workload-matrix-v1/A03-baseline/build/trcEvent.o,
by_pc,2147488626,4,4,8,12,4,0,0,0,0,xTraceEventCreate1,/Users/swchen.tw/git/percepio/poc/runs/tcp-workload-matrix-v1/A03-baseline/build/trcEvent.o,
by_pc,2147488628,4,4,8,12,4,0,0,0,0,xTraceEventCreate1,/Users/swchen.tw/git/percepio/poc/runs/tcp-workload-matrix-v1/A03-baseline/build/trcEvent.o,
by_pc,2147488630,4,4,8,12,4,0,0,0,0,xTraceEventCreate1,/Users/swchen.tw/git/percepio/poc/runs/tcp-workload-matrix-v1/A03-baseline/build/trcEvent.o,
by_pc,2147485076,2,4,8,10,2,2,0,0,0,xTaskIncrementTick,/Users/swchen.tw/git/percepio/poc/runs/tcp-workload-matrix-v1/A03-baseline/build/tasks.o,
by_pc,2147485078,2,2,4,6,2,0,0,0,0,xTaskIncrementTick,/Users/swchen.tw/git/percepio/poc/runs/tcp-workload-matrix-v1/A03-baseline/build/tasks.o,
by_pc,2147485082,2,2,4,6,2,0,0,0,0,xTaskIncrementTick,/Users/swchen.tw/git/percepio/poc/runs/tcp-workload-matrix-v1/A03-baseline/build/tasks.o,
by_pc,2147485086,2,4,8,10,2,2,0,0,0,xTaskIncrementTick,/Users/swchen.tw/git/percepio/poc/runs/tcp-workload-matrix-v1/A03-baseline/build/tasks.o,
by_pc,2147485088,2,2,4,6,2,0,0,0,0,xTaskIncrementTick,/Users/swchen.tw/git/percepio/poc/runs/tcp-workload-matrix-v1/A03-baseline/build/tasks.o,
by_pc,2147485090,2,42,84,86,2,2,16,0,22,xTaskIncrementTick,/Users/swchen.tw/git/percepio/poc/runs/tcp-workload-matrix-v1/A03-baseline/build/tasks.o,
by_pc,2147485092,2,2,4,6,2,0,0,0,0,xTaskIncrementTick,/Users/swchen.tw/git/percepio/poc/runs/tcp-workload-matrix-v1/A03-baseline/build/tasks.o,
by_pc,2147485146,2,54,108,110,2,0,16,36,0,xTaskIncrementTick,/Users/swchen.tw/git/percepio/poc/runs/tcp-workload-matrix-v1/A03-baseline/build/tasks.o,
by_pc,2147485150,2,4,8,10,2,2,0,0,0,xTaskIncrementTick,/Users/swchen.tw/git/percepio/poc/runs/tcp-workload-matrix-v1/A03-baseline/build/tasks.o,
by_pc,2147485154,2,2,4,6,2,0,0,0,0,xTaskIncrementTick,/Users/swchen.tw/git/percepio/poc/runs/tcp-workload-matrix-v1/A03-baseline/build/tasks.o,
by_pc,2147485158,2,2,4,6,2,0,0,0,0,xTaskIncrementTick,/Users/swchen.tw/git/percepio/poc/runs/tcp-workload-matrix-v1/A03-baseline/build/tasks.o,
by_pc,2147485162,2,2,4,6,2,0,0,0,0,xTaskIncrementTick,/Users/swchen.tw/git/percepio/poc/runs/tcp-workload-matrix-v1/A03-baseline/build/tasks.o,
by_pc,2147485164,2,2,4,6,2,0,0,0,0,xTaskIncrementTick,/Users/swchen.tw/git/percepio/poc/runs/tcp-workload-matrix-v1/A03-baseline/build/tasks.o,
by_pc,2147485194,2,30,60,62,2,2,8,18,0,xTaskIncrementTick,/Users/swchen.tw/git/percepio/poc/runs/tcp-workload-matrix-v1/A03-baseline/build/tasks.o,
by_pc,2147485198,2,2,4,6,2,0,0,0,0,xTaskIncrementTick,/Users/swchen.tw/git/percepio/poc/runs/tcp-workload-matrix-v1/A03-baseline/build/tasks.o,
by_pc,2147485200,2,4,8,10,2,2,0,0,0,xTaskIncrementTick,/Users/swchen.tw/git/percepio/poc/runs/tcp-workload-matrix-v1/A03-baseline/build/tasks.o,
by_pc,2147485204,2,4,8,10,2,2,0,0,0,xTaskIncrementTick,/Users/swchen.tw/git/percepio/poc/runs/tcp-workload-matrix-v1/A03-baseline/build/tasks.o,
by_pc,2147485206,2,2,4,6,2,0,0,0,0,xTaskIncrementTick,/Users/swchen.tw/git/percepio/poc/runs/tcp-workload-matrix-v1/A03-baseline/build/tasks.o,
by_pc,2147485210,2,2,4,6,2,0,0,0,0,xTaskIncrementTick,/Users/swchen.tw/git/percepio/poc/runs/tcp-workload-matrix-v1/A03-baseline/build/tasks.o,
by_pc,2147485214,2,2,4,6,2,0,0,0,0,xTaskIncrementTick,/Users/swchen.tw/git/percepio/poc/runs/tcp-workload-matrix-v1/A03-baseline/build/tasks.o,
by_pc,2147485216,2,30,60,62,2,2,8,18,0,xTaskIncrementTick,/Users/swchen.tw/git/percepio/poc/runs/tcp-workload-matrix-v1/A03-baseline/build/tasks.o,
by_pc,2147485218,2,2,4,6,2,0,0,0,0,xTaskIncrementTick,/Users/swchen.tw/git/percepio/poc/runs/tcp-workload-matrix-v1/A03-baseline/build/tasks.o,
by_pc,2147485222,2,2,4,6,2,0,0,0,0,xTaskIncrementTick,/Users/swchen.tw/git/percepio/poc/runs/tcp-workload-matrix-v1/A03-baseline/build/tasks.o,
by_pc,2147485226,2,2,4,6,2,0,0,0,0,xTaskIncrementTick,/Users/swchen.tw/git/percepio/poc/runs/tcp-workload-matrix-v1/A03-baseline/build/tasks.o,
by_pc,2147485228,2,2,4,6,2,0,0,0,0,xTaskIncrementTick,/Users/swchen.tw/git/percepio/poc/runs/tcp-workload-matrix-v1/A03-baseline/build/tasks.o,
by_pc,2147485232,2,4,8,10,2,2,0,0,0,xTaskIncrementTick,/Users/swchen.tw/git/percepio/poc/runs/tcp-workload-matrix-v1/A03-baseline/build/tasks.o,
by_pc,2147485234,2,4,8,10,2,2,0,0,0,xTaskIncrementTick,/Users/swchen.tw/git/percepio/poc/runs/tcp-workload-matrix-v1/A03-baseline/build/tasks.o,
by_pc,2147485236,2,4,8,10,2,2,0,0,0,xTaskIncrementTick,/Users/swchen.tw/git/percepio/poc/runs/tcp-workload-matrix-v1/A03-baseline/build/tasks.o,
by_pc,2147485238,2,4,8,10,2,2,0,0,0,xTaskIncrementTick,/Users/swchen.tw/git/percepio/poc/runs/tcp-workload-matrix-v1/A03-baseline/build/tasks.o,
by_pc,2147485240,2,4,8,10,2,2,0,0,0,xTaskIncrementTick,/Users/swchen.tw/git/percepio/poc/runs/tcp-workload-matrix-v1/A03-baseline/build/tasks.o,
by_pc,2147485242,2,4,8,10,2,2,0,0,0,xTaskIncrementTick,/Users/swchen.tw/git/percepio/poc/runs/tcp-workload-matrix-v1/A03-baseline/build/tasks.o,
by_pc,2147485244,2,4,8,10,2,2,0,0,0,xTaskIncrementTick,/Users/swchen.tw/git/percepio/poc/runs/tcp-workload-matrix-v1/A03-baseline/build/tasks.o,
by_pc,2147485246,2,4,8,10,2,2,0,0,0,xTaskIncrementTick,/Users/swchen.tw/git/percepio/poc/runs/tcp-workload-matrix-v1/A03-baseline/build/tasks.o,
by_pc,2147485248,2,30,60,62,2,2,8,18,0,xTaskIncrementTick,/Users/swchen.tw/git/percepio/poc/runs/tcp-workload-matrix-v1/A03-baseline/build/tasks.o,
by_pc,2147485250,2,4,8,10,2,2,0,0,0,xTaskIncrementTick,/Users/swchen.tw/git/percepio/poc/runs/tcp-workload-matrix-v1/A03-baseline/build/tasks.o,
by_pc,2147485252,2,4,8,10,2,2,0,0,0,xTaskIncrementTick,/Users/swchen.tw/git/percepio/poc/runs/tcp-workload-matrix-v1/A03-baseline/build/tasks.o,
by_pc,2147485254,2,2,4,6,2,0,0,0,0,xTaskIncrementTick,/Users/swchen.tw/git/percepio/poc/runs/tcp-workload-matrix-v1/A03-baseline/build/tasks.o,
by_pc,2147485256,2,2,4,6,2,0,0,0,0,xTaskIncrementTick,/Users/swchen.tw/git/percepio/poc/runs/tcp-workload-matrix-v1/A03-baseline/build/tasks.o,
by_pc,2147519404,2,2,4,6,2,0,0,0,0,unresolved@/Users/swchen.tw/git/percepio/poc/runs/tcp-workload-matrix-v1/A03-baseline/build/portASM.o:2147519232,/Users/swchen.tw/git/percepio/poc/runs/tcp-workload-matrix-v1/A03-baseline/build/portASM.o,
by_pc,2147519436,3,40,80,83,3,3,16,18,0,unresolved@/Users/swchen.tw/git/percepio/poc/runs/tcp-workload-matrix-v1/A03-baseline/build/portASM.o:2147519232,/Users/swchen.tw/git/percepio/poc/runs/tcp-workload-matrix-v1/A03-baseline/build/portASM.o,
by_pc,2147519440,3,6,12,15,3,3,0,0,0,unresolved@/Users/swchen.tw/git/percepio/poc/runs/tcp-workload-matrix-v1/A03-baseline/build/portASM.o:2147519232,/Users/swchen.tw/git/percepio/poc/runs/tcp-workload-matrix-v1/A03-baseline/build/portASM.o,
by_pc,2147519444,3,32,64,67,3,3,8,18,0,unresolved@/Users/swchen.tw/git/percepio/poc/runs/tcp-workload-matrix-v1/A03-baseline/build/portASM.o:2147519232,/Users/swchen.tw/git/percepio/poc/runs/tcp-workload-matrix-v1/A03-baseline/build/portASM.o,
by_pc,2147519446,3,3,6,9,3,0,0,0,0,unresolved@/Users/swchen.tw/git/percepio/poc/runs/tcp-workload-matrix-v1/A03-baseline/build/portASM.o:2147519232,/Users/swchen.tw/git/percepio/poc/runs/tcp-workload-matrix-v1/A03-baseline/build/portASM.o,
by_pc,2147519450,3,32,64,67,3,3,8,18,0,unresolved@/Users/swchen.tw/git/percepio/poc/runs/tcp-workload-matrix-v1/A03-baseline/build/portASM.o:2147519232,/Users/swchen.tw/git/percepio/poc/runs/tcp-workload-matrix-v1/A03-baseline/build/portASM.o,
by_pc,2147519452,3,3,6,9,3,0,0,0,0,unresolved@/Users/swchen.tw/git/percepio/poc/runs/tcp-workload-matrix-v1/A03-baseline/build/portASM.o:2147519232,/Users/swchen.tw/git/percepio/poc/runs/tcp-workload-matrix-v1/A03-baseline/build/portASM.o,
by_pc,2147519456,3,6,12,15,3,3,0,0,0,unresolved@/Users/swchen.tw/git/percepio/poc/runs/tcp-workload-matrix-v1/A03-baseline/build/portASM.o:2147519232,/Users/swchen.tw/git/percepio/poc/runs/tcp-workload-matrix-v1/A03-baseline/build/portASM.o,
by_pc,2147519458,3,3,6,9,3,0,0,0,0,unresolved@/Users/swchen.tw/git/percepio/poc/runs/tcp-workload-matrix-v1/A03-baseline/build/portASM.o:2147519232,/Users/swchen.tw/git/percepio/poc/runs/tcp-workload-matrix-v1/A03-baseline/build/portASM.o,
by_pc,2147519462,3,6,12,15,3,3,0,0,0,unresolved@/Users/swchen.tw/git/percepio/poc/runs/tcp-workload-matrix-v1/A03-baseline/build/portASM.o:2147519232,/Users/swchen.tw/git/percepio/poc/runs/tcp-workload-matrix-v1/A03-baseline/build/portASM.o,
by_pc,2147519466,3,63,126,129,3,3,24,0,33,unresolved@/Users/swchen.tw/git/percepio/poc/runs/tcp-workload-matrix-v1/A03-baseline/build/portASM.o:2147519232,/Users/swchen.tw/git/percepio/poc/runs/tcp-workload-matrix-v1/A03-baseline/build/portASM.o,
by_pc,2147519470,3,6,12,15,3,3,0,0,0,unresolved@/Users/swchen.tw/git/percepio/poc/runs/tcp-workload-matrix-v1/A03-baseline/build/portASM.o:2147519232,/Users/swchen.tw/git/percepio/poc/runs/tcp-workload-matrix-v1/A03-baseline/build/portASM.o,
by_pc,2147519472,3,6,12,15,3,3,0,0,0,unresolved@/Users/swchen.tw/git/percepio/poc/runs/tcp-workload-matrix-v1/A03-baseline/build/portASM.o:2147519232,/Users/swchen.tw/git/percepio/poc/runs/tcp-workload-matrix-v1/A03-baseline/build/portASM.o,
by_pc,2147519474,3,6,12,15,3,3,0,0,0,unresolved@/Users/swchen.tw/git/percepio/poc/runs/tcp-workload-matrix-v1/A03-baseline/build/portASM.o:2147519232,/Users/swchen.tw/git/percepio/poc/runs/tcp-workload-matrix-v1/A03-baseline/build/portASM.o,
by_pc,2147519476,3,6,12,15,3,3,0,0,0,unresolved@/Users/swchen.tw/git/percepio/poc/runs/tcp-workload-matrix-v1/A03-baseline/build/portASM.o:2147519232,/Users/swchen.tw/git/percepio/poc/runs/tcp-workload-matrix-v1/A03-baseline/build/portASM.o,
by_pc,2147519478,3,6,12,15,3,3,0,0,0,unresolved@/Users/swchen.tw/git/percepio/poc/runs/tcp-workload-matrix-v1/A03-baseline/build/portASM.o:2147519232,/Users/swchen.tw/git/percepio/poc/runs/tcp-workload-matrix-v1/A03-baseline/build/portASM.o,
by_pc,2147519480,3,6,12,15,3,3,0,0,0,unresolved@/Users/swchen.tw/git/percepio/poc/runs/tcp-workload-matrix-v1/A03-baseline/build/portASM.o:2147519232,/Users/swchen.tw/git/percepio/poc/runs/tcp-workload-matrix-v1/A03-baseline/build/portASM.o,
by_pc,2147519482,3,6,12,15,3,3,0,0,0,unresolved@/Users/swchen.tw/git/percepio/poc/runs/tcp-workload-matrix-v1/A03-baseline/build/portASM.o:2147519232,/Users/swchen.tw/git/percepio/poc/runs/tcp-workload-matrix-v1/A03-baseline/build/portASM.o,
by_pc,2147519484,3,6,12,15,3,3,0,0,0,unresolved@/Users/swchen.tw/git/percepio/poc/runs/tcp-workload-matrix-v1/A03-baseline/build/portASM.o:2147519232,/Users/swchen.tw/git/percepio/poc/runs/tcp-workload-matrix-v1/A03-baseline/build/portASM.o,
by_pc,2147519486,3,6,12,15,3,3,0,0,0,unresolved@/Users/swchen.tw/git/percepio/poc/runs/tcp-workload-matrix-v1/A03-baseline/build/portASM.o:2147519232,/Users/swchen.tw/git/percepio/poc/runs/tcp-workload-matrix-v1/A03-baseline/build/portASM.o,
by_pc,2147519488,3,40,80,83,3,3,16,18,0,unresolved@/Users/swchen.tw/git/percepio/poc/runs/tcp-workload-matrix-v1/A03-baseline/build/portASM.o:2147519232,/Users/swchen.tw/git/percepio/poc/runs/tcp-workload-matrix-v1/A03-baseline/build/portASM.o,
by_pc,2147519490,3,32,64,67,3,3,8,18,0,unresolved@/Users/swchen.tw/git/percepio/poc/runs/tcp-workload-matrix-v1/A03-baseline/build/portASM.o:2147519232,/Users/swchen.tw/git/percepio/poc/runs/tcp-workload-matrix-v1/A03-baseline/build/portASM.o,
by_pc,2147519492,3,6,12,15,3,3,0,0,0,unresolved@/Users/swchen.tw/git/percepio/poc/runs/tcp-workload-matrix-v1/A03-baseline/build/portASM.o:2147519232,/Users/swchen.tw/git/percepio/poc/runs/tcp-workload-matrix-v1/A03-baseline/build/portASM.o,
by_pc,2147519494,3,6,12,15,3,3,0,0,0,unresolved@/Users/swchen.tw/git/percepio/poc/runs/tcp-workload-matrix-v1/A03-baseline/build/portASM.o:2147519232,/Users/swchen.tw/git/percepio/poc/runs/tcp-workload-matrix-v1/A03-baseline/build/portASM.o,
by_pc,2147519496,3,6,12,15,3,3,0,0,0,unresolved@/Users/swchen.tw/git/percepio/poc/runs/tcp-workload-matrix-v1/A03-baseline/build/portASM.o:2147519232,/Users/swchen.tw/git/percepio/poc/runs/tcp-workload-matrix-v1/A03-baseline/build/portASM.o,
by_pc,2147519498,3,6,12,15,3,3,0,0,0,unresolved@/Users/swchen.tw/git/percepio/poc/runs/tcp-workload-matrix-v1/A03-baseline/build/portASM.o:2147519232,/Users/swchen.tw/git/percepio/poc/runs/tcp-workload-matrix-v1/A03-baseline/build/portASM.o,
by_pc,2147519500,3,6,12,15,3,3,0,0,0,unresolved@/Users/swchen.tw/git/percepio/poc/runs/tcp-workload-matrix-v1/A03-baseline/build/portASM.o:2147519232,/Users/swchen.tw/git/percepio/poc/runs/tcp-workload-matrix-v1/A03-baseline/build/portASM.o,
by_pc,2147519502,3,6,12,15,3,3,0,0,0,unresolved@/Users/swchen.tw/git/percepio/poc/runs/tcp-workload-matrix-v1/A03-baseline/build/portASM.o:2147519232,/Users/swchen.tw/git/percepio/poc/runs/tcp-workload-matrix-v1/A03-baseline/build/portASM.o,
by_pc,2147519504,3,6,12,15,3,3,0,0,0,unresolved@/Users/swchen.tw/git/percepio/poc/runs/tcp-workload-matrix-v1/A03-baseline/build/portASM.o:2147519232,/Users/swchen.tw/git/percepio/poc/runs/tcp-workload-matrix-v1/A03-baseline/build/portASM.o,
by_pc,2147519506,3,6,12,15,3,3,0,0,0,unresolved@/Users/swchen.tw/git/percepio/poc/runs/tcp-workload-matrix-v1/A03-baseline/build/portASM.o:2147519232,/Users/swchen.tw/git/percepio/poc/runs/tcp-workload-matrix-v1/A03-baseline/build/portASM.o,
by_pc,2147519508,3,6,12,15,3,3,0,0,0,unresolved@/Users/swchen.tw/git/percepio/poc/runs/tcp-workload-matrix-v1/A03-baseline/build/portASM.o:2147519232,/Users/swchen.tw/git/percepio/poc/runs/tcp-workload-matrix-v1/A03-baseline/build/portASM.o,
by_pc,2147519510,3,6,12,15,3,3,0,0,0,unresolved@/Users/swchen.tw/git/percepio/poc/runs/tcp-workload-matrix-v1/A03-baseline/build/portASM.o:2147519232,/Users/swchen.tw/git/percepio/poc/runs/tcp-workload-matrix-v1/A03-baseline/build/portASM.o,
by_pc,2147519512,3,6,12,15,3,3,0,0,0,unresolved@/Users/swchen.tw/git/percepio/poc/runs/tcp-workload-matrix-v1/A03-baseline/build/portASM.o:2147519232,/Users/swchen.tw/git/percepio/poc/runs/tcp-workload-matrix-v1/A03-baseline/build/portASM.o,
by_pc,2147519514,3,6,12,15,3,3,0,0,0,unresolved@/Users/swchen.tw/git/percepio/poc/runs/tcp-workload-matrix-v1/A03-baseline/build/portASM.o:2147519232,/Users/swchen.tw/git/percepio/poc/runs/tcp-workload-matrix-v1/A03-baseline/build/portASM.o,
by_pc,2147519516,3,6,12,15,3,3,0,0,0,unresolved@/Users/swchen.tw/git/percepio/poc/runs/tcp-workload-matrix-v1/A03-baseline/build/portASM.o:2147519232,/Users/swchen.tw/git/percepio/poc/runs/tcp-workload-matrix-v1/A03-baseline/build/portASM.o,
by_pc,2147519518,3,6,12,15,3,3,0,0,0,unresolved@/Users/swchen.tw/git/percepio/poc/runs/tcp-workload-matrix-v1/A03-baseline/build/portASM.o:2147519232,/Users/swchen.tw/git/percepio/poc/runs/tcp-workload-matrix-v1/A03-baseline/build/portASM.o,
by_pc,2147519520,3,6,12,15,3,3,0,0,0,unresolved@/Users/swchen.tw/git/percepio/poc/runs/tcp-workload-matrix-v1/A03-baseline/build/portASM.o:2147519232,/Users/swchen.tw/git/percepio/poc/runs/tcp-workload-matrix-v1/A03-baseline/build/portASM.o,
by_pc,2147519522,3,6,12,15,3,3,0,0,0,unresolved@/Users/swchen.tw/git/percepio/poc/runs/tcp-workload-matrix-v1/A03-baseline/build/portASM.o:2147519232,/Users/swchen.tw/git/percepio/poc/runs/tcp-workload-matrix-v1/A03-baseline/build/portASM.o,
by_pc,2147519524,3,6,12,15,3,3,0,0,0,unresolved@/Users/swchen.tw/git/percepio/poc/runs/tcp-workload-matrix-v1/A03-baseline/build/portASM.o:2147519232,/Users/swchen.tw/git/percepio/poc/runs/tcp-workload-matrix-v1/A03-baseline/build/portASM.o,
by_pc,2147519526,3,3,6,9,3,0,0,0,0,unresolved@/Users/swchen.tw/git/percepio/poc/runs/tcp-workload-matrix-v1/A03-baseline/build/portASM.o:2147519232,/Users/swchen.tw/git/percepio/poc/runs/tcp-workload-matrix-v1/A03-baseline/build/portASM.o,
by_pc,2147519530,3,3,6,9,3,0,0,0,0,unresolved@/Users/swchen.tw/git/percepio/poc/runs/tcp-workload-matrix-v1/A03-baseline/build/portASM.o:2147519232,/Users/swchen.tw/git/percepio/poc/runs/tcp-workload-matrix-v1/A03-baseline/build/portASM.o,
by_pc,2147498686,2,38,76,78,4,0,16,18,0,session_task,/Users/swchen.tw/git/percepio/poc/runs/tcp-workload-matrix-v1/A03-baseline/build/tcp_request_response_irq.o,
by_pc,2147498690,2,2,4,6,2,0,0,0,0,session_task,/Users/swchen.tw/git/percepio/poc/runs/tcp-workload-matrix-v1/A03-baseline/build/tcp_request_response_irq.o,
by_pc,2147498694,2,42,84,86,2,2,16,0,22,session_task,/Users/swchen.tw/git/percepio/poc/runs/tcp-workload-matrix-v1/A03-baseline/build/tcp_request_response_irq.o,
by_pc,2147498696,2,2,4,6,2,0,0,0,0,session_task,/Users/swchen.tw/git/percepio/poc/runs/tcp-workload-matrix-v1/A03-baseline/build/tcp_request_response_irq.o,
by_pc,2147505152,2,56,112,114,2,2,16,36,0,tcp_fasttmr,/Users/swchen.tw/git/percepio/poc/runs/tcp-workload-matrix-v1/A03-baseline/build/tcp.o,
by_pc,2147505156,2,2,4,6,2,0,0,0,0,tcp_fasttmr,/Users/swchen.tw/git/percepio/poc/runs/tcp-workload-matrix-v1/A03-baseline/build/tcp.o,
by_pc,2147505158,2,42,84,86,2,2,16,0,22,tcp_fasttmr,/Users/swchen.tw/git/percepio/poc/runs/tcp-workload-matrix-v1/A03-baseline/build/tcp.o,
by_pc,2147505160,2,2,4,6,2,0,0,0,0,tcp_fasttmr,/Users/swchen.tw/git/percepio/poc/runs/tcp-workload-matrix-v1/A03-baseline/build/tcp.o,
by_pc,2147505162,2,42,84,86,2,2,16,0,22,tcp_fasttmr,/Users/swchen.tw/git/percepio/poc/runs/tcp-workload-matrix-v1/A03-baseline/build/tcp.o,
by_pc,2147505164,2,42,84,86,2,2,16,0,22,tcp_fasttmr,/Users/swchen.tw/git/percepio/poc/runs/tcp-workload-matrix-v1/A03-baseline/build/tcp.o,
by_pc,2147505166,2,42,84,86,2,2,16,0,22,tcp_fasttmr,/Users/swchen.tw/git/percepio/poc/runs/tcp-workload-matrix-v1/A03-baseline/build/tcp.o,
by_pc,2147505168,2,42,84,86,2,2,16,0,22,tcp_fasttmr,/Users/swchen.tw/git/percepio/poc/runs/tcp-workload-matrix-v1/A03-baseline/build/tcp.o,
by_pc,2147505172,2,2,4,6,2,0,0,0,0,tcp_fasttmr,/Users/swchen.tw/git/percepio/poc/runs/tcp-workload-matrix-v1/A03-baseline/build/tcp.o,
by_pc,2147505176,2,4,8,10,2,2,0,0,0,tcp_fasttmr,/Users/swchen.tw/git/percepio/poc/runs/tcp-workload-matrix-v1/A03-baseline/build/tcp.o,
by_pc,2147505178,4,4,8,12,4,0,0,0,0,tcp_fasttmr,/Users/swchen.tw/git/percepio/poc/runs/tcp-workload-matrix-v1/A03-baseline/build/tcp.o,
by_pc,2147505192,2,4,8,10,2,2,0,0,0,tcp_fasttmr,/Users/swchen.tw/git/percepio/poc/runs/tcp-workload-matrix-v1/A03-baseline/build/tcp.o,
by_pc,2147505196,2,4,8,10,2,2,0,0,0,tcp_fasttmr,/Users/swchen.tw/git/percepio/poc/runs/tcp-workload-matrix-v1/A03-baseline/build/tcp.o,
by_pc,2147505200,2,2,4,6,2,0,0,0,0,tcp_fasttmr,/Users/swchen.tw/git/percepio/poc/runs/tcp-workload-matrix-v1/A03-baseline/build/tcp.o,
by_pc,2147505204,2,42,84,86,2,2,16,0,22,tcp_fasttmr,/Users/swchen.tw/git/percepio/poc/runs/tcp-workload-matrix-v1/A03-baseline/build/tcp.o,
by_pc,2147505208,2,4,8,10,2,2,0,0,0,tcp_fasttmr,/Users/swchen.tw/git/percepio/poc/runs/tcp-workload-matrix-v1/A03-baseline/build/tcp.o,
by_pc,2147505212,2,2,4,6,2,0,0,0,0,tcp_fasttmr,/Users/swchen.tw/git/percepio/poc/runs/tcp-workload-matrix-v1/A03-baseline/build/tcp.o,
by_pc,2147505216,2,36,72,74,2,0,16,18,0,tcp_fasttmr,/Users/swchen.tw/git/percepio/poc/runs/tcp-workload-matrix-v1/A03-baseline/build/tcp.o,
by_pc,2147505246,2,2,4,6,2,0,0,0,0,tcp_fasttmr,/Users/swchen.tw/git/percepio/poc/runs/tcp-workload-matrix-v1/A03-baseline/build/tcp.o,
by_pc,2147505250,2,2,4,6,2,0,0,0,0,tcp_fasttmr,/Users/swchen.tw/git/percepio/poc/runs/tcp-workload-matrix-v1/A03-baseline/build/tcp.o,
by_pc,2147505264,2,4,8,10,2,2,0,0,0,tcp_fasttmr,/Users/swchen.tw/git/percepio/poc/runs/tcp-workload-matrix-v1/A03-baseline/build/tcp.o,
by_pc,2147505266,2,4,8,10,2,2,0,0,0,tcp_fasttmr,/Users/swchen.tw/git/percepio/poc/runs/tcp-workload-matrix-v1/A03-baseline/build/tcp.o,
by_pc,2147505270,2,2,4,6,2,0,0,0,0,tcp_fasttmr,/Users/swchen.tw/git/percepio/poc/runs/tcp-workload-matrix-v1/A03-baseline/build/tcp.o,
by_pc,2147505288,2,36,72,74,2,0,16,18,0,tcp_fasttmr,/Users/swchen.tw/git/percepio/poc/runs/tcp-workload-matrix-v1/A03-baseline/build/tcp.o,
by_pc,2147505290,2,2,4,6,2,0,0,0,0,tcp_fasttmr,/Users/swchen.tw/git/percepio/poc/runs/tcp-workload-matrix-v1/A03-baseline/build/tcp.o,
by_pc,2147505180,2,4,8,10,2,2,0,0,0,tcp_fasttmr,/Users/swchen.tw/git/percepio/poc/runs/tcp-workload-matrix-v1/A03-baseline/build/tcp.o,
by_pc,2147505182,2,4,8,10,2,2,0,0,0,tcp_fasttmr,/Users/swchen.tw/git/percepio/poc/runs/tcp-workload-matrix-v1/A03-baseline/build/tcp.o,
by_pc,2147505184,2,4,8,10,2,2,0,0,0,tcp_fasttmr,/Users/swchen.tw/git/percepio/poc/runs/tcp-workload-matrix-v1/A03-baseline/build/tcp.o,
by_pc,2147505186,2,4,8,10,2,2,0,0,0,tcp_fasttmr,/Users/swchen.tw/git/percepio/poc/runs/tcp-workload-matrix-v1/A03-baseline/build/tcp.o,
by_pc,2147505188,2,2,4,6,2,0,0,0,0,tcp_fasttmr,/Users/swchen.tw/git/percepio/poc/runs/tcp-workload-matrix-v1/A03-baseline/build/tcp.o,
by_pc,2147505190,2,2,4,6,2,0,0,0,0,tcp_fasttmr,/Users/swchen.tw/git/percepio/poc/runs/tcp-workload-matrix-v1/A03-baseline/build/tcp.o,
by_pc,2147498700,2,2,4,6,2,0,0,0,0,session_task,/Users/swchen.tw/git/percepio/poc/runs/tcp-workload-matrix-v1/A03-baseline/build/tcp_request_response_irq.o,
by_pc,2147505296,2,2,4,6,2,0,0,0,0,tcp_slowtmr,/Users/swchen.tw/git/percepio/poc/runs/tcp-workload-matrix-v1/A03-baseline/build/tcp.o,
by_pc,2147505298,2,42,84,86,2,2,16,0,22,tcp_slowtmr,/Users/swchen.tw/git/percepio/poc/runs/tcp-workload-matrix-v1/A03-baseline/build/tcp.o,
by_pc,2147505300,2,42,84,86,2,2,16,0,22,tcp_slowtmr,/Users/swchen.tw/git/percepio/poc/runs/tcp-workload-matrix-v1/A03-baseline/build/tcp.o,
by_pc,2147505302,2,42,84,86,2,2,16,0,22,tcp_slowtmr,/Users/swchen.tw/git/percepio/poc/runs/tcp-workload-matrix-v1/A03-baseline/build/tcp.o,
by_pc,2147505304,2,42,84,86,2,2,16,0,22,tcp_slowtmr,/Users/swchen.tw/git/percepio/poc/runs/tcp-workload-matrix-v1/A03-baseline/build/tcp.o,
by_pc,2147505306,2,42,84,86,2,2,16,0,22,tcp_slowtmr,/Users/swchen.tw/git/percepio/poc/runs/tcp-workload-matrix-v1/A03-baseline/build/tcp.o,
by_pc,2147505308,2,42,84,86,2,2,16,0,22,tcp_slowtmr,/Users/swchen.tw/git/percepio/poc/runs/tcp-workload-matrix-v1/A03-baseline/build/tcp.o,
by_pc,2147505310,2,42,84,86,2,2,16,0,22,tcp_slowtmr,/Users/swchen.tw/git/percepio/poc/runs/tcp-workload-matrix-v1/A03-baseline/build/tcp.o,
by_pc,2147505312,2,42,84,86,2,2,16,0,22,tcp_slowtmr,/Users/swchen.tw/git/percepio/poc/runs/tcp-workload-matrix-v1/A03-baseline/build/tcp.o,
by_pc,2147505314,2,42,84,86,2,2,16,0,22,tcp_slowtmr,/Users/swchen.tw/git/percepio/poc/runs/tcp-workload-matrix-v1/A03-baseline/build/tcp.o,
by_pc,2147505316,2,42,84,86,2,2,16,0,22,tcp_slowtmr,/Users/swchen.tw/git/percepio/poc/runs/tcp-workload-matrix-v1/A03-baseline/build/tcp.o,
by_pc,2147505318,2,42,84,86,2,2,16,0,22,tcp_slowtmr,/Users/swchen.tw/git/percepio/poc/runs/tcp-workload-matrix-v1/A03-baseline/build/tcp.o,
by_pc,2147505320,2,42,84,86,2,2,16,0,22,tcp_slowtmr,/Users/swchen.tw/git/percepio/poc/runs/tcp-workload-matrix-v1/A03-baseline/build/tcp.o,
by_pc,2147505322,2,42,84,86,2,2,16,0,22,tcp_slowtmr,/Users/swchen.tw/git/percepio/poc/runs/tcp-workload-matrix-v1/A03-baseline/build/tcp.o,
by_pc,2147505324,2,2,4,6,2,0,0,0,0,tcp_slowtmr,/Users/swchen.tw/git/percepio/poc/runs/tcp-workload-matrix-v1/A03-baseline/build/tcp.o,
by_pc,2147505328,2,4,8,10,2,2,0,0,0,tcp_slowtmr,/Users/swchen.tw/git/percepio/poc/runs/tcp-workload-matrix-v1/A03-baseline/build/tcp.o,
by_pc,2147505330,2,2,4,6,2,0,0,0,0,tcp_slowtmr,/Users/swchen.tw/git/percepio/poc/runs/tcp-workload-matrix-v1/A03-baseline/build/tcp.o,
by_pc,2147505334,2,2,4,6,2,0,0,0,0,tcp_slowtmr,/Users/swchen.tw/git/percepio/poc/runs/tcp-workload-matrix-v1/A03-baseline/build/tcp.o,
by_pc,2147505336,2,2,4,6,2,0,0,0,0,tcp_slowtmr,/Users/swchen.tw/git/percepio/poc/runs/tcp-workload-matrix-v1/A03-baseline/build/tcp.o,
by_pc,2147505338,2,42,84,86,2,2,16,0,22,tcp_slowtmr,/Users/swchen.tw/git/percepio/poc/runs/tcp-workload-matrix-v1/A03-baseline/build/tcp.o,
by_pc,2147505340,2,4,8,10,2,2,0,0,0,tcp_slowtmr,/Users/swchen.tw/git/percepio/poc/runs/tcp-workload-matrix-v1/A03-baseline/build/tcp.o,
by_pc,2147505344,2,36,72,74,2,0,16,18,0,tcp_slowtmr,/Users/swchen.tw/git/percepio/poc/runs/tcp-workload-matrix-v1/A03-baseline/build/tcp.o,
by_pc,2147505346,2,2,4,6,2,0,0,0,0,tcp_slowtmr,/Users/swchen.tw/git/percepio/poc/runs/tcp-workload-matrix-v1/A03-baseline/build/tcp.o,
by_pc,2147505350,2,2,4,6,2,0,0,0,0,tcp_slowtmr,/Users/swchen.tw/git/percepio/poc/runs/tcp-workload-matrix-v1/A03-baseline/build/tcp.o,
by_pc,2147505352,2,42,84,86,2,2,16,0,22,tcp_slowtmr,/Users/swchen.tw/git/percepio/poc/runs/tcp-workload-matrix-v1/A03-baseline/build/tcp.o,
by_pc,2147505356,2,4,8,10,2,2,0,0,0,tcp_slowtmr,/Users/swchen.tw/git/percepio/poc/runs/tcp-workload-matrix-v1/A03-baseline/build/tcp.o,
by_pc,2147505360,2,2,4,6,2,0,0,0,0,tcp_slowtmr,/Users/swchen.tw/git/percepio/poc/runs/tcp-workload-matrix-v1/A03-baseline/build/tcp.o,
by_pc,2147505362,2,2,4,6,2,0,0,0,0,tcp_slowtmr,/Users/swchen.tw/git/percepio/poc/runs/tcp-workload-matrix-v1/A03-baseline/build/tcp.o,
by_pc,2147505364,2,2,4,6,2,0,0,0,0,tcp_slowtmr,/Users/swchen.tw/git/percepio/poc/runs/tcp-workload-matrix-v1/A03-baseline/build/tcp.o,
by_pc,2147505366,2,2,4,6,2,0,0,0,0,tcp_slowtmr,/Users/swchen.tw/git/percepio/poc/runs/tcp-workload-matrix-v1/A03-baseline/build/tcp.o,
by_pc,2147505370,4,4,8,12,4,0,0,0,0,tcp_slowtmr,/Users/swchen.tw/git/percepio/poc/runs/tcp-workload-matrix-v1/A03-baseline/build/tcp.o,
by_pc,2147505418,2,38,76,78,2,2,16,18,0,tcp_slowtmr,/Users/swchen.tw/git/percepio/poc/runs/tcp-workload-matrix-v1/A03-baseline/build/tcp.o,
by_pc,2147505422,2,4,8,10,2,2,0,0,0,tcp_slowtmr,/Users/swchen.tw/git/percepio/poc/runs/tcp-workload-matrix-v1/A03-baseline/build/tcp.o,
by_pc,2147505426,2,2,4,6,2,0,0,0,0,tcp_slowtmr,/Users/swchen.tw/git/percepio/poc/runs/tcp-workload-matrix-v1/A03-baseline/build/tcp.o,
by_pc,2147505440,2,4,8,10,2,2,0,0,0,tcp_slowtmr,/Users/swchen.tw/git/percepio/poc/runs/tcp-workload-matrix-v1/A03-baseline/build/tcp.o,
by_pc,2147505444,2,42,84,86,2,2,16,0,22,tcp_slowtmr,/Users/swchen.tw/git/percepio/poc/runs/tcp-workload-matrix-v1/A03-baseline/build/tcp.o,
by_pc,2147505448,2,4,8,10,2,2,0,0,0,tcp_slowtmr,/Users/swchen.tw/git/percepio/poc/runs/tcp-workload-matrix-v1/A03-baseline/build/tcp.o,
by_pc,2147505452,2,2,4,6,2,0,0,0,0,tcp_slowtmr,/Users/swchen.tw/git/percepio/poc/runs/tcp-workload-matrix-v1/A03-baseline/build/tcp.o,
by_pc,2147505526,2,36,72,74,2,0,16,18,0,tcp_slowtmr,/Users/swchen.tw/git/percepio/poc/runs/tcp-workload-matrix-v1/A03-baseline/build/tcp.o,
by_pc,2147505528,2,2,4,6,2,0,0,0,0,tcp_slowtmr,/Users/swchen.tw/git/percepio/poc/runs/tcp-workload-matrix-v1/A03-baseline/build/tcp.o,
by_pc,2147505458,2,2,4,6,2,0,0,0,0,tcp_slowtmr,/Users/swchen.tw/git/percepio/poc/runs/tcp-workload-matrix-v1/A03-baseline/build/tcp.o,
by_pc,2147505460,2,2,4,6,2,0,0,0,0,tcp_slowtmr,/Users/swchen.tw/git/percepio/poc/runs/tcp-workload-matrix-v1/A03-baseline/build/tcp.o,
by_pc,2147505464,2,4,8,10,2,2,0,0,0,tcp_slowtmr,/Users/swchen.tw/git/percepio/poc/runs/tcp-workload-matrix-v1/A03-baseline/build/tcp.o,
by_pc,2147505468,2,2,4,6,2,0,0,0,0,tcp_slowtmr,/Users/swchen.tw/git/percepio/poc/runs/tcp-workload-matrix-v1/A03-baseline/build/tcp.o,
by_pc,2147505728,2,38,76,78,2,2,16,18,0,tcp_slowtmr,/Users/swchen.tw/git/percepio/poc/runs/tcp-workload-matrix-v1/A03-baseline/build/tcp.o,
by_pc,2147505732,2,2,4,6,2,0,0,0,0,tcp_slowtmr,/Users/swchen.tw/git/percepio/poc/runs/tcp-workload-matrix-v1/A03-baseline/build/tcp.o,
by_pc,2147505734,2,2,4,6,2,0,0,0,0,tcp_slowtmr,/Users/swchen.tw/git/percepio/poc/runs/tcp-workload-matrix-v1/A03-baseline/build/tcp.o,
by_pc,2147505736,2,2,4,6,2,0,0,0,0,tcp_slowtmr,/Users/swchen.tw/git/percepio/poc/runs/tcp-workload-matrix-v1/A03-baseline/build/tcp.o,
by_pc,2147505740,2,2,4,6,2,0,0,0,0,tcp_slowtmr,/Users/swchen.tw/git/percepio/poc/runs/tcp-workload-matrix-v1/A03-baseline/build/tcp.o,
by_pc,2147505742,2,2,4,6,2,0,0,0,0,tcp_slowtmr,/Users/swchen.tw/git/percepio/poc/runs/tcp-workload-matrix-v1/A03-baseline/build/tcp.o,
by_pc,2147505758,2,4,8,10,2,2,0,0,0,tcp_slowtmr,/Users/swchen.tw/git/percepio/poc/runs/tcp-workload-matrix-v1/A03-baseline/build/tcp.o,
by_pc,2147505762,2,2,4,6,2,0,0,0,0,tcp_slowtmr,/Users/swchen.tw/git/percepio/poc/runs/tcp-workload-matrix-v1/A03-baseline/build/tcp.o,
by_pc,2147505544,2,36,72,74,2,0,16,18,0,tcp_slowtmr,/Users/swchen.tw/git/percepio/poc/runs/tcp-workload-matrix-v1/A03-baseline/build/tcp.o,
by_pc,2147505546,2,4,8,10,2,2,0,0,0,tcp_slowtmr,/Users/swchen.tw/git/percepio/poc/runs/tcp-workload-matrix-v1/A03-baseline/build/tcp.o,
by_pc,2147505550,2,2,4,6,2,0,0,0,0,tcp_slowtmr,/Users/swchen.tw/git/percepio/poc/runs/tcp-workload-matrix-v1/A03-baseline/build/tcp.o,
by_pc,2147505580,2,4,8,10,2,2,0,0,0,tcp_slowtmr,/Users/swchen.tw/git/percepio/poc/runs/tcp-workload-matrix-v1/A03-baseline/build/tcp.o,
by_pc,2147505584,2,2,4,6,2,0,0,0,0,tcp_slowtmr,/Users/swchen.tw/git/percepio/poc/runs/tcp-workload-matrix-v1/A03-baseline/build/tcp.o,
by_pc,2147505586,2,2,4,6,2,0,0,0,0,tcp_slowtmr,/Users/swchen.tw/git/percepio/poc/runs/tcp-workload-matrix-v1/A03-baseline/build/tcp.o,
by_pc,2147505590,2,2,4,6,2,0,0,0,0,tcp_slowtmr,/Users/swchen.tw/git/percepio/poc/runs/tcp-workload-matrix-v1/A03-baseline/build/tcp.o,
by_pc,2147505592,2,4,8,10,2,2,0,0,0,tcp_slowtmr,/Users/swchen.tw/git/percepio/poc/runs/tcp-workload-matrix-v1/A03-baseline/build/tcp.o,
by_pc,2147505596,2,2,4,6,2,0,0,0,0,tcp_slowtmr,/Users/swchen.tw/git/percepio/poc/runs/tcp-workload-matrix-v1/A03-baseline/build/tcp.o,
by_pc,2147505624,2,56,112,114,2,2,16,36,0,tcp_slowtmr,/Users/swchen.tw/git/percepio/poc/runs/tcp-workload-matrix-v1/A03-baseline/build/tcp.o,
by_pc,2147505628,2,2,4,6,2,0,0,0,0,tcp_slowtmr,/Users/swchen.tw/git/percepio/poc/runs/tcp-workload-matrix-v1/A03-baseline/build/tcp.o,
by_pc,2147506032,2,54,108,110,2,0,16,36,0,tcp_slowtmr,/Users/swchen.tw/git/percepio/poc/runs/tcp-workload-matrix-v1/A03-baseline/build/tcp.o,
by_pc,2147505644,2,2,4,6,2,0,0,0,0,tcp_slowtmr,/Users/swchen.tw/git/percepio/poc/runs/tcp-workload-matrix-v1/A03-baseline/build/tcp.o,
by_pc,2147505648,2,4,8,10,2,2,0,0,0,tcp_slowtmr,/Users/swchen.tw/git/percepio/poc/runs/tcp-workload-matrix-v1/A03-baseline/build/tcp.o,
by_pc,2147505652,2,4,8,10,2,2,0,0,0,tcp_slowtmr,/Users/swchen.tw/git/percepio/poc/runs/tcp-workload-matrix-v1/A03-baseline/build/tcp.o,
by_pc,2147505656,2,4,8,10,2,2,0,0,0,tcp_slowtmr,/Users/swchen.tw/git/percepio/poc/runs/tcp-workload-matrix-v1/A03-baseline/build/tcp.o,
by_pc,2147505660,2,2,4,6,2,0,0,0,0,tcp_slowtmr,/Users/swchen.tw/git/percepio/poc/runs/tcp-workload-matrix-v1/A03-baseline/build/tcp.o,
by_pc,2147505662,2,38,76,78,4,0,16,18,0,tcp_slowtmr,/Users/swchen.tw/git/percepio/poc/runs/tcp-workload-matrix-v1/A03-baseline/build/tcp.o,
by_pc,2147505666,2,42,84,86,2,2,16,0,22,tcp_slowtmr,/Users/swchen.tw/git/percepio/poc/runs/tcp-workload-matrix-v1/A03-baseline/build/tcp.o,
by_pc,2147505670,2,2,4,6,2,0,0,0,0,tcp_slowtmr,/Users/swchen.tw/git/percepio/poc/runs/tcp-workload-matrix-v1/A03-baseline/build/tcp.o,
by_pc,2147505674,2,42,84,86,2,2,16,0,22,tcp_slowtmr,/Users/swchen.tw/git/percepio/poc/runs/tcp-workload-matrix-v1/A03-baseline/build/tcp.o,
by_pc,2147505678,2,4,8,10,2,2,0,0,0,tcp_slowtmr,/Users/swchen.tw/git/percepio/poc/runs/tcp-workload-matrix-v1/A03-baseline/build/tcp.o,
by_pc,2147505682,2,42,84,86,2,2,16,0,22,tcp_slowtmr,/Users/swchen.tw/git/percepio/poc/runs/tcp-workload-matrix-v1/A03-baseline/build/tcp.o,
by_pc,2147505686,2,2,4,6,2,0,0,0,0,tcp_slowtmr,/Users/swchen.tw/git/percepio/poc/runs/tcp-workload-matrix-v1/A03-baseline/build/tcp.o,
by_pc,2147505690,2,2,4,6,2,0,0,0,0,tcp_slowtmr,/Users/swchen.tw/git/percepio/poc/runs/tcp-workload-matrix-v1/A03-baseline/build/tcp.o,
by_pc,2147505692,2,2,4,6,2,0,0,0,0,tcp_slowtmr,/Users/swchen.tw/git/percepio/poc/runs/tcp-workload-matrix-v1/A03-baseline/build/tcp.o,
by_pc,2147505696,2,2,4,6,2,0,0,0,0,tcp_slowtmr,/Users/swchen.tw/git/percepio/poc/runs/tcp-workload-matrix-v1/A03-baseline/build/tcp.o,
by_pc,2147505434,2,2,4,6,2,0,0,0,0,tcp_slowtmr,/Users/swchen.tw/git/percepio/poc/runs/tcp-workload-matrix-v1/A03-baseline/build/tcp.o,
by_pc,2147505436,2,2,4,6,2,0,0,0,0,tcp_slowtmr,/Users/swchen.tw/git/percepio/poc/runs/tcp-workload-matrix-v1/A03-baseline/build/tcp.o,
by_pc,2147505438,2,2,4,6,2,0,0,0,0,tcp_slowtmr,/Users/swchen.tw/git/percepio/poc/runs/tcp-workload-matrix-v1/A03-baseline/build/tcp.o,
by_pc,2147505374,2,2,4,6,2,0,0,0,0,tcp_slowtmr,/Users/swchen.tw/git/percepio/poc/runs/tcp-workload-matrix-v1/A03-baseline/build/tcp.o,
by_pc,2147505378,2,4,8,10,2,2,0,0,0,tcp_slowtmr,/Users/swchen.tw/git/percepio/poc/runs/tcp-workload-matrix-v1/A03-baseline/build/tcp.o,
by_pc,2147505380,2,2,4,6,2,0,0,0,0,tcp_slowtmr,/Users/swchen.tw/git/percepio/poc/runs/tcp-workload-matrix-v1/A03-baseline/build/tcp.o,
by_pc,2147505384,2,2,4,6,2,0,0,0,0,tcp_slowtmr,/Users/swchen.tw/git/percepio/poc/runs/tcp-workload-matrix-v1/A03-baseline/build/tcp.o,
by_pc,2147505388,2,4,8,10,2,2,0,0,0,tcp_slowtmr,/Users/swchen.tw/git/percepio/poc/runs/tcp-workload-matrix-v1/A03-baseline/build/tcp.o,
by_pc,2147505390,2,4,8,10,2,2,0,0,0,tcp_slowtmr,/Users/swchen.tw/git/percepio/poc/runs/tcp-workload-matrix-v1/A03-baseline/build/tcp.o,
by_pc,2147505392,2,4,8,10,2,2,0,0,0,tcp_slowtmr,/Users/swchen.tw/git/percepio/poc/runs/tcp-workload-matrix-v1/A03-baseline/build/tcp.o,
by_pc,2147505394,2,4,8,10,2,2,0,0,0,tcp_slowtmr,/Users/swchen.tw/git/percepio/poc/runs/tcp-workload-matrix-v1/A03-baseline/build/tcp.o,
by_pc,2147505396,2,4,8,10,2,2,0,0,0,tcp_slowtmr,/Users/swchen.tw/git/percepio/poc/runs/tcp-workload-matrix-v1/A03-baseline/build/tcp.o,
by_pc,2147505398,2,4,8,10,2,2,0,0,0,tcp_slowtmr,/Users/swchen.tw/git/percepio/poc/runs/tcp-workload-matrix-v1/A03-baseline/build/tcp.o,
by_pc,2147505400,2,4,8,10,2,2,0,0,0,tcp_slowtmr,/Users/swchen.tw/git/percepio/poc/runs/tcp-workload-matrix-v1/A03-baseline/build/tcp.o,
by_pc,2147505402,2,4,8,10,2,2,0,0,0,tcp_slowtmr,/Users/swchen.tw/git/percepio/poc/runs/tcp-workload-matrix-v1/A03-baseline/build/tcp.o,
by_pc,2147505404,2,4,8,10,2,2,0,0,0,tcp_slowtmr,/Users/swchen.tw/git/percepio/poc/runs/tcp-workload-matrix-v1/A03-baseline/build/tcp.o,
by_pc,2147505406,2,4,8,10,2,2,0,0,0,tcp_slowtmr,/Users/swchen.tw/git/percepio/poc/runs/tcp-workload-matrix-v1/A03-baseline/build/tcp.o,
by_pc,2147505408,2,4,8,10,2,2,0,0,0,tcp_slowtmr,/Users/swchen.tw/git/percepio/poc/runs/tcp-workload-matrix-v1/A03-baseline/build/tcp.o,
by_pc,2147505410,2,4,8,10,2,2,0,0,0,tcp_slowtmr,/Users/swchen.tw/git/percepio/poc/runs/tcp-workload-matrix-v1/A03-baseline/build/tcp.o,
by_pc,2147505412,2,4,8,10,2,2,0,0,0,tcp_slowtmr,/Users/swchen.tw/git/percepio/poc/runs/tcp-workload-matrix-v1/A03-baseline/build/tcp.o,
by_pc,2147505414,2,2,4,6,2,0,0,0,0,tcp_slowtmr,/Users/swchen.tw/git/percepio/poc/runs/tcp-workload-matrix-v1/A03-baseline/build/tcp.o,
by_pc,2147505416,2,2,4,6,2,0,0,0,0,tcp_slowtmr,/Users/swchen.tw/git/percepio/poc/runs/tcp-workload-matrix-v1/A03-baseline/build/tcp.o,
by_pc,2147498704,2,4,8,10,2,2,0,0,0,session_task,/Users/swchen.tw/git/percepio/poc/runs/tcp-workload-matrix-v1/A03-baseline/build/tcp_request_response_irq.o,
by_pc,2147498706,2,2,4,6,2,0,0,0,0,session_task,/Users/swchen.tw/git/percepio/poc/runs/tcp-workload-matrix-v1/A03-baseline/build/tcp_request_response_irq.o,
by_pc,2147498710,2,2,4,6,2,0,0,0,0,session_task,/Users/swchen.tw/git/percepio/poc/runs/tcp-workload-matrix-v1/A03-baseline/build/tcp_request_response_irq.o,
by_pc,2147498714,2,2,4,6,2,0,0,0,0,session_task,/Users/swchen.tw/git/percepio/poc/runs/tcp-workload-matrix-v1/A03-baseline/build/tcp_request_response_irq.o,
by_pc,2147498718,2,4,8,10,2,2,0,0,0,session_task,/Users/swchen.tw/git/percepio/poc/runs/tcp-workload-matrix-v1/A03-baseline/build/tcp_request_response_irq.o,
by_pc,2147498722,2,2,4,6,2,0,0,0,0,session_task,/Users/swchen.tw/git/percepio/poc/runs/tcp-workload-matrix-v1/A03-baseline/build/tcp_request_response_irq.o,
by_pc,2147498740,2,4,8,10,2,2,0,0,0,session_task,/Users/swchen.tw/git/percepio/poc/runs/tcp-workload-matrix-v1/A03-baseline/build/tcp_request_response_irq.o,
by_pc,2147498744,2,2,4,6,2,0,0,0,0,session_task,/Users/swchen.tw/git/percepio/poc/runs/tcp-workload-matrix-v1/A03-baseline/build/tcp_request_response_irq.o,
by_pc,2147498746,2,2,4,6,2,0,0,0,0,session_task,/Users/swchen.tw/git/percepio/poc/runs/tcp-workload-matrix-v1/A03-baseline/build/tcp_request_response_irq.o,
by_pc,2147508050,1,27,54,55,1,0,8,18,0,tcp_receive,/Users/swchen.tw/git/percepio/poc/runs/tcp-workload-matrix-v1/A03-baseline/build/tcp_in.o,
by_pc,2147508052,1,21,42,43,1,1,8,0,11,tcp_receive,/Users/swchen.tw/git/percepio/poc/runs/tcp-workload-matrix-v1/A03-baseline/build/tcp_in.o,
by_pc,2147508056,1,2,4,5,1,1,0,0,0,tcp_receive,/Users/swchen.tw/git/percepio/poc/runs/tcp-workload-matrix-v1/A03-baseline/build/tcp_in.o,
by_pc,2147508060,1,1,2,3,1,0,0,0,0,tcp_receive,/Users/swchen.tw/git/percepio/poc/runs/tcp-workload-matrix-v1/A03-baseline/build/tcp_in.o,
by_pc,2147508062,1,1,2,3,1,0,0,0,0,tcp_receive,/Users/swchen.tw/git/percepio/poc/runs/tcp-workload-matrix-v1/A03-baseline/build/tcp_in.o,
by_pc,2147507116,5,10,20,25,5,5,0,0,0,tcp_receive,/Users/swchen.tw/git/percepio/poc/runs/tcp-workload-matrix-v1/A03-baseline/build/tcp_in.o,
by_pc,2147507118,5,10,20,25,5,5,0,0,0,tcp_receive,/Users/swchen.tw/git/percepio/poc/runs/tcp-workload-matrix-v1/A03-baseline/build/tcp_in.o,
by_pc,2147507120,5,5,10,15,5,0,0,0,0,tcp_receive,/Users/swchen.tw/git/percepio/poc/runs/tcp-workload-matrix-v1/A03-baseline/build/tcp_in.o,
by_pc,2147507122,5,5,10,15,5,0,0,0,0,tcp_receive,/Users/swchen.tw/git/percepio/poc/runs/tcp-workload-matrix-v1/A03-baseline/build/tcp_in.o,
by_pc,2147507126,5,10,20,25,5,5,0,0,0,tcp_receive,/Users/swchen.tw/git/percepio/poc/runs/tcp-workload-matrix-v1/A03-baseline/build/tcp_in.o,
by_pc,2147507130,5,10,20,25,5,5,0,0,0,tcp_receive,/Users/swchen.tw/git/percepio/poc/runs/tcp-workload-matrix-v1/A03-baseline/build/tcp_in.o,
by_pc,2147507134,5,34,68,73,10,0,24,0,0,tcp_receive,/Users/swchen.tw/git/percepio/poc/runs/tcp-workload-matrix-v1/A03-baseline/build/tcp_in.o,
by_pc,2147507138,5,5,10,15,5,0,0,0,0,tcp_receive,/Users/swchen.tw/git/percepio/poc/runs/tcp-workload-matrix-v1/A03-baseline/build/tcp_in.o,
by_pc,2147507142,5,5,10,15,5,0,0,0,0,tcp_receive,/Users/swchen.tw/git/percepio/poc/runs/tcp-workload-matrix-v1/A03-baseline/build/tcp_in.o,
by_pc,2147507144,5,5,10,15,5,0,0,0,0,tcp_receive,/Users/swchen.tw/git/percepio/poc/runs/tcp-workload-matrix-v1/A03-baseline/build/tcp_in.o,
by_pc,2147507146,5,5,10,15,5,0,0,0,0,tcp_receive,/Users/swchen.tw/git/percepio/poc/runs/tcp-workload-matrix-v1/A03-baseline/build/tcp_in.o,
by_pc,2147507148,5,5,10,15,5,0,0,0,0,tcp_receive,/Users/swchen.tw/git/percepio/poc/runs/tcp-workload-matrix-v1/A03-baseline/build/tcp_in.o,
by_pc,2147507150,5,105,210,215,5,5,40,0,55,tcp_receive,/Users/swchen.tw/git/percepio/poc/runs/tcp-workload-matrix-v1/A03-baseline/build/tcp_in.o,
by_pc,2147507154,5,5,10,15,5,0,0,0,0,tcp_receive,/Users/swchen.tw/git/percepio/poc/runs/tcp-workload-matrix-v1/A03-baseline/build/tcp_in.o,
by_pc,2147507158,5,5,10,15,5,0,0,0,0,tcp_receive,/Users/swchen.tw/git/percepio/poc/runs/tcp-workload-matrix-v1/A03-baseline/build/tcp_in.o,
by_pc,2147507168,5,10,20,25,5,5,0,0,0,tcp_receive,/Users/swchen.tw/git/percepio/poc/runs/tcp-workload-matrix-v1/A03-baseline/build/tcp_in.o,
by_pc,2147507172,5,5,10,15,5,0,0,0,0,tcp_receive,/Users/swchen.tw/git/percepio/poc/runs/tcp-workload-matrix-v1/A03-baseline/build/tcp_in.o,
by_pc,2147507174,5,105,210,215,5,5,40,0,55,tcp_receive,/Users/swchen.tw/git/percepio/poc/runs/tcp-workload-matrix-v1/A03-baseline/build/tcp_in.o,
by_pc,2147507178,5,5,10,15,5,0,0,0,0,tcp_receive,/Users/swchen.tw/git/percepio/poc/runs/tcp-workload-matrix-v1/A03-baseline/build/tcp_in.o,
by_pc,2147507182,5,5,10,15,5,0,0,0,0,tcp_receive,/Users/swchen.tw/git/percepio/poc/runs/tcp-workload-matrix-v1/A03-baseline/build/tcp_in.o,
by_pc,2147507184,5,5,10,15,5,0,0,0,0,tcp_receive,/Users/swchen.tw/git/percepio/poc/runs/tcp-workload-matrix-v1/A03-baseline/build/tcp_in.o,
by_pc,2147507186,5,105,210,215,5,5,40,0,55,tcp_receive,/Users/swchen.tw/git/percepio/poc/runs/tcp-workload-matrix-v1/A03-baseline/build/tcp_in.o,
by_pc,2147507190,5,5,10,15,5,0,0,0,0,tcp_receive,/Users/swchen.tw/git/percepio/poc/runs/tcp-workload-matrix-v1/A03-baseline/build/tcp_in.o,
by_pc,2147507192,5,105,210,215,5,5,40,0,55,tcp_receive,/Users/swchen.tw/git/percepio/poc/runs/tcp-workload-matrix-v1/A03-baseline/build/tcp_in.o,
by_pc,2147515472,4,4,8,12,4,0,0,0,0,tcp_output,/Users/swchen.tw/git/percepio/poc/runs/tcp-workload-matrix-v1/A03-baseline/build/tcp_out.o,
by_pc,2147485168,1,1,2,3,1,0,0,0,0,xTaskIncrementTick,/Users/swchen.tw/git/percepio/poc/runs/tcp-workload-matrix-v1/A03-baseline/build/tasks.o,
by_pc,2147485172,1,1,2,3,1,0,0,0,0,xTaskIncrementTick,/Users/swchen.tw/git/percepio/poc/runs/tcp-workload-matrix-v1/A03-baseline/build/tasks.o,
by_pc,2147485176,1,1,2,3,1,0,0,0,0,xTaskIncrementTick,/Users/swchen.tw/git/percepio/poc/runs/tcp-workload-matrix-v1/A03-baseline/build/tasks.o,
by_pc,2147485178,1,1,2,3,1,0,0,0,0,xTaskIncrementTick,/Users/swchen.tw/git/percepio/poc/runs/tcp-workload-matrix-v1/A03-baseline/build/tasks.o,
by_pc,2147485180,2,4,8,10,2,2,0,0,0,xTaskIncrementTick,/Users/swchen.tw/git/percepio/poc/runs/tcp-workload-matrix-v1/A03-baseline/build/tasks.o,
by_pc,2147485184,2,56,112,114,2,2,16,36,0,xTaskIncrementTick,/Users/swchen.tw/git/percepio/poc/runs/tcp-workload-matrix-v1/A03-baseline/build/tasks.o,
by_pc,2147485186,2,2,4,6,2,0,0,0,0,xTaskIncrementTick,/Users/swchen.tw/git/percepio/poc/runs/tcp-workload-matrix-v1/A03-baseline/build/tasks.o,
by_pc,2147485258,1,28,56,57,1,1,8,18,0,xTaskIncrementTick,/Users/swchen.tw/git/percepio/poc/runs/tcp-workload-matrix-v1/A03-baseline/build/tasks.o,
by_pc,2147485262,1,10,20,21,1,1,8,0,0,xTaskIncrementTick,/Users/swchen.tw/git/percepio/poc/runs/tcp-workload-matrix-v1/A03-baseline/build/tasks.o,
by_pc,2147485264,1,28,56,57,1,1,8,18,0,xTaskIncrementTick,/Users/swchen.tw/git/percepio/poc/runs/tcp-workload-matrix-v1/A03-baseline/build/tasks.o,
by_pc,2147485266,1,2,4,5,1,1,0,0,0,xTaskIncrementTick,/Users/swchen.tw/git/percepio/poc/runs/tcp-workload-matrix-v1/A03-baseline/build/tasks.o,
by_pc,2147485268,1,1,2,3,1,0,0,0,0,xTaskIncrementTick,/Users/swchen.tw/git/percepio/poc/runs/tcp-workload-matrix-v1/A03-baseline/build/tasks.o,
by_pc,2147485272,1,2,4,5,1,1,0,0,0,xTaskIncrementTick,/Users/swchen.tw/git/percepio/poc/runs/tcp-workload-matrix-v1/A03-baseline/build/tasks.o,
by_pc,2147485274,1,2,4,5,1,1,0,0,0,xTaskIncrementTick,/Users/swchen.tw/git/percepio/poc/runs/tcp-workload-matrix-v1/A03-baseline/build/tasks.o,
by_pc,2147485276,1,2,4,5,1,1,0,0,0,xTaskIncrementTick,/Users/swchen.tw/git/percepio/poc/runs/tcp-workload-matrix-v1/A03-baseline/build/tasks.o,
by_pc,2147485278,1,1,2,3,1,0,0,0,0,xTaskIncrementTick,/Users/swchen.tw/git/percepio/poc/runs/tcp-workload-matrix-v1/A03-baseline/build/tasks.o,
by_pc,2147485282,1,21,42,43,1,1,8,0,11,xTaskIncrementTick,/Users/swchen.tw/git/percepio/poc/runs/tcp-workload-matrix-v1/A03-baseline/build/tasks.o,
by_pc,2147485284,1,2,4,5,1,1,0,0,0,xTaskIncrementTick,/Users/swchen.tw/git/percepio/poc/runs/tcp-workload-matrix-v1/A03-baseline/build/tasks.o,
by_pc,2147485286,1,21,42,43,1,1,8,0,11,xTaskIncrementTick,/Users/swchen.tw/git/percepio/poc/runs/tcp-workload-matrix-v1/A03-baseline/build/tasks.o,
by_pc,2147485288,1,2,4,5,1,1,0,0,0,xTaskIncrementTick,/Users/swchen.tw/git/percepio/poc/runs/tcp-workload-matrix-v1/A03-baseline/build/tasks.o,
by_pc,2147485290,1,1,2,3,1,0,0,0,0,xTaskIncrementTick,/Users/swchen.tw/git/percepio/poc/runs/tcp-workload-matrix-v1/A03-baseline/build/tasks.o,
by_pc,2147485298,1,21,42,43,1,1,8,0,11,xTaskIncrementTick,/Users/swchen.tw/git/percepio/poc/runs/tcp-workload-matrix-v1/A03-baseline/build/tasks.o,
by_pc,2147485302,1,2,4,5,1,1,0,0,0,xTaskIncrementTick,/Users/swchen.tw/git/percepio/poc/runs/tcp-workload-matrix-v1/A03-baseline/build/tasks.o,
by_pc,2147485304,1,1,2,3,1,0,0,0,0,xTaskIncrementTick,/Users/swchen.tw/git/percepio/poc/runs/tcp-workload-matrix-v1/A03-baseline/build/tasks.o,
by_pc,2147485306,1,21,42,43,1,1,8,0,11,xTaskIncrementTick,/Users/swchen.tw/git/percepio/poc/runs/tcp-workload-matrix-v1/A03-baseline/build/tasks.o,
by_pc,2147485308,1,2,4,5,1,1,0,0,0,xTaskIncrementTick,/Users/swchen.tw/git/percepio/poc/runs/tcp-workload-matrix-v1/A03-baseline/build/tasks.o,
by_pc,2147485310,1,1,2,3,1,0,0,0,0,xTaskIncrementTick,/Users/swchen.tw/git/percepio/poc/runs/tcp-workload-matrix-v1/A03-baseline/build/tasks.o,
by_pc,2147485346,1,27,54,55,1,0,8,18,0,xTaskIncrementTick,/Users/swchen.tw/git/percepio/poc/runs/tcp-workload-matrix-v1/A03-baseline/build/tasks.o,
by_pc,2147485350,1,21,42,43,1,1,8,0,11,xTaskIncrementTick,/Users/swchen.tw/git/percepio/poc/runs/tcp-workload-matrix-v1/A03-baseline/build/tasks.o,
by_pc,2147485352,1,1,2,3,1,0,0,0,0,xTaskIncrementTick,/Users/swchen.tw/git/percepio/poc/runs/tcp-workload-matrix-v1/A03-baseline/build/tasks.o,
by_pc,2147485356,1,2,4,5,1,1,0,0,0,xTaskIncrementTick,/Users/swchen.tw/git/percepio/poc/runs/tcp-workload-matrix-v1/A03-baseline/build/tasks.o,
by_pc,2147485358,1,2,4,5,1,1,0,0,0,xTaskIncrementTick,/Users/swchen.tw/git/percepio/poc/runs/tcp-workload-matrix-v1/A03-baseline/build/tasks.o,
by_pc,2147485362,1,2,4,5,1,1,0,0,0,xTaskIncrementTick,/Users/swchen.tw/git/percepio/poc/runs/tcp-workload-matrix-v1/A03-baseline/build/tasks.o,
by_pc,2147485364,1,1,2,3,1,0,0,0,0,xTaskIncrementTick,/Users/swchen.tw/git/percepio/poc/runs/tcp-workload-matrix-v1/A03-baseline/build/tasks.o,
by_pc,2147485368,1,1,2,3,1,0,0,0,0,xTaskIncrementTick,/Users/swchen.tw/git/percepio/poc/runs/tcp-workload-matrix-v1/A03-baseline/build/tasks.o,
by_pc,2147485372,1,1,2,3,1,0,0,0,0,xTaskIncrementTick,/Users/swchen.tw/git/percepio/poc/runs/tcp-workload-matrix-v1/A03-baseline/build/tasks.o,
by_pc,2147485374,1,48,96,97,2,1,16,18,11,xTaskIncrementTick,/Users/swchen.tw/git/percepio/poc/runs/tcp-workload-matrix-v1/A03-baseline/build/tasks.o,
by_pc,2147485378,1,1,2,3,1,0,0,0,0,xTaskIncrementTick,/Users/swchen.tw/git/percepio/poc/runs/tcp-workload-matrix-v1/A03-baseline/build/tasks.o,
by_pc,2147485380,1,28,56,57,1,1,8,18,0,xTaskIncrementTick,/Users/swchen.tw/git/percepio/poc/runs/tcp-workload-matrix-v1/A03-baseline/build/tasks.o,
by_pc,2147485382,1,21,42,43,1,1,8,0,11,xTaskIncrementTick,/Users/swchen.tw/git/percepio/poc/runs/tcp-workload-matrix-v1/A03-baseline/build/tasks.o,
by_pc,2147485384,1,2,4,5,1,1,0,0,0,xTaskIncrementTick,/Users/swchen.tw/git/percepio/poc/runs/tcp-workload-matrix-v1/A03-baseline/build/tasks.o,
by_pc,2147485386,1,21,42,43,1,1,8,0,11,xTaskIncrementTick,/Users/swchen.tw/git/percepio/poc/runs/tcp-workload-matrix-v1/A03-baseline/build/tasks.o,
by_pc,2147485388,1,21,42,43,1,1,8,0,11,xTaskIncrementTick,/Users/swchen.tw/git/percepio/poc/runs/tcp-workload-matrix-v1/A03-baseline/build/tasks.o,
by_pc,2147485392,1,21,42,43,1,1,8,0,11,xTaskIncrementTick,/Users/swchen.tw/git/percepio/poc/runs/tcp-workload-matrix-v1/A03-baseline/build/tasks.o,
by_pc,2147485396,1,2,4,5,1,1,0,0,0,xTaskIncrementTick,/Users/swchen.tw/git/percepio/poc/runs/tcp-workload-matrix-v1/A03-baseline/build/tasks.o,
by_pc,2147485398,1,1,2,3,1,0,0,0,0,xTaskIncrementTick,/Users/swchen.tw/git/percepio/poc/runs/tcp-workload-matrix-v1/A03-baseline/build/tasks.o,
by_pc,2147485402,1,1,2,3,1,0,0,0,0,xTaskIncrementTick,/Users/swchen.tw/git/percepio/poc/runs/tcp-workload-matrix-v1/A03-baseline/build/tasks.o,
by_pc,2147485404,1,21,42,43,1,1,8,0,11,xTaskIncrementTick,/Users/swchen.tw/git/percepio/poc/runs/tcp-workload-matrix-v1/A03-baseline/build/tasks.o,
by_pc,2147485406,1,2,4,5,1,1,0,0,0,xTaskIncrementTick,/Users/swchen.tw/git/percepio/poc/runs/tcp-workload-matrix-v1/A03-baseline/build/tasks.o,
by_pc,2147485408,1,1,2,3,1,0,0,0,0,xTaskIncrementTick,/Users/swchen.tw/git/percepio/poc/runs/tcp-workload-matrix-v1/A03-baseline/build/tasks.o,
by_pc,2147485410,1,21,42,43,1,1,8,0,11,xTaskIncrementTick,/Users/swchen.tw/git/percepio/poc/runs/tcp-workload-matrix-v1/A03-baseline/build/tasks.o,
by_pc,2147485412,1,2,4,5,1,1,0,0,0,xTaskIncrementTick,/Users/swchen.tw/git/percepio/poc/runs/tcp-workload-matrix-v1/A03-baseline/build/tasks.o,
by_pc,2147485416,1,2,4,5,1,1,0,0,0,xTaskIncrementTick,/Users/swchen.tw/git/percepio/poc/runs/tcp-workload-matrix-v1/A03-baseline/build/tasks.o,
by_pc,2147485418,1,2,4,5,1,1,0,0,0,xTaskIncrementTick,/Users/swchen.tw/git/percepio/poc/runs/tcp-workload-matrix-v1/A03-baseline/build/tasks.o,
by_pc,2147485420,1,1,2,3,1,0,0,0,0,xTaskIncrementTick,/Users/swchen.tw/git/percepio/poc/runs/tcp-workload-matrix-v1/A03-baseline/build/tasks.o,
by_pc,2147485424,1,1,2,3,1,0,0,0,0,xTaskIncrementTick,/Users/swchen.tw/git/percepio/poc/runs/tcp-workload-matrix-v1/A03-baseline/build/tasks.o,
by_pc,2147485428,1,1,2,3,1,0,0,0,0,xTaskIncrementTick,/Users/swchen.tw/git/percepio/poc/runs/tcp-workload-matrix-v1/A03-baseline/build/tasks.o,
by_pc,2147485188,1,1,2,3,1,0,0,0,0,xTaskIncrementTick,/Users/swchen.tw/git/percepio/poc/runs/tcp-workload-matrix-v1/A03-baseline/build/tasks.o,
by_pc,2147485190,1,21,42,43,1,1,8,0,11,xTaskIncrementTick,/Users/swchen.tw/git/percepio/poc/runs/tcp-workload-matrix-v1/A03-baseline/build/tasks.o,
by_pc,2147519406,1,1,2,3,1,0,0,0,0,unresolved@/Users/swchen.tw/git/percepio/poc/runs/tcp-workload-matrix-v1/A03-baseline/build/portASM.o:2147519232,/Users/swchen.tw/git/percepio/poc/runs/tcp-workload-matrix-v1/A03-baseline/build/portASM.o,
by_pc,2147485872,2,30,60,62,2,2,8,18,0,vTaskSwitchContext,/Users/swchen.tw/git/percepio/poc/runs/tcp-workload-matrix-v1/A03-baseline/build/tasks.o,
by_pc,2147485876,2,2,4,6,2,0,0,0,0,vTaskSwitchContext,/Users/swchen.tw/git/percepio/poc/runs/tcp-workload-matrix-v1/A03-baseline/build/tasks.o,
by_pc,2147485886,2,2,4,6,2,0,0,0,0,vTaskSwitchContext,/Users/swchen.tw/git/percepio/poc/runs/tcp-workload-matrix-v1/A03-baseline/build/tasks.o,
by_pc,2147485888,2,68,136,138,2,2,24,18,22,vTaskSwitchContext,/Users/swchen.tw/git/percepio/poc/runs/tcp-workload-matrix-v1/A03-baseline/build/tasks.o,
by_pc,2147485890,2,42,84,86,2,2,16,0,22,vTaskSwitchContext,/Users/swchen.tw/git/percepio/poc/runs/tcp-workload-matrix-v1/A03-baseline/build/tasks.o,
by_pc,2147485892,2,42,84,86,2,2,16,0,22,vTaskSwitchContext,/Users/swchen.tw/git/percepio/poc/runs/tcp-workload-matrix-v1/A03-baseline/build/tasks.o,
by_pc,2147485894,2,42,84,86,2,2,16,0,22,vTaskSwitchContext,/Users/swchen.tw/git/percepio/poc/runs/tcp-workload-matrix-v1/A03-baseline/build/tasks.o,
by_pc,2147485896,2,42,84,86,2,2,16,0,22,vTaskSwitchContext,/Users/swchen.tw/git/percepio/poc/runs/tcp-workload-matrix-v1/A03-baseline/build/tasks.o,
by_pc,2147485900,2,2,4,6,2,0,0,0,0,vTaskSwitchContext,/Users/swchen.tw/git/percepio/poc/runs/tcp-workload-matrix-v1/A03-baseline/build/tasks.o,
by_pc,2147485904,2,4,8,10,2,2,0,0,0,vTaskSwitchContext,/Users/swchen.tw/git/percepio/poc/runs/tcp-workload-matrix-v1/A03-baseline/build/tasks.o,
by_pc,2147485906,2,4,8,10,2,2,0,0,0,vTaskSwitchContext,/Users/swchen.tw/git/percepio/poc/runs/tcp-workload-matrix-v1/A03-baseline/build/tasks.o,
by_pc,2147485908,2,2,4,6,2,0,0,0,0,vTaskSwitchContext,/Users/swchen.tw/git/percepio/poc/runs/tcp-workload-matrix-v1/A03-baseline/build/tasks.o,
by_pc,2147485912,2,2,4,6,2,0,0,0,0,vTaskSwitchContext,/Users/swchen.tw/git/percepio/poc/runs/tcp-workload-matrix-v1/A03-baseline/build/tasks.o,
by_pc,2147485916,2,30,60,62,2,2,8,18,0,vTaskSwitchContext,/Users/swchen.tw/git/percepio/poc/runs/tcp-workload-matrix-v1/A03-baseline/build/tasks.o,
by_pc,2147485918,2,56,112,114,2,2,16,36,0,vTaskSwitchContext,/Users/swchen.tw/git/percepio/poc/runs/tcp-workload-matrix-v1/A03-baseline/build/tasks.o,
by_pc,2147485920,2,2,4,6,2,0,0,0,0,vTaskSwitchContext,/Users/swchen.tw/git/percepio/poc/runs/tcp-workload-matrix-v1/A03-baseline/build/tasks.o,
by_pc,2147485924,2,4,8,10,2,2,0,0,0,vTaskSwitchContext,/Users/swchen.tw/git/percepio/poc/runs/tcp-workload-matrix-v1/A03-baseline/build/tasks.o,
by_pc,2147485926,2,2,4,6,2,0,0,0,0,vTaskSwitchContext,/Users/swchen.tw/git/percepio/poc/runs/tcp-workload-matrix-v1/A03-baseline/build/tasks.o,
by_pc,2147485930,2,4,8,10,2,2,0,0,0,vTaskSwitchContext,/Users/swchen.tw/git/percepio/poc/runs/tcp-workload-matrix-v1/A03-baseline/build/tasks.o,
by_pc,2147485932,2,2,4,6,2,0,0,0,0,vTaskSwitchContext,/Users/swchen.tw/git/percepio/poc/runs/tcp-workload-matrix-v1/A03-baseline/build/tasks.o,
by_pc,2147485936,2,4,8,10,2,2,0,0,0,vTaskSwitchContext,/Users/swchen.tw/git/percepio/poc/runs/tcp-workload-matrix-v1/A03-baseline/build/tasks.o,
by_pc,2147485938,2,2,4,6,2,0,0,0,0,vTaskSwitchContext,/Users/swchen.tw/git/percepio/poc/runs/tcp-workload-matrix-v1/A03-baseline/build/tasks.o,
by_pc,2147485954,2,30,60,62,2,2,8,18,0,vTaskSwitchContext,/Users/swchen.tw/git/percepio/poc/runs/tcp-workload-matrix-v1/A03-baseline/build/tasks.o,
by_pc,2147485958,2,2,4,6,2,0,0,0,0,vTaskSwitchContext,/Users/swchen.tw/git/percepio/poc/runs/tcp-workload-matrix-v1/A03-baseline/build/tasks.o,
by_pc,2147485960,2,2,4,6,2,0,0,0,0,vTaskSwitchContext,/Users/swchen.tw/git/percepio/poc/runs/tcp-workload-matrix-v1/A03-baseline/build/tasks.o,
by_pc,2147485964,2,2,4,6,2,0,0,0,0,vTaskSwitchContext,/Users/swchen.tw/git/percepio/poc/runs/tcp-workload-matrix-v1/A03-baseline/build/tasks.o,
by_pc,2147519698,2,28,56,58,2,0,8,18,0,__clzsi2,/Users/swchen.tw/git/percepio/poc/.tools/xpack-riscv-none-elf-gcc-15.2.0-1/bin/../lib/gcc/riscv-none-elf/15.2.0/libgcc.a(_clzsi2.o),
by_pc,2147519700,2,2,4,6,2,0,0,0,0,__clzsi2,/Users/swchen.tw/git/percepio/poc/.tools/xpack-riscv-none-elf-gcc-15.2.0-1/bin/../lib/gcc/riscv-none-elf/15.2.0/libgcc.a(_clzsi2.o),
by_pc,2147519704,2,2,4,6,2,0,0,0,0,__clzsi2,/Users/swchen.tw/git/percepio/poc/.tools/xpack-riscv-none-elf-gcc-15.2.0-1/bin/../lib/gcc/riscv-none-elf/15.2.0/libgcc.a(_clzsi2.o),
by_pc,2147519708,2,2,4,6,2,0,0,0,0,__clzsi2,/Users/swchen.tw/git/percepio/poc/.tools/xpack-riscv-none-elf-gcc-15.2.0-1/bin/../lib/gcc/riscv-none-elf/15.2.0/libgcc.a(_clzsi2.o),
by_pc,2147519712,2,2,4,6,2,0,0,0,0,__clzsi2,/Users/swchen.tw/git/percepio/poc/.tools/xpack-riscv-none-elf-gcc-15.2.0-1/bin/../lib/gcc/riscv-none-elf/15.2.0/libgcc.a(_clzsi2.o),
by_pc,2147519714,2,2,4,6,2,0,0,0,0,__clzsi2,/Users/swchen.tw/git/percepio/poc/.tools/xpack-riscv-none-elf-gcc-15.2.0-1/bin/../lib/gcc/riscv-none-elf/15.2.0/libgcc.a(_clzsi2.o),
by_pc,2147519718,2,2,4,6,2,0,0,0,0,__clzsi2,/Users/swchen.tw/git/percepio/poc/.tools/xpack-riscv-none-elf-gcc-15.2.0-1/bin/../lib/gcc/riscv-none-elf/15.2.0/libgcc.a(_clzsi2.o),
by_pc,2147519720,2,2,4,6,2,0,0,0,0,__clzsi2,/Users/swchen.tw/git/percepio/poc/.tools/xpack-riscv-none-elf-gcc-15.2.0-1/bin/../lib/gcc/riscv-none-elf/15.2.0/libgcc.a(_clzsi2.o),
by_pc,2147519724,2,2,4,6,2,0,0,0,0,__clzsi2,/Users/swchen.tw/git/percepio/poc/.tools/xpack-riscv-none-elf-gcc-15.2.0-1/bin/../lib/gcc/riscv-none-elf/15.2.0/libgcc.a(_clzsi2.o),
by_pc,2147519728,2,2,4,6,2,0,0,0,0,__clzsi2,/Users/swchen.tw/git/percepio/poc/.tools/xpack-riscv-none-elf-gcc-15.2.0-1/bin/../lib/gcc/riscv-none-elf/15.2.0/libgcc.a(_clzsi2.o),
by_pc,2147519732,2,2,4,6,2,0,0,0,0,__clzsi2,/Users/swchen.tw/git/percepio/poc/.tools/xpack-riscv-none-elf-gcc-15.2.0-1/bin/../lib/gcc/riscv-none-elf/15.2.0/libgcc.a(_clzsi2.o),
by_pc,2147519734,2,30,60,62,2,2,8,18,0,__clzsi2,/Users/swchen.tw/git/percepio/poc/.tools/xpack-riscv-none-elf-gcc-15.2.0-1/bin/../lib/gcc/riscv-none-elf/15.2.0/libgcc.a(_clzsi2.o),
by_pc,2147519738,2,2,4,6,2,0,0,0,0,__clzsi2,/Users/swchen.tw/git/percepio/poc/.tools/xpack-riscv-none-elf-gcc-15.2.0-1/bin/../lib/gcc/riscv-none-elf/15.2.0/libgcc.a(_clzsi2.o),
by_pc,2147519742,2,2,4,6,2,0,0,0,0,__clzsi2,/Users/swchen.tw/git/percepio/poc/.tools/xpack-riscv-none-elf-gcc-15.2.0-1/bin/../lib/gcc/riscv-none-elf/15.2.0/libgcc.a(_clzsi2.o),
by_pc,2147485968,2,2,4,6,2,0,0,0,0,vTaskSwitchContext,/Users/swchen.tw/git/percepio/poc/runs/tcp-workload-matrix-v1/A03-baseline/build/tasks.o,
by_pc,2147485970,2,2,4,6,2,0,0,0,0,vTaskSwitchContext,/Users/swchen.tw/git/percepio/poc/runs/tcp-workload-matrix-v1/A03-baseline/build/tasks.o,
by_pc,2147485972,2,2,4,6,2,0,0,0,0,vTaskSwitchContext,/Users/swchen.tw/git/percepio/poc/runs/tcp-workload-matrix-v1/A03-baseline/build/tasks.o,
by_pc,2147485976,2,2,4,6,2,0,0,0,0,vTaskSwitchContext,/Users/swchen.tw/git/percepio/poc/runs/tcp-workload-matrix-v1/A03-baseline/build/tasks.o,
by_pc,2147485978,2,4,8,10,2,2,0,0,0,vTaskSwitchContext,/Users/swchen.tw/git/percepio/poc/runs/tcp-workload-matrix-v1/A03-baseline/build/tasks.o,
by_pc,2147485980,2,2,4,6,2,0,0,0,0,vTaskSwitchContext,/Users/swchen.tw/git/percepio/poc/runs/tcp-workload-matrix-v1/A03-baseline/build/tasks.o,
by_pc,2147486000,2,2,4,6,2,0,0,0,0,vTaskSwitchContext,/Users/swchen.tw/git/percepio/poc/runs/tcp-workload-matrix-v1/A03-baseline/build/tasks.o,
by_pc,2147486002,2,2,4,6,2,0,0,0,0,vTaskSwitchContext,/Users/swchen.tw/git/percepio/poc/runs/tcp-workload-matrix-v1/A03-baseline/build/tasks.o,
by_pc,2147486006,2,2,4,6,2,0,0,0,0,vTaskSwitchContext,/Users/swchen.tw/git/percepio/poc/runs/tcp-workload-matrix-v1/A03-baseline/build/tasks.o,
by_pc,2147486010,2,4,8,10,2,2,0,0,0,vTaskSwitchContext,/Users/swchen.tw/git/percepio/poc/runs/tcp-workload-matrix-v1/A03-baseline/build/tasks.o,
by_pc,2147486012,2,2,4,6,2,0,0,0,0,vTaskSwitchContext,/Users/swchen.tw/git/percepio/poc/runs/tcp-workload-matrix-v1/A03-baseline/build/tasks.o,
by_pc,2147486014,2,2,4,6,2,0,0,0,0,vTaskSwitchContext,/Users/swchen.tw/git/percepio/poc/runs/tcp-workload-matrix-v1/A03-baseline/build/tasks.o,
by_pc,2147486016,2,30,60,62,2,2,8,18,0,vTaskSwitchContext,/Users/swchen.tw/git/percepio/poc/runs/tcp-workload-matrix-v1/A03-baseline/build/tasks.o,
by_pc,2147486018,2,42,84,86,2,2,16,0,22,vTaskSwitchContext,/Users/swchen.tw/git/percepio/poc/runs/tcp-workload-matrix-v1/A03-baseline/build/tasks.o,
by_pc,2147486020,2,2,4,6,2,0,0,0,0,vTaskSwitchContext,/Users/swchen.tw/git/percepio/poc/runs/tcp-workload-matrix-v1/A03-baseline/build/tasks.o,
by_pc,2147486028,2,4,8,10,2,2,0,0,0,vTaskSwitchContext,/Users/swchen.tw/git/percepio/poc/runs/tcp-workload-matrix-v1/A03-baseline/build/tasks.o,
by_pc,2147486030,2,42,84,86,2,2,16,0,22,vTaskSwitchContext,/Users/swchen.tw/git/percepio/poc/runs/tcp-workload-matrix-v1/A03-baseline/build/tasks.o,
by_pc,2147486032,2,4,8,10,2,2,0,0,0,vTaskSwitchContext,/Users/swchen.tw/git/percepio/poc/runs/tcp-workload-matrix-v1/A03-baseline/build/tasks.o,
by_pc,2147486034,2,4,8,10,2,2,0,0,0,vTaskSwitchContext,/Users/swchen.tw/git/percepio/poc/runs/tcp-workload-matrix-v1/A03-baseline/build/tasks.o,
by_pc,2147486036,2,4,8,10,2,2,0,0,0,vTaskSwitchContext,/Users/swchen.tw/git/percepio/poc/runs/tcp-workload-matrix-v1/A03-baseline/build/tasks.o,
by_pc,2147486038,2,2,4,6,2,0,0,0,0,vTaskSwitchContext,/Users/swchen.tw/git/percepio/poc/runs/tcp-workload-matrix-v1/A03-baseline/build/tasks.o,
by_pc,2147493112,2,30,60,62,2,2,8,18,0,xTraceTaskSwitch,/Users/swchen.tw/git/percepio/poc/runs/tcp-workload-matrix-v1/A03-baseline/build/trcTask.o,
by_pc,2147493116,2,2,4,6,2,0,0,0,0,xTraceTaskSwitch,/Users/swchen.tw/git/percepio/poc/runs/tcp-workload-matrix-v1/A03-baseline/build/trcTask.o,
by_pc,2147493118,2,2,4,6,2,0,0,0,0,xTraceTaskSwitch,/Users/swchen.tw/git/percepio/poc/runs/tcp-workload-matrix-v1/A03-baseline/build/trcTask.o,
by_pc,2147493120,2,28,56,58,2,0,8,18,0,xTraceTaskSwitch,/Users/swchen.tw/git/percepio/poc/runs/tcp-workload-matrix-v1/A03-baseline/build/trcTask.o,
by_pc,2147493122,2,42,84,86,2,2,16,0,22,xTraceTaskSwitch,/Users/swchen.tw/git/percepio/poc/runs/tcp-workload-matrix-v1/A03-baseline/build/trcTask.o,
by_pc,2147493124,2,42,84,86,2,2,16,0,22,xTraceTaskSwitch,/Users/swchen.tw/git/percepio/poc/runs/tcp-workload-matrix-v1/A03-baseline/build/trcTask.o,
by_pc,2147493126,2,42,84,86,2,2,16,0,22,xTraceTaskSwitch,/Users/swchen.tw/git/percepio/poc/runs/tcp-workload-matrix-v1/A03-baseline/build/trcTask.o,
by_pc,2147493128,2,2,4,6,2,0,0,0,0,xTraceTaskSwitch,/Users/swchen.tw/git/percepio/poc/runs/tcp-workload-matrix-v1/A03-baseline/build/trcTask.o,
by_pc,2147493132,2,4,8,10,2,2,0,0,0,xTraceTaskSwitch,/Users/swchen.tw/git/percepio/poc/runs/tcp-workload-matrix-v1/A03-baseline/build/trcTask.o,
by_pc,2147493134,2,2,4,6,2,0,0,0,0,xTraceTaskSwitch,/Users/swchen.tw/git/percepio/poc/runs/tcp-workload-matrix-v1/A03-baseline/build/trcTask.o,
by_pc,2147493138,2,4,8,10,2,2,0,0,0,xTraceTaskSwitch,/Users/swchen.tw/git/percepio/poc/runs/tcp-workload-matrix-v1/A03-baseline/build/trcTask.o,
by_pc,2147493140,2,2,4,6,2,0,0,0,0,xTraceTaskSwitch,/Users/swchen.tw/git/percepio/poc/runs/tcp-workload-matrix-v1/A03-baseline/build/trcTask.o,
by_pc,2147493158,2,2,4,6,2,0,0,0,0,xTraceTaskSwitch,/Users/swchen.tw/git/percepio/poc/runs/tcp-workload-matrix-v1/A03-baseline/build/trcTask.o,
by_pc,2147493160,2,2,4,6,2,0,0,0,0,xTraceTaskSwitch,/Users/swchen.tw/git/percepio/poc/runs/tcp-workload-matrix-v1/A03-baseline/build/trcTask.o,
by_pc,2147493162,2,42,84,86,2,2,16,0,22,xTraceTaskSwitch,/Users/swchen.tw/git/percepio/poc/runs/tcp-workload-matrix-v1/A03-baseline/build/trcTask.o,
by_pc,2147493164,2,2,4,6,2,0,0,0,0,xTraceTaskSwitch,/Users/swchen.tw/git/percepio/poc/runs/tcp-workload-matrix-v1/A03-baseline/build/trcTask.o,
by_pc,2147493166,2,2,4,6,2,0,0,0,0,xTraceTaskSwitch,/Users/swchen.tw/git/percepio/poc/runs/tcp-workload-matrix-v1/A03-baseline/build/trcTask.o,
by_pc,2147493170,2,4,8,10,2,2,0,0,0,xTraceTaskSwitch,/Users/swchen.tw/git/percepio/poc/runs/tcp-workload-matrix-v1/A03-baseline/build/trcTask.o,
by_pc,2147493172,2,2,4,6,2,0,0,0,0,xTraceTaskSwitch,/Users/swchen.tw/git/percepio/poc/runs/tcp-workload-matrix-v1/A03-baseline/build/trcTask.o,
by_pc,2147493174,2,42,84,86,2,2,16,0,22,xTraceTaskSwitch,/Users/swchen.tw/git/percepio/poc/runs/tcp-workload-matrix-v1/A03-baseline/build/trcTask.o,
by_pc,2147493176,2,2,4,6,2,0,0,0,0,xTraceTaskSwitch,/Users/swchen.tw/git/percepio/poc/runs/tcp-workload-matrix-v1/A03-baseline/build/trcTask.o,
by_pc,2147493180,2,2,4,6,2,0,0,0,0,xTraceTaskSwitch,/Users/swchen.tw/git/percepio/poc/runs/tcp-workload-matrix-v1/A03-baseline/build/trcTask.o,
by_pc,2147488636,2,4,8,10,2,2,0,0,0,xTraceEventCreate2,/Users/swchen.tw/git/percepio/poc/runs/tcp-workload-matrix-v1/A03-baseline/build/trcEvent.o,
by_pc,2147488640,2,28,56,58,2,0,8,18,0,xTraceEventCreate2,/Users/swchen.tw/git/percepio/poc/runs/tcp-workload-matrix-v1/A03-baseline/build/trcEvent.o,
by_pc,2147488642,2,42,84,86,2,2,16,0,22,xTraceEventCreate2,/Users/swchen.tw/git/percepio/poc/runs/tcp-workload-matrix-v1/A03-baseline/build/trcEvent.o,
by_pc,2147488644,2,42,84,86,2,2,16,0,22,xTraceEventCreate2,/Users/swchen.tw/git/percepio/poc/runs/tcp-workload-matrix-v1/A03-baseline/build/trcEvent.o,
by_pc,2147488646,2,42,84,86,2,2,16,0,22,xTraceEventCreate2,/Users/swchen.tw/git/percepio/poc/runs/tcp-workload-matrix-v1/A03-baseline/build/trcEvent.o,
by_pc,2147488648,2,42,84,86,2,2,16,0,22,xTraceEventCreate2,/Users/swchen.tw/git/percepio/poc/runs/tcp-workload-matrix-v1/A03-baseline/build/trcEvent.o,
by_pc,2147488650,2,42,84,86,2,2,16,0,22,xTraceEventCreate2,/Users/swchen.tw/git/percepio/poc/runs/tcp-workload-matrix-v1/A03-baseline/build/trcEvent.o,
by_pc,2147488652,2,42,84,86,2,2,16,0,22,xTraceEventCreate2,/Users/swchen.tw/git/percepio/poc/runs/tcp-workload-matrix-v1/A03-baseline/build/trcEvent.o,
by_pc,2147488654,2,2,4,6,2,0,0,0,0,xTraceEventCreate2,/Users/swchen.tw/git/percepio/poc/runs/tcp-workload-matrix-v1/A03-baseline/build/trcEvent.o,
by_pc,2147488656,2,2,4,6,2,0,0,0,0,xTraceEventCreate2,/Users/swchen.tw/git/percepio/poc/runs/tcp-workload-matrix-v1/A03-baseline/build/trcEvent.o,
by_pc,2147488658,2,4,8,10,2,2,0,0,0,xTraceEventCreate2,/Users/swchen.tw/git/percepio/poc/runs/tcp-workload-matrix-v1/A03-baseline/build/trcEvent.o,
by_pc,2147488662,2,4,8,10,2,2,0,0,0,xTraceEventCreate2,/Users/swchen.tw/git/percepio/poc/runs/tcp-workload-matrix-v1/A03-baseline/build/trcEvent.o,
by_pc,2147488664,2,2,4,6,2,0,0,0,0,xTraceEventCreate2,/Users/swchen.tw/git/percepio/poc/runs/tcp-workload-matrix-v1/A03-baseline/build/trcEvent.o,
by_pc,2147488666,2,2,4,6,2,0,0,0,0,xTraceEventCreate2,/Users/swchen.tw/git/percepio/poc/runs/tcp-workload-matrix-v1/A03-baseline/build/trcEvent.o,
by_pc,2147488668,2,2,4,6,2,0,0,0,0,xTraceEventCreate2,/Users/swchen.tw/git/percepio/poc/runs/tcp-workload-matrix-v1/A03-baseline/build/trcEvent.o,
by_pc,2147488670,2,2,4,6,2,0,0,0,0,xTraceEventCreate2,/Users/swchen.tw/git/percepio/poc/runs/tcp-workload-matrix-v1/A03-baseline/build/trcEvent.o,
by_pc,2147488674,2,2,4,6,2,0,0,0,0,xTraceEventCreate2,/Users/swchen.tw/git/percepio/poc/runs/tcp-workload-matrix-v1/A03-baseline/build/trcEvent.o,
by_pc,2147488678,2,4,8,10,2,2,0,0,0,xTraceEventCreate2,/Users/swchen.tw/git/percepio/poc/runs/tcp-workload-matrix-v1/A03-baseline/build/trcEvent.o,
by_pc,2147488680,2,2,4,6,2,0,0,0,0,xTraceEventCreate2,/Users/swchen.tw/git/percepio/poc/runs/tcp-workload-matrix-v1/A03-baseline/build/trcEvent.o,
by_pc,2147488682,2,4,8,10,2,2,0,0,0,xTraceEventCreate2,/Users/swchen.tw/git/percepio/poc/runs/tcp-workload-matrix-v1/A03-baseline/build/trcEvent.o,
by_pc,2147488684,2,2,4,6,2,0,0,0,0,xTraceEventCreate2,/Users/swchen.tw/git/percepio/poc/runs/tcp-workload-matrix-v1/A03-baseline/build/trcEvent.o,
by_pc,2147488686,2,42,84,86,2,2,16,0,22,xTraceEventCreate2,/Users/swchen.tw/git/percepio/poc/runs/tcp-workload-matrix-v1/A03-baseline/build/trcEvent.o,
by_pc,2147488688,2,4,8,10,2,2,0,0,0,xTraceEventCreate2,/Users/swchen.tw/git/percepio/poc/runs/tcp-workload-matrix-v1/A03-baseline/build/trcEvent.o,
by_pc,2147488692,2,4,8,10,2,2,0,0,0,xTraceEventCreate2,/Users/swchen.tw/git/percepio/poc/runs/tcp-workload-matrix-v1/A03-baseline/build/trcEvent.o,
by_pc,2147488696,2,4,8,10,2,2,0,0,0,xTraceEventCreate2,/Users/swchen.tw/git/percepio/poc/runs/tcp-workload-matrix-v1/A03-baseline/build/trcEvent.o,
by_pc,2147488698,2,2,4,6,2,0,0,0,0,xTraceEventCreate2,/Users/swchen.tw/git/percepio/poc/runs/tcp-workload-matrix-v1/A03-baseline/build/trcEvent.o,
by_pc,2147488700,2,2,4,6,2,0,0,0,0,xTraceEventCreate2,/Users/swchen.tw/git/percepio/poc/runs/tcp-workload-matrix-v1/A03-baseline/build/trcEvent.o,
by_pc,2147488702,2,2,4,6,2,0,0,0,0,xTraceEventCreate2,/Users/swchen.tw/git/percepio/poc/runs/tcp-workload-matrix-v1/A03-baseline/build/trcEvent.o,
by_pc,2147488704,2,28,56,58,2,0,8,18,0,xTraceEventCreate2,/Users/swchen.tw/git/percepio/poc/runs/tcp-workload-matrix-v1/A03-baseline/build/trcEvent.o,
by_pc,2147488706,2,2,4,6,2,0,0,0,0,xTraceEventCreate2,/Users/swchen.tw/git/percepio/poc/runs/tcp-workload-matrix-v1/A03-baseline/build/trcEvent.o,
by_pc,2147488708,2,42,84,86,2,2,16,0,22,xTraceEventCreate2,/Users/swchen.tw/git/percepio/poc/runs/tcp-workload-matrix-v1/A03-baseline/build/trcEvent.o,
by_pc,2147488712,2,4,8,10,2,2,0,0,0,xTraceEventCreate2,/Users/swchen.tw/git/percepio/poc/runs/tcp-workload-matrix-v1/A03-baseline/build/trcEvent.o,
by_pc,2147488714,2,4,8,10,2,2,0,0,0,xTraceEventCreate2,/Users/swchen.tw/git/percepio/poc/runs/tcp-workload-matrix-v1/A03-baseline/build/trcEvent.o,
by_pc,2147488716,2,42,84,86,2,2,16,0,22,xTraceEventCreate2,/Users/swchen.tw/git/percepio/poc/runs/tcp-workload-matrix-v1/A03-baseline/build/trcEvent.o,
by_pc,2147488720,2,2,4,6,2,0,0,0,0,xTraceEventCreate2,/Users/swchen.tw/git/percepio/poc/runs/tcp-workload-matrix-v1/A03-baseline/build/trcEvent.o,
by_pc,2147488724,2,4,8,10,2,2,0,0,0,xTraceEventCreate2,/Users/swchen.tw/git/percepio/poc/runs/tcp-workload-matrix-v1/A03-baseline/build/trcEvent.o,
by_pc,2147488728,2,42,84,86,2,2,16,0,22,xTraceEventCreate2,/Users/swchen.tw/git/percepio/poc/runs/tcp-workload-matrix-v1/A03-baseline/build/trcEvent.o,
by_pc,2147488730,2,4,8,10,2,2,0,0,0,xTraceEventCreate2,/Users/swchen.tw/git/percepio/poc/runs/tcp-workload-matrix-v1/A03-baseline/build/trcEvent.o,
by_pc,2147488732,2,2,4,6,2,0,0,0,0,xTraceEventCreate2,/Users/swchen.tw/git/percepio/poc/runs/tcp-workload-matrix-v1/A03-baseline/build/trcEvent.o,
by_pc,2147488742,2,4,8,10,2,2,0,0,0,xTraceEventCreate2,/Users/swchen.tw/git/percepio/poc/runs/tcp-workload-matrix-v1/A03-baseline/build/trcEvent.o,
by_pc,2147488744,2,2,4,6,2,0,0,0,0,xTraceEventCreate2,/Users/swchen.tw/git/percepio/poc/runs/tcp-workload-matrix-v1/A03-baseline/build/trcEvent.o,
by_pc,2147488746,2,2,4,6,2,0,0,0,0,xTraceEventCreate2,/Users/swchen.tw/git/percepio/poc/runs/tcp-workload-matrix-v1/A03-baseline/build/trcEvent.o,
by_pc,2147488748,2,42,84,86,2,2,16,0,22,xTraceEventCreate2,/Users/swchen.tw/git/percepio/poc/runs/tcp-workload-matrix-v1/A03-baseline/build/trcEvent.o,
by_pc,2147488750,2,2,4,6,2,0,0,0,0,xTraceEventCreate2,/Users/swchen.tw/git/percepio/poc/runs/tcp-workload-matrix-v1/A03-baseline/build/trcEvent.o,
by_pc,2147488752,2,42,84,86,2,2,16,0,22,xTraceEventCreate2,/Users/swchen.tw/git/percepio/poc/runs/tcp-workload-matrix-v1/A03-baseline/build/trcEvent.o,
by_pc,2147488756,2,42,84,86,2,2,16,0,22,xTraceEventCreate2,/Users/swchen.tw/git/percepio/poc/runs/tcp-workload-matrix-v1/A03-baseline/build/trcEvent.o,
by_pc,2147488758,2,2,4,6,2,0,0,0,0,xTraceEventCreate2,/Users/swchen.tw/git/percepio/poc/runs/tcp-workload-matrix-v1/A03-baseline/build/trcEvent.o,
by_pc,2147488760,2,2,4,6,2,0,0,0,0,xTraceEventCreate2,/Users/swchen.tw/git/percepio/poc/runs/tcp-workload-matrix-v1/A03-baseline/build/trcEvent.o,
by_pc,2147488764,2,2,4,6,2,0,0,0,0,xTraceEventCreate2,/Users/swchen.tw/git/percepio/poc/runs/tcp-workload-matrix-v1/A03-baseline/build/trcEvent.o,
by_pc,2147488766,2,2,4,6,2,0,0,0,0,xTraceEventCreate2,/Users/swchen.tw/git/percepio/poc/runs/tcp-workload-matrix-v1/A03-baseline/build/trcEvent.o,
by_pc,2147488768,2,28,56,58,2,0,8,18,0,xTraceEventCreate2,/Users/swchen.tw/git/percepio/poc/runs/tcp-workload-matrix-v1/A03-baseline/build/trcEvent.o,
by_pc,2147488770,2,4,8,10,2,2,0,0,0,xTraceEventCreate2,/Users/swchen.tw/git/percepio/poc/runs/tcp-workload-matrix-v1/A03-baseline/build/trcEvent.o,
by_pc,2147488772,2,4,8,10,2,2,0,0,0,xTraceEventCreate2,/Users/swchen.tw/git/percepio/poc/runs/tcp-workload-matrix-v1/A03-baseline/build/trcEvent.o,
by_pc,2147488774,2,4,8,10,2,2,0,0,0,xTraceEventCreate2,/Users/swchen.tw/git/percepio/poc/runs/tcp-workload-matrix-v1/A03-baseline/build/trcEvent.o,
by_pc,2147488776,2,4,8,10,2,2,0,0,0,xTraceEventCreate2,/Users/swchen.tw/git/percepio/poc/runs/tcp-workload-matrix-v1/A03-baseline/build/trcEvent.o,
by_pc,2147488778,2,4,8,10,2,2,0,0,0,xTraceEventCreate2,/Users/swchen.tw/git/percepio/poc/runs/tcp-workload-matrix-v1/A03-baseline/build/trcEvent.o,
by_pc,2147488780,2,2,4,6,2,0,0,0,0,xTraceEventCreate2,/Users/swchen.tw/git/percepio/poc/runs/tcp-workload-matrix-v1/A03-baseline/build/trcEvent.o,
by_pc,2147488782,2,2,4,6,2,0,0,0,0,xTraceEventCreate2,/Users/swchen.tw/git/percepio/poc/runs/tcp-workload-matrix-v1/A03-baseline/build/trcEvent.o,
by_pc,2147488784,2,2,4,6,2,0,0,0,0,xTraceEventCreate2,/Users/swchen.tw/git/percepio/poc/runs/tcp-workload-matrix-v1/A03-baseline/build/trcEvent.o,
by_pc,2147493184,2,30,60,62,2,2,8,18,0,xTraceTaskSwitch,/Users/swchen.tw/git/percepio/poc/runs/tcp-workload-matrix-v1/A03-baseline/build/trcTask.o,
by_pc,2147493186,2,2,4,6,2,0,0,0,0,xTraceTaskSwitch,/Users/swchen.tw/git/percepio/poc/runs/tcp-workload-matrix-v1/A03-baseline/build/trcTask.o,
by_pc,2147493188,2,42,84,86,2,2,16,0,22,xTraceTaskSwitch,/Users/swchen.tw/git/percepio/poc/runs/tcp-workload-matrix-v1/A03-baseline/build/trcTask.o,
by_pc,2147493190,2,2,4,6,2,0,0,0,0,xTraceTaskSwitch,/Users/swchen.tw/git/percepio/poc/runs/tcp-workload-matrix-v1/A03-baseline/build/trcTask.o,
by_pc,2147493198,2,2,4,6,2,0,0,0,0,xTraceTaskSwitch,/Users/swchen.tw/git/percepio/poc/runs/tcp-workload-matrix-v1/A03-baseline/build/trcTask.o,
by_pc,2147493202,2,2,4,6,2,0,0,0,0,xTraceTaskSwitch,/Users/swchen.tw/git/percepio/poc/runs/tcp-workload-matrix-v1/A03-baseline/build/trcTask.o,
by_pc,2147493148,2,4,8,10,2,2,0,0,0,xTraceTaskSwitch,/Users/swchen.tw/git/percepio/poc/runs/tcp-workload-matrix-v1/A03-baseline/build/trcTask.o,
by_pc,2147493150,2,4,8,10,2,2,0,0,0,xTraceTaskSwitch,/Users/swchen.tw/git/percepio/poc/runs/tcp-workload-matrix-v1/A03-baseline/build/trcTask.o,
by_pc,2147493152,2,4,8,10,2,2,0,0,0,xTraceTaskSwitch,/Users/swchen.tw/git/percepio/poc/runs/tcp-workload-matrix-v1/A03-baseline/build/trcTask.o,
by_pc,2147493154,2,2,4,6,2,0,0,0,0,xTraceTaskSwitch,/Users/swchen.tw/git/percepio/poc/runs/tcp-workload-matrix-v1/A03-baseline/build/trcTask.o,
by_pc,2147493156,2,2,4,6,2,0,0,0,0,xTraceTaskSwitch,/Users/swchen.tw/git/percepio/poc/runs/tcp-workload-matrix-v1/A03-baseline/build/trcTask.o,
by_pc,2147486042,2,4,8,10,2,2,0,0,0,vTaskSwitchContext,/Users/swchen.tw/git/percepio/poc/runs/tcp-workload-matrix-v1/A03-baseline/build/tasks.o,
by_pc,2147486044,2,4,8,10,2,2,0,0,0,vTaskSwitchContext,/Users/swchen.tw/git/percepio/poc/runs/tcp-workload-matrix-v1/A03-baseline/build/tasks.o,
by_pc,2147486046,2,4,8,10,2,2,0,0,0,vTaskSwitchContext,/Users/swchen.tw/git/percepio/poc/runs/tcp-workload-matrix-v1/A03-baseline/build/tasks.o,
by_pc,2147486048,2,4,8,10,2,2,0,0,0,vTaskSwitchContext,/Users/swchen.tw/git/percepio/poc/runs/tcp-workload-matrix-v1/A03-baseline/build/tasks.o,
by_pc,2147486050,2,4,8,10,2,2,0,0,0,vTaskSwitchContext,/Users/swchen.tw/git/percepio/poc/runs/tcp-workload-matrix-v1/A03-baseline/build/tasks.o,
by_pc,2147486052,2,2,4,6,2,0,0,0,0,vTaskSwitchContext,/Users/swchen.tw/git/percepio/poc/runs/tcp-workload-matrix-v1/A03-baseline/build/tasks.o,
by_pc,2147486054,2,2,4,6,2,0,0,0,0,vTaskSwitchContext,/Users/swchen.tw/git/percepio/poc/runs/tcp-workload-matrix-v1/A03-baseline/build/tasks.o,
by_pc,2147519410,1,1,2,3,1,0,0,0,0,unresolved@/Users/swchen.tw/git/percepio/poc/runs/tcp-workload-matrix-v1/A03-baseline/build/portASM.o:2147519232,/Users/swchen.tw/git/percepio/poc/runs/tcp-workload-matrix-v1/A03-baseline/build/portASM.o,
by_pc,2147485864,1,2,4,5,1,1,0,0,0,vTaskDelay,/Users/swchen.tw/git/percepio/poc/runs/tcp-workload-matrix-v1/A03-baseline/build/tasks.o,
by_pc,2147485866,1,2,4,5,1,1,0,0,0,vTaskDelay,/Users/swchen.tw/git/percepio/poc/runs/tcp-workload-matrix-v1/A03-baseline/build/tasks.o,
by_pc,2147485868,1,1,2,3,1,0,0,0,0,vTaskDelay,/Users/swchen.tw/git/percepio/poc/runs/tcp-workload-matrix-v1/A03-baseline/build/tasks.o,
by_pc,2147485870,1,1,2,3,1,0,0,0,0,vTaskDelay,/Users/swchen.tw/git/percepio/poc/runs/tcp-workload-matrix-v1/A03-baseline/build/tasks.o,
by_pc,2147496012,1,27,54,55,1,0,8,18,0,timing_observer,/Users/swchen.tw/git/percepio/poc/runs/tcp-workload-matrix-v1/A03-baseline/build/tcp_request_response_irq.o,
by_pc,2147484998,1,2,4,5,1,1,0,0,0,xTaskGetTickCount,/Users/swchen.tw/git/percepio/poc/runs/tcp-workload-matrix-v1/A03-baseline/build/tasks.o,
by_pc,2147485002,1,1,2,3,1,0,0,0,0,xTaskGetTickCount,/Users/swchen.tw/git/percepio/poc/runs/tcp-workload-matrix-v1/A03-baseline/build/tasks.o,
by_pc,2147496016,1,21,42,43,1,1,8,0,11,timing_observer,/Users/swchen.tw/git/percepio/poc/runs/tcp-workload-matrix-v1/A03-baseline/build/tcp_request_response_irq.o,
by_pc,2147496020,1,1,2,3,1,0,0,0,0,timing_observer,/Users/swchen.tw/git/percepio/poc/runs/tcp-workload-matrix-v1/A03-baseline/build/tcp_request_response_irq.o,
by_pc,2147496024,1,21,42,43,1,1,8,0,11,timing_observer,/Users/swchen.tw/git/percepio/poc/runs/tcp-workload-matrix-v1/A03-baseline/build/tcp_request_response_irq.o,
by_pc,2147496028,1,1,2,3,1,0,0,0,0,timing_observer,/Users/swchen.tw/git/percepio/poc/runs/tcp-workload-matrix-v1/A03-baseline/build/tcp_request_response_irq.o,
by_pc,2147496030,1,21,42,43,1,1,8,0,11,timing_observer,/Users/swchen.tw/git/percepio/poc/runs/tcp-workload-matrix-v1/A03-baseline/build/tcp_request_response_irq.o,
by_pc,2147496034,1,2,4,5,1,1,0,0,0,timing_observer,/Users/swchen.tw/git/percepio/poc/runs/tcp-workload-matrix-v1/A03-baseline/build/tcp_request_response_irq.o,
by_pc,2147496038,1,1,2,3,1,0,0,0,0,timing_observer,/Users/swchen.tw/git/percepio/poc/runs/tcp-workload-matrix-v1/A03-baseline/build/tcp_request_response_irq.o,
by_pc,2147496042,1,1,2,3,1,0,0,0,0,timing_observer,/Users/swchen.tw/git/percepio/poc/runs/tcp-workload-matrix-v1/A03-baseline/build/tcp_request_response_irq.o,
by_pc,2147496046,1,1,2,3,1,0,0,0,0,timing_observer,/Users/swchen.tw/git/percepio/poc/runs/tcp-workload-matrix-v1/A03-baseline/build/tcp_request_response_irq.o,
by_pc,2147493908,1,27,54,55,1,0,8,18,0,poc_mark,/Users/swchen.tw/git/percepio/poc/runs/tcp-workload-matrix-v1/A03-baseline/build/main.o,
by_pc,2147493910,1,21,42,43,1,1,8,0,11,poc_mark,/Users/swchen.tw/git/percepio/poc/runs/tcp-workload-matrix-v1/A03-baseline/build/main.o,
by_pc,2147493912,1,21,42,43,1,1,8,0,11,poc_mark,/Users/swchen.tw/git/percepio/poc/runs/tcp-workload-matrix-v1/A03-baseline/build/main.o,
by_pc,2147493914,1,21,42,43,1,1,8,0,11,poc_mark,/Users/swchen.tw/git/percepio/poc/runs/tcp-workload-matrix-v1/A03-baseline/build/main.o,
by_pc,2147493916,1,1,2,3,1,0,0,0,0,poc_mark,/Users/swchen.tw/git/percepio/poc/runs/tcp-workload-matrix-v1/A03-baseline/build/main.o,
by_pc,2147493918,1,1,2,3,1,0,0,0,0,poc_mark,/Users/swchen.tw/git/percepio/poc/runs/tcp-workload-matrix-v1/A03-baseline/build/main.o,
by_pc,2147494034,1,27,54,55,1,0,8,18,0,poc_oracle_record,/Users/swchen.tw/git/percepio/poc/runs/tcp-workload-matrix-v1/A03-baseline/build/oracle.o,
by_pc,2147494036,1,21,42,43,1,1,8,0,11,poc_oracle_record,/Users/swchen.tw/git/percepio/poc/runs/tcp-workload-matrix-v1/A03-baseline/build/oracle.o,
by_pc,2147494038,1,21,42,43,1,1,8,0,11,poc_oracle_record,/Users/swchen.tw/git/percepio/poc/runs/tcp-workload-matrix-v1/A03-baseline/build/oracle.o,
by_pc,2147494040,1,21,42,43,1,1,8,0,11,poc_oracle_record,/Users/swchen.tw/git/percepio/poc/runs/tcp-workload-matrix-v1/A03-baseline/build/oracle.o,
by_pc,2147494042,1,21,42,43,1,1,8,0,11,poc_oracle_record,/Users/swchen.tw/git/percepio/poc/runs/tcp-workload-matrix-v1/A03-baseline/build/oracle.o,
by_pc,2147494044,1,21,42,43,1,1,8,0,11,poc_oracle_record,/Users/swchen.tw/git/percepio/poc/runs/tcp-workload-matrix-v1/A03-baseline/build/oracle.o,
by_pc,2147494046,1,1,2,3,1,0,0,0,0,poc_oracle_record,/Users/swchen.tw/git/percepio/poc/runs/tcp-workload-matrix-v1/A03-baseline/build/oracle.o,
by_pc,2147494050,1,2,4,5,1,1,0,0,0,poc_oracle_record,/Users/swchen.tw/git/percepio/poc/runs/tcp-workload-matrix-v1/A03-baseline/build/oracle.o,
by_pc,2147494052,1,1,2,3,1,0,0,0,0,poc_oracle_record,/Users/swchen.tw/git/percepio/poc/runs/tcp-workload-matrix-v1/A03-baseline/build/oracle.o,
by_pc,2147494056,1,1,2,3,1,0,0,0,0,poc_oracle_record,/Users/swchen.tw/git/percepio/poc/runs/tcp-workload-matrix-v1/A03-baseline/build/oracle.o,
by_pc,2147494058,1,1,2,3,1,0,0,0,0,poc_oracle_record,/Users/swchen.tw/git/percepio/poc/runs/tcp-workload-matrix-v1/A03-baseline/build/oracle.o,
by_pc,2147494060,1,1,2,3,1,0,0,0,0,poc_oracle_record,/Users/swchen.tw/git/percepio/poc/runs/tcp-workload-matrix-v1/A03-baseline/build/oracle.o,
by_pc,2147494078,1,2,4,5,1,1,0,0,0,poc_oracle_record,/Users/swchen.tw/git/percepio/poc/runs/tcp-workload-matrix-v1/A03-baseline/build/oracle.o,
by_pc,2147494080,1,27,54,55,1,0,8,18,0,poc_oracle_record,/Users/swchen.tw/git/percepio/poc/runs/tcp-workload-matrix-v1/A03-baseline/build/oracle.o,
by_pc,2147494084,1,21,42,43,1,1,8,0,11,poc_oracle_record,/Users/swchen.tw/git/percepio/poc/runs/tcp-workload-matrix-v1/A03-baseline/build/oracle.o,
by_pc,2147494086,1,1,2,3,1,0,0,0,0,poc_oracle_record,/Users/swchen.tw/git/percepio/poc/runs/tcp-workload-matrix-v1/A03-baseline/build/oracle.o,
by_pc,2147494090,1,1,2,3,1,0,0,0,0,poc_oracle_record,/Users/swchen.tw/git/percepio/poc/runs/tcp-workload-matrix-v1/A03-baseline/build/oracle.o,
by_pc,2147494092,1,1,2,3,1,0,0,0,0,poc_oracle_record,/Users/swchen.tw/git/percepio/poc/runs/tcp-workload-matrix-v1/A03-baseline/build/oracle.o,
by_pc,2147494096,1,1,2,3,1,0,0,0,0,poc_oracle_record,/Users/swchen.tw/git/percepio/poc/runs/tcp-workload-matrix-v1/A03-baseline/build/oracle.o,
by_pc,2147494100,1,1,2,3,1,0,0,0,0,poc_oracle_record,/Users/swchen.tw/git/percepio/poc/runs/tcp-workload-matrix-v1/A03-baseline/build/oracle.o,
by_pc,2147494104,1,1,2,3,1,0,0,0,0,poc_oracle_record,/Users/swchen.tw/git/percepio/poc/runs/tcp-workload-matrix-v1/A03-baseline/build/oracle.o,
by_pc,2147494106,1,39,78,79,1,1,8,18,11,poc_oracle_record,/Users/swchen.tw/git/percepio/poc/runs/tcp-workload-matrix-v1/A03-baseline/build/oracle.o,
by_pc,2147494110,1,21,42,43,1,1,8,0,11,poc_oracle_record,/Users/swchen.tw/git/percepio/poc/runs/tcp-workload-matrix-v1/A03-baseline/build/oracle.o,
by_pc,2147494114,1,21,42,43,1,1,8,0,11,poc_oracle_record,/Users/swchen.tw/git/percepio/poc/runs/tcp-workload-matrix-v1/A03-baseline/build/oracle.o,
by_pc,2147494116,1,2,4,5,1,1,0,0,0,poc_oracle_record,/Users/swchen.tw/git/percepio/poc/runs/tcp-workload-matrix-v1/A03-baseline/build/oracle.o,
by_pc,2147494118,1,2,4,5,1,1,0,0,0,poc_oracle_record,/Users/swchen.tw/git/percepio/poc/runs/tcp-workload-matrix-v1/A03-baseline/build/oracle.o,
by_pc,2147494120,1,2,4,5,1,1,0,0,0,poc_oracle_record,/Users/swchen.tw/git/percepio/poc/runs/tcp-workload-matrix-v1/A03-baseline/build/oracle.o,
by_pc,2147494122,1,2,4,5,1,1,0,0,0,poc_oracle_record,/Users/swchen.tw/git/percepio/poc/runs/tcp-workload-matrix-v1/A03-baseline/build/oracle.o,
by_pc,2147494124,1,2,4,5,1,1,0,0,0,poc_oracle_record,/Users/swchen.tw/git/percepio/poc/runs/tcp-workload-matrix-v1/A03-baseline/build/oracle.o,
by_pc,2147494126,1,1,2,3,1,0,0,0,0,poc_oracle_record,/Users/swchen.tw/git/percepio/poc/runs/tcp-workload-matrix-v1/A03-baseline/build/oracle.o,
by_pc,2147494128,1,1,2,3,1,0,0,0,0,poc_oracle_record,/Users/swchen.tw/git/percepio/poc/runs/tcp-workload-matrix-v1/A03-baseline/build/oracle.o,
by_pc,2147493920,1,2,4,5,1,1,0,0,0,poc_mark,/Users/swchen.tw/git/percepio/poc/runs/tcp-workload-matrix-v1/A03-baseline/build/main.o,
by_pc,2147493922,1,1,2,3,1,0,0,0,0,poc_mark,/Users/swchen.tw/git/percepio/poc/runs/tcp-workload-matrix-v1/A03-baseline/build/main.o,
by_pc,2147493926,1,1,2,3,1,0,0,0,0,poc_mark,/Users/swchen.tw/git/percepio/poc/runs/tcp-workload-matrix-v1/A03-baseline/build/main.o,
by_pc,2147493930,1,1,2,3,1,0,0,0,0,poc_mark,/Users/swchen.tw/git/percepio/poc/runs/tcp-workload-matrix-v1/A03-baseline/build/main.o,
by_pc,2147493934,1,1,2,3,1,0,0,0,0,poc_mark,/Users/swchen.tw/git/percepio/poc/runs/tcp-workload-matrix-v1/A03-baseline/build/main.o,
by_pc,2147493938,1,1,2,3,1,0,0,0,0,poc_mark,/Users/swchen.tw/git/percepio/poc/runs/tcp-workload-matrix-v1/A03-baseline/build/main.o,
by_pc,2147493942,1,1,2,3,1,0,0,0,0,poc_mark,/Users/swchen.tw/git/percepio/poc/runs/tcp-workload-matrix-v1/A03-baseline/build/main.o,
by_pc,2147493944,1,1,2,3,1,0,0,0,0,poc_mark,/Users/swchen.tw/git/percepio/poc/runs/tcp-workload-matrix-v1/A03-baseline/build/main.o,
by_pc,2147519808,1,27,54,55,1,0,8,18,0,sniprintf,/Users/swchen.tw/git/percepio/poc/.tools/xpack-riscv-none-elf-gcc-15.2.0-1/bin/../lib/gcc/riscv-none-elf/15.2.0/../../../../riscv-none-elf/lib/libg_nano.a(libc_a-snprintf.o),
by_pc,2147519810,1,21,42,43,1,1,8,0,11,sniprintf,/Users/swchen.tw/git/percepio/poc/.tools/xpack-riscv-none-elf-gcc-15.2.0-1/bin/../lib/gcc/riscv-none-elf/15.2.0/../../../../riscv-none-elf/lib/libg_nano.a(libc_a-snprintf.o),
by_pc,2147519812,1,21,42,43,1,1,8,0,11,sniprintf,/Users/swchen.tw/git/percepio/poc/.tools/xpack-riscv-none-elf-gcc-15.2.0-1/bin/../lib/gcc/riscv-none-elf/15.2.0/../../../../riscv-none-elf/lib/libg_nano.a(libc_a-snprintf.o),
by_pc,2147519814,1,21,42,43,1,1,8,0,11,sniprintf,/Users/swchen.tw/git/percepio/poc/.tools/xpack-riscv-none-elf-gcc-15.2.0-1/bin/../lib/gcc/riscv-none-elf/15.2.0/../../../../riscv-none-elf/lib/libg_nano.a(libc_a-snprintf.o),
by_pc,2147519816,1,21,42,43,1,1,8,0,11,sniprintf,/Users/swchen.tw/git/percepio/poc/.tools/xpack-riscv-none-elf-gcc-15.2.0-1/bin/../lib/gcc/riscv-none-elf/15.2.0/../../../../riscv-none-elf/lib/libg_nano.a(libc_a-snprintf.o),
by_pc,2147519818,1,21,42,43,1,1,8,0,11,sniprintf,/Users/swchen.tw/git/percepio/poc/.tools/xpack-riscv-none-elf-gcc-15.2.0-1/bin/../lib/gcc/riscv-none-elf/15.2.0/../../../../riscv-none-elf/lib/libg_nano.a(libc_a-snprintf.o),
by_pc,2147519820,1,21,42,43,1,1,8,0,11,sniprintf,/Users/swchen.tw/git/percepio/poc/.tools/xpack-riscv-none-elf-gcc-15.2.0-1/bin/../lib/gcc/riscv-none-elf/15.2.0/../../../../riscv-none-elf/lib/libg_nano.a(libc_a-snprintf.o),
by_pc,2147519822,1,21,42,43,1,1,8,0,11,sniprintf,/Users/swchen.tw/git/percepio/poc/.tools/xpack-riscv-none-elf-gcc-15.2.0-1/bin/../lib/gcc/riscv-none-elf/15.2.0/../../../../riscv-none-elf/lib/libg_nano.a(libc_a-snprintf.o),
by_pc,2147519824,1,21,42,43,1,1,8,0,11,sniprintf,/Users/swchen.tw/git/percepio/poc/.tools/xpack-riscv-none-elf-gcc-15.2.0-1/bin/../lib/gcc/riscv-none-elf/15.2.0/../../../../riscv-none-elf/lib/libg_nano.a(libc_a-snprintf.o),
by_pc,2147519826,1,2,4,5,1,1,0,0,0,sniprintf,/Users/swchen.tw/git/percepio/poc/.tools/xpack-riscv-none-elf-gcc-15.2.0-1/bin/../lib/gcc/riscv-none-elf/15.2.0/../../../../riscv-none-elf/lib/libg_nano.a(libc_a-snprintf.o),
by_pc,2147519830,1,1,2,3,1,0,0,0,0,sniprintf,/Users/swchen.tw/git/percepio/poc/.tools/xpack-riscv-none-elf-gcc-15.2.0-1/bin/../lib/gcc/riscv-none-elf/15.2.0/../../../../riscv-none-elf/lib/libg_nano.a(libc_a-snprintf.o),
by_pc,2147519852,1,1,2,3,1,0,0,0,0,sniprintf,/Users/swchen.tw/git/percepio/poc/.tools/xpack-riscv-none-elf-gcc-15.2.0-1/bin/../lib/gcc/riscv-none-elf/15.2.0/../../../../riscv-none-elf/lib/libg_nano.a(libc_a-snprintf.o),
by_pc,2147519856,1,1,2,3,1,0,0,0,0,sniprintf,/Users/swchen.tw/git/percepio/poc/.tools/xpack-riscv-none-elf-gcc-15.2.0-1/bin/../lib/gcc/riscv-none-elf/15.2.0/../../../../riscv-none-elf/lib/libg_nano.a(libc_a-snprintf.o),
by_pc,2147519860,1,39,78,79,1,1,8,18,11,sniprintf,/Users/swchen.tw/git/percepio/poc/.tools/xpack-riscv-none-elf-gcc-15.2.0-1/bin/../lib/gcc/riscv-none-elf/15.2.0/../../../../riscv-none-elf/lib/libg_nano.a(libc_a-snprintf.o),
by_pc,2147519862,1,21,42,43,1,1,8,0,11,sniprintf,/Users/swchen.tw/git/percepio/poc/.tools/xpack-riscv-none-elf-gcc-15.2.0-1/bin/../lib/gcc/riscv-none-elf/15.2.0/../../../../riscv-none-elf/lib/libg_nano.a(libc_a-snprintf.o),
by_pc,2147519864,1,1,2,3,1,0,0,0,0,sniprintf,/Users/swchen.tw/git/percepio/poc/.tools/xpack-riscv-none-elf-gcc-15.2.0-1/bin/../lib/gcc/riscv-none-elf/15.2.0/../../../../riscv-none-elf/lib/libg_nano.a(libc_a-snprintf.o),
by_pc,2147519866,1,1,2,3,1,0,0,0,0,sniprintf,/Users/swchen.tw/git/percepio/poc/.tools/xpack-riscv-none-elf-gcc-15.2.0-1/bin/../lib/gcc/riscv-none-elf/15.2.0/../../../../riscv-none-elf/lib/libg_nano.a(libc_a-snprintf.o),
by_pc,2147519870,1,21,42,43,1,1,8,0,11,sniprintf,/Users/swchen.tw/git/percepio/poc/.tools/xpack-riscv-none-elf-gcc-15.2.0-1/bin/../lib/gcc/riscv-none-elf/15.2.0/../../../../riscv-none-elf/lib/libg_nano.a(libc_a-snprintf.o),
by_pc,2147519872,1,47,94,95,1,1,16,18,11,sniprintf,/Users/swchen.tw/git/percepio/poc/.tools/xpack-riscv-none-elf-gcc-15.2.0-1/bin/../lib/gcc/riscv-none-elf/15.2.0/../../../../riscv-none-elf/lib/libg_nano.a(libc_a-snprintf.o),
by_pc,2147519874,1,1,2,3,1,0,0,0,0,sniprintf,/Users/swchen.tw/git/percepio/poc/.tools/xpack-riscv-none-elf-gcc-15.2.0-1/bin/../lib/gcc/riscv-none-elf/15.2.0/../../../../riscv-none-elf/lib/libg_nano.a(libc_a-snprintf.o),
by_pc,2147519876,1,1,2,3,1,0,0,0,0,sniprintf,/Users/swchen.tw/git/percepio/poc/.tools/xpack-riscv-none-elf-gcc-15.2.0-1/bin/../lib/gcc/riscv-none-elf/15.2.0/../../../../riscv-none-elf/lib/libg_nano.a(libc_a-snprintf.o),
by_pc,2147519878,1,1,2,3,1,0,0,0,0,sniprintf,/Users/swchen.tw/git/percepio/poc/.tools/xpack-riscv-none-elf-gcc-15.2.0-1/bin/../lib/gcc/riscv-none-elf/15.2.0/../../../../riscv-none-elf/lib/libg_nano.a(libc_a-snprintf.o),
by_pc,2147519880,1,1,2,3,1,0,0,0,0,sniprintf,/Users/swchen.tw/git/percepio/poc/.tools/xpack-riscv-none-elf-gcc-15.2.0-1/bin/../lib/gcc/riscv-none-elf/15.2.0/../../../../riscv-none-elf/lib/libg_nano.a(libc_a-snprintf.o),
by_pc,2147519882,1,21,42,43,1,1,8,0,11,sniprintf,/Users/swchen.tw/git/percepio/poc/.tools/xpack-riscv-none-elf-gcc-15.2.0-1/bin/../lib/gcc/riscv-none-elf/15.2.0/../../../../riscv-none-elf/lib/libg_nano.a(libc_a-snprintf.o),
by_pc,2147519884,1,39,78,79,1,1,8,18,11,sniprintf,/Users/swchen.tw/git/percepio/poc/.tools/xpack-riscv-none-elf-gcc-15.2.0-1/bin/../lib/gcc/riscv-none-elf/15.2.0/../../../../riscv-none-elf/lib/libg_nano.a(libc_a-snprintf.o),
by_pc,2147519886,1,21,42,43,1,1,8,0,11,sniprintf,/Users/swchen.tw/git/percepio/poc/.tools/xpack-riscv-none-elf-gcc-15.2.0-1/bin/../lib/gcc/riscv-none-elf/15.2.0/../../../../riscv-none-elf/lib/libg_nano.a(libc_a-snprintf.o),
by_pc,2147519888,1,1,2,3,1,0,0,0,0,sniprintf,/Users/swchen.tw/git/percepio/poc/.tools/xpack-riscv-none-elf-gcc-15.2.0-1/bin/../lib/gcc/riscv-none-elf/15.2.0/../../../../riscv-none-elf/lib/libg_nano.a(libc_a-snprintf.o),
by_pc,2147520418,1,28,56,57,1,1,8,18,0,_svfiprintf_r,/Users/swchen.tw/git/percepio/poc/.tools/xpack-riscv-none-elf-gcc-15.2.0-1/bin/../lib/gcc/riscv-none-elf/15.2.0/../../../../riscv-none-elf/lib/libg_nano.a(libc_a-nano-svfprintf.o),
by_pc,2147520422,1,1,2,3,1,0,0,0,0,_svfiprintf_r,/Users/swchen.tw/git/percepio/poc/.tools/xpack-riscv-none-elf-gcc-15.2.0-1/bin/../lib/gcc/riscv-none-elf/15.2.0/../../../../riscv-none-elf/lib/libg_nano.a(libc_a-nano-svfprintf.o),
by_pc,2147520424,1,21,42,43,1,1,8,0,11,_svfiprintf_r,/Users/swchen.tw/git/percepio/poc/.tools/xpack-riscv-none-elf-gcc-15.2.0-1/bin/../lib/gcc/riscv-none-elf/15.2.0/../../../../riscv-none-elf/lib/libg_nano.a(libc_a-nano-svfprintf.o),
by_pc,2147520426,1,39,78,79,1,1,8,18,11,_svfiprintf_r,/Users/swchen.tw/git/percepio/poc/.tools/xpack-riscv-none-elf-gcc-15.2.0-1/bin/../lib/gcc/riscv-none-elf/15.2.0/../../../../riscv-none-elf/lib/libg_nano.a(libc_a-nano-svfprintf.o),
by_pc,2147520428,1,21,42,43,1,1,8,0,11,_svfiprintf_r,/Users/swchen.tw/git/percepio/poc/.tools/xpack-riscv-none-elf-gcc-15.2.0-1/bin/../lib/gcc/riscv-none-elf/15.2.0/../../../../riscv-none-elf/lib/libg_nano.a(libc_a-nano-svfprintf.o),
by_pc,2147520430,1,21,42,43,1,1,8,0,11,_svfiprintf_r,/Users/swchen.tw/git/percepio/poc/.tools/xpack-riscv-none-elf-gcc-15.2.0-1/bin/../lib/gcc/riscv-none-elf/15.2.0/../../../../riscv-none-elf/lib/libg_nano.a(libc_a-nano-svfprintf.o),
by_pc,2147520432,1,21,42,43,1,1,8,0,11,_svfiprintf_r,/Users/swchen.tw/git/percepio/poc/.tools/xpack-riscv-none-elf-gcc-15.2.0-1/bin/../lib/gcc/riscv-none-elf/15.2.0/../../../../riscv-none-elf/lib/libg_nano.a(libc_a-nano-svfprintf.o),
by_pc,2147520434,1,21,42,43,1,1,8,0,11,_svfiprintf_r,/Users/swchen.tw/git/percepio/poc/.tools/xpack-riscv-none-elf-gcc-15.2.0-1/bin/../lib/gcc/riscv-none-elf/15.2.0/../../../../riscv-none-elf/lib/libg_nano.a(libc_a-nano-svfprintf.o),
by_pc,2147520436,1,21,42,43,1,1,8,0,11,_svfiprintf_r,/Users/swchen.tw/git/percepio/poc/.tools/xpack-riscv-none-elf-gcc-15.2.0-1/bin/../lib/gcc/riscv-none-elf/15.2.0/../../../../riscv-none-elf/lib/libg_nano.a(libc_a-nano-svfprintf.o),
by_pc,2147520438,1,21,42,43,1,1,8,0,11,_svfiprintf_r,/Users/swchen.tw/git/percepio/poc/.tools/xpack-riscv-none-elf-gcc-15.2.0-1/bin/../lib/gcc/riscv-none-elf/15.2.0/../../../../riscv-none-elf/lib/libg_nano.a(libc_a-nano-svfprintf.o),
by_pc,2147520440,1,21,42,43,1,1,8,0,11,_svfiprintf_r,/Users/swchen.tw/git/percepio/poc/.tools/xpack-riscv-none-elf-gcc-15.2.0-1/bin/../lib/gcc/riscv-none-elf/15.2.0/../../../../riscv-none-elf/lib/libg_nano.a(libc_a-nano-svfprintf.o),
by_pc,2147520442,1,21,42,43,1,1,8,0,11,_svfiprintf_r,/Users/swchen.tw/git/percepio/poc/.tools/xpack-riscv-none-elf-gcc-15.2.0-1/bin/../lib/gcc/riscv-none-elf/15.2.0/../../../../riscv-none-elf/lib/libg_nano.a(libc_a-nano-svfprintf.o),
by_pc,2147520444,1,1,2,3,1,0,0,0,0,_svfiprintf_r,/Users/swchen.tw/git/percepio/poc/.tools/xpack-riscv-none-elf-gcc-15.2.0-1/bin/../lib/gcc/riscv-none-elf/15.2.0/../../../../riscv-none-elf/lib/libg_nano.a(libc_a-nano-svfprintf.o),
by_pc,2147520448,1,27,54,55,1,0,8,18,0,_svfiprintf_r,/Users/swchen.tw/git/percepio/poc/.tools/xpack-riscv-none-elf-gcc-15.2.0-1/bin/../lib/gcc/riscv-none-elf/15.2.0/../../../../riscv-none-elf/lib/libg_nano.a(libc_a-nano-svfprintf.o),
by_pc,2147520450,1,1,2,3,1,0,0,0,0,_svfiprintf_r,/Users/swchen.tw/git/percepio/poc/.tools/xpack-riscv-none-elf-gcc-15.2.0-1/bin/../lib/gcc/riscv-none-elf/15.2.0/../../../../riscv-none-elf/lib/libg_nano.a(libc_a-nano-svfprintf.o),
by_pc,2147520452,1,1,2,3,1,0,0,0,0,_svfiprintf_r,/Users/swchen.tw/git/percepio/poc/.tools/xpack-riscv-none-elf-gcc-15.2.0-1/bin/../lib/gcc/riscv-none-elf/15.2.0/../../../../riscv-none-elf/lib/libg_nano.a(libc_a-nano-svfprintf.o),
by_pc,2147520516,1,27,54,55,1,0,8,18,0,_svfiprintf_r,/Users/swchen.tw/git/percepio/poc/.tools/xpack-riscv-none-elf-gcc-15.2.0-1/bin/../lib/gcc/riscv-none-elf/15.2.0/../../../../riscv-none-elf/lib/libg_nano.a(libc_a-nano-svfprintf.o),
by_pc,2147520520,1,39,78,79,1,1,8,18,11,_svfiprintf_r,/Users/swchen.tw/git/percepio/poc/.tools/xpack-riscv-none-elf-gcc-15.2.0-1/bin/../lib/gcc/riscv-none-elf/15.2.0/../../../../riscv-none-elf/lib/libg_nano.a(libc_a-nano-svfprintf.o),
by_pc,2147520524,1,1,2,3,1,0,0,0,0,_svfiprintf_r,/Users/swchen.tw/git/percepio/poc/.tools/xpack-riscv-none-elf-gcc-15.2.0-1/bin/../lib/gcc/riscv-none-elf/15.2.0/../../../../riscv-none-elf/lib/libg_nano.a(libc_a-nano-svfprintf.o),
by_pc,2147520528,1,21,42,43,1,1,8,0,11,_svfiprintf_r,/Users/swchen.tw/git/percepio/poc/.tools/xpack-riscv-none-elf-gcc-15.2.0-1/bin/../lib/gcc/riscv-none-elf/15.2.0/../../../../riscv-none-elf/lib/libg_nano.a(libc_a-nano-svfprintf.o),
by_pc,2147520530,1,21,42,43,1,1,8,0,11,_svfiprintf_r,/Users/swchen.tw/git/percepio/poc/.tools/xpack-riscv-none-elf-gcc-15.2.0-1/bin/../lib/gcc/riscv-none-elf/15.2.0/../../../../riscv-none-elf/lib/libg_nano.a(libc_a-nano-svfprintf.o),
by_pc,2147520534,1,39,78,79,1,1,8,18,11,_svfiprintf_r,/Users/swchen.tw/git/percepio/poc/.tools/xpack-riscv-none-elf-gcc-15.2.0-1/bin/../lib/gcc/riscv-none-elf/15.2.0/../../../../riscv-none-elf/lib/libg_nano.a(libc_a-nano-svfprintf.o),
by_pc,2147520536,1,1,2,3,1,0,0,0,0,_svfiprintf_r,/Users/swchen.tw/git/percepio/poc/.tools/xpack-riscv-none-elf-gcc-15.2.0-1/bin/../lib/gcc/riscv-none-elf/15.2.0/../../../../riscv-none-elf/lib/libg_nano.a(libc_a-nano-svfprintf.o),
by_pc,2147520538,1,1,2,3,1,0,0,0,0,_svfiprintf_r,/Users/swchen.tw/git/percepio/poc/.tools/xpack-riscv-none-elf-gcc-15.2.0-1/bin/../lib/gcc/riscv-none-elf/15.2.0/../../../../riscv-none-elf/lib/libg_nano.a(libc_a-nano-svfprintf.o),
by_pc,2147520542,1,1,2,3,1,0,0,0,0,_svfiprintf_r,/Users/swchen.tw/git/percepio/poc/.tools/xpack-riscv-none-elf-gcc-15.2.0-1/bin/../lib/gcc/riscv-none-elf/15.2.0/../../../../riscv-none-elf/lib/libg_nano.a(libc_a-nano-svfprintf.o),
by_pc,2147520546,1,1,2,3,1,0,0,0,0,_svfiprintf_r,/Users/swchen.tw/git/percepio/poc/.tools/xpack-riscv-none-elf-gcc-15.2.0-1/bin/../lib/gcc/riscv-none-elf/15.2.0/../../../../riscv-none-elf/lib/libg_nano.a(libc_a-nano-svfprintf.o),
by_pc,2147520548,1,1,2,3,1,0,0,0,0,_svfiprintf_r,/Users/swchen.tw/git/percepio/poc/.tools/xpack-riscv-none-elf-gcc-15.2.0-1/bin/../lib/gcc/riscv-none-elf/15.2.0/../../../../riscv-none-elf/lib/libg_nano.a(libc_a-nano-svfprintf.o),
by_pc,2147520550,4,4,8,12,4,0,0,0,0,_svfiprintf_r,/Users/swchen.tw/git/percepio/poc/.tools/xpack-riscv-none-elf-gcc-15.2.0-1/bin/../lib/gcc/riscv-none-elf/15.2.0/../../../../riscv-none-elf/lib/libg_nano.a(libc_a-nano-svfprintf.o),
by_pc,2147520552,11,48,96,107,11,11,8,18,0,_svfiprintf_r,/Users/swchen.tw/git/percepio/poc/.tools/xpack-riscv-none-elf-gcc-15.2.0-1/bin/../lib/gcc/riscv-none-elf/15.2.0/../../../../riscv-none-elf/lib/libg_nano.a(libc_a-nano-svfprintf.o),
by_pc,2147520556,11,11,22,33,11,0,0,0,0,_svfiprintf_r,/Users/swchen.tw/git/percepio/poc/.tools/xpack-riscv-none-elf-gcc-15.2.0-1/bin/../lib/gcc/riscv-none-elf/15.2.0/../../../../riscv-none-elf/lib/libg_nano.a(libc_a-nano-svfprintf.o),
by_pc,2147520560,11,11,22,33,11,0,0,0,0,_svfiprintf_r,/Users/swchen.tw/git/percepio/poc/.tools/xpack-riscv-none-elf-gcc-15.2.0-1/bin/../lib/gcc/riscv-none-elf/15.2.0/../../../../riscv-none-elf/lib/libg_nano.a(libc_a-nano-svfprintf.o),
by_pc,2147520564,11,11,22,33,11,0,0,0,0,_svfiprintf_r,/Users/swchen.tw/git/percepio/poc/.tools/xpack-riscv-none-elf-gcc-15.2.0-1/bin/../lib/gcc/riscv-none-elf/15.2.0/../../../../riscv-none-elf/lib/libg_nano.a(libc_a-nano-svfprintf.o),
by_pc,2147520568,11,11,22,33,11,0,0,0,0,_svfiprintf_r,/Users/swchen.tw/git/percepio/poc/.tools/xpack-riscv-none-elf-gcc-15.2.0-1/bin/../lib/gcc/riscv-none-elf/15.2.0/../../../../riscv-none-elf/lib/libg_nano.a(libc_a-nano-svfprintf.o),
by_pc,2147520572,11,11,22,33,11,0,0,0,0,_svfiprintf_r,/Users/swchen.tw/git/percepio/poc/.tools/xpack-riscv-none-elf-gcc-15.2.0-1/bin/../lib/gcc/riscv-none-elf/15.2.0/../../../../riscv-none-elf/lib/libg_nano.a(libc_a-nano-svfprintf.o),
by_pc,2147520720,7,33,66,73,7,0,8,18,0,_svfiprintf_r,/Users/swchen.tw/git/percepio/poc/.tools/xpack-riscv-none-elf-gcc-15.2.0-1/bin/../lib/gcc/riscv-none-elf/15.2.0/../../../../riscv-none-elf/lib/libg_nano.a(libc_a-nano-svfprintf.o),
by_pc,2147520722,7,7,14,21,7,0,0,0,0,_svfiprintf_r,/Users/swchen.tw/git/percepio/poc/.tools/xpack-riscv-none-elf-gcc-15.2.0-1/bin/../lib/gcc/riscv-none-elf/15.2.0/../../../../riscv-none-elf/lib/libg_nano.a(libc_a-nano-svfprintf.o),
by_pc,2147520576,4,30,60,64,4,0,8,18,0,_svfiprintf_r,/Users/swchen.tw/git/percepio/poc/.tools/xpack-riscv-none-elf-gcc-15.2.0-1/bin/../lib/gcc/riscv-none-elf/15.2.0/../../../../riscv-none-elf/lib/libg_nano.a(libc_a-nano-svfprintf.o),
by_pc,2147520580,4,4,8,12,4,0,0,0,0,_svfiprintf_r,/Users/swchen.tw/git/percepio/poc/.tools/xpack-riscv-none-elf-gcc-15.2.0-1/bin/../lib/gcc/riscv-none-elf/15.2.0/../../../../riscv-none-elf/lib/libg_nano.a(libc_a-nano-svfprintf.o),
by_pc,2147520584,4,4,8,12,4,0,0,0,0,_svfiprintf_r,/Users/swchen.tw/git/percepio/poc/.tools/xpack-riscv-none-elf-gcc-15.2.0-1/bin/../lib/gcc/riscv-none-elf/15.2.0/../../../../riscv-none-elf/lib/libg_nano.a(libc_a-nano-svfprintf.o),
by_pc,2147520586,4,4,8,12,4,0,0,0,0,_svfiprintf_r,/Users/swchen.tw/git/percepio/poc/.tools/xpack-riscv-none-elf-gcc-15.2.0-1/bin/../lib/gcc/riscv-none-elf/15.2.0/../../../../riscv-none-elf/lib/libg_nano.a(libc_a-nano-svfprintf.o),
by_pc,2147520588,4,84,168,172,4,4,32,0,44,_svfiprintf_r,/Users/swchen.tw/git/percepio/poc/.tools/xpack-riscv-none-elf-gcc-15.2.0-1/bin/../lib/gcc/riscv-none-elf/15.2.0/../../../../riscv-none-elf/lib/libg_nano.a(libc_a-nano-svfprintf.o),
by_pc,2147520590,4,4,8,12,4,0,0,0,0,_svfiprintf_r,/Users/swchen.tw/git/percepio/poc/.tools/xpack-riscv-none-elf-gcc-15.2.0-1/bin/../lib/gcc/riscv-none-elf/15.2.0/../../../../riscv-none-elf/lib/libg_nano.a(libc_a-nano-svfprintf.o),
by_pc,2147520178,10,10,20,30,10,0,0,0,0,__ssputs_r,/Users/swchen.tw/git/percepio/poc/.tools/xpack-riscv-none-elf-gcc-15.2.0-1/bin/../lib/gcc/riscv-none-elf/15.2.0/../../../../riscv-none-elf/lib/libg_nano.a(libc_a-nano-svfprintf.o),
by_pc,2147520180,10,210,420,430,10,10,80,0,110,__ssputs_r,/Users/swchen.tw/git/percepio/poc/.tools/xpack-riscv-none-elf-gcc-15.2.0-1/bin/../lib/gcc/riscv-none-elf/15.2.0/../../../../riscv-none-elf/lib/libg_nano.a(libc_a-nano-svfprintf.o),
by_pc,2147520182,10,20,40,50,10,10,0,0,0,__ssputs_r,/Users/swchen.tw/git/percepio/poc/.tools/xpack-riscv-none-elf-gcc-15.2.0-1/bin/../lib/gcc/riscv-none-elf/15.2.0/../../../../riscv-none-elf/lib/libg_nano.a(libc_a-nano-svfprintf.o),
by_pc,2147520186,10,210,420,430,10,10,80,0,110,__ssputs_r,/Users/swchen.tw/git/percepio/poc/.tools/xpack-riscv-none-elf-gcc-15.2.0-1/bin/../lib/gcc/riscv-none-elf/15.2.0/../../../../riscv-none-elf/lib/libg_nano.a(libc_a-nano-svfprintf.o),
by_pc,2147520188,10,210,420,430,10,10,80,0,110,__ssputs_r,/Users/swchen.tw/git/percepio/poc/.tools/xpack-riscv-none-elf-gcc-15.2.0-1/bin/../lib/gcc/riscv-none-elf/15.2.0/../../../../riscv-none-elf/lib/libg_nano.a(libc_a-nano-svfprintf.o),
by_pc,2147520190,10,210,420,430,10,10,80,0,110,__ssputs_r,/Users/swchen.tw/git/percepio/poc/.tools/xpack-riscv-none-elf-gcc-15.2.0-1/bin/../lib/gcc/riscv-none-elf/15.2.0/../../../../riscv-none-elf/lib/libg_nano.a(libc_a-nano-svfprintf.o),
by_pc,2147520192,10,236,472,482,10,10,88,18,110,__ssputs_r,/Users/swchen.tw/git/percepio/poc/.tools/xpack-riscv-none-elf-gcc-15.2.0-1/bin/../lib/gcc/riscv-none-elf/15.2.0/../../../../riscv-none-elf/lib/libg_nano.a(libc_a-nano-svfprintf.o),
by_pc,2147520194,10,210,420,430,10,10,80,0,110,__ssputs_r,/Users/swchen.tw/git/percepio/poc/.tools/xpack-riscv-none-elf-gcc-15.2.0-1/bin/../lib/gcc/riscv-none-elf/15.2.0/../../../../riscv-none-elf/lib/libg_nano.a(libc_a-nano-svfprintf.o),
by_pc,2147520196,10,210,420,430,10,10,80,0,110,__ssputs_r,/Users/swchen.tw/git/percepio/poc/.tools/xpack-riscv-none-elf-gcc-15.2.0-1/bin/../lib/gcc/riscv-none-elf/15.2.0/../../../../riscv-none-elf/lib/libg_nano.a(libc_a-nano-svfprintf.o),
by_pc,2147520198,10,210,420,430,10,10,80,0,110,__ssputs_r,/Users/swchen.tw/git/percepio/poc/.tools/xpack-riscv-none-elf-gcc-15.2.0-1/bin/../lib/gcc/riscv-none-elf/15.2.0/../../../../riscv-none-elf/lib/libg_nano.a(libc_a-nano-svfprintf.o),
by_pc,2147520200,10,10,20,30,10,0,0,0,0,__ssputs_r,/Users/swchen.tw/git/percepio/poc/.tools/xpack-riscv-none-elf-gcc-15.2.0-1/bin/../lib/gcc/riscv-none-elf/15.2.0/../../../../riscv-none-elf/lib/libg_nano.a(libc_a-nano-svfprintf.o),
by_pc,2147520202,10,10,20,30,10,0,0,0,0,__ssputs_r,/Users/swchen.tw/git/percepio/poc/.tools/xpack-riscv-none-elf-gcc-15.2.0-1/bin/../lib/gcc/riscv-none-elf/15.2.0/../../../../riscv-none-elf/lib/libg_nano.a(libc_a-nano-svfprintf.o),
by_pc,2147520204,10,10,20,30,10,0,0,0,0,__ssputs_r,/Users/swchen.tw/git/percepio/poc/.tools/xpack-riscv-none-elf-gcc-15.2.0-1/bin/../lib/gcc/riscv-none-elf/15.2.0/../../../../riscv-none-elf/lib/libg_nano.a(libc_a-nano-svfprintf.o),
by_pc,2147520206,10,10,20,30,10,0,0,0,0,__ssputs_r,/Users/swchen.tw/git/percepio/poc/.tools/xpack-riscv-none-elf-gcc-15.2.0-1/bin/../lib/gcc/riscv-none-elf/15.2.0/../../../../riscv-none-elf/lib/libg_nano.a(libc_a-nano-svfprintf.o),
by_pc,2147520414,10,10,20,30,10,0,0,0,0,__ssputs_r,/Users/swchen.tw/git/percepio/poc/.tools/xpack-riscv-none-elf-gcc-15.2.0-1/bin/../lib/gcc/riscv-none-elf/15.2.0/../../../../riscv-none-elf/lib/libg_nano.a(libc_a-nano-svfprintf.o),
by_pc,2147520416,10,10,20,30,10,0,0,0,0,__ssputs_r,/Users/swchen.tw/git/percepio/poc/.tools/xpack-riscv-none-elf-gcc-15.2.0-1/bin/../lib/gcc/riscv-none-elf/15.2.0/../../../../riscv-none-elf/lib/libg_nano.a(libc_a-nano-svfprintf.o),
by_pc,2147520328,10,46,92,102,10,10,8,18,0,__ssputs_r,/Users/swchen.tw/git/percepio/poc/.tools/xpack-riscv-none-elf-gcc-15.2.0-1/bin/../lib/gcc/riscv-none-elf/15.2.0/../../../../riscv-none-elf/lib/libg_nano.a(libc_a-nano-svfprintf.o),
by_pc,2147520330,10,10,20,30,10,0,0,0,0,__ssputs_r,/Users/swchen.tw/git/percepio/poc/.tools/xpack-riscv-none-elf-gcc-15.2.0-1/bin/../lib/gcc/riscv-none-elf/15.2.0/../../../../riscv-none-elf/lib/libg_nano.a(libc_a-nano-svfprintf.o),
by_pc,2147520332,10,10,20,30,10,0,0,0,0,__ssputs_r,/Users/swchen.tw/git/percepio/poc/.tools/xpack-riscv-none-elf-gcc-15.2.0-1/bin/../lib/gcc/riscv-none-elf/15.2.0/../../../../riscv-none-elf/lib/libg_nano.a(libc_a-nano-svfprintf.o),
by_pc,2147520334,10,10,20,30,10,0,0,0,0,__ssputs_r,/Users/swchen.tw/git/percepio/poc/.tools/xpack-riscv-none-elf-gcc-15.2.0-1/bin/../lib/gcc/riscv-none-elf/15.2.0/../../../../riscv-none-elf/lib/libg_nano.a(libc_a-nano-svfprintf.o),
by_pc,2147520060,10,18,36,46,10,0,8,0,0,memmove,/Users/swchen.tw/git/percepio/poc/.tools/xpack-riscv-none-elf-gcc-15.2.0-1/bin/../lib/gcc/riscv-none-elf/15.2.0/../../../../riscv-none-elf/lib/libg_nano.a(libc_a-memmove.o),
by_pc,2147520062,7,7,14,21,7,0,0,0,0,memmove,/Users/swchen.tw/git/percepio/poc/.tools/xpack-riscv-none-elf-gcc-15.2.0-1/bin/../lib/gcc/riscv-none-elf/15.2.0/../../../../riscv-none-elf/lib/libg_nano.a(libc_a-memmove.o),
by_pc,2147520064,7,7,14,21,7,0,0,0,0,memmove,/Users/swchen.tw/git/percepio/poc/.tools/xpack-riscv-none-elf-gcc-15.2.0-1/bin/../lib/gcc/riscv-none-elf/15.2.0/../../../../riscv-none-elf/lib/libg_nano.a(libc_a-memmove.o),
by_pc,2147520066,7,7,14,21,7,0,0,0,0,memmove,/Users/swchen.tw/git/percepio/poc/.tools/xpack-riscv-none-elf-gcc-15.2.0-1/bin/../lib/gcc/riscv-none-elf/15.2.0/../../../../riscv-none-elf/lib/libg_nano.a(libc_a-memmove.o),
by_pc,2147520070,7,7,14,21,7,0,0,0,0,memmove,/Users/swchen.tw/git/percepio/poc/.tools/xpack-riscv-none-elf-gcc-15.2.0-1/bin/../lib/gcc/riscv-none-elf/15.2.0/../../../../riscv-none-elf/lib/libg_nano.a(libc_a-memmove.o),
by_pc,2147520072,7,7,14,21,7,0,0,0,0,memmove,/Users/swchen.tw/git/percepio/poc/.tools/xpack-riscv-none-elf-gcc-15.2.0-1/bin/../lib/gcc/riscv-none-elf/15.2.0/../../../../riscv-none-elf/lib/libg_nano.a(libc_a-memmove.o),
by_pc,2147520076,7,7,14,21,7,0,0,0,0,memmove,/Users/swchen.tw/git/percepio/poc/.tools/xpack-riscv-none-elf-gcc-15.2.0-1/bin/../lib/gcc/riscv-none-elf/15.2.0/../../../../riscv-none-elf/lib/libg_nano.a(libc_a-memmove.o),
by_pc,2147520078,7,7,14,21,7,0,0,0,0,memmove,/Users/swchen.tw/git/percepio/poc/.tools/xpack-riscv-none-elf-gcc-15.2.0-1/bin/../lib/gcc/riscv-none-elf/15.2.0/../../../../riscv-none-elf/lib/libg_nano.a(libc_a-memmove.o),
by_pc,2147520080,44,88,176,220,44,44,0,0,0,memmove,/Users/swchen.tw/git/percepio/poc/.tools/xpack-riscv-none-elf-gcc-15.2.0-1/bin/../lib/gcc/riscv-none-elf/15.2.0/../../../../riscv-none-elf/lib/libg_nano.a(libc_a-memmove.o),
by_pc,2147520084,44,924,1848,1892,44,44,352,0,484,memmove,/Users/swchen.tw/git/percepio/poc/.tools/xpack-riscv-none-elf-gcc-15.2.0-1/bin/../lib/gcc/riscv-none-elf/15.2.0/../../../../riscv-none-elf/lib/libg_nano.a(libc_a-memmove.o),
by_pc,2147520088,44,44,88,132,44,0,0,0,0,memmove,/Users/swchen.tw/git/percepio/poc/.tools/xpack-riscv-none-elf-gcc-15.2.0-1/bin/../lib/gcc/riscv-none-elf/15.2.0/../../../../riscv-none-elf/lib/libg_nano.a(libc_a-memmove.o),
by_pc,2147520090,44,44,88,132,44,0,0,0,0,memmove,/Users/swchen.tw/git/percepio/poc/.tools/xpack-riscv-none-elf-gcc-15.2.0-1/bin/../lib/gcc/riscv-none-elf/15.2.0/../../../../riscv-none-elf/lib/libg_nano.a(libc_a-memmove.o),
by_pc,2147520092,44,44,88,132,44,0,0,0,0,memmove,/Users/swchen.tw/git/percepio/poc/.tools/xpack-riscv-none-elf-gcc-15.2.0-1/bin/../lib/gcc/riscv-none-elf/15.2.0/../../../../riscv-none-elf/lib/libg_nano.a(libc_a-memmove.o),
by_pc,2147520094,44,44,88,132,44,0,0,0,0,memmove,/Users/swchen.tw/git/percepio/poc/.tools/xpack-riscv-none-elf-gcc-15.2.0-1/bin/../lib/gcc/riscv-none-elf/15.2.0/../../../../riscv-none-elf/lib/libg_nano.a(libc_a-memmove.o),
by_pc,2147520096,10,10,20,30,10,0,0,0,0,memmove,/Users/swchen.tw/git/percepio/poc/.tools/xpack-riscv-none-elf-gcc-15.2.0-1/bin/../lib/gcc/riscv-none-elf/15.2.0/../../../../riscv-none-elf/lib/libg_nano.a(libc_a-memmove.o),
by_pc,2147520338,10,20,40,50,10,10,0,0,0,__ssputs_r,/Users/swchen.tw/git/percepio/poc/.tools/xpack-riscv-none-elf-gcc-15.2.0-1/bin/../lib/gcc/riscv-none-elf/15.2.0/../../../../riscv-none-elf/lib/libg_nano.a(libc_a-nano-svfprintf.o),
by_pc,2147520340,10,10,20,30,10,0,0,0,0,__ssputs_r,/Users/swchen.tw/git/percepio/poc/.tools/xpack-riscv-none-elf-gcc-15.2.0-1/bin/../lib/gcc/riscv-none-elf/15.2.0/../../../../riscv-none-elf/lib/libg_nano.a(libc_a-nano-svfprintf.o),
by_pc,2147520342,10,10,20,30,10,0,0,0,0,__ssputs_r,/Users/swchen.tw/git/percepio/poc/.tools/xpack-riscv-none-elf-gcc-15.2.0-1/bin/../lib/gcc/riscv-none-elf/15.2.0/../../../../riscv-none-elf/lib/libg_nano.a(libc_a-nano-svfprintf.o),
by_pc,2147520346,10,210,420,430,10,10,80,0,110,__ssputs_r,/Users/swchen.tw/git/percepio/poc/.tools/xpack-riscv-none-elf-gcc-15.2.0-1/bin/../lib/gcc/riscv-none-elf/15.2.0/../../../../riscv-none-elf/lib/libg_nano.a(libc_a-nano-svfprintf.o),
by_pc,2147520348,10,20,40,50,10,10,0,0,0,__ssputs_r,/Users/swchen.tw/git/percepio/poc/.tools/xpack-riscv-none-elf-gcc-15.2.0-1/bin/../lib/gcc/riscv-none-elf/15.2.0/../../../../riscv-none-elf/lib/libg_nano.a(libc_a-nano-svfprintf.o),
by_pc,2147520350,10,10,20,30,10,0,0,0,0,__ssputs_r,/Users/swchen.tw/git/percepio/poc/.tools/xpack-riscv-none-elf-gcc-15.2.0-1/bin/../lib/gcc/riscv-none-elf/15.2.0/../../../../riscv-none-elf/lib/libg_nano.a(libc_a-nano-svfprintf.o),
by_pc,2147520352,10,210,420,430,10,10,80,0,110,__ssputs_r,/Users/swchen.tw/git/percepio/poc/.tools/xpack-riscv-none-elf-gcc-15.2.0-1/bin/../lib/gcc/riscv-none-elf/15.2.0/../../../../riscv-none-elf/lib/libg_nano.a(libc_a-nano-svfprintf.o),
by_pc,2147520354,10,20,40,50,10,10,0,0,0,__ssputs_r,/Users/swchen.tw/git/percepio/poc/.tools/xpack-riscv-none-elf-gcc-15.2.0-1/bin/../lib/gcc/riscv-none-elf/15.2.0/../../../../riscv-none-elf/lib/libg_nano.a(libc_a-nano-svfprintf.o),
by_pc,2147520356,10,20,40,50,10,10,0,0,0,__ssputs_r,/Users/swchen.tw/git/percepio/poc/.tools/xpack-riscv-none-elf-gcc-15.2.0-1/bin/../lib/gcc/riscv-none-elf/15.2.0/../../../../riscv-none-elf/lib/libg_nano.a(libc_a-nano-svfprintf.o),
by_pc,2147520358,10,20,40,50,10,10,0,0,0,__ssputs_r,/Users/swchen.tw/git/percepio/poc/.tools/xpack-riscv-none-elf-gcc-15.2.0-1/bin/../lib/gcc/riscv-none-elf/15.2.0/../../../../riscv-none-elf/lib/libg_nano.a(libc_a-nano-svfprintf.o),
by_pc,2147520360,10,20,40,50,10,10,0,0,0,__ssputs_r,/Users/swchen.tw/git/percepio/poc/.tools/xpack-riscv-none-elf-gcc-15.2.0-1/bin/../lib/gcc/riscv-none-elf/15.2.0/../../../../riscv-none-elf/lib/libg_nano.a(libc_a-nano-svfprintf.o),
by_pc,2147520362,10,20,40,50,10,10,0,0,0,__ssputs_r,/Users/swchen.tw/git/percepio/poc/.tools/xpack-riscv-none-elf-gcc-15.2.0-1/bin/../lib/gcc/riscv-none-elf/15.2.0/../../../../riscv-none-elf/lib/libg_nano.a(libc_a-nano-svfprintf.o),
by_pc,2147520364,10,20,40,50,10,10,0,0,0,__ssputs_r,/Users/swchen.tw/git/percepio/poc/.tools/xpack-riscv-none-elf-gcc-15.2.0-1/bin/../lib/gcc/riscv-none-elf/15.2.0/../../../../riscv-none-elf/lib/libg_nano.a(libc_a-nano-svfprintf.o),
by_pc,2147520366,10,20,40,50,10,10,0,0,0,__ssputs_r,/Users/swchen.tw/git/percepio/poc/.tools/xpack-riscv-none-elf-gcc-15.2.0-1/bin/../lib/gcc/riscv-none-elf/15.2.0/../../../../riscv-none-elf/lib/libg_nano.a(libc_a-nano-svfprintf.o),
by_pc,2147520368,10,20,40,50,10,10,0,0,0,__ssputs_r,/Users/swchen.tw/git/percepio/poc/.tools/xpack-riscv-none-elf-gcc-15.2.0-1/bin/../lib/gcc/riscv-none-elf/15.2.0/../../../../riscv-none-elf/lib/libg_nano.a(libc_a-nano-svfprintf.o),
by_pc,2147520370,10,10,20,30,10,0,0,0,0,__ssputs_r,/Users/swchen.tw/git/percepio/poc/.tools/xpack-riscv-none-elf-gcc-15.2.0-1/bin/../lib/gcc/riscv-none-elf/15.2.0/../../../../riscv-none-elf/lib/libg_nano.a(libc_a-nano-svfprintf.o),
by_pc,2147520372,10,10,20,30,10,0,0,0,0,__ssputs_r,/Users/swchen.tw/git/percepio/poc/.tools/xpack-riscv-none-elf-gcc-15.2.0-1/bin/../lib/gcc/riscv-none-elf/15.2.0/../../../../riscv-none-elf/lib/libg_nano.a(libc_a-nano-svfprintf.o),
by_pc,2147520594,4,4,8,12,4,0,0,0,0,_svfiprintf_r,/Users/swchen.tw/git/percepio/poc/.tools/xpack-riscv-none-elf-gcc-15.2.0-1/bin/../lib/gcc/riscv-none-elf/15.2.0/../../../../riscv-none-elf/lib/libg_nano.a(libc_a-nano-svfprintf.o),
by_pc,2147520598,4,8,16,20,4,4,0,0,0,_svfiprintf_r,/Users/swchen.tw/git/percepio/poc/.tools/xpack-riscv-none-elf-gcc-15.2.0-1/bin/../lib/gcc/riscv-none-elf/15.2.0/../../../../riscv-none-elf/lib/libg_nano.a(libc_a-nano-svfprintf.o),
by_pc,2147520600,4,8,16,20,4,4,0,0,0,_svfiprintf_r,/Users/swchen.tw/git/percepio/poc/.tools/xpack-riscv-none-elf-gcc-15.2.0-1/bin/../lib/gcc/riscv-none-elf/15.2.0/../../../../riscv-none-elf/lib/libg_nano.a(libc_a-nano-svfprintf.o),
by_pc,2147520602,4,4,8,12,4,0,0,0,0,_svfiprintf_r,/Users/swchen.tw/git/percepio/poc/.tools/xpack-riscv-none-elf-gcc-15.2.0-1/bin/../lib/gcc/riscv-none-elf/15.2.0/../../../../riscv-none-elf/lib/libg_nano.a(libc_a-nano-svfprintf.o),
by_pc,2147520604,4,84,168,172,4,4,32,0,44,_svfiprintf_r,/Users/swchen.tw/git/percepio/poc/.tools/xpack-riscv-none-elf-gcc-15.2.0-1/bin/../lib/gcc/riscv-none-elf/15.2.0/../../../../riscv-none-elf/lib/libg_nano.a(libc_a-nano-svfprintf.o),
by_pc,2147520606,4,8,16,20,4,4,0,0,0,_svfiprintf_r,/Users/swchen.tw/git/percepio/poc/.tools/xpack-riscv-none-elf-gcc-15.2.0-1/bin/../lib/gcc/riscv-none-elf/15.2.0/../../../../riscv-none-elf/lib/libg_nano.a(libc_a-nano-svfprintf.o),
by_pc,2147520610,4,4,8,12,4,0,0,0,0,_svfiprintf_r,/Users/swchen.tw/git/percepio/poc/.tools/xpack-riscv-none-elf-gcc-15.2.0-1/bin/../lib/gcc/riscv-none-elf/15.2.0/../../../../riscv-none-elf/lib/libg_nano.a(libc_a-nano-svfprintf.o),
by_pc,2147520614,3,3,6,9,3,0,0,0,0,_svfiprintf_r,/Users/swchen.tw/git/percepio/poc/.tools/xpack-riscv-none-elf-gcc-15.2.0-1/bin/../lib/gcc/riscv-none-elf/15.2.0/../../../../riscv-none-elf/lib/libg_nano.a(libc_a-nano-svfprintf.o),
by_pc,2147520616,3,63,126,129,3,3,24,0,33,_svfiprintf_r,/Users/swchen.tw/git/percepio/poc/.tools/xpack-riscv-none-elf-gcc-15.2.0-1/bin/../lib/gcc/riscv-none-elf/15.2.0/../../../../riscv-none-elf/lib/libg_nano.a(libc_a-nano-svfprintf.o),
by_pc,2147520618,3,63,126,129,3,3,24,0,33,_svfiprintf_r,/Users/swchen.tw/git/percepio/poc/.tools/xpack-riscv-none-elf-gcc-15.2.0-1/bin/../lib/gcc/riscv-none-elf/15.2.0/../../../../riscv-none-elf/lib/libg_nano.a(libc_a-nano-svfprintf.o),
by_pc,2147520620,3,63,126,129,3,3,24,0,33,_svfiprintf_r,/Users/swchen.tw/git/percepio/poc/.tools/xpack-riscv-none-elf-gcc-15.2.0-1/bin/../lib/gcc/riscv-none-elf/15.2.0/../../../../riscv-none-elf/lib/libg_nano.a(libc_a-nano-svfprintf.o),
by_pc,2147520622,3,63,126,129,3,3,24,0,33,_svfiprintf_r,/Users/swchen.tw/git/percepio/poc/.tools/xpack-riscv-none-elf-gcc-15.2.0-1/bin/../lib/gcc/riscv-none-elf/15.2.0/../../../../riscv-none-elf/lib/libg_nano.a(libc_a-nano-svfprintf.o),
by_pc,2147520624,3,63,126,129,3,3,24,0,33,_svfiprintf_r,/Users/swchen.tw/git/percepio/poc/.tools/xpack-riscv-none-elf-gcc-15.2.0-1/bin/../lib/gcc/riscv-none-elf/15.2.0/../../../../riscv-none-elf/lib/libg_nano.a(libc_a-nano-svfprintf.o),
by_pc,2147520628,3,63,126,129,3,3,24,0,33,_svfiprintf_r,/Users/swchen.tw/git/percepio/poc/.tools/xpack-riscv-none-elf-gcc-15.2.0-1/bin/../lib/gcc/riscv-none-elf/15.2.0/../../../../riscv-none-elf/lib/libg_nano.a(libc_a-nano-svfprintf.o),
by_pc,2147520630,3,6,12,15,3,3,0,0,0,_svfiprintf_r,/Users/swchen.tw/git/percepio/poc/.tools/xpack-riscv-none-elf-gcc-15.2.0-1/bin/../lib/gcc/riscv-none-elf/15.2.0/../../../../riscv-none-elf/lib/libg_nano.a(libc_a-nano-svfprintf.o),
by_pc,2147520634,3,3,6,9,3,0,0,0,0,_svfiprintf_r,/Users/swchen.tw/git/percepio/poc/.tools/xpack-riscv-none-elf-gcc-15.2.0-1/bin/../lib/gcc/riscv-none-elf/15.2.0/../../../../riscv-none-elf/lib/libg_nano.a(libc_a-nano-svfprintf.o),
by_pc,2147520636,3,3,6,9,3,0,0,0,0,_svfiprintf_r,/Users/swchen.tw/git/percepio/poc/.tools/xpack-riscv-none-elf-gcc-15.2.0-1/bin/../lib/gcc/riscv-none-elf/15.2.0/../../../../riscv-none-elf/lib/libg_nano.a(libc_a-nano-svfprintf.o),
by_pc,2147520640,3,29,58,61,3,0,8,18,0,_svfiprintf_r,/Users/swchen.tw/git/percepio/poc/.tools/xpack-riscv-none-elf-gcc-15.2.0-1/bin/../lib/gcc/riscv-none-elf/15.2.0/../../../../riscv-none-elf/lib/libg_nano.a(libc_a-nano-svfprintf.o),
by_pc,2147520644,3,3,6,9,3,0,0,0,0,_svfiprintf_r,/Users/swchen.tw/git/percepio/poc/.tools/xpack-riscv-none-elf-gcc-15.2.0-1/bin/../lib/gcc/riscv-none-elf/15.2.0/../../../../riscv-none-elf/lib/libg_nano.a(libc_a-nano-svfprintf.o),
by_pc,2147522410,11,37,74,85,11,0,8,18,0,memchr,/Users/swchen.tw/git/percepio/poc/.tools/xpack-riscv-none-elf-gcc-15.2.0-1/bin/../lib/gcc/riscv-none-elf/15.2.0/../../../../riscv-none-elf/lib/libg_nano.a(libc_a-memchr.o),
by_pc,2147522414,11,11,22,33,11,0,0,0,0,memchr,/Users/swchen.tw/git/percepio/poc/.tools/xpack-riscv-none-elf-gcc-15.2.0-1/bin/../lib/gcc/riscv-none-elf/15.2.0/../../../../riscv-none-elf/lib/libg_nano.a(libc_a-memchr.o),
by_pc,2147522416,89,89,178,267,89,0,0,0,0,memchr,/Users/swchen.tw/git/percepio/poc/.tools/xpack-riscv-none-elf-gcc-15.2.0-1/bin/../lib/gcc/riscv-none-elf/15.2.0/../../../../riscv-none-elf/lib/libg_nano.a(libc_a-memchr.o),
by_pc,2147522424,80,212,424,504,80,80,16,36,0,memchr,/Users/swchen.tw/git/percepio/poc/.tools/xpack-riscv-none-elf-gcc-15.2.0-1/bin/../lib/gcc/riscv-none-elf/15.2.0/../../../../riscv-none-elf/lib/libg_nano.a(libc_a-memchr.o),
by_pc,2147522428,80,80,160,240,80,0,0,0,0,memchr,/Users/swchen.tw/git/percepio/poc/.tools/xpack-riscv-none-elf-gcc-15.2.0-1/bin/../lib/gcc/riscv-none-elf/15.2.0/../../../../riscv-none-elf/lib/libg_nano.a(libc_a-memchr.o),
by_pc,2147522432,78,104,208,286,78,0,8,18,0,memchr,/Users/swchen.tw/git/percepio/poc/.tools/xpack-riscv-none-elf-gcc-15.2.0-1/bin/../lib/gcc/riscv-none-elf/15.2.0/../../../../riscv-none-elf/lib/libg_nano.a(libc_a-memchr.o),
by_pc,2147522434,78,78,156,234,78,0,0,0,0,memchr,/Users/swchen.tw/git/percepio/poc/.tools/xpack-riscv-none-elf-gcc-15.2.0-1/bin/../lib/gcc/riscv-none-elf/15.2.0/../../../../riscv-none-elf/lib/libg_nano.a(libc_a-memchr.o),
by_pc,2147522420,9,9,18,27,9,0,0,0,0,memchr,/Users/swchen.tw/git/percepio/poc/.tools/xpack-riscv-none-elf-gcc-15.2.0-1/bin/../lib/gcc/riscv-none-elf/15.2.0/../../../../riscv-none-elf/lib/libg_nano.a(libc_a-memchr.o),
by_pc,2147522422,11,11,22,33,11,0,0,0,0,memchr,/Users/swchen.tw/git/percepio/poc/.tools/xpack-riscv-none-elf-gcc-15.2.0-1/bin/../lib/gcc/riscv-none-elf/15.2.0/../../../../riscv-none-elf/lib/libg_nano.a(libc_a-memchr.o),
by_pc,2147520648,3,6,12,15,3,3,0,0,0,_svfiprintf_r,/Users/swchen.tw/git/percepio/poc/.tools/xpack-riscv-none-elf-gcc-15.2.0-1/bin/../lib/gcc/riscv-none-elf/15.2.0/../../../../riscv-none-elf/lib/libg_nano.a(libc_a-nano-svfprintf.o),
by_pc,2147520650,3,3,6,9,3,0,0,0,0,_svfiprintf_r,/Users/swchen.tw/git/percepio/poc/.tools/xpack-riscv-none-elf-gcc-15.2.0-1/bin/../lib/gcc/riscv-none-elf/15.2.0/../../../../riscv-none-elf/lib/libg_nano.a(libc_a-nano-svfprintf.o),
by_pc,2147520654,3,3,6,9,3,0,0,0,0,_svfiprintf_r,/Users/swchen.tw/git/percepio/poc/.tools/xpack-riscv-none-elf-gcc-15.2.0-1/bin/../lib/gcc/riscv-none-elf/15.2.0/../../../../riscv-none-elf/lib/libg_nano.a(libc_a-nano-svfprintf.o),
by_pc,2147520656,3,3,6,9,3,0,0,0,0,_svfiprintf_r,/Users/swchen.tw/git/percepio/poc/.tools/xpack-riscv-none-elf-gcc-15.2.0-1/bin/../lib/gcc/riscv-none-elf/15.2.0/../../../../riscv-none-elf/lib/libg_nano.a(libc_a-nano-svfprintf.o),
by_pc,2147520660,3,3,6,9,3,0,0,0,0,_svfiprintf_r,/Users/swchen.tw/git/percepio/poc/.tools/xpack-riscv-none-elf-gcc-15.2.0-1/bin/../lib/gcc/riscv-none-elf/15.2.0/../../../../riscv-none-elf/lib/libg_nano.a(libc_a-nano-svfprintf.o),
by_pc,2147520670,3,3,6,9,3,0,0,0,0,_svfiprintf_r,/Users/swchen.tw/git/percepio/poc/.tools/xpack-riscv-none-elf-gcc-15.2.0-1/bin/../lib/gcc/riscv-none-elf/15.2.0/../../../../riscv-none-elf/lib/libg_nano.a(libc_a-nano-svfprintf.o),
by_pc,2147520674,3,3,6,9,3,0,0,0,0,_svfiprintf_r,/Users/swchen.tw/git/percepio/poc/.tools/xpack-riscv-none-elf-gcc-15.2.0-1/bin/../lib/gcc/riscv-none-elf/15.2.0/../../../../riscv-none-elf/lib/libg_nano.a(libc_a-nano-svfprintf.o),
by_pc,2147520684,3,6,12,15,3,3,0,0,0,_svfiprintf_r,/Users/swchen.tw/git/percepio/poc/.tools/xpack-riscv-none-elf-gcc-15.2.0-1/bin/../lib/gcc/riscv-none-elf/15.2.0/../../../../riscv-none-elf/lib/libg_nano.a(libc_a-nano-svfprintf.o),
by_pc,2147520688,3,3,6,9,3,0,0,0,0,_svfiprintf_r,/Users/swchen.tw/git/percepio/poc/.tools/xpack-riscv-none-elf-gcc-15.2.0-1/bin/../lib/gcc/riscv-none-elf/15.2.0/../../../../riscv-none-elf/lib/libg_nano.a(libc_a-nano-svfprintf.o),
by_pc,2147520692,3,3,6,9,3,0,0,0,0,_svfiprintf_r,/Users/swchen.tw/git/percepio/poc/.tools/xpack-riscv-none-elf-gcc-15.2.0-1/bin/../lib/gcc/riscv-none-elf/15.2.0/../../../../riscv-none-elf/lib/libg_nano.a(libc_a-nano-svfprintf.o),
by_pc,2147520696,3,6,12,15,3,3,0,0,0,_svfiprintf_r,/Users/swchen.tw/git/percepio/poc/.tools/xpack-riscv-none-elf-gcc-15.2.0-1/bin/../lib/gcc/riscv-none-elf/15.2.0/../../../../riscv-none-elf/lib/libg_nano.a(libc_a-nano-svfprintf.o),
by_pc,2147520698,3,3,6,9,3,0,0,0,0,_svfiprintf_r,/Users/swchen.tw/git/percepio/poc/.tools/xpack-riscv-none-elf-gcc-15.2.0-1/bin/../lib/gcc/riscv-none-elf/15.2.0/../../../../riscv-none-elf/lib/libg_nano.a(libc_a-nano-svfprintf.o),
by_pc,2147520700,3,3,6,9,3,0,0,0,0,_svfiprintf_r,/Users/swchen.tw/git/percepio/poc/.tools/xpack-riscv-none-elf-gcc-15.2.0-1/bin/../lib/gcc/riscv-none-elf/15.2.0/../../../../riscv-none-elf/lib/libg_nano.a(libc_a-nano-svfprintf.o),
by_pc,2147520702,3,9,18,21,6,3,0,0,0,_svfiprintf_r,/Users/swchen.tw/git/percepio/poc/.tools/xpack-riscv-none-elf-gcc-15.2.0-1/bin/../lib/gcc/riscv-none-elf/15.2.0/../../../../riscv-none-elf/lib/libg_nano.a(libc_a-nano-svfprintf.o),
by_pc,2147520706,3,3,6,9,3,0,0,0,0,_svfiprintf_r,/Users/swchen.tw/git/percepio/poc/.tools/xpack-riscv-none-elf-gcc-15.2.0-1/bin/../lib/gcc/riscv-none-elf/15.2.0/../../../../riscv-none-elf/lib/libg_nano.a(libc_a-nano-svfprintf.o),
by_pc,2147520710,3,3,6,9,3,0,0,0,0,_svfiprintf_r,/Users/swchen.tw/git/percepio/poc/.tools/xpack-riscv-none-elf-gcc-15.2.0-1/bin/../lib/gcc/riscv-none-elf/15.2.0/../../../../riscv-none-elf/lib/libg_nano.a(libc_a-nano-svfprintf.o),
by_pc,2147520714,3,3,6,9,3,0,0,0,0,_svfiprintf_r,/Users/swchen.tw/git/percepio/poc/.tools/xpack-riscv-none-elf-gcc-15.2.0-1/bin/../lib/gcc/riscv-none-elf/15.2.0/../../../../riscv-none-elf/lib/libg_nano.a(libc_a-nano-svfprintf.o),
by_pc,2147520758,3,6,12,15,3,3,0,0,0,_svfiprintf_r,/Users/swchen.tw/git/percepio/poc/.tools/xpack-riscv-none-elf-gcc-15.2.0-1/bin/../lib/gcc/riscv-none-elf/15.2.0/../../../../riscv-none-elf/lib/libg_nano.a(libc_a-nano-svfprintf.o),
by_pc,2147520762,3,3,6,9,3,0,0,0,0,_svfiprintf_r,/Users/swchen.tw/git/percepio/poc/.tools/xpack-riscv-none-elf-gcc-15.2.0-1/bin/../lib/gcc/riscv-none-elf/15.2.0/../../../../riscv-none-elf/lib/libg_nano.a(libc_a-nano-svfprintf.o),
by_pc,2147520766,3,32,64,67,6,0,8,18,0,_svfiprintf_r,/Users/swchen.tw/git/percepio/poc/.tools/xpack-riscv-none-elf-gcc-15.2.0-1/bin/../lib/gcc/riscv-none-elf/15.2.0/../../../../riscv-none-elf/lib/libg_nano.a(libc_a-nano-svfprintf.o),
by_pc,2147520854,3,32,64,67,3,3,8,18,0,_svfiprintf_r,/Users/swchen.tw/git/percepio/poc/.tools/xpack-riscv-none-elf-gcc-15.2.0-1/bin/../lib/gcc/riscv-none-elf/15.2.0/../../../../riscv-none-elf/lib/libg_nano.a(libc_a-nano-svfprintf.o),
by_pc,2147520858,3,3,6,9,3,0,0,0,0,_svfiprintf_r,/Users/swchen.tw/git/percepio/poc/.tools/xpack-riscv-none-elf-gcc-15.2.0-1/bin/../lib/gcc/riscv-none-elf/15.2.0/../../../../riscv-none-elf/lib/libg_nano.a(libc_a-nano-svfprintf.o),
by_pc,2147520860,3,3,6,9,3,0,0,0,0,_svfiprintf_r,/Users/swchen.tw/git/percepio/poc/.tools/xpack-riscv-none-elf-gcc-15.2.0-1/bin/../lib/gcc/riscv-none-elf/15.2.0/../../../../riscv-none-elf/lib/libg_nano.a(libc_a-nano-svfprintf.o),
by_pc,2147520864,3,3,6,9,3,0,0,0,0,_svfiprintf_r,/Users/swchen.tw/git/percepio/poc/.tools/xpack-riscv-none-elf-gcc-15.2.0-1/bin/../lib/gcc/riscv-none-elf/15.2.0/../../../../riscv-none-elf/lib/libg_nano.a(libc_a-nano-svfprintf.o),
by_pc,2147520868,3,3,6,9,3,0,0,0,0,_svfiprintf_r,/Users/swchen.tw/git/percepio/poc/.tools/xpack-riscv-none-elf-gcc-15.2.0-1/bin/../lib/gcc/riscv-none-elf/15.2.0/../../../../riscv-none-elf/lib/libg_nano.a(libc_a-nano-svfprintf.o),
by_pc,2147520870,3,3,6,9,3,0,0,0,0,_svfiprintf_r,/Users/swchen.tw/git/percepio/poc/.tools/xpack-riscv-none-elf-gcc-15.2.0-1/bin/../lib/gcc/riscv-none-elf/15.2.0/../../../../riscv-none-elf/lib/libg_nano.a(libc_a-nano-svfprintf.o),
by_pc,2147520898,3,32,64,67,3,3,8,18,0,_svfiprintf_r,/Users/swchen.tw/git/percepio/poc/.tools/xpack-riscv-none-elf-gcc-15.2.0-1/bin/../lib/gcc/riscv-none-elf/15.2.0/../../../../riscv-none-elf/lib/libg_nano.a(libc_a-nano-svfprintf.o),
by_pc,2147520902,3,3,6,9,3,0,0,0,0,_svfiprintf_r,/Users/swchen.tw/git/percepio/poc/.tools/xpack-riscv-none-elf-gcc-15.2.0-1/bin/../lib/gcc/riscv-none-elf/15.2.0/../../../../riscv-none-elf/lib/libg_nano.a(libc_a-nano-svfprintf.o),
by_pc,2147520904,3,3,6,9,3,0,0,0,0,_svfiprintf_r,/Users/swchen.tw/git/percepio/poc/.tools/xpack-riscv-none-elf-gcc-15.2.0-1/bin/../lib/gcc/riscv-none-elf/15.2.0/../../../../riscv-none-elf/lib/libg_nano.a(libc_a-nano-svfprintf.o),
by_pc,2147520908,3,3,6,9,3,0,0,0,0,_svfiprintf_r,/Users/swchen.tw/git/percepio/poc/.tools/xpack-riscv-none-elf-gcc-15.2.0-1/bin/../lib/gcc/riscv-none-elf/15.2.0/../../../../riscv-none-elf/lib/libg_nano.a(libc_a-nano-svfprintf.o),
by_pc,2147520912,3,63,126,129,3,3,24,0,33,_svfiprintf_r,/Users/swchen.tw/git/percepio/poc/.tools/xpack-riscv-none-elf-gcc-15.2.0-1/bin/../lib/gcc/riscv-none-elf/15.2.0/../../../../riscv-none-elf/lib/libg_nano.a(libc_a-nano-svfprintf.o),
by_pc,2147520916,3,3,6,9,3,0,0,0,0,_svfiprintf_r,/Users/swchen.tw/git/percepio/poc/.tools/xpack-riscv-none-elf-gcc-15.2.0-1/bin/../lib/gcc/riscv-none-elf/15.2.0/../../../../riscv-none-elf/lib/libg_nano.a(libc_a-nano-svfprintf.o),
by_pc,2147520918,3,3,6,9,3,0,0,0,0,_svfiprintf_r,/Users/swchen.tw/git/percepio/poc/.tools/xpack-riscv-none-elf-gcc-15.2.0-1/bin/../lib/gcc/riscv-none-elf/15.2.0/../../../../riscv-none-elf/lib/libg_nano.a(libc_a-nano-svfprintf.o),
by_pc,2147521018,3,29,58,61,3,0,8,18,0,_svfiprintf_r,/Users/swchen.tw/git/percepio/poc/.tools/xpack-riscv-none-elf-gcc-15.2.0-1/bin/../lib/gcc/riscv-none-elf/15.2.0/../../../../riscv-none-elf/lib/libg_nano.a(libc_a-nano-svfprintf.o),
by_pc,2147521020,3,3,6,9,3,0,0,0,0,_svfiprintf_r,/Users/swchen.tw/git/percepio/poc/.tools/xpack-riscv-none-elf-gcc-15.2.0-1/bin/../lib/gcc/riscv-none-elf/15.2.0/../../../../riscv-none-elf/lib/libg_nano.a(libc_a-nano-svfprintf.o),
by_pc,2147521024,3,29,58,61,3,0,8,18,0,_svfiprintf_r,/Users/swchen.tw/git/percepio/poc/.tools/xpack-riscv-none-elf-gcc-15.2.0-1/bin/../lib/gcc/riscv-none-elf/15.2.0/../../../../riscv-none-elf/lib/libg_nano.a(libc_a-nano-svfprintf.o),
by_pc,2147521028,3,3,6,9,3,0,0,0,0,_svfiprintf_r,/Users/swchen.tw/git/percepio/poc/.tools/xpack-riscv-none-elf-gcc-15.2.0-1/bin/../lib/gcc/riscv-none-elf/15.2.0/../../../../riscv-none-elf/lib/libg_nano.a(libc_a-nano-svfprintf.o),
by_pc,2147521030,3,3,6,9,3,0,0,0,0,_svfiprintf_r,/Users/swchen.tw/git/percepio/poc/.tools/xpack-riscv-none-elf-gcc-15.2.0-1/bin/../lib/gcc/riscv-none-elf/15.2.0/../../../../riscv-none-elf/lib/libg_nano.a(libc_a-nano-svfprintf.o),
by_pc,2147521032,3,3,6,9,3,0,0,0,0,_svfiprintf_r,/Users/swchen.tw/git/percepio/poc/.tools/xpack-riscv-none-elf-gcc-15.2.0-1/bin/../lib/gcc/riscv-none-elf/15.2.0/../../../../riscv-none-elf/lib/libg_nano.a(libc_a-nano-svfprintf.o),
by_pc,2147521034,3,3,6,9,3,0,0,0,0,_svfiprintf_r,/Users/swchen.tw/git/percepio/poc/.tools/xpack-riscv-none-elf-gcc-15.2.0-1/bin/../lib/gcc/riscv-none-elf/15.2.0/../../../../riscv-none-elf/lib/libg_nano.a(libc_a-nano-svfprintf.o),
by_pc,2147521674,3,29,58,61,3,0,8,18,0,_printf_i,/Users/swchen.tw/git/percepio/poc/.tools/xpack-riscv-none-elf-gcc-15.2.0-1/bin/../lib/gcc/riscv-none-elf/15.2.0/../../../../riscv-none-elf/lib/libg_nano.a(libc_a-nano-vfprintf_i.o),
by_pc,2147521676,3,63,126,129,3,3,24,0,33,_printf_i,/Users/swchen.tw/git/percepio/poc/.tools/xpack-riscv-none-elf-gcc-15.2.0-1/bin/../lib/gcc/riscv-none-elf/15.2.0/../../../../riscv-none-elf/lib/libg_nano.a(libc_a-nano-vfprintf_i.o),
by_pc,2147521678,3,63,126,129,3,3,24,0,33,_printf_i,/Users/swchen.tw/git/percepio/poc/.tools/xpack-riscv-none-elf-gcc-15.2.0-1/bin/../lib/gcc/riscv-none-elf/15.2.0/../../../../riscv-none-elf/lib/libg_nano.a(libc_a-nano-vfprintf_i.o),
by_pc,2147521680,3,63,126,129,3,3,24,0,33,_printf_i,/Users/swchen.tw/git/percepio/poc/.tools/xpack-riscv-none-elf-gcc-15.2.0-1/bin/../lib/gcc/riscv-none-elf/15.2.0/../../../../riscv-none-elf/lib/libg_nano.a(libc_a-nano-vfprintf_i.o),
by_pc,2147521682,3,63,126,129,3,3,24,0,33,_printf_i,/Users/swchen.tw/git/percepio/poc/.tools/xpack-riscv-none-elf-gcc-15.2.0-1/bin/../lib/gcc/riscv-none-elf/15.2.0/../../../../riscv-none-elf/lib/libg_nano.a(libc_a-nano-vfprintf_i.o),
by_pc,2147521684,3,63,126,129,3,3,24,0,33,_printf_i,/Users/swchen.tw/git/percepio/poc/.tools/xpack-riscv-none-elf-gcc-15.2.0-1/bin/../lib/gcc/riscv-none-elf/15.2.0/../../../../riscv-none-elf/lib/libg_nano.a(libc_a-nano-vfprintf_i.o),
by_pc,2147521686,3,63,126,129,3,3,24,0,33,_printf_i,/Users/swchen.tw/git/percepio/poc/.tools/xpack-riscv-none-elf-gcc-15.2.0-1/bin/../lib/gcc/riscv-none-elf/15.2.0/../../../../riscv-none-elf/lib/libg_nano.a(libc_a-nano-vfprintf_i.o),
by_pc,2147521688,3,63,126,129,3,3,24,0,33,_printf_i,/Users/swchen.tw/git/percepio/poc/.tools/xpack-riscv-none-elf-gcc-15.2.0-1/bin/../lib/gcc/riscv-none-elf/15.2.0/../../../../riscv-none-elf/lib/libg_nano.a(libc_a-nano-vfprintf_i.o),
by_pc,2147521690,3,6,12,15,3,3,0,0,0,_printf_i,/Users/swchen.tw/git/percepio/poc/.tools/xpack-riscv-none-elf-gcc-15.2.0-1/bin/../lib/gcc/riscv-none-elf/15.2.0/../../../../riscv-none-elf/lib/libg_nano.a(libc_a-nano-vfprintf_i.o),
by_pc,2147521694,3,3,6,9,3,0,0,0,0,_printf_i,/Users/swchen.tw/git/percepio/poc/.tools/xpack-riscv-none-elf-gcc-15.2.0-1/bin/../lib/gcc/riscv-none-elf/15.2.0/../../../../riscv-none-elf/lib/libg_nano.a(libc_a-nano-vfprintf_i.o),
by_pc,2147521696,3,3,6,9,3,0,0,0,0,_printf_i,/Users/swchen.tw/git/percepio/poc/.tools/xpack-riscv-none-elf-gcc-15.2.0-1/bin/../lib/gcc/riscv-none-elf/15.2.0/../../../../riscv-none-elf/lib/libg_nano.a(libc_a-nano-vfprintf_i.o),
by_pc,2147521700,3,3,6,9,3,0,0,0,0,_printf_i,/Users/swchen.tw/git/percepio/poc/.tools/xpack-riscv-none-elf-gcc-15.2.0-1/bin/../lib/gcc/riscv-none-elf/15.2.0/../../../../riscv-none-elf/lib/libg_nano.a(libc_a-nano-vfprintf_i.o),
by_pc,2147521702,3,3,6,9,3,0,0,0,0,_printf_i,/Users/swchen.tw/git/percepio/poc/.tools/xpack-riscv-none-elf-gcc-15.2.0-1/bin/../lib/gcc/riscv-none-elf/15.2.0/../../../../riscv-none-elf/lib/libg_nano.a(libc_a-nano-vfprintf_i.o),
by_pc,2147521704,3,3,6,9,3,0,0,0,0,_printf_i,/Users/swchen.tw/git/percepio/poc/.tools/xpack-riscv-none-elf-gcc-15.2.0-1/bin/../lib/gcc/riscv-none-elf/15.2.0/../../../../riscv-none-elf/lib/libg_nano.a(libc_a-nano-vfprintf_i.o),
by_pc,2147521706,3,3,6,9,3,0,0,0,0,_printf_i,/Users/swchen.tw/git/percepio/poc/.tools/xpack-riscv-none-elf-gcc-15.2.0-1/bin/../lib/gcc/riscv-none-elf/15.2.0/../../../../riscv-none-elf/lib/libg_nano.a(libc_a-nano-vfprintf_i.o),
by_pc,2147521710,3,3,6,9,3,0,0,0,0,_printf_i,/Users/swchen.tw/git/percepio/poc/.tools/xpack-riscv-none-elf-gcc-15.2.0-1/bin/../lib/gcc/riscv-none-elf/15.2.0/../../../../riscv-none-elf/lib/libg_nano.a(libc_a-nano-vfprintf_i.o),
by_pc,2147521714,3,3,6,9,3,0,0,0,0,_printf_i,/Users/swchen.tw/git/percepio/poc/.tools/xpack-riscv-none-elf-gcc-15.2.0-1/bin/../lib/gcc/riscv-none-elf/15.2.0/../../../../riscv-none-elf/lib/libg_nano.a(libc_a-nano-vfprintf_i.o),
by_pc,2147521718,3,3,6,9,3,0,0,0,0,_printf_i,/Users/swchen.tw/git/percepio/poc/.tools/xpack-riscv-none-elf-gcc-15.2.0-1/bin/../lib/gcc/riscv-none-elf/15.2.0/../../../../riscv-none-elf/lib/libg_nano.a(libc_a-nano-vfprintf_i.o),
by_pc,2147521748,2,28,56,58,2,0,8,18,0,_printf_i,/Users/swchen.tw/git/percepio/poc/.tools/xpack-riscv-none-elf-gcc-15.2.0-1/bin/../lib/gcc/riscv-none-elf/15.2.0/../../../../riscv-none-elf/lib/libg_nano.a(libc_a-nano-vfprintf_i.o),
by_pc,2147521752,2,2,4,6,2,0,0,0,0,_printf_i,/Users/swchen.tw/git/percepio/poc/.tools/xpack-riscv-none-elf-gcc-15.2.0-1/bin/../lib/gcc/riscv-none-elf/15.2.0/../../../../riscv-none-elf/lib/libg_nano.a(libc_a-nano-vfprintf_i.o),
by_pc,2147521756,2,2,4,6,2,0,0,0,0,_printf_i,/Users/swchen.tw/git/percepio/poc/.tools/xpack-riscv-none-elf-gcc-15.2.0-1/bin/../lib/gcc/riscv-none-elf/15.2.0/../../../../riscv-none-elf/lib/libg_nano.a(libc_a-nano-vfprintf_i.o),
by_pc,2147521758,2,2,4,6,2,0,0,0,0,_printf_i,/Users/swchen.tw/git/percepio/poc/.tools/xpack-riscv-none-elf-gcc-15.2.0-1/bin/../lib/gcc/riscv-none-elf/15.2.0/../../../../riscv-none-elf/lib/libg_nano.a(libc_a-nano-vfprintf_i.o),
by_pc,2147521762,2,2,4,6,2,0,0,0,0,_printf_i,/Users/swchen.tw/git/percepio/poc/.tools/xpack-riscv-none-elf-gcc-15.2.0-1/bin/../lib/gcc/riscv-none-elf/15.2.0/../../../../riscv-none-elf/lib/libg_nano.a(libc_a-nano-vfprintf_i.o),
by_pc,2147521766,2,2,4,6,2,0,0,0,0,_printf_i,/Users/swchen.tw/git/percepio/poc/.tools/xpack-riscv-none-elf-gcc-15.2.0-1/bin/../lib/gcc/riscv-none-elf/15.2.0/../../../../riscv-none-elf/lib/libg_nano.a(libc_a-nano-vfprintf_i.o),
by_pc,2147521770,2,2,4,6,2,0,0,0,0,_printf_i,/Users/swchen.tw/git/percepio/poc/.tools/xpack-riscv-none-elf-gcc-15.2.0-1/bin/../lib/gcc/riscv-none-elf/15.2.0/../../../../riscv-none-elf/lib/libg_nano.a(libc_a-nano-vfprintf_i.o),
by_pc,2147521772,2,2,4,6,2,0,0,0,0,_printf_i,/Users/swchen.tw/git/percepio/poc/.tools/xpack-riscv-none-elf-gcc-15.2.0-1/bin/../lib/gcc/riscv-none-elf/15.2.0/../../../../riscv-none-elf/lib/libg_nano.a(libc_a-nano-vfprintf_i.o),
by_pc,2147521774,2,30,60,62,2,2,8,18,0,_printf_i,/Users/swchen.tw/git/percepio/poc/.tools/xpack-riscv-none-elf-gcc-15.2.0-1/bin/../lib/gcc/riscv-none-elf/15.2.0/../../../../riscv-none-elf/lib/libg_nano.a(libc_a-nano-vfprintf_i.o),
by_pc,2147521776,2,2,4,6,2,0,0,0,0,_printf_i,/Users/swchen.tw/git/percepio/poc/.tools/xpack-riscv-none-elf-gcc-15.2.0-1/bin/../lib/gcc/riscv-none-elf/15.2.0/../../../../riscv-none-elf/lib/libg_nano.a(libc_a-nano-vfprintf_i.o),
by_pc,2147521778,2,2,4,6,2,0,0,0,0,_printf_i,/Users/swchen.tw/git/percepio/poc/.tools/xpack-riscv-none-elf-gcc-15.2.0-1/bin/../lib/gcc/riscv-none-elf/15.2.0/../../../../riscv-none-elf/lib/libg_nano.a(libc_a-nano-vfprintf_i.o),
by_pc,2147522182,2,30,60,62,2,2,8,18,0,_printf_i,/Users/swchen.tw/git/percepio/poc/.tools/xpack-riscv-none-elf-gcc-15.2.0-1/bin/../lib/gcc/riscv-none-elf/15.2.0/../../../../riscv-none-elf/lib/libg_nano.a(libc_a-nano-vfprintf_i.o),
by_pc,2147522184,2,4,8,10,2,2,0,0,0,_printf_i,/Users/swchen.tw/git/percepio/poc/.tools/xpack-riscv-none-elf-gcc-15.2.0-1/bin/../lib/gcc/riscv-none-elf/15.2.0/../../../../riscv-none-elf/lib/libg_nano.a(libc_a-nano-vfprintf_i.o),
by_pc,2147522186,2,2,4,6,2,0,0,0,0,_printf_i,/Users/swchen.tw/git/percepio/poc/.tools/xpack-riscv-none-elf-gcc-15.2.0-1/bin/../lib/gcc/riscv-none-elf/15.2.0/../../../../riscv-none-elf/lib/libg_nano.a(libc_a-nano-vfprintf_i.o),
by_pc,2147522188,2,2,4,6,2,0,0,0,0,_printf_i,/Users/swchen.tw/git/percepio/poc/.tools/xpack-riscv-none-elf-gcc-15.2.0-1/bin/../lib/gcc/riscv-none-elf/15.2.0/../../../../riscv-none-elf/lib/libg_nano.a(libc_a-nano-vfprintf_i.o),
by_pc,2147522192,2,42,84,86,2,2,16,0,22,_printf_i,/Users/swchen.tw/git/percepio/poc/.tools/xpack-riscv-none-elf-gcc-15.2.0-1/bin/../lib/gcc/riscv-none-elf/15.2.0/../../../../riscv-none-elf/lib/libg_nano.a(libc_a-nano-vfprintf_i.o),
by_pc,2147522194,2,4,8,10,2,2,0,0,0,_printf_i,/Users/swchen.tw/git/percepio/poc/.tools/xpack-riscv-none-elf-gcc-15.2.0-1/bin/../lib/gcc/riscv-none-elf/15.2.0/../../../../riscv-none-elf/lib/libg_nano.a(libc_a-nano-vfprintf_i.o),
by_pc,2147522198,2,2,4,6,2,0,0,0,0,_printf_i,/Users/swchen.tw/git/percepio/poc/.tools/xpack-riscv-none-elf-gcc-15.2.0-1/bin/../lib/gcc/riscv-none-elf/15.2.0/../../../../riscv-none-elf/lib/libg_nano.a(libc_a-nano-vfprintf_i.o),
by_pc,2147522200,2,2,4,6,2,0,0,0,0,_printf_i,/Users/swchen.tw/git/percepio/poc/.tools/xpack-riscv-none-elf-gcc-15.2.0-1/bin/../lib/gcc/riscv-none-elf/15.2.0/../../../../riscv-none-elf/lib/libg_nano.a(libc_a-nano-vfprintf_i.o),
by_pc,2147522202,2,2,4,6,2,0,0,0,0,_printf_i,/Users/swchen.tw/git/percepio/poc/.tools/xpack-riscv-none-elf-gcc-15.2.0-1/bin/../lib/gcc/riscv-none-elf/15.2.0/../../../../riscv-none-elf/lib/libg_nano.a(libc_a-nano-vfprintf_i.o),
by_pc,2147522204,2,2,4,6,2,0,0,0,0,_printf_i,/Users/swchen.tw/git/percepio/poc/.tools/xpack-riscv-none-elf-gcc-15.2.0-1/bin/../lib/gcc/riscv-none-elf/15.2.0/../../../../riscv-none-elf/lib/libg_nano.a(libc_a-nano-vfprintf_i.o),
by_pc,2147522208,2,42,84,86,2,2,16,0,22,_printf_i,/Users/swchen.tw/git/percepio/poc/.tools/xpack-riscv-none-elf-gcc-15.2.0-1/bin/../lib/gcc/riscv-none-elf/15.2.0/../../../../riscv-none-elf/lib/libg_nano.a(libc_a-nano-vfprintf_i.o),
by_pc,2147522210,2,4,8,10,2,2,0,0,0,_printf_i,/Users/swchen.tw/git/percepio/poc/.tools/xpack-riscv-none-elf-gcc-15.2.0-1/bin/../lib/gcc/riscv-none-elf/15.2.0/../../../../riscv-none-elf/lib/libg_nano.a(libc_a-nano-vfprintf_i.o),
by_pc,2147522212,3,63,126,129,3,3,24,0,33,_printf_i,/Users/swchen.tw/git/percepio/poc/.tools/xpack-riscv-none-elf-gcc-15.2.0-1/bin/../lib/gcc/riscv-none-elf/15.2.0/../../../../riscv-none-elf/lib/libg_nano.a(libc_a-nano-vfprintf_i.o),
by_pc,2147522214,3,63,126,129,3,3,24,0,33,_printf_i,/Users/swchen.tw/git/percepio/poc/.tools/xpack-riscv-none-elf-gcc-15.2.0-1/bin/../lib/gcc/riscv-none-elf/15.2.0/../../../../riscv-none-elf/lib/libg_nano.a(libc_a-nano-vfprintf_i.o),
by_pc,2147522218,3,3,6,9,3,0,0,0,0,_printf_i,/Users/swchen.tw/git/percepio/poc/.tools/xpack-riscv-none-elf-gcc-15.2.0-1/bin/../lib/gcc/riscv-none-elf/15.2.0/../../../../riscv-none-elf/lib/libg_nano.a(libc_a-nano-vfprintf_i.o),
by_pc,2147522000,3,29,58,61,3,0,8,18,0,_printf_i,/Users/swchen.tw/git/percepio/poc/.tools/xpack-riscv-none-elf-gcc-15.2.0-1/bin/../lib/gcc/riscv-none-elf/15.2.0/../../../../riscv-none-elf/lib/libg_nano.a(libc_a-nano-vfprintf_i.o),
by_pc,2147522002,3,3,6,9,3,0,0,0,0,_printf_i,/Users/swchen.tw/git/percepio/poc/.tools/xpack-riscv-none-elf-gcc-15.2.0-1/bin/../lib/gcc/riscv-none-elf/15.2.0/../../../../riscv-none-elf/lib/libg_nano.a(libc_a-nano-vfprintf_i.o),
by_pc,2147522004,3,3,6,9,3,0,0,0,0,_printf_i,/Users/swchen.tw/git/percepio/poc/.tools/xpack-riscv-none-elf-gcc-15.2.0-1/bin/../lib/gcc/riscv-none-elf/15.2.0/../../../../riscv-none-elf/lib/libg_nano.a(libc_a-nano-vfprintf_i.o),
by_pc,2147522006,3,3,6,9,3,0,0,0,0,_printf_i,/Users/swchen.tw/git/percepio/poc/.tools/xpack-riscv-none-elf-gcc-15.2.0-1/bin/../lib/gcc/riscv-none-elf/15.2.0/../../../../riscv-none-elf/lib/libg_nano.a(libc_a-nano-vfprintf_i.o),
by_pc,2147522008,3,3,6,9,3,0,0,0,0,_printf_i,/Users/swchen.tw/git/percepio/poc/.tools/xpack-riscv-none-elf-gcc-15.2.0-1/bin/../lib/gcc/riscv-none-elf/15.2.0/../../../../riscv-none-elf/lib/libg_nano.a(libc_a-nano-vfprintf_i.o),
by_pc,2147522010,3,3,6,9,3,0,0,0,0,_printf_i,/Users/swchen.tw/git/percepio/poc/.tools/xpack-riscv-none-elf-gcc-15.2.0-1/bin/../lib/gcc/riscv-none-elf/15.2.0/../../../../riscv-none-elf/lib/libg_nano.a(libc_a-nano-vfprintf_i.o),
by_pc,2147521400,3,29,58,61,3,0,8,18,0,_printf_common,/Users/swchen.tw/git/percepio/poc/.tools/xpack-riscv-none-elf-gcc-15.2.0-1/bin/../lib/gcc/riscv-none-elf/15.2.0/../../../../riscv-none-elf/lib/libg_nano.a(libc_a-nano-vfprintf_i.o),
by_pc,2147521402,3,81,162,165,3,3,24,18,33,_printf_common,/Users/swchen.tw/git/percepio/poc/.tools/xpack-riscv-none-elf-gcc-15.2.0-1/bin/../lib/gcc/riscv-none-elf/15.2.0/../../../../riscv-none-elf/lib/libg_nano.a(libc_a-nano-vfprintf_i.o),
by_pc,2147521404,3,6,12,15,3,3,0,0,0,_printf_common,/Users/swchen.tw/git/percepio/poc/.tools/xpack-riscv-none-elf-gcc-15.2.0-1/bin/../lib/gcc/riscv-none-elf/15.2.0/../../../../riscv-none-elf/lib/libg_nano.a(libc_a-nano-vfprintf_i.o),
by_pc,2147521406,3,3,6,9,3,0,0,0,0,_printf_common,/Users/swchen.tw/git/percepio/poc/.tools/xpack-riscv-none-elf-gcc-15.2.0-1/bin/../lib/gcc/riscv-none-elf/15.2.0/../../../../riscv-none-elf/lib/libg_nano.a(libc_a-nano-vfprintf_i.o),
by_pc,2147521408,3,32,64,67,3,3,8,18,0,_printf_common,/Users/swchen.tw/git/percepio/poc/.tools/xpack-riscv-none-elf-gcc-15.2.0-1/bin/../lib/gcc/riscv-none-elf/15.2.0/../../../../riscv-none-elf/lib/libg_nano.a(libc_a-nano-vfprintf_i.o),
by_pc,2147521410,3,63,126,129,3,3,24,0,33,_printf_common,/Users/swchen.tw/git/percepio/poc/.tools/xpack-riscv-none-elf-gcc-15.2.0-1/bin/../lib/gcc/riscv-none-elf/15.2.0/../../../../riscv-none-elf/lib/libg_nano.a(libc_a-nano-vfprintf_i.o),
by_pc,2147521412,3,63,126,129,3,3,24,0,33,_printf_common,/Users/swchen.tw/git/percepio/poc/.tools/xpack-riscv-none-elf-gcc-15.2.0-1/bin/../lib/gcc/riscv-none-elf/15.2.0/../../../../riscv-none-elf/lib/libg_nano.a(libc_a-nano-vfprintf_i.o),
by_pc,2147521414,3,63,126,129,3,3,24,0,33,_printf_common,/Users/swchen.tw/git/percepio/poc/.tools/xpack-riscv-none-elf-gcc-15.2.0-1/bin/../lib/gcc/riscv-none-elf/15.2.0/../../../../riscv-none-elf/lib/libg_nano.a(libc_a-nano-vfprintf_i.o),
by_pc,2147521416,3,81,162,165,3,3,24,18,33,_printf_common,/Users/swchen.tw/git/percepio/poc/.tools/xpack-riscv-none-elf-gcc-15.2.0-1/bin/../lib/gcc/riscv-none-elf/15.2.0/../../../../riscv-none-elf/lib/libg_nano.a(libc_a-nano-vfprintf_i.o),
by_pc,2147521418,3,63,126,129,3,3,24,0,33,_printf_common,/Users/swchen.tw/git/percepio/poc/.tools/xpack-riscv-none-elf-gcc-15.2.0-1/bin/../lib/gcc/riscv-none-elf/15.2.0/../../../../riscv-none-elf/lib/libg_nano.a(libc_a-nano-vfprintf_i.o),
by_pc,2147521420,3,63,126,129,3,3,24,0,33,_printf_common,/Users/swchen.tw/git/percepio/poc/.tools/xpack-riscv-none-elf-gcc-15.2.0-1/bin/../lib/gcc/riscv-none-elf/15.2.0/../../../../riscv-none-elf/lib/libg_nano.a(libc_a-nano-vfprintf_i.o),
by_pc,2147521422,3,63,126,129,3,3,24,0,33,_printf_common,/Users/swchen.tw/git/percepio/poc/.tools/xpack-riscv-none-elf-gcc-15.2.0-1/bin/../lib/gcc/riscv-none-elf/15.2.0/../../../../riscv-none-elf/lib/libg_nano.a(libc_a-nano-vfprintf_i.o),
by_pc,2147521424,3,63,126,129,3,3,24,0,33,_printf_common,/Users/swchen.tw/git/percepio/poc/.tools/xpack-riscv-none-elf-gcc-15.2.0-1/bin/../lib/gcc/riscv-none-elf/15.2.0/../../../../riscv-none-elf/lib/libg_nano.a(libc_a-nano-vfprintf_i.o),
by_pc,2147521426,3,3,6,9,3,0,0,0,0,_printf_common,/Users/swchen.tw/git/percepio/poc/.tools/xpack-riscv-none-elf-gcc-15.2.0-1/bin/../lib/gcc/riscv-none-elf/15.2.0/../../../../riscv-none-elf/lib/libg_nano.a(libc_a-nano-vfprintf_i.o),
by_pc,2147521428,3,3,6,9,3,0,0,0,0,_printf_common,/Users/swchen.tw/git/percepio/poc/.tools/xpack-riscv-none-elf-gcc-15.2.0-1/bin/../lib/gcc/riscv-none-elf/15.2.0/../../../../riscv-none-elf/lib/libg_nano.a(libc_a-nano-vfprintf_i.o),
by_pc,2147521430,3,3,6,9,3,0,0,0,0,_printf_common,/Users/swchen.tw/git/percepio/poc/.tools/xpack-riscv-none-elf-gcc-15.2.0-1/bin/../lib/gcc/riscv-none-elf/15.2.0/../../../../riscv-none-elf/lib/libg_nano.a(libc_a-nano-vfprintf_i.o),
by_pc,2147521432,3,3,6,9,3,0,0,0,0,_printf_common,/Users/swchen.tw/git/percepio/poc/.tools/xpack-riscv-none-elf-gcc-15.2.0-1/bin/../lib/gcc/riscv-none-elf/15.2.0/../../../../riscv-none-elf/lib/libg_nano.a(libc_a-nano-vfprintf_i.o),
by_pc,2147521434,3,3,6,9,3,0,0,0,0,_printf_common,/Users/swchen.tw/git/percepio/poc/.tools/xpack-riscv-none-elf-gcc-15.2.0-1/bin/../lib/gcc/riscv-none-elf/15.2.0/../../../../riscv-none-elf/lib/libg_nano.a(libc_a-nano-vfprintf_i.o),
by_pc,2147521440,3,63,126,129,3,3,24,0,33,_printf_common,/Users/swchen.tw/git/percepio/poc/.tools/xpack-riscv-none-elf-gcc-15.2.0-1/bin/../lib/gcc/riscv-none-elf/15.2.0/../../../../riscv-none-elf/lib/libg_nano.a(libc_a-nano-vfprintf_i.o),
by_pc,2147521444,3,6,12,15,3,3,0,0,0,_printf_common,/Users/swchen.tw/git/percepio/poc/.tools/xpack-riscv-none-elf-gcc-15.2.0-1/bin/../lib/gcc/riscv-none-elf/15.2.0/../../../../riscv-none-elf/lib/libg_nano.a(libc_a-nano-vfprintf_i.o),
by_pc,2147521448,3,3,6,9,3,0,0,0,0,_printf_common,/Users/swchen.tw/git/percepio/poc/.tools/xpack-riscv-none-elf-gcc-15.2.0-1/bin/../lib/gcc/riscv-none-elf/15.2.0/../../../../riscv-none-elf/lib/libg_nano.a(libc_a-nano-vfprintf_i.o),
by_pc,2147521456,3,6,12,15,3,3,0,0,0,_printf_common,/Users/swchen.tw/git/percepio/poc/.tools/xpack-riscv-none-elf-gcc-15.2.0-1/bin/../lib/gcc/riscv-none-elf/15.2.0/../../../../riscv-none-elf/lib/libg_nano.a(libc_a-nano-vfprintf_i.o),
by_pc,2147521458,3,3,6,9,3,0,0,0,0,_printf_common,/Users/swchen.tw/git/percepio/poc/.tools/xpack-riscv-none-elf-gcc-15.2.0-1/bin/../lib/gcc/riscv-none-elf/15.2.0/../../../../riscv-none-elf/lib/libg_nano.a(libc_a-nano-vfprintf_i.o),
by_pc,2147521462,3,3,6,9,3,0,0,0,0,_printf_common,/Users/swchen.tw/git/percepio/poc/.tools/xpack-riscv-none-elf-gcc-15.2.0-1/bin/../lib/gcc/riscv-none-elf/15.2.0/../../../../riscv-none-elf/lib/libg_nano.a(libc_a-nano-vfprintf_i.o),
by_pc,2147521474,3,32,64,67,3,3,8,18,0,_printf_common,/Users/swchen.tw/git/percepio/poc/.tools/xpack-riscv-none-elf-gcc-15.2.0-1/bin/../lib/gcc/riscv-none-elf/15.2.0/../../../../riscv-none-elf/lib/libg_nano.a(libc_a-nano-vfprintf_i.o),
by_pc,2147521476,3,3,6,9,3,0,0,0,0,_printf_common,/Users/swchen.tw/git/percepio/poc/.tools/xpack-riscv-none-elf-gcc-15.2.0-1/bin/../lib/gcc/riscv-none-elf/15.2.0/../../../../riscv-none-elf/lib/libg_nano.a(libc_a-nano-vfprintf_i.o),
by_pc,2147521478,3,3,6,9,3,0,0,0,0,_printf_common,/Users/swchen.tw/git/percepio/poc/.tools/xpack-riscv-none-elf-gcc-15.2.0-1/bin/../lib/gcc/riscv-none-elf/15.2.0/../../../../riscv-none-elf/lib/libg_nano.a(libc_a-nano-vfprintf_i.o),
by_pc,2147521480,3,3,6,9,3,0,0,0,0,_printf_common,/Users/swchen.tw/git/percepio/poc/.tools/xpack-riscv-none-elf-gcc-15.2.0-1/bin/../lib/gcc/riscv-none-elf/15.2.0/../../../../riscv-none-elf/lib/libg_nano.a(libc_a-nano-vfprintf_i.o),
by_pc,2147521484,3,3,6,9,3,0,0,0,0,_printf_common,/Users/swchen.tw/git/percepio/poc/.tools/xpack-riscv-none-elf-gcc-15.2.0-1/bin/../lib/gcc/riscv-none-elf/15.2.0/../../../../riscv-none-elf/lib/libg_nano.a(libc_a-nano-vfprintf_i.o),
by_pc,2147521486,3,6,12,15,3,3,0,0,0,_printf_common,/Users/swchen.tw/git/percepio/poc/.tools/xpack-riscv-none-elf-gcc-15.2.0-1/bin/../lib/gcc/riscv-none-elf/15.2.0/../../../../riscv-none-elf/lib/libg_nano.a(libc_a-nano-vfprintf_i.o),
by_pc,2147521488,3,6,12,15,3,3,0,0,0,_printf_common,/Users/swchen.tw/git/percepio/poc/.tools/xpack-riscv-none-elf-gcc-15.2.0-1/bin/../lib/gcc/riscv-none-elf/15.2.0/../../../../riscv-none-elf/lib/libg_nano.a(libc_a-nano-vfprintf_i.o),
by_pc,2147521492,3,3,6,9,3,0,0,0,0,_printf_common,/Users/swchen.tw/git/percepio/poc/.tools/xpack-riscv-none-elf-gcc-15.2.0-1/bin/../lib/gcc/riscv-none-elf/15.2.0/../../../../riscv-none-elf/lib/libg_nano.a(libc_a-nano-vfprintf_i.o),
by_pc,2147521494,3,3,6,9,3,0,0,0,0,_printf_common,/Users/swchen.tw/git/percepio/poc/.tools/xpack-riscv-none-elf-gcc-15.2.0-1/bin/../lib/gcc/riscv-none-elf/15.2.0/../../../../riscv-none-elf/lib/libg_nano.a(libc_a-nano-vfprintf_i.o),
by_pc,2147521498,3,6,12,15,3,3,0,0,0,_printf_common,/Users/swchen.tw/git/percepio/poc/.tools/xpack-riscv-none-elf-gcc-15.2.0-1/bin/../lib/gcc/riscv-none-elf/15.2.0/../../../../riscv-none-elf/lib/libg_nano.a(libc_a-nano-vfprintf_i.o),
by_pc,2147521500,3,6,12,15,3,3,0,0,0,_printf_common,/Users/swchen.tw/git/percepio/poc/.tools/xpack-riscv-none-elf-gcc-15.2.0-1/bin/../lib/gcc/riscv-none-elf/15.2.0/../../../../riscv-none-elf/lib/libg_nano.a(libc_a-nano-vfprintf_i.o),
by_pc,2147521504,3,3,6,9,3,0,0,0,0,_printf_common,/Users/swchen.tw/git/percepio/poc/.tools/xpack-riscv-none-elf-gcc-15.2.0-1/bin/../lib/gcc/riscv-none-elf/15.2.0/../../../../riscv-none-elf/lib/libg_nano.a(libc_a-nano-vfprintf_i.o),
by_pc,2147521508,3,3,6,9,3,0,0,0,0,_printf_common,/Users/swchen.tw/git/percepio/poc/.tools/xpack-riscv-none-elf-gcc-15.2.0-1/bin/../lib/gcc/riscv-none-elf/15.2.0/../../../../riscv-none-elf/lib/libg_nano.a(libc_a-nano-vfprintf_i.o),
by_pc,2147521512,3,3,6,9,3,0,0,0,0,_printf_common,/Users/swchen.tw/git/percepio/poc/.tools/xpack-riscv-none-elf-gcc-15.2.0-1/bin/../lib/gcc/riscv-none-elf/15.2.0/../../../../riscv-none-elf/lib/libg_nano.a(libc_a-nano-vfprintf_i.o),
by_pc,2147521514,3,3,6,9,3,0,0,0,0,_printf_common,/Users/swchen.tw/git/percepio/poc/.tools/xpack-riscv-none-elf-gcc-15.2.0-1/bin/../lib/gcc/riscv-none-elf/15.2.0/../../../../riscv-none-elf/lib/libg_nano.a(libc_a-nano-vfprintf_i.o),
by_pc,2147521518,3,3,6,9,3,0,0,0,0,_printf_common,/Users/swchen.tw/git/percepio/poc/.tools/xpack-riscv-none-elf-gcc-15.2.0-1/bin/../lib/gcc/riscv-none-elf/15.2.0/../../../../riscv-none-elf/lib/libg_nano.a(libc_a-nano-vfprintf_i.o),
by_pc,2147521520,3,3,6,9,3,0,0,0,0,_printf_common,/Users/swchen.tw/git/percepio/poc/.tools/xpack-riscv-none-elf-gcc-15.2.0-1/bin/../lib/gcc/riscv-none-elf/15.2.0/../../../../riscv-none-elf/lib/libg_nano.a(libc_a-nano-vfprintf_i.o),
by_pc,2147521522,3,3,6,9,3,0,0,0,0,_printf_common,/Users/swchen.tw/git/percepio/poc/.tools/xpack-riscv-none-elf-gcc-15.2.0-1/bin/../lib/gcc/riscv-none-elf/15.2.0/../../../../riscv-none-elf/lib/libg_nano.a(libc_a-nano-vfprintf_i.o),
by_pc,2147521524,3,3,6,9,3,0,0,0,0,_printf_common,/Users/swchen.tw/git/percepio/poc/.tools/xpack-riscv-none-elf-gcc-15.2.0-1/bin/../lib/gcc/riscv-none-elf/15.2.0/../../../../riscv-none-elf/lib/libg_nano.a(libc_a-nano-vfprintf_i.o),
by_pc,2147521526,3,3,6,9,3,0,0,0,0,_printf_common,/Users/swchen.tw/git/percepio/poc/.tools/xpack-riscv-none-elf-gcc-15.2.0-1/bin/../lib/gcc/riscv-none-elf/15.2.0/../../../../riscv-none-elf/lib/libg_nano.a(libc_a-nano-vfprintf_i.o),
by_pc,2147521530,3,6,12,15,3,3,0,0,0,_printf_common,/Users/swchen.tw/git/percepio/poc/.tools/xpack-riscv-none-elf-gcc-15.2.0-1/bin/../lib/gcc/riscv-none-elf/15.2.0/../../../../riscv-none-elf/lib/libg_nano.a(libc_a-nano-vfprintf_i.o),
by_pc,2147521532,3,3,6,9,3,0,0,0,0,_printf_common,/Users/swchen.tw/git/percepio/poc/.tools/xpack-riscv-none-elf-gcc-15.2.0-1/bin/../lib/gcc/riscv-none-elf/15.2.0/../../../../riscv-none-elf/lib/libg_nano.a(libc_a-nano-vfprintf_i.o),
by_pc,2147521534,3,3,6,9,3,0,0,0,0,_printf_common,/Users/swchen.tw/git/percepio/poc/.tools/xpack-riscv-none-elf-gcc-15.2.0-1/bin/../lib/gcc/riscv-none-elf/15.2.0/../../../../riscv-none-elf/lib/libg_nano.a(libc_a-nano-vfprintf_i.o),
by_pc,2147521536,3,29,58,61,3,0,8,18,0,_printf_common,/Users/swchen.tw/git/percepio/poc/.tools/xpack-riscv-none-elf-gcc-15.2.0-1/bin/../lib/gcc/riscv-none-elf/15.2.0/../../../../riscv-none-elf/lib/libg_nano.a(libc_a-nano-vfprintf_i.o),
by_pc,2147521538,3,3,6,9,3,0,0,0,0,_printf_common,/Users/swchen.tw/git/percepio/poc/.tools/xpack-riscv-none-elf-gcc-15.2.0-1/bin/../lib/gcc/riscv-none-elf/15.2.0/../../../../riscv-none-elf/lib/libg_nano.a(libc_a-nano-vfprintf_i.o),
by_pc,2147521558,3,6,12,15,3,3,0,0,0,_printf_common,/Users/swchen.tw/git/percepio/poc/.tools/xpack-riscv-none-elf-gcc-15.2.0-1/bin/../lib/gcc/riscv-none-elf/15.2.0/../../../../riscv-none-elf/lib/libg_nano.a(libc_a-nano-vfprintf_i.o),
by_pc,2147521560,3,6,12,15,3,3,0,0,0,_printf_common,/Users/swchen.tw/git/percepio/poc/.tools/xpack-riscv-none-elf-gcc-15.2.0-1/bin/../lib/gcc/riscv-none-elf/15.2.0/../../../../riscv-none-elf/lib/libg_nano.a(libc_a-nano-vfprintf_i.o),
by_pc,2147521562,3,3,6,9,3,0,0,0,0,_printf_common,/Users/swchen.tw/git/percepio/poc/.tools/xpack-riscv-none-elf-gcc-15.2.0-1/bin/../lib/gcc/riscv-none-elf/15.2.0/../../../../riscv-none-elf/lib/libg_nano.a(libc_a-nano-vfprintf_i.o),
by_pc,2147521570,3,3,6,9,3,0,0,0,0,_printf_common,/Users/swchen.tw/git/percepio/poc/.tools/xpack-riscv-none-elf-gcc-15.2.0-1/bin/../lib/gcc/riscv-none-elf/15.2.0/../../../../riscv-none-elf/lib/libg_nano.a(libc_a-nano-vfprintf_i.o),
by_pc,2147521572,3,3,6,9,3,0,0,0,0,_printf_common,/Users/swchen.tw/git/percepio/poc/.tools/xpack-riscv-none-elf-gcc-15.2.0-1/bin/../lib/gcc/riscv-none-elf/15.2.0/../../../../riscv-none-elf/lib/libg_nano.a(libc_a-nano-vfprintf_i.o),
by_pc,2147521574,3,3,6,9,3,0,0,0,0,_printf_common,/Users/swchen.tw/git/percepio/poc/.tools/xpack-riscv-none-elf-gcc-15.2.0-1/bin/../lib/gcc/riscv-none-elf/15.2.0/../../../../riscv-none-elf/lib/libg_nano.a(libc_a-nano-vfprintf_i.o),
by_pc,2147521576,3,3,6,9,3,0,0,0,0,_printf_common,/Users/swchen.tw/git/percepio/poc/.tools/xpack-riscv-none-elf-gcc-15.2.0-1/bin/../lib/gcc/riscv-none-elf/15.2.0/../../../../riscv-none-elf/lib/libg_nano.a(libc_a-nano-vfprintf_i.o),
by_pc,2147521580,3,3,6,9,3,0,0,0,0,_printf_common,/Users/swchen.tw/git/percepio/poc/.tools/xpack-riscv-none-elf-gcc-15.2.0-1/bin/../lib/gcc/riscv-none-elf/15.2.0/../../../../riscv-none-elf/lib/libg_nano.a(libc_a-nano-vfprintf_i.o),
by_pc,2147521582,3,3,6,9,3,0,0,0,0,_printf_common,/Users/swchen.tw/git/percepio/poc/.tools/xpack-riscv-none-elf-gcc-15.2.0-1/bin/../lib/gcc/riscv-none-elf/15.2.0/../../../../riscv-none-elf/lib/libg_nano.a(libc_a-nano-vfprintf_i.o),
by_pc,2147521600,3,32,64,67,3,3,8,18,0,_printf_common,/Users/swchen.tw/git/percepio/poc/.tools/xpack-riscv-none-elf-gcc-15.2.0-1/bin/../lib/gcc/riscv-none-elf/15.2.0/../../../../riscv-none-elf/lib/libg_nano.a(libc_a-nano-vfprintf_i.o),
by_pc,2147521602,3,6,12,15,3,3,0,0,0,_printf_common,/Users/swchen.tw/git/percepio/poc/.tools/xpack-riscv-none-elf-gcc-15.2.0-1/bin/../lib/gcc/riscv-none-elf/15.2.0/../../../../riscv-none-elf/lib/libg_nano.a(libc_a-nano-vfprintf_i.o),
by_pc,2147521604,3,6,12,15,3,3,0,0,0,_printf_common,/Users/swchen.tw/git/percepio/poc/.tools/xpack-riscv-none-elf-gcc-15.2.0-1/bin/../lib/gcc/riscv-none-elf/15.2.0/../../../../riscv-none-elf/lib/libg_nano.a(libc_a-nano-vfprintf_i.o),
by_pc,2147521606,3,6,12,15,3,3,0,0,0,_printf_common,/Users/swchen.tw/git/percepio/poc/.tools/xpack-riscv-none-elf-gcc-15.2.0-1/bin/../lib/gcc/riscv-none-elf/15.2.0/../../../../riscv-none-elf/lib/libg_nano.a(libc_a-nano-vfprintf_i.o),
by_pc,2147521608,3,6,12,15,3,3,0,0,0,_printf_common,/Users/swchen.tw/git/percepio/poc/.tools/xpack-riscv-none-elf-gcc-15.2.0-1/bin/../lib/gcc/riscv-none-elf/15.2.0/../../../../riscv-none-elf/lib/libg_nano.a(libc_a-nano-vfprintf_i.o),
by_pc,2147521610,3,6,12,15,3,3,0,0,0,_printf_common,/Users/swchen.tw/git/percepio/poc/.tools/xpack-riscv-none-elf-gcc-15.2.0-1/bin/../lib/gcc/riscv-none-elf/15.2.0/../../../../riscv-none-elf/lib/libg_nano.a(libc_a-nano-vfprintf_i.o),
by_pc,2147521612,3,6,12,15,3,3,0,0,0,_printf_common,/Users/swchen.tw/git/percepio/poc/.tools/xpack-riscv-none-elf-gcc-15.2.0-1/bin/../lib/gcc/riscv-none-elf/15.2.0/../../../../riscv-none-elf/lib/libg_nano.a(libc_a-nano-vfprintf_i.o),
by_pc,2147521614,3,6,12,15,3,3,0,0,0,_printf_common,/Users/swchen.tw/git/percepio/poc/.tools/xpack-riscv-none-elf-gcc-15.2.0-1/bin/../lib/gcc/riscv-none-elf/15.2.0/../../../../riscv-none-elf/lib/libg_nano.a(libc_a-nano-vfprintf_i.o),
by_pc,2147521616,3,6,12,15,3,3,0,0,0,_printf_common,/Users/swchen.tw/git/percepio/poc/.tools/xpack-riscv-none-elf-gcc-15.2.0-1/bin/../lib/gcc/riscv-none-elf/15.2.0/../../../../riscv-none-elf/lib/libg_nano.a(libc_a-nano-vfprintf_i.o),
by_pc,2147521618,3,3,6,9,3,0,0,0,0,_printf_common,/Users/swchen.tw/git/percepio/poc/.tools/xpack-riscv-none-elf-gcc-15.2.0-1/bin/../lib/gcc/riscv-none-elf/15.2.0/../../../../riscv-none-elf/lib/libg_nano.a(libc_a-nano-vfprintf_i.o),
by_pc,2147521620,3,3,6,9,3,0,0,0,0,_printf_common,/Users/swchen.tw/git/percepio/poc/.tools/xpack-riscv-none-elf-gcc-15.2.0-1/bin/../lib/gcc/riscv-none-elf/15.2.0/../../../../riscv-none-elf/lib/libg_nano.a(libc_a-nano-vfprintf_i.o),
by_pc,2147522014,3,3,6,9,3,0,0,0,0,_printf_i,/Users/swchen.tw/git/percepio/poc/.tools/xpack-riscv-none-elf-gcc-15.2.0-1/bin/../lib/gcc/riscv-none-elf/15.2.0/../../../../riscv-none-elf/lib/libg_nano.a(libc_a-nano-vfprintf_i.o),
by_pc,2147522016,3,3,6,9,3,0,0,0,0,_printf_i,/Users/swchen.tw/git/percepio/poc/.tools/xpack-riscv-none-elf-gcc-15.2.0-1/bin/../lib/gcc/riscv-none-elf/15.2.0/../../../../riscv-none-elf/lib/libg_nano.a(libc_a-nano-vfprintf_i.o),
by_pc,2147522220,3,6,12,15,3,3,0,0,0,_printf_i,/Users/swchen.tw/git/percepio/poc/.tools/xpack-riscv-none-elf-gcc-15.2.0-1/bin/../lib/gcc/riscv-none-elf/15.2.0/../../../../riscv-none-elf/lib/libg_nano.a(libc_a-nano-vfprintf_i.o),
by_pc,2147522222,3,3,6,9,3,0,0,0,0,_printf_i,/Users/swchen.tw/git/percepio/poc/.tools/xpack-riscv-none-elf-gcc-15.2.0-1/bin/../lib/gcc/riscv-none-elf/15.2.0/../../../../riscv-none-elf/lib/libg_nano.a(libc_a-nano-vfprintf_i.o),
by_pc,2147522224,3,3,6,9,3,0,0,0,0,_printf_i,/Users/swchen.tw/git/percepio/poc/.tools/xpack-riscv-none-elf-gcc-15.2.0-1/bin/../lib/gcc/riscv-none-elf/15.2.0/../../../../riscv-none-elf/lib/libg_nano.a(libc_a-nano-vfprintf_i.o),
by_pc,2147522226,3,3,6,9,3,0,0,0,0,_printf_i,/Users/swchen.tw/git/percepio/poc/.tools/xpack-riscv-none-elf-gcc-15.2.0-1/bin/../lib/gcc/riscv-none-elf/15.2.0/../../../../riscv-none-elf/lib/libg_nano.a(libc_a-nano-vfprintf_i.o),
by_pc,2147522228,3,3,6,9,3,0,0,0,0,_printf_i,/Users/swchen.tw/git/percepio/poc/.tools/xpack-riscv-none-elf-gcc-15.2.0-1/bin/../lib/gcc/riscv-none-elf/15.2.0/../../../../riscv-none-elf/lib/libg_nano.a(libc_a-nano-vfprintf_i.o),
by_pc,2147522230,3,3,6,9,3,0,0,0,0,_printf_i,/Users/swchen.tw/git/percepio/poc/.tools/xpack-riscv-none-elf-gcc-15.2.0-1/bin/../lib/gcc/riscv-none-elf/15.2.0/../../../../riscv-none-elf/lib/libg_nano.a(libc_a-nano-vfprintf_i.o),
by_pc,2147522234,3,6,12,15,3,3,0,0,0,_printf_i,/Users/swchen.tw/git/percepio/poc/.tools/xpack-riscv-none-elf-gcc-15.2.0-1/bin/../lib/gcc/riscv-none-elf/15.2.0/../../../../riscv-none-elf/lib/libg_nano.a(libc_a-nano-vfprintf_i.o),
by_pc,2147522236,3,3,6,9,3,0,0,0,0,_printf_i,/Users/swchen.tw/git/percepio/poc/.tools/xpack-riscv-none-elf-gcc-15.2.0-1/bin/../lib/gcc/riscv-none-elf/15.2.0/../../../../riscv-none-elf/lib/libg_nano.a(libc_a-nano-vfprintf_i.o),
by_pc,2147522238,3,3,6,9,3,0,0,0,0,_printf_i,/Users/swchen.tw/git/percepio/poc/.tools/xpack-riscv-none-elf-gcc-15.2.0-1/bin/../lib/gcc/riscv-none-elf/15.2.0/../../../../riscv-none-elf/lib/libg_nano.a(libc_a-nano-vfprintf_i.o),
by_pc,2147522240,3,32,64,67,3,3,8,18,0,_printf_i,/Users/swchen.tw/git/percepio/poc/.tools/xpack-riscv-none-elf-gcc-15.2.0-1/bin/../lib/gcc/riscv-none-elf/15.2.0/../../../../riscv-none-elf/lib/libg_nano.a(libc_a-nano-vfprintf_i.o),
by_pc,2147522242,3,6,12,15,3,3,0,0,0,_printf_i,/Users/swchen.tw/git/percepio/poc/.tools/xpack-riscv-none-elf-gcc-15.2.0-1/bin/../lib/gcc/riscv-none-elf/15.2.0/../../../../riscv-none-elf/lib/libg_nano.a(libc_a-nano-vfprintf_i.o),
by_pc,2147522244,3,3,6,9,3,0,0,0,0,_printf_i,/Users/swchen.tw/git/percepio/poc/.tools/xpack-riscv-none-elf-gcc-15.2.0-1/bin/../lib/gcc/riscv-none-elf/15.2.0/../../../../riscv-none-elf/lib/libg_nano.a(libc_a-nano-vfprintf_i.o),
by_pc,2147522248,3,3,6,9,3,0,0,0,0,_printf_i,/Users/swchen.tw/git/percepio/poc/.tools/xpack-riscv-none-elf-gcc-15.2.0-1/bin/../lib/gcc/riscv-none-elf/15.2.0/../../../../riscv-none-elf/lib/libg_nano.a(libc_a-nano-vfprintf_i.o),
by_pc,2147522250,3,3,6,9,3,0,0,0,0,_printf_i,/Users/swchen.tw/git/percepio/poc/.tools/xpack-riscv-none-elf-gcc-15.2.0-1/bin/../lib/gcc/riscv-none-elf/15.2.0/../../../../riscv-none-elf/lib/libg_nano.a(libc_a-nano-vfprintf_i.o),
by_pc,2147522022,3,6,12,15,3,3,0,0,0,_printf_i,/Users/swchen.tw/git/percepio/poc/.tools/xpack-riscv-none-elf-gcc-15.2.0-1/bin/../lib/gcc/riscv-none-elf/15.2.0/../../../../riscv-none-elf/lib/libg_nano.a(libc_a-nano-vfprintf_i.o),
by_pc,2147522024,3,6,12,15,3,3,0,0,0,_printf_i,/Users/swchen.tw/git/percepio/poc/.tools/xpack-riscv-none-elf-gcc-15.2.0-1/bin/../lib/gcc/riscv-none-elf/15.2.0/../../../../riscv-none-elf/lib/libg_nano.a(libc_a-nano-vfprintf_i.o),
by_pc,2147522026,3,6,12,15,3,3,0,0,0,_printf_i,/Users/swchen.tw/git/percepio/poc/.tools/xpack-riscv-none-elf-gcc-15.2.0-1/bin/../lib/gcc/riscv-none-elf/15.2.0/../../../../riscv-none-elf/lib/libg_nano.a(libc_a-nano-vfprintf_i.o),
by_pc,2147522028,3,6,12,15,3,3,0,0,0,_printf_i,/Users/swchen.tw/git/percepio/poc/.tools/xpack-riscv-none-elf-gcc-15.2.0-1/bin/../lib/gcc/riscv-none-elf/15.2.0/../../../../riscv-none-elf/lib/libg_nano.a(libc_a-nano-vfprintf_i.o),
by_pc,2147522030,3,6,12,15,3,3,0,0,0,_printf_i,/Users/swchen.tw/git/percepio/poc/.tools/xpack-riscv-none-elf-gcc-15.2.0-1/bin/../lib/gcc/riscv-none-elf/15.2.0/../../../../riscv-none-elf/lib/libg_nano.a(libc_a-nano-vfprintf_i.o),
by_pc,2147522032,3,6,12,15,3,3,0,0,0,_printf_i,/Users/swchen.tw/git/percepio/poc/.tools/xpack-riscv-none-elf-gcc-15.2.0-1/bin/../lib/gcc/riscv-none-elf/15.2.0/../../../../riscv-none-elf/lib/libg_nano.a(libc_a-nano-vfprintf_i.o),
by_pc,2147522034,3,6,12,15,3,3,0,0,0,_printf_i,/Users/swchen.tw/git/percepio/poc/.tools/xpack-riscv-none-elf-gcc-15.2.0-1/bin/../lib/gcc/riscv-none-elf/15.2.0/../../../../riscv-none-elf/lib/libg_nano.a(libc_a-nano-vfprintf_i.o),
by_pc,2147522036,3,3,6,9,3,0,0,0,0,_printf_i,/Users/swchen.tw/git/percepio/poc/.tools/xpack-riscv-none-elf-gcc-15.2.0-1/bin/../lib/gcc/riscv-none-elf/15.2.0/../../../../riscv-none-elf/lib/libg_nano.a(libc_a-nano-vfprintf_i.o),
by_pc,2147522038,3,3,6,9,3,0,0,0,0,_printf_i,/Users/swchen.tw/git/percepio/poc/.tools/xpack-riscv-none-elf-gcc-15.2.0-1/bin/../lib/gcc/riscv-none-elf/15.2.0/../../../../riscv-none-elf/lib/libg_nano.a(libc_a-nano-vfprintf_i.o),
by_pc,2147521036,3,3,6,9,3,0,0,0,0,_svfiprintf_r,/Users/swchen.tw/git/percepio/poc/.tools/xpack-riscv-none-elf-gcc-15.2.0-1/bin/../lib/gcc/riscv-none-elf/15.2.0/../../../../riscv-none-elf/lib/libg_nano.a(libc_a-nano-svfprintf.o),
by_pc,2147520996,3,3,6,9,3,0,0,0,0,_svfiprintf_r,/Users/swchen.tw/git/percepio/poc/.tools/xpack-riscv-none-elf-gcc-15.2.0-1/bin/../lib/gcc/riscv-none-elf/15.2.0/../../../../riscv-none-elf/lib/libg_nano.a(libc_a-nano-svfprintf.o),
by_pc,2147520998,3,3,6,9,3,0,0,0,0,_svfiprintf_r,/Users/swchen.tw/git/percepio/poc/.tools/xpack-riscv-none-elf-gcc-15.2.0-1/bin/../lib/gcc/riscv-none-elf/15.2.0/../../../../riscv-none-elf/lib/libg_nano.a(libc_a-nano-svfprintf.o),
by_pc,2147520940,3,6,12,15,3,3,0,0,0,_svfiprintf_r,/Users/swchen.tw/git/percepio/poc/.tools/xpack-riscv-none-elf-gcc-15.2.0-1/bin/../lib/gcc/riscv-none-elf/15.2.0/../../../../riscv-none-elf/lib/libg_nano.a(libc_a-nano-svfprintf.o),
by_pc,2147520942,3,3,6,9,3,0,0,0,0,_svfiprintf_r,/Users/swchen.tw/git/percepio/poc/.tools/xpack-riscv-none-elf-gcc-15.2.0-1/bin/../lib/gcc/riscv-none-elf/15.2.0/../../../../riscv-none-elf/lib/libg_nano.a(libc_a-nano-svfprintf.o),
by_pc,2147520946,3,3,6,9,3,0,0,0,0,_svfiprintf_r,/Users/swchen.tw/git/percepio/poc/.tools/xpack-riscv-none-elf-gcc-15.2.0-1/bin/../lib/gcc/riscv-none-elf/15.2.0/../../../../riscv-none-elf/lib/libg_nano.a(libc_a-nano-svfprintf.o),
by_pc,2147520948,3,63,126,129,3,3,24,0,33,_svfiprintf_r,/Users/swchen.tw/git/percepio/poc/.tools/xpack-riscv-none-elf-gcc-15.2.0-1/bin/../lib/gcc/riscv-none-elf/15.2.0/../../../../riscv-none-elf/lib/libg_nano.a(libc_a-nano-svfprintf.o),
by_pc,2147520950,3,3,6,9,3,0,0,0,0,_svfiprintf_r,/Users/swchen.tw/git/percepio/poc/.tools/xpack-riscv-none-elf-gcc-15.2.0-1/bin/../lib/gcc/riscv-none-elf/15.2.0/../../../../riscv-none-elf/lib/libg_nano.a(libc_a-nano-svfprintf.o),
by_pc,2147521722,1,1,2,3,1,0,0,0,0,_printf_i,/Users/swchen.tw/git/percepio/poc/.tools/xpack-riscv-none-elf-gcc-15.2.0-1/bin/../lib/gcc/riscv-none-elf/15.2.0/../../../../riscv-none-elf/lib/libg_nano.a(libc_a-nano-vfprintf_i.o),
by_pc,2147521726,1,2,4,5,2,0,0,0,0,_printf_i,/Users/swchen.tw/git/percepio/poc/.tools/xpack-riscv-none-elf-gcc-15.2.0-1/bin/../lib/gcc/riscv-none-elf/15.2.0/../../../../riscv-none-elf/lib/libg_nano.a(libc_a-nano-vfprintf_i.o),
by_pc,2147521730,1,1,2,3,1,0,0,0,0,_printf_i,/Users/swchen.tw/git/percepio/poc/.tools/xpack-riscv-none-elf-gcc-15.2.0-1/bin/../lib/gcc/riscv-none-elf/15.2.0/../../../../riscv-none-elf/lib/libg_nano.a(libc_a-nano-vfprintf_i.o),
by_pc,2147521734,1,1,2,3,1,0,0,0,0,_printf_i,/Users/swchen.tw/git/percepio/poc/.tools/xpack-riscv-none-elf-gcc-15.2.0-1/bin/../lib/gcc/riscv-none-elf/15.2.0/../../../../riscv-none-elf/lib/libg_nano.a(libc_a-nano-vfprintf_i.o),
by_pc,2147521738,1,1,2,3,1,0,0,0,0,_printf_i,/Users/swchen.tw/git/percepio/poc/.tools/xpack-riscv-none-elf-gcc-15.2.0-1/bin/../lib/gcc/riscv-none-elf/15.2.0/../../../../riscv-none-elf/lib/libg_nano.a(libc_a-nano-vfprintf_i.o),
by_pc,2147521742,1,1,2,3,1,0,0,0,0,_printf_i,/Users/swchen.tw/git/percepio/poc/.tools/xpack-riscv-none-elf-gcc-15.2.0-1/bin/../lib/gcc/riscv-none-elf/15.2.0/../../../../riscv-none-elf/lib/libg_nano.a(libc_a-nano-vfprintf_i.o),
by_pc,2147521746,1,1,2,3,1,0,0,0,0,_printf_i,/Users/swchen.tw/git/percepio/poc/.tools/xpack-riscv-none-elf-gcc-15.2.0-1/bin/../lib/gcc/riscv-none-elf/15.2.0/../../../../riscv-none-elf/lib/libg_nano.a(libc_a-nano-vfprintf_i.o),
by_pc,2147521794,1,47,94,95,1,1,16,18,11,_printf_i,/Users/swchen.tw/git/percepio/poc/.tools/xpack-riscv-none-elf-gcc-15.2.0-1/bin/../lib/gcc/riscv-none-elf/15.2.0/../../../../riscv-none-elf/lib/libg_nano.a(libc_a-nano-vfprintf_i.o),
by_pc,2147521798,1,1,2,3,1,0,0,0,0,_printf_i,/Users/swchen.tw/git/percepio/poc/.tools/xpack-riscv-none-elf-gcc-15.2.0-1/bin/../lib/gcc/riscv-none-elf/15.2.0/../../../../riscv-none-elf/lib/libg_nano.a(libc_a-nano-vfprintf_i.o),
by_pc,2147521800,1,1,2,3,1,0,0,0,0,_printf_i,/Users/swchen.tw/git/percepio/poc/.tools/xpack-riscv-none-elf-gcc-15.2.0-1/bin/../lib/gcc/riscv-none-elf/15.2.0/../../../../riscv-none-elf/lib/libg_nano.a(libc_a-nano-vfprintf_i.o),
by_pc,2147521002,1,2,4,5,1,1,0,0,0,_svfiprintf_r,/Users/swchen.tw/git/percepio/poc/.tools/xpack-riscv-none-elf-gcc-15.2.0-1/bin/../lib/gcc/riscv-none-elf/15.2.0/../../../../riscv-none-elf/lib/libg_nano.a(libc_a-nano-svfprintf.o),
by_pc,2147521006,1,1,2,3,1,0,0,0,0,_svfiprintf_r,/Users/swchen.tw/git/percepio/poc/.tools/xpack-riscv-none-elf-gcc-15.2.0-1/bin/../lib/gcc/riscv-none-elf/15.2.0/../../../../riscv-none-elf/lib/libg_nano.a(libc_a-nano-svfprintf.o),
by_pc,2147521010,1,1,2,3,1,0,0,0,0,_svfiprintf_r,/Users/swchen.tw/git/percepio/poc/.tools/xpack-riscv-none-elf-gcc-15.2.0-1/bin/../lib/gcc/riscv-none-elf/15.2.0/../../../../riscv-none-elf/lib/libg_nano.a(libc_a-nano-svfprintf.o),
by_pc,2147521014,1,2,4,5,1,1,0,0,0,_svfiprintf_r,/Users/swchen.tw/git/percepio/poc/.tools/xpack-riscv-none-elf-gcc-15.2.0-1/bin/../lib/gcc/riscv-none-elf/15.2.0/../../../../riscv-none-elf/lib/libg_nano.a(libc_a-nano-svfprintf.o),
by_pc,2147521016,1,1,2,3,1,0,0,0,0,_svfiprintf_r,/Users/swchen.tw/git/percepio/poc/.tools/xpack-riscv-none-elf-gcc-15.2.0-1/bin/../lib/gcc/riscv-none-elf/15.2.0/../../../../riscv-none-elf/lib/libg_nano.a(libc_a-nano-svfprintf.o),
by_pc,2147520486,1,2,4,5,1,1,0,0,0,_svfiprintf_r,/Users/swchen.tw/git/percepio/poc/.tools/xpack-riscv-none-elf-gcc-15.2.0-1/bin/../lib/gcc/riscv-none-elf/15.2.0/../../../../riscv-none-elf/lib/libg_nano.a(libc_a-nano-svfprintf.o),
by_pc,2147520488,1,2,4,5,1,1,0,0,0,_svfiprintf_r,/Users/swchen.tw/git/percepio/poc/.tools/xpack-riscv-none-elf-gcc-15.2.0-1/bin/../lib/gcc/riscv-none-elf/15.2.0/../../../../riscv-none-elf/lib/libg_nano.a(libc_a-nano-svfprintf.o),
by_pc,2147520490,1,2,4,5,1,1,0,0,0,_svfiprintf_r,/Users/swchen.tw/git/percepio/poc/.tools/xpack-riscv-none-elf-gcc-15.2.0-1/bin/../lib/gcc/riscv-none-elf/15.2.0/../../../../riscv-none-elf/lib/libg_nano.a(libc_a-nano-svfprintf.o),
by_pc,2147520492,1,2,4,5,1,1,0,0,0,_svfiprintf_r,/Users/swchen.tw/git/percepio/poc/.tools/xpack-riscv-none-elf-gcc-15.2.0-1/bin/../lib/gcc/riscv-none-elf/15.2.0/../../../../riscv-none-elf/lib/libg_nano.a(libc_a-nano-svfprintf.o),
by_pc,2147520494,1,2,4,5,1,1,0,0,0,_svfiprintf_r,/Users/swchen.tw/git/percepio/poc/.tools/xpack-riscv-none-elf-gcc-15.2.0-1/bin/../lib/gcc/riscv-none-elf/15.2.0/../../../../riscv-none-elf/lib/libg_nano.a(libc_a-nano-svfprintf.o),
by_pc,2147520496,1,2,4,5,1,1,0,0,0,_svfiprintf_r,/Users/swchen.tw/git/percepio/poc/.tools/xpack-riscv-none-elf-gcc-15.2.0-1/bin/../lib/gcc/riscv-none-elf/15.2.0/../../../../riscv-none-elf/lib/libg_nano.a(libc_a-nano-svfprintf.o),
by_pc,2147520498,1,2,4,5,1,1,0,0,0,_svfiprintf_r,/Users/swchen.tw/git/percepio/poc/.tools/xpack-riscv-none-elf-gcc-15.2.0-1/bin/../lib/gcc/riscv-none-elf/15.2.0/../../../../riscv-none-elf/lib/libg_nano.a(libc_a-nano-svfprintf.o),
by_pc,2147520500,1,2,4,5,1,1,0,0,0,_svfiprintf_r,/Users/swchen.tw/git/percepio/poc/.tools/xpack-riscv-none-elf-gcc-15.2.0-1/bin/../lib/gcc/riscv-none-elf/15.2.0/../../../../riscv-none-elf/lib/libg_nano.a(libc_a-nano-svfprintf.o),
by_pc,2147520502,1,2,4,5,1,1,0,0,0,_svfiprintf_r,/Users/swchen.tw/git/percepio/poc/.tools/xpack-riscv-none-elf-gcc-15.2.0-1/bin/../lib/gcc/riscv-none-elf/15.2.0/../../../../riscv-none-elf/lib/libg_nano.a(libc_a-nano-svfprintf.o),
by_pc,2147520504,1,2,4,5,1,1,0,0,0,_svfiprintf_r,/Users/swchen.tw/git/percepio/poc/.tools/xpack-riscv-none-elf-gcc-15.2.0-1/bin/../lib/gcc/riscv-none-elf/15.2.0/../../../../riscv-none-elf/lib/libg_nano.a(libc_a-nano-svfprintf.o),
by_pc,2147520506,1,1,2,3,1,0,0,0,0,_svfiprintf_r,/Users/swchen.tw/git/percepio/poc/.tools/xpack-riscv-none-elf-gcc-15.2.0-1/bin/../lib/gcc/riscv-none-elf/15.2.0/../../../../riscv-none-elf/lib/libg_nano.a(libc_a-nano-svfprintf.o),
by_pc,2147520508,1,1,2,3,1,0,0,0,0,_svfiprintf_r,/Users/swchen.tw/git/percepio/poc/.tools/xpack-riscv-none-elf-gcc-15.2.0-1/bin/../lib/gcc/riscv-none-elf/15.2.0/../../../../riscv-none-elf/lib/libg_nano.a(libc_a-nano-svfprintf.o),
by_pc,2147519890,1,1,2,3,1,0,0,0,0,sniprintf,/Users/swchen.tw/git/percepio/poc/.tools/xpack-riscv-none-elf-gcc-15.2.0-1/bin/../lib/gcc/riscv-none-elf/15.2.0/../../../../riscv-none-elf/lib/libg_nano.a(libc_a-snprintf.o),
by_pc,2147519892,1,1,2,3,1,0,0,0,0,sniprintf,/Users/swchen.tw/git/percepio/poc/.tools/xpack-riscv-none-elf-gcc-15.2.0-1/bin/../lib/gcc/riscv-none-elf/15.2.0/../../../../riscv-none-elf/lib/libg_nano.a(libc_a-snprintf.o),
by_pc,2147519902,1,1,2,3,1,0,0,0,0,sniprintf,/Users/swchen.tw/git/percepio/poc/.tools/xpack-riscv-none-elf-gcc-15.2.0-1/bin/../lib/gcc/riscv-none-elf/15.2.0/../../../../riscv-none-elf/lib/libg_nano.a(libc_a-snprintf.o),
by_pc,2147519904,1,2,4,5,1,1,0,0,0,sniprintf,/Users/swchen.tw/git/percepio/poc/.tools/xpack-riscv-none-elf-gcc-15.2.0-1/bin/../lib/gcc/riscv-none-elf/15.2.0/../../../../riscv-none-elf/lib/libg_nano.a(libc_a-snprintf.o),
by_pc,2147519906,1,21,42,43,1,1,8,0,11,sniprintf,/Users/swchen.tw/git/percepio/poc/.tools/xpack-riscv-none-elf-gcc-15.2.0-1/bin/../lib/gcc/riscv-none-elf/15.2.0/../../../../riscv-none-elf/lib/libg_nano.a(libc_a-snprintf.o),
by_pc,2147519910,1,1,2,3,1,0,0,0,0,sniprintf,/Users/swchen.tw/git/percepio/poc/.tools/xpack-riscv-none-elf-gcc-15.2.0-1/bin/../lib/gcc/riscv-none-elf/15.2.0/../../../../riscv-none-elf/lib/libg_nano.a(libc_a-snprintf.o),
by_pc,2147519842,1,2,4,5,1,1,0,0,0,sniprintf,/Users/swchen.tw/git/percepio/poc/.tools/xpack-riscv-none-elf-gcc-15.2.0-1/bin/../lib/gcc/riscv-none-elf/15.2.0/../../../../riscv-none-elf/lib/libg_nano.a(libc_a-snprintf.o),
by_pc,2147519844,1,2,4,5,1,1,0,0,0,sniprintf,/Users/swchen.tw/git/percepio/poc/.tools/xpack-riscv-none-elf-gcc-15.2.0-1/bin/../lib/gcc/riscv-none-elf/15.2.0/../../../../riscv-none-elf/lib/libg_nano.a(libc_a-snprintf.o),
by_pc,2147519846,1,2,4,5,1,1,0,0,0,sniprintf,/Users/swchen.tw/git/percepio/poc/.tools/xpack-riscv-none-elf-gcc-15.2.0-1/bin/../lib/gcc/riscv-none-elf/15.2.0/../../../../riscv-none-elf/lib/libg_nano.a(libc_a-snprintf.o),
by_pc,2147519848,1,1,2,3,1,0,0,0,0,sniprintf,/Users/swchen.tw/git/percepio/poc/.tools/xpack-riscv-none-elf-gcc-15.2.0-1/bin/../lib/gcc/riscv-none-elf/15.2.0/../../../../riscv-none-elf/lib/libg_nano.a(libc_a-snprintf.o),
by_pc,2147519850,1,1,2,3,1,0,0,0,0,sniprintf,/Users/swchen.tw/git/percepio/poc/.tools/xpack-riscv-none-elf-gcc-15.2.0-1/bin/../lib/gcc/riscv-none-elf/15.2.0/../../../../riscv-none-elf/lib/libg_nano.a(libc_a-snprintf.o),
by_pc,2147493948,1,2,4,5,1,1,0,0,0,poc_mark,/Users/swchen.tw/git/percepio/poc/runs/tcp-workload-matrix-v1/A03-baseline/build/main.o,
by_pc,2147493952,1,27,54,55,1,0,8,18,0,poc_mark,/Users/swchen.tw/git/percepio/poc/runs/tcp-workload-matrix-v1/A03-baseline/build/main.o,
by_pc,2147493954,1,1,2,3,1,0,0,0,0,poc_mark,/Users/swchen.tw/git/percepio/poc/runs/tcp-workload-matrix-v1/A03-baseline/build/main.o,
by_pc,2147493956,1,1,2,3,1,0,0,0,0,poc_mark,/Users/swchen.tw/git/percepio/poc/runs/tcp-workload-matrix-v1/A03-baseline/build/main.o,
by_pc,2147491812,1,27,54,55,1,0,8,18,0,xTracePrintF,/Users/swchen.tw/git/percepio/poc/runs/tcp-workload-matrix-v1/A03-baseline/build/trcPrint.o,
by_pc,2147491814,1,21,42,43,1,1,8,0,11,xTracePrintF,/Users/swchen.tw/git/percepio/poc/runs/tcp-workload-matrix-v1/A03-baseline/build/trcPrint.o,
by_pc,2147491816,1,2,4,5,1,1,0,0,0,xTracePrintF,/Users/swchen.tw/git/percepio/poc/runs/tcp-workload-matrix-v1/A03-baseline/build/trcPrint.o,
by_pc,2147491820,1,21,42,43,1,1,8,0,11,xTracePrintF,/Users/swchen.tw/git/percepio/poc/runs/tcp-workload-matrix-v1/A03-baseline/build/trcPrint.o,
by_pc,2147491822,1,21,42,43,1,1,8,0,11,xTracePrintF,/Users/swchen.tw/git/percepio/poc/runs/tcp-workload-matrix-v1/A03-baseline/build/trcPrint.o,
by_pc,2147491824,1,21,42,43,1,1,8,0,11,xTracePrintF,/Users/swchen.tw/git/percepio/poc/runs/tcp-workload-matrix-v1/A03-baseline/build/trcPrint.o,
by_pc,2147491826,1,21,42,43,1,1,8,0,11,xTracePrintF,/Users/swchen.tw/git/percepio/poc/runs/tcp-workload-matrix-v1/A03-baseline/build/trcPrint.o,
by_pc,2147491828,1,21,42,43,1,1,8,0,11,xTracePrintF,/Users/swchen.tw/git/percepio/poc/runs/tcp-workload-matrix-v1/A03-baseline/build/trcPrint.o,
by_pc,2147491830,1,21,42,43,1,1,8,0,11,xTracePrintF,/Users/swchen.tw/git/percepio/poc/runs/tcp-workload-matrix-v1/A03-baseline/build/trcPrint.o,
by_pc,2147491832,1,1,2,3,1,0,0,0,0,xTracePrintF,/Users/swchen.tw/git/percepio/poc/runs/tcp-workload-matrix-v1/A03-baseline/build/trcPrint.o,
by_pc,2147491836,1,1,2,3,1,0,0,0,0,xTracePrintF,/Users/swchen.tw/git/percepio/poc/runs/tcp-workload-matrix-v1/A03-baseline/build/trcPrint.o,
by_pc,2147491840,1,27,54,55,1,0,8,18,0,xTracePrintF,/Users/swchen.tw/git/percepio/poc/runs/tcp-workload-matrix-v1/A03-baseline/build/trcPrint.o,
by_pc,2147491842,1,1,2,3,1,0,0,0,0,xTracePrintF,/Users/swchen.tw/git/percepio/poc/runs/tcp-workload-matrix-v1/A03-baseline/build/trcPrint.o,
by_pc,2147491844,1,21,42,43,1,1,8,0,11,xTracePrintF,/Users/swchen.tw/git/percepio/poc/runs/tcp-workload-matrix-v1/A03-baseline/build/trcPrint.o,
by_pc,2147491846,1,1,2,3,1,0,0,0,0,xTracePrintF,/Users/swchen.tw/git/percepio/poc/runs/tcp-workload-matrix-v1/A03-baseline/build/trcPrint.o,
by_pc,2147491720,1,28,56,57,1,1,8,18,0,xTraceVPrintF,/Users/swchen.tw/git/percepio/poc/runs/tcp-workload-matrix-v1/A03-baseline/build/trcPrint.o,
by_pc,2147491724,1,1,2,3,1,0,0,0,0,xTraceVPrintF,/Users/swchen.tw/git/percepio/poc/runs/tcp-workload-matrix-v1/A03-baseline/build/trcPrint.o,
by_pc,2147491726,1,1,2,3,1,0,0,0,0,xTraceVPrintF,/Users/swchen.tw/git/percepio/poc/runs/tcp-workload-matrix-v1/A03-baseline/build/trcPrint.o,
by_pc,2147491730,1,1,2,3,1,0,0,0,0,xTraceVPrintF,/Users/swchen.tw/git/percepio/poc/runs/tcp-workload-matrix-v1/A03-baseline/build/trcPrint.o,
by_pc,2147491734,1,1,2,3,1,0,0,0,0,xTraceVPrintF,/Users/swchen.tw/git/percepio/poc/runs/tcp-workload-matrix-v1/A03-baseline/build/trcPrint.o,
by_pc,2147491744,1,1,2,3,1,0,0,0,0,xTraceVPrintF,/Users/swchen.tw/git/percepio/poc/runs/tcp-workload-matrix-v1/A03-baseline/build/trcPrint.o,
by_pc,2147491746,1,1,2,3,1,0,0,0,0,xTraceVPrintF,/Users/swchen.tw/git/percepio/poc/runs/tcp-workload-matrix-v1/A03-baseline/build/trcPrint.o,
by_pc,2147491748,1,1,2,3,1,0,0,0,0,xTraceVPrintF,/Users/swchen.tw/git/percepio/poc/runs/tcp-workload-matrix-v1/A03-baseline/build/trcPrint.o,
by_pc,2147491752,44,44,88,132,44,0,0,0,0,xTraceVPrintF,/Users/swchen.tw/git/percepio/poc/runs/tcp-workload-matrix-v1/A03-baseline/build/trcPrint.o,
by_pc,2147491756,44,88,176,220,44,44,0,0,0,xTraceVPrintF,/Users/swchen.tw/git/percepio/poc/runs/tcp-workload-matrix-v1/A03-baseline/build/trcPrint.o,
by_pc,2147491760,44,44,88,132,44,0,0,0,0,xTraceVPrintF,/Users/swchen.tw/git/percepio/poc/runs/tcp-workload-matrix-v1/A03-baseline/build/trcPrint.o,
by_pc,2147491764,44,44,88,132,44,0,0,0,0,xTraceVPrintF,/Users/swchen.tw/git/percepio/poc/runs/tcp-workload-matrix-v1/A03-baseline/build/trcPrint.o,
by_pc,2147491768,43,43,86,129,43,0,0,0,0,xTraceVPrintF,/Users/swchen.tw/git/percepio/poc/runs/tcp-workload-matrix-v1/A03-baseline/build/trcPrint.o,
by_pc,2147491772,43,43,86,129,43,0,0,0,0,xTraceVPrintF,/Users/swchen.tw/git/percepio/poc/runs/tcp-workload-matrix-v1/A03-baseline/build/trcPrint.o,
by_pc,2147491780,43,43,86,129,43,0,0,0,0,xTraceVPrintF,/Users/swchen.tw/git/percepio/poc/runs/tcp-workload-matrix-v1/A03-baseline/build/trcPrint.o,
by_pc,2147491804,43,43,86,129,43,0,0,0,0,xTraceVPrintF,/Users/swchen.tw/git/percepio/poc/runs/tcp-workload-matrix-v1/A03-baseline/build/trcPrint.o,
by_pc,2147491806,43,43,86,129,43,0,0,0,0,xTraceVPrintF,/Users/swchen.tw/git/percepio/poc/runs/tcp-workload-matrix-v1/A03-baseline/build/trcPrint.o,
by_pc,2147491784,1,1,2,3,1,0,0,0,0,xTraceVPrintF,/Users/swchen.tw/git/percepio/poc/runs/tcp-workload-matrix-v1/A03-baseline/build/trcPrint.o,
by_pc,2147491788,1,2,4,5,1,1,0,0,0,xTraceVPrintF,/Users/swchen.tw/git/percepio/poc/runs/tcp-workload-matrix-v1/A03-baseline/build/trcPrint.o,
by_pc,2147491792,1,1,2,3,1,0,0,0,0,xTraceVPrintF,/Users/swchen.tw/git/percepio/poc/runs/tcp-workload-matrix-v1/A03-baseline/build/trcPrint.o,
by_pc,2147491796,1,1,2,3,1,0,0,0,0,xTraceVPrintF,/Users/swchen.tw/git/percepio/poc/runs/tcp-workload-matrix-v1/A03-baseline/build/trcPrint.o,
by_pc,2147491798,1,1,2,3,1,0,0,0,0,xTraceVPrintF,/Users/swchen.tw/git/percepio/poc/runs/tcp-workload-matrix-v1/A03-baseline/build/trcPrint.o,
by_pc,2147491802,1,1,2,3,1,0,0,0,0,xTraceVPrintF,/Users/swchen.tw/git/percepio/poc/runs/tcp-workload-matrix-v1/A03-baseline/build/trcPrint.o,
by_pc,2147491776,1,1,2,3,1,0,0,0,0,xTraceVPrintF,/Users/swchen.tw/git/percepio/poc/runs/tcp-workload-matrix-v1/A03-baseline/build/trcPrint.o,
by_pc,2147491266,1,27,54,55,1,0,8,18,0,prvTraceVPrintF,/Users/swchen.tw/git/percepio/poc/runs/tcp-workload-matrix-v1/A03-baseline/build/trcPrint.o,
by_pc,2147491268,1,21,42,43,1,1,8,0,11,prvTraceVPrintF,/Users/swchen.tw/git/percepio/poc/runs/tcp-workload-matrix-v1/A03-baseline/build/trcPrint.o,
by_pc,2147491270,1,21,42,43,1,1,8,0,11,prvTraceVPrintF,/Users/swchen.tw/git/percepio/poc/runs/tcp-workload-matrix-v1/A03-baseline/build/trcPrint.o,
by_pc,2147491272,1,21,42,43,1,1,8,0,11,prvTraceVPrintF,/Users/swchen.tw/git/percepio/poc/runs/tcp-workload-matrix-v1/A03-baseline/build/trcPrint.o,
by_pc,2147491274,1,21,42,43,1,1,8,0,11,prvTraceVPrintF,/Users/swchen.tw/git/percepio/poc/runs/tcp-workload-matrix-v1/A03-baseline/build/trcPrint.o,
by_pc,2147491276,1,1,2,3,1,0,0,0,0,prvTraceVPrintF,/Users/swchen.tw/git/percepio/poc/runs/tcp-workload-matrix-v1/A03-baseline/build/trcPrint.o,
by_pc,2147491278,1,1,2,3,1,0,0,0,0,prvTraceVPrintF,/Users/swchen.tw/git/percepio/poc/runs/tcp-workload-matrix-v1/A03-baseline/build/trcPrint.o,
by_pc,2147491280,1,1,2,3,1,0,0,0,0,prvTraceVPrintF,/Users/swchen.tw/git/percepio/poc/runs/tcp-workload-matrix-v1/A03-baseline/build/trcPrint.o,
by_pc,2147491282,1,1,2,3,1,0,0,0,0,prvTraceVPrintF,/Users/swchen.tw/git/percepio/poc/runs/tcp-workload-matrix-v1/A03-baseline/build/trcPrint.o,
by_pc,2147491298,1,1,2,3,1,0,0,0,0,prvTraceVPrintF,/Users/swchen.tw/git/percepio/poc/runs/tcp-workload-matrix-v1/A03-baseline/build/trcPrint.o,
by_pc,2147491300,1,1,2,3,1,0,0,0,0,prvTraceVPrintF,/Users/swchen.tw/git/percepio/poc/runs/tcp-workload-matrix-v1/A03-baseline/build/trcPrint.o,
by_pc,2147491304,1,1,2,3,1,0,0,0,0,prvTraceVPrintF,/Users/swchen.tw/git/percepio/poc/runs/tcp-workload-matrix-v1/A03-baseline/build/trcPrint.o,
by_pc,2147491308,1,1,2,3,1,0,0,0,0,prvTraceVPrintF,/Users/swchen.tw/git/percepio/poc/runs/tcp-workload-matrix-v1/A03-baseline/build/trcPrint.o,
by_pc,2147491312,1,1,2,3,1,0,0,0,0,prvTraceVPrintF,/Users/swchen.tw/git/percepio/poc/runs/tcp-workload-matrix-v1/A03-baseline/build/trcPrint.o,
by_pc,2147491314,1,1,2,3,1,0,0,0,0,prvTraceVPrintF,/Users/swchen.tw/git/percepio/poc/runs/tcp-workload-matrix-v1/A03-baseline/build/trcPrint.o,
by_pc,2147491316,1,10,20,21,1,1,8,0,0,prvTraceVPrintF,/Users/swchen.tw/git/percepio/poc/runs/tcp-workload-matrix-v1/A03-baseline/build/trcPrint.o,
by_pc,2147491318,1,1,2,3,1,0,0,0,0,prvTraceVPrintF,/Users/swchen.tw/git/percepio/poc/runs/tcp-workload-matrix-v1/A03-baseline/build/trcPrint.o,
by_pc,2147491320,1,1,2,3,1,0,0,0,0,prvTraceVPrintF,/Users/swchen.tw/git/percepio/poc/runs/tcp-workload-matrix-v1/A03-baseline/build/trcPrint.o,
by_pc,2147491386,1,28,56,57,1,1,8,18,0,prvTraceVPrintF,/Users/swchen.tw/git/percepio/poc/runs/tcp-workload-matrix-v1/A03-baseline/build/trcPrint.o,
by_pc,2147491388,1,1,2,3,1,0,0,0,0,prvTraceVPrintF,/Users/swchen.tw/git/percepio/poc/runs/tcp-workload-matrix-v1/A03-baseline/build/trcPrint.o,
by_pc,2147491390,1,1,2,3,1,0,0,0,0,prvTraceVPrintF,/Users/swchen.tw/git/percepio/poc/runs/tcp-workload-matrix-v1/A03-baseline/build/trcPrint.o,
by_pc,2147491392,1,27,54,55,1,0,8,18,0,prvTraceVPrintF,/Users/swchen.tw/git/percepio/poc/runs/tcp-workload-matrix-v1/A03-baseline/build/trcPrint.o,
by_pc,2147491396,1,21,42,43,1,1,8,0,11,prvTraceVPrintF,/Users/swchen.tw/git/percepio/poc/runs/tcp-workload-matrix-v1/A03-baseline/build/trcPrint.o,
by_pc,2147491398,1,2,4,5,1,1,0,0,0,prvTraceVPrintF,/Users/swchen.tw/git/percepio/poc/runs/tcp-workload-matrix-v1/A03-baseline/build/trcPrint.o,
by_pc,2147491400,1,2,4,5,1,1,0,0,0,prvTraceVPrintF,/Users/swchen.tw/git/percepio/poc/runs/tcp-workload-matrix-v1/A03-baseline/build/trcPrint.o,
by_pc,2147491402,1,2,4,5,1,1,0,0,0,prvTraceVPrintF,/Users/swchen.tw/git/percepio/poc/runs/tcp-workload-matrix-v1/A03-baseline/build/trcPrint.o,
by_pc,2147491404,1,2,4,5,1,1,0,0,0,prvTraceVPrintF,/Users/swchen.tw/git/percepio/poc/runs/tcp-workload-matrix-v1/A03-baseline/build/trcPrint.o,
by_pc,2147491406,1,2,4,5,1,1,0,0,0,prvTraceVPrintF,/Users/swchen.tw/git/percepio/poc/runs/tcp-workload-matrix-v1/A03-baseline/build/trcPrint.o,
by_pc,2147491408,1,1,2,3,1,0,0,0,0,prvTraceVPrintF,/Users/swchen.tw/git/percepio/poc/runs/tcp-workload-matrix-v1/A03-baseline/build/trcPrint.o,
by_pc,2147491410,1,1,2,3,1,0,0,0,0,prvTraceVPrintF,/Users/swchen.tw/git/percepio/poc/runs/tcp-workload-matrix-v1/A03-baseline/build/trcPrint.o,
by_pc,2147491414,1,1,2,3,1,0,0,0,0,prvTraceVPrintF,/Users/swchen.tw/git/percepio/poc/runs/tcp-workload-matrix-v1/A03-baseline/build/trcPrint.o,
by_pc,2147491416,1,1,2,3,1,0,0,0,0,prvTraceVPrintF,/Users/swchen.tw/git/percepio/poc/runs/tcp-workload-matrix-v1/A03-baseline/build/trcPrint.o,
by_pc,2147489598,1,27,54,55,1,0,8,18,0,xTraceEventCreateData2,/Users/swchen.tw/git/percepio/poc/runs/tcp-workload-matrix-v1/A03-baseline/build/trcEvent.o,
by_pc,2147489600,1,47,94,95,1,1,16,18,11,xTraceEventCreateData2,/Users/swchen.tw/git/percepio/poc/runs/tcp-workload-matrix-v1/A03-baseline/build/trcEvent.o,
by_pc,2147489602,1,1,2,3,1,0,0,0,0,xTraceEventCreateData2,/Users/swchen.tw/git/percepio/poc/runs/tcp-workload-matrix-v1/A03-baseline/build/trcEvent.o,
by_pc,2147489606,1,1,2,3,1,0,0,0,0,xTraceEventCreateData2,/Users/swchen.tw/git/percepio/poc/runs/tcp-workload-matrix-v1/A03-baseline/build/trcEvent.o,
by_pc,2147489608,1,21,42,43,1,1,8,0,11,xTraceEventCreateData2,/Users/swchen.tw/git/percepio/poc/runs/tcp-workload-matrix-v1/A03-baseline/build/trcEvent.o,
by_pc,2147489610,1,21,42,43,1,1,8,0,11,xTraceEventCreateData2,/Users/swchen.tw/git/percepio/poc/runs/tcp-workload-matrix-v1/A03-baseline/build/trcEvent.o,
by_pc,2147489612,1,21,42,43,1,1,8,0,11,xTraceEventCreateData2,/Users/swchen.tw/git/percepio/poc/runs/tcp-workload-matrix-v1/A03-baseline/build/trcEvent.o,
by_pc,2147489614,1,21,42,43,1,1,8,0,11,xTraceEventCreateData2,/Users/swchen.tw/git/percepio/poc/runs/tcp-workload-matrix-v1/A03-baseline/build/trcEvent.o,
by_pc,2147489616,1,21,42,43,1,1,8,0,11,xTraceEventCreateData2,/Users/swchen.tw/git/percepio/poc/runs/tcp-workload-matrix-v1/A03-baseline/build/trcEvent.o,
by_pc,2147489618,1,21,42,43,1,1,8,0,11,xTraceEventCreateData2,/Users/swchen.tw/git/percepio/poc/runs/tcp-workload-matrix-v1/A03-baseline/build/trcEvent.o,
by_pc,2147489620,1,21,42,43,1,1,8,0,11,xTraceEventCreateData2,/Users/swchen.tw/git/percepio/poc/runs/tcp-workload-matrix-v1/A03-baseline/build/trcEvent.o,
by_pc,2147489622,1,1,2,3,1,0,0,0,0,xTraceEventCreateData2,/Users/swchen.tw/git/percepio/poc/runs/tcp-workload-matrix-v1/A03-baseline/build/trcEvent.o,
by_pc,2147489626,1,1,2,3,1,0,0,0,0,xTraceEventCreateData2,/Users/swchen.tw/git/percepio/poc/runs/tcp-workload-matrix-v1/A03-baseline/build/trcEvent.o,
by_pc,2147489630,1,1,2,3,1,0,0,0,0,xTraceEventCreateData2,/Users/swchen.tw/git/percepio/poc/runs/tcp-workload-matrix-v1/A03-baseline/build/trcEvent.o,
by_pc,2147489638,1,2,4,5,1,1,0,0,0,xTraceEventCreateData2,/Users/swchen.tw/git/percepio/poc/runs/tcp-workload-matrix-v1/A03-baseline/build/trcEvent.o,
by_pc,2147489642,1,1,2,3,1,0,0,0,0,xTraceEventCreateData2,/Users/swchen.tw/git/percepio/poc/runs/tcp-workload-matrix-v1/A03-baseline/build/trcEvent.o,
by_pc,2147489644,1,1,2,3,1,0,0,0,0,xTraceEventCreateData2,/Users/swchen.tw/git/percepio/poc/runs/tcp-workload-matrix-v1/A03-baseline/build/trcEvent.o,
by_pc,2147489646,1,2,4,5,1,1,0,0,0,xTraceEventCreateData2,/Users/swchen.tw/git/percepio/poc/runs/tcp-workload-matrix-v1/A03-baseline/build/trcEvent.o,
by_pc,2147489650,1,2,4,5,1,1,0,0,0,xTraceEventCreateData2,/Users/swchen.tw/git/percepio/poc/runs/tcp-workload-matrix-v1/A03-baseline/build/trcEvent.o,
by_pc,2147489652,1,1,2,3,1,0,0,0,0,xTraceEventCreateData2,/Users/swchen.tw/git/percepio/poc/runs/tcp-workload-matrix-v1/A03-baseline/build/trcEvent.o,
by_pc,2147489654,1,1,2,3,1,0,0,0,0,xTraceEventCreateData2,/Users/swchen.tw/git/percepio/poc/runs/tcp-workload-matrix-v1/A03-baseline/build/trcEvent.o,
by_pc,2147489656,1,1,2,3,1,0,0,0,0,xTraceEventCreateData2,/Users/swchen.tw/git/percepio/poc/runs/tcp-workload-matrix-v1/A03-baseline/build/trcEvent.o,
by_pc,2147489658,1,1,2,3,1,0,0,0,0,xTraceEventCreateData2,/Users/swchen.tw/git/percepio/poc/runs/tcp-workload-matrix-v1/A03-baseline/build/trcEvent.o,
by_pc,2147489660,1,1,2,3,1,0,0,0,0,xTraceEventCreateData2,/Users/swchen.tw/git/percepio/poc/runs/tcp-workload-matrix-v1/A03-baseline/build/trcEvent.o,
by_pc,2147489664,1,27,54,55,1,0,8,18,0,xTraceEventCreateData2,/Users/swchen.tw/git/percepio/poc/runs/tcp-workload-matrix-v1/A03-baseline/build/trcEvent.o,
by_pc,2147489668,1,2,4,5,1,1,0,0,0,xTraceEventCreateData2,/Users/swchen.tw/git/percepio/poc/runs/tcp-workload-matrix-v1/A03-baseline/build/trcEvent.o,
by_pc,2147489670,1,1,2,3,1,0,0,0,0,xTraceEventCreateData2,/Users/swchen.tw/git/percepio/poc/runs/tcp-workload-matrix-v1/A03-baseline/build/trcEvent.o,
by_pc,2147489672,1,2,4,5,1,1,0,0,0,xTraceEventCreateData2,/Users/swchen.tw/git/percepio/poc/runs/tcp-workload-matrix-v1/A03-baseline/build/trcEvent.o,
by_pc,2147489674,1,1,2,3,1,0,0,0,0,xTraceEventCreateData2,/Users/swchen.tw/git/percepio/poc/runs/tcp-workload-matrix-v1/A03-baseline/build/trcEvent.o,
by_pc,2147489676,1,21,42,43,1,1,8,0,11,xTraceEventCreateData2,/Users/swchen.tw/git/percepio/poc/runs/tcp-workload-matrix-v1/A03-baseline/build/trcEvent.o,
by_pc,2147489678,1,2,4,5,1,1,0,0,0,xTraceEventCreateData2,/Users/swchen.tw/git/percepio/poc/runs/tcp-workload-matrix-v1/A03-baseline/build/trcEvent.o,
by_pc,2147489682,1,2,4,5,1,1,0,0,0,xTraceEventCreateData2,/Users/swchen.tw/git/percepio/poc/runs/tcp-workload-matrix-v1/A03-baseline/build/trcEvent.o,
by_pc,2147489686,1,2,4,5,1,1,0,0,0,xTraceEventCreateData2,/Users/swchen.tw/git/percepio/poc/runs/tcp-workload-matrix-v1/A03-baseline/build/trcEvent.o,
by_pc,2147489688,1,1,2,3,1,0,0,0,0,xTraceEventCreateData2,/Users/swchen.tw/git/percepio/poc/runs/tcp-workload-matrix-v1/A03-baseline/build/trcEvent.o,
by_pc,2147489690,1,1,2,3,1,0,0,0,0,xTraceEventCreateData2,/Users/swchen.tw/git/percepio/poc/runs/tcp-workload-matrix-v1/A03-baseline/build/trcEvent.o,
by_pc,2147489692,1,1,2,3,1,0,0,0,0,xTraceEventCreateData2,/Users/swchen.tw/git/percepio/poc/runs/tcp-workload-matrix-v1/A03-baseline/build/trcEvent.o,
by_pc,2147489694,1,1,2,3,1,0,0,0,0,xTraceEventCreateData2,/Users/swchen.tw/git/percepio/poc/runs/tcp-workload-matrix-v1/A03-baseline/build/trcEvent.o,
by_pc,2147489698,1,1,2,3,1,0,0,0,0,xTraceEventCreateData2,/Users/swchen.tw/git/percepio/poc/runs/tcp-workload-matrix-v1/A03-baseline/build/trcEvent.o,
by_pc,2147489700,1,1,2,3,1,0,0,0,0,xTraceEventCreateData2,/Users/swchen.tw/git/percepio/poc/runs/tcp-workload-matrix-v1/A03-baseline/build/trcEvent.o,
by_pc,2147489702,1,21,42,43,1,1,8,0,11,xTraceEventCreateData2,/Users/swchen.tw/git/percepio/poc/runs/tcp-workload-matrix-v1/A03-baseline/build/trcEvent.o,
by_pc,2147489706,1,2,4,5,1,1,0,0,0,xTraceEventCreateData2,/Users/swchen.tw/git/percepio/poc/runs/tcp-workload-matrix-v1/A03-baseline/build/trcEvent.o,
by_pc,2147489708,1,2,4,5,1,1,0,0,0,xTraceEventCreateData2,/Users/swchen.tw/git/percepio/poc/runs/tcp-workload-matrix-v1/A03-baseline/build/trcEvent.o,
by_pc,2147489710,1,21,42,43,1,1,8,0,11,xTraceEventCreateData2,/Users/swchen.tw/git/percepio/poc/runs/tcp-workload-matrix-v1/A03-baseline/build/trcEvent.o,
by_pc,2147489714,1,1,2,3,1,0,0,0,0,xTraceEventCreateData2,/Users/swchen.tw/git/percepio/poc/runs/tcp-workload-matrix-v1/A03-baseline/build/trcEvent.o,
by_pc,2147489718,1,2,4,5,1,1,0,0,0,xTraceEventCreateData2,/Users/swchen.tw/git/percepio/poc/runs/tcp-workload-matrix-v1/A03-baseline/build/trcEvent.o,
by_pc,2147489722,1,21,42,43,1,1,8,0,11,xTraceEventCreateData2,/Users/swchen.tw/git/percepio/poc/runs/tcp-workload-matrix-v1/A03-baseline/build/trcEvent.o,
by_pc,2147489724,1,2,4,5,1,1,0,0,0,xTraceEventCreateData2,/Users/swchen.tw/git/percepio/poc/runs/tcp-workload-matrix-v1/A03-baseline/build/trcEvent.o,
by_pc,2147489726,1,28,56,57,2,0,8,18,0,xTraceEventCreateData2,/Users/swchen.tw/git/percepio/poc/runs/tcp-workload-matrix-v1/A03-baseline/build/trcEvent.o,
by_pc,2147489736,1,2,4,5,1,1,0,0,0,xTraceEventCreateData2,/Users/swchen.tw/git/percepio/poc/runs/tcp-workload-matrix-v1/A03-baseline/build/trcEvent.o,
by_pc,2147489738,1,1,2,3,1,0,0,0,0,xTraceEventCreateData2,/Users/swchen.tw/git/percepio/poc/runs/tcp-workload-matrix-v1/A03-baseline/build/trcEvent.o,
by_pc,2147489740,1,1,2,3,1,0,0,0,0,xTraceEventCreateData2,/Users/swchen.tw/git/percepio/poc/runs/tcp-workload-matrix-v1/A03-baseline/build/trcEvent.o,
by_pc,2147489742,1,21,42,43,1,1,8,0,11,xTraceEventCreateData2,/Users/swchen.tw/git/percepio/poc/runs/tcp-workload-matrix-v1/A03-baseline/build/trcEvent.o,
by_pc,2147489744,1,21,42,43,1,1,8,0,11,xTraceEventCreateData2,/Users/swchen.tw/git/percepio/poc/runs/tcp-workload-matrix-v1/A03-baseline/build/trcEvent.o,
by_pc,2147489748,1,21,42,43,1,1,8,0,11,xTraceEventCreateData2,/Users/swchen.tw/git/percepio/poc/runs/tcp-workload-matrix-v1/A03-baseline/build/trcEvent.o,
by_pc,2147489752,1,1,2,3,1,0,0,0,0,xTraceEventCreateData2,/Users/swchen.tw/git/percepio/poc/runs/tcp-workload-matrix-v1/A03-baseline/build/trcEvent.o,
by_pc,2147489756,1,1,2,3,1,0,0,0,0,xTraceEventCreateData2,/Users/swchen.tw/git/percepio/poc/runs/tcp-workload-matrix-v1/A03-baseline/build/trcEvent.o,
by_pc,2147489760,1,1,2,3,1,0,0,0,0,xTraceEventCreateData2,/Users/swchen.tw/git/percepio/poc/runs/tcp-workload-matrix-v1/A03-baseline/build/trcEvent.o,
by_pc,2147489762,1,1,2,3,1,0,0,0,0,xTraceEventCreateData2,/Users/swchen.tw/git/percepio/poc/runs/tcp-workload-matrix-v1/A03-baseline/build/trcEvent.o,
by_pc,2147489764,1,1,2,3,1,0,0,0,0,xTraceEventCreateData2,/Users/swchen.tw/git/percepio/poc/runs/tcp-workload-matrix-v1/A03-baseline/build/trcEvent.o,
by_pc,2147489768,1,1,2,3,1,0,0,0,0,xTraceEventCreateData2,/Users/swchen.tw/git/percepio/poc/runs/tcp-workload-matrix-v1/A03-baseline/build/trcEvent.o,
by_pc,2147489770,1,1,2,3,1,0,0,0,0,xTraceEventCreateData2,/Users/swchen.tw/git/percepio/poc/runs/tcp-workload-matrix-v1/A03-baseline/build/trcEvent.o,
by_pc,2147489774,1,1,2,3,1,0,0,0,0,xTraceEventCreateData2,/Users/swchen.tw/git/percepio/poc/runs/tcp-workload-matrix-v1/A03-baseline/build/trcEvent.o,
by_pc,2147489776,1,1,2,3,1,0,0,0,0,xTraceEventCreateData2,/Users/swchen.tw/git/percepio/poc/runs/tcp-workload-matrix-v1/A03-baseline/build/trcEvent.o,
by_pc,2147488456,1,1,2,3,1,0,0,0,0,poc_irq_restore,/Users/swchen.tw/git/percepio/poc/runs/tcp-workload-matrix-v1/A03-baseline/build/trcEvent.o,
by_pc,2147488460,1,1,2,3,1,0,0,0,0,poc_irq_restore,/Users/swchen.tw/git/percepio/poc/runs/tcp-workload-matrix-v1/A03-baseline/build/trcEvent.o,
by_pc,2147489780,1,1,2,3,1,0,0,0,0,xTraceEventCreateData2,/Users/swchen.tw/git/percepio/poc/runs/tcp-workload-matrix-v1/A03-baseline/build/trcEvent.o,
by_pc,2147489782,1,2,4,5,1,1,0,0,0,xTraceEventCreateData2,/Users/swchen.tw/git/percepio/poc/runs/tcp-workload-matrix-v1/A03-baseline/build/trcEvent.o,
by_pc,2147489784,1,2,4,5,1,1,0,0,0,xTraceEventCreateData2,/Users/swchen.tw/git/percepio/poc/runs/tcp-workload-matrix-v1/A03-baseline/build/trcEvent.o,
by_pc,2147489786,1,2,4,5,1,1,0,0,0,xTraceEventCreateData2,/Users/swchen.tw/git/percepio/poc/runs/tcp-workload-matrix-v1/A03-baseline/build/trcEvent.o,
by_pc,2147489788,1,2,4,5,1,1,0,0,0,xTraceEventCreateData2,/Users/swchen.tw/git/percepio/poc/runs/tcp-workload-matrix-v1/A03-baseline/build/trcEvent.o,
by_pc,2147489790,1,2,4,5,1,1,0,0,0,xTraceEventCreateData2,/Users/swchen.tw/git/percepio/poc/runs/tcp-workload-matrix-v1/A03-baseline/build/trcEvent.o,
by_pc,2147489792,1,28,56,57,1,1,8,18,0,xTraceEventCreateData2,/Users/swchen.tw/git/percepio/poc/runs/tcp-workload-matrix-v1/A03-baseline/build/trcEvent.o,
by_pc,2147489794,1,2,4,5,1,1,0,0,0,xTraceEventCreateData2,/Users/swchen.tw/git/percepio/poc/runs/tcp-workload-matrix-v1/A03-baseline/build/trcEvent.o,
by_pc,2147489796,1,1,2,3,1,0,0,0,0,xTraceEventCreateData2,/Users/swchen.tw/git/percepio/poc/runs/tcp-workload-matrix-v1/A03-baseline/build/trcEvent.o,
by_pc,2147489798,1,1,2,3,1,0,0,0,0,xTraceEventCreateData2,/Users/swchen.tw/git/percepio/poc/runs/tcp-workload-matrix-v1/A03-baseline/build/trcEvent.o,
by_pc,2147489800,1,1,2,3,1,0,0,0,0,xTraceEventCreateData2,/Users/swchen.tw/git/percepio/poc/runs/tcp-workload-matrix-v1/A03-baseline/build/trcEvent.o,
by_pc,2147491848,1,2,4,5,1,1,0,0,0,xTracePrintF,/Users/swchen.tw/git/percepio/poc/runs/tcp-workload-matrix-v1/A03-baseline/build/trcPrint.o,
by_pc,2147491850,1,1,2,3,1,0,0,0,0,xTracePrintF,/Users/swchen.tw/git/percepio/poc/runs/tcp-workload-matrix-v1/A03-baseline/build/trcPrint.o,
by_pc,2147491852,1,1,2,3,1,0,0,0,0,xTracePrintF,/Users/swchen.tw/git/percepio/poc/runs/tcp-workload-matrix-v1/A03-baseline/build/trcPrint.o,
by_pc,2147493960,1,1,2,3,1,0,0,0,0,poc_mark,/Users/swchen.tw/git/percepio/poc/runs/tcp-workload-matrix-v1/A03-baseline/build/main.o,
by_pc,2147493976,1,2,4,5,1,1,0,0,0,poc_mark,/Users/swchen.tw/git/percepio/poc/runs/tcp-workload-matrix-v1/A03-baseline/build/main.o,
by_pc,2147493978,1,2,4,5,1,1,0,0,0,poc_mark,/Users/swchen.tw/git/percepio/poc/runs/tcp-workload-matrix-v1/A03-baseline/build/main.o,
by_pc,2147493980,1,1,2,3,1,0,0,0,0,poc_mark,/Users/swchen.tw/git/percepio/poc/runs/tcp-workload-matrix-v1/A03-baseline/build/main.o,
by_pc,2147493982,1,1,2,3,1,0,0,0,0,poc_mark,/Users/swchen.tw/git/percepio/poc/runs/tcp-workload-matrix-v1/A03-baseline/build/main.o,
by_pc,2147496050,1,2,4,5,1,1,0,0,0,timing_observer,/Users/swchen.tw/git/percepio/poc/runs/tcp-workload-matrix-v1/A03-baseline/build/tcp_request_response_irq.o,
by_pc,2147496052,1,1,2,3,1,0,0,0,0,timing_observer,/Users/swchen.tw/git/percepio/poc/runs/tcp-workload-matrix-v1/A03-baseline/build/tcp_request_response_irq.o,
by_pc,2147496054,1,1,2,3,1,0,0,0,0,timing_observer,/Users/swchen.tw/git/percepio/poc/runs/tcp-workload-matrix-v1/A03-baseline/build/tcp_request_response_irq.o,
by_pc,2147496056,1,1,2,3,1,0,0,0,0,timing_observer,/Users/swchen.tw/git/percepio/poc/runs/tcp-workload-matrix-v1/A03-baseline/build/tcp_request_response_irq.o,
by_pc,2147486056,1,1,2,3,1,0,0,0,0,vTaskSuspend,/Users/swchen.tw/git/percepio/poc/runs/tcp-workload-matrix-v1/A03-baseline/build/tasks.o,
by_pc,2147486058,1,21,42,43,1,1,8,0,11,vTaskSuspend,/Users/swchen.tw/git/percepio/poc/runs/tcp-workload-matrix-v1/A03-baseline/build/tasks.o,
by_pc,2147486060,1,21,42,43,1,1,8,0,11,vTaskSuspend,/Users/swchen.tw/git/percepio/poc/runs/tcp-workload-matrix-v1/A03-baseline/build/tasks.o,
by_pc,2147486062,1,21,42,43,1,1,8,0,11,vTaskSuspend,/Users/swchen.tw/git/percepio/poc/runs/tcp-workload-matrix-v1/A03-baseline/build/tasks.o,
by_pc,2147486064,1,21,42,43,1,1,8,0,11,vTaskSuspend,/Users/swchen.tw/git/percepio/poc/runs/tcp-workload-matrix-v1/A03-baseline/build/tasks.o,
by_pc,2147486066,1,21,42,43,1,1,8,0,11,vTaskSuspend,/Users/swchen.tw/git/percepio/poc/runs/tcp-workload-matrix-v1/A03-baseline/build/tasks.o,
by_pc,2147486068,1,1,2,3,1,0,0,0,0,vTaskSuspend,/Users/swchen.tw/git/percepio/poc/runs/tcp-workload-matrix-v1/A03-baseline/build/tasks.o,
by_pc,2147486072,1,1,2,3,1,0,0,0,0,vTaskSuspend,/Users/swchen.tw/git/percepio/poc/runs/tcp-workload-matrix-v1/A03-baseline/build/tasks.o,
by_pc,2147486076,1,1,2,3,1,0,0,0,0,vTaskSuspend,/Users/swchen.tw/git/percepio/poc/runs/tcp-workload-matrix-v1/A03-baseline/build/tasks.o,
by_pc,2147486080,1,28,56,57,1,1,8,18,0,vTaskSuspend,/Users/swchen.tw/git/percepio/poc/runs/tcp-workload-matrix-v1/A03-baseline/build/tasks.o,
by_pc,2147486082,1,1,2,3,1,0,0,0,0,vTaskSuspend,/Users/swchen.tw/git/percepio/poc/runs/tcp-workload-matrix-v1/A03-baseline/build/tasks.o,
by_pc,2147486086,1,1,2,3,1,0,0,0,0,vTaskSuspend,/Users/swchen.tw/git/percepio/poc/runs/tcp-workload-matrix-v1/A03-baseline/build/tasks.o,
by_pc,2147486088,1,1,2,3,1,0,0,0,0,vTaskSuspend,/Users/swchen.tw/git/percepio/poc/runs/tcp-workload-matrix-v1/A03-baseline/build/tasks.o,
by_pc,2147486090,1,21,42,43,1,1,8,0,11,vTaskSuspend,/Users/swchen.tw/git/percepio/poc/runs/tcp-workload-matrix-v1/A03-baseline/build/tasks.o,
by_pc,2147486092,1,1,2,3,1,0,0,0,0,vTaskSuspend,/Users/swchen.tw/git/percepio/poc/runs/tcp-workload-matrix-v1/A03-baseline/build/tasks.o,
by_pc,2147486094,1,2,4,5,1,1,0,0,0,vTaskSuspend,/Users/swchen.tw/git/percepio/poc/runs/tcp-workload-matrix-v1/A03-baseline/build/tasks.o,
by_pc,2147486098,1,1,2,3,1,0,0,0,0,vTaskSuspend,/Users/swchen.tw/git/percepio/poc/runs/tcp-workload-matrix-v1/A03-baseline/build/tasks.o,
by_pc,2147486100,1,1,2,3,1,0,0,0,0,vTaskSuspend,/Users/swchen.tw/git/percepio/poc/runs/tcp-workload-matrix-v1/A03-baseline/build/tasks.o,
by_pc,2147486104,1,1,2,3,1,0,0,0,0,vTaskSuspend,/Users/swchen.tw/git/percepio/poc/runs/tcp-workload-matrix-v1/A03-baseline/build/tasks.o,
by_pc,2147486108,1,1,2,3,1,0,0,0,0,vTaskSuspend,/Users/swchen.tw/git/percepio/poc/runs/tcp-workload-matrix-v1/A03-baseline/build/tasks.o,
by_pc,2147486112,1,1,2,3,1,0,0,0,0,vTaskSuspend,/Users/swchen.tw/git/percepio/poc/runs/tcp-workload-matrix-v1/A03-baseline/build/tasks.o,
by_pc,2147486114,1,1,2,3,1,0,0,0,0,vTaskSuspend,/Users/swchen.tw/git/percepio/poc/runs/tcp-workload-matrix-v1/A03-baseline/build/tasks.o,
by_pc,2147486418,1,28,56,57,1,1,8,18,0,uxListRemove,/Users/swchen.tw/git/percepio/poc/runs/tcp-workload-matrix-v1/A03-baseline/build/list.o,
by_pc,2147486420,1,2,4,5,1,1,0,0,0,uxListRemove,/Users/swchen.tw/git/percepio/poc/runs/tcp-workload-matrix-v1/A03-baseline/build/list.o,
by_pc,2147486422,1,2,4,5,1,1,0,0,0,uxListRemove,/Users/swchen.tw/git/percepio/poc/runs/tcp-workload-matrix-v1/A03-baseline/build/list.o,
by_pc,2147486424,1,21,42,43,1,1,8,0,11,uxListRemove,/Users/swchen.tw/git/percepio/poc/runs/tcp-workload-matrix-v1/A03-baseline/build/list.o,
by_pc,2147486426,1,2,4,5,1,1,0,0,0,uxListRemove,/Users/swchen.tw/git/percepio/poc/runs/tcp-workload-matrix-v1/A03-baseline/build/list.o,
by_pc,2147486428,1,21,42,43,1,1,8,0,11,uxListRemove,/Users/swchen.tw/git/percepio/poc/runs/tcp-workload-matrix-v1/A03-baseline/build/list.o,
by_pc,2147486430,1,2,4,5,1,1,0,0,0,uxListRemove,/Users/swchen.tw/git/percepio/poc/runs/tcp-workload-matrix-v1/A03-baseline/build/list.o,
by_pc,2147486432,1,1,2,3,1,0,0,0,0,uxListRemove,/Users/swchen.tw/git/percepio/poc/runs/tcp-workload-matrix-v1/A03-baseline/build/list.o,
by_pc,2147486436,1,2,4,5,1,1,0,0,0,uxListRemove,/Users/swchen.tw/git/percepio/poc/runs/tcp-workload-matrix-v1/A03-baseline/build/list.o,
by_pc,2147486438,1,21,42,43,1,1,8,0,11,uxListRemove,/Users/swchen.tw/git/percepio/poc/runs/tcp-workload-matrix-v1/A03-baseline/build/list.o,
by_pc,2147486440,1,21,42,43,1,1,8,0,11,uxListRemove,/Users/swchen.tw/git/percepio/poc/runs/tcp-workload-matrix-v1/A03-baseline/build/list.o,
by_pc,2147486444,1,2,4,5,1,1,0,0,0,uxListRemove,/Users/swchen.tw/git/percepio/poc/runs/tcp-workload-matrix-v1/A03-baseline/build/list.o,
by_pc,2147486446,1,1,2,3,1,0,0,0,0,uxListRemove,/Users/swchen.tw/git/percepio/poc/runs/tcp-workload-matrix-v1/A03-baseline/build/list.o,
by_pc,2147486448,1,21,42,43,1,1,8,0,11,uxListRemove,/Users/swchen.tw/git/percepio/poc/runs/tcp-workload-matrix-v1/A03-baseline/build/list.o,
by_pc,2147486450,1,1,2,3,1,0,0,0,0,uxListRemove,/Users/swchen.tw/git/percepio/poc/runs/tcp-workload-matrix-v1/A03-baseline/build/list.o,
by_pc,2147486116,1,1,2,3,1,0,0,0,0,vTaskSuspend,/Users/swchen.tw/git/percepio/poc/runs/tcp-workload-matrix-v1/A03-baseline/build/tasks.o,
by_pc,2147486118,1,2,4,5,1,1,0,0,0,vTaskSuspend,/Users/swchen.tw/git/percepio/poc/runs/tcp-workload-matrix-v1/A03-baseline/build/tasks.o,
by_pc,2147486120,1,1,2,3,1,0,0,0,0,vTaskSuspend,/Users/swchen.tw/git/percepio/poc/runs/tcp-workload-matrix-v1/A03-baseline/build/tasks.o,
by_pc,2147486122,1,1,2,3,1,0,0,0,0,vTaskSuspend,/Users/swchen.tw/git/percepio/poc/runs/tcp-workload-matrix-v1/A03-baseline/build/tasks.o,
by_pc,2147486126,1,1,2,3,1,0,0,0,0,vTaskSuspend,/Users/swchen.tw/git/percepio/poc/runs/tcp-workload-matrix-v1/A03-baseline/build/tasks.o,
by_pc,2147486130,1,1,2,3,1,0,0,0,0,vTaskSuspend,/Users/swchen.tw/git/percepio/poc/runs/tcp-workload-matrix-v1/A03-baseline/build/tasks.o,
by_pc,2147486132,1,2,4,5,1,1,0,0,0,vTaskSuspend,/Users/swchen.tw/git/percepio/poc/runs/tcp-workload-matrix-v1/A03-baseline/build/tasks.o,
by_pc,2147486134,1,1,2,3,1,0,0,0,0,vTaskSuspend,/Users/swchen.tw/git/percepio/poc/runs/tcp-workload-matrix-v1/A03-baseline/build/tasks.o,
by_pc,2147486136,1,1,2,3,1,0,0,0,0,vTaskSuspend,/Users/swchen.tw/git/percepio/poc/runs/tcp-workload-matrix-v1/A03-baseline/build/tasks.o,
by_pc,2147486140,1,2,4,5,1,1,0,0,0,vTaskSuspend,/Users/swchen.tw/git/percepio/poc/runs/tcp-workload-matrix-v1/A03-baseline/build/tasks.o,
by_pc,2147486142,1,1,2,3,1,0,0,0,0,vTaskSuspend,/Users/swchen.tw/git/percepio/poc/runs/tcp-workload-matrix-v1/A03-baseline/build/tasks.o,
by_pc,2147486144,1,27,54,55,1,0,8,18,0,vTaskSuspend,/Users/swchen.tw/git/percepio/poc/runs/tcp-workload-matrix-v1/A03-baseline/build/tasks.o,
by_pc,2147486148,1,1,2,3,1,0,0,0,0,vTaskSuspend,/Users/swchen.tw/git/percepio/poc/runs/tcp-workload-matrix-v1/A03-baseline/build/tasks.o,
by_pc,2147486152,1,1,2,3,1,0,0,0,0,vTaskSuspend,/Users/swchen.tw/git/percepio/poc/runs/tcp-workload-matrix-v1/A03-baseline/build/tasks.o,
by_pc,2147486154,1,21,42,43,1,1,8,0,11,vTaskSuspend,/Users/swchen.tw/git/percepio/poc/runs/tcp-workload-matrix-v1/A03-baseline/build/tasks.o,
by_pc,2147486156,1,2,4,5,1,1,0,0,0,vTaskSuspend,/Users/swchen.tw/git/percepio/poc/runs/tcp-workload-matrix-v1/A03-baseline/build/tasks.o,
by_pc,2147486158,1,1,2,3,1,0,0,0,0,vTaskSuspend,/Users/swchen.tw/git/percepio/poc/runs/tcp-workload-matrix-v1/A03-baseline/build/tasks.o,
by_pc,2147486166,1,1,2,3,1,0,0,0,0,vTaskSuspend,/Users/swchen.tw/git/percepio/poc/runs/tcp-workload-matrix-v1/A03-baseline/build/tasks.o,
by_pc,2147486168,1,1,2,3,1,0,0,0,0,vTaskSuspend,/Users/swchen.tw/git/percepio/poc/runs/tcp-workload-matrix-v1/A03-baseline/build/tasks.o,
by_pc,2147486172,1,1,2,3,1,0,0,0,0,vTaskSuspend,/Users/swchen.tw/git/percepio/poc/runs/tcp-workload-matrix-v1/A03-baseline/build/tasks.o,
by_pc,2147486350,1,28,56,57,1,1,8,18,0,vListInsertEnd,/Users/swchen.tw/git/percepio/poc/runs/tcp-workload-matrix-v1/A03-baseline/build/list.o,
by_pc,2147486352,1,21,42,43,1,1,8,0,11,vListInsertEnd,/Users/swchen.tw/git/percepio/poc/runs/tcp-workload-matrix-v1/A03-baseline/build/list.o,
by_pc,2147486354,1,2,4,5,1,1,0,0,0,vListInsertEnd,/Users/swchen.tw/git/percepio/poc/runs/tcp-workload-matrix-v1/A03-baseline/build/list.o,
by_pc,2147486356,1,21,42,43,1,1,8,0,11,vListInsertEnd,/Users/swchen.tw/git/percepio/poc/runs/tcp-workload-matrix-v1/A03-baseline/build/list.o,
by_pc,2147486358,1,21,42,43,1,1,8,0,11,vListInsertEnd,/Users/swchen.tw/git/percepio/poc/runs/tcp-workload-matrix-v1/A03-baseline/build/list.o,
by_pc,2147486360,1,21,42,43,1,1,8,0,11,vListInsertEnd,/Users/swchen.tw/git/percepio/poc/runs/tcp-workload-matrix-v1/A03-baseline/build/list.o,
by_pc,2147486362,1,21,42,43,1,1,8,0,11,vListInsertEnd,/Users/swchen.tw/git/percepio/poc/runs/tcp-workload-matrix-v1/A03-baseline/build/list.o,
by_pc,2147486364,1,2,4,5,1,1,0,0,0,vListInsertEnd,/Users/swchen.tw/git/percepio/poc/runs/tcp-workload-matrix-v1/A03-baseline/build/list.o,
by_pc,2147486366,1,1,2,3,1,0,0,0,0,vListInsertEnd,/Users/swchen.tw/git/percepio/poc/runs/tcp-workload-matrix-v1/A03-baseline/build/list.o,
by_pc,2147486368,1,21,42,43,1,1,8,0,11,vListInsertEnd,/Users/swchen.tw/git/percepio/poc/runs/tcp-workload-matrix-v1/A03-baseline/build/list.o,
by_pc,2147486370,1,1,2,3,1,0,0,0,0,vListInsertEnd,/Users/swchen.tw/git/percepio/poc/runs/tcp-workload-matrix-v1/A03-baseline/build/list.o,
by_pc,2147486174,1,28,56,57,1,1,8,18,0,vTaskSuspend,/Users/swchen.tw/git/percepio/poc/runs/tcp-workload-matrix-v1/A03-baseline/build/tasks.o,
by_pc,2147486178,1,1,2,3,1,0,0,0,0,vTaskSuspend,/Users/swchen.tw/git/percepio/poc/runs/tcp-workload-matrix-v1/A03-baseline/build/tasks.o,
by_pc,2147486180,1,1,2,3,1,0,0,0,0,vTaskSuspend,/Users/swchen.tw/git/percepio/poc/runs/tcp-workload-matrix-v1/A03-baseline/build/tasks.o,
by_pc,2147486188,1,2,4,5,1,1,0,0,0,vTaskSuspend,/Users/swchen.tw/git/percepio/poc/runs/tcp-workload-matrix-v1/A03-baseline/build/tasks.o,
by_pc,2147486190,1,1,2,3,1,0,0,0,0,vTaskSuspend,/Users/swchen.tw/git/percepio/poc/runs/tcp-workload-matrix-v1/A03-baseline/build/tasks.o,
by_pc,2147486192,1,21,42,43,1,1,8,0,11,vTaskSuspend,/Users/swchen.tw/git/percepio/poc/runs/tcp-workload-matrix-v1/A03-baseline/build/tasks.o,
by_pc,2147486194,1,1,2,3,1,0,0,0,0,vTaskSuspend,/Users/swchen.tw/git/percepio/poc/runs/tcp-workload-matrix-v1/A03-baseline/build/tasks.o,
by_pc,2147486196,1,1,2,3,1,0,0,0,0,vTaskSuspend,/Users/swchen.tw/git/percepio/poc/runs/tcp-workload-matrix-v1/A03-baseline/build/tasks.o,
by_pc,2147486200,1,1,2,3,1,0,0,0,0,vTaskSuspend,/Users/swchen.tw/git/percepio/poc/runs/tcp-workload-matrix-v1/A03-baseline/build/tasks.o,
by_pc,2147486204,1,2,4,5,1,1,0,0,0,vTaskSuspend,/Users/swchen.tw/git/percepio/poc/runs/tcp-workload-matrix-v1/A03-baseline/build/tasks.o,
by_pc,2147486208,1,27,54,55,1,0,8,18,0,vTaskSuspend,/Users/swchen.tw/git/percepio/poc/runs/tcp-workload-matrix-v1/A03-baseline/build/tasks.o,
by_pc,2147486210,1,1,2,3,1,0,0,0,0,vTaskSuspend,/Users/swchen.tw/git/percepio/poc/runs/tcp-workload-matrix-v1/A03-baseline/build/tasks.o,
by_pc,2147486214,1,2,4,5,1,1,0,0,0,vTaskSuspend,/Users/swchen.tw/git/percepio/poc/runs/tcp-workload-matrix-v1/A03-baseline/build/tasks.o,
by_pc,2147486216,1,1,2,3,1,0,0,0,0,vTaskSuspend,/Users/swchen.tw/git/percepio/poc/runs/tcp-workload-matrix-v1/A03-baseline/build/tasks.o,
by_pc,2147486218,1,21,42,43,1,1,8,0,11,vTaskSuspend,/Users/swchen.tw/git/percepio/poc/runs/tcp-workload-matrix-v1/A03-baseline/build/tasks.o,
by_pc,2147486220,1,1,2,3,1,0,0,0,0,vTaskSuspend,/Users/swchen.tw/git/percepio/poc/runs/tcp-workload-matrix-v1/A03-baseline/build/tasks.o,
by_pc,2147484174,1,27,54,55,1,0,8,18,0,prvResetNextTaskUnblockTime,/Users/swchen.tw/git/percepio/poc/runs/tcp-workload-matrix-v1/A03-baseline/build/tasks.o,
by_pc,2147484178,1,2,4,5,1,1,0,0,0,prvResetNextTaskUnblockTime,/Users/swchen.tw/git/percepio/poc/runs/tcp-workload-matrix-v1/A03-baseline/build/tasks.o,
by_pc,2147484180,1,2,4,5,1,1,0,0,0,prvResetNextTaskUnblockTime,/Users/swchen.tw/git/percepio/poc/runs/tcp-workload-matrix-v1/A03-baseline/build/tasks.o,
by_pc,2147484182,1,1,2,3,1,0,0,0,0,prvResetNextTaskUnblockTime,/Users/swchen.tw/git/percepio/poc/runs/tcp-workload-matrix-v1/A03-baseline/build/tasks.o,
by_pc,2147484184,1,1,2,3,1,0,0,0,0,prvResetNextTaskUnblockTime,/Users/swchen.tw/git/percepio/poc/runs/tcp-workload-matrix-v1/A03-baseline/build/tasks.o,
by_pc,2147484186,1,21,42,43,1,1,8,0,11,prvResetNextTaskUnblockTime,/Users/swchen.tw/git/percepio/poc/runs/tcp-workload-matrix-v1/A03-baseline/build/tasks.o,
by_pc,2147484190,1,1,2,3,1,0,0,0,0,prvResetNextTaskUnblockTime,/Users/swchen.tw/git/percepio/poc/runs/tcp-workload-matrix-v1/A03-baseline/build/tasks.o,
by_pc,2147486224,1,2,4,5,1,1,0,0,0,vTaskSuspend,/Users/swchen.tw/git/percepio/poc/runs/tcp-workload-matrix-v1/A03-baseline/build/tasks.o,
by_pc,2147486226,1,1,2,3,1,0,0,0,0,vTaskSuspend,/Users/swchen.tw/git/percepio/poc/runs/tcp-workload-matrix-v1/A03-baseline/build/tasks.o,
by_pc,2147486228,1,21,42,43,1,1,8,0,11,vTaskSuspend,/Users/swchen.tw/git/percepio/poc/runs/tcp-workload-matrix-v1/A03-baseline/build/tasks.o,
by_pc,2147486230,1,1,2,3,1,0,0,0,0,vTaskSuspend,/Users/swchen.tw/git/percepio/poc/runs/tcp-workload-matrix-v1/A03-baseline/build/tasks.o,
by_pc,2147486232,1,1,2,3,1,0,0,0,0,vTaskSuspend,/Users/swchen.tw/git/percepio/poc/runs/tcp-workload-matrix-v1/A03-baseline/build/tasks.o,
by_pc,2147486236,1,2,4,5,1,1,0,0,0,vTaskSuspend,/Users/swchen.tw/git/percepio/poc/runs/tcp-workload-matrix-v1/A03-baseline/build/tasks.o,
by_pc,2147486240,1,1,2,3,1,0,0,0,0,vTaskSuspend,/Users/swchen.tw/git/percepio/poc/runs/tcp-workload-matrix-v1/A03-baseline/build/tasks.o,
by_pc,2147486244,1,2,4,5,1,1,0,0,0,vTaskSuspend,/Users/swchen.tw/git/percepio/poc/runs/tcp-workload-matrix-v1/A03-baseline/build/tasks.o,
by_pc,2147486248,1,1,2,3,1,0,0,0,0,vTaskSuspend,/Users/swchen.tw/git/percepio/poc/runs/tcp-workload-matrix-v1/A03-baseline/build/tasks.o,
by_pc,2147486250,1,2,4,5,1,1,0,0,0,vTaskSuspend,/Users/swchen.tw/git/percepio/poc/runs/tcp-workload-matrix-v1/A03-baseline/build/tasks.o,
by_pc,2147486254,1,1,2,3,1,0,0,0,0,vTaskSuspend,/Users/swchen.tw/git/percepio/poc/runs/tcp-workload-matrix-v1/A03-baseline/build/tasks.o,
by_pc,2147486274,1,27,54,55,1,0,8,18,0,vTaskSuspend,/Users/swchen.tw/git/percepio/poc/runs/tcp-workload-matrix-v1/A03-baseline/build/tasks.o,
by_pc,2147519336,1,1,2,3,1,0,0,0,0,unresolved@/Users/swchen.tw/git/percepio/poc/runs/tcp-workload-matrix-v1/A03-baseline/build/portASM.o:2147519232,/Users/swchen.tw/git/percepio/poc/runs/tcp-workload-matrix-v1/A03-baseline/build/portASM.o,
by_pc,2147519338,1,21,42,43,1,1,8,0,11,unresolved@/Users/swchen.tw/git/percepio/poc/runs/tcp-workload-matrix-v1/A03-baseline/build/portASM.o:2147519232,/Users/swchen.tw/git/percepio/poc/runs/tcp-workload-matrix-v1/A03-baseline/build/portASM.o,
by_pc,2147519340,1,2,4,5,1,1,0,0,0,unresolved@/Users/swchen.tw/git/percepio/poc/runs/tcp-workload-matrix-v1/A03-baseline/build/portASM.o:2147519232,/Users/swchen.tw/git/percepio/poc/runs/tcp-workload-matrix-v1/A03-baseline/build/portASM.o,
by_pc,2147519344,1,1,2,3,1,0,0,0,0,unresolved@/Users/swchen.tw/git/percepio/poc/runs/tcp-workload-matrix-v1/A03-baseline/build/portASM.o:2147519232,/Users/swchen.tw/git/percepio/poc/runs/tcp-workload-matrix-v1/A03-baseline/build/portASM.o,
by_pc,2147519418,1,1,2,3,1,0,0,0,0,unresolved@/Users/swchen.tw/git/percepio/poc/runs/tcp-workload-matrix-v1/A03-baseline/build/portASM.o:2147519232,/Users/swchen.tw/git/percepio/poc/runs/tcp-workload-matrix-v1/A03-baseline/build/portASM.o,
by_pc,2147519420,1,1,2,3,1,0,0,0,0,unresolved@/Users/swchen.tw/git/percepio/poc/runs/tcp-workload-matrix-v1/A03-baseline/build/portASM.o:2147519232,/Users/swchen.tw/git/percepio/poc/runs/tcp-workload-matrix-v1/A03-baseline/build/portASM.o,
by_pc,2147519424,1,1,2,3,1,0,0,0,0,unresolved@/Users/swchen.tw/git/percepio/poc/runs/tcp-workload-matrix-v1/A03-baseline/build/portASM.o:2147519232,/Users/swchen.tw/git/percepio/poc/runs/tcp-workload-matrix-v1/A03-baseline/build/portASM.o,
by_pc,2147486024,1,2,4,5,1,1,0,0,0,vTaskSwitchContext,/Users/swchen.tw/git/percepio/poc/runs/tcp-workload-matrix-v1/A03-baseline/build/tasks.o,
by_pc,2147486026,1,21,42,43,1,1,8,0,11,vTaskSwitchContext,/Users/swchen.tw/git/percepio/poc/runs/tcp-workload-matrix-v1/A03-baseline/build/tasks.o,
by_pc,2147519428,1,1,2,3,1,0,0,0,0,unresolved@/Users/swchen.tw/git/percepio/poc/runs/tcp-workload-matrix-v1/A03-baseline/build/portASM.o:2147519232,/Users/swchen.tw/git/percepio/poc/runs/tcp-workload-matrix-v1/A03-baseline/build/portASM.o,
by_pc,2147497308,1,2,4,5,1,1,0,0,0,session_task,/Users/swchen.tw/git/percepio/poc/runs/tcp-workload-matrix-v1/A03-baseline/build/tcp_request_response_irq.o,
by_pc,2147497310,1,2,4,5,1,1,0,0,0,session_task,/Users/swchen.tw/git/percepio/poc/runs/tcp-workload-matrix-v1/A03-baseline/build/tcp_request_response_irq.o,
by_pc,2147497312,1,1,2,3,1,0,0,0,0,session_task,/Users/swchen.tw/git/percepio/poc/runs/tcp-workload-matrix-v1/A03-baseline/build/tcp_request_response_irq.o,
by_pc,2147497314,1,1,2,3,1,0,0,0,0,session_task,/Users/swchen.tw/git/percepio/poc/runs/tcp-workload-matrix-v1/A03-baseline/build/tcp_request_response_irq.o,
by_pc,2147497318,1,21,42,43,1,1,8,0,11,session_task,/Users/swchen.tw/git/percepio/poc/runs/tcp-workload-matrix-v1/A03-baseline/build/tcp_request_response_irq.o,
by_pc,2147497320,1,1,2,3,1,0,0,0,0,session_task,/Users/swchen.tw/git/percepio/poc/runs/tcp-workload-matrix-v1/A03-baseline/build/tcp_request_response_irq.o,
by_pc,2147497322,1,1,2,3,1,0,0,0,0,session_task,/Users/swchen.tw/git/percepio/poc/runs/tcp-workload-matrix-v1/A03-baseline/build/tcp_request_response_irq.o,
by_pc,2147497326,1,1,2,3,1,0,0,0,0,session_task,/Users/swchen.tw/git/percepio/poc/runs/tcp-workload-matrix-v1/A03-baseline/build/tcp_request_response_irq.o,
by_pc,2147497330,1,1,2,3,1,0,0,0,0,session_task,/Users/swchen.tw/git/percepio/poc/runs/tcp-workload-matrix-v1/A03-baseline/build/tcp_request_response_irq.o,
by_pc,2147497332,1,1,2,3,1,0,0,0,0,session_task,/Users/swchen.tw/git/percepio/poc/runs/tcp-workload-matrix-v1/A03-baseline/build/tcp_request_response_irq.o,
by_pc,2147508242,1,2,4,5,1,1,0,0,0,tcp_receive,/Users/swchen.tw/git/percepio/poc/runs/tcp-workload-matrix-v1/A03-baseline/build/tcp_in.o,
by_pc,2147508246,1,1,2,3,1,0,0,0,0,tcp_receive,/Users/swchen.tw/git/percepio/poc/runs/tcp-workload-matrix-v1/A03-baseline/build/tcp_in.o,
by_pc,2147508250,1,21,42,43,1,1,8,0,11,tcp_receive,/Users/swchen.tw/git/percepio/poc/runs/tcp-workload-matrix-v1/A03-baseline/build/tcp_in.o,
by_pc,2147511716,1,2,4,5,1,1,0,0,0,tcp_input,/Users/swchen.tw/git/percepio/poc/runs/tcp-workload-matrix-v1/A03-baseline/build/tcp_in.o,
by_pc,2147511720,1,1,2,3,1,0,0,0,0,tcp_input,/Users/swchen.tw/git/percepio/poc/runs/tcp-workload-matrix-v1/A03-baseline/build/tcp_in.o,
by_pc,2147511724,1,21,42,43,1,1,8,0,11,tcp_input,/Users/swchen.tw/git/percepio/poc/runs/tcp-workload-matrix-v1/A03-baseline/build/tcp_in.o,
by_pc,2147511728,1,1,2,3,1,0,0,0,0,tcp_input,/Users/swchen.tw/git/percepio/poc/runs/tcp-workload-matrix-v1/A03-baseline/build/tcp_in.o,
by_pc,2147511730,1,21,42,43,1,1,8,0,11,tcp_input,/Users/swchen.tw/git/percepio/poc/runs/tcp-workload-matrix-v1/A03-baseline/build/tcp_in.o,
by_pc,2147511732,1,1,2,3,1,0,0,0,0,tcp_input,/Users/swchen.tw/git/percepio/poc/runs/tcp-workload-matrix-v1/A03-baseline/build/tcp_in.o,
by_pc,2147512216,1,2,4,5,1,1,0,0,0,tcp_input,/Users/swchen.tw/git/percepio/poc/runs/tcp-workload-matrix-v1/A03-baseline/build/tcp_in.o,
by_pc,2147512218,1,1,2,3,1,0,0,0,0,tcp_input,/Users/swchen.tw/git/percepio/poc/runs/tcp-workload-matrix-v1/A03-baseline/build/tcp_in.o,
by_pc,2147512262,1,2,4,5,1,1,0,0,0,tcp_input,/Users/swchen.tw/git/percepio/poc/runs/tcp-workload-matrix-v1/A03-baseline/build/tcp_in.o,
by_pc,2147512266,1,1,2,3,1,0,0,0,0,tcp_input,/Users/swchen.tw/git/percepio/poc/runs/tcp-workload-matrix-v1/A03-baseline/build/tcp_in.o,
by_pc,2147512268,1,1,2,3,1,0,0,0,0,tcp_input,/Users/swchen.tw/git/percepio/poc/runs/tcp-workload-matrix-v1/A03-baseline/build/tcp_in.o,
by_pc,2147512272,1,1,2,3,1,0,0,0,0,tcp_input,/Users/swchen.tw/git/percepio/poc/runs/tcp-workload-matrix-v1/A03-baseline/build/tcp_in.o,
by_pc,2147512276,1,1,2,3,1,0,0,0,0,tcp_input,/Users/swchen.tw/git/percepio/poc/runs/tcp-workload-matrix-v1/A03-baseline/build/tcp_in.o,
by_pc,2147512278,1,21,42,43,1,1,8,0,11,tcp_input,/Users/swchen.tw/git/percepio/poc/runs/tcp-workload-matrix-v1/A03-baseline/build/tcp_in.o,
by_pc,2147512282,1,2,4,5,1,1,0,0,0,tcp_input,/Users/swchen.tw/git/percepio/poc/runs/tcp-workload-matrix-v1/A03-baseline/build/tcp_in.o,
by_pc,2147512286,1,1,2,3,1,0,0,0,0,tcp_input,/Users/swchen.tw/git/percepio/poc/runs/tcp-workload-matrix-v1/A03-baseline/build/tcp_in.o,
by_pc,2147512288,1,2,4,5,1,1,0,0,0,tcp_input,/Users/swchen.tw/git/percepio/poc/runs/tcp-workload-matrix-v1/A03-baseline/build/tcp_in.o,
by_pc,2147512290,1,1,2,3,1,0,0,0,0,tcp_input,/Users/swchen.tw/git/percepio/poc/runs/tcp-workload-matrix-v1/A03-baseline/build/tcp_in.o,
by_pc,2147512292,1,1,2,3,1,0,0,0,0,tcp_input,/Users/swchen.tw/git/percepio/poc/runs/tcp-workload-matrix-v1/A03-baseline/build/tcp_in.o,
by_pc,2147512294,1,1,2,3,1,0,0,0,0,tcp_input,/Users/swchen.tw/git/percepio/poc/runs/tcp-workload-matrix-v1/A03-baseline/build/tcp_in.o,
by_pc,2147512296,1,1,2,3,1,0,0,0,0,tcp_input,/Users/swchen.tw/git/percepio/poc/runs/tcp-workload-matrix-v1/A03-baseline/build/tcp_in.o,
by_pc,2147495084,1,1,2,3,1,0,0,0,0,on_recv,/Users/swchen.tw/git/percepio/poc/runs/tcp-workload-matrix-v1/A03-baseline/build/tcp_request_response_irq.o,
by_pc,2147495086,1,21,42,43,1,1,8,0,11,on_recv,/Users/swchen.tw/git/percepio/poc/runs/tcp-workload-matrix-v1/A03-baseline/build/tcp_request_response_irq.o,
by_pc,2147512298,1,1,2,3,1,0,0,0,0,tcp_input,/Users/swchen.tw/git/percepio/poc/runs/tcp-workload-matrix-v1/A03-baseline/build/tcp_in.o,
by_pc,2147512300,1,1,2,3,1,0,0,0,0,tcp_input,/Users/swchen.tw/git/percepio/poc/runs/tcp-workload-matrix-v1/A03-baseline/build/tcp_in.o,
by_pc,2147515578,1,10,20,21,1,1,8,0,0,tcp_output,/Users/swchen.tw/git/percepio/poc/runs/tcp-workload-matrix-v1/A03-baseline/build/tcp_out.o,
by_pc,2147515580,1,2,4,5,1,1,0,0,0,tcp_output,/Users/swchen.tw/git/percepio/poc/runs/tcp-workload-matrix-v1/A03-baseline/build/tcp_out.o,
by_pc,2147515582,1,2,4,5,1,1,0,0,0,tcp_output,/Users/swchen.tw/git/percepio/poc/runs/tcp-workload-matrix-v1/A03-baseline/build/tcp_out.o,
by_pc,2147515584,1,10,20,21,1,1,8,0,0,tcp_output,/Users/swchen.tw/git/percepio/poc/runs/tcp-workload-matrix-v1/A03-baseline/build/tcp_out.o,
by_pc,2147515586,1,2,4,5,1,1,0,0,0,tcp_output,/Users/swchen.tw/git/percepio/poc/runs/tcp-workload-matrix-v1/A03-baseline/build/tcp_out.o,
by_pc,2147515588,1,2,4,5,1,1,0,0,0,tcp_output,/Users/swchen.tw/git/percepio/poc/runs/tcp-workload-matrix-v1/A03-baseline/build/tcp_out.o,
by_pc,2147515590,1,2,4,5,1,1,0,0,0,tcp_output,/Users/swchen.tw/git/percepio/poc/runs/tcp-workload-matrix-v1/A03-baseline/build/tcp_out.o,
by_pc,2147515592,1,2,4,5,1,1,0,0,0,tcp_output,/Users/swchen.tw/git/percepio/poc/runs/tcp-workload-matrix-v1/A03-baseline/build/tcp_out.o,
by_pc,2147515594,1,2,4,5,1,1,0,0,0,tcp_output,/Users/swchen.tw/git/percepio/poc/runs/tcp-workload-matrix-v1/A03-baseline/build/tcp_out.o,
by_pc,2147515596,1,2,4,5,1,1,0,0,0,tcp_output,/Users/swchen.tw/git/percepio/poc/runs/tcp-workload-matrix-v1/A03-baseline/build/tcp_out.o,
by_pc,2147515598,1,2,4,5,1,1,0,0,0,tcp_output,/Users/swchen.tw/git/percepio/poc/runs/tcp-workload-matrix-v1/A03-baseline/build/tcp_out.o,
by_pc,2147515600,1,2,4,5,1,1,0,0,0,tcp_output,/Users/swchen.tw/git/percepio/poc/runs/tcp-workload-matrix-v1/A03-baseline/build/tcp_out.o,
by_pc,2147515602,1,1,2,3,1,0,0,0,0,tcp_output,/Users/swchen.tw/git/percepio/poc/runs/tcp-workload-matrix-v1/A03-baseline/build/tcp_out.o,
by_pc,2147515604,1,1,2,3,1,0,0,0,0,tcp_output,/Users/swchen.tw/git/percepio/poc/runs/tcp-workload-matrix-v1/A03-baseline/build/tcp_out.o,
by_pc,2147515274,1,27,54,55,1,0,8,18,0,tcp_send_empty_ack,/Users/swchen.tw/git/percepio/poc/runs/tcp-workload-matrix-v1/A03-baseline/build/tcp_out.o,
by_pc,2147515276,1,21,42,43,1,1,8,0,11,tcp_send_empty_ack,/Users/swchen.tw/git/percepio/poc/runs/tcp-workload-matrix-v1/A03-baseline/build/tcp_out.o,
by_pc,2147515278,1,21,42,43,1,1,8,0,11,tcp_send_empty_ack,/Users/swchen.tw/git/percepio/poc/runs/tcp-workload-matrix-v1/A03-baseline/build/tcp_out.o,
by_pc,2147515280,1,1,2,3,1,0,0,0,0,tcp_send_empty_ack,/Users/swchen.tw/git/percepio/poc/runs/tcp-workload-matrix-v1/A03-baseline/build/tcp_out.o,
by_pc,2147515282,1,2,4,5,1,1,0,0,0,tcp_send_empty_ack,/Users/swchen.tw/git/percepio/poc/runs/tcp-workload-matrix-v1/A03-baseline/build/tcp_out.o,
by_pc,2147515284,1,1,2,3,1,0,0,0,0,tcp_send_empty_ack,/Users/swchen.tw/git/percepio/poc/runs/tcp-workload-matrix-v1/A03-baseline/build/tcp_out.o,
by_pc,2147515288,1,1,2,3,1,0,0,0,0,tcp_send_empty_ack,/Users/swchen.tw/git/percepio/poc/runs/tcp-workload-matrix-v1/A03-baseline/build/tcp_out.o,
by_pc,2147515290,1,1,2,3,1,0,0,0,0,tcp_send_empty_ack,/Users/swchen.tw/git/percepio/poc/runs/tcp-workload-matrix-v1/A03-baseline/build/tcp_out.o,
by_pc,2147515292,1,1,2,3,1,0,0,0,0,tcp_send_empty_ack,/Users/swchen.tw/git/percepio/poc/runs/tcp-workload-matrix-v1/A03-baseline/build/tcp_out.o,
by_pc,2147515294,1,1,2,3,1,0,0,0,0,tcp_send_empty_ack,/Users/swchen.tw/git/percepio/poc/runs/tcp-workload-matrix-v1/A03-baseline/build/tcp_out.o,
by_pc,2147512954,1,27,54,55,1,0,8,18,0,tcp_output_alloc_header.constprop.0,/Users/swchen.tw/git/percepio/poc/runs/tcp-workload-matrix-v1/A03-baseline/build/tcp_out.o,
by_pc,2147512956,1,21,42,43,1,1,8,0,11,tcp_output_alloc_header.constprop.0,/Users/swchen.tw/git/percepio/poc/runs/tcp-workload-matrix-v1/A03-baseline/build/tcp_out.o,
by_pc,2147512958,1,21,42,43,1,1,8,0,11,tcp_output_alloc_header.constprop.0,/Users/swchen.tw/git/percepio/poc/runs/tcp-workload-matrix-v1/A03-baseline/build/tcp_out.o,
by_pc,2147512960,1,28,56,57,1,1,8,18,0,tcp_output_alloc_header.constprop.0,/Users/swchen.tw/git/percepio/poc/runs/tcp-workload-matrix-v1/A03-baseline/build/tcp_out.o,
by_pc,2147512964,1,2,4,5,1,1,0,0,0,tcp_output_alloc_header.constprop.0,/Users/swchen.tw/git/percepio/poc/runs/tcp-workload-matrix-v1/A03-baseline/build/tcp_out.o,
by_pc,2147512968,1,2,4,5,1,1,0,0,0,tcp_output_alloc_header.constprop.0,/Users/swchen.tw/git/percepio/poc/runs/tcp-workload-matrix-v1/A03-baseline/build/tcp_out.o,
by_pc,2147512972,1,1,2,3,1,0,0,0,0,tcp_output_alloc_header.constprop.0,/Users/swchen.tw/git/percepio/poc/runs/tcp-workload-matrix-v1/A03-baseline/build/tcp_out.o,
by_pc,2147512974,1,2,4,5,1,1,0,0,0,tcp_output_alloc_header.constprop.0,/Users/swchen.tw/git/percepio/poc/runs/tcp-workload-matrix-v1/A03-baseline/build/tcp_out.o,
by_pc,2147512976,1,1,2,3,1,0,0,0,0,tcp_output_alloc_header.constprop.0,/Users/swchen.tw/git/percepio/poc/runs/tcp-workload-matrix-v1/A03-baseline/build/tcp_out.o,
by_pc,2147512978,1,1,2,3,1,0,0,0,0,tcp_output_alloc_header.constprop.0,/Users/swchen.tw/git/percepio/poc/runs/tcp-workload-matrix-v1/A03-baseline/build/tcp_out.o,
by_pc,2147512736,1,27,54,55,1,0,8,18,0,tcp_output_alloc_header_common.constprop.0,/Users/swchen.tw/git/percepio/poc/runs/tcp-workload-matrix-v1/A03-baseline/build/tcp_out.o,
by_pc,2147512738,1,1,2,3,1,0,0,0,0,tcp_output_alloc_header_common.constprop.0,/Users/swchen.tw/git/percepio/poc/runs/tcp-workload-matrix-v1/A03-baseline/build/tcp_out.o,
by_pc,2147512740,1,1,2,3,1,0,0,0,0,tcp_output_alloc_header_common.constprop.0,/Users/swchen.tw/git/percepio/poc/runs/tcp-workload-matrix-v1/A03-baseline/build/tcp_out.o,
by_pc,2147512742,1,21,42,43,1,1,8,0,11,tcp_output_alloc_header_common.constprop.0,/Users/swchen.tw/git/percepio/poc/runs/tcp-workload-matrix-v1/A03-baseline/build/tcp_out.o,
by_pc,2147512744,1,21,42,43,1,1,8,0,11,tcp_output_alloc_header_common.constprop.0,/Users/swchen.tw/git/percepio/poc/runs/tcp-workload-matrix-v1/A03-baseline/build/tcp_out.o,
by_pc,2147512746,1,1,2,3,1,0,0,0,0,tcp_output_alloc_header_common.constprop.0,/Users/swchen.tw/git/percepio/poc/runs/tcp-workload-matrix-v1/A03-baseline/build/tcp_out.o,
by_pc,2147512748,1,1,2,3,1,0,0,0,0,tcp_output_alloc_header_common.constprop.0,/Users/swchen.tw/git/percepio/poc/runs/tcp-workload-matrix-v1/A03-baseline/build/tcp_out.o,
by_pc,2147512750,1,1,2,3,1,0,0,0,0,tcp_output_alloc_header_common.constprop.0,/Users/swchen.tw/git/percepio/poc/runs/tcp-workload-matrix-v1/A03-baseline/build/tcp_out.o,
by_pc,2147512754,1,1,2,3,1,0,0,0,0,tcp_output_alloc_header_common.constprop.0,/Users/swchen.tw/git/percepio/poc/runs/tcp-workload-matrix-v1/A03-baseline/build/tcp_out.o,
by_pc,2147512756,1,1,2,3,1,0,0,0,0,tcp_output_alloc_header_common.constprop.0,/Users/swchen.tw/git/percepio/poc/runs/tcp-workload-matrix-v1/A03-baseline/build/tcp_out.o,
by_pc,2147512760,1,21,42,43,1,1,8,0,11,tcp_output_alloc_header_common.constprop.0,/Users/swchen.tw/git/percepio/poc/runs/tcp-workload-matrix-v1/A03-baseline/build/tcp_out.o,
by_pc,2147512762,1,21,42,43,1,1,8,0,11,tcp_output_alloc_header_common.constprop.0,/Users/swchen.tw/git/percepio/poc/runs/tcp-workload-matrix-v1/A03-baseline/build/tcp_out.o,
by_pc,2147512764,1,21,42,43,1,1,8,0,11,tcp_output_alloc_header_common.constprop.0,/Users/swchen.tw/git/percepio/poc/runs/tcp-workload-matrix-v1/A03-baseline/build/tcp_out.o,
by_pc,2147512766,1,21,42,43,1,1,8,0,11,tcp_output_alloc_header_common.constprop.0,/Users/swchen.tw/git/percepio/poc/runs/tcp-workload-matrix-v1/A03-baseline/build/tcp_out.o,
by_pc,2147512768,1,47,94,95,1,1,16,18,11,tcp_output_alloc_header_common.constprop.0,/Users/swchen.tw/git/percepio/poc/runs/tcp-workload-matrix-v1/A03-baseline/build/tcp_out.o,
by_pc,2147512770,1,21,42,43,1,1,8,0,11,tcp_output_alloc_header_common.constprop.0,/Users/swchen.tw/git/percepio/poc/runs/tcp-workload-matrix-v1/A03-baseline/build/tcp_out.o,
by_pc,2147512772,1,21,42,43,1,1,8,0,11,tcp_output_alloc_header_common.constprop.0,/Users/swchen.tw/git/percepio/poc/runs/tcp-workload-matrix-v1/A03-baseline/build/tcp_out.o,
by_pc,2147512774,1,1,2,3,1,0,0,0,0,tcp_output_alloc_header_common.constprop.0,/Users/swchen.tw/git/percepio/poc/runs/tcp-workload-matrix-v1/A03-baseline/build/tcp_out.o,
by_pc,2147512776,1,1,2,3,1,0,0,0,0,tcp_output_alloc_header_common.constprop.0,/Users/swchen.tw/git/percepio/poc/runs/tcp-workload-matrix-v1/A03-baseline/build/tcp_out.o,
by_pc,2147512778,1,1,2,3,1,0,0,0,0,tcp_output_alloc_header_common.constprop.0,/Users/swchen.tw/git/percepio/poc/runs/tcp-workload-matrix-v1/A03-baseline/build/tcp_out.o,
by_pc,2147512780,1,1,2,3,1,0,0,0,0,tcp_output_alloc_header_common.constprop.0,/Users/swchen.tw/git/percepio/poc/runs/tcp-workload-matrix-v1/A03-baseline/build/tcp_out.o,
by_pc,2147512784,1,1,2,3,1,0,0,0,0,tcp_output_alloc_header_common.constprop.0,/Users/swchen.tw/git/percepio/poc/runs/tcp-workload-matrix-v1/A03-baseline/build/tcp_out.o,
by_pc,2147512786,1,1,2,3,1,0,0,0,0,tcp_output_alloc_header_common.constprop.0,/Users/swchen.tw/git/percepio/poc/runs/tcp-workload-matrix-v1/A03-baseline/build/tcp_out.o,
by_pc,2147512788,1,2,4,5,1,1,0,0,0,tcp_output_alloc_header_common.constprop.0,/Users/swchen.tw/git/percepio/poc/runs/tcp-workload-matrix-v1/A03-baseline/build/tcp_out.o,
by_pc,2147512790,1,2,4,5,1,1,0,0,0,tcp_output_alloc_header_common.constprop.0,/Users/swchen.tw/git/percepio/poc/runs/tcp-workload-matrix-v1/A03-baseline/build/tcp_out.o,
by_pc,2147512792,1,1,2,3,1,0,0,0,0,tcp_output_alloc_header_common.constprop.0,/Users/swchen.tw/git/percepio/poc/runs/tcp-workload-matrix-v1/A03-baseline/build/tcp_out.o,
by_pc,2147512796,1,21,42,43,1,1,8,0,11,tcp_output_alloc_header_common.constprop.0,/Users/swchen.tw/git/percepio/poc/runs/tcp-workload-matrix-v1/A03-baseline/build/tcp_out.o,
by_pc,2147512800,1,1,2,3,1,0,0,0,0,tcp_output_alloc_header_common.constprop.0,/Users/swchen.tw/git/percepio/poc/runs/tcp-workload-matrix-v1/A03-baseline/build/tcp_out.o,
by_pc,2147512802,1,21,42,43,1,1,8,0,11,tcp_output_alloc_header_common.constprop.0,/Users/swchen.tw/git/percepio/poc/runs/tcp-workload-matrix-v1/A03-baseline/build/tcp_out.o,
by_pc,2147512806,1,1,2,3,1,0,0,0,0,tcp_output_alloc_header_common.constprop.0,/Users/swchen.tw/git/percepio/poc/runs/tcp-workload-matrix-v1/A03-baseline/build/tcp_out.o,
by_pc,2147512808,1,1,2,3,1,0,0,0,0,tcp_output_alloc_header_common.constprop.0,/Users/swchen.tw/git/percepio/poc/runs/tcp-workload-matrix-v1/A03-baseline/build/tcp_out.o,
by_pc,2147512812,1,1,2,3,1,0,0,0,0,tcp_output_alloc_header_common.constprop.0,/Users/swchen.tw/git/percepio/poc/runs/tcp-workload-matrix-v1/A03-baseline/build/tcp_out.o,
by_pc,2147512816,1,21,42,43,1,1,8,0,11,tcp_output_alloc_header_common.constprop.0,/Users/swchen.tw/git/percepio/poc/runs/tcp-workload-matrix-v1/A03-baseline/build/tcp_out.o,
by_pc,2147512820,1,21,42,43,1,1,8,0,11,tcp_output_alloc_header_common.constprop.0,/Users/swchen.tw/git/percepio/poc/runs/tcp-workload-matrix-v1/A03-baseline/build/tcp_out.o,
by_pc,2147512824,1,1,2,3,1,0,0,0,0,tcp_output_alloc_header_common.constprop.0,/Users/swchen.tw/git/percepio/poc/runs/tcp-workload-matrix-v1/A03-baseline/build/tcp_out.o,
by_pc,2147512826,1,21,42,43,1,1,8,0,11,tcp_output_alloc_header_common.constprop.0,/Users/swchen.tw/git/percepio/poc/runs/tcp-workload-matrix-v1/A03-baseline/build/tcp_out.o,
by_pc,2147512830,1,28,56,57,2,0,8,18,0,tcp_output_alloc_header_common.constprop.0,/Users/swchen.tw/git/percepio/poc/runs/tcp-workload-matrix-v1/A03-baseline/build/tcp_out.o,
by_pc,2147512834,1,1,2,3,1,0,0,0,0,tcp_output_alloc_header_common.constprop.0,/Users/swchen.tw/git/percepio/poc/runs/tcp-workload-matrix-v1/A03-baseline/build/tcp_out.o,
by_pc,2147512836,1,21,42,43,1,1,8,0,11,tcp_output_alloc_header_common.constprop.0,/Users/swchen.tw/git/percepio/poc/runs/tcp-workload-matrix-v1/A03-baseline/build/tcp_out.o,
by_pc,2147512840,1,21,42,43,1,1,8,0,11,tcp_output_alloc_header_common.constprop.0,/Users/swchen.tw/git/percepio/poc/runs/tcp-workload-matrix-v1/A03-baseline/build/tcp_out.o,
by_pc,2147512844,1,21,42,43,1,1,8,0,11,tcp_output_alloc_header_common.constprop.0,/Users/swchen.tw/git/percepio/poc/runs/tcp-workload-matrix-v1/A03-baseline/build/tcp_out.o,
by_pc,2147512848,1,1,2,3,1,0,0,0,0,tcp_output_alloc_header_common.constprop.0,/Users/swchen.tw/git/percepio/poc/runs/tcp-workload-matrix-v1/A03-baseline/build/tcp_out.o,
by_pc,2147512850,1,1,2,3,1,0,0,0,0,tcp_output_alloc_header_common.constprop.0,/Users/swchen.tw/git/percepio/poc/runs/tcp-workload-matrix-v1/A03-baseline/build/tcp_out.o,
by_pc,2147512854,1,1,2,3,1,0,0,0,0,tcp_output_alloc_header_common.constprop.0,/Users/swchen.tw/git/percepio/poc/runs/tcp-workload-matrix-v1/A03-baseline/build/tcp_out.o,
by_pc,2147512858,1,21,42,43,1,1,8,0,11,tcp_output_alloc_header_common.constprop.0,/Users/swchen.tw/git/percepio/poc/runs/tcp-workload-matrix-v1/A03-baseline/build/tcp_out.o,
by_pc,2147512862,1,21,42,43,1,1,8,0,11,tcp_output_alloc_header_common.constprop.0,/Users/swchen.tw/git/percepio/poc/runs/tcp-workload-matrix-v1/A03-baseline/build/tcp_out.o,
by_pc,2147512866,1,1,2,3,1,0,0,0,0,tcp_output_alloc_header_common.constprop.0,/Users/swchen.tw/git/percepio/poc/runs/tcp-workload-matrix-v1/A03-baseline/build/tcp_out.o,
by_pc,2147512870,1,1,2,3,1,0,0,0,0,tcp_output_alloc_header_common.constprop.0,/Users/swchen.tw/git/percepio/poc/runs/tcp-workload-matrix-v1/A03-baseline/build/tcp_out.o,
by_pc,2147512872,1,21,42,43,1,1,8,0,11,tcp_output_alloc_header_common.constprop.0,/Users/swchen.tw/git/percepio/poc/runs/tcp-workload-matrix-v1/A03-baseline/build/tcp_out.o,
by_pc,2147512876,1,1,2,3,1,0,0,0,0,tcp_output_alloc_header_common.constprop.0,/Users/swchen.tw/git/percepio/poc/runs/tcp-workload-matrix-v1/A03-baseline/build/tcp_out.o,
by_pc,2147512878,1,21,42,43,1,1,8,0,11,tcp_output_alloc_header_common.constprop.0,/Users/swchen.tw/git/percepio/poc/runs/tcp-workload-matrix-v1/A03-baseline/build/tcp_out.o,
by_pc,2147512882,1,1,2,3,1,0,0,0,0,tcp_output_alloc_header_common.constprop.0,/Users/swchen.tw/git/percepio/poc/runs/tcp-workload-matrix-v1/A03-baseline/build/tcp_out.o,
by_pc,2147512886,1,1,2,3,1,0,0,0,0,tcp_output_alloc_header_common.constprop.0,/Users/swchen.tw/git/percepio/poc/runs/tcp-workload-matrix-v1/A03-baseline/build/tcp_out.o,
by_pc,2147512890,1,21,42,43,1,1,8,0,11,tcp_output_alloc_header_common.constprop.0,/Users/swchen.tw/git/percepio/poc/runs/tcp-workload-matrix-v1/A03-baseline/build/tcp_out.o,
by_pc,2147512894,1,1,2,3,1,0,0,0,0,tcp_output_alloc_header_common.constprop.0,/Users/swchen.tw/git/percepio/poc/runs/tcp-workload-matrix-v1/A03-baseline/build/tcp_out.o,
by_pc,2147512896,1,21,42,43,1,1,8,0,11,tcp_output_alloc_header_common.constprop.0,/Users/swchen.tw/git/percepio/poc/runs/tcp-workload-matrix-v1/A03-baseline/build/tcp_out.o,
by_pc,2147512900,1,1,2,3,1,0,0,0,0,tcp_output_alloc_header_common.constprop.0,/Users/swchen.tw/git/percepio/poc/runs/tcp-workload-matrix-v1/A03-baseline/build/tcp_out.o,
by_pc,2147512902,1,1,2,3,1,0,0,0,0,tcp_output_alloc_header_common.constprop.0,/Users/swchen.tw/git/percepio/poc/runs/tcp-workload-matrix-v1/A03-baseline/build/tcp_out.o,
by_pc,2147512906,1,21,42,43,1,1,8,0,11,tcp_output_alloc_header_common.constprop.0,/Users/swchen.tw/git/percepio/poc/runs/tcp-workload-matrix-v1/A03-baseline/build/tcp_out.o,
by_pc,2147512910,1,1,2,3,1,0,0,0,0,tcp_output_alloc_header_common.constprop.0,/Users/swchen.tw/git/percepio/poc/runs/tcp-workload-matrix-v1/A03-baseline/build/tcp_out.o,
by_pc,2147512912,1,21,42,43,1,1,8,0,11,tcp_output_alloc_header_common.constprop.0,/Users/swchen.tw/git/percepio/poc/runs/tcp-workload-matrix-v1/A03-baseline/build/tcp_out.o,
by_pc,2147512916,1,21,42,43,1,1,8,0,11,tcp_output_alloc_header_common.constprop.0,/Users/swchen.tw/git/percepio/poc/runs/tcp-workload-matrix-v1/A03-baseline/build/tcp_out.o,
by_pc,2147512920,1,21,42,43,1,1,8,0,11,tcp_output_alloc_header_common.constprop.0,/Users/swchen.tw/git/percepio/poc/runs/tcp-workload-matrix-v1/A03-baseline/build/tcp_out.o,
by_pc,2147512924,1,21,42,43,1,1,8,0,11,tcp_output_alloc_header_common.constprop.0,/Users/swchen.tw/git/percepio/poc/runs/tcp-workload-matrix-v1/A03-baseline/build/tcp_out.o,
by_pc,2147512928,1,21,42,43,1,1,8,0,11,tcp_output_alloc_header_common.constprop.0,/Users/swchen.tw/git/percepio/poc/runs/tcp-workload-matrix-v1/A03-baseline/build/tcp_out.o,
by_pc,2147512932,1,2,4,5,1,1,0,0,0,tcp_output_alloc_header_common.constprop.0,/Users/swchen.tw/git/percepio/poc/runs/tcp-workload-matrix-v1/A03-baseline/build/tcp_out.o,
by_pc,2147512934,1,2,4,5,1,1,0,0,0,tcp_output_alloc_header_common.constprop.0,/Users/swchen.tw/git/percepio/poc/runs/tcp-workload-matrix-v1/A03-baseline/build/tcp_out.o,
by_pc,2147512936,1,2,4,5,1,1,0,0,0,tcp_output_alloc_header_common.constprop.0,/Users/swchen.tw/git/percepio/poc/runs/tcp-workload-matrix-v1/A03-baseline/build/tcp_out.o,
by_pc,2147512938,1,2,4,5,1,1,0,0,0,tcp_output_alloc_header_common.constprop.0,/Users/swchen.tw/git/percepio/poc/runs/tcp-workload-matrix-v1/A03-baseline/build/tcp_out.o,
by_pc,2147512940,1,2,4,5,1,1,0,0,0,tcp_output_alloc_header_common.constprop.0,/Users/swchen.tw/git/percepio/poc/runs/tcp-workload-matrix-v1/A03-baseline/build/tcp_out.o,
by_pc,2147512942,1,2,4,5,1,1,0,0,0,tcp_output_alloc_header_common.constprop.0,/Users/swchen.tw/git/percepio/poc/runs/tcp-workload-matrix-v1/A03-baseline/build/tcp_out.o,
by_pc,2147512944,1,2,4,5,1,1,0,0,0,tcp_output_alloc_header_common.constprop.0,/Users/swchen.tw/git/percepio/poc/runs/tcp-workload-matrix-v1/A03-baseline/build/tcp_out.o,
by_pc,2147512946,1,1,2,3,1,0,0,0,0,tcp_output_alloc_header_common.constprop.0,/Users/swchen.tw/git/percepio/poc/runs/tcp-workload-matrix-v1/A03-baseline/build/tcp_out.o,
by_pc,2147512948,1,2,4,5,1,1,0,0,0,tcp_output_alloc_header_common.constprop.0,/Users/swchen.tw/git/percepio/poc/runs/tcp-workload-matrix-v1/A03-baseline/build/tcp_out.o,
by_pc,2147512950,1,1,2,3,1,0,0,0,0,tcp_output_alloc_header_common.constprop.0,/Users/swchen.tw/git/percepio/poc/runs/tcp-workload-matrix-v1/A03-baseline/build/tcp_out.o,
by_pc,2147512952,1,1,2,3,1,0,0,0,0,tcp_output_alloc_header_common.constprop.0,/Users/swchen.tw/git/percepio/poc/runs/tcp-workload-matrix-v1/A03-baseline/build/tcp_out.o,
by_pc,2147512982,1,1,2,3,1,0,0,0,0,tcp_output_alloc_header.constprop.0,/Users/swchen.tw/git/percepio/poc/runs/tcp-workload-matrix-v1/A03-baseline/build/tcp_out.o,
by_pc,2147512984,1,2,4,5,1,1,0,0,0,tcp_output_alloc_header.constprop.0,/Users/swchen.tw/git/percepio/poc/runs/tcp-workload-matrix-v1/A03-baseline/build/tcp_out.o,
by_pc,2147512988,1,2,4,5,1,1,0,0,0,tcp_output_alloc_header.constprop.0,/Users/swchen.tw/git/percepio/poc/runs/tcp-workload-matrix-v1/A03-baseline/build/tcp_out.o,
by_pc,2147512990,1,1,2,3,1,0,0,0,0,tcp_output_alloc_header.constprop.0,/Users/swchen.tw/git/percepio/poc/runs/tcp-workload-matrix-v1/A03-baseline/build/tcp_out.o,
by_pc,2147512992,1,21,42,43,1,1,8,0,11,tcp_output_alloc_header.constprop.0,/Users/swchen.tw/git/percepio/poc/runs/tcp-workload-matrix-v1/A03-baseline/build/tcp_out.o,
by_pc,2147512994,1,2,4,5,1,1,0,0,0,tcp_output_alloc_header.constprop.0,/Users/swchen.tw/git/percepio/poc/runs/tcp-workload-matrix-v1/A03-baseline/build/tcp_out.o,
by_pc,2147512996,1,2,4,5,1,1,0,0,0,tcp_output_alloc_header.constprop.0,/Users/swchen.tw/git/percepio/poc/runs/tcp-workload-matrix-v1/A03-baseline/build/tcp_out.o,
by_pc,2147512998,1,1,2,3,1,0,0,0,0,tcp_output_alloc_header.constprop.0,/Users/swchen.tw/git/percepio/poc/runs/tcp-workload-matrix-v1/A03-baseline/build/tcp_out.o,
by_pc,2147513000,1,1,2,3,1,0,0,0,0,tcp_output_alloc_header.constprop.0,/Users/swchen.tw/git/percepio/poc/runs/tcp-workload-matrix-v1/A03-baseline/build/tcp_out.o,
by_pc,2147515298,1,1,2,3,1,0,0,0,0,tcp_send_empty_ack,/Users/swchen.tw/git/percepio/poc/runs/tcp-workload-matrix-v1/A03-baseline/build/tcp_out.o,
by_pc,2147515322,1,1,2,3,1,0,0,0,0,tcp_send_empty_ack,/Users/swchen.tw/git/percepio/poc/runs/tcp-workload-matrix-v1/A03-baseline/build/tcp_out.o,
by_pc,2147515324,1,1,2,3,1,0,0,0,0,tcp_send_empty_ack,/Users/swchen.tw/git/percepio/poc/runs/tcp-workload-matrix-v1/A03-baseline/build/tcp_out.o,
by_pc,2147515328,1,1,2,3,1,0,0,0,0,tcp_send_empty_ack,/Users/swchen.tw/git/percepio/poc/runs/tcp-workload-matrix-v1/A03-baseline/build/tcp_out.o,
by_pc,2147515330,1,1,2,3,1,0,0,0,0,tcp_send_empty_ack,/Users/swchen.tw/git/percepio/poc/runs/tcp-workload-matrix-v1/A03-baseline/build/tcp_out.o,
by_pc,2147515332,1,1,2,3,1,0,0,0,0,tcp_send_empty_ack,/Users/swchen.tw/git/percepio/poc/runs/tcp-workload-matrix-v1/A03-baseline/build/tcp_out.o,
by_pc,2147513002,1,1,2,3,1,0,0,0,0,tcp_output_control_segment,/Users/swchen.tw/git/percepio/poc/runs/tcp-workload-matrix-v1/A03-baseline/build/tcp_out.o,
by_pc,2147513004,1,21,42,43,1,1,8,0,11,tcp_output_control_segment,/Users/swchen.tw/git/percepio/poc/runs/tcp-workload-matrix-v1/A03-baseline/build/tcp_out.o,
by_pc,2147513006,1,21,42,43,1,1,8,0,11,tcp_output_control_segment,/Users/swchen.tw/git/percepio/poc/runs/tcp-workload-matrix-v1/A03-baseline/build/tcp_out.o,
by_pc,2147513008,1,1,2,3,1,0,0,0,0,tcp_output_control_segment,/Users/swchen.tw/git/percepio/poc/runs/tcp-workload-matrix-v1/A03-baseline/build/tcp_out.o,
by_pc,2147513010,1,1,2,3,1,0,0,0,0,tcp_output_control_segment,/Users/swchen.tw/git/percepio/poc/runs/tcp-workload-matrix-v1/A03-baseline/build/tcp_out.o,
by_pc,2147513012,1,2,4,5,1,1,0,0,0,tcp_output_control_segment,/Users/swchen.tw/git/percepio/poc/runs/tcp-workload-matrix-v1/A03-baseline/build/tcp_out.o,
by_pc,2147513016,1,1,2,3,1,0,0,0,0,tcp_output_control_segment,/Users/swchen.tw/git/percepio/poc/runs/tcp-workload-matrix-v1/A03-baseline/build/tcp_out.o,
by_pc,2147513050,1,27,54,55,1,0,8,18,0,tcp_output_control_segment,/Users/swchen.tw/git/percepio/poc/runs/tcp-workload-matrix-v1/A03-baseline/build/tcp_out.o,
by_pc,2147513052,1,21,42,43,1,1,8,0,11,tcp_output_control_segment,/Users/swchen.tw/git/percepio/poc/runs/tcp-workload-matrix-v1/A03-baseline/build/tcp_out.o,
by_pc,2147513054,1,21,42,43,1,1,8,0,11,tcp_output_control_segment,/Users/swchen.tw/git/percepio/poc/runs/tcp-workload-matrix-v1/A03-baseline/build/tcp_out.o,
by_pc,2147513056,1,21,42,43,1,1,8,0,11,tcp_output_control_segment,/Users/swchen.tw/git/percepio/poc/runs/tcp-workload-matrix-v1/A03-baseline/build/tcp_out.o,
by_pc,2147513058,1,1,2,3,1,0,0,0,0,tcp_output_control_segment,/Users/swchen.tw/git/percepio/poc/runs/tcp-workload-matrix-v1/A03-baseline/build/tcp_out.o,
by_pc,2147513062,1,2,4,5,1,1,0,0,0,tcp_output_control_segment,/Users/swchen.tw/git/percepio/poc/runs/tcp-workload-matrix-v1/A03-baseline/build/tcp_out.o,
by_pc,2147513064,1,2,4,5,1,1,0,0,0,tcp_output_control_segment,/Users/swchen.tw/git/percepio/poc/runs/tcp-workload-matrix-v1/A03-baseline/build/tcp_out.o,
by_pc,2147513066,1,2,4,5,1,1,0,0,0,tcp_output_control_segment,/Users/swchen.tw/git/percepio/poc/runs/tcp-workload-matrix-v1/A03-baseline/build/tcp_out.o,
by_pc,2147513068,1,1,2,3,1,0,0,0,0,tcp_output_control_segment,/Users/swchen.tw/git/percepio/poc/runs/tcp-workload-matrix-v1/A03-baseline/build/tcp_out.o,
by_pc,2147513070,1,1,2,3,1,0,0,0,0,tcp_output_control_segment,/Users/swchen.tw/git/percepio/poc/runs/tcp-workload-matrix-v1/A03-baseline/build/tcp_out.o,
by_pc,2147513036,1,1,2,3,1,0,0,0,0,tcp_output_control_segment,/Users/swchen.tw/git/percepio/poc/runs/tcp-workload-matrix-v1/A03-baseline/build/tcp_out.o,
by_pc,2147513038,1,1,2,3,1,0,0,0,0,tcp_output_control_segment,/Users/swchen.tw/git/percepio/poc/runs/tcp-workload-matrix-v1/A03-baseline/build/tcp_out.o,
by_pc,2147513040,1,2,4,5,1,1,0,0,0,tcp_output_control_segment,/Users/swchen.tw/git/percepio/poc/runs/tcp-workload-matrix-v1/A03-baseline/build/tcp_out.o,
by_pc,2147513042,1,2,4,5,1,1,0,0,0,tcp_output_control_segment,/Users/swchen.tw/git/percepio/poc/runs/tcp-workload-matrix-v1/A03-baseline/build/tcp_out.o,
by_pc,2147513044,1,1,2,3,1,0,0,0,0,tcp_output_control_segment,/Users/swchen.tw/git/percepio/poc/runs/tcp-workload-matrix-v1/A03-baseline/build/tcp_out.o,
by_pc,2147513046,1,1,2,3,1,0,0,0,0,tcp_output_control_segment,/Users/swchen.tw/git/percepio/poc/runs/tcp-workload-matrix-v1/A03-baseline/build/tcp_out.o,
by_pc,2147512606,1,1,2,3,1,0,0,0,0,tcp_output_control_segment_netif,/Users/swchen.tw/git/percepio/poc/runs/tcp-workload-matrix-v1/A03-baseline/build/tcp_out.o,
by_pc,2147512608,1,21,42,43,1,1,8,0,11,tcp_output_control_segment_netif,/Users/swchen.tw/git/percepio/poc/runs/tcp-workload-matrix-v1/A03-baseline/build/tcp_out.o,
by_pc,2147512610,1,21,42,43,1,1,8,0,11,tcp_output_control_segment_netif,/Users/swchen.tw/git/percepio/poc/runs/tcp-workload-matrix-v1/A03-baseline/build/tcp_out.o,
by_pc,2147512612,1,21,42,43,1,1,8,0,11,tcp_output_control_segment_netif,/Users/swchen.tw/git/percepio/poc/runs/tcp-workload-matrix-v1/A03-baseline/build/tcp_out.o,
by_pc,2147512614,1,21,42,43,1,1,8,0,11,tcp_output_control_segment_netif,/Users/swchen.tw/git/percepio/poc/runs/tcp-workload-matrix-v1/A03-baseline/build/tcp_out.o,
by_pc,2147512616,1,21,42,43,1,1,8,0,11,tcp_output_control_segment_netif,/Users/swchen.tw/git/percepio/poc/runs/tcp-workload-matrix-v1/A03-baseline/build/tcp_out.o,
by_pc,2147512618,1,21,42,43,1,1,8,0,11,tcp_output_control_segment_netif,/Users/swchen.tw/git/percepio/poc/runs/tcp-workload-matrix-v1/A03-baseline/build/tcp_out.o,
by_pc,2147512620,1,21,42,43,1,1,8,0,11,tcp_output_control_segment_netif,/Users/swchen.tw/git/percepio/poc/runs/tcp-workload-matrix-v1/A03-baseline/build/tcp_out.o,
by_pc,2147512622,1,1,2,3,1,0,0,0,0,tcp_output_control_segment_netif,/Users/swchen.tw/git/percepio/poc/runs/tcp-workload-matrix-v1/A03-baseline/build/tcp_out.o,
by_pc,2147512624,1,1,2,3,1,0,0,0,0,tcp_output_control_segment_netif,/Users/swchen.tw/git/percepio/poc/runs/tcp-workload-matrix-v1/A03-baseline/build/tcp_out.o,
by_pc,2147512626,1,1,2,3,1,0,0,0,0,tcp_output_control_segment_netif,/Users/swchen.tw/git/percepio/poc/runs/tcp-workload-matrix-v1/A03-baseline/build/tcp_out.o,
by_pc,2147512628,1,1,2,3,1,0,0,0,0,tcp_output_control_segment_netif,/Users/swchen.tw/git/percepio/poc/runs/tcp-workload-matrix-v1/A03-baseline/build/tcp_out.o,
by_pc,2147512630,1,2,4,5,1,1,0,0,0,tcp_output_control_segment_netif,/Users/swchen.tw/git/percepio/poc/runs/tcp-workload-matrix-v1/A03-baseline/build/tcp_out.o,
by_pc,2147512634,1,2,4,5,1,1,0,0,0,tcp_output_control_segment_netif,/Users/swchen.tw/git/percepio/poc/runs/tcp-workload-matrix-v1/A03-baseline/build/tcp_out.o,
by_pc,2147512638,1,1,2,3,1,0,0,0,0,tcp_output_control_segment_netif,/Users/swchen.tw/git/percepio/poc/runs/tcp-workload-matrix-v1/A03-baseline/build/tcp_out.o,
by_pc,2147512640,1,27,54,55,1,0,8,18,0,tcp_output_control_segment_netif,/Users/swchen.tw/git/percepio/poc/runs/tcp-workload-matrix-v1/A03-baseline/build/tcp_out.o,
by_pc,2147512642,1,1,2,3,1,0,0,0,0,tcp_output_control_segment_netif,/Users/swchen.tw/git/percepio/poc/runs/tcp-workload-matrix-v1/A03-baseline/build/tcp_out.o,
by_pc,2147512644,1,1,2,3,1,0,0,0,0,tcp_output_control_segment_netif,/Users/swchen.tw/git/percepio/poc/runs/tcp-workload-matrix-v1/A03-baseline/build/tcp_out.o,
by_pc,2147512646,1,1,2,3,1,0,0,0,0,tcp_output_control_segment_netif,/Users/swchen.tw/git/percepio/poc/runs/tcp-workload-matrix-v1/A03-baseline/build/tcp_out.o,
by_pc,2147512650,1,21,42,43,1,1,8,0,11,tcp_output_control_segment_netif,/Users/swchen.tw/git/percepio/poc/runs/tcp-workload-matrix-v1/A03-baseline/build/tcp_out.o,
by_pc,2147512654,1,1,2,3,1,0,0,0,0,tcp_output_control_segment_netif,/Users/swchen.tw/git/percepio/poc/runs/tcp-workload-matrix-v1/A03-baseline/build/tcp_out.o,
by_pc,2147512656,1,21,42,43,1,1,8,0,11,tcp_output_control_segment_netif,/Users/swchen.tw/git/percepio/poc/runs/tcp-workload-matrix-v1/A03-baseline/build/tcp_out.o,
by_pc,2147512660,1,2,4,5,1,1,0,0,0,tcp_output_control_segment_netif,/Users/swchen.tw/git/percepio/poc/runs/tcp-workload-matrix-v1/A03-baseline/build/tcp_out.o,
by_pc,2147512662,1,1,2,3,1,0,0,0,0,tcp_output_control_segment_netif,/Users/swchen.tw/git/percepio/poc/runs/tcp-workload-matrix-v1/A03-baseline/build/tcp_out.o,
by_pc,2147512664,1,2,4,5,1,1,0,0,0,tcp_output_control_segment_netif,/Users/swchen.tw/git/percepio/poc/runs/tcp-workload-matrix-v1/A03-baseline/build/tcp_out.o,
by_pc,2147512668,1,2,4,5,1,1,0,0,0,tcp_output_control_segment_netif,/Users/swchen.tw/git/percepio/poc/runs/tcp-workload-matrix-v1/A03-baseline/build/tcp_out.o,
by_pc,2147512672,1,1,2,3,1,0,0,0,0,tcp_output_control_segment_netif,/Users/swchen.tw/git/percepio/poc/runs/tcp-workload-matrix-v1/A03-baseline/build/tcp_out.o,
by_pc,2147512676,1,2,4,5,1,1,0,0,0,tcp_output_control_segment_netif,/Users/swchen.tw/git/percepio/poc/runs/tcp-workload-matrix-v1/A03-baseline/build/tcp_out.o,
by_pc,2147512680,1,1,2,3,1,0,0,0,0,tcp_output_control_segment_netif,/Users/swchen.tw/git/percepio/poc/runs/tcp-workload-matrix-v1/A03-baseline/build/tcp_out.o,
by_pc,2147512682,1,1,2,3,1,0,0,0,0,tcp_output_control_segment_netif,/Users/swchen.tw/git/percepio/poc/runs/tcp-workload-matrix-v1/A03-baseline/build/tcp_out.o,
by_pc,2147512684,1,1,2,3,1,0,0,0,0,tcp_output_control_segment_netif,/Users/swchen.tw/git/percepio/poc/runs/tcp-workload-matrix-v1/A03-baseline/build/tcp_out.o,
by_pc,2147512686,1,1,2,3,1,0,0,0,0,tcp_output_control_segment_netif,/Users/swchen.tw/git/percepio/poc/runs/tcp-workload-matrix-v1/A03-baseline/build/tcp_out.o,
by_pc,2147512690,1,21,42,43,1,1,8,0,11,tcp_output_control_segment_netif,/Users/swchen.tw/git/percepio/poc/runs/tcp-workload-matrix-v1/A03-baseline/build/tcp_out.o,
by_pc,2147512694,1,1,2,3,1,0,0,0,0,tcp_output_control_segment_netif,/Users/swchen.tw/git/percepio/poc/runs/tcp-workload-matrix-v1/A03-baseline/build/tcp_out.o,
by_pc,2147512696,1,1,2,3,1,0,0,0,0,tcp_output_control_segment_netif,/Users/swchen.tw/git/percepio/poc/runs/tcp-workload-matrix-v1/A03-baseline/build/tcp_out.o,
by_pc,2147512698,1,1,2,3,1,0,0,0,0,tcp_output_control_segment_netif,/Users/swchen.tw/git/percepio/poc/runs/tcp-workload-matrix-v1/A03-baseline/build/tcp_out.o,
by_pc,2147512702,1,1,2,3,1,0,0,0,0,tcp_output_control_segment_netif,/Users/swchen.tw/git/percepio/poc/runs/tcp-workload-matrix-v1/A03-baseline/build/tcp_out.o,
by_pc,2147512704,1,1,2,3,1,0,0,0,0,tcp_output_control_segment_netif,/Users/swchen.tw/git/percepio/poc/runs/tcp-workload-matrix-v1/A03-baseline/build/tcp_out.o,
by_pc,2147512706,1,1,2,3,1,0,0,0,0,tcp_output_control_segment_netif,/Users/swchen.tw/git/percepio/poc/runs/tcp-workload-matrix-v1/A03-baseline/build/tcp_out.o,
by_pc,2147512710,1,2,4,5,1,1,0,0,0,tcp_output_control_segment_netif,/Users/swchen.tw/git/percepio/poc/runs/tcp-workload-matrix-v1/A03-baseline/build/tcp_out.o,
by_pc,2147512712,1,2,4,5,1,1,0,0,0,tcp_output_control_segment_netif,/Users/swchen.tw/git/percepio/poc/runs/tcp-workload-matrix-v1/A03-baseline/build/tcp_out.o,
by_pc,2147512714,1,2,4,5,1,1,0,0,0,tcp_output_control_segment_netif,/Users/swchen.tw/git/percepio/poc/runs/tcp-workload-matrix-v1/A03-baseline/build/tcp_out.o,
by_pc,2147512716,1,2,4,5,1,1,0,0,0,tcp_output_control_segment_netif,/Users/swchen.tw/git/percepio/poc/runs/tcp-workload-matrix-v1/A03-baseline/build/tcp_out.o,
by_pc,2147512718,1,2,4,5,1,1,0,0,0,tcp_output_control_segment_netif,/Users/swchen.tw/git/percepio/poc/runs/tcp-workload-matrix-v1/A03-baseline/build/tcp_out.o,
by_pc,2147512720,1,1,2,3,1,0,0,0,0,tcp_output_control_segment_netif,/Users/swchen.tw/git/percepio/poc/runs/tcp-workload-matrix-v1/A03-baseline/build/tcp_out.o,
by_pc,2147512722,1,2,4,5,1,1,0,0,0,tcp_output_control_segment_netif,/Users/swchen.tw/git/percepio/poc/runs/tcp-workload-matrix-v1/A03-baseline/build/tcp_out.o,
by_pc,2147512724,1,1,2,3,1,0,0,0,0,tcp_output_control_segment_netif,/Users/swchen.tw/git/percepio/poc/runs/tcp-workload-matrix-v1/A03-baseline/build/tcp_out.o,
by_pc,2147512726,1,1,2,3,1,0,0,0,0,tcp_output_control_segment_netif,/Users/swchen.tw/git/percepio/poc/runs/tcp-workload-matrix-v1/A03-baseline/build/tcp_out.o,
by_pc,2147515336,1,2,4,5,1,1,0,0,0,tcp_send_empty_ack,/Users/swchen.tw/git/percepio/poc/runs/tcp-workload-matrix-v1/A03-baseline/build/tcp_out.o,
by_pc,2147515340,1,1,2,3,1,0,0,0,0,tcp_send_empty_ack,/Users/swchen.tw/git/percepio/poc/runs/tcp-workload-matrix-v1/A03-baseline/build/tcp_out.o,
by_pc,2147515344,1,1,2,3,1,0,0,0,0,tcp_send_empty_ack,/Users/swchen.tw/git/percepio/poc/runs/tcp-workload-matrix-v1/A03-baseline/build/tcp_out.o,
by_pc,2147515310,1,21,42,43,1,1,8,0,11,tcp_send_empty_ack,/Users/swchen.tw/git/percepio/poc/runs/tcp-workload-matrix-v1/A03-baseline/build/tcp_out.o,
by_pc,2147515314,1,2,4,5,1,1,0,0,0,tcp_send_empty_ack,/Users/swchen.tw/git/percepio/poc/runs/tcp-workload-matrix-v1/A03-baseline/build/tcp_out.o,
by_pc,2147515316,1,2,4,5,1,1,0,0,0,tcp_send_empty_ack,/Users/swchen.tw/git/percepio/poc/runs/tcp-workload-matrix-v1/A03-baseline/build/tcp_out.o,
by_pc,2147515318,1,1,2,3,1,0,0,0,0,tcp_send_empty_ack,/Users/swchen.tw/git/percepio/poc/runs/tcp-workload-matrix-v1/A03-baseline/build/tcp_out.o,
by_pc,2147515320,1,1,2,3,1,0,0,0,0,tcp_send_empty_ack,/Users/swchen.tw/git/percepio/poc/runs/tcp-workload-matrix-v1/A03-baseline/build/tcp_out.o,
by_pc,2147497336,1,1,2,3,1,0,0,0,0,session_task,/Users/swchen.tw/git/percepio/poc/runs/tcp-workload-matrix-v1/A03-baseline/build/tcp_request_response_irq.o,
by_pc,2147497340,1,2,4,5,1,1,0,0,0,session_task,/Users/swchen.tw/git/percepio/poc/runs/tcp-workload-matrix-v1/A03-baseline/build/tcp_request_response_irq.o,
by_pc,2147497344,1,27,54,55,1,0,8,18,0,session_task,/Users/swchen.tw/git/percepio/poc/runs/tcp-workload-matrix-v1/A03-baseline/build/tcp_request_response_irq.o,
by_pc,2147497346,1,2,4,5,1,1,0,0,0,session_task,/Users/swchen.tw/git/percepio/poc/runs/tcp-workload-matrix-v1/A03-baseline/build/tcp_request_response_irq.o,
by_pc,2147497350,1,2,4,5,1,1,0,0,0,session_task,/Users/swchen.tw/git/percepio/poc/runs/tcp-workload-matrix-v1/A03-baseline/build/tcp_request_response_irq.o,
by_pc,2147497352,1,1,2,3,1,0,0,0,0,session_task,/Users/swchen.tw/git/percepio/poc/runs/tcp-workload-matrix-v1/A03-baseline/build/tcp_request_response_irq.o,
by_pc,2147497354,1,1,2,3,1,0,0,0,0,session_task,/Users/swchen.tw/git/percepio/poc/runs/tcp-workload-matrix-v1/A03-baseline/build/tcp_request_response_irq.o,
by_pc,2147497374,1,2,4,5,1,1,0,0,0,session_task,/Users/swchen.tw/git/percepio/poc/runs/tcp-workload-matrix-v1/A03-baseline/build/tcp_request_response_irq.o,
by_pc,2147497376,1,1,2,3,1,0,0,0,0,session_task,/Users/swchen.tw/git/percepio/poc/runs/tcp-workload-matrix-v1/A03-baseline/build/tcp_request_response_irq.o,
by_pc,2147497378,1,1,2,3,1,0,0,0,0,session_task,/Users/swchen.tw/git/percepio/poc/runs/tcp-workload-matrix-v1/A03-baseline/build/tcp_request_response_irq.o,
by_pc,2147497380,1,1,2,3,1,0,0,0,0,session_task,/Users/swchen.tw/git/percepio/poc/runs/tcp-workload-matrix-v1/A03-baseline/build/tcp_request_response_irq.o,
by_pc,2147497384,1,1,2,3,1,0,0,0,0,session_task,/Users/swchen.tw/git/percepio/poc/runs/tcp-workload-matrix-v1/A03-baseline/build/tcp_request_response_irq.o,
by_pc,2147497388,1,1,2,3,1,0,0,0,0,session_task,/Users/swchen.tw/git/percepio/poc/runs/tcp-workload-matrix-v1/A03-baseline/build/tcp_request_response_irq.o,
by_pc,2147497392,1,2,4,5,1,1,0,0,0,session_task,/Users/swchen.tw/git/percepio/poc/runs/tcp-workload-matrix-v1/A03-baseline/build/tcp_request_response_irq.o,
by_pc,2147497396,1,1,2,3,1,0,0,0,0,session_task,/Users/swchen.tw/git/percepio/poc/runs/tcp-workload-matrix-v1/A03-baseline/build/tcp_request_response_irq.o,
by_pc,2147504934,2,36,72,74,2,0,16,18,0,tcp_close,/Users/swchen.tw/git/percepio/poc/runs/tcp-workload-matrix-v1/A03-baseline/build/tcp.o,
by_pc,2147504936,2,4,8,10,2,2,0,0,0,tcp_close,/Users/swchen.tw/git/percepio/poc/runs/tcp-workload-matrix-v1/A03-baseline/build/tcp.o,
by_pc,2147504938,2,2,4,6,2,0,0,0,0,tcp_close,/Users/swchen.tw/git/percepio/poc/runs/tcp-workload-matrix-v1/A03-baseline/build/tcp.o,
by_pc,2147504940,2,2,4,6,2,0,0,0,0,tcp_close,/Users/swchen.tw/git/percepio/poc/runs/tcp-workload-matrix-v1/A03-baseline/build/tcp.o,
by_pc,2147504944,1,2,4,5,1,1,0,0,0,tcp_close,/Users/swchen.tw/git/percepio/poc/runs/tcp-workload-matrix-v1/A03-baseline/build/tcp.o,
by_pc,2147504948,1,1,2,3,1,0,0,0,0,tcp_close,/Users/swchen.tw/git/percepio/poc/runs/tcp-workload-matrix-v1/A03-baseline/build/tcp.o,
by_pc,2147504952,1,21,42,43,1,1,8,0,11,tcp_close,/Users/swchen.tw/git/percepio/poc/runs/tcp-workload-matrix-v1/A03-baseline/build/tcp.o,
by_pc,2147504956,2,2,4,6,2,0,0,0,0,tcp_close,/Users/swchen.tw/git/percepio/poc/runs/tcp-workload-matrix-v1/A03-baseline/build/tcp.o,
by_pc,2147504958,2,30,60,62,4,0,8,18,0,tcp_close,/Users/swchen.tw/git/percepio/poc/runs/tcp-workload-matrix-v1/A03-baseline/build/tcp.o,
by_pc,2147504640,2,36,72,74,2,0,16,18,0,tcp_close_shutdown,/Users/swchen.tw/git/percepio/poc/runs/tcp-workload-matrix-v1/A03-baseline/build/tcp.o,
by_pc,2147504642,2,42,84,86,2,2,16,0,22,tcp_close_shutdown,/Users/swchen.tw/git/percepio/poc/runs/tcp-workload-matrix-v1/A03-baseline/build/tcp.o,
by_pc,2147504644,2,42,84,86,2,2,16,0,22,tcp_close_shutdown,/Users/swchen.tw/git/percepio/poc/runs/tcp-workload-matrix-v1/A03-baseline/build/tcp.o,
by_pc,2147504646,2,42,84,86,2,2,16,0,22,tcp_close_shutdown,/Users/swchen.tw/git/percepio/poc/runs/tcp-workload-matrix-v1/A03-baseline/build/tcp.o,
by_pc,2147504648,2,4,8,10,2,2,0,0,0,tcp_close_shutdown,/Users/swchen.tw/git/percepio/poc/runs/tcp-workload-matrix-v1/A03-baseline/build/tcp.o,
by_pc,2147504650,2,2,4,6,2,0,0,0,0,tcp_close_shutdown,/Users/swchen.tw/git/percepio/poc/runs/tcp-workload-matrix-v1/A03-baseline/build/tcp.o,
by_pc,2147504652,2,2,4,6,2,0,0,0,0,tcp_close_shutdown,/Users/swchen.tw/git/percepio/poc/runs/tcp-workload-matrix-v1/A03-baseline/build/tcp.o,
by_pc,2147504654,2,2,4,6,2,0,0,0,0,tcp_close_shutdown,/Users/swchen.tw/git/percepio/poc/runs/tcp-workload-matrix-v1/A03-baseline/build/tcp.o,
by_pc,2147504658,2,2,4,6,2,0,0,0,0,tcp_close_shutdown,/Users/swchen.tw/git/percepio/poc/runs/tcp-workload-matrix-v1/A03-baseline/build/tcp.o,
by_pc,2147504660,2,2,4,6,2,0,0,0,0,tcp_close_shutdown,/Users/swchen.tw/git/percepio/poc/runs/tcp-workload-matrix-v1/A03-baseline/build/tcp.o,
by_pc,2147504664,2,2,4,6,2,0,0,0,0,tcp_close_shutdown,/Users/swchen.tw/git/percepio/poc/runs/tcp-workload-matrix-v1/A03-baseline/build/tcp.o,
by_pc,2147504666,1,2,4,5,1,1,0,0,0,tcp_close_shutdown,/Users/swchen.tw/git/percepio/poc/runs/tcp-workload-matrix-v1/A03-baseline/build/tcp.o,
by_pc,2147504668,1,1,2,3,1,0,0,0,0,tcp_close_shutdown,/Users/swchen.tw/git/percepio/poc/runs/tcp-workload-matrix-v1/A03-baseline/build/tcp.o,
by_pc,2147504670,1,2,4,5,1,1,0,0,0,tcp_close_shutdown,/Users/swchen.tw/git/percepio/poc/runs/tcp-workload-matrix-v1/A03-baseline/build/tcp.o,
by_pc,2147504674,1,1,2,3,1,0,0,0,0,tcp_close_shutdown,/Users/swchen.tw/git/percepio/poc/runs/tcp-workload-matrix-v1/A03-baseline/build/tcp.o,
by_pc,2147504676,1,1,2,3,1,0,0,0,0,tcp_close_shutdown,/Users/swchen.tw/git/percepio/poc/runs/tcp-workload-matrix-v1/A03-baseline/build/tcp.o,
by_pc,2147504680,1,1,2,3,1,0,0,0,0,tcp_close_shutdown,/Users/swchen.tw/git/percepio/poc/runs/tcp-workload-matrix-v1/A03-baseline/build/tcp.o,
by_pc,2147504920,1,1,2,3,1,0,0,0,0,tcp_close_shutdown,/Users/swchen.tw/git/percepio/poc/runs/tcp-workload-matrix-v1/A03-baseline/build/tcp.o,
by_pc,2147504922,1,2,4,5,1,1,0,0,0,tcp_close_shutdown,/Users/swchen.tw/git/percepio/poc/runs/tcp-workload-matrix-v1/A03-baseline/build/tcp.o,
by_pc,2147504924,1,2,4,5,1,1,0,0,0,tcp_close_shutdown,/Users/swchen.tw/git/percepio/poc/runs/tcp-workload-matrix-v1/A03-baseline/build/tcp.o,
by_pc,2147504926,1,2,4,5,1,1,0,0,0,tcp_close_shutdown,/Users/swchen.tw/git/percepio/poc/runs/tcp-workload-matrix-v1/A03-baseline/build/tcp.o,
by_pc,2147504928,1,1,2,3,1,0,0,0,0,tcp_close_shutdown,/Users/swchen.tw/git/percepio/poc/runs/tcp-workload-matrix-v1/A03-baseline/build/tcp.o,
by_pc,2147504930,1,1,2,3,1,0,0,0,0,tcp_close_shutdown,/Users/swchen.tw/git/percepio/poc/runs/tcp-workload-matrix-v1/A03-baseline/build/tcp.o,
by_pc,2147502758,1,27,54,55,1,0,8,18,0,tcp_close_shutdown_fin,/Users/swchen.tw/git/percepio/poc/runs/tcp-workload-matrix-v1/A03-baseline/build/tcp.o,
by_pc,2147502760,1,21,42,43,1,1,8,0,11,tcp_close_shutdown_fin,/Users/swchen.tw/git/percepio/poc/runs/tcp-workload-matrix-v1/A03-baseline/build/tcp.o,
by_pc,2147502762,1,21,42,43,1,1,8,0,11,tcp_close_shutdown_fin,/Users/swchen.tw/git/percepio/poc/runs/tcp-workload-matrix-v1/A03-baseline/build/tcp.o,
by_pc,2147502764,1,2,4,5,1,1,0,0,0,tcp_close_shutdown_fin,/Users/swchen.tw/git/percepio/poc/runs/tcp-workload-matrix-v1/A03-baseline/build/tcp.o,
by_pc,2147502766,1,1,2,3,1,0,0,0,0,tcp_close_shutdown_fin,/Users/swchen.tw/git/percepio/poc/runs/tcp-workload-matrix-v1/A03-baseline/build/tcp.o,
by_pc,2147502768,1,1,2,3,1,0,0,0,0,tcp_close_shutdown_fin,/Users/swchen.tw/git/percepio/poc/runs/tcp-workload-matrix-v1/A03-baseline/build/tcp.o,
by_pc,2147502770,1,1,2,3,1,0,0,0,0,tcp_close_shutdown_fin,/Users/swchen.tw/git/percepio/poc/runs/tcp-workload-matrix-v1/A03-baseline/build/tcp.o,
by_pc,2147502774,1,1,2,3,1,0,0,0,0,tcp_close_shutdown_fin,/Users/swchen.tw/git/percepio/poc/runs/tcp-workload-matrix-v1/A03-baseline/build/tcp.o,
by_pc,2147502776,1,1,2,3,1,0,0,0,0,tcp_close_shutdown_fin,/Users/swchen.tw/git/percepio/poc/runs/tcp-workload-matrix-v1/A03-baseline/build/tcp.o,
by_pc,2147502814,1,27,54,55,1,0,8,18,0,tcp_close_shutdown_fin,/Users/swchen.tw/git/percepio/poc/runs/tcp-workload-matrix-v1/A03-baseline/build/tcp.o,
by_pc,2147514472,1,27,54,55,1,0,8,18,0,tcp_send_fin,/Users/swchen.tw/git/percepio/poc/runs/tcp-workload-matrix-v1/A03-baseline/build/tcp_out.o,
by_pc,2147514474,1,21,42,43,1,1,8,0,11,tcp_send_fin,/Users/swchen.tw/git/percepio/poc/runs/tcp-workload-matrix-v1/A03-baseline/build/tcp_out.o,
by_pc,2147514476,1,21,42,43,1,1,8,0,11,tcp_send_fin,/Users/swchen.tw/git/percepio/poc/runs/tcp-workload-matrix-v1/A03-baseline/build/tcp_out.o,
by_pc,2147514478,1,21,42,43,1,1,8,0,11,tcp_send_fin,/Users/swchen.tw/git/percepio/poc/runs/tcp-workload-matrix-v1/A03-baseline/build/tcp_out.o,
by_pc,2147514480,1,21,42,43,1,1,8,0,11,tcp_send_fin,/Users/swchen.tw/git/percepio/poc/runs/tcp-workload-matrix-v1/A03-baseline/build/tcp_out.o,
by_pc,2147514482,1,2,4,5,1,1,0,0,0,tcp_send_fin,/Users/swchen.tw/git/percepio/poc/runs/tcp-workload-matrix-v1/A03-baseline/build/tcp_out.o,
by_pc,2147514484,1,1,2,3,1,0,0,0,0,tcp_send_fin,/Users/swchen.tw/git/percepio/poc/runs/tcp-workload-matrix-v1/A03-baseline/build/tcp_out.o,
by_pc,2147514486,1,1,2,3,1,0,0,0,0,tcp_send_fin,/Users/swchen.tw/git/percepio/poc/runs/tcp-workload-matrix-v1/A03-baseline/build/tcp_out.o,
by_pc,2147514518,1,28,56,57,1,1,8,18,0,tcp_send_fin,/Users/swchen.tw/git/percepio/poc/runs/tcp-workload-matrix-v1/A03-baseline/build/tcp_out.o,
by_pc,2147514520,1,2,4,5,1,1,0,0,0,tcp_send_fin,/Users/swchen.tw/git/percepio/poc/runs/tcp-workload-matrix-v1/A03-baseline/build/tcp_out.o,
by_pc,2147514522,1,2,4,5,1,1,0,0,0,tcp_send_fin,/Users/swchen.tw/git/percepio/poc/runs/tcp-workload-matrix-v1/A03-baseline/build/tcp_out.o,
by_pc,2147514524,1,1,2,3,1,0,0,0,0,tcp_send_fin,/Users/swchen.tw/git/percepio/poc/runs/tcp-workload-matrix-v1/A03-baseline/build/tcp_out.o,
by_pc,2147514526,1,2,4,5,1,1,0,0,0,tcp_send_fin,/Users/swchen.tw/git/percepio/poc/runs/tcp-workload-matrix-v1/A03-baseline/build/tcp_out.o,
by_pc,2147514528,1,1,2,3,1,0,0,0,0,tcp_send_fin,/Users/swchen.tw/git/percepio/poc/runs/tcp-workload-matrix-v1/A03-baseline/build/tcp_out.o,
by_pc,2147514530,1,1,2,3,1,0,0,0,0,tcp_send_fin,/Users/swchen.tw/git/percepio/poc/runs/tcp-workload-matrix-v1/A03-baseline/build/tcp_out.o,
by_pc,2147514532,1,1,2,3,1,0,0,0,0,tcp_send_fin,/Users/swchen.tw/git/percepio/poc/runs/tcp-workload-matrix-v1/A03-baseline/build/tcp_out.o,
by_pc,2147514430,1,3,6,7,2,1,0,0,0,tcp_enqueue_flags,/Users/swchen.tw/git/percepio/poc/runs/tcp-workload-matrix-v1/A03-baseline/build/tcp_out.o,
by_pc,2147514434,1,1,2,3,1,0,0,0,0,tcp_enqueue_flags,/Users/swchen.tw/git/percepio/poc/runs/tcp-workload-matrix-v1/A03-baseline/build/tcp_out.o,
by_pc,2147514438,1,21,42,43,1,1,8,0,11,tcp_enqueue_flags,/Users/swchen.tw/git/percepio/poc/runs/tcp-workload-matrix-v1/A03-baseline/build/tcp_out.o,
by_pc,2147502818,1,1,2,3,1,0,0,0,0,tcp_close_shutdown_fin,/Users/swchen.tw/git/percepio/poc/runs/tcp-workload-matrix-v1/A03-baseline/build/tcp.o,
by_pc,2147502820,1,1,2,3,1,0,0,0,0,tcp_close_shutdown_fin,/Users/swchen.tw/git/percepio/poc/runs/tcp-workload-matrix-v1/A03-baseline/build/tcp.o,
by_pc,2147502822,1,21,42,43,1,1,8,0,11,tcp_close_shutdown_fin,/Users/swchen.tw/git/percepio/poc/runs/tcp-workload-matrix-v1/A03-baseline/build/tcp.o,
by_pc,2147502824,1,1,2,3,1,0,0,0,0,tcp_close_shutdown_fin,/Users/swchen.tw/git/percepio/poc/runs/tcp-workload-matrix-v1/A03-baseline/build/tcp.o,
by_pc,2147502826,1,1,2,3,1,0,0,0,0,tcp_close_shutdown_fin,/Users/swchen.tw/git/percepio/poc/runs/tcp-workload-matrix-v1/A03-baseline/build/tcp.o,
by_pc,2147502830,1,1,2,3,1,0,0,0,0,tcp_close_shutdown_fin,/Users/swchen.tw/git/percepio/poc/runs/tcp-workload-matrix-v1/A03-baseline/build/tcp.o,
by_pc,2147502832,1,2,4,5,1,1,0,0,0,tcp_close_shutdown_fin,/Users/swchen.tw/git/percepio/poc/runs/tcp-workload-matrix-v1/A03-baseline/build/tcp.o,
by_pc,2147502834,1,2,4,5,1,1,0,0,0,tcp_close_shutdown_fin,/Users/swchen.tw/git/percepio/poc/runs/tcp-workload-matrix-v1/A03-baseline/build/tcp.o,
by_pc,2147502836,1,1,2,3,1,0,0,0,0,tcp_close_shutdown_fin,/Users/swchen.tw/git/percepio/poc/runs/tcp-workload-matrix-v1/A03-baseline/build/tcp.o,
by_pc,2147502838,1,1,2,3,1,0,0,0,0,tcp_close_shutdown_fin,/Users/swchen.tw/git/percepio/poc/runs/tcp-workload-matrix-v1/A03-baseline/build/tcp.o,
by_pc,2147497400,1,9,18,19,1,0,8,0,0,session_task,/Users/swchen.tw/git/percepio/poc/runs/tcp-workload-matrix-v1/A03-baseline/build/tcp_request_response_irq.o,
by_pc,2147497418,1,27,54,55,1,0,8,18,0,session_task,/Users/swchen.tw/git/percepio/poc/runs/tcp-workload-matrix-v1/A03-baseline/build/tcp_request_response_irq.o,
by_pc,2147497420,1,1,2,3,1,0,0,0,0,session_task,/Users/swchen.tw/git/percepio/poc/runs/tcp-workload-matrix-v1/A03-baseline/build/tcp_request_response_irq.o,
by_pc,2147497424,1,1,2,3,1,0,0,0,0,session_task,/Users/swchen.tw/git/percepio/poc/runs/tcp-workload-matrix-v1/A03-baseline/build/tcp_request_response_irq.o,
by_pc,2147497428,1,21,42,43,1,1,8,0,11,session_task,/Users/swchen.tw/git/percepio/poc/runs/tcp-workload-matrix-v1/A03-baseline/build/tcp_request_response_irq.o,
by_pc,2147497432,1,1,2,3,1,0,0,0,0,session_task,/Users/swchen.tw/git/percepio/poc/runs/tcp-workload-matrix-v1/A03-baseline/build/tcp_request_response_irq.o,
by_pc,2147497436,1,2,4,5,1,1,0,0,0,session_task,/Users/swchen.tw/git/percepio/poc/runs/tcp-workload-matrix-v1/A03-baseline/build/tcp_request_response_irq.o,
by_pc,2147497438,1,1,2,3,1,0,0,0,0,session_task,/Users/swchen.tw/git/percepio/poc/runs/tcp-workload-matrix-v1/A03-baseline/build/tcp_request_response_irq.o,
by_pc,2147497440,1,1,2,3,1,0,0,0,0,session_task,/Users/swchen.tw/git/percepio/poc/runs/tcp-workload-matrix-v1/A03-baseline/build/tcp_request_response_irq.o,
by_pc,2147497442,1,1,2,3,1,0,0,0,0,session_task,/Users/swchen.tw/git/percepio/poc/runs/tcp-workload-matrix-v1/A03-baseline/build/tcp_request_response_irq.o,
by_pc,2147497446,1,2,4,5,1,1,0,0,0,session_task,/Users/swchen.tw/git/percepio/poc/runs/tcp-workload-matrix-v1/A03-baseline/build/tcp_request_response_irq.o,
by_pc,2147497448,1,2,4,5,1,1,0,0,0,session_task,/Users/swchen.tw/git/percepio/poc/runs/tcp-workload-matrix-v1/A03-baseline/build/tcp_request_response_irq.o,
by_pc,2147497450,1,1,2,3,1,0,0,0,0,session_task,/Users/swchen.tw/git/percepio/poc/runs/tcp-workload-matrix-v1/A03-baseline/build/tcp_request_response_irq.o,
by_pc,2147497454,1,1,2,3,1,0,0,0,0,session_task,/Users/swchen.tw/git/percepio/poc/runs/tcp-workload-matrix-v1/A03-baseline/build/tcp_request_response_irq.o,
by_pc,2147497458,1,1,2,3,1,0,0,0,0,session_task,/Users/swchen.tw/git/percepio/poc/runs/tcp-workload-matrix-v1/A03-baseline/build/tcp_request_response_irq.o,
by_pc,2147497460,1,1,2,3,1,0,0,0,0,session_task,/Users/swchen.tw/git/percepio/poc/runs/tcp-workload-matrix-v1/A03-baseline/build/tcp_request_response_irq.o,
by_pc,2147497462,1,1,2,3,1,0,0,0,0,session_task,/Users/swchen.tw/git/percepio/poc/runs/tcp-workload-matrix-v1/A03-baseline/build/tcp_request_response_irq.o,
by_pc,2147497464,1,1,2,3,1,0,0,0,0,session_task,/Users/swchen.tw/git/percepio/poc/runs/tcp-workload-matrix-v1/A03-baseline/build/tcp_request_response_irq.o,
by_pc,2147497466,1,21,42,43,1,1,8,0,11,session_task,/Users/swchen.tw/git/percepio/poc/runs/tcp-workload-matrix-v1/A03-baseline/build/tcp_request_response_irq.o,
by_pc,2147497468,1,1,2,3,1,0,0,0,0,session_task,/Users/swchen.tw/git/percepio/poc/runs/tcp-workload-matrix-v1/A03-baseline/build/tcp_request_response_irq.o,
by_pc,2147512068,1,9,18,19,1,0,8,0,0,tcp_input,/Users/swchen.tw/git/percepio/poc/runs/tcp-workload-matrix-v1/A03-baseline/build/tcp_in.o,
by_pc,2147512070,1,1,2,3,1,0,0,0,0,tcp_input,/Users/swchen.tw/git/percepio/poc/runs/tcp-workload-matrix-v1/A03-baseline/build/tcp_in.o,
by_pc,2147512074,1,2,4,5,1,1,0,0,0,tcp_input,/Users/swchen.tw/git/percepio/poc/runs/tcp-workload-matrix-v1/A03-baseline/build/tcp_in.o,
by_pc,2147512078,1,1,2,3,1,0,0,0,0,tcp_input,/Users/swchen.tw/git/percepio/poc/runs/tcp-workload-matrix-v1/A03-baseline/build/tcp_in.o,
by_pc,2147512080,1,1,2,3,1,0,0,0,0,tcp_input,/Users/swchen.tw/git/percepio/poc/runs/tcp-workload-matrix-v1/A03-baseline/build/tcp_in.o,
by_pc,2147512084,1,2,4,5,1,1,0,0,0,tcp_input,/Users/swchen.tw/git/percepio/poc/runs/tcp-workload-matrix-v1/A03-baseline/build/tcp_in.o,
by_pc,2147512086,1,2,4,5,1,1,0,0,0,tcp_input,/Users/swchen.tw/git/percepio/poc/runs/tcp-workload-matrix-v1/A03-baseline/build/tcp_in.o,
by_pc,2147512090,1,1,2,3,1,0,0,0,0,tcp_input,/Users/swchen.tw/git/percepio/poc/runs/tcp-workload-matrix-v1/A03-baseline/build/tcp_in.o,
by_pc,2147512094,1,2,4,5,1,1,0,0,0,tcp_input,/Users/swchen.tw/git/percepio/poc/runs/tcp-workload-matrix-v1/A03-baseline/build/tcp_in.o,
by_pc,2147512096,1,1,2,3,1,0,0,0,0,tcp_input,/Users/swchen.tw/git/percepio/poc/runs/tcp-workload-matrix-v1/A03-baseline/build/tcp_in.o,
by_pc,2147512100,1,2,4,5,1,1,0,0,0,tcp_input,/Users/swchen.tw/git/percepio/poc/runs/tcp-workload-matrix-v1/A03-baseline/build/tcp_in.o,
by_pc,2147512104,1,1,2,3,1,0,0,0,0,tcp_input,/Users/swchen.tw/git/percepio/poc/runs/tcp-workload-matrix-v1/A03-baseline/build/tcp_in.o,
by_pc,2147512108,1,21,42,43,1,1,8,0,11,tcp_input,/Users/swchen.tw/git/percepio/poc/runs/tcp-workload-matrix-v1/A03-baseline/build/tcp_in.o,
by_pc,2147512112,1,1,2,3,1,0,0,0,0,tcp_input,/Users/swchen.tw/git/percepio/poc/runs/tcp-workload-matrix-v1/A03-baseline/build/tcp_in.o,
by_pc,2147506642,1,1,2,3,1,0,0,0,0,tcp_input_delayed_close,/Users/swchen.tw/git/percepio/poc/runs/tcp-workload-matrix-v1/A03-baseline/build/tcp_in.o,
by_pc,2147506644,1,21,42,43,1,1,8,0,11,tcp_input_delayed_close,/Users/swchen.tw/git/percepio/poc/runs/tcp-workload-matrix-v1/A03-baseline/build/tcp_in.o,
by_pc,2147506646,1,21,42,43,1,1,8,0,11,tcp_input_delayed_close,/Users/swchen.tw/git/percepio/poc/runs/tcp-workload-matrix-v1/A03-baseline/build/tcp_in.o,
by_pc,2147506648,1,2,4,5,1,1,0,0,0,tcp_input_delayed_close,/Users/swchen.tw/git/percepio/poc/runs/tcp-workload-matrix-v1/A03-baseline/build/tcp_in.o,
by_pc,2147506652,1,1,2,3,1,0,0,0,0,tcp_input_delayed_close,/Users/swchen.tw/git/percepio/poc/runs/tcp-workload-matrix-v1/A03-baseline/build/tcp_in.o,
by_pc,2147506654,1,1,2,3,1,0,0,0,0,tcp_input_delayed_close,/Users/swchen.tw/git/percepio/poc/runs/tcp-workload-matrix-v1/A03-baseline/build/tcp_in.o,
by_pc,2147506656,1,1,2,3,1,0,0,0,0,tcp_input_delayed_close,/Users/swchen.tw/git/percepio/poc/runs/tcp-workload-matrix-v1/A03-baseline/build/tcp_in.o,
by_pc,2147506670,1,1,2,3,1,0,0,0,0,tcp_input_delayed_close,/Users/swchen.tw/git/percepio/poc/runs/tcp-workload-matrix-v1/A03-baseline/build/tcp_in.o,
by_pc,2147506672,1,1,2,3,1,0,0,0,0,tcp_input_delayed_close,/Users/swchen.tw/git/percepio/poc/runs/tcp-workload-matrix-v1/A03-baseline/build/tcp_in.o,
by_pc,2147506676,1,1,2,3,1,0,0,0,0,tcp_input_delayed_close,/Users/swchen.tw/git/percepio/poc/runs/tcp-workload-matrix-v1/A03-baseline/build/tcp_in.o,
by_pc,2147503650,2,28,56,58,2,0,8,18,0,tcp_pcb_remove,/Users/swchen.tw/git/percepio/poc/runs/tcp-workload-matrix-v1/A03-baseline/build/tcp.o,
by_pc,2147503652,2,42,84,86,2,2,16,0,22,tcp_pcb_remove,/Users/swchen.tw/git/percepio/poc/runs/tcp-workload-matrix-v1/A03-baseline/build/tcp.o,
by_pc,2147503654,2,42,84,86,2,2,16,0,22,tcp_pcb_remove,/Users/swchen.tw/git/percepio/poc/runs/tcp-workload-matrix-v1/A03-baseline/build/tcp.o,
by_pc,2147503656,2,4,8,10,2,2,0,0,0,tcp_pcb_remove,/Users/swchen.tw/git/percepio/poc/runs/tcp-workload-matrix-v1/A03-baseline/build/tcp.o,
by_pc,2147503658,2,2,4,6,2,0,0,0,0,tcp_pcb_remove,/Users/swchen.tw/git/percepio/poc/runs/tcp-workload-matrix-v1/A03-baseline/build/tcp.o,
by_pc,2147503660,2,2,4,6,2,0,0,0,0,tcp_pcb_remove,/Users/swchen.tw/git/percepio/poc/runs/tcp-workload-matrix-v1/A03-baseline/build/tcp.o,
by_pc,2147503664,2,4,8,10,2,2,0,0,0,tcp_pcb_remove,/Users/swchen.tw/git/percepio/poc/runs/tcp-workload-matrix-v1/A03-baseline/build/tcp.o,
by_pc,2147503666,2,42,84,86,2,2,16,0,22,tcp_pcb_remove,/Users/swchen.tw/git/percepio/poc/runs/tcp-workload-matrix-v1/A03-baseline/build/tcp.o,
by_pc,2147503668,2,42,84,86,2,2,16,0,22,tcp_pcb_remove,/Users/swchen.tw/git/percepio/poc/runs/tcp-workload-matrix-v1/A03-baseline/build/tcp.o,
by_pc,2147503672,2,2,4,6,2,0,0,0,0,tcp_pcb_remove,/Users/swchen.tw/git/percepio/poc/runs/tcp-workload-matrix-v1/A03-baseline/build/tcp.o,
by_pc,2147503674,2,2,4,6,2,0,0,0,0,tcp_pcb_remove,/Users/swchen.tw/git/percepio/poc/runs/tcp-workload-matrix-v1/A03-baseline/build/tcp.o,
by_pc,2147503568,2,28,56,58,2,0,8,18,0,tcp_pcb_purge,/Users/swchen.tw/git/percepio/poc/runs/tcp-workload-matrix-v1/A03-baseline/build/tcp.o,
by_pc,2147503570,2,4,8,10,2,2,0,0,0,tcp_pcb_purge,/Users/swchen.tw/git/percepio/poc/runs/tcp-workload-matrix-v1/A03-baseline/build/tcp.o,
by_pc,2147503572,2,2,4,6,2,0,0,0,0,tcp_pcb_purge,/Users/swchen.tw/git/percepio/poc/runs/tcp-workload-matrix-v1/A03-baseline/build/tcp.o,
by_pc,2147503576,2,2,4,6,2,0,0,0,0,tcp_pcb_purge,/Users/swchen.tw/git/percepio/poc/runs/tcp-workload-matrix-v1/A03-baseline/build/tcp.o,
by_pc,2147503578,2,2,4,6,2,0,0,0,0,tcp_pcb_purge,/Users/swchen.tw/git/percepio/poc/runs/tcp-workload-matrix-v1/A03-baseline/build/tcp.o,
by_pc,2147503582,2,2,4,6,2,0,0,0,0,tcp_pcb_purge,/Users/swchen.tw/git/percepio/poc/runs/tcp-workload-matrix-v1/A03-baseline/build/tcp.o,
by_pc,2147503584,1,1,2,3,1,0,0,0,0,tcp_pcb_purge,/Users/swchen.tw/git/percepio/poc/runs/tcp-workload-matrix-v1/A03-baseline/build/tcp.o,
by_pc,2147503586,1,21,42,43,1,1,8,0,11,tcp_pcb_purge,/Users/swchen.tw/git/percepio/poc/runs/tcp-workload-matrix-v1/A03-baseline/build/tcp.o,
by_pc,2147503588,1,21,42,43,1,1,8,0,11,tcp_pcb_purge,/Users/swchen.tw/git/percepio/poc/runs/tcp-workload-matrix-v1/A03-baseline/build/tcp.o,
by_pc,2147503590,1,1,2,3,1,0,0,0,0,tcp_pcb_purge,/Users/swchen.tw/git/percepio/poc/runs/tcp-workload-matrix-v1/A03-baseline/build/tcp.o,
by_pc,2147503592,1,2,4,5,1,1,0,0,0,tcp_pcb_purge,/Users/swchen.tw/git/percepio/poc/runs/tcp-workload-matrix-v1/A03-baseline/build/tcp.o,
by_pc,2147503594,1,1,2,3,1,0,0,0,0,tcp_pcb_purge,/Users/swchen.tw/git/percepio/poc/runs/tcp-workload-matrix-v1/A03-baseline/build/tcp.o,
by_pc,2147503604,1,2,4,5,1,1,0,0,0,tcp_pcb_purge,/Users/swchen.tw/git/percepio/poc/runs/tcp-workload-matrix-v1/A03-baseline/build/tcp.o,
by_pc,2147503606,1,1,2,3,1,0,0,0,0,tcp_pcb_purge,/Users/swchen.tw/git/percepio/poc/runs/tcp-workload-matrix-v1/A03-baseline/build/tcp.o,
by_pc,2147503614,1,2,4,5,1,1,0,0,0,tcp_pcb_purge,/Users/swchen.tw/git/percepio/poc/runs/tcp-workload-matrix-v1/A03-baseline/build/tcp.o,
by_pc,2147503616,1,1,2,3,1,0,0,0,0,tcp_pcb_purge,/Users/swchen.tw/git/percepio/poc/runs/tcp-workload-matrix-v1/A03-baseline/build/tcp.o,
by_pc,2147503618,1,21,42,43,1,1,8,0,11,tcp_pcb_purge,/Users/swchen.tw/git/percepio/poc/runs/tcp-workload-matrix-v1/A03-baseline/build/tcp.o,
by_pc,2147503622,1,1,2,3,1,0,0,0,0,tcp_pcb_purge,/Users/swchen.tw/git/percepio/poc/runs/tcp-workload-matrix-v1/A03-baseline/build/tcp.o,
by_pc,2147503380,2,2,4,6,2,0,0,0,0,tcp_segs_free,/Users/swchen.tw/git/percepio/poc/runs/tcp-workload-matrix-v1/A03-baseline/build/tcp.o,
by_pc,2147503382,2,2,4,6,2,0,0,0,0,tcp_segs_free,/Users/swchen.tw/git/percepio/poc/runs/tcp-workload-matrix-v1/A03-baseline/build/tcp.o,
by_pc,2147503626,1,2,4,5,1,1,0,0,0,tcp_pcb_purge,/Users/swchen.tw/git/percepio/poc/runs/tcp-workload-matrix-v1/A03-baseline/build/tcp.o,
by_pc,2147503628,1,1,2,3,1,0,0,0,0,tcp_pcb_purge,/Users/swchen.tw/git/percepio/poc/runs/tcp-workload-matrix-v1/A03-baseline/build/tcp.o,
by_pc,2147503632,1,21,42,43,1,1,8,0,11,tcp_pcb_purge,/Users/swchen.tw/git/percepio/poc/runs/tcp-workload-matrix-v1/A03-baseline/build/tcp.o,
by_pc,2147503636,1,21,42,43,1,1,8,0,11,tcp_pcb_purge,/Users/swchen.tw/git/percepio/poc/runs/tcp-workload-matrix-v1/A03-baseline/build/tcp.o,
by_pc,2147503640,1,2,4,5,1,1,0,0,0,tcp_pcb_purge,/Users/swchen.tw/git/percepio/poc/runs/tcp-workload-matrix-v1/A03-baseline/build/tcp.o,
by_pc,2147503642,1,2,4,5,1,1,0,0,0,tcp_pcb_purge,/Users/swchen.tw/git/percepio/poc/runs/tcp-workload-matrix-v1/A03-baseline/build/tcp.o,
by_pc,2147503644,1,1,2,3,1,0,0,0,0,tcp_pcb_purge,/Users/swchen.tw/git/percepio/poc/runs/tcp-workload-matrix-v1/A03-baseline/build/tcp.o,
by_pc,2147503646,1,1,2,3,1,0,0,0,0,tcp_pcb_purge,/Users/swchen.tw/git/percepio/poc/runs/tcp-workload-matrix-v1/A03-baseline/build/tcp.o,
by_pc,2147503678,2,4,8,10,2,2,0,0,0,tcp_pcb_remove,/Users/swchen.tw/git/percepio/poc/runs/tcp-workload-matrix-v1/A03-baseline/build/tcp.o,
by_pc,2147503680,2,28,56,58,2,0,8,18,0,tcp_pcb_remove,/Users/swchen.tw/git/percepio/poc/runs/tcp-workload-matrix-v1/A03-baseline/build/tcp.o,
by_pc,2147503684,2,2,4,6,2,0,0,0,0,tcp_pcb_remove,/Users/swchen.tw/git/percepio/poc/runs/tcp-workload-matrix-v1/A03-baseline/build/tcp.o,
by_pc,2147503686,1,1,2,3,1,0,0,0,0,tcp_pcb_remove,/Users/swchen.tw/git/percepio/poc/runs/tcp-workload-matrix-v1/A03-baseline/build/tcp.o,
by_pc,2147503688,1,1,2,3,1,0,0,0,0,tcp_pcb_remove,/Users/swchen.tw/git/percepio/poc/runs/tcp-workload-matrix-v1/A03-baseline/build/tcp.o,
by_pc,2147503690,1,2,4,5,1,1,0,0,0,tcp_pcb_remove,/Users/swchen.tw/git/percepio/poc/runs/tcp-workload-matrix-v1/A03-baseline/build/tcp.o,
by_pc,2147503694,1,1,2,3,1,0,0,0,0,tcp_pcb_remove,/Users/swchen.tw/git/percepio/poc/runs/tcp-workload-matrix-v1/A03-baseline/build/tcp.o,
by_pc,2147503698,1,1,2,3,1,0,0,0,0,tcp_pcb_remove,/Users/swchen.tw/git/percepio/poc/runs/tcp-workload-matrix-v1/A03-baseline/build/tcp.o,
by_pc,2147503714,2,42,84,86,2,2,16,0,22,tcp_pcb_remove,/Users/swchen.tw/git/percepio/poc/runs/tcp-workload-matrix-v1/A03-baseline/build/tcp.o,
by_pc,2147503718,2,42,84,86,2,2,16,0,22,tcp_pcb_remove,/Users/swchen.tw/git/percepio/poc/runs/tcp-workload-matrix-v1/A03-baseline/build/tcp.o,
by_pc,2147503722,2,4,8,10,2,2,0,0,0,tcp_pcb_remove,/Users/swchen.tw/git/percepio/poc/runs/tcp-workload-matrix-v1/A03-baseline/build/tcp.o,
by_pc,2147503724,2,4,8,10,2,2,0,0,0,tcp_pcb_remove,/Users/swchen.tw/git/percepio/poc/runs/tcp-workload-matrix-v1/A03-baseline/build/tcp.o,
by_pc,2147503726,2,2,4,6,2,0,0,0,0,tcp_pcb_remove,/Users/swchen.tw/git/percepio/poc/runs/tcp-workload-matrix-v1/A03-baseline/build/tcp.o,
by_pc,2147503728,2,2,4,6,2,0,0,0,0,tcp_pcb_remove,/Users/swchen.tw/git/percepio/poc/runs/tcp-workload-matrix-v1/A03-baseline/build/tcp.o,
by_pc,2147506680,1,1,2,3,1,0,0,0,0,tcp_input_delayed_close,/Users/swchen.tw/git/percepio/poc/runs/tcp-workload-matrix-v1/A03-baseline/build/tcp_in.o,
by_pc,2147506682,1,1,2,3,1,0,0,0,0,tcp_input_delayed_close,/Users/swchen.tw/git/percepio/poc/runs/tcp-workload-matrix-v1/A03-baseline/build/tcp_in.o,
by_pc,2147506686,1,2,4,5,1,1,0,0,0,tcp_input_delayed_close,/Users/swchen.tw/git/percepio/poc/runs/tcp-workload-matrix-v1/A03-baseline/build/tcp_in.o,
by_pc,2147506688,1,2,4,5,1,1,0,0,0,tcp_input_delayed_close,/Users/swchen.tw/git/percepio/poc/runs/tcp-workload-matrix-v1/A03-baseline/build/tcp_in.o,
by_pc,2147506690,1,1,2,3,1,0,0,0,0,tcp_input_delayed_close,/Users/swchen.tw/git/percepio/poc/runs/tcp-workload-matrix-v1/A03-baseline/build/tcp_in.o,
by_pc,2147506692,1,1,2,3,1,0,0,0,0,tcp_input_delayed_close,/Users/swchen.tw/git/percepio/poc/runs/tcp-workload-matrix-v1/A03-baseline/build/tcp_in.o,
by_pc,2147506694,1,1,2,3,1,0,0,0,0,tcp_input_delayed_close,/Users/swchen.tw/git/percepio/poc/runs/tcp-workload-matrix-v1/A03-baseline/build/tcp_in.o,
by_pc,2147497472,1,27,54,55,1,0,8,18,0,session_task,/Users/swchen.tw/git/percepio/poc/runs/tcp-workload-matrix-v1/A03-baseline/build/tcp_request_response_irq.o,
by_pc,2147497476,1,1,2,3,1,0,0,0,0,session_task,/Users/swchen.tw/git/percepio/poc/runs/tcp-workload-matrix-v1/A03-baseline/build/tcp_request_response_irq.o,
by_pc,2147497480,1,2,4,5,1,1,0,0,0,session_task,/Users/swchen.tw/git/percepio/poc/runs/tcp-workload-matrix-v1/A03-baseline/build/tcp_request_response_irq.o,
by_pc,2147497482,1,1,2,3,1,0,0,0,0,session_task,/Users/swchen.tw/git/percepio/poc/runs/tcp-workload-matrix-v1/A03-baseline/build/tcp_request_response_irq.o,
by_pc,2147504778,1,27,54,55,1,0,8,18,0,tcp_close_shutdown,/Users/swchen.tw/git/percepio/poc/runs/tcp-workload-matrix-v1/A03-baseline/build/tcp.o,
by_pc,2147504780,1,1,2,3,1,0,0,0,0,tcp_close_shutdown,/Users/swchen.tw/git/percepio/poc/runs/tcp-workload-matrix-v1/A03-baseline/build/tcp.o,
by_pc,2147504840,1,27,54,55,1,0,8,18,0,tcp_close_shutdown,/Users/swchen.tw/git/percepio/poc/runs/tcp-workload-matrix-v1/A03-baseline/build/tcp.o,
by_pc,2147504844,1,1,2,3,1,0,0,0,0,tcp_close_shutdown,/Users/swchen.tw/git/percepio/poc/runs/tcp-workload-matrix-v1/A03-baseline/build/tcp.o,
by_pc,2147504848,1,1,2,3,1,0,0,0,0,tcp_close_shutdown,/Users/swchen.tw/git/percepio/poc/runs/tcp-workload-matrix-v1/A03-baseline/build/tcp.o,
by_pc,2147504852,1,1,2,3,1,0,0,0,0,tcp_close_shutdown,/Users/swchen.tw/git/percepio/poc/runs/tcp-workload-matrix-v1/A03-baseline/build/tcp.o,
by_pc,2147504856,3,6,12,15,3,3,0,0,0,tcp_close_shutdown,/Users/swchen.tw/git/percepio/poc/runs/tcp-workload-matrix-v1/A03-baseline/build/tcp.o,
by_pc,2147504858,3,6,12,15,3,3,0,0,0,tcp_close_shutdown,/Users/swchen.tw/git/percepio/poc/runs/tcp-workload-matrix-v1/A03-baseline/build/tcp.o,
by_pc,2147504860,3,3,6,9,3,0,0,0,0,tcp_close_shutdown,/Users/swchen.tw/git/percepio/poc/runs/tcp-workload-matrix-v1/A03-baseline/build/tcp.o,
by_pc,2147504862,3,3,6,9,3,0,0,0,0,tcp_close_shutdown,/Users/swchen.tw/git/percepio/poc/runs/tcp-workload-matrix-v1/A03-baseline/build/tcp.o,
by_pc,2147504864,3,3,6,9,3,0,0,0,0,tcp_close_shutdown,/Users/swchen.tw/git/percepio/poc/runs/tcp-workload-matrix-v1/A03-baseline/build/tcp.o,
by_pc,2147504868,1,1,2,3,1,0,0,0,0,tcp_close_shutdown,/Users/swchen.tw/git/percepio/poc/runs/tcp-workload-matrix-v1/A03-baseline/build/tcp.o,
by_pc,2147504870,1,1,2,3,1,0,0,0,0,tcp_close_shutdown,/Users/swchen.tw/git/percepio/poc/runs/tcp-workload-matrix-v1/A03-baseline/build/tcp.o,
by_pc,2147504874,1,1,2,3,1,0,0,0,0,tcp_close_shutdown,/Users/swchen.tw/git/percepio/poc/runs/tcp-workload-matrix-v1/A03-baseline/build/tcp.o,
by_pc,2147503648,1,1,2,3,1,0,0,0,0,tcp_pcb_purge,/Users/swchen.tw/git/percepio/poc/runs/tcp-workload-matrix-v1/A03-baseline/build/tcp.o,
by_pc,2147504878,1,1,2,3,1,0,0,0,0,tcp_close_shutdown,/Users/swchen.tw/git/percepio/poc/runs/tcp-workload-matrix-v1/A03-baseline/build/tcp.o,
by_pc,2147504880,1,1,2,3,1,0,0,0,0,tcp_close_shutdown,/Users/swchen.tw/git/percepio/poc/runs/tcp-workload-matrix-v1/A03-baseline/build/tcp.o,
by_pc,2147504882,1,1,2,3,1,0,0,0,0,tcp_close_shutdown,/Users/swchen.tw/git/percepio/poc/runs/tcp-workload-matrix-v1/A03-baseline/build/tcp.o,
by_pc,2147504886,1,1,2,3,1,0,0,0,0,tcp_close_shutdown,/Users/swchen.tw/git/percepio/poc/runs/tcp-workload-matrix-v1/A03-baseline/build/tcp.o,
by_pc,2147504750,1,28,56,57,1,1,8,18,0,tcp_close_shutdown,/Users/swchen.tw/git/percepio/poc/runs/tcp-workload-matrix-v1/A03-baseline/build/tcp.o,
by_pc,2147504752,1,2,4,5,1,1,0,0,0,tcp_close_shutdown,/Users/swchen.tw/git/percepio/poc/runs/tcp-workload-matrix-v1/A03-baseline/build/tcp.o,
by_pc,2147504754,1,2,4,5,1,1,0,0,0,tcp_close_shutdown,/Users/swchen.tw/git/percepio/poc/runs/tcp-workload-matrix-v1/A03-baseline/build/tcp.o,
by_pc,2147504756,1,1,2,3,1,0,0,0,0,tcp_close_shutdown,/Users/swchen.tw/git/percepio/poc/runs/tcp-workload-matrix-v1/A03-baseline/build/tcp.o,
by_pc,2147504758,1,1,2,3,1,0,0,0,0,tcp_close_shutdown,/Users/swchen.tw/git/percepio/poc/runs/tcp-workload-matrix-v1/A03-baseline/build/tcp.o,
by_pc,2147504760,1,1,2,3,1,0,0,0,0,tcp_close_shutdown,/Users/swchen.tw/git/percepio/poc/runs/tcp-workload-matrix-v1/A03-baseline/build/tcp.o,
by_pc,2147497486,1,1,2,3,1,0,0,0,0,session_task,/Users/swchen.tw/git/percepio/poc/runs/tcp-workload-matrix-v1/A03-baseline/build/tcp_request_response_irq.o,
by_pc,2147497504,1,1,2,3,1,0,0,0,0,session_task,/Users/swchen.tw/git/percepio/poc/runs/tcp-workload-matrix-v1/A03-baseline/build/tcp_request_response_irq.o,
by_pc,2147497506,1,1,2,3,1,0,0,0,0,session_task,/Users/swchen.tw/git/percepio/poc/runs/tcp-workload-matrix-v1/A03-baseline/build/tcp_request_response_irq.o,
by_pc,2147497510,1,1,2,3,1,0,0,0,0,session_task,/Users/swchen.tw/git/percepio/poc/runs/tcp-workload-matrix-v1/A03-baseline/build/tcp_request_response_irq.o,
by_pc,2147497514,1,1,2,3,1,0,0,0,0,session_task,/Users/swchen.tw/git/percepio/poc/runs/tcp-workload-matrix-v1/A03-baseline/build/tcp_request_response_irq.o,
by_pc,2147497518,1,2,4,5,1,1,0,0,0,session_task,/Users/swchen.tw/git/percepio/poc/runs/tcp-workload-matrix-v1/A03-baseline/build/tcp_request_response_irq.o,
by_pc,2147497522,1,1,2,3,1,0,0,0,0,session_task,/Users/swchen.tw/git/percepio/poc/runs/tcp-workload-matrix-v1/A03-baseline/build/tcp_request_response_irq.o,
by_pc,2147497524,1,2,4,5,1,1,0,0,0,session_task,/Users/swchen.tw/git/percepio/poc/runs/tcp-workload-matrix-v1/A03-baseline/build/tcp_request_response_irq.o,
by_pc,2147497528,1,1,2,3,1,0,0,0,0,session_task,/Users/swchen.tw/git/percepio/poc/runs/tcp-workload-matrix-v1/A03-baseline/build/tcp_request_response_irq.o,
by_pc,2147497530,1,2,4,5,1,1,0,0,0,session_task,/Users/swchen.tw/git/percepio/poc/runs/tcp-workload-matrix-v1/A03-baseline/build/tcp_request_response_irq.o,
by_pc,2147497534,1,1,2,3,1,0,0,0,0,session_task,/Users/swchen.tw/git/percepio/poc/runs/tcp-workload-matrix-v1/A03-baseline/build/tcp_request_response_irq.o,
by_pc,2147497536,1,28,56,57,1,1,8,18,0,session_task,/Users/swchen.tw/git/percepio/poc/runs/tcp-workload-matrix-v1/A03-baseline/build/tcp_request_response_irq.o,
by_pc,2147497540,1,1,2,3,1,0,0,0,0,session_task,/Users/swchen.tw/git/percepio/poc/runs/tcp-workload-matrix-v1/A03-baseline/build/tcp_request_response_irq.o,
by_pc,2147497542,1,2,4,5,1,1,0,0,0,session_task,/Users/swchen.tw/git/percepio/poc/runs/tcp-workload-matrix-v1/A03-baseline/build/tcp_request_response_irq.o,
by_pc,2147497546,1,1,2,3,1,0,0,0,0,session_task,/Users/swchen.tw/git/percepio/poc/runs/tcp-workload-matrix-v1/A03-baseline/build/tcp_request_response_irq.o,
by_pc,2147497564,1,1,2,3,1,0,0,0,0,session_task,/Users/swchen.tw/git/percepio/poc/runs/tcp-workload-matrix-v1/A03-baseline/build/tcp_request_response_irq.o,
by_pc,2147497568,1,1,2,3,1,0,0,0,0,session_task,/Users/swchen.tw/git/percepio/poc/runs/tcp-workload-matrix-v1/A03-baseline/build/tcp_request_response_irq.o,
by_pc,2147497572,1,1,2,3,1,0,0,0,0,session_task,/Users/swchen.tw/git/percepio/poc/runs/tcp-workload-matrix-v1/A03-baseline/build/tcp_request_response_irq.o,
by_pc,2147494842,1,27,54,55,1,0,8,18,0,resources,/Users/swchen.tw/git/percepio/poc/runs/tcp-workload-matrix-v1/A03-baseline/build/tcp_request_response_irq.o,
by_pc,2147494846,1,10,20,21,2,0,8,0,0,resources,/Users/swchen.tw/git/percepio/poc/runs/tcp-workload-matrix-v1/A03-baseline/build/tcp_request_response_irq.o,
by_pc,2147494850,1,2,4,5,1,1,0,0,0,resources,/Users/swchen.tw/git/percepio/poc/runs/tcp-workload-matrix-v1/A03-baseline/build/tcp_request_response_irq.o,
by_pc,2147494854,1,39,78,79,1,1,8,18,11,resources,/Users/swchen.tw/git/percepio/poc/runs/tcp-workload-matrix-v1/A03-baseline/build/tcp_request_response_irq.o,
by_pc,2147494856,1,2,4,5,1,1,0,0,0,resources,/Users/swchen.tw/git/percepio/poc/runs/tcp-workload-matrix-v1/A03-baseline/build/tcp_request_response_irq.o,
by_pc,2147494858,1,2,4,5,1,1,0,0,0,resources,/Users/swchen.tw/git/percepio/poc/runs/tcp-workload-matrix-v1/A03-baseline/build/tcp_request_response_irq.o,
by_pc,2147494862,1,21,42,43,1,1,8,0,11,resources,/Users/swchen.tw/git/percepio/poc/runs/tcp-workload-matrix-v1/A03-baseline/build/tcp_request_response_irq.o,
by_pc,2147494864,1,2,4,5,1,1,0,0,0,resources,/Users/swchen.tw/git/percepio/poc/runs/tcp-workload-matrix-v1/A03-baseline/build/tcp_request_response_irq.o,
by_pc,2147494866,1,2,4,5,1,1,0,0,0,resources,/Users/swchen.tw/git/percepio/poc/runs/tcp-workload-matrix-v1/A03-baseline/build/tcp_request_response_irq.o,
by_pc,2147494870,1,21,42,43,1,1,8,0,11,resources,/Users/swchen.tw/git/percepio/poc/runs/tcp-workload-matrix-v1/A03-baseline/build/tcp_request_response_irq.o,
by_pc,2147494872,1,2,4,5,1,1,0,0,0,resources,/Users/swchen.tw/git/percepio/poc/runs/tcp-workload-matrix-v1/A03-baseline/build/tcp_request_response_irq.o,
by_pc,2147494874,1,2,4,5,1,1,0,0,0,resources,/Users/swchen.tw/git/percepio/poc/runs/tcp-workload-matrix-v1/A03-baseline/build/tcp_request_response_irq.o,
by_pc,2147494878,1,21,42,43,1,1,8,0,11,resources,/Users/swchen.tw/git/percepio/poc/runs/tcp-workload-matrix-v1/A03-baseline/build/tcp_request_response_irq.o,
by_pc,2147494880,1,2,4,5,1,1,0,0,0,resources,/Users/swchen.tw/git/percepio/poc/runs/tcp-workload-matrix-v1/A03-baseline/build/tcp_request_response_irq.o,
by_pc,2147494882,1,10,20,21,1,1,8,0,0,resources,/Users/swchen.tw/git/percepio/poc/runs/tcp-workload-matrix-v1/A03-baseline/build/tcp_request_response_irq.o,
by_pc,2147494886,1,21,42,43,1,1,8,0,11,resources,/Users/swchen.tw/git/percepio/poc/runs/tcp-workload-matrix-v1/A03-baseline/build/tcp_request_response_irq.o,
by_pc,2147494888,1,2,4,5,1,1,0,0,0,resources,/Users/swchen.tw/git/percepio/poc/runs/tcp-workload-matrix-v1/A03-baseline/build/tcp_request_response_irq.o,
by_pc,2147494890,1,28,56,57,1,1,8,18,0,resources,/Users/swchen.tw/git/percepio/poc/runs/tcp-workload-matrix-v1/A03-baseline/build/tcp_request_response_irq.o,
by_pc,2147494894,1,21,42,43,1,1,8,0,11,resources,/Users/swchen.tw/git/percepio/poc/runs/tcp-workload-matrix-v1/A03-baseline/build/tcp_request_response_irq.o,
by_pc,2147494896,1,1,2,3,1,0,0,0,0,resources,/Users/swchen.tw/git/percepio/poc/runs/tcp-workload-matrix-v1/A03-baseline/build/tcp_request_response_irq.o,
by_pc,2147497576,1,1,2,3,1,0,0,0,0,session_task,/Users/swchen.tw/git/percepio/poc/runs/tcp-workload-matrix-v1/A03-baseline/build/tcp_request_response_irq.o,
by_pc,2147497578,1,1,2,3,1,0,0,0,0,session_task,/Users/swchen.tw/git/percepio/poc/runs/tcp-workload-matrix-v1/A03-baseline/build/tcp_request_response_irq.o,
by_pc,2147497582,1,1,2,3,1,0,0,0,0,session_task,/Users/swchen.tw/git/percepio/poc/runs/tcp-workload-matrix-v1/A03-baseline/build/tcp_request_response_irq.o,
by_pc,2147497586,1,1,2,3,1,0,0,0,0,session_task,/Users/swchen.tw/git/percepio/poc/runs/tcp-workload-matrix-v1/A03-baseline/build/tcp_request_response_irq.o,
by_pc,2147497590,1,1,2,3,1,0,0,0,0,session_task,/Users/swchen.tw/git/percepio/poc/runs/tcp-workload-matrix-v1/A03-baseline/build/tcp_request_response_irq.o,
by_pc,2147497594,1,1,2,3,1,0,0,0,0,session_task,/Users/swchen.tw/git/percepio/poc/runs/tcp-workload-matrix-v1/A03-baseline/build/tcp_request_response_irq.o,
by_pc,2147497596,6,6,12,18,6,0,0,0,0,session_task,/Users/swchen.tw/git/percepio/poc/runs/tcp-workload-matrix-v1/A03-baseline/build/tcp_request_response_irq.o,
by_pc,2147497600,6,32,64,70,6,0,8,18,0,session_task,/Users/swchen.tw/git/percepio/poc/runs/tcp-workload-matrix-v1/A03-baseline/build/tcp_request_response_irq.o,
by_pc,2147497604,6,12,24,30,6,6,0,0,0,session_task,/Users/swchen.tw/git/percepio/poc/runs/tcp-workload-matrix-v1/A03-baseline/build/tcp_request_response_irq.o,
by_pc,2147497606,6,12,24,30,6,6,0,0,0,session_task,/Users/swchen.tw/git/percepio/poc/runs/tcp-workload-matrix-v1/A03-baseline/build/tcp_request_response_irq.o,
by_pc,2147497608,6,6,12,18,6,0,0,0,0,session_task,/Users/swchen.tw/git/percepio/poc/runs/tcp-workload-matrix-v1/A03-baseline/build/tcp_request_response_irq.o,
by_pc,2147497628,6,6,12,18,6,0,0,0,0,session_task,/Users/swchen.tw/git/percepio/poc/runs/tcp-workload-matrix-v1/A03-baseline/build/tcp_request_response_irq.o,
by_pc,2147497630,6,6,12,18,6,0,0,0,0,session_task,/Users/swchen.tw/git/percepio/poc/runs/tcp-workload-matrix-v1/A03-baseline/build/tcp_request_response_irq.o,
by_pc,2147497634,1,1,2,3,1,0,0,0,0,session_task,/Users/swchen.tw/git/percepio/poc/runs/tcp-workload-matrix-v1/A03-baseline/build/tcp_request_response_irq.o,
by_pc,2147497638,1,1,2,3,1,0,0,0,0,session_task,/Users/swchen.tw/git/percepio/poc/runs/tcp-workload-matrix-v1/A03-baseline/build/tcp_request_response_irq.o,
by_context,unknown,341360,1073072,2146144,2487504,342196,82424,275552,13464,359436,,,
matrix,unknown|application_harness,114262,383620,767240,881502,114389,14589,107632,2052,144958,,,
matrix,unknown|lwip,59365,184940,369880,429245,60063,15980,49848,5094,53955,,,
matrix,unknown|runtime_library,165911,493635,987270,1153181,165918,51037,114768,4986,156926,,,
matrix,unknown|kernel_port,706,5781,11562,12268,709,445,1848,810,1969,,,
matrix,unknown|recorder,1102,4994,9988,11090,1103,368,1424,504,1595,,,
matrix,unknown|observer_entry,14,102,204,218,14,5,32,18,33,,,
