dimension,key,instructions,memory_cycles,model_service_ns,accounted_model_ns,l1i,l1d,l2,ram_read,ram_write,function,object,reason
by_role,application_harness,162059,491977,983954,1146013,162196,20292,130440,2862,176187,,,
by_role,lwip,117019,317768,635536,752555,117413,31901,74888,5940,87626,,,
by_role,runtime_library,211101,714951,1429902,1641003,211108,65167,182440,6228,250008,,,
by_role,kernel_port,874,7168,14336,15210,878,559,2352,882,2497,,,
by_role,recorder,1181,5578,11156,12337,1182,405,1608,612,1771,,,
by_role,observer_entry,14,102,204,218,14,5,32,18,33,,,
by_function,/Users/swchen.tw/git/percepio/poc/runs/tcp-workload-matrix-v1/A08-baseline/build/tcp_request_response_irq.o:2147496060:2147496064:tcp_capture_begin,2,28,56,58,2,0,8,18,0,tcp_capture_begin,/Users/swchen.tw/git/percepio/poc/runs/tcp-workload-matrix-v1/A08-baseline/build/tcp_request_response_irq.o,
by_function,/Users/swchen.tw/git/percepio/poc/runs/tcp-workload-matrix-v1/A08-baseline/build/tcp_request_response_irq.o:2147496824:2147499234:session_task,126245,421141,842282,968527,126253,14795,117576,1422,161095,session_task,/Users/swchen.tw/git/percepio/poc/runs/tcp-workload-matrix-v1/A08-baseline/build/tcp_request_response_irq.o,
by_function,/Users/swchen.tw/git/percepio/poc/runs/tcp-workload-matrix-v1/A08-baseline/build/tcp_request_response_irq.o:2147496068:2147496072:z0_stack_begin,54,80,160,214,54,0,8,18,0,z0_stack_begin,/Users/swchen.tw/git/percepio/poc/runs/tcp-workload-matrix-v1/A08-baseline/build/tcp_request_response_irq.o,
by_function,/Users/swchen.tw/git/percepio/poc/runs/tcp-workload-matrix-v1/A08-baseline/build/tcp.o:2147504624:2147504632:tcp_new,2,28,56,58,2,0,8,18,0,tcp_new,/Users/swchen.tw/git/percepio/poc/runs/tcp-workload-matrix-v1/A08-baseline/build/tcp.o,
by_function,/Users/swchen.tw/git/percepio/poc/runs/tcp-workload-matrix-v1/A08-baseline/build/tcp.o:2147504188:2147504624:tcp_alloc,100,876,1752,1852,102,44,288,90,352,tcp_alloc,/Users/swchen.tw/git/percepio/poc/runs/tcp-workload-matrix-v1/A08-baseline/build/tcp.o,
by_function,/Users/swchen.tw/git/percepio/poc/runs/tcp-workload-matrix-v1/A08-baseline/build/memp.o:2147501008:2147501036:memp_malloc,168,321,642,810,168,21,96,36,0,memp_malloc,/Users/swchen.tw/git/percepio/poc/runs/tcp-workload-matrix-v1/A08-baseline/build/memp.o,
by_function,/Users/swchen.tw/git/percepio/poc/runs/tcp-workload-matrix-v1/A08-baseline/build/memp.o:2147500832:2147500890:do_memp_malloc_pool,319,1956,3912,4231,340,214,608,288,506,do_memp_malloc_pool,/Users/swchen.tw/git/percepio/poc/runs/tcp-workload-matrix-v1/A08-baseline/build/memp.o,
by_function,/Users/swchen.tw/git/percepio/poc/.tools/xpack-riscv-none-elf-gcc-15.2.0-1/bin/../lib/gcc/riscv-none-elf/15.2.0/../../../../riscv-none-elf/lib/libg_nano.a(libc_a-memset.o):2147520098:2147520114:memset,15264,91888,183776,199040,15264,3804,30472,504,41844,memset,/Users/swchen.tw/git/percepio/poc/.tools/xpack-riscv-none-elf-gcc-15.2.0-1/bin/../lib/gcc/riscv-none-elf/15.2.0/../../../../riscv-none-elf/lib/libg_nano.a(libc_a-memset.o),
by_function,/Users/swchen.tw/git/percepio/poc/runs/tcp-workload-matrix-v1/A08-baseline/build/tcp.o:2147502842:2147502974:tcp_bind,49,266,532,581,49,18,72,72,55,tcp_bind,/Users/swchen.tw/git/percepio/poc/runs/tcp-workload-matrix-v1/A08-baseline/build/tcp.o,
by_function,/Users/swchen.tw/git/percepio/poc/runs/tcp-workload-matrix-v1/A08-baseline/build/timeouts.o:2147516862:2147516864:tcp_timer_needed,3,29,58,61,3,0,8,18,0,tcp_timer_needed,/Users/swchen.tw/git/percepio/poc/runs/tcp-workload-matrix-v1/A08-baseline/build/timeouts.o,
by_function,/Users/swchen.tw/git/percepio/poc/runs/tcp-workload-matrix-v1/A08-baseline/build/tcp.o:2147503172:2147503178:tcp_listen_with_backlog,2,28,56,58,2,0,8,18,0,tcp_listen_with_backlog,/Users/swchen.tw/git/percepio/poc/runs/tcp-workload-matrix-v1/A08-baseline/build/tcp.o,
by_function,/Users/swchen.tw/git/percepio/poc/runs/tcp-workload-matrix-v1/A08-baseline/build/tcp.o:2147502974:2147503172:tcp_listen_with_backlog_and_err,60,516,1032,1092,61,35,168,54,198,tcp_listen_with_backlog_and_err,/Users/swchen.tw/git/percepio/poc/runs/tcp-workload-matrix-v1/A08-baseline/build/tcp.o,
by_function,/Users/swchen.tw/git/percepio/poc/runs/tcp-workload-matrix-v1/A08-baseline/build/tcp.o:2147502834:2147502842:tcp_free,6,6,12,18,6,0,0,0,0,tcp_free,/Users/swchen.tw/git/percepio/poc/runs/tcp-workload-matrix-v1/A08-baseline/build/tcp.o,
by_function,/Users/swchen.tw/git/percepio/poc/runs/tcp-workload-matrix-v1/A08-baseline/build/memp.o:2147501036:2147501082:memp_free,378,1914,3828,4206,378,189,600,54,693,memp_free,/Users/swchen.tw/git/percepio/poc/runs/tcp-workload-matrix-v1/A08-baseline/build/memp.o,
by_function,/Users/swchen.tw/git/percepio/poc/runs/tcp-workload-matrix-v1/A08-baseline/build/tcp.o:2147503458:2147503472:tcp_accept,6,53,106,112,6,2,16,18,11,tcp_accept,/Users/swchen.tw/git/percepio/poc/runs/tcp-workload-matrix-v1/A08-baseline/build/tcp.o,
by_function,/Users/swchen.tw/git/percepio/poc/runs/tcp-workload-matrix-v1/A08-baseline/build/tcp_request_response_irq.o:2147496076:2147496176:phase,837,5540,11080,11917,837,405,1760,162,2376,phase,/Users/swchen.tw/git/percepio/poc/runs/tcp-workload-matrix-v1/A08-baseline/build/tcp_request_response_irq.o,
by_function,/Users/swchen.tw/git/percepio/poc/runs/tcp-workload-matrix-v1/A08-baseline/build/tcp_request_response_irq.o:2147496072:2147496076:z0_stack_end,54,54,108,162,54,0,0,0,0,z0_stack_end,/Users/swchen.tw/git/percepio/poc/runs/tcp-workload-matrix-v1/A08-baseline/build/tcp_request_response_irq.o,
by_function,/Users/swchen.tw/git/percepio/poc/runs/tcp-workload-matrix-v1/A08-baseline/build/tcp_request_response_irq.o:2147496176:2147496824:inject,2494,17048,34096,36590,2564,970,5872,360,7282,inject,/Users/swchen.tw/git/percepio/poc/runs/tcp-workload-matrix-v1/A08-baseline/build/tcp_request_response_irq.o,
by_function,/Users/swchen.tw/git/percepio/poc/runs/tcp-workload-matrix-v1/A08-baseline/build/pbuf.o:2147501802:2147502078:pbuf_alloc,1566,9854,19708,21274,1601,625,3304,144,4180,pbuf_alloc,/Users/swchen.tw/git/percepio/poc/runs/tcp-workload-matrix-v1/A08-baseline/build/pbuf.o,
by_function,/Users/swchen.tw/git/percepio/poc/runs/tcp-workload-matrix-v1/A08-baseline/build/mem.o:2147500532:2147500832:mem_malloc,1674,6393,12786,14460,1731,512,1848,234,2068,mem_malloc,/Users/swchen.tw/git/percepio/poc/runs/tcp-workload-matrix-v1/A08-baseline/build/mem.o,
by_function,/Users/swchen.tw/git/percepio/poc/runs/tcp-workload-matrix-v1/A08-baseline/build/def.o:2147499354:2147499368:lwip_htons,2580,2606,5212,7792,2580,0,8,18,0,lwip_htons,/Users/swchen.tw/git/percepio/poc/runs/tcp-workload-matrix-v1/A08-baseline/build/def.o,
by_function,/Users/swchen.tw/git/percepio/poc/runs/tcp-workload-matrix-v1/A08-baseline/build/inet_chksum.o:2147499774:2147499796:inet_chksum,252,996,1992,2244,252,56,344,36,308,inet_chksum,/Users/swchen.tw/git/percepio/poc/runs/tcp-workload-matrix-v1/A08-baseline/build/inet_chksum.o,
by_function,/Users/swchen.tw/git/percepio/poc/runs/tcp-workload-matrix-v1/A08-baseline/build/inet_chksum.o:2147499404:2147499568:lwip_standard_chksum,31008,36042,72084,103092,31008,4812,168,54,0,lwip_standard_chksum,/Users/swchen.tw/git/percepio/poc/runs/tcp-workload-matrix-v1/A08-baseline/build/inet_chksum.o,
by_function,/Users/swchen.tw/git/percepio/poc/runs/tcp-workload-matrix-v1/A08-baseline/build/pbuf.o:2147501624:2147501682:pbuf_remove_header,840,3762,7524,8364,840,252,1248,36,1386,pbuf_remove_header,/Users/swchen.tw/git/percepio/poc/runs/tcp-workload-matrix-v1/A08-baseline/build/pbuf.o,
by_function,/Users/swchen.tw/git/percepio/poc/runs/tcp-workload-matrix-v1/A08-baseline/build/def.o:2147499368:2147499404:lwip_htonl,2223,2257,4514,6737,2223,0,16,18,0,lwip_htonl,/Users/swchen.tw/git/percepio/poc/runs/tcp-workload-matrix-v1/A08-baseline/build/def.o,
by_function,/Users/swchen.tw/git/percepio/poc/runs/tcp-workload-matrix-v1/A08-baseline/build/inet_chksum.o:2147499568:2147499770:inet_chksum_pseudo,3113,9971,19942,23055,3113,819,2704,90,3245,inet_chksum_pseudo,/Users/swchen.tw/git/percepio/poc/runs/tcp-workload-matrix-v1/A08-baseline/build/inet_chksum.o,
by_function,/Users/swchen.tw/git/percepio/poc/runs/tcp-workload-matrix-v1/A08-baseline/build/pbuf.o:2147501618:2147501624:pbuf_add_header,74,82,164,238,74,0,8,0,0,pbuf_add_header,/Users/swchen.tw/git/percepio/poc/runs/tcp-workload-matrix-v1/A08-baseline/build/pbuf.o,
by_function,/Users/swchen.tw/git/percepio/poc/runs/tcp-workload-matrix-v1/A08-baseline/build/pbuf.o:2147501464:2147501558:pbuf_add_header_impl,999,3632,7264,8263,1036,259,1080,36,1221,pbuf_add_header_impl,/Users/swchen.tw/git/percepio/poc/runs/tcp-workload-matrix-v1/A08-baseline/build/pbuf.o,
by_function,/Users/swchen.tw/git/percepio/poc/runs/tcp-workload-matrix-v1/A08-baseline/build/tcp_request_response_irq.o:2147495418:2147495576:snapshot,1188,5713,11426,12614,1215,459,1816,144,2079,snapshot,/Users/swchen.tw/git/percepio/poc/runs/tcp-workload-matrix-v1/A08-baseline/build/tcp_request_response_irq.o,
by_function,/Users/swchen.tw/git/percepio/poc/runs/tcp-workload-matrix-v1/A08-baseline/build/pbuf.o:2147502488:2147502608:pbuf_copy_partial,1512,5499,10998,12510,1512,445,1600,72,1870,pbuf_copy_partial,/Users/swchen.tw/git/percepio/poc/runs/tcp-workload-matrix-v1/A08-baseline/build/pbuf.o,
by_function,/Users/swchen.tw/git/percepio/poc/.tools/xpack-riscv-none-elf-gcc-15.2.0-1/bin/../lib/gcc/riscv-none-elf/15.2.0/../../../../riscv-none-elf/lib/libg_nano.a(libc_a-memcpy-asm.o):2147520114:2147520136:memcpy,112050,509026,1018052,1130102,112050,37312,149480,4968,205216,memcpy,/Users/swchen.tw/git/percepio/poc/.tools/xpack-riscv-none-elf-gcc-15.2.0-1/bin/../lib/gcc/riscv-none-elf/15.2.0/../../../../riscv-none-elf/lib/libg_nano.a(libc_a-memcpy-asm.o),
by_function,/Users/swchen.tw/git/percepio/poc/runs/tcp-workload-matrix-v1/A08-baseline/build/ip4.o:2147517858:2147518558:ip4_input,1806,9482,18964,20770,1820,714,3336,378,3234,ip4_input,/Users/swchen.tw/git/percepio/poc/runs/tcp-workload-matrix-v1/A08-baseline/build/ip4.o,
by_function,/Users/swchen.tw/git/percepio/poc/runs/tcp-workload-matrix-v1/A08-baseline/build/ip4.o:2147517694:2147517746:ip4_input_accept,182,438,876,1058,196,42,128,72,0,ip4_input_accept,/Users/swchen.tw/git/percepio/poc/runs/tcp-workload-matrix-v1/A08-baseline/build/ip4.o,
by_function,/Users/swchen.tw/git/percepio/poc/runs/tcp-workload-matrix-v1/A08-baseline/build/ip4_addr.o:2147518962:2147519016:ip4_addr_isbroadcast_u32,224,432,864,1088,224,28,144,36,0,ip4_addr_isbroadcast_u32,/Users/swchen.tw/git/percepio/poc/runs/tcp-workload-matrix-v1/A08-baseline/build/ip4_addr.o,
by_function,/Users/swchen.tw/git/percepio/poc/runs/tcp-workload-matrix-v1/A08-baseline/build/tcp_in.o:2147509272:2147512324:tcp_input,3817,21455,42910,46727,3850,1742,7512,882,7469,tcp_input,/Users/swchen.tw/git/percepio/poc/runs/tcp-workload-matrix-v1/A08-baseline/build/tcp_in.o,
by_function,/Users/swchen.tw/git/percepio/poc/runs/tcp-workload-matrix-v1/A08-baseline/build/inet_chksum.o:2147499770:2147499774:ip_chksum_pseudo,27,43,86,113,27,0,16,0,0,ip_chksum_pseudo,/Users/swchen.tw/git/percepio/poc/runs/tcp-workload-matrix-v1/A08-baseline/build/inet_chksum.o,
by_function,/Users/swchen.tw/git/percepio/poc/runs/tcp-workload-matrix-v1/A08-baseline/build/tcp.o:2147503472:2147503488:tcp_next_iss,6,54,108,114,6,3,16,18,11,tcp_next_iss,/Users/swchen.tw/git/percepio/poc/runs/tcp-workload-matrix-v1/A08-baseline/build/tcp.o,
by_function,/Users/swchen.tw/git/percepio/poc/runs/tcp-workload-matrix-v1/A08-baseline/build/tcp_in.o:2147506482:2147506626:tcp_parseopt.part.0,43,297,594,637,43,17,88,72,77,tcp_parseopt.part.0,/Users/swchen.tw/git/percepio/poc/runs/tcp-workload-matrix-v1/A08-baseline/build/tcp_in.o,
by_function,/Users/swchen.tw/git/percepio/poc/runs/tcp-workload-matrix-v1/A08-baseline/build/tcp_in.o:2147506210:2147506262:tcp_get_next_optbyte,36,184,368,404,36,20,48,36,44,tcp_get_next_optbyte,/Users/swchen.tw/git/percepio/poc/runs/tcp-workload-matrix-v1/A08-baseline/build/tcp_in.o,
by_function,/Users/swchen.tw/git/percepio/poc/runs/tcp-workload-matrix-v1/A08-baseline/build/ip4.o:2147517746:2147517858:ip4_route,238,496,992,1230,238,70,152,36,0,ip4_route,/Users/swchen.tw/git/percepio/poc/runs/tcp-workload-matrix-v1/A08-baseline/build/ip4.o,
by_function,/Users/swchen.tw/git/percepio/poc/runs/tcp-workload-matrix-v1/A08-baseline/build/tcp.o:2147503488:2147503528:tcp_eff_send_mss_netif,28,56,112,140,28,2,8,18,0,tcp_eff_send_mss_netif,/Users/swchen.tw/git/percepio/poc/runs/tcp-workload-matrix-v1/A08-baseline/build/tcp.o,
by_function,/Users/swchen.tw/git/percepio/poc/runs/tcp-workload-matrix-v1/A08-baseline/build/tcp_out.o:2147514304:2147514464:tcp_enqueue_flags,89,539,1078,1167,90,34,160,90,165,tcp_enqueue_flags,/Users/swchen.tw/git/percepio/poc/runs/tcp-workload-matrix-v1/A08-baseline/build/tcp_out.o,
by_function,/Users/swchen.tw/git/percepio/poc/runs/tcp-workload-matrix-v1/A08-baseline/build/tcp_out.o:2147512338:2147512598:tcp_create_segment,780,6292,12584,13364,780,420,2216,126,2750,tcp_create_segment,/Users/swchen.tw/git/percepio/poc/runs/tcp-workload-matrix-v1/A08-baseline/build/tcp_out.o,
by_function,/Users/swchen.tw/git/percepio/poc/runs/tcp-workload-matrix-v1/A08-baseline/build/pbuf.o:2147502190:2147502212:pbuf_clen,296,434,868,1164,296,36,48,54,0,pbuf_clen,/Users/swchen.tw/git/percepio/poc/runs/tcp-workload-matrix-v1/A08-baseline/build/pbuf.o,
by_function,/Users/swchen.tw/git/percepio/poc/runs/tcp-workload-matrix-v1/A08-baseline/build/tcp_out.o:2147515344:2147516462:tcp_output,3005,17155,34310,37315,3045,1704,5776,360,6270,tcp_output,/Users/swchen.tw/git/percepio/poc/runs/tcp-workload-matrix-v1/A08-baseline/build/tcp_out.o,
by_function,/Users/swchen.tw/git/percepio/poc/runs/tcp-workload-matrix-v1/A08-baseline/build/ip4.o:2147518942:2147518962:ip4_output_if,65,78,156,221,65,13,0,0,0,ip4_output_if,/Users/swchen.tw/git/percepio/poc/runs/tcp-workload-matrix-v1/A08-baseline/build/ip4.o,
by_function,/Users/swchen.tw/git/percepio/poc/runs/tcp-workload-matrix-v1/A08-baseline/build/ip4.o:2147518558:2147518942:ip4_output_if_src,1391,10136,20272,21663,1417,624,3536,126,4433,ip4_output_if_src,/Users/swchen.tw/git/percepio/poc/runs/tcp-workload-matrix-v1/A08-baseline/build/ip4.o,
by_function,/Users/swchen.tw/git/percepio/poc/runs/tcp-workload-matrix-v1/A08-baseline/build/tcp_request_response_irq.o:2147495364:2147495418:output_packet,221,1393,2786,3007,221,104,496,0,572,output_packet,/Users/swchen.tw/git/percepio/poc/runs/tcp-workload-matrix-v1/A08-baseline/build/tcp_request_response_irq.o,
by_function,/Users/swchen.tw/git/percepio/poc/runs/tcp-workload-matrix-v1/A08-baseline/build/pbuf.o:2147502212:2147502226:pbuf_ref,65,364,728,793,65,26,112,18,143,pbuf_ref,/Users/swchen.tw/git/percepio/poc/runs/tcp-workload-matrix-v1/A08-baseline/build/pbuf.o,
by_function,/Users/swchen.tw/git/percepio/poc/runs/tcp-workload-matrix-v1/A08-baseline/build/pbuf.o:2147501700:2147501802:pbuf_free,1495,7027,14054,15549,1495,566,2184,54,2728,pbuf_free,/Users/swchen.tw/git/percepio/poc/runs/tcp-workload-matrix-v1/A08-baseline/build/pbuf.o,
by_function,/Users/swchen.tw/git/percepio/poc/runs/tcp-workload-matrix-v1/A08-baseline/build/mem.o:2147499986:2147500242:mem_free,1416,4243,8486,9902,1470,468,1112,126,1067,mem_free,/Users/swchen.tw/git/percepio/poc/runs/tcp-workload-matrix-v1/A08-baseline/build/mem.o,
by_function,/Users/swchen.tw/git/percepio/poc/runs/tcp-workload-matrix-v1/A08-baseline/build/tcp_request_response_irq.o:2147495576:2147495890:consume,912,3511,7022,7934,925,319,1176,90,1001,consume,/Users/swchen.tw/git/percepio/poc/runs/tcp-workload-matrix-v1/A08-baseline/build/tcp_request_response_irq.o,
by_function,/Users/swchen.tw/git/percepio/poc/runs/tcp-workload-matrix-v1/A08-baseline/build/tcp_request_response_irq.o:2147494960:2147495040:on_accept,22,157,314,336,22,7,48,36,44,on_accept,/Users/swchen.tw/git/percepio/poc/runs/tcp-workload-matrix-v1/A08-baseline/build/tcp_request_response_irq.o,
by_function,/Users/swchen.tw/git/percepio/poc/runs/tcp-workload-matrix-v1/A08-baseline/build/tcp.o:2147503450:2147503458:tcp_sent,3,31,62,65,3,1,16,0,11,tcp_sent,/Users/swchen.tw/git/percepio/poc/runs/tcp-workload-matrix-v1/A08-baseline/build/tcp.o,
by_function,/Users/swchen.tw/git/percepio/poc/runs/tcp-workload-matrix-v1/A08-baseline/build/tcp.o:2147503442:2147503450:tcp_recv,3,23,46,49,3,1,8,0,11,tcp_recv,/Users/swchen.tw/git/percepio/poc/runs/tcp-workload-matrix-v1/A08-baseline/build/tcp.o,
by_function,/Users/swchen.tw/git/percepio/poc/runs/tcp-workload-matrix-v1/A08-baseline/build/tcp_in.o:2147506858:2147509272:tcp_receive,1641,9064,18128,19769,1673,797,3136,576,2882,tcp_receive,/Users/swchen.tw/git/percepio/poc/runs/tcp-workload-matrix-v1/A08-baseline/build/tcp_in.o,
by_function,/Users/swchen.tw/git/percepio/poc/runs/tcp-workload-matrix-v1/A08-baseline/build/tcp_in.o:2147506692:2147506858:tcp_free_acked_segments.isra.0,840,4478,8956,9796,840,450,1392,36,1760,tcp_free_acked_segments.isra.0,/Users/swchen.tw/git/percepio/poc/runs/tcp-workload-matrix-v1/A08-baseline/build/tcp_in.o,
by_function,/Users/swchen.tw/git/percepio/poc/runs/tcp-workload-matrix-v1/A08-baseline/build/tcp.o:2147503336:2147503372:tcp_seg_free,130,756,1512,1642,130,50,320,36,220,tcp_seg_free,/Users/swchen.tw/git/percepio/poc/runs/tcp-workload-matrix-v1/A08-baseline/build/tcp.o,
by_function,/Users/swchen.tw/git/percepio/poc/runs/tcp-workload-matrix-v1/A08-baseline/build/tcp_in.o:2147506626:2147506692:tcp_input_delayed_close,140,336,672,812,140,30,144,0,22,tcp_input_delayed_close,/Users/swchen.tw/git/percepio/poc/runs/tcp-workload-matrix-v1/A08-baseline/build/tcp_in.o,
by_function,/Users/swchen.tw/git/percepio/poc/runs/tcp-workload-matrix-v1/A08-baseline/build/tcp.o:2147503178:2147503246:tcp_update_rcv_ann_wnd,94,280,560,654,94,25,88,18,55,tcp_update_rcv_ann_wnd,/Users/swchen.tw/git/percepio/poc/runs/tcp-workload-matrix-v1/A08-baseline/build/tcp.o,
by_function,/Users/swchen.tw/git/percepio/poc/runs/tcp-workload-matrix-v1/A08-baseline/build/tcp_request_response_irq.o:2147495040:2147495364:on_recv,29370,33403,66806,96176,29372,3001,400,234,396,on_recv,/Users/swchen.tw/git/percepio/poc/runs/tcp-workload-matrix-v1/A08-baseline/build/tcp_request_response_irq.o,
by_function,/Users/swchen.tw/git/percepio/poc/runs/tcp-workload-matrix-v1/A08-baseline/build/pbuf.o:2147502642:2147502668:pbuf_get_at,29200,90554,181108,210308,29200,5840,23376,18,32120,pbuf_get_at,/Users/swchen.tw/git/percepio/poc/runs/tcp-workload-matrix-v1/A08-baseline/build/pbuf.o,
by_function,/Users/swchen.tw/git/percepio/poc/runs/tcp-workload-matrix-v1/A08-baseline/build/pbuf.o:2147502608:2147502642:pbuf_try_get_at,20440,29200,58400,78840,20440,8760,0,0,0,pbuf_try_get_at,/Users/swchen.tw/git/percepio/poc/runs/tcp-workload-matrix-v1/A08-baseline/build/pbuf.o,
by_function,/Users/swchen.tw/git/percepio/poc/runs/tcp-workload-matrix-v1/A08-baseline/build/tcp.o:2147503246:2147503336:tcp_recved,50,236,472,522,52,16,80,0,88,tcp_recved,/Users/swchen.tw/git/percepio/poc/runs/tcp-workload-matrix-v1/A08-baseline/build/tcp.o,
by_function,/Users/swchen.tw/git/percepio/poc/runs/tcp-workload-matrix-v1/A08-baseline/build/tcp_out.o:2147515266:2147515344:tcp_send_empty_ack,72,306,612,684,72,21,96,18,99,tcp_send_empty_ack,/Users/swchen.tw/git/percepio/poc/runs/tcp-workload-matrix-v1/A08-baseline/build/tcp_out.o,
by_function,/Users/swchen.tw/git/percepio/poc/runs/tcp-workload-matrix-v1/A08-baseline/build/tcp_out.o:2147512946:2147512994:tcp_output_alloc_header.constprop.0,57,345,690,747,57,33,120,36,99,tcp_output_alloc_header.constprop.0,/Users/swchen.tw/git/percepio/poc/runs/tcp-workload-matrix-v1/A08-baseline/build/tcp_out.o,
by_function,/Users/swchen.tw/git/percepio/poc/runs/tcp-workload-matrix-v1/A08-baseline/build/tcp_out.o:2147512728:2147512946:tcp_output_alloc_header_common.constprop.0,228,2181,4362,4590,231,117,768,108,957,tcp_output_alloc_header_common.constprop.0,/Users/swchen.tw/git/percepio/poc/runs/tcp-workload-matrix-v1/A08-baseline/build/tcp_out.o,
by_function,/Users/swchen.tw/git/percepio/poc/runs/tcp-workload-matrix-v1/A08-baseline/build/tcp_out.o:2147512994:2147513080:tcp_output_control_segment,69,447,894,963,69,33,144,36,165,tcp_output_control_segment,/Users/swchen.tw/git/percepio/poc/runs/tcp-workload-matrix-v1/A08-baseline/build/tcp_out.o,
by_function,/Users/swchen.tw/git/percepio/poc/runs/tcp-workload-matrix-v1/A08-baseline/build/tcp_out.o:2147512598:2147512728:tcp_output_control_segment_netif,144,869,1738,1882,147,66,272,54,330,tcp_output_control_segment_netif,/Users/swchen.tw/git/percepio/poc/runs/tcp-workload-matrix-v1/A08-baseline/build/tcp_out.o,
by_function,/Users/swchen.tw/git/percepio/poc/runs/tcp-workload-matrix-v1/A08-baseline/build/tcp_out.o:2147513080:2147513888:tcp_write,1232,6696,13392,14624,1248,456,2272,432,2288,tcp_write,/Users/swchen.tw/git/percepio/poc/runs/tcp-workload-matrix-v1/A08-baseline/build/tcp_out.o,
by_function,/Users/swchen.tw/git/percepio/poc/runs/tcp-workload-matrix-v1/A08-baseline/build/pbuf.o:2147501558:2147501618:pbuf_alloc_reference,184,2094,4188,4372,184,120,768,54,968,pbuf_alloc_reference,/Users/swchen.tw/git/percepio/poc/runs/tcp-workload-matrix-v1/A08-baseline/build/pbuf.o,
by_function,/Users/swchen.tw/git/percepio/poc/runs/tcp-workload-matrix-v1/A08-baseline/build/pbuf.o:2147502226:2147502256:pbuf_cat,80,424,848,928,80,40,128,0,176,pbuf_cat,/Users/swchen.tw/git/percepio/poc/runs/tcp-workload-matrix-v1/A08-baseline/build/pbuf.o,
by_function,/Users/swchen.tw/git/percepio/poc/.tools/xpack-riscv-none-elf-gcc-15.2.0-1/bin/../lib/gcc/riscv-none-elf/15.2.0/../../../../riscv-none-elf/lib/libg_nano.a(libc_a-memcmp.o):2147520016:2147520054:memcmp,81792,105234,210468,292260,81792,23360,64,18,0,memcmp,/Users/swchen.tw/git/percepio/poc/.tools/xpack-riscv-none-elf-gcc-15.2.0-1/bin/../lib/gcc/riscv-none-elf/15.2.0/../../../../riscv-none-elf/lib/libg_nano.a(libc_a-memcmp.o),
by_function,/Users/swchen.tw/git/percepio/poc/runs/tcp-workload-matrix-v1/A08-baseline/build/tcp_request_response_irq.o:2147494898:2147494960:on_sent,144,978,1956,2100,152,72,384,18,352,on_sent,/Users/swchen.tw/git/percepio/poc/runs/tcp-workload-matrix-v1/A08-baseline/build/tcp_request_response_irq.o,
by_function,/Users/swchen.tw/git/percepio/poc/runs/tcp-workload-matrix-v1/A08-baseline/build/portASM.o:2147519232:2147519698:unresolved@/Users/swchen.tw/git/percepio/poc/runs/tcp-workload-matrix-v1/A08-baseline/build/portASM.o:2147519232,395,3745,7490,7885,398,301,1312,216,1518,unresolved@/Users/swchen.tw/git/percepio/poc/runs/tcp-workload-matrix-v1/A08-baseline/build/portASM.o:2147519232,/Users/swchen.tw/git/percepio/poc/runs/tcp-workload-matrix-v1/A08-baseline/build/portASM.o,
by_function,/Users/swchen.tw/git/percepio/poc/runs/tcp-workload-matrix-v1/A08-baseline/build/tasks.o:2147485004:2147485444:xTaskIncrementTick,260,2002,4004,4264,261,149,624,396,572,xTaskIncrementTick,/Users/swchen.tw/git/percepio/poc/runs/tcp-workload-matrix-v1/A08-baseline/build/tasks.o,
by_function,/Users/swchen.tw/git/percepio/poc/runs/tcp-workload-matrix-v1/A08-baseline/build/trcEvent.o:2147488492:2147488636:xTraceEventCreate1,275,1778,3556,3831,275,140,560,198,605,xTraceEventCreate1,/Users/swchen.tw/git/percepio/poc/runs/tcp-workload-matrix-v1/A08-baseline/build/trcEvent.o,
by_function,/Users/swchen.tw/git/percepio/poc/runs/tcp-workload-matrix-v1/A08-baseline/build/clock.o:2147493400:2147493424:poc_mtime,90,168,336,426,90,0,24,54,0,poc_mtime,/Users/swchen.tw/git/percepio/poc/runs/tcp-workload-matrix-v1/A08-baseline/build/clock.o,
by_function,/Users/swchen.tw/git/percepio/poc/runs/tcp-workload-matrix-v1/A08-baseline/build/trcStreamPort.o:2147493810:2147493862:xTraceStreamPortWriteData,160,1138,2276,2436,160,72,376,90,440,xTraceStreamPortWriteData,/Users/swchen.tw/git/percepio/poc/runs/tcp-workload-matrix-v1/A08-baseline/build/trcStreamPort.o,
by_function,/Users/swchen.tw/git/percepio/poc/runs/tcp-workload-matrix-v1/A08-baseline/build/stream_io.o:2147493576:2147493642:poc_write_all,232,1174,2348,2580,232,80,368,54,440,poc_write_all,/Users/swchen.tw/git/percepio/poc/runs/tcp-workload-matrix-v1/A08-baseline/build/stream_io.o,
by_function,/Users/swchen.tw/git/percepio/poc/runs/tcp-workload-matrix-v1/A08-baseline/build/semihost.o:2147493552:2147493576:poc_sh_write,88,822,1644,1732,96,40,280,54,352,poc_sh_write,/Users/swchen.tw/git/percepio/poc/runs/tcp-workload-matrix-v1/A08-baseline/build/semihost.o,
by_function,/Users/swchen.tw/git/percepio/poc/runs/tcp-workload-matrix-v1/A08-baseline/build/semihost.o:2147493488:2147493502:call,32,110,220,252,32,0,24,54,0,call,/Users/swchen.tw/git/percepio/poc/runs/tcp-workload-matrix-v1/A08-baseline/build/semihost.o,
by_function,/Users/swchen.tw/git/percepio/poc/runs/tcp-workload-matrix-v1/A08-baseline/build/trcEvent.o:2147488452:2147488468:poc_irq_restore,32,32,64,96,32,0,0,0,0,poc_irq_restore,/Users/swchen.tw/git/percepio/poc/runs/tcp-workload-matrix-v1/A08-baseline/build/trcEvent.o,
by_function,/Users/swchen.tw/git/percepio/poc/runs/tcp-workload-matrix-v1/A08-baseline/build/tcp.o:2147505144:2147505288:tcp_fasttmr,64,498,996,1060,64,34,160,108,132,tcp_fasttmr,/Users/swchen.tw/git/percepio/poc/runs/tcp-workload-matrix-v1/A08-baseline/build/tcp.o,
by_function,/Users/swchen.tw/git/percepio/poc/runs/tcp-workload-matrix-v1/A08-baseline/build/tcp.o:2147505288:2147506210:tcp_slowtmr,204,1428,2856,3060,206,102,432,270,418,tcp_slowtmr,/Users/swchen.tw/git/percepio/poc/runs/tcp-workload-matrix-v1/A08-baseline/build/tcp.o,
by_function,/Users/swchen.tw/git/percepio/poc/runs/tcp-workload-matrix-v1/A08-baseline/build/tasks.o:2147485872:2147486056:vTaskSwitchContext,110,635,1270,1380,110,58,176,126,165,vTaskSwitchContext,/Users/swchen.tw/git/percepio/poc/runs/tcp-workload-matrix-v1/A08-baseline/build/tasks.o,
by_function,/Users/swchen.tw/git/percepio/poc/.tools/xpack-riscv-none-elf-gcc-15.2.0-1/bin/../lib/gcc/riscv-none-elf/15.2.0/libgcc.a(_clzsi2.o):2147519698:2147519808:__clzsi2,28,82,164,192,28,2,16,36,0,__clzsi2,/Users/swchen.tw/git/percepio/poc/.tools/xpack-riscv-none-elf-gcc-15.2.0-1/bin/../lib/gcc/riscv-none-elf/15.2.0/libgcc.a(_clzsi2.o),
by_function,/Users/swchen.tw/git/percepio/poc/runs/tcp-workload-matrix-v1/A08-baseline/build/trcTask.o:2147493112:2147493208:xTraceTaskSwitch,66,400,800,866,66,28,120,54,132,xTraceTaskSwitch,/Users/swchen.tw/git/percepio/poc/runs/tcp-workload-matrix-v1/A08-baseline/build/trcTask.o,
by_function,/Users/swchen.tw/git/percepio/poc/runs/tcp-workload-matrix-v1/A08-baseline/build/trcEvent.o:2147488636:2147488790:xTraceEventCreate2,118,752,1504,1622,118,62,232,54,286,xTraceEventCreate2,/Users/swchen.tw/git/percepio/poc/runs/tcp-workload-matrix-v1/A08-baseline/build/trcEvent.o,
by_function,/Users/swchen.tw/git/percepio/poc/runs/tcp-workload-matrix-v1/A08-baseline/build/tasks.o:2147485792:2147485872:vTaskDelay,4,6,12,16,4,2,0,0,0,vTaskDelay,/Users/swchen.tw/git/percepio/poc/runs/tcp-workload-matrix-v1/A08-baseline/build/tasks.o,
by_function,/Users/swchen.tw/git/percepio/poc/runs/tcp-workload-matrix-v1/A08-baseline/build/tcp_request_response_irq.o:2147496002:2147496060:timing_observer,14,102,204,218,14,5,32,18,33,timing_observer,/Users/swchen.tw/git/percepio/poc/runs/tcp-workload-matrix-v1/A08-baseline/build/tcp_request_response_irq.o,
by_function,/Users/swchen.tw/git/percepio/poc/runs/tcp-workload-matrix-v1/A08-baseline/build/tasks.o:2147484998:2147485004:xTaskGetTickCount,2,3,6,8,2,1,0,0,0,xTaskGetTickCount,/Users/swchen.tw/git/percepio/poc/runs/tcp-workload-matrix-v1/A08-baseline/build/tasks.o,
by_function,/Users/swchen.tw/git/percepio/poc/runs/tcp-workload-matrix-v1/A08-baseline/build/main.o:2147493908:2147493984:poc_mark,23,139,278,301,23,7,40,36,33,poc_mark,/Users/swchen.tw/git/percepio/poc/runs/tcp-workload-matrix-v1/A08-baseline/build/main.o,
by_function,/Users/swchen.tw/git/percepio/poc/runs/tcp-workload-matrix-v1/A08-baseline/build/oracle.o:2147494034:2147494130:poc_oracle_record,31,288,576,607,31,16,88,54,99,poc_oracle_record,/Users/swchen.tw/git/percepio/poc/runs/tcp-workload-matrix-v1/A08-baseline/build/oracle.o,
by_function,/Users/swchen.tw/git/percepio/poc/.tools/xpack-riscv-none-elf-gcc-15.2.0-1/bin/../lib/gcc/riscv-none-elf/15.2.0/../../../../riscv-none-elf/lib/libg_nano.a(libc_a-snprintf.o):2147519808:2147519912:sniprintf,38,451,902,940,38,21,144,72,176,sniprintf,/Users/swchen.tw/git/percepio/poc/.tools/xpack-riscv-none-elf-gcc-15.2.0-1/bin/../lib/gcc/riscv-none-elf/15.2.0/../../../../riscv-none-elf/lib/libg_nano.a(libc_a-snprintf.o),
by_function,/Users/swchen.tw/git/percepio/poc/.tools/xpack-riscv-none-elf-gcc-15.2.0-1/bin/../lib/gcc/riscv-none-elf/15.2.0/../../../../riscv-none-elf/lib/libg_nano.a(libc_a-nano-svfprintf.o):2147520418:2147521038:_svfiprintf_r,360,1715,3430,3790,366,109,464,270,506,_svfiprintf_r,/Users/swchen.tw/git/percepio/poc/.tools/xpack-riscv-none-elf-gcc-15.2.0-1/bin/../lib/gcc/riscv-none-elf/15.2.0/../../../../riscv-none-elf/lib/libg_nano.a(libc_a-nano-svfprintf.o),
by_function,/Users/swchen.tw/git/percepio/poc/.tools/xpack-riscv-none-elf-gcc-15.2.0-1/bin/../lib/gcc/riscv-none-elf/15.2.0/../../../../riscv-none-elf/lib/libg_nano.a(libc_a-nano-svfprintf.o):2147520178:2147520418:__ssputs_r,370,2542,5084,5454,370,220,816,36,1100,__ssputs_r,/Users/swchen.tw/git/percepio/poc/.tools/xpack-riscv-none-elf-gcc-15.2.0-1/bin/../lib/gcc/riscv-none-elf/15.2.0/../../../../riscv-none-elf/lib/libg_nano.a(libc_a-nano-svfprintf.o),
by_function,/Users/swchen.tw/git/percepio/poc/.tools/xpack-riscv-none-elf-gcc-15.2.0-1/bin/../lib/gcc/riscv-none-elf/15.2.0/../../../../riscv-none-elf/lib/libg_nano.a(libc_a-memmove.o):2147520060:2147520098:memmove,333,1265,2530,2863,333,88,360,0,484,memmove,/Users/swchen.tw/git/percepio/poc/.tools/xpack-riscv-none-elf-gcc-15.2.0-1/bin/../lib/gcc/riscv-none-elf/15.2.0/../../../../riscv-none-elf/lib/libg_nano.a(libc_a-memmove.o),
by_function,/Users/swchen.tw/git/percepio/poc/.tools/xpack-riscv-none-elf-gcc-15.2.0-1/bin/../lib/gcc/riscv-none-elf/15.2.0/../../../../riscv-none-elf/lib/libg_nano.a(libc_a-memchr.o):2147522410:2147522436:memchr,447,631,1262,1709,447,80,32,72,0,memchr,/Users/swchen.tw/git/percepio/poc/.tools/xpack-riscv-none-elf-gcc-15.2.0-1/bin/../lib/gcc/riscv-none-elf/15.2.0/../../../../riscv-none-elf/lib/libg_nano.a(libc_a-memchr.o),
by_function,/Users/swchen.tw/git/percepio/poc/.tools/xpack-riscv-none-elf-gcc-15.2.0-1/bin/../lib/gcc/riscv-none-elf/15.2.0/../../../../riscv-none-elf/lib/libg_nano.a(libc_a-nano-vfprintf_i.o):2147521674:2147522290:_printf_i,212,1081,2162,2374,213,78,312,126,352,_printf_i,/Users/swchen.tw/git/percepio/poc/.tools/xpack-riscv-none-elf-gcc-15.2.0-1/bin/../lib/gcc/riscv-none-elf/15.2.0/../../../../riscv-none-elf/lib/libg_nano.a(libc_a-nano-vfprintf_i.o),
by_function,/Users/swchen.tw/git/percepio/poc/.tools/xpack-riscv-none-elf-gcc-15.2.0-1/bin/../lib/gcc/riscv-none-elf/15.2.0/../../../../riscv-none-elf/lib/libg_nano.a(libc_a-nano-vfprintf_i.o):2147521400:2147521674:_printf_common,207,1036,2072,2279,207,93,280,126,330,_printf_common,/Users/swchen.tw/git/percepio/poc/.tools/xpack-riscv-none-elf-gcc-15.2.0-1/bin/../lib/gcc/riscv-none-elf/15.2.0/../../../../riscv-none-elf/lib/libg_nano.a(libc_a-nano-vfprintf_i.o),
by_function,/Users/swchen.tw/git/percepio/poc/runs/tcp-workload-matrix-v1/A08-baseline/build/trcPrint.o:2147491812:2147491858:xTracePrintF,18,232,464,482,18,10,80,36,88,xTracePrintF,/Users/swchen.tw/git/percepio/poc/runs/tcp-workload-matrix-v1/A08-baseline/build/trcPrint.o,
by_function,/Users/swchen.tw/git/percepio/poc/runs/tcp-workload-matrix-v1/A08-baseline/build/trcPrint.o:2147491720:2147491812:xTraceVPrintF,406,478,956,1362,406,46,8,18,0,xTraceVPrintF,/Users/swchen.tw/git/percepio/poc/runs/tcp-workload-matrix-v1/A08-baseline/build/trcPrint.o,
by_function,/Users/swchen.tw/git/percepio/poc/runs/tcp-workload-matrix-v1/A08-baseline/build/trcPrint.o:2147491266:2147491630:prvTraceVPrintF,32,243,486,518,32,12,72,72,55,prvTraceVPrintF,/Users/swchen.tw/git/percepio/poc/runs/tcp-workload-matrix-v1/A08-baseline/build/trcPrint.o,
by_function,/Users/swchen.tw/git/percepio/poc/runs/tcp-workload-matrix-v1/A08-baseline/build/trcEvent.o:2147489598:2147489806:xTraceEventCreateData2,74,525,1050,1124,75,35,160,90,165,xTraceEventCreateData2,/Users/swchen.tw/git/percepio/poc/runs/tcp-workload-matrix-v1/A08-baseline/build/trcEvent.o,
by_function,/Users/swchen.tw/git/percepio/poc/runs/tcp-workload-matrix-v1/A08-baseline/build/tasks.o:2147486056:2147486324:vTaskSuspend,70,414,828,898,70,24,120,90,110,vTaskSuspend,/Users/swchen.tw/git/percepio/poc/runs/tcp-workload-matrix-v1/A08-baseline/build/tasks.o,
by_function,/Users/swchen.tw/git/percepio/poc/runs/tcp-workload-matrix-v1/A08-baseline/build/list.o:2147486418:2147486452:uxListRemove,15,148,296,311,15,12,48,18,55,uxListRemove,/Users/swchen.tw/git/percepio/poc/runs/tcp-workload-matrix-v1/A08-baseline/build/list.o,
by_function,/Users/swchen.tw/git/percepio/poc/runs/tcp-workload-matrix-v1/A08-baseline/build/list.o:2147486350:2147486372:vListInsertEnd,11,160,320,331,11,9,56,18,66,vListInsertEnd,/Users/swchen.tw/git/percepio/poc/runs/tcp-workload-matrix-v1/A08-baseline/build/list.o,
by_function,/Users/swchen.tw/git/percepio/poc/runs/tcp-workload-matrix-v1/A08-baseline/build/tasks.o:2147484174:2147484200:prvResetNextTaskUnblockTime,7,55,110,117,7,3,16,18,11,prvResetNextTaskUnblockTime,/Users/swchen.tw/git/percepio/poc/runs/tcp-workload-matrix-v1/A08-baseline/build/tasks.o,
by_function,/Users/swchen.tw/git/percepio/poc/runs/tcp-workload-matrix-v1/A08-baseline/build/tcp.o:2147504926:2147504958:tcp_close,15,72,144,159,15,4,24,18,11,tcp_close,/Users/swchen.tw/git/percepio/poc/runs/tcp-workload-matrix-v1/A08-baseline/build/tcp.o,
by_function,/Users/swchen.tw/git/percepio/poc/runs/tcp-workload-matrix-v1/A08-baseline/build/tcp.o:2147504632:2147504926:tcp_close_shutdown,68,350,700,768,68,22,104,90,66,tcp_close_shutdown,/Users/swchen.tw/git/percepio/poc/runs/tcp-workload-matrix-v1/A08-baseline/build/tcp.o,
by_function,/Users/swchen.tw/git/percepio/poc/runs/tcp-workload-matrix-v1/A08-baseline/build/tcp.o:2147502750:2147502832:tcp_close_shutdown_fin,20,135,270,290,20,6,40,36,33,tcp_close_shutdown_fin,/Users/swchen.tw/git/percepio/poc/runs/tcp-workload-matrix-v1/A08-baseline/build/tcp.o,
by_function,/Users/swchen.tw/git/percepio/poc/runs/tcp-workload-matrix-v1/A08-baseline/build/tcp_out.o:2147514464:2147514594:tcp_send_fin,16,153,306,322,16,9,48,36,44,tcp_send_fin,/Users/swchen.tw/git/percepio/poc/runs/tcp-workload-matrix-v1/A08-baseline/build/tcp_out.o,
by_function,/Users/swchen.tw/git/percepio/poc/runs/tcp-workload-matrix-v1/A08-baseline/build/tcp.o:2147503642:2147503738:tcp_pcb_remove,45,348,696,741,45,23,112,36,132,tcp_pcb_remove,/Users/swchen.tw/git/percepio/poc/runs/tcp-workload-matrix-v1/A08-baseline/build/tcp.o,
by_function,/Users/swchen.tw/git/percepio/poc/runs/tcp-workload-matrix-v1/A08-baseline/build/tcp.o:2147503560:2147503642:tcp_pcb_purge,33,168,336,369,34,13,48,18,55,tcp_pcb_purge,/Users/swchen.tw/git/percepio/poc/runs/tcp-workload-matrix-v1/A08-baseline/build/tcp.o,
by_function,/Users/swchen.tw/git/percepio/poc/runs/tcp-workload-matrix-v1/A08-baseline/build/tcp.o:2147503372:2147503400:tcp_segs_free,4,4,8,12,4,0,0,0,0,tcp_segs_free,/Users/swchen.tw/git/percepio/poc/runs/tcp-workload-matrix-v1/A08-baseline/build/tcp.o,
by_function,/Users/swchen.tw/git/percepio/poc/runs/tcp-workload-matrix-v1/A08-baseline/build/tcp_request_response_irq.o:2147494842:2147494898:resources,20,230,460,480,21,17,72,54,66,resources,/Users/swchen.tw/git/percepio/poc/runs/tcp-workload-matrix-v1/A08-baseline/build/tcp_request_response_irq.o,
by_pc,2147496060,1,27,54,55,1,0,8,18,0,tcp_capture_begin,/Users/swchen.tw/git/percepio/poc/runs/tcp-workload-matrix-v1/A08-baseline/build/tcp_request_response_irq.o,
by_pc,2147496062,1,1,2,3,1,0,0,0,0,tcp_capture_begin,/Users/swchen.tw/git/percepio/poc/runs/tcp-workload-matrix-v1/A08-baseline/build/tcp_request_response_irq.o,
by_pc,2147497038,1,54,108,109,1,1,16,36,0,session_task,/Users/swchen.tw/git/percepio/poc/runs/tcp-workload-matrix-v1/A08-baseline/build/tcp_request_response_irq.o,
by_pc,2147497042,1,1,2,3,1,0,0,0,0,session_task,/Users/swchen.tw/git/percepio/poc/runs/tcp-workload-matrix-v1/A08-baseline/build/tcp_request_response_irq.o,
by_pc,2147497046,1,1,2,3,1,0,0,0,0,session_task,/Users/swchen.tw/git/percepio/poc/runs/tcp-workload-matrix-v1/A08-baseline/build/tcp_request_response_irq.o,
by_pc,2147497048,1,21,42,43,1,1,8,0,11,session_task,/Users/swchen.tw/git/percepio/poc/runs/tcp-workload-matrix-v1/A08-baseline/build/tcp_request_response_irq.o,
by_pc,2147497052,1,1,2,3,1,0,0,0,0,session_task,/Users/swchen.tw/git/percepio/poc/runs/tcp-workload-matrix-v1/A08-baseline/build/tcp_request_response_irq.o,
by_pc,2147497056,1,1,2,3,1,0,0,0,0,session_task,/Users/swchen.tw/git/percepio/poc/runs/tcp-workload-matrix-v1/A08-baseline/build/tcp_request_response_irq.o,
by_pc,2147497060,1,1,2,3,1,0,0,0,0,session_task,/Users/swchen.tw/git/percepio/poc/runs/tcp-workload-matrix-v1/A08-baseline/build/tcp_request_response_irq.o,
by_pc,2147496068,27,53,106,133,27,0,8,18,0,z0_stack_begin,/Users/swchen.tw/git/percepio/poc/runs/tcp-workload-matrix-v1/A08-baseline/build/tcp_request_response_irq.o,
by_pc,2147496070,27,27,54,81,27,0,0,0,0,z0_stack_begin,/Users/swchen.tw/git/percepio/poc/runs/tcp-workload-matrix-v1/A08-baseline/build/tcp_request_response_irq.o,
by_pc,2147497064,1,1,2,3,1,0,0,0,0,session_task,/Users/swchen.tw/git/percepio/poc/runs/tcp-workload-matrix-v1/A08-baseline/build/tcp_request_response_irq.o,
by_pc,2147497068,1,1,2,3,1,0,0,0,0,session_task,/Users/swchen.tw/git/percepio/poc/runs/tcp-workload-matrix-v1/A08-baseline/build/tcp_request_response_irq.o,
by_pc,2147504624,1,27,54,55,1,0,8,18,0,tcp_new,/Users/swchen.tw/git/percepio/poc/runs/tcp-workload-matrix-v1/A08-baseline/build/tcp.o,
by_pc,2147504628,1,1,2,3,1,0,0,0,0,tcp_new,/Users/swchen.tw/git/percepio/poc/runs/tcp-workload-matrix-v1/A08-baseline/build/tcp.o,
by_pc,2147504188,2,28,56,58,2,0,8,18,0,tcp_alloc,/Users/swchen.tw/git/percepio/poc/runs/tcp-workload-matrix-v1/A08-baseline/build/tcp.o,
by_pc,2147504190,2,60,120,122,2,2,16,18,22,tcp_alloc,/Users/swchen.tw/git/percepio/poc/runs/tcp-workload-matrix-v1/A08-baseline/build/tcp.o,
by_pc,2147504192,2,28,56,58,2,0,8,18,0,tcp_alloc,/Users/swchen.tw/git/percepio/poc/runs/tcp-workload-matrix-v1/A08-baseline/build/tcp.o,
by_pc,2147504194,2,2,4,6,2,0,0,0,0,tcp_alloc,/Users/swchen.tw/git/percepio/poc/runs/tcp-workload-matrix-v1/A08-baseline/build/tcp.o,
by_pc,2147504196,2,42,84,86,2,2,16,0,22,tcp_alloc,/Users/swchen.tw/git/percepio/poc/runs/tcp-workload-matrix-v1/A08-baseline/build/tcp.o,
by_pc,2147504198,2,42,84,86,2,2,16,0,22,tcp_alloc,/Users/swchen.tw/git/percepio/poc/runs/tcp-workload-matrix-v1/A08-baseline/build/tcp.o,
by_pc,2147504200,2,42,84,86,2,2,16,0,22,tcp_alloc,/Users/swchen.tw/git/percepio/poc/runs/tcp-workload-matrix-v1/A08-baseline/build/tcp.o,
by_pc,2147504202,2,2,4,6,2,0,0,0,0,tcp_alloc,/Users/swchen.tw/git/percepio/poc/runs/tcp-workload-matrix-v1/A08-baseline/build/tcp.o,
by_pc,2147501008,21,119,238,259,21,0,80,18,0,memp_malloc,/Users/swchen.tw/git/percepio/poc/runs/tcp-workload-matrix-v1/A08-baseline/build/memp.o,
by_pc,2147501010,21,21,42,63,21,0,0,0,0,memp_malloc,/Users/swchen.tw/git/percepio/poc/runs/tcp-workload-matrix-v1/A08-baseline/build/memp.o,
by_pc,2147501014,21,21,42,63,21,0,0,0,0,memp_malloc,/Users/swchen.tw/git/percepio/poc/runs/tcp-workload-matrix-v1/A08-baseline/build/memp.o,
by_pc,2147501016,21,21,42,63,21,0,0,0,0,memp_malloc,/Users/swchen.tw/git/percepio/poc/runs/tcp-workload-matrix-v1/A08-baseline/build/memp.o,
by_pc,2147501020,21,21,42,63,21,0,0,0,0,memp_malloc,/Users/swchen.tw/git/percepio/poc/runs/tcp-workload-matrix-v1/A08-baseline/build/memp.o,
by_pc,2147501024,21,21,42,63,21,0,0,0,0,memp_malloc,/Users/swchen.tw/git/percepio/poc/runs/tcp-workload-matrix-v1/A08-baseline/build/memp.o,
by_pc,2147501026,21,76,152,173,21,21,16,18,0,memp_malloc,/Users/swchen.tw/git/percepio/poc/runs/tcp-workload-matrix-v1/A08-baseline/build/memp.o,
by_pc,2147501028,21,21,42,63,21,0,0,0,0,memp_malloc,/Users/swchen.tw/git/percepio/poc/runs/tcp-workload-matrix-v1/A08-baseline/build/memp.o,
by_pc,2147500832,21,150,300,321,21,21,72,36,0,do_memp_malloc_pool,/Users/swchen.tw/git/percepio/poc/runs/tcp-workload-matrix-v1/A08-baseline/build/memp.o,
by_pc,2147500834,21,21,42,63,21,0,0,0,0,do_memp_malloc_pool,/Users/swchen.tw/git/percepio/poc/runs/tcp-workload-matrix-v1/A08-baseline/build/memp.o,
by_pc,2147500836,21,94,188,209,21,21,16,36,0,do_memp_malloc_pool,/Users/swchen.tw/git/percepio/poc/runs/tcp-workload-matrix-v1/A08-baseline/build/memp.o,
by_pc,2147500838,21,21,42,63,21,0,0,0,0,do_memp_malloc_pool,/Users/swchen.tw/git/percepio/poc/runs/tcp-workload-matrix-v1/A08-baseline/build/memp.o,
by_pc,2147500840,21,188,376,397,21,21,56,90,0,do_memp_malloc_pool,/Users/swchen.tw/git/percepio/poc/runs/tcp-workload-matrix-v1/A08-baseline/build/memp.o,
by_pc,2147500842,21,441,882,903,21,21,168,0,231,do_memp_malloc_pool,/Users/swchen.tw/git/percepio/poc/runs/tcp-workload-matrix-v1/A08-baseline/build/memp.o,
by_pc,2147500844,21,68,136,157,21,21,8,18,0,do_memp_malloc_pool,/Users/swchen.tw/git/percepio/poc/runs/tcp-workload-matrix-v1/A08-baseline/build/memp.o,
by_pc,2147500846,21,188,376,397,21,21,56,90,0,do_memp_malloc_pool,/Users/swchen.tw/git/percepio/poc/runs/tcp-workload-matrix-v1/A08-baseline/build/memp.o,
by_pc,2147500850,21,21,42,63,21,0,0,0,0,do_memp_malloc_pool,/Users/swchen.tw/git/percepio/poc/runs/tcp-workload-matrix-v1/A08-baseline/build/memp.o,
by_pc,2147500852,21,441,882,903,21,21,168,0,231,do_memp_malloc_pool,/Users/swchen.tw/git/percepio/poc/runs/tcp-workload-matrix-v1/A08-baseline/build/memp.o,
by_pc,2147500856,21,42,84,105,21,21,0,0,0,do_memp_malloc_pool,/Users/swchen.tw/git/percepio/poc/runs/tcp-workload-matrix-v1/A08-baseline/build/memp.o,
by_pc,2147500858,21,42,84,105,21,21,0,0,0,do_memp_malloc_pool,/Users/swchen.tw/git/percepio/poc/runs/tcp-workload-matrix-v1/A08-baseline/build/memp.o,
by_pc,2147500862,21,113,226,247,42,21,32,18,0,do_memp_malloc_pool,/Users/swchen.tw/git/percepio/poc/runs/tcp-workload-matrix-v1/A08-baseline/build/memp.o,
by_pc,2147500866,21,21,42,63,21,0,0,0,0,do_memp_malloc_pool,/Users/swchen.tw/git/percepio/poc/runs/tcp-workload-matrix-v1/A08-baseline/build/memp.o,
by_pc,2147500870,4,84,168,172,4,4,32,0,44,do_memp_malloc_pool,/Users/swchen.tw/git/percepio/poc/runs/tcp-workload-matrix-v1/A08-baseline/build/memp.o,
by_pc,2147500874,4,4,8,12,4,0,0,0,0,do_memp_malloc_pool,/Users/swchen.tw/git/percepio/poc/runs/tcp-workload-matrix-v1/A08-baseline/build/memp.o,
by_pc,2147504206,2,2,4,6,2,0,0,0,0,tcp_alloc,/Users/swchen.tw/git/percepio/poc/runs/tcp-workload-matrix-v1/A08-baseline/build/tcp.o,
by_pc,2147504208,2,2,4,6,2,0,0,0,0,tcp_alloc,/Users/swchen.tw/git/percepio/poc/runs/tcp-workload-matrix-v1/A08-baseline/build/tcp.o,
by_pc,2147504384,2,28,56,58,2,0,8,18,0,tcp_alloc,/Users/swchen.tw/git/percepio/poc/runs/tcp-workload-matrix-v1/A08-baseline/build/tcp.o,
by_pc,2147504386,2,2,4,6,2,0,0,0,0,tcp_alloc,/Users/swchen.tw/git/percepio/poc/runs/tcp-workload-matrix-v1/A08-baseline/build/tcp.o,
by_pc,2147504390,2,2,4,6,2,0,0,0,0,tcp_alloc,/Users/swchen.tw/git/percepio/poc/runs/tcp-workload-matrix-v1/A08-baseline/build/tcp.o,
by_pc,2147504392,2,2,4,6,2,0,0,0,0,tcp_alloc,/Users/swchen.tw/git/percepio/poc/runs/tcp-workload-matrix-v1/A08-baseline/build/tcp.o,
by_pc,2147520098,16,74,148,164,16,0,40,18,0,memset,/Users/swchen.tw/git/percepio/poc/.tools/xpack-riscv-none-elf-gcc-15.2.0-1/bin/../lib/gcc/riscv-none-elf/15.2.0/../../../../riscv-none-elf/lib/libg_nano.a(libc_a-memset.o),
by_pc,2147520100,16,16,32,48,16,0,0,0,0,memset,/Users/swchen.tw/git/percepio/poc/.tools/xpack-riscv-none-elf-gcc-15.2.0-1/bin/../lib/gcc/riscv-none-elf/15.2.0/../../../../riscv-none-elf/lib/libg_nano.a(libc_a-memset.o),
by_pc,2147520102,3804,80370,160740,164544,3804,3804,30432,486,41844,memset,/Users/swchen.tw/git/percepio/poc/.tools/xpack-riscv-none-elf-gcc-15.2.0-1/bin/../lib/gcc/riscv-none-elf/15.2.0/../../../../riscv-none-elf/lib/libg_nano.a(libc_a-memset.o),
by_pc,2147520106,3804,3804,7608,11412,3804,0,0,0,0,memset,/Users/swchen.tw/git/percepio/poc/.tools/xpack-riscv-none-elf-gcc-15.2.0-1/bin/../lib/gcc/riscv-none-elf/15.2.0/../../../../riscv-none-elf/lib/libg_nano.a(libc_a-memset.o),
by_pc,2147520108,3804,3804,7608,11412,3804,0,0,0,0,memset,/Users/swchen.tw/git/percepio/poc/.tools/xpack-riscv-none-elf-gcc-15.2.0-1/bin/../lib/gcc/riscv-none-elf/15.2.0/../../../../riscv-none-elf/lib/libg_nano.a(libc_a-memset.o),
by_pc,2147520110,3804,3804,7608,11412,3804,0,0,0,0,memset,/Users/swchen.tw/git/percepio/poc/.tools/xpack-riscv-none-elf-gcc-15.2.0-1/bin/../lib/gcc/riscv-none-elf/15.2.0/../../../../riscv-none-elf/lib/libg_nano.a(libc_a-memset.o),
by_pc,2147520112,16,16,32,48,16,0,0,0,0,memset,/Users/swchen.tw/git/percepio/poc/.tools/xpack-riscv-none-elf-gcc-15.2.0-1/bin/../lib/gcc/riscv-none-elf/15.2.0/../../../../riscv-none-elf/lib/libg_nano.a(libc_a-memset.o),
by_pc,2147504396,2,2,4,6,2,0,0,0,0,tcp_alloc,/Users/swchen.tw/git/percepio/poc/runs/tcp-workload-matrix-v1/A08-baseline/build/tcp.o,
by_pc,2147504398,2,2,4,6,2,0,0,0,0,tcp_alloc,/Users/swchen.tw/git/percepio/poc/runs/tcp-workload-matrix-v1/A08-baseline/build/tcp.o,
by_pc,2147504402,2,42,84,86,2,2,16,0,22,tcp_alloc,/Users/swchen.tw/git/percepio/poc/runs/tcp-workload-matrix-v1/A08-baseline/build/tcp.o,
by_pc,2147504406,2,2,4,6,2,0,0,0,0,tcp_alloc,/Users/swchen.tw/git/percepio/poc/runs/tcp-workload-matrix-v1/A08-baseline/build/tcp.o,
by_pc,2147504410,2,2,4,6,2,0,0,0,0,tcp_alloc,/Users/swchen.tw/git/percepio/poc/runs/tcp-workload-matrix-v1/A08-baseline/build/tcp.o,
by_pc,2147504414,2,42,84,86,2,2,16,0,22,tcp_alloc,/Users/swchen.tw/git/percepio/poc/runs/tcp-workload-matrix-v1/A08-baseline/build/tcp.o,
by_pc,2147504416,2,2,4,6,2,0,0,0,0,tcp_alloc,/Users/swchen.tw/git/percepio/poc/runs/tcp-workload-matrix-v1/A08-baseline/build/tcp.o,
by_pc,2147504418,2,42,84,86,2,2,16,0,22,tcp_alloc,/Users/swchen.tw/git/percepio/poc/runs/tcp-workload-matrix-v1/A08-baseline/build/tcp.o,
by_pc,2147504422,2,2,4,6,2,0,0,0,0,tcp_alloc,/Users/swchen.tw/git/percepio/poc/runs/tcp-workload-matrix-v1/A08-baseline/build/tcp.o,
by_pc,2147504424,2,42,84,86,2,2,16,0,22,tcp_alloc,/Users/swchen.tw/git/percepio/poc/runs/tcp-workload-matrix-v1/A08-baseline/build/tcp.o,
by_pc,2147504428,2,42,84,86,2,2,16,0,22,tcp_alloc,/Users/swchen.tw/git/percepio/poc/runs/tcp-workload-matrix-v1/A08-baseline/build/tcp.o,
by_pc,2147504432,2,2,4,6,2,0,0,0,0,tcp_alloc,/Users/swchen.tw/git/percepio/poc/runs/tcp-workload-matrix-v1/A08-baseline/build/tcp.o,
by_pc,2147504436,2,2,4,6,2,0,0,0,0,tcp_alloc,/Users/swchen.tw/git/percepio/poc/runs/tcp-workload-matrix-v1/A08-baseline/build/tcp.o,
by_pc,2147504438,2,42,84,86,2,2,16,0,22,tcp_alloc,/Users/swchen.tw/git/percepio/poc/runs/tcp-workload-matrix-v1/A08-baseline/build/tcp.o,
by_pc,2147504440,2,4,8,10,2,2,0,0,0,tcp_alloc,/Users/swchen.tw/git/percepio/poc/runs/tcp-workload-matrix-v1/A08-baseline/build/tcp.o,
by_pc,2147504444,2,2,4,6,2,0,0,0,0,tcp_alloc,/Users/swchen.tw/git/percepio/poc/runs/tcp-workload-matrix-v1/A08-baseline/build/tcp.o,
by_pc,2147504446,2,70,140,142,4,2,24,18,22,tcp_alloc,/Users/swchen.tw/git/percepio/poc/runs/tcp-workload-matrix-v1/A08-baseline/build/tcp.o,
by_pc,2147504450,2,42,84,86,2,2,16,0,22,tcp_alloc,/Users/swchen.tw/git/percepio/poc/runs/tcp-workload-matrix-v1/A08-baseline/build/tcp.o,
by_pc,2147504452,2,4,8,10,2,2,0,0,0,tcp_alloc,/Users/swchen.tw/git/percepio/poc/runs/tcp-workload-matrix-v1/A08-baseline/build/tcp.o,
by_pc,2147504456,2,42,84,86,2,2,16,0,22,tcp_alloc,/Users/swchen.tw/git/percepio/poc/runs/tcp-workload-matrix-v1/A08-baseline/build/tcp.o,
by_pc,2147504460,2,2,4,6,2,0,0,0,0,tcp_alloc,/Users/swchen.tw/git/percepio/poc/runs/tcp-workload-matrix-v1/A08-baseline/build/tcp.o,
by_pc,2147504464,2,2,4,6,2,0,0,0,0,tcp_alloc,/Users/swchen.tw/git/percepio/poc/runs/tcp-workload-matrix-v1/A08-baseline/build/tcp.o,
by_pc,2147504466,2,42,84,86,2,2,16,0,22,tcp_alloc,/Users/swchen.tw/git/percepio/poc/runs/tcp-workload-matrix-v1/A08-baseline/build/tcp.o,
by_pc,2147504468,2,2,4,6,2,0,0,0,0,tcp_alloc,/Users/swchen.tw/git/percepio/poc/runs/tcp-workload-matrix-v1/A08-baseline/build/tcp.o,
by_pc,2147504472,2,2,4,6,2,0,0,0,0,tcp_alloc,/Users/swchen.tw/git/percepio/poc/runs/tcp-workload-matrix-v1/A08-baseline/build/tcp.o,
by_pc,2147504476,2,42,84,86,2,2,16,0,22,tcp_alloc,/Users/swchen.tw/git/percepio/poc/runs/tcp-workload-matrix-v1/A08-baseline/build/tcp.o,
by_pc,2147504480,2,2,4,6,2,0,0,0,0,tcp_alloc,/Users/swchen.tw/git/percepio/poc/runs/tcp-workload-matrix-v1/A08-baseline/build/tcp.o,
by_pc,2147504484,2,2,4,6,2,0,0,0,0,tcp_alloc,/Users/swchen.tw/git/percepio/poc/runs/tcp-workload-matrix-v1/A08-baseline/build/tcp.o,
by_pc,2147504488,2,42,84,86,2,2,16,0,22,tcp_alloc,/Users/swchen.tw/git/percepio/poc/runs/tcp-workload-matrix-v1/A08-baseline/build/tcp.o,
by_pc,2147504492,2,4,8,10,2,2,0,0,0,tcp_alloc,/Users/swchen.tw/git/percepio/poc/runs/tcp-workload-matrix-v1/A08-baseline/build/tcp.o,
by_pc,2147504494,2,4,8,10,2,2,0,0,0,tcp_alloc,/Users/swchen.tw/git/percepio/poc/runs/tcp-workload-matrix-v1/A08-baseline/build/tcp.o,
by_pc,2147504496,2,4,8,10,2,2,0,0,0,tcp_alloc,/Users/swchen.tw/git/percepio/poc/runs/tcp-workload-matrix-v1/A08-baseline/build/tcp.o,
by_pc,2147504498,2,4,8,10,2,2,0,0,0,tcp_alloc,/Users/swchen.tw/git/percepio/poc/runs/tcp-workload-matrix-v1/A08-baseline/build/tcp.o,
by_pc,2147504500,2,2,4,6,2,0,0,0,0,tcp_alloc,/Users/swchen.tw/git/percepio/poc/runs/tcp-workload-matrix-v1/A08-baseline/build/tcp.o,
by_pc,2147504502,2,2,4,6,2,0,0,0,0,tcp_alloc,/Users/swchen.tw/git/percepio/poc/runs/tcp-workload-matrix-v1/A08-baseline/build/tcp.o,
by_pc,2147504504,2,2,4,6,2,0,0,0,0,tcp_alloc,/Users/swchen.tw/git/percepio/poc/runs/tcp-workload-matrix-v1/A08-baseline/build/tcp.o,
by_pc,2147497072,1,1,2,3,1,0,0,0,0,session_task,/Users/swchen.tw/git/percepio/poc/runs/tcp-workload-matrix-v1/A08-baseline/build/tcp_request_response_irq.o,
by_pc,2147497074,1,1,2,3,1,0,0,0,0,session_task,/Users/swchen.tw/git/percepio/poc/runs/tcp-workload-matrix-v1/A08-baseline/build/tcp_request_response_irq.o,
by_pc,2147497092,1,27,54,55,1,0,8,18,0,session_task,/Users/swchen.tw/git/percepio/poc/runs/tcp-workload-matrix-v1/A08-baseline/build/tcp_request_response_irq.o,
by_pc,2147497096,1,1,2,3,1,0,0,0,0,session_task,/Users/swchen.tw/git/percepio/poc/runs/tcp-workload-matrix-v1/A08-baseline/build/tcp_request_response_irq.o,
by_pc,2147497100,1,1,2,3,1,0,0,0,0,session_task,/Users/swchen.tw/git/percepio/poc/runs/tcp-workload-matrix-v1/A08-baseline/build/tcp_request_response_irq.o,
by_pc,2147497102,1,1,2,3,1,0,0,0,0,session_task,/Users/swchen.tw/git/percepio/poc/runs/tcp-workload-matrix-v1/A08-baseline/build/tcp_request_response_irq.o,
by_pc,2147502842,1,27,54,55,1,0,8,18,0,tcp_bind,/Users/swchen.tw/git/percepio/poc/runs/tcp-workload-matrix-v1/A08-baseline/build/tcp.o,
by_pc,2147502844,1,21,42,43,1,1,8,0,11,tcp_bind,/Users/swchen.tw/git/percepio/poc/runs/tcp-workload-matrix-v1/A08-baseline/build/tcp.o,
by_pc,2147502846,1,21,42,43,1,1,8,0,11,tcp_bind,/Users/swchen.tw/git/percepio/poc/runs/tcp-workload-matrix-v1/A08-baseline/build/tcp.o,
by_pc,2147502848,1,27,54,55,1,0,8,18,0,tcp_bind,/Users/swchen.tw/git/percepio/poc/runs/tcp-workload-matrix-v1/A08-baseline/build/tcp.o,
by_pc,2147502850,1,1,2,3,1,0,0,0,0,tcp_bind,/Users/swchen.tw/git/percepio/poc/runs/tcp-workload-matrix-v1/A08-baseline/build/tcp.o,
by_pc,2147502856,1,1,2,3,1,0,0,0,0,tcp_bind,/Users/swchen.tw/git/percepio/poc/runs/tcp-workload-matrix-v1/A08-baseline/build/tcp.o,
by_pc,2147502858,1,1,2,3,1,0,0,0,0,tcp_bind,/Users/swchen.tw/git/percepio/poc/runs/tcp-workload-matrix-v1/A08-baseline/build/tcp.o,
by_pc,2147502860,1,2,4,5,1,1,0,0,0,tcp_bind,/Users/swchen.tw/git/percepio/poc/runs/tcp-workload-matrix-v1/A08-baseline/build/tcp.o,
by_pc,2147502862,1,1,2,3,1,0,0,0,0,tcp_bind,/Users/swchen.tw/git/percepio/poc/runs/tcp-workload-matrix-v1/A08-baseline/build/tcp.o,
by_pc,2147502864,1,1,2,3,1,0,0,0,0,tcp_bind,/Users/swchen.tw/git/percepio/poc/runs/tcp-workload-matrix-v1/A08-baseline/build/tcp.o,
by_pc,2147502866,1,1,2,3,1,0,0,0,0,tcp_bind,/Users/swchen.tw/git/percepio/poc/runs/tcp-workload-matrix-v1/A08-baseline/build/tcp.o,
by_pc,2147502890,1,1,2,3,1,0,0,0,0,tcp_bind,/Users/swchen.tw/git/percepio/poc/runs/tcp-workload-matrix-v1/A08-baseline/build/tcp.o,
by_pc,2147502894,1,1,2,3,1,0,0,0,0,tcp_bind,/Users/swchen.tw/git/percepio/poc/runs/tcp-workload-matrix-v1/A08-baseline/build/tcp.o,
by_pc,2147502898,1,1,2,3,1,0,0,0,0,tcp_bind,/Users/swchen.tw/git/percepio/poc/runs/tcp-workload-matrix-v1/A08-baseline/build/tcp.o,
by_pc,2147502902,1,1,2,3,1,0,0,0,0,tcp_bind,/Users/swchen.tw/git/percepio/poc/runs/tcp-workload-matrix-v1/A08-baseline/build/tcp.o,
by_pc,2147502906,4,8,16,20,4,4,0,0,0,tcp_bind,/Users/swchen.tw/git/percepio/poc/runs/tcp-workload-matrix-v1/A08-baseline/build/tcp.o,
by_pc,2147502908,4,8,16,20,4,4,0,0,0,tcp_bind,/Users/swchen.tw/git/percepio/poc/runs/tcp-workload-matrix-v1/A08-baseline/build/tcp.o,
by_pc,2147502910,4,4,8,12,4,0,0,0,0,tcp_bind,/Users/swchen.tw/git/percepio/poc/runs/tcp-workload-matrix-v1/A08-baseline/build/tcp.o,
by_pc,2147502912,4,30,60,64,4,0,8,18,0,tcp_bind,/Users/swchen.tw/git/percepio/poc/runs/tcp-workload-matrix-v1/A08-baseline/build/tcp.o,
by_pc,2147502914,4,4,8,12,4,0,0,0,0,tcp_bind,/Users/swchen.tw/git/percepio/poc/runs/tcp-workload-matrix-v1/A08-baseline/build/tcp.o,
by_pc,2147502918,1,28,56,57,1,1,8,18,0,tcp_bind,/Users/swchen.tw/git/percepio/poc/runs/tcp-workload-matrix-v1/A08-baseline/build/tcp.o,
by_pc,2147502920,1,1,2,3,1,0,0,0,0,tcp_bind,/Users/swchen.tw/git/percepio/poc/runs/tcp-workload-matrix-v1/A08-baseline/build/tcp.o,
by_pc,2147502924,1,1,2,3,1,0,0,0,0,tcp_bind,/Users/swchen.tw/git/percepio/poc/runs/tcp-workload-matrix-v1/A08-baseline/build/tcp.o,
by_pc,2147502928,1,2,4,5,1,1,0,0,0,tcp_bind,/Users/swchen.tw/git/percepio/poc/runs/tcp-workload-matrix-v1/A08-baseline/build/tcp.o,
by_pc,2147502930,1,21,42,43,1,1,8,0,11,tcp_bind,/Users/swchen.tw/git/percepio/poc/runs/tcp-workload-matrix-v1/A08-baseline/build/tcp.o,
by_pc,2147502934,1,21,42,43,1,1,8,0,11,tcp_bind,/Users/swchen.tw/git/percepio/poc/runs/tcp-workload-matrix-v1/A08-baseline/build/tcp.o,
by_pc,2147502936,1,21,42,43,1,1,8,0,11,tcp_bind,/Users/swchen.tw/git/percepio/poc/runs/tcp-workload-matrix-v1/A08-baseline/build/tcp.o,
by_pc,2147502938,1,1,2,3,1,0,0,0,0,tcp_bind,/Users/swchen.tw/git/percepio/poc/runs/tcp-workload-matrix-v1/A08-baseline/build/tcp.o,
by_pc,2147516862,3,29,58,61,3,0,8,18,0,tcp_timer_needed,/Users/swchen.tw/git/percepio/poc/runs/tcp-workload-matrix-v1/A08-baseline/build/timeouts.o,
by_pc,2147502942,1,1,2,3,1,0,0,0,0,tcp_bind,/Users/swchen.tw/git/percepio/poc/runs/tcp-workload-matrix-v1/A08-baseline/build/tcp.o,
by_pc,2147502944,1,1,2,3,1,0,0,0,0,tcp_bind,/Users/swchen.tw/git/percepio/poc/runs/tcp-workload-matrix-v1/A08-baseline/build/tcp.o,
by_pc,2147502882,1,2,4,5,1,1,0,0,0,tcp_bind,/Users/swchen.tw/git/percepio/poc/runs/tcp-workload-matrix-v1/A08-baseline/build/tcp.o,
by_pc,2147502884,1,2,4,5,1,1,0,0,0,tcp_bind,/Users/swchen.tw/git/percepio/poc/runs/tcp-workload-matrix-v1/A08-baseline/build/tcp.o,
by_pc,2147502886,1,1,2,3,1,0,0,0,0,tcp_bind,/Users/swchen.tw/git/percepio/poc/runs/tcp-workload-matrix-v1/A08-baseline/build/tcp.o,
by_pc,2147502888,1,1,2,3,1,0,0,0,0,tcp_bind,/Users/swchen.tw/git/percepio/poc/runs/tcp-workload-matrix-v1/A08-baseline/build/tcp.o,
by_pc,2147497106,1,1,2,3,1,0,0,0,0,session_task,/Users/swchen.tw/git/percepio/poc/runs/tcp-workload-matrix-v1/A08-baseline/build/tcp_request_response_irq.o,
by_pc,2147497124,1,1,2,3,1,0,0,0,0,session_task,/Users/swchen.tw/git/percepio/poc/runs/tcp-workload-matrix-v1/A08-baseline/build/tcp_request_response_irq.o,
by_pc,2147497128,1,1,2,3,1,0,0,0,0,session_task,/Users/swchen.tw/git/percepio/poc/runs/tcp-workload-matrix-v1/A08-baseline/build/tcp_request_response_irq.o,
by_pc,2147497130,1,1,2,3,1,0,0,0,0,session_task,/Users/swchen.tw/git/percepio/poc/runs/tcp-workload-matrix-v1/A08-baseline/build/tcp_request_response_irq.o,
by_pc,2147503172,1,27,54,55,1,0,8,18,0,tcp_listen_with_backlog,/Users/swchen.tw/git/percepio/poc/runs/tcp-workload-matrix-v1/A08-baseline/build/tcp.o,
by_pc,2147503174,1,1,2,3,1,0,0,0,0,tcp_listen_with_backlog,/Users/swchen.tw/git/percepio/poc/runs/tcp-workload-matrix-v1/A08-baseline/build/tcp.o,
by_pc,2147502974,1,1,2,3,1,0,0,0,0,tcp_listen_with_backlog_and_err,/Users/swchen.tw/git/percepio/poc/runs/tcp-workload-matrix-v1/A08-baseline/build/tcp.o,
by_pc,2147502976,1,47,94,95,1,1,16,18,11,tcp_listen_with_backlog_and_err,/Users/swchen.tw/git/percepio/poc/runs/tcp-workload-matrix-v1/A08-baseline/build/tcp.o,
by_pc,2147502978,1,21,42,43,1,1,8,0,11,tcp_listen_with_backlog_and_err,/Users/swchen.tw/git/percepio/poc/runs/tcp-workload-matrix-v1/A08-baseline/build/tcp.o,
by_pc,2147502980,1,21,42,43,1,1,8,0,11,tcp_listen_with_backlog_and_err,/Users/swchen.tw/git/percepio/poc/runs/tcp-workload-matrix-v1/A08-baseline/build/tcp.o,
by_pc,2147502982,1,21,42,43,1,1,8,0,11,tcp_listen_with_backlog_and_err,/Users/swchen.tw/git/percepio/poc/runs/tcp-workload-matrix-v1/A08-baseline/build/tcp.o,
by_pc,2147502984,1,1,2,3,1,0,0,0,0,tcp_listen_with_backlog_and_err,/Users/swchen.tw/git/percepio/poc/runs/tcp-workload-matrix-v1/A08-baseline/build/tcp.o,
by_pc,2147502986,1,1,2,3,1,0,0,0,0,tcp_listen_with_backlog_and_err,/Users/swchen.tw/git/percepio/poc/runs/tcp-workload-matrix-v1/A08-baseline/build/tcp.o,
by_pc,2147502988,1,2,4,5,1,1,0,0,0,tcp_listen_with_backlog_and_err,/Users/swchen.tw/git/percepio/poc/runs/tcp-workload-matrix-v1/A08-baseline/build/tcp.o,
by_pc,2147502990,1,1,2,3,1,0,0,0,0,tcp_listen_with_backlog_and_err,/Users/swchen.tw/git/percepio/poc/runs/tcp-workload-matrix-v1/A08-baseline/build/tcp.o,
by_pc,2147502992,1,1,2,3,1,0,0,0,0,tcp_listen_with_backlog_and_err,/Users/swchen.tw/git/percepio/poc/runs/tcp-workload-matrix-v1/A08-baseline/build/tcp.o,
by_pc,2147502994,1,1,2,3,1,0,0,0,0,tcp_listen_with_backlog_and_err,/Users/swchen.tw/git/percepio/poc/runs/tcp-workload-matrix-v1/A08-baseline/build/tcp.o,
by_pc,2147502996,1,1,2,3,1,0,0,0,0,tcp_listen_with_backlog_and_err,/Users/swchen.tw/git/percepio/poc/runs/tcp-workload-matrix-v1/A08-baseline/build/tcp.o,
by_pc,2147503000,1,1,2,3,1,0,0,0,0,tcp_listen_with_backlog_and_err,/Users/swchen.tw/git/percepio/poc/runs/tcp-workload-matrix-v1/A08-baseline/build/tcp.o,
by_pc,2147503002,1,1,2,3,1,0,0,0,0,tcp_listen_with_backlog_and_err,/Users/swchen.tw/git/percepio/poc/runs/tcp-workload-matrix-v1/A08-baseline/build/tcp.o,
by_pc,2147503004,1,1,2,3,1,0,0,0,0,tcp_listen_with_backlog_and_err,/Users/swchen.tw/git/percepio/poc/runs/tcp-workload-matrix-v1/A08-baseline/build/tcp.o,
by_pc,2147503006,1,2,4,5,1,1,0,0,0,tcp_listen_with_backlog_and_err,/Users/swchen.tw/git/percepio/poc/runs/tcp-workload-matrix-v1/A08-baseline/build/tcp.o,
by_pc,2147503008,1,21,42,43,1,1,8,0,11,tcp_listen_with_backlog_and_err,/Users/swchen.tw/git/percepio/poc/runs/tcp-workload-matrix-v1/A08-baseline/build/tcp.o,
by_pc,2147503010,1,2,4,5,1,1,0,0,0,tcp_listen_with_backlog_and_err,/Users/swchen.tw/git/percepio/poc/runs/tcp-workload-matrix-v1/A08-baseline/build/tcp.o,
by_pc,2147503014,1,21,42,43,1,1,8,0,11,tcp_listen_with_backlog_and_err,/Users/swchen.tw/git/percepio/poc/runs/tcp-workload-matrix-v1/A08-baseline/build/tcp.o,
by_pc,2147503018,1,1,2,3,1,0,0,0,0,tcp_listen_with_backlog_and_err,/Users/swchen.tw/git/percepio/poc/runs/tcp-workload-matrix-v1/A08-baseline/build/tcp.o,
by_pc,2147503020,1,21,42,43,1,1,8,0,11,tcp_listen_with_backlog_and_err,/Users/swchen.tw/git/percepio/poc/runs/tcp-workload-matrix-v1/A08-baseline/build/tcp.o,
by_pc,2147503022,1,2,4,5,1,1,0,0,0,tcp_listen_with_backlog_and_err,/Users/swchen.tw/git/percepio/poc/runs/tcp-workload-matrix-v1/A08-baseline/build/tcp.o,
by_pc,2147503026,1,21,42,43,1,1,8,0,11,tcp_listen_with_backlog_and_err,/Users/swchen.tw/git/percepio/poc/runs/tcp-workload-matrix-v1/A08-baseline/build/tcp.o,
by_pc,2147503030,1,2,4,5,1,1,0,0,0,tcp_listen_with_backlog_and_err,/Users/swchen.tw/git/percepio/poc/runs/tcp-workload-matrix-v1/A08-baseline/build/tcp.o,
by_pc,2147503034,1,21,42,43,1,1,8,0,11,tcp_listen_with_backlog_and_err,/Users/swchen.tw/git/percepio/poc/runs/tcp-workload-matrix-v1/A08-baseline/build/tcp.o,
by_pc,2147503038,1,29,58,59,2,1,8,18,0,tcp_listen_with_backlog_and_err,/Users/swchen.tw/git/percepio/poc/runs/tcp-workload-matrix-v1/A08-baseline/build/tcp.o,
by_pc,2147503042,1,21,42,43,1,1,8,0,11,tcp_listen_with_backlog_and_err,/Users/swchen.tw/git/percepio/poc/runs/tcp-workload-matrix-v1/A08-baseline/build/tcp.o,
by_pc,2147503046,1,2,4,5,1,1,0,0,0,tcp_listen_with_backlog_and_err,/Users/swchen.tw/git/percepio/poc/runs/tcp-workload-matrix-v1/A08-baseline/build/tcp.o,
by_pc,2147503050,1,21,42,43,1,1,8,0,11,tcp_listen_with_backlog_and_err,/Users/swchen.tw/git/percepio/poc/runs/tcp-workload-matrix-v1/A08-baseline/build/tcp.o,
by_pc,2147503054,1,2,4,5,1,1,0,0,0,tcp_listen_with_backlog_and_err,/Users/swchen.tw/git/percepio/poc/runs/tcp-workload-matrix-v1/A08-baseline/build/tcp.o,
by_pc,2147503058,1,21,42,43,1,1,8,0,11,tcp_listen_with_backlog_and_err,/Users/swchen.tw/git/percepio/poc/runs/tcp-workload-matrix-v1/A08-baseline/build/tcp.o,
by_pc,2147503062,1,2,4,5,1,1,0,0,0,tcp_listen_with_backlog_and_err,/Users/swchen.tw/git/percepio/poc/runs/tcp-workload-matrix-v1/A08-baseline/build/tcp.o,
by_pc,2147503064,1,21,42,43,1,1,8,0,11,tcp_listen_with_backlog_and_err,/Users/swchen.tw/git/percepio/poc/runs/tcp-workload-matrix-v1/A08-baseline/build/tcp.o,
by_pc,2147503066,1,2,4,5,1,1,0,0,0,tcp_listen_with_backlog_and_err,/Users/swchen.tw/git/percepio/poc/runs/tcp-workload-matrix-v1/A08-baseline/build/tcp.o,
by_pc,2147503070,1,1,2,3,1,0,0,0,0,tcp_listen_with_backlog_and_err,/Users/swchen.tw/git/percepio/poc/runs/tcp-workload-matrix-v1/A08-baseline/build/tcp.o,
by_pc,2147503072,1,1,2,3,1,0,0,0,0,tcp_listen_with_backlog_and_err,/Users/swchen.tw/git/percepio/poc/runs/tcp-workload-matrix-v1/A08-baseline/build/tcp.o,
by_pc,2147503076,1,2,4,5,1,1,0,0,0,tcp_listen_with_backlog_and_err,/Users/swchen.tw/git/percepio/poc/runs/tcp-workload-matrix-v1/A08-baseline/build/tcp.o,
by_pc,2147503078,1,1,2,3,1,0,0,0,0,tcp_listen_with_backlog_and_err,/Users/swchen.tw/git/percepio/poc/runs/tcp-workload-matrix-v1/A08-baseline/build/tcp.o,
by_pc,2147503082,1,2,4,5,1,1,0,0,0,tcp_listen_with_backlog_and_err,/Users/swchen.tw/git/percepio/poc/runs/tcp-workload-matrix-v1/A08-baseline/build/tcp.o,
by_pc,2147503084,1,21,42,43,1,1,8,0,11,tcp_listen_with_backlog_and_err,/Users/swchen.tw/git/percepio/poc/runs/tcp-workload-matrix-v1/A08-baseline/build/tcp.o,
by_pc,2147503086,1,21,42,43,1,1,8,0,11,tcp_listen_with_backlog_and_err,/Users/swchen.tw/git/percepio/poc/runs/tcp-workload-matrix-v1/A08-baseline/build/tcp.o,
by_pc,2147503090,1,1,2,3,1,0,0,0,0,tcp_listen_with_backlog_and_err,/Users/swchen.tw/git/percepio/poc/runs/tcp-workload-matrix-v1/A08-baseline/build/tcp.o,
by_pc,2147503092,1,1,2,3,1,0,0,0,0,tcp_listen_with_backlog_and_err,/Users/swchen.tw/git/percepio/poc/runs/tcp-workload-matrix-v1/A08-baseline/build/tcp.o,
by_pc,2147502834,2,2,4,6,2,0,0,0,0,tcp_free,/Users/swchen.tw/git/percepio/poc/runs/tcp-workload-matrix-v1/A08-baseline/build/tcp.o,
by_pc,2147502836,2,2,4,6,2,0,0,0,0,tcp_free,/Users/swchen.tw/git/percepio/poc/runs/tcp-workload-matrix-v1/A08-baseline/build/tcp.o,
by_pc,2147502838,2,2,4,6,2,0,0,0,0,tcp_free,/Users/swchen.tw/git/percepio/poc/runs/tcp-workload-matrix-v1/A08-baseline/build/tcp.o,
by_pc,2147501036,21,21,42,63,21,0,0,0,0,memp_free,/Users/swchen.tw/git/percepio/poc/runs/tcp-workload-matrix-v1/A08-baseline/build/memp.o,
by_pc,2147501038,21,21,42,63,21,0,0,0,0,memp_free,/Users/swchen.tw/git/percepio/poc/runs/tcp-workload-matrix-v1/A08-baseline/build/memp.o,
by_pc,2147501042,21,21,42,63,21,0,0,0,0,memp_free,/Users/swchen.tw/git/percepio/poc/runs/tcp-workload-matrix-v1/A08-baseline/build/memp.o,
by_pc,2147501044,21,21,42,63,21,0,0,0,0,memp_free,/Users/swchen.tw/git/percepio/poc/runs/tcp-workload-matrix-v1/A08-baseline/build/memp.o,
by_pc,2147501046,21,21,42,63,21,0,0,0,0,memp_free,/Users/swchen.tw/git/percepio/poc/runs/tcp-workload-matrix-v1/A08-baseline/build/memp.o,
by_pc,2147501050,21,21,42,63,21,0,0,0,0,memp_free,/Users/swchen.tw/git/percepio/poc/runs/tcp-workload-matrix-v1/A08-baseline/build/memp.o,
by_pc,2147501054,21,21,42,63,21,0,0,0,0,memp_free,/Users/swchen.tw/git/percepio/poc/runs/tcp-workload-matrix-v1/A08-baseline/build/memp.o,
by_pc,2147501056,21,148,296,317,21,21,88,18,0,memp_free,/Users/swchen.tw/git/percepio/poc/runs/tcp-workload-matrix-v1/A08-baseline/build/memp.o,
by_pc,2147501058,21,42,84,105,21,21,0,0,0,memp_free,/Users/swchen.tw/git/percepio/poc/runs/tcp-workload-matrix-v1/A08-baseline/build/memp.o,
by_pc,2147501060,21,68,136,157,21,21,8,18,0,memp_free,/Users/swchen.tw/git/percepio/poc/runs/tcp-workload-matrix-v1/A08-baseline/build/memp.o,
by_pc,2147501064,21,21,42,63,21,0,0,0,0,memp_free,/Users/swchen.tw/git/percepio/poc/runs/tcp-workload-matrix-v1/A08-baseline/build/memp.o,
by_pc,2147501066,21,441,882,903,21,21,168,0,231,memp_free,/Users/swchen.tw/git/percepio/poc/runs/tcp-workload-matrix-v1/A08-baseline/build/memp.o,
by_pc,2147501070,21,42,84,105,21,21,0,0,0,memp_free,/Users/swchen.tw/git/percepio/poc/runs/tcp-workload-matrix-v1/A08-baseline/build/memp.o,
by_pc,2147501072,21,42,84,105,21,21,0,0,0,memp_free,/Users/swchen.tw/git/percepio/poc/runs/tcp-workload-matrix-v1/A08-baseline/build/memp.o,
by_pc,2147501074,21,459,918,939,21,21,168,18,231,memp_free,/Users/swchen.tw/git/percepio/poc/runs/tcp-workload-matrix-v1/A08-baseline/build/memp.o,
by_pc,2147501076,21,42,84,105,21,21,0,0,0,memp_free,/Users/swchen.tw/git/percepio/poc/runs/tcp-workload-matrix-v1/A08-baseline/build/memp.o,
by_pc,2147501078,21,441,882,903,21,21,168,0,231,memp_free,/Users/swchen.tw/git/percepio/poc/runs/tcp-workload-matrix-v1/A08-baseline/build/memp.o,
by_pc,2147501080,21,21,42,63,21,0,0,0,0,memp_free,/Users/swchen.tw/git/percepio/poc/runs/tcp-workload-matrix-v1/A08-baseline/build/memp.o,
by_pc,2147503096,1,1,2,3,1,0,0,0,0,tcp_listen_with_backlog_and_err,/Users/swchen.tw/git/percepio/poc/runs/tcp-workload-matrix-v1/A08-baseline/build/tcp.o,
by_pc,2147503100,1,1,2,3,1,0,0,0,0,tcp_listen_with_backlog_and_err,/Users/swchen.tw/git/percepio/poc/runs/tcp-workload-matrix-v1/A08-baseline/build/tcp.o,
by_pc,2147503104,1,47,94,95,1,1,16,18,11,tcp_listen_with_backlog_and_err,/Users/swchen.tw/git/percepio/poc/runs/tcp-workload-matrix-v1/A08-baseline/build/tcp.o,
by_pc,2147503106,1,1,2,3,1,0,0,0,0,tcp_listen_with_backlog_and_err,/Users/swchen.tw/git/percepio/poc/runs/tcp-workload-matrix-v1/A08-baseline/build/tcp.o,
by_pc,2147503110,1,2,4,5,1,1,0,0,0,tcp_listen_with_backlog_and_err,/Users/swchen.tw/git/percepio/poc/runs/tcp-workload-matrix-v1/A08-baseline/build/tcp.o,
by_pc,2147503112,1,21,42,43,1,1,8,0,11,tcp_listen_with_backlog_and_err,/Users/swchen.tw/git/percepio/poc/runs/tcp-workload-matrix-v1/A08-baseline/build/tcp.o,
by_pc,2147503114,1,21,42,43,1,1,8,0,11,tcp_listen_with_backlog_and_err,/Users/swchen.tw/git/percepio/poc/runs/tcp-workload-matrix-v1/A08-baseline/build/tcp.o,
by_pc,2147503116,1,1,2,3,1,0,0,0,0,tcp_listen_with_backlog_and_err,/Users/swchen.tw/git/percepio/poc/runs/tcp-workload-matrix-v1/A08-baseline/build/tcp.o,
by_pc,2147503120,1,1,2,3,1,0,0,0,0,tcp_listen_with_backlog_and_err,/Users/swchen.tw/git/percepio/poc/runs/tcp-workload-matrix-v1/A08-baseline/build/tcp.o,
by_pc,2147503122,1,1,2,3,1,0,0,0,0,tcp_listen_with_backlog_and_err,/Users/swchen.tw/git/percepio/poc/runs/tcp-workload-matrix-v1/A08-baseline/build/tcp.o,
by_pc,2147503130,1,2,4,5,1,1,0,0,0,tcp_listen_with_backlog_and_err,/Users/swchen.tw/git/percepio/poc/runs/tcp-workload-matrix-v1/A08-baseline/build/tcp.o,
by_pc,2147503132,1,1,2,3,1,0,0,0,0,tcp_listen_with_backlog_and_err,/Users/swchen.tw/git/percepio/poc/runs/tcp-workload-matrix-v1/A08-baseline/build/tcp.o,
by_pc,2147503134,1,2,4,5,1,1,0,0,0,tcp_listen_with_backlog_and_err,/Users/swchen.tw/git/percepio/poc/runs/tcp-workload-matrix-v1/A08-baseline/build/tcp.o,
by_pc,2147503136,1,2,4,5,1,1,0,0,0,tcp_listen_with_backlog_and_err,/Users/swchen.tw/git/percepio/poc/runs/tcp-workload-matrix-v1/A08-baseline/build/tcp.o,
by_pc,2147503138,1,2,4,5,1,1,0,0,0,tcp_listen_with_backlog_and_err,/Users/swchen.tw/git/percepio/poc/runs/tcp-workload-matrix-v1/A08-baseline/build/tcp.o,
by_pc,2147503140,1,1,2,3,1,0,0,0,0,tcp_listen_with_backlog_and_err,/Users/swchen.tw/git/percepio/poc/runs/tcp-workload-matrix-v1/A08-baseline/build/tcp.o,
by_pc,2147503142,1,1,2,3,1,0,0,0,0,tcp_listen_with_backlog_and_err,/Users/swchen.tw/git/percepio/poc/runs/tcp-workload-matrix-v1/A08-baseline/build/tcp.o,
by_pc,2147497134,1,21,42,43,1,1,8,0,11,session_task,/Users/swchen.tw/git/percepio/poc/runs/tcp-workload-matrix-v1/A08-baseline/build/tcp_request_response_irq.o,
by_pc,2147497136,1,1,2,3,1,0,0,0,0,session_task,/Users/swchen.tw/git/percepio/poc/runs/tcp-workload-matrix-v1/A08-baseline/build/tcp_request_response_irq.o,
by_pc,2147497154,1,28,56,57,1,1,8,18,0,session_task,/Users/swchen.tw/git/percepio/poc/runs/tcp-workload-matrix-v1/A08-baseline/build/tcp_request_response_irq.o,
by_pc,2147497156,1,1,2,3,1,0,0,0,0,session_task,/Users/swchen.tw/git/percepio/poc/runs/tcp-workload-matrix-v1/A08-baseline/build/tcp_request_response_irq.o,
by_pc,2147497160,1,1,2,3,1,0,0,0,0,session_task,/Users/swchen.tw/git/percepio/poc/runs/tcp-workload-matrix-v1/A08-baseline/build/tcp_request_response_irq.o,
by_pc,2147497164,1,1,2,3,1,0,0,0,0,session_task,/Users/swchen.tw/git/percepio/poc/runs/tcp-workload-matrix-v1/A08-baseline/build/tcp_request_response_irq.o,
by_pc,2147497168,1,1,2,3,1,0,0,0,0,session_task,/Users/swchen.tw/git/percepio/poc/runs/tcp-workload-matrix-v1/A08-baseline/build/tcp_request_response_irq.o,
by_pc,2147503458,1,27,54,55,1,0,8,18,0,tcp_accept,/Users/swchen.tw/git/percepio/poc/runs/tcp-workload-matrix-v1/A08-baseline/build/tcp.o,
by_pc,2147503460,1,2,4,5,1,1,0,0,0,tcp_accept,/Users/swchen.tw/git/percepio/poc/runs/tcp-workload-matrix-v1/A08-baseline/build/tcp.o,
by_pc,2147503462,1,1,2,3,1,0,0,0,0,tcp_accept,/Users/swchen.tw/git/percepio/poc/runs/tcp-workload-matrix-v1/A08-baseline/build/tcp.o,
by_pc,2147503464,1,1,2,3,1,0,0,0,0,tcp_accept,/Users/swchen.tw/git/percepio/poc/runs/tcp-workload-matrix-v1/A08-baseline/build/tcp.o,
by_pc,2147503468,1,21,42,43,1,1,8,0,11,tcp_accept,/Users/swchen.tw/git/percepio/poc/runs/tcp-workload-matrix-v1/A08-baseline/build/tcp.o,
by_pc,2147503470,1,1,2,3,1,0,0,0,0,tcp_accept,/Users/swchen.tw/git/percepio/poc/runs/tcp-workload-matrix-v1/A08-baseline/build/tcp.o,
by_pc,2147497172,1,1,2,3,1,0,0,0,0,session_task,/Users/swchen.tw/git/percepio/poc/runs/tcp-workload-matrix-v1/A08-baseline/build/tcp_request_response_irq.o,
by_pc,2147497174,1,1,2,3,1,0,0,0,0,session_task,/Users/swchen.tw/git/percepio/poc/runs/tcp-workload-matrix-v1/A08-baseline/build/tcp_request_response_irq.o,
by_pc,2147497178,1,1,2,3,1,0,0,0,0,session_task,/Users/swchen.tw/git/percepio/poc/runs/tcp-workload-matrix-v1/A08-baseline/build/tcp_request_response_irq.o,
by_pc,2147497182,1,1,2,3,1,0,0,0,0,session_task,/Users/swchen.tw/git/percepio/poc/runs/tcp-workload-matrix-v1/A08-baseline/build/tcp_request_response_irq.o,
by_pc,2147496076,27,61,122,149,27,0,16,18,0,phase,/Users/swchen.tw/git/percepio/poc/runs/tcp-workload-matrix-v1/A08-baseline/build/tcp_request_response_irq.o,
by_pc,2147496078,27,567,1134,1161,27,27,216,0,297,phase,/Users/swchen.tw/git/percepio/poc/runs/tcp-workload-matrix-v1/A08-baseline/build/tcp_request_response_irq.o,
by_pc,2147496080,27,567,1134,1161,27,27,216,0,297,phase,/Users/swchen.tw/git/percepio/poc/runs/tcp-workload-matrix-v1/A08-baseline/build/tcp_request_response_irq.o,
by_pc,2147496082,27,567,1134,1161,27,27,216,0,297,phase,/Users/swchen.tw/git/percepio/poc/runs/tcp-workload-matrix-v1/A08-baseline/build/tcp_request_response_irq.o,
by_pc,2147496084,27,567,1134,1161,27,27,216,0,297,phase,/Users/swchen.tw/git/percepio/poc/runs/tcp-workload-matrix-v1/A08-baseline/build/tcp_request_response_irq.o,
by_pc,2147496086,27,27,54,81,27,0,0,0,0,phase,/Users/swchen.tw/git/percepio/poc/runs/tcp-workload-matrix-v1/A08-baseline/build/tcp_request_response_irq.o,
by_pc,2147496088,27,27,54,81,27,0,0,0,0,phase,/Users/swchen.tw/git/percepio/poc/runs/tcp-workload-matrix-v1/A08-baseline/build/tcp_request_response_irq.o,
by_pc,2147496092,27,27,54,81,27,0,0,0,0,phase,/Users/swchen.tw/git/percepio/poc/runs/tcp-workload-matrix-v1/A08-baseline/build/tcp_request_response_irq.o,
by_pc,2147496096,27,27,54,81,27,0,0,0,0,phase,/Users/swchen.tw/git/percepio/poc/runs/tcp-workload-matrix-v1/A08-baseline/build/tcp_request_response_irq.o,
by_pc,2147496098,27,27,54,81,27,0,0,0,0,phase,/Users/swchen.tw/git/percepio/poc/runs/tcp-workload-matrix-v1/A08-baseline/build/tcp_request_response_irq.o,
by_pc,2147496072,27,27,54,81,27,0,0,0,0,z0_stack_end,/Users/swchen.tw/git/percepio/poc/runs/tcp-workload-matrix-v1/A08-baseline/build/tcp_request_response_irq.o,
by_pc,2147496074,27,27,54,81,27,0,0,0,0,z0_stack_end,/Users/swchen.tw/git/percepio/poc/runs/tcp-workload-matrix-v1/A08-baseline/build/tcp_request_response_irq.o,
by_pc,2147496102,27,54,108,135,27,27,0,0,0,phase,/Users/swchen.tw/git/percepio/poc/runs/tcp-workload-matrix-v1/A08-baseline/build/tcp_request_response_irq.o,
by_pc,2147496104,27,27,54,81,27,0,0,0,0,phase,/Users/swchen.tw/git/percepio/poc/runs/tcp-workload-matrix-v1/A08-baseline/build/tcp_request_response_irq.o,
by_pc,2147496108,27,27,54,81,27,0,0,0,0,phase,/Users/swchen.tw/git/percepio/poc/runs/tcp-workload-matrix-v1/A08-baseline/build/tcp_request_response_irq.o,
by_pc,2147496128,27,106,212,239,27,27,16,36,0,phase,/Users/swchen.tw/git/percepio/poc/runs/tcp-workload-matrix-v1/A08-baseline/build/tcp_request_response_irq.o,
by_pc,2147496130,27,54,108,135,27,27,0,0,0,phase,/Users/swchen.tw/git/percepio/poc/runs/tcp-workload-matrix-v1/A08-baseline/build/tcp_request_response_irq.o,
by_pc,2147496134,27,27,54,81,27,0,0,0,0,phase,/Users/swchen.tw/git/percepio/poc/runs/tcp-workload-matrix-v1/A08-baseline/build/tcp_request_response_irq.o,
by_pc,2147496138,27,567,1134,1161,27,27,216,0,297,phase,/Users/swchen.tw/git/percepio/poc/runs/tcp-workload-matrix-v1/A08-baseline/build/tcp_request_response_irq.o,
by_pc,2147496140,27,27,54,81,27,0,0,0,0,phase,/Users/swchen.tw/git/percepio/poc/runs/tcp-workload-matrix-v1/A08-baseline/build/tcp_request_response_irq.o,
by_pc,2147496142,27,27,54,81,27,0,0,0,0,phase,/Users/swchen.tw/git/percepio/poc/runs/tcp-workload-matrix-v1/A08-baseline/build/tcp_request_response_irq.o,
by_pc,2147496146,27,27,54,81,27,0,0,0,0,phase,/Users/swchen.tw/git/percepio/poc/runs/tcp-workload-matrix-v1/A08-baseline/build/tcp_request_response_irq.o,
by_pc,2147496150,27,27,54,81,27,0,0,0,0,phase,/Users/swchen.tw/git/percepio/poc/runs/tcp-workload-matrix-v1/A08-baseline/build/tcp_request_response_irq.o,
by_pc,2147496154,27,27,54,81,27,0,0,0,0,phase,/Users/swchen.tw/git/percepio/poc/runs/tcp-workload-matrix-v1/A08-baseline/build/tcp_request_response_irq.o,
by_pc,2147496156,27,621,1242,1269,27,27,216,54,297,phase,/Users/swchen.tw/git/percepio/poc/runs/tcp-workload-matrix-v1/A08-baseline/build/tcp_request_response_irq.o,
by_pc,2147496160,27,603,1206,1233,27,27,216,36,297,phase,/Users/swchen.tw/git/percepio/poc/runs/tcp-workload-matrix-v1/A08-baseline/build/tcp_request_response_irq.o,
by_pc,2147496162,27,585,1170,1197,27,27,216,18,297,phase,/Users/swchen.tw/git/percepio/poc/runs/tcp-workload-matrix-v1/A08-baseline/build/tcp_request_response_irq.o,
by_pc,2147496164,27,54,108,135,27,27,0,0,0,phase,/Users/swchen.tw/git/percepio/poc/runs/tcp-workload-matrix-v1/A08-baseline/build/tcp_request_response_irq.o,
by_pc,2147496166,27,54,108,135,27,27,0,0,0,phase,/Users/swchen.tw/git/percepio/poc/runs/tcp-workload-matrix-v1/A08-baseline/build/tcp_request_response_irq.o,
by_pc,2147496168,27,54,108,135,27,27,0,0,0,phase,/Users/swchen.tw/git/percepio/poc/runs/tcp-workload-matrix-v1/A08-baseline/build/tcp_request_response_irq.o,
by_pc,2147496170,27,54,108,135,27,27,0,0,0,phase,/Users/swchen.tw/git/percepio/poc/runs/tcp-workload-matrix-v1/A08-baseline/build/tcp_request_response_irq.o,
by_pc,2147496172,27,27,54,81,27,0,0,0,0,phase,/Users/swchen.tw/git/percepio/poc/runs/tcp-workload-matrix-v1/A08-baseline/build/tcp_request_response_irq.o,
by_pc,2147496174,27,27,54,81,27,0,0,0,0,phase,/Users/swchen.tw/git/percepio/poc/runs/tcp-workload-matrix-v1/A08-baseline/build/tcp_request_response_irq.o,
by_pc,2147497186,1,1,2,3,1,0,0,0,0,session_task,/Users/swchen.tw/git/percepio/poc/runs/tcp-workload-matrix-v1/A08-baseline/build/tcp_request_response_irq.o,
by_pc,2147497190,1,1,2,3,1,0,0,0,0,session_task,/Users/swchen.tw/git/percepio/poc/runs/tcp-workload-matrix-v1/A08-baseline/build/tcp_request_response_irq.o,
by_pc,2147497194,1,1,2,3,1,0,0,0,0,session_task,/Users/swchen.tw/git/percepio/poc/runs/tcp-workload-matrix-v1/A08-baseline/build/tcp_request_response_irq.o,
by_pc,2147497196,1,1,2,3,1,0,0,0,0,session_task,/Users/swchen.tw/git/percepio/poc/runs/tcp-workload-matrix-v1/A08-baseline/build/tcp_request_response_irq.o,
by_pc,2147497198,1,1,2,3,1,0,0,0,0,session_task,/Users/swchen.tw/git/percepio/poc/runs/tcp-workload-matrix-v1/A08-baseline/build/tcp_request_response_irq.o,
by_pc,2147497200,1,1,2,3,1,0,0,0,0,session_task,/Users/swchen.tw/git/percepio/poc/runs/tcp-workload-matrix-v1/A08-baseline/build/tcp_request_response_irq.o,
by_pc,2147497202,1,1,2,3,1,0,0,0,0,session_task,/Users/swchen.tw/git/percepio/poc/runs/tcp-workload-matrix-v1/A08-baseline/build/tcp_request_response_irq.o,
by_pc,2147497206,1,1,2,3,1,0,0,0,0,session_task,/Users/swchen.tw/git/percepio/poc/runs/tcp-workload-matrix-v1/A08-baseline/build/tcp_request_response_irq.o,
by_pc,2147496176,14,14,28,42,14,0,0,0,0,inject,/Users/swchen.tw/git/percepio/poc/runs/tcp-workload-matrix-v1/A08-baseline/build/tcp_request_response_irq.o,
by_pc,2147496178,14,294,588,602,14,14,112,0,154,inject,/Users/swchen.tw/git/percepio/poc/runs/tcp-workload-matrix-v1/A08-baseline/build/tcp_request_response_irq.o,
by_pc,2147496180,14,14,28,42,14,0,0,0,0,inject,/Users/swchen.tw/git/percepio/poc/runs/tcp-workload-matrix-v1/A08-baseline/build/tcp_request_response_irq.o,
by_pc,2147496184,14,294,588,602,14,14,112,0,154,inject,/Users/swchen.tw/git/percepio/poc/runs/tcp-workload-matrix-v1/A08-baseline/build/tcp_request_response_irq.o,
by_pc,2147496186,14,14,28,42,14,0,0,0,0,inject,/Users/swchen.tw/git/percepio/poc/runs/tcp-workload-matrix-v1/A08-baseline/build/tcp_request_response_irq.o,
by_pc,2147496190,14,88,176,190,28,0,24,36,0,inject,/Users/swchen.tw/git/percepio/poc/runs/tcp-workload-matrix-v1/A08-baseline/build/tcp_request_response_irq.o,
by_pc,2147496194,14,14,28,42,14,0,0,0,0,inject,/Users/swchen.tw/git/percepio/poc/runs/tcp-workload-matrix-v1/A08-baseline/build/tcp_request_response_irq.o,
by_pc,2147496198,14,312,624,638,14,14,112,18,154,inject,/Users/swchen.tw/git/percepio/poc/runs/tcp-workload-matrix-v1/A08-baseline/build/tcp_request_response_irq.o,
by_pc,2147496200,14,14,28,42,14,0,0,0,0,inject,/Users/swchen.tw/git/percepio/poc/runs/tcp-workload-matrix-v1/A08-baseline/build/tcp_request_response_irq.o,
by_pc,2147496202,14,14,28,42,14,0,0,0,0,inject,/Users/swchen.tw/git/percepio/poc/runs/tcp-workload-matrix-v1/A08-baseline/build/tcp_request_response_irq.o,
by_pc,2147496204,14,14,28,42,14,0,0,0,0,inject,/Users/swchen.tw/git/percepio/poc/runs/tcp-workload-matrix-v1/A08-baseline/build/tcp_request_response_irq.o,
by_pc,2147496208,14,14,28,42,14,0,0,0,0,inject,/Users/swchen.tw/git/percepio/poc/runs/tcp-workload-matrix-v1/A08-baseline/build/tcp_request_response_irq.o,
by_pc,2147496210,14,14,28,42,14,0,0,0,0,inject,/Users/swchen.tw/git/percepio/poc/runs/tcp-workload-matrix-v1/A08-baseline/build/tcp_request_response_irq.o,
by_pc,2147496212,14,294,588,602,14,14,112,0,154,inject,/Users/swchen.tw/git/percepio/poc/runs/tcp-workload-matrix-v1/A08-baseline/build/tcp_request_response_irq.o,
by_pc,2147496214,14,294,588,602,14,14,112,0,154,inject,/Users/swchen.tw/git/percepio/poc/runs/tcp-workload-matrix-v1/A08-baseline/build/tcp_request_response_irq.o,
by_pc,2147496216,14,14,28,42,14,0,0,0,0,inject,/Users/swchen.tw/git/percepio/poc/runs/tcp-workload-matrix-v1/A08-baseline/build/tcp_request_response_irq.o,
by_pc,2147496218,14,14,28,42,14,0,0,0,0,inject,/Users/swchen.tw/git/percepio/poc/runs/tcp-workload-matrix-v1/A08-baseline/build/tcp_request_response_irq.o,
by_pc,2147496220,14,14,28,42,14,0,0,0,0,inject,/Users/swchen.tw/git/percepio/poc/runs/tcp-workload-matrix-v1/A08-baseline/build/tcp_request_response_irq.o,
by_pc,2147496224,14,14,28,42,14,0,0,0,0,inject,/Users/swchen.tw/git/percepio/poc/runs/tcp-workload-matrix-v1/A08-baseline/build/tcp_request_response_irq.o,
by_pc,2147496226,14,14,28,42,14,0,0,0,0,inject,/Users/swchen.tw/git/percepio/poc/runs/tcp-workload-matrix-v1/A08-baseline/build/tcp_request_response_irq.o,
by_pc,2147496228,14,294,588,602,14,14,112,0,154,inject,/Users/swchen.tw/git/percepio/poc/runs/tcp-workload-matrix-v1/A08-baseline/build/tcp_request_response_irq.o,
by_pc,2147496230,14,294,588,602,14,14,112,0,154,inject,/Users/swchen.tw/git/percepio/poc/runs/tcp-workload-matrix-v1/A08-baseline/build/tcp_request_response_irq.o,
by_pc,2147496232,14,294,588,602,14,14,112,0,154,inject,/Users/swchen.tw/git/percepio/poc/runs/tcp-workload-matrix-v1/A08-baseline/build/tcp_request_response_irq.o,
by_pc,2147496234,14,294,588,602,14,14,112,0,154,inject,/Users/swchen.tw/git/percepio/poc/runs/tcp-workload-matrix-v1/A08-baseline/build/tcp_request_response_irq.o,
by_pc,2147496236,14,294,588,602,14,14,112,0,154,inject,/Users/swchen.tw/git/percepio/poc/runs/tcp-workload-matrix-v1/A08-baseline/build/tcp_request_response_irq.o,
by_pc,2147496238,14,294,588,602,14,14,112,0,154,inject,/Users/swchen.tw/git/percepio/poc/runs/tcp-workload-matrix-v1/A08-baseline/build/tcp_request_response_irq.o,
by_pc,2147496240,14,294,588,602,14,14,112,0,154,inject,/Users/swchen.tw/git/percepio/poc/runs/tcp-workload-matrix-v1/A08-baseline/build/tcp_request_response_irq.o,
by_pc,2147496242,14,14,28,42,14,0,0,0,0,inject,/Users/swchen.tw/git/percepio/poc/runs/tcp-workload-matrix-v1/A08-baseline/build/tcp_request_response_irq.o,
by_pc,2147496244,14,14,28,42,14,0,0,0,0,inject,/Users/swchen.tw/git/percepio/poc/runs/tcp-workload-matrix-v1/A08-baseline/build/tcp_request_response_irq.o,
by_pc,2147496246,14,14,28,42,14,0,0,0,0,inject,/Users/swchen.tw/git/percepio/poc/runs/tcp-workload-matrix-v1/A08-baseline/build/tcp_request_response_irq.o,
by_pc,2147496248,14,14,28,42,14,0,0,0,0,inject,/Users/swchen.tw/git/percepio/poc/runs/tcp-workload-matrix-v1/A08-baseline/build/tcp_request_response_irq.o,
by_pc,2147501802,35,61,122,157,35,0,8,18,0,pbuf_alloc,/Users/swchen.tw/git/percepio/poc/runs/tcp-workload-matrix-v1/A08-baseline/build/pbuf.o,
by_pc,2147501804,35,753,1506,1541,35,35,280,18,385,pbuf_alloc,/Users/swchen.tw/git/percepio/poc/runs/tcp-workload-matrix-v1/A08-baseline/build/pbuf.o,
by_pc,2147501806,35,735,1470,1505,35,35,280,0,385,pbuf_alloc,/Users/swchen.tw/git/percepio/poc/runs/tcp-workload-matrix-v1/A08-baseline/build/pbuf.o,
by_pc,2147501808,35,35,70,105,35,0,0,0,0,pbuf_alloc,/Users/swchen.tw/git/percepio/poc/runs/tcp-workload-matrix-v1/A08-baseline/build/pbuf.o,
by_pc,2147501812,35,735,1470,1505,35,35,280,0,385,pbuf_alloc,/Users/swchen.tw/git/percepio/poc/runs/tcp-workload-matrix-v1/A08-baseline/build/pbuf.o,
by_pc,2147501814,35,735,1470,1505,35,35,280,0,385,pbuf_alloc,/Users/swchen.tw/git/percepio/poc/runs/tcp-workload-matrix-v1/A08-baseline/build/pbuf.o,
by_pc,2147501816,35,735,1470,1505,35,35,280,0,385,pbuf_alloc,/Users/swchen.tw/git/percepio/poc/runs/tcp-workload-matrix-v1/A08-baseline/build/pbuf.o,
by_pc,2147501818,35,735,1470,1505,35,35,280,0,385,pbuf_alloc,/Users/swchen.tw/git/percepio/poc/runs/tcp-workload-matrix-v1/A08-baseline/build/pbuf.o,
by_pc,2147501820,35,735,1470,1505,35,35,280,0,385,pbuf_alloc,/Users/swchen.tw/git/percepio/poc/runs/tcp-workload-matrix-v1/A08-baseline/build/pbuf.o,
by_pc,2147501822,35,176,352,387,70,0,88,18,0,pbuf_alloc,/Users/swchen.tw/git/percepio/poc/runs/tcp-workload-matrix-v1/A08-baseline/build/pbuf.o,
by_pc,2147501826,35,35,70,105,35,0,0,0,0,pbuf_alloc,/Users/swchen.tw/git/percepio/poc/runs/tcp-workload-matrix-v1/A08-baseline/build/pbuf.o,
by_pc,2147501828,35,35,70,105,35,0,0,0,0,pbuf_alloc,/Users/swchen.tw/git/percepio/poc/runs/tcp-workload-matrix-v1/A08-baseline/build/pbuf.o,
by_pc,2147501830,35,35,70,105,35,0,0,0,0,pbuf_alloc,/Users/swchen.tw/git/percepio/poc/runs/tcp-workload-matrix-v1/A08-baseline/build/pbuf.o,
by_pc,2147501834,35,35,70,105,35,0,0,0,0,pbuf_alloc,/Users/swchen.tw/git/percepio/poc/runs/tcp-workload-matrix-v1/A08-baseline/build/pbuf.o,
by_pc,2147501870,27,27,54,81,27,0,0,0,0,pbuf_alloc,/Users/swchen.tw/git/percepio/poc/runs/tcp-workload-matrix-v1/A08-baseline/build/pbuf.o,
by_pc,2147501874,27,27,54,81,27,0,0,0,0,pbuf_alloc,/Users/swchen.tw/git/percepio/poc/runs/tcp-workload-matrix-v1/A08-baseline/build/pbuf.o,
by_pc,2147502010,27,129,258,285,27,0,48,54,0,pbuf_alloc,/Users/swchen.tw/git/percepio/poc/runs/tcp-workload-matrix-v1/A08-baseline/build/pbuf.o,
by_pc,2147502014,27,27,54,81,27,0,0,0,0,pbuf_alloc,/Users/swchen.tw/git/percepio/poc/runs/tcp-workload-matrix-v1/A08-baseline/build/pbuf.o,
by_pc,2147502016,27,183,366,393,27,0,120,36,0,pbuf_alloc,/Users/swchen.tw/git/percepio/poc/runs/tcp-workload-matrix-v1/A08-baseline/build/pbuf.o,
by_pc,2147502018,27,27,54,81,27,0,0,0,0,pbuf_alloc,/Users/swchen.tw/git/percepio/poc/runs/tcp-workload-matrix-v1/A08-baseline/build/pbuf.o,
by_pc,2147502022,27,27,54,81,27,0,0,0,0,pbuf_alloc,/Users/swchen.tw/git/percepio/poc/runs/tcp-workload-matrix-v1/A08-baseline/build/pbuf.o,
by_pc,2147502024,27,27,54,81,27,0,0,0,0,pbuf_alloc,/Users/swchen.tw/git/percepio/poc/runs/tcp-workload-matrix-v1/A08-baseline/build/pbuf.o,
by_pc,2147502026,27,27,54,81,27,0,0,0,0,pbuf_alloc,/Users/swchen.tw/git/percepio/poc/runs/tcp-workload-matrix-v1/A08-baseline/build/pbuf.o,
by_pc,2147502028,27,27,54,81,27,0,0,0,0,pbuf_alloc,/Users/swchen.tw/git/percepio/poc/runs/tcp-workload-matrix-v1/A08-baseline/build/pbuf.o,
by_pc,2147502034,27,27,54,81,27,0,0,0,0,pbuf_alloc,/Users/swchen.tw/git/percepio/poc/runs/tcp-workload-matrix-v1/A08-baseline/build/pbuf.o,
by_pc,2147502036,27,27,54,81,27,0,0,0,0,pbuf_alloc,/Users/swchen.tw/git/percepio/poc/runs/tcp-workload-matrix-v1/A08-baseline/build/pbuf.o,
by_pc,2147502038,27,27,54,81,27,0,0,0,0,pbuf_alloc,/Users/swchen.tw/git/percepio/poc/runs/tcp-workload-matrix-v1/A08-baseline/build/pbuf.o,
by_pc,2147502042,27,27,54,81,27,0,0,0,0,pbuf_alloc,/Users/swchen.tw/git/percepio/poc/runs/tcp-workload-matrix-v1/A08-baseline/build/pbuf.o,
by_pc,2147500532,27,181,362,389,27,0,136,18,0,mem_malloc,/Users/swchen.tw/git/percepio/poc/runs/tcp-workload-matrix-v1/A08-baseline/build/mem.o,
by_pc,2147500534,27,27,54,81,27,0,0,0,0,mem_malloc,/Users/swchen.tw/git/percepio/poc/runs/tcp-workload-matrix-v1/A08-baseline/build/mem.o,
by_pc,2147500536,27,27,54,81,27,0,0,0,0,mem_malloc,/Users/swchen.tw/git/percepio/poc/runs/tcp-workload-matrix-v1/A08-baseline/build/mem.o,
by_pc,2147500540,27,27,54,81,27,0,0,0,0,mem_malloc,/Users/swchen.tw/git/percepio/poc/runs/tcp-workload-matrix-v1/A08-baseline/build/mem.o,
by_pc,2147500542,27,184,368,395,54,0,112,18,0,mem_malloc,/Users/swchen.tw/git/percepio/poc/runs/tcp-workload-matrix-v1/A08-baseline/build/mem.o,
by_pc,2147500552,27,27,54,81,27,0,0,0,0,mem_malloc,/Users/swchen.tw/git/percepio/poc/runs/tcp-workload-matrix-v1/A08-baseline/build/mem.o,
by_pc,2147500556,27,54,108,135,27,27,0,0,0,mem_malloc,/Users/swchen.tw/git/percepio/poc/runs/tcp-workload-matrix-v1/A08-baseline/build/mem.o,
by_pc,2147500560,27,54,108,135,27,27,0,0,0,mem_malloc,/Users/swchen.tw/git/percepio/poc/runs/tcp-workload-matrix-v1/A08-baseline/build/mem.o,
by_pc,2147500564,27,27,54,81,27,0,0,0,0,mem_malloc,/Users/swchen.tw/git/percepio/poc/runs/tcp-workload-matrix-v1/A08-baseline/build/mem.o,
by_pc,2147500566,27,27,54,81,27,0,0,0,0,mem_malloc,/Users/swchen.tw/git/percepio/poc/runs/tcp-workload-matrix-v1/A08-baseline/build/mem.o,
by_pc,2147500570,27,27,54,81,27,0,0,0,0,mem_malloc,/Users/swchen.tw/git/percepio/poc/runs/tcp-workload-matrix-v1/A08-baseline/build/mem.o,
by_pc,2147500574,27,27,54,81,27,0,0,0,0,mem_malloc,/Users/swchen.tw/git/percepio/poc/runs/tcp-workload-matrix-v1/A08-baseline/build/mem.o,
by_pc,2147500576,27,27,54,81,27,0,0,0,0,mem_malloc,/Users/swchen.tw/git/percepio/poc/runs/tcp-workload-matrix-v1/A08-baseline/build/mem.o,
by_pc,2147500578,27,27,54,81,27,0,0,0,0,mem_malloc,/Users/swchen.tw/git/percepio/poc/runs/tcp-workload-matrix-v1/A08-baseline/build/mem.o,
by_pc,2147500580,27,27,54,81,27,0,0,0,0,mem_malloc,/Users/swchen.tw/git/percepio/poc/runs/tcp-workload-matrix-v1/A08-baseline/build/mem.o,
by_pc,2147500604,27,27,54,81,27,0,0,0,0,mem_malloc,/Users/swchen.tw/git/percepio/poc/runs/tcp-workload-matrix-v1/A08-baseline/build/mem.o,
by_pc,2147500608,27,114,228,255,27,27,24,36,0,mem_malloc,/Users/swchen.tw/git/percepio/poc/runs/tcp-workload-matrix-v1/A08-baseline/build/mem.o,
by_pc,2147500612,27,80,160,187,27,27,8,18,0,mem_malloc,/Users/swchen.tw/git/percepio/poc/runs/tcp-workload-matrix-v1/A08-baseline/build/mem.o,
by_pc,2147500616,27,27,54,81,27,0,0,0,0,mem_malloc,/Users/swchen.tw/git/percepio/poc/runs/tcp-workload-matrix-v1/A08-baseline/build/mem.o,
by_pc,2147500620,27,27,54,81,27,0,0,0,0,mem_malloc,/Users/swchen.tw/git/percepio/poc/runs/tcp-workload-matrix-v1/A08-baseline/build/mem.o,
by_pc,2147500624,27,27,54,81,27,0,0,0,0,mem_malloc,/Users/swchen.tw/git/percepio/poc/runs/tcp-workload-matrix-v1/A08-baseline/build/mem.o,
by_pc,2147500626,27,27,54,81,27,0,0,0,0,mem_malloc,/Users/swchen.tw/git/percepio/poc/runs/tcp-workload-matrix-v1/A08-baseline/build/mem.o,
by_pc,2147500630,27,27,54,81,27,0,0,0,0,mem_malloc,/Users/swchen.tw/git/percepio/poc/runs/tcp-workload-matrix-v1/A08-baseline/build/mem.o,
by_pc,2147500634,27,27,54,81,27,0,0,0,0,mem_malloc,/Users/swchen.tw/git/percepio/poc/runs/tcp-workload-matrix-v1/A08-baseline/build/mem.o,
by_pc,2147500638,26,26,52,78,26,0,0,0,0,mem_malloc,/Users/swchen.tw/git/percepio/poc/runs/tcp-workload-matrix-v1/A08-baseline/build/mem.o,
by_pc,2147500642,26,26,52,78,26,0,0,0,0,mem_malloc,/Users/swchen.tw/git/percepio/poc/runs/tcp-workload-matrix-v1/A08-baseline/build/mem.o,
by_pc,2147500644,26,26,52,78,26,0,0,0,0,mem_malloc,/Users/swchen.tw/git/percepio/poc/runs/tcp-workload-matrix-v1/A08-baseline/build/mem.o,
by_pc,2147500646,26,26,52,78,26,0,0,0,0,mem_malloc,/Users/swchen.tw/git/percepio/poc/runs/tcp-workload-matrix-v1/A08-baseline/build/mem.o,
by_pc,2147500648,26,26,52,78,26,0,0,0,0,mem_malloc,/Users/swchen.tw/git/percepio/poc/runs/tcp-workload-matrix-v1/A08-baseline/build/mem.o,
by_pc,2147500652,26,636,1272,1298,26,26,208,90,286,mem_malloc,/Users/swchen.tw/git/percepio/poc/runs/tcp-workload-matrix-v1/A08-baseline/build/mem.o,
by_pc,2147500656,26,52,104,130,26,26,0,0,0,mem_malloc,/Users/swchen.tw/git/percepio/poc/runs/tcp-workload-matrix-v1/A08-baseline/build/mem.o,
by_pc,2147500660,26,546,1092,1118,26,26,208,0,286,mem_malloc,/Users/swchen.tw/git/percepio/poc/runs/tcp-workload-matrix-v1/A08-baseline/build/mem.o,
by_pc,2147500664,26,26,52,78,26,0,0,0,0,mem_malloc,/Users/swchen.tw/git/percepio/poc/runs/tcp-workload-matrix-v1/A08-baseline/build/mem.o,
by_pc,2147500666,26,546,1092,1118,26,26,208,0,286,mem_malloc,/Users/swchen.tw/git/percepio/poc/runs/tcp-workload-matrix-v1/A08-baseline/build/mem.o,
by_pc,2147500670,26,606,1212,1238,52,26,224,18,286,mem_malloc,/Users/swchen.tw/git/percepio/poc/runs/tcp-workload-matrix-v1/A08-baseline/build/mem.o,
by_pc,2147500674,26,546,1092,1118,26,26,208,0,286,mem_malloc,/Users/swchen.tw/git/percepio/poc/runs/tcp-workload-matrix-v1/A08-baseline/build/mem.o,
by_pc,2147500678,26,52,104,130,26,26,0,0,0,mem_malloc,/Users/swchen.tw/git/percepio/poc/runs/tcp-workload-matrix-v1/A08-baseline/build/mem.o,
by_pc,2147500682,26,26,52,78,26,0,0,0,0,mem_malloc,/Users/swchen.tw/git/percepio/poc/runs/tcp-workload-matrix-v1/A08-baseline/build/mem.o,
by_pc,2147500692,26,26,52,78,26,0,0,0,0,mem_malloc,/Users/swchen.tw/git/percepio/poc/runs/tcp-workload-matrix-v1/A08-baseline/build/mem.o,
by_pc,2147500696,26,78,156,182,26,26,8,18,0,mem_malloc,/Users/swchen.tw/git/percepio/poc/runs/tcp-workload-matrix-v1/A08-baseline/build/mem.o,
by_pc,2147500700,26,26,52,78,26,0,0,0,0,mem_malloc,/Users/swchen.tw/git/percepio/poc/runs/tcp-workload-matrix-v1/A08-baseline/build/mem.o,
by_pc,2147500702,26,26,52,78,26,0,0,0,0,mem_malloc,/Users/swchen.tw/git/percepio/poc/runs/tcp-workload-matrix-v1/A08-baseline/build/mem.o,
by_pc,2147500704,26,26,52,78,26,0,0,0,0,mem_malloc,/Users/swchen.tw/git/percepio/poc/runs/tcp-workload-matrix-v1/A08-baseline/build/mem.o,
by_pc,2147500708,26,26,52,78,26,0,0,0,0,mem_malloc,/Users/swchen.tw/git/percepio/poc/runs/tcp-workload-matrix-v1/A08-baseline/build/mem.o,
by_pc,2147500710,26,26,52,78,26,0,0,0,0,mem_malloc,/Users/swchen.tw/git/percepio/poc/runs/tcp-workload-matrix-v1/A08-baseline/build/mem.o,
by_pc,2147500714,26,546,1092,1118,26,26,208,0,286,mem_malloc,/Users/swchen.tw/git/percepio/poc/runs/tcp-workload-matrix-v1/A08-baseline/build/mem.o,
by_pc,2147500718,26,26,52,78,26,0,0,0,0,mem_malloc,/Users/swchen.tw/git/percepio/poc/runs/tcp-workload-matrix-v1/A08-baseline/build/mem.o,
by_pc,2147500722,26,52,104,130,26,26,0,0,0,mem_malloc,/Users/swchen.tw/git/percepio/poc/runs/tcp-workload-matrix-v1/A08-baseline/build/mem.o,
by_pc,2147500726,26,26,52,78,26,0,0,0,0,mem_malloc,/Users/swchen.tw/git/percepio/poc/runs/tcp-workload-matrix-v1/A08-baseline/build/mem.o,
by_pc,2147500730,3,3,6,9,3,0,0,0,0,mem_malloc,/Users/swchen.tw/git/percepio/poc/runs/tcp-workload-matrix-v1/A08-baseline/build/mem.o,
by_pc,2147500734,3,92,184,187,6,3,32,18,33,mem_malloc,/Users/swchen.tw/git/percepio/poc/runs/tcp-workload-matrix-v1/A08-baseline/build/mem.o,
by_pc,2147500738,27,51,102,129,27,0,24,0,0,mem_malloc,/Users/swchen.tw/git/percepio/poc/runs/tcp-workload-matrix-v1/A08-baseline/build/mem.o,
by_pc,2147500742,27,54,108,135,27,27,0,0,0,mem_malloc,/Users/swchen.tw/git/percepio/poc/runs/tcp-workload-matrix-v1/A08-baseline/build/mem.o,
by_pc,2147500746,55,110,220,275,55,55,0,0,0,mem_malloc,/Users/swchen.tw/git/percepio/poc/runs/tcp-workload-matrix-v1/A08-baseline/build/mem.o,
by_pc,2147500750,55,55,110,165,55,0,0,0,0,mem_malloc,/Users/swchen.tw/git/percepio/poc/runs/tcp-workload-matrix-v1/A08-baseline/build/mem.o,
by_pc,2147500752,28,28,56,84,28,0,0,0,0,mem_malloc,/Users/swchen.tw/git/percepio/poc/runs/tcp-workload-matrix-v1/A08-baseline/build/mem.o,
by_pc,2147500820,28,64,128,156,28,28,8,0,0,mem_malloc,/Users/swchen.tw/git/percepio/poc/runs/tcp-workload-matrix-v1/A08-baseline/build/mem.o,
by_pc,2147500824,28,28,56,84,28,0,0,0,0,mem_malloc,/Users/swchen.tw/git/percepio/poc/runs/tcp-workload-matrix-v1/A08-baseline/build/mem.o,
by_pc,2147500826,28,28,56,84,28,0,0,0,0,mem_malloc,/Users/swchen.tw/git/percepio/poc/runs/tcp-workload-matrix-v1/A08-baseline/build/mem.o,
by_pc,2147500756,27,567,1134,1161,27,27,216,0,297,mem_malloc,/Users/swchen.tw/git/percepio/poc/runs/tcp-workload-matrix-v1/A08-baseline/build/mem.o,
by_pc,2147500760,27,27,54,81,27,0,0,0,0,mem_malloc,/Users/swchen.tw/git/percepio/poc/runs/tcp-workload-matrix-v1/A08-baseline/build/mem.o,
by_pc,2147500764,27,27,54,81,27,0,0,0,0,mem_malloc,/Users/swchen.tw/git/percepio/poc/runs/tcp-workload-matrix-v1/A08-baseline/build/mem.o,
by_pc,2147502046,27,27,54,81,27,0,0,0,0,pbuf_alloc,/Users/swchen.tw/git/percepio/poc/runs/tcp-workload-matrix-v1/A08-baseline/build/pbuf.o,
by_pc,2147502048,27,27,54,81,27,0,0,0,0,pbuf_alloc,/Users/swchen.tw/git/percepio/poc/runs/tcp-workload-matrix-v1/A08-baseline/build/pbuf.o,
by_pc,2147502050,27,27,54,81,27,0,0,0,0,pbuf_alloc,/Users/swchen.tw/git/percepio/poc/runs/tcp-workload-matrix-v1/A08-baseline/build/pbuf.o,
by_pc,2147502052,27,27,54,81,27,0,0,0,0,pbuf_alloc,/Users/swchen.tw/git/percepio/poc/runs/tcp-workload-matrix-v1/A08-baseline/build/pbuf.o,
by_pc,2147502054,27,27,54,81,27,0,0,0,0,pbuf_alloc,/Users/swchen.tw/git/percepio/poc/runs/tcp-workload-matrix-v1/A08-baseline/build/pbuf.o,
by_pc,2147502056,27,27,54,81,27,0,0,0,0,pbuf_alloc,/Users/swchen.tw/git/percepio/poc/runs/tcp-workload-matrix-v1/A08-baseline/build/pbuf.o,
by_pc,2147502060,27,567,1134,1161,27,27,216,0,297,pbuf_alloc,/Users/swchen.tw/git/percepio/poc/runs/tcp-workload-matrix-v1/A08-baseline/build/pbuf.o,
by_pc,2147502064,27,567,1134,1161,27,27,216,0,297,pbuf_alloc,/Users/swchen.tw/git/percepio/poc/runs/tcp-workload-matrix-v1/A08-baseline/build/pbuf.o,
by_pc,2147502066,27,567,1134,1161,27,27,216,0,297,pbuf_alloc,/Users/swchen.tw/git/percepio/poc/runs/tcp-workload-matrix-v1/A08-baseline/build/pbuf.o,
by_pc,2147502070,27,567,1134,1161,27,27,216,0,297,pbuf_alloc,/Users/swchen.tw/git/percepio/poc/runs/tcp-workload-matrix-v1/A08-baseline/build/pbuf.o,
by_pc,2147502074,27,567,1134,1161,27,27,216,0,297,pbuf_alloc,/Users/swchen.tw/git/percepio/poc/runs/tcp-workload-matrix-v1/A08-baseline/build/pbuf.o,
by_pc,2147502076,27,27,54,81,27,0,0,0,0,pbuf_alloc,/Users/swchen.tw/git/percepio/poc/runs/tcp-workload-matrix-v1/A08-baseline/build/pbuf.o,
by_pc,2147501986,27,54,108,135,27,27,0,0,0,pbuf_alloc,/Users/swchen.tw/git/percepio/poc/runs/tcp-workload-matrix-v1/A08-baseline/build/pbuf.o,
by_pc,2147501988,27,27,54,81,27,0,0,0,0,pbuf_alloc,/Users/swchen.tw/git/percepio/poc/runs/tcp-workload-matrix-v1/A08-baseline/build/pbuf.o,
by_pc,2147501990,27,54,108,135,27,27,0,0,0,pbuf_alloc,/Users/swchen.tw/git/percepio/poc/runs/tcp-workload-matrix-v1/A08-baseline/build/pbuf.o,
by_pc,2147501992,27,54,108,135,27,27,0,0,0,pbuf_alloc,/Users/swchen.tw/git/percepio/poc/runs/tcp-workload-matrix-v1/A08-baseline/build/pbuf.o,
by_pc,2147501994,27,54,108,135,27,27,0,0,0,pbuf_alloc,/Users/swchen.tw/git/percepio/poc/runs/tcp-workload-matrix-v1/A08-baseline/build/pbuf.o,
by_pc,2147501996,27,54,108,135,27,27,0,0,0,pbuf_alloc,/Users/swchen.tw/git/percepio/poc/runs/tcp-workload-matrix-v1/A08-baseline/build/pbuf.o,
by_pc,2147501998,27,54,108,135,27,27,0,0,0,pbuf_alloc,/Users/swchen.tw/git/percepio/poc/runs/tcp-workload-matrix-v1/A08-baseline/build/pbuf.o,
by_pc,2147502000,27,54,108,135,27,27,0,0,0,pbuf_alloc,/Users/swchen.tw/git/percepio/poc/runs/tcp-workload-matrix-v1/A08-baseline/build/pbuf.o,
by_pc,2147502002,27,27,54,81,27,0,0,0,0,pbuf_alloc,/Users/swchen.tw/git/percepio/poc/runs/tcp-workload-matrix-v1/A08-baseline/build/pbuf.o,
by_pc,2147502004,27,27,54,81,27,0,0,0,0,pbuf_alloc,/Users/swchen.tw/git/percepio/poc/runs/tcp-workload-matrix-v1/A08-baseline/build/pbuf.o,
by_pc,2147496252,14,14,28,42,14,0,0,0,0,inject,/Users/swchen.tw/git/percepio/poc/runs/tcp-workload-matrix-v1/A08-baseline/build/tcp_request_response_irq.o,
by_pc,2147496254,14,14,28,42,14,0,0,0,0,inject,/Users/swchen.tw/git/percepio/poc/runs/tcp-workload-matrix-v1/A08-baseline/build/tcp_request_response_irq.o,
by_pc,2147496256,14,82,164,178,14,0,32,36,0,inject,/Users/swchen.tw/git/percepio/poc/runs/tcp-workload-matrix-v1/A08-baseline/build/tcp_request_response_irq.o,
by_pc,2147496274,14,28,56,70,14,14,0,0,0,inject,/Users/swchen.tw/git/percepio/poc/runs/tcp-workload-matrix-v1/A08-baseline/build/tcp_request_response_irq.o,
by_pc,2147496278,14,28,56,70,14,14,0,0,0,inject,/Users/swchen.tw/git/percepio/poc/runs/tcp-workload-matrix-v1/A08-baseline/build/tcp_request_response_irq.o,
by_pc,2147496280,14,14,28,42,14,0,0,0,0,inject,/Users/swchen.tw/git/percepio/poc/runs/tcp-workload-matrix-v1/A08-baseline/build/tcp_request_response_irq.o,
by_pc,2147496282,14,14,28,42,14,0,0,0,0,inject,/Users/swchen.tw/git/percepio/poc/runs/tcp-workload-matrix-v1/A08-baseline/build/tcp_request_response_irq.o,
by_pc,2147496286,14,28,56,70,14,14,0,0,0,inject,/Users/swchen.tw/git/percepio/poc/runs/tcp-workload-matrix-v1/A08-baseline/build/tcp_request_response_irq.o,
by_pc,2147496288,14,14,28,42,14,0,0,0,0,inject,/Users/swchen.tw/git/percepio/poc/runs/tcp-workload-matrix-v1/A08-baseline/build/tcp_request_response_irq.o,
by_pc,2147496292,14,294,588,602,14,14,112,0,154,inject,/Users/swchen.tw/git/percepio/poc/runs/tcp-workload-matrix-v1/A08-baseline/build/tcp_request_response_irq.o,
by_pc,2147496296,14,28,56,70,14,14,0,0,0,inject,/Users/swchen.tw/git/percepio/poc/runs/tcp-workload-matrix-v1/A08-baseline/build/tcp_request_response_irq.o,
by_pc,2147496300,14,14,28,42,14,0,0,0,0,inject,/Users/swchen.tw/git/percepio/poc/runs/tcp-workload-matrix-v1/A08-baseline/build/tcp_request_response_irq.o,
by_pc,2147499354,430,456,912,1342,430,0,8,18,0,lwip_htons,/Users/swchen.tw/git/percepio/poc/runs/tcp-workload-matrix-v1/A08-baseline/build/def.o,
by_pc,2147499358,430,430,860,1290,430,0,0,0,0,lwip_htons,/Users/swchen.tw/git/percepio/poc/runs/tcp-workload-matrix-v1/A08-baseline/build/def.o,
by_pc,2147499360,430,430,860,1290,430,0,0,0,0,lwip_htons,/Users/swchen.tw/git/percepio/poc/runs/tcp-workload-matrix-v1/A08-baseline/build/def.o,
by_pc,2147499362,430,430,860,1290,430,0,0,0,0,lwip_htons,/Users/swchen.tw/git/percepio/poc/runs/tcp-workload-matrix-v1/A08-baseline/build/def.o,
by_pc,2147499364,430,430,860,1290,430,0,0,0,0,lwip_htons,/Users/swchen.tw/git/percepio/poc/runs/tcp-workload-matrix-v1/A08-baseline/build/def.o,
by_pc,2147499366,430,430,860,1290,430,0,0,0,0,lwip_htons,/Users/swchen.tw/git/percepio/poc/runs/tcp-workload-matrix-v1/A08-baseline/build/def.o,
by_pc,2147496304,14,294,588,602,14,14,112,0,154,inject,/Users/swchen.tw/git/percepio/poc/runs/tcp-workload-matrix-v1/A08-baseline/build/tcp_request_response_irq.o,
by_pc,2147496308,14,14,28,42,14,0,0,0,0,inject,/Users/swchen.tw/git/percepio/poc/runs/tcp-workload-matrix-v1/A08-baseline/build/tcp_request_response_irq.o,
by_pc,2147496312,14,14,28,42,14,0,0,0,0,inject,/Users/swchen.tw/git/percepio/poc/runs/tcp-workload-matrix-v1/A08-baseline/build/tcp_request_response_irq.o,
by_pc,2147496314,14,294,588,602,14,14,112,0,154,inject,/Users/swchen.tw/git/percepio/poc/runs/tcp-workload-matrix-v1/A08-baseline/build/tcp_request_response_irq.o,
by_pc,2147496318,14,414,828,842,28,14,200,18,154,inject,/Users/swchen.tw/git/percepio/poc/runs/tcp-workload-matrix-v1/A08-baseline/build/tcp_request_response_irq.o,
by_pc,2147496322,14,14,28,42,14,0,0,0,0,inject,/Users/swchen.tw/git/percepio/poc/runs/tcp-workload-matrix-v1/A08-baseline/build/tcp_request_response_irq.o,
by_pc,2147496324,14,294,588,602,14,14,112,0,154,inject,/Users/swchen.tw/git/percepio/poc/runs/tcp-workload-matrix-v1/A08-baseline/build/tcp_request_response_irq.o,
by_pc,2147496328,14,28,56,70,14,14,0,0,0,inject,/Users/swchen.tw/git/percepio/poc/runs/tcp-workload-matrix-v1/A08-baseline/build/tcp_request_response_irq.o,
by_pc,2147496332,14,14,28,42,14,0,0,0,0,inject,/Users/swchen.tw/git/percepio/poc/runs/tcp-workload-matrix-v1/A08-baseline/build/tcp_request_response_irq.o,
by_pc,2147496334,14,14,28,42,14,0,0,0,0,inject,/Users/swchen.tw/git/percepio/poc/runs/tcp-workload-matrix-v1/A08-baseline/build/tcp_request_response_irq.o,
by_pc,2147496336,14,14,28,42,14,0,0,0,0,inject,/Users/swchen.tw/git/percepio/poc/runs/tcp-workload-matrix-v1/A08-baseline/build/tcp_request_response_irq.o,
by_pc,2147496340,14,294,588,602,14,14,112,0,154,inject,/Users/swchen.tw/git/percepio/poc/runs/tcp-workload-matrix-v1/A08-baseline/build/tcp_request_response_irq.o,
by_pc,2147496344,14,294,588,602,14,14,112,0,154,inject,/Users/swchen.tw/git/percepio/poc/runs/tcp-workload-matrix-v1/A08-baseline/build/tcp_request_response_irq.o,
by_pc,2147496348,14,14,28,42,14,0,0,0,0,inject,/Users/swchen.tw/git/percepio/poc/runs/tcp-workload-matrix-v1/A08-baseline/build/tcp_request_response_irq.o,
by_pc,2147496352,14,14,28,42,14,0,0,0,0,inject,/Users/swchen.tw/git/percepio/poc/runs/tcp-workload-matrix-v1/A08-baseline/build/tcp_request_response_irq.o,
by_pc,2147496354,14,294,588,602,14,14,112,0,154,inject,/Users/swchen.tw/git/percepio/poc/runs/tcp-workload-matrix-v1/A08-baseline/build/tcp_request_response_irq.o,
by_pc,2147496358,14,28,56,70,14,14,0,0,0,inject,/Users/swchen.tw/git/percepio/poc/runs/tcp-workload-matrix-v1/A08-baseline/build/tcp_request_response_irq.o,
by_pc,2147496362,14,294,588,602,14,14,112,0,154,inject,/Users/swchen.tw/git/percepio/poc/runs/tcp-workload-matrix-v1/A08-baseline/build/tcp_request_response_irq.o,
by_pc,2147496366,14,14,28,42,14,0,0,0,0,inject,/Users/swchen.tw/git/percepio/poc/runs/tcp-workload-matrix-v1/A08-baseline/build/tcp_request_response_irq.o,
by_pc,2147496370,14,294,588,602,14,14,112,0,154,inject,/Users/swchen.tw/git/percepio/poc/runs/tcp-workload-matrix-v1/A08-baseline/build/tcp_request_response_irq.o,
by_pc,2147496374,14,294,588,602,14,14,112,0,154,inject,/Users/swchen.tw/git/percepio/poc/runs/tcp-workload-matrix-v1/A08-baseline/build/tcp_request_response_irq.o,
by_pc,2147496378,14,14,28,42,14,0,0,0,0,inject,/Users/swchen.tw/git/percepio/poc/runs/tcp-workload-matrix-v1/A08-baseline/build/tcp_request_response_irq.o,
by_pc,2147496382,14,14,28,42,14,0,0,0,0,inject,/Users/swchen.tw/git/percepio/poc/runs/tcp-workload-matrix-v1/A08-baseline/build/tcp_request_response_irq.o,
by_pc,2147496384,14,424,848,862,14,14,224,18,154,inject,/Users/swchen.tw/git/percepio/poc/runs/tcp-workload-matrix-v1/A08-baseline/build/tcp_request_response_irq.o,
by_pc,2147496388,14,294,588,602,14,14,112,0,154,inject,/Users/swchen.tw/git/percepio/poc/runs/tcp-workload-matrix-v1/A08-baseline/build/tcp_request_response_irq.o,
by_pc,2147496392,14,14,28,42,14,0,0,0,0,inject,/Users/swchen.tw/git/percepio/poc/runs/tcp-workload-matrix-v1/A08-baseline/build/tcp_request_response_irq.o,
by_pc,2147499774,28,54,108,136,28,0,8,18,0,inet_chksum,/Users/swchen.tw/git/percepio/poc/runs/tcp-workload-matrix-v1/A08-baseline/build/inet_chksum.o,
by_pc,2147499776,28,718,1436,1464,28,28,336,18,308,inet_chksum,/Users/swchen.tw/git/percepio/poc/runs/tcp-workload-matrix-v1/A08-baseline/build/inet_chksum.o,
by_pc,2147499778,28,28,56,84,28,0,0,0,0,inet_chksum,/Users/swchen.tw/git/percepio/poc/runs/tcp-workload-matrix-v1/A08-baseline/build/inet_chksum.o,
by_pc,2147499404,77,103,206,283,77,0,8,18,0,lwip_standard_chksum,/Users/swchen.tw/git/percepio/poc/runs/tcp-workload-matrix-v1/A08-baseline/build/inet_chksum.o,
by_pc,2147499406,77,77,154,231,77,0,0,0,0,lwip_standard_chksum,/Users/swchen.tw/git/percepio/poc/runs/tcp-workload-matrix-v1/A08-baseline/build/inet_chksum.o,
by_pc,2147499410,77,77,154,231,77,0,0,0,0,lwip_standard_chksum,/Users/swchen.tw/git/percepio/poc/runs/tcp-workload-matrix-v1/A08-baseline/build/inet_chksum.o,
by_pc,2147499414,77,77,154,231,77,0,0,0,0,lwip_standard_chksum,/Users/swchen.tw/git/percepio/poc/runs/tcp-workload-matrix-v1/A08-baseline/build/inet_chksum.o,
by_pc,2147499426,77,77,154,231,77,0,0,0,0,lwip_standard_chksum,/Users/swchen.tw/git/percepio/poc/runs/tcp-workload-matrix-v1/A08-baseline/build/inet_chksum.o,
by_pc,2147499430,77,77,154,231,77,0,0,0,0,lwip_standard_chksum,/Users/swchen.tw/git/percepio/poc/runs/tcp-workload-matrix-v1/A08-baseline/build/inet_chksum.o,
by_pc,2147499432,58,58,116,174,58,0,0,0,0,lwip_standard_chksum,/Users/swchen.tw/git/percepio/poc/runs/tcp-workload-matrix-v1/A08-baseline/build/inet_chksum.o,
by_pc,2147499436,58,58,116,174,58,0,0,0,0,lwip_standard_chksum,/Users/swchen.tw/git/percepio/poc/runs/tcp-workload-matrix-v1/A08-baseline/build/inet_chksum.o,
by_pc,2147499438,58,116,232,290,58,58,0,0,0,lwip_standard_chksum,/Users/swchen.tw/git/percepio/poc/runs/tcp-workload-matrix-v1/A08-baseline/build/inet_chksum.o,
by_pc,2147499442,58,58,116,174,58,0,0,0,0,lwip_standard_chksum,/Users/swchen.tw/git/percepio/poc/runs/tcp-workload-matrix-v1/A08-baseline/build/inet_chksum.o,
by_pc,2147499444,58,58,116,174,58,0,0,0,0,lwip_standard_chksum,/Users/swchen.tw/git/percepio/poc/runs/tcp-workload-matrix-v1/A08-baseline/build/inet_chksum.o,
by_pc,2147499446,77,77,154,231,77,0,0,0,0,lwip_standard_chksum,/Users/swchen.tw/git/percepio/poc/runs/tcp-workload-matrix-v1/A08-baseline/build/inet_chksum.o,
by_pc,2147499448,2399,2399,4798,7197,2399,0,0,0,0,lwip_standard_chksum,/Users/swchen.tw/git/percepio/poc/runs/tcp-workload-matrix-v1/A08-baseline/build/inet_chksum.o,
by_pc,2147499528,2322,4710,9420,11742,2322,2322,48,18,0,lwip_standard_chksum,/Users/swchen.tw/git/percepio/poc/runs/tcp-workload-matrix-v1/A08-baseline/build/inet_chksum.o,
by_pc,2147499530,2322,2322,4644,6966,2322,0,0,0,0,lwip_standard_chksum,/Users/swchen.tw/git/percepio/poc/runs/tcp-workload-matrix-v1/A08-baseline/build/inet_chksum.o,
by_pc,2147499532,2322,2322,4644,6966,2322,0,0,0,0,lwip_standard_chksum,/Users/swchen.tw/git/percepio/poc/runs/tcp-workload-matrix-v1/A08-baseline/build/inet_chksum.o,
by_pc,2147499534,2322,2322,4644,6966,2322,0,0,0,0,lwip_standard_chksum,/Users/swchen.tw/git/percepio/poc/runs/tcp-workload-matrix-v1/A08-baseline/build/inet_chksum.o,
by_pc,2147499536,2322,2322,4644,6966,2322,0,0,0,0,lwip_standard_chksum,/Users/swchen.tw/git/percepio/poc/runs/tcp-workload-matrix-v1/A08-baseline/build/inet_chksum.o,
by_pc,2147499540,2322,2322,4644,6966,2322,0,0,0,0,lwip_standard_chksum,/Users/swchen.tw/git/percepio/poc/runs/tcp-workload-matrix-v1/A08-baseline/build/inet_chksum.o,
by_pc,2147499542,2322,4644,9288,11610,2322,2322,0,0,0,lwip_standard_chksum,/Users/swchen.tw/git/percepio/poc/runs/tcp-workload-matrix-v1/A08-baseline/build/inet_chksum.o,
by_pc,2147499546,2322,2322,4644,6966,2322,0,0,0,0,lwip_standard_chksum,/Users/swchen.tw/git/percepio/poc/runs/tcp-workload-matrix-v1/A08-baseline/build/inet_chksum.o,
by_pc,2147499548,2322,2322,4644,6966,2322,0,0,0,0,lwip_standard_chksum,/Users/swchen.tw/git/percepio/poc/runs/tcp-workload-matrix-v1/A08-baseline/build/inet_chksum.o,
by_pc,2147499552,2322,2322,4644,6966,2322,0,0,0,0,lwip_standard_chksum,/Users/swchen.tw/git/percepio/poc/runs/tcp-workload-matrix-v1/A08-baseline/build/inet_chksum.o,
by_pc,2147499554,2322,2322,4644,6966,2322,0,0,0,0,lwip_standard_chksum,/Users/swchen.tw/git/percepio/poc/runs/tcp-workload-matrix-v1/A08-baseline/build/inet_chksum.o,
by_pc,2147499452,77,77,154,231,77,0,0,0,0,lwip_standard_chksum,/Users/swchen.tw/git/percepio/poc/runs/tcp-workload-matrix-v1/A08-baseline/build/inet_chksum.o,
by_pc,2147499456,77,207,414,491,77,0,112,18,0,lwip_standard_chksum,/Users/swchen.tw/git/percepio/poc/runs/tcp-workload-matrix-v1/A08-baseline/build/inet_chksum.o,
by_pc,2147499458,77,77,154,231,77,0,0,0,0,lwip_standard_chksum,/Users/swchen.tw/git/percepio/poc/runs/tcp-workload-matrix-v1/A08-baseline/build/inet_chksum.o,
by_pc,2147499460,77,77,154,231,77,0,0,0,0,lwip_standard_chksum,/Users/swchen.tw/git/percepio/poc/runs/tcp-workload-matrix-v1/A08-baseline/build/inet_chksum.o,
by_pc,2147499462,77,77,154,231,77,0,0,0,0,lwip_standard_chksum,/Users/swchen.tw/git/percepio/poc/runs/tcp-workload-matrix-v1/A08-baseline/build/inet_chksum.o,
by_pc,2147499464,187,187,374,561,187,0,0,0,0,lwip_standard_chksum,/Users/swchen.tw/git/percepio/poc/runs/tcp-workload-matrix-v1/A08-baseline/build/inet_chksum.o,
by_pc,2147499556,110,220,440,550,110,110,0,0,0,lwip_standard_chksum,/Users/swchen.tw/git/percepio/poc/runs/tcp-workload-matrix-v1/A08-baseline/build/inet_chksum.o,
by_pc,2147499560,110,110,220,330,110,0,0,0,0,lwip_standard_chksum,/Users/swchen.tw/git/percepio/poc/runs/tcp-workload-matrix-v1/A08-baseline/build/inet_chksum.o,
by_pc,2147499562,110,110,220,330,110,0,0,0,0,lwip_standard_chksum,/Users/swchen.tw/git/percepio/poc/runs/tcp-workload-matrix-v1/A08-baseline/build/inet_chksum.o,
by_pc,2147499564,110,110,220,330,110,0,0,0,0,lwip_standard_chksum,/Users/swchen.tw/git/percepio/poc/runs/tcp-workload-matrix-v1/A08-baseline/build/inet_chksum.o,
by_pc,2147499566,110,110,220,330,110,0,0,0,0,lwip_standard_chksum,/Users/swchen.tw/git/percepio/poc/runs/tcp-workload-matrix-v1/A08-baseline/build/inet_chksum.o,
by_pc,2147499468,77,77,154,231,77,0,0,0,0,lwip_standard_chksum,/Users/swchen.tw/git/percepio/poc/runs/tcp-workload-matrix-v1/A08-baseline/build/inet_chksum.o,
by_pc,2147499482,77,77,154,231,77,0,0,0,0,lwip_standard_chksum,/Users/swchen.tw/git/percepio/poc/runs/tcp-workload-matrix-v1/A08-baseline/build/inet_chksum.o,
by_pc,2147499484,77,77,154,231,77,0,0,0,0,lwip_standard_chksum,/Users/swchen.tw/git/percepio/poc/runs/tcp-workload-matrix-v1/A08-baseline/build/inet_chksum.o,
by_pc,2147499488,77,77,154,231,77,0,0,0,0,lwip_standard_chksum,/Users/swchen.tw/git/percepio/poc/runs/tcp-workload-matrix-v1/A08-baseline/build/inet_chksum.o,
by_pc,2147499490,77,77,154,231,77,0,0,0,0,lwip_standard_chksum,/Users/swchen.tw/git/percepio/poc/runs/tcp-workload-matrix-v1/A08-baseline/build/inet_chksum.o,
by_pc,2147499492,77,77,154,231,77,0,0,0,0,lwip_standard_chksum,/Users/swchen.tw/git/percepio/poc/runs/tcp-workload-matrix-v1/A08-baseline/build/inet_chksum.o,
by_pc,2147499494,77,77,154,231,77,0,0,0,0,lwip_standard_chksum,/Users/swchen.tw/git/percepio/poc/runs/tcp-workload-matrix-v1/A08-baseline/build/inet_chksum.o,
by_pc,2147499498,77,77,154,231,77,0,0,0,0,lwip_standard_chksum,/Users/swchen.tw/git/percepio/poc/runs/tcp-workload-matrix-v1/A08-baseline/build/inet_chksum.o,
by_pc,2147499500,77,77,154,231,77,0,0,0,0,lwip_standard_chksum,/Users/swchen.tw/git/percepio/poc/runs/tcp-workload-matrix-v1/A08-baseline/build/inet_chksum.o,
by_pc,2147499502,77,77,154,231,77,0,0,0,0,lwip_standard_chksum,/Users/swchen.tw/git/percepio/poc/runs/tcp-workload-matrix-v1/A08-baseline/build/inet_chksum.o,
by_pc,2147499504,77,77,154,231,77,0,0,0,0,lwip_standard_chksum,/Users/swchen.tw/git/percepio/poc/runs/tcp-workload-matrix-v1/A08-baseline/build/inet_chksum.o,
by_pc,2147499518,77,77,154,231,77,0,0,0,0,lwip_standard_chksum,/Users/swchen.tw/git/percepio/poc/runs/tcp-workload-matrix-v1/A08-baseline/build/inet_chksum.o,
by_pc,2147499520,77,77,154,231,77,0,0,0,0,lwip_standard_chksum,/Users/swchen.tw/git/percepio/poc/runs/tcp-workload-matrix-v1/A08-baseline/build/inet_chksum.o,
by_pc,2147499522,77,77,154,231,77,0,0,0,0,lwip_standard_chksum,/Users/swchen.tw/git/percepio/poc/runs/tcp-workload-matrix-v1/A08-baseline/build/inet_chksum.o,
by_pc,2147499782,28,56,112,140,28,28,0,0,0,inet_chksum,/Users/swchen.tw/git/percepio/poc/runs/tcp-workload-matrix-v1/A08-baseline/build/inet_chksum.o,
by_pc,2147499784,28,28,56,84,28,0,0,0,0,inet_chksum,/Users/swchen.tw/git/percepio/poc/runs/tcp-workload-matrix-v1/A08-baseline/build/inet_chksum.o,
by_pc,2147499788,28,28,56,84,28,0,0,0,0,inet_chksum,/Users/swchen.tw/git/percepio/poc/runs/tcp-workload-matrix-v1/A08-baseline/build/inet_chksum.o,
by_pc,2147499790,28,28,56,84,28,0,0,0,0,inet_chksum,/Users/swchen.tw/git/percepio/poc/runs/tcp-workload-matrix-v1/A08-baseline/build/inet_chksum.o,
by_pc,2147499792,28,28,56,84,28,0,0,0,0,inet_chksum,/Users/swchen.tw/git/percepio/poc/runs/tcp-workload-matrix-v1/A08-baseline/build/inet_chksum.o,
by_pc,2147499794,28,28,56,84,28,0,0,0,0,inet_chksum,/Users/swchen.tw/git/percepio/poc/runs/tcp-workload-matrix-v1/A08-baseline/build/inet_chksum.o,
by_pc,2147496396,14,294,588,602,14,14,112,0,154,inject,/Users/swchen.tw/git/percepio/poc/runs/tcp-workload-matrix-v1/A08-baseline/build/tcp_request_response_irq.o,
by_pc,2147496400,14,14,28,42,14,0,0,0,0,inject,/Users/swchen.tw/git/percepio/poc/runs/tcp-workload-matrix-v1/A08-baseline/build/tcp_request_response_irq.o,
by_pc,2147496402,14,294,588,602,14,14,112,0,154,inject,/Users/swchen.tw/git/percepio/poc/runs/tcp-workload-matrix-v1/A08-baseline/build/tcp_request_response_irq.o,
by_pc,2147496406,14,14,28,42,14,0,0,0,0,inject,/Users/swchen.tw/git/percepio/poc/runs/tcp-workload-matrix-v1/A08-baseline/build/tcp_request_response_irq.o,
by_pc,2147496408,14,14,28,42,14,0,0,0,0,inject,/Users/swchen.tw/git/percepio/poc/runs/tcp-workload-matrix-v1/A08-baseline/build/tcp_request_response_irq.o,
by_pc,2147496410,14,14,28,42,14,0,0,0,0,inject,/Users/swchen.tw/git/percepio/poc/runs/tcp-workload-matrix-v1/A08-baseline/build/tcp_request_response_irq.o,
by_pc,2147501624,42,84,168,210,42,0,24,18,0,pbuf_remove_header,/Users/swchen.tw/git/percepio/poc/runs/tcp-workload-matrix-v1/A08-baseline/build/pbuf.o,
by_pc,2147501626,42,42,84,126,42,0,0,0,0,pbuf_remove_header,/Users/swchen.tw/git/percepio/poc/runs/tcp-workload-matrix-v1/A08-baseline/build/pbuf.o,
by_pc,2147501628,42,42,84,126,42,0,0,0,0,pbuf_remove_header,/Users/swchen.tw/git/percepio/poc/runs/tcp-workload-matrix-v1/A08-baseline/build/pbuf.o,
by_pc,2147501632,42,276,552,594,42,0,216,18,0,pbuf_remove_header,/Users/swchen.tw/git/percepio/poc/runs/tcp-workload-matrix-v1/A08-baseline/build/pbuf.o,
by_pc,2147501634,42,42,84,126,42,0,0,0,0,pbuf_remove_header,/Users/swchen.tw/git/percepio/poc/runs/tcp-workload-matrix-v1/A08-baseline/build/pbuf.o,
by_pc,2147501636,42,84,168,210,42,42,0,0,0,pbuf_remove_header,/Users/swchen.tw/git/percepio/poc/runs/tcp-workload-matrix-v1/A08-baseline/build/pbuf.o,
by_pc,2147501640,42,42,84,126,42,0,0,0,0,pbuf_remove_header,/Users/swchen.tw/git/percepio/poc/runs/tcp-workload-matrix-v1/A08-baseline/build/pbuf.o,
by_pc,2147501644,42,42,84,126,42,0,0,0,0,pbuf_remove_header,/Users/swchen.tw/git/percepio/poc/runs/tcp-workload-matrix-v1/A08-baseline/build/pbuf.o,
by_pc,2147501646,42,42,84,126,42,0,0,0,0,pbuf_remove_header,/Users/swchen.tw/git/percepio/poc/runs/tcp-workload-matrix-v1/A08-baseline/build/pbuf.o,
by_pc,2147501648,42,42,84,126,42,0,0,0,0,pbuf_remove_header,/Users/swchen.tw/git/percepio/poc/runs/tcp-workload-matrix-v1/A08-baseline/build/pbuf.o,
by_pc,2147501652,42,42,84,126,42,0,0,0,0,pbuf_remove_header,/Users/swchen.tw/git/percepio/poc/runs/tcp-workload-matrix-v1/A08-baseline/build/pbuf.o,
by_pc,2147501654,42,84,168,210,42,42,0,0,0,pbuf_remove_header,/Users/swchen.tw/git/percepio/poc/runs/tcp-workload-matrix-v1/A08-baseline/build/pbuf.o,
by_pc,2147501656,42,882,1764,1806,42,42,336,0,462,pbuf_remove_header,/Users/swchen.tw/git/percepio/poc/runs/tcp-workload-matrix-v1/A08-baseline/build/pbuf.o,
by_pc,2147501660,42,84,168,210,42,42,0,0,0,pbuf_remove_header,/Users/swchen.tw/git/percepio/poc/runs/tcp-workload-matrix-v1/A08-baseline/build/pbuf.o,
by_pc,2147501664,42,42,84,126,42,0,0,0,0,pbuf_remove_header,/Users/swchen.tw/git/percepio/poc/runs/tcp-workload-matrix-v1/A08-baseline/build/pbuf.o,
by_pc,2147501666,42,882,1764,1806,42,42,336,0,462,pbuf_remove_header,/Users/swchen.tw/git/percepio/poc/runs/tcp-workload-matrix-v1/A08-baseline/build/pbuf.o,
by_pc,2147501668,42,42,84,126,42,0,0,0,0,pbuf_remove_header,/Users/swchen.tw/git/percepio/poc/runs/tcp-workload-matrix-v1/A08-baseline/build/pbuf.o,
by_pc,2147501670,42,882,1764,1806,42,42,336,0,462,pbuf_remove_header,/Users/swchen.tw/git/percepio/poc/runs/tcp-workload-matrix-v1/A08-baseline/build/pbuf.o,
by_pc,2147501674,42,42,84,126,42,0,0,0,0,pbuf_remove_header,/Users/swchen.tw/git/percepio/poc/runs/tcp-workload-matrix-v1/A08-baseline/build/pbuf.o,
by_pc,2147501676,42,42,84,126,42,0,0,0,0,pbuf_remove_header,/Users/swchen.tw/git/percepio/poc/runs/tcp-workload-matrix-v1/A08-baseline/build/pbuf.o,
by_pc,2147496414,14,14,28,42,14,0,0,0,0,inject,/Users/swchen.tw/git/percepio/poc/runs/tcp-workload-matrix-v1/A08-baseline/build/tcp_request_response_irq.o,
by_pc,2147496432,14,28,56,70,14,14,0,0,0,inject,/Users/swchen.tw/git/percepio/poc/runs/tcp-workload-matrix-v1/A08-baseline/build/tcp_request_response_irq.o,
by_pc,2147496434,14,14,28,42,14,0,0,0,0,inject,/Users/swchen.tw/git/percepio/poc/runs/tcp-workload-matrix-v1/A08-baseline/build/tcp_request_response_irq.o,
by_pc,2147496436,14,14,28,42,14,0,0,0,0,inject,/Users/swchen.tw/git/percepio/poc/runs/tcp-workload-matrix-v1/A08-baseline/build/tcp_request_response_irq.o,
by_pc,2147496440,14,14,28,42,14,0,0,0,0,inject,/Users/swchen.tw/git/percepio/poc/runs/tcp-workload-matrix-v1/A08-baseline/build/tcp_request_response_irq.o,
by_pc,2147496444,14,294,588,602,14,14,112,0,154,inject,/Users/swchen.tw/git/percepio/poc/runs/tcp-workload-matrix-v1/A08-baseline/build/tcp_request_response_irq.o,
by_pc,2147496448,14,144,288,302,14,0,112,18,0,inject,/Users/swchen.tw/git/percepio/poc/runs/tcp-workload-matrix-v1/A08-baseline/build/tcp_request_response_irq.o,
by_pc,2147496450,14,294,588,602,14,14,112,0,154,inject,/Users/swchen.tw/git/percepio/poc/runs/tcp-workload-matrix-v1/A08-baseline/build/tcp_request_response_irq.o,
by_pc,2147496454,14,14,28,42,14,0,0,0,0,inject,/Users/swchen.tw/git/percepio/poc/runs/tcp-workload-matrix-v1/A08-baseline/build/tcp_request_response_irq.o,
by_pc,2147496458,14,14,28,42,14,0,0,0,0,inject,/Users/swchen.tw/git/percepio/poc/runs/tcp-workload-matrix-v1/A08-baseline/build/tcp_request_response_irq.o,
by_pc,2147496462,14,294,588,602,14,14,112,0,154,inject,/Users/swchen.tw/git/percepio/poc/runs/tcp-workload-matrix-v1/A08-baseline/build/tcp_request_response_irq.o,
by_pc,2147496466,14,14,28,42,14,0,0,0,0,inject,/Users/swchen.tw/git/percepio/poc/runs/tcp-workload-matrix-v1/A08-baseline/build/tcp_request_response_irq.o,
by_pc,2147496468,14,294,588,602,14,14,112,0,154,inject,/Users/swchen.tw/git/percepio/poc/runs/tcp-workload-matrix-v1/A08-baseline/build/tcp_request_response_irq.o,
by_pc,2147496472,14,14,28,42,14,0,0,0,0,inject,/Users/swchen.tw/git/percepio/poc/runs/tcp-workload-matrix-v1/A08-baseline/build/tcp_request_response_irq.o,
by_pc,2147496474,14,14,28,42,14,0,0,0,0,inject,/Users/swchen.tw/git/percepio/poc/runs/tcp-workload-matrix-v1/A08-baseline/build/tcp_request_response_irq.o,
by_pc,2147499368,171,171,342,513,171,0,0,0,0,lwip_htonl,/Users/swchen.tw/git/percepio/poc/runs/tcp-workload-matrix-v1/A08-baseline/build/def.o,
by_pc,2147499372,171,171,342,513,171,0,0,0,0,lwip_htonl,/Users/swchen.tw/git/percepio/poc/runs/tcp-workload-matrix-v1/A08-baseline/build/def.o,
by_pc,2147499376,171,171,342,513,171,0,0,0,0,lwip_htonl,/Users/swchen.tw/git/percepio/poc/runs/tcp-workload-matrix-v1/A08-baseline/build/def.o,
by_pc,2147499378,171,171,342,513,171,0,0,0,0,lwip_htonl,/Users/swchen.tw/git/percepio/poc/runs/tcp-workload-matrix-v1/A08-baseline/build/def.o,
by_pc,2147499382,171,171,342,513,171,0,0,0,0,lwip_htonl,/Users/swchen.tw/git/percepio/poc/runs/tcp-workload-matrix-v1/A08-baseline/build/def.o,
by_pc,2147499386,171,171,342,513,171,0,0,0,0,lwip_htonl,/Users/swchen.tw/git/percepio/poc/runs/tcp-workload-matrix-v1/A08-baseline/build/def.o,
by_pc,2147499388,171,171,342,513,171,0,0,0,0,lwip_htonl,/Users/swchen.tw/git/percepio/poc/runs/tcp-workload-matrix-v1/A08-baseline/build/def.o,
by_pc,2147499390,171,171,342,513,171,0,0,0,0,lwip_htonl,/Users/swchen.tw/git/percepio/poc/runs/tcp-workload-matrix-v1/A08-baseline/build/def.o,
by_pc,2147499392,171,205,410,581,171,0,16,18,0,lwip_htonl,/Users/swchen.tw/git/percepio/poc/runs/tcp-workload-matrix-v1/A08-baseline/build/def.o,
by_pc,2147499396,171,171,342,513,171,0,0,0,0,lwip_htonl,/Users/swchen.tw/git/percepio/poc/runs/tcp-workload-matrix-v1/A08-baseline/build/def.o,
by_pc,2147499398,171,171,342,513,171,0,0,0,0,lwip_htonl,/Users/swchen.tw/git/percepio/poc/runs/tcp-workload-matrix-v1/A08-baseline/build/def.o,
by_pc,2147499400,171,171,342,513,171,0,0,0,0,lwip_htonl,/Users/swchen.tw/git/percepio/poc/runs/tcp-workload-matrix-v1/A08-baseline/build/def.o,
by_pc,2147499402,171,171,342,513,171,0,0,0,0,lwip_htonl,/Users/swchen.tw/git/percepio/poc/runs/tcp-workload-matrix-v1/A08-baseline/build/def.o,
by_pc,2147496478,14,14,28,42,14,0,0,0,0,inject,/Users/swchen.tw/git/percepio/poc/runs/tcp-workload-matrix-v1/A08-baseline/build/tcp_request_response_irq.o,
by_pc,2147496482,14,294,588,602,14,14,112,0,154,inject,/Users/swchen.tw/git/percepio/poc/runs/tcp-workload-matrix-v1/A08-baseline/build/tcp_request_response_irq.o,
by_pc,2147496486,14,294,588,602,14,14,112,0,154,inject,/Users/swchen.tw/git/percepio/poc/runs/tcp-workload-matrix-v1/A08-baseline/build/tcp_request_response_irq.o,
by_pc,2147496490,14,14,28,42,14,0,0,0,0,inject,/Users/swchen.tw/git/percepio/poc/runs/tcp-workload-matrix-v1/A08-baseline/build/tcp_request_response_irq.o,
by_pc,2147496494,14,14,28,42,14,0,0,0,0,inject,/Users/swchen.tw/git/percepio/poc/runs/tcp-workload-matrix-v1/A08-baseline/build/tcp_request_response_irq.o,
by_pc,2147496496,14,294,588,602,14,14,112,0,154,inject,/Users/swchen.tw/git/percepio/poc/runs/tcp-workload-matrix-v1/A08-baseline/build/tcp_request_response_irq.o,
by_pc,2147496500,14,294,588,602,14,14,112,0,154,inject,/Users/swchen.tw/git/percepio/poc/runs/tcp-workload-matrix-v1/A08-baseline/build/tcp_request_response_irq.o,
by_pc,2147496504,14,14,28,42,14,0,0,0,0,inject,/Users/swchen.tw/git/percepio/poc/runs/tcp-workload-matrix-v1/A08-baseline/build/tcp_request_response_irq.o,
by_pc,2147496506,14,14,28,42,14,0,0,0,0,inject,/Users/swchen.tw/git/percepio/poc/runs/tcp-workload-matrix-v1/A08-baseline/build/tcp_request_response_irq.o,
by_pc,2147496510,14,70,140,154,28,0,24,18,0,inject,/Users/swchen.tw/git/percepio/poc/runs/tcp-workload-matrix-v1/A08-baseline/build/tcp_request_response_irq.o,
by_pc,2147496514,14,294,588,602,14,14,112,0,154,inject,/Users/swchen.tw/git/percepio/poc/runs/tcp-workload-matrix-v1/A08-baseline/build/tcp_request_response_irq.o,
by_pc,2147496518,14,14,28,42,14,0,0,0,0,inject,/Users/swchen.tw/git/percepio/poc/runs/tcp-workload-matrix-v1/A08-baseline/build/tcp_request_response_irq.o,
by_pc,2147496522,14,294,588,602,14,14,112,0,154,inject,/Users/swchen.tw/git/percepio/poc/runs/tcp-workload-matrix-v1/A08-baseline/build/tcp_request_response_irq.o,
by_pc,2147496526,14,294,588,602,14,14,112,0,154,inject,/Users/swchen.tw/git/percepio/poc/runs/tcp-workload-matrix-v1/A08-baseline/build/tcp_request_response_irq.o,
by_pc,2147496530,14,14,28,42,14,0,0,0,0,inject,/Users/swchen.tw/git/percepio/poc/runs/tcp-workload-matrix-v1/A08-baseline/build/tcp_request_response_irq.o,
by_pc,2147496532,14,28,56,70,14,14,0,0,0,inject,/Users/swchen.tw/git/percepio/poc/runs/tcp-workload-matrix-v1/A08-baseline/build/tcp_request_response_irq.o,
by_pc,2147496536,14,294,588,602,14,14,112,0,154,inject,/Users/swchen.tw/git/percepio/poc/runs/tcp-workload-matrix-v1/A08-baseline/build/tcp_request_response_irq.o,
by_pc,2147496540,14,28,56,70,14,14,0,0,0,inject,/Users/swchen.tw/git/percepio/poc/runs/tcp-workload-matrix-v1/A08-baseline/build/tcp_request_response_irq.o,
by_pc,2147496544,14,14,28,42,14,0,0,0,0,inject,/Users/swchen.tw/git/percepio/poc/runs/tcp-workload-matrix-v1/A08-baseline/build/tcp_request_response_irq.o,
by_pc,2147496546,14,14,28,42,14,0,0,0,0,inject,/Users/swchen.tw/git/percepio/poc/runs/tcp-workload-matrix-v1/A08-baseline/build/tcp_request_response_irq.o,
by_pc,2147496550,14,14,28,42,14,0,0,0,0,inject,/Users/swchen.tw/git/percepio/poc/runs/tcp-workload-matrix-v1/A08-baseline/build/tcp_request_response_irq.o,
by_pc,2147496552,14,14,28,42,14,0,0,0,0,inject,/Users/swchen.tw/git/percepio/poc/runs/tcp-workload-matrix-v1/A08-baseline/build/tcp_request_response_irq.o,
by_pc,2147496556,14,14,28,42,14,0,0,0,0,inject,/Users/swchen.tw/git/percepio/poc/runs/tcp-workload-matrix-v1/A08-baseline/build/tcp_request_response_irq.o,
by_pc,2147496558,14,14,28,42,14,0,0,0,0,inject,/Users/swchen.tw/git/percepio/poc/runs/tcp-workload-matrix-v1/A08-baseline/build/tcp_request_response_irq.o,
by_pc,2147496562,14,14,28,42,14,0,0,0,0,inject,/Users/swchen.tw/git/percepio/poc/runs/tcp-workload-matrix-v1/A08-baseline/build/tcp_request_response_irq.o,
by_pc,2147496566,14,14,28,42,14,0,0,0,0,inject,/Users/swchen.tw/git/percepio/poc/runs/tcp-workload-matrix-v1/A08-baseline/build/tcp_request_response_irq.o,
by_pc,2147496570,14,14,28,42,14,0,0,0,0,inject,/Users/swchen.tw/git/percepio/poc/runs/tcp-workload-matrix-v1/A08-baseline/build/tcp_request_response_irq.o,
by_pc,2147496574,14,14,28,42,14,0,0,0,0,inject,/Users/swchen.tw/git/percepio/poc/runs/tcp-workload-matrix-v1/A08-baseline/build/tcp_request_response_irq.o,
by_pc,2147496576,14,336,672,686,14,14,136,18,154,inject,/Users/swchen.tw/git/percepio/poc/runs/tcp-workload-matrix-v1/A08-baseline/build/tcp_request_response_irq.o,
by_pc,2147496580,14,14,28,42,14,0,0,0,0,inject,/Users/swchen.tw/git/percepio/poc/runs/tcp-workload-matrix-v1/A08-baseline/build/tcp_request_response_irq.o,
by_pc,2147496584,14,294,588,602,14,14,112,0,154,inject,/Users/swchen.tw/git/percepio/poc/runs/tcp-workload-matrix-v1/A08-baseline/build/tcp_request_response_irq.o,
by_pc,2147496588,14,14,28,42,14,0,0,0,0,inject,/Users/swchen.tw/git/percepio/poc/runs/tcp-workload-matrix-v1/A08-baseline/build/tcp_request_response_irq.o,
by_pc,2147496590,14,14,28,42,14,0,0,0,0,inject,/Users/swchen.tw/git/percepio/poc/runs/tcp-workload-matrix-v1/A08-baseline/build/tcp_request_response_irq.o,
by_pc,2147496594,14,14,28,42,14,0,0,0,0,inject,/Users/swchen.tw/git/percepio/poc/runs/tcp-workload-matrix-v1/A08-baseline/build/tcp_request_response_irq.o,
by_pc,2147496596,14,14,28,42,14,0,0,0,0,inject,/Users/swchen.tw/git/percepio/poc/runs/tcp-workload-matrix-v1/A08-baseline/build/tcp_request_response_irq.o,
by_pc,2147496600,14,14,28,42,14,0,0,0,0,inject,/Users/swchen.tw/git/percepio/poc/runs/tcp-workload-matrix-v1/A08-baseline/build/tcp_request_response_irq.o,
by_pc,2147496604,14,14,28,42,14,0,0,0,0,inject,/Users/swchen.tw/git/percepio/poc/runs/tcp-workload-matrix-v1/A08-baseline/build/tcp_request_response_irq.o,
by_pc,2147496608,14,294,588,602,14,14,112,0,154,inject,/Users/swchen.tw/git/percepio/poc/runs/tcp-workload-matrix-v1/A08-baseline/build/tcp_request_response_irq.o,
by_pc,2147496612,14,14,28,42,14,0,0,0,0,inject,/Users/swchen.tw/git/percepio/poc/runs/tcp-workload-matrix-v1/A08-baseline/build/tcp_request_response_irq.o,
by_pc,2147496614,14,294,588,602,14,14,112,0,154,inject,/Users/swchen.tw/git/percepio/poc/runs/tcp-workload-matrix-v1/A08-baseline/build/tcp_request_response_irq.o,
by_pc,2147496618,14,14,28,42,14,0,0,0,0,inject,/Users/swchen.tw/git/percepio/poc/runs/tcp-workload-matrix-v1/A08-baseline/build/tcp_request_response_irq.o,
by_pc,2147496620,14,14,28,42,14,0,0,0,0,inject,/Users/swchen.tw/git/percepio/poc/runs/tcp-workload-matrix-v1/A08-baseline/build/tcp_request_response_irq.o,
by_pc,2147496624,14,14,28,42,14,0,0,0,0,inject,/Users/swchen.tw/git/percepio/poc/runs/tcp-workload-matrix-v1/A08-baseline/build/tcp_request_response_irq.o,
by_pc,2147496628,14,294,588,602,14,14,112,0,154,inject,/Users/swchen.tw/git/percepio/poc/runs/tcp-workload-matrix-v1/A08-baseline/build/tcp_request_response_irq.o,
by_pc,2147496632,14,14,28,42,14,0,0,0,0,inject,/Users/swchen.tw/git/percepio/poc/runs/tcp-workload-matrix-v1/A08-baseline/build/tcp_request_response_irq.o,
by_pc,2147496634,14,294,588,602,14,14,112,0,154,inject,/Users/swchen.tw/git/percepio/poc/runs/tcp-workload-matrix-v1/A08-baseline/build/tcp_request_response_irq.o,
by_pc,2147496638,14,114,228,242,28,0,32,54,0,inject,/Users/swchen.tw/git/percepio/poc/runs/tcp-workload-matrix-v1/A08-baseline/build/tcp_request_response_irq.o,
by_pc,2147496642,1,1,2,3,1,0,0,0,0,inject,/Users/swchen.tw/git/percepio/poc/runs/tcp-workload-matrix-v1/A08-baseline/build/tcp_request_response_irq.o,
by_pc,2147496644,1,21,42,43,1,1,8,0,11,inject,/Users/swchen.tw/git/percepio/poc/runs/tcp-workload-matrix-v1/A08-baseline/build/tcp_request_response_irq.o,
by_pc,2147496648,1,1,2,3,1,0,0,0,0,inject,/Users/swchen.tw/git/percepio/poc/runs/tcp-workload-matrix-v1/A08-baseline/build/tcp_request_response_irq.o,
by_pc,2147496650,1,21,42,43,1,1,8,0,11,inject,/Users/swchen.tw/git/percepio/poc/runs/tcp-workload-matrix-v1/A08-baseline/build/tcp_request_response_irq.o,
by_pc,2147496654,1,1,2,3,1,0,0,0,0,inject,/Users/swchen.tw/git/percepio/poc/runs/tcp-workload-matrix-v1/A08-baseline/build/tcp_request_response_irq.o,
by_pc,2147496656,1,21,42,43,1,1,8,0,11,inject,/Users/swchen.tw/git/percepio/poc/runs/tcp-workload-matrix-v1/A08-baseline/build/tcp_request_response_irq.o,
by_pc,2147496660,1,1,2,3,1,0,0,0,0,inject,/Users/swchen.tw/git/percepio/poc/runs/tcp-workload-matrix-v1/A08-baseline/build/tcp_request_response_irq.o,
by_pc,2147496664,1,21,42,43,1,1,8,0,11,inject,/Users/swchen.tw/git/percepio/poc/runs/tcp-workload-matrix-v1/A08-baseline/build/tcp_request_response_irq.o,
by_pc,2147496668,14,14,28,42,14,0,0,0,0,inject,/Users/swchen.tw/git/percepio/poc/runs/tcp-workload-matrix-v1/A08-baseline/build/tcp_request_response_irq.o,
by_pc,2147496686,14,28,56,70,14,14,0,0,0,inject,/Users/swchen.tw/git/percepio/poc/runs/tcp-workload-matrix-v1/A08-baseline/build/tcp_request_response_irq.o,
by_pc,2147496690,14,14,28,42,14,0,0,0,0,inject,/Users/swchen.tw/git/percepio/poc/runs/tcp-workload-matrix-v1/A08-baseline/build/tcp_request_response_irq.o,
by_pc,2147496692,14,14,28,42,14,0,0,0,0,inject,/Users/swchen.tw/git/percepio/poc/runs/tcp-workload-matrix-v1/A08-baseline/build/tcp_request_response_irq.o,
by_pc,2147496696,14,14,28,42,14,0,0,0,0,inject,/Users/swchen.tw/git/percepio/poc/runs/tcp-workload-matrix-v1/A08-baseline/build/tcp_request_response_irq.o,
by_pc,2147496700,14,14,28,42,14,0,0,0,0,inject,/Users/swchen.tw/git/percepio/poc/runs/tcp-workload-matrix-v1/A08-baseline/build/tcp_request_response_irq.o,
by_pc,2147496702,14,152,304,318,28,0,88,36,0,inject,/Users/swchen.tw/git/percepio/poc/runs/tcp-workload-matrix-v1/A08-baseline/build/tcp_request_response_irq.o,
by_pc,2147499568,41,121,242,283,41,0,80,0,0,inet_chksum_pseudo,/Users/swchen.tw/git/percepio/poc/runs/tcp-workload-matrix-v1/A08-baseline/build/inet_chksum.o,
by_pc,2147499570,41,861,1722,1763,41,41,328,0,451,inet_chksum_pseudo,/Users/swchen.tw/git/percepio/poc/runs/tcp-workload-matrix-v1/A08-baseline/build/inet_chksum.o,
by_pc,2147499572,41,861,1722,1763,41,41,328,0,451,inet_chksum_pseudo,/Users/swchen.tw/git/percepio/poc/runs/tcp-workload-matrix-v1/A08-baseline/build/inet_chksum.o,
by_pc,2147499574,41,861,1722,1763,41,41,328,0,451,inet_chksum_pseudo,/Users/swchen.tw/git/percepio/poc/runs/tcp-workload-matrix-v1/A08-baseline/build/inet_chksum.o,
by_pc,2147499576,41,897,1794,1835,41,41,328,36,451,inet_chksum_pseudo,/Users/swchen.tw/git/percepio/poc/runs/tcp-workload-matrix-v1/A08-baseline/build/inet_chksum.o,
by_pc,2147499578,41,861,1722,1763,41,41,328,0,451,inet_chksum_pseudo,/Users/swchen.tw/git/percepio/poc/runs/tcp-workload-matrix-v1/A08-baseline/build/inet_chksum.o,
by_pc,2147499580,41,861,1722,1763,41,41,328,0,451,inet_chksum_pseudo,/Users/swchen.tw/git/percepio/poc/runs/tcp-workload-matrix-v1/A08-baseline/build/inet_chksum.o,
by_pc,2147499582,41,82,164,205,41,41,0,0,0,inet_chksum_pseudo,/Users/swchen.tw/git/percepio/poc/runs/tcp-workload-matrix-v1/A08-baseline/build/inet_chksum.o,
by_pc,2147499584,41,300,600,641,41,41,200,18,0,inet_chksum_pseudo,/Users/swchen.tw/git/percepio/poc/runs/tcp-workload-matrix-v1/A08-baseline/build/inet_chksum.o,
by_pc,2147499586,41,41,82,123,41,0,0,0,0,inet_chksum_pseudo,/Users/swchen.tw/git/percepio/poc/runs/tcp-workload-matrix-v1/A08-baseline/build/inet_chksum.o,
by_pc,2147499588,41,41,82,123,41,0,0,0,0,inet_chksum_pseudo,/Users/swchen.tw/git/percepio/poc/runs/tcp-workload-matrix-v1/A08-baseline/build/inet_chksum.o,
by_pc,2147499590,41,41,82,123,41,0,0,0,0,inet_chksum_pseudo,/Users/swchen.tw/git/percepio/poc/runs/tcp-workload-matrix-v1/A08-baseline/build/inet_chksum.o,
by_pc,2147499594,41,41,82,123,41,0,0,0,0,inet_chksum_pseudo,/Users/swchen.tw/git/percepio/poc/runs/tcp-workload-matrix-v1/A08-baseline/build/inet_chksum.o,
by_pc,2147499596,41,41,82,123,41,0,0,0,0,inet_chksum_pseudo,/Users/swchen.tw/git/percepio/poc/runs/tcp-workload-matrix-v1/A08-baseline/build/inet_chksum.o,
by_pc,2147499598,41,41,82,123,41,0,0,0,0,inet_chksum_pseudo,/Users/swchen.tw/git/percepio/poc/runs/tcp-workload-matrix-v1/A08-baseline/build/inet_chksum.o,
by_pc,2147499600,41,41,82,123,41,0,0,0,0,inet_chksum_pseudo,/Users/swchen.tw/git/percepio/poc/runs/tcp-workload-matrix-v1/A08-baseline/build/inet_chksum.o,
by_pc,2147499604,41,41,82,123,41,0,0,0,0,inet_chksum_pseudo,/Users/swchen.tw/git/percepio/poc/runs/tcp-workload-matrix-v1/A08-baseline/build/inet_chksum.o,
by_pc,2147499606,41,41,82,123,41,0,0,0,0,inet_chksum_pseudo,/Users/swchen.tw/git/percepio/poc/runs/tcp-workload-matrix-v1/A08-baseline/build/inet_chksum.o,
by_pc,2147499608,41,41,82,123,41,0,0,0,0,inet_chksum_pseudo,/Users/swchen.tw/git/percepio/poc/runs/tcp-workload-matrix-v1/A08-baseline/build/inet_chksum.o,
by_pc,2147499610,41,41,82,123,41,0,0,0,0,inet_chksum_pseudo,/Users/swchen.tw/git/percepio/poc/runs/tcp-workload-matrix-v1/A08-baseline/build/inet_chksum.o,
by_pc,2147499612,41,41,82,123,41,0,0,0,0,inet_chksum_pseudo,/Users/swchen.tw/git/percepio/poc/runs/tcp-workload-matrix-v1/A08-baseline/build/inet_chksum.o,
by_pc,2147499616,41,41,82,123,41,0,0,0,0,inet_chksum_pseudo,/Users/swchen.tw/git/percepio/poc/runs/tcp-workload-matrix-v1/A08-baseline/build/inet_chksum.o,
by_pc,2147499618,41,41,82,123,41,0,0,0,0,inet_chksum_pseudo,/Users/swchen.tw/git/percepio/poc/runs/tcp-workload-matrix-v1/A08-baseline/build/inet_chksum.o,
by_pc,2147499620,41,41,82,123,41,0,0,0,0,inet_chksum_pseudo,/Users/swchen.tw/git/percepio/poc/runs/tcp-workload-matrix-v1/A08-baseline/build/inet_chksum.o,
by_pc,2147499622,41,41,82,123,41,0,0,0,0,inet_chksum_pseudo,/Users/swchen.tw/git/percepio/poc/runs/tcp-workload-matrix-v1/A08-baseline/build/inet_chksum.o,
by_pc,2147499626,41,41,82,123,41,0,0,0,0,inet_chksum_pseudo,/Users/swchen.tw/git/percepio/poc/runs/tcp-workload-matrix-v1/A08-baseline/build/inet_chksum.o,
by_pc,2147499628,41,41,82,123,41,0,0,0,0,inet_chksum_pseudo,/Users/swchen.tw/git/percepio/poc/runs/tcp-workload-matrix-v1/A08-baseline/build/inet_chksum.o,
by_pc,2147499630,41,41,82,123,41,0,0,0,0,inet_chksum_pseudo,/Users/swchen.tw/git/percepio/poc/runs/tcp-workload-matrix-v1/A08-baseline/build/inet_chksum.o,
by_pc,2147499632,41,41,82,123,41,0,0,0,0,inet_chksum_pseudo,/Users/swchen.tw/git/percepio/poc/runs/tcp-workload-matrix-v1/A08-baseline/build/inet_chksum.o,
by_pc,2147499634,41,41,82,123,41,0,0,0,0,inet_chksum_pseudo,/Users/swchen.tw/git/percepio/poc/runs/tcp-workload-matrix-v1/A08-baseline/build/inet_chksum.o,
by_pc,2147499636,90,90,180,270,90,0,0,0,0,inet_chksum_pseudo,/Users/swchen.tw/git/percepio/poc/runs/tcp-workload-matrix-v1/A08-baseline/build/inet_chksum.o,
by_pc,2147499718,49,106,212,261,49,49,8,0,0,inet_chksum_pseudo,/Users/swchen.tw/git/percepio/poc/runs/tcp-workload-matrix-v1/A08-baseline/build/inet_chksum.o,
by_pc,2147499722,49,98,196,245,49,49,0,0,0,inet_chksum_pseudo,/Users/swchen.tw/git/percepio/poc/runs/tcp-workload-matrix-v1/A08-baseline/build/inet_chksum.o,
by_pc,2147499724,49,1047,2094,2143,49,49,392,18,539,inet_chksum_pseudo,/Users/swchen.tw/git/percepio/poc/runs/tcp-workload-matrix-v1/A08-baseline/build/inet_chksum.o,
by_pc,2147499726,49,49,98,147,49,0,0,0,0,inet_chksum_pseudo,/Users/swchen.tw/git/percepio/poc/runs/tcp-workload-matrix-v1/A08-baseline/build/inet_chksum.o,
by_pc,2147499730,49,98,196,245,49,49,0,0,0,inet_chksum_pseudo,/Users/swchen.tw/git/percepio/poc/runs/tcp-workload-matrix-v1/A08-baseline/build/inet_chksum.o,
by_pc,2147499732,49,49,98,147,49,0,0,0,0,inet_chksum_pseudo,/Users/swchen.tw/git/percepio/poc/runs/tcp-workload-matrix-v1/A08-baseline/build/inet_chksum.o,
by_pc,2147499734,49,49,98,147,49,0,0,0,0,inet_chksum_pseudo,/Users/swchen.tw/git/percepio/poc/runs/tcp-workload-matrix-v1/A08-baseline/build/inet_chksum.o,
by_pc,2147499738,49,49,98,147,49,0,0,0,0,inet_chksum_pseudo,/Users/swchen.tw/git/percepio/poc/runs/tcp-workload-matrix-v1/A08-baseline/build/inet_chksum.o,
by_pc,2147499740,49,49,98,147,49,0,0,0,0,inet_chksum_pseudo,/Users/swchen.tw/git/percepio/poc/runs/tcp-workload-matrix-v1/A08-baseline/build/inet_chksum.o,
by_pc,2147499742,49,49,98,147,49,0,0,0,0,inet_chksum_pseudo,/Users/swchen.tw/git/percepio/poc/runs/tcp-workload-matrix-v1/A08-baseline/build/inet_chksum.o,
by_pc,2147499744,49,49,98,147,49,0,0,0,0,inet_chksum_pseudo,/Users/swchen.tw/git/percepio/poc/runs/tcp-workload-matrix-v1/A08-baseline/build/inet_chksum.o,
by_pc,2147499746,49,49,98,147,49,0,0,0,0,inet_chksum_pseudo,/Users/swchen.tw/git/percepio/poc/runs/tcp-workload-matrix-v1/A08-baseline/build/inet_chksum.o,
by_pc,2147499766,49,98,196,245,49,49,0,0,0,inet_chksum_pseudo,/Users/swchen.tw/git/percepio/poc/runs/tcp-workload-matrix-v1/A08-baseline/build/inet_chksum.o,
by_pc,2147499768,49,49,98,147,49,0,0,0,0,inet_chksum_pseudo,/Users/swchen.tw/git/percepio/poc/runs/tcp-workload-matrix-v1/A08-baseline/build/inet_chksum.o,
by_pc,2147499638,41,41,82,123,41,0,0,0,0,inet_chksum_pseudo,/Users/swchen.tw/git/percepio/poc/runs/tcp-workload-matrix-v1/A08-baseline/build/inet_chksum.o,
by_pc,2147499656,41,115,230,271,41,0,56,18,0,inet_chksum_pseudo,/Users/swchen.tw/git/percepio/poc/runs/tcp-workload-matrix-v1/A08-baseline/build/inet_chksum.o,
by_pc,2147499658,41,41,82,123,41,0,0,0,0,inet_chksum_pseudo,/Users/swchen.tw/git/percepio/poc/runs/tcp-workload-matrix-v1/A08-baseline/build/inet_chksum.o,
by_pc,2147499662,41,41,82,123,41,0,0,0,0,inet_chksum_pseudo,/Users/swchen.tw/git/percepio/poc/runs/tcp-workload-matrix-v1/A08-baseline/build/inet_chksum.o,
by_pc,2147499664,41,41,82,123,41,0,0,0,0,inet_chksum_pseudo,/Users/swchen.tw/git/percepio/poc/runs/tcp-workload-matrix-v1/A08-baseline/build/inet_chksum.o,
by_pc,2147499666,41,41,82,123,41,0,0,0,0,inet_chksum_pseudo,/Users/swchen.tw/git/percepio/poc/runs/tcp-workload-matrix-v1/A08-baseline/build/inet_chksum.o,
by_pc,2147499670,41,41,82,123,41,0,0,0,0,inet_chksum_pseudo,/Users/swchen.tw/git/percepio/poc/runs/tcp-workload-matrix-v1/A08-baseline/build/inet_chksum.o,
by_pc,2147499672,41,41,82,123,41,0,0,0,0,inet_chksum_pseudo,/Users/swchen.tw/git/percepio/poc/runs/tcp-workload-matrix-v1/A08-baseline/build/inet_chksum.o,
by_pc,2147499674,41,41,82,123,41,0,0,0,0,inet_chksum_pseudo,/Users/swchen.tw/git/percepio/poc/runs/tcp-workload-matrix-v1/A08-baseline/build/inet_chksum.o,
by_pc,2147499678,41,41,82,123,41,0,0,0,0,inet_chksum_pseudo,/Users/swchen.tw/git/percepio/poc/runs/tcp-workload-matrix-v1/A08-baseline/build/inet_chksum.o,
by_pc,2147499680,41,41,82,123,41,0,0,0,0,inet_chksum_pseudo,/Users/swchen.tw/git/percepio/poc/runs/tcp-workload-matrix-v1/A08-baseline/build/inet_chksum.o,
by_pc,2147499682,41,41,82,123,41,0,0,0,0,inet_chksum_pseudo,/Users/swchen.tw/git/percepio/poc/runs/tcp-workload-matrix-v1/A08-baseline/build/inet_chksum.o,
by_pc,2147499684,41,41,82,123,41,0,0,0,0,inet_chksum_pseudo,/Users/swchen.tw/git/percepio/poc/runs/tcp-workload-matrix-v1/A08-baseline/build/inet_chksum.o,
by_pc,2147499688,41,41,82,123,41,0,0,0,0,inet_chksum_pseudo,/Users/swchen.tw/git/percepio/poc/runs/tcp-workload-matrix-v1/A08-baseline/build/inet_chksum.o,
by_pc,2147499690,41,41,82,123,41,0,0,0,0,inet_chksum_pseudo,/Users/swchen.tw/git/percepio/poc/runs/tcp-workload-matrix-v1/A08-baseline/build/inet_chksum.o,
by_pc,2147499692,41,82,164,205,41,41,0,0,0,inet_chksum_pseudo,/Users/swchen.tw/git/percepio/poc/runs/tcp-workload-matrix-v1/A08-baseline/build/inet_chksum.o,
by_pc,2147499694,41,82,164,205,41,41,0,0,0,inet_chksum_pseudo,/Users/swchen.tw/git/percepio/poc/runs/tcp-workload-matrix-v1/A08-baseline/build/inet_chksum.o,
by_pc,2147499696,41,41,82,123,41,0,0,0,0,inet_chksum_pseudo,/Users/swchen.tw/git/percepio/poc/runs/tcp-workload-matrix-v1/A08-baseline/build/inet_chksum.o,
by_pc,2147499698,41,41,82,123,41,0,0,0,0,inet_chksum_pseudo,/Users/swchen.tw/git/percepio/poc/runs/tcp-workload-matrix-v1/A08-baseline/build/inet_chksum.o,
by_pc,2147499702,41,41,82,123,41,0,0,0,0,inet_chksum_pseudo,/Users/swchen.tw/git/percepio/poc/runs/tcp-workload-matrix-v1/A08-baseline/build/inet_chksum.o,
by_pc,2147499704,41,82,164,205,41,41,0,0,0,inet_chksum_pseudo,/Users/swchen.tw/git/percepio/poc/runs/tcp-workload-matrix-v1/A08-baseline/build/inet_chksum.o,
by_pc,2147499706,41,82,164,205,41,41,0,0,0,inet_chksum_pseudo,/Users/swchen.tw/git/percepio/poc/runs/tcp-workload-matrix-v1/A08-baseline/build/inet_chksum.o,
by_pc,2147499708,41,82,164,205,41,41,0,0,0,inet_chksum_pseudo,/Users/swchen.tw/git/percepio/poc/runs/tcp-workload-matrix-v1/A08-baseline/build/inet_chksum.o,
by_pc,2147499710,41,82,164,205,41,41,0,0,0,inet_chksum_pseudo,/Users/swchen.tw/git/percepio/poc/runs/tcp-workload-matrix-v1/A08-baseline/build/inet_chksum.o,
by_pc,2147499712,41,41,82,123,41,0,0,0,0,inet_chksum_pseudo,/Users/swchen.tw/git/percepio/poc/runs/tcp-workload-matrix-v1/A08-baseline/build/inet_chksum.o,
by_pc,2147499714,41,41,82,123,41,0,0,0,0,inet_chksum_pseudo,/Users/swchen.tw/git/percepio/poc/runs/tcp-workload-matrix-v1/A08-baseline/build/inet_chksum.o,
by_pc,2147499716,41,41,82,123,41,0,0,0,0,inet_chksum_pseudo,/Users/swchen.tw/git/percepio/poc/runs/tcp-workload-matrix-v1/A08-baseline/build/inet_chksum.o,
by_pc,2147496706,14,312,624,638,14,14,112,18,154,inject,/Users/swchen.tw/git/percepio/poc/runs/tcp-workload-matrix-v1/A08-baseline/build/tcp_request_response_irq.o,
by_pc,2147496710,14,14,28,42,14,0,0,0,0,inject,/Users/swchen.tw/git/percepio/poc/runs/tcp-workload-matrix-v1/A08-baseline/build/tcp_request_response_irq.o,
by_pc,2147496712,14,294,588,602,14,14,112,0,154,inject,/Users/swchen.tw/git/percepio/poc/runs/tcp-workload-matrix-v1/A08-baseline/build/tcp_request_response_irq.o,
by_pc,2147496716,14,14,28,42,14,0,0,0,0,inject,/Users/swchen.tw/git/percepio/poc/runs/tcp-workload-matrix-v1/A08-baseline/build/tcp_request_response_irq.o,
by_pc,2147496718,14,14,28,42,14,0,0,0,0,inject,/Users/swchen.tw/git/percepio/poc/runs/tcp-workload-matrix-v1/A08-baseline/build/tcp_request_response_irq.o,
by_pc,2147496720,14,14,28,42,14,0,0,0,0,inject,/Users/swchen.tw/git/percepio/poc/runs/tcp-workload-matrix-v1/A08-baseline/build/tcp_request_response_irq.o,
by_pc,2147501618,37,45,90,127,37,0,8,0,0,pbuf_add_header,/Users/swchen.tw/git/percepio/poc/runs/tcp-workload-matrix-v1/A08-baseline/build/pbuf.o,
by_pc,2147501620,37,37,74,111,37,0,0,0,0,pbuf_add_header,/Users/swchen.tw/git/percepio/poc/runs/tcp-workload-matrix-v1/A08-baseline/build/pbuf.o,
by_pc,2147501464,37,167,334,371,37,0,112,18,0,pbuf_add_header_impl,/Users/swchen.tw/git/percepio/poc/runs/tcp-workload-matrix-v1/A08-baseline/build/pbuf.o,
by_pc,2147501466,37,37,74,111,37,0,0,0,0,pbuf_add_header_impl,/Users/swchen.tw/git/percepio/poc/runs/tcp-workload-matrix-v1/A08-baseline/build/pbuf.o,
by_pc,2147501468,37,37,74,111,37,0,0,0,0,pbuf_add_header_impl,/Users/swchen.tw/git/percepio/poc/runs/tcp-workload-matrix-v1/A08-baseline/build/pbuf.o,
by_pc,2147501472,37,37,74,111,37,0,0,0,0,pbuf_add_header_impl,/Users/swchen.tw/git/percepio/poc/runs/tcp-workload-matrix-v1/A08-baseline/build/pbuf.o,
by_pc,2147501474,37,37,74,111,37,0,0,0,0,pbuf_add_header_impl,/Users/swchen.tw/git/percepio/poc/runs/tcp-workload-matrix-v1/A08-baseline/build/pbuf.o,
by_pc,2147501476,37,74,148,185,37,37,0,0,0,pbuf_add_header_impl,/Users/swchen.tw/git/percepio/poc/runs/tcp-workload-matrix-v1/A08-baseline/build/pbuf.o,
by_pc,2147501480,37,37,74,111,37,0,0,0,0,pbuf_add_header_impl,/Users/swchen.tw/git/percepio/poc/runs/tcp-workload-matrix-v1/A08-baseline/build/pbuf.o,
by_pc,2147501484,37,37,74,111,37,0,0,0,0,pbuf_add_header_impl,/Users/swchen.tw/git/percepio/poc/runs/tcp-workload-matrix-v1/A08-baseline/build/pbuf.o,
by_pc,2147501486,37,37,74,111,37,0,0,0,0,pbuf_add_header_impl,/Users/swchen.tw/git/percepio/poc/runs/tcp-workload-matrix-v1/A08-baseline/build/pbuf.o,
by_pc,2147501488,37,37,74,111,37,0,0,0,0,pbuf_add_header_impl,/Users/swchen.tw/git/percepio/poc/runs/tcp-workload-matrix-v1/A08-baseline/build/pbuf.o,
by_pc,2147501490,37,37,74,111,37,0,0,0,0,pbuf_add_header_impl,/Users/swchen.tw/git/percepio/poc/runs/tcp-workload-matrix-v1/A08-baseline/build/pbuf.o,
by_pc,2147501492,37,37,74,111,37,0,0,0,0,pbuf_add_header_impl,/Users/swchen.tw/git/percepio/poc/runs/tcp-workload-matrix-v1/A08-baseline/build/pbuf.o,
by_pc,2147501494,37,37,74,111,37,0,0,0,0,pbuf_add_header_impl,/Users/swchen.tw/git/percepio/poc/runs/tcp-workload-matrix-v1/A08-baseline/build/pbuf.o,
by_pc,2147501498,37,74,148,185,37,37,0,0,0,pbuf_add_header_impl,/Users/swchen.tw/git/percepio/poc/runs/tcp-workload-matrix-v1/A08-baseline/build/pbuf.o,
by_pc,2147501502,37,172,344,381,74,0,80,18,0,pbuf_add_header_impl,/Users/swchen.tw/git/percepio/poc/runs/tcp-workload-matrix-v1/A08-baseline/build/pbuf.o,
by_pc,2147501506,37,74,148,185,37,37,0,0,0,pbuf_add_header_impl,/Users/swchen.tw/git/percepio/poc/runs/tcp-workload-matrix-v1/A08-baseline/build/pbuf.o,
by_pc,2147501508,37,37,74,111,37,0,0,0,0,pbuf_add_header_impl,/Users/swchen.tw/git/percepio/poc/runs/tcp-workload-matrix-v1/A08-baseline/build/pbuf.o,
by_pc,2147501510,37,37,74,111,37,0,0,0,0,pbuf_add_header_impl,/Users/swchen.tw/git/percepio/poc/runs/tcp-workload-matrix-v1/A08-baseline/build/pbuf.o,
by_pc,2147501514,37,37,74,111,37,0,0,0,0,pbuf_add_header_impl,/Users/swchen.tw/git/percepio/poc/runs/tcp-workload-matrix-v1/A08-baseline/build/pbuf.o,
by_pc,2147501518,37,37,74,111,37,0,0,0,0,pbuf_add_header_impl,/Users/swchen.tw/git/percepio/poc/runs/tcp-workload-matrix-v1/A08-baseline/build/pbuf.o,
by_pc,2147501534,37,74,148,185,37,37,0,0,0,pbuf_add_header_impl,/Users/swchen.tw/git/percepio/poc/runs/tcp-workload-matrix-v1/A08-baseline/build/pbuf.o,
by_pc,2147501538,37,777,1554,1591,37,37,296,0,407,pbuf_add_header_impl,/Users/swchen.tw/git/percepio/poc/runs/tcp-workload-matrix-v1/A08-baseline/build/pbuf.o,
by_pc,2147501540,37,777,1554,1591,37,37,296,0,407,pbuf_add_header_impl,/Users/swchen.tw/git/percepio/poc/runs/tcp-workload-matrix-v1/A08-baseline/build/pbuf.o,
by_pc,2147501544,37,37,74,111,37,0,0,0,0,pbuf_add_header_impl,/Users/swchen.tw/git/percepio/poc/runs/tcp-workload-matrix-v1/A08-baseline/build/pbuf.o,
by_pc,2147501546,37,777,1554,1591,37,37,296,0,407,pbuf_add_header_impl,/Users/swchen.tw/git/percepio/poc/runs/tcp-workload-matrix-v1/A08-baseline/build/pbuf.o,
by_pc,2147501550,37,37,74,111,37,0,0,0,0,pbuf_add_header_impl,/Users/swchen.tw/git/percepio/poc/runs/tcp-workload-matrix-v1/A08-baseline/build/pbuf.o,
by_pc,2147501552,37,37,74,111,37,0,0,0,0,pbuf_add_header_impl,/Users/swchen.tw/git/percepio/poc/runs/tcp-workload-matrix-v1/A08-baseline/build/pbuf.o,
by_pc,2147496724,14,14,28,42,14,0,0,0,0,inject,/Users/swchen.tw/git/percepio/poc/runs/tcp-workload-matrix-v1/A08-baseline/build/tcp_request_response_irq.o,
by_pc,2147496742,14,14,28,42,14,0,0,0,0,inject,/Users/swchen.tw/git/percepio/poc/runs/tcp-workload-matrix-v1/A08-baseline/build/tcp_request_response_irq.o,
by_pc,2147496744,14,14,28,42,14,0,0,0,0,inject,/Users/swchen.tw/git/percepio/poc/runs/tcp-workload-matrix-v1/A08-baseline/build/tcp_request_response_irq.o,
by_pc,2147496746,14,14,28,42,14,0,0,0,0,inject,/Users/swchen.tw/git/percepio/poc/runs/tcp-workload-matrix-v1/A08-baseline/build/tcp_request_response_irq.o,
by_pc,2147495418,27,77,154,181,27,0,32,18,0,snapshot,/Users/swchen.tw/git/percepio/poc/runs/tcp-workload-matrix-v1/A08-baseline/build/tcp_request_response_irq.o,
by_pc,2147495420,27,567,1134,1161,27,27,216,0,297,snapshot,/Users/swchen.tw/git/percepio/poc/runs/tcp-workload-matrix-v1/A08-baseline/build/tcp_request_response_irq.o,
by_pc,2147495422,27,567,1134,1161,27,27,216,0,297,snapshot,/Users/swchen.tw/git/percepio/poc/runs/tcp-workload-matrix-v1/A08-baseline/build/tcp_request_response_irq.o,
by_pc,2147495424,27,713,1426,1453,27,27,344,18,297,snapshot,/Users/swchen.tw/git/percepio/poc/runs/tcp-workload-matrix-v1/A08-baseline/build/tcp_request_response_irq.o,
by_pc,2147495426,27,567,1134,1161,27,27,216,0,297,snapshot,/Users/swchen.tw/git/percepio/poc/runs/tcp-workload-matrix-v1/A08-baseline/build/tcp_request_response_irq.o,
by_pc,2147495428,27,27,54,81,27,0,0,0,0,snapshot,/Users/swchen.tw/git/percepio/poc/runs/tcp-workload-matrix-v1/A08-baseline/build/tcp_request_response_irq.o,
by_pc,2147495432,27,54,108,135,27,27,0,0,0,snapshot,/Users/swchen.tw/git/percepio/poc/runs/tcp-workload-matrix-v1/A08-baseline/build/tcp_request_response_irq.o,
by_pc,2147495434,27,27,54,81,27,0,0,0,0,snapshot,/Users/swchen.tw/git/percepio/poc/runs/tcp-workload-matrix-v1/A08-baseline/build/tcp_request_response_irq.o,
by_pc,2147495436,27,27,54,81,27,0,0,0,0,snapshot,/Users/swchen.tw/git/percepio/poc/runs/tcp-workload-matrix-v1/A08-baseline/build/tcp_request_response_irq.o,
by_pc,2147495438,27,27,54,81,27,0,0,0,0,snapshot,/Users/swchen.tw/git/percepio/poc/runs/tcp-workload-matrix-v1/A08-baseline/build/tcp_request_response_irq.o,
by_pc,2147495440,27,27,54,81,27,0,0,0,0,snapshot,/Users/swchen.tw/git/percepio/poc/runs/tcp-workload-matrix-v1/A08-baseline/build/tcp_request_response_irq.o,
by_pc,2147495444,27,54,108,135,27,27,0,0,0,snapshot,/Users/swchen.tw/git/percepio/poc/runs/tcp-workload-matrix-v1/A08-baseline/build/tcp_request_response_irq.o,
by_pc,2147495448,27,27,54,81,27,0,0,0,0,snapshot,/Users/swchen.tw/git/percepio/poc/runs/tcp-workload-matrix-v1/A08-baseline/build/tcp_request_response_irq.o,
by_pc,2147495452,27,27,54,81,27,0,0,0,0,snapshot,/Users/swchen.tw/git/percepio/poc/runs/tcp-workload-matrix-v1/A08-baseline/build/tcp_request_response_irq.o,
by_pc,2147495472,27,54,108,135,27,27,0,0,0,snapshot,/Users/swchen.tw/git/percepio/poc/runs/tcp-workload-matrix-v1/A08-baseline/build/tcp_request_response_irq.o,
by_pc,2147495474,27,54,108,135,27,27,0,0,0,snapshot,/Users/swchen.tw/git/percepio/poc/runs/tcp-workload-matrix-v1/A08-baseline/build/tcp_request_response_irq.o,
by_pc,2147495478,27,27,54,81,27,0,0,0,0,snapshot,/Users/swchen.tw/git/percepio/poc/runs/tcp-workload-matrix-v1/A08-baseline/build/tcp_request_response_irq.o,
by_pc,2147495482,27,27,54,81,27,0,0,0,0,snapshot,/Users/swchen.tw/git/percepio/poc/runs/tcp-workload-matrix-v1/A08-baseline/build/tcp_request_response_irq.o,
by_pc,2147495486,27,184,368,395,54,0,112,18,0,snapshot,/Users/swchen.tw/git/percepio/poc/runs/tcp-workload-matrix-v1/A08-baseline/build/tcp_request_response_irq.o,
by_pc,2147495490,27,27,54,81,27,0,0,0,0,snapshot,/Users/swchen.tw/git/percepio/poc/runs/tcp-workload-matrix-v1/A08-baseline/build/tcp_request_response_irq.o,
by_pc,2147495492,27,603,1206,1233,27,27,216,36,297,snapshot,/Users/swchen.tw/git/percepio/poc/runs/tcp-workload-matrix-v1/A08-baseline/build/tcp_request_response_irq.o,
by_pc,2147495494,27,27,54,81,27,0,0,0,0,snapshot,/Users/swchen.tw/git/percepio/poc/runs/tcp-workload-matrix-v1/A08-baseline/build/tcp_request_response_irq.o,
by_pc,2147495498,27,27,54,81,27,0,0,0,0,snapshot,/Users/swchen.tw/git/percepio/poc/runs/tcp-workload-matrix-v1/A08-baseline/build/tcp_request_response_irq.o,
by_pc,2147495502,27,27,54,81,27,0,0,0,0,snapshot,/Users/swchen.tw/git/percepio/poc/runs/tcp-workload-matrix-v1/A08-baseline/build/tcp_request_response_irq.o,
by_pc,2147495504,27,603,1206,1233,27,27,216,36,297,snapshot,/Users/swchen.tw/git/percepio/poc/runs/tcp-workload-matrix-v1/A08-baseline/build/tcp_request_response_irq.o,
by_pc,2147495508,27,27,54,81,27,0,0,0,0,snapshot,/Users/swchen.tw/git/percepio/poc/runs/tcp-workload-matrix-v1/A08-baseline/build/tcp_request_response_irq.o,
by_pc,2147495512,27,27,54,81,27,0,0,0,0,snapshot,/Users/swchen.tw/git/percepio/poc/runs/tcp-workload-matrix-v1/A08-baseline/build/tcp_request_response_irq.o,
by_pc,2147495516,27,27,54,81,27,0,0,0,0,snapshot,/Users/swchen.tw/git/percepio/poc/runs/tcp-workload-matrix-v1/A08-baseline/build/tcp_request_response_irq.o,
by_pc,2147495520,27,27,54,81,27,0,0,0,0,snapshot,/Users/swchen.tw/git/percepio/poc/runs/tcp-workload-matrix-v1/A08-baseline/build/tcp_request_response_irq.o,
by_pc,2147495524,27,27,54,81,27,0,0,0,0,snapshot,/Users/swchen.tw/git/percepio/poc/runs/tcp-workload-matrix-v1/A08-baseline/build/tcp_request_response_irq.o,
by_pc,2147495526,27,27,54,81,27,0,0,0,0,snapshot,/Users/swchen.tw/git/percepio/poc/runs/tcp-workload-matrix-v1/A08-baseline/build/tcp_request_response_irq.o,
by_pc,2147495528,27,27,54,81,27,0,0,0,0,snapshot,/Users/swchen.tw/git/percepio/poc/runs/tcp-workload-matrix-v1/A08-baseline/build/tcp_request_response_irq.o,
by_pc,2147495530,27,27,54,81,27,0,0,0,0,snapshot,/Users/swchen.tw/git/percepio/poc/runs/tcp-workload-matrix-v1/A08-baseline/build/tcp_request_response_irq.o,
by_pc,2147502488,27,85,170,197,27,0,40,18,0,pbuf_copy_partial,/Users/swchen.tw/git/percepio/poc/runs/tcp-workload-matrix-v1/A08-baseline/build/pbuf.o,
by_pc,2147502490,27,567,1134,1161,27,27,216,0,297,pbuf_copy_partial,/Users/swchen.tw/git/percepio/poc/runs/tcp-workload-matrix-v1/A08-baseline/build/pbuf.o,
by_pc,2147502492,27,567,1134,1161,27,27,216,0,297,pbuf_copy_partial,/Users/swchen.tw/git/percepio/poc/runs/tcp-workload-matrix-v1/A08-baseline/build/pbuf.o,
by_pc,2147502494,27,567,1134,1161,27,27,216,0,297,pbuf_copy_partial,/Users/swchen.tw/git/percepio/poc/runs/tcp-workload-matrix-v1/A08-baseline/build/pbuf.o,
by_pc,2147502496,27,567,1134,1161,27,27,216,0,297,pbuf_copy_partial,/Users/swchen.tw/git/percepio/poc/runs/tcp-workload-matrix-v1/A08-baseline/build/pbuf.o,
by_pc,2147502498,27,567,1134,1161,27,27,216,0,297,pbuf_copy_partial,/Users/swchen.tw/git/percepio/poc/runs/tcp-workload-matrix-v1/A08-baseline/build/pbuf.o,
by_pc,2147502500,27,27,54,81,27,0,0,0,0,pbuf_copy_partial,/Users/swchen.tw/git/percepio/poc/runs/tcp-workload-matrix-v1/A08-baseline/build/pbuf.o,
by_pc,2147502502,27,27,54,81,27,0,0,0,0,pbuf_copy_partial,/Users/swchen.tw/git/percepio/poc/runs/tcp-workload-matrix-v1/A08-baseline/build/pbuf.o,
by_pc,2147502504,27,27,54,81,27,0,0,0,0,pbuf_copy_partial,/Users/swchen.tw/git/percepio/poc/runs/tcp-workload-matrix-v1/A08-baseline/build/pbuf.o,
by_pc,2147502506,27,27,54,81,27,0,0,0,0,pbuf_copy_partial,/Users/swchen.tw/git/percepio/poc/runs/tcp-workload-matrix-v1/A08-baseline/build/pbuf.o,
by_pc,2147502508,27,27,54,81,27,0,0,0,0,pbuf_copy_partial,/Users/swchen.tw/git/percepio/poc/runs/tcp-workload-matrix-v1/A08-baseline/build/pbuf.o,
by_pc,2147502510,27,27,54,81,27,0,0,0,0,pbuf_copy_partial,/Users/swchen.tw/git/percepio/poc/runs/tcp-workload-matrix-v1/A08-baseline/build/pbuf.o,
by_pc,2147502512,62,62,124,186,62,0,0,0,0,pbuf_copy_partial,/Users/swchen.tw/git/percepio/poc/runs/tcp-workload-matrix-v1/A08-baseline/build/pbuf.o,
by_pc,2147502514,35,35,70,105,35,0,0,0,0,pbuf_copy_partial,/Users/swchen.tw/git/percepio/poc/runs/tcp-workload-matrix-v1/A08-baseline/build/pbuf.o,
by_pc,2147502532,35,200,400,435,35,35,112,18,0,pbuf_copy_partial,/Users/swchen.tw/git/percepio/poc/runs/tcp-workload-matrix-v1/A08-baseline/build/pbuf.o,
by_pc,2147502536,35,35,70,105,35,0,0,0,0,pbuf_copy_partial,/Users/swchen.tw/git/percepio/poc/runs/tcp-workload-matrix-v1/A08-baseline/build/pbuf.o,
by_pc,2147502552,35,35,70,105,35,0,0,0,0,pbuf_copy_partial,/Users/swchen.tw/git/percepio/poc/runs/tcp-workload-matrix-v1/A08-baseline/build/pbuf.o,
by_pc,2147502554,35,35,70,105,35,0,0,0,0,pbuf_copy_partial,/Users/swchen.tw/git/percepio/poc/runs/tcp-workload-matrix-v1/A08-baseline/build/pbuf.o,
by_pc,2147502556,35,35,70,105,35,0,0,0,0,pbuf_copy_partial,/Users/swchen.tw/git/percepio/poc/runs/tcp-workload-matrix-v1/A08-baseline/build/pbuf.o,
by_pc,2147502558,35,35,70,105,35,0,0,0,0,pbuf_copy_partial,/Users/swchen.tw/git/percepio/poc/runs/tcp-workload-matrix-v1/A08-baseline/build/pbuf.o,
by_pc,2147502560,35,35,70,105,35,0,0,0,0,pbuf_copy_partial,/Users/swchen.tw/git/percepio/poc/runs/tcp-workload-matrix-v1/A08-baseline/build/pbuf.o,
by_pc,2147502566,35,70,140,175,35,35,0,0,0,pbuf_copy_partial,/Users/swchen.tw/git/percepio/poc/runs/tcp-workload-matrix-v1/A08-baseline/build/pbuf.o,
by_pc,2147502568,35,35,70,105,35,0,0,0,0,pbuf_copy_partial,/Users/swchen.tw/git/percepio/poc/runs/tcp-workload-matrix-v1/A08-baseline/build/pbuf.o,
by_pc,2147502570,35,35,70,105,35,0,0,0,0,pbuf_copy_partial,/Users/swchen.tw/git/percepio/poc/runs/tcp-workload-matrix-v1/A08-baseline/build/pbuf.o,
by_pc,2147502572,35,35,70,105,35,0,0,0,0,pbuf_copy_partial,/Users/swchen.tw/git/percepio/poc/runs/tcp-workload-matrix-v1/A08-baseline/build/pbuf.o,
by_pc,2147502574,35,35,70,105,35,0,0,0,0,pbuf_copy_partial,/Users/swchen.tw/git/percepio/poc/runs/tcp-workload-matrix-v1/A08-baseline/build/pbuf.o,
by_pc,2147502578,35,753,1506,1541,35,35,280,18,385,pbuf_copy_partial,/Users/swchen.tw/git/percepio/poc/runs/tcp-workload-matrix-v1/A08-baseline/build/pbuf.o,
by_pc,2147502580,35,35,70,105,35,0,0,0,0,pbuf_copy_partial,/Users/swchen.tw/git/percepio/poc/runs/tcp-workload-matrix-v1/A08-baseline/build/pbuf.o,
by_pc,2147520114,38,110,220,258,38,0,72,0,0,memcpy,/Users/swchen.tw/git/percepio/poc/.tools/xpack-riscv-none-elf-gcc-15.2.0-1/bin/../lib/gcc/riscv-none-elf/15.2.0/../../../../riscv-none-elf/lib/libg_nano.a(libc_a-memcpy-asm.o),
by_pc,2147520116,38,38,76,114,38,0,0,0,0,memcpy,/Users/swchen.tw/git/percepio/poc/.tools/xpack-riscv-none-elf-gcc-15.2.0-1/bin/../lib/gcc/riscv-none-elf/15.2.0/../../../../riscv-none-elf/lib/libg_nano.a(libc_a-memcpy-asm.o),
by_pc,2147520118,18656,37336,74672,93328,18656,18656,24,0,0,memcpy,/Users/swchen.tw/git/percepio/poc/.tools/xpack-riscv-none-elf-gcc-15.2.0-1/bin/../lib/gcc/riscv-none-elf/15.2.0/../../../../riscv-none-elf/lib/libg_nano.a(libc_a-memcpy-asm.o),
by_pc,2147520122,18656,396726,793452,812108,18656,18656,149248,4950,205216,memcpy,/Users/swchen.tw/git/percepio/poc/.tools/xpack-riscv-none-elf-gcc-15.2.0-1/bin/../lib/gcc/riscv-none-elf/15.2.0/../../../../riscv-none-elf/lib/libg_nano.a(libc_a-memcpy-asm.o),
by_pc,2147520126,18656,18656,37312,55968,18656,0,0,0,0,memcpy,/Users/swchen.tw/git/percepio/poc/.tools/xpack-riscv-none-elf-gcc-15.2.0-1/bin/../lib/gcc/riscv-none-elf/15.2.0/../../../../riscv-none-elf/lib/libg_nano.a(libc_a-memcpy-asm.o),
by_pc,2147520128,18656,18810,37620,56276,18656,0,136,18,0,memcpy,/Users/swchen.tw/git/percepio/poc/.tools/xpack-riscv-none-elf-gcc-15.2.0-1/bin/../lib/gcc/riscv-none-elf/15.2.0/../../../../riscv-none-elf/lib/libg_nano.a(libc_a-memcpy-asm.o),
by_pc,2147520130,18656,18656,37312,55968,18656,0,0,0,0,memcpy,/Users/swchen.tw/git/percepio/poc/.tools/xpack-riscv-none-elf-gcc-15.2.0-1/bin/../lib/gcc/riscv-none-elf/15.2.0/../../../../riscv-none-elf/lib/libg_nano.a(libc_a-memcpy-asm.o),
by_pc,2147520132,18656,18656,37312,55968,18656,0,0,0,0,memcpy,/Users/swchen.tw/git/percepio/poc/.tools/xpack-riscv-none-elf-gcc-15.2.0-1/bin/../lib/gcc/riscv-none-elf/15.2.0/../../../../riscv-none-elf/lib/libg_nano.a(libc_a-memcpy-asm.o),
by_pc,2147520134,38,38,76,114,38,0,0,0,0,memcpy,/Users/swchen.tw/git/percepio/poc/.tools/xpack-riscv-none-elf-gcc-15.2.0-1/bin/../lib/gcc/riscv-none-elf/15.2.0/../../../../riscv-none-elf/lib/libg_nano.a(libc_a-memcpy-asm.o),
by_pc,2147502584,35,70,140,175,35,35,0,0,0,pbuf_copy_partial,/Users/swchen.tw/git/percepio/poc/runs/tcp-workload-matrix-v1/A08-baseline/build/pbuf.o,
by_pc,2147502586,35,35,70,105,35,0,0,0,0,pbuf_copy_partial,/Users/swchen.tw/git/percepio/poc/runs/tcp-workload-matrix-v1/A08-baseline/build/pbuf.o,
by_pc,2147502588,35,35,70,105,35,0,0,0,0,pbuf_copy_partial,/Users/swchen.tw/git/percepio/poc/runs/tcp-workload-matrix-v1/A08-baseline/build/pbuf.o,
by_pc,2147502590,35,35,70,105,35,0,0,0,0,pbuf_copy_partial,/Users/swchen.tw/git/percepio/poc/runs/tcp-workload-matrix-v1/A08-baseline/build/pbuf.o,
by_pc,2147502592,35,141,282,317,35,0,88,18,0,pbuf_copy_partial,/Users/swchen.tw/git/percepio/poc/runs/tcp-workload-matrix-v1/A08-baseline/build/pbuf.o,
by_pc,2147502594,35,35,70,105,35,0,0,0,0,pbuf_copy_partial,/Users/swchen.tw/git/percepio/poc/runs/tcp-workload-matrix-v1/A08-baseline/build/pbuf.o,
by_pc,2147502596,35,35,70,105,35,0,0,0,0,pbuf_copy_partial,/Users/swchen.tw/git/percepio/poc/runs/tcp-workload-matrix-v1/A08-baseline/build/pbuf.o,
by_pc,2147502600,35,35,70,105,35,0,0,0,0,pbuf_copy_partial,/Users/swchen.tw/git/percepio/poc/runs/tcp-workload-matrix-v1/A08-baseline/build/pbuf.o,
by_pc,2147502602,35,35,70,105,35,0,0,0,0,pbuf_copy_partial,/Users/swchen.tw/git/percepio/poc/runs/tcp-workload-matrix-v1/A08-baseline/build/pbuf.o,
by_pc,2147502548,35,70,140,175,35,35,0,0,0,pbuf_copy_partial,/Users/swchen.tw/git/percepio/poc/runs/tcp-workload-matrix-v1/A08-baseline/build/pbuf.o,
by_pc,2147502550,35,35,70,105,35,0,0,0,0,pbuf_copy_partial,/Users/swchen.tw/git/percepio/poc/runs/tcp-workload-matrix-v1/A08-baseline/build/pbuf.o,
by_pc,2147502516,27,54,108,135,27,27,0,0,0,pbuf_copy_partial,/Users/swchen.tw/git/percepio/poc/runs/tcp-workload-matrix-v1/A08-baseline/build/pbuf.o,
by_pc,2147502518,27,54,108,135,27,27,0,0,0,pbuf_copy_partial,/Users/swchen.tw/git/percepio/poc/runs/tcp-workload-matrix-v1/A08-baseline/build/pbuf.o,
by_pc,2147502520,27,54,108,135,27,27,0,0,0,pbuf_copy_partial,/Users/swchen.tw/git/percepio/poc/runs/tcp-workload-matrix-v1/A08-baseline/build/pbuf.o,
by_pc,2147502522,27,54,108,135,27,27,0,0,0,pbuf_copy_partial,/Users/swchen.tw/git/percepio/poc/runs/tcp-workload-matrix-v1/A08-baseline/build/pbuf.o,
by_pc,2147502524,27,27,54,81,27,0,0,0,0,pbuf_copy_partial,/Users/swchen.tw/git/percepio/poc/runs/tcp-workload-matrix-v1/A08-baseline/build/pbuf.o,
by_pc,2147502526,27,54,108,135,27,27,0,0,0,pbuf_copy_partial,/Users/swchen.tw/git/percepio/poc/runs/tcp-workload-matrix-v1/A08-baseline/build/pbuf.o,
by_pc,2147502528,27,27,54,81,27,0,0,0,0,pbuf_copy_partial,/Users/swchen.tw/git/percepio/poc/runs/tcp-workload-matrix-v1/A08-baseline/build/pbuf.o,
by_pc,2147502530,27,27,54,81,27,0,0,0,0,pbuf_copy_partial,/Users/swchen.tw/git/percepio/poc/runs/tcp-workload-matrix-v1/A08-baseline/build/pbuf.o,
by_pc,2147495534,27,54,108,135,27,27,0,0,0,snapshot,/Users/swchen.tw/git/percepio/poc/runs/tcp-workload-matrix-v1/A08-baseline/build/tcp_request_response_irq.o,
by_pc,2147495538,27,27,54,81,27,0,0,0,0,snapshot,/Users/swchen.tw/git/percepio/poc/runs/tcp-workload-matrix-v1/A08-baseline/build/tcp_request_response_irq.o,
by_pc,2147495558,27,104,208,235,27,27,32,18,0,snapshot,/Users/swchen.tw/git/percepio/poc/runs/tcp-workload-matrix-v1/A08-baseline/build/tcp_request_response_irq.o,
by_pc,2147495560,27,27,54,81,27,0,0,0,0,snapshot,/Users/swchen.tw/git/percepio/poc/runs/tcp-workload-matrix-v1/A08-baseline/build/tcp_request_response_irq.o,
by_pc,2147495562,27,567,1134,1161,27,27,216,0,297,snapshot,/Users/swchen.tw/git/percepio/poc/runs/tcp-workload-matrix-v1/A08-baseline/build/tcp_request_response_irq.o,
by_pc,2147495564,27,54,108,135,27,27,0,0,0,snapshot,/Users/swchen.tw/git/percepio/poc/runs/tcp-workload-matrix-v1/A08-baseline/build/tcp_request_response_irq.o,
by_pc,2147495566,27,54,108,135,27,27,0,0,0,snapshot,/Users/swchen.tw/git/percepio/poc/runs/tcp-workload-matrix-v1/A08-baseline/build/tcp_request_response_irq.o,
by_pc,2147495568,27,54,108,135,27,27,0,0,0,snapshot,/Users/swchen.tw/git/percepio/poc/runs/tcp-workload-matrix-v1/A08-baseline/build/tcp_request_response_irq.o,
by_pc,2147495570,27,54,108,135,27,27,0,0,0,snapshot,/Users/swchen.tw/git/percepio/poc/runs/tcp-workload-matrix-v1/A08-baseline/build/tcp_request_response_irq.o,
by_pc,2147495572,27,27,54,81,27,0,0,0,0,snapshot,/Users/swchen.tw/git/percepio/poc/runs/tcp-workload-matrix-v1/A08-baseline/build/tcp_request_response_irq.o,
by_pc,2147495574,27,27,54,81,27,0,0,0,0,snapshot,/Users/swchen.tw/git/percepio/poc/runs/tcp-workload-matrix-v1/A08-baseline/build/tcp_request_response_irq.o,
by_pc,2147496750,14,14,28,42,14,0,0,0,0,inject,/Users/swchen.tw/git/percepio/poc/runs/tcp-workload-matrix-v1/A08-baseline/build/tcp_request_response_irq.o,
by_pc,2147496754,14,14,28,42,14,0,0,0,0,inject,/Users/swchen.tw/git/percepio/poc/runs/tcp-workload-matrix-v1/A08-baseline/build/tcp_request_response_irq.o,
by_pc,2147496758,14,14,28,42,14,0,0,0,0,inject,/Users/swchen.tw/git/percepio/poc/runs/tcp-workload-matrix-v1/A08-baseline/build/tcp_request_response_irq.o,
by_pc,2147496762,14,14,28,42,14,0,0,0,0,inject,/Users/swchen.tw/git/percepio/poc/runs/tcp-workload-matrix-v1/A08-baseline/build/tcp_request_response_irq.o,
by_pc,2147496766,14,14,28,42,14,0,0,0,0,inject,/Users/swchen.tw/git/percepio/poc/runs/tcp-workload-matrix-v1/A08-baseline/build/tcp_request_response_irq.o,
by_pc,2147496768,14,92,184,198,14,0,24,54,0,inject,/Users/swchen.tw/git/percepio/poc/runs/tcp-workload-matrix-v1/A08-baseline/build/tcp_request_response_irq.o,
by_pc,2147517858,14,80,160,174,14,0,48,18,0,ip4_input,/Users/swchen.tw/git/percepio/poc/runs/tcp-workload-matrix-v1/A08-baseline/build/ip4.o,
by_pc,2147517862,14,28,56,70,14,14,0,0,0,ip4_input,/Users/swchen.tw/git/percepio/poc/runs/tcp-workload-matrix-v1/A08-baseline/build/ip4.o,
by_pc,2147517866,14,14,28,42,14,0,0,0,0,ip4_input,/Users/swchen.tw/git/percepio/poc/runs/tcp-workload-matrix-v1/A08-baseline/build/ip4.o,
by_pc,2147517868,14,294,588,602,14,14,112,0,154,ip4_input,/Users/swchen.tw/git/percepio/poc/runs/tcp-workload-matrix-v1/A08-baseline/build/ip4.o,
by_pc,2147517870,14,14,28,42,14,0,0,0,0,ip4_input,/Users/swchen.tw/git/percepio/poc/runs/tcp-workload-matrix-v1/A08-baseline/build/ip4.o,
by_pc,2147517872,14,14,28,42,14,0,0,0,0,ip4_input,/Users/swchen.tw/git/percepio/poc/runs/tcp-workload-matrix-v1/A08-baseline/build/ip4.o,
by_pc,2147517876,14,294,588,602,14,14,112,0,154,ip4_input,/Users/swchen.tw/git/percepio/poc/runs/tcp-workload-matrix-v1/A08-baseline/build/ip4.o,
by_pc,2147517880,14,294,588,602,14,14,112,0,154,ip4_input,/Users/swchen.tw/git/percepio/poc/runs/tcp-workload-matrix-v1/A08-baseline/build/ip4.o,
by_pc,2147517882,14,294,588,602,14,14,112,0,154,ip4_input,/Users/swchen.tw/git/percepio/poc/runs/tcp-workload-matrix-v1/A08-baseline/build/ip4.o,
by_pc,2147517884,14,294,588,602,14,14,112,0,154,ip4_input,/Users/swchen.tw/git/percepio/poc/runs/tcp-workload-matrix-v1/A08-baseline/build/ip4.o,
by_pc,2147517886,14,294,588,602,14,14,112,0,154,ip4_input,/Users/swchen.tw/git/percepio/poc/runs/tcp-workload-matrix-v1/A08-baseline/build/ip4.o,
by_pc,2147517888,14,408,816,830,14,14,208,18,154,ip4_input,/Users/swchen.tw/git/percepio/poc/runs/tcp-workload-matrix-v1/A08-baseline/build/ip4.o,
by_pc,2147517890,14,294,588,602,14,14,112,0,154,ip4_input,/Users/swchen.tw/git/percepio/poc/runs/tcp-workload-matrix-v1/A08-baseline/build/ip4.o,
by_pc,2147517892,14,294,588,602,14,14,112,0,154,ip4_input,/Users/swchen.tw/git/percepio/poc/runs/tcp-workload-matrix-v1/A08-baseline/build/ip4.o,
by_pc,2147517894,14,28,56,70,14,14,0,0,0,ip4_input,/Users/swchen.tw/git/percepio/poc/runs/tcp-workload-matrix-v1/A08-baseline/build/ip4.o,
by_pc,2147517896,14,14,28,42,14,0,0,0,0,ip4_input,/Users/swchen.tw/git/percepio/poc/runs/tcp-workload-matrix-v1/A08-baseline/build/ip4.o,
by_pc,2147517898,14,28,56,70,14,14,0,0,0,ip4_input,/Users/swchen.tw/git/percepio/poc/runs/tcp-workload-matrix-v1/A08-baseline/build/ip4.o,
by_pc,2147517902,14,14,28,42,14,0,0,0,0,ip4_input,/Users/swchen.tw/git/percepio/poc/runs/tcp-workload-matrix-v1/A08-baseline/build/ip4.o,
by_pc,2147517906,14,14,28,42,14,0,0,0,0,ip4_input,/Users/swchen.tw/git/percepio/poc/runs/tcp-workload-matrix-v1/A08-baseline/build/ip4.o,
by_pc,2147517972,14,196,392,406,14,14,96,72,0,ip4_input,/Users/swchen.tw/git/percepio/poc/runs/tcp-workload-matrix-v1/A08-baseline/build/ip4.o,
by_pc,2147517976,14,14,28,42,14,0,0,0,0,ip4_input,/Users/swchen.tw/git/percepio/poc/runs/tcp-workload-matrix-v1/A08-baseline/build/ip4.o,
by_pc,2147517978,14,28,56,70,14,14,0,0,0,ip4_input,/Users/swchen.tw/git/percepio/poc/runs/tcp-workload-matrix-v1/A08-baseline/build/ip4.o,
by_pc,2147517982,14,14,28,42,14,0,0,0,0,ip4_input,/Users/swchen.tw/git/percepio/poc/runs/tcp-workload-matrix-v1/A08-baseline/build/ip4.o,
by_pc,2147517984,14,14,28,42,14,0,0,0,0,ip4_input,/Users/swchen.tw/git/percepio/poc/runs/tcp-workload-matrix-v1/A08-baseline/build/ip4.o,
by_pc,2147517986,14,14,28,42,14,0,0,0,0,ip4_input,/Users/swchen.tw/git/percepio/poc/runs/tcp-workload-matrix-v1/A08-baseline/build/ip4.o,
by_pc,2147517988,14,14,28,42,14,0,0,0,0,ip4_input,/Users/swchen.tw/git/percepio/poc/runs/tcp-workload-matrix-v1/A08-baseline/build/ip4.o,
by_pc,2147517992,14,28,56,70,14,14,0,0,0,ip4_input,/Users/swchen.tw/git/percepio/poc/runs/tcp-workload-matrix-v1/A08-baseline/build/ip4.o,
by_pc,2147517996,14,14,28,42,14,0,0,0,0,ip4_input,/Users/swchen.tw/git/percepio/poc/runs/tcp-workload-matrix-v1/A08-baseline/build/ip4.o,
by_pc,2147518000,14,14,28,42,14,0,0,0,0,ip4_input,/Users/swchen.tw/git/percepio/poc/runs/tcp-workload-matrix-v1/A08-baseline/build/ip4.o,
by_pc,2147518002,14,14,28,42,14,0,0,0,0,ip4_input,/Users/swchen.tw/git/percepio/poc/runs/tcp-workload-matrix-v1/A08-baseline/build/ip4.o,
by_pc,2147518004,14,14,28,42,14,0,0,0,0,ip4_input,/Users/swchen.tw/git/percepio/poc/runs/tcp-workload-matrix-v1/A08-baseline/build/ip4.o,
by_pc,2147518016,14,212,424,438,14,14,112,72,0,ip4_input,/Users/swchen.tw/git/percepio/poc/runs/tcp-workload-matrix-v1/A08-baseline/build/ip4.o,
by_pc,2147518020,14,14,28,42,14,0,0,0,0,ip4_input,/Users/swchen.tw/git/percepio/poc/runs/tcp-workload-matrix-v1/A08-baseline/build/ip4.o,
by_pc,2147518024,14,28,56,70,14,14,0,0,0,ip4_input,/Users/swchen.tw/git/percepio/poc/runs/tcp-workload-matrix-v1/A08-baseline/build/ip4.o,
by_pc,2147518028,14,14,28,42,14,0,0,0,0,ip4_input,/Users/swchen.tw/git/percepio/poc/runs/tcp-workload-matrix-v1/A08-baseline/build/ip4.o,
by_pc,2147518032,14,14,28,42,14,0,0,0,0,ip4_input,/Users/swchen.tw/git/percepio/poc/runs/tcp-workload-matrix-v1/A08-baseline/build/ip4.o,
by_pc,2147518036,14,14,28,42,14,0,0,0,0,ip4_input,/Users/swchen.tw/git/percepio/poc/runs/tcp-workload-matrix-v1/A08-baseline/build/ip4.o,
by_pc,2147518064,14,14,28,42,14,0,0,0,0,ip4_input,/Users/swchen.tw/git/percepio/poc/runs/tcp-workload-matrix-v1/A08-baseline/build/ip4.o,
by_pc,2147518066,14,14,28,42,14,0,0,0,0,ip4_input,/Users/swchen.tw/git/percepio/poc/runs/tcp-workload-matrix-v1/A08-baseline/build/ip4.o,
by_pc,2147518068,14,14,28,42,14,0,0,0,0,ip4_input,/Users/swchen.tw/git/percepio/poc/runs/tcp-workload-matrix-v1/A08-baseline/build/ip4.o,
by_pc,2147518072,14,14,28,42,14,0,0,0,0,ip4_input,/Users/swchen.tw/git/percepio/poc/runs/tcp-workload-matrix-v1/A08-baseline/build/ip4.o,
by_pc,2147518100,14,158,316,330,14,14,112,18,0,ip4_input,/Users/swchen.tw/git/percepio/poc/runs/tcp-workload-matrix-v1/A08-baseline/build/ip4.o,
by_pc,2147518104,14,28,56,70,14,14,0,0,0,ip4_input,/Users/swchen.tw/git/percepio/poc/runs/tcp-workload-matrix-v1/A08-baseline/build/ip4.o,
by_pc,2147518108,14,14,28,42,14,0,0,0,0,ip4_input,/Users/swchen.tw/git/percepio/poc/runs/tcp-workload-matrix-v1/A08-baseline/build/ip4.o,
by_pc,2147518112,14,14,28,42,14,0,0,0,0,ip4_input,/Users/swchen.tw/git/percepio/poc/runs/tcp-workload-matrix-v1/A08-baseline/build/ip4.o,
by_pc,2147518116,14,14,28,42,14,0,0,0,0,ip4_input,/Users/swchen.tw/git/percepio/poc/runs/tcp-workload-matrix-v1/A08-baseline/build/ip4.o,
by_pc,2147518118,14,14,28,42,14,0,0,0,0,ip4_input,/Users/swchen.tw/git/percepio/poc/runs/tcp-workload-matrix-v1/A08-baseline/build/ip4.o,
by_pc,2147518120,14,28,56,70,14,14,0,0,0,ip4_input,/Users/swchen.tw/git/percepio/poc/runs/tcp-workload-matrix-v1/A08-baseline/build/ip4.o,
by_pc,2147518124,14,14,28,42,14,0,0,0,0,ip4_input,/Users/swchen.tw/git/percepio/poc/runs/tcp-workload-matrix-v1/A08-baseline/build/ip4.o,
by_pc,2147518126,14,14,28,42,14,0,0,0,0,ip4_input,/Users/swchen.tw/git/percepio/poc/runs/tcp-workload-matrix-v1/A08-baseline/build/ip4.o,
by_pc,2147518128,14,28,56,70,14,14,0,0,0,ip4_input,/Users/swchen.tw/git/percepio/poc/runs/tcp-workload-matrix-v1/A08-baseline/build/ip4.o,
by_pc,2147518132,14,14,28,42,14,0,0,0,0,ip4_input,/Users/swchen.tw/git/percepio/poc/runs/tcp-workload-matrix-v1/A08-baseline/build/ip4.o,
by_pc,2147518134,14,14,28,42,14,0,0,0,0,ip4_input,/Users/swchen.tw/git/percepio/poc/runs/tcp-workload-matrix-v1/A08-baseline/build/ip4.o,
by_pc,2147518136,14,312,624,638,14,14,112,18,154,ip4_input,/Users/swchen.tw/git/percepio/poc/runs/tcp-workload-matrix-v1/A08-baseline/build/ip4.o,
by_pc,2147518140,14,28,56,70,14,14,0,0,0,ip4_input,/Users/swchen.tw/git/percepio/poc/runs/tcp-workload-matrix-v1/A08-baseline/build/ip4.o,
by_pc,2147518144,14,142,284,298,14,14,96,18,0,ip4_input,/Users/swchen.tw/git/percepio/poc/runs/tcp-workload-matrix-v1/A08-baseline/build/ip4.o,
by_pc,2147518148,14,14,28,42,14,0,0,0,0,ip4_input,/Users/swchen.tw/git/percepio/poc/runs/tcp-workload-matrix-v1/A08-baseline/build/ip4.o,
by_pc,2147518152,14,14,28,42,14,0,0,0,0,ip4_input,/Users/swchen.tw/git/percepio/poc/runs/tcp-workload-matrix-v1/A08-baseline/build/ip4.o,
by_pc,2147518154,14,14,28,42,14,0,0,0,0,ip4_input,/Users/swchen.tw/git/percepio/poc/runs/tcp-workload-matrix-v1/A08-baseline/build/ip4.o,
by_pc,2147518156,14,28,56,70,14,14,0,0,0,ip4_input,/Users/swchen.tw/git/percepio/poc/runs/tcp-workload-matrix-v1/A08-baseline/build/ip4.o,
by_pc,2147518160,14,14,28,42,14,0,0,0,0,ip4_input,/Users/swchen.tw/git/percepio/poc/runs/tcp-workload-matrix-v1/A08-baseline/build/ip4.o,
by_pc,2147518162,14,14,28,42,14,0,0,0,0,ip4_input,/Users/swchen.tw/git/percepio/poc/runs/tcp-workload-matrix-v1/A08-baseline/build/ip4.o,
by_pc,2147518164,14,28,56,70,14,14,0,0,0,ip4_input,/Users/swchen.tw/git/percepio/poc/runs/tcp-workload-matrix-v1/A08-baseline/build/ip4.o,
by_pc,2147518168,14,14,28,42,14,0,0,0,0,ip4_input,/Users/swchen.tw/git/percepio/poc/runs/tcp-workload-matrix-v1/A08-baseline/build/ip4.o,
by_pc,2147518170,14,14,28,42,14,0,0,0,0,ip4_input,/Users/swchen.tw/git/percepio/poc/runs/tcp-workload-matrix-v1/A08-baseline/build/ip4.o,
by_pc,2147518172,14,294,588,602,14,14,112,0,154,ip4_input,/Users/swchen.tw/git/percepio/poc/runs/tcp-workload-matrix-v1/A08-baseline/build/ip4.o,
by_pc,2147518176,14,14,28,42,14,0,0,0,0,ip4_input,/Users/swchen.tw/git/percepio/poc/runs/tcp-workload-matrix-v1/A08-baseline/build/ip4.o,
by_pc,2147518180,14,14,28,42,14,0,0,0,0,ip4_input,/Users/swchen.tw/git/percepio/poc/runs/tcp-workload-matrix-v1/A08-baseline/build/ip4.o,
by_pc,2147518234,14,144,288,302,14,0,112,18,0,ip4_input,/Users/swchen.tw/git/percepio/poc/runs/tcp-workload-matrix-v1/A08-baseline/build/ip4.o,
by_pc,2147518236,14,14,28,42,14,0,0,0,0,ip4_input,/Users/swchen.tw/git/percepio/poc/runs/tcp-workload-matrix-v1/A08-baseline/build/ip4.o,
by_pc,2147517694,14,190,380,394,28,14,112,36,0,ip4_input_accept,/Users/swchen.tw/git/percepio/poc/runs/tcp-workload-matrix-v1/A08-baseline/build/ip4.o,
by_pc,2147517698,14,14,28,42,14,0,0,0,0,ip4_input_accept,/Users/swchen.tw/git/percepio/poc/runs/tcp-workload-matrix-v1/A08-baseline/build/ip4.o,
by_pc,2147517700,14,14,28,42,14,0,0,0,0,ip4_input_accept,/Users/swchen.tw/git/percepio/poc/runs/tcp-workload-matrix-v1/A08-baseline/build/ip4.o,
by_pc,2147517702,14,80,160,174,14,14,16,36,0,ip4_input_accept,/Users/swchen.tw/git/percepio/poc/runs/tcp-workload-matrix-v1/A08-baseline/build/ip4.o,
by_pc,2147517704,14,14,28,42,14,0,0,0,0,ip4_input_accept,/Users/swchen.tw/git/percepio/poc/runs/tcp-workload-matrix-v1/A08-baseline/build/ip4.o,
by_pc,2147517706,14,14,28,42,14,0,0,0,0,ip4_input_accept,/Users/swchen.tw/git/percepio/poc/runs/tcp-workload-matrix-v1/A08-baseline/build/ip4.o,
by_pc,2147517708,14,14,28,42,14,0,0,0,0,ip4_input_accept,/Users/swchen.tw/git/percepio/poc/runs/tcp-workload-matrix-v1/A08-baseline/build/ip4.o,
by_pc,2147517710,14,14,28,42,14,0,0,0,0,ip4_input_accept,/Users/swchen.tw/git/percepio/poc/runs/tcp-workload-matrix-v1/A08-baseline/build/ip4.o,
by_pc,2147517714,14,28,56,70,14,14,0,0,0,ip4_input_accept,/Users/swchen.tw/git/percepio/poc/runs/tcp-workload-matrix-v1/A08-baseline/build/ip4.o,
by_pc,2147517718,14,14,28,42,14,0,0,0,0,ip4_input_accept,/Users/swchen.tw/git/percepio/poc/runs/tcp-workload-matrix-v1/A08-baseline/build/ip4.o,
by_pc,2147517720,14,14,28,42,14,0,0,0,0,ip4_input_accept,/Users/swchen.tw/git/percepio/poc/runs/tcp-workload-matrix-v1/A08-baseline/build/ip4.o,
by_pc,2147517742,14,14,28,42,14,0,0,0,0,ip4_input_accept,/Users/swchen.tw/git/percepio/poc/runs/tcp-workload-matrix-v1/A08-baseline/build/ip4.o,
by_pc,2147517744,14,14,28,42,14,0,0,0,0,ip4_input_accept,/Users/swchen.tw/git/percepio/poc/runs/tcp-workload-matrix-v1/A08-baseline/build/ip4.o,
by_pc,2147518240,14,14,28,42,14,0,0,0,0,ip4_input,/Users/swchen.tw/git/percepio/poc/runs/tcp-workload-matrix-v1/A08-baseline/build/ip4.o,
by_pc,2147518198,14,14,28,42,14,0,0,0,0,ip4_input,/Users/swchen.tw/git/percepio/poc/runs/tcp-workload-matrix-v1/A08-baseline/build/ip4.o,
by_pc,2147518200,14,28,56,70,14,14,0,0,0,ip4_input,/Users/swchen.tw/git/percepio/poc/runs/tcp-workload-matrix-v1/A08-baseline/build/ip4.o,
by_pc,2147518204,14,14,28,42,14,0,0,0,0,ip4_input,/Users/swchen.tw/git/percepio/poc/runs/tcp-workload-matrix-v1/A08-baseline/build/ip4.o,
by_pc,2147518206,14,14,28,42,14,0,0,0,0,ip4_input,/Users/swchen.tw/git/percepio/poc/runs/tcp-workload-matrix-v1/A08-baseline/build/ip4.o,
by_pc,2147518962,28,78,156,184,28,0,32,18,0,ip4_addr_isbroadcast_u32,/Users/swchen.tw/git/percepio/poc/runs/tcp-workload-matrix-v1/A08-baseline/build/ip4_addr.o,
by_pc,2147518966,28,28,56,84,28,0,0,0,0,ip4_addr_isbroadcast_u32,/Users/swchen.tw/git/percepio/poc/runs/tcp-workload-matrix-v1/A08-baseline/build/ip4_addr.o,
by_pc,2147518968,28,28,56,84,28,0,0,0,0,ip4_addr_isbroadcast_u32,/Users/swchen.tw/git/percepio/poc/runs/tcp-workload-matrix-v1/A08-baseline/build/ip4_addr.o,
by_pc,2147518972,28,56,112,140,28,28,0,0,0,ip4_addr_isbroadcast_u32,/Users/swchen.tw/git/percepio/poc/runs/tcp-workload-matrix-v1/A08-baseline/build/ip4_addr.o,
by_pc,2147518976,28,158,316,344,28,0,112,18,0,ip4_addr_isbroadcast_u32,/Users/swchen.tw/git/percepio/poc/runs/tcp-workload-matrix-v1/A08-baseline/build/ip4_addr.o,
by_pc,2147518978,28,28,56,84,28,0,0,0,0,ip4_addr_isbroadcast_u32,/Users/swchen.tw/git/percepio/poc/runs/tcp-workload-matrix-v1/A08-baseline/build/ip4_addr.o,
by_pc,2147519008,28,28,56,84,28,0,0,0,0,ip4_addr_isbroadcast_u32,/Users/swchen.tw/git/percepio/poc/runs/tcp-workload-matrix-v1/A08-baseline/build/ip4_addr.o,
by_pc,2147519010,28,28,56,84,28,0,0,0,0,ip4_addr_isbroadcast_u32,/Users/swchen.tw/git/percepio/poc/runs/tcp-workload-matrix-v1/A08-baseline/build/ip4_addr.o,
by_pc,2147518208,14,14,28,42,14,0,0,0,0,ip4_input,/Users/swchen.tw/git/percepio/poc/runs/tcp-workload-matrix-v1/A08-baseline/build/ip4.o,
by_pc,2147518210,14,28,56,70,14,14,0,0,0,ip4_input,/Users/swchen.tw/git/percepio/poc/runs/tcp-workload-matrix-v1/A08-baseline/build/ip4.o,
by_pc,2147518214,14,14,28,42,14,0,0,0,0,ip4_input,/Users/swchen.tw/git/percepio/poc/runs/tcp-workload-matrix-v1/A08-baseline/build/ip4.o,
by_pc,2147518218,14,14,28,42,14,0,0,0,0,ip4_input,/Users/swchen.tw/git/percepio/poc/runs/tcp-workload-matrix-v1/A08-baseline/build/ip4.o,
by_pc,2147518222,14,14,28,42,14,0,0,0,0,ip4_input,/Users/swchen.tw/git/percepio/poc/runs/tcp-workload-matrix-v1/A08-baseline/build/ip4.o,
by_pc,2147518286,14,120,240,254,14,0,88,18,0,ip4_input,/Users/swchen.tw/git/percepio/poc/runs/tcp-workload-matrix-v1/A08-baseline/build/ip4.o,
by_pc,2147518316,14,28,56,70,14,14,0,0,0,ip4_input,/Users/swchen.tw/git/percepio/poc/runs/tcp-workload-matrix-v1/A08-baseline/build/ip4.o,
by_pc,2147518320,14,28,56,70,14,14,0,0,0,ip4_input,/Users/swchen.tw/git/percepio/poc/runs/tcp-workload-matrix-v1/A08-baseline/build/ip4.o,
by_pc,2147518324,14,14,28,42,14,0,0,0,0,ip4_input,/Users/swchen.tw/git/percepio/poc/runs/tcp-workload-matrix-v1/A08-baseline/build/ip4.o,
by_pc,2147518328,14,14,28,42,14,0,0,0,0,ip4_input,/Users/swchen.tw/git/percepio/poc/runs/tcp-workload-matrix-v1/A08-baseline/build/ip4.o,
by_pc,2147518330,14,14,28,42,14,0,0,0,0,ip4_input,/Users/swchen.tw/git/percepio/poc/runs/tcp-workload-matrix-v1/A08-baseline/build/ip4.o,
by_pc,2147518332,14,14,28,42,14,0,0,0,0,ip4_input,/Users/swchen.tw/git/percepio/poc/runs/tcp-workload-matrix-v1/A08-baseline/build/ip4.o,
by_pc,2147518360,14,400,800,814,14,14,200,18,154,ip4_input,/Users/swchen.tw/git/percepio/poc/runs/tcp-workload-matrix-v1/A08-baseline/build/ip4.o,
by_pc,2147518364,14,294,588,602,14,14,112,0,154,ip4_input,/Users/swchen.tw/git/percepio/poc/runs/tcp-workload-matrix-v1/A08-baseline/build/ip4.o,
by_pc,2147518368,14,294,588,602,14,14,112,0,154,ip4_input,/Users/swchen.tw/git/percepio/poc/runs/tcp-workload-matrix-v1/A08-baseline/build/ip4.o,
by_pc,2147518372,14,28,56,70,14,14,0,0,0,ip4_input,/Users/swchen.tw/git/percepio/poc/runs/tcp-workload-matrix-v1/A08-baseline/build/ip4.o,
by_pc,2147518376,14,14,28,42,14,0,0,0,0,ip4_input,/Users/swchen.tw/git/percepio/poc/runs/tcp-workload-matrix-v1/A08-baseline/build/ip4.o,
by_pc,2147518378,14,14,28,42,14,0,0,0,0,ip4_input,/Users/swchen.tw/git/percepio/poc/runs/tcp-workload-matrix-v1/A08-baseline/build/ip4.o,
by_pc,2147518380,14,14,28,42,14,0,0,0,0,ip4_input,/Users/swchen.tw/git/percepio/poc/runs/tcp-workload-matrix-v1/A08-baseline/build/ip4.o,
by_pc,2147518382,14,14,28,42,14,0,0,0,0,ip4_input,/Users/swchen.tw/git/percepio/poc/runs/tcp-workload-matrix-v1/A08-baseline/build/ip4.o,
by_pc,2147518384,14,294,588,602,14,14,112,0,154,ip4_input,/Users/swchen.tw/git/percepio/poc/runs/tcp-workload-matrix-v1/A08-baseline/build/ip4.o,
by_pc,2147518388,14,14,28,42,14,0,0,0,0,ip4_input,/Users/swchen.tw/git/percepio/poc/runs/tcp-workload-matrix-v1/A08-baseline/build/ip4.o,
by_pc,2147518392,14,28,56,70,14,14,0,0,0,ip4_input,/Users/swchen.tw/git/percepio/poc/runs/tcp-workload-matrix-v1/A08-baseline/build/ip4.o,
by_pc,2147518396,14,14,28,42,14,0,0,0,0,ip4_input,/Users/swchen.tw/git/percepio/poc/runs/tcp-workload-matrix-v1/A08-baseline/build/ip4.o,
by_pc,2147518398,14,88,176,190,28,0,24,36,0,ip4_input,/Users/swchen.tw/git/percepio/poc/runs/tcp-workload-matrix-v1/A08-baseline/build/ip4.o,
by_pc,2147518402,14,14,28,42,14,0,0,0,0,ip4_input,/Users/swchen.tw/git/percepio/poc/runs/tcp-workload-matrix-v1/A08-baseline/build/ip4.o,
by_pc,2147518404,14,14,28,42,14,0,0,0,0,ip4_input,/Users/swchen.tw/git/percepio/poc/runs/tcp-workload-matrix-v1/A08-baseline/build/ip4.o,
by_pc,2147518408,14,14,28,42,14,0,0,0,0,ip4_input,/Users/swchen.tw/git/percepio/poc/runs/tcp-workload-matrix-v1/A08-baseline/build/ip4.o,
by_pc,2147518410,14,14,28,42,14,0,0,0,0,ip4_input,/Users/swchen.tw/git/percepio/poc/runs/tcp-workload-matrix-v1/A08-baseline/build/ip4.o,
by_pc,2147518412,14,14,28,42,14,0,0,0,0,ip4_input,/Users/swchen.tw/git/percepio/poc/runs/tcp-workload-matrix-v1/A08-baseline/build/ip4.o,
by_pc,2147509272,14,64,128,142,14,0,32,18,0,tcp_input,/Users/swchen.tw/git/percepio/poc/runs/tcp-workload-matrix-v1/A08-baseline/build/tcp_in.o,
by_pc,2147509276,14,28,56,70,14,14,0,0,0,tcp_input,/Users/swchen.tw/git/percepio/poc/runs/tcp-workload-matrix-v1/A08-baseline/build/tcp_in.o,
by_pc,2147509280,14,14,28,42,14,0,0,0,0,tcp_input,/Users/swchen.tw/git/percepio/poc/runs/tcp-workload-matrix-v1/A08-baseline/build/tcp_in.o,
by_pc,2147509282,14,294,588,602,14,14,112,0,154,tcp_input,/Users/swchen.tw/git/percepio/poc/runs/tcp-workload-matrix-v1/A08-baseline/build/tcp_in.o,
by_pc,2147509284,14,14,28,42,14,0,0,0,0,tcp_input,/Users/swchen.tw/git/percepio/poc/runs/tcp-workload-matrix-v1/A08-baseline/build/tcp_in.o,
by_pc,2147509286,14,294,588,602,14,14,112,0,154,tcp_input,/Users/swchen.tw/git/percepio/poc/runs/tcp-workload-matrix-v1/A08-baseline/build/tcp_in.o,
by_pc,2147509288,14,294,588,602,14,14,112,0,154,tcp_input,/Users/swchen.tw/git/percepio/poc/runs/tcp-workload-matrix-v1/A08-baseline/build/tcp_in.o,
by_pc,2147509290,14,294,588,602,14,14,112,0,154,tcp_input,/Users/swchen.tw/git/percepio/poc/runs/tcp-workload-matrix-v1/A08-baseline/build/tcp_in.o,
by_pc,2147509292,14,294,588,602,14,14,112,0,154,tcp_input,/Users/swchen.tw/git/percepio/poc/runs/tcp-workload-matrix-v1/A08-baseline/build/tcp_in.o,
by_pc,2147509294,14,294,588,602,14,14,112,0,154,tcp_input,/Users/swchen.tw/git/percepio/poc/runs/tcp-workload-matrix-v1/A08-baseline/build/tcp_in.o,
by_pc,2147509296,14,294,588,602,14,14,112,0,154,tcp_input,/Users/swchen.tw/git/percepio/poc/runs/tcp-workload-matrix-v1/A08-baseline/build/tcp_in.o,
by_pc,2147509298,14,294,588,602,14,14,112,0,154,tcp_input,/Users/swchen.tw/git/percepio/poc/runs/tcp-workload-matrix-v1/A08-baseline/build/tcp_in.o,
by_pc,2147509300,14,294,588,602,14,14,112,0,154,tcp_input,/Users/swchen.tw/git/percepio/poc/runs/tcp-workload-matrix-v1/A08-baseline/build/tcp_in.o,
by_pc,2147509302,14,14,28,42,14,0,0,0,0,tcp_input,/Users/swchen.tw/git/percepio/poc/runs/tcp-workload-matrix-v1/A08-baseline/build/tcp_in.o,
by_pc,2147509306,14,294,588,602,14,14,112,0,154,tcp_input,/Users/swchen.tw/git/percepio/poc/runs/tcp-workload-matrix-v1/A08-baseline/build/tcp_in.o,
by_pc,2147509310,14,28,56,70,14,14,0,0,0,tcp_input,/Users/swchen.tw/git/percepio/poc/runs/tcp-workload-matrix-v1/A08-baseline/build/tcp_in.o,
by_pc,2147509312,14,56,112,126,14,0,24,18,0,tcp_input,/Users/swchen.tw/git/percepio/poc/runs/tcp-workload-matrix-v1/A08-baseline/build/tcp_in.o,
by_pc,2147509316,14,14,28,42,14,0,0,0,0,tcp_input,/Users/swchen.tw/git/percepio/poc/runs/tcp-workload-matrix-v1/A08-baseline/build/tcp_in.o,
by_pc,2147509318,14,312,624,638,14,14,112,18,154,tcp_input,/Users/swchen.tw/git/percepio/poc/runs/tcp-workload-matrix-v1/A08-baseline/build/tcp_in.o,
by_pc,2147509322,14,28,56,70,14,14,0,0,0,tcp_input,/Users/swchen.tw/git/percepio/poc/runs/tcp-workload-matrix-v1/A08-baseline/build/tcp_in.o,
by_pc,2147509326,14,14,28,42,14,0,0,0,0,tcp_input,/Users/swchen.tw/git/percepio/poc/runs/tcp-workload-matrix-v1/A08-baseline/build/tcp_in.o,
by_pc,2147509328,14,14,28,42,14,0,0,0,0,tcp_input,/Users/swchen.tw/git/percepio/poc/runs/tcp-workload-matrix-v1/A08-baseline/build/tcp_in.o,
by_pc,2147509352,14,14,28,42,14,0,0,0,0,tcp_input,/Users/swchen.tw/git/percepio/poc/runs/tcp-workload-matrix-v1/A08-baseline/build/tcp_in.o,
by_pc,2147509356,14,14,28,42,14,0,0,0,0,tcp_input,/Users/swchen.tw/git/percepio/poc/runs/tcp-workload-matrix-v1/A08-baseline/build/tcp_in.o,
by_pc,2147509360,14,28,56,70,14,14,0,0,0,tcp_input,/Users/swchen.tw/git/percepio/poc/runs/tcp-workload-matrix-v1/A08-baseline/build/tcp_in.o,
by_pc,2147509364,14,28,56,70,14,14,0,0,0,tcp_input,/Users/swchen.tw/git/percepio/poc/runs/tcp-workload-matrix-v1/A08-baseline/build/tcp_in.o,
by_pc,2147509368,14,14,28,42,14,0,0,0,0,tcp_input,/Users/swchen.tw/git/percepio/poc/runs/tcp-workload-matrix-v1/A08-baseline/build/tcp_in.o,
by_pc,2147509372,14,14,28,42,14,0,0,0,0,tcp_input,/Users/swchen.tw/git/percepio/poc/runs/tcp-workload-matrix-v1/A08-baseline/build/tcp_in.o,
by_pc,2147509374,14,92,184,198,28,14,32,18,0,tcp_input,/Users/swchen.tw/git/percepio/poc/runs/tcp-workload-matrix-v1/A08-baseline/build/tcp_in.o,
by_pc,2147509378,14,14,28,42,14,0,0,0,0,tcp_input,/Users/swchen.tw/git/percepio/poc/runs/tcp-workload-matrix-v1/A08-baseline/build/tcp_in.o,
by_pc,2147509382,14,14,28,42,14,0,0,0,0,tcp_input,/Users/swchen.tw/git/percepio/poc/runs/tcp-workload-matrix-v1/A08-baseline/build/tcp_in.o,
by_pc,2147509386,14,14,28,42,14,0,0,0,0,tcp_input,/Users/swchen.tw/git/percepio/poc/runs/tcp-workload-matrix-v1/A08-baseline/build/tcp_in.o,
by_pc,2147509428,14,28,56,70,14,14,0,0,0,tcp_input,/Users/swchen.tw/git/percepio/poc/runs/tcp-workload-matrix-v1/A08-baseline/build/tcp_in.o,
by_pc,2147509432,14,14,28,42,14,0,0,0,0,tcp_input,/Users/swchen.tw/git/percepio/poc/runs/tcp-workload-matrix-v1/A08-baseline/build/tcp_in.o,
by_pc,2147509436,14,14,28,42,14,0,0,0,0,tcp_input,/Users/swchen.tw/git/percepio/poc/runs/tcp-workload-matrix-v1/A08-baseline/build/tcp_in.o,
by_pc,2147509440,14,120,240,254,14,0,88,18,0,tcp_input,/Users/swchen.tw/git/percepio/poc/runs/tcp-workload-matrix-v1/A08-baseline/build/tcp_in.o,
by_pc,2147509444,14,14,28,42,14,0,0,0,0,tcp_input,/Users/swchen.tw/git/percepio/poc/runs/tcp-workload-matrix-v1/A08-baseline/build/tcp_in.o,
by_pc,2147509448,14,14,28,42,14,0,0,0,0,tcp_input,/Users/swchen.tw/git/percepio/poc/runs/tcp-workload-matrix-v1/A08-baseline/build/tcp_in.o,
by_pc,2147509450,14,14,28,42,14,0,0,0,0,tcp_input,/Users/swchen.tw/git/percepio/poc/runs/tcp-workload-matrix-v1/A08-baseline/build/tcp_in.o,
by_pc,2147509452,14,14,28,42,14,0,0,0,0,tcp_input,/Users/swchen.tw/git/percepio/poc/runs/tcp-workload-matrix-v1/A08-baseline/build/tcp_in.o,
by_pc,2147499770,27,43,86,113,27,0,16,0,0,ip_chksum_pseudo,/Users/swchen.tw/git/percepio/poc/runs/tcp-workload-matrix-v1/A08-baseline/build/inet_chksum.o,
by_pc,2147509456,14,14,28,42,14,0,0,0,0,tcp_input,/Users/swchen.tw/git/percepio/poc/runs/tcp-workload-matrix-v1/A08-baseline/build/tcp_in.o,
by_pc,2147509478,14,28,56,70,14,14,0,0,0,tcp_input,/Users/swchen.tw/git/percepio/poc/runs/tcp-workload-matrix-v1/A08-baseline/build/tcp_in.o,
by_pc,2147509482,14,28,56,70,14,14,0,0,0,tcp_input,/Users/swchen.tw/git/percepio/poc/runs/tcp-workload-matrix-v1/A08-baseline/build/tcp_in.o,
by_pc,2147509486,14,28,56,70,14,14,0,0,0,tcp_input,/Users/swchen.tw/git/percepio/poc/runs/tcp-workload-matrix-v1/A08-baseline/build/tcp_in.o,
by_pc,2147509490,14,14,28,42,14,0,0,0,0,tcp_input,/Users/swchen.tw/git/percepio/poc/runs/tcp-workload-matrix-v1/A08-baseline/build/tcp_in.o,
by_pc,2147509492,14,14,28,42,14,0,0,0,0,tcp_input,/Users/swchen.tw/git/percepio/poc/runs/tcp-workload-matrix-v1/A08-baseline/build/tcp_in.o,
by_pc,2147509494,14,14,28,42,14,0,0,0,0,tcp_input,/Users/swchen.tw/git/percepio/poc/runs/tcp-workload-matrix-v1/A08-baseline/build/tcp_in.o,
by_pc,2147509498,14,14,28,42,14,0,0,0,0,tcp_input,/Users/swchen.tw/git/percepio/poc/runs/tcp-workload-matrix-v1/A08-baseline/build/tcp_in.o,
by_pc,2147509502,14,134,268,282,28,0,88,18,0,tcp_input,/Users/swchen.tw/git/percepio/poc/runs/tcp-workload-matrix-v1/A08-baseline/build/tcp_in.o,
by_pc,2147509506,14,14,28,42,14,0,0,0,0,tcp_input,/Users/swchen.tw/git/percepio/poc/runs/tcp-workload-matrix-v1/A08-baseline/build/tcp_in.o,
by_pc,2147509510,14,28,56,70,14,14,0,0,0,tcp_input,/Users/swchen.tw/git/percepio/poc/runs/tcp-workload-matrix-v1/A08-baseline/build/tcp_in.o,
by_pc,2147509514,14,14,28,42,14,0,0,0,0,tcp_input,/Users/swchen.tw/git/percepio/poc/runs/tcp-workload-matrix-v1/A08-baseline/build/tcp_in.o,
by_pc,2147509518,14,14,28,42,14,0,0,0,0,tcp_input,/Users/swchen.tw/git/percepio/poc/runs/tcp-workload-matrix-v1/A08-baseline/build/tcp_in.o,
by_pc,2147509522,14,294,588,602,14,14,112,0,154,tcp_input,/Users/swchen.tw/git/percepio/poc/runs/tcp-workload-matrix-v1/A08-baseline/build/tcp_in.o,
by_pc,2147509526,14,294,588,602,14,14,112,0,154,tcp_input,/Users/swchen.tw/git/percepio/poc/runs/tcp-workload-matrix-v1/A08-baseline/build/tcp_in.o,
by_pc,2147509530,14,28,56,70,14,14,0,0,0,tcp_input,/Users/swchen.tw/git/percepio/poc/runs/tcp-workload-matrix-v1/A08-baseline/build/tcp_in.o,
by_pc,2147509534,14,14,28,42,14,0,0,0,0,tcp_input,/Users/swchen.tw/git/percepio/poc/runs/tcp-workload-matrix-v1/A08-baseline/build/tcp_in.o,
by_pc,2147509538,14,14,28,42,14,0,0,0,0,tcp_input,/Users/swchen.tw/git/percepio/poc/runs/tcp-workload-matrix-v1/A08-baseline/build/tcp_in.o,
by_pc,2147509540,14,294,588,602,14,14,112,0,154,tcp_input,/Users/swchen.tw/git/percepio/poc/runs/tcp-workload-matrix-v1/A08-baseline/build/tcp_in.o,
by_pc,2147509544,14,14,28,42,14,0,0,0,0,tcp_input,/Users/swchen.tw/git/percepio/poc/runs/tcp-workload-matrix-v1/A08-baseline/build/tcp_in.o,
by_pc,2147509548,14,28,56,70,14,14,0,0,0,tcp_input,/Users/swchen.tw/git/percepio/poc/runs/tcp-workload-matrix-v1/A08-baseline/build/tcp_in.o,
by_pc,2147509552,14,14,28,42,14,0,0,0,0,tcp_input,/Users/swchen.tw/git/percepio/poc/runs/tcp-workload-matrix-v1/A08-baseline/build/tcp_in.o,
by_pc,2147509556,14,14,28,42,14,0,0,0,0,tcp_input,/Users/swchen.tw/git/percepio/poc/runs/tcp-workload-matrix-v1/A08-baseline/build/tcp_in.o,
by_pc,2147509560,14,28,56,70,14,14,0,0,0,tcp_input,/Users/swchen.tw/git/percepio/poc/runs/tcp-workload-matrix-v1/A08-baseline/build/tcp_in.o,
by_pc,2147509564,14,28,56,70,14,14,0,0,0,tcp_input,/Users/swchen.tw/git/percepio/poc/runs/tcp-workload-matrix-v1/A08-baseline/build/tcp_in.o,
by_pc,2147509568,14,136,272,286,14,0,104,18,0,tcp_input,/Users/swchen.tw/git/percepio/poc/runs/tcp-workload-matrix-v1/A08-baseline/build/tcp_in.o,
by_pc,2147509570,14,14,28,42,14,0,0,0,0,tcp_input,/Users/swchen.tw/git/percepio/poc/runs/tcp-workload-matrix-v1/A08-baseline/build/tcp_in.o,
by_pc,2147509572,14,14,28,42,14,0,0,0,0,tcp_input,/Users/swchen.tw/git/percepio/poc/runs/tcp-workload-matrix-v1/A08-baseline/build/tcp_in.o,
by_pc,2147509576,14,294,588,602,14,14,112,0,154,tcp_input,/Users/swchen.tw/git/percepio/poc/runs/tcp-workload-matrix-v1/A08-baseline/build/tcp_in.o,
by_pc,2147509580,14,14,28,42,14,0,0,0,0,tcp_input,/Users/swchen.tw/git/percepio/poc/runs/tcp-workload-matrix-v1/A08-baseline/build/tcp_in.o,
by_pc,2147509582,14,294,588,602,14,14,112,0,154,tcp_input,/Users/swchen.tw/git/percepio/poc/runs/tcp-workload-matrix-v1/A08-baseline/build/tcp_in.o,
by_pc,2147509586,14,28,56,70,14,14,0,0,0,tcp_input,/Users/swchen.tw/git/percepio/poc/runs/tcp-workload-matrix-v1/A08-baseline/build/tcp_in.o,
by_pc,2147509590,14,28,56,70,14,14,0,0,0,tcp_input,/Users/swchen.tw/git/percepio/poc/runs/tcp-workload-matrix-v1/A08-baseline/build/tcp_in.o,
by_pc,2147509594,14,28,56,70,14,14,0,0,0,tcp_input,/Users/swchen.tw/git/percepio/poc/runs/tcp-workload-matrix-v1/A08-baseline/build/tcp_in.o,
by_pc,2147509598,14,14,28,42,14,0,0,0,0,tcp_input,/Users/swchen.tw/git/percepio/poc/runs/tcp-workload-matrix-v1/A08-baseline/build/tcp_in.o,
by_pc,2147509600,14,14,28,42,14,0,0,0,0,tcp_input,/Users/swchen.tw/git/percepio/poc/runs/tcp-workload-matrix-v1/A08-baseline/build/tcp_in.o,
by_pc,2147509602,14,14,28,42,14,0,0,0,0,tcp_input,/Users/swchen.tw/git/percepio/poc/runs/tcp-workload-matrix-v1/A08-baseline/build/tcp_in.o,
by_pc,2147509606,14,294,588,602,14,14,112,0,154,tcp_input,/Users/swchen.tw/git/percepio/poc/runs/tcp-workload-matrix-v1/A08-baseline/build/tcp_in.o,
by_pc,2147509610,14,14,28,42,14,0,0,0,0,tcp_input,/Users/swchen.tw/git/percepio/poc/runs/tcp-workload-matrix-v1/A08-baseline/build/tcp_in.o,
by_pc,2147509612,14,294,588,602,14,14,112,0,154,tcp_input,/Users/swchen.tw/git/percepio/poc/runs/tcp-workload-matrix-v1/A08-baseline/build/tcp_in.o,
by_pc,2147509616,14,28,56,70,14,14,0,0,0,tcp_input,/Users/swchen.tw/git/percepio/poc/runs/tcp-workload-matrix-v1/A08-baseline/build/tcp_in.o,
by_pc,2147509620,14,28,56,70,14,14,0,0,0,tcp_input,/Users/swchen.tw/git/percepio/poc/runs/tcp-workload-matrix-v1/A08-baseline/build/tcp_in.o,
by_pc,2147509624,14,28,56,70,14,14,0,0,0,tcp_input,/Users/swchen.tw/git/percepio/poc/runs/tcp-workload-matrix-v1/A08-baseline/build/tcp_in.o,
by_pc,2147509628,14,28,56,70,14,14,0,0,0,tcp_input,/Users/swchen.tw/git/percepio/poc/runs/tcp-workload-matrix-v1/A08-baseline/build/tcp_in.o,
by_pc,2147509632,14,144,288,302,14,0,112,18,0,tcp_input,/Users/swchen.tw/git/percepio/poc/runs/tcp-workload-matrix-v1/A08-baseline/build/tcp_in.o,
by_pc,2147509634,14,14,28,42,14,0,0,0,0,tcp_input,/Users/swchen.tw/git/percepio/poc/runs/tcp-workload-matrix-v1/A08-baseline/build/tcp_in.o,
by_pc,2147509636,14,28,56,70,14,14,0,0,0,tcp_input,/Users/swchen.tw/git/percepio/poc/runs/tcp-workload-matrix-v1/A08-baseline/build/tcp_in.o,
by_pc,2147509640,14,14,28,42,14,0,0,0,0,tcp_input,/Users/swchen.tw/git/percepio/poc/runs/tcp-workload-matrix-v1/A08-baseline/build/tcp_in.o,
by_pc,2147509642,14,14,28,42,14,0,0,0,0,tcp_input,/Users/swchen.tw/git/percepio/poc/runs/tcp-workload-matrix-v1/A08-baseline/build/tcp_in.o,
by_pc,2147509644,14,14,28,42,14,0,0,0,0,tcp_input,/Users/swchen.tw/git/percepio/poc/runs/tcp-workload-matrix-v1/A08-baseline/build/tcp_in.o,
by_pc,2147509646,14,14,28,42,14,0,0,0,0,tcp_input,/Users/swchen.tw/git/percepio/poc/runs/tcp-workload-matrix-v1/A08-baseline/build/tcp_in.o,
by_pc,2147509648,14,14,28,42,14,0,0,0,0,tcp_input,/Users/swchen.tw/git/percepio/poc/runs/tcp-workload-matrix-v1/A08-baseline/build/tcp_in.o,
by_pc,2147509652,14,14,28,42,14,0,0,0,0,tcp_input,/Users/swchen.tw/git/percepio/poc/runs/tcp-workload-matrix-v1/A08-baseline/build/tcp_in.o,
by_pc,2147509656,14,294,588,602,14,14,112,0,154,tcp_input,/Users/swchen.tw/git/percepio/poc/runs/tcp-workload-matrix-v1/A08-baseline/build/tcp_in.o,
by_pc,2147509660,14,14,28,42,14,0,0,0,0,tcp_input,/Users/swchen.tw/git/percepio/poc/runs/tcp-workload-matrix-v1/A08-baseline/build/tcp_in.o,
by_pc,2147509664,14,294,588,602,14,14,112,0,154,tcp_input,/Users/swchen.tw/git/percepio/poc/runs/tcp-workload-matrix-v1/A08-baseline/build/tcp_in.o,
by_pc,2147509668,14,14,28,42,14,0,0,0,0,tcp_input,/Users/swchen.tw/git/percepio/poc/runs/tcp-workload-matrix-v1/A08-baseline/build/tcp_in.o,
by_pc,2147509672,14,294,588,602,14,14,112,0,154,tcp_input,/Users/swchen.tw/git/percepio/poc/runs/tcp-workload-matrix-v1/A08-baseline/build/tcp_in.o,
by_pc,2147509676,14,294,588,602,14,14,112,0,154,tcp_input,/Users/swchen.tw/git/percepio/poc/runs/tcp-workload-matrix-v1/A08-baseline/build/tcp_in.o,
by_pc,2147509680,14,28,56,70,14,14,0,0,0,tcp_input,/Users/swchen.tw/git/percepio/poc/runs/tcp-workload-matrix-v1/A08-baseline/build/tcp_in.o,
by_pc,2147509684,14,294,588,602,14,14,112,0,154,tcp_input,/Users/swchen.tw/git/percepio/poc/runs/tcp-workload-matrix-v1/A08-baseline/build/tcp_in.o,
by_pc,2147509688,14,28,56,70,14,14,0,0,0,tcp_input,/Users/swchen.tw/git/percepio/poc/runs/tcp-workload-matrix-v1/A08-baseline/build/tcp_in.o,
by_pc,2147509692,14,28,56,70,14,14,0,0,0,tcp_input,/Users/swchen.tw/git/percepio/poc/runs/tcp-workload-matrix-v1/A08-baseline/build/tcp_in.o,
by_pc,2147509696,14,158,316,330,14,14,112,18,0,tcp_input,/Users/swchen.tw/git/percepio/poc/runs/tcp-workload-matrix-v1/A08-baseline/build/tcp_in.o,
by_pc,2147509700,14,14,28,42,14,0,0,0,0,tcp_input,/Users/swchen.tw/git/percepio/poc/runs/tcp-workload-matrix-v1/A08-baseline/build/tcp_in.o,
by_pc,2147509702,14,14,28,42,14,0,0,0,0,tcp_input,/Users/swchen.tw/git/percepio/poc/runs/tcp-workload-matrix-v1/A08-baseline/build/tcp_in.o,
by_pc,2147509704,14,28,56,70,14,14,0,0,0,tcp_input,/Users/swchen.tw/git/percepio/poc/runs/tcp-workload-matrix-v1/A08-baseline/build/tcp_in.o,
by_pc,2147509708,14,14,28,42,14,0,0,0,0,tcp_input,/Users/swchen.tw/git/percepio/poc/runs/tcp-workload-matrix-v1/A08-baseline/build/tcp_in.o,
by_pc,2147509710,14,14,28,42,14,0,0,0,0,tcp_input,/Users/swchen.tw/git/percepio/poc/runs/tcp-workload-matrix-v1/A08-baseline/build/tcp_in.o,
by_pc,2147509712,14,14,28,42,14,0,0,0,0,tcp_input,/Users/swchen.tw/git/percepio/poc/runs/tcp-workload-matrix-v1/A08-baseline/build/tcp_in.o,
by_pc,2147509714,14,14,28,42,14,0,0,0,0,tcp_input,/Users/swchen.tw/git/percepio/poc/runs/tcp-workload-matrix-v1/A08-baseline/build/tcp_in.o,
by_pc,2147509716,14,14,28,42,14,0,0,0,0,tcp_input,/Users/swchen.tw/git/percepio/poc/runs/tcp-workload-matrix-v1/A08-baseline/build/tcp_in.o,
by_pc,2147509720,14,14,28,42,14,0,0,0,0,tcp_input,/Users/swchen.tw/git/percepio/poc/runs/tcp-workload-matrix-v1/A08-baseline/build/tcp_in.o,
by_pc,2147509724,14,294,588,602,14,14,112,0,154,tcp_input,/Users/swchen.tw/git/percepio/poc/runs/tcp-workload-matrix-v1/A08-baseline/build/tcp_in.o,
by_pc,2147509728,14,14,28,42,14,0,0,0,0,tcp_input,/Users/swchen.tw/git/percepio/poc/runs/tcp-workload-matrix-v1/A08-baseline/build/tcp_in.o,
by_pc,2147509732,14,294,588,602,14,14,112,0,154,tcp_input,/Users/swchen.tw/git/percepio/poc/runs/tcp-workload-matrix-v1/A08-baseline/build/tcp_in.o,
by_pc,2147509736,14,14,28,42,14,0,0,0,0,tcp_input,/Users/swchen.tw/git/percepio/poc/runs/tcp-workload-matrix-v1/A08-baseline/build/tcp_in.o,
by_pc,2147509740,14,294,588,602,14,14,112,0,154,tcp_input,/Users/swchen.tw/git/percepio/poc/runs/tcp-workload-matrix-v1/A08-baseline/build/tcp_in.o,
by_pc,2147509744,14,294,588,602,14,14,112,0,154,tcp_input,/Users/swchen.tw/git/percepio/poc/runs/tcp-workload-matrix-v1/A08-baseline/build/tcp_in.o,
by_pc,2147509748,14,28,56,70,14,14,0,0,0,tcp_input,/Users/swchen.tw/git/percepio/poc/runs/tcp-workload-matrix-v1/A08-baseline/build/tcp_in.o,
by_pc,2147509752,14,294,588,602,14,14,112,0,154,tcp_input,/Users/swchen.tw/git/percepio/poc/runs/tcp-workload-matrix-v1/A08-baseline/build/tcp_in.o,
by_pc,2147509756,14,28,56,70,14,14,0,0,0,tcp_input,/Users/swchen.tw/git/percepio/poc/runs/tcp-workload-matrix-v1/A08-baseline/build/tcp_in.o,
by_pc,2147509760,14,212,424,438,14,14,112,72,0,tcp_input,/Users/swchen.tw/git/percepio/poc/runs/tcp-workload-matrix-v1/A08-baseline/build/tcp_in.o,
by_pc,2147509764,14,14,28,42,14,0,0,0,0,tcp_input,/Users/swchen.tw/git/percepio/poc/runs/tcp-workload-matrix-v1/A08-baseline/build/tcp_in.o,
by_pc,2147509766,14,14,28,42,14,0,0,0,0,tcp_input,/Users/swchen.tw/git/percepio/poc/runs/tcp-workload-matrix-v1/A08-baseline/build/tcp_in.o,
by_pc,2147509768,14,14,28,42,14,0,0,0,0,tcp_input,/Users/swchen.tw/git/percepio/poc/runs/tcp-workload-matrix-v1/A08-baseline/build/tcp_in.o,
by_pc,2147509772,14,28,56,70,14,14,0,0,0,tcp_input,/Users/swchen.tw/git/percepio/poc/runs/tcp-workload-matrix-v1/A08-baseline/build/tcp_in.o,
by_pc,2147509776,14,294,588,602,14,14,112,0,154,tcp_input,/Users/swchen.tw/git/percepio/poc/runs/tcp-workload-matrix-v1/A08-baseline/build/tcp_in.o,
by_pc,2147509780,14,14,28,42,14,0,0,0,0,tcp_input,/Users/swchen.tw/git/percepio/poc/runs/tcp-workload-matrix-v1/A08-baseline/build/tcp_in.o,
by_pc,2147509782,14,294,588,602,14,14,112,0,154,tcp_input,/Users/swchen.tw/git/percepio/poc/runs/tcp-workload-matrix-v1/A08-baseline/build/tcp_in.o,
by_pc,2147509786,14,28,56,70,14,14,0,0,0,tcp_input,/Users/swchen.tw/git/percepio/poc/runs/tcp-workload-matrix-v1/A08-baseline/build/tcp_in.o,
by_pc,2147509790,14,28,56,70,14,14,0,0,0,tcp_input,/Users/swchen.tw/git/percepio/poc/runs/tcp-workload-matrix-v1/A08-baseline/build/tcp_in.o,
by_pc,2147509794,14,14,28,42,14,0,0,0,0,tcp_input,/Users/swchen.tw/git/percepio/poc/runs/tcp-workload-matrix-v1/A08-baseline/build/tcp_in.o,
by_pc,2147509796,14,14,28,42,14,0,0,0,0,tcp_input,/Users/swchen.tw/git/percepio/poc/runs/tcp-workload-matrix-v1/A08-baseline/build/tcp_in.o,
by_pc,2147509798,14,14,28,42,14,0,0,0,0,tcp_input,/Users/swchen.tw/git/percepio/poc/runs/tcp-workload-matrix-v1/A08-baseline/build/tcp_in.o,
by_pc,2147509802,14,14,28,42,14,0,0,0,0,tcp_input,/Users/swchen.tw/git/percepio/poc/runs/tcp-workload-matrix-v1/A08-baseline/build/tcp_in.o,
by_pc,2147509806,14,294,588,602,14,14,112,0,154,tcp_input,/Users/swchen.tw/git/percepio/poc/runs/tcp-workload-matrix-v1/A08-baseline/build/tcp_in.o,
by_pc,2147509810,14,14,28,42,14,0,0,0,0,tcp_input,/Users/swchen.tw/git/percepio/poc/runs/tcp-workload-matrix-v1/A08-baseline/build/tcp_in.o,
by_pc,2147509814,14,28,56,70,14,14,0,0,0,tcp_input,/Users/swchen.tw/git/percepio/poc/runs/tcp-workload-matrix-v1/A08-baseline/build/tcp_in.o,
by_pc,2147509818,14,14,28,42,14,0,0,0,0,tcp_input,/Users/swchen.tw/git/percepio/poc/runs/tcp-workload-matrix-v1/A08-baseline/build/tcp_in.o,
by_pc,2147509822,2,38,76,78,4,0,16,18,0,tcp_input,/Users/swchen.tw/git/percepio/poc/runs/tcp-workload-matrix-v1/A08-baseline/build/tcp_in.o,
by_pc,2147509826,2,2,4,6,2,0,0,0,0,tcp_input,/Users/swchen.tw/git/percepio/poc/runs/tcp-workload-matrix-v1/A08-baseline/build/tcp_in.o,
by_pc,2147509828,2,2,4,6,2,0,0,0,0,tcp_input,/Users/swchen.tw/git/percepio/poc/runs/tcp-workload-matrix-v1/A08-baseline/build/tcp_in.o,
by_pc,2147509830,2,42,84,86,2,2,16,0,22,tcp_input,/Users/swchen.tw/git/percepio/poc/runs/tcp-workload-matrix-v1/A08-baseline/build/tcp_in.o,
by_pc,2147509834,2,2,4,6,2,0,0,0,0,tcp_input,/Users/swchen.tw/git/percepio/poc/runs/tcp-workload-matrix-v1/A08-baseline/build/tcp_in.o,
by_pc,2147509838,14,164,328,342,14,0,96,54,0,tcp_input,/Users/swchen.tw/git/percepio/poc/runs/tcp-workload-matrix-v1/A08-baseline/build/tcp_in.o,
by_pc,2147509842,14,28,56,70,14,14,0,0,0,tcp_input,/Users/swchen.tw/git/percepio/poc/runs/tcp-workload-matrix-v1/A08-baseline/build/tcp_in.o,
by_pc,2147509846,14,28,56,70,14,14,0,0,0,tcp_input,/Users/swchen.tw/git/percepio/poc/runs/tcp-workload-matrix-v1/A08-baseline/build/tcp_in.o,
by_pc,2147509850,14,28,56,70,14,14,0,0,0,tcp_input,/Users/swchen.tw/git/percepio/poc/runs/tcp-workload-matrix-v1/A08-baseline/build/tcp_in.o,
by_pc,2147509854,14,28,56,70,14,14,0,0,0,tcp_input,/Users/swchen.tw/git/percepio/poc/runs/tcp-workload-matrix-v1/A08-baseline/build/tcp_in.o,
by_pc,2147509858,14,14,28,42,14,0,0,0,0,tcp_input,/Users/swchen.tw/git/percepio/poc/runs/tcp-workload-matrix-v1/A08-baseline/build/tcp_in.o,
by_pc,2147509860,14,14,28,42,14,0,0,0,0,tcp_input,/Users/swchen.tw/git/percepio/poc/runs/tcp-workload-matrix-v1/A08-baseline/build/tcp_in.o,
by_pc,2147509862,14,14,28,42,14,0,0,0,0,tcp_input,/Users/swchen.tw/git/percepio/poc/runs/tcp-workload-matrix-v1/A08-baseline/build/tcp_in.o,
by_pc,2147509866,1,2,4,5,1,1,0,0,0,tcp_input,/Users/swchen.tw/git/percepio/poc/runs/tcp-workload-matrix-v1/A08-baseline/build/tcp_in.o,
by_pc,2147509870,1,1,2,3,1,0,0,0,0,tcp_input,/Users/swchen.tw/git/percepio/poc/runs/tcp-workload-matrix-v1/A08-baseline/build/tcp_in.o,
by_pc,2147509874,1,1,2,3,1,0,0,0,0,tcp_input,/Users/swchen.tw/git/percepio/poc/runs/tcp-workload-matrix-v1/A08-baseline/build/tcp_in.o,
by_pc,2147509878,1,2,4,5,1,1,0,0,0,tcp_input,/Users/swchen.tw/git/percepio/poc/runs/tcp-workload-matrix-v1/A08-baseline/build/tcp_in.o,
by_pc,2147509880,1,2,4,5,1,1,0,0,0,tcp_input,/Users/swchen.tw/git/percepio/poc/runs/tcp-workload-matrix-v1/A08-baseline/build/tcp_in.o,
by_pc,2147509884,1,1,2,3,1,0,0,0,0,tcp_input,/Users/swchen.tw/git/percepio/poc/runs/tcp-workload-matrix-v1/A08-baseline/build/tcp_in.o,
by_pc,2147509886,1,28,56,57,2,0,8,18,0,tcp_input,/Users/swchen.tw/git/percepio/poc/runs/tcp-workload-matrix-v1/A08-baseline/build/tcp_in.o,
by_pc,2147510606,1,28,56,57,1,1,8,18,0,tcp_input,/Users/swchen.tw/git/percepio/poc/runs/tcp-workload-matrix-v1/A08-baseline/build/tcp_in.o,
by_pc,2147510610,1,1,2,3,1,0,0,0,0,tcp_input,/Users/swchen.tw/git/percepio/poc/runs/tcp-workload-matrix-v1/A08-baseline/build/tcp_in.o,
by_pc,2147510626,1,2,4,5,1,1,0,0,0,tcp_input,/Users/swchen.tw/git/percepio/poc/runs/tcp-workload-matrix-v1/A08-baseline/build/tcp_in.o,
by_pc,2147510630,1,2,4,5,1,1,0,0,0,tcp_input,/Users/swchen.tw/git/percepio/poc/runs/tcp-workload-matrix-v1/A08-baseline/build/tcp_in.o,
by_pc,2147510634,1,2,4,5,1,1,0,0,0,tcp_input,/Users/swchen.tw/git/percepio/poc/runs/tcp-workload-matrix-v1/A08-baseline/build/tcp_in.o,
by_pc,2147510638,1,1,2,3,1,0,0,0,0,tcp_input,/Users/swchen.tw/git/percepio/poc/runs/tcp-workload-matrix-v1/A08-baseline/build/tcp_in.o,
by_pc,2147510640,1,1,2,3,1,0,0,0,0,tcp_input,/Users/swchen.tw/git/percepio/poc/runs/tcp-workload-matrix-v1/A08-baseline/build/tcp_in.o,
by_pc,2147510644,1,1,2,3,1,0,0,0,0,tcp_input,/Users/swchen.tw/git/percepio/poc/runs/tcp-workload-matrix-v1/A08-baseline/build/tcp_in.o,
by_pc,2147510648,1,2,4,5,1,1,0,0,0,tcp_input,/Users/swchen.tw/git/percepio/poc/runs/tcp-workload-matrix-v1/A08-baseline/build/tcp_in.o,
by_pc,2147510652,1,1,2,3,1,0,0,0,0,tcp_input,/Users/swchen.tw/git/percepio/poc/runs/tcp-workload-matrix-v1/A08-baseline/build/tcp_in.o,
by_pc,2147510656,1,27,54,55,1,0,8,18,0,tcp_input,/Users/swchen.tw/git/percepio/poc/runs/tcp-workload-matrix-v1/A08-baseline/build/tcp_in.o,
by_pc,2147510666,1,1,2,3,1,0,0,0,0,tcp_input,/Users/swchen.tw/git/percepio/poc/runs/tcp-workload-matrix-v1/A08-baseline/build/tcp_in.o,
by_pc,2147510762,1,27,54,55,1,0,8,18,0,tcp_input,/Users/swchen.tw/git/percepio/poc/runs/tcp-workload-matrix-v1/A08-baseline/build/tcp_in.o,
by_pc,2147510766,1,2,4,5,1,1,0,0,0,tcp_input,/Users/swchen.tw/git/percepio/poc/runs/tcp-workload-matrix-v1/A08-baseline/build/tcp_in.o,
by_pc,2147510770,1,1,2,3,1,0,0,0,0,tcp_input,/Users/swchen.tw/git/percepio/poc/runs/tcp-workload-matrix-v1/A08-baseline/build/tcp_in.o,
by_pc,2147510772,1,1,2,3,1,0,0,0,0,tcp_input,/Users/swchen.tw/git/percepio/poc/runs/tcp-workload-matrix-v1/A08-baseline/build/tcp_in.o,
by_pc,2147510776,1,21,42,43,1,1,8,0,11,tcp_input,/Users/swchen.tw/git/percepio/poc/runs/tcp-workload-matrix-v1/A08-baseline/build/tcp_in.o,
by_pc,2147510780,1,1,2,3,1,0,0,0,0,tcp_input,/Users/swchen.tw/git/percepio/poc/runs/tcp-workload-matrix-v1/A08-baseline/build/tcp_in.o,
by_pc,2147510686,1,1,2,3,1,0,0,0,0,tcp_input,/Users/swchen.tw/git/percepio/poc/runs/tcp-workload-matrix-v1/A08-baseline/build/tcp_in.o,
by_pc,2147510690,1,1,2,3,1,0,0,0,0,tcp_input,/Users/swchen.tw/git/percepio/poc/runs/tcp-workload-matrix-v1/A08-baseline/build/tcp_in.o,
by_pc,2147510692,1,1,2,3,1,0,0,0,0,tcp_input,/Users/swchen.tw/git/percepio/poc/runs/tcp-workload-matrix-v1/A08-baseline/build/tcp_in.o,
by_pc,2147510696,1,1,2,3,1,0,0,0,0,tcp_input,/Users/swchen.tw/git/percepio/poc/runs/tcp-workload-matrix-v1/A08-baseline/build/tcp_in.o,
by_pc,2147510782,1,1,2,3,1,0,0,0,0,tcp_input,/Users/swchen.tw/git/percepio/poc/runs/tcp-workload-matrix-v1/A08-baseline/build/tcp_in.o,
by_pc,2147510784,1,27,54,55,1,0,8,18,0,tcp_input,/Users/swchen.tw/git/percepio/poc/runs/tcp-workload-matrix-v1/A08-baseline/build/tcp_in.o,
by_pc,2147510788,1,2,4,5,1,1,0,0,0,tcp_input,/Users/swchen.tw/git/percepio/poc/runs/tcp-workload-matrix-v1/A08-baseline/build/tcp_in.o,
by_pc,2147510792,1,1,2,3,1,0,0,0,0,tcp_input,/Users/swchen.tw/git/percepio/poc/runs/tcp-workload-matrix-v1/A08-baseline/build/tcp_in.o,
by_pc,2147500888,17,17,34,51,17,0,0,0,0,do_memp_malloc_pool,/Users/swchen.tw/git/percepio/poc/runs/tcp-workload-matrix-v1/A08-baseline/build/memp.o,
by_pc,2147510796,1,1,2,3,1,0,0,0,0,tcp_input,/Users/swchen.tw/git/percepio/poc/runs/tcp-workload-matrix-v1/A08-baseline/build/tcp_in.o,
by_pc,2147510798,1,1,2,3,1,0,0,0,0,tcp_input,/Users/swchen.tw/git/percepio/poc/runs/tcp-workload-matrix-v1/A08-baseline/build/tcp_in.o,
by_pc,2147510838,1,2,4,5,1,1,0,0,0,tcp_input,/Users/swchen.tw/git/percepio/poc/runs/tcp-workload-matrix-v1/A08-baseline/build/tcp_in.o,
by_pc,2147510842,1,21,42,43,1,1,8,0,11,tcp_input,/Users/swchen.tw/git/percepio/poc/runs/tcp-workload-matrix-v1/A08-baseline/build/tcp_in.o,
by_pc,2147510844,1,2,4,5,1,1,0,0,0,tcp_input,/Users/swchen.tw/git/percepio/poc/runs/tcp-workload-matrix-v1/A08-baseline/build/tcp_in.o,
by_pc,2147510848,1,47,94,95,1,1,16,18,11,tcp_input,/Users/swchen.tw/git/percepio/poc/runs/tcp-workload-matrix-v1/A08-baseline/build/tcp_in.o,
by_pc,2147510850,1,2,4,5,1,1,0,0,0,tcp_input,/Users/swchen.tw/git/percepio/poc/runs/tcp-workload-matrix-v1/A08-baseline/build/tcp_in.o,
by_pc,2147510854,1,21,42,43,1,1,8,0,11,tcp_input,/Users/swchen.tw/git/percepio/poc/runs/tcp-workload-matrix-v1/A08-baseline/build/tcp_in.o,
by_pc,2147510858,1,2,4,5,1,1,0,0,0,tcp_input,/Users/swchen.tw/git/percepio/poc/runs/tcp-workload-matrix-v1/A08-baseline/build/tcp_in.o,
by_pc,2147510862,1,2,4,5,1,1,0,0,0,tcp_input,/Users/swchen.tw/git/percepio/poc/runs/tcp-workload-matrix-v1/A08-baseline/build/tcp_in.o,
by_pc,2147510866,1,2,4,5,1,1,0,0,0,tcp_input,/Users/swchen.tw/git/percepio/poc/runs/tcp-workload-matrix-v1/A08-baseline/build/tcp_in.o,
by_pc,2147510870,1,1,2,3,1,0,0,0,0,tcp_input,/Users/swchen.tw/git/percepio/poc/runs/tcp-workload-matrix-v1/A08-baseline/build/tcp_in.o,
by_pc,2147510872,1,1,2,3,1,0,0,0,0,tcp_input,/Users/swchen.tw/git/percepio/poc/runs/tcp-workload-matrix-v1/A08-baseline/build/tcp_in.o,
by_pc,2147510874,1,21,42,43,1,1,8,0,11,tcp_input,/Users/swchen.tw/git/percepio/poc/runs/tcp-workload-matrix-v1/A08-baseline/build/tcp_in.o,
by_pc,2147510878,1,1,2,3,1,0,0,0,0,tcp_input,/Users/swchen.tw/git/percepio/poc/runs/tcp-workload-matrix-v1/A08-baseline/build/tcp_in.o,
by_pc,2147510880,1,21,42,43,1,1,8,0,11,tcp_input,/Users/swchen.tw/git/percepio/poc/runs/tcp-workload-matrix-v1/A08-baseline/build/tcp_in.o,
by_pc,2147510882,1,2,4,5,1,1,0,0,0,tcp_input,/Users/swchen.tw/git/percepio/poc/runs/tcp-workload-matrix-v1/A08-baseline/build/tcp_in.o,
by_pc,2147510886,1,1,2,3,1,0,0,0,0,tcp_input,/Users/swchen.tw/git/percepio/poc/runs/tcp-workload-matrix-v1/A08-baseline/build/tcp_in.o,
by_pc,2147510888,1,21,42,43,1,1,8,0,11,tcp_input,/Users/swchen.tw/git/percepio/poc/runs/tcp-workload-matrix-v1/A08-baseline/build/tcp_in.o,
by_pc,2147510890,1,21,42,43,1,1,8,0,11,tcp_input,/Users/swchen.tw/git/percepio/poc/runs/tcp-workload-matrix-v1/A08-baseline/build/tcp_in.o,
by_pc,2147510892,1,1,2,3,1,0,0,0,0,tcp_input,/Users/swchen.tw/git/percepio/poc/runs/tcp-workload-matrix-v1/A08-baseline/build/tcp_in.o,
by_pc,2147503472,1,1,2,3,1,0,0,0,0,tcp_next_iss,/Users/swchen.tw/git/percepio/poc/runs/tcp-workload-matrix-v1/A08-baseline/build/tcp.o,
by_pc,2147503476,1,28,56,57,1,1,8,18,0,tcp_next_iss,/Users/swchen.tw/git/percepio/poc/runs/tcp-workload-matrix-v1/A08-baseline/build/tcp.o,
by_pc,2147503478,1,2,4,5,1,1,0,0,0,tcp_next_iss,/Users/swchen.tw/git/percepio/poc/runs/tcp-workload-matrix-v1/A08-baseline/build/tcp.o,
by_pc,2147503482,1,1,2,3,1,0,0,0,0,tcp_next_iss,/Users/swchen.tw/git/percepio/poc/runs/tcp-workload-matrix-v1/A08-baseline/build/tcp.o,
by_pc,2147503484,1,21,42,43,1,1,8,0,11,tcp_next_iss,/Users/swchen.tw/git/percepio/poc/runs/tcp-workload-matrix-v1/A08-baseline/build/tcp.o,
by_pc,2147503486,1,1,2,3,1,0,0,0,0,tcp_next_iss,/Users/swchen.tw/git/percepio/poc/runs/tcp-workload-matrix-v1/A08-baseline/build/tcp.o,
by_pc,2147510896,1,2,4,5,1,1,0,0,0,tcp_input,/Users/swchen.tw/git/percepio/poc/runs/tcp-workload-matrix-v1/A08-baseline/build/tcp_in.o,
by_pc,2147510900,1,21,42,43,1,1,8,0,11,tcp_input,/Users/swchen.tw/git/percepio/poc/runs/tcp-workload-matrix-v1/A08-baseline/build/tcp_in.o,
by_pc,2147510902,1,21,42,43,1,1,8,0,11,tcp_input,/Users/swchen.tw/git/percepio/poc/runs/tcp-workload-matrix-v1/A08-baseline/build/tcp_in.o,
by_pc,2147510904,1,1,2,3,1,0,0,0,0,tcp_input,/Users/swchen.tw/git/percepio/poc/runs/tcp-workload-matrix-v1/A08-baseline/build/tcp_in.o,
by_pc,2147510906,1,21,42,43,1,1,8,0,11,tcp_input,/Users/swchen.tw/git/percepio/poc/runs/tcp-workload-matrix-v1/A08-baseline/build/tcp_in.o,
by_pc,2147510908,1,21,42,43,1,1,8,0,11,tcp_input,/Users/swchen.tw/git/percepio/poc/runs/tcp-workload-matrix-v1/A08-baseline/build/tcp_in.o,
by_pc,2147510910,1,21,42,43,1,1,8,0,11,tcp_input,/Users/swchen.tw/git/percepio/poc/runs/tcp-workload-matrix-v1/A08-baseline/build/tcp_in.o,
by_pc,2147510912,1,28,56,57,1,1,8,18,0,tcp_input,/Users/swchen.tw/git/percepio/poc/runs/tcp-workload-matrix-v1/A08-baseline/build/tcp_in.o,
by_pc,2147510916,1,21,42,43,1,1,8,0,11,tcp_input,/Users/swchen.tw/git/percepio/poc/runs/tcp-workload-matrix-v1/A08-baseline/build/tcp_in.o,
by_pc,2147510920,1,21,42,43,1,1,8,0,11,tcp_input,/Users/swchen.tw/git/percepio/poc/runs/tcp-workload-matrix-v1/A08-baseline/build/tcp_in.o,
by_pc,2147510922,1,2,4,5,1,1,0,0,0,tcp_input,/Users/swchen.tw/git/percepio/poc/runs/tcp-workload-matrix-v1/A08-baseline/build/tcp_in.o,
by_pc,2147510926,1,1,2,3,1,0,0,0,0,tcp_input,/Users/swchen.tw/git/percepio/poc/runs/tcp-workload-matrix-v1/A08-baseline/build/tcp_in.o,
by_pc,2147510928,1,21,42,43,1,1,8,0,11,tcp_input,/Users/swchen.tw/git/percepio/poc/runs/tcp-workload-matrix-v1/A08-baseline/build/tcp_in.o,
by_pc,2147510932,1,2,4,5,1,1,0,0,0,tcp_input,/Users/swchen.tw/git/percepio/poc/runs/tcp-workload-matrix-v1/A08-baseline/build/tcp_in.o,
by_pc,2147510936,1,21,42,43,1,1,8,0,11,tcp_input,/Users/swchen.tw/git/percepio/poc/runs/tcp-workload-matrix-v1/A08-baseline/build/tcp_in.o,
by_pc,2147510940,1,2,4,5,1,1,0,0,0,tcp_input,/Users/swchen.tw/git/percepio/poc/runs/tcp-workload-matrix-v1/A08-baseline/build/tcp_in.o,
by_pc,2147510944,1,21,42,43,1,1,8,0,11,tcp_input,/Users/swchen.tw/git/percepio/poc/runs/tcp-workload-matrix-v1/A08-baseline/build/tcp_in.o,
by_pc,2147510948,1,21,42,43,1,1,8,0,11,tcp_input,/Users/swchen.tw/git/percepio/poc/runs/tcp-workload-matrix-v1/A08-baseline/build/tcp_in.o,
by_pc,2147510950,1,1,2,3,1,0,0,0,0,tcp_input,/Users/swchen.tw/git/percepio/poc/runs/tcp-workload-matrix-v1/A08-baseline/build/tcp_in.o,
by_pc,2147510954,1,1,2,3,1,0,0,0,0,tcp_input,/Users/swchen.tw/git/percepio/poc/runs/tcp-workload-matrix-v1/A08-baseline/build/tcp_in.o,
by_pc,2147510956,1,21,42,43,1,1,8,0,11,tcp_input,/Users/swchen.tw/git/percepio/poc/runs/tcp-workload-matrix-v1/A08-baseline/build/tcp_in.o,
by_pc,2147510960,1,2,4,5,1,1,0,0,0,tcp_input,/Users/swchen.tw/git/percepio/poc/runs/tcp-workload-matrix-v1/A08-baseline/build/tcp_in.o,
by_pc,2147510964,1,1,2,3,1,0,0,0,0,tcp_input,/Users/swchen.tw/git/percepio/poc/runs/tcp-workload-matrix-v1/A08-baseline/build/tcp_in.o,
by_pc,2147510966,1,1,2,3,1,0,0,0,0,tcp_input,/Users/swchen.tw/git/percepio/poc/runs/tcp-workload-matrix-v1/A08-baseline/build/tcp_in.o,
by_pc,2147510968,1,1,2,3,1,0,0,0,0,tcp_input,/Users/swchen.tw/git/percepio/poc/runs/tcp-workload-matrix-v1/A08-baseline/build/tcp_in.o,
by_pc,2147506482,1,27,54,55,1,0,8,18,0,tcp_parseopt.part.0,/Users/swchen.tw/git/percepio/poc/runs/tcp-workload-matrix-v1/A08-baseline/build/tcp_in.o,
by_pc,2147506484,1,21,42,43,1,1,8,0,11,tcp_parseopt.part.0,/Users/swchen.tw/git/percepio/poc/runs/tcp-workload-matrix-v1/A08-baseline/build/tcp_in.o,
by_pc,2147506486,1,21,42,43,1,1,8,0,11,tcp_parseopt.part.0,/Users/swchen.tw/git/percepio/poc/runs/tcp-workload-matrix-v1/A08-baseline/build/tcp_in.o,
by_pc,2147506488,1,21,42,43,1,1,8,0,11,tcp_parseopt.part.0,/Users/swchen.tw/git/percepio/poc/runs/tcp-workload-matrix-v1/A08-baseline/build/tcp_in.o,
by_pc,2147506490,1,21,42,43,1,1,8,0,11,tcp_parseopt.part.0,/Users/swchen.tw/git/percepio/poc/runs/tcp-workload-matrix-v1/A08-baseline/build/tcp_in.o,
by_pc,2147506492,1,21,42,43,1,1,8,0,11,tcp_parseopt.part.0,/Users/swchen.tw/git/percepio/poc/runs/tcp-workload-matrix-v1/A08-baseline/build/tcp_in.o,
by_pc,2147506494,1,1,2,3,1,0,0,0,0,tcp_parseopt.part.0,/Users/swchen.tw/git/percepio/poc/runs/tcp-workload-matrix-v1/A08-baseline/build/tcp_in.o,
by_pc,2147506496,1,47,94,95,1,1,16,18,11,tcp_parseopt.part.0,/Users/swchen.tw/git/percepio/poc/runs/tcp-workload-matrix-v1/A08-baseline/build/tcp_in.o,
by_pc,2147506500,1,1,2,3,1,0,0,0,0,tcp_parseopt.part.0,/Users/swchen.tw/git/percepio/poc/runs/tcp-workload-matrix-v1/A08-baseline/build/tcp_in.o,
by_pc,2147506502,1,1,2,3,1,0,0,0,0,tcp_parseopt.part.0,/Users/swchen.tw/git/percepio/poc/runs/tcp-workload-matrix-v1/A08-baseline/build/tcp_in.o,
by_pc,2147506504,2,4,8,10,2,2,0,0,0,tcp_parseopt.part.0,/Users/swchen.tw/git/percepio/poc/runs/tcp-workload-matrix-v1/A08-baseline/build/tcp_in.o,
by_pc,2147506508,2,4,8,10,2,2,0,0,0,tcp_parseopt.part.0,/Users/swchen.tw/git/percepio/poc/runs/tcp-workload-matrix-v1/A08-baseline/build/tcp_in.o,
by_pc,2147506512,2,2,4,6,2,0,0,0,0,tcp_parseopt.part.0,/Users/swchen.tw/git/percepio/poc/runs/tcp-workload-matrix-v1/A08-baseline/build/tcp_in.o,
by_pc,2147506530,1,1,2,3,1,0,0,0,0,tcp_parseopt.part.0,/Users/swchen.tw/git/percepio/poc/runs/tcp-workload-matrix-v1/A08-baseline/build/tcp_in.o,
by_pc,2147506210,4,34,68,72,4,4,8,18,0,tcp_get_next_optbyte,/Users/swchen.tw/git/percepio/poc/runs/tcp-workload-matrix-v1/A08-baseline/build/tcp_in.o,
by_pc,2147506214,4,4,8,12,4,0,0,0,0,tcp_get_next_optbyte,/Users/swchen.tw/git/percepio/poc/runs/tcp-workload-matrix-v1/A08-baseline/build/tcp_in.o,
by_pc,2147506218,4,84,168,172,4,4,32,0,44,tcp_get_next_optbyte,/Users/swchen.tw/git/percepio/poc/runs/tcp-workload-matrix-v1/A08-baseline/build/tcp_in.o,
by_pc,2147506222,4,8,16,20,4,4,0,0,0,tcp_get_next_optbyte,/Users/swchen.tw/git/percepio/poc/runs/tcp-workload-matrix-v1/A08-baseline/build/tcp_in.o,
by_pc,2147506226,4,4,8,12,4,0,0,0,0,tcp_get_next_optbyte,/Users/swchen.tw/git/percepio/poc/runs/tcp-workload-matrix-v1/A08-baseline/build/tcp_in.o,
by_pc,2147506236,4,8,16,20,4,4,0,0,0,tcp_get_next_optbyte,/Users/swchen.tw/git/percepio/poc/runs/tcp-workload-matrix-v1/A08-baseline/build/tcp_in.o,
by_pc,2147506240,4,30,60,64,4,0,8,18,0,tcp_get_next_optbyte,/Users/swchen.tw/git/percepio/poc/runs/tcp-workload-matrix-v1/A08-baseline/build/tcp_in.o,
by_pc,2147506242,4,8,16,20,4,4,0,0,0,tcp_get_next_optbyte,/Users/swchen.tw/git/percepio/poc/runs/tcp-workload-matrix-v1/A08-baseline/build/tcp_in.o,
by_pc,2147506246,4,4,8,12,4,0,0,0,0,tcp_get_next_optbyte,/Users/swchen.tw/git/percepio/poc/runs/tcp-workload-matrix-v1/A08-baseline/build/tcp_in.o,
by_pc,2147506534,1,1,2,3,1,0,0,0,0,tcp_parseopt.part.0,/Users/swchen.tw/git/percepio/poc/runs/tcp-workload-matrix-v1/A08-baseline/build/tcp_in.o,
by_pc,2147506538,1,1,2,3,1,0,0,0,0,tcp_parseopt.part.0,/Users/swchen.tw/git/percepio/poc/runs/tcp-workload-matrix-v1/A08-baseline/build/tcp_in.o,
by_pc,2147506566,1,27,54,55,1,0,8,18,0,tcp_parseopt.part.0,/Users/swchen.tw/git/percepio/poc/runs/tcp-workload-matrix-v1/A08-baseline/build/tcp_in.o,
by_pc,2147506570,1,1,2,3,1,0,0,0,0,tcp_parseopt.part.0,/Users/swchen.tw/git/percepio/poc/runs/tcp-workload-matrix-v1/A08-baseline/build/tcp_in.o,
by_pc,2147506572,1,1,2,3,1,0,0,0,0,tcp_parseopt.part.0,/Users/swchen.tw/git/percepio/poc/runs/tcp-workload-matrix-v1/A08-baseline/build/tcp_in.o,
by_pc,2147506576,1,2,4,5,1,1,0,0,0,tcp_parseopt.part.0,/Users/swchen.tw/git/percepio/poc/runs/tcp-workload-matrix-v1/A08-baseline/build/tcp_in.o,
by_pc,2147506580,1,1,2,3,1,0,0,0,0,tcp_parseopt.part.0,/Users/swchen.tw/git/percepio/poc/runs/tcp-workload-matrix-v1/A08-baseline/build/tcp_in.o,
by_pc,2147506582,1,1,2,3,1,0,0,0,0,tcp_parseopt.part.0,/Users/swchen.tw/git/percepio/poc/runs/tcp-workload-matrix-v1/A08-baseline/build/tcp_in.o,
by_pc,2147506586,1,1,2,3,1,0,0,0,0,tcp_parseopt.part.0,/Users/swchen.tw/git/percepio/poc/runs/tcp-workload-matrix-v1/A08-baseline/build/tcp_in.o,
by_pc,2147506590,1,1,2,3,1,0,0,0,0,tcp_parseopt.part.0,/Users/swchen.tw/git/percepio/poc/runs/tcp-workload-matrix-v1/A08-baseline/build/tcp_in.o,
by_pc,2147506594,1,1,2,3,1,0,0,0,0,tcp_parseopt.part.0,/Users/swchen.tw/git/percepio/poc/runs/tcp-workload-matrix-v1/A08-baseline/build/tcp_in.o,
by_pc,2147506598,1,1,2,3,1,0,0,0,0,tcp_parseopt.part.0,/Users/swchen.tw/git/percepio/poc/runs/tcp-workload-matrix-v1/A08-baseline/build/tcp_in.o,
by_pc,2147506600,1,1,2,3,1,0,0,0,0,tcp_parseopt.part.0,/Users/swchen.tw/git/percepio/poc/runs/tcp-workload-matrix-v1/A08-baseline/build/tcp_in.o,
by_pc,2147506604,1,1,2,3,1,0,0,0,0,tcp_parseopt.part.0,/Users/swchen.tw/git/percepio/poc/runs/tcp-workload-matrix-v1/A08-baseline/build/tcp_in.o,
by_pc,2147506606,1,1,2,3,1,0,0,0,0,tcp_parseopt.part.0,/Users/swchen.tw/git/percepio/poc/runs/tcp-workload-matrix-v1/A08-baseline/build/tcp_in.o,
by_pc,2147506608,1,1,2,3,1,0,0,0,0,tcp_parseopt.part.0,/Users/swchen.tw/git/percepio/poc/runs/tcp-workload-matrix-v1/A08-baseline/build/tcp_in.o,
by_pc,2147506612,1,1,2,3,1,0,0,0,0,tcp_parseopt.part.0,/Users/swchen.tw/git/percepio/poc/runs/tcp-workload-matrix-v1/A08-baseline/build/tcp_in.o,
by_pc,2147506620,1,21,42,43,1,1,8,0,11,tcp_parseopt.part.0,/Users/swchen.tw/git/percepio/poc/runs/tcp-workload-matrix-v1/A08-baseline/build/tcp_in.o,
by_pc,2147506624,1,27,54,55,1,0,8,18,0,tcp_parseopt.part.0,/Users/swchen.tw/git/percepio/poc/runs/tcp-workload-matrix-v1/A08-baseline/build/tcp_in.o,
by_pc,2147506516,1,2,4,5,1,1,0,0,0,tcp_parseopt.part.0,/Users/swchen.tw/git/percepio/poc/runs/tcp-workload-matrix-v1/A08-baseline/build/tcp_in.o,
by_pc,2147506518,1,2,4,5,1,1,0,0,0,tcp_parseopt.part.0,/Users/swchen.tw/git/percepio/poc/runs/tcp-workload-matrix-v1/A08-baseline/build/tcp_in.o,
by_pc,2147506520,1,2,4,5,1,1,0,0,0,tcp_parseopt.part.0,/Users/swchen.tw/git/percepio/poc/runs/tcp-workload-matrix-v1/A08-baseline/build/tcp_in.o,
by_pc,2147506522,1,2,4,5,1,1,0,0,0,tcp_parseopt.part.0,/Users/swchen.tw/git/percepio/poc/runs/tcp-workload-matrix-v1/A08-baseline/build/tcp_in.o,
by_pc,2147506524,1,2,4,5,1,1,0,0,0,tcp_parseopt.part.0,/Users/swchen.tw/git/percepio/poc/runs/tcp-workload-matrix-v1/A08-baseline/build/tcp_in.o,
by_pc,2147506526,1,1,2,3,1,0,0,0,0,tcp_parseopt.part.0,/Users/swchen.tw/git/percepio/poc/runs/tcp-workload-matrix-v1/A08-baseline/build/tcp_in.o,
by_pc,2147506528,1,1,2,3,1,0,0,0,0,tcp_parseopt.part.0,/Users/swchen.tw/git/percepio/poc/runs/tcp-workload-matrix-v1/A08-baseline/build/tcp_in.o,
by_pc,2147510972,1,2,4,5,1,1,0,0,0,tcp_input,/Users/swchen.tw/git/percepio/poc/runs/tcp-workload-matrix-v1/A08-baseline/build/tcp_in.o,
by_pc,2147510976,1,27,54,55,1,0,8,18,0,tcp_input,/Users/swchen.tw/git/percepio/poc/runs/tcp-workload-matrix-v1/A08-baseline/build/tcp_in.o,
by_pc,2147510980,1,1,2,3,1,0,0,0,0,tcp_input,/Users/swchen.tw/git/percepio/poc/runs/tcp-workload-matrix-v1/A08-baseline/build/tcp_in.o,
by_pc,2147510982,1,2,4,5,1,1,0,0,0,tcp_input,/Users/swchen.tw/git/percepio/poc/runs/tcp-workload-matrix-v1/A08-baseline/build/tcp_in.o,
by_pc,2147510986,1,2,4,5,1,1,0,0,0,tcp_input,/Users/swchen.tw/git/percepio/poc/runs/tcp-workload-matrix-v1/A08-baseline/build/tcp_in.o,
by_pc,2147510990,1,2,4,5,1,1,0,0,0,tcp_input,/Users/swchen.tw/git/percepio/poc/runs/tcp-workload-matrix-v1/A08-baseline/build/tcp_in.o,
by_pc,2147510994,1,21,42,43,1,1,8,0,11,tcp_input,/Users/swchen.tw/git/percepio/poc/runs/tcp-workload-matrix-v1/A08-baseline/build/tcp_in.o,
by_pc,2147510996,1,1,2,3,1,0,0,0,0,tcp_input,/Users/swchen.tw/git/percepio/poc/runs/tcp-workload-matrix-v1/A08-baseline/build/tcp_in.o,
by_pc,2147510998,1,1,2,3,1,0,0,0,0,tcp_input,/Users/swchen.tw/git/percepio/poc/runs/tcp-workload-matrix-v1/A08-baseline/build/tcp_in.o,
by_pc,2147511000,1,21,42,43,1,1,8,0,11,tcp_input,/Users/swchen.tw/git/percepio/poc/runs/tcp-workload-matrix-v1/A08-baseline/build/tcp_in.o,
by_pc,2147511004,1,21,42,43,1,1,8,0,11,tcp_input,/Users/swchen.tw/git/percepio/poc/runs/tcp-workload-matrix-v1/A08-baseline/build/tcp_in.o,
by_pc,2147511008,1,1,2,3,1,0,0,0,0,tcp_input,/Users/swchen.tw/git/percepio/poc/runs/tcp-workload-matrix-v1/A08-baseline/build/tcp_in.o,
by_pc,2147517746,14,28,56,70,14,14,0,0,0,ip4_route,/Users/swchen.tw/git/percepio/poc/runs/tcp-workload-matrix-v1/A08-baseline/build/ip4.o,
by_pc,2147517750,14,14,28,42,14,0,0,0,0,ip4_route,/Users/swchen.tw/git/percepio/poc/runs/tcp-workload-matrix-v1/A08-baseline/build/ip4.o,
by_pc,2147517808,14,126,252,266,14,14,80,18,0,ip4_route,/Users/swchen.tw/git/percepio/poc/runs/tcp-workload-matrix-v1/A08-baseline/build/ip4.o,
by_pc,2147517812,14,14,28,42,14,0,0,0,0,ip4_route,/Users/swchen.tw/git/percepio/poc/runs/tcp-workload-matrix-v1/A08-baseline/build/ip4.o,
by_pc,2147517816,14,14,28,42,14,0,0,0,0,ip4_route,/Users/swchen.tw/git/percepio/poc/runs/tcp-workload-matrix-v1/A08-baseline/build/ip4.o,
by_pc,2147517818,14,14,28,42,14,0,0,0,0,ip4_route,/Users/swchen.tw/git/percepio/poc/runs/tcp-workload-matrix-v1/A08-baseline/build/ip4.o,
by_pc,2147517822,14,14,28,42,14,0,0,0,0,ip4_route,/Users/swchen.tw/git/percepio/poc/runs/tcp-workload-matrix-v1/A08-baseline/build/ip4.o,
by_pc,2147517824,14,104,208,222,14,0,72,18,0,ip4_route,/Users/swchen.tw/git/percepio/poc/runs/tcp-workload-matrix-v1/A08-baseline/build/ip4.o,
by_pc,2147517826,14,28,56,70,14,14,0,0,0,ip4_route,/Users/swchen.tw/git/percepio/poc/runs/tcp-workload-matrix-v1/A08-baseline/build/ip4.o,
by_pc,2147517828,14,14,28,42,14,0,0,0,0,ip4_route,/Users/swchen.tw/git/percepio/poc/runs/tcp-workload-matrix-v1/A08-baseline/build/ip4.o,
by_pc,2147517830,14,28,56,70,14,14,0,0,0,ip4_route,/Users/swchen.tw/git/percepio/poc/runs/tcp-workload-matrix-v1/A08-baseline/build/ip4.o,
by_pc,2147517832,14,28,56,70,14,14,0,0,0,ip4_route,/Users/swchen.tw/git/percepio/poc/runs/tcp-workload-matrix-v1/A08-baseline/build/ip4.o,
by_pc,2147517834,14,14,28,42,14,0,0,0,0,ip4_route,/Users/swchen.tw/git/percepio/poc/runs/tcp-workload-matrix-v1/A08-baseline/build/ip4.o,
by_pc,2147517836,14,14,28,42,14,0,0,0,0,ip4_route,/Users/swchen.tw/git/percepio/poc/runs/tcp-workload-matrix-v1/A08-baseline/build/ip4.o,
by_pc,2147517838,14,14,28,42,14,0,0,0,0,ip4_route,/Users/swchen.tw/git/percepio/poc/runs/tcp-workload-matrix-v1/A08-baseline/build/ip4.o,
by_pc,2147517804,14,14,28,42,14,0,0,0,0,ip4_route,/Users/swchen.tw/git/percepio/poc/runs/tcp-workload-matrix-v1/A08-baseline/build/ip4.o,
by_pc,2147517806,14,14,28,42,14,0,0,0,0,ip4_route,/Users/swchen.tw/git/percepio/poc/runs/tcp-workload-matrix-v1/A08-baseline/build/ip4.o,
by_pc,2147511012,1,2,4,5,1,1,0,0,0,tcp_input,/Users/swchen.tw/git/percepio/poc/runs/tcp-workload-matrix-v1/A08-baseline/build/tcp_in.o,
by_pc,2147511014,1,1,2,3,1,0,0,0,0,tcp_input,/Users/swchen.tw/git/percepio/poc/runs/tcp-workload-matrix-v1/A08-baseline/build/tcp_in.o,
by_pc,2147511016,1,1,2,3,1,0,0,0,0,tcp_input,/Users/swchen.tw/git/percepio/poc/runs/tcp-workload-matrix-v1/A08-baseline/build/tcp_in.o,
by_pc,2147511018,1,1,2,3,1,0,0,0,0,tcp_input,/Users/swchen.tw/git/percepio/poc/runs/tcp-workload-matrix-v1/A08-baseline/build/tcp_in.o,
by_pc,2147503488,2,28,56,58,2,0,8,18,0,tcp_eff_send_mss_netif,/Users/swchen.tw/git/percepio/poc/runs/tcp-workload-matrix-v1/A08-baseline/build/tcp.o,
by_pc,2147503490,2,4,8,10,2,2,0,0,0,tcp_eff_send_mss_netif,/Users/swchen.tw/git/percepio/poc/runs/tcp-workload-matrix-v1/A08-baseline/build/tcp.o,
by_pc,2147503494,2,2,4,6,2,0,0,0,0,tcp_eff_send_mss_netif,/Users/swchen.tw/git/percepio/poc/runs/tcp-workload-matrix-v1/A08-baseline/build/tcp.o,
by_pc,2147503496,2,2,4,6,2,0,0,0,0,tcp_eff_send_mss_netif,/Users/swchen.tw/git/percepio/poc/runs/tcp-workload-matrix-v1/A08-baseline/build/tcp.o,
by_pc,2147503500,2,2,4,6,2,0,0,0,0,tcp_eff_send_mss_netif,/Users/swchen.tw/git/percepio/poc/runs/tcp-workload-matrix-v1/A08-baseline/build/tcp.o,
by_pc,2147503504,2,2,4,6,2,0,0,0,0,tcp_eff_send_mss_netif,/Users/swchen.tw/git/percepio/poc/runs/tcp-workload-matrix-v1/A08-baseline/build/tcp.o,
by_pc,2147503506,2,2,4,6,2,0,0,0,0,tcp_eff_send_mss_netif,/Users/swchen.tw/git/percepio/poc/runs/tcp-workload-matrix-v1/A08-baseline/build/tcp.o,
by_pc,2147503508,2,2,4,6,2,0,0,0,0,tcp_eff_send_mss_netif,/Users/swchen.tw/git/percepio/poc/runs/tcp-workload-matrix-v1/A08-baseline/build/tcp.o,
by_pc,2147503510,2,2,4,6,2,0,0,0,0,tcp_eff_send_mss_netif,/Users/swchen.tw/git/percepio/poc/runs/tcp-workload-matrix-v1/A08-baseline/build/tcp.o,
by_pc,2147503512,2,2,4,6,2,0,0,0,0,tcp_eff_send_mss_netif,/Users/swchen.tw/git/percepio/poc/runs/tcp-workload-matrix-v1/A08-baseline/build/tcp.o,
by_pc,2147503514,2,2,4,6,2,0,0,0,0,tcp_eff_send_mss_netif,/Users/swchen.tw/git/percepio/poc/runs/tcp-workload-matrix-v1/A08-baseline/build/tcp.o,
by_pc,2147503520,2,2,4,6,2,0,0,0,0,tcp_eff_send_mss_netif,/Users/swchen.tw/git/percepio/poc/runs/tcp-workload-matrix-v1/A08-baseline/build/tcp.o,
by_pc,2147503524,2,2,4,6,2,0,0,0,0,tcp_eff_send_mss_netif,/Users/swchen.tw/git/percepio/poc/runs/tcp-workload-matrix-v1/A08-baseline/build/tcp.o,
by_pc,2147503526,2,2,4,6,2,0,0,0,0,tcp_eff_send_mss_netif,/Users/swchen.tw/git/percepio/poc/runs/tcp-workload-matrix-v1/A08-baseline/build/tcp.o,
by_pc,2147511022,1,21,42,43,1,1,8,0,11,tcp_input,/Users/swchen.tw/git/percepio/poc/runs/tcp-workload-matrix-v1/A08-baseline/build/tcp_in.o,
by_pc,2147511026,1,1,2,3,1,0,0,0,0,tcp_input,/Users/swchen.tw/git/percepio/poc/runs/tcp-workload-matrix-v1/A08-baseline/build/tcp_in.o,
by_pc,2147511028,1,1,2,3,1,0,0,0,0,tcp_input,/Users/swchen.tw/git/percepio/poc/runs/tcp-workload-matrix-v1/A08-baseline/build/tcp_in.o,
by_pc,2147511030,1,1,2,3,1,0,0,0,0,tcp_input,/Users/swchen.tw/git/percepio/poc/runs/tcp-workload-matrix-v1/A08-baseline/build/tcp_in.o,
by_pc,2147514304,2,54,108,110,2,0,16,36,0,tcp_enqueue_flags,/Users/swchen.tw/git/percepio/poc/runs/tcp-workload-matrix-v1/A08-baseline/build/tcp_out.o,
by_pc,2147514308,2,2,4,6,2,0,0,0,0,tcp_enqueue_flags,/Users/swchen.tw/git/percepio/poc/runs/tcp-workload-matrix-v1/A08-baseline/build/tcp_out.o,
by_pc,2147514310,2,2,4,6,2,0,0,0,0,tcp_enqueue_flags,/Users/swchen.tw/git/percepio/poc/runs/tcp-workload-matrix-v1/A08-baseline/build/tcp_out.o,
by_pc,2147514312,2,42,84,86,2,2,16,0,22,tcp_enqueue_flags,/Users/swchen.tw/git/percepio/poc/runs/tcp-workload-matrix-v1/A08-baseline/build/tcp_out.o,
by_pc,2147514314,2,42,84,86,2,2,16,0,22,tcp_enqueue_flags,/Users/swchen.tw/git/percepio/poc/runs/tcp-workload-matrix-v1/A08-baseline/build/tcp_out.o,
by_pc,2147514316,2,2,4,6,2,0,0,0,0,tcp_enqueue_flags,/Users/swchen.tw/git/percepio/poc/runs/tcp-workload-matrix-v1/A08-baseline/build/tcp_out.o,
by_pc,2147514318,2,2,4,6,2,0,0,0,0,tcp_enqueue_flags,/Users/swchen.tw/git/percepio/poc/runs/tcp-workload-matrix-v1/A08-baseline/build/tcp_out.o,
by_pc,2147514320,2,2,4,6,2,0,0,0,0,tcp_enqueue_flags,/Users/swchen.tw/git/percepio/poc/runs/tcp-workload-matrix-v1/A08-baseline/build/tcp_out.o,
by_pc,2147514324,2,2,4,6,2,0,0,0,0,tcp_enqueue_flags,/Users/swchen.tw/git/percepio/poc/runs/tcp-workload-matrix-v1/A08-baseline/build/tcp_out.o,
by_pc,2147514328,2,2,4,6,2,0,0,0,0,tcp_enqueue_flags,/Users/swchen.tw/git/percepio/poc/runs/tcp-workload-matrix-v1/A08-baseline/build/tcp_out.o,
by_pc,2147514332,2,42,84,86,2,2,16,0,22,tcp_enqueue_flags,/Users/swchen.tw/git/percepio/poc/runs/tcp-workload-matrix-v1/A08-baseline/build/tcp_out.o,
by_pc,2147514334,2,42,84,86,2,2,16,0,22,tcp_enqueue_flags,/Users/swchen.tw/git/percepio/poc/runs/tcp-workload-matrix-v1/A08-baseline/build/tcp_out.o,
by_pc,2147514336,2,2,4,6,2,0,0,0,0,tcp_enqueue_flags,/Users/swchen.tw/git/percepio/poc/runs/tcp-workload-matrix-v1/A08-baseline/build/tcp_out.o,
by_pc,2147514340,2,4,8,10,2,2,0,0,0,tcp_enqueue_flags,/Users/swchen.tw/git/percepio/poc/runs/tcp-workload-matrix-v1/A08-baseline/build/tcp_out.o,
by_pc,2147514342,2,2,4,6,2,0,0,0,0,tcp_enqueue_flags,/Users/swchen.tw/git/percepio/poc/runs/tcp-workload-matrix-v1/A08-baseline/build/tcp_out.o,
by_pc,2147514386,2,56,112,114,2,2,16,36,0,tcp_enqueue_flags,/Users/swchen.tw/git/percepio/poc/runs/tcp-workload-matrix-v1/A08-baseline/build/tcp_out.o,
by_pc,2147514388,2,2,4,6,2,0,0,0,0,tcp_enqueue_flags,/Users/swchen.tw/git/percepio/poc/runs/tcp-workload-matrix-v1/A08-baseline/build/tcp_out.o,
by_pc,2147514390,2,2,4,6,2,0,0,0,0,tcp_enqueue_flags,/Users/swchen.tw/git/percepio/poc/runs/tcp-workload-matrix-v1/A08-baseline/build/tcp_out.o,
by_pc,2147514392,2,2,4,6,2,0,0,0,0,tcp_enqueue_flags,/Users/swchen.tw/git/percepio/poc/runs/tcp-workload-matrix-v1/A08-baseline/build/tcp_out.o,
by_pc,2147514394,2,2,4,6,2,0,0,0,0,tcp_enqueue_flags,/Users/swchen.tw/git/percepio/poc/runs/tcp-workload-matrix-v1/A08-baseline/build/tcp_out.o,
by_pc,2147512338,10,60,120,130,10,0,32,18,0,tcp_create_segment,/Users/swchen.tw/git/percepio/poc/runs/tcp-workload-matrix-v1/A08-baseline/build/tcp_out.o,
by_pc,2147512340,10,210,420,430,10,10,80,0,110,tcp_create_segment,/Users/swchen.tw/git/percepio/poc/runs/tcp-workload-matrix-v1/A08-baseline/build/tcp_out.o,
by_pc,2147512342,10,10,20,30,10,0,0,0,0,tcp_create_segment,/Users/swchen.tw/git/percepio/poc/runs/tcp-workload-matrix-v1/A08-baseline/build/tcp_out.o,
by_pc,2147512344,10,10,20,30,10,0,0,0,0,tcp_create_segment,/Users/swchen.tw/git/percepio/poc/runs/tcp-workload-matrix-v1/A08-baseline/build/tcp_out.o,
by_pc,2147512346,10,210,420,430,10,10,80,0,110,tcp_create_segment,/Users/swchen.tw/git/percepio/poc/runs/tcp-workload-matrix-v1/A08-baseline/build/tcp_out.o,
by_pc,2147512348,10,210,420,430,10,10,80,0,110,tcp_create_segment,/Users/swchen.tw/git/percepio/poc/runs/tcp-workload-matrix-v1/A08-baseline/build/tcp_out.o,
by_pc,2147512350,10,210,420,430,10,10,80,0,110,tcp_create_segment,/Users/swchen.tw/git/percepio/poc/runs/tcp-workload-matrix-v1/A08-baseline/build/tcp_out.o,
by_pc,2147512352,10,210,420,430,10,10,80,0,110,tcp_create_segment,/Users/swchen.tw/git/percepio/poc/runs/tcp-workload-matrix-v1/A08-baseline/build/tcp_out.o,
by_pc,2147512354,10,210,420,430,10,10,80,0,110,tcp_create_segment,/Users/swchen.tw/git/percepio/poc/runs/tcp-workload-matrix-v1/A08-baseline/build/tcp_out.o,
by_pc,2147512356,10,210,420,430,10,10,80,0,110,tcp_create_segment,/Users/swchen.tw/git/percepio/poc/runs/tcp-workload-matrix-v1/A08-baseline/build/tcp_out.o,
by_pc,2147512358,10,210,420,430,10,10,80,0,110,tcp_create_segment,/Users/swchen.tw/git/percepio/poc/runs/tcp-workload-matrix-v1/A08-baseline/build/tcp_out.o,
by_pc,2147512360,10,10,20,30,10,0,0,0,0,tcp_create_segment,/Users/swchen.tw/git/percepio/poc/runs/tcp-workload-matrix-v1/A08-baseline/build/tcp_out.o,
by_pc,2147512362,10,10,20,30,10,0,0,0,0,tcp_create_segment,/Users/swchen.tw/git/percepio/poc/runs/tcp-workload-matrix-v1/A08-baseline/build/tcp_out.o,
by_pc,2147512364,10,10,20,30,10,0,0,0,0,tcp_create_segment,/Users/swchen.tw/git/percepio/poc/runs/tcp-workload-matrix-v1/A08-baseline/build/tcp_out.o,
by_pc,2147512366,10,10,20,30,10,0,0,0,0,tcp_create_segment,/Users/swchen.tw/git/percepio/poc/runs/tcp-workload-matrix-v1/A08-baseline/build/tcp_out.o,
by_pc,2147512370,10,20,40,50,10,10,0,0,0,tcp_create_segment,/Users/swchen.tw/git/percepio/poc/runs/tcp-workload-matrix-v1/A08-baseline/build/tcp_out.o,
by_pc,2147512372,10,10,20,30,10,0,0,0,0,tcp_create_segment,/Users/swchen.tw/git/percepio/poc/runs/tcp-workload-matrix-v1/A08-baseline/build/tcp_out.o,
by_pc,2147512402,10,326,652,662,10,10,160,36,110,tcp_create_segment,/Users/swchen.tw/git/percepio/poc/runs/tcp-workload-matrix-v1/A08-baseline/build/tcp_out.o,
by_pc,2147512406,10,210,420,430,10,10,80,0,110,tcp_create_segment,/Users/swchen.tw/git/percepio/poc/runs/tcp-workload-matrix-v1/A08-baseline/build/tcp_out.o,
by_pc,2147512410,10,210,420,430,10,10,80,0,110,tcp_create_segment,/Users/swchen.tw/git/percepio/poc/runs/tcp-workload-matrix-v1/A08-baseline/build/tcp_out.o,
by_pc,2147512414,10,20,40,50,10,10,0,0,0,tcp_create_segment,/Users/swchen.tw/git/percepio/poc/runs/tcp-workload-matrix-v1/A08-baseline/build/tcp_out.o,
by_pc,2147512418,10,10,20,30,10,0,0,0,0,tcp_create_segment,/Users/swchen.tw/git/percepio/poc/runs/tcp-workload-matrix-v1/A08-baseline/build/tcp_out.o,
by_pc,2147512422,10,10,20,30,10,0,0,0,0,tcp_create_segment,/Users/swchen.tw/git/percepio/poc/runs/tcp-workload-matrix-v1/A08-baseline/build/tcp_out.o,
by_pc,2147512424,10,10,20,30,10,0,0,0,0,tcp_create_segment,/Users/swchen.tw/git/percepio/poc/runs/tcp-workload-matrix-v1/A08-baseline/build/tcp_out.o,
by_pc,2147512426,10,10,20,30,10,0,0,0,0,tcp_create_segment,/Users/swchen.tw/git/percepio/poc/runs/tcp-workload-matrix-v1/A08-baseline/build/tcp_out.o,
by_pc,2147512428,10,210,420,430,10,10,80,0,110,tcp_create_segment,/Users/swchen.tw/git/percepio/poc/runs/tcp-workload-matrix-v1/A08-baseline/build/tcp_out.o,
by_pc,2147512432,10,10,20,30,10,0,0,0,0,tcp_create_segment,/Users/swchen.tw/git/percepio/poc/runs/tcp-workload-matrix-v1/A08-baseline/build/tcp_out.o,
by_pc,2147512434,10,10,20,30,10,0,0,0,0,tcp_create_segment,/Users/swchen.tw/git/percepio/poc/runs/tcp-workload-matrix-v1/A08-baseline/build/tcp_out.o,
by_pc,2147512436,10,10,20,30,10,0,0,0,0,tcp_create_segment,/Users/swchen.tw/git/percepio/poc/runs/tcp-workload-matrix-v1/A08-baseline/build/tcp_out.o,
by_pc,2147512440,10,10,20,30,10,0,0,0,0,tcp_create_segment,/Users/swchen.tw/git/percepio/poc/runs/tcp-workload-matrix-v1/A08-baseline/build/tcp_out.o,
by_pc,2147512468,10,118,236,246,10,10,80,18,0,tcp_create_segment,/Users/swchen.tw/git/percepio/poc/runs/tcp-workload-matrix-v1/A08-baseline/build/tcp_out.o,
by_pc,2147512470,10,20,40,50,10,10,0,0,0,tcp_create_segment,/Users/swchen.tw/git/percepio/poc/runs/tcp-workload-matrix-v1/A08-baseline/build/tcp_out.o,
by_pc,2147512474,10,210,420,430,10,10,80,0,110,tcp_create_segment,/Users/swchen.tw/git/percepio/poc/runs/tcp-workload-matrix-v1/A08-baseline/build/tcp_out.o,
by_pc,2147512478,10,20,40,50,10,10,0,0,0,tcp_create_segment,/Users/swchen.tw/git/percepio/poc/runs/tcp-workload-matrix-v1/A08-baseline/build/tcp_out.o,
by_pc,2147512482,10,10,20,30,10,0,0,0,0,tcp_create_segment,/Users/swchen.tw/git/percepio/poc/runs/tcp-workload-matrix-v1/A08-baseline/build/tcp_out.o,
by_pc,2147512486,10,210,420,430,10,10,80,0,110,tcp_create_segment,/Users/swchen.tw/git/percepio/poc/runs/tcp-workload-matrix-v1/A08-baseline/build/tcp_out.o,
by_pc,2147512490,10,10,20,30,10,0,0,0,0,tcp_create_segment,/Users/swchen.tw/git/percepio/poc/runs/tcp-workload-matrix-v1/A08-baseline/build/tcp_out.o,
by_pc,2147512492,10,210,420,430,10,10,80,0,110,tcp_create_segment,/Users/swchen.tw/git/percepio/poc/runs/tcp-workload-matrix-v1/A08-baseline/build/tcp_out.o,
by_pc,2147512496,10,20,40,50,10,10,0,0,0,tcp_create_segment,/Users/swchen.tw/git/percepio/poc/runs/tcp-workload-matrix-v1/A08-baseline/build/tcp_out.o,
by_pc,2147512500,10,20,40,50,10,10,0,0,0,tcp_create_segment,/Users/swchen.tw/git/percepio/poc/runs/tcp-workload-matrix-v1/A08-baseline/build/tcp_out.o,
by_pc,2147512504,10,10,20,30,10,0,0,0,0,tcp_create_segment,/Users/swchen.tw/git/percepio/poc/runs/tcp-workload-matrix-v1/A08-baseline/build/tcp_out.o,
by_pc,2147512508,10,210,420,430,10,10,80,0,110,tcp_create_segment,/Users/swchen.tw/git/percepio/poc/runs/tcp-workload-matrix-v1/A08-baseline/build/tcp_out.o,
by_pc,2147512512,10,62,124,134,10,0,16,36,0,tcp_create_segment,/Users/swchen.tw/git/percepio/poc/runs/tcp-workload-matrix-v1/A08-baseline/build/tcp_out.o,
by_pc,2147512514,10,210,420,430,10,10,80,0,110,tcp_create_segment,/Users/swchen.tw/git/percepio/poc/runs/tcp-workload-matrix-v1/A08-baseline/build/tcp_out.o,
by_pc,2147512518,10,20,40,50,10,10,0,0,0,tcp_create_segment,/Users/swchen.tw/git/percepio/poc/runs/tcp-workload-matrix-v1/A08-baseline/build/tcp_out.o,
by_pc,2147512522,10,10,20,30,10,0,0,0,0,tcp_create_segment,/Users/swchen.tw/git/percepio/poc/runs/tcp-workload-matrix-v1/A08-baseline/build/tcp_out.o,
by_pc,2147512524,10,10,20,30,10,0,0,0,0,tcp_create_segment,/Users/swchen.tw/git/percepio/poc/runs/tcp-workload-matrix-v1/A08-baseline/build/tcp_out.o,
by_pc,2147512528,10,10,20,30,10,0,0,0,0,tcp_create_segment,/Users/swchen.tw/git/percepio/poc/runs/tcp-workload-matrix-v1/A08-baseline/build/tcp_out.o,
by_pc,2147512532,10,210,420,430,10,10,80,0,110,tcp_create_segment,/Users/swchen.tw/git/percepio/poc/runs/tcp-workload-matrix-v1/A08-baseline/build/tcp_out.o,
by_pc,2147512536,10,210,420,430,10,10,80,0,110,tcp_create_segment,/Users/swchen.tw/git/percepio/poc/runs/tcp-workload-matrix-v1/A08-baseline/build/tcp_out.o,
by_pc,2147512540,10,10,20,30,10,0,0,0,0,tcp_create_segment,/Users/swchen.tw/git/percepio/poc/runs/tcp-workload-matrix-v1/A08-baseline/build/tcp_out.o,
by_pc,2147512544,10,10,20,30,10,0,0,0,0,tcp_create_segment,/Users/swchen.tw/git/percepio/poc/runs/tcp-workload-matrix-v1/A08-baseline/build/tcp_out.o,
by_pc,2147512546,10,210,420,430,10,10,80,0,110,tcp_create_segment,/Users/swchen.tw/git/percepio/poc/runs/tcp-workload-matrix-v1/A08-baseline/build/tcp_out.o,
by_pc,2147512550,10,10,20,30,10,0,0,0,0,tcp_create_segment,/Users/swchen.tw/git/percepio/poc/runs/tcp-workload-matrix-v1/A08-baseline/build/tcp_out.o,
by_pc,2147512554,10,10,20,30,10,0,0,0,0,tcp_create_segment,/Users/swchen.tw/git/percepio/poc/runs/tcp-workload-matrix-v1/A08-baseline/build/tcp_out.o,
by_pc,2147512556,10,210,420,430,10,10,80,0,110,tcp_create_segment,/Users/swchen.tw/git/percepio/poc/runs/tcp-workload-matrix-v1/A08-baseline/build/tcp_out.o,
by_pc,2147512560,10,10,20,30,10,0,0,0,0,tcp_create_segment,/Users/swchen.tw/git/percepio/poc/runs/tcp-workload-matrix-v1/A08-baseline/build/tcp_out.o,
by_pc,2147512562,10,20,40,50,10,10,0,0,0,tcp_create_segment,/Users/swchen.tw/git/percepio/poc/runs/tcp-workload-matrix-v1/A08-baseline/build/tcp_out.o,
by_pc,2147512566,10,10,20,30,10,0,0,0,0,tcp_create_segment,/Users/swchen.tw/git/percepio/poc/runs/tcp-workload-matrix-v1/A08-baseline/build/tcp_out.o,
by_pc,2147512568,10,10,20,30,10,0,0,0,0,tcp_create_segment,/Users/swchen.tw/git/percepio/poc/runs/tcp-workload-matrix-v1/A08-baseline/build/tcp_out.o,
by_pc,2147512572,10,10,20,30,10,0,0,0,0,tcp_create_segment,/Users/swchen.tw/git/percepio/poc/runs/tcp-workload-matrix-v1/A08-baseline/build/tcp_out.o,
by_pc,2147512576,10,236,472,482,10,10,88,18,110,tcp_create_segment,/Users/swchen.tw/git/percepio/poc/runs/tcp-workload-matrix-v1/A08-baseline/build/tcp_out.o,
by_pc,2147512580,10,10,20,30,10,0,0,0,0,tcp_create_segment,/Users/swchen.tw/git/percepio/poc/runs/tcp-workload-matrix-v1/A08-baseline/build/tcp_out.o,
by_pc,2147512582,10,210,420,430,10,10,80,0,110,tcp_create_segment,/Users/swchen.tw/git/percepio/poc/runs/tcp-workload-matrix-v1/A08-baseline/build/tcp_out.o,
by_pc,2147512586,10,20,40,50,10,10,0,0,0,tcp_create_segment,/Users/swchen.tw/git/percepio/poc/runs/tcp-workload-matrix-v1/A08-baseline/build/tcp_out.o,
by_pc,2147512588,10,210,420,430,10,10,80,0,110,tcp_create_segment,/Users/swchen.tw/git/percepio/poc/runs/tcp-workload-matrix-v1/A08-baseline/build/tcp_out.o,
by_pc,2147512592,10,210,420,430,10,10,80,0,110,tcp_create_segment,/Users/swchen.tw/git/percepio/poc/runs/tcp-workload-matrix-v1/A08-baseline/build/tcp_out.o,
by_pc,2147512596,10,10,20,30,10,0,0,0,0,tcp_create_segment,/Users/swchen.tw/git/percepio/poc/runs/tcp-workload-matrix-v1/A08-baseline/build/tcp_out.o,
by_pc,2147512382,10,20,40,50,10,10,0,0,0,tcp_create_segment,/Users/swchen.tw/git/percepio/poc/runs/tcp-workload-matrix-v1/A08-baseline/build/tcp_out.o,
by_pc,2147512384,10,10,20,30,10,0,0,0,0,tcp_create_segment,/Users/swchen.tw/git/percepio/poc/runs/tcp-workload-matrix-v1/A08-baseline/build/tcp_out.o,
by_pc,2147512386,10,20,40,50,10,10,0,0,0,tcp_create_segment,/Users/swchen.tw/git/percepio/poc/runs/tcp-workload-matrix-v1/A08-baseline/build/tcp_out.o,
by_pc,2147512388,10,20,40,50,10,10,0,0,0,tcp_create_segment,/Users/swchen.tw/git/percepio/poc/runs/tcp-workload-matrix-v1/A08-baseline/build/tcp_out.o,
by_pc,2147512390,10,20,40,50,10,10,0,0,0,tcp_create_segment,/Users/swchen.tw/git/percepio/poc/runs/tcp-workload-matrix-v1/A08-baseline/build/tcp_out.o,
by_pc,2147512392,10,20,40,50,10,10,0,0,0,tcp_create_segment,/Users/swchen.tw/git/percepio/poc/runs/tcp-workload-matrix-v1/A08-baseline/build/tcp_out.o,
by_pc,2147512394,10,20,40,50,10,10,0,0,0,tcp_create_segment,/Users/swchen.tw/git/percepio/poc/runs/tcp-workload-matrix-v1/A08-baseline/build/tcp_out.o,
by_pc,2147512396,10,20,40,50,10,10,0,0,0,tcp_create_segment,/Users/swchen.tw/git/percepio/poc/runs/tcp-workload-matrix-v1/A08-baseline/build/tcp_out.o,
by_pc,2147512398,10,10,20,30,10,0,0,0,0,tcp_create_segment,/Users/swchen.tw/git/percepio/poc/runs/tcp-workload-matrix-v1/A08-baseline/build/tcp_out.o,
by_pc,2147512400,10,10,20,30,10,0,0,0,0,tcp_create_segment,/Users/swchen.tw/git/percepio/poc/runs/tcp-workload-matrix-v1/A08-baseline/build/tcp_out.o,
by_pc,2147514398,2,2,4,6,2,0,0,0,0,tcp_enqueue_flags,/Users/swchen.tw/git/percepio/poc/runs/tcp-workload-matrix-v1/A08-baseline/build/tcp_out.o,
by_pc,2147514400,2,4,8,10,2,2,0,0,0,tcp_enqueue_flags,/Users/swchen.tw/git/percepio/poc/runs/tcp-workload-matrix-v1/A08-baseline/build/tcp_out.o,
by_pc,2147514402,2,2,4,6,2,0,0,0,0,tcp_enqueue_flags,/Users/swchen.tw/git/percepio/poc/runs/tcp-workload-matrix-v1/A08-baseline/build/tcp_out.o,
by_pc,2147514404,2,42,84,86,2,2,16,0,22,tcp_enqueue_flags,/Users/swchen.tw/git/percepio/poc/runs/tcp-workload-matrix-v1/A08-baseline/build/tcp_out.o,
by_pc,2147514406,2,2,4,6,2,0,0,0,0,tcp_enqueue_flags,/Users/swchen.tw/git/percepio/poc/runs/tcp-workload-matrix-v1/A08-baseline/build/tcp_out.o,
by_pc,2147514410,2,2,4,6,2,0,0,0,0,tcp_enqueue_flags,/Users/swchen.tw/git/percepio/poc/runs/tcp-workload-matrix-v1/A08-baseline/build/tcp_out.o,
by_pc,2147514412,2,4,8,10,2,2,0,0,0,tcp_enqueue_flags,/Users/swchen.tw/git/percepio/poc/runs/tcp-workload-matrix-v1/A08-baseline/build/tcp_out.o,
by_pc,2147514414,2,2,4,6,2,0,0,0,0,tcp_enqueue_flags,/Users/swchen.tw/git/percepio/poc/runs/tcp-workload-matrix-v1/A08-baseline/build/tcp_out.o,
by_pc,2147514416,2,2,4,6,2,0,0,0,0,tcp_enqueue_flags,/Users/swchen.tw/git/percepio/poc/runs/tcp-workload-matrix-v1/A08-baseline/build/tcp_out.o,
by_pc,2147514418,2,42,84,86,2,2,16,0,22,tcp_enqueue_flags,/Users/swchen.tw/git/percepio/poc/runs/tcp-workload-matrix-v1/A08-baseline/build/tcp_out.o,
by_pc,2147514420,2,2,4,6,2,0,0,0,0,tcp_enqueue_flags,/Users/swchen.tw/git/percepio/poc/runs/tcp-workload-matrix-v1/A08-baseline/build/tcp_out.o,
by_pc,2147514434,2,30,60,62,2,2,8,18,0,tcp_enqueue_flags,/Users/swchen.tw/git/percepio/poc/runs/tcp-workload-matrix-v1/A08-baseline/build/tcp_out.o,
by_pc,2147514436,2,2,4,6,2,0,0,0,0,tcp_enqueue_flags,/Users/swchen.tw/git/percepio/poc/runs/tcp-workload-matrix-v1/A08-baseline/build/tcp_out.o,
by_pc,2147502190,20,88,176,196,20,0,32,36,0,pbuf_clen,/Users/swchen.tw/git/percepio/poc/runs/tcp-workload-matrix-v1/A08-baseline/build/pbuf.o,
by_pc,2147502192,20,20,40,60,20,0,0,0,0,pbuf_clen,/Users/swchen.tw/git/percepio/poc/runs/tcp-workload-matrix-v1/A08-baseline/build/pbuf.o,
by_pc,2147502194,56,56,112,168,56,0,0,0,0,pbuf_clen,/Users/swchen.tw/git/percepio/poc/runs/tcp-workload-matrix-v1/A08-baseline/build/pbuf.o,
by_pc,2147502198,36,36,72,108,36,0,0,0,0,pbuf_clen,/Users/swchen.tw/git/percepio/poc/runs/tcp-workload-matrix-v1/A08-baseline/build/pbuf.o,
by_pc,2147502202,36,36,72,108,36,0,0,0,0,pbuf_clen,/Users/swchen.tw/git/percepio/poc/runs/tcp-workload-matrix-v1/A08-baseline/build/pbuf.o,
by_pc,2147502206,36,72,144,180,36,36,0,0,0,pbuf_clen,/Users/swchen.tw/git/percepio/poc/runs/tcp-workload-matrix-v1/A08-baseline/build/pbuf.o,
by_pc,2147502208,36,70,140,176,36,0,16,18,0,pbuf_clen,/Users/swchen.tw/git/percepio/poc/runs/tcp-workload-matrix-v1/A08-baseline/build/pbuf.o,
by_pc,2147502210,36,36,72,108,36,0,0,0,0,pbuf_clen,/Users/swchen.tw/git/percepio/poc/runs/tcp-workload-matrix-v1/A08-baseline/build/pbuf.o,
by_pc,2147502196,20,20,40,60,20,0,0,0,0,pbuf_clen,/Users/swchen.tw/git/percepio/poc/runs/tcp-workload-matrix-v1/A08-baseline/build/pbuf.o,
by_pc,2147514440,2,4,8,10,2,2,0,0,0,tcp_enqueue_flags,/Users/swchen.tw/git/percepio/poc/runs/tcp-workload-matrix-v1/A08-baseline/build/tcp_out.o,
by_pc,2147514444,2,2,4,6,2,0,0,0,0,tcp_enqueue_flags,/Users/swchen.tw/git/percepio/poc/runs/tcp-workload-matrix-v1/A08-baseline/build/tcp_out.o,
by_pc,2147514446,2,42,84,86,2,2,16,0,22,tcp_enqueue_flags,/Users/swchen.tw/git/percepio/poc/runs/tcp-workload-matrix-v1/A08-baseline/build/tcp_out.o,
by_pc,2147514450,2,2,4,6,2,0,0,0,0,tcp_enqueue_flags,/Users/swchen.tw/git/percepio/poc/runs/tcp-workload-matrix-v1/A08-baseline/build/tcp_out.o,
by_pc,2147514452,2,2,4,6,2,0,0,0,0,tcp_enqueue_flags,/Users/swchen.tw/git/percepio/poc/runs/tcp-workload-matrix-v1/A08-baseline/build/tcp_out.o,
by_pc,2147514376,2,4,8,10,2,2,0,0,0,tcp_enqueue_flags,/Users/swchen.tw/git/percepio/poc/runs/tcp-workload-matrix-v1/A08-baseline/build/tcp_out.o,
by_pc,2147514378,2,4,8,10,2,2,0,0,0,tcp_enqueue_flags,/Users/swchen.tw/git/percepio/poc/runs/tcp-workload-matrix-v1/A08-baseline/build/tcp_out.o,
by_pc,2147514380,2,4,8,10,2,2,0,0,0,tcp_enqueue_flags,/Users/swchen.tw/git/percepio/poc/runs/tcp-workload-matrix-v1/A08-baseline/build/tcp_out.o,
by_pc,2147514382,2,2,4,6,2,0,0,0,0,tcp_enqueue_flags,/Users/swchen.tw/git/percepio/poc/runs/tcp-workload-matrix-v1/A08-baseline/build/tcp_out.o,
by_pc,2147514384,2,2,4,6,2,0,0,0,0,tcp_enqueue_flags,/Users/swchen.tw/git/percepio/poc/runs/tcp-workload-matrix-v1/A08-baseline/build/tcp_out.o,
by_pc,2147511034,1,1,2,3,1,0,0,0,0,tcp_input,/Users/swchen.tw/git/percepio/poc/runs/tcp-workload-matrix-v1/A08-baseline/build/tcp_in.o,
by_pc,2147511046,1,27,54,55,1,0,8,18,0,tcp_input,/Users/swchen.tw/git/percepio/poc/runs/tcp-workload-matrix-v1/A08-baseline/build/tcp_in.o,
by_pc,2147511048,1,1,2,3,1,0,0,0,0,tcp_input,/Users/swchen.tw/git/percepio/poc/runs/tcp-workload-matrix-v1/A08-baseline/build/tcp_in.o,
by_pc,2147510594,1,1,2,3,1,0,0,0,0,tcp_input,/Users/swchen.tw/git/percepio/poc/runs/tcp-workload-matrix-v1/A08-baseline/build/tcp_in.o,
by_pc,2147515344,26,158,316,342,26,26,88,18,0,tcp_output,/Users/swchen.tw/git/percepio/poc/runs/tcp-workload-matrix-v1/A08-baseline/build/tcp_out.o,
by_pc,2147515348,26,26,52,78,26,0,0,0,0,tcp_output,/Users/swchen.tw/git/percepio/poc/runs/tcp-workload-matrix-v1/A08-baseline/build/tcp_out.o,
by_pc,2147515352,24,24,48,72,24,0,0,0,0,tcp_output,/Users/swchen.tw/git/percepio/poc/runs/tcp-workload-matrix-v1/A08-baseline/build/tcp_out.o,
by_pc,2147515354,24,504,1008,1032,24,24,192,0,264,tcp_output,/Users/swchen.tw/git/percepio/poc/runs/tcp-workload-matrix-v1/A08-baseline/build/tcp_out.o,
by_pc,2147515356,24,504,1008,1032,24,24,192,0,264,tcp_output,/Users/swchen.tw/git/percepio/poc/runs/tcp-workload-matrix-v1/A08-baseline/build/tcp_out.o,
by_pc,2147515358,24,504,1008,1032,24,24,192,0,264,tcp_output,/Users/swchen.tw/git/percepio/poc/runs/tcp-workload-matrix-v1/A08-baseline/build/tcp_out.o,
by_pc,2147515360,24,504,1008,1032,24,24,192,0,264,tcp_output,/Users/swchen.tw/git/percepio/poc/runs/tcp-workload-matrix-v1/A08-baseline/build/tcp_out.o,
by_pc,2147515362,24,504,1008,1032,24,24,192,0,264,tcp_output,/Users/swchen.tw/git/percepio/poc/runs/tcp-workload-matrix-v1/A08-baseline/build/tcp_out.o,
by_pc,2147515364,24,504,1008,1032,24,24,192,0,264,tcp_output,/Users/swchen.tw/git/percepio/poc/runs/tcp-workload-matrix-v1/A08-baseline/build/tcp_out.o,
by_pc,2147515366,24,504,1008,1032,24,24,192,0,264,tcp_output,/Users/swchen.tw/git/percepio/poc/runs/tcp-workload-matrix-v1/A08-baseline/build/tcp_out.o,
by_pc,2147515368,24,504,1008,1032,24,24,192,0,264,tcp_output,/Users/swchen.tw/git/percepio/poc/runs/tcp-workload-matrix-v1/A08-baseline/build/tcp_out.o,
by_pc,2147515370,24,504,1008,1032,24,24,192,0,264,tcp_output,/Users/swchen.tw/git/percepio/poc/runs/tcp-workload-matrix-v1/A08-baseline/build/tcp_out.o,
by_pc,2147515372,24,504,1008,1032,24,24,192,0,264,tcp_output,/Users/swchen.tw/git/percepio/poc/runs/tcp-workload-matrix-v1/A08-baseline/build/tcp_out.o,
by_pc,2147515374,24,504,1008,1032,24,24,192,0,264,tcp_output,/Users/swchen.tw/git/percepio/poc/runs/tcp-workload-matrix-v1/A08-baseline/build/tcp_out.o,
by_pc,2147515376,24,504,1008,1032,24,24,192,0,264,tcp_output,/Users/swchen.tw/git/percepio/poc/runs/tcp-workload-matrix-v1/A08-baseline/build/tcp_out.o,
by_pc,2147515378,24,48,96,120,24,24,0,0,0,tcp_output,/Users/swchen.tw/git/percepio/poc/runs/tcp-workload-matrix-v1/A08-baseline/build/tcp_out.o,
by_pc,2147515380,24,24,48,72,24,0,0,0,0,tcp_output,/Users/swchen.tw/git/percepio/poc/runs/tcp-workload-matrix-v1/A08-baseline/build/tcp_out.o,
by_pc,2147515382,24,24,48,72,24,0,0,0,0,tcp_output,/Users/swchen.tw/git/percepio/poc/runs/tcp-workload-matrix-v1/A08-baseline/build/tcp_out.o,
by_pc,2147515434,10,54,108,118,10,10,16,18,0,tcp_output,/Users/swchen.tw/git/percepio/poc/runs/tcp-workload-matrix-v1/A08-baseline/build/tcp_out.o,
by_pc,2147515438,10,20,40,50,10,10,0,0,0,tcp_output,/Users/swchen.tw/git/percepio/poc/runs/tcp-workload-matrix-v1/A08-baseline/build/tcp_out.o,
by_pc,2147515442,10,20,40,50,10,10,0,0,0,tcp_output,/Users/swchen.tw/git/percepio/poc/runs/tcp-workload-matrix-v1/A08-baseline/build/tcp_out.o,
by_pc,2147515446,10,10,20,30,10,0,0,0,0,tcp_output,/Users/swchen.tw/git/percepio/poc/runs/tcp-workload-matrix-v1/A08-baseline/build/tcp_out.o,
by_pc,2147515600,10,84,168,178,10,0,56,18,0,tcp_output,/Users/swchen.tw/git/percepio/poc/runs/tcp-workload-matrix-v1/A08-baseline/build/tcp_out.o,
by_pc,2147515604,10,10,20,30,10,0,0,0,0,tcp_output,/Users/swchen.tw/git/percepio/poc/runs/tcp-workload-matrix-v1/A08-baseline/build/tcp_out.o,
by_pc,2147515608,10,10,20,30,10,0,0,0,0,tcp_output,/Users/swchen.tw/git/percepio/poc/runs/tcp-workload-matrix-v1/A08-baseline/build/tcp_out.o,
by_pc,2147515452,10,10,20,30,10,0,0,0,0,tcp_output,/Users/swchen.tw/git/percepio/poc/runs/tcp-workload-matrix-v1/A08-baseline/build/tcp_out.o,
by_pc,2147515454,10,70,140,150,20,0,32,18,0,tcp_output,/Users/swchen.tw/git/percepio/poc/runs/tcp-workload-matrix-v1/A08-baseline/build/tcp_out.o,
by_pc,2147515458,10,10,20,30,10,0,0,0,0,tcp_output,/Users/swchen.tw/git/percepio/poc/runs/tcp-workload-matrix-v1/A08-baseline/build/tcp_out.o,
by_pc,2147515460,10,10,20,30,10,0,0,0,0,tcp_output,/Users/swchen.tw/git/percepio/poc/runs/tcp-workload-matrix-v1/A08-baseline/build/tcp_out.o,
by_pc,2147515466,10,20,40,50,10,10,0,0,0,tcp_output,/Users/swchen.tw/git/percepio/poc/runs/tcp-workload-matrix-v1/A08-baseline/build/tcp_out.o,
by_pc,2147515468,10,10,20,30,10,0,0,0,0,tcp_output,/Users/swchen.tw/git/percepio/poc/runs/tcp-workload-matrix-v1/A08-baseline/build/tcp_out.o,
by_pc,2147515470,10,10,20,30,10,0,0,0,0,tcp_output,/Users/swchen.tw/git/percepio/poc/runs/tcp-workload-matrix-v1/A08-baseline/build/tcp_out.o,
by_pc,2147515474,10,10,20,30,10,0,0,0,0,tcp_output,/Users/swchen.tw/git/percepio/poc/runs/tcp-workload-matrix-v1/A08-baseline/build/tcp_out.o,
by_pc,2147515482,10,20,40,50,10,10,0,0,0,tcp_output,/Users/swchen.tw/git/percepio/poc/runs/tcp-workload-matrix-v1/A08-baseline/build/tcp_out.o,
by_pc,2147515484,10,20,40,50,10,10,0,0,0,tcp_output,/Users/swchen.tw/git/percepio/poc/runs/tcp-workload-matrix-v1/A08-baseline/build/tcp_out.o,
by_pc,2147515488,10,20,40,50,10,10,0,0,0,tcp_output,/Users/swchen.tw/git/percepio/poc/runs/tcp-workload-matrix-v1/A08-baseline/build/tcp_out.o,
by_pc,2147515492,10,20,40,50,10,10,0,0,0,tcp_output,/Users/swchen.tw/git/percepio/poc/runs/tcp-workload-matrix-v1/A08-baseline/build/tcp_out.o,
by_pc,2147515496,10,10,20,30,10,0,0,0,0,tcp_output,/Users/swchen.tw/git/percepio/poc/runs/tcp-workload-matrix-v1/A08-baseline/build/tcp_out.o,
by_pc,2147515498,10,10,20,30,10,0,0,0,0,tcp_output,/Users/swchen.tw/git/percepio/poc/runs/tcp-workload-matrix-v1/A08-baseline/build/tcp_out.o,
by_pc,2147515500,10,20,40,50,10,10,0,0,0,tcp_output,/Users/swchen.tw/git/percepio/poc/runs/tcp-workload-matrix-v1/A08-baseline/build/tcp_out.o,
by_pc,2147515504,10,10,20,30,10,0,0,0,0,tcp_output,/Users/swchen.tw/git/percepio/poc/runs/tcp-workload-matrix-v1/A08-baseline/build/tcp_out.o,
by_pc,2147515506,10,10,20,30,10,0,0,0,0,tcp_output,/Users/swchen.tw/git/percepio/poc/runs/tcp-workload-matrix-v1/A08-baseline/build/tcp_out.o,
by_pc,2147515508,10,10,20,30,10,0,0,0,0,tcp_output,/Users/swchen.tw/git/percepio/poc/runs/tcp-workload-matrix-v1/A08-baseline/build/tcp_out.o,
by_pc,2147515510,10,10,20,30,10,0,0,0,0,tcp_output,/Users/swchen.tw/git/percepio/poc/runs/tcp-workload-matrix-v1/A08-baseline/build/tcp_out.o,
by_pc,2147515512,10,10,20,30,10,0,0,0,0,tcp_output,/Users/swchen.tw/git/percepio/poc/runs/tcp-workload-matrix-v1/A08-baseline/build/tcp_out.o,
by_pc,2147515516,10,20,40,50,10,10,0,0,0,tcp_output,/Users/swchen.tw/git/percepio/poc/runs/tcp-workload-matrix-v1/A08-baseline/build/tcp_out.o,
by_pc,2147515520,10,46,92,102,10,10,8,18,0,tcp_output,/Users/swchen.tw/git/percepio/poc/runs/tcp-workload-matrix-v1/A08-baseline/build/tcp_out.o,
by_pc,2147515522,10,10,20,30,10,0,0,0,0,tcp_output,/Users/swchen.tw/git/percepio/poc/runs/tcp-workload-matrix-v1/A08-baseline/build/tcp_out.o,
by_pc,2147515524,10,10,20,30,10,0,0,0,0,tcp_output,/Users/swchen.tw/git/percepio/poc/runs/tcp-workload-matrix-v1/A08-baseline/build/tcp_out.o,
by_pc,2147515526,10,10,20,30,10,0,0,0,0,tcp_output,/Users/swchen.tw/git/percepio/poc/runs/tcp-workload-matrix-v1/A08-baseline/build/tcp_out.o,
by_pc,2147515610,10,20,40,50,10,10,0,0,0,tcp_output,/Users/swchen.tw/git/percepio/poc/runs/tcp-workload-matrix-v1/A08-baseline/build/tcp_out.o,
by_pc,2147515614,10,210,420,430,10,10,80,0,110,tcp_output,/Users/swchen.tw/git/percepio/poc/runs/tcp-workload-matrix-v1/A08-baseline/build/tcp_out.o,
by_pc,2147515618,10,10,20,30,10,0,0,0,0,tcp_output,/Users/swchen.tw/git/percepio/poc/runs/tcp-workload-matrix-v1/A08-baseline/build/tcp_out.o,
by_pc,2147515634,10,10,20,30,10,0,0,0,0,tcp_output,/Users/swchen.tw/git/percepio/poc/runs/tcp-workload-matrix-v1/A08-baseline/build/tcp_out.o,
by_pc,2147515636,10,10,20,30,10,0,0,0,0,tcp_output,/Users/swchen.tw/git/percepio/poc/runs/tcp-workload-matrix-v1/A08-baseline/build/tcp_out.o,
by_pc,2147515638,10,10,20,30,10,0,0,0,0,tcp_output,/Users/swchen.tw/git/percepio/poc/runs/tcp-workload-matrix-v1/A08-baseline/build/tcp_out.o,
by_pc,2147515892,10,118,236,246,10,10,80,18,0,tcp_output,/Users/swchen.tw/git/percepio/poc/runs/tcp-workload-matrix-v1/A08-baseline/build/tcp_out.o,
by_pc,2147515894,10,20,40,50,10,10,0,0,0,tcp_output,/Users/swchen.tw/git/percepio/poc/runs/tcp-workload-matrix-v1/A08-baseline/build/tcp_out.o,
by_pc,2147515898,10,20,40,50,10,10,0,0,0,tcp_output,/Users/swchen.tw/git/percepio/poc/runs/tcp-workload-matrix-v1/A08-baseline/build/tcp_out.o,
by_pc,2147515902,10,128,256,266,20,10,80,18,0,tcp_output,/Users/swchen.tw/git/percepio/poc/runs/tcp-workload-matrix-v1/A08-baseline/build/tcp_out.o,
by_pc,2147515906,10,10,20,30,10,0,0,0,0,tcp_output,/Users/swchen.tw/git/percepio/poc/runs/tcp-workload-matrix-v1/A08-baseline/build/tcp_out.o,
by_pc,2147515908,10,10,20,30,10,0,0,0,0,tcp_output,/Users/swchen.tw/git/percepio/poc/runs/tcp-workload-matrix-v1/A08-baseline/build/tcp_out.o,
by_pc,2147515910,10,20,40,50,10,10,0,0,0,tcp_output,/Users/swchen.tw/git/percepio/poc/runs/tcp-workload-matrix-v1/A08-baseline/build/tcp_out.o,
by_pc,2147515914,10,10,20,30,10,0,0,0,0,tcp_output,/Users/swchen.tw/git/percepio/poc/runs/tcp-workload-matrix-v1/A08-baseline/build/tcp_out.o,
by_pc,2147515916,10,10,20,30,10,0,0,0,0,tcp_output,/Users/swchen.tw/git/percepio/poc/runs/tcp-workload-matrix-v1/A08-baseline/build/tcp_out.o,
by_pc,2147515918,10,10,20,30,10,0,0,0,0,tcp_output,/Users/swchen.tw/git/percepio/poc/runs/tcp-workload-matrix-v1/A08-baseline/build/tcp_out.o,
by_pc,2147515920,10,10,20,30,10,0,0,0,0,tcp_output,/Users/swchen.tw/git/percepio/poc/runs/tcp-workload-matrix-v1/A08-baseline/build/tcp_out.o,
by_pc,2147515922,10,10,20,30,10,0,0,0,0,tcp_output,/Users/swchen.tw/git/percepio/poc/runs/tcp-workload-matrix-v1/A08-baseline/build/tcp_out.o,
by_pc,2147515926,10,20,40,50,10,10,0,0,0,tcp_output,/Users/swchen.tw/git/percepio/poc/runs/tcp-workload-matrix-v1/A08-baseline/build/tcp_out.o,
by_pc,2147515928,10,10,20,30,10,0,0,0,0,tcp_output,/Users/swchen.tw/git/percepio/poc/runs/tcp-workload-matrix-v1/A08-baseline/build/tcp_out.o,
by_pc,2147515930,10,20,40,50,10,10,0,0,0,tcp_output,/Users/swchen.tw/git/percepio/poc/runs/tcp-workload-matrix-v1/A08-baseline/build/tcp_out.o,
by_pc,2147515934,10,10,20,30,10,0,0,0,0,tcp_output,/Users/swchen.tw/git/percepio/poc/runs/tcp-workload-matrix-v1/A08-baseline/build/tcp_out.o,
by_pc,2147515936,10,10,20,30,10,0,0,0,0,tcp_output,/Users/swchen.tw/git/percepio/poc/runs/tcp-workload-matrix-v1/A08-baseline/build/tcp_out.o,
by_pc,2147515940,10,20,40,50,10,10,0,0,0,tcp_output,/Users/swchen.tw/git/percepio/poc/runs/tcp-workload-matrix-v1/A08-baseline/build/tcp_out.o,
by_pc,2147515942,10,10,20,30,10,0,0,0,0,tcp_output,/Users/swchen.tw/git/percepio/poc/runs/tcp-workload-matrix-v1/A08-baseline/build/tcp_out.o,
by_pc,2147515998,10,118,236,246,10,10,80,18,0,tcp_output,/Users/swchen.tw/git/percepio/poc/runs/tcp-workload-matrix-v1/A08-baseline/build/tcp_out.o,
by_pc,2147516000,10,10,20,30,10,0,0,0,0,tcp_output,/Users/swchen.tw/git/percepio/poc/runs/tcp-workload-matrix-v1/A08-baseline/build/tcp_out.o,
by_pc,2147516004,10,20,40,50,10,10,0,0,0,tcp_output,/Users/swchen.tw/git/percepio/poc/runs/tcp-workload-matrix-v1/A08-baseline/build/tcp_out.o,
by_pc,2147516006,10,10,20,30,10,0,0,0,0,tcp_output,/Users/swchen.tw/git/percepio/poc/runs/tcp-workload-matrix-v1/A08-baseline/build/tcp_out.o,
by_pc,2147516008,10,20,40,50,10,10,0,0,0,tcp_output,/Users/swchen.tw/git/percepio/poc/runs/tcp-workload-matrix-v1/A08-baseline/build/tcp_out.o,
by_pc,2147516012,10,20,40,50,10,10,0,0,0,tcp_output,/Users/swchen.tw/git/percepio/poc/runs/tcp-workload-matrix-v1/A08-baseline/build/tcp_out.o,
by_pc,2147516016,10,10,20,30,10,0,0,0,0,tcp_output,/Users/swchen.tw/git/percepio/poc/runs/tcp-workload-matrix-v1/A08-baseline/build/tcp_out.o,
by_pc,2147516018,10,10,20,30,10,0,0,0,0,tcp_output,/Users/swchen.tw/git/percepio/poc/runs/tcp-workload-matrix-v1/A08-baseline/build/tcp_out.o,
by_pc,2147516022,10,10,20,30,10,0,0,0,0,tcp_output,/Users/swchen.tw/git/percepio/poc/runs/tcp-workload-matrix-v1/A08-baseline/build/tcp_out.o,
by_pc,2147516026,10,20,40,50,10,10,0,0,0,tcp_output,/Users/swchen.tw/git/percepio/poc/runs/tcp-workload-matrix-v1/A08-baseline/build/tcp_out.o,
by_pc,2147516028,10,10,20,30,10,0,0,0,0,tcp_output,/Users/swchen.tw/git/percepio/poc/runs/tcp-workload-matrix-v1/A08-baseline/build/tcp_out.o,
by_pc,2147516032,10,308,616,626,10,10,160,18,110,tcp_output,/Users/swchen.tw/git/percepio/poc/runs/tcp-workload-matrix-v1/A08-baseline/build/tcp_out.o,
by_pc,2147516036,10,10,20,30,10,0,0,0,0,tcp_output,/Users/swchen.tw/git/percepio/poc/runs/tcp-workload-matrix-v1/A08-baseline/build/tcp_out.o,
by_pc,2147516038,10,210,420,430,10,10,80,0,110,tcp_output,/Users/swchen.tw/git/percepio/poc/runs/tcp-workload-matrix-v1/A08-baseline/build/tcp_out.o,
by_pc,2147516042,10,20,40,50,10,10,0,0,0,tcp_output,/Users/swchen.tw/git/percepio/poc/runs/tcp-workload-matrix-v1/A08-baseline/build/tcp_out.o,
by_pc,2147516044,10,20,40,50,10,10,0,0,0,tcp_output,/Users/swchen.tw/git/percepio/poc/runs/tcp-workload-matrix-v1/A08-baseline/build/tcp_out.o,
by_pc,2147516048,10,10,20,30,10,0,0,0,0,tcp_output,/Users/swchen.tw/git/percepio/poc/runs/tcp-workload-matrix-v1/A08-baseline/build/tcp_out.o,
by_pc,2147516052,10,20,40,50,10,10,0,0,0,tcp_output,/Users/swchen.tw/git/percepio/poc/runs/tcp-workload-matrix-v1/A08-baseline/build/tcp_out.o,
by_pc,2147516054,10,20,40,50,10,10,0,0,0,tcp_output,/Users/swchen.tw/git/percepio/poc/runs/tcp-workload-matrix-v1/A08-baseline/build/tcp_out.o,
by_pc,2147516058,10,10,20,30,10,0,0,0,0,tcp_output,/Users/swchen.tw/git/percepio/poc/runs/tcp-workload-matrix-v1/A08-baseline/build/tcp_out.o,
by_pc,2147516062,10,10,20,30,10,0,0,0,0,tcp_output,/Users/swchen.tw/git/percepio/poc/runs/tcp-workload-matrix-v1/A08-baseline/build/tcp_out.o,
by_pc,2147516066,10,210,420,430,10,10,80,0,110,tcp_output,/Users/swchen.tw/git/percepio/poc/runs/tcp-workload-matrix-v1/A08-baseline/build/tcp_out.o,
by_pc,2147516070,10,210,420,430,10,10,80,0,110,tcp_output,/Users/swchen.tw/git/percepio/poc/runs/tcp-workload-matrix-v1/A08-baseline/build/tcp_out.o,
by_pc,2147516074,10,10,20,30,10,0,0,0,0,tcp_output,/Users/swchen.tw/git/percepio/poc/runs/tcp-workload-matrix-v1/A08-baseline/build/tcp_out.o,
by_pc,2147516078,10,10,20,30,10,0,0,0,0,tcp_output,/Users/swchen.tw/git/percepio/poc/runs/tcp-workload-matrix-v1/A08-baseline/build/tcp_out.o,
by_pc,2147516080,10,210,420,430,10,10,80,0,110,tcp_output,/Users/swchen.tw/git/percepio/poc/runs/tcp-workload-matrix-v1/A08-baseline/build/tcp_out.o,
by_pc,2147516084,10,210,420,430,10,10,80,0,110,tcp_output,/Users/swchen.tw/git/percepio/poc/runs/tcp-workload-matrix-v1/A08-baseline/build/tcp_out.o,
by_pc,2147516088,10,20,40,50,10,10,0,0,0,tcp_output,/Users/swchen.tw/git/percepio/poc/runs/tcp-workload-matrix-v1/A08-baseline/build/tcp_out.o,
by_pc,2147516092,10,20,40,50,10,10,0,0,0,tcp_output,/Users/swchen.tw/git/percepio/poc/runs/tcp-workload-matrix-v1/A08-baseline/build/tcp_out.o,
by_pc,2147516096,10,108,216,226,10,0,80,18,0,tcp_output,/Users/swchen.tw/git/percepio/poc/runs/tcp-workload-matrix-v1/A08-baseline/build/tcp_out.o,
by_pc,2147516100,10,210,420,430,10,10,80,0,110,tcp_output,/Users/swchen.tw/git/percepio/poc/runs/tcp-workload-matrix-v1/A08-baseline/build/tcp_out.o,
by_pc,2147516104,10,10,20,30,10,0,0,0,0,tcp_output,/Users/swchen.tw/git/percepio/poc/runs/tcp-workload-matrix-v1/A08-baseline/build/tcp_out.o,
by_pc,2147516106,10,210,420,430,10,10,80,0,110,tcp_output,/Users/swchen.tw/git/percepio/poc/runs/tcp-workload-matrix-v1/A08-baseline/build/tcp_out.o,
by_pc,2147516110,10,20,40,50,10,10,0,0,0,tcp_output,/Users/swchen.tw/git/percepio/poc/runs/tcp-workload-matrix-v1/A08-baseline/build/tcp_out.o,
by_pc,2147516114,10,20,40,50,10,10,0,0,0,tcp_output,/Users/swchen.tw/git/percepio/poc/runs/tcp-workload-matrix-v1/A08-baseline/build/tcp_out.o,
by_pc,2147516116,10,10,20,30,10,0,0,0,0,tcp_output,/Users/swchen.tw/git/percepio/poc/runs/tcp-workload-matrix-v1/A08-baseline/build/tcp_out.o,
by_pc,2147516118,10,210,420,430,10,10,80,0,110,tcp_output,/Users/swchen.tw/git/percepio/poc/runs/tcp-workload-matrix-v1/A08-baseline/build/tcp_out.o,
by_pc,2147516120,10,20,40,50,10,10,0,0,0,tcp_output,/Users/swchen.tw/git/percepio/poc/runs/tcp-workload-matrix-v1/A08-baseline/build/tcp_out.o,
by_pc,2147516124,10,10,20,30,10,0,0,0,0,tcp_output,/Users/swchen.tw/git/percepio/poc/runs/tcp-workload-matrix-v1/A08-baseline/build/tcp_out.o,
by_pc,2147516126,10,10,20,30,10,0,0,0,0,tcp_output,/Users/swchen.tw/git/percepio/poc/runs/tcp-workload-matrix-v1/A08-baseline/build/tcp_out.o,
by_pc,2147516128,1,1,2,3,1,0,0,0,0,tcp_output,/Users/swchen.tw/git/percepio/poc/runs/tcp-workload-matrix-v1/A08-baseline/build/tcp_out.o,
by_pc,2147516132,1,1,2,3,1,0,0,0,0,tcp_output,/Users/swchen.tw/git/percepio/poc/runs/tcp-workload-matrix-v1/A08-baseline/build/tcp_out.o,
by_pc,2147516134,1,1,2,3,1,0,0,0,0,tcp_output,/Users/swchen.tw/git/percepio/poc/runs/tcp-workload-matrix-v1/A08-baseline/build/tcp_out.o,
by_pc,2147516138,1,2,4,5,1,1,0,0,0,tcp_output,/Users/swchen.tw/git/percepio/poc/runs/tcp-workload-matrix-v1/A08-baseline/build/tcp_out.o,
by_pc,2147516142,1,1,2,3,1,0,0,0,0,tcp_output,/Users/swchen.tw/git/percepio/poc/runs/tcp-workload-matrix-v1/A08-baseline/build/tcp_out.o,
by_pc,2147516146,1,1,2,3,1,0,0,0,0,tcp_output,/Users/swchen.tw/git/percepio/poc/runs/tcp-workload-matrix-v1/A08-baseline/build/tcp_out.o,
by_pc,2147516150,1,1,2,3,1,0,0,0,0,tcp_output,/Users/swchen.tw/git/percepio/poc/runs/tcp-workload-matrix-v1/A08-baseline/build/tcp_out.o,
by_pc,2147516152,1,1,2,3,1,0,0,0,0,tcp_output,/Users/swchen.tw/git/percepio/poc/runs/tcp-workload-matrix-v1/A08-baseline/build/tcp_out.o,
by_pc,2147516156,1,21,42,43,1,1,8,0,11,tcp_output,/Users/swchen.tw/git/percepio/poc/runs/tcp-workload-matrix-v1/A08-baseline/build/tcp_out.o,
by_pc,2147516160,10,118,236,246,10,10,80,18,0,tcp_output,/Users/swchen.tw/git/percepio/poc/runs/tcp-workload-matrix-v1/A08-baseline/build/tcp_out.o,
by_pc,2147516164,10,10,20,30,10,0,0,0,0,tcp_output,/Users/swchen.tw/git/percepio/poc/runs/tcp-workload-matrix-v1/A08-baseline/build/tcp_out.o,
by_pc,2147516168,10,210,420,430,10,10,80,0,110,tcp_output,/Users/swchen.tw/git/percepio/poc/runs/tcp-workload-matrix-v1/A08-baseline/build/tcp_out.o,
by_pc,2147516172,10,20,40,50,10,10,0,0,0,tcp_output,/Users/swchen.tw/git/percepio/poc/runs/tcp-workload-matrix-v1/A08-baseline/build/tcp_out.o,
by_pc,2147516174,10,10,20,30,10,0,0,0,0,tcp_output,/Users/swchen.tw/git/percepio/poc/runs/tcp-workload-matrix-v1/A08-baseline/build/tcp_out.o,
by_pc,2147516176,10,20,40,50,10,10,0,0,0,tcp_output,/Users/swchen.tw/git/percepio/poc/runs/tcp-workload-matrix-v1/A08-baseline/build/tcp_out.o,
by_pc,2147516180,10,210,420,430,10,10,80,0,110,tcp_output,/Users/swchen.tw/git/percepio/poc/runs/tcp-workload-matrix-v1/A08-baseline/build/tcp_out.o,
by_pc,2147516182,10,20,40,50,10,10,0,0,0,tcp_output,/Users/swchen.tw/git/percepio/poc/runs/tcp-workload-matrix-v1/A08-baseline/build/tcp_out.o,
by_pc,2147516184,10,20,40,50,10,10,0,0,0,tcp_output,/Users/swchen.tw/git/percepio/poc/runs/tcp-workload-matrix-v1/A08-baseline/build/tcp_out.o,
by_pc,2147516188,10,20,40,50,10,10,0,0,0,tcp_output,/Users/swchen.tw/git/percepio/poc/runs/tcp-workload-matrix-v1/A08-baseline/build/tcp_out.o,
by_pc,2147516192,10,20,40,50,10,10,0,0,0,tcp_output,/Users/swchen.tw/git/percepio/poc/runs/tcp-workload-matrix-v1/A08-baseline/build/tcp_out.o,
by_pc,2147516196,10,10,20,30,10,0,0,0,0,tcp_output,/Users/swchen.tw/git/percepio/poc/runs/tcp-workload-matrix-v1/A08-baseline/build/tcp_out.o,
by_pc,2147516198,10,10,20,30,10,0,0,0,0,tcp_output,/Users/swchen.tw/git/percepio/poc/runs/tcp-workload-matrix-v1/A08-baseline/build/tcp_out.o,
by_pc,2147516200,10,20,40,50,10,10,0,0,0,tcp_output,/Users/swchen.tw/git/percepio/poc/runs/tcp-workload-matrix-v1/A08-baseline/build/tcp_out.o,
by_pc,2147516204,10,10,20,30,10,0,0,0,0,tcp_output,/Users/swchen.tw/git/percepio/poc/runs/tcp-workload-matrix-v1/A08-baseline/build/tcp_out.o,
by_pc,2147516206,10,10,20,30,10,0,0,0,0,tcp_output,/Users/swchen.tw/git/percepio/poc/runs/tcp-workload-matrix-v1/A08-baseline/build/tcp_out.o,
by_pc,2147516208,10,10,20,30,10,0,0,0,0,tcp_output,/Users/swchen.tw/git/percepio/poc/runs/tcp-workload-matrix-v1/A08-baseline/build/tcp_out.o,
by_pc,2147516210,10,10,20,30,10,0,0,0,0,tcp_output,/Users/swchen.tw/git/percepio/poc/runs/tcp-workload-matrix-v1/A08-baseline/build/tcp_out.o,
by_pc,2147516212,10,10,20,30,10,0,0,0,0,tcp_output,/Users/swchen.tw/git/percepio/poc/runs/tcp-workload-matrix-v1/A08-baseline/build/tcp_out.o,
by_pc,2147516216,10,210,420,430,10,10,80,0,110,tcp_output,/Users/swchen.tw/git/percepio/poc/runs/tcp-workload-matrix-v1/A08-baseline/build/tcp_out.o,
by_pc,2147516218,10,20,40,50,10,10,0,0,0,tcp_output,/Users/swchen.tw/git/percepio/poc/runs/tcp-workload-matrix-v1/A08-baseline/build/tcp_out.o,
by_pc,2147516220,10,20,40,50,10,10,0,0,0,tcp_output,/Users/swchen.tw/git/percepio/poc/runs/tcp-workload-matrix-v1/A08-baseline/build/tcp_out.o,
by_pc,2147516222,10,10,20,30,10,0,0,0,0,tcp_output,/Users/swchen.tw/git/percepio/poc/runs/tcp-workload-matrix-v1/A08-baseline/build/tcp_out.o,
by_pc,2147516224,10,118,236,246,10,10,80,18,0,tcp_output,/Users/swchen.tw/git/percepio/poc/runs/tcp-workload-matrix-v1/A08-baseline/build/tcp_out.o,
by_pc,2147516226,10,10,20,30,10,0,0,0,0,tcp_output,/Users/swchen.tw/git/percepio/poc/runs/tcp-workload-matrix-v1/A08-baseline/build/tcp_out.o,
by_pc,2147516228,10,20,40,50,10,10,0,0,0,tcp_output,/Users/swchen.tw/git/percepio/poc/runs/tcp-workload-matrix-v1/A08-baseline/build/tcp_out.o,
by_pc,2147516232,10,10,20,30,10,0,0,0,0,tcp_output,/Users/swchen.tw/git/percepio/poc/runs/tcp-workload-matrix-v1/A08-baseline/build/tcp_out.o,
by_pc,2147516234,10,210,420,430,10,10,80,0,110,tcp_output,/Users/swchen.tw/git/percepio/poc/runs/tcp-workload-matrix-v1/A08-baseline/build/tcp_out.o,
by_pc,2147516238,10,20,40,50,10,10,0,0,0,tcp_output,/Users/swchen.tw/git/percepio/poc/runs/tcp-workload-matrix-v1/A08-baseline/build/tcp_out.o,
by_pc,2147516240,10,20,40,50,10,10,0,0,0,tcp_output,/Users/swchen.tw/git/percepio/poc/runs/tcp-workload-matrix-v1/A08-baseline/build/tcp_out.o,
by_pc,2147516244,10,10,20,30,10,0,0,0,0,tcp_output,/Users/swchen.tw/git/percepio/poc/runs/tcp-workload-matrix-v1/A08-baseline/build/tcp_out.o,
by_pc,2147516248,10,210,420,430,10,10,80,0,110,tcp_output,/Users/swchen.tw/git/percepio/poc/runs/tcp-workload-matrix-v1/A08-baseline/build/tcp_out.o,
by_pc,2147516252,10,20,40,50,10,10,0,0,0,tcp_output,/Users/swchen.tw/git/percepio/poc/runs/tcp-workload-matrix-v1/A08-baseline/build/tcp_out.o,
by_pc,2147516254,10,20,40,50,10,10,0,0,0,tcp_output,/Users/swchen.tw/git/percepio/poc/runs/tcp-workload-matrix-v1/A08-baseline/build/tcp_out.o,
by_pc,2147516256,10,10,20,30,10,0,0,0,0,tcp_output,/Users/swchen.tw/git/percepio/poc/runs/tcp-workload-matrix-v1/A08-baseline/build/tcp_out.o,
by_pc,2147516258,10,210,420,430,10,10,80,0,110,tcp_output,/Users/swchen.tw/git/percepio/poc/runs/tcp-workload-matrix-v1/A08-baseline/build/tcp_out.o,
by_pc,2147516260,10,210,420,430,10,10,80,0,110,tcp_output,/Users/swchen.tw/git/percepio/poc/runs/tcp-workload-matrix-v1/A08-baseline/build/tcp_out.o,
by_pc,2147516264,10,210,420,430,10,10,80,0,110,tcp_output,/Users/swchen.tw/git/percepio/poc/runs/tcp-workload-matrix-v1/A08-baseline/build/tcp_out.o,
by_pc,2147516268,10,20,40,50,10,10,0,0,0,tcp_output,/Users/swchen.tw/git/percepio/poc/runs/tcp-workload-matrix-v1/A08-baseline/build/tcp_out.o,
by_pc,2147516270,10,20,40,50,10,10,0,0,0,tcp_output,/Users/swchen.tw/git/percepio/poc/runs/tcp-workload-matrix-v1/A08-baseline/build/tcp_out.o,
by_pc,2147516274,10,10,20,30,10,0,0,0,0,tcp_output,/Users/swchen.tw/git/percepio/poc/runs/tcp-workload-matrix-v1/A08-baseline/build/tcp_out.o,
by_pc,2147516278,10,20,40,50,10,10,0,0,0,tcp_output,/Users/swchen.tw/git/percepio/poc/runs/tcp-workload-matrix-v1/A08-baseline/build/tcp_out.o,
by_pc,2147516282,10,10,20,30,10,0,0,0,0,tcp_output,/Users/swchen.tw/git/percepio/poc/runs/tcp-workload-matrix-v1/A08-baseline/build/tcp_out.o,
by_pc,2147516286,10,318,636,646,20,10,160,18,110,tcp_output,/Users/swchen.tw/git/percepio/poc/runs/tcp-workload-matrix-v1/A08-baseline/build/tcp_out.o,
by_pc,2147516290,10,10,20,30,10,0,0,0,0,tcp_output,/Users/swchen.tw/git/percepio/poc/runs/tcp-workload-matrix-v1/A08-baseline/build/tcp_out.o,
by_pc,2147516292,10,210,420,430,10,10,80,0,110,tcp_output,/Users/swchen.tw/git/percepio/poc/runs/tcp-workload-matrix-v1/A08-baseline/build/tcp_out.o,
by_pc,2147516296,10,10,20,30,10,0,0,0,0,tcp_output,/Users/swchen.tw/git/percepio/poc/runs/tcp-workload-matrix-v1/A08-baseline/build/tcp_out.o,
by_pc,2147516300,10,20,40,50,10,10,0,0,0,tcp_output,/Users/swchen.tw/git/percepio/poc/runs/tcp-workload-matrix-v1/A08-baseline/build/tcp_out.o,
by_pc,2147516304,10,10,20,30,10,0,0,0,0,tcp_output,/Users/swchen.tw/git/percepio/poc/runs/tcp-workload-matrix-v1/A08-baseline/build/tcp_out.o,
by_pc,2147516306,10,10,20,30,10,0,0,0,0,tcp_output,/Users/swchen.tw/git/percepio/poc/runs/tcp-workload-matrix-v1/A08-baseline/build/tcp_out.o,
by_pc,2147516310,10,10,20,30,10,0,0,0,0,tcp_output,/Users/swchen.tw/git/percepio/poc/runs/tcp-workload-matrix-v1/A08-baseline/build/tcp_out.o,
by_pc,2147516312,10,10,20,30,10,0,0,0,0,tcp_output,/Users/swchen.tw/git/percepio/poc/runs/tcp-workload-matrix-v1/A08-baseline/build/tcp_out.o,
by_pc,2147516316,10,210,420,430,10,10,80,0,110,tcp_output,/Users/swchen.tw/git/percepio/poc/runs/tcp-workload-matrix-v1/A08-baseline/build/tcp_out.o,
by_pc,2147516320,10,20,40,50,10,10,0,0,0,tcp_output,/Users/swchen.tw/git/percepio/poc/runs/tcp-workload-matrix-v1/A08-baseline/build/tcp_out.o,
by_pc,2147516324,10,20,40,50,10,10,0,0,0,tcp_output,/Users/swchen.tw/git/percepio/poc/runs/tcp-workload-matrix-v1/A08-baseline/build/tcp_out.o,
by_pc,2147516328,10,20,40,50,10,10,0,0,0,tcp_output,/Users/swchen.tw/git/percepio/poc/runs/tcp-workload-matrix-v1/A08-baseline/build/tcp_out.o,
by_pc,2147516330,10,10,20,30,10,0,0,0,0,tcp_output,/Users/swchen.tw/git/percepio/poc/runs/tcp-workload-matrix-v1/A08-baseline/build/tcp_out.o,
by_pc,2147516332,10,10,20,30,10,0,0,0,0,tcp_output,/Users/swchen.tw/git/percepio/poc/runs/tcp-workload-matrix-v1/A08-baseline/build/tcp_out.o,
by_pc,2147516334,10,10,20,30,10,0,0,0,0,tcp_output,/Users/swchen.tw/git/percepio/poc/runs/tcp-workload-matrix-v1/A08-baseline/build/tcp_out.o,
by_pc,2147518942,13,13,26,39,13,0,0,0,0,ip4_output_if,/Users/swchen.tw/git/percepio/poc/runs/tcp-workload-matrix-v1/A08-baseline/build/ip4.o,
by_pc,2147518944,13,13,26,39,13,0,0,0,0,ip4_output_if,/Users/swchen.tw/git/percepio/poc/runs/tcp-workload-matrix-v1/A08-baseline/build/ip4.o,
by_pc,2147518946,13,26,52,65,13,13,0,0,0,ip4_output_if,/Users/swchen.tw/git/percepio/poc/runs/tcp-workload-matrix-v1/A08-baseline/build/ip4.o,
by_pc,2147518950,13,13,26,39,13,0,0,0,0,ip4_output_if,/Users/swchen.tw/git/percepio/poc/runs/tcp-workload-matrix-v1/A08-baseline/build/ip4.o,
by_pc,2147518958,13,13,26,39,13,0,0,0,0,ip4_output_if,/Users/swchen.tw/git/percepio/poc/runs/tcp-workload-matrix-v1/A08-baseline/build/ip4.o,
by_pc,2147518558,13,119,238,251,13,0,88,18,0,ip4_output_if_src,/Users/swchen.tw/git/percepio/poc/runs/tcp-workload-matrix-v1/A08-baseline/build/ip4.o,
by_pc,2147518560,13,273,546,559,13,13,104,0,143,ip4_output_if_src,/Users/swchen.tw/git/percepio/poc/runs/tcp-workload-matrix-v1/A08-baseline/build/ip4.o,
by_pc,2147518562,13,273,546,559,13,13,104,0,143,ip4_output_if_src,/Users/swchen.tw/git/percepio/poc/runs/tcp-workload-matrix-v1/A08-baseline/build/ip4.o,
by_pc,2147518564,13,273,546,559,13,13,104,0,143,ip4_output_if_src,/Users/swchen.tw/git/percepio/poc/runs/tcp-workload-matrix-v1/A08-baseline/build/ip4.o,
by_pc,2147518566,13,273,546,559,13,13,104,0,143,ip4_output_if_src,/Users/swchen.tw/git/percepio/poc/runs/tcp-workload-matrix-v1/A08-baseline/build/ip4.o,
by_pc,2147518568,13,273,546,559,13,13,104,0,143,ip4_output_if_src,/Users/swchen.tw/git/percepio/poc/runs/tcp-workload-matrix-v1/A08-baseline/build/ip4.o,
by_pc,2147518570,13,273,546,559,13,13,104,0,143,ip4_output_if_src,/Users/swchen.tw/git/percepio/poc/runs/tcp-workload-matrix-v1/A08-baseline/build/ip4.o,
by_pc,2147518572,13,273,546,559,13,13,104,0,143,ip4_output_if_src,/Users/swchen.tw/git/percepio/poc/runs/tcp-workload-matrix-v1/A08-baseline/build/ip4.o,
by_pc,2147518574,13,13,26,39,13,0,0,0,0,ip4_output_if_src,/Users/swchen.tw/git/percepio/poc/runs/tcp-workload-matrix-v1/A08-baseline/build/ip4.o,
by_pc,2147518576,13,13,26,39,13,0,0,0,0,ip4_output_if_src,/Users/swchen.tw/git/percepio/poc/runs/tcp-workload-matrix-v1/A08-baseline/build/ip4.o,
by_pc,2147518578,13,13,26,39,13,0,0,0,0,ip4_output_if_src,/Users/swchen.tw/git/percepio/poc/runs/tcp-workload-matrix-v1/A08-baseline/build/ip4.o,
by_pc,2147518582,13,13,26,39,13,0,0,0,0,ip4_output_if_src,/Users/swchen.tw/git/percepio/poc/runs/tcp-workload-matrix-v1/A08-baseline/build/ip4.o,
by_pc,2147518584,13,13,26,39,13,0,0,0,0,ip4_output_if_src,/Users/swchen.tw/git/percepio/poc/runs/tcp-workload-matrix-v1/A08-baseline/build/ip4.o,
by_pc,2147518586,13,273,546,559,13,13,104,0,143,ip4_output_if_src,/Users/swchen.tw/git/percepio/poc/runs/tcp-workload-matrix-v1/A08-baseline/build/ip4.o,
by_pc,2147518588,13,273,546,559,13,13,104,0,143,ip4_output_if_src,/Users/swchen.tw/git/percepio/poc/runs/tcp-workload-matrix-v1/A08-baseline/build/ip4.o,
by_pc,2147518590,13,13,26,39,13,0,0,0,0,ip4_output_if_src,/Users/swchen.tw/git/percepio/poc/runs/tcp-workload-matrix-v1/A08-baseline/build/ip4.o,
by_pc,2147518592,13,119,238,251,13,0,88,18,0,ip4_output_if_src,/Users/swchen.tw/git/percepio/poc/runs/tcp-workload-matrix-v1/A08-baseline/build/ip4.o,
by_pc,2147518594,13,13,26,39,13,0,0,0,0,ip4_output_if_src,/Users/swchen.tw/git/percepio/poc/runs/tcp-workload-matrix-v1/A08-baseline/build/ip4.o,
by_pc,2147518598,13,26,52,65,13,13,0,0,0,ip4_output_if_src,/Users/swchen.tw/git/percepio/poc/runs/tcp-workload-matrix-v1/A08-baseline/build/ip4.o,
by_pc,2147518600,13,26,52,65,13,13,0,0,0,ip4_output_if_src,/Users/swchen.tw/git/percepio/poc/runs/tcp-workload-matrix-v1/A08-baseline/build/ip4.o,
by_pc,2147518602,13,13,26,39,13,0,0,0,0,ip4_output_if_src,/Users/swchen.tw/git/percepio/poc/runs/tcp-workload-matrix-v1/A08-baseline/build/ip4.o,
by_pc,2147518642,13,26,52,65,13,13,0,0,0,ip4_output_if_src,/Users/swchen.tw/git/percepio/poc/runs/tcp-workload-matrix-v1/A08-baseline/build/ip4.o,
by_pc,2147518646,13,273,546,559,13,13,104,0,143,ip4_output_if_src,/Users/swchen.tw/git/percepio/poc/runs/tcp-workload-matrix-v1/A08-baseline/build/ip4.o,
by_pc,2147518650,13,273,546,559,13,13,104,0,143,ip4_output_if_src,/Users/swchen.tw/git/percepio/poc/runs/tcp-workload-matrix-v1/A08-baseline/build/ip4.o,
by_pc,2147518654,13,73,146,159,26,13,16,18,0,ip4_output_if_src,/Users/swchen.tw/git/percepio/poc/runs/tcp-workload-matrix-v1/A08-baseline/build/ip4.o,
by_pc,2147518658,13,273,546,559,13,13,104,0,143,ip4_output_if_src,/Users/swchen.tw/git/percepio/poc/runs/tcp-workload-matrix-v1/A08-baseline/build/ip4.o,
by_pc,2147518662,13,13,26,39,13,0,0,0,0,ip4_output_if_src,/Users/swchen.tw/git/percepio/poc/runs/tcp-workload-matrix-v1/A08-baseline/build/ip4.o,
by_pc,2147518664,13,13,26,39,13,0,0,0,0,ip4_output_if_src,/Users/swchen.tw/git/percepio/poc/runs/tcp-workload-matrix-v1/A08-baseline/build/ip4.o,
by_pc,2147518668,13,13,26,39,13,0,0,0,0,ip4_output_if_src,/Users/swchen.tw/git/percepio/poc/runs/tcp-workload-matrix-v1/A08-baseline/build/ip4.o,
by_pc,2147518672,13,273,546,559,13,13,104,0,143,ip4_output_if_src,/Users/swchen.tw/git/percepio/poc/runs/tcp-workload-matrix-v1/A08-baseline/build/ip4.o,
by_pc,2147518676,13,273,546,559,13,13,104,0,143,ip4_output_if_src,/Users/swchen.tw/git/percepio/poc/runs/tcp-workload-matrix-v1/A08-baseline/build/ip4.o,
by_pc,2147518680,13,13,26,39,13,0,0,0,0,ip4_output_if_src,/Users/swchen.tw/git/percepio/poc/runs/tcp-workload-matrix-v1/A08-baseline/build/ip4.o,
by_pc,2147518684,13,13,26,39,13,0,0,0,0,ip4_output_if_src,/Users/swchen.tw/git/percepio/poc/runs/tcp-workload-matrix-v1/A08-baseline/build/ip4.o,
by_pc,2147518688,13,273,546,559,13,13,104,0,143,ip4_output_if_src,/Users/swchen.tw/git/percepio/poc/runs/tcp-workload-matrix-v1/A08-baseline/build/ip4.o,
by_pc,2147518692,13,273,546,559,13,13,104,0,143,ip4_output_if_src,/Users/swchen.tw/git/percepio/poc/runs/tcp-workload-matrix-v1/A08-baseline/build/ip4.o,
by_pc,2147518696,13,273,546,559,13,13,104,0,143,ip4_output_if_src,/Users/swchen.tw/git/percepio/poc/runs/tcp-workload-matrix-v1/A08-baseline/build/ip4.o,
by_pc,2147518700,13,13,26,39,13,0,0,0,0,ip4_output_if_src,/Users/swchen.tw/git/percepio/poc/runs/tcp-workload-matrix-v1/A08-baseline/build/ip4.o,
by_pc,2147518702,13,13,26,39,13,0,0,0,0,ip4_output_if_src,/Users/swchen.tw/git/percepio/poc/runs/tcp-workload-matrix-v1/A08-baseline/build/ip4.o,
by_pc,2147518704,13,13,26,39,13,0,0,0,0,ip4_output_if_src,/Users/swchen.tw/git/percepio/poc/runs/tcp-workload-matrix-v1/A08-baseline/build/ip4.o,
by_pc,2147518706,13,26,52,65,13,13,0,0,0,ip4_output_if_src,/Users/swchen.tw/git/percepio/poc/runs/tcp-workload-matrix-v1/A08-baseline/build/ip4.o,
by_pc,2147518710,13,13,26,39,13,0,0,0,0,ip4_output_if_src,/Users/swchen.tw/git/percepio/poc/runs/tcp-workload-matrix-v1/A08-baseline/build/ip4.o,
by_pc,2147518712,13,13,26,39,13,0,0,0,0,ip4_output_if_src,/Users/swchen.tw/git/percepio/poc/runs/tcp-workload-matrix-v1/A08-baseline/build/ip4.o,
by_pc,2147518714,13,13,26,39,13,0,0,0,0,ip4_output_if_src,/Users/swchen.tw/git/percepio/poc/runs/tcp-workload-matrix-v1/A08-baseline/build/ip4.o,
by_pc,2147518716,13,13,26,39,13,0,0,0,0,ip4_output_if_src,/Users/swchen.tw/git/percepio/poc/runs/tcp-workload-matrix-v1/A08-baseline/build/ip4.o,
by_pc,2147518718,13,13,26,39,13,0,0,0,0,ip4_output_if_src,/Users/swchen.tw/git/percepio/poc/runs/tcp-workload-matrix-v1/A08-baseline/build/ip4.o,
by_pc,2147518720,13,65,130,143,13,0,16,36,0,ip4_output_if_src,/Users/swchen.tw/git/percepio/poc/runs/tcp-workload-matrix-v1/A08-baseline/build/ip4.o,
by_pc,2147518722,13,13,26,39,13,0,0,0,0,ip4_output_if_src,/Users/swchen.tw/git/percepio/poc/runs/tcp-workload-matrix-v1/A08-baseline/build/ip4.o,
by_pc,2147518724,13,13,26,39,13,0,0,0,0,ip4_output_if_src,/Users/swchen.tw/git/percepio/poc/runs/tcp-workload-matrix-v1/A08-baseline/build/ip4.o,
by_pc,2147518728,13,13,26,39,13,0,0,0,0,ip4_output_if_src,/Users/swchen.tw/git/percepio/poc/runs/tcp-workload-matrix-v1/A08-baseline/build/ip4.o,
by_pc,2147518732,13,273,546,559,13,13,104,0,143,ip4_output_if_src,/Users/swchen.tw/git/percepio/poc/runs/tcp-workload-matrix-v1/A08-baseline/build/ip4.o,
by_pc,2147518736,13,13,26,39,13,0,0,0,0,ip4_output_if_src,/Users/swchen.tw/git/percepio/poc/runs/tcp-workload-matrix-v1/A08-baseline/build/ip4.o,
by_pc,2147518738,13,26,52,65,13,13,0,0,0,ip4_output_if_src,/Users/swchen.tw/git/percepio/poc/runs/tcp-workload-matrix-v1/A08-baseline/build/ip4.o,
by_pc,2147518742,13,273,546,559,13,13,104,0,143,ip4_output_if_src,/Users/swchen.tw/git/percepio/poc/runs/tcp-workload-matrix-v1/A08-baseline/build/ip4.o,
by_pc,2147518746,13,273,546,559,13,13,104,0,143,ip4_output_if_src,/Users/swchen.tw/git/percepio/poc/runs/tcp-workload-matrix-v1/A08-baseline/build/ip4.o,
by_pc,2147518750,13,273,546,559,13,13,104,0,143,ip4_output_if_src,/Users/swchen.tw/git/percepio/poc/runs/tcp-workload-matrix-v1/A08-baseline/build/ip4.o,
by_pc,2147518754,13,13,26,39,13,0,0,0,0,ip4_output_if_src,/Users/swchen.tw/git/percepio/poc/runs/tcp-workload-matrix-v1/A08-baseline/build/ip4.o,
by_pc,2147518758,13,13,26,39,13,0,0,0,0,ip4_output_if_src,/Users/swchen.tw/git/percepio/poc/runs/tcp-workload-matrix-v1/A08-baseline/build/ip4.o,
by_pc,2147518762,13,273,546,559,13,13,104,0,143,ip4_output_if_src,/Users/swchen.tw/git/percepio/poc/runs/tcp-workload-matrix-v1/A08-baseline/build/ip4.o,
by_pc,2147518766,13,26,52,65,13,13,0,0,0,ip4_output_if_src,/Users/swchen.tw/git/percepio/poc/runs/tcp-workload-matrix-v1/A08-baseline/build/ip4.o,
by_pc,2147518770,13,273,546,559,13,13,104,0,143,ip4_output_if_src,/Users/swchen.tw/git/percepio/poc/runs/tcp-workload-matrix-v1/A08-baseline/build/ip4.o,
by_pc,2147518774,13,13,26,39,13,0,0,0,0,ip4_output_if_src,/Users/swchen.tw/git/percepio/poc/runs/tcp-workload-matrix-v1/A08-baseline/build/ip4.o,
by_pc,2147518776,13,13,26,39,13,0,0,0,0,ip4_output_if_src,/Users/swchen.tw/git/percepio/poc/runs/tcp-workload-matrix-v1/A08-baseline/build/ip4.o,
by_pc,2147518778,13,273,546,559,13,13,104,0,143,ip4_output_if_src,/Users/swchen.tw/git/percepio/poc/runs/tcp-workload-matrix-v1/A08-baseline/build/ip4.o,
by_pc,2147518782,13,68,136,149,26,0,24,18,0,ip4_output_if_src,/Users/swchen.tw/git/percepio/poc/runs/tcp-workload-matrix-v1/A08-baseline/build/ip4.o,
by_pc,2147518888,13,124,248,261,13,13,80,18,0,ip4_output_if_src,/Users/swchen.tw/git/percepio/poc/runs/tcp-workload-matrix-v1/A08-baseline/build/ip4.o,
by_pc,2147518892,13,13,26,39,13,0,0,0,0,ip4_output_if_src,/Users/swchen.tw/git/percepio/poc/runs/tcp-workload-matrix-v1/A08-baseline/build/ip4.o,
by_pc,2147518790,13,13,26,39,13,0,0,0,0,ip4_output_if_src,/Users/swchen.tw/git/percepio/poc/runs/tcp-workload-matrix-v1/A08-baseline/build/ip4.o,
by_pc,2147518794,13,13,26,39,13,0,0,0,0,ip4_output_if_src,/Users/swchen.tw/git/percepio/poc/runs/tcp-workload-matrix-v1/A08-baseline/build/ip4.o,
by_pc,2147518798,13,273,546,559,13,13,104,0,143,ip4_output_if_src,/Users/swchen.tw/git/percepio/poc/runs/tcp-workload-matrix-v1/A08-baseline/build/ip4.o,
by_pc,2147518802,13,273,546,559,13,13,104,0,143,ip4_output_if_src,/Users/swchen.tw/git/percepio/poc/runs/tcp-workload-matrix-v1/A08-baseline/build/ip4.o,
by_pc,2147518806,13,13,26,39,13,0,0,0,0,ip4_output_if_src,/Users/swchen.tw/git/percepio/poc/runs/tcp-workload-matrix-v1/A08-baseline/build/ip4.o,
by_pc,2147518810,13,13,26,39,13,0,0,0,0,ip4_output_if_src,/Users/swchen.tw/git/percepio/poc/runs/tcp-workload-matrix-v1/A08-baseline/build/ip4.o,
by_pc,2147518812,13,13,26,39,13,0,0,0,0,ip4_output_if_src,/Users/swchen.tw/git/percepio/poc/runs/tcp-workload-matrix-v1/A08-baseline/build/ip4.o,
by_pc,2147518814,13,13,26,39,13,0,0,0,0,ip4_output_if_src,/Users/swchen.tw/git/percepio/poc/runs/tcp-workload-matrix-v1/A08-baseline/build/ip4.o,
by_pc,2147518816,13,13,26,39,13,0,0,0,0,ip4_output_if_src,/Users/swchen.tw/git/percepio/poc/runs/tcp-workload-matrix-v1/A08-baseline/build/ip4.o,
by_pc,2147518818,13,273,546,559,13,13,104,0,143,ip4_output_if_src,/Users/swchen.tw/git/percepio/poc/runs/tcp-workload-matrix-v1/A08-baseline/build/ip4.o,
by_pc,2147518822,13,13,26,39,13,0,0,0,0,ip4_output_if_src,/Users/swchen.tw/git/percepio/poc/runs/tcp-workload-matrix-v1/A08-baseline/build/ip4.o,
by_pc,2147518826,13,13,26,39,13,0,0,0,0,ip4_output_if_src,/Users/swchen.tw/git/percepio/poc/runs/tcp-workload-matrix-v1/A08-baseline/build/ip4.o,
by_pc,2147518828,13,13,26,39,13,0,0,0,0,ip4_output_if_src,/Users/swchen.tw/git/percepio/poc/runs/tcp-workload-matrix-v1/A08-baseline/build/ip4.o,
by_pc,2147518830,13,13,26,39,13,0,0,0,0,ip4_output_if_src,/Users/swchen.tw/git/percepio/poc/runs/tcp-workload-matrix-v1/A08-baseline/build/ip4.o,
by_pc,2147518832,13,13,26,39,13,0,0,0,0,ip4_output_if_src,/Users/swchen.tw/git/percepio/poc/runs/tcp-workload-matrix-v1/A08-baseline/build/ip4.o,
by_pc,2147518836,13,13,26,39,13,0,0,0,0,ip4_output_if_src,/Users/swchen.tw/git/percepio/poc/runs/tcp-workload-matrix-v1/A08-baseline/build/ip4.o,
by_pc,2147518838,13,13,26,39,13,0,0,0,0,ip4_output_if_src,/Users/swchen.tw/git/percepio/poc/runs/tcp-workload-matrix-v1/A08-baseline/build/ip4.o,
by_pc,2147518842,13,273,546,559,13,13,104,0,143,ip4_output_if_src,/Users/swchen.tw/git/percepio/poc/runs/tcp-workload-matrix-v1/A08-baseline/build/ip4.o,
by_pc,2147518846,13,13,26,39,13,0,0,0,0,ip4_output_if_src,/Users/swchen.tw/git/percepio/poc/runs/tcp-workload-matrix-v1/A08-baseline/build/ip4.o,
by_pc,2147518848,13,273,546,559,13,13,104,0,143,ip4_output_if_src,/Users/swchen.tw/git/percepio/poc/runs/tcp-workload-matrix-v1/A08-baseline/build/ip4.o,
by_pc,2147518852,13,273,546,559,13,13,104,0,143,ip4_output_if_src,/Users/swchen.tw/git/percepio/poc/runs/tcp-workload-matrix-v1/A08-baseline/build/ip4.o,
by_pc,2147518856,13,13,26,39,13,0,0,0,0,ip4_output_if_src,/Users/swchen.tw/git/percepio/poc/runs/tcp-workload-matrix-v1/A08-baseline/build/ip4.o,
by_pc,2147518860,13,26,52,65,13,13,0,0,0,ip4_output_if_src,/Users/swchen.tw/git/percepio/poc/runs/tcp-workload-matrix-v1/A08-baseline/build/ip4.o,
by_pc,2147518864,13,13,26,39,13,0,0,0,0,ip4_output_if_src,/Users/swchen.tw/git/percepio/poc/runs/tcp-workload-matrix-v1/A08-baseline/build/ip4.o,
by_pc,2147518866,13,13,26,39,13,0,0,0,0,ip4_output_if_src,/Users/swchen.tw/git/percepio/poc/runs/tcp-workload-matrix-v1/A08-baseline/build/ip4.o,
by_pc,2147518868,13,13,26,39,13,0,0,0,0,ip4_output_if_src,/Users/swchen.tw/git/percepio/poc/runs/tcp-workload-matrix-v1/A08-baseline/build/ip4.o,
by_pc,2147518870,13,13,26,39,13,0,0,0,0,ip4_output_if_src,/Users/swchen.tw/git/percepio/poc/runs/tcp-workload-matrix-v1/A08-baseline/build/ip4.o,
by_pc,2147518874,13,273,546,559,13,13,104,0,143,ip4_output_if_src,/Users/swchen.tw/git/percepio/poc/runs/tcp-workload-matrix-v1/A08-baseline/build/ip4.o,
by_pc,2147518878,13,26,52,65,13,13,0,0,0,ip4_output_if_src,/Users/swchen.tw/git/percepio/poc/runs/tcp-workload-matrix-v1/A08-baseline/build/ip4.o,
by_pc,2147518882,13,13,26,39,13,0,0,0,0,ip4_output_if_src,/Users/swchen.tw/git/percepio/poc/runs/tcp-workload-matrix-v1/A08-baseline/build/ip4.o,
by_pc,2147518884,13,13,26,39,13,0,0,0,0,ip4_output_if_src,/Users/swchen.tw/git/percepio/poc/runs/tcp-workload-matrix-v1/A08-baseline/build/ip4.o,
by_pc,2147495364,13,93,186,199,13,0,80,0,0,output_packet,/Users/swchen.tw/git/percepio/poc/runs/tcp-workload-matrix-v1/A08-baseline/build/tcp_request_response_irq.o,
by_pc,2147495366,13,273,546,559,13,13,104,0,143,output_packet,/Users/swchen.tw/git/percepio/poc/runs/tcp-workload-matrix-v1/A08-baseline/build/tcp_request_response_irq.o,
by_pc,2147495368,13,273,546,559,13,13,104,0,143,output_packet,/Users/swchen.tw/git/percepio/poc/runs/tcp-workload-matrix-v1/A08-baseline/build/tcp_request_response_irq.o,
by_pc,2147495370,13,273,546,559,13,13,104,0,143,output_packet,/Users/swchen.tw/git/percepio/poc/runs/tcp-workload-matrix-v1/A08-baseline/build/tcp_request_response_irq.o,
by_pc,2147495372,13,13,26,39,13,0,0,0,0,output_packet,/Users/swchen.tw/git/percepio/poc/runs/tcp-workload-matrix-v1/A08-baseline/build/tcp_request_response_irq.o,
by_pc,2147495376,13,26,52,65,13,13,0,0,0,output_packet,/Users/swchen.tw/git/percepio/poc/runs/tcp-workload-matrix-v1/A08-baseline/build/tcp_request_response_irq.o,
by_pc,2147495378,13,13,26,39,13,0,0,0,0,output_packet,/Users/swchen.tw/git/percepio/poc/runs/tcp-workload-matrix-v1/A08-baseline/build/tcp_request_response_irq.o,
by_pc,2147495380,13,13,26,39,13,0,0,0,0,output_packet,/Users/swchen.tw/git/percepio/poc/runs/tcp-workload-matrix-v1/A08-baseline/build/tcp_request_response_irq.o,
by_pc,2147495398,13,13,26,39,13,0,0,0,0,output_packet,/Users/swchen.tw/git/percepio/poc/runs/tcp-workload-matrix-v1/A08-baseline/build/tcp_request_response_irq.o,
by_pc,2147495400,13,13,26,39,13,0,0,0,0,output_packet,/Users/swchen.tw/git/percepio/poc/runs/tcp-workload-matrix-v1/A08-baseline/build/tcp_request_response_irq.o,
by_pc,2147502212,13,39,78,91,13,0,8,18,0,pbuf_ref,/Users/swchen.tw/git/percepio/poc/runs/tcp-workload-matrix-v1/A08-baseline/build/pbuf.o,
by_pc,2147502214,13,26,52,65,13,13,0,0,0,pbuf_ref,/Users/swchen.tw/git/percepio/poc/runs/tcp-workload-matrix-v1/A08-baseline/build/pbuf.o,
by_pc,2147502218,13,13,26,39,13,0,0,0,0,pbuf_ref,/Users/swchen.tw/git/percepio/poc/runs/tcp-workload-matrix-v1/A08-baseline/build/pbuf.o,
by_pc,2147502220,13,273,546,559,13,13,104,0,143,pbuf_ref,/Users/swchen.tw/git/percepio/poc/runs/tcp-workload-matrix-v1/A08-baseline/build/pbuf.o,
by_pc,2147502224,13,13,26,39,13,0,0,0,0,pbuf_ref,/Users/swchen.tw/git/percepio/poc/runs/tcp-workload-matrix-v1/A08-baseline/build/pbuf.o,
by_pc,2147495404,13,273,546,559,13,13,104,0,143,output_packet,/Users/swchen.tw/git/percepio/poc/runs/tcp-workload-matrix-v1/A08-baseline/build/tcp_request_response_irq.o,
by_pc,2147495406,13,26,52,65,13,13,0,0,0,output_packet,/Users/swchen.tw/git/percepio/poc/runs/tcp-workload-matrix-v1/A08-baseline/build/tcp_request_response_irq.o,
by_pc,2147495408,13,26,52,65,13,13,0,0,0,output_packet,/Users/swchen.tw/git/percepio/poc/runs/tcp-workload-matrix-v1/A08-baseline/build/tcp_request_response_irq.o,
by_pc,2147495410,13,26,52,65,13,13,0,0,0,output_packet,/Users/swchen.tw/git/percepio/poc/runs/tcp-workload-matrix-v1/A08-baseline/build/tcp_request_response_irq.o,
by_pc,2147495412,13,13,26,39,13,0,0,0,0,output_packet,/Users/swchen.tw/git/percepio/poc/runs/tcp-workload-matrix-v1/A08-baseline/build/tcp_request_response_irq.o,
by_pc,2147495414,13,13,26,39,13,0,0,0,0,output_packet,/Users/swchen.tw/git/percepio/poc/runs/tcp-workload-matrix-v1/A08-baseline/build/tcp_request_response_irq.o,
by_pc,2147495416,13,13,26,39,13,0,0,0,0,output_packet,/Users/swchen.tw/git/percepio/poc/runs/tcp-workload-matrix-v1/A08-baseline/build/tcp_request_response_irq.o,
by_pc,2147518886,13,13,26,39,13,0,0,0,0,ip4_output_if_src,/Users/swchen.tw/git/percepio/poc/runs/tcp-workload-matrix-v1/A08-baseline/build/ip4.o,
by_pc,2147518624,13,26,52,65,13,13,0,0,0,ip4_output_if_src,/Users/swchen.tw/git/percepio/poc/runs/tcp-workload-matrix-v1/A08-baseline/build/ip4.o,
by_pc,2147518626,13,26,52,65,13,13,0,0,0,ip4_output_if_src,/Users/swchen.tw/git/percepio/poc/runs/tcp-workload-matrix-v1/A08-baseline/build/ip4.o,
by_pc,2147518628,13,26,52,65,13,13,0,0,0,ip4_output_if_src,/Users/swchen.tw/git/percepio/poc/runs/tcp-workload-matrix-v1/A08-baseline/build/ip4.o,
by_pc,2147518630,13,26,52,65,13,13,0,0,0,ip4_output_if_src,/Users/swchen.tw/git/percepio/poc/runs/tcp-workload-matrix-v1/A08-baseline/build/ip4.o,
by_pc,2147518632,13,26,52,65,13,13,0,0,0,ip4_output_if_src,/Users/swchen.tw/git/percepio/poc/runs/tcp-workload-matrix-v1/A08-baseline/build/ip4.o,
by_pc,2147518634,13,26,52,65,13,13,0,0,0,ip4_output_if_src,/Users/swchen.tw/git/percepio/poc/runs/tcp-workload-matrix-v1/A08-baseline/build/ip4.o,
by_pc,2147518636,13,26,52,65,13,13,0,0,0,ip4_output_if_src,/Users/swchen.tw/git/percepio/poc/runs/tcp-workload-matrix-v1/A08-baseline/build/ip4.o,
by_pc,2147518638,13,13,26,39,13,0,0,0,0,ip4_output_if_src,/Users/swchen.tw/git/percepio/poc/runs/tcp-workload-matrix-v1/A08-baseline/build/ip4.o,
by_pc,2147518640,13,13,26,39,13,0,0,0,0,ip4_output_if_src,/Users/swchen.tw/git/percepio/poc/runs/tcp-workload-matrix-v1/A08-baseline/build/ip4.o,
by_pc,2147516338,10,10,20,30,10,0,0,0,0,tcp_output,/Users/swchen.tw/git/percepio/poc/runs/tcp-workload-matrix-v1/A08-baseline/build/tcp_out.o,
by_pc,2147515640,10,20,40,50,10,10,0,0,0,tcp_output,/Users/swchen.tw/git/percepio/poc/runs/tcp-workload-matrix-v1/A08-baseline/build/tcp_out.o,
by_pc,2147515642,10,210,420,430,10,10,80,0,110,tcp_output,/Users/swchen.tw/git/percepio/poc/runs/tcp-workload-matrix-v1/A08-baseline/build/tcp_out.o,
by_pc,2147515644,10,20,40,50,10,10,0,0,0,tcp_output,/Users/swchen.tw/git/percepio/poc/runs/tcp-workload-matrix-v1/A08-baseline/build/tcp_out.o,
by_pc,2147515646,10,118,236,246,20,0,80,18,0,tcp_output,/Users/swchen.tw/git/percepio/poc/runs/tcp-workload-matrix-v1/A08-baseline/build/tcp_out.o,
by_pc,2147515650,10,20,40,50,10,10,0,0,0,tcp_output,/Users/swchen.tw/git/percepio/poc/runs/tcp-workload-matrix-v1/A08-baseline/build/tcp_out.o,
by_pc,2147515654,10,10,20,30,10,0,0,0,0,tcp_output,/Users/swchen.tw/git/percepio/poc/runs/tcp-workload-matrix-v1/A08-baseline/build/tcp_out.o,
by_pc,2147515656,10,210,420,430,10,10,80,0,110,tcp_output,/Users/swchen.tw/git/percepio/poc/runs/tcp-workload-matrix-v1/A08-baseline/build/tcp_out.o,
by_pc,2147515660,10,20,40,50,10,10,0,0,0,tcp_output,/Users/swchen.tw/git/percepio/poc/runs/tcp-workload-matrix-v1/A08-baseline/build/tcp_out.o,
by_pc,2147515662,10,20,40,50,10,10,0,0,0,tcp_output,/Users/swchen.tw/git/percepio/poc/runs/tcp-workload-matrix-v1/A08-baseline/build/tcp_out.o,
by_pc,2147515666,10,20,40,50,10,10,0,0,0,tcp_output,/Users/swchen.tw/git/percepio/poc/runs/tcp-workload-matrix-v1/A08-baseline/build/tcp_out.o,
by_pc,2147515670,10,20,40,50,10,10,0,0,0,tcp_output,/Users/swchen.tw/git/percepio/poc/runs/tcp-workload-matrix-v1/A08-baseline/build/tcp_out.o,
by_pc,2147515674,10,10,20,30,10,0,0,0,0,tcp_output,/Users/swchen.tw/git/percepio/poc/runs/tcp-workload-matrix-v1/A08-baseline/build/tcp_out.o,
by_pc,2147515676,10,10,20,30,10,0,0,0,0,tcp_output,/Users/swchen.tw/git/percepio/poc/runs/tcp-workload-matrix-v1/A08-baseline/build/tcp_out.o,
by_pc,2147515678,10,20,40,50,10,10,0,0,0,tcp_output,/Users/swchen.tw/git/percepio/poc/runs/tcp-workload-matrix-v1/A08-baseline/build/tcp_out.o,
by_pc,2147515682,10,10,20,30,10,0,0,0,0,tcp_output,/Users/swchen.tw/git/percepio/poc/runs/tcp-workload-matrix-v1/A08-baseline/build/tcp_out.o,
by_pc,2147515684,10,10,20,30,10,0,0,0,0,tcp_output,/Users/swchen.tw/git/percepio/poc/runs/tcp-workload-matrix-v1/A08-baseline/build/tcp_out.o,
by_pc,2147515686,10,10,20,30,10,0,0,0,0,tcp_output,/Users/swchen.tw/git/percepio/poc/runs/tcp-workload-matrix-v1/A08-baseline/build/tcp_out.o,
by_pc,2147515688,10,10,20,30,10,0,0,0,0,tcp_output,/Users/swchen.tw/git/percepio/poc/runs/tcp-workload-matrix-v1/A08-baseline/build/tcp_out.o,
by_pc,2147515690,10,10,20,30,10,0,0,0,0,tcp_output,/Users/swchen.tw/git/percepio/poc/runs/tcp-workload-matrix-v1/A08-baseline/build/tcp_out.o,
by_pc,2147515694,10,20,40,50,10,10,0,0,0,tcp_output,/Users/swchen.tw/git/percepio/poc/runs/tcp-workload-matrix-v1/A08-baseline/build/tcp_out.o,
by_pc,2147515696,10,20,40,50,10,10,0,0,0,tcp_output,/Users/swchen.tw/git/percepio/poc/runs/tcp-workload-matrix-v1/A08-baseline/build/tcp_out.o,
by_pc,2147515700,10,10,20,30,10,0,0,0,0,tcp_output,/Users/swchen.tw/git/percepio/poc/runs/tcp-workload-matrix-v1/A08-baseline/build/tcp_out.o,
by_pc,2147515704,10,20,40,50,10,10,0,0,0,tcp_output,/Users/swchen.tw/git/percepio/poc/runs/tcp-workload-matrix-v1/A08-baseline/build/tcp_out.o,
by_pc,2147515708,10,20,40,50,10,10,0,0,0,tcp_output,/Users/swchen.tw/git/percepio/poc/runs/tcp-workload-matrix-v1/A08-baseline/build/tcp_out.o,
by_pc,2147515712,10,126,252,262,10,0,80,36,0,tcp_output,/Users/swchen.tw/git/percepio/poc/runs/tcp-workload-matrix-v1/A08-baseline/build/tcp_out.o,
by_pc,2147515714,10,10,20,30,10,0,0,0,0,tcp_output,/Users/swchen.tw/git/percepio/poc/runs/tcp-workload-matrix-v1/A08-baseline/build/tcp_out.o,
by_pc,2147515716,10,10,20,30,10,0,0,0,0,tcp_output,/Users/swchen.tw/git/percepio/poc/runs/tcp-workload-matrix-v1/A08-baseline/build/tcp_out.o,
by_pc,2147515720,10,20,40,50,10,10,0,0,0,tcp_output,/Users/swchen.tw/git/percepio/poc/runs/tcp-workload-matrix-v1/A08-baseline/build/tcp_out.o,
by_pc,2147515722,10,10,20,30,10,0,0,0,0,tcp_output,/Users/swchen.tw/git/percepio/poc/runs/tcp-workload-matrix-v1/A08-baseline/build/tcp_out.o,
by_pc,2147515724,10,10,20,30,10,0,0,0,0,tcp_output,/Users/swchen.tw/git/percepio/poc/runs/tcp-workload-matrix-v1/A08-baseline/build/tcp_out.o,
by_pc,2147515728,10,10,20,30,10,0,0,0,0,tcp_output,/Users/swchen.tw/git/percepio/poc/runs/tcp-workload-matrix-v1/A08-baseline/build/tcp_out.o,
by_pc,2147515730,10,10,20,30,10,0,0,0,0,tcp_output,/Users/swchen.tw/git/percepio/poc/runs/tcp-workload-matrix-v1/A08-baseline/build/tcp_out.o,
by_pc,2147515732,10,10,20,30,10,0,0,0,0,tcp_output,/Users/swchen.tw/git/percepio/poc/runs/tcp-workload-matrix-v1/A08-baseline/build/tcp_out.o,
by_pc,2147515736,10,210,420,430,10,10,80,0,110,tcp_output,/Users/swchen.tw/git/percepio/poc/runs/tcp-workload-matrix-v1/A08-baseline/build/tcp_out.o,
by_pc,2147515738,10,20,40,50,10,10,0,0,0,tcp_output,/Users/swchen.tw/git/percepio/poc/runs/tcp-workload-matrix-v1/A08-baseline/build/tcp_out.o,
by_pc,2147515740,10,20,40,50,10,10,0,0,0,tcp_output,/Users/swchen.tw/git/percepio/poc/runs/tcp-workload-matrix-v1/A08-baseline/build/tcp_out.o,
by_pc,2147515744,10,20,40,50,10,10,0,0,0,tcp_output,/Users/swchen.tw/git/percepio/poc/runs/tcp-workload-matrix-v1/A08-baseline/build/tcp_out.o,
by_pc,2147515748,10,20,40,50,10,10,0,0,0,tcp_output,/Users/swchen.tw/git/percepio/poc/runs/tcp-workload-matrix-v1/A08-baseline/build/tcp_out.o,
by_pc,2147515752,10,10,20,30,10,0,0,0,0,tcp_output,/Users/swchen.tw/git/percepio/poc/runs/tcp-workload-matrix-v1/A08-baseline/build/tcp_out.o,
by_pc,2147515754,10,10,20,30,10,0,0,0,0,tcp_output,/Users/swchen.tw/git/percepio/poc/runs/tcp-workload-matrix-v1/A08-baseline/build/tcp_out.o,
by_pc,2147515756,10,10,20,30,10,0,0,0,0,tcp_output,/Users/swchen.tw/git/percepio/poc/runs/tcp-workload-matrix-v1/A08-baseline/build/tcp_out.o,
by_pc,2147515760,10,10,20,30,10,0,0,0,0,tcp_output,/Users/swchen.tw/git/percepio/poc/runs/tcp-workload-matrix-v1/A08-baseline/build/tcp_out.o,
by_pc,2147515762,10,10,20,30,10,0,0,0,0,tcp_output,/Users/swchen.tw/git/percepio/poc/runs/tcp-workload-matrix-v1/A08-baseline/build/tcp_out.o,
by_pc,2147515766,10,10,20,30,10,0,0,0,0,tcp_output,/Users/swchen.tw/git/percepio/poc/runs/tcp-workload-matrix-v1/A08-baseline/build/tcp_out.o,
by_pc,2147515770,10,210,420,430,10,10,80,0,110,tcp_output,/Users/swchen.tw/git/percepio/poc/runs/tcp-workload-matrix-v1/A08-baseline/build/tcp_out.o,
by_pc,2147515774,10,20,40,50,10,10,0,0,0,tcp_output,/Users/swchen.tw/git/percepio/poc/runs/tcp-workload-matrix-v1/A08-baseline/build/tcp_out.o,
by_pc,2147515776,10,108,216,226,10,0,80,18,0,tcp_output,/Users/swchen.tw/git/percepio/poc/runs/tcp-workload-matrix-v1/A08-baseline/build/tcp_out.o,
by_pc,2147515778,10,210,420,430,10,10,80,0,110,tcp_output,/Users/swchen.tw/git/percepio/poc/runs/tcp-workload-matrix-v1/A08-baseline/build/tcp_out.o,
by_pc,2147515780,10,10,20,30,10,0,0,0,0,tcp_output,/Users/swchen.tw/git/percepio/poc/runs/tcp-workload-matrix-v1/A08-baseline/build/tcp_out.o,
by_pc,2147515782,10,10,20,30,10,0,0,0,0,tcp_output,/Users/swchen.tw/git/percepio/poc/runs/tcp-workload-matrix-v1/A08-baseline/build/tcp_out.o,
by_pc,2147515886,10,20,40,50,10,10,0,0,0,tcp_output,/Users/swchen.tw/git/percepio/poc/runs/tcp-workload-matrix-v1/A08-baseline/build/tcp_out.o,
by_pc,2147515888,10,10,20,30,10,0,0,0,0,tcp_output,/Users/swchen.tw/git/percepio/poc/runs/tcp-workload-matrix-v1/A08-baseline/build/tcp_out.o,
by_pc,2147515392,21,114,228,249,21,21,72,0,0,tcp_output,/Users/swchen.tw/git/percepio/poc/runs/tcp-workload-matrix-v1/A08-baseline/build/tcp_out.o,
by_pc,2147515396,21,21,42,63,21,0,0,0,0,tcp_output,/Users/swchen.tw/git/percepio/poc/runs/tcp-workload-matrix-v1/A08-baseline/build/tcp_out.o,
by_pc,2147515398,21,21,42,63,21,0,0,0,0,tcp_output,/Users/swchen.tw/git/percepio/poc/runs/tcp-workload-matrix-v1/A08-baseline/build/tcp_out.o,
by_pc,2147515402,21,441,882,903,21,21,168,0,231,tcp_output,/Users/swchen.tw/git/percepio/poc/runs/tcp-workload-matrix-v1/A08-baseline/build/tcp_out.o,
by_pc,2147515406,21,42,84,105,21,21,0,0,0,tcp_output,/Users/swchen.tw/git/percepio/poc/runs/tcp-workload-matrix-v1/A08-baseline/build/tcp_out.o,
by_pc,2147515408,21,42,84,105,21,21,0,0,0,tcp_output,/Users/swchen.tw/git/percepio/poc/runs/tcp-workload-matrix-v1/A08-baseline/build/tcp_out.o,
by_pc,2147515410,21,42,84,105,21,21,0,0,0,tcp_output,/Users/swchen.tw/git/percepio/poc/runs/tcp-workload-matrix-v1/A08-baseline/build/tcp_out.o,
by_pc,2147515412,21,42,84,105,21,21,0,0,0,tcp_output,/Users/swchen.tw/git/percepio/poc/runs/tcp-workload-matrix-v1/A08-baseline/build/tcp_out.o,
by_pc,2147515414,21,42,84,105,21,21,0,0,0,tcp_output,/Users/swchen.tw/git/percepio/poc/runs/tcp-workload-matrix-v1/A08-baseline/build/tcp_out.o,
by_pc,2147515416,21,42,84,105,21,21,0,0,0,tcp_output,/Users/swchen.tw/git/percepio/poc/runs/tcp-workload-matrix-v1/A08-baseline/build/tcp_out.o,
by_pc,2147515418,21,42,84,105,21,21,0,0,0,tcp_output,/Users/swchen.tw/git/percepio/poc/runs/tcp-workload-matrix-v1/A08-baseline/build/tcp_out.o,
by_pc,2147515420,21,42,84,105,21,21,0,0,0,tcp_output,/Users/swchen.tw/git/percepio/poc/runs/tcp-workload-matrix-v1/A08-baseline/build/tcp_out.o,
by_pc,2147515422,21,42,84,105,21,21,0,0,0,tcp_output,/Users/swchen.tw/git/percepio/poc/runs/tcp-workload-matrix-v1/A08-baseline/build/tcp_out.o,
by_pc,2147515424,21,42,84,105,21,21,0,0,0,tcp_output,/Users/swchen.tw/git/percepio/poc/runs/tcp-workload-matrix-v1/A08-baseline/build/tcp_out.o,
by_pc,2147515426,21,42,84,105,21,21,0,0,0,tcp_output,/Users/swchen.tw/git/percepio/poc/runs/tcp-workload-matrix-v1/A08-baseline/build/tcp_out.o,
by_pc,2147515428,21,42,84,105,21,21,0,0,0,tcp_output,/Users/swchen.tw/git/percepio/poc/runs/tcp-workload-matrix-v1/A08-baseline/build/tcp_out.o,
by_pc,2147515430,21,21,42,63,21,0,0,0,0,tcp_output,/Users/swchen.tw/git/percepio/poc/runs/tcp-workload-matrix-v1/A08-baseline/build/tcp_out.o,
by_pc,2147515432,21,21,42,63,21,0,0,0,0,tcp_output,/Users/swchen.tw/git/percepio/poc/runs/tcp-workload-matrix-v1/A08-baseline/build/tcp_out.o,
by_pc,2147510598,1,1,2,3,1,0,0,0,0,tcp_input,/Users/swchen.tw/git/percepio/poc/runs/tcp-workload-matrix-v1/A08-baseline/build/tcp_in.o,
by_pc,2147510540,1,28,56,57,1,1,8,18,0,tcp_input,/Users/swchen.tw/git/percepio/poc/runs/tcp-workload-matrix-v1/A08-baseline/build/tcp_in.o,
by_pc,2147510542,1,2,4,5,1,1,0,0,0,tcp_input,/Users/swchen.tw/git/percepio/poc/runs/tcp-workload-matrix-v1/A08-baseline/build/tcp_in.o,
by_pc,2147510544,1,2,4,5,1,1,0,0,0,tcp_input,/Users/swchen.tw/git/percepio/poc/runs/tcp-workload-matrix-v1/A08-baseline/build/tcp_in.o,
by_pc,2147510546,1,2,4,5,1,1,0,0,0,tcp_input,/Users/swchen.tw/git/percepio/poc/runs/tcp-workload-matrix-v1/A08-baseline/build/tcp_in.o,
by_pc,2147510548,1,2,4,5,1,1,0,0,0,tcp_input,/Users/swchen.tw/git/percepio/poc/runs/tcp-workload-matrix-v1/A08-baseline/build/tcp_in.o,
by_pc,2147510550,1,2,4,5,1,1,0,0,0,tcp_input,/Users/swchen.tw/git/percepio/poc/runs/tcp-workload-matrix-v1/A08-baseline/build/tcp_in.o,
by_pc,2147510552,1,2,4,5,1,1,0,0,0,tcp_input,/Users/swchen.tw/git/percepio/poc/runs/tcp-workload-matrix-v1/A08-baseline/build/tcp_in.o,
by_pc,2147510554,1,2,4,5,1,1,0,0,0,tcp_input,/Users/swchen.tw/git/percepio/poc/runs/tcp-workload-matrix-v1/A08-baseline/build/tcp_in.o,
by_pc,2147510556,1,1,2,3,1,0,0,0,0,tcp_input,/Users/swchen.tw/git/percepio/poc/runs/tcp-workload-matrix-v1/A08-baseline/build/tcp_in.o,
by_pc,2147510558,1,2,4,5,1,1,0,0,0,tcp_input,/Users/swchen.tw/git/percepio/poc/runs/tcp-workload-matrix-v1/A08-baseline/build/tcp_in.o,
by_pc,2147510560,1,1,2,3,1,0,0,0,0,tcp_input,/Users/swchen.tw/git/percepio/poc/runs/tcp-workload-matrix-v1/A08-baseline/build/tcp_in.o,
by_pc,2147510562,1,1,2,3,1,0,0,0,0,tcp_input,/Users/swchen.tw/git/percepio/poc/runs/tcp-workload-matrix-v1/A08-baseline/build/tcp_in.o,
by_pc,2147501700,40,242,484,524,40,0,184,18,0,pbuf_free,/Users/swchen.tw/git/percepio/poc/runs/tcp-workload-matrix-v1/A08-baseline/build/pbuf.o,
by_pc,2147501702,40,840,1680,1720,40,40,320,0,440,pbuf_free,/Users/swchen.tw/git/percepio/poc/runs/tcp-workload-matrix-v1/A08-baseline/build/pbuf.o,
by_pc,2147501704,40,840,1680,1720,40,40,320,0,440,pbuf_free,/Users/swchen.tw/git/percepio/poc/runs/tcp-workload-matrix-v1/A08-baseline/build/pbuf.o,
by_pc,2147501706,40,840,1680,1720,40,40,320,0,440,pbuf_free,/Users/swchen.tw/git/percepio/poc/runs/tcp-workload-matrix-v1/A08-baseline/build/pbuf.o,
by_pc,2147501708,40,840,1680,1720,40,40,320,0,440,pbuf_free,/Users/swchen.tw/git/percepio/poc/runs/tcp-workload-matrix-v1/A08-baseline/build/pbuf.o,
by_pc,2147501710,40,840,1680,1720,40,40,320,0,440,pbuf_free,/Users/swchen.tw/git/percepio/poc/runs/tcp-workload-matrix-v1/A08-baseline/build/pbuf.o,
by_pc,2147501712,40,40,80,120,40,0,0,0,0,pbuf_free,/Users/swchen.tw/git/percepio/poc/runs/tcp-workload-matrix-v1/A08-baseline/build/pbuf.o,
by_pc,2147501714,40,40,80,120,40,0,0,0,0,pbuf_free,/Users/swchen.tw/git/percepio/poc/runs/tcp-workload-matrix-v1/A08-baseline/build/pbuf.o,
by_pc,2147501716,40,40,80,120,40,0,0,0,0,pbuf_free,/Users/swchen.tw/git/percepio/poc/runs/tcp-workload-matrix-v1/A08-baseline/build/pbuf.o,
by_pc,2147501718,40,40,80,120,40,0,0,0,0,pbuf_free,/Users/swchen.tw/git/percepio/poc/runs/tcp-workload-matrix-v1/A08-baseline/build/pbuf.o,
by_pc,2147501720,40,40,80,120,40,0,0,0,0,pbuf_free,/Users/swchen.tw/git/percepio/poc/runs/tcp-workload-matrix-v1/A08-baseline/build/pbuf.o,
by_pc,2147501722,40,40,80,120,40,0,0,0,0,pbuf_free,/Users/swchen.tw/git/percepio/poc/runs/tcp-workload-matrix-v1/A08-baseline/build/pbuf.o,
by_pc,2147501724,48,96,192,240,48,48,0,0,0,pbuf_free,/Users/swchen.tw/git/percepio/poc/runs/tcp-workload-matrix-v1/A08-baseline/build/pbuf.o,
by_pc,2147501728,48,48,96,144,48,0,0,0,0,pbuf_free,/Users/swchen.tw/git/percepio/poc/runs/tcp-workload-matrix-v1/A08-baseline/build/pbuf.o,
by_pc,2147501730,48,48,96,144,48,0,0,0,0,pbuf_free,/Users/swchen.tw/git/percepio/poc/runs/tcp-workload-matrix-v1/A08-baseline/build/pbuf.o,
by_pc,2147501734,48,1008,2016,2064,48,48,384,0,528,pbuf_free,/Users/swchen.tw/git/percepio/poc/runs/tcp-workload-matrix-v1/A08-baseline/build/pbuf.o,
by_pc,2147501738,48,48,96,144,48,0,0,0,0,pbuf_free,/Users/swchen.tw/git/percepio/poc/runs/tcp-workload-matrix-v1/A08-baseline/build/pbuf.o,
by_pc,2147501740,35,70,140,175,35,35,0,0,0,pbuf_free,/Users/swchen.tw/git/percepio/poc/runs/tcp-workload-matrix-v1/A08-baseline/build/pbuf.o,
by_pc,2147501744,35,70,140,175,35,35,0,0,0,pbuf_free,/Users/swchen.tw/git/percepio/poc/runs/tcp-workload-matrix-v1/A08-baseline/build/pbuf.o,
by_pc,2147501746,35,35,70,105,35,0,0,0,0,pbuf_free,/Users/swchen.tw/git/percepio/poc/runs/tcp-workload-matrix-v1/A08-baseline/build/pbuf.o,
by_pc,2147501748,35,35,70,105,35,0,0,0,0,pbuf_free,/Users/swchen.tw/git/percepio/poc/runs/tcp-workload-matrix-v1/A08-baseline/build/pbuf.o,
by_pc,2147501750,35,35,70,105,35,0,0,0,0,pbuf_free,/Users/swchen.tw/git/percepio/poc/runs/tcp-workload-matrix-v1/A08-baseline/build/pbuf.o,
by_pc,2147501754,35,35,70,105,35,0,0,0,0,pbuf_free,/Users/swchen.tw/git/percepio/poc/runs/tcp-workload-matrix-v1/A08-baseline/build/pbuf.o,
by_pc,2147501792,27,79,158,185,27,0,16,36,0,pbuf_free,/Users/swchen.tw/git/percepio/poc/runs/tcp-workload-matrix-v1/A08-baseline/build/pbuf.o,
by_pc,2147501794,27,27,54,81,27,0,0,0,0,pbuf_free,/Users/swchen.tw/git/percepio/poc/runs/tcp-workload-matrix-v1/A08-baseline/build/pbuf.o,
by_pc,2147501796,27,27,54,81,27,0,0,0,0,pbuf_free,/Users/swchen.tw/git/percepio/poc/runs/tcp-workload-matrix-v1/A08-baseline/build/pbuf.o,
by_pc,2147499986,27,157,314,341,27,0,112,18,0,mem_free,/Users/swchen.tw/git/percepio/poc/runs/tcp-workload-matrix-v1/A08-baseline/build/mem.o,
by_pc,2147499988,27,54,108,135,27,27,0,0,0,mem_free,/Users/swchen.tw/git/percepio/poc/runs/tcp-workload-matrix-v1/A08-baseline/build/mem.o,
by_pc,2147499992,27,27,54,81,27,0,0,0,0,mem_free,/Users/swchen.tw/git/percepio/poc/runs/tcp-workload-matrix-v1/A08-baseline/build/mem.o,
by_pc,2147499996,27,27,54,81,27,0,0,0,0,mem_free,/Users/swchen.tw/git/percepio/poc/runs/tcp-workload-matrix-v1/A08-baseline/build/mem.o,
by_pc,2147500000,27,54,108,135,27,27,0,0,0,mem_free,/Users/swchen.tw/git/percepio/poc/runs/tcp-workload-matrix-v1/A08-baseline/build/mem.o,
by_pc,2147500004,27,27,54,81,27,0,0,0,0,mem_free,/Users/swchen.tw/git/percepio/poc/runs/tcp-workload-matrix-v1/A08-baseline/build/mem.o,
by_pc,2147500008,27,27,54,81,27,0,0,0,0,mem_free,/Users/swchen.tw/git/percepio/poc/runs/tcp-workload-matrix-v1/A08-baseline/build/mem.o,
by_pc,2147500032,27,122,244,271,27,27,32,36,0,mem_free,/Users/swchen.tw/git/percepio/poc/runs/tcp-workload-matrix-v1/A08-baseline/build/mem.o,
by_pc,2147500036,27,27,54,81,27,0,0,0,0,mem_free,/Users/swchen.tw/git/percepio/poc/runs/tcp-workload-matrix-v1/A08-baseline/build/mem.o,
by_pc,2147500038,27,54,108,135,27,27,0,0,0,mem_free,/Users/swchen.tw/git/percepio/poc/runs/tcp-workload-matrix-v1/A08-baseline/build/mem.o,
by_pc,2147500042,27,27,54,81,27,0,0,0,0,mem_free,/Users/swchen.tw/git/percepio/poc/runs/tcp-workload-matrix-v1/A08-baseline/build/mem.o,
by_pc,2147500044,27,27,54,81,27,0,0,0,0,mem_free,/Users/swchen.tw/git/percepio/poc/runs/tcp-workload-matrix-v1/A08-baseline/build/mem.o,
by_pc,2147500046,27,54,108,135,27,27,0,0,0,mem_free,/Users/swchen.tw/git/percepio/poc/runs/tcp-workload-matrix-v1/A08-baseline/build/mem.o,
by_pc,2147500050,27,27,54,81,27,0,0,0,0,mem_free,/Users/swchen.tw/git/percepio/poc/runs/tcp-workload-matrix-v1/A08-baseline/build/mem.o,
by_pc,2147500054,27,27,54,81,27,0,0,0,0,mem_free,/Users/swchen.tw/git/percepio/poc/runs/tcp-workload-matrix-v1/A08-baseline/build/mem.o,
by_pc,2147500058,27,27,54,81,27,0,0,0,0,mem_free,/Users/swchen.tw/git/percepio/poc/runs/tcp-workload-matrix-v1/A08-baseline/build/mem.o,
by_pc,2147500062,27,27,54,81,27,0,0,0,0,mem_free,/Users/swchen.tw/git/percepio/poc/runs/tcp-workload-matrix-v1/A08-baseline/build/mem.o,
by_pc,2147500064,27,27,54,81,27,0,0,0,0,mem_free,/Users/swchen.tw/git/percepio/poc/runs/tcp-workload-matrix-v1/A08-baseline/build/mem.o,
by_pc,2147500066,27,27,54,81,27,0,0,0,0,mem_free,/Users/swchen.tw/git/percepio/poc/runs/tcp-workload-matrix-v1/A08-baseline/build/mem.o,
by_pc,2147500070,27,27,54,81,27,0,0,0,0,mem_free,/Users/swchen.tw/git/percepio/poc/runs/tcp-workload-matrix-v1/A08-baseline/build/mem.o,
by_pc,2147500074,27,27,54,81,27,0,0,0,0,mem_free,/Users/swchen.tw/git/percepio/poc/runs/tcp-workload-matrix-v1/A08-baseline/build/mem.o,
by_pc,2147500232,27,106,212,239,27,27,16,36,0,mem_free,/Users/swchen.tw/git/percepio/poc/runs/tcp-workload-matrix-v1/A08-baseline/build/mem.o,
by_pc,2147500236,27,27,54,81,27,0,0,0,0,mem_free,/Users/swchen.tw/git/percepio/poc/runs/tcp-workload-matrix-v1/A08-baseline/build/mem.o,
by_pc,2147500240,27,27,54,81,27,0,0,0,0,mem_free,/Users/swchen.tw/git/percepio/poc/runs/tcp-workload-matrix-v1/A08-baseline/build/mem.o,
by_pc,2147500078,27,27,54,81,27,0,0,0,0,mem_free,/Users/swchen.tw/git/percepio/poc/runs/tcp-workload-matrix-v1/A08-baseline/build/mem.o,
by_pc,2147500082,27,54,108,135,27,27,0,0,0,mem_free,/Users/swchen.tw/git/percepio/poc/runs/tcp-workload-matrix-v1/A08-baseline/build/mem.o,
by_pc,2147500084,27,567,1134,1161,27,27,216,0,297,mem_free,/Users/swchen.tw/git/percepio/poc/runs/tcp-workload-matrix-v1/A08-baseline/build/mem.o,
by_pc,2147500088,27,27,54,81,27,0,0,0,0,mem_free,/Users/swchen.tw/git/percepio/poc/runs/tcp-workload-matrix-v1/A08-baseline/build/mem.o,
by_pc,2147500092,17,357,714,731,17,17,136,0,187,mem_free,/Users/swchen.tw/git/percepio/poc/runs/tcp-workload-matrix-v1/A08-baseline/build/mem.o,
by_pc,2147500094,27,160,320,347,54,0,88,18,0,mem_free,/Users/swchen.tw/git/percepio/poc/runs/tcp-workload-matrix-v1/A08-baseline/build/mem.o,
by_pc,2147500098,27,54,108,135,27,27,0,0,0,mem_free,/Users/swchen.tw/git/percepio/poc/runs/tcp-workload-matrix-v1/A08-baseline/build/mem.o,
by_pc,2147500102,27,27,54,81,27,0,0,0,0,mem_free,/Users/swchen.tw/git/percepio/poc/runs/tcp-workload-matrix-v1/A08-baseline/build/mem.o,
by_pc,2147500106,27,27,54,81,27,0,0,0,0,mem_free,/Users/swchen.tw/git/percepio/poc/runs/tcp-workload-matrix-v1/A08-baseline/build/mem.o,
by_pc,2147500108,27,27,54,81,27,0,0,0,0,mem_free,/Users/swchen.tw/git/percepio/poc/runs/tcp-workload-matrix-v1/A08-baseline/build/mem.o,
by_pc,2147500112,27,567,1134,1161,27,27,216,0,297,mem_free,/Users/swchen.tw/git/percepio/poc/runs/tcp-workload-matrix-v1/A08-baseline/build/mem.o,
by_pc,2147500116,27,54,108,135,27,27,0,0,0,mem_free,/Users/swchen.tw/git/percepio/poc/runs/tcp-workload-matrix-v1/A08-baseline/build/mem.o,
by_pc,2147500120,27,27,54,81,27,0,0,0,0,mem_free,/Users/swchen.tw/git/percepio/poc/runs/tcp-workload-matrix-v1/A08-baseline/build/mem.o,
by_pc,2147500122,27,27,54,81,27,0,0,0,0,mem_free,/Users/swchen.tw/git/percepio/poc/runs/tcp-workload-matrix-v1/A08-baseline/build/mem.o,
by_pc,2147500126,27,54,108,135,27,27,0,0,0,mem_free,/Users/swchen.tw/git/percepio/poc/runs/tcp-workload-matrix-v1/A08-baseline/build/mem.o,
by_pc,2147500130,27,27,54,81,27,0,0,0,0,mem_free,/Users/swchen.tw/git/percepio/poc/runs/tcp-workload-matrix-v1/A08-baseline/build/mem.o,
by_pc,2147500168,27,152,304,331,27,27,80,18,0,mem_free,/Users/swchen.tw/git/percepio/poc/runs/tcp-workload-matrix-v1/A08-baseline/build/mem.o,
by_pc,2147500172,27,27,54,81,27,0,0,0,0,mem_free,/Users/swchen.tw/git/percepio/poc/runs/tcp-workload-matrix-v1/A08-baseline/build/mem.o,
by_pc,2147500176,27,27,54,81,27,0,0,0,0,mem_free,/Users/swchen.tw/git/percepio/poc/runs/tcp-workload-matrix-v1/A08-baseline/build/mem.o,
by_pc,2147500218,27,27,54,81,27,0,0,0,0,mem_free,/Users/swchen.tw/git/percepio/poc/runs/tcp-workload-matrix-v1/A08-baseline/build/mem.o,
by_pc,2147501800,27,27,54,81,27,0,0,0,0,pbuf_free,/Users/swchen.tw/git/percepio/poc/runs/tcp-workload-matrix-v1/A08-baseline/build/pbuf.o,
by_pc,2147501764,35,35,70,105,35,0,0,0,0,pbuf_free,/Users/swchen.tw/git/percepio/poc/runs/tcp-workload-matrix-v1/A08-baseline/build/pbuf.o,
by_pc,2147501766,35,35,70,105,35,0,0,0,0,pbuf_free,/Users/swchen.tw/git/percepio/poc/runs/tcp-workload-matrix-v1/A08-baseline/build/pbuf.o,
by_pc,2147501770,35,35,70,105,35,0,0,0,0,pbuf_free,/Users/swchen.tw/git/percepio/poc/runs/tcp-workload-matrix-v1/A08-baseline/build/pbuf.o,
by_pc,2147501772,40,80,160,200,40,40,0,0,0,pbuf_free,/Users/swchen.tw/git/percepio/poc/runs/tcp-workload-matrix-v1/A08-baseline/build/pbuf.o,
by_pc,2147501774,40,40,80,120,40,0,0,0,0,pbuf_free,/Users/swchen.tw/git/percepio/poc/runs/tcp-workload-matrix-v1/A08-baseline/build/pbuf.o,
by_pc,2147501776,40,80,160,200,40,40,0,0,0,pbuf_free,/Users/swchen.tw/git/percepio/poc/runs/tcp-workload-matrix-v1/A08-baseline/build/pbuf.o,
by_pc,2147501778,40,80,160,200,40,40,0,0,0,pbuf_free,/Users/swchen.tw/git/percepio/poc/runs/tcp-workload-matrix-v1/A08-baseline/build/pbuf.o,
by_pc,2147501780,40,80,160,200,40,40,0,0,0,pbuf_free,/Users/swchen.tw/git/percepio/poc/runs/tcp-workload-matrix-v1/A08-baseline/build/pbuf.o,
by_pc,2147501782,40,80,160,200,40,40,0,0,0,pbuf_free,/Users/swchen.tw/git/percepio/poc/runs/tcp-workload-matrix-v1/A08-baseline/build/pbuf.o,
by_pc,2147501784,40,40,80,120,40,0,0,0,0,pbuf_free,/Users/swchen.tw/git/percepio/poc/runs/tcp-workload-matrix-v1/A08-baseline/build/pbuf.o,
by_pc,2147501786,40,40,80,120,40,0,0,0,0,pbuf_free,/Users/swchen.tw/git/percepio/poc/runs/tcp-workload-matrix-v1/A08-baseline/build/pbuf.o,
by_pc,2147518416,14,56,112,126,14,0,24,18,0,ip4_input,/Users/swchen.tw/git/percepio/poc/runs/tcp-workload-matrix-v1/A08-baseline/build/ip4.o,
by_pc,2147518420,14,294,588,602,14,14,112,0,154,ip4_input,/Users/swchen.tw/git/percepio/poc/runs/tcp-workload-matrix-v1/A08-baseline/build/ip4.o,
by_pc,2147518424,14,14,28,42,14,0,0,0,0,ip4_input,/Users/swchen.tw/git/percepio/poc/runs/tcp-workload-matrix-v1/A08-baseline/build/ip4.o,
by_pc,2147518428,14,294,588,602,14,14,112,0,154,ip4_input,/Users/swchen.tw/git/percepio/poc/runs/tcp-workload-matrix-v1/A08-baseline/build/ip4.o,
by_pc,2147518432,14,14,28,42,14,0,0,0,0,ip4_input,/Users/swchen.tw/git/percepio/poc/runs/tcp-workload-matrix-v1/A08-baseline/build/ip4.o,
by_pc,2147518436,14,294,588,602,14,14,112,0,154,ip4_input,/Users/swchen.tw/git/percepio/poc/runs/tcp-workload-matrix-v1/A08-baseline/build/ip4.o,
by_pc,2147518440,14,14,28,42,14,0,0,0,0,ip4_input,/Users/swchen.tw/git/percepio/poc/runs/tcp-workload-matrix-v1/A08-baseline/build/ip4.o,
by_pc,2147518444,14,294,588,602,14,14,112,0,154,ip4_input,/Users/swchen.tw/git/percepio/poc/runs/tcp-workload-matrix-v1/A08-baseline/build/ip4.o,
by_pc,2147518448,14,14,28,42,14,0,0,0,0,ip4_input,/Users/swchen.tw/git/percepio/poc/runs/tcp-workload-matrix-v1/A08-baseline/build/ip4.o,
by_pc,2147518452,14,294,588,602,14,14,112,0,154,ip4_input,/Users/swchen.tw/git/percepio/poc/runs/tcp-workload-matrix-v1/A08-baseline/build/ip4.o,
by_pc,2147518456,14,14,28,42,14,0,0,0,0,ip4_input,/Users/swchen.tw/git/percepio/poc/runs/tcp-workload-matrix-v1/A08-baseline/build/ip4.o,
by_pc,2147518460,14,294,588,602,14,14,112,0,154,ip4_input,/Users/swchen.tw/git/percepio/poc/runs/tcp-workload-matrix-v1/A08-baseline/build/ip4.o,
by_pc,2147518464,14,90,180,194,14,0,40,36,0,ip4_input,/Users/swchen.tw/git/percepio/poc/runs/tcp-workload-matrix-v1/A08-baseline/build/ip4.o,
by_pc,2147517950,14,60,120,134,14,14,32,0,0,ip4_input,/Users/swchen.tw/git/percepio/poc/runs/tcp-workload-matrix-v1/A08-baseline/build/ip4.o,
by_pc,2147517952,14,44,88,102,14,14,16,0,0,ip4_input,/Users/swchen.tw/git/percepio/poc/runs/tcp-workload-matrix-v1/A08-baseline/build/ip4.o,
by_pc,2147517954,14,28,56,70,14,14,0,0,0,ip4_input,/Users/swchen.tw/git/percepio/poc/runs/tcp-workload-matrix-v1/A08-baseline/build/ip4.o,
by_pc,2147517956,14,28,56,70,14,14,0,0,0,ip4_input,/Users/swchen.tw/git/percepio/poc/runs/tcp-workload-matrix-v1/A08-baseline/build/ip4.o,
by_pc,2147517958,14,28,56,70,14,14,0,0,0,ip4_input,/Users/swchen.tw/git/percepio/poc/runs/tcp-workload-matrix-v1/A08-baseline/build/ip4.o,
by_pc,2147517960,14,28,56,70,14,14,0,0,0,ip4_input,/Users/swchen.tw/git/percepio/poc/runs/tcp-workload-matrix-v1/A08-baseline/build/ip4.o,
by_pc,2147517962,14,28,56,70,14,14,0,0,0,ip4_input,/Users/swchen.tw/git/percepio/poc/runs/tcp-workload-matrix-v1/A08-baseline/build/ip4.o,
by_pc,2147517964,14,28,56,70,14,14,0,0,0,ip4_input,/Users/swchen.tw/git/percepio/poc/runs/tcp-workload-matrix-v1/A08-baseline/build/ip4.o,
by_pc,2147517966,14,14,28,42,14,0,0,0,0,ip4_input,/Users/swchen.tw/git/percepio/poc/runs/tcp-workload-matrix-v1/A08-baseline/build/ip4.o,
by_pc,2147517968,14,14,28,42,14,0,0,0,0,ip4_input,/Users/swchen.tw/git/percepio/poc/runs/tcp-workload-matrix-v1/A08-baseline/build/ip4.o,
by_pc,2147517970,14,14,28,42,14,0,0,0,0,ip4_input,/Users/swchen.tw/git/percepio/poc/runs/tcp-workload-matrix-v1/A08-baseline/build/ip4.o,
by_pc,2147496772,14,14,28,42,14,0,0,0,0,inject,/Users/swchen.tw/git/percepio/poc/runs/tcp-workload-matrix-v1/A08-baseline/build/tcp_request_response_irq.o,
by_pc,2147496790,14,14,28,42,14,0,0,0,0,inject,/Users/swchen.tw/git/percepio/poc/runs/tcp-workload-matrix-v1/A08-baseline/build/tcp_request_response_irq.o,
by_pc,2147496792,14,62,124,138,14,14,16,18,0,inject,/Users/swchen.tw/git/percepio/poc/runs/tcp-workload-matrix-v1/A08-baseline/build/tcp_request_response_irq.o,
by_pc,2147496794,14,28,56,70,14,14,0,0,0,inject,/Users/swchen.tw/git/percepio/poc/runs/tcp-workload-matrix-v1/A08-baseline/build/tcp_request_response_irq.o,
by_pc,2147496796,14,28,56,70,14,14,0,0,0,inject,/Users/swchen.tw/git/percepio/poc/runs/tcp-workload-matrix-v1/A08-baseline/build/tcp_request_response_irq.o,
by_pc,2147496798,14,28,56,70,14,14,0,0,0,inject,/Users/swchen.tw/git/percepio/poc/runs/tcp-workload-matrix-v1/A08-baseline/build/tcp_request_response_irq.o,
by_pc,2147496800,14,28,56,70,14,14,0,0,0,inject,/Users/swchen.tw/git/percepio/poc/runs/tcp-workload-matrix-v1/A08-baseline/build/tcp_request_response_irq.o,
by_pc,2147496802,14,28,56,70,14,14,0,0,0,inject,/Users/swchen.tw/git/percepio/poc/runs/tcp-workload-matrix-v1/A08-baseline/build/tcp_request_response_irq.o,
by_pc,2147496804,14,28,56,70,14,14,0,0,0,inject,/Users/swchen.tw/git/percepio/poc/runs/tcp-workload-matrix-v1/A08-baseline/build/tcp_request_response_irq.o,
by_pc,2147496806,14,28,56,70,14,14,0,0,0,inject,/Users/swchen.tw/git/percepio/poc/runs/tcp-workload-matrix-v1/A08-baseline/build/tcp_request_response_irq.o,
by_pc,2147496808,14,28,56,70,14,14,0,0,0,inject,/Users/swchen.tw/git/percepio/poc/runs/tcp-workload-matrix-v1/A08-baseline/build/tcp_request_response_irq.o,
by_pc,2147496810,14,28,56,70,14,14,0,0,0,inject,/Users/swchen.tw/git/percepio/poc/runs/tcp-workload-matrix-v1/A08-baseline/build/tcp_request_response_irq.o,
by_pc,2147496812,14,28,56,70,14,14,0,0,0,inject,/Users/swchen.tw/git/percepio/poc/runs/tcp-workload-matrix-v1/A08-baseline/build/tcp_request_response_irq.o,
by_pc,2147496814,14,14,28,42,14,0,0,0,0,inject,/Users/swchen.tw/git/percepio/poc/runs/tcp-workload-matrix-v1/A08-baseline/build/tcp_request_response_irq.o,
by_pc,2147496816,14,28,56,70,14,14,0,0,0,inject,/Users/swchen.tw/git/percepio/poc/runs/tcp-workload-matrix-v1/A08-baseline/build/tcp_request_response_irq.o,
by_pc,2147496818,14,14,28,42,14,0,0,0,0,inject,/Users/swchen.tw/git/percepio/poc/runs/tcp-workload-matrix-v1/A08-baseline/build/tcp_request_response_irq.o,
by_pc,2147496820,14,14,28,42,14,0,0,0,0,inject,/Users/swchen.tw/git/percepio/poc/runs/tcp-workload-matrix-v1/A08-baseline/build/tcp_request_response_irq.o,
by_pc,2147497210,1,1,2,3,1,0,0,0,0,session_task,/Users/swchen.tw/git/percepio/poc/runs/tcp-workload-matrix-v1/A08-baseline/build/tcp_request_response_irq.o,
by_pc,2147497212,1,1,2,3,1,0,0,0,0,session_task,/Users/swchen.tw/git/percepio/poc/runs/tcp-workload-matrix-v1/A08-baseline/build/tcp_request_response_irq.o,
by_pc,2147497214,1,1,2,3,1,0,0,0,0,session_task,/Users/swchen.tw/git/percepio/poc/runs/tcp-workload-matrix-v1/A08-baseline/build/tcp_request_response_irq.o,
by_pc,2147497216,1,27,54,55,1,0,8,18,0,session_task,/Users/swchen.tw/git/percepio/poc/runs/tcp-workload-matrix-v1/A08-baseline/build/tcp_request_response_irq.o,
by_pc,2147495576,13,69,138,151,13,0,56,0,0,consume,/Users/swchen.tw/git/percepio/poc/runs/tcp-workload-matrix-v1/A08-baseline/build/tcp_request_response_irq.o,
by_pc,2147495578,13,273,546,559,13,13,104,0,143,consume,/Users/swchen.tw/git/percepio/poc/runs/tcp-workload-matrix-v1/A08-baseline/build/tcp_request_response_irq.o,
by_pc,2147495580,13,273,546,559,13,13,104,0,143,consume,/Users/swchen.tw/git/percepio/poc/runs/tcp-workload-matrix-v1/A08-baseline/build/tcp_request_response_irq.o,
by_pc,2147495582,13,273,546,559,13,13,104,0,143,consume,/Users/swchen.tw/git/percepio/poc/runs/tcp-workload-matrix-v1/A08-baseline/build/tcp_request_response_irq.o,
by_pc,2147495584,13,273,546,559,13,13,104,0,143,consume,/Users/swchen.tw/git/percepio/poc/runs/tcp-workload-matrix-v1/A08-baseline/build/tcp_request_response_irq.o,
by_pc,2147495586,13,273,546,559,13,13,104,0,143,consume,/Users/swchen.tw/git/percepio/poc/runs/tcp-workload-matrix-v1/A08-baseline/build/tcp_request_response_irq.o,
by_pc,2147495588,13,273,546,559,13,13,104,0,143,consume,/Users/swchen.tw/git/percepio/poc/runs/tcp-workload-matrix-v1/A08-baseline/build/tcp_request_response_irq.o,
by_pc,2147495590,13,13,26,39,13,0,0,0,0,consume,/Users/swchen.tw/git/percepio/poc/runs/tcp-workload-matrix-v1/A08-baseline/build/tcp_request_response_irq.o,
by_pc,2147495594,13,26,52,65,13,13,0,0,0,consume,/Users/swchen.tw/git/percepio/poc/runs/tcp-workload-matrix-v1/A08-baseline/build/tcp_request_response_irq.o,
by_pc,2147495596,13,13,26,39,13,0,0,0,0,consume,/Users/swchen.tw/git/percepio/poc/runs/tcp-workload-matrix-v1/A08-baseline/build/tcp_request_response_irq.o,
by_pc,2147495598,13,13,26,39,13,0,0,0,0,consume,/Users/swchen.tw/git/percepio/poc/runs/tcp-workload-matrix-v1/A08-baseline/build/tcp_request_response_irq.o,
by_pc,2147495600,13,13,26,39,13,0,0,0,0,consume,/Users/swchen.tw/git/percepio/poc/runs/tcp-workload-matrix-v1/A08-baseline/build/tcp_request_response_irq.o,
by_pc,2147495602,13,13,26,39,13,0,0,0,0,consume,/Users/swchen.tw/git/percepio/poc/runs/tcp-workload-matrix-v1/A08-baseline/build/tcp_request_response_irq.o,
by_pc,2147495620,13,124,248,261,13,13,80,18,0,consume,/Users/swchen.tw/git/percepio/poc/runs/tcp-workload-matrix-v1/A08-baseline/build/tcp_request_response_irq.o,
by_pc,2147495622,13,13,26,39,13,0,0,0,0,consume,/Users/swchen.tw/git/percepio/poc/runs/tcp-workload-matrix-v1/A08-baseline/build/tcp_request_response_irq.o,
by_pc,2147495624,13,13,26,39,13,0,0,0,0,consume,/Users/swchen.tw/git/percepio/poc/runs/tcp-workload-matrix-v1/A08-baseline/build/tcp_request_response_irq.o,
by_pc,2147495628,13,26,52,65,13,13,0,0,0,consume,/Users/swchen.tw/git/percepio/poc/runs/tcp-workload-matrix-v1/A08-baseline/build/tcp_request_response_irq.o,
by_pc,2147495630,13,13,26,39,13,0,0,0,0,consume,/Users/swchen.tw/git/percepio/poc/runs/tcp-workload-matrix-v1/A08-baseline/build/tcp_request_response_irq.o,
by_pc,2147495634,13,13,26,39,13,0,0,0,0,consume,/Users/swchen.tw/git/percepio/poc/runs/tcp-workload-matrix-v1/A08-baseline/build/tcp_request_response_irq.o,
by_pc,2147495638,13,273,546,559,13,13,104,0,143,consume,/Users/swchen.tw/git/percepio/poc/runs/tcp-workload-matrix-v1/A08-baseline/build/tcp_request_response_irq.o,
by_pc,2147495642,13,26,52,65,13,13,0,0,0,consume,/Users/swchen.tw/git/percepio/poc/runs/tcp-workload-matrix-v1/A08-baseline/build/tcp_request_response_irq.o,
by_pc,2147495646,13,13,26,39,13,0,0,0,0,consume,/Users/swchen.tw/git/percepio/poc/runs/tcp-workload-matrix-v1/A08-baseline/build/tcp_request_response_irq.o,
by_pc,2147495650,13,13,26,39,13,0,0,0,0,consume,/Users/swchen.tw/git/percepio/poc/runs/tcp-workload-matrix-v1/A08-baseline/build/tcp_request_response_irq.o,
by_pc,2147495654,13,13,26,39,13,0,0,0,0,consume,/Users/swchen.tw/git/percepio/poc/runs/tcp-workload-matrix-v1/A08-baseline/build/tcp_request_response_irq.o,
by_pc,2147495656,13,13,26,39,13,0,0,0,0,consume,/Users/swchen.tw/git/percepio/poc/runs/tcp-workload-matrix-v1/A08-baseline/build/tcp_request_response_irq.o,
by_pc,2147495660,13,13,26,39,13,0,0,0,0,consume,/Users/swchen.tw/git/percepio/poc/runs/tcp-workload-matrix-v1/A08-baseline/build/tcp_request_response_irq.o,
by_pc,2147495662,13,13,26,39,13,0,0,0,0,consume,/Users/swchen.tw/git/percepio/poc/runs/tcp-workload-matrix-v1/A08-baseline/build/tcp_request_response_irq.o,
by_pc,2147495664,13,26,52,65,13,13,0,0,0,consume,/Users/swchen.tw/git/percepio/poc/runs/tcp-workload-matrix-v1/A08-baseline/build/tcp_request_response_irq.o,
by_pc,2147495668,13,13,26,39,13,0,0,0,0,consume,/Users/swchen.tw/git/percepio/poc/runs/tcp-workload-matrix-v1/A08-baseline/build/tcp_request_response_irq.o,
by_pc,2147495672,13,13,26,39,13,0,0,0,0,consume,/Users/swchen.tw/git/percepio/poc/runs/tcp-workload-matrix-v1/A08-baseline/build/tcp_request_response_irq.o,
by_pc,2147495676,13,13,26,39,13,0,0,0,0,consume,/Users/swchen.tw/git/percepio/poc/runs/tcp-workload-matrix-v1/A08-baseline/build/tcp_request_response_irq.o,
by_pc,2147495678,13,137,274,287,26,13,80,18,0,consume,/Users/swchen.tw/git/percepio/poc/runs/tcp-workload-matrix-v1/A08-baseline/build/tcp_request_response_irq.o,
by_pc,2147495682,13,13,26,39,13,0,0,0,0,consume,/Users/swchen.tw/git/percepio/poc/runs/tcp-workload-matrix-v1/A08-baseline/build/tcp_request_response_irq.o,
by_pc,2147495686,13,13,26,39,13,0,0,0,0,consume,/Users/swchen.tw/git/percepio/poc/runs/tcp-workload-matrix-v1/A08-baseline/build/tcp_request_response_irq.o,
by_pc,2147495690,13,13,26,39,13,0,0,0,0,consume,/Users/swchen.tw/git/percepio/poc/runs/tcp-workload-matrix-v1/A08-baseline/build/tcp_request_response_irq.o,
by_pc,2147495692,13,13,26,39,13,0,0,0,0,consume,/Users/swchen.tw/git/percepio/poc/runs/tcp-workload-matrix-v1/A08-baseline/build/tcp_request_response_irq.o,
by_pc,2147495694,13,13,26,39,13,0,0,0,0,consume,/Users/swchen.tw/git/percepio/poc/runs/tcp-workload-matrix-v1/A08-baseline/build/tcp_request_response_irq.o,
by_pc,2147495696,13,13,26,39,13,0,0,0,0,consume,/Users/swchen.tw/git/percepio/poc/runs/tcp-workload-matrix-v1/A08-baseline/build/tcp_request_response_irq.o,
by_pc,2147495698,13,13,26,39,13,0,0,0,0,consume,/Users/swchen.tw/git/percepio/poc/runs/tcp-workload-matrix-v1/A08-baseline/build/tcp_request_response_irq.o,
by_pc,2147495700,13,13,26,39,13,0,0,0,0,consume,/Users/swchen.tw/git/percepio/poc/runs/tcp-workload-matrix-v1/A08-baseline/build/tcp_request_response_irq.o,
by_pc,2147495720,13,26,52,65,13,13,0,0,0,consume,/Users/swchen.tw/git/percepio/poc/runs/tcp-workload-matrix-v1/A08-baseline/build/tcp_request_response_irq.o,
by_pc,2147495724,13,13,26,39,13,0,0,0,0,consume,/Users/swchen.tw/git/percepio/poc/runs/tcp-workload-matrix-v1/A08-baseline/build/tcp_request_response_irq.o,
by_pc,2147495728,13,13,26,39,13,0,0,0,0,consume,/Users/swchen.tw/git/percepio/poc/runs/tcp-workload-matrix-v1/A08-baseline/build/tcp_request_response_irq.o,
by_pc,2147495730,13,13,26,39,13,0,0,0,0,consume,/Users/swchen.tw/git/percepio/poc/runs/tcp-workload-matrix-v1/A08-baseline/build/tcp_request_response_irq.o,
by_pc,2147495750,13,116,232,245,13,13,72,18,0,consume,/Users/swchen.tw/git/percepio/poc/runs/tcp-workload-matrix-v1/A08-baseline/build/tcp_request_response_irq.o,
by_pc,2147495752,13,13,26,39,13,0,0,0,0,consume,/Users/swchen.tw/git/percepio/poc/runs/tcp-workload-matrix-v1/A08-baseline/build/tcp_request_response_irq.o,
by_pc,2147495756,13,26,52,65,13,13,0,0,0,consume,/Users/swchen.tw/git/percepio/poc/runs/tcp-workload-matrix-v1/A08-baseline/build/tcp_request_response_irq.o,
by_pc,2147495760,13,13,26,39,13,0,0,0,0,consume,/Users/swchen.tw/git/percepio/poc/runs/tcp-workload-matrix-v1/A08-baseline/build/tcp_request_response_irq.o,
by_pc,2147495780,13,13,26,39,13,0,0,0,0,consume,/Users/swchen.tw/git/percepio/poc/runs/tcp-workload-matrix-v1/A08-baseline/build/tcp_request_response_irq.o,
by_pc,2147495782,13,13,26,39,13,0,0,0,0,consume,/Users/swchen.tw/git/percepio/poc/runs/tcp-workload-matrix-v1/A08-baseline/build/tcp_request_response_irq.o,
by_pc,2147495812,13,111,222,235,13,0,80,18,0,consume,/Users/swchen.tw/git/percepio/poc/runs/tcp-workload-matrix-v1/A08-baseline/build/tcp_request_response_irq.o,
by_pc,2147495870,13,26,52,65,13,13,0,0,0,consume,/Users/swchen.tw/git/percepio/poc/runs/tcp-workload-matrix-v1/A08-baseline/build/tcp_request_response_irq.o,
by_pc,2147495872,13,124,248,261,13,13,80,18,0,consume,/Users/swchen.tw/git/percepio/poc/runs/tcp-workload-matrix-v1/A08-baseline/build/tcp_request_response_irq.o,
by_pc,2147495874,13,26,52,65,13,13,0,0,0,consume,/Users/swchen.tw/git/percepio/poc/runs/tcp-workload-matrix-v1/A08-baseline/build/tcp_request_response_irq.o,
by_pc,2147495876,13,26,52,65,13,13,0,0,0,consume,/Users/swchen.tw/git/percepio/poc/runs/tcp-workload-matrix-v1/A08-baseline/build/tcp_request_response_irq.o,
by_pc,2147495878,13,26,52,65,13,13,0,0,0,consume,/Users/swchen.tw/git/percepio/poc/runs/tcp-workload-matrix-v1/A08-baseline/build/tcp_request_response_irq.o,
by_pc,2147495880,13,26,52,65,13,13,0,0,0,consume,/Users/swchen.tw/git/percepio/poc/runs/tcp-workload-matrix-v1/A08-baseline/build/tcp_request_response_irq.o,
by_pc,2147495882,13,26,52,65,13,13,0,0,0,consume,/Users/swchen.tw/git/percepio/poc/runs/tcp-workload-matrix-v1/A08-baseline/build/tcp_request_response_irq.o,
by_pc,2147495884,13,13,26,39,13,0,0,0,0,consume,/Users/swchen.tw/git/percepio/poc/runs/tcp-workload-matrix-v1/A08-baseline/build/tcp_request_response_irq.o,
by_pc,2147495886,13,13,26,39,13,0,0,0,0,consume,/Users/swchen.tw/git/percepio/poc/runs/tcp-workload-matrix-v1/A08-baseline/build/tcp_request_response_irq.o,
by_pc,2147497220,1,1,2,3,1,0,0,0,0,session_task,/Users/swchen.tw/git/percepio/poc/runs/tcp-workload-matrix-v1/A08-baseline/build/tcp_request_response_irq.o,
by_pc,2147497224,1,1,2,3,1,0,0,0,0,session_task,/Users/swchen.tw/git/percepio/poc/runs/tcp-workload-matrix-v1/A08-baseline/build/tcp_request_response_irq.o,
by_pc,2147497228,1,2,4,5,1,1,0,0,0,session_task,/Users/swchen.tw/git/percepio/poc/runs/tcp-workload-matrix-v1/A08-baseline/build/tcp_request_response_irq.o,
by_pc,2147497230,1,1,2,3,1,0,0,0,0,session_task,/Users/swchen.tw/git/percepio/poc/runs/tcp-workload-matrix-v1/A08-baseline/build/tcp_request_response_irq.o,
by_pc,2147497234,1,1,2,3,1,0,0,0,0,session_task,/Users/swchen.tw/git/percepio/poc/runs/tcp-workload-matrix-v1/A08-baseline/build/tcp_request_response_irq.o,
by_pc,2147497238,1,1,2,3,1,0,0,0,0,session_task,/Users/swchen.tw/git/percepio/poc/runs/tcp-workload-matrix-v1/A08-baseline/build/tcp_request_response_irq.o,
by_pc,2147497240,1,1,2,3,1,0,0,0,0,session_task,/Users/swchen.tw/git/percepio/poc/runs/tcp-workload-matrix-v1/A08-baseline/build/tcp_request_response_irq.o,
by_pc,2147497242,1,1,2,3,1,0,0,0,0,session_task,/Users/swchen.tw/git/percepio/poc/runs/tcp-workload-matrix-v1/A08-baseline/build/tcp_request_response_irq.o,
by_pc,2147497244,1,21,42,43,1,1,8,0,11,session_task,/Users/swchen.tw/git/percepio/poc/runs/tcp-workload-matrix-v1/A08-baseline/build/tcp_request_response_irq.o,
by_pc,2147497246,1,1,2,3,1,0,0,0,0,session_task,/Users/swchen.tw/git/percepio/poc/runs/tcp-workload-matrix-v1/A08-baseline/build/tcp_request_response_irq.o,
by_pc,2147497250,1,1,2,3,1,0,0,0,0,session_task,/Users/swchen.tw/git/percepio/poc/runs/tcp-workload-matrix-v1/A08-baseline/build/tcp_request_response_irq.o,
by_pc,2147500766,1,1,2,3,1,0,0,0,0,mem_malloc,/Users/swchen.tw/git/percepio/poc/runs/tcp-workload-matrix-v1/A08-baseline/build/mem.o,
by_pc,2147500768,1,21,42,43,1,1,8,0,11,mem_malloc,/Users/swchen.tw/git/percepio/poc/runs/tcp-workload-matrix-v1/A08-baseline/build/mem.o,
by_pc,2147500772,1,1,2,3,1,0,0,0,0,mem_malloc,/Users/swchen.tw/git/percepio/poc/runs/tcp-workload-matrix-v1/A08-baseline/build/mem.o,
by_pc,2147500776,1,2,4,5,1,1,0,0,0,mem_malloc,/Users/swchen.tw/git/percepio/poc/runs/tcp-workload-matrix-v1/A08-baseline/build/mem.o,
by_pc,2147500780,1,1,2,3,1,0,0,0,0,mem_malloc,/Users/swchen.tw/git/percepio/poc/runs/tcp-workload-matrix-v1/A08-baseline/build/mem.o,
by_pc,2147500784,1,1,2,3,1,0,0,0,0,mem_malloc,/Users/swchen.tw/git/percepio/poc/runs/tcp-workload-matrix-v1/A08-baseline/build/mem.o,
by_pc,2147500786,1,1,2,3,1,0,0,0,0,mem_malloc,/Users/swchen.tw/git/percepio/poc/runs/tcp-workload-matrix-v1/A08-baseline/build/mem.o,
by_pc,2147500788,1,1,2,3,1,0,0,0,0,mem_malloc,/Users/swchen.tw/git/percepio/poc/runs/tcp-workload-matrix-v1/A08-baseline/build/mem.o,
by_pc,2147500790,1,1,2,3,1,0,0,0,0,mem_malloc,/Users/swchen.tw/git/percepio/poc/runs/tcp-workload-matrix-v1/A08-baseline/build/mem.o,
by_pc,2147500794,1,21,42,43,1,1,8,0,11,mem_malloc,/Users/swchen.tw/git/percepio/poc/runs/tcp-workload-matrix-v1/A08-baseline/build/mem.o,
by_pc,2147500798,1,2,4,5,2,0,0,0,0,mem_malloc,/Users/swchen.tw/git/percepio/poc/runs/tcp-workload-matrix-v1/A08-baseline/build/mem.o,
by_pc,2147500802,1,2,4,5,1,1,0,0,0,mem_malloc,/Users/swchen.tw/git/percepio/poc/runs/tcp-workload-matrix-v1/A08-baseline/build/mem.o,
by_pc,2147500806,1,1,2,3,1,0,0,0,0,mem_malloc,/Users/swchen.tw/git/percepio/poc/runs/tcp-workload-matrix-v1/A08-baseline/build/mem.o,
by_pc,2147510090,12,358,716,728,12,12,184,18,132,tcp_input,/Users/swchen.tw/git/percepio/poc/runs/tcp-workload-matrix-v1/A08-baseline/build/tcp_in.o,
by_pc,2147510094,12,12,24,36,12,0,0,0,0,tcp_input,/Users/swchen.tw/git/percepio/poc/runs/tcp-workload-matrix-v1/A08-baseline/build/tcp_in.o,
by_pc,2147510096,13,26,52,65,13,13,0,0,0,tcp_input,/Users/swchen.tw/git/percepio/poc/runs/tcp-workload-matrix-v1/A08-baseline/build/tcp_in.o,
by_pc,2147510100,13,13,26,39,13,0,0,0,0,tcp_input,/Users/swchen.tw/git/percepio/poc/runs/tcp-workload-matrix-v1/A08-baseline/build/tcp_in.o,
by_pc,2147510118,13,26,52,65,13,13,0,0,0,tcp_input,/Users/swchen.tw/git/percepio/poc/runs/tcp-workload-matrix-v1/A08-baseline/build/tcp_in.o,
by_pc,2147510122,13,26,52,65,13,13,0,0,0,tcp_input,/Users/swchen.tw/git/percepio/poc/runs/tcp-workload-matrix-v1/A08-baseline/build/tcp_in.o,
by_pc,2147510126,13,26,52,65,13,13,0,0,0,tcp_input,/Users/swchen.tw/git/percepio/poc/runs/tcp-workload-matrix-v1/A08-baseline/build/tcp_in.o,
by_pc,2147510130,13,13,26,39,13,0,0,0,0,tcp_input,/Users/swchen.tw/git/percepio/poc/runs/tcp-workload-matrix-v1/A08-baseline/build/tcp_in.o,
by_pc,2147510132,13,13,26,39,13,0,0,0,0,tcp_input,/Users/swchen.tw/git/percepio/poc/runs/tcp-workload-matrix-v1/A08-baseline/build/tcp_in.o,
by_pc,2147510136,13,13,26,39,13,0,0,0,0,tcp_input,/Users/swchen.tw/git/percepio/poc/runs/tcp-workload-matrix-v1/A08-baseline/build/tcp_in.o,
by_pc,2147510140,13,26,52,65,13,13,0,0,0,tcp_input,/Users/swchen.tw/git/percepio/poc/runs/tcp-workload-matrix-v1/A08-baseline/build/tcp_in.o,
by_pc,2147510144,13,132,264,277,13,13,88,18,0,tcp_input,/Users/swchen.tw/git/percepio/poc/runs/tcp-workload-matrix-v1/A08-baseline/build/tcp_in.o,
by_pc,2147510148,13,26,52,65,13,13,0,0,0,tcp_input,/Users/swchen.tw/git/percepio/poc/runs/tcp-workload-matrix-v1/A08-baseline/build/tcp_in.o,
by_pc,2147510152,13,13,26,39,13,0,0,0,0,tcp_input,/Users/swchen.tw/git/percepio/poc/runs/tcp-workload-matrix-v1/A08-baseline/build/tcp_in.o,
by_pc,2147510154,13,13,26,39,13,0,0,0,0,tcp_input,/Users/swchen.tw/git/percepio/poc/runs/tcp-workload-matrix-v1/A08-baseline/build/tcp_in.o,
by_pc,2147510158,13,13,26,39,13,0,0,0,0,tcp_input,/Users/swchen.tw/git/percepio/poc/runs/tcp-workload-matrix-v1/A08-baseline/build/tcp_in.o,
by_pc,2147510162,13,26,52,65,13,13,0,0,0,tcp_input,/Users/swchen.tw/git/percepio/poc/runs/tcp-workload-matrix-v1/A08-baseline/build/tcp_in.o,
by_pc,2147510164,13,13,26,39,13,0,0,0,0,tcp_input,/Users/swchen.tw/git/percepio/poc/runs/tcp-workload-matrix-v1/A08-baseline/build/tcp_in.o,
by_pc,2147510168,13,26,52,65,13,13,0,0,0,tcp_input,/Users/swchen.tw/git/percepio/poc/runs/tcp-workload-matrix-v1/A08-baseline/build/tcp_in.o,
by_pc,2147510172,13,26,52,65,13,13,0,0,0,tcp_input,/Users/swchen.tw/git/percepio/poc/runs/tcp-workload-matrix-v1/A08-baseline/build/tcp_in.o,
by_pc,2147510176,13,13,26,39,13,0,0,0,0,tcp_input,/Users/swchen.tw/git/percepio/poc/runs/tcp-workload-matrix-v1/A08-baseline/build/tcp_in.o,
by_pc,2147510180,13,13,26,39,13,0,0,0,0,tcp_input,/Users/swchen.tw/git/percepio/poc/runs/tcp-workload-matrix-v1/A08-baseline/build/tcp_in.o,
by_pc,2147510362,13,81,162,175,13,0,32,36,0,tcp_input,/Users/swchen.tw/git/percepio/poc/runs/tcp-workload-matrix-v1/A08-baseline/build/tcp_in.o,
by_pc,2147510366,13,26,52,65,13,13,0,0,0,tcp_input,/Users/swchen.tw/git/percepio/poc/runs/tcp-workload-matrix-v1/A08-baseline/build/tcp_in.o,
by_pc,2147510370,13,13,26,39,13,0,0,0,0,tcp_input,/Users/swchen.tw/git/percepio/poc/runs/tcp-workload-matrix-v1/A08-baseline/build/tcp_in.o,
by_pc,2147510372,13,13,26,39,13,0,0,0,0,tcp_input,/Users/swchen.tw/git/percepio/poc/runs/tcp-workload-matrix-v1/A08-baseline/build/tcp_in.o,
by_pc,2147510376,13,273,546,559,13,13,104,0,143,tcp_input,/Users/swchen.tw/git/percepio/poc/runs/tcp-workload-matrix-v1/A08-baseline/build/tcp_in.o,
by_pc,2147510380,13,13,26,39,13,0,0,0,0,tcp_input,/Users/swchen.tw/git/percepio/poc/runs/tcp-workload-matrix-v1/A08-baseline/build/tcp_in.o,
by_pc,2147510192,13,13,26,39,13,0,0,0,0,tcp_input,/Users/swchen.tw/git/percepio/poc/runs/tcp-workload-matrix-v1/A08-baseline/build/tcp_in.o,
by_pc,2147510196,13,291,582,595,13,13,104,18,143,tcp_input,/Users/swchen.tw/git/percepio/poc/runs/tcp-workload-matrix-v1/A08-baseline/build/tcp_in.o,
by_pc,2147510200,13,26,52,65,13,13,0,0,0,tcp_input,/Users/swchen.tw/git/percepio/poc/runs/tcp-workload-matrix-v1/A08-baseline/build/tcp_in.o,
by_pc,2147510204,13,13,26,39,13,0,0,0,0,tcp_input,/Users/swchen.tw/git/percepio/poc/runs/tcp-workload-matrix-v1/A08-baseline/build/tcp_in.o,
by_pc,2147510208,13,135,270,283,13,0,104,18,0,tcp_input,/Users/swchen.tw/git/percepio/poc/runs/tcp-workload-matrix-v1/A08-baseline/build/tcp_in.o,
by_pc,2147510212,13,273,546,559,13,13,104,0,143,tcp_input,/Users/swchen.tw/git/percepio/poc/runs/tcp-workload-matrix-v1/A08-baseline/build/tcp_in.o,
by_pc,2147510216,13,273,546,559,13,13,104,0,143,tcp_input,/Users/swchen.tw/git/percepio/poc/runs/tcp-workload-matrix-v1/A08-baseline/build/tcp_in.o,
by_pc,2147510220,13,273,546,559,13,13,104,0,143,tcp_input,/Users/swchen.tw/git/percepio/poc/runs/tcp-workload-matrix-v1/A08-baseline/build/tcp_in.o,
by_pc,2147510224,13,273,546,559,13,13,104,0,143,tcp_input,/Users/swchen.tw/git/percepio/poc/runs/tcp-workload-matrix-v1/A08-baseline/build/tcp_in.o,
by_pc,2147510228,13,273,546,559,13,13,104,0,143,tcp_input,/Users/swchen.tw/git/percepio/poc/runs/tcp-workload-matrix-v1/A08-baseline/build/tcp_in.o,
by_pc,2147510232,13,273,546,559,13,13,104,0,143,tcp_input,/Users/swchen.tw/git/percepio/poc/runs/tcp-workload-matrix-v1/A08-baseline/build/tcp_in.o,
by_pc,2147510236,13,13,26,39,13,0,0,0,0,tcp_input,/Users/swchen.tw/git/percepio/poc/runs/tcp-workload-matrix-v1/A08-baseline/build/tcp_in.o,
by_pc,2147510238,13,13,26,39,13,0,0,0,0,tcp_input,/Users/swchen.tw/git/percepio/poc/runs/tcp-workload-matrix-v1/A08-baseline/build/tcp_in.o,
by_pc,2147510252,13,34,68,81,13,13,8,0,0,tcp_input,/Users/swchen.tw/git/percepio/poc/runs/tcp-workload-matrix-v1/A08-baseline/build/tcp_in.o,
by_pc,2147510254,13,13,26,39,13,0,0,0,0,tcp_input,/Users/swchen.tw/git/percepio/poc/runs/tcp-workload-matrix-v1/A08-baseline/build/tcp_in.o,
by_pc,2147511050,13,106,212,225,13,13,80,0,0,tcp_input,/Users/swchen.tw/git/percepio/poc/runs/tcp-workload-matrix-v1/A08-baseline/build/tcp_in.o,
by_pc,2147511054,13,273,546,559,13,13,104,0,143,tcp_input,/Users/swchen.tw/git/percepio/poc/runs/tcp-workload-matrix-v1/A08-baseline/build/tcp_in.o,
by_pc,2147511058,13,13,26,39,13,0,0,0,0,tcp_input,/Users/swchen.tw/git/percepio/poc/runs/tcp-workload-matrix-v1/A08-baseline/build/tcp_in.o,
by_pc,2147511062,13,13,26,39,13,0,0,0,0,tcp_input,/Users/swchen.tw/git/percepio/poc/runs/tcp-workload-matrix-v1/A08-baseline/build/tcp_in.o,
by_pc,2147511180,13,47,94,107,13,0,16,18,0,tcp_input,/Users/swchen.tw/git/percepio/poc/runs/tcp-workload-matrix-v1/A08-baseline/build/tcp_in.o,
by_pc,2147511184,13,26,52,65,13,13,0,0,0,tcp_input,/Users/swchen.tw/git/percepio/poc/runs/tcp-workload-matrix-v1/A08-baseline/build/tcp_in.o,
by_pc,2147511188,13,13,26,39,13,0,0,0,0,tcp_input,/Users/swchen.tw/git/percepio/poc/runs/tcp-workload-matrix-v1/A08-baseline/build/tcp_in.o,
by_pc,2147511208,13,13,26,39,13,0,0,0,0,tcp_input,/Users/swchen.tw/git/percepio/poc/runs/tcp-workload-matrix-v1/A08-baseline/build/tcp_in.o,
by_pc,2147511210,13,13,26,39,13,0,0,0,0,tcp_input,/Users/swchen.tw/git/percepio/poc/runs/tcp-workload-matrix-v1/A08-baseline/build/tcp_in.o,
by_pc,2147511212,12,24,48,60,12,12,0,0,0,tcp_input,/Users/swchen.tw/git/percepio/poc/runs/tcp-workload-matrix-v1/A08-baseline/build/tcp_in.o,
by_pc,2147511216,12,252,504,516,12,12,96,0,132,tcp_input,/Users/swchen.tw/git/percepio/poc/runs/tcp-workload-matrix-v1/A08-baseline/build/tcp_in.o,
by_pc,2147511218,13,26,52,65,13,13,0,0,0,tcp_input,/Users/swchen.tw/git/percepio/poc/runs/tcp-workload-matrix-v1/A08-baseline/build/tcp_in.o,
by_pc,2147511222,13,273,546,559,13,13,104,0,143,tcp_input,/Users/swchen.tw/git/percepio/poc/runs/tcp-workload-matrix-v1/A08-baseline/build/tcp_in.o,
by_pc,2147511226,13,13,26,39,13,0,0,0,0,tcp_input,/Users/swchen.tw/git/percepio/poc/runs/tcp-workload-matrix-v1/A08-baseline/build/tcp_in.o,
by_pc,2147511234,13,124,248,261,13,13,80,18,0,tcp_input,/Users/swchen.tw/git/percepio/poc/runs/tcp-workload-matrix-v1/A08-baseline/build/tcp_in.o,
by_pc,2147511236,13,13,26,39,13,0,0,0,0,tcp_input,/Users/swchen.tw/git/percepio/poc/runs/tcp-workload-matrix-v1/A08-baseline/build/tcp_in.o,
by_pc,2147511240,13,13,26,39,13,0,0,0,0,tcp_input,/Users/swchen.tw/git/percepio/poc/runs/tcp-workload-matrix-v1/A08-baseline/build/tcp_in.o,
by_pc,2147512300,13,135,270,283,13,0,104,18,0,tcp_input,/Users/swchen.tw/git/percepio/poc/runs/tcp-workload-matrix-v1/A08-baseline/build/tcp_in.o,
by_pc,2147512302,13,13,26,39,13,0,0,0,0,tcp_input,/Users/swchen.tw/git/percepio/poc/runs/tcp-workload-matrix-v1/A08-baseline/build/tcp_in.o,
by_pc,2147512306,13,13,26,39,13,0,0,0,0,tcp_input,/Users/swchen.tw/git/percepio/poc/runs/tcp-workload-matrix-v1/A08-baseline/build/tcp_in.o,
by_pc,2147512310,13,13,26,39,13,0,0,0,0,tcp_input,/Users/swchen.tw/git/percepio/poc/runs/tcp-workload-matrix-v1/A08-baseline/build/tcp_in.o,
by_pc,2147512314,13,13,26,39,13,0,0,0,0,tcp_input,/Users/swchen.tw/git/percepio/poc/runs/tcp-workload-matrix-v1/A08-baseline/build/tcp_in.o,
by_pc,2147512316,13,13,26,39,13,0,0,0,0,tcp_input,/Users/swchen.tw/git/percepio/poc/runs/tcp-workload-matrix-v1/A08-baseline/build/tcp_in.o,
by_pc,2147512318,13,76,152,165,13,13,32,18,0,tcp_input,/Users/swchen.tw/git/percepio/poc/runs/tcp-workload-matrix-v1/A08-baseline/build/tcp_in.o,
by_pc,2147512320,13,21,42,55,13,0,8,0,0,tcp_input,/Users/swchen.tw/git/percepio/poc/runs/tcp-workload-matrix-v1/A08-baseline/build/tcp_in.o,
by_pc,2147512322,13,13,26,39,13,0,0,0,0,tcp_input,/Users/swchen.tw/git/percepio/poc/runs/tcp-workload-matrix-v1/A08-baseline/build/tcp_in.o,
by_pc,2147511564,1,27,54,55,1,0,8,18,0,tcp_input,/Users/swchen.tw/git/percepio/poc/runs/tcp-workload-matrix-v1/A08-baseline/build/tcp_in.o,
by_pc,2147511566,1,1,2,3,1,0,0,0,0,tcp_input,/Users/swchen.tw/git/percepio/poc/runs/tcp-workload-matrix-v1/A08-baseline/build/tcp_in.o,
by_pc,2147511570,1,2,4,5,1,1,0,0,0,tcp_input,/Users/swchen.tw/git/percepio/poc/runs/tcp-workload-matrix-v1/A08-baseline/build/tcp_in.o,
by_pc,2147511574,1,2,4,5,1,1,0,0,0,tcp_input,/Users/swchen.tw/git/percepio/poc/runs/tcp-workload-matrix-v1/A08-baseline/build/tcp_in.o,
by_pc,2147511576,1,1,2,3,1,0,0,0,0,tcp_input,/Users/swchen.tw/git/percepio/poc/runs/tcp-workload-matrix-v1/A08-baseline/build/tcp_in.o,
by_pc,2147511580,1,1,2,3,1,0,0,0,0,tcp_input,/Users/swchen.tw/git/percepio/poc/runs/tcp-workload-matrix-v1/A08-baseline/build/tcp_in.o,
by_pc,2147511582,1,1,2,3,1,0,0,0,0,tcp_input,/Users/swchen.tw/git/percepio/poc/runs/tcp-workload-matrix-v1/A08-baseline/build/tcp_in.o,
by_pc,2147511586,1,2,4,5,1,1,0,0,0,tcp_input,/Users/swchen.tw/git/percepio/poc/runs/tcp-workload-matrix-v1/A08-baseline/build/tcp_in.o,
by_pc,2147511588,1,1,2,3,1,0,0,0,0,tcp_input,/Users/swchen.tw/git/percepio/poc/runs/tcp-workload-matrix-v1/A08-baseline/build/tcp_in.o,
by_pc,2147511590,1,1,2,3,1,0,0,0,0,tcp_input,/Users/swchen.tw/git/percepio/poc/runs/tcp-workload-matrix-v1/A08-baseline/build/tcp_in.o,
by_pc,2147511594,1,1,2,3,1,0,0,0,0,tcp_input,/Users/swchen.tw/git/percepio/poc/runs/tcp-workload-matrix-v1/A08-baseline/build/tcp_in.o,
by_pc,2147511596,1,21,42,43,1,1,8,0,11,tcp_input,/Users/swchen.tw/git/percepio/poc/runs/tcp-workload-matrix-v1/A08-baseline/build/tcp_in.o,
by_pc,2147511598,1,2,4,5,1,1,0,0,0,tcp_input,/Users/swchen.tw/git/percepio/poc/runs/tcp-workload-matrix-v1/A08-baseline/build/tcp_in.o,
by_pc,2147511602,1,1,2,3,1,0,0,0,0,tcp_input,/Users/swchen.tw/git/percepio/poc/runs/tcp-workload-matrix-v1/A08-baseline/build/tcp_in.o,
by_pc,2147511612,1,2,4,5,1,1,0,0,0,tcp_input,/Users/swchen.tw/git/percepio/poc/runs/tcp-workload-matrix-v1/A08-baseline/build/tcp_in.o,
by_pc,2147511614,1,1,2,3,1,0,0,0,0,tcp_input,/Users/swchen.tw/git/percepio/poc/runs/tcp-workload-matrix-v1/A08-baseline/build/tcp_in.o,
by_pc,2147511616,1,28,56,57,1,1,8,18,0,tcp_input,/Users/swchen.tw/git/percepio/poc/runs/tcp-workload-matrix-v1/A08-baseline/build/tcp_in.o,
by_pc,2147511618,1,1,2,3,1,0,0,0,0,tcp_input,/Users/swchen.tw/git/percepio/poc/runs/tcp-workload-matrix-v1/A08-baseline/build/tcp_in.o,
by_pc,2147511620,1,1,2,3,1,0,0,0,0,tcp_input,/Users/swchen.tw/git/percepio/poc/runs/tcp-workload-matrix-v1/A08-baseline/build/tcp_in.o,
by_pc,2147511622,1,1,2,3,1,0,0,0,0,tcp_input,/Users/swchen.tw/git/percepio/poc/runs/tcp-workload-matrix-v1/A08-baseline/build/tcp_in.o,
by_pc,2147494960,1,27,54,55,1,0,8,18,0,on_accept,/Users/swchen.tw/git/percepio/poc/runs/tcp-workload-matrix-v1/A08-baseline/build/tcp_request_response_irq.o,
by_pc,2147494962,1,21,42,43,1,1,8,0,11,on_accept,/Users/swchen.tw/git/percepio/poc/runs/tcp-workload-matrix-v1/A08-baseline/build/tcp_request_response_irq.o,
by_pc,2147494964,1,21,42,43,1,1,8,0,11,on_accept,/Users/swchen.tw/git/percepio/poc/runs/tcp-workload-matrix-v1/A08-baseline/build/tcp_request_response_irq.o,
by_pc,2147494966,1,1,2,3,1,0,0,0,0,on_accept,/Users/swchen.tw/git/percepio/poc/runs/tcp-workload-matrix-v1/A08-baseline/build/tcp_request_response_irq.o,
by_pc,2147494968,1,1,2,3,1,0,0,0,0,on_accept,/Users/swchen.tw/git/percepio/poc/runs/tcp-workload-matrix-v1/A08-baseline/build/tcp_request_response_irq.o,
by_pc,2147494986,1,27,54,55,1,0,8,18,0,on_accept,/Users/swchen.tw/git/percepio/poc/runs/tcp-workload-matrix-v1/A08-baseline/build/tcp_request_response_irq.o,
by_pc,2147494988,1,1,2,3,1,0,0,0,0,on_accept,/Users/swchen.tw/git/percepio/poc/runs/tcp-workload-matrix-v1/A08-baseline/build/tcp_request_response_irq.o,
by_pc,2147494992,1,1,2,3,1,0,0,0,0,on_accept,/Users/swchen.tw/git/percepio/poc/runs/tcp-workload-matrix-v1/A08-baseline/build/tcp_request_response_irq.o,
by_pc,2147494996,1,21,42,43,1,1,8,0,11,on_accept,/Users/swchen.tw/git/percepio/poc/runs/tcp-workload-matrix-v1/A08-baseline/build/tcp_request_response_irq.o,
by_pc,2147495000,1,1,2,3,1,0,0,0,0,on_accept,/Users/swchen.tw/git/percepio/poc/runs/tcp-workload-matrix-v1/A08-baseline/build/tcp_request_response_irq.o,
by_pc,2147503450,1,9,18,19,1,0,8,0,0,tcp_sent,/Users/swchen.tw/git/percepio/poc/runs/tcp-workload-matrix-v1/A08-baseline/build/tcp.o,
by_pc,2147503452,1,21,42,43,1,1,8,0,11,tcp_sent,/Users/swchen.tw/git/percepio/poc/runs/tcp-workload-matrix-v1/A08-baseline/build/tcp.o,
by_pc,2147503456,1,1,2,3,1,0,0,0,0,tcp_sent,/Users/swchen.tw/git/percepio/poc/runs/tcp-workload-matrix-v1/A08-baseline/build/tcp.o,
by_pc,2147495004,1,1,2,3,1,0,0,0,0,on_accept,/Users/swchen.tw/git/percepio/poc/runs/tcp-workload-matrix-v1/A08-baseline/build/tcp_request_response_irq.o,
by_pc,2147495006,1,1,2,3,1,0,0,0,0,on_accept,/Users/swchen.tw/git/percepio/poc/runs/tcp-workload-matrix-v1/A08-baseline/build/tcp_request_response_irq.o,
by_pc,2147495010,1,1,2,3,1,0,0,0,0,on_accept,/Users/swchen.tw/git/percepio/poc/runs/tcp-workload-matrix-v1/A08-baseline/build/tcp_request_response_irq.o,
by_pc,2147495014,1,1,2,3,1,0,0,0,0,on_accept,/Users/swchen.tw/git/percepio/poc/runs/tcp-workload-matrix-v1/A08-baseline/build/tcp_request_response_irq.o,
by_pc,2147503442,1,1,2,3,1,0,0,0,0,tcp_recv,/Users/swchen.tw/git/percepio/poc/runs/tcp-workload-matrix-v1/A08-baseline/build/tcp.o,
by_pc,2147503444,1,21,42,43,1,1,8,0,11,tcp_recv,/Users/swchen.tw/git/percepio/poc/runs/tcp-workload-matrix-v1/A08-baseline/build/tcp.o,
by_pc,2147503448,1,1,2,3,1,0,0,0,0,tcp_recv,/Users/swchen.tw/git/percepio/poc/runs/tcp-workload-matrix-v1/A08-baseline/build/tcp.o,
by_pc,2147495018,1,2,4,5,1,1,0,0,0,on_accept,/Users/swchen.tw/git/percepio/poc/runs/tcp-workload-matrix-v1/A08-baseline/build/tcp_request_response_irq.o,
by_pc,2147495022,1,1,2,3,1,0,0,0,0,on_accept,/Users/swchen.tw/git/percepio/poc/runs/tcp-workload-matrix-v1/A08-baseline/build/tcp_request_response_irq.o,
by_pc,2147495024,1,1,2,3,1,0,0,0,0,on_accept,/Users/swchen.tw/git/percepio/poc/runs/tcp-workload-matrix-v1/A08-baseline/build/tcp_request_response_irq.o,
by_pc,2147495028,1,21,42,43,1,1,8,0,11,on_accept,/Users/swchen.tw/git/percepio/poc/runs/tcp-workload-matrix-v1/A08-baseline/build/tcp_request_response_irq.o,
by_pc,2147495032,1,2,4,5,1,1,0,0,0,on_accept,/Users/swchen.tw/git/percepio/poc/runs/tcp-workload-matrix-v1/A08-baseline/build/tcp_request_response_irq.o,
by_pc,2147495034,1,2,4,5,1,1,0,0,0,on_accept,/Users/swchen.tw/git/percepio/poc/runs/tcp-workload-matrix-v1/A08-baseline/build/tcp_request_response_irq.o,
by_pc,2147495036,1,1,2,3,1,0,0,0,0,on_accept,/Users/swchen.tw/git/percepio/poc/runs/tcp-workload-matrix-v1/A08-baseline/build/tcp_request_response_irq.o,
by_pc,2147495038,1,1,2,3,1,0,0,0,0,on_accept,/Users/swchen.tw/git/percepio/poc/runs/tcp-workload-matrix-v1/A08-baseline/build/tcp_request_response_irq.o,
by_pc,2147511624,1,1,2,3,1,0,0,0,0,tcp_input,/Users/swchen.tw/git/percepio/poc/runs/tcp-workload-matrix-v1/A08-baseline/build/tcp_in.o,
by_pc,2147511634,1,1,2,3,1,0,0,0,0,tcp_input,/Users/swchen.tw/git/percepio/poc/runs/tcp-workload-matrix-v1/A08-baseline/build/tcp_in.o,
by_pc,2147511636,1,1,2,3,1,0,0,0,0,tcp_input,/Users/swchen.tw/git/percepio/poc/runs/tcp-workload-matrix-v1/A08-baseline/build/tcp_in.o,
by_pc,2147506858,13,86,172,185,13,13,24,36,0,tcp_receive,/Users/swchen.tw/git/percepio/poc/runs/tcp-workload-matrix-v1/A08-baseline/build/tcp_in.o,
by_pc,2147506862,13,13,26,39,13,0,0,0,0,tcp_receive,/Users/swchen.tw/git/percepio/poc/runs/tcp-workload-matrix-v1/A08-baseline/build/tcp_in.o,
by_pc,2147506864,13,273,546,559,13,13,104,0,143,tcp_receive,/Users/swchen.tw/git/percepio/poc/runs/tcp-workload-matrix-v1/A08-baseline/build/tcp_in.o,
by_pc,2147506866,13,273,546,559,13,13,104,0,143,tcp_receive,/Users/swchen.tw/git/percepio/poc/runs/tcp-workload-matrix-v1/A08-baseline/build/tcp_in.o,
by_pc,2147506868,13,273,546,559,13,13,104,0,143,tcp_receive,/Users/swchen.tw/git/percepio/poc/runs/tcp-workload-matrix-v1/A08-baseline/build/tcp_in.o,
by_pc,2147506870,13,273,546,559,13,13,104,0,143,tcp_receive,/Users/swchen.tw/git/percepio/poc/runs/tcp-workload-matrix-v1/A08-baseline/build/tcp_in.o,
by_pc,2147506872,13,273,546,559,13,13,104,0,143,tcp_receive,/Users/swchen.tw/git/percepio/poc/runs/tcp-workload-matrix-v1/A08-baseline/build/tcp_in.o,
by_pc,2147506874,13,273,546,559,13,13,104,0,143,tcp_receive,/Users/swchen.tw/git/percepio/poc/runs/tcp-workload-matrix-v1/A08-baseline/build/tcp_in.o,
by_pc,2147506876,13,273,546,559,13,13,104,0,143,tcp_receive,/Users/swchen.tw/git/percepio/poc/runs/tcp-workload-matrix-v1/A08-baseline/build/tcp_in.o,
by_pc,2147506878,13,273,546,559,13,13,104,0,143,tcp_receive,/Users/swchen.tw/git/percepio/poc/runs/tcp-workload-matrix-v1/A08-baseline/build/tcp_in.o,
by_pc,2147506880,13,71,142,155,13,0,40,18,0,tcp_receive,/Users/swchen.tw/git/percepio/poc/runs/tcp-workload-matrix-v1/A08-baseline/build/tcp_in.o,
by_pc,2147506882,13,13,26,39,13,0,0,0,0,tcp_receive,/Users/swchen.tw/git/percepio/poc/runs/tcp-workload-matrix-v1/A08-baseline/build/tcp_in.o,
by_pc,2147506884,13,13,26,39,13,0,0,0,0,tcp_receive,/Users/swchen.tw/git/percepio/poc/runs/tcp-workload-matrix-v1/A08-baseline/build/tcp_in.o,
by_pc,2147506888,13,13,26,39,13,0,0,0,0,tcp_receive,/Users/swchen.tw/git/percepio/poc/runs/tcp-workload-matrix-v1/A08-baseline/build/tcp_in.o,
by_pc,2147506892,13,26,52,65,13,13,0,0,0,tcp_receive,/Users/swchen.tw/git/percepio/poc/runs/tcp-workload-matrix-v1/A08-baseline/build/tcp_in.o,
by_pc,2147506896,13,26,52,65,13,13,0,0,0,tcp_receive,/Users/swchen.tw/git/percepio/poc/runs/tcp-workload-matrix-v1/A08-baseline/build/tcp_in.o,
by_pc,2147506898,13,26,52,65,13,13,0,0,0,tcp_receive,/Users/swchen.tw/git/percepio/poc/runs/tcp-workload-matrix-v1/A08-baseline/build/tcp_in.o,
by_pc,2147506902,13,26,52,65,13,13,0,0,0,tcp_receive,/Users/swchen.tw/git/percepio/poc/runs/tcp-workload-matrix-v1/A08-baseline/build/tcp_in.o,
by_pc,2147506904,13,13,26,39,13,0,0,0,0,tcp_receive,/Users/swchen.tw/git/percepio/poc/runs/tcp-workload-matrix-v1/A08-baseline/build/tcp_in.o,
by_pc,2147506908,13,13,26,39,13,0,0,0,0,tcp_receive,/Users/swchen.tw/git/percepio/poc/runs/tcp-workload-matrix-v1/A08-baseline/build/tcp_in.o,
by_pc,2147506912,13,26,52,65,13,13,0,0,0,tcp_receive,/Users/swchen.tw/git/percepio/poc/runs/tcp-workload-matrix-v1/A08-baseline/build/tcp_in.o,
by_pc,2147506914,13,13,26,39,13,0,0,0,0,tcp_receive,/Users/swchen.tw/git/percepio/poc/runs/tcp-workload-matrix-v1/A08-baseline/build/tcp_in.o,
by_pc,2147506954,10,118,236,246,10,10,80,18,0,tcp_receive,/Users/swchen.tw/git/percepio/poc/runs/tcp-workload-matrix-v1/A08-baseline/build/tcp_in.o,
by_pc,2147506958,10,20,40,50,10,10,0,0,0,tcp_receive,/Users/swchen.tw/git/percepio/poc/runs/tcp-workload-matrix-v1/A08-baseline/build/tcp_in.o,
by_pc,2147506962,10,20,40,50,10,10,0,0,0,tcp_receive,/Users/swchen.tw/git/percepio/poc/runs/tcp-workload-matrix-v1/A08-baseline/build/tcp_in.o,
by_pc,2147506966,10,10,20,30,10,0,0,0,0,tcp_receive,/Users/swchen.tw/git/percepio/poc/runs/tcp-workload-matrix-v1/A08-baseline/build/tcp_in.o,
by_pc,2147506968,10,10,20,30,10,0,0,0,0,tcp_receive,/Users/swchen.tw/git/percepio/poc/runs/tcp-workload-matrix-v1/A08-baseline/build/tcp_in.o,
by_pc,2147506970,10,20,40,50,10,10,0,0,0,tcp_receive,/Users/swchen.tw/git/percepio/poc/runs/tcp-workload-matrix-v1/A08-baseline/build/tcp_in.o,
by_pc,2147506974,10,210,420,430,10,10,80,0,110,tcp_receive,/Users/swchen.tw/git/percepio/poc/runs/tcp-workload-matrix-v1/A08-baseline/build/tcp_in.o,
by_pc,2147506978,10,10,20,30,10,0,0,0,0,tcp_receive,/Users/swchen.tw/git/percepio/poc/runs/tcp-workload-matrix-v1/A08-baseline/build/tcp_in.o,
by_pc,2147506986,10,210,420,430,10,10,80,0,110,tcp_receive,/Users/swchen.tw/git/percepio/poc/runs/tcp-workload-matrix-v1/A08-baseline/build/tcp_in.o,
by_pc,2147506988,10,210,420,430,10,10,80,0,110,tcp_receive,/Users/swchen.tw/git/percepio/poc/runs/tcp-workload-matrix-v1/A08-baseline/build/tcp_in.o,
by_pc,2147506990,13,26,52,65,13,13,0,0,0,tcp_receive,/Users/swchen.tw/git/percepio/poc/runs/tcp-workload-matrix-v1/A08-baseline/build/tcp_in.o,
by_pc,2147506992,13,13,26,39,13,0,0,0,0,tcp_receive,/Users/swchen.tw/git/percepio/poc/runs/tcp-workload-matrix-v1/A08-baseline/build/tcp_in.o,
by_pc,2147506996,13,13,26,39,13,0,0,0,0,tcp_receive,/Users/swchen.tw/git/percepio/poc/runs/tcp-workload-matrix-v1/A08-baseline/build/tcp_in.o,
by_pc,2147507782,10,108,216,226,10,0,80,18,0,tcp_receive,/Users/swchen.tw/git/percepio/poc/runs/tcp-workload-matrix-v1/A08-baseline/build/tcp_in.o,
by_pc,2147507786,10,10,20,30,10,0,0,0,0,tcp_receive,/Users/swchen.tw/git/percepio/poc/runs/tcp-workload-matrix-v1/A08-baseline/build/tcp_in.o,
by_pc,2147507788,10,10,20,30,10,0,0,0,0,tcp_receive,/Users/swchen.tw/git/percepio/poc/runs/tcp-workload-matrix-v1/A08-baseline/build/tcp_in.o,
by_pc,2147507792,10,20,40,50,10,10,0,0,0,tcp_receive,/Users/swchen.tw/git/percepio/poc/runs/tcp-workload-matrix-v1/A08-baseline/build/tcp_in.o,
by_pc,2147507794,10,10,20,30,10,0,0,0,0,tcp_receive,/Users/swchen.tw/git/percepio/poc/runs/tcp-workload-matrix-v1/A08-baseline/build/tcp_in.o,
by_pc,2147507796,10,10,20,30,10,0,0,0,0,tcp_receive,/Users/swchen.tw/git/percepio/poc/runs/tcp-workload-matrix-v1/A08-baseline/build/tcp_in.o,
by_pc,2147507800,10,20,40,50,10,10,0,0,0,tcp_receive,/Users/swchen.tw/git/percepio/poc/runs/tcp-workload-matrix-v1/A08-baseline/build/tcp_in.o,
by_pc,2147507804,10,10,20,30,10,0,0,0,0,tcp_receive,/Users/swchen.tw/git/percepio/poc/runs/tcp-workload-matrix-v1/A08-baseline/build/tcp_in.o,
by_pc,2147507808,10,10,20,30,10,0,0,0,0,tcp_receive,/Users/swchen.tw/git/percepio/poc/runs/tcp-workload-matrix-v1/A08-baseline/build/tcp_in.o,
by_pc,2147507828,10,20,40,50,10,10,0,0,0,tcp_receive,/Users/swchen.tw/git/percepio/poc/runs/tcp-workload-matrix-v1/A08-baseline/build/tcp_in.o,
by_pc,2147507832,10,20,40,50,10,10,0,0,0,tcp_receive,/Users/swchen.tw/git/percepio/poc/runs/tcp-workload-matrix-v1/A08-baseline/build/tcp_in.o,
by_pc,2147507836,10,210,420,430,10,10,80,0,110,tcp_receive,/Users/swchen.tw/git/percepio/poc/runs/tcp-workload-matrix-v1/A08-baseline/build/tcp_in.o,
by_pc,2147507840,10,108,216,226,10,0,80,18,0,tcp_receive,/Users/swchen.tw/git/percepio/poc/runs/tcp-workload-matrix-v1/A08-baseline/build/tcp_in.o,
by_pc,2147507842,10,10,20,30,10,0,0,0,0,tcp_receive,/Users/swchen.tw/git/percepio/poc/runs/tcp-workload-matrix-v1/A08-baseline/build/tcp_in.o,
by_pc,2147507844,10,20,40,50,10,10,0,0,0,tcp_receive,/Users/swchen.tw/git/percepio/poc/runs/tcp-workload-matrix-v1/A08-baseline/build/tcp_in.o,
by_pc,2147507846,10,210,420,430,10,10,80,0,110,tcp_receive,/Users/swchen.tw/git/percepio/poc/runs/tcp-workload-matrix-v1/A08-baseline/build/tcp_in.o,
by_pc,2147507850,10,210,420,430,10,10,80,0,110,tcp_receive,/Users/swchen.tw/git/percepio/poc/runs/tcp-workload-matrix-v1/A08-baseline/build/tcp_in.o,
by_pc,2147507852,10,10,20,30,10,0,0,0,0,tcp_receive,/Users/swchen.tw/git/percepio/poc/runs/tcp-workload-matrix-v1/A08-baseline/build/tcp_in.o,
by_pc,2147507854,10,10,20,30,10,0,0,0,0,tcp_receive,/Users/swchen.tw/git/percepio/poc/runs/tcp-workload-matrix-v1/A08-baseline/build/tcp_in.o,
by_pc,2147507858,10,20,40,50,10,10,0,0,0,tcp_receive,/Users/swchen.tw/git/percepio/poc/runs/tcp-workload-matrix-v1/A08-baseline/build/tcp_in.o,
by_pc,2147507862,10,20,40,50,10,10,0,0,0,tcp_receive,/Users/swchen.tw/git/percepio/poc/runs/tcp-workload-matrix-v1/A08-baseline/build/tcp_in.o,
by_pc,2147507866,10,10,20,30,10,0,0,0,0,tcp_receive,/Users/swchen.tw/git/percepio/poc/runs/tcp-workload-matrix-v1/A08-baseline/build/tcp_in.o,
by_pc,2147507868,10,10,20,30,10,0,0,0,0,tcp_receive,/Users/swchen.tw/git/percepio/poc/runs/tcp-workload-matrix-v1/A08-baseline/build/tcp_in.o,
by_pc,2147507870,10,10,20,30,10,0,0,0,0,tcp_receive,/Users/swchen.tw/git/percepio/poc/runs/tcp-workload-matrix-v1/A08-baseline/build/tcp_in.o,
by_pc,2147507872,10,10,20,30,10,0,0,0,0,tcp_receive,/Users/swchen.tw/git/percepio/poc/runs/tcp-workload-matrix-v1/A08-baseline/build/tcp_in.o,
by_pc,2147507876,2,4,8,10,2,2,0,0,0,tcp_receive,/Users/swchen.tw/git/percepio/poc/runs/tcp-workload-matrix-v1/A08-baseline/build/tcp_in.o,
by_pc,2147507880,2,4,8,10,2,2,0,0,0,tcp_receive,/Users/swchen.tw/git/percepio/poc/runs/tcp-workload-matrix-v1/A08-baseline/build/tcp_in.o,
by_pc,2147507884,2,2,4,6,2,0,0,0,0,tcp_receive,/Users/swchen.tw/git/percepio/poc/runs/tcp-workload-matrix-v1/A08-baseline/build/tcp_in.o,
by_pc,2147507886,2,2,4,6,2,0,0,0,0,tcp_receive,/Users/swchen.tw/git/percepio/poc/runs/tcp-workload-matrix-v1/A08-baseline/build/tcp_in.o,
by_pc,2147507888,2,2,4,6,2,0,0,0,0,tcp_receive,/Users/swchen.tw/git/percepio/poc/runs/tcp-workload-matrix-v1/A08-baseline/build/tcp_in.o,
by_pc,2147507892,2,2,4,6,2,0,0,0,0,tcp_receive,/Users/swchen.tw/git/percepio/poc/runs/tcp-workload-matrix-v1/A08-baseline/build/tcp_in.o,
by_pc,2147507894,2,2,4,6,2,0,0,0,0,tcp_receive,/Users/swchen.tw/git/percepio/poc/runs/tcp-workload-matrix-v1/A08-baseline/build/tcp_in.o,
by_pc,2147507898,2,2,4,6,2,0,0,0,0,tcp_receive,/Users/swchen.tw/git/percepio/poc/runs/tcp-workload-matrix-v1/A08-baseline/build/tcp_in.o,
by_pc,2147507900,2,2,4,6,2,0,0,0,0,tcp_receive,/Users/swchen.tw/git/percepio/poc/runs/tcp-workload-matrix-v1/A08-baseline/build/tcp_in.o,
by_pc,2147507902,2,2,4,6,2,0,0,0,0,tcp_receive,/Users/swchen.tw/git/percepio/poc/runs/tcp-workload-matrix-v1/A08-baseline/build/tcp_in.o,
by_pc,2147507904,2,36,72,74,2,0,16,18,0,tcp_receive,/Users/swchen.tw/git/percepio/poc/runs/tcp-workload-matrix-v1/A08-baseline/build/tcp_in.o,
by_pc,2147507908,2,2,4,6,2,0,0,0,0,tcp_receive,/Users/swchen.tw/git/percepio/poc/runs/tcp-workload-matrix-v1/A08-baseline/build/tcp_in.o,
by_pc,2147507910,2,2,4,6,2,0,0,0,0,tcp_receive,/Users/swchen.tw/git/percepio/poc/runs/tcp-workload-matrix-v1/A08-baseline/build/tcp_in.o,
by_pc,2147507914,3,3,6,9,3,0,0,0,0,tcp_receive,/Users/swchen.tw/git/percepio/poc/runs/tcp-workload-matrix-v1/A08-baseline/build/tcp_in.o,
by_pc,2147507916,3,3,6,9,3,0,0,0,0,tcp_receive,/Users/swchen.tw/git/percepio/poc/runs/tcp-workload-matrix-v1/A08-baseline/build/tcp_in.o,
by_pc,2147507918,3,3,6,9,3,0,0,0,0,tcp_receive,/Users/swchen.tw/git/percepio/poc/runs/tcp-workload-matrix-v1/A08-baseline/build/tcp_in.o,
by_pc,2147507924,3,63,126,129,3,3,24,0,33,tcp_receive,/Users/swchen.tw/git/percepio/poc/runs/tcp-workload-matrix-v1/A08-baseline/build/tcp_in.o,
by_pc,2147507928,3,3,6,9,3,0,0,0,0,tcp_receive,/Users/swchen.tw/git/percepio/poc/runs/tcp-workload-matrix-v1/A08-baseline/build/tcp_in.o,
by_pc,2147507952,10,20,40,50,10,10,0,0,0,tcp_receive,/Users/swchen.tw/git/percepio/poc/runs/tcp-workload-matrix-v1/A08-baseline/build/tcp_in.o,
by_pc,2147507954,10,10,20,30,10,0,0,0,0,tcp_receive,/Users/swchen.tw/git/percepio/poc/runs/tcp-workload-matrix-v1/A08-baseline/build/tcp_in.o,
by_pc,2147507956,10,10,20,30,10,0,0,0,0,tcp_receive,/Users/swchen.tw/git/percepio/poc/runs/tcp-workload-matrix-v1/A08-baseline/build/tcp_in.o,
by_pc,2147506692,20,118,236,256,20,0,80,18,0,tcp_free_acked_segments.isra.0,/Users/swchen.tw/git/percepio/poc/runs/tcp-workload-matrix-v1/A08-baseline/build/tcp_in.o,
by_pc,2147506694,20,420,840,860,20,20,160,0,220,tcp_free_acked_segments.isra.0,/Users/swchen.tw/git/percepio/poc/runs/tcp-workload-matrix-v1/A08-baseline/build/tcp_in.o,
by_pc,2147506696,20,420,840,860,20,20,160,0,220,tcp_free_acked_segments.isra.0,/Users/swchen.tw/git/percepio/poc/runs/tcp-workload-matrix-v1/A08-baseline/build/tcp_in.o,
by_pc,2147506698,20,420,840,860,20,20,160,0,220,tcp_free_acked_segments.isra.0,/Users/swchen.tw/git/percepio/poc/runs/tcp-workload-matrix-v1/A08-baseline/build/tcp_in.o,
by_pc,2147506700,20,420,840,860,20,20,160,0,220,tcp_free_acked_segments.isra.0,/Users/swchen.tw/git/percepio/poc/runs/tcp-workload-matrix-v1/A08-baseline/build/tcp_in.o,
by_pc,2147506702,20,420,840,860,20,20,160,0,220,tcp_free_acked_segments.isra.0,/Users/swchen.tw/git/percepio/poc/runs/tcp-workload-matrix-v1/A08-baseline/build/tcp_in.o,
by_pc,2147506704,20,420,840,860,20,20,160,0,220,tcp_free_acked_segments.isra.0,/Users/swchen.tw/git/percepio/poc/runs/tcp-workload-matrix-v1/A08-baseline/build/tcp_in.o,
by_pc,2147506706,20,420,840,860,20,20,160,0,220,tcp_free_acked_segments.isra.0,/Users/swchen.tw/git/percepio/poc/runs/tcp-workload-matrix-v1/A08-baseline/build/tcp_in.o,
by_pc,2147506708,20,20,40,60,20,0,0,0,0,tcp_free_acked_segments.isra.0,/Users/swchen.tw/git/percepio/poc/runs/tcp-workload-matrix-v1/A08-baseline/build/tcp_in.o,
by_pc,2147506710,20,20,40,60,20,0,0,0,0,tcp_free_acked_segments.isra.0,/Users/swchen.tw/git/percepio/poc/runs/tcp-workload-matrix-v1/A08-baseline/build/tcp_in.o,
by_pc,2147506712,30,30,60,90,30,0,0,0,0,tcp_free_acked_segments.isra.0,/Users/swchen.tw/git/percepio/poc/runs/tcp-workload-matrix-v1/A08-baseline/build/tcp_in.o,
by_pc,2147506714,10,20,40,50,10,10,0,0,0,tcp_free_acked_segments.isra.0,/Users/swchen.tw/git/percepio/poc/runs/tcp-workload-matrix-v1/A08-baseline/build/tcp_in.o,
by_pc,2147506716,10,20,40,50,10,10,0,0,0,tcp_free_acked_segments.isra.0,/Users/swchen.tw/git/percepio/poc/runs/tcp-workload-matrix-v1/A08-baseline/build/tcp_in.o,
by_pc,2147506720,10,20,40,50,10,10,0,0,0,tcp_free_acked_segments.isra.0,/Users/swchen.tw/git/percepio/poc/runs/tcp-workload-matrix-v1/A08-baseline/build/tcp_in.o,
by_pc,2147506724,10,20,40,50,10,10,0,0,0,tcp_free_acked_segments.isra.0,/Users/swchen.tw/git/percepio/poc/runs/tcp-workload-matrix-v1/A08-baseline/build/tcp_in.o,
by_pc,2147506728,10,20,40,50,10,10,0,0,0,tcp_free_acked_segments.isra.0,/Users/swchen.tw/git/percepio/poc/runs/tcp-workload-matrix-v1/A08-baseline/build/tcp_in.o,
by_pc,2147506732,10,10,20,30,10,0,0,0,0,tcp_free_acked_segments.isra.0,/Users/swchen.tw/git/percepio/poc/runs/tcp-workload-matrix-v1/A08-baseline/build/tcp_in.o,
by_pc,2147506734,10,10,20,30,10,0,0,0,0,tcp_free_acked_segments.isra.0,/Users/swchen.tw/git/percepio/poc/runs/tcp-workload-matrix-v1/A08-baseline/build/tcp_in.o,
by_pc,2147506736,10,20,40,50,10,10,0,0,0,tcp_free_acked_segments.isra.0,/Users/swchen.tw/git/percepio/poc/runs/tcp-workload-matrix-v1/A08-baseline/build/tcp_in.o,
by_pc,2147506740,10,10,20,30,10,0,0,0,0,tcp_free_acked_segments.isra.0,/Users/swchen.tw/git/percepio/poc/runs/tcp-workload-matrix-v1/A08-baseline/build/tcp_in.o,
by_pc,2147506742,10,10,20,30,10,0,0,0,0,tcp_free_acked_segments.isra.0,/Users/swchen.tw/git/percepio/poc/runs/tcp-workload-matrix-v1/A08-baseline/build/tcp_in.o,
by_pc,2147506744,10,10,20,30,10,0,0,0,0,tcp_free_acked_segments.isra.0,/Users/swchen.tw/git/percepio/poc/runs/tcp-workload-matrix-v1/A08-baseline/build/tcp_in.o,
by_pc,2147506746,10,10,20,30,10,0,0,0,0,tcp_free_acked_segments.isra.0,/Users/swchen.tw/git/percepio/poc/runs/tcp-workload-matrix-v1/A08-baseline/build/tcp_in.o,
by_pc,2147506748,10,10,20,30,10,0,0,0,0,tcp_free_acked_segments.isra.0,/Users/swchen.tw/git/percepio/poc/runs/tcp-workload-matrix-v1/A08-baseline/build/tcp_in.o,
by_pc,2147506752,10,70,140,150,10,10,32,18,0,tcp_free_acked_segments.isra.0,/Users/swchen.tw/git/percepio/poc/runs/tcp-workload-matrix-v1/A08-baseline/build/tcp_in.o,
by_pc,2147506754,10,10,20,30,10,0,0,0,0,tcp_free_acked_segments.isra.0,/Users/swchen.tw/git/percepio/poc/runs/tcp-workload-matrix-v1/A08-baseline/build/tcp_in.o,
by_pc,2147506756,10,20,40,50,10,10,0,0,0,tcp_free_acked_segments.isra.0,/Users/swchen.tw/git/percepio/poc/runs/tcp-workload-matrix-v1/A08-baseline/build/tcp_in.o,
by_pc,2147506760,10,20,40,50,10,10,0,0,0,tcp_free_acked_segments.isra.0,/Users/swchen.tw/git/percepio/poc/runs/tcp-workload-matrix-v1/A08-baseline/build/tcp_in.o,
by_pc,2147506764,10,20,40,50,10,10,0,0,0,tcp_free_acked_segments.isra.0,/Users/swchen.tw/git/percepio/poc/runs/tcp-workload-matrix-v1/A08-baseline/build/tcp_in.o,
by_pc,2147506768,10,10,20,30,10,0,0,0,0,tcp_free_acked_segments.isra.0,/Users/swchen.tw/git/percepio/poc/runs/tcp-workload-matrix-v1/A08-baseline/build/tcp_in.o,
by_pc,2147506772,10,10,20,30,10,0,0,0,0,tcp_free_acked_segments.isra.0,/Users/swchen.tw/git/percepio/poc/runs/tcp-workload-matrix-v1/A08-baseline/build/tcp_in.o,
by_pc,2147506776,10,10,20,30,10,0,0,0,0,tcp_free_acked_segments.isra.0,/Users/swchen.tw/git/percepio/poc/runs/tcp-workload-matrix-v1/A08-baseline/build/tcp_in.o,
by_pc,2147506778,10,10,20,30,10,0,0,0,0,tcp_free_acked_segments.isra.0,/Users/swchen.tw/git/percepio/poc/runs/tcp-workload-matrix-v1/A08-baseline/build/tcp_in.o,
by_pc,2147506780,10,10,20,30,10,0,0,0,0,tcp_free_acked_segments.isra.0,/Users/swchen.tw/git/percepio/poc/runs/tcp-workload-matrix-v1/A08-baseline/build/tcp_in.o,
by_pc,2147506784,10,10,20,30,10,0,0,0,0,tcp_free_acked_segments.isra.0,/Users/swchen.tw/git/percepio/poc/runs/tcp-workload-matrix-v1/A08-baseline/build/tcp_in.o,
by_pc,2147506786,10,10,20,30,10,0,0,0,0,tcp_free_acked_segments.isra.0,/Users/swchen.tw/git/percepio/poc/runs/tcp-workload-matrix-v1/A08-baseline/build/tcp_in.o,
by_pc,2147506790,10,10,20,30,10,0,0,0,0,tcp_free_acked_segments.isra.0,/Users/swchen.tw/git/percepio/poc/runs/tcp-workload-matrix-v1/A08-baseline/build/tcp_in.o,
by_pc,2147506792,10,10,20,30,10,0,0,0,0,tcp_free_acked_segments.isra.0,/Users/swchen.tw/git/percepio/poc/runs/tcp-workload-matrix-v1/A08-baseline/build/tcp_in.o,
by_pc,2147506816,10,20,40,50,10,10,0,0,0,tcp_free_acked_segments.isra.0,/Users/swchen.tw/git/percepio/poc/runs/tcp-workload-matrix-v1/A08-baseline/build/tcp_in.o,
by_pc,2147506818,10,20,40,50,10,10,0,0,0,tcp_free_acked_segments.isra.0,/Users/swchen.tw/git/percepio/poc/runs/tcp-workload-matrix-v1/A08-baseline/build/tcp_in.o,
by_pc,2147506820,10,10,20,30,10,0,0,0,0,tcp_free_acked_segments.isra.0,/Users/swchen.tw/git/percepio/poc/runs/tcp-workload-matrix-v1/A08-baseline/build/tcp_in.o,
by_pc,2147506824,10,20,40,50,10,10,0,0,0,tcp_free_acked_segments.isra.0,/Users/swchen.tw/git/percepio/poc/runs/tcp-workload-matrix-v1/A08-baseline/build/tcp_in.o,
by_pc,2147506828,10,20,40,50,10,10,0,0,0,tcp_free_acked_segments.isra.0,/Users/swchen.tw/git/percepio/poc/runs/tcp-workload-matrix-v1/A08-baseline/build/tcp_in.o,
by_pc,2147506832,10,10,20,30,10,0,0,0,0,tcp_free_acked_segments.isra.0,/Users/swchen.tw/git/percepio/poc/runs/tcp-workload-matrix-v1/A08-baseline/build/tcp_in.o,
by_pc,2147506834,10,210,420,430,10,10,80,0,110,tcp_free_acked_segments.isra.0,/Users/swchen.tw/git/percepio/poc/runs/tcp-workload-matrix-v1/A08-baseline/build/tcp_in.o,
by_pc,2147506838,10,20,40,50,10,10,0,0,0,tcp_free_acked_segments.isra.0,/Users/swchen.tw/git/percepio/poc/runs/tcp-workload-matrix-v1/A08-baseline/build/tcp_in.o,
by_pc,2147506842,10,10,20,30,10,0,0,0,0,tcp_free_acked_segments.isra.0,/Users/swchen.tw/git/percepio/poc/runs/tcp-workload-matrix-v1/A08-baseline/build/tcp_in.o,
by_pc,2147506844,10,10,20,30,10,0,0,0,0,tcp_free_acked_segments.isra.0,/Users/swchen.tw/git/percepio/poc/runs/tcp-workload-matrix-v1/A08-baseline/build/tcp_in.o,
by_pc,2147506846,10,10,20,30,10,0,0,0,0,tcp_free_acked_segments.isra.0,/Users/swchen.tw/git/percepio/poc/runs/tcp-workload-matrix-v1/A08-baseline/build/tcp_in.o,
by_pc,2147506848,10,210,420,430,10,10,80,0,110,tcp_free_acked_segments.isra.0,/Users/swchen.tw/git/percepio/poc/runs/tcp-workload-matrix-v1/A08-baseline/build/tcp_in.o,
by_pc,2147506852,10,10,20,30,10,0,0,0,0,tcp_free_acked_segments.isra.0,/Users/swchen.tw/git/percepio/poc/runs/tcp-workload-matrix-v1/A08-baseline/build/tcp_in.o,
by_pc,2147503336,10,108,216,226,10,0,80,18,0,tcp_seg_free,/Users/swchen.tw/git/percepio/poc/runs/tcp-workload-matrix-v1/A08-baseline/build/tcp.o,
by_pc,2147503338,10,10,20,30,10,0,0,0,0,tcp_seg_free,/Users/swchen.tw/git/percepio/poc/runs/tcp-workload-matrix-v1/A08-baseline/build/tcp.o,
by_pc,2147503340,10,20,40,50,10,10,0,0,0,tcp_seg_free,/Users/swchen.tw/git/percepio/poc/runs/tcp-workload-matrix-v1/A08-baseline/build/tcp.o,
by_pc,2147503342,10,10,20,30,10,0,0,0,0,tcp_seg_free,/Users/swchen.tw/git/percepio/poc/runs/tcp-workload-matrix-v1/A08-baseline/build/tcp.o,
by_pc,2147503344,10,10,20,30,10,0,0,0,0,tcp_seg_free,/Users/swchen.tw/git/percepio/poc/runs/tcp-workload-matrix-v1/A08-baseline/build/tcp.o,
by_pc,2147503346,10,210,420,430,10,10,80,0,110,tcp_seg_free,/Users/swchen.tw/git/percepio/poc/runs/tcp-workload-matrix-v1/A08-baseline/build/tcp.o,
by_pc,2147503348,10,210,420,430,10,10,80,0,110,tcp_seg_free,/Users/swchen.tw/git/percepio/poc/runs/tcp-workload-matrix-v1/A08-baseline/build/tcp.o,
by_pc,2147503350,10,10,20,30,10,0,0,0,0,tcp_seg_free,/Users/swchen.tw/git/percepio/poc/runs/tcp-workload-matrix-v1/A08-baseline/build/tcp.o,
by_pc,2147500220,11,11,22,33,11,0,0,0,0,mem_free,/Users/swchen.tw/git/percepio/poc/runs/tcp-workload-matrix-v1/A08-baseline/build/mem.o,
by_pc,2147500222,11,33,66,77,22,11,0,0,0,mem_free,/Users/swchen.tw/git/percepio/poc/runs/tcp-workload-matrix-v1/A08-baseline/build/mem.o,
by_pc,2147500226,11,11,22,33,11,0,0,0,0,mem_free,/Users/swchen.tw/git/percepio/poc/runs/tcp-workload-matrix-v1/A08-baseline/build/mem.o,
by_pc,2147500230,11,11,22,33,11,0,0,0,0,mem_free,/Users/swchen.tw/git/percepio/poc/runs/tcp-workload-matrix-v1/A08-baseline/build/mem.o,
by_pc,2147500134,16,16,32,48,16,0,0,0,0,mem_free,/Users/swchen.tw/git/percepio/poc/runs/tcp-workload-matrix-v1/A08-baseline/build/mem.o,
by_pc,2147500138,16,32,64,80,16,16,0,0,0,mem_free,/Users/swchen.tw/git/percepio/poc/runs/tcp-workload-matrix-v1/A08-baseline/build/mem.o,
by_pc,2147500142,16,16,32,48,16,0,0,0,0,mem_free,/Users/swchen.tw/git/percepio/poc/runs/tcp-workload-matrix-v1/A08-baseline/build/mem.o,
by_pc,2147500148,16,32,64,80,16,16,0,0,0,mem_free,/Users/swchen.tw/git/percepio/poc/runs/tcp-workload-matrix-v1/A08-baseline/build/mem.o,
by_pc,2147500152,16,16,32,48,16,0,0,0,0,mem_free,/Users/swchen.tw/git/percepio/poc/runs/tcp-workload-matrix-v1/A08-baseline/build/mem.o,
by_pc,2147500154,16,336,672,688,16,16,128,0,176,mem_free,/Users/swchen.tw/git/percepio/poc/runs/tcp-workload-matrix-v1/A08-baseline/build/mem.o,
by_pc,2147500158,16,40,80,96,32,0,8,0,0,mem_free,/Users/swchen.tw/git/percepio/poc/runs/tcp-workload-matrix-v1/A08-baseline/build/mem.o,
by_pc,2147500180,11,22,44,55,11,11,0,0,0,mem_free,/Users/swchen.tw/git/percepio/poc/runs/tcp-workload-matrix-v1/A08-baseline/build/mem.o,
by_pc,2147500184,11,11,22,33,11,0,0,0,0,mem_free,/Users/swchen.tw/git/percepio/poc/runs/tcp-workload-matrix-v1/A08-baseline/build/mem.o,
by_pc,2147503354,10,20,40,50,10,10,0,0,0,tcp_seg_free,/Users/swchen.tw/git/percepio/poc/runs/tcp-workload-matrix-v1/A08-baseline/build/tcp.o,
by_pc,2147503356,10,20,40,50,10,10,0,0,0,tcp_seg_free,/Users/swchen.tw/git/percepio/poc/runs/tcp-workload-matrix-v1/A08-baseline/build/tcp.o,
by_pc,2147503358,10,10,20,30,10,0,0,0,0,tcp_seg_free,/Users/swchen.tw/git/percepio/poc/runs/tcp-workload-matrix-v1/A08-baseline/build/tcp.o,
by_pc,2147503360,10,108,216,226,10,0,80,18,0,tcp_seg_free,/Users/swchen.tw/git/percepio/poc/runs/tcp-workload-matrix-v1/A08-baseline/build/tcp.o,
by_pc,2147503362,10,10,20,30,10,0,0,0,0,tcp_seg_free,/Users/swchen.tw/git/percepio/poc/runs/tcp-workload-matrix-v1/A08-baseline/build/tcp.o,
by_pc,2147506856,10,10,20,30,10,0,0,0,0,tcp_free_acked_segments.isra.0,/Users/swchen.tw/git/percepio/poc/runs/tcp-workload-matrix-v1/A08-baseline/build/tcp_in.o,
by_pc,2147506796,20,40,80,100,20,20,0,0,0,tcp_free_acked_segments.isra.0,/Users/swchen.tw/git/percepio/poc/runs/tcp-workload-matrix-v1/A08-baseline/build/tcp_in.o,
by_pc,2147506798,20,20,40,60,20,0,0,0,0,tcp_free_acked_segments.isra.0,/Users/swchen.tw/git/percepio/poc/runs/tcp-workload-matrix-v1/A08-baseline/build/tcp_in.o,
by_pc,2147506800,20,40,80,100,20,20,0,0,0,tcp_free_acked_segments.isra.0,/Users/swchen.tw/git/percepio/poc/runs/tcp-workload-matrix-v1/A08-baseline/build/tcp_in.o,
by_pc,2147506802,20,40,80,100,20,20,0,0,0,tcp_free_acked_segments.isra.0,/Users/swchen.tw/git/percepio/poc/runs/tcp-workload-matrix-v1/A08-baseline/build/tcp_in.o,
by_pc,2147506804,20,40,80,100,20,20,0,0,0,tcp_free_acked_segments.isra.0,/Users/swchen.tw/git/percepio/poc/runs/tcp-workload-matrix-v1/A08-baseline/build/tcp_in.o,
by_pc,2147506806,20,40,80,100,20,20,0,0,0,tcp_free_acked_segments.isra.0,/Users/swchen.tw/git/percepio/poc/runs/tcp-workload-matrix-v1/A08-baseline/build/tcp_in.o,
by_pc,2147506808,20,40,80,100,20,20,0,0,0,tcp_free_acked_segments.isra.0,/Users/swchen.tw/git/percepio/poc/runs/tcp-workload-matrix-v1/A08-baseline/build/tcp_in.o,
by_pc,2147506810,20,40,80,100,20,20,0,0,0,tcp_free_acked_segments.isra.0,/Users/swchen.tw/git/percepio/poc/runs/tcp-workload-matrix-v1/A08-baseline/build/tcp_in.o,
by_pc,2147506812,20,20,40,60,20,0,0,0,0,tcp_free_acked_segments.isra.0,/Users/swchen.tw/git/percepio/poc/runs/tcp-workload-matrix-v1/A08-baseline/build/tcp_in.o,
by_pc,2147506814,20,20,40,60,20,0,0,0,0,tcp_free_acked_segments.isra.0,/Users/swchen.tw/git/percepio/poc/runs/tcp-workload-matrix-v1/A08-baseline/build/tcp_in.o,
by_pc,2147507960,10,20,40,50,10,10,0,0,0,tcp_receive,/Users/swchen.tw/git/percepio/poc/runs/tcp-workload-matrix-v1/A08-baseline/build/tcp_in.o,
by_pc,2147507962,10,210,420,430,10,10,80,0,110,tcp_receive,/Users/swchen.tw/git/percepio/poc/runs/tcp-workload-matrix-v1/A08-baseline/build/tcp_in.o,
by_pc,2147507964,10,10,20,30,10,0,0,0,0,tcp_receive,/Users/swchen.tw/git/percepio/poc/runs/tcp-workload-matrix-v1/A08-baseline/build/tcp_in.o,
by_pc,2147507966,10,118,236,246,20,0,80,18,0,tcp_receive,/Users/swchen.tw/git/percepio/poc/runs/tcp-workload-matrix-v1/A08-baseline/build/tcp_in.o,
by_pc,2147507970,10,20,40,50,10,10,0,0,0,tcp_receive,/Users/swchen.tw/git/percepio/poc/runs/tcp-workload-matrix-v1/A08-baseline/build/tcp_in.o,
by_pc,2147507972,10,20,40,50,10,10,0,0,0,tcp_receive,/Users/swchen.tw/git/percepio/poc/runs/tcp-workload-matrix-v1/A08-baseline/build/tcp_in.o,
by_pc,2147507976,10,210,420,430,10,10,80,0,110,tcp_receive,/Users/swchen.tw/git/percepio/poc/runs/tcp-workload-matrix-v1/A08-baseline/build/tcp_in.o,
by_pc,2147507978,10,10,20,30,10,0,0,0,0,tcp_receive,/Users/swchen.tw/git/percepio/poc/runs/tcp-workload-matrix-v1/A08-baseline/build/tcp_in.o,
by_pc,2147507982,10,10,20,30,10,0,0,0,0,tcp_receive,/Users/swchen.tw/git/percepio/poc/runs/tcp-workload-matrix-v1/A08-baseline/build/tcp_in.o,
by_pc,2147507986,10,210,420,430,10,10,80,0,110,tcp_receive,/Users/swchen.tw/git/percepio/poc/runs/tcp-workload-matrix-v1/A08-baseline/build/tcp_in.o,
by_pc,2147507990,10,20,40,50,10,10,0,0,0,tcp_receive,/Users/swchen.tw/git/percepio/poc/runs/tcp-workload-matrix-v1/A08-baseline/build/tcp_in.o,
by_pc,2147507994,10,210,420,430,10,10,80,0,110,tcp_receive,/Users/swchen.tw/git/percepio/poc/runs/tcp-workload-matrix-v1/A08-baseline/build/tcp_in.o,
by_pc,2147507998,10,10,20,30,10,0,0,0,0,tcp_receive,/Users/swchen.tw/git/percepio/poc/runs/tcp-workload-matrix-v1/A08-baseline/build/tcp_in.o,
by_pc,2147508000,10,210,420,430,10,10,80,0,110,tcp_receive,/Users/swchen.tw/git/percepio/poc/runs/tcp-workload-matrix-v1/A08-baseline/build/tcp_in.o,
by_pc,2147508004,10,20,40,50,10,10,0,0,0,tcp_receive,/Users/swchen.tw/git/percepio/poc/runs/tcp-workload-matrix-v1/A08-baseline/build/tcp_in.o,
by_pc,2147508008,10,10,20,30,10,0,0,0,0,tcp_receive,/Users/swchen.tw/git/percepio/poc/runs/tcp-workload-matrix-v1/A08-baseline/build/tcp_in.o,
by_pc,2147508012,10,10,20,30,10,0,0,0,0,tcp_receive,/Users/swchen.tw/git/percepio/poc/runs/tcp-workload-matrix-v1/A08-baseline/build/tcp_in.o,
by_pc,2147507104,13,60,120,133,13,13,16,18,0,tcp_receive,/Users/swchen.tw/git/percepio/poc/runs/tcp-workload-matrix-v1/A08-baseline/build/tcp_in.o,
by_pc,2147507106,13,13,26,39,13,0,0,0,0,tcp_receive,/Users/swchen.tw/git/percepio/poc/runs/tcp-workload-matrix-v1/A08-baseline/build/tcp_in.o,
by_pc,2147507188,13,92,184,197,13,13,48,18,0,tcp_receive,/Users/swchen.tw/git/percepio/poc/runs/tcp-workload-matrix-v1/A08-baseline/build/tcp_in.o,
by_pc,2147507192,13,26,52,65,13,13,0,0,0,tcp_receive,/Users/swchen.tw/git/percepio/poc/runs/tcp-workload-matrix-v1/A08-baseline/build/tcp_in.o,
by_pc,2147507196,13,26,52,65,13,13,0,0,0,tcp_receive,/Users/swchen.tw/git/percepio/poc/runs/tcp-workload-matrix-v1/A08-baseline/build/tcp_in.o,
by_pc,2147507198,13,132,264,277,26,0,88,18,0,tcp_receive,/Users/swchen.tw/git/percepio/poc/runs/tcp-workload-matrix-v1/A08-baseline/build/tcp_in.o,
by_pc,2147509244,10,108,216,226,10,0,80,18,0,tcp_receive,/Users/swchen.tw/git/percepio/poc/runs/tcp-workload-matrix-v1/A08-baseline/build/tcp_in.o,
by_pc,2147509248,10,10,20,30,10,0,0,0,0,tcp_receive,/Users/swchen.tw/git/percepio/poc/runs/tcp-workload-matrix-v1/A08-baseline/build/tcp_in.o,
by_pc,2147509252,10,10,20,30,10,0,0,0,0,tcp_receive,/Users/swchen.tw/git/percepio/poc/runs/tcp-workload-matrix-v1/A08-baseline/build/tcp_in.o,
by_pc,2147509254,10,20,40,50,10,10,0,0,0,tcp_receive,/Users/swchen.tw/git/percepio/poc/runs/tcp-workload-matrix-v1/A08-baseline/build/tcp_in.o,
by_pc,2147509258,10,10,20,30,10,0,0,0,0,tcp_receive,/Users/swchen.tw/git/percepio/poc/runs/tcp-workload-matrix-v1/A08-baseline/build/tcp_in.o,
by_pc,2147509260,10,10,20,30,10,0,0,0,0,tcp_receive,/Users/swchen.tw/git/percepio/poc/runs/tcp-workload-matrix-v1/A08-baseline/build/tcp_in.o,
by_pc,2147509262,10,10,20,30,10,0,0,0,0,tcp_receive,/Users/swchen.tw/git/percepio/poc/runs/tcp-workload-matrix-v1/A08-baseline/build/tcp_in.o,
by_pc,2147508620,13,124,248,261,13,13,80,18,0,tcp_receive,/Users/swchen.tw/git/percepio/poc/runs/tcp-workload-matrix-v1/A08-baseline/build/tcp_in.o,
by_pc,2147508622,13,26,52,65,13,13,0,0,0,tcp_receive,/Users/swchen.tw/git/percepio/poc/runs/tcp-workload-matrix-v1/A08-baseline/build/tcp_in.o,
by_pc,2147508624,13,26,52,65,13,13,0,0,0,tcp_receive,/Users/swchen.tw/git/percepio/poc/runs/tcp-workload-matrix-v1/A08-baseline/build/tcp_in.o,
by_pc,2147508626,13,26,52,65,13,13,0,0,0,tcp_receive,/Users/swchen.tw/git/percepio/poc/runs/tcp-workload-matrix-v1/A08-baseline/build/tcp_in.o,
by_pc,2147508628,13,26,52,65,13,13,0,0,0,tcp_receive,/Users/swchen.tw/git/percepio/poc/runs/tcp-workload-matrix-v1/A08-baseline/build/tcp_in.o,
by_pc,2147508630,13,26,52,65,13,13,0,0,0,tcp_receive,/Users/swchen.tw/git/percepio/poc/runs/tcp-workload-matrix-v1/A08-baseline/build/tcp_in.o,
by_pc,2147508632,13,26,52,65,13,13,0,0,0,tcp_receive,/Users/swchen.tw/git/percepio/poc/runs/tcp-workload-matrix-v1/A08-baseline/build/tcp_in.o,
by_pc,2147508634,13,26,52,65,13,13,0,0,0,tcp_receive,/Users/swchen.tw/git/percepio/poc/runs/tcp-workload-matrix-v1/A08-baseline/build/tcp_in.o,
by_pc,2147508636,13,13,26,39,13,0,0,0,0,tcp_receive,/Users/swchen.tw/git/percepio/poc/runs/tcp-workload-matrix-v1/A08-baseline/build/tcp_in.o,
by_pc,2147508638,13,13,26,39,13,0,0,0,0,tcp_receive,/Users/swchen.tw/git/percepio/poc/runs/tcp-workload-matrix-v1/A08-baseline/build/tcp_in.o,
by_pc,2147511640,1,2,4,5,1,1,0,0,0,tcp_input,/Users/swchen.tw/git/percepio/poc/runs/tcp-workload-matrix-v1/A08-baseline/build/tcp_in.o,
by_pc,2147511644,1,1,2,3,1,0,0,0,0,tcp_input,/Users/swchen.tw/git/percepio/poc/runs/tcp-workload-matrix-v1/A08-baseline/build/tcp_in.o,
by_pc,2147511652,1,2,4,5,1,1,0,0,0,tcp_input,/Users/swchen.tw/git/percepio/poc/runs/tcp-workload-matrix-v1/A08-baseline/build/tcp_in.o,
by_pc,2147511656,1,1,2,3,1,0,0,0,0,tcp_input,/Users/swchen.tw/git/percepio/poc/runs/tcp-workload-matrix-v1/A08-baseline/build/tcp_in.o,
by_pc,2147511658,1,1,2,3,1,0,0,0,0,tcp_input,/Users/swchen.tw/git/percepio/poc/runs/tcp-workload-matrix-v1/A08-baseline/build/tcp_in.o,
by_pc,2147511662,1,1,2,3,1,0,0,0,0,tcp_input,/Users/swchen.tw/git/percepio/poc/runs/tcp-workload-matrix-v1/A08-baseline/build/tcp_in.o,
by_pc,2147511666,1,1,2,3,1,0,0,0,0,tcp_input,/Users/swchen.tw/git/percepio/poc/runs/tcp-workload-matrix-v1/A08-baseline/build/tcp_in.o,
by_pc,2147511668,1,1,2,3,1,0,0,0,0,tcp_input,/Users/swchen.tw/git/percepio/poc/runs/tcp-workload-matrix-v1/A08-baseline/build/tcp_in.o,
by_pc,2147511670,1,1,2,3,1,0,0,0,0,tcp_input,/Users/swchen.tw/git/percepio/poc/runs/tcp-workload-matrix-v1/A08-baseline/build/tcp_in.o,
by_pc,2147511674,1,1,2,3,1,0,0,0,0,tcp_input,/Users/swchen.tw/git/percepio/poc/runs/tcp-workload-matrix-v1/A08-baseline/build/tcp_in.o,
by_pc,2147511676,1,1,2,3,1,0,0,0,0,tcp_input,/Users/swchen.tw/git/percepio/poc/runs/tcp-workload-matrix-v1/A08-baseline/build/tcp_in.o,
by_pc,2147511680,1,27,54,55,1,0,8,18,0,tcp_input,/Users/swchen.tw/git/percepio/poc/runs/tcp-workload-matrix-v1/A08-baseline/build/tcp_in.o,
by_pc,2147511682,1,1,2,3,1,0,0,0,0,tcp_input,/Users/swchen.tw/git/percepio/poc/runs/tcp-workload-matrix-v1/A08-baseline/build/tcp_in.o,
by_pc,2147511686,1,1,2,3,1,0,0,0,0,tcp_input,/Users/swchen.tw/git/percepio/poc/runs/tcp-workload-matrix-v1/A08-baseline/build/tcp_in.o,
by_pc,2147511692,1,21,42,43,1,1,8,0,11,tcp_input,/Users/swchen.tw/git/percepio/poc/runs/tcp-workload-matrix-v1/A08-baseline/build/tcp_in.o,
by_pc,2147511696,12,112,224,236,12,12,88,0,0,tcp_input,/Users/swchen.tw/git/percepio/poc/runs/tcp-workload-matrix-v1/A08-baseline/build/tcp_in.o,
by_pc,2147511700,12,12,24,36,12,0,0,0,0,tcp_input,/Users/swchen.tw/git/percepio/poc/runs/tcp-workload-matrix-v1/A08-baseline/build/tcp_in.o,
by_pc,2147511704,12,12,24,36,12,0,0,0,0,tcp_input,/Users/swchen.tw/git/percepio/poc/runs/tcp-workload-matrix-v1/A08-baseline/build/tcp_in.o,
by_pc,2147511104,13,76,152,165,13,13,32,18,0,tcp_input,/Users/swchen.tw/git/percepio/poc/runs/tcp-workload-matrix-v1/A08-baseline/build/tcp_in.o,
by_pc,2147511108,13,13,26,39,13,0,0,0,0,tcp_input,/Users/swchen.tw/git/percepio/poc/runs/tcp-workload-matrix-v1/A08-baseline/build/tcp_in.o,
by_pc,2147511110,13,13,26,39,13,0,0,0,0,tcp_input,/Users/swchen.tw/git/percepio/poc/runs/tcp-workload-matrix-v1/A08-baseline/build/tcp_in.o,
by_pc,2147512106,13,124,248,261,13,13,80,18,0,tcp_input,/Users/swchen.tw/git/percepio/poc/runs/tcp-workload-matrix-v1/A08-baseline/build/tcp_in.o,
by_pc,2147512110,13,13,26,39,13,0,0,0,0,tcp_input,/Users/swchen.tw/git/percepio/poc/runs/tcp-workload-matrix-v1/A08-baseline/build/tcp_in.o,
by_pc,2147512122,13,13,26,39,13,0,0,0,0,tcp_input,/Users/swchen.tw/git/percepio/poc/runs/tcp-workload-matrix-v1/A08-baseline/build/tcp_in.o,
by_pc,2147512124,13,13,26,39,13,0,0,0,0,tcp_input,/Users/swchen.tw/git/percepio/poc/runs/tcp-workload-matrix-v1/A08-baseline/build/tcp_in.o,
by_pc,2147506626,25,154,308,333,25,25,104,0,0,tcp_input_delayed_close,/Users/swchen.tw/git/percepio/poc/runs/tcp-workload-matrix-v1/A08-baseline/build/tcp_in.o,
by_pc,2147506630,25,25,50,75,25,0,0,0,0,tcp_input_delayed_close,/Users/swchen.tw/git/percepio/poc/runs/tcp-workload-matrix-v1/A08-baseline/build/tcp_in.o,
by_pc,2147506632,25,25,50,75,25,0,0,0,0,tcp_input_delayed_close,/Users/swchen.tw/git/percepio/poc/runs/tcp-workload-matrix-v1/A08-baseline/build/tcp_in.o,
by_pc,2147506688,24,48,96,120,24,0,24,0,0,tcp_input_delayed_close,/Users/swchen.tw/git/percepio/poc/runs/tcp-workload-matrix-v1/A08-baseline/build/tcp_in.o,
by_pc,2147506690,24,24,48,72,24,0,0,0,0,tcp_input_delayed_close,/Users/swchen.tw/git/percepio/poc/runs/tcp-workload-matrix-v1/A08-baseline/build/tcp_in.o,
by_pc,2147512128,13,55,110,123,13,0,24,18,0,tcp_input,/Users/swchen.tw/git/percepio/poc/runs/tcp-workload-matrix-v1/A08-baseline/build/tcp_in.o,
by_pc,2147512132,12,12,24,36,12,0,0,0,0,tcp_input,/Users/swchen.tw/git/percepio/poc/runs/tcp-workload-matrix-v1/A08-baseline/build/tcp_in.o,
by_pc,2147512136,12,24,48,60,12,12,0,0,0,tcp_input,/Users/swchen.tw/git/percepio/poc/runs/tcp-workload-matrix-v1/A08-baseline/build/tcp_in.o,
by_pc,2147512138,12,12,24,36,12,0,0,0,0,tcp_input,/Users/swchen.tw/git/percepio/poc/runs/tcp-workload-matrix-v1/A08-baseline/build/tcp_in.o,
by_pc,2147512198,12,122,244,256,12,12,80,18,0,tcp_input,/Users/swchen.tw/git/percepio/poc/runs/tcp-workload-matrix-v1/A08-baseline/build/tcp_in.o,
by_pc,2147512202,12,12,24,36,12,0,0,0,0,tcp_input,/Users/swchen.tw/git/percepio/poc/runs/tcp-workload-matrix-v1/A08-baseline/build/tcp_in.o,
by_pc,2147512206,12,12,24,36,12,0,0,0,0,tcp_input,/Users/swchen.tw/git/percepio/poc/runs/tcp-workload-matrix-v1/A08-baseline/build/tcp_in.o,
by_pc,2147512224,12,12,24,36,12,0,0,0,0,tcp_input,/Users/swchen.tw/git/percepio/poc/runs/tcp-workload-matrix-v1/A08-baseline/build/tcp_in.o,
by_pc,2147512226,12,252,504,516,12,12,96,0,132,tcp_input,/Users/swchen.tw/git/percepio/poc/runs/tcp-workload-matrix-v1/A08-baseline/build/tcp_in.o,
by_pc,2147512230,12,12,24,36,12,0,0,0,0,tcp_input,/Users/swchen.tw/git/percepio/poc/runs/tcp-workload-matrix-v1/A08-baseline/build/tcp_in.o,
by_pc,2147512234,12,12,24,36,12,0,0,0,0,tcp_input,/Users/swchen.tw/git/percepio/poc/runs/tcp-workload-matrix-v1/A08-baseline/build/tcp_in.o,
by_pc,2147512238,12,12,24,36,12,0,0,0,0,tcp_input,/Users/swchen.tw/git/percepio/poc/runs/tcp-workload-matrix-v1/A08-baseline/build/tcp_in.o,
by_pc,2147512240,12,12,24,36,12,0,0,0,0,tcp_input,/Users/swchen.tw/git/percepio/poc/runs/tcp-workload-matrix-v1/A08-baseline/build/tcp_in.o,
by_pc,2147515384,14,28,56,70,14,14,0,0,0,tcp_output,/Users/swchen.tw/git/percepio/poc/runs/tcp-workload-matrix-v1/A08-baseline/build/tcp_out.o,
by_pc,2147515388,14,14,28,42,14,0,0,0,0,tcp_output,/Users/swchen.tw/git/percepio/poc/runs/tcp-workload-matrix-v1/A08-baseline/build/tcp_out.o,
by_pc,2147515390,14,14,28,42,14,0,0,0,0,tcp_output,/Users/swchen.tw/git/percepio/poc/runs/tcp-workload-matrix-v1/A08-baseline/build/tcp_out.o,
by_pc,2147512244,12,12,24,36,12,0,0,0,0,tcp_input,/Users/swchen.tw/git/percepio/poc/runs/tcp-workload-matrix-v1/A08-baseline/build/tcp_in.o,
by_pc,2147510314,13,94,188,201,13,13,32,36,0,tcp_input,/Users/swchen.tw/git/percepio/poc/runs/tcp-workload-matrix-v1/A08-baseline/build/tcp_in.o,
by_pc,2147510318,13,273,546,559,13,13,104,0,143,tcp_input,/Users/swchen.tw/git/percepio/poc/runs/tcp-workload-matrix-v1/A08-baseline/build/tcp_in.o,
by_pc,2147510322,13,273,546,559,13,13,104,0,143,tcp_input,/Users/swchen.tw/git/percepio/poc/runs/tcp-workload-matrix-v1/A08-baseline/build/tcp_in.o,
by_pc,2147510326,13,13,26,39,13,0,0,0,0,tcp_input,/Users/swchen.tw/git/percepio/poc/runs/tcp-workload-matrix-v1/A08-baseline/build/tcp_in.o,
by_pc,2147510328,11,11,22,33,11,0,0,0,0,tcp_input,/Users/swchen.tw/git/percepio/poc/runs/tcp-workload-matrix-v1/A08-baseline/build/tcp_in.o,
by_pc,2147510332,11,11,22,33,11,0,0,0,0,tcp_input,/Users/swchen.tw/git/percepio/poc/runs/tcp-workload-matrix-v1/A08-baseline/build/tcp_in.o,
by_pc,2147510336,11,231,462,473,11,11,88,0,121,tcp_input,/Users/swchen.tw/git/percepio/poc/runs/tcp-workload-matrix-v1/A08-baseline/build/tcp_in.o,
by_pc,2147510340,13,26,52,65,13,13,0,0,0,tcp_input,/Users/swchen.tw/git/percepio/poc/runs/tcp-workload-matrix-v1/A08-baseline/build/tcp_in.o,
by_pc,2147510342,13,26,52,65,13,13,0,0,0,tcp_input,/Users/swchen.tw/git/percepio/poc/runs/tcp-workload-matrix-v1/A08-baseline/build/tcp_in.o,
by_pc,2147510344,13,26,52,65,13,13,0,0,0,tcp_input,/Users/swchen.tw/git/percepio/poc/runs/tcp-workload-matrix-v1/A08-baseline/build/tcp_in.o,
by_pc,2147510346,13,26,52,65,13,13,0,0,0,tcp_input,/Users/swchen.tw/git/percepio/poc/runs/tcp-workload-matrix-v1/A08-baseline/build/tcp_in.o,
by_pc,2147510348,13,26,52,65,13,13,0,0,0,tcp_input,/Users/swchen.tw/git/percepio/poc/runs/tcp-workload-matrix-v1/A08-baseline/build/tcp_in.o,
by_pc,2147510350,13,26,52,65,13,13,0,0,0,tcp_input,/Users/swchen.tw/git/percepio/poc/runs/tcp-workload-matrix-v1/A08-baseline/build/tcp_in.o,
by_pc,2147510352,13,26,52,65,13,13,0,0,0,tcp_input,/Users/swchen.tw/git/percepio/poc/runs/tcp-workload-matrix-v1/A08-baseline/build/tcp_in.o,
by_pc,2147510354,13,26,52,65,13,13,0,0,0,tcp_input,/Users/swchen.tw/git/percepio/poc/runs/tcp-workload-matrix-v1/A08-baseline/build/tcp_in.o,
by_pc,2147510356,13,26,52,65,13,13,0,0,0,tcp_input,/Users/swchen.tw/git/percepio/poc/runs/tcp-workload-matrix-v1/A08-baseline/build/tcp_in.o,
by_pc,2147510358,13,13,26,39,13,0,0,0,0,tcp_input,/Users/swchen.tw/git/percepio/poc/runs/tcp-workload-matrix-v1/A08-baseline/build/tcp_in.o,
by_pc,2147510360,13,13,26,39,13,0,0,0,0,tcp_input,/Users/swchen.tw/git/percepio/poc/runs/tcp-workload-matrix-v1/A08-baseline/build/tcp_in.o,
by_pc,2147497254,1,10,20,21,1,1,8,0,0,session_task,/Users/swchen.tw/git/percepio/poc/runs/tcp-workload-matrix-v1/A08-baseline/build/tcp_request_response_irq.o,
by_pc,2147497258,1,1,2,3,1,0,0,0,0,session_task,/Users/swchen.tw/git/percepio/poc/runs/tcp-workload-matrix-v1/A08-baseline/build/tcp_request_response_irq.o,
by_pc,2147497260,1,2,4,5,1,1,0,0,0,session_task,/Users/swchen.tw/git/percepio/poc/runs/tcp-workload-matrix-v1/A08-baseline/build/tcp_request_response_irq.o,
by_pc,2147497262,1,1,2,3,1,0,0,0,0,session_task,/Users/swchen.tw/git/percepio/poc/runs/tcp-workload-matrix-v1/A08-baseline/build/tcp_request_response_irq.o,
by_pc,2147497264,1,1,2,3,1,0,0,0,0,session_task,/Users/swchen.tw/git/percepio/poc/runs/tcp-workload-matrix-v1/A08-baseline/build/tcp_request_response_irq.o,
by_pc,2147497268,1,2,4,5,1,1,0,0,0,session_task,/Users/swchen.tw/git/percepio/poc/runs/tcp-workload-matrix-v1/A08-baseline/build/tcp_request_response_irq.o,
by_pc,2147497272,1,1,2,3,1,0,0,0,0,session_task,/Users/swchen.tw/git/percepio/poc/runs/tcp-workload-matrix-v1/A08-baseline/build/tcp_request_response_irq.o,
by_pc,2147497290,1,27,54,55,1,0,8,18,0,session_task,/Users/swchen.tw/git/percepio/poc/runs/tcp-workload-matrix-v1/A08-baseline/build/tcp_request_response_irq.o,
by_pc,2147497292,1,1,2,3,1,0,0,0,0,session_task,/Users/swchen.tw/git/percepio/poc/runs/tcp-workload-matrix-v1/A08-baseline/build/tcp_request_response_irq.o,
by_pc,2147497296,1,1,2,3,1,0,0,0,0,session_task,/Users/swchen.tw/git/percepio/poc/runs/tcp-workload-matrix-v1/A08-baseline/build/tcp_request_response_irq.o,
by_pc,2147497300,3,97,194,197,3,3,40,18,33,session_task,/Users/swchen.tw/git/percepio/poc/runs/tcp-workload-matrix-v1/A08-baseline/build/tcp_request_response_irq.o,
by_pc,2147497304,3,3,6,9,3,0,0,0,0,session_task,/Users/swchen.tw/git/percepio/poc/runs/tcp-workload-matrix-v1/A08-baseline/build/tcp_request_response_irq.o,
by_pc,2147497306,3,3,6,9,3,0,0,0,0,session_task,/Users/swchen.tw/git/percepio/poc/runs/tcp-workload-matrix-v1/A08-baseline/build/tcp_request_response_irq.o,
by_pc,2147498304,2,28,56,58,2,0,8,18,0,session_task,/Users/swchen.tw/git/percepio/poc/runs/tcp-workload-matrix-v1/A08-baseline/build/tcp_request_response_irq.o,
by_pc,2147498306,2920,2920,5840,8760,2920,0,0,0,0,session_task,/Users/swchen.tw/git/percepio/poc/runs/tcp-workload-matrix-v1/A08-baseline/build/tcp_request_response_irq.o,
by_pc,2147498310,2920,2920,5840,8760,2920,0,0,0,0,session_task,/Users/swchen.tw/git/percepio/poc/runs/tcp-workload-matrix-v1/A08-baseline/build/tcp_request_response_irq.o,
by_pc,2147498314,2920,2920,5840,8760,2920,0,0,0,0,session_task,/Users/swchen.tw/git/percepio/poc/runs/tcp-workload-matrix-v1/A08-baseline/build/tcp_request_response_irq.o,
by_pc,2147498316,2920,2920,5840,8760,2920,0,0,0,0,session_task,/Users/swchen.tw/git/percepio/poc/runs/tcp-workload-matrix-v1/A08-baseline/build/tcp_request_response_irq.o,
by_pc,2147498320,2920,61770,123540,126460,2920,2920,23360,450,32120,session_task,/Users/swchen.tw/git/percepio/poc/runs/tcp-workload-matrix-v1/A08-baseline/build/tcp_request_response_irq.o,
by_pc,2147498324,2920,2920,5840,8760,2920,0,0,0,0,session_task,/Users/swchen.tw/git/percepio/poc/runs/tcp-workload-matrix-v1/A08-baseline/build/tcp_request_response_irq.o,
by_pc,2147498326,2920,2920,5840,8760,2920,0,0,0,0,session_task,/Users/swchen.tw/git/percepio/poc/runs/tcp-workload-matrix-v1/A08-baseline/build/tcp_request_response_irq.o,
by_pc,2147498330,2,4,8,10,2,2,0,0,0,session_task,/Users/swchen.tw/git/percepio/poc/runs/tcp-workload-matrix-v1/A08-baseline/build/tcp_request_response_irq.o,
by_pc,2147498332,2,4,8,10,2,2,0,0,0,session_task,/Users/swchen.tw/git/percepio/poc/runs/tcp-workload-matrix-v1/A08-baseline/build/tcp_request_response_irq.o,
by_pc,2147498334,2,2,4,6,2,0,0,0,0,session_task,/Users/swchen.tw/git/percepio/poc/runs/tcp-workload-matrix-v1/A08-baseline/build/tcp_request_response_irq.o,
by_pc,2147498338,2,2,4,6,2,0,0,0,0,session_task,/Users/swchen.tw/git/percepio/poc/runs/tcp-workload-matrix-v1/A08-baseline/build/tcp_request_response_irq.o,
by_pc,2147498342,2,2,4,6,2,0,0,0,0,session_task,/Users/swchen.tw/git/percepio/poc/runs/tcp-workload-matrix-v1/A08-baseline/build/tcp_request_response_irq.o,
by_pc,2147498346,2,2,4,6,2,0,0,0,0,session_task,/Users/swchen.tw/git/percepio/poc/runs/tcp-workload-matrix-v1/A08-baseline/build/tcp_request_response_irq.o,
by_pc,2147498350,2,2,4,6,2,0,0,0,0,session_task,/Users/swchen.tw/git/percepio/poc/runs/tcp-workload-matrix-v1/A08-baseline/build/tcp_request_response_irq.o,
by_pc,2147498352,2,2,4,6,2,0,0,0,0,session_task,/Users/swchen.tw/git/percepio/poc/runs/tcp-workload-matrix-v1/A08-baseline/build/tcp_request_response_irq.o,
by_pc,2147496672,2,2,4,6,2,0,0,0,0,inject,/Users/swchen.tw/git/percepio/poc/runs/tcp-workload-matrix-v1/A08-baseline/build/tcp_request_response_irq.o,
by_pc,2147496676,2,2,4,6,2,0,0,0,0,inject,/Users/swchen.tw/git/percepio/poc/runs/tcp-workload-matrix-v1/A08-baseline/build/tcp_request_response_irq.o,
by_pc,2147496678,2,2,4,6,2,0,0,0,0,inject,/Users/swchen.tw/git/percepio/poc/runs/tcp-workload-matrix-v1/A08-baseline/build/tcp_request_response_irq.o,
by_pc,2147496682,2,2,4,6,2,0,0,0,0,inject,/Users/swchen.tw/git/percepio/poc/runs/tcp-workload-matrix-v1/A08-baseline/build/tcp_request_response_irq.o,
by_pc,2147510240,2,4,8,10,2,2,0,0,0,tcp_input,/Users/swchen.tw/git/percepio/poc/runs/tcp-workload-matrix-v1/A08-baseline/build/tcp_in.o,
by_pc,2147510244,2,2,4,6,2,0,0,0,0,tcp_input,/Users/swchen.tw/git/percepio/poc/runs/tcp-workload-matrix-v1/A08-baseline/build/tcp_in.o,
by_pc,2147510248,2,42,84,86,2,2,16,0,22,tcp_input,/Users/swchen.tw/git/percepio/poc/runs/tcp-workload-matrix-v1/A08-baseline/build/tcp_in.o,
by_pc,2147511792,11,117,234,245,11,0,88,18,0,tcp_input,/Users/swchen.tw/git/percepio/poc/runs/tcp-workload-matrix-v1/A08-baseline/build/tcp_in.o,
by_pc,2147511794,11,11,22,33,11,0,0,0,0,tcp_input,/Users/swchen.tw/git/percepio/poc/runs/tcp-workload-matrix-v1/A08-baseline/build/tcp_in.o,
by_pc,2147506918,9,9,18,27,9,0,0,0,0,tcp_receive,/Users/swchen.tw/git/percepio/poc/runs/tcp-workload-matrix-v1/A08-baseline/build/tcp_in.o,
by_pc,2147506922,9,9,18,27,9,0,0,0,0,tcp_receive,/Users/swchen.tw/git/percepio/poc/runs/tcp-workload-matrix-v1/A08-baseline/build/tcp_in.o,
by_pc,2147506926,9,9,18,27,9,0,0,0,0,tcp_receive,/Users/swchen.tw/git/percepio/poc/runs/tcp-workload-matrix-v1/A08-baseline/build/tcp_in.o,
by_pc,2147506930,3,3,6,9,3,0,0,0,0,tcp_receive,/Users/swchen.tw/git/percepio/poc/runs/tcp-workload-matrix-v1/A08-baseline/build/tcp_in.o,
by_pc,2147506934,3,6,12,15,3,3,0,0,0,tcp_receive,/Users/swchen.tw/git/percepio/poc/runs/tcp-workload-matrix-v1/A08-baseline/build/tcp_in.o,
by_pc,2147506938,3,6,12,15,3,3,0,0,0,tcp_receive,/Users/swchen.tw/git/percepio/poc/runs/tcp-workload-matrix-v1/A08-baseline/build/tcp_in.o,
by_pc,2147506942,3,17,34,37,6,3,8,0,0,tcp_receive,/Users/swchen.tw/git/percepio/poc/runs/tcp-workload-matrix-v1/A08-baseline/build/tcp_in.o,
by_pc,2147506946,3,3,6,9,3,0,0,0,0,tcp_receive,/Users/swchen.tw/git/percepio/poc/runs/tcp-workload-matrix-v1/A08-baseline/build/tcp_in.o,
by_pc,2147506948,3,3,6,9,3,0,0,0,0,tcp_receive,/Users/swchen.tw/git/percepio/poc/runs/tcp-workload-matrix-v1/A08-baseline/build/tcp_in.o,
by_pc,2147506950,3,3,6,9,3,0,0,0,0,tcp_receive,/Users/swchen.tw/git/percepio/poc/runs/tcp-workload-matrix-v1/A08-baseline/build/tcp_in.o,
by_pc,2147507000,3,6,12,15,3,3,0,0,0,tcp_receive,/Users/swchen.tw/git/percepio/poc/runs/tcp-workload-matrix-v1/A08-baseline/build/tcp_in.o,
by_pc,2147507004,3,3,6,9,3,0,0,0,0,tcp_receive,/Users/swchen.tw/git/percepio/poc/runs/tcp-workload-matrix-v1/A08-baseline/build/tcp_in.o,
by_pc,2147507202,3,6,12,15,3,3,0,0,0,tcp_receive,/Users/swchen.tw/git/percepio/poc/runs/tcp-workload-matrix-v1/A08-baseline/build/tcp_in.o,
by_pc,2147507204,3,3,6,9,3,0,0,0,0,tcp_receive,/Users/swchen.tw/git/percepio/poc/runs/tcp-workload-matrix-v1/A08-baseline/build/tcp_in.o,
by_pc,2147507206,3,3,6,9,3,0,0,0,0,tcp_receive,/Users/swchen.tw/git/percepio/poc/runs/tcp-workload-matrix-v1/A08-baseline/build/tcp_in.o,
by_pc,2147507210,3,3,6,9,3,0,0,0,0,tcp_receive,/Users/swchen.tw/git/percepio/poc/runs/tcp-workload-matrix-v1/A08-baseline/build/tcp_in.o,
by_pc,2147507214,3,3,6,9,3,0,0,0,0,tcp_receive,/Users/swchen.tw/git/percepio/poc/runs/tcp-workload-matrix-v1/A08-baseline/build/tcp_in.o,
by_pc,2147507218,3,3,6,9,3,0,0,0,0,tcp_receive,/Users/swchen.tw/git/percepio/poc/runs/tcp-workload-matrix-v1/A08-baseline/build/tcp_in.o,
by_pc,2147508130,3,45,90,93,3,0,24,18,0,tcp_receive,/Users/swchen.tw/git/percepio/poc/runs/tcp-workload-matrix-v1/A08-baseline/build/tcp_in.o,
by_pc,2147508134,3,3,6,9,3,0,0,0,0,tcp_receive,/Users/swchen.tw/git/percepio/poc/runs/tcp-workload-matrix-v1/A08-baseline/build/tcp_in.o,
by_pc,2147507316,3,48,96,99,3,3,24,18,0,tcp_receive,/Users/swchen.tw/git/percepio/poc/runs/tcp-workload-matrix-v1/A08-baseline/build/tcp_in.o,
by_pc,2147507318,3,3,6,9,3,0,0,0,0,tcp_receive,/Users/swchen.tw/git/percepio/poc/runs/tcp-workload-matrix-v1/A08-baseline/build/tcp_in.o,
by_pc,2147507322,3,3,6,9,3,0,0,0,0,tcp_receive,/Users/swchen.tw/git/percepio/poc/runs/tcp-workload-matrix-v1/A08-baseline/build/tcp_in.o,
by_pc,2147507326,3,69,138,141,6,3,24,36,0,tcp_receive,/Users/swchen.tw/git/percepio/poc/runs/tcp-workload-matrix-v1/A08-baseline/build/tcp_in.o,
by_pc,2147507330,3,3,6,9,3,0,0,0,0,tcp_receive,/Users/swchen.tw/git/percepio/poc/runs/tcp-workload-matrix-v1/A08-baseline/build/tcp_in.o,
by_pc,2147507334,3,3,6,9,3,0,0,0,0,tcp_receive,/Users/swchen.tw/git/percepio/poc/runs/tcp-workload-matrix-v1/A08-baseline/build/tcp_in.o,
by_pc,2147507336,3,3,6,9,3,0,0,0,0,tcp_receive,/Users/swchen.tw/git/percepio/poc/runs/tcp-workload-matrix-v1/A08-baseline/build/tcp_in.o,
by_pc,2147507338,3,3,6,9,3,0,0,0,0,tcp_receive,/Users/swchen.tw/git/percepio/poc/runs/tcp-workload-matrix-v1/A08-baseline/build/tcp_in.o,
by_pc,2147507342,3,3,6,9,3,0,0,0,0,tcp_receive,/Users/swchen.tw/git/percepio/poc/runs/tcp-workload-matrix-v1/A08-baseline/build/tcp_in.o,
by_pc,2147507346,3,3,6,9,3,0,0,0,0,tcp_receive,/Users/swchen.tw/git/percepio/poc/runs/tcp-workload-matrix-v1/A08-baseline/build/tcp_in.o,
by_pc,2147507350,3,3,6,9,3,0,0,0,0,tcp_receive,/Users/swchen.tw/git/percepio/poc/runs/tcp-workload-matrix-v1/A08-baseline/build/tcp_in.o,
by_pc,2147507354,3,6,12,15,3,3,0,0,0,tcp_receive,/Users/swchen.tw/git/percepio/poc/runs/tcp-workload-matrix-v1/A08-baseline/build/tcp_in.o,
by_pc,2147507356,3,3,6,9,3,0,0,0,0,tcp_receive,/Users/swchen.tw/git/percepio/poc/runs/tcp-workload-matrix-v1/A08-baseline/build/tcp_in.o,
by_pc,2147507360,3,6,12,15,3,3,0,0,0,tcp_receive,/Users/swchen.tw/git/percepio/poc/runs/tcp-workload-matrix-v1/A08-baseline/build/tcp_in.o,
by_pc,2147507364,3,6,12,15,3,3,0,0,0,tcp_receive,/Users/swchen.tw/git/percepio/poc/runs/tcp-workload-matrix-v1/A08-baseline/build/tcp_in.o,
by_pc,2147507368,3,6,12,15,3,3,0,0,0,tcp_receive,/Users/swchen.tw/git/percepio/poc/runs/tcp-workload-matrix-v1/A08-baseline/build/tcp_in.o,
by_pc,2147507372,3,3,6,9,3,0,0,0,0,tcp_receive,/Users/swchen.tw/git/percepio/poc/runs/tcp-workload-matrix-v1/A08-baseline/build/tcp_in.o,
by_pc,2147507374,3,3,6,9,3,0,0,0,0,tcp_receive,/Users/swchen.tw/git/percepio/poc/runs/tcp-workload-matrix-v1/A08-baseline/build/tcp_in.o,
by_pc,2147507376,3,3,6,9,3,0,0,0,0,tcp_receive,/Users/swchen.tw/git/percepio/poc/runs/tcp-workload-matrix-v1/A08-baseline/build/tcp_in.o,
by_pc,2147507380,3,3,6,9,3,0,0,0,0,tcp_receive,/Users/swchen.tw/git/percepio/poc/runs/tcp-workload-matrix-v1/A08-baseline/build/tcp_in.o,
by_pc,2147507382,3,3,6,9,3,0,0,0,0,tcp_receive,/Users/swchen.tw/git/percepio/poc/runs/tcp-workload-matrix-v1/A08-baseline/build/tcp_in.o,
by_pc,2147507386,3,3,6,9,3,0,0,0,0,tcp_receive,/Users/swchen.tw/git/percepio/poc/runs/tcp-workload-matrix-v1/A08-baseline/build/tcp_in.o,
by_pc,2147507390,3,3,6,9,3,0,0,0,0,tcp_receive,/Users/swchen.tw/git/percepio/poc/runs/tcp-workload-matrix-v1/A08-baseline/build/tcp_in.o,
by_pc,2147507392,3,63,126,129,3,0,24,36,0,tcp_receive,/Users/swchen.tw/git/percepio/poc/runs/tcp-workload-matrix-v1/A08-baseline/build/tcp_in.o,
by_pc,2147507394,3,63,126,129,3,3,24,0,33,tcp_receive,/Users/swchen.tw/git/percepio/poc/runs/tcp-workload-matrix-v1/A08-baseline/build/tcp_in.o,
by_pc,2147507398,3,6,12,15,3,3,0,0,0,tcp_receive,/Users/swchen.tw/git/percepio/poc/runs/tcp-workload-matrix-v1/A08-baseline/build/tcp_in.o,
by_pc,2147507402,3,3,6,9,3,0,0,0,0,tcp_receive,/Users/swchen.tw/git/percepio/poc/runs/tcp-workload-matrix-v1/A08-baseline/build/tcp_in.o,
by_pc,2147507580,3,66,132,135,3,3,24,36,0,tcp_receive,/Users/swchen.tw/git/percepio/poc/runs/tcp-workload-matrix-v1/A08-baseline/build/tcp_in.o,
by_pc,2147507582,3,84,168,171,6,0,24,54,0,tcp_receive,/Users/swchen.tw/git/percepio/poc/runs/tcp-workload-matrix-v1/A08-baseline/build/tcp_in.o,
by_pc,2147508164,3,66,132,135,3,3,24,36,0,tcp_receive,/Users/swchen.tw/git/percepio/poc/runs/tcp-workload-matrix-v1/A08-baseline/build/tcp_in.o,
by_pc,2147508168,3,6,12,15,3,3,0,0,0,tcp_receive,/Users/swchen.tw/git/percepio/poc/runs/tcp-workload-matrix-v1/A08-baseline/build/tcp_in.o,
by_pc,2147508172,3,3,6,9,3,0,0,0,0,tcp_receive,/Users/swchen.tw/git/percepio/poc/runs/tcp-workload-matrix-v1/A08-baseline/build/tcp_in.o,
by_pc,2147508174,3,3,6,9,3,0,0,0,0,tcp_receive,/Users/swchen.tw/git/percepio/poc/runs/tcp-workload-matrix-v1/A08-baseline/build/tcp_in.o,
by_pc,2147508176,3,63,126,129,3,3,24,0,33,tcp_receive,/Users/swchen.tw/git/percepio/poc/runs/tcp-workload-matrix-v1/A08-baseline/build/tcp_in.o,
by_pc,2147508178,3,6,12,15,3,3,0,0,0,tcp_receive,/Users/swchen.tw/git/percepio/poc/runs/tcp-workload-matrix-v1/A08-baseline/build/tcp_in.o,
by_pc,2147508182,3,3,6,9,3,0,0,0,0,tcp_receive,/Users/swchen.tw/git/percepio/poc/runs/tcp-workload-matrix-v1/A08-baseline/build/tcp_in.o,
by_pc,2147508184,3,63,126,129,3,3,24,0,33,tcp_receive,/Users/swchen.tw/git/percepio/poc/runs/tcp-workload-matrix-v1/A08-baseline/build/tcp_in.o,
by_pc,2147508188,3,3,6,9,3,0,0,0,0,tcp_receive,/Users/swchen.tw/git/percepio/poc/runs/tcp-workload-matrix-v1/A08-baseline/build/tcp_in.o,
by_pc,2147503178,5,34,68,73,5,5,24,0,0,tcp_update_rcv_ann_wnd,/Users/swchen.tw/git/percepio/poc/runs/tcp-workload-matrix-v1/A08-baseline/build/tcp.o,
by_pc,2147503182,5,10,20,25,5,5,0,0,0,tcp_update_rcv_ann_wnd,/Users/swchen.tw/git/percepio/poc/runs/tcp-workload-matrix-v1/A08-baseline/build/tcp.o,
by_pc,2147503186,5,10,20,25,5,5,0,0,0,tcp_update_rcv_ann_wnd,/Users/swchen.tw/git/percepio/poc/runs/tcp-workload-matrix-v1/A08-baseline/build/tcp.o,
by_pc,2147503188,5,10,20,25,5,5,0,0,0,tcp_update_rcv_ann_wnd,/Users/swchen.tw/git/percepio/poc/runs/tcp-workload-matrix-v1/A08-baseline/build/tcp.o,
by_pc,2147503192,5,5,10,15,5,0,0,0,0,tcp_update_rcv_ann_wnd,/Users/swchen.tw/git/percepio/poc/runs/tcp-workload-matrix-v1/A08-baseline/build/tcp.o,
by_pc,2147503194,5,5,10,15,5,0,0,0,0,tcp_update_rcv_ann_wnd,/Users/swchen.tw/git/percepio/poc/runs/tcp-workload-matrix-v1/A08-baseline/build/tcp.o,
by_pc,2147503198,5,5,10,15,5,0,0,0,0,tcp_update_rcv_ann_wnd,/Users/swchen.tw/git/percepio/poc/runs/tcp-workload-matrix-v1/A08-baseline/build/tcp.o,
by_pc,2147503202,5,5,10,15,5,0,0,0,0,tcp_update_rcv_ann_wnd,/Users/swchen.tw/git/percepio/poc/runs/tcp-workload-matrix-v1/A08-baseline/build/tcp.o,
by_pc,2147503204,5,5,10,15,5,0,0,0,0,tcp_update_rcv_ann_wnd,/Users/swchen.tw/git/percepio/poc/runs/tcp-workload-matrix-v1/A08-baseline/build/tcp.o,
by_pc,2147503206,5,5,10,15,5,0,0,0,0,tcp_update_rcv_ann_wnd,/Users/swchen.tw/git/percepio/poc/runs/tcp-workload-matrix-v1/A08-baseline/build/tcp.o,
by_pc,2147503212,5,5,10,15,5,0,0,0,0,tcp_update_rcv_ann_wnd,/Users/swchen.tw/git/percepio/poc/runs/tcp-workload-matrix-v1/A08-baseline/build/tcp.o,
by_pc,2147503214,5,5,10,15,5,0,0,0,0,tcp_update_rcv_ann_wnd,/Users/swchen.tw/git/percepio/poc/runs/tcp-workload-matrix-v1/A08-baseline/build/tcp.o,
by_pc,2147503216,5,5,10,15,5,0,0,0,0,tcp_update_rcv_ann_wnd,/Users/swchen.tw/git/percepio/poc/runs/tcp-workload-matrix-v1/A08-baseline/build/tcp.o,
by_pc,2147503220,5,5,10,15,5,0,0,0,0,tcp_update_rcv_ann_wnd,/Users/swchen.tw/git/percepio/poc/runs/tcp-workload-matrix-v1/A08-baseline/build/tcp.o,
by_pc,2147503224,3,3,6,9,3,0,0,0,0,tcp_update_rcv_ann_wnd,/Users/swchen.tw/git/percepio/poc/runs/tcp-workload-matrix-v1/A08-baseline/build/tcp.o,
by_pc,2147503228,3,3,6,9,3,0,0,0,0,tcp_update_rcv_ann_wnd,/Users/swchen.tw/git/percepio/poc/runs/tcp-workload-matrix-v1/A08-baseline/build/tcp.o,
by_pc,2147503232,3,45,90,93,3,0,24,18,0,tcp_update_rcv_ann_wnd,/Users/swchen.tw/git/percepio/poc/runs/tcp-workload-matrix-v1/A08-baseline/build/tcp.o,
by_pc,2147503234,5,105,210,215,5,5,40,0,55,tcp_update_rcv_ann_wnd,/Users/swchen.tw/git/percepio/poc/runs/tcp-workload-matrix-v1/A08-baseline/build/tcp.o,
by_pc,2147503238,5,5,10,15,5,0,0,0,0,tcp_update_rcv_ann_wnd,/Users/swchen.tw/git/percepio/poc/runs/tcp-workload-matrix-v1/A08-baseline/build/tcp.o,
by_pc,2147503240,5,5,10,15,5,0,0,0,0,tcp_update_rcv_ann_wnd,/Users/swchen.tw/git/percepio/poc/runs/tcp-workload-matrix-v1/A08-baseline/build/tcp.o,
by_pc,2147508192,3,6,12,15,3,3,0,0,0,tcp_receive,/Users/swchen.tw/git/percepio/poc/runs/tcp-workload-matrix-v1/A08-baseline/build/tcp_in.o,
by_pc,2147508194,3,6,12,15,3,3,0,0,0,tcp_receive,/Users/swchen.tw/git/percepio/poc/runs/tcp-workload-matrix-v1/A08-baseline/build/tcp_in.o,
by_pc,2147508198,3,3,6,9,3,0,0,0,0,tcp_receive,/Users/swchen.tw/git/percepio/poc/runs/tcp-workload-matrix-v1/A08-baseline/build/tcp_in.o,
by_pc,2147508200,2,42,84,86,2,2,16,0,22,tcp_receive,/Users/swchen.tw/git/percepio/poc/runs/tcp-workload-matrix-v1/A08-baseline/build/tcp_in.o,
by_pc,2147508204,2,2,4,6,2,0,0,0,0,tcp_receive,/Users/swchen.tw/git/percepio/poc/runs/tcp-workload-matrix-v1/A08-baseline/build/tcp_in.o,
by_pc,2147508208,2,42,84,86,2,2,16,0,22,tcp_receive,/Users/swchen.tw/git/percepio/poc/runs/tcp-workload-matrix-v1/A08-baseline/build/tcp_in.o,
by_pc,2147508212,3,6,12,15,3,3,0,0,0,tcp_receive,/Users/swchen.tw/git/percepio/poc/runs/tcp-workload-matrix-v1/A08-baseline/build/tcp_in.o,
by_pc,2147508214,3,6,12,15,3,3,0,0,0,tcp_receive,/Users/swchen.tw/git/percepio/poc/runs/tcp-workload-matrix-v1/A08-baseline/build/tcp_in.o,
by_pc,2147508218,3,6,12,15,3,3,0,0,0,tcp_receive,/Users/swchen.tw/git/percepio/poc/runs/tcp-workload-matrix-v1/A08-baseline/build/tcp_in.o,
by_pc,2147508222,3,3,6,9,3,0,0,0,0,tcp_receive,/Users/swchen.tw/git/percepio/poc/runs/tcp-workload-matrix-v1/A08-baseline/build/tcp_in.o,
by_pc,2147508224,3,81,162,165,3,0,24,54,0,tcp_receive,/Users/swchen.tw/git/percepio/poc/runs/tcp-workload-matrix-v1/A08-baseline/build/tcp_in.o,
by_pc,2147508226,3,3,6,9,3,0,0,0,0,tcp_receive,/Users/swchen.tw/git/percepio/poc/runs/tcp-workload-matrix-v1/A08-baseline/build/tcp_in.o,
by_pc,2147508230,3,3,6,9,3,0,0,0,0,tcp_receive,/Users/swchen.tw/git/percepio/poc/runs/tcp-workload-matrix-v1/A08-baseline/build/tcp_in.o,
by_pc,2147508232,3,3,6,9,3,0,0,0,0,tcp_receive,/Users/swchen.tw/git/percepio/poc/runs/tcp-workload-matrix-v1/A08-baseline/build/tcp_in.o,
by_pc,2147508246,3,3,6,9,3,0,0,0,0,tcp_receive,/Users/swchen.tw/git/percepio/poc/runs/tcp-workload-matrix-v1/A08-baseline/build/tcp_in.o,
by_pc,2147508250,3,3,6,9,3,0,0,0,0,tcp_receive,/Users/swchen.tw/git/percepio/poc/runs/tcp-workload-matrix-v1/A08-baseline/build/tcp_in.o,
by_pc,2147508252,3,3,6,9,3,0,0,0,0,tcp_receive,/Users/swchen.tw/git/percepio/poc/runs/tcp-workload-matrix-v1/A08-baseline/build/tcp_in.o,
by_pc,2147508254,3,3,6,9,3,0,0,0,0,tcp_receive,/Users/swchen.tw/git/percepio/poc/runs/tcp-workload-matrix-v1/A08-baseline/build/tcp_in.o,
by_pc,2147508548,3,66,132,135,3,3,24,36,0,tcp_receive,/Users/swchen.tw/git/percepio/poc/runs/tcp-workload-matrix-v1/A08-baseline/build/tcp_in.o,
by_pc,2147508550,3,3,6,9,3,0,0,0,0,tcp_receive,/Users/swchen.tw/git/percepio/poc/runs/tcp-workload-matrix-v1/A08-baseline/build/tcp_in.o,
by_pc,2147508588,3,6,12,15,3,3,0,0,0,tcp_receive,/Users/swchen.tw/git/percepio/poc/runs/tcp-workload-matrix-v1/A08-baseline/build/tcp_in.o,
by_pc,2147508592,3,3,6,9,3,0,0,0,0,tcp_receive,/Users/swchen.tw/git/percepio/poc/runs/tcp-workload-matrix-v1/A08-baseline/build/tcp_in.o,
by_pc,2147508596,3,3,6,9,3,0,0,0,0,tcp_receive,/Users/swchen.tw/git/percepio/poc/runs/tcp-workload-matrix-v1/A08-baseline/build/tcp_in.o,
by_pc,2147508612,3,11,22,25,3,0,8,0,0,tcp_receive,/Users/swchen.tw/git/percepio/poc/runs/tcp-workload-matrix-v1/A08-baseline/build/tcp_in.o,
by_pc,2147508616,3,63,126,129,3,3,24,0,33,tcp_receive,/Users/swchen.tw/git/percepio/poc/runs/tcp-workload-matrix-v1/A08-baseline/build/tcp_in.o,
by_pc,2147511798,11,11,22,33,11,0,0,0,0,tcp_input,/Users/swchen.tw/git/percepio/poc/runs/tcp-workload-matrix-v1/A08-baseline/build/tcp_in.o,
by_pc,2147512140,2,4,8,10,2,2,0,0,0,tcp_input,/Users/swchen.tw/git/percepio/poc/runs/tcp-workload-matrix-v1/A08-baseline/build/tcp_in.o,
by_pc,2147512144,2,2,4,6,2,0,0,0,0,tcp_input,/Users/swchen.tw/git/percepio/poc/runs/tcp-workload-matrix-v1/A08-baseline/build/tcp_in.o,
by_pc,2147512146,2,2,4,6,2,0,0,0,0,tcp_input,/Users/swchen.tw/git/percepio/poc/runs/tcp-workload-matrix-v1/A08-baseline/build/tcp_in.o,
by_pc,2147512172,2,4,8,10,2,2,0,0,0,tcp_input,/Users/swchen.tw/git/percepio/poc/runs/tcp-workload-matrix-v1/A08-baseline/build/tcp_in.o,
by_pc,2147512176,2,2,4,6,2,0,0,0,0,tcp_input,/Users/swchen.tw/git/percepio/poc/runs/tcp-workload-matrix-v1/A08-baseline/build/tcp_in.o,
by_pc,2147512178,2,2,4,6,2,0,0,0,0,tcp_input,/Users/swchen.tw/git/percepio/poc/runs/tcp-workload-matrix-v1/A08-baseline/build/tcp_in.o,
by_pc,2147512180,2,2,4,6,2,0,0,0,0,tcp_input,/Users/swchen.tw/git/percepio/poc/runs/tcp-workload-matrix-v1/A08-baseline/build/tcp_in.o,
by_pc,2147512182,2,4,8,10,2,2,0,0,0,tcp_input,/Users/swchen.tw/git/percepio/poc/runs/tcp-workload-matrix-v1/A08-baseline/build/tcp_in.o,
by_pc,2147512184,2,2,4,6,2,0,0,0,0,tcp_input,/Users/swchen.tw/git/percepio/poc/runs/tcp-workload-matrix-v1/A08-baseline/build/tcp_in.o,
by_pc,2147495040,3,45,90,93,3,0,24,18,0,on_recv,/Users/swchen.tw/git/percepio/poc/runs/tcp-workload-matrix-v1/A08-baseline/build/tcp_request_response_irq.o,
by_pc,2147495042,3,63,126,129,3,3,24,0,33,on_recv,/Users/swchen.tw/git/percepio/poc/runs/tcp-workload-matrix-v1/A08-baseline/build/tcp_request_response_irq.o,
by_pc,2147495044,3,63,126,129,3,3,24,0,33,on_recv,/Users/swchen.tw/git/percepio/poc/runs/tcp-workload-matrix-v1/A08-baseline/build/tcp_request_response_irq.o,
by_pc,2147495046,3,63,126,129,3,3,24,0,33,on_recv,/Users/swchen.tw/git/percepio/poc/runs/tcp-workload-matrix-v1/A08-baseline/build/tcp_request_response_irq.o,
by_pc,2147495048,3,63,126,129,3,3,24,0,33,on_recv,/Users/swchen.tw/git/percepio/poc/runs/tcp-workload-matrix-v1/A08-baseline/build/tcp_request_response_irq.o,
by_pc,2147495050,3,63,126,129,3,3,24,0,33,on_recv,/Users/swchen.tw/git/percepio/poc/runs/tcp-workload-matrix-v1/A08-baseline/build/tcp_request_response_irq.o,
by_pc,2147495052,3,63,126,129,3,3,24,0,33,on_recv,/Users/swchen.tw/git/percepio/poc/runs/tcp-workload-matrix-v1/A08-baseline/build/tcp_request_response_irq.o,
by_pc,2147495054,3,63,126,129,3,3,24,0,33,on_recv,/Users/swchen.tw/git/percepio/poc/runs/tcp-workload-matrix-v1/A08-baseline/build/tcp_request_response_irq.o,
by_pc,2147495056,3,63,126,129,3,3,24,0,33,on_recv,/Users/swchen.tw/git/percepio/poc/runs/tcp-workload-matrix-v1/A08-baseline/build/tcp_request_response_irq.o,
by_pc,2147495058,3,63,126,129,3,3,24,0,33,on_recv,/Users/swchen.tw/git/percepio/poc/runs/tcp-workload-matrix-v1/A08-baseline/build/tcp_request_response_irq.o,
by_pc,2147495060,3,3,6,9,3,0,0,0,0,on_recv,/Users/swchen.tw/git/percepio/poc/runs/tcp-workload-matrix-v1/A08-baseline/build/tcp_request_response_irq.o,
by_pc,2147495062,3,3,6,9,3,0,0,0,0,on_recv,/Users/swchen.tw/git/percepio/poc/runs/tcp-workload-matrix-v1/A08-baseline/build/tcp_request_response_irq.o,
by_pc,2147495064,3,3,6,9,3,0,0,0,0,on_recv,/Users/swchen.tw/git/percepio/poc/runs/tcp-workload-matrix-v1/A08-baseline/build/tcp_request_response_irq.o,
by_pc,2147495082,3,3,6,9,3,0,0,0,0,on_recv,/Users/swchen.tw/git/percepio/poc/runs/tcp-workload-matrix-v1/A08-baseline/build/tcp_request_response_irq.o,
by_pc,2147495114,2,56,112,114,2,2,16,36,0,on_recv,/Users/swchen.tw/git/percepio/poc/runs/tcp-workload-matrix-v1/A08-baseline/build/tcp_request_response_irq.o,
by_pc,2147495118,2,2,4,6,2,0,0,0,0,on_recv,/Users/swchen.tw/git/percepio/poc/runs/tcp-workload-matrix-v1/A08-baseline/build/tcp_request_response_irq.o,
by_pc,2147495122,2,2,4,6,2,0,0,0,0,on_recv,/Users/swchen.tw/git/percepio/poc/runs/tcp-workload-matrix-v1/A08-baseline/build/tcp_request_response_irq.o,
by_pc,2147495142,2,2,4,6,2,0,0,0,0,on_recv,/Users/swchen.tw/git/percepio/poc/runs/tcp-workload-matrix-v1/A08-baseline/build/tcp_request_response_irq.o,
by_pc,2147495146,2,4,8,10,2,2,0,0,0,on_recv,/Users/swchen.tw/git/percepio/poc/runs/tcp-workload-matrix-v1/A08-baseline/build/tcp_request_response_irq.o,
by_pc,2147495150,2,2,4,6,2,0,0,0,0,on_recv,/Users/swchen.tw/git/percepio/poc/runs/tcp-workload-matrix-v1/A08-baseline/build/tcp_request_response_irq.o,
by_pc,2147495152,2,2,4,6,2,0,0,0,0,on_recv,/Users/swchen.tw/git/percepio/poc/runs/tcp-workload-matrix-v1/A08-baseline/build/tcp_request_response_irq.o,
by_pc,2147495172,2,36,72,74,2,0,16,18,0,on_recv,/Users/swchen.tw/git/percepio/poc/runs/tcp-workload-matrix-v1/A08-baseline/build/tcp_request_response_irq.o,
by_pc,2147495174,2,2,4,6,2,0,0,0,0,on_recv,/Users/swchen.tw/git/percepio/poc/runs/tcp-workload-matrix-v1/A08-baseline/build/tcp_request_response_irq.o,
by_pc,2147495176,2,2,4,6,2,0,0,0,0,on_recv,/Users/swchen.tw/git/percepio/poc/runs/tcp-workload-matrix-v1/A08-baseline/build/tcp_request_response_irq.o,
by_pc,2147495180,2,2,4,6,2,0,0,0,0,on_recv,/Users/swchen.tw/git/percepio/poc/runs/tcp-workload-matrix-v1/A08-baseline/build/tcp_request_response_irq.o,
by_pc,2147495184,2,2,4,6,2,0,0,0,0,on_recv,/Users/swchen.tw/git/percepio/poc/runs/tcp-workload-matrix-v1/A08-baseline/build/tcp_request_response_irq.o,
by_pc,2147495188,2,2,4,6,2,0,0,0,0,on_recv,/Users/swchen.tw/git/percepio/poc/runs/tcp-workload-matrix-v1/A08-baseline/build/tcp_request_response_irq.o,
by_pc,2147495192,2,2,4,6,2,0,0,0,0,on_recv,/Users/swchen.tw/git/percepio/poc/runs/tcp-workload-matrix-v1/A08-baseline/build/tcp_request_response_irq.o,
by_pc,2147495196,2,2,4,6,2,0,0,0,0,on_recv,/Users/swchen.tw/git/percepio/poc/runs/tcp-workload-matrix-v1/A08-baseline/build/tcp_request_response_irq.o,
by_pc,2147495200,2,4,8,10,2,2,0,0,0,on_recv,/Users/swchen.tw/git/percepio/poc/runs/tcp-workload-matrix-v1/A08-baseline/build/tcp_request_response_irq.o,
by_pc,2147495204,2,4,8,10,2,2,0,0,0,on_recv,/Users/swchen.tw/git/percepio/poc/runs/tcp-workload-matrix-v1/A08-baseline/build/tcp_request_response_irq.o,
by_pc,2147495208,2,2,4,6,2,0,0,0,0,on_recv,/Users/swchen.tw/git/percepio/poc/runs/tcp-workload-matrix-v1/A08-baseline/build/tcp_request_response_irq.o,
by_pc,2147495210,2,2,4,6,2,0,0,0,0,on_recv,/Users/swchen.tw/git/percepio/poc/runs/tcp-workload-matrix-v1/A08-baseline/build/tcp_request_response_irq.o,
by_pc,2147495212,2,2,4,6,2,0,0,0,0,on_recv,/Users/swchen.tw/git/percepio/poc/runs/tcp-workload-matrix-v1/A08-baseline/build/tcp_request_response_irq.o,
by_pc,2147495214,2,2,4,6,2,0,0,0,0,on_recv,/Users/swchen.tw/git/percepio/poc/runs/tcp-workload-matrix-v1/A08-baseline/build/tcp_request_response_irq.o,
by_pc,2147495218,2,78,156,158,2,2,16,36,22,on_recv,/Users/swchen.tw/git/percepio/poc/runs/tcp-workload-matrix-v1/A08-baseline/build/tcp_request_response_irq.o,
by_pc,2147495220,2,4,8,10,2,2,0,0,0,on_recv,/Users/swchen.tw/git/percepio/poc/runs/tcp-workload-matrix-v1/A08-baseline/build/tcp_request_response_irq.o,
by_pc,2147495224,2,2,4,6,2,0,0,0,0,on_recv,/Users/swchen.tw/git/percepio/poc/runs/tcp-workload-matrix-v1/A08-baseline/build/tcp_request_response_irq.o,
by_pc,2147495228,2,2,4,6,2,0,0,0,0,on_recv,/Users/swchen.tw/git/percepio/poc/runs/tcp-workload-matrix-v1/A08-baseline/build/tcp_request_response_irq.o,
by_pc,2147495230,2,78,156,158,2,2,16,36,22,on_recv,/Users/swchen.tw/git/percepio/poc/runs/tcp-workload-matrix-v1/A08-baseline/build/tcp_request_response_irq.o,
by_pc,2147495232,2,38,76,78,2,2,16,18,0,on_recv,/Users/swchen.tw/git/percepio/poc/runs/tcp-workload-matrix-v1/A08-baseline/build/tcp_request_response_irq.o,
by_pc,2147495234,2,4,8,10,2,2,0,0,0,on_recv,/Users/swchen.tw/git/percepio/poc/runs/tcp-workload-matrix-v1/A08-baseline/build/tcp_request_response_irq.o,
by_pc,2147495236,2,2,4,6,2,0,0,0,0,on_recv,/Users/swchen.tw/git/percepio/poc/runs/tcp-workload-matrix-v1/A08-baseline/build/tcp_request_response_irq.o,
by_pc,2147495238,2,78,156,158,2,2,16,36,22,on_recv,/Users/swchen.tw/git/percepio/poc/runs/tcp-workload-matrix-v1/A08-baseline/build/tcp_request_response_irq.o,
by_pc,2147495240,2,2,4,6,2,0,0,0,0,on_recv,/Users/swchen.tw/git/percepio/poc/runs/tcp-workload-matrix-v1/A08-baseline/build/tcp_request_response_irq.o,
by_pc,2147495260,2,2,4,6,2,0,0,0,0,on_recv,/Users/swchen.tw/git/percepio/poc/runs/tcp-workload-matrix-v1/A08-baseline/build/tcp_request_response_irq.o,
by_pc,2147495262,2,2,4,6,2,0,0,0,0,on_recv,/Users/swchen.tw/git/percepio/poc/runs/tcp-workload-matrix-v1/A08-baseline/build/tcp_request_response_irq.o,
by_pc,2147495282,2,2,4,6,2,0,0,0,0,on_recv,/Users/swchen.tw/git/percepio/poc/runs/tcp-workload-matrix-v1/A08-baseline/build/tcp_request_response_irq.o,
by_pc,2147495284,2,2,4,6,2,0,0,0,0,on_recv,/Users/swchen.tw/git/percepio/poc/runs/tcp-workload-matrix-v1/A08-baseline/build/tcp_request_response_irq.o,
by_pc,2147495288,2920,2920,5840,8760,2920,0,0,0,0,on_recv,/Users/swchen.tw/git/percepio/poc/runs/tcp-workload-matrix-v1/A08-baseline/build/tcp_request_response_irq.o,
by_pc,2147495292,2920,2920,5840,8760,2920,0,0,0,0,on_recv,/Users/swchen.tw/git/percepio/poc/runs/tcp-workload-matrix-v1/A08-baseline/build/tcp_request_response_irq.o,
by_pc,2147495294,2920,2920,5840,8760,2920,0,0,0,0,on_recv,/Users/swchen.tw/git/percepio/poc/runs/tcp-workload-matrix-v1/A08-baseline/build/tcp_request_response_irq.o,
by_pc,2147495296,2920,2972,5944,8864,2920,0,16,36,0,on_recv,/Users/swchen.tw/git/percepio/poc/runs/tcp-workload-matrix-v1/A08-baseline/build/tcp_request_response_irq.o,
by_pc,2147502642,2920,2920,5840,8760,2920,0,0,0,0,pbuf_get_at,/Users/swchen.tw/git/percepio/poc/runs/tcp-workload-matrix-v1/A08-baseline/build/pbuf.o,
by_pc,2147502644,2920,61320,122640,125560,2920,2920,23360,0,32120,pbuf_get_at,/Users/swchen.tw/git/percepio/poc/runs/tcp-workload-matrix-v1/A08-baseline/build/pbuf.o,
by_pc,2147502646,2920,2920,5840,8760,2920,0,0,0,0,pbuf_get_at,/Users/swchen.tw/git/percepio/poc/runs/tcp-workload-matrix-v1/A08-baseline/build/pbuf.o,
by_pc,2147502608,2920,2920,5840,8760,2920,0,0,0,0,pbuf_try_get_at,/Users/swchen.tw/git/percepio/poc/runs/tcp-workload-matrix-v1/A08-baseline/build/pbuf.o,
by_pc,2147502610,2920,5840,11680,14600,2920,2920,0,0,0,pbuf_try_get_at,/Users/swchen.tw/git/percepio/poc/runs/tcp-workload-matrix-v1/A08-baseline/build/pbuf.o,
by_pc,2147502614,2920,2920,5840,8760,2920,0,0,0,0,pbuf_try_get_at,/Users/swchen.tw/git/percepio/poc/runs/tcp-workload-matrix-v1/A08-baseline/build/pbuf.o,
by_pc,2147502618,2920,5840,11680,14600,2920,2920,0,0,0,pbuf_try_get_at,/Users/swchen.tw/git/percepio/poc/runs/tcp-workload-matrix-v1/A08-baseline/build/pbuf.o,
by_pc,2147502620,2920,2920,5840,8760,2920,0,0,0,0,pbuf_try_get_at,/Users/swchen.tw/git/percepio/poc/runs/tcp-workload-matrix-v1/A08-baseline/build/pbuf.o,
by_pc,2147502622,2920,5840,11680,14600,2920,2920,0,0,0,pbuf_try_get_at,/Users/swchen.tw/git/percepio/poc/runs/tcp-workload-matrix-v1/A08-baseline/build/pbuf.o,
by_pc,2147502626,2920,2920,5840,8760,2920,0,0,0,0,pbuf_try_get_at,/Users/swchen.tw/git/percepio/poc/runs/tcp-workload-matrix-v1/A08-baseline/build/pbuf.o,
by_pc,2147502650,2920,5840,11680,14600,2920,2920,0,0,0,pbuf_get_at,/Users/swchen.tw/git/percepio/poc/runs/tcp-workload-matrix-v1/A08-baseline/build/pbuf.o,
by_pc,2147502652,2920,2920,5840,8760,2920,0,0,0,0,pbuf_get_at,/Users/swchen.tw/git/percepio/poc/runs/tcp-workload-matrix-v1/A08-baseline/build/pbuf.o,
by_pc,2147502656,2920,2954,5908,8828,2920,0,16,18,0,pbuf_get_at,/Users/swchen.tw/git/percepio/poc/runs/tcp-workload-matrix-v1/A08-baseline/build/pbuf.o,
by_pc,2147502658,2920,2920,5840,8760,2920,0,0,0,0,pbuf_get_at,/Users/swchen.tw/git/percepio/poc/runs/tcp-workload-matrix-v1/A08-baseline/build/pbuf.o,
by_pc,2147502660,2920,2920,5840,8760,2920,0,0,0,0,pbuf_get_at,/Users/swchen.tw/git/percepio/poc/runs/tcp-workload-matrix-v1/A08-baseline/build/pbuf.o,
by_pc,2147502664,2920,2920,5840,8760,2920,0,0,0,0,pbuf_get_at,/Users/swchen.tw/git/percepio/poc/runs/tcp-workload-matrix-v1/A08-baseline/build/pbuf.o,
by_pc,2147502666,2920,2920,5840,8760,2920,0,0,0,0,pbuf_get_at,/Users/swchen.tw/git/percepio/poc/runs/tcp-workload-matrix-v1/A08-baseline/build/pbuf.o,
by_pc,2147495300,2920,5840,11680,14600,2920,2920,0,0,0,on_recv,/Users/swchen.tw/git/percepio/poc/runs/tcp-workload-matrix-v1/A08-baseline/build/tcp_request_response_irq.o,
by_pc,2147495304,2920,2920,5840,8760,2920,0,0,0,0,on_recv,/Users/swchen.tw/git/percepio/poc/runs/tcp-workload-matrix-v1/A08-baseline/build/tcp_request_response_irq.o,
by_pc,2147495306,2920,2920,5840,8760,2920,0,0,0,0,on_recv,/Users/swchen.tw/git/percepio/poc/runs/tcp-workload-matrix-v1/A08-baseline/build/tcp_request_response_irq.o,
by_pc,2147495310,2920,2920,5840,8760,2920,0,0,0,0,on_recv,/Users/swchen.tw/git/percepio/poc/runs/tcp-workload-matrix-v1/A08-baseline/build/tcp_request_response_irq.o,
by_pc,2147495330,2920,2920,5840,8760,2920,0,0,0,0,on_recv,/Users/swchen.tw/git/percepio/poc/runs/tcp-workload-matrix-v1/A08-baseline/build/tcp_request_response_irq.o,
by_pc,2147495332,2920,2920,5840,8760,2920,0,0,0,0,on_recv,/Users/swchen.tw/git/percepio/poc/runs/tcp-workload-matrix-v1/A08-baseline/build/tcp_request_response_irq.o,
by_pc,2147495336,2,2,4,6,2,0,0,0,0,on_recv,/Users/swchen.tw/git/percepio/poc/runs/tcp-workload-matrix-v1/A08-baseline/build/tcp_request_response_irq.o,
by_pc,2147495340,2,4,8,10,2,2,0,0,0,on_recv,/Users/swchen.tw/git/percepio/poc/runs/tcp-workload-matrix-v1/A08-baseline/build/tcp_request_response_irq.o,
by_pc,2147495342,2,4,8,10,2,2,0,0,0,on_recv,/Users/swchen.tw/git/percepio/poc/runs/tcp-workload-matrix-v1/A08-baseline/build/tcp_request_response_irq.o,
by_pc,2147495346,2,2,4,6,2,0,0,0,0,on_recv,/Users/swchen.tw/git/percepio/poc/runs/tcp-workload-matrix-v1/A08-baseline/build/tcp_request_response_irq.o,
by_pc,2147495348,2,2,4,6,2,0,0,0,0,on_recv,/Users/swchen.tw/git/percepio/poc/runs/tcp-workload-matrix-v1/A08-baseline/build/tcp_request_response_irq.o,
by_pc,2147495350,2,42,84,86,2,2,16,0,22,on_recv,/Users/swchen.tw/git/percepio/poc/runs/tcp-workload-matrix-v1/A08-baseline/build/tcp_request_response_irq.o,
by_pc,2147495352,2,2,4,6,2,0,0,0,0,on_recv,/Users/swchen.tw/git/percepio/poc/runs/tcp-workload-matrix-v1/A08-baseline/build/tcp_request_response_irq.o,
by_pc,2147503246,2,2,4,6,2,0,0,0,0,tcp_recved,/Users/swchen.tw/git/percepio/poc/runs/tcp-workload-matrix-v1/A08-baseline/build/tcp.o,
by_pc,2147503248,2,2,4,6,2,0,0,0,0,tcp_recved,/Users/swchen.tw/git/percepio/poc/runs/tcp-workload-matrix-v1/A08-baseline/build/tcp.o,
by_pc,2147503250,2,42,84,86,2,2,16,0,22,tcp_recved,/Users/swchen.tw/git/percepio/poc/runs/tcp-workload-matrix-v1/A08-baseline/build/tcp.o,
by_pc,2147503252,2,42,84,86,2,2,16,0,22,tcp_recved,/Users/swchen.tw/git/percepio/poc/runs/tcp-workload-matrix-v1/A08-baseline/build/tcp.o,
by_pc,2147503254,2,4,8,10,2,2,0,0,0,tcp_recved,/Users/swchen.tw/git/percepio/poc/runs/tcp-workload-matrix-v1/A08-baseline/build/tcp.o,
by_pc,2147503258,2,2,4,6,2,0,0,0,0,tcp_recved,/Users/swchen.tw/git/percepio/poc/runs/tcp-workload-matrix-v1/A08-baseline/build/tcp.o,
by_pc,2147503260,2,2,4,6,2,0,0,0,0,tcp_recved,/Users/swchen.tw/git/percepio/poc/runs/tcp-workload-matrix-v1/A08-baseline/build/tcp.o,
by_pc,2147503262,2,2,4,6,2,0,0,0,0,tcp_recved,/Users/swchen.tw/git/percepio/poc/runs/tcp-workload-matrix-v1/A08-baseline/build/tcp.o,
by_pc,2147503264,2,2,4,6,2,0,0,0,0,tcp_recved,/Users/swchen.tw/git/percepio/poc/runs/tcp-workload-matrix-v1/A08-baseline/build/tcp.o,
by_pc,2147503268,2,2,4,6,2,0,0,0,0,tcp_recved,/Users/swchen.tw/git/percepio/poc/runs/tcp-workload-matrix-v1/A08-baseline/build/tcp.o,
by_pc,2147503270,2,2,4,6,2,0,0,0,0,tcp_recved,/Users/swchen.tw/git/percepio/poc/runs/tcp-workload-matrix-v1/A08-baseline/build/tcp.o,
by_pc,2147503274,2,2,4,6,2,0,0,0,0,tcp_recved,/Users/swchen.tw/git/percepio/poc/runs/tcp-workload-matrix-v1/A08-baseline/build/tcp.o,
by_pc,2147503284,2,42,84,86,2,2,16,0,22,tcp_recved,/Users/swchen.tw/git/percepio/poc/runs/tcp-workload-matrix-v1/A08-baseline/build/tcp.o,
by_pc,2147503288,2,2,4,6,2,0,0,0,0,tcp_recved,/Users/swchen.tw/git/percepio/poc/runs/tcp-workload-matrix-v1/A08-baseline/build/tcp.o,
by_pc,2147503290,2,2,4,6,2,0,0,0,0,tcp_recved,/Users/swchen.tw/git/percepio/poc/runs/tcp-workload-matrix-v1/A08-baseline/build/tcp.o,
by_pc,2147503294,2,20,40,42,4,0,16,0,0,tcp_recved,/Users/swchen.tw/git/percepio/poc/runs/tcp-workload-matrix-v1/A08-baseline/build/tcp.o,
by_pc,2147503298,2,2,4,6,2,0,0,0,0,tcp_recved,/Users/swchen.tw/git/percepio/poc/runs/tcp-workload-matrix-v1/A08-baseline/build/tcp.o,
by_pc,2147503302,2,4,8,10,2,2,0,0,0,tcp_recved,/Users/swchen.tw/git/percepio/poc/runs/tcp-workload-matrix-v1/A08-baseline/build/tcp.o,
by_pc,2147503306,2,2,4,6,2,0,0,0,0,tcp_recved,/Users/swchen.tw/git/percepio/poc/runs/tcp-workload-matrix-v1/A08-baseline/build/tcp.o,
by_pc,2147503308,2,2,4,6,2,0,0,0,0,tcp_recved,/Users/swchen.tw/git/percepio/poc/runs/tcp-workload-matrix-v1/A08-baseline/build/tcp.o,
by_pc,2147503312,2,42,84,86,2,2,16,0,22,tcp_recved,/Users/swchen.tw/git/percepio/poc/runs/tcp-workload-matrix-v1/A08-baseline/build/tcp.o,
by_pc,2147503316,2,4,8,10,2,2,0,0,0,tcp_recved,/Users/swchen.tw/git/percepio/poc/runs/tcp-workload-matrix-v1/A08-baseline/build/tcp.o,
by_pc,2147503318,2,4,8,10,2,2,0,0,0,tcp_recved,/Users/swchen.tw/git/percepio/poc/runs/tcp-workload-matrix-v1/A08-baseline/build/tcp.o,
by_pc,2147503320,2,2,4,6,2,0,0,0,0,tcp_recved,/Users/swchen.tw/git/percepio/poc/runs/tcp-workload-matrix-v1/A08-baseline/build/tcp.o,
by_pc,2147503322,2,2,4,6,2,0,0,0,0,tcp_recved,/Users/swchen.tw/git/percepio/poc/runs/tcp-workload-matrix-v1/A08-baseline/build/tcp.o,
by_pc,2147516458,2,54,108,110,2,0,16,36,0,tcp_output,/Users/swchen.tw/git/percepio/poc/runs/tcp-workload-matrix-v1/A08-baseline/build/tcp_out.o,
by_pc,2147516460,2,2,4,6,2,0,0,0,0,tcp_output,/Users/swchen.tw/git/percepio/poc/runs/tcp-workload-matrix-v1/A08-baseline/build/tcp_out.o,
by_pc,2147495356,2,2,4,6,2,0,0,0,0,on_recv,/Users/swchen.tw/git/percepio/poc/runs/tcp-workload-matrix-v1/A08-baseline/build/tcp_request_response_irq.o,
by_pc,2147495358,2,20,40,42,4,0,16,0,0,on_recv,/Users/swchen.tw/git/percepio/poc/runs/tcp-workload-matrix-v1/A08-baseline/build/tcp_request_response_irq.o,
by_pc,2147495362,2,2,4,6,2,0,0,0,0,on_recv,/Users/swchen.tw/git/percepio/poc/runs/tcp-workload-matrix-v1/A08-baseline/build/tcp_request_response_irq.o,
by_pc,2147495090,3,6,12,15,3,3,0,0,0,on_recv,/Users/swchen.tw/git/percepio/poc/runs/tcp-workload-matrix-v1/A08-baseline/build/tcp_request_response_irq.o,
by_pc,2147495092,3,6,12,15,3,3,0,0,0,on_recv,/Users/swchen.tw/git/percepio/poc/runs/tcp-workload-matrix-v1/A08-baseline/build/tcp_request_response_irq.o,
by_pc,2147495094,3,6,12,15,3,3,0,0,0,on_recv,/Users/swchen.tw/git/percepio/poc/runs/tcp-workload-matrix-v1/A08-baseline/build/tcp_request_response_irq.o,
by_pc,2147495096,3,6,12,15,3,3,0,0,0,on_recv,/Users/swchen.tw/git/percepio/poc/runs/tcp-workload-matrix-v1/A08-baseline/build/tcp_request_response_irq.o,
by_pc,2147495098,3,6,12,15,3,3,0,0,0,on_recv,/Users/swchen.tw/git/percepio/poc/runs/tcp-workload-matrix-v1/A08-baseline/build/tcp_request_response_irq.o,
by_pc,2147495100,3,6,12,15,3,3,0,0,0,on_recv,/Users/swchen.tw/git/percepio/poc/runs/tcp-workload-matrix-v1/A08-baseline/build/tcp_request_response_irq.o,
by_pc,2147495102,3,6,12,15,3,3,0,0,0,on_recv,/Users/swchen.tw/git/percepio/poc/runs/tcp-workload-matrix-v1/A08-baseline/build/tcp_request_response_irq.o,
by_pc,2147495104,3,14,28,31,3,3,8,0,0,on_recv,/Users/swchen.tw/git/percepio/poc/runs/tcp-workload-matrix-v1/A08-baseline/build/tcp_request_response_irq.o,
by_pc,2147495106,3,6,12,15,3,3,0,0,0,on_recv,/Users/swchen.tw/git/percepio/poc/runs/tcp-workload-matrix-v1/A08-baseline/build/tcp_request_response_irq.o,
by_pc,2147495108,3,3,6,9,3,0,0,0,0,on_recv,/Users/swchen.tw/git/percepio/poc/runs/tcp-workload-matrix-v1/A08-baseline/build/tcp_request_response_irq.o,
by_pc,2147495110,3,3,6,9,3,0,0,0,0,on_recv,/Users/swchen.tw/git/percepio/poc/runs/tcp-workload-matrix-v1/A08-baseline/build/tcp_request_response_irq.o,
by_pc,2147495112,3,3,6,9,3,0,0,0,0,on_recv,/Users/swchen.tw/git/percepio/poc/runs/tcp-workload-matrix-v1/A08-baseline/build/tcp_request_response_irq.o,
by_pc,2147512186,2,2,4,6,2,0,0,0,0,tcp_input,/Users/swchen.tw/git/percepio/poc/runs/tcp-workload-matrix-v1/A08-baseline/build/tcp_in.o,
by_pc,2147512188,2,2,4,6,2,0,0,0,0,tcp_input,/Users/swchen.tw/git/percepio/poc/runs/tcp-workload-matrix-v1/A08-baseline/build/tcp_in.o,
by_pc,2147512192,2,18,36,38,2,0,16,0,0,tcp_input,/Users/swchen.tw/git/percepio/poc/runs/tcp-workload-matrix-v1/A08-baseline/build/tcp_in.o,
by_pc,2147515570,3,48,96,99,3,3,24,18,0,tcp_output,/Users/swchen.tw/git/percepio/poc/runs/tcp-workload-matrix-v1/A08-baseline/build/tcp_out.o,
by_pc,2147515572,3,6,12,15,3,3,0,0,0,tcp_output,/Users/swchen.tw/git/percepio/poc/runs/tcp-workload-matrix-v1/A08-baseline/build/tcp_out.o,
by_pc,2147515574,3,6,12,15,3,3,0,0,0,tcp_output,/Users/swchen.tw/git/percepio/poc/runs/tcp-workload-matrix-v1/A08-baseline/build/tcp_out.o,
by_pc,2147515576,3,6,12,15,3,3,0,0,0,tcp_output,/Users/swchen.tw/git/percepio/poc/runs/tcp-workload-matrix-v1/A08-baseline/build/tcp_out.o,
by_pc,2147515578,3,6,12,15,3,3,0,0,0,tcp_output,/Users/swchen.tw/git/percepio/poc/runs/tcp-workload-matrix-v1/A08-baseline/build/tcp_out.o,
by_pc,2147515580,3,6,12,15,3,3,0,0,0,tcp_output,/Users/swchen.tw/git/percepio/poc/runs/tcp-workload-matrix-v1/A08-baseline/build/tcp_out.o,
by_pc,2147515582,3,6,12,15,3,3,0,0,0,tcp_output,/Users/swchen.tw/git/percepio/poc/runs/tcp-workload-matrix-v1/A08-baseline/build/tcp_out.o,
by_pc,2147515584,3,30,60,63,3,3,24,0,0,tcp_output,/Users/swchen.tw/git/percepio/poc/runs/tcp-workload-matrix-v1/A08-baseline/build/tcp_out.o,
by_pc,2147515586,3,6,12,15,3,3,0,0,0,tcp_output,/Users/swchen.tw/git/percepio/poc/runs/tcp-workload-matrix-v1/A08-baseline/build/tcp_out.o,
by_pc,2147515588,3,6,12,15,3,3,0,0,0,tcp_output,/Users/swchen.tw/git/percepio/poc/runs/tcp-workload-matrix-v1/A08-baseline/build/tcp_out.o,
by_pc,2147515590,3,6,12,15,3,3,0,0,0,tcp_output,/Users/swchen.tw/git/percepio/poc/runs/tcp-workload-matrix-v1/A08-baseline/build/tcp_out.o,
by_pc,2147515592,3,6,12,15,3,3,0,0,0,tcp_output,/Users/swchen.tw/git/percepio/poc/runs/tcp-workload-matrix-v1/A08-baseline/build/tcp_out.o,
by_pc,2147515594,3,3,6,9,3,0,0,0,0,tcp_output,/Users/swchen.tw/git/percepio/poc/runs/tcp-workload-matrix-v1/A08-baseline/build/tcp_out.o,
by_pc,2147515596,3,3,6,9,3,0,0,0,0,tcp_output,/Users/swchen.tw/git/percepio/poc/runs/tcp-workload-matrix-v1/A08-baseline/build/tcp_out.o,
by_pc,2147515266,3,45,90,93,3,0,24,18,0,tcp_send_empty_ack,/Users/swchen.tw/git/percepio/poc/runs/tcp-workload-matrix-v1/A08-baseline/build/tcp_out.o,
by_pc,2147515268,3,63,126,129,3,3,24,0,33,tcp_send_empty_ack,/Users/swchen.tw/git/percepio/poc/runs/tcp-workload-matrix-v1/A08-baseline/build/tcp_out.o,
by_pc,2147515270,3,63,126,129,3,3,24,0,33,tcp_send_empty_ack,/Users/swchen.tw/git/percepio/poc/runs/tcp-workload-matrix-v1/A08-baseline/build/tcp_out.o,
by_pc,2147515272,3,3,6,9,3,0,0,0,0,tcp_send_empty_ack,/Users/swchen.tw/git/percepio/poc/runs/tcp-workload-matrix-v1/A08-baseline/build/tcp_out.o,
by_pc,2147515274,3,6,12,15,3,3,0,0,0,tcp_send_empty_ack,/Users/swchen.tw/git/percepio/poc/runs/tcp-workload-matrix-v1/A08-baseline/build/tcp_out.o,
by_pc,2147515276,3,3,6,9,3,0,0,0,0,tcp_send_empty_ack,/Users/swchen.tw/git/percepio/poc/runs/tcp-workload-matrix-v1/A08-baseline/build/tcp_out.o,
by_pc,2147515280,3,3,6,9,3,0,0,0,0,tcp_send_empty_ack,/Users/swchen.tw/git/percepio/poc/runs/tcp-workload-matrix-v1/A08-baseline/build/tcp_out.o,
by_pc,2147515282,3,3,6,9,3,0,0,0,0,tcp_send_empty_ack,/Users/swchen.tw/git/percepio/poc/runs/tcp-workload-matrix-v1/A08-baseline/build/tcp_out.o,
by_pc,2147515284,3,3,6,9,3,0,0,0,0,tcp_send_empty_ack,/Users/swchen.tw/git/percepio/poc/runs/tcp-workload-matrix-v1/A08-baseline/build/tcp_out.o,
by_pc,2147515286,3,3,6,9,3,0,0,0,0,tcp_send_empty_ack,/Users/swchen.tw/git/percepio/poc/runs/tcp-workload-matrix-v1/A08-baseline/build/tcp_out.o,
by_pc,2147512946,3,45,90,93,3,0,24,18,0,tcp_output_alloc_header.constprop.0,/Users/swchen.tw/git/percepio/poc/runs/tcp-workload-matrix-v1/A08-baseline/build/tcp_out.o,
by_pc,2147512948,3,63,126,129,3,3,24,0,33,tcp_output_alloc_header.constprop.0,/Users/swchen.tw/git/percepio/poc/runs/tcp-workload-matrix-v1/A08-baseline/build/tcp_out.o,
by_pc,2147512950,3,63,126,129,3,3,24,0,33,tcp_output_alloc_header.constprop.0,/Users/swchen.tw/git/percepio/poc/runs/tcp-workload-matrix-v1/A08-baseline/build/tcp_out.o,
by_pc,2147512952,3,6,12,15,3,3,0,0,0,tcp_output_alloc_header.constprop.0,/Users/swchen.tw/git/percepio/poc/runs/tcp-workload-matrix-v1/A08-baseline/build/tcp_out.o,
by_pc,2147512956,3,6,12,15,3,3,0,0,0,tcp_output_alloc_header.constprop.0,/Users/swchen.tw/git/percepio/poc/runs/tcp-workload-matrix-v1/A08-baseline/build/tcp_out.o,
by_pc,2147512960,3,48,96,99,3,3,24,18,0,tcp_output_alloc_header.constprop.0,/Users/swchen.tw/git/percepio/poc/runs/tcp-workload-matrix-v1/A08-baseline/build/tcp_out.o,
by_pc,2147512964,3,3,6,9,3,0,0,0,0,tcp_output_alloc_header.constprop.0,/Users/swchen.tw/git/percepio/poc/runs/tcp-workload-matrix-v1/A08-baseline/build/tcp_out.o,
by_pc,2147512966,3,6,12,15,3,3,0,0,0,tcp_output_alloc_header.constprop.0,/Users/swchen.tw/git/percepio/poc/runs/tcp-workload-matrix-v1/A08-baseline/build/tcp_out.o,
by_pc,2147512968,3,3,6,9,3,0,0,0,0,tcp_output_alloc_header.constprop.0,/Users/swchen.tw/git/percepio/poc/runs/tcp-workload-matrix-v1/A08-baseline/build/tcp_out.o,
by_pc,2147512970,3,3,6,9,3,0,0,0,0,tcp_output_alloc_header.constprop.0,/Users/swchen.tw/git/percepio/poc/runs/tcp-workload-matrix-v1/A08-baseline/build/tcp_out.o,
by_pc,2147512728,3,63,126,129,3,0,24,36,0,tcp_output_alloc_header_common.constprop.0,/Users/swchen.tw/git/percepio/poc/runs/tcp-workload-matrix-v1/A08-baseline/build/tcp_out.o,
by_pc,2147512730,3,3,6,9,3,0,0,0,0,tcp_output_alloc_header_common.constprop.0,/Users/swchen.tw/git/percepio/poc/runs/tcp-workload-matrix-v1/A08-baseline/build/tcp_out.o,
by_pc,2147512732,3,3,6,9,3,0,0,0,0,tcp_output_alloc_header_common.constprop.0,/Users/swchen.tw/git/percepio/poc/runs/tcp-workload-matrix-v1/A08-baseline/build/tcp_out.o,
by_pc,2147512734,3,63,126,129,3,3,24,0,33,tcp_output_alloc_header_common.constprop.0,/Users/swchen.tw/git/percepio/poc/runs/tcp-workload-matrix-v1/A08-baseline/build/tcp_out.o,
by_pc,2147512736,3,63,126,129,3,3,24,0,33,tcp_output_alloc_header_common.constprop.0,/Users/swchen.tw/git/percepio/poc/runs/tcp-workload-matrix-v1/A08-baseline/build/tcp_out.o,
by_pc,2147512738,3,3,6,9,3,0,0,0,0,tcp_output_alloc_header_common.constprop.0,/Users/swchen.tw/git/percepio/poc/runs/tcp-workload-matrix-v1/A08-baseline/build/tcp_out.o,
by_pc,2147512740,3,3,6,9,3,0,0,0,0,tcp_output_alloc_header_common.constprop.0,/Users/swchen.tw/git/percepio/poc/runs/tcp-workload-matrix-v1/A08-baseline/build/tcp_out.o,
by_pc,2147512742,3,3,6,9,3,0,0,0,0,tcp_output_alloc_header_common.constprop.0,/Users/swchen.tw/git/percepio/poc/runs/tcp-workload-matrix-v1/A08-baseline/build/tcp_out.o,
by_pc,2147512746,3,3,6,9,3,0,0,0,0,tcp_output_alloc_header_common.constprop.0,/Users/swchen.tw/git/percepio/poc/runs/tcp-workload-matrix-v1/A08-baseline/build/tcp_out.o,
by_pc,2147512748,3,3,6,9,3,0,0,0,0,tcp_output_alloc_header_common.constprop.0,/Users/swchen.tw/git/percepio/poc/runs/tcp-workload-matrix-v1/A08-baseline/build/tcp_out.o,
by_pc,2147512752,3,63,126,129,3,3,24,0,33,tcp_output_alloc_header_common.constprop.0,/Users/swchen.tw/git/percepio/poc/runs/tcp-workload-matrix-v1/A08-baseline/build/tcp_out.o,
by_pc,2147512754,3,63,126,129,3,3,24,0,33,tcp_output_alloc_header_common.constprop.0,/Users/swchen.tw/git/percepio/poc/runs/tcp-workload-matrix-v1/A08-baseline/build/tcp_out.o,
by_pc,2147512756,3,63,126,129,3,3,24,0,33,tcp_output_alloc_header_common.constprop.0,/Users/swchen.tw/git/percepio/poc/runs/tcp-workload-matrix-v1/A08-baseline/build/tcp_out.o,
by_pc,2147512758,3,63,126,129,3,3,24,0,33,tcp_output_alloc_header_common.constprop.0,/Users/swchen.tw/git/percepio/poc/runs/tcp-workload-matrix-v1/A08-baseline/build/tcp_out.o,
by_pc,2147512760,3,63,126,129,3,3,24,0,33,tcp_output_alloc_header_common.constprop.0,/Users/swchen.tw/git/percepio/poc/runs/tcp-workload-matrix-v1/A08-baseline/build/tcp_out.o,
by_pc,2147512762,3,63,126,129,3,3,24,0,33,tcp_output_alloc_header_common.constprop.0,/Users/swchen.tw/git/percepio/poc/runs/tcp-workload-matrix-v1/A08-baseline/build/tcp_out.o,
by_pc,2147512764,3,63,126,129,3,3,24,0,33,tcp_output_alloc_header_common.constprop.0,/Users/swchen.tw/git/percepio/poc/runs/tcp-workload-matrix-v1/A08-baseline/build/tcp_out.o,
by_pc,2147512766,3,3,6,9,3,0,0,0,0,tcp_output_alloc_header_common.constprop.0,/Users/swchen.tw/git/percepio/poc/runs/tcp-workload-matrix-v1/A08-baseline/build/tcp_out.o,
by_pc,2147512768,3,63,126,129,3,0,24,36,0,tcp_output_alloc_header_common.constprop.0,/Users/swchen.tw/git/percepio/poc/runs/tcp-workload-matrix-v1/A08-baseline/build/tcp_out.o,
by_pc,2147512770,3,3,6,9,3,0,0,0,0,tcp_output_alloc_header_common.constprop.0,/Users/swchen.tw/git/percepio/poc/runs/tcp-workload-matrix-v1/A08-baseline/build/tcp_out.o,
by_pc,2147512772,3,3,6,9,3,0,0,0,0,tcp_output_alloc_header_common.constprop.0,/Users/swchen.tw/git/percepio/poc/runs/tcp-workload-matrix-v1/A08-baseline/build/tcp_out.o,
by_pc,2147512776,3,3,6,9,3,0,0,0,0,tcp_output_alloc_header_common.constprop.0,/Users/swchen.tw/git/percepio/poc/runs/tcp-workload-matrix-v1/A08-baseline/build/tcp_out.o,
by_pc,2147512778,3,3,6,9,3,0,0,0,0,tcp_output_alloc_header_common.constprop.0,/Users/swchen.tw/git/percepio/poc/runs/tcp-workload-matrix-v1/A08-baseline/build/tcp_out.o,
by_pc,2147512780,3,6,12,15,3,3,0,0,0,tcp_output_alloc_header_common.constprop.0,/Users/swchen.tw/git/percepio/poc/runs/tcp-workload-matrix-v1/A08-baseline/build/tcp_out.o,
by_pc,2147512782,3,6,12,15,3,3,0,0,0,tcp_output_alloc_header_common.constprop.0,/Users/swchen.tw/git/percepio/poc/runs/tcp-workload-matrix-v1/A08-baseline/build/tcp_out.o,
by_pc,2147512784,3,3,6,9,3,0,0,0,0,tcp_output_alloc_header_common.constprop.0,/Users/swchen.tw/git/percepio/poc/runs/tcp-workload-matrix-v1/A08-baseline/build/tcp_out.o,
by_pc,2147512788,3,63,126,129,3,3,24,0,33,tcp_output_alloc_header_common.constprop.0,/Users/swchen.tw/git/percepio/poc/runs/tcp-workload-matrix-v1/A08-baseline/build/tcp_out.o,
by_pc,2147512792,3,3,6,9,3,0,0,0,0,tcp_output_alloc_header_common.constprop.0,/Users/swchen.tw/git/percepio/poc/runs/tcp-workload-matrix-v1/A08-baseline/build/tcp_out.o,
by_pc,2147512794,3,63,126,129,3,3,24,0,33,tcp_output_alloc_header_common.constprop.0,/Users/swchen.tw/git/percepio/poc/runs/tcp-workload-matrix-v1/A08-baseline/build/tcp_out.o,
by_pc,2147512798,3,3,6,9,3,0,0,0,0,tcp_output_alloc_header_common.constprop.0,/Users/swchen.tw/git/percepio/poc/runs/tcp-workload-matrix-v1/A08-baseline/build/tcp_out.o,
by_pc,2147512800,3,3,6,9,3,0,0,0,0,tcp_output_alloc_header_common.constprop.0,/Users/swchen.tw/git/percepio/poc/runs/tcp-workload-matrix-v1/A08-baseline/build/tcp_out.o,
by_pc,2147512804,3,3,6,9,3,0,0,0,0,tcp_output_alloc_header_common.constprop.0,/Users/swchen.tw/git/percepio/poc/runs/tcp-workload-matrix-v1/A08-baseline/build/tcp_out.o,
by_pc,2147512808,3,63,126,129,3,3,24,0,33,tcp_output_alloc_header_common.constprop.0,/Users/swchen.tw/git/percepio/poc/runs/tcp-workload-matrix-v1/A08-baseline/build/tcp_out.o,
by_pc,2147512812,3,63,126,129,3,3,24,0,33,tcp_output_alloc_header_common.constprop.0,/Users/swchen.tw/git/percepio/poc/runs/tcp-workload-matrix-v1/A08-baseline/build/tcp_out.o,
by_pc,2147512816,3,3,6,9,3,0,0,0,0,tcp_output_alloc_header_common.constprop.0,/Users/swchen.tw/git/percepio/poc/runs/tcp-workload-matrix-v1/A08-baseline/build/tcp_out.o,
by_pc,2147512818,3,63,126,129,3,3,24,0,33,tcp_output_alloc_header_common.constprop.0,/Users/swchen.tw/git/percepio/poc/runs/tcp-workload-matrix-v1/A08-baseline/build/tcp_out.o,
by_pc,2147512822,3,3,6,9,3,0,0,0,0,tcp_output_alloc_header_common.constprop.0,/Users/swchen.tw/git/percepio/poc/runs/tcp-workload-matrix-v1/A08-baseline/build/tcp_out.o,
by_pc,2147512826,3,3,6,9,3,0,0,0,0,tcp_output_alloc_header_common.constprop.0,/Users/swchen.tw/git/percepio/poc/runs/tcp-workload-matrix-v1/A08-baseline/build/tcp_out.o,
by_pc,2147512828,3,63,126,129,3,3,24,0,33,tcp_output_alloc_header_common.constprop.0,/Users/swchen.tw/git/percepio/poc/runs/tcp-workload-matrix-v1/A08-baseline/build/tcp_out.o,
by_pc,2147512832,3,123,246,249,3,3,48,36,33,tcp_output_alloc_header_common.constprop.0,/Users/swchen.tw/git/percepio/poc/runs/tcp-workload-matrix-v1/A08-baseline/build/tcp_out.o,
by_pc,2147512836,3,63,126,129,3,3,24,0,33,tcp_output_alloc_header_common.constprop.0,/Users/swchen.tw/git/percepio/poc/runs/tcp-workload-matrix-v1/A08-baseline/build/tcp_out.o,
by_pc,2147512840,3,3,6,9,3,0,0,0,0,tcp_output_alloc_header_common.constprop.0,/Users/swchen.tw/git/percepio/poc/runs/tcp-workload-matrix-v1/A08-baseline/build/tcp_out.o,
by_pc,2147512842,3,3,6,9,3,0,0,0,0,tcp_output_alloc_header_common.constprop.0,/Users/swchen.tw/git/percepio/poc/runs/tcp-workload-matrix-v1/A08-baseline/build/tcp_out.o,
by_pc,2147512846,3,3,6,9,3,0,0,0,0,tcp_output_alloc_header_common.constprop.0,/Users/swchen.tw/git/percepio/poc/runs/tcp-workload-matrix-v1/A08-baseline/build/tcp_out.o,
by_pc,2147512850,3,63,126,129,3,3,24,0,33,tcp_output_alloc_header_common.constprop.0,/Users/swchen.tw/git/percepio/poc/runs/tcp-workload-matrix-v1/A08-baseline/build/tcp_out.o,
by_pc,2147512854,3,63,126,129,3,3,24,0,33,tcp_output_alloc_header_common.constprop.0,/Users/swchen.tw/git/percepio/poc/runs/tcp-workload-matrix-v1/A08-baseline/build/tcp_out.o,
by_pc,2147512858,3,3,6,9,3,0,0,0,0,tcp_output_alloc_header_common.constprop.0,/Users/swchen.tw/git/percepio/poc/runs/tcp-workload-matrix-v1/A08-baseline/build/tcp_out.o,
by_pc,2147512862,3,3,6,9,3,0,0,0,0,tcp_output_alloc_header_common.constprop.0,/Users/swchen.tw/git/percepio/poc/runs/tcp-workload-matrix-v1/A08-baseline/build/tcp_out.o,
by_pc,2147512864,3,63,126,129,3,3,24,0,33,tcp_output_alloc_header_common.constprop.0,/Users/swchen.tw/git/percepio/poc/runs/tcp-workload-matrix-v1/A08-baseline/build/tcp_out.o,
by_pc,2147512868,3,3,6,9,3,0,0,0,0,tcp_output_alloc_header_common.constprop.0,/Users/swchen.tw/git/percepio/poc/runs/tcp-workload-matrix-v1/A08-baseline/build/tcp_out.o,
by_pc,2147512870,3,63,126,129,3,3,24,0,33,tcp_output_alloc_header_common.constprop.0,/Users/swchen.tw/git/percepio/poc/runs/tcp-workload-matrix-v1/A08-baseline/build/tcp_out.o,
by_pc,2147512874,3,3,6,9,3,0,0,0,0,tcp_output_alloc_header_common.constprop.0,/Users/swchen.tw/git/percepio/poc/runs/tcp-workload-matrix-v1/A08-baseline/build/tcp_out.o,
by_pc,2147512878,3,3,6,9,3,0,0,0,0,tcp_output_alloc_header_common.constprop.0,/Users/swchen.tw/git/percepio/poc/runs/tcp-workload-matrix-v1/A08-baseline/build/tcp_out.o,
by_pc,2147512882,3,63,126,129,3,3,24,0,33,tcp_output_alloc_header_common.constprop.0,/Users/swchen.tw/git/percepio/poc/runs/tcp-workload-matrix-v1/A08-baseline/build/tcp_out.o,
by_pc,2147512886,3,3,6,9,3,0,0,0,0,tcp_output_alloc_header_common.constprop.0,/Users/swchen.tw/git/percepio/poc/runs/tcp-workload-matrix-v1/A08-baseline/build/tcp_out.o,
by_pc,2147512888,3,63,126,129,3,3,24,0,33,tcp_output_alloc_header_common.constprop.0,/Users/swchen.tw/git/percepio/poc/runs/tcp-workload-matrix-v1/A08-baseline/build/tcp_out.o,
by_pc,2147512892,3,3,6,9,3,0,0,0,0,tcp_output_alloc_header_common.constprop.0,/Users/swchen.tw/git/percepio/poc/runs/tcp-workload-matrix-v1/A08-baseline/build/tcp_out.o,
by_pc,2147512894,3,6,12,15,6,0,0,0,0,tcp_output_alloc_header_common.constprop.0,/Users/swchen.tw/git/percepio/poc/runs/tcp-workload-matrix-v1/A08-baseline/build/tcp_out.o,
by_pc,2147512898,3,63,126,129,3,3,24,0,33,tcp_output_alloc_header_common.constprop.0,/Users/swchen.tw/git/percepio/poc/runs/tcp-workload-matrix-v1/A08-baseline/build/tcp_out.o,
by_pc,2147512902,3,3,6,9,3,0,0,0,0,tcp_output_alloc_header_common.constprop.0,/Users/swchen.tw/git/percepio/poc/runs/tcp-workload-matrix-v1/A08-baseline/build/tcp_out.o,
by_pc,2147512904,3,63,126,129,3,3,24,0,33,tcp_output_alloc_header_common.constprop.0,/Users/swchen.tw/git/percepio/poc/runs/tcp-workload-matrix-v1/A08-baseline/build/tcp_out.o,
by_pc,2147512908,3,63,126,129,3,3,24,0,33,tcp_output_alloc_header_common.constprop.0,/Users/swchen.tw/git/percepio/poc/runs/tcp-workload-matrix-v1/A08-baseline/build/tcp_out.o,
by_pc,2147512912,3,63,126,129,3,3,24,0,33,tcp_output_alloc_header_common.constprop.0,/Users/swchen.tw/git/percepio/poc/runs/tcp-workload-matrix-v1/A08-baseline/build/tcp_out.o,
by_pc,2147512916,3,63,126,129,3,3,24,0,33,tcp_output_alloc_header_common.constprop.0,/Users/swchen.tw/git/percepio/poc/runs/tcp-workload-matrix-v1/A08-baseline/build/tcp_out.o,
by_pc,2147512920,3,63,126,129,3,3,24,0,33,tcp_output_alloc_header_common.constprop.0,/Users/swchen.tw/git/percepio/poc/runs/tcp-workload-matrix-v1/A08-baseline/build/tcp_out.o,
by_pc,2147512924,3,6,12,15,3,3,0,0,0,tcp_output_alloc_header_common.constprop.0,/Users/swchen.tw/git/percepio/poc/runs/tcp-workload-matrix-v1/A08-baseline/build/tcp_out.o,
by_pc,2147512926,3,6,12,15,3,3,0,0,0,tcp_output_alloc_header_common.constprop.0,/Users/swchen.tw/git/percepio/poc/runs/tcp-workload-matrix-v1/A08-baseline/build/tcp_out.o,
by_pc,2147512928,3,6,12,15,3,3,0,0,0,tcp_output_alloc_header_common.constprop.0,/Users/swchen.tw/git/percepio/poc/runs/tcp-workload-matrix-v1/A08-baseline/build/tcp_out.o,
by_pc,2147512930,3,6,12,15,3,3,0,0,0,tcp_output_alloc_header_common.constprop.0,/Users/swchen.tw/git/percepio/poc/runs/tcp-workload-matrix-v1/A08-baseline/build/tcp_out.o,
by_pc,2147512932,3,6,12,15,3,3,0,0,0,tcp_output_alloc_header_common.constprop.0,/Users/swchen.tw/git/percepio/poc/runs/tcp-workload-matrix-v1/A08-baseline/build/tcp_out.o,
by_pc,2147512934,3,6,12,15,3,3,0,0,0,tcp_output_alloc_header_common.constprop.0,/Users/swchen.tw/git/percepio/poc/runs/tcp-workload-matrix-v1/A08-baseline/build/tcp_out.o,
by_pc,2147512936,3,6,12,15,3,3,0,0,0,tcp_output_alloc_header_common.constprop.0,/Users/swchen.tw/git/percepio/poc/runs/tcp-workload-matrix-v1/A08-baseline/build/tcp_out.o,
by_pc,2147512938,3,3,6,9,3,0,0,0,0,tcp_output_alloc_header_common.constprop.0,/Users/swchen.tw/git/percepio/poc/runs/tcp-workload-matrix-v1/A08-baseline/build/tcp_out.o,
by_pc,2147512940,3,6,12,15,3,3,0,0,0,tcp_output_alloc_header_common.constprop.0,/Users/swchen.tw/git/percepio/poc/runs/tcp-workload-matrix-v1/A08-baseline/build/tcp_out.o,
by_pc,2147512942,3,3,6,9,3,0,0,0,0,tcp_output_alloc_header_common.constprop.0,/Users/swchen.tw/git/percepio/poc/runs/tcp-workload-matrix-v1/A08-baseline/build/tcp_out.o,
by_pc,2147512944,3,3,6,9,3,0,0,0,0,tcp_output_alloc_header_common.constprop.0,/Users/swchen.tw/git/percepio/poc/runs/tcp-workload-matrix-v1/A08-baseline/build/tcp_out.o,
by_pc,2147512974,3,3,6,9,3,0,0,0,0,tcp_output_alloc_header.constprop.0,/Users/swchen.tw/git/percepio/poc/runs/tcp-workload-matrix-v1/A08-baseline/build/tcp_out.o,
by_pc,2147512976,3,6,12,15,3,3,0,0,0,tcp_output_alloc_header.constprop.0,/Users/swchen.tw/git/percepio/poc/runs/tcp-workload-matrix-v1/A08-baseline/build/tcp_out.o,
by_pc,2147512980,3,6,12,15,3,3,0,0,0,tcp_output_alloc_header.constprop.0,/Users/swchen.tw/git/percepio/poc/runs/tcp-workload-matrix-v1/A08-baseline/build/tcp_out.o,
by_pc,2147512982,3,3,6,9,3,0,0,0,0,tcp_output_alloc_header.constprop.0,/Users/swchen.tw/git/percepio/poc/runs/tcp-workload-matrix-v1/A08-baseline/build/tcp_out.o,
by_pc,2147512984,3,63,126,129,3,3,24,0,33,tcp_output_alloc_header.constprop.0,/Users/swchen.tw/git/percepio/poc/runs/tcp-workload-matrix-v1/A08-baseline/build/tcp_out.o,
by_pc,2147512986,3,6,12,15,3,3,0,0,0,tcp_output_alloc_header.constprop.0,/Users/swchen.tw/git/percepio/poc/runs/tcp-workload-matrix-v1/A08-baseline/build/tcp_out.o,
by_pc,2147512988,3,6,12,15,3,3,0,0,0,tcp_output_alloc_header.constprop.0,/Users/swchen.tw/git/percepio/poc/runs/tcp-workload-matrix-v1/A08-baseline/build/tcp_out.o,
by_pc,2147512990,3,3,6,9,3,0,0,0,0,tcp_output_alloc_header.constprop.0,/Users/swchen.tw/git/percepio/poc/runs/tcp-workload-matrix-v1/A08-baseline/build/tcp_out.o,
by_pc,2147512992,3,3,6,9,3,0,0,0,0,tcp_output_alloc_header.constprop.0,/Users/swchen.tw/git/percepio/poc/runs/tcp-workload-matrix-v1/A08-baseline/build/tcp_out.o,
by_pc,2147515290,3,3,6,9,3,0,0,0,0,tcp_send_empty_ack,/Users/swchen.tw/git/percepio/poc/runs/tcp-workload-matrix-v1/A08-baseline/build/tcp_out.o,
by_pc,2147515314,3,3,6,9,3,0,0,0,0,tcp_send_empty_ack,/Users/swchen.tw/git/percepio/poc/runs/tcp-workload-matrix-v1/A08-baseline/build/tcp_out.o,
by_pc,2147515316,3,3,6,9,3,0,0,0,0,tcp_send_empty_ack,/Users/swchen.tw/git/percepio/poc/runs/tcp-workload-matrix-v1/A08-baseline/build/tcp_out.o,
by_pc,2147515320,3,3,6,9,3,0,0,0,0,tcp_send_empty_ack,/Users/swchen.tw/git/percepio/poc/runs/tcp-workload-matrix-v1/A08-baseline/build/tcp_out.o,
by_pc,2147515322,3,3,6,9,3,0,0,0,0,tcp_send_empty_ack,/Users/swchen.tw/git/percepio/poc/runs/tcp-workload-matrix-v1/A08-baseline/build/tcp_out.o,
by_pc,2147515324,3,3,6,9,3,0,0,0,0,tcp_send_empty_ack,/Users/swchen.tw/git/percepio/poc/runs/tcp-workload-matrix-v1/A08-baseline/build/tcp_out.o,
by_pc,2147512994,3,3,6,9,3,0,0,0,0,tcp_output_control_segment,/Users/swchen.tw/git/percepio/poc/runs/tcp-workload-matrix-v1/A08-baseline/build/tcp_out.o,
by_pc,2147512996,3,63,126,129,3,3,24,0,33,tcp_output_control_segment,/Users/swchen.tw/git/percepio/poc/runs/tcp-workload-matrix-v1/A08-baseline/build/tcp_out.o,
by_pc,2147512998,3,63,126,129,3,3,24,0,33,tcp_output_control_segment,/Users/swchen.tw/git/percepio/poc/runs/tcp-workload-matrix-v1/A08-baseline/build/tcp_out.o,
by_pc,2147513000,3,3,6,9,3,0,0,0,0,tcp_output_control_segment,/Users/swchen.tw/git/percepio/poc/runs/tcp-workload-matrix-v1/A08-baseline/build/tcp_out.o,
by_pc,2147513002,3,3,6,9,3,0,0,0,0,tcp_output_control_segment,/Users/swchen.tw/git/percepio/poc/runs/tcp-workload-matrix-v1/A08-baseline/build/tcp_out.o,
by_pc,2147513004,3,6,12,15,3,3,0,0,0,tcp_output_control_segment,/Users/swchen.tw/git/percepio/poc/runs/tcp-workload-matrix-v1/A08-baseline/build/tcp_out.o,
by_pc,2147513008,3,3,6,9,3,0,0,0,0,tcp_output_control_segment,/Users/swchen.tw/git/percepio/poc/runs/tcp-workload-matrix-v1/A08-baseline/build/tcp_out.o,
by_pc,2147513042,3,63,126,129,3,0,24,36,0,tcp_output_control_segment,/Users/swchen.tw/git/percepio/poc/runs/tcp-workload-matrix-v1/A08-baseline/build/tcp_out.o,
by_pc,2147513044,3,63,126,129,3,3,24,0,33,tcp_output_control_segment,/Users/swchen.tw/git/percepio/poc/runs/tcp-workload-matrix-v1/A08-baseline/build/tcp_out.o,
by_pc,2147513046,3,63,126,129,3,3,24,0,33,tcp_output_control_segment,/Users/swchen.tw/git/percepio/poc/runs/tcp-workload-matrix-v1/A08-baseline/build/tcp_out.o,
by_pc,2147513048,3,63,126,129,3,3,24,0,33,tcp_output_control_segment,/Users/swchen.tw/git/percepio/poc/runs/tcp-workload-matrix-v1/A08-baseline/build/tcp_out.o,
by_pc,2147513050,3,3,6,9,3,0,0,0,0,tcp_output_control_segment,/Users/swchen.tw/git/percepio/poc/runs/tcp-workload-matrix-v1/A08-baseline/build/tcp_out.o,
by_pc,2147513054,3,6,12,15,3,3,0,0,0,tcp_output_control_segment,/Users/swchen.tw/git/percepio/poc/runs/tcp-workload-matrix-v1/A08-baseline/build/tcp_out.o,
by_pc,2147513056,3,6,12,15,3,3,0,0,0,tcp_output_control_segment,/Users/swchen.tw/git/percepio/poc/runs/tcp-workload-matrix-v1/A08-baseline/build/tcp_out.o,
by_pc,2147513058,3,6,12,15,3,3,0,0,0,tcp_output_control_segment,/Users/swchen.tw/git/percepio/poc/runs/tcp-workload-matrix-v1/A08-baseline/build/tcp_out.o,
by_pc,2147513060,3,3,6,9,3,0,0,0,0,tcp_output_control_segment,/Users/swchen.tw/git/percepio/poc/runs/tcp-workload-matrix-v1/A08-baseline/build/tcp_out.o,
by_pc,2147513062,3,3,6,9,3,0,0,0,0,tcp_output_control_segment,/Users/swchen.tw/git/percepio/poc/runs/tcp-workload-matrix-v1/A08-baseline/build/tcp_out.o,
by_pc,2147513028,3,3,6,9,3,0,0,0,0,tcp_output_control_segment,/Users/swchen.tw/git/percepio/poc/runs/tcp-workload-matrix-v1/A08-baseline/build/tcp_out.o,
by_pc,2147513030,3,3,6,9,3,0,0,0,0,tcp_output_control_segment,/Users/swchen.tw/git/percepio/poc/runs/tcp-workload-matrix-v1/A08-baseline/build/tcp_out.o,
by_pc,2147513032,3,6,12,15,3,3,0,0,0,tcp_output_control_segment,/Users/swchen.tw/git/percepio/poc/runs/tcp-workload-matrix-v1/A08-baseline/build/tcp_out.o,
by_pc,2147513034,3,6,12,15,3,3,0,0,0,tcp_output_control_segment,/Users/swchen.tw/git/percepio/poc/runs/tcp-workload-matrix-v1/A08-baseline/build/tcp_out.o,
by_pc,2147513036,3,3,6,9,3,0,0,0,0,tcp_output_control_segment,/Users/swchen.tw/git/percepio/poc/runs/tcp-workload-matrix-v1/A08-baseline/build/tcp_out.o,
by_pc,2147513038,3,3,6,9,3,0,0,0,0,tcp_output_control_segment,/Users/swchen.tw/git/percepio/poc/runs/tcp-workload-matrix-v1/A08-baseline/build/tcp_out.o,
by_pc,2147512598,3,29,58,61,3,0,8,18,0,tcp_output_control_segment_netif,/Users/swchen.tw/git/percepio/poc/runs/tcp-workload-matrix-v1/A08-baseline/build/tcp_out.o,
by_pc,2147512600,3,63,126,129,3,3,24,0,33,tcp_output_control_segment_netif,/Users/swchen.tw/git/percepio/poc/runs/tcp-workload-matrix-v1/A08-baseline/build/tcp_out.o,
by_pc,2147512602,3,63,126,129,3,3,24,0,33,tcp_output_control_segment_netif,/Users/swchen.tw/git/percepio/poc/runs/tcp-workload-matrix-v1/A08-baseline/build/tcp_out.o,
by_pc,2147512604,3,63,126,129,3,3,24,0,33,tcp_output_control_segment_netif,/Users/swchen.tw/git/percepio/poc/runs/tcp-workload-matrix-v1/A08-baseline/build/tcp_out.o,
by_pc,2147512606,3,63,126,129,3,3,24,0,33,tcp_output_control_segment_netif,/Users/swchen.tw/git/percepio/poc/runs/tcp-workload-matrix-v1/A08-baseline/build/tcp_out.o,
by_pc,2147512608,3,63,126,129,3,3,24,0,33,tcp_output_control_segment_netif,/Users/swchen.tw/git/percepio/poc/runs/tcp-workload-matrix-v1/A08-baseline/build/tcp_out.o,
by_pc,2147512610,3,63,126,129,3,3,24,0,33,tcp_output_control_segment_netif,/Users/swchen.tw/git/percepio/poc/runs/tcp-workload-matrix-v1/A08-baseline/build/tcp_out.o,
by_pc,2147512612,3,63,126,129,3,3,24,0,33,tcp_output_control_segment_netif,/Users/swchen.tw/git/percepio/poc/runs/tcp-workload-matrix-v1/A08-baseline/build/tcp_out.o,
by_pc,2147512614,3,3,6,9,3,0,0,0,0,tcp_output_control_segment_netif,/Users/swchen.tw/git/percepio/poc/runs/tcp-workload-matrix-v1/A08-baseline/build/tcp_out.o,
by_pc,2147512616,3,3,6,9,3,0,0,0,0,tcp_output_control_segment_netif,/Users/swchen.tw/git/percepio/poc/runs/tcp-workload-matrix-v1/A08-baseline/build/tcp_out.o,
by_pc,2147512618,3,3,6,9,3,0,0,0,0,tcp_output_control_segment_netif,/Users/swchen.tw/git/percepio/poc/runs/tcp-workload-matrix-v1/A08-baseline/build/tcp_out.o,
by_pc,2147512620,3,3,6,9,3,0,0,0,0,tcp_output_control_segment_netif,/Users/swchen.tw/git/percepio/poc/runs/tcp-workload-matrix-v1/A08-baseline/build/tcp_out.o,
by_pc,2147512622,3,6,12,15,3,3,0,0,0,tcp_output_control_segment_netif,/Users/swchen.tw/git/percepio/poc/runs/tcp-workload-matrix-v1/A08-baseline/build/tcp_out.o,
by_pc,2147512626,3,6,12,15,3,3,0,0,0,tcp_output_control_segment_netif,/Users/swchen.tw/git/percepio/poc/runs/tcp-workload-matrix-v1/A08-baseline/build/tcp_out.o,
by_pc,2147512630,3,3,6,9,3,0,0,0,0,tcp_output_control_segment_netif,/Users/swchen.tw/git/percepio/poc/runs/tcp-workload-matrix-v1/A08-baseline/build/tcp_out.o,
by_pc,2147512632,3,3,6,9,3,0,0,0,0,tcp_output_control_segment_netif,/Users/swchen.tw/git/percepio/poc/runs/tcp-workload-matrix-v1/A08-baseline/build/tcp_out.o,
by_pc,2147512634,3,3,6,9,3,0,0,0,0,tcp_output_control_segment_netif,/Users/swchen.tw/git/percepio/poc/runs/tcp-workload-matrix-v1/A08-baseline/build/tcp_out.o,
by_pc,2147512636,3,3,6,9,3,0,0,0,0,tcp_output_control_segment_netif,/Users/swchen.tw/git/percepio/poc/runs/tcp-workload-matrix-v1/A08-baseline/build/tcp_out.o,
by_pc,2147512638,3,66,132,135,6,0,24,36,0,tcp_output_control_segment_netif,/Users/swchen.tw/git/percepio/poc/runs/tcp-workload-matrix-v1/A08-baseline/build/tcp_out.o,
by_pc,2147499524,19,19,38,57,19,0,0,0,0,lwip_standard_chksum,/Users/swchen.tw/git/percepio/poc/runs/tcp-workload-matrix-v1/A08-baseline/build/inet_chksum.o,
by_pc,2147499526,19,19,38,57,19,0,0,0,0,lwip_standard_chksum,/Users/swchen.tw/git/percepio/poc/runs/tcp-workload-matrix-v1/A08-baseline/build/inet_chksum.o,
by_pc,2147512642,3,63,126,129,3,3,24,0,33,tcp_output_control_segment_netif,/Users/swchen.tw/git/percepio/poc/runs/tcp-workload-matrix-v1/A08-baseline/build/tcp_out.o,
by_pc,2147512646,3,3,6,9,3,0,0,0,0,tcp_output_control_segment_netif,/Users/swchen.tw/git/percepio/poc/runs/tcp-workload-matrix-v1/A08-baseline/build/tcp_out.o,
by_pc,2147512648,3,63,126,129,3,3,24,0,33,tcp_output_control_segment_netif,/Users/swchen.tw/git/percepio/poc/runs/tcp-workload-matrix-v1/A08-baseline/build/tcp_out.o,
by_pc,2147512652,3,6,12,15,3,3,0,0,0,tcp_output_control_segment_netif,/Users/swchen.tw/git/percepio/poc/runs/tcp-workload-matrix-v1/A08-baseline/build/tcp_out.o,
by_pc,2147512654,3,3,6,9,3,0,0,0,0,tcp_output_control_segment_netif,/Users/swchen.tw/git/percepio/poc/runs/tcp-workload-matrix-v1/A08-baseline/build/tcp_out.o,
by_pc,2147512656,3,6,12,15,3,3,0,0,0,tcp_output_control_segment_netif,/Users/swchen.tw/git/percepio/poc/runs/tcp-workload-matrix-v1/A08-baseline/build/tcp_out.o,
by_pc,2147512660,3,6,12,15,3,3,0,0,0,tcp_output_control_segment_netif,/Users/swchen.tw/git/percepio/poc/runs/tcp-workload-matrix-v1/A08-baseline/build/tcp_out.o,
by_pc,2147512664,3,3,6,9,3,0,0,0,0,tcp_output_control_segment_netif,/Users/swchen.tw/git/percepio/poc/runs/tcp-workload-matrix-v1/A08-baseline/build/tcp_out.o,
by_pc,2147512668,3,6,12,15,3,3,0,0,0,tcp_output_control_segment_netif,/Users/swchen.tw/git/percepio/poc/runs/tcp-workload-matrix-v1/A08-baseline/build/tcp_out.o,
by_pc,2147512672,3,3,6,9,3,0,0,0,0,tcp_output_control_segment_netif,/Users/swchen.tw/git/percepio/poc/runs/tcp-workload-matrix-v1/A08-baseline/build/tcp_out.o,
by_pc,2147512674,3,3,6,9,3,0,0,0,0,tcp_output_control_segment_netif,/Users/swchen.tw/git/percepio/poc/runs/tcp-workload-matrix-v1/A08-baseline/build/tcp_out.o,
by_pc,2147512676,3,3,6,9,3,0,0,0,0,tcp_output_control_segment_netif,/Users/swchen.tw/git/percepio/poc/runs/tcp-workload-matrix-v1/A08-baseline/build/tcp_out.o,
by_pc,2147512678,3,3,6,9,3,0,0,0,0,tcp_output_control_segment_netif,/Users/swchen.tw/git/percepio/poc/runs/tcp-workload-matrix-v1/A08-baseline/build/tcp_out.o,
by_pc,2147512682,3,63,126,129,3,3,24,0,33,tcp_output_control_segment_netif,/Users/swchen.tw/git/percepio/poc/runs/tcp-workload-matrix-v1/A08-baseline/build/tcp_out.o,
by_pc,2147512686,3,3,6,9,3,0,0,0,0,tcp_output_control_segment_netif,/Users/swchen.tw/git/percepio/poc/runs/tcp-workload-matrix-v1/A08-baseline/build/tcp_out.o,
by_pc,2147512688,3,3,6,9,3,0,0,0,0,tcp_output_control_segment_netif,/Users/swchen.tw/git/percepio/poc/runs/tcp-workload-matrix-v1/A08-baseline/build/tcp_out.o,
by_pc,2147512690,3,3,6,9,3,0,0,0,0,tcp_output_control_segment_netif,/Users/swchen.tw/git/percepio/poc/runs/tcp-workload-matrix-v1/A08-baseline/build/tcp_out.o,
by_pc,2147512694,3,3,6,9,3,0,0,0,0,tcp_output_control_segment_netif,/Users/swchen.tw/git/percepio/poc/runs/tcp-workload-matrix-v1/A08-baseline/build/tcp_out.o,
by_pc,2147512696,3,3,6,9,3,0,0,0,0,tcp_output_control_segment_netif,/Users/swchen.tw/git/percepio/poc/runs/tcp-workload-matrix-v1/A08-baseline/build/tcp_out.o,
by_pc,2147512698,3,3,6,9,3,0,0,0,0,tcp_output_control_segment_netif,/Users/swchen.tw/git/percepio/poc/runs/tcp-workload-matrix-v1/A08-baseline/build/tcp_out.o,
by_pc,2147512702,3,6,12,15,3,3,0,0,0,tcp_output_control_segment_netif,/Users/swchen.tw/git/percepio/poc/runs/tcp-workload-matrix-v1/A08-baseline/build/tcp_out.o,
by_pc,2147512704,3,6,12,15,3,3,0,0,0,tcp_output_control_segment_netif,/Users/swchen.tw/git/percepio/poc/runs/tcp-workload-matrix-v1/A08-baseline/build/tcp_out.o,
by_pc,2147512706,3,6,12,15,3,3,0,0,0,tcp_output_control_segment_netif,/Users/swchen.tw/git/percepio/poc/runs/tcp-workload-matrix-v1/A08-baseline/build/tcp_out.o,
by_pc,2147512708,3,6,12,15,3,3,0,0,0,tcp_output_control_segment_netif,/Users/swchen.tw/git/percepio/poc/runs/tcp-workload-matrix-v1/A08-baseline/build/tcp_out.o,
by_pc,2147512710,3,6,12,15,3,3,0,0,0,tcp_output_control_segment_netif,/Users/swchen.tw/git/percepio/poc/runs/tcp-workload-matrix-v1/A08-baseline/build/tcp_out.o,
by_pc,2147512712,3,3,6,9,3,0,0,0,0,tcp_output_control_segment_netif,/Users/swchen.tw/git/percepio/poc/runs/tcp-workload-matrix-v1/A08-baseline/build/tcp_out.o,
by_pc,2147512714,3,6,12,15,3,3,0,0,0,tcp_output_control_segment_netif,/Users/swchen.tw/git/percepio/poc/runs/tcp-workload-matrix-v1/A08-baseline/build/tcp_out.o,
by_pc,2147512716,3,3,6,9,3,0,0,0,0,tcp_output_control_segment_netif,/Users/swchen.tw/git/percepio/poc/runs/tcp-workload-matrix-v1/A08-baseline/build/tcp_out.o,
by_pc,2147512718,3,3,6,9,3,0,0,0,0,tcp_output_control_segment_netif,/Users/swchen.tw/git/percepio/poc/runs/tcp-workload-matrix-v1/A08-baseline/build/tcp_out.o,
by_pc,2147515328,3,6,12,15,3,3,0,0,0,tcp_send_empty_ack,/Users/swchen.tw/git/percepio/poc/runs/tcp-workload-matrix-v1/A08-baseline/build/tcp_out.o,
by_pc,2147515332,3,3,6,9,3,0,0,0,0,tcp_send_empty_ack,/Users/swchen.tw/git/percepio/poc/runs/tcp-workload-matrix-v1/A08-baseline/build/tcp_out.o,
by_pc,2147515336,3,3,6,9,3,0,0,0,0,tcp_send_empty_ack,/Users/swchen.tw/git/percepio/poc/runs/tcp-workload-matrix-v1/A08-baseline/build/tcp_out.o,
by_pc,2147515302,3,63,126,129,3,3,24,0,33,tcp_send_empty_ack,/Users/swchen.tw/git/percepio/poc/runs/tcp-workload-matrix-v1/A08-baseline/build/tcp_out.o,
by_pc,2147515306,3,6,12,15,3,3,0,0,0,tcp_send_empty_ack,/Users/swchen.tw/git/percepio/poc/runs/tcp-workload-matrix-v1/A08-baseline/build/tcp_out.o,
by_pc,2147515308,3,6,12,15,3,3,0,0,0,tcp_send_empty_ack,/Users/swchen.tw/git/percepio/poc/runs/tcp-workload-matrix-v1/A08-baseline/build/tcp_out.o,
by_pc,2147515310,3,3,6,9,3,0,0,0,0,tcp_send_empty_ack,/Users/swchen.tw/git/percepio/poc/runs/tcp-workload-matrix-v1/A08-baseline/build/tcp_out.o,
by_pc,2147515312,3,3,6,9,3,0,0,0,0,tcp_send_empty_ack,/Users/swchen.tw/git/percepio/poc/runs/tcp-workload-matrix-v1/A08-baseline/build/tcp_out.o,
by_pc,2147498356,2,54,108,110,2,2,32,18,0,session_task,/Users/swchen.tw/git/percepio/poc/runs/tcp-workload-matrix-v1/A08-baseline/build/tcp_request_response_irq.o,
by_pc,2147498358,2,4,8,10,2,2,0,0,0,session_task,/Users/swchen.tw/git/percepio/poc/runs/tcp-workload-matrix-v1/A08-baseline/build/tcp_request_response_irq.o,
by_pc,2147498362,2,2,4,6,2,0,0,0,0,session_task,/Users/swchen.tw/git/percepio/poc/runs/tcp-workload-matrix-v1/A08-baseline/build/tcp_request_response_irq.o,
by_pc,2147498366,2,42,84,86,2,2,16,0,22,session_task,/Users/swchen.tw/git/percepio/poc/runs/tcp-workload-matrix-v1/A08-baseline/build/tcp_request_response_irq.o,
by_pc,2147498368,2,38,76,78,2,2,16,18,0,session_task,/Users/swchen.tw/git/percepio/poc/runs/tcp-workload-matrix-v1/A08-baseline/build/tcp_request_response_irq.o,
by_pc,2147498372,2,2,4,6,2,0,0,0,0,session_task,/Users/swchen.tw/git/percepio/poc/runs/tcp-workload-matrix-v1/A08-baseline/build/tcp_request_response_irq.o,
by_pc,2147498374,2,2,4,6,2,0,0,0,0,session_task,/Users/swchen.tw/git/percepio/poc/runs/tcp-workload-matrix-v1/A08-baseline/build/tcp_request_response_irq.o,
by_pc,2147498378,2,2,4,6,2,0,0,0,0,session_task,/Users/swchen.tw/git/percepio/poc/runs/tcp-workload-matrix-v1/A08-baseline/build/tcp_request_response_irq.o,
by_pc,2147498398,2,2,4,6,2,0,0,0,0,session_task,/Users/swchen.tw/git/percepio/poc/runs/tcp-workload-matrix-v1/A08-baseline/build/tcp_request_response_irq.o,
by_pc,2147498402,2,4,8,10,2,2,0,0,0,session_task,/Users/swchen.tw/git/percepio/poc/runs/tcp-workload-matrix-v1/A08-baseline/build/tcp_request_response_irq.o,
by_pc,2147498406,2,2,4,6,2,0,0,0,0,session_task,/Users/swchen.tw/git/percepio/poc/runs/tcp-workload-matrix-v1/A08-baseline/build/tcp_request_response_irq.o,
by_pc,2147498408,2,4,8,10,2,2,0,0,0,session_task,/Users/swchen.tw/git/percepio/poc/runs/tcp-workload-matrix-v1/A08-baseline/build/tcp_request_response_irq.o,
by_pc,2147498410,2,2,4,6,2,0,0,0,0,session_task,/Users/swchen.tw/git/percepio/poc/runs/tcp-workload-matrix-v1/A08-baseline/build/tcp_request_response_irq.o,
by_pc,2147498412,2,2,4,6,2,0,0,0,0,session_task,/Users/swchen.tw/git/percepio/poc/runs/tcp-workload-matrix-v1/A08-baseline/build/tcp_request_response_irq.o,
by_pc,2147498414,2,2,4,6,2,0,0,0,0,session_task,/Users/swchen.tw/git/percepio/poc/runs/tcp-workload-matrix-v1/A08-baseline/build/tcp_request_response_irq.o,
by_pc,2147495786,12,24,48,60,12,12,0,0,0,consume,/Users/swchen.tw/git/percepio/poc/runs/tcp-workload-matrix-v1/A08-baseline/build/tcp_request_response_irq.o,
by_pc,2147495788,12,12,24,36,12,0,0,0,0,consume,/Users/swchen.tw/git/percepio/poc/runs/tcp-workload-matrix-v1/A08-baseline/build/tcp_request_response_irq.o,
by_pc,2147495792,12,12,24,36,12,0,0,0,0,consume,/Users/swchen.tw/git/percepio/poc/runs/tcp-workload-matrix-v1/A08-baseline/build/tcp_request_response_irq.o,
by_pc,2147498418,2,2,4,6,2,0,0,0,0,session_task,/Users/swchen.tw/git/percepio/poc/runs/tcp-workload-matrix-v1/A08-baseline/build/tcp_request_response_irq.o,
by_pc,2147498420,2,2,4,6,2,0,0,0,0,session_task,/Users/swchen.tw/git/percepio/poc/runs/tcp-workload-matrix-v1/A08-baseline/build/tcp_request_response_irq.o,
by_pc,2147498424,8,64,128,136,8,8,48,0,0,session_task,/Users/swchen.tw/git/percepio/poc/runs/tcp-workload-matrix-v1/A08-baseline/build/tcp_request_response_irq.o,
by_pc,2147498428,8,8,16,24,8,0,0,0,0,session_task,/Users/swchen.tw/git/percepio/poc/runs/tcp-workload-matrix-v1/A08-baseline/build/tcp_request_response_irq.o,
by_pc,2147498446,8,98,196,204,8,8,64,18,0,session_task,/Users/swchen.tw/git/percepio/poc/runs/tcp-workload-matrix-v1/A08-baseline/build/tcp_request_response_irq.o,
by_pc,2147498450,8,8,16,24,8,0,0,0,0,session_task,/Users/swchen.tw/git/percepio/poc/runs/tcp-workload-matrix-v1/A08-baseline/build/tcp_request_response_irq.o,
by_pc,2147498452,8,8,16,24,8,0,0,0,0,session_task,/Users/swchen.tw/git/percepio/poc/runs/tcp-workload-matrix-v1/A08-baseline/build/tcp_request_response_irq.o,
by_pc,2147498454,11680,11680,23360,35040,11680,0,0,0,0,session_task,/Users/swchen.tw/git/percepio/poc/runs/tcp-workload-matrix-v1/A08-baseline/build/tcp_request_response_irq.o,
by_pc,2147498458,11680,11680,23360,35040,11680,0,0,0,0,session_task,/Users/swchen.tw/git/percepio/poc/runs/tcp-workload-matrix-v1/A08-baseline/build/tcp_request_response_irq.o,
by_pc,2147498462,11680,11680,23360,35040,11680,0,0,0,0,session_task,/Users/swchen.tw/git/percepio/poc/runs/tcp-workload-matrix-v1/A08-baseline/build/tcp_request_response_irq.o,
by_pc,2147498466,11680,11680,23360,35040,11680,0,0,0,0,session_task,/Users/swchen.tw/git/percepio/poc/runs/tcp-workload-matrix-v1/A08-baseline/build/tcp_request_response_irq.o,
by_pc,2147498468,11680,11680,23360,35040,11680,0,0,0,0,session_task,/Users/swchen.tw/git/percepio/poc/runs/tcp-workload-matrix-v1/A08-baseline/build/tcp_request_response_irq.o,
by_pc,2147498472,11680,11680,23360,35040,11680,0,0,0,0,session_task,/Users/swchen.tw/git/percepio/poc/runs/tcp-workload-matrix-v1/A08-baseline/build/tcp_request_response_irq.o,
by_pc,2147498474,11680,11680,23360,35040,11680,0,0,0,0,session_task,/Users/swchen.tw/git/percepio/poc/runs/tcp-workload-matrix-v1/A08-baseline/build/tcp_request_response_irq.o,
by_pc,2147498476,11680,245892,491784,503464,11680,11680,93440,612,128480,session_task,/Users/swchen.tw/git/percepio/poc/runs/tcp-workload-matrix-v1/A08-baseline/build/tcp_request_response_irq.o,
by_pc,2147498480,11680,11680,23360,35040,11680,0,0,0,0,session_task,/Users/swchen.tw/git/percepio/poc/runs/tcp-workload-matrix-v1/A08-baseline/build/tcp_request_response_irq.o,
by_pc,2147498484,8,8,16,24,8,0,0,0,0,session_task,/Users/swchen.tw/git/percepio/poc/runs/tcp-workload-matrix-v1/A08-baseline/build/tcp_request_response_irq.o,
by_pc,2147498488,8,8,16,24,8,0,0,0,0,session_task,/Users/swchen.tw/git/percepio/poc/runs/tcp-workload-matrix-v1/A08-baseline/build/tcp_request_response_irq.o,
by_pc,2147498492,8,16,32,40,8,8,0,0,0,session_task,/Users/swchen.tw/git/percepio/poc/runs/tcp-workload-matrix-v1/A08-baseline/build/tcp_request_response_irq.o,
by_pc,2147498496,8,90,180,188,8,0,64,18,0,session_task,/Users/swchen.tw/git/percepio/poc/runs/tcp-workload-matrix-v1/A08-baseline/build/tcp_request_response_irq.o,
by_pc,2147498498,8,8,16,24,8,0,0,0,0,session_task,/Users/swchen.tw/git/percepio/poc/runs/tcp-workload-matrix-v1/A08-baseline/build/tcp_request_response_irq.o,
by_pc,2147498500,8,8,16,24,8,0,0,0,0,session_task,/Users/swchen.tw/git/percepio/poc/runs/tcp-workload-matrix-v1/A08-baseline/build/tcp_request_response_irq.o,
by_pc,2147498504,8,8,16,24,8,0,0,0,0,session_task,/Users/swchen.tw/git/percepio/poc/runs/tcp-workload-matrix-v1/A08-baseline/build/tcp_request_response_irq.o,
by_pc,2147498508,8,168,336,344,8,8,64,0,88,session_task,/Users/swchen.tw/git/percepio/poc/runs/tcp-workload-matrix-v1/A08-baseline/build/tcp_request_response_irq.o,
by_pc,2147498510,8,168,336,344,8,8,64,0,88,session_task,/Users/swchen.tw/git/percepio/poc/runs/tcp-workload-matrix-v1/A08-baseline/build/tcp_request_response_irq.o,
by_pc,2147498514,8,168,336,344,8,8,64,0,88,session_task,/Users/swchen.tw/git/percepio/poc/runs/tcp-workload-matrix-v1/A08-baseline/build/tcp_request_response_irq.o,
by_pc,2147498518,8,8,16,24,8,0,0,0,0,session_task,/Users/swchen.tw/git/percepio/poc/runs/tcp-workload-matrix-v1/A08-baseline/build/tcp_request_response_irq.o,
by_pc,2147513080,8,24,48,56,8,0,16,0,0,tcp_write,/Users/swchen.tw/git/percepio/poc/runs/tcp-workload-matrix-v1/A08-baseline/build/tcp_out.o,
by_pc,2147513084,8,8,16,24,8,0,0,0,0,tcp_write,/Users/swchen.tw/git/percepio/poc/runs/tcp-workload-matrix-v1/A08-baseline/build/tcp_out.o,
by_pc,2147513086,8,168,336,344,8,8,64,0,88,tcp_write,/Users/swchen.tw/git/percepio/poc/runs/tcp-workload-matrix-v1/A08-baseline/build/tcp_out.o,
by_pc,2147513088,8,268,536,544,8,8,128,36,88,tcp_write,/Users/swchen.tw/git/percepio/poc/runs/tcp-workload-matrix-v1/A08-baseline/build/tcp_out.o,
by_pc,2147513090,8,168,336,344,8,8,64,0,88,tcp_write,/Users/swchen.tw/git/percepio/poc/runs/tcp-workload-matrix-v1/A08-baseline/build/tcp_out.o,
by_pc,2147513092,8,168,336,344,8,8,64,0,88,tcp_write,/Users/swchen.tw/git/percepio/poc/runs/tcp-workload-matrix-v1/A08-baseline/build/tcp_out.o,
by_pc,2147513094,8,168,336,344,8,8,64,0,88,tcp_write,/Users/swchen.tw/git/percepio/poc/runs/tcp-workload-matrix-v1/A08-baseline/build/tcp_out.o,
by_pc,2147513096,8,168,336,344,8,8,64,0,88,tcp_write,/Users/swchen.tw/git/percepio/poc/runs/tcp-workload-matrix-v1/A08-baseline/build/tcp_out.o,
by_pc,2147513098,8,168,336,344,8,8,64,0,88,tcp_write,/Users/swchen.tw/git/percepio/poc/runs/tcp-workload-matrix-v1/A08-baseline/build/tcp_out.o,
by_pc,2147513100,8,168,336,344,8,8,64,0,88,tcp_write,/Users/swchen.tw/git/percepio/poc/runs/tcp-workload-matrix-v1/A08-baseline/build/tcp_out.o,
by_pc,2147513102,8,168,336,344,8,8,64,0,88,tcp_write,/Users/swchen.tw/git/percepio/poc/runs/tcp-workload-matrix-v1/A08-baseline/build/tcp_out.o,
by_pc,2147513104,8,168,336,344,8,8,64,0,88,tcp_write,/Users/swchen.tw/git/percepio/poc/runs/tcp-workload-matrix-v1/A08-baseline/build/tcp_out.o,
by_pc,2147513106,8,168,336,344,8,8,64,0,88,tcp_write,/Users/swchen.tw/git/percepio/poc/runs/tcp-workload-matrix-v1/A08-baseline/build/tcp_out.o,
by_pc,2147513108,8,168,336,344,8,8,64,0,88,tcp_write,/Users/swchen.tw/git/percepio/poc/runs/tcp-workload-matrix-v1/A08-baseline/build/tcp_out.o,
by_pc,2147513110,8,168,336,344,8,8,64,0,88,tcp_write,/Users/swchen.tw/git/percepio/poc/runs/tcp-workload-matrix-v1/A08-baseline/build/tcp_out.o,
by_pc,2147513112,8,16,32,40,8,8,0,0,0,tcp_write,/Users/swchen.tw/git/percepio/poc/runs/tcp-workload-matrix-v1/A08-baseline/build/tcp_out.o,
by_pc,2147513116,8,16,32,40,8,8,0,0,0,tcp_write,/Users/swchen.tw/git/percepio/poc/runs/tcp-workload-matrix-v1/A08-baseline/build/tcp_out.o,
by_pc,2147513120,8,8,16,24,8,0,0,0,0,tcp_write,/Users/swchen.tw/git/percepio/poc/runs/tcp-workload-matrix-v1/A08-baseline/build/tcp_out.o,
by_pc,2147513122,8,8,16,24,8,0,0,0,0,tcp_write,/Users/swchen.tw/git/percepio/poc/runs/tcp-workload-matrix-v1/A08-baseline/build/tcp_out.o,
by_pc,2147513124,8,8,16,24,8,0,0,0,0,tcp_write,/Users/swchen.tw/git/percepio/poc/runs/tcp-workload-matrix-v1/A08-baseline/build/tcp_out.o,
by_pc,2147513126,8,8,16,24,8,0,0,0,0,tcp_write,/Users/swchen.tw/git/percepio/poc/runs/tcp-workload-matrix-v1/A08-baseline/build/tcp_out.o,
by_pc,2147513130,8,8,16,24,8,0,0,0,0,tcp_write,/Users/swchen.tw/git/percepio/poc/runs/tcp-workload-matrix-v1/A08-baseline/build/tcp_out.o,
by_pc,2147513132,8,8,16,24,8,0,0,0,0,tcp_write,/Users/swchen.tw/git/percepio/poc/runs/tcp-workload-matrix-v1/A08-baseline/build/tcp_out.o,
by_pc,2147513134,8,8,16,24,8,0,0,0,0,tcp_write,/Users/swchen.tw/git/percepio/poc/runs/tcp-workload-matrix-v1/A08-baseline/build/tcp_out.o,
by_pc,2147513136,8,8,16,24,8,0,0,0,0,tcp_write,/Users/swchen.tw/git/percepio/poc/runs/tcp-workload-matrix-v1/A08-baseline/build/tcp_out.o,
by_pc,2147513138,8,8,16,24,8,0,0,0,0,tcp_write,/Users/swchen.tw/git/percepio/poc/runs/tcp-workload-matrix-v1/A08-baseline/build/tcp_out.o,
by_pc,2147513140,8,8,16,24,8,0,0,0,0,tcp_write,/Users/swchen.tw/git/percepio/poc/runs/tcp-workload-matrix-v1/A08-baseline/build/tcp_out.o,
by_pc,2147513142,8,8,16,24,8,0,0,0,0,tcp_write,/Users/swchen.tw/git/percepio/poc/runs/tcp-workload-matrix-v1/A08-baseline/build/tcp_out.o,
by_pc,2147513144,8,16,32,40,8,8,0,0,0,tcp_write,/Users/swchen.tw/git/percepio/poc/runs/tcp-workload-matrix-v1/A08-baseline/build/tcp_out.o,
by_pc,2147513146,8,8,16,24,8,0,0,0,0,tcp_write,/Users/swchen.tw/git/percepio/poc/runs/tcp-workload-matrix-v1/A08-baseline/build/tcp_out.o,
by_pc,2147513150,8,84,168,176,16,0,32,36,0,tcp_write,/Users/swchen.tw/git/percepio/poc/runs/tcp-workload-matrix-v1/A08-baseline/build/tcp_out.o,
by_pc,2147513154,8,8,16,24,8,0,0,0,0,tcp_write,/Users/swchen.tw/git/percepio/poc/runs/tcp-workload-matrix-v1/A08-baseline/build/tcp_out.o,
by_pc,2147513162,8,8,16,24,8,0,0,0,0,tcp_write,/Users/swchen.tw/git/percepio/poc/runs/tcp-workload-matrix-v1/A08-baseline/build/tcp_out.o,
by_pc,2147513164,8,16,32,40,8,8,0,0,0,tcp_write,/Users/swchen.tw/git/percepio/poc/runs/tcp-workload-matrix-v1/A08-baseline/build/tcp_out.o,
by_pc,2147513168,8,8,16,24,8,0,0,0,0,tcp_write,/Users/swchen.tw/git/percepio/poc/runs/tcp-workload-matrix-v1/A08-baseline/build/tcp_out.o,
by_pc,2147513216,8,68,136,144,8,8,16,36,0,tcp_write,/Users/swchen.tw/git/percepio/poc/runs/tcp-workload-matrix-v1/A08-baseline/build/tcp_out.o,
by_pc,2147513220,8,8,16,24,8,0,0,0,0,tcp_write,/Users/swchen.tw/git/percepio/poc/runs/tcp-workload-matrix-v1/A08-baseline/build/tcp_out.o,
by_pc,2147513222,8,8,16,24,8,0,0,0,0,tcp_write,/Users/swchen.tw/git/percepio/poc/runs/tcp-workload-matrix-v1/A08-baseline/build/tcp_out.o,
by_pc,2147513246,8,16,32,40,8,8,0,0,0,tcp_write,/Users/swchen.tw/git/percepio/poc/runs/tcp-workload-matrix-v1/A08-baseline/build/tcp_out.o,
by_pc,2147513250,8,16,32,40,8,8,0,0,0,tcp_write,/Users/swchen.tw/git/percepio/poc/runs/tcp-workload-matrix-v1/A08-baseline/build/tcp_out.o,
by_pc,2147513254,8,8,16,24,8,0,0,0,0,tcp_write,/Users/swchen.tw/git/percepio/poc/runs/tcp-workload-matrix-v1/A08-baseline/build/tcp_out.o,
by_pc,2147513256,8,8,16,24,8,0,0,0,0,tcp_write,/Users/swchen.tw/git/percepio/poc/runs/tcp-workload-matrix-v1/A08-baseline/build/tcp_out.o,
by_pc,2147513258,8,8,16,24,8,0,0,0,0,tcp_write,/Users/swchen.tw/git/percepio/poc/runs/tcp-workload-matrix-v1/A08-baseline/build/tcp_out.o,
by_pc,2147513260,8,8,16,24,8,0,0,0,0,tcp_write,/Users/swchen.tw/git/percepio/poc/runs/tcp-workload-matrix-v1/A08-baseline/build/tcp_out.o,
by_pc,2147513726,8,108,216,224,8,0,64,36,0,tcp_write,/Users/swchen.tw/git/percepio/poc/runs/tcp-workload-matrix-v1/A08-baseline/build/tcp_out.o,
by_pc,2147513728,8,108,216,224,8,0,64,36,0,tcp_write,/Users/swchen.tw/git/percepio/poc/runs/tcp-workload-matrix-v1/A08-baseline/build/tcp_out.o,
by_pc,2147513730,8,8,16,24,8,0,0,0,0,tcp_write,/Users/swchen.tw/git/percepio/poc/runs/tcp-workload-matrix-v1/A08-baseline/build/tcp_out.o,
by_pc,2147513732,8,8,16,24,8,0,0,0,0,tcp_write,/Users/swchen.tw/git/percepio/poc/runs/tcp-workload-matrix-v1/A08-baseline/build/tcp_out.o,
by_pc,2147513734,8,8,16,24,8,0,0,0,0,tcp_write,/Users/swchen.tw/git/percepio/poc/runs/tcp-workload-matrix-v1/A08-baseline/build/tcp_out.o,
by_pc,2147513376,8,108,216,224,8,0,64,36,0,tcp_write,/Users/swchen.tw/git/percepio/poc/runs/tcp-workload-matrix-v1/A08-baseline/build/tcp_out.o,
by_pc,2147513380,8,8,16,24,8,0,0,0,0,tcp_write,/Users/swchen.tw/git/percepio/poc/runs/tcp-workload-matrix-v1/A08-baseline/build/tcp_out.o,
by_pc,2147513382,8,168,336,344,8,8,64,0,88,tcp_write,/Users/swchen.tw/git/percepio/poc/runs/tcp-workload-matrix-v1/A08-baseline/build/tcp_out.o,
by_pc,2147513384,8,168,336,344,8,8,64,0,88,tcp_write,/Users/swchen.tw/git/percepio/poc/runs/tcp-workload-matrix-v1/A08-baseline/build/tcp_out.o,
by_pc,2147513388,8,168,336,344,8,8,64,0,88,tcp_write,/Users/swchen.tw/git/percepio/poc/runs/tcp-workload-matrix-v1/A08-baseline/build/tcp_out.o,
by_pc,2147513390,8,8,16,24,8,0,0,0,0,tcp_write,/Users/swchen.tw/git/percepio/poc/runs/tcp-workload-matrix-v1/A08-baseline/build/tcp_out.o,
by_pc,2147513686,16,16,32,48,16,0,0,0,0,tcp_write,/Users/swchen.tw/git/percepio/poc/runs/tcp-workload-matrix-v1/A08-baseline/build/tcp_out.o,
by_pc,2147513448,8,60,120,128,8,0,16,36,0,tcp_write,/Users/swchen.tw/git/percepio/poc/runs/tcp-workload-matrix-v1/A08-baseline/build/tcp_out.o,
by_pc,2147513452,8,8,16,24,8,0,0,0,0,tcp_write,/Users/swchen.tw/git/percepio/poc/runs/tcp-workload-matrix-v1/A08-baseline/build/tcp_out.o,
by_pc,2147513454,8,8,16,24,8,0,0,0,0,tcp_write,/Users/swchen.tw/git/percepio/poc/runs/tcp-workload-matrix-v1/A08-baseline/build/tcp_out.o,
by_pc,2147513456,8,8,16,24,8,0,0,0,0,tcp_write,/Users/swchen.tw/git/percepio/poc/runs/tcp-workload-matrix-v1/A08-baseline/build/tcp_out.o,
by_pc,2147513458,8,8,16,24,8,0,0,0,0,tcp_write,/Users/swchen.tw/git/percepio/poc/runs/tcp-workload-matrix-v1/A08-baseline/build/tcp_out.o,
by_pc,2147513466,8,8,16,24,8,0,0,0,0,tcp_write,/Users/swchen.tw/git/percepio/poc/runs/tcp-workload-matrix-v1/A08-baseline/build/tcp_out.o,
by_pc,2147513470,8,8,16,24,8,0,0,0,0,tcp_write,/Users/swchen.tw/git/percepio/poc/runs/tcp-workload-matrix-v1/A08-baseline/build/tcp_out.o,
by_pc,2147513472,8,220,440,448,8,8,80,36,88,tcp_write,/Users/swchen.tw/git/percepio/poc/runs/tcp-workload-matrix-v1/A08-baseline/build/tcp_out.o,
by_pc,2147513474,8,16,32,40,8,8,0,0,0,tcp_write,/Users/swchen.tw/git/percepio/poc/runs/tcp-workload-matrix-v1/A08-baseline/build/tcp_out.o,
by_pc,2147513476,8,8,16,24,8,0,0,0,0,tcp_write,/Users/swchen.tw/git/percepio/poc/runs/tcp-workload-matrix-v1/A08-baseline/build/tcp_out.o,
by_pc,2147513534,8,16,32,40,8,8,0,0,0,tcp_write,/Users/swchen.tw/git/percepio/poc/runs/tcp-workload-matrix-v1/A08-baseline/build/tcp_out.o,
by_pc,2147513536,8,108,216,224,8,0,64,36,0,tcp_write,/Users/swchen.tw/git/percepio/poc/runs/tcp-workload-matrix-v1/A08-baseline/build/tcp_out.o,
by_pc,2147513538,8,8,16,24,8,0,0,0,0,tcp_write,/Users/swchen.tw/git/percepio/poc/runs/tcp-workload-matrix-v1/A08-baseline/build/tcp_out.o,
by_pc,2147513542,8,8,16,24,8,0,0,0,0,tcp_write,/Users/swchen.tw/git/percepio/poc/runs/tcp-workload-matrix-v1/A08-baseline/build/tcp_out.o,
by_pc,2147501838,8,8,16,24,8,0,0,0,0,pbuf_alloc,/Users/swchen.tw/git/percepio/poc/runs/tcp-workload-matrix-v1/A08-baseline/build/pbuf.o,
by_pc,2147501842,8,8,16,24,8,0,0,0,0,pbuf_alloc,/Users/swchen.tw/git/percepio/poc/runs/tcp-workload-matrix-v1/A08-baseline/build/pbuf.o,
by_pc,2147501844,8,8,16,24,8,0,0,0,0,pbuf_alloc,/Users/swchen.tw/git/percepio/poc/runs/tcp-workload-matrix-v1/A08-baseline/build/pbuf.o,
by_pc,2147501848,8,16,32,40,8,8,0,0,0,pbuf_alloc,/Users/swchen.tw/git/percepio/poc/runs/tcp-workload-matrix-v1/A08-baseline/build/pbuf.o,
by_pc,2147501850,8,16,32,40,8,8,0,0,0,pbuf_alloc,/Users/swchen.tw/git/percepio/poc/runs/tcp-workload-matrix-v1/A08-baseline/build/pbuf.o,
by_pc,2147501852,8,16,32,40,8,8,0,0,0,pbuf_alloc,/Users/swchen.tw/git/percepio/poc/runs/tcp-workload-matrix-v1/A08-baseline/build/pbuf.o,
by_pc,2147501854,8,16,32,40,8,8,0,0,0,pbuf_alloc,/Users/swchen.tw/git/percepio/poc/runs/tcp-workload-matrix-v1/A08-baseline/build/pbuf.o,
by_pc,2147501856,8,16,32,40,8,8,0,0,0,pbuf_alloc,/Users/swchen.tw/git/percepio/poc/runs/tcp-workload-matrix-v1/A08-baseline/build/pbuf.o,
by_pc,2147501858,8,16,32,40,8,8,0,0,0,pbuf_alloc,/Users/swchen.tw/git/percepio/poc/runs/tcp-workload-matrix-v1/A08-baseline/build/pbuf.o,
by_pc,2147501860,8,16,32,40,8,8,0,0,0,pbuf_alloc,/Users/swchen.tw/git/percepio/poc/runs/tcp-workload-matrix-v1/A08-baseline/build/pbuf.o,
by_pc,2147501862,8,8,16,24,8,0,0,0,0,pbuf_alloc,/Users/swchen.tw/git/percepio/poc/runs/tcp-workload-matrix-v1/A08-baseline/build/pbuf.o,
by_pc,2147501864,8,8,16,24,8,0,0,0,0,pbuf_alloc,/Users/swchen.tw/git/percepio/poc/runs/tcp-workload-matrix-v1/A08-baseline/build/pbuf.o,
by_pc,2147501866,8,8,16,24,8,0,0,0,0,pbuf_alloc,/Users/swchen.tw/git/percepio/poc/runs/tcp-workload-matrix-v1/A08-baseline/build/pbuf.o,
by_pc,2147501558,8,74,148,156,8,0,48,18,0,pbuf_alloc_reference,/Users/swchen.tw/git/percepio/poc/runs/tcp-workload-matrix-v1/A08-baseline/build/pbuf.o,
by_pc,2147501560,8,168,336,344,8,8,64,0,88,pbuf_alloc_reference,/Users/swchen.tw/git/percepio/poc/runs/tcp-workload-matrix-v1/A08-baseline/build/pbuf.o,
by_pc,2147501562,8,8,16,24,8,0,0,0,0,pbuf_alloc_reference,/Users/swchen.tw/git/percepio/poc/runs/tcp-workload-matrix-v1/A08-baseline/build/pbuf.o,
by_pc,2147501564,8,8,16,24,8,0,0,0,0,pbuf_alloc_reference,/Users/swchen.tw/git/percepio/poc/runs/tcp-workload-matrix-v1/A08-baseline/build/pbuf.o,
by_pc,2147501566,8,168,336,344,8,8,64,0,88,pbuf_alloc_reference,/Users/swchen.tw/git/percepio/poc/runs/tcp-workload-matrix-v1/A08-baseline/build/pbuf.o,
by_pc,2147501568,8,220,440,448,8,8,80,36,88,pbuf_alloc_reference,/Users/swchen.tw/git/percepio/poc/runs/tcp-workload-matrix-v1/A08-baseline/build/pbuf.o,
by_pc,2147501570,8,168,336,344,8,8,64,0,88,pbuf_alloc_reference,/Users/swchen.tw/git/percepio/poc/runs/tcp-workload-matrix-v1/A08-baseline/build/pbuf.o,
by_pc,2147501572,8,8,16,24,8,0,0,0,0,pbuf_alloc_reference,/Users/swchen.tw/git/percepio/poc/runs/tcp-workload-matrix-v1/A08-baseline/build/pbuf.o,
by_pc,2147501576,8,8,16,24,8,0,0,0,0,pbuf_alloc_reference,/Users/swchen.tw/git/percepio/poc/runs/tcp-workload-matrix-v1/A08-baseline/build/pbuf.o,
by_pc,2147501578,8,16,32,40,8,8,0,0,0,pbuf_alloc_reference,/Users/swchen.tw/git/percepio/poc/runs/tcp-workload-matrix-v1/A08-baseline/build/pbuf.o,
by_pc,2147501580,8,16,32,40,8,8,0,0,0,pbuf_alloc_reference,/Users/swchen.tw/git/percepio/poc/runs/tcp-workload-matrix-v1/A08-baseline/build/pbuf.o,
by_pc,2147501582,8,8,16,24,8,0,0,0,0,pbuf_alloc_reference,/Users/swchen.tw/git/percepio/poc/runs/tcp-workload-matrix-v1/A08-baseline/build/pbuf.o,
by_pc,2147501584,8,168,336,344,8,8,64,0,88,pbuf_alloc_reference,/Users/swchen.tw/git/percepio/poc/runs/tcp-workload-matrix-v1/A08-baseline/build/pbuf.o,
by_pc,2147501588,8,168,336,344,8,8,64,0,88,pbuf_alloc_reference,/Users/swchen.tw/git/percepio/poc/runs/tcp-workload-matrix-v1/A08-baseline/build/pbuf.o,
by_pc,2147501590,8,168,336,344,8,8,64,0,88,pbuf_alloc_reference,/Users/swchen.tw/git/percepio/poc/runs/tcp-workload-matrix-v1/A08-baseline/build/pbuf.o,
by_pc,2147501594,8,168,336,344,8,8,64,0,88,pbuf_alloc_reference,/Users/swchen.tw/git/percepio/poc/runs/tcp-workload-matrix-v1/A08-baseline/build/pbuf.o,
by_pc,2147501598,8,168,336,344,8,8,64,0,88,pbuf_alloc_reference,/Users/swchen.tw/git/percepio/poc/runs/tcp-workload-matrix-v1/A08-baseline/build/pbuf.o,
by_pc,2147501602,8,168,336,344,8,8,64,0,88,pbuf_alloc_reference,/Users/swchen.tw/git/percepio/poc/runs/tcp-workload-matrix-v1/A08-baseline/build/pbuf.o,
by_pc,2147501606,8,168,336,344,8,8,64,0,88,pbuf_alloc_reference,/Users/swchen.tw/git/percepio/poc/runs/tcp-workload-matrix-v1/A08-baseline/build/pbuf.o,
by_pc,2147501610,8,16,32,40,8,8,0,0,0,pbuf_alloc_reference,/Users/swchen.tw/git/percepio/poc/runs/tcp-workload-matrix-v1/A08-baseline/build/pbuf.o,
by_pc,2147501612,8,16,32,40,8,8,0,0,0,pbuf_alloc_reference,/Users/swchen.tw/git/percepio/poc/runs/tcp-workload-matrix-v1/A08-baseline/build/pbuf.o,
by_pc,2147501614,8,8,16,24,8,0,0,0,0,pbuf_alloc_reference,/Users/swchen.tw/git/percepio/poc/runs/tcp-workload-matrix-v1/A08-baseline/build/pbuf.o,
by_pc,2147501616,8,8,16,24,8,0,0,0,0,pbuf_alloc_reference,/Users/swchen.tw/git/percepio/poc/runs/tcp-workload-matrix-v1/A08-baseline/build/pbuf.o,
by_pc,2147513546,8,8,16,24,8,0,0,0,0,tcp_write,/Users/swchen.tw/git/percepio/poc/runs/tcp-workload-matrix-v1/A08-baseline/build/tcp_out.o,
by_pc,2147513548,8,8,16,24,8,0,0,0,0,tcp_write,/Users/swchen.tw/git/percepio/poc/runs/tcp-workload-matrix-v1/A08-baseline/build/tcp_out.o,
by_pc,2147513552,8,168,336,344,8,8,64,0,88,tcp_write,/Users/swchen.tw/git/percepio/poc/runs/tcp-workload-matrix-v1/A08-baseline/build/tcp_out.o,
by_pc,2147513554,8,168,336,344,8,8,64,0,88,tcp_write,/Users/swchen.tw/git/percepio/poc/runs/tcp-workload-matrix-v1/A08-baseline/build/tcp_out.o,
by_pc,2147513556,8,8,16,24,8,0,0,0,0,tcp_write,/Users/swchen.tw/git/percepio/poc/runs/tcp-workload-matrix-v1/A08-baseline/build/tcp_out.o,
by_pc,2147513560,8,8,16,24,8,0,0,0,0,tcp_write,/Users/swchen.tw/git/percepio/poc/runs/tcp-workload-matrix-v1/A08-baseline/build/tcp_out.o,
by_pc,2147513562,8,8,16,24,8,0,0,0,0,tcp_write,/Users/swchen.tw/git/percepio/poc/runs/tcp-workload-matrix-v1/A08-baseline/build/tcp_out.o,
by_pc,2147513566,8,8,16,24,8,0,0,0,0,tcp_write,/Users/swchen.tw/git/percepio/poc/runs/tcp-workload-matrix-v1/A08-baseline/build/tcp_out.o,
by_pc,2147513570,8,16,32,40,8,8,0,0,0,tcp_write,/Users/swchen.tw/git/percepio/poc/runs/tcp-workload-matrix-v1/A08-baseline/build/tcp_out.o,
by_pc,2147513572,8,8,16,24,8,0,0,0,0,tcp_write,/Users/swchen.tw/git/percepio/poc/runs/tcp-workload-matrix-v1/A08-baseline/build/tcp_out.o,
by_pc,2147513574,8,8,16,24,8,0,0,0,0,tcp_write,/Users/swchen.tw/git/percepio/poc/runs/tcp-workload-matrix-v1/A08-baseline/build/tcp_out.o,
by_pc,2147513636,8,108,216,224,8,0,64,36,0,tcp_write,/Users/swchen.tw/git/percepio/poc/runs/tcp-workload-matrix-v1/A08-baseline/build/tcp_out.o,
by_pc,2147513638,8,8,16,24,8,0,0,0,0,tcp_write,/Users/swchen.tw/git/percepio/poc/runs/tcp-workload-matrix-v1/A08-baseline/build/tcp_out.o,
by_pc,2147502226,8,8,16,24,8,0,0,0,0,pbuf_cat,/Users/swchen.tw/git/percepio/poc/runs/tcp-workload-matrix-v1/A08-baseline/build/pbuf.o,
by_pc,2147502228,8,8,16,24,8,0,0,0,0,pbuf_cat,/Users/swchen.tw/git/percepio/poc/runs/tcp-workload-matrix-v1/A08-baseline/build/pbuf.o,
by_pc,2147502234,8,16,32,40,8,8,0,0,0,pbuf_cat,/Users/swchen.tw/git/percepio/poc/runs/tcp-workload-matrix-v1/A08-baseline/build/pbuf.o,
by_pc,2147502238,8,16,32,40,8,8,0,0,0,pbuf_cat,/Users/swchen.tw/git/percepio/poc/runs/tcp-workload-matrix-v1/A08-baseline/build/pbuf.o,
by_pc,2147502242,8,16,32,40,8,8,0,0,0,pbuf_cat,/Users/swchen.tw/git/percepio/poc/runs/tcp-workload-matrix-v1/A08-baseline/build/pbuf.o,
by_pc,2147502244,8,8,16,24,8,0,0,0,0,pbuf_cat,/Users/swchen.tw/git/percepio/poc/runs/tcp-workload-matrix-v1/A08-baseline/build/pbuf.o,
by_pc,2147502246,8,168,336,344,8,8,64,0,88,pbuf_cat,/Users/swchen.tw/git/percepio/poc/runs/tcp-workload-matrix-v1/A08-baseline/build/pbuf.o,
by_pc,2147502250,8,8,16,24,8,0,0,0,0,pbuf_cat,/Users/swchen.tw/git/percepio/poc/runs/tcp-workload-matrix-v1/A08-baseline/build/pbuf.o,
by_pc,2147502252,8,168,336,344,8,8,64,0,88,pbuf_cat,/Users/swchen.tw/git/percepio/poc/runs/tcp-workload-matrix-v1/A08-baseline/build/pbuf.o,
by_pc,2147502254,8,8,16,24,8,0,0,0,0,pbuf_cat,/Users/swchen.tw/git/percepio/poc/runs/tcp-workload-matrix-v1/A08-baseline/build/pbuf.o,
by_pc,2147513642,8,8,16,24,8,0,0,0,0,tcp_write,/Users/swchen.tw/git/percepio/poc/runs/tcp-workload-matrix-v1/A08-baseline/build/tcp_out.o,
by_pc,2147513508,8,8,16,24,8,0,0,0,0,tcp_write,/Users/swchen.tw/git/percepio/poc/runs/tcp-workload-matrix-v1/A08-baseline/build/tcp_out.o,
by_pc,2147513510,8,8,16,24,8,0,0,0,0,tcp_write,/Users/swchen.tw/git/percepio/poc/runs/tcp-workload-matrix-v1/A08-baseline/build/tcp_out.o,
by_pc,2147513514,8,8,16,24,8,0,0,0,0,tcp_write,/Users/swchen.tw/git/percepio/poc/runs/tcp-workload-matrix-v1/A08-baseline/build/tcp_out.o,
by_pc,2147513516,8,8,16,24,8,0,0,0,0,tcp_write,/Users/swchen.tw/git/percepio/poc/runs/tcp-workload-matrix-v1/A08-baseline/build/tcp_out.o,
by_pc,2147513520,8,8,16,24,8,0,0,0,0,tcp_write,/Users/swchen.tw/git/percepio/poc/runs/tcp-workload-matrix-v1/A08-baseline/build/tcp_out.o,
by_pc,2147513524,8,8,16,24,8,0,0,0,0,tcp_write,/Users/swchen.tw/git/percepio/poc/runs/tcp-workload-matrix-v1/A08-baseline/build/tcp_out.o,
by_pc,2147513526,8,8,16,24,8,0,0,0,0,tcp_write,/Users/swchen.tw/git/percepio/poc/runs/tcp-workload-matrix-v1/A08-baseline/build/tcp_out.o,
by_pc,2147513644,8,16,32,40,8,8,0,0,0,tcp_write,/Users/swchen.tw/git/percepio/poc/runs/tcp-workload-matrix-v1/A08-baseline/build/tcp_out.o,
by_pc,2147513646,8,8,16,24,8,0,0,0,0,tcp_write,/Users/swchen.tw/git/percepio/poc/runs/tcp-workload-matrix-v1/A08-baseline/build/tcp_out.o,
by_pc,2147513648,8,8,16,24,8,0,0,0,0,tcp_write,/Users/swchen.tw/git/percepio/poc/runs/tcp-workload-matrix-v1/A08-baseline/build/tcp_out.o,
by_pc,2147513650,8,8,16,24,8,0,0,0,0,tcp_write,/Users/swchen.tw/git/percepio/poc/runs/tcp-workload-matrix-v1/A08-baseline/build/tcp_out.o,
by_pc,2147513652,8,8,16,24,8,0,0,0,0,tcp_write,/Users/swchen.tw/git/percepio/poc/runs/tcp-workload-matrix-v1/A08-baseline/build/tcp_out.o,
by_pc,2147513654,8,8,16,24,8,0,0,0,0,tcp_write,/Users/swchen.tw/git/percepio/poc/runs/tcp-workload-matrix-v1/A08-baseline/build/tcp_out.o,
by_pc,2147513656,8,8,16,24,8,0,0,0,0,tcp_write,/Users/swchen.tw/git/percepio/poc/runs/tcp-workload-matrix-v1/A08-baseline/build/tcp_out.o,
by_pc,2147513660,8,8,16,24,8,0,0,0,0,tcp_write,/Users/swchen.tw/git/percepio/poc/runs/tcp-workload-matrix-v1/A08-baseline/build/tcp_out.o,
by_pc,2147513662,8,8,16,24,8,0,0,0,0,tcp_write,/Users/swchen.tw/git/percepio/poc/runs/tcp-workload-matrix-v1/A08-baseline/build/tcp_out.o,
by_pc,2147513664,8,8,16,24,8,0,0,0,0,tcp_write,/Users/swchen.tw/git/percepio/poc/runs/tcp-workload-matrix-v1/A08-baseline/build/tcp_out.o,
by_pc,2147513722,8,8,16,24,8,0,0,0,0,tcp_write,/Users/swchen.tw/git/percepio/poc/runs/tcp-workload-matrix-v1/A08-baseline/build/tcp_out.o,
by_pc,2147513724,8,8,16,24,8,0,0,0,0,tcp_write,/Users/swchen.tw/git/percepio/poc/runs/tcp-workload-matrix-v1/A08-baseline/build/tcp_out.o,
by_pc,2147513672,8,16,32,40,8,8,0,0,0,tcp_write,/Users/swchen.tw/git/percepio/poc/runs/tcp-workload-matrix-v1/A08-baseline/build/tcp_out.o,
by_pc,2147513674,8,168,336,344,8,8,64,0,88,tcp_write,/Users/swchen.tw/git/percepio/poc/runs/tcp-workload-matrix-v1/A08-baseline/build/tcp_out.o,
by_pc,2147513676,8,8,16,24,8,0,0,0,0,tcp_write,/Users/swchen.tw/git/percepio/poc/runs/tcp-workload-matrix-v1/A08-baseline/build/tcp_out.o,
by_pc,2147513678,8,8,16,24,8,0,0,0,0,tcp_write,/Users/swchen.tw/git/percepio/poc/runs/tcp-workload-matrix-v1/A08-baseline/build/tcp_out.o,
by_pc,2147513682,8,8,16,24,8,0,0,0,0,tcp_write,/Users/swchen.tw/git/percepio/poc/runs/tcp-workload-matrix-v1/A08-baseline/build/tcp_out.o,
by_pc,2147513690,8,8,16,24,8,0,0,0,0,tcp_write,/Users/swchen.tw/git/percepio/poc/runs/tcp-workload-matrix-v1/A08-baseline/build/tcp_out.o,
by_pc,2147513742,8,8,16,24,8,0,0,0,0,tcp_write,/Users/swchen.tw/git/percepio/poc/runs/tcp-workload-matrix-v1/A08-baseline/build/tcp_out.o,
by_pc,2147513790,8,116,232,240,16,0,64,36,0,tcp_write,/Users/swchen.tw/git/percepio/poc/runs/tcp-workload-matrix-v1/A08-baseline/build/tcp_out.o,
by_pc,2147513794,8,168,336,344,8,8,64,0,88,tcp_write,/Users/swchen.tw/git/percepio/poc/runs/tcp-workload-matrix-v1/A08-baseline/build/tcp_out.o,
by_pc,2147513798,8,16,32,40,8,8,0,0,0,tcp_write,/Users/swchen.tw/git/percepio/poc/runs/tcp-workload-matrix-v1/A08-baseline/build/tcp_out.o,
by_pc,2147513800,8,168,336,344,8,8,64,0,88,tcp_write,/Users/swchen.tw/git/percepio/poc/runs/tcp-workload-matrix-v1/A08-baseline/build/tcp_out.o,
by_pc,2147513804,8,8,16,24,8,0,0,0,0,tcp_write,/Users/swchen.tw/git/percepio/poc/runs/tcp-workload-matrix-v1/A08-baseline/build/tcp_out.o,
by_pc,2147513806,8,168,336,344,8,8,64,0,88,tcp_write,/Users/swchen.tw/git/percepio/poc/runs/tcp-workload-matrix-v1/A08-baseline/build/tcp_out.o,
by_pc,2147513808,8,16,32,40,8,8,0,0,0,tcp_write,/Users/swchen.tw/git/percepio/poc/runs/tcp-workload-matrix-v1/A08-baseline/build/tcp_out.o,
by_pc,2147513812,8,8,16,24,8,0,0,0,0,tcp_write,/Users/swchen.tw/git/percepio/poc/runs/tcp-workload-matrix-v1/A08-baseline/build/tcp_out.o,
by_pc,2147513816,8,168,336,344,8,8,64,0,88,tcp_write,/Users/swchen.tw/git/percepio/poc/runs/tcp-workload-matrix-v1/A08-baseline/build/tcp_out.o,
by_pc,2147513820,8,8,16,24,8,0,0,0,0,tcp_write,/Users/swchen.tw/git/percepio/poc/runs/tcp-workload-matrix-v1/A08-baseline/build/tcp_out.o,
by_pc,2147513824,8,16,32,40,8,8,0,0,0,tcp_write,/Users/swchen.tw/git/percepio/poc/runs/tcp-workload-matrix-v1/A08-baseline/build/tcp_out.o,
by_pc,2147513828,8,8,16,24,8,0,0,0,0,tcp_write,/Users/swchen.tw/git/percepio/poc/runs/tcp-workload-matrix-v1/A08-baseline/build/tcp_out.o,
by_pc,2147513834,8,8,16,24,8,0,0,0,0,tcp_write,/Users/swchen.tw/git/percepio/poc/runs/tcp-workload-matrix-v1/A08-baseline/build/tcp_out.o,
by_pc,2147513838,8,8,16,24,8,0,0,0,0,tcp_write,/Users/swchen.tw/git/percepio/poc/runs/tcp-workload-matrix-v1/A08-baseline/build/tcp_out.o,
by_pc,2147513842,8,16,32,40,8,8,0,0,0,tcp_write,/Users/swchen.tw/git/percepio/poc/runs/tcp-workload-matrix-v1/A08-baseline/build/tcp_out.o,
by_pc,2147513846,8,16,32,40,8,8,0,0,0,tcp_write,/Users/swchen.tw/git/percepio/poc/runs/tcp-workload-matrix-v1/A08-baseline/build/tcp_out.o,
by_pc,2147513850,8,8,16,24,8,0,0,0,0,tcp_write,/Users/swchen.tw/git/percepio/poc/runs/tcp-workload-matrix-v1/A08-baseline/build/tcp_out.o,
by_pc,2147513852,8,8,16,24,8,0,0,0,0,tcp_write,/Users/swchen.tw/git/percepio/poc/runs/tcp-workload-matrix-v1/A08-baseline/build/tcp_out.o,
by_pc,2147513856,8,108,216,224,8,0,64,36,0,tcp_write,/Users/swchen.tw/git/percepio/poc/runs/tcp-workload-matrix-v1/A08-baseline/build/tcp_out.o,
by_pc,2147513858,8,8,16,24,8,0,0,0,0,tcp_write,/Users/swchen.tw/git/percepio/poc/runs/tcp-workload-matrix-v1/A08-baseline/build/tcp_out.o,
by_pc,2147513862,8,16,32,40,8,8,0,0,0,tcp_write,/Users/swchen.tw/git/percepio/poc/runs/tcp-workload-matrix-v1/A08-baseline/build/tcp_out.o,
by_pc,2147513866,8,8,16,24,8,0,0,0,0,tcp_write,/Users/swchen.tw/git/percepio/poc/runs/tcp-workload-matrix-v1/A08-baseline/build/tcp_out.o,
by_pc,2147513868,8,168,336,344,8,8,64,0,88,tcp_write,/Users/swchen.tw/git/percepio/poc/runs/tcp-workload-matrix-v1/A08-baseline/build/tcp_out.o,
by_pc,2147513872,8,8,16,24,8,0,0,0,0,tcp_write,/Users/swchen.tw/git/percepio/poc/runs/tcp-workload-matrix-v1/A08-baseline/build/tcp_out.o,
by_pc,2147513874,8,168,336,344,8,8,64,0,88,tcp_write,/Users/swchen.tw/git/percepio/poc/runs/tcp-workload-matrix-v1/A08-baseline/build/tcp_out.o,
by_pc,2147513878,8,8,16,24,8,0,0,0,0,tcp_write,/Users/swchen.tw/git/percepio/poc/runs/tcp-workload-matrix-v1/A08-baseline/build/tcp_out.o,
by_pc,2147513830,8,8,16,24,8,0,0,0,0,tcp_write,/Users/swchen.tw/git/percepio/poc/runs/tcp-workload-matrix-v1/A08-baseline/build/tcp_out.o,
by_pc,2147513832,8,8,16,24,8,0,0,0,0,tcp_write,/Users/swchen.tw/git/percepio/poc/runs/tcp-workload-matrix-v1/A08-baseline/build/tcp_out.o,
by_pc,2147513186,8,16,32,40,8,8,0,0,0,tcp_write,/Users/swchen.tw/git/percepio/poc/runs/tcp-workload-matrix-v1/A08-baseline/build/tcp_out.o,
by_pc,2147513188,8,16,32,40,8,8,0,0,0,tcp_write,/Users/swchen.tw/git/percepio/poc/runs/tcp-workload-matrix-v1/A08-baseline/build/tcp_out.o,
by_pc,2147513190,8,16,32,40,8,8,0,0,0,tcp_write,/Users/swchen.tw/git/percepio/poc/runs/tcp-workload-matrix-v1/A08-baseline/build/tcp_out.o,
by_pc,2147513192,8,16,32,40,8,8,0,0,0,tcp_write,/Users/swchen.tw/git/percepio/poc/runs/tcp-workload-matrix-v1/A08-baseline/build/tcp_out.o,
by_pc,2147513194,8,16,32,40,8,8,0,0,0,tcp_write,/Users/swchen.tw/git/percepio/poc/runs/tcp-workload-matrix-v1/A08-baseline/build/tcp_out.o,
by_pc,2147513196,8,16,32,40,8,8,0,0,0,tcp_write,/Users/swchen.tw/git/percepio/poc/runs/tcp-workload-matrix-v1/A08-baseline/build/tcp_out.o,
by_pc,2147513198,8,16,32,40,8,8,0,0,0,tcp_write,/Users/swchen.tw/git/percepio/poc/runs/tcp-workload-matrix-v1/A08-baseline/build/tcp_out.o,
by_pc,2147513200,8,16,32,40,8,8,0,0,0,tcp_write,/Users/swchen.tw/git/percepio/poc/runs/tcp-workload-matrix-v1/A08-baseline/build/tcp_out.o,
by_pc,2147513202,8,16,32,40,8,8,0,0,0,tcp_write,/Users/swchen.tw/git/percepio/poc/runs/tcp-workload-matrix-v1/A08-baseline/build/tcp_out.o,
by_pc,2147513204,8,16,32,40,8,8,0,0,0,tcp_write,/Users/swchen.tw/git/percepio/poc/runs/tcp-workload-matrix-v1/A08-baseline/build/tcp_out.o,
by_pc,2147513206,8,16,32,40,8,8,0,0,0,tcp_write,/Users/swchen.tw/git/percepio/poc/runs/tcp-workload-matrix-v1/A08-baseline/build/tcp_out.o,
by_pc,2147513208,8,16,32,40,8,8,0,0,0,tcp_write,/Users/swchen.tw/git/percepio/poc/runs/tcp-workload-matrix-v1/A08-baseline/build/tcp_out.o,
by_pc,2147513210,8,16,32,40,8,8,0,0,0,tcp_write,/Users/swchen.tw/git/percepio/poc/runs/tcp-workload-matrix-v1/A08-baseline/build/tcp_out.o,
by_pc,2147513212,8,8,16,24,8,0,0,0,0,tcp_write,/Users/swchen.tw/git/percepio/poc/runs/tcp-workload-matrix-v1/A08-baseline/build/tcp_out.o,
by_pc,2147513214,8,8,16,24,8,0,0,0,0,tcp_write,/Users/swchen.tw/git/percepio/poc/runs/tcp-workload-matrix-v1/A08-baseline/build/tcp_out.o,
by_pc,2147498522,8,8,16,24,8,0,0,0,0,session_task,/Users/swchen.tw/git/percepio/poc/runs/tcp-workload-matrix-v1/A08-baseline/build/tcp_request_response_irq.o,
by_pc,2147498540,8,16,32,40,8,8,0,0,0,session_task,/Users/swchen.tw/git/percepio/poc/runs/tcp-workload-matrix-v1/A08-baseline/build/tcp_request_response_irq.o,
by_pc,2147498544,8,8,16,24,8,0,0,0,0,session_task,/Users/swchen.tw/git/percepio/poc/runs/tcp-workload-matrix-v1/A08-baseline/build/tcp_request_response_irq.o,
by_pc,2147498548,8,8,16,24,8,0,0,0,0,session_task,/Users/swchen.tw/git/percepio/poc/runs/tcp-workload-matrix-v1/A08-baseline/build/tcp_request_response_irq.o,
by_pc,2147498566,8,50,100,108,8,8,16,18,0,session_task,/Users/swchen.tw/git/percepio/poc/runs/tcp-workload-matrix-v1/A08-baseline/build/tcp_request_response_irq.o,
by_pc,2147498568,8,8,16,24,8,0,0,0,0,session_task,/Users/swchen.tw/git/percepio/poc/runs/tcp-workload-matrix-v1/A08-baseline/build/tcp_request_response_irq.o,
by_pc,2147498572,8,8,16,24,8,0,0,0,0,session_task,/Users/swchen.tw/git/percepio/poc/runs/tcp-workload-matrix-v1/A08-baseline/build/tcp_request_response_irq.o,
by_pc,2147498576,8,8,16,24,8,0,0,0,0,session_task,/Users/swchen.tw/git/percepio/poc/runs/tcp-workload-matrix-v1/A08-baseline/build/tcp_request_response_irq.o,
by_pc,2147498580,8,16,32,40,8,8,0,0,0,session_task,/Users/swchen.tw/git/percepio/poc/runs/tcp-workload-matrix-v1/A08-baseline/build/tcp_request_response_irq.o,
by_pc,2147498582,8,8,16,24,8,0,0,0,0,session_task,/Users/swchen.tw/git/percepio/poc/runs/tcp-workload-matrix-v1/A08-baseline/build/tcp_request_response_irq.o,
by_pc,2147498584,8,8,16,24,8,0,0,0,0,session_task,/Users/swchen.tw/git/percepio/poc/runs/tcp-workload-matrix-v1/A08-baseline/build/tcp_request_response_irq.o,
by_pc,2147498588,8,8,16,24,8,0,0,0,0,session_task,/Users/swchen.tw/git/percepio/poc/runs/tcp-workload-matrix-v1/A08-baseline/build/tcp_request_response_irq.o,
by_pc,2147495814,8,16,32,40,8,8,0,0,0,consume,/Users/swchen.tw/git/percepio/poc/runs/tcp-workload-matrix-v1/A08-baseline/build/tcp_request_response_irq.o,
by_pc,2147495818,8,8,16,24,8,0,0,0,0,consume,/Users/swchen.tw/git/percepio/poc/runs/tcp-workload-matrix-v1/A08-baseline/build/tcp_request_response_irq.o,
by_pc,2147495822,8,8,16,24,8,0,0,0,0,consume,/Users/swchen.tw/git/percepio/poc/runs/tcp-workload-matrix-v1/A08-baseline/build/tcp_request_response_irq.o,
by_pc,2147495826,8,8,16,24,8,0,0,0,0,consume,/Users/swchen.tw/git/percepio/poc/runs/tcp-workload-matrix-v1/A08-baseline/build/tcp_request_response_irq.o,
by_pc,2147495830,8,8,16,24,8,0,0,0,0,consume,/Users/swchen.tw/git/percepio/poc/runs/tcp-workload-matrix-v1/A08-baseline/build/tcp_request_response_irq.o,
by_pc,2147495832,8,8,16,24,8,0,0,0,0,consume,/Users/swchen.tw/git/percepio/poc/runs/tcp-workload-matrix-v1/A08-baseline/build/tcp_request_response_irq.o,
by_pc,2147495834,8,8,16,24,8,0,0,0,0,consume,/Users/swchen.tw/git/percepio/poc/runs/tcp-workload-matrix-v1/A08-baseline/build/tcp_request_response_irq.o,
by_pc,2147495838,8,8,16,24,8,0,0,0,0,consume,/Users/swchen.tw/git/percepio/poc/runs/tcp-workload-matrix-v1/A08-baseline/build/tcp_request_response_irq.o,
by_pc,2147495842,8,8,16,24,8,0,0,0,0,consume,/Users/swchen.tw/git/percepio/poc/runs/tcp-workload-matrix-v1/A08-baseline/build/tcp_request_response_irq.o,
by_pc,2147495846,8,8,16,24,8,0,0,0,0,consume,/Users/swchen.tw/git/percepio/poc/runs/tcp-workload-matrix-v1/A08-baseline/build/tcp_request_response_irq.o,
by_pc,2147495848,8,8,16,24,8,0,0,0,0,consume,/Users/swchen.tw/git/percepio/poc/runs/tcp-workload-matrix-v1/A08-baseline/build/tcp_request_response_irq.o,
by_pc,2147520016,8,90,180,188,8,0,64,18,0,memcmp,/Users/swchen.tw/git/percepio/poc/.tools/xpack-riscv-none-elf-gcc-15.2.0-1/bin/../lib/gcc/riscv-none-elf/15.2.0/../../../../riscv-none-elf/lib/libg_nano.a(libc_a-memcmp.o),
by_pc,2147520018,11688,11688,23376,35064,11688,0,0,0,0,memcmp,/Users/swchen.tw/git/percepio/poc/.tools/xpack-riscv-none-elf-gcc-15.2.0-1/bin/../lib/gcc/riscv-none-elf/15.2.0/../../../../riscv-none-elf/lib/libg_nano.a(libc_a-memcmp.o),
by_pc,2147520026,11680,11680,23360,35040,11680,0,0,0,0,memcmp,/Users/swchen.tw/git/percepio/poc/.tools/xpack-riscv-none-elf-gcc-15.2.0-1/bin/../lib/gcc/riscv-none-elf/15.2.0/../../../../riscv-none-elf/lib/libg_nano.a(libc_a-memcmp.o),
by_pc,2147520030,11680,11680,23360,35040,11680,0,0,0,0,memcmp,/Users/swchen.tw/git/percepio/poc/.tools/xpack-riscv-none-elf-gcc-15.2.0-1/bin/../lib/gcc/riscv-none-elf/15.2.0/../../../../riscv-none-elf/lib/libg_nano.a(libc_a-memcmp.o),
by_pc,2147520032,11680,11680,23360,35040,11680,0,0,0,0,memcmp,/Users/swchen.tw/git/percepio/poc/.tools/xpack-riscv-none-elf-gcc-15.2.0-1/bin/../lib/gcc/riscv-none-elf/15.2.0/../../../../riscv-none-elf/lib/libg_nano.a(libc_a-memcmp.o),
by_pc,2147520036,11680,23360,46720,58400,11680,11680,0,0,0,memcmp,/Users/swchen.tw/git/percepio/poc/.tools/xpack-riscv-none-elf-gcc-15.2.0-1/bin/../lib/gcc/riscv-none-elf/15.2.0/../../../../riscv-none-elf/lib/libg_nano.a(libc_a-memcmp.o),
by_pc,2147520040,11680,23360,46720,58400,11680,11680,0,0,0,memcmp,/Users/swchen.tw/git/percepio/poc/.tools/xpack-riscv-none-elf-gcc-15.2.0-1/bin/../lib/gcc/riscv-none-elf/15.2.0/../../../../riscv-none-elf/lib/libg_nano.a(libc_a-memcmp.o),
by_pc,2147520044,11680,11680,23360,35040,11680,0,0,0,0,memcmp,/Users/swchen.tw/git/percepio/poc/.tools/xpack-riscv-none-elf-gcc-15.2.0-1/bin/../lib/gcc/riscv-none-elf/15.2.0/../../../../riscv-none-elf/lib/libg_nano.a(libc_a-memcmp.o),
by_pc,2147520022,8,8,16,24,8,0,0,0,0,memcmp,/Users/swchen.tw/git/percepio/poc/.tools/xpack-riscv-none-elf-gcc-15.2.0-1/bin/../lib/gcc/riscv-none-elf/15.2.0/../../../../riscv-none-elf/lib/libg_nano.a(libc_a-memcmp.o),
by_pc,2147520024,8,8,16,24,8,0,0,0,0,memcmp,/Users/swchen.tw/git/percepio/poc/.tools/xpack-riscv-none-elf-gcc-15.2.0-1/bin/../lib/gcc/riscv-none-elf/15.2.0/../../../../riscv-none-elf/lib/libg_nano.a(libc_a-memcmp.o),
by_pc,2147495852,8,8,16,24,8,0,0,0,0,consume,/Users/swchen.tw/git/percepio/poc/runs/tcp-workload-matrix-v1/A08-baseline/build/tcp_request_response_irq.o,
by_pc,2147498592,8,16,32,40,8,8,0,0,0,session_task,/Users/swchen.tw/git/percepio/poc/runs/tcp-workload-matrix-v1/A08-baseline/build/tcp_request_response_irq.o,
by_pc,2147498594,8,16,32,40,8,8,0,0,0,session_task,/Users/swchen.tw/git/percepio/poc/runs/tcp-workload-matrix-v1/A08-baseline/build/tcp_request_response_irq.o,
by_pc,2147498596,8,8,16,24,8,0,0,0,0,session_task,/Users/swchen.tw/git/percepio/poc/runs/tcp-workload-matrix-v1/A08-baseline/build/tcp_request_response_irq.o,
by_pc,2147498600,8,8,16,24,8,0,0,0,0,session_task,/Users/swchen.tw/git/percepio/poc/runs/tcp-workload-matrix-v1/A08-baseline/build/tcp_request_response_irq.o,
by_pc,2147498604,8,8,16,24,8,0,0,0,0,session_task,/Users/swchen.tw/git/percepio/poc/runs/tcp-workload-matrix-v1/A08-baseline/build/tcp_request_response_irq.o,
by_pc,2147498608,8,8,16,24,8,0,0,0,0,session_task,/Users/swchen.tw/git/percepio/poc/runs/tcp-workload-matrix-v1/A08-baseline/build/tcp_request_response_irq.o,
by_pc,2147498610,8,8,16,24,8,0,0,0,0,session_task,/Users/swchen.tw/git/percepio/poc/runs/tcp-workload-matrix-v1/A08-baseline/build/tcp_request_response_irq.o,
by_pc,2147498612,8,8,16,24,8,0,0,0,0,session_task,/Users/swchen.tw/git/percepio/poc/runs/tcp-workload-matrix-v1/A08-baseline/build/tcp_request_response_irq.o,
by_pc,2147498614,8,168,336,344,8,8,64,0,88,session_task,/Users/swchen.tw/git/percepio/poc/runs/tcp-workload-matrix-v1/A08-baseline/build/tcp_request_response_irq.o,
by_pc,2147498616,8,8,16,24,8,0,0,0,0,session_task,/Users/swchen.tw/git/percepio/poc/runs/tcp-workload-matrix-v1/A08-baseline/build/tcp_request_response_irq.o,
by_pc,2147501788,8,8,16,24,8,0,0,0,0,pbuf_free,/Users/swchen.tw/git/percepio/poc/runs/tcp-workload-matrix-v1/A08-baseline/build/pbuf.o,
by_pc,2147501790,8,8,16,24,8,0,0,0,0,pbuf_free,/Users/swchen.tw/git/percepio/poc/runs/tcp-workload-matrix-v1/A08-baseline/build/pbuf.o,
by_pc,2147501758,8,8,16,24,8,0,0,0,0,pbuf_free,/Users/swchen.tw/git/percepio/poc/runs/tcp-workload-matrix-v1/A08-baseline/build/pbuf.o,
by_pc,2147501760,8,8,16,24,8,0,0,0,0,pbuf_free,/Users/swchen.tw/git/percepio/poc/runs/tcp-workload-matrix-v1/A08-baseline/build/pbuf.o,
by_pc,2147512112,8,16,32,40,8,8,0,0,0,tcp_input,/Users/swchen.tw/git/percepio/poc/runs/tcp-workload-matrix-v1/A08-baseline/build/tcp_in.o,
by_pc,2147512116,8,8,16,24,8,0,0,0,0,tcp_input,/Users/swchen.tw/git/percepio/poc/runs/tcp-workload-matrix-v1/A08-baseline/build/tcp_in.o,
by_pc,2147512156,8,80,160,168,8,8,64,0,0,tcp_input,/Users/swchen.tw/git/percepio/poc/runs/tcp-workload-matrix-v1/A08-baseline/build/tcp_in.o,
by_pc,2147512158,8,8,16,24,8,0,0,0,0,tcp_input,/Users/swchen.tw/git/percepio/poc/runs/tcp-workload-matrix-v1/A08-baseline/build/tcp_in.o,
by_pc,2147512160,8,8,16,24,8,0,0,0,0,tcp_input,/Users/swchen.tw/git/percepio/poc/runs/tcp-workload-matrix-v1/A08-baseline/build/tcp_in.o,
by_pc,2147494898,8,90,180,188,8,0,64,18,0,on_sent,/Users/swchen.tw/git/percepio/poc/runs/tcp-workload-matrix-v1/A08-baseline/build/tcp_request_response_irq.o,
by_pc,2147494900,8,168,336,344,8,8,64,0,88,on_sent,/Users/swchen.tw/git/percepio/poc/runs/tcp-workload-matrix-v1/A08-baseline/build/tcp_request_response_irq.o,
by_pc,2147494902,8,168,336,344,8,8,64,0,88,on_sent,/Users/swchen.tw/git/percepio/poc/runs/tcp-workload-matrix-v1/A08-baseline/build/tcp_request_response_irq.o,
by_pc,2147494904,8,8,16,24,8,0,0,0,0,on_sent,/Users/swchen.tw/git/percepio/poc/runs/tcp-workload-matrix-v1/A08-baseline/build/tcp_request_response_irq.o,
by_pc,2147494908,8,16,32,40,8,8,0,0,0,on_sent,/Users/swchen.tw/git/percepio/poc/runs/tcp-workload-matrix-v1/A08-baseline/build/tcp_request_response_irq.o,
by_pc,2147494910,8,80,160,168,16,0,64,0,0,on_sent,/Users/swchen.tw/git/percepio/poc/runs/tcp-workload-matrix-v1/A08-baseline/build/tcp_request_response_irq.o,
by_pc,2147494934,8,16,32,40,8,8,0,0,0,on_sent,/Users/swchen.tw/git/percepio/poc/runs/tcp-workload-matrix-v1/A08-baseline/build/tcp_request_response_irq.o,
by_pc,2147494936,8,8,16,24,8,0,0,0,0,on_sent,/Users/swchen.tw/git/percepio/poc/runs/tcp-workload-matrix-v1/A08-baseline/build/tcp_request_response_irq.o,
by_pc,2147494940,8,8,16,24,8,0,0,0,0,on_sent,/Users/swchen.tw/git/percepio/poc/runs/tcp-workload-matrix-v1/A08-baseline/build/tcp_request_response_irq.o,
by_pc,2147494942,8,8,16,24,8,0,0,0,0,on_sent,/Users/swchen.tw/git/percepio/poc/runs/tcp-workload-matrix-v1/A08-baseline/build/tcp_request_response_irq.o,
by_pc,2147494944,8,168,336,344,8,8,64,0,88,on_sent,/Users/swchen.tw/git/percepio/poc/runs/tcp-workload-matrix-v1/A08-baseline/build/tcp_request_response_irq.o,
by_pc,2147494946,8,16,32,40,8,8,0,0,0,on_sent,/Users/swchen.tw/git/percepio/poc/runs/tcp-workload-matrix-v1/A08-baseline/build/tcp_request_response_irq.o,
by_pc,2147494948,8,8,16,24,8,0,0,0,0,on_sent,/Users/swchen.tw/git/percepio/poc/runs/tcp-workload-matrix-v1/A08-baseline/build/tcp_request_response_irq.o,
by_pc,2147494950,8,168,336,344,8,8,64,0,88,on_sent,/Users/swchen.tw/git/percepio/poc/runs/tcp-workload-matrix-v1/A08-baseline/build/tcp_request_response_irq.o,
by_pc,2147494952,8,16,32,40,8,8,0,0,0,on_sent,/Users/swchen.tw/git/percepio/poc/runs/tcp-workload-matrix-v1/A08-baseline/build/tcp_request_response_irq.o,
by_pc,2147494954,8,16,32,40,8,8,0,0,0,on_sent,/Users/swchen.tw/git/percepio/poc/runs/tcp-workload-matrix-v1/A08-baseline/build/tcp_request_response_irq.o,
by_pc,2147494956,8,8,16,24,8,0,0,0,0,on_sent,/Users/swchen.tw/git/percepio/poc/runs/tcp-workload-matrix-v1/A08-baseline/build/tcp_request_response_irq.o,
by_pc,2147494958,8,8,16,24,8,0,0,0,0,on_sent,/Users/swchen.tw/git/percepio/poc/runs/tcp-workload-matrix-v1/A08-baseline/build/tcp_request_response_irq.o,
by_pc,2147512162,8,8,16,24,8,0,0,0,0,tcp_input,/Users/swchen.tw/git/percepio/poc/runs/tcp-workload-matrix-v1/A08-baseline/build/tcp_in.o,
by_pc,2147512164,8,8,16,24,8,0,0,0,0,tcp_input,/Users/swchen.tw/git/percepio/poc/runs/tcp-workload-matrix-v1/A08-baseline/build/tcp_in.o,
by_pc,2147512118,8,168,336,344,8,8,64,0,88,tcp_input,/Users/swchen.tw/git/percepio/poc/runs/tcp-workload-matrix-v1/A08-baseline/build/tcp_in.o,
by_pc,2147500188,10,20,40,50,10,10,0,0,0,mem_free,/Users/swchen.tw/git/percepio/poc/runs/tcp-workload-matrix-v1/A08-baseline/build/mem.o,
by_pc,2147500192,10,10,20,30,10,0,0,0,0,mem_free,/Users/swchen.tw/git/percepio/poc/runs/tcp-workload-matrix-v1/A08-baseline/build/mem.o,
by_pc,2147500198,10,20,40,50,10,10,0,0,0,mem_free,/Users/swchen.tw/git/percepio/poc/runs/tcp-workload-matrix-v1/A08-baseline/build/mem.o,
by_pc,2147500202,10,210,420,430,10,10,80,0,110,mem_free,/Users/swchen.tw/git/percepio/poc/runs/tcp-workload-matrix-v1/A08-baseline/build/mem.o,
by_pc,2147500206,10,10,20,30,10,0,0,0,0,mem_free,/Users/swchen.tw/git/percepio/poc/runs/tcp-workload-matrix-v1/A08-baseline/build/mem.o,
by_pc,2147500208,10,10,20,30,10,0,0,0,0,mem_free,/Users/swchen.tw/git/percepio/poc/runs/tcp-workload-matrix-v1/A08-baseline/build/mem.o,
by_pc,2147498620,8,16,32,40,8,8,0,0,0,session_task,/Users/swchen.tw/git/percepio/poc/runs/tcp-workload-matrix-v1/A08-baseline/build/tcp_request_response_irq.o,
by_pc,2147498624,8,42,84,92,8,0,16,18,0,session_task,/Users/swchen.tw/git/percepio/poc/runs/tcp-workload-matrix-v1/A08-baseline/build/tcp_request_response_irq.o,
by_pc,2147498626,8,16,32,40,8,8,0,0,0,session_task,/Users/swchen.tw/git/percepio/poc/runs/tcp-workload-matrix-v1/A08-baseline/build/tcp_request_response_irq.o,
by_pc,2147498630,8,8,16,24,8,0,0,0,0,session_task,/Users/swchen.tw/git/percepio/poc/runs/tcp-workload-matrix-v1/A08-baseline/build/tcp_request_response_irq.o,
by_pc,2147498632,8,16,32,40,8,8,0,0,0,session_task,/Users/swchen.tw/git/percepio/poc/runs/tcp-workload-matrix-v1/A08-baseline/build/tcp_request_response_irq.o,
by_pc,2147498636,8,16,32,40,8,8,0,0,0,session_task,/Users/swchen.tw/git/percepio/poc/runs/tcp-workload-matrix-v1/A08-baseline/build/tcp_request_response_irq.o,
by_pc,2147498640,8,8,16,24,8,0,0,0,0,session_task,/Users/swchen.tw/git/percepio/poc/runs/tcp-workload-matrix-v1/A08-baseline/build/tcp_request_response_irq.o,
by_pc,2147498642,8,8,16,24,8,0,0,0,0,session_task,/Users/swchen.tw/git/percepio/poc/runs/tcp-workload-matrix-v1/A08-baseline/build/tcp_request_response_irq.o,
by_pc,2147498644,8,8,16,24,8,0,0,0,0,session_task,/Users/swchen.tw/git/percepio/poc/runs/tcp-workload-matrix-v1/A08-baseline/build/tcp_request_response_irq.o,
by_pc,2147498646,8,8,16,24,8,0,0,0,0,session_task,/Users/swchen.tw/git/percepio/poc/runs/tcp-workload-matrix-v1/A08-baseline/build/tcp_request_response_irq.o,
by_pc,2147498650,8,8,16,24,8,0,0,0,0,session_task,/Users/swchen.tw/git/percepio/poc/runs/tcp-workload-matrix-v1/A08-baseline/build/tcp_request_response_irq.o,
by_pc,2147498670,8,8,16,24,8,0,0,0,0,session_task,/Users/swchen.tw/git/percepio/poc/runs/tcp-workload-matrix-v1/A08-baseline/build/tcp_request_response_irq.o,
by_pc,2147498672,8,8,16,24,8,0,0,0,0,session_task,/Users/swchen.tw/git/percepio/poc/runs/tcp-workload-matrix-v1/A08-baseline/build/tcp_request_response_irq.o,
by_pc,2147498674,8,8,16,24,8,0,0,0,0,session_task,/Users/swchen.tw/git/percepio/poc/runs/tcp-workload-matrix-v1/A08-baseline/build/tcp_request_response_irq.o,
by_pc,2147519232,4,46,92,96,4,0,24,18,0,unresolved@/Users/swchen.tw/git/percepio/poc/runs/tcp-workload-matrix-v1/A08-baseline/build/portASM.o:2147519232,/Users/swchen.tw/git/percepio/poc/runs/tcp-workload-matrix-v1/A08-baseline/build/portASM.o,
by_pc,2147519236,4,84,168,172,4,4,32,0,44,unresolved@/Users/swchen.tw/git/percepio/poc/runs/tcp-workload-matrix-v1/A08-baseline/build/portASM.o:2147519232,/Users/swchen.tw/git/percepio/poc/runs/tcp-workload-matrix-v1/A08-baseline/build/portASM.o,
by_pc,2147519238,4,84,168,172,4,4,32,0,44,unresolved@/Users/swchen.tw/git/percepio/poc/runs/tcp-workload-matrix-v1/A08-baseline/build/portASM.o:2147519232,/Users/swchen.tw/git/percepio/poc/runs/tcp-workload-matrix-v1/A08-baseline/build/portASM.o,
by_pc,2147519240,4,84,168,172,4,4,32,0,44,unresolved@/Users/swchen.tw/git/percepio/poc/runs/tcp-workload-matrix-v1/A08-baseline/build/portASM.o:2147519232,/Users/swchen.tw/git/percepio/poc/runs/tcp-workload-matrix-v1/A08-baseline/build/portASM.o,
by_pc,2147519242,4,84,168,172,4,4,32,0,44,unresolved@/Users/swchen.tw/git/percepio/poc/runs/tcp-workload-matrix-v1/A08-baseline/build/portASM.o:2147519232,/Users/swchen.tw/git/percepio/poc/runs/tcp-workload-matrix-v1/A08-baseline/build/portASM.o,
by_pc,2147519244,4,84,168,172,4,4,32,0,44,unresolved@/Users/swchen.tw/git/percepio/poc/runs/tcp-workload-matrix-v1/A08-baseline/build/portASM.o:2147519232,/Users/swchen.tw/git/percepio/poc/runs/tcp-workload-matrix-v1/A08-baseline/build/portASM.o,
by_pc,2147519246,4,84,168,172,4,4,32,0,44,unresolved@/Users/swchen.tw/git/percepio/poc/runs/tcp-workload-matrix-v1/A08-baseline/build/portASM.o:2147519232,/Users/swchen.tw/git/percepio/poc/runs/tcp-workload-matrix-v1/A08-baseline/build/portASM.o,
by_pc,2147519248,4,84,168,172,4,4,32,0,44,unresolved@/Users/swchen.tw/git/percepio/poc/runs/tcp-workload-matrix-v1/A08-baseline/build/portASM.o:2147519232,/Users/swchen.tw/git/percepio/poc/runs/tcp-workload-matrix-v1/A08-baseline/build/portASM.o,
by_pc,2147519250,4,84,168,172,4,4,32,0,44,unresolved@/Users/swchen.tw/git/percepio/poc/runs/tcp-workload-matrix-v1/A08-baseline/build/portASM.o:2147519232,/Users/swchen.tw/git/percepio/poc/runs/tcp-workload-matrix-v1/A08-baseline/build/portASM.o,
by_pc,2147519252,4,84,168,172,4,4,32,0,44,unresolved@/Users/swchen.tw/git/percepio/poc/runs/tcp-workload-matrix-v1/A08-baseline/build/portASM.o:2147519232,/Users/swchen.tw/git/percepio/poc/runs/tcp-workload-matrix-v1/A08-baseline/build/portASM.o,
by_pc,2147519254,4,84,168,172,4,4,32,0,44,unresolved@/Users/swchen.tw/git/percepio/poc/runs/tcp-workload-matrix-v1/A08-baseline/build/portASM.o:2147519232,/Users/swchen.tw/git/percepio/poc/runs/tcp-workload-matrix-v1/A08-baseline/build/portASM.o,
by_pc,2147519256,4,84,168,172,4,4,32,0,44,unresolved@/Users/swchen.tw/git/percepio/poc/runs/tcp-workload-matrix-v1/A08-baseline/build/portASM.o:2147519232,/Users/swchen.tw/git/percepio/poc/runs/tcp-workload-matrix-v1/A08-baseline/build/portASM.o,
by_pc,2147519258,4,84,168,172,4,4,32,0,44,unresolved@/Users/swchen.tw/git/percepio/poc/runs/tcp-workload-matrix-v1/A08-baseline/build/portASM.o:2147519232,/Users/swchen.tw/git/percepio/poc/runs/tcp-workload-matrix-v1/A08-baseline/build/portASM.o,
by_pc,2147519260,4,84,168,172,4,4,32,0,44,unresolved@/Users/swchen.tw/git/percepio/poc/runs/tcp-workload-matrix-v1/A08-baseline/build/portASM.o:2147519232,/Users/swchen.tw/git/percepio/poc/runs/tcp-workload-matrix-v1/A08-baseline/build/portASM.o,
by_pc,2147519262,4,84,168,172,4,4,32,0,44,unresolved@/Users/swchen.tw/git/percepio/poc/runs/tcp-workload-matrix-v1/A08-baseline/build/portASM.o:2147519232,/Users/swchen.tw/git/percepio/poc/runs/tcp-workload-matrix-v1/A08-baseline/build/portASM.o,
by_pc,2147519264,4,84,168,172,4,4,32,0,44,unresolved@/Users/swchen.tw/git/percepio/poc/runs/tcp-workload-matrix-v1/A08-baseline/build/portASM.o:2147519232,/Users/swchen.tw/git/percepio/poc/runs/tcp-workload-matrix-v1/A08-baseline/build/portASM.o,
by_pc,2147519266,4,84,168,172,4,4,32,0,44,unresolved@/Users/swchen.tw/git/percepio/poc/runs/tcp-workload-matrix-v1/A08-baseline/build/portASM.o:2147519232,/Users/swchen.tw/git/percepio/poc/runs/tcp-workload-matrix-v1/A08-baseline/build/portASM.o,
by_pc,2147519268,4,84,168,172,4,4,32,0,44,unresolved@/Users/swchen.tw/git/percepio/poc/runs/tcp-workload-matrix-v1/A08-baseline/build/portASM.o:2147519232,/Users/swchen.tw/git/percepio/poc/runs/tcp-workload-matrix-v1/A08-baseline/build/portASM.o,
by_pc,2147519270,4,84,168,172,4,4,32,0,44,unresolved@/Users/swchen.tw/git/percepio/poc/runs/tcp-workload-matrix-v1/A08-baseline/build/portASM.o:2147519232,/Users/swchen.tw/git/percepio/poc/runs/tcp-workload-matrix-v1/A08-baseline/build/portASM.o,
by_pc,2147519272,4,84,168,172,4,4,32,0,44,unresolved@/Users/swchen.tw/git/percepio/poc/runs/tcp-workload-matrix-v1/A08-baseline/build/portASM.o:2147519232,/Users/swchen.tw/git/percepio/poc/runs/tcp-workload-matrix-v1/A08-baseline/build/portASM.o,
by_pc,2147519274,4,84,168,172,4,4,32,0,44,unresolved@/Users/swchen.tw/git/percepio/poc/runs/tcp-workload-matrix-v1/A08-baseline/build/portASM.o:2147519232,/Users/swchen.tw/git/percepio/poc/runs/tcp-workload-matrix-v1/A08-baseline/build/portASM.o,
by_pc,2147519276,4,84,168,172,4,4,32,0,44,unresolved@/Users/swchen.tw/git/percepio/poc/runs/tcp-workload-matrix-v1/A08-baseline/build/portASM.o:2147519232,/Users/swchen.tw/git/percepio/poc/runs/tcp-workload-matrix-v1/A08-baseline/build/portASM.o,
by_pc,2147519278,4,84,168,172,4,4,32,0,44,unresolved@/Users/swchen.tw/git/percepio/poc/runs/tcp-workload-matrix-v1/A08-baseline/build/portASM.o:2147519232,/Users/swchen.tw/git/percepio/poc/runs/tcp-workload-matrix-v1/A08-baseline/build/portASM.o,
by_pc,2147519280,4,84,168,172,4,4,32,0,44,unresolved@/Users/swchen.tw/git/percepio/poc/runs/tcp-workload-matrix-v1/A08-baseline/build/portASM.o:2147519232,/Users/swchen.tw/git/percepio/poc/runs/tcp-workload-matrix-v1/A08-baseline/build/portASM.o,
by_pc,2147519282,4,84,168,172,4,4,32,0,44,unresolved@/Users/swchen.tw/git/percepio/poc/runs/tcp-workload-matrix-v1/A08-baseline/build/portASM.o:2147519232,/Users/swchen.tw/git/percepio/poc/runs/tcp-workload-matrix-v1/A08-baseline/build/portASM.o,
by_pc,2147519284,4,84,168,172,4,4,32,0,44,unresolved@/Users/swchen.tw/git/percepio/poc/runs/tcp-workload-matrix-v1/A08-baseline/build/portASM.o:2147519232,/Users/swchen.tw/git/percepio/poc/runs/tcp-workload-matrix-v1/A08-baseline/build/portASM.o,
by_pc,2147519286,4,84,168,172,4,4,32,0,44,unresolved@/Users/swchen.tw/git/percepio/poc/runs/tcp-workload-matrix-v1/A08-baseline/build/portASM.o:2147519232,/Users/swchen.tw/git/percepio/poc/runs/tcp-workload-matrix-v1/A08-baseline/build/portASM.o,
by_pc,2147519288,4,84,168,172,4,4,32,0,44,unresolved@/Users/swchen.tw/git/percepio/poc/runs/tcp-workload-matrix-v1/A08-baseline/build/portASM.o:2147519232,/Users/swchen.tw/git/percepio/poc/runs/tcp-workload-matrix-v1/A08-baseline/build/portASM.o,
by_pc,2147519290,4,84,168,172,4,4,32,0,44,unresolved@/Users/swchen.tw/git/percepio/poc/runs/tcp-workload-matrix-v1/A08-baseline/build/portASM.o:2147519232,/Users/swchen.tw/git/percepio/poc/runs/tcp-workload-matrix-v1/A08-baseline/build/portASM.o,
by_pc,2147519292,4,4,8,12,4,0,0,0,0,unresolved@/Users/swchen.tw/git/percepio/poc/runs/tcp-workload-matrix-v1/A08-baseline/build/portASM.o:2147519232,/Users/swchen.tw/git/percepio/poc/runs/tcp-workload-matrix-v1/A08-baseline/build/portASM.o,
by_pc,2147519296,4,50,100,104,4,4,24,18,0,unresolved@/Users/swchen.tw/git/percepio/poc/runs/tcp-workload-matrix-v1/A08-baseline/build/portASM.o:2147519232,/Users/swchen.tw/git/percepio/poc/runs/tcp-workload-matrix-v1/A08-baseline/build/portASM.o,
by_pc,2147519300,4,84,168,172,4,4,32,0,44,unresolved@/Users/swchen.tw/git/percepio/poc/runs/tcp-workload-matrix-v1/A08-baseline/build/portASM.o:2147519232,/Users/swchen.tw/git/percepio/poc/runs/tcp-workload-matrix-v1/A08-baseline/build/portASM.o,
by_pc,2147519302,4,4,8,12,4,0,0,0,0,unresolved@/Users/swchen.tw/git/percepio/poc/runs/tcp-workload-matrix-v1/A08-baseline/build/portASM.o:2147519232,/Users/swchen.tw/git/percepio/poc/runs/tcp-workload-matrix-v1/A08-baseline/build/portASM.o,
by_pc,2147519306,4,84,168,172,4,4,32,0,44,unresolved@/Users/swchen.tw/git/percepio/poc/runs/tcp-workload-matrix-v1/A08-baseline/build/portASM.o:2147519232,/Users/swchen.tw/git/percepio/poc/runs/tcp-workload-matrix-v1/A08-baseline/build/portASM.o,
by_pc,2147519308,4,50,100,104,4,4,24,18,0,unresolved@/Users/swchen.tw/git/percepio/poc/runs/tcp-workload-matrix-v1/A08-baseline/build/portASM.o:2147519232,/Users/swchen.tw/git/percepio/poc/runs/tcp-workload-matrix-v1/A08-baseline/build/portASM.o,
by_pc,2147519312,4,102,204,208,4,4,32,18,44,unresolved@/Users/swchen.tw/git/percepio/poc/runs/tcp-workload-matrix-v1/A08-baseline/build/portASM.o:2147519232,/Users/swchen.tw/git/percepio/poc/runs/tcp-workload-matrix-v1/A08-baseline/build/portASM.o,
by_pc,2147519316,4,4,8,12,4,0,0,0,0,unresolved@/Users/swchen.tw/git/percepio/poc/runs/tcp-workload-matrix-v1/A08-baseline/build/portASM.o:2147519232,/Users/swchen.tw/git/percepio/poc/runs/tcp-workload-matrix-v1/A08-baseline/build/portASM.o,
by_pc,2147519320,4,4,8,12,4,0,0,0,0,unresolved@/Users/swchen.tw/git/percepio/poc/runs/tcp-workload-matrix-v1/A08-baseline/build/portASM.o:2147519232,/Users/swchen.tw/git/percepio/poc/runs/tcp-workload-matrix-v1/A08-baseline/build/portASM.o,
by_pc,2147519324,4,4,8,12,4,0,0,0,0,unresolved@/Users/swchen.tw/git/percepio/poc/runs/tcp-workload-matrix-v1/A08-baseline/build/portASM.o:2147519232,/Users/swchen.tw/git/percepio/poc/runs/tcp-workload-matrix-v1/A08-baseline/build/portASM.o,
by_pc,2147519328,3,63,126,129,3,3,24,0,33,unresolved@/Users/swchen.tw/git/percepio/poc/runs/tcp-workload-matrix-v1/A08-baseline/build/portASM.o:2147519232,/Users/swchen.tw/git/percepio/poc/runs/tcp-workload-matrix-v1/A08-baseline/build/portASM.o,
by_pc,2147519330,3,30,60,63,3,3,24,0,0,unresolved@/Users/swchen.tw/git/percepio/poc/runs/tcp-workload-matrix-v1/A08-baseline/build/portASM.o:2147519232,/Users/swchen.tw/git/percepio/poc/runs/tcp-workload-matrix-v1/A08-baseline/build/portASM.o,
by_pc,2147519334,3,3,6,9,3,0,0,0,0,unresolved@/Users/swchen.tw/git/percepio/poc/runs/tcp-workload-matrix-v1/A08-baseline/build/portASM.o:2147519232,/Users/swchen.tw/git/percepio/poc/runs/tcp-workload-matrix-v1/A08-baseline/build/portASM.o,
by_pc,2147519346,3,3,6,9,3,0,0,0,0,unresolved@/Users/swchen.tw/git/percepio/poc/runs/tcp-workload-matrix-v1/A08-baseline/build/portASM.o:2147519232,/Users/swchen.tw/git/percepio/poc/runs/tcp-workload-matrix-v1/A08-baseline/build/portASM.o,
by_pc,2147519348,3,3,6,9,3,0,0,0,0,unresolved@/Users/swchen.tw/git/percepio/poc/runs/tcp-workload-matrix-v1/A08-baseline/build/portASM.o:2147519232,/Users/swchen.tw/git/percepio/poc/runs/tcp-workload-matrix-v1/A08-baseline/build/portASM.o,
by_pc,2147519350,3,3,6,9,3,0,0,0,0,unresolved@/Users/swchen.tw/git/percepio/poc/runs/tcp-workload-matrix-v1/A08-baseline/build/portASM.o:2147519232,/Users/swchen.tw/git/percepio/poc/runs/tcp-workload-matrix-v1/A08-baseline/build/portASM.o,
by_pc,2147519354,3,3,6,9,3,0,0,0,0,unresolved@/Users/swchen.tw/git/percepio/poc/runs/tcp-workload-matrix-v1/A08-baseline/build/portASM.o:2147519232,/Users/swchen.tw/git/percepio/poc/runs/tcp-workload-matrix-v1/A08-baseline/build/portASM.o,
by_pc,2147519358,3,85,170,173,6,3,40,36,0,unresolved@/Users/swchen.tw/git/percepio/poc/runs/tcp-workload-matrix-v1/A08-baseline/build/portASM.o:2147519232,/Users/swchen.tw/git/percepio/poc/runs/tcp-workload-matrix-v1/A08-baseline/build/portASM.o,
by_pc,2147519362,3,6,12,15,3,3,0,0,0,unresolved@/Users/swchen.tw/git/percepio/poc/runs/tcp-workload-matrix-v1/A08-baseline/build/portASM.o:2147519232,/Users/swchen.tw/git/percepio/poc/runs/tcp-workload-matrix-v1/A08-baseline/build/portASM.o,
by_pc,2147519366,3,3,6,9,3,0,0,0,0,unresolved@/Users/swchen.tw/git/percepio/poc/runs/tcp-workload-matrix-v1/A08-baseline/build/portASM.o:2147519232,/Users/swchen.tw/git/percepio/poc/runs/tcp-workload-matrix-v1/A08-baseline/build/portASM.o,
by_pc,2147519368,3,6,12,15,3,3,0,0,0,unresolved@/Users/swchen.tw/git/percepio/poc/runs/tcp-workload-matrix-v1/A08-baseline/build/portASM.o:2147519232,/Users/swchen.tw/git/percepio/poc/runs/tcp-workload-matrix-v1/A08-baseline/build/portASM.o,
by_pc,2147519370,3,6,12,15,3,3,0,0,0,unresolved@/Users/swchen.tw/git/percepio/poc/runs/tcp-workload-matrix-v1/A08-baseline/build/portASM.o:2147519232,/Users/swchen.tw/git/percepio/poc/runs/tcp-workload-matrix-v1/A08-baseline/build/portASM.o,
by_pc,2147519372,3,3,6,9,3,0,0,0,0,unresolved@/Users/swchen.tw/git/percepio/poc/runs/tcp-workload-matrix-v1/A08-baseline/build/portASM.o:2147519232,/Users/swchen.tw/git/percepio/poc/runs/tcp-workload-matrix-v1/A08-baseline/build/portASM.o,
by_pc,2147519374,3,3,6,9,3,0,0,0,0,unresolved@/Users/swchen.tw/git/percepio/poc/runs/tcp-workload-matrix-v1/A08-baseline/build/portASM.o:2147519232,/Users/swchen.tw/git/percepio/poc/runs/tcp-workload-matrix-v1/A08-baseline/build/portASM.o,
by_pc,2147519376,3,3,6,9,3,0,0,0,0,unresolved@/Users/swchen.tw/git/percepio/poc/runs/tcp-workload-matrix-v1/A08-baseline/build/portASM.o:2147519232,/Users/swchen.tw/git/percepio/poc/runs/tcp-workload-matrix-v1/A08-baseline/build/portASM.o,
by_pc,2147519378,3,6,12,15,3,3,0,0,0,unresolved@/Users/swchen.tw/git/percepio/poc/runs/tcp-workload-matrix-v1/A08-baseline/build/portASM.o:2147519232,/Users/swchen.tw/git/percepio/poc/runs/tcp-workload-matrix-v1/A08-baseline/build/portASM.o,
by_pc,2147519382,3,3,6,9,3,0,0,0,0,unresolved@/Users/swchen.tw/git/percepio/poc/runs/tcp-workload-matrix-v1/A08-baseline/build/portASM.o:2147519232,/Users/swchen.tw/git/percepio/poc/runs/tcp-workload-matrix-v1/A08-baseline/build/portASM.o,
by_pc,2147519386,3,3,6,9,3,0,0,0,0,unresolved@/Users/swchen.tw/git/percepio/poc/runs/tcp-workload-matrix-v1/A08-baseline/build/portASM.o:2147519232,/Users/swchen.tw/git/percepio/poc/runs/tcp-workload-matrix-v1/A08-baseline/build/portASM.o,
by_pc,2147519390,3,3,6,9,3,0,0,0,0,unresolved@/Users/swchen.tw/git/percepio/poc/runs/tcp-workload-matrix-v1/A08-baseline/build/portASM.o:2147519232,/Users/swchen.tw/git/percepio/poc/runs/tcp-workload-matrix-v1/A08-baseline/build/portASM.o,
by_pc,2147519394,3,63,126,129,3,3,24,0,33,unresolved@/Users/swchen.tw/git/percepio/poc/runs/tcp-workload-matrix-v1/A08-baseline/build/portASM.o:2147519232,/Users/swchen.tw/git/percepio/poc/runs/tcp-workload-matrix-v1/A08-baseline/build/portASM.o,
by_pc,2147519396,3,63,126,129,3,3,24,0,33,unresolved@/Users/swchen.tw/git/percepio/poc/runs/tcp-workload-matrix-v1/A08-baseline/build/portASM.o:2147519232,/Users/swchen.tw/git/percepio/poc/runs/tcp-workload-matrix-v1/A08-baseline/build/portASM.o,
by_pc,2147519400,3,3,6,9,3,0,0,0,0,unresolved@/Users/swchen.tw/git/percepio/poc/runs/tcp-workload-matrix-v1/A08-baseline/build/portASM.o:2147519232,/Users/swchen.tw/git/percepio/poc/runs/tcp-workload-matrix-v1/A08-baseline/build/portASM.o,
by_pc,2147485004,3,63,126,129,3,0,24,36,0,xTaskIncrementTick,/Users/swchen.tw/git/percepio/poc/runs/tcp-workload-matrix-v1/A08-baseline/build/tasks.o,
by_pc,2147485006,3,81,162,165,3,3,24,18,33,xTaskIncrementTick,/Users/swchen.tw/git/percepio/poc/runs/tcp-workload-matrix-v1/A08-baseline/build/tasks.o,
by_pc,2147485008,3,63,126,129,3,3,24,0,33,xTaskIncrementTick,/Users/swchen.tw/git/percepio/poc/runs/tcp-workload-matrix-v1/A08-baseline/build/tasks.o,
by_pc,2147485010,3,63,126,129,3,3,24,0,33,xTaskIncrementTick,/Users/swchen.tw/git/percepio/poc/runs/tcp-workload-matrix-v1/A08-baseline/build/tasks.o,
by_pc,2147485012,3,63,126,129,3,3,24,0,33,xTaskIncrementTick,/Users/swchen.tw/git/percepio/poc/runs/tcp-workload-matrix-v1/A08-baseline/build/tasks.o,
by_pc,2147485014,3,63,126,129,3,3,24,0,33,xTaskIncrementTick,/Users/swchen.tw/git/percepio/poc/runs/tcp-workload-matrix-v1/A08-baseline/build/tasks.o,
by_pc,2147485016,3,63,126,129,3,3,24,0,33,xTaskIncrementTick,/Users/swchen.tw/git/percepio/poc/runs/tcp-workload-matrix-v1/A08-baseline/build/tasks.o,
by_pc,2147485018,3,63,126,129,3,3,24,0,33,xTaskIncrementTick,/Users/swchen.tw/git/percepio/poc/runs/tcp-workload-matrix-v1/A08-baseline/build/tasks.o,
by_pc,2147485020,3,63,126,129,3,3,24,0,33,xTaskIncrementTick,/Users/swchen.tw/git/percepio/poc/runs/tcp-workload-matrix-v1/A08-baseline/build/tasks.o,
by_pc,2147485022,3,63,126,129,3,3,24,0,33,xTaskIncrementTick,/Users/swchen.tw/git/percepio/poc/runs/tcp-workload-matrix-v1/A08-baseline/build/tasks.o,
by_pc,2147485024,3,63,126,129,3,3,24,0,33,xTaskIncrementTick,/Users/swchen.tw/git/percepio/poc/runs/tcp-workload-matrix-v1/A08-baseline/build/tasks.o,
by_pc,2147485026,3,63,126,129,3,3,24,0,33,xTaskIncrementTick,/Users/swchen.tw/git/percepio/poc/runs/tcp-workload-matrix-v1/A08-baseline/build/tasks.o,
by_pc,2147485028,3,3,6,9,3,0,0,0,0,xTaskIncrementTick,/Users/swchen.tw/git/percepio/poc/runs/tcp-workload-matrix-v1/A08-baseline/build/tasks.o,
by_pc,2147485032,3,6,12,15,3,3,0,0,0,xTaskIncrementTick,/Users/swchen.tw/git/percepio/poc/runs/tcp-workload-matrix-v1/A08-baseline/build/tasks.o,
by_pc,2147485034,3,3,6,9,3,0,0,0,0,xTaskIncrementTick,/Users/swchen.tw/git/percepio/poc/runs/tcp-workload-matrix-v1/A08-baseline/build/tasks.o,
by_pc,2147485036,3,3,6,9,3,0,0,0,0,xTaskIncrementTick,/Users/swchen.tw/git/percepio/poc/runs/tcp-workload-matrix-v1/A08-baseline/build/tasks.o,
by_pc,2147485040,3,6,12,15,3,3,0,0,0,xTaskIncrementTick,/Users/swchen.tw/git/percepio/poc/runs/tcp-workload-matrix-v1/A08-baseline/build/tasks.o,
by_pc,2147485044,3,3,6,9,3,0,0,0,0,xTaskIncrementTick,/Users/swchen.tw/git/percepio/poc/runs/tcp-workload-matrix-v1/A08-baseline/build/tasks.o,
by_pc,2147485046,3,6,12,15,3,3,0,0,0,xTaskIncrementTick,/Users/swchen.tw/git/percepio/poc/runs/tcp-workload-matrix-v1/A08-baseline/build/tasks.o,
by_pc,2147485050,3,66,132,135,3,3,24,36,0,xTaskIncrementTick,/Users/swchen.tw/git/percepio/poc/runs/tcp-workload-matrix-v1/A08-baseline/build/tasks.o,
by_pc,2147485054,3,3,6,9,3,0,0,0,0,xTaskIncrementTick,/Users/swchen.tw/git/percepio/poc/runs/tcp-workload-matrix-v1/A08-baseline/build/tasks.o,
by_pc,2147485056,3,141,282,285,3,3,48,54,33,xTaskIncrementTick,/Users/swchen.tw/git/percepio/poc/runs/tcp-workload-matrix-v1/A08-baseline/build/tasks.o,
by_pc,2147485058,3,6,12,15,3,3,0,0,0,xTaskIncrementTick,/Users/swchen.tw/git/percepio/poc/runs/tcp-workload-matrix-v1/A08-baseline/build/tasks.o,
by_pc,2147485060,3,3,6,9,3,0,0,0,0,xTaskIncrementTick,/Users/swchen.tw/git/percepio/poc/runs/tcp-workload-matrix-v1/A08-baseline/build/tasks.o,
by_pc,2147485062,3,6,12,15,3,3,0,0,0,xTaskIncrementTick,/Users/swchen.tw/git/percepio/poc/runs/tcp-workload-matrix-v1/A08-baseline/build/tasks.o,
by_pc,2147485066,3,3,6,9,3,0,0,0,0,xTaskIncrementTick,/Users/swchen.tw/git/percepio/poc/runs/tcp-workload-matrix-v1/A08-baseline/build/tasks.o,
by_pc,2147485070,3,3,6,9,3,0,0,0,0,xTaskIncrementTick,/Users/swchen.tw/git/percepio/poc/runs/tcp-workload-matrix-v1/A08-baseline/build/tasks.o,
by_pc,2147485072,3,3,6,9,3,0,0,0,0,xTaskIncrementTick,/Users/swchen.tw/git/percepio/poc/runs/tcp-workload-matrix-v1/A08-baseline/build/tasks.o,
by_pc,2147488492,5,70,140,145,5,5,24,36,0,xTraceEventCreate1,/Users/swchen.tw/git/percepio/poc/runs/tcp-workload-matrix-v1/A08-baseline/build/trcEvent.o,
by_pc,2147488496,5,5,10,15,5,0,0,0,0,xTraceEventCreate1,/Users/swchen.tw/git/percepio/poc/runs/tcp-workload-matrix-v1/A08-baseline/build/trcEvent.o,
by_pc,2147488498,5,123,246,251,5,5,40,18,55,xTraceEventCreate1,/Users/swchen.tw/git/percepio/poc/runs/tcp-workload-matrix-v1/A08-baseline/build/trcEvent.o,
by_pc,2147488500,5,105,210,215,5,5,40,0,55,xTraceEventCreate1,/Users/swchen.tw/git/percepio/poc/runs/tcp-workload-matrix-v1/A08-baseline/build/trcEvent.o,
by_pc,2147488502,5,105,210,215,5,5,40,0,55,xTraceEventCreate1,/Users/swchen.tw/git/percepio/poc/runs/tcp-workload-matrix-v1/A08-baseline/build/trcEvent.o,
by_pc,2147488504,5,105,210,215,5,5,40,0,55,xTraceEventCreate1,/Users/swchen.tw/git/percepio/poc/runs/tcp-workload-matrix-v1/A08-baseline/build/trcEvent.o,
by_pc,2147488506,5,105,210,215,5,5,40,0,55,xTraceEventCreate1,/Users/swchen.tw/git/percepio/poc/runs/tcp-workload-matrix-v1/A08-baseline/build/trcEvent.o,
by_pc,2147488508,5,5,10,15,5,0,0,0,0,xTraceEventCreate1,/Users/swchen.tw/git/percepio/poc/runs/tcp-workload-matrix-v1/A08-baseline/build/trcEvent.o,
by_pc,2147488510,5,5,10,15,5,0,0,0,0,xTraceEventCreate1,/Users/swchen.tw/git/percepio/poc/runs/tcp-workload-matrix-v1/A08-baseline/build/trcEvent.o,
by_pc,2147488512,5,88,176,181,5,5,24,54,0,xTraceEventCreate1,/Users/swchen.tw/git/percepio/poc/runs/tcp-workload-matrix-v1/A08-baseline/build/trcEvent.o,
by_pc,2147488516,5,10,20,25,5,5,0,0,0,xTraceEventCreate1,/Users/swchen.tw/git/percepio/poc/runs/tcp-workload-matrix-v1/A08-baseline/build/trcEvent.o,
by_pc,2147488518,5,5,10,15,5,0,0,0,0,xTraceEventCreate1,/Users/swchen.tw/git/percepio/poc/runs/tcp-workload-matrix-v1/A08-baseline/build/trcEvent.o,
by_pc,2147488520,5,5,10,15,5,0,0,0,0,xTraceEventCreate1,/Users/swchen.tw/git/percepio/poc/runs/tcp-workload-matrix-v1/A08-baseline/build/trcEvent.o,
by_pc,2147488522,5,5,10,15,5,0,0,0,0,xTraceEventCreate1,/Users/swchen.tw/git/percepio/poc/runs/tcp-workload-matrix-v1/A08-baseline/build/trcEvent.o,
by_pc,2147488526,5,5,10,15,5,0,0,0,0,xTraceEventCreate1,/Users/swchen.tw/git/percepio/poc/runs/tcp-workload-matrix-v1/A08-baseline/build/trcEvent.o,
by_pc,2147488530,5,10,20,25,5,5,0,0,0,xTraceEventCreate1,/Users/swchen.tw/git/percepio/poc/runs/tcp-workload-matrix-v1/A08-baseline/build/trcEvent.o,
by_pc,2147488532,5,5,10,15,5,0,0,0,0,xTraceEventCreate1,/Users/swchen.tw/git/percepio/poc/runs/tcp-workload-matrix-v1/A08-baseline/build/trcEvent.o,
by_pc,2147488534,5,52,104,109,5,5,24,18,0,xTraceEventCreate1,/Users/swchen.tw/git/percepio/poc/runs/tcp-workload-matrix-v1/A08-baseline/build/trcEvent.o,
by_pc,2147488536,5,5,10,15,5,0,0,0,0,xTraceEventCreate1,/Users/swchen.tw/git/percepio/poc/runs/tcp-workload-matrix-v1/A08-baseline/build/trcEvent.o,
by_pc,2147488538,5,105,210,215,5,5,40,0,55,xTraceEventCreate1,/Users/swchen.tw/git/percepio/poc/runs/tcp-workload-matrix-v1/A08-baseline/build/trcEvent.o,
by_pc,2147488540,5,10,20,25,5,5,0,0,0,xTraceEventCreate1,/Users/swchen.tw/git/percepio/poc/runs/tcp-workload-matrix-v1/A08-baseline/build/trcEvent.o,
by_pc,2147488544,5,10,20,25,5,5,0,0,0,xTraceEventCreate1,/Users/swchen.tw/git/percepio/poc/runs/tcp-workload-matrix-v1/A08-baseline/build/trcEvent.o,
by_pc,2147488548,5,52,104,109,5,5,24,18,0,xTraceEventCreate1,/Users/swchen.tw/git/percepio/poc/runs/tcp-workload-matrix-v1/A08-baseline/build/trcEvent.o,
by_pc,2147488550,5,5,10,15,5,0,0,0,0,xTraceEventCreate1,/Users/swchen.tw/git/percepio/poc/runs/tcp-workload-matrix-v1/A08-baseline/build/trcEvent.o,
by_pc,2147488552,5,5,10,15,5,0,0,0,0,xTraceEventCreate1,/Users/swchen.tw/git/percepio/poc/runs/tcp-workload-matrix-v1/A08-baseline/build/trcEvent.o,
by_pc,2147488554,5,5,10,15,5,0,0,0,0,xTraceEventCreate1,/Users/swchen.tw/git/percepio/poc/runs/tcp-workload-matrix-v1/A08-baseline/build/trcEvent.o,
by_pc,2147488556,5,5,10,15,5,0,0,0,0,xTraceEventCreate1,/Users/swchen.tw/git/percepio/poc/runs/tcp-workload-matrix-v1/A08-baseline/build/trcEvent.o,
by_pc,2147488558,5,5,10,15,5,0,0,0,0,xTraceEventCreate1,/Users/swchen.tw/git/percepio/poc/runs/tcp-workload-matrix-v1/A08-baseline/build/trcEvent.o,
by_pc,2147488560,5,105,210,215,5,5,40,0,55,xTraceEventCreate1,/Users/swchen.tw/git/percepio/poc/runs/tcp-workload-matrix-v1/A08-baseline/build/trcEvent.o,
by_pc,2147488564,5,10,20,25,5,5,0,0,0,xTraceEventCreate1,/Users/swchen.tw/git/percepio/poc/runs/tcp-workload-matrix-v1/A08-baseline/build/trcEvent.o,
by_pc,2147488566,5,10,20,25,5,5,0,0,0,xTraceEventCreate1,/Users/swchen.tw/git/percepio/poc/runs/tcp-workload-matrix-v1/A08-baseline/build/trcEvent.o,
by_pc,2147488568,5,105,210,215,5,5,40,0,55,xTraceEventCreate1,/Users/swchen.tw/git/percepio/poc/runs/tcp-workload-matrix-v1/A08-baseline/build/trcEvent.o,
by_pc,2147488572,5,5,10,15,5,0,0,0,0,xTraceEventCreate1,/Users/swchen.tw/git/percepio/poc/runs/tcp-workload-matrix-v1/A08-baseline/build/trcEvent.o,
by_pc,2147493400,10,88,176,186,10,0,24,54,0,poc_mtime,/Users/swchen.tw/git/percepio/poc/runs/tcp-workload-matrix-v1/A08-baseline/build/clock.o,
by_pc,2147493404,10,10,20,30,10,0,0,0,0,poc_mtime,/Users/swchen.tw/git/percepio/poc/runs/tcp-workload-matrix-v1/A08-baseline/build/clock.o,
by_pc,2147493408,10,10,20,30,10,0,0,0,0,poc_mtime,/Users/swchen.tw/git/percepio/poc/runs/tcp-workload-matrix-v1/A08-baseline/build/clock.o,
by_pc,2147493410,10,10,20,30,10,0,0,0,0,poc_mtime,/Users/swchen.tw/git/percepio/poc/runs/tcp-workload-matrix-v1/A08-baseline/build/clock.o,
by_pc,2147493412,10,10,20,30,10,0,0,0,0,poc_mtime,/Users/swchen.tw/git/percepio/poc/runs/tcp-workload-matrix-v1/A08-baseline/build/clock.o,
by_pc,2147493414,10,10,20,30,10,0,0,0,0,poc_mtime,/Users/swchen.tw/git/percepio/poc/runs/tcp-workload-matrix-v1/A08-baseline/build/clock.o,
by_pc,2147493416,10,10,20,30,10,0,0,0,0,poc_mtime,/Users/swchen.tw/git/percepio/poc/runs/tcp-workload-matrix-v1/A08-baseline/build/clock.o,
by_pc,2147493418,10,10,20,30,10,0,0,0,0,poc_mtime,/Users/swchen.tw/git/percepio/poc/runs/tcp-workload-matrix-v1/A08-baseline/build/clock.o,
by_pc,2147493422,10,10,20,30,10,0,0,0,0,poc_mtime,/Users/swchen.tw/git/percepio/poc/runs/tcp-workload-matrix-v1/A08-baseline/build/clock.o,
by_pc,2147488576,5,88,176,181,5,5,24,54,0,xTraceEventCreate1,/Users/swchen.tw/git/percepio/poc/runs/tcp-workload-matrix-v1/A08-baseline/build/trcEvent.o,
by_pc,2147488580,5,105,210,215,5,5,40,0,55,xTraceEventCreate1,/Users/swchen.tw/git/percepio/poc/runs/tcp-workload-matrix-v1/A08-baseline/build/trcEvent.o,
by_pc,2147488582,5,10,20,25,5,5,0,0,0,xTraceEventCreate1,/Users/swchen.tw/git/percepio/poc/runs/tcp-workload-matrix-v1/A08-baseline/build/trcEvent.o,
by_pc,2147488584,5,5,10,15,5,0,0,0,0,xTraceEventCreate1,/Users/swchen.tw/git/percepio/poc/runs/tcp-workload-matrix-v1/A08-baseline/build/trcEvent.o,
by_pc,2147488594,5,10,20,25,5,5,0,0,0,xTraceEventCreate1,/Users/swchen.tw/git/percepio/poc/runs/tcp-workload-matrix-v1/A08-baseline/build/trcEvent.o,
by_pc,2147488596,5,5,10,15,5,0,0,0,0,xTraceEventCreate1,/Users/swchen.tw/git/percepio/poc/runs/tcp-workload-matrix-v1/A08-baseline/build/trcEvent.o,
by_pc,2147488598,5,5,10,15,5,0,0,0,0,xTraceEventCreate1,/Users/swchen.tw/git/percepio/poc/runs/tcp-workload-matrix-v1/A08-baseline/build/trcEvent.o,
by_pc,2147488600,5,105,210,215,5,5,40,0,55,xTraceEventCreate1,/Users/swchen.tw/git/percepio/poc/runs/tcp-workload-matrix-v1/A08-baseline/build/trcEvent.o,
by_pc,2147488602,5,5,10,15,5,0,0,0,0,xTraceEventCreate1,/Users/swchen.tw/git/percepio/poc/runs/tcp-workload-matrix-v1/A08-baseline/build/trcEvent.o,
by_pc,2147488604,5,105,210,215,5,5,40,0,55,xTraceEventCreate1,/Users/swchen.tw/git/percepio/poc/runs/tcp-workload-matrix-v1/A08-baseline/build/trcEvent.o,
by_pc,2147488606,5,5,10,15,5,0,0,0,0,xTraceEventCreate1,/Users/swchen.tw/git/percepio/poc/runs/tcp-workload-matrix-v1/A08-baseline/build/trcEvent.o,
by_pc,2147488608,5,5,10,15,5,0,0,0,0,xTraceEventCreate1,/Users/swchen.tw/git/percepio/poc/runs/tcp-workload-matrix-v1/A08-baseline/build/trcEvent.o,
by_pc,2147493810,8,76,152,160,8,0,32,36,0,xTraceStreamPortWriteData,/Users/swchen.tw/git/percepio/poc/runs/tcp-workload-matrix-v1/A08-baseline/build/trcStreamPort.o,
by_pc,2147493812,8,168,336,344,8,8,64,0,88,xTraceStreamPortWriteData,/Users/swchen.tw/git/percepio/poc/runs/tcp-workload-matrix-v1/A08-baseline/build/trcStreamPort.o,
by_pc,2147493814,8,168,336,344,8,8,64,0,88,xTraceStreamPortWriteData,/Users/swchen.tw/git/percepio/poc/runs/tcp-workload-matrix-v1/A08-baseline/build/trcStreamPort.o,
by_pc,2147493816,8,168,336,344,8,8,64,0,88,xTraceStreamPortWriteData,/Users/swchen.tw/git/percepio/poc/runs/tcp-workload-matrix-v1/A08-baseline/build/trcStreamPort.o,
by_pc,2147493820,8,8,16,24,8,0,0,0,0,xTraceStreamPortWriteData,/Users/swchen.tw/git/percepio/poc/runs/tcp-workload-matrix-v1/A08-baseline/build/trcStreamPort.o,
by_pc,2147493826,8,76,152,160,8,8,24,36,0,xTraceStreamPortWriteData,/Users/swchen.tw/git/percepio/poc/runs/tcp-workload-matrix-v1/A08-baseline/build/trcStreamPort.o,
by_pc,2147493830,8,8,16,24,8,0,0,0,0,xTraceStreamPortWriteData,/Users/swchen.tw/git/percepio/poc/runs/tcp-workload-matrix-v1/A08-baseline/build/trcStreamPort.o,
by_pc,2147493834,8,8,16,24,8,0,0,0,0,xTraceStreamPortWriteData,/Users/swchen.tw/git/percepio/poc/runs/tcp-workload-matrix-v1/A08-baseline/build/trcStreamPort.o,
by_pc,2147493836,8,8,16,24,8,0,0,0,0,xTraceStreamPortWriteData,/Users/swchen.tw/git/percepio/poc/runs/tcp-workload-matrix-v1/A08-baseline/build/trcStreamPort.o,
by_pc,2147493838,8,8,16,24,8,0,0,0,0,xTraceStreamPortWriteData,/Users/swchen.tw/git/percepio/poc/runs/tcp-workload-matrix-v1/A08-baseline/build/trcStreamPort.o,
by_pc,2147493840,8,8,16,24,8,0,0,0,0,xTraceStreamPortWriteData,/Users/swchen.tw/git/percepio/poc/runs/tcp-workload-matrix-v1/A08-baseline/build/trcStreamPort.o,
by_pc,2147493842,8,186,372,380,8,8,64,18,88,xTraceStreamPortWriteData,/Users/swchen.tw/git/percepio/poc/runs/tcp-workload-matrix-v1/A08-baseline/build/trcStreamPort.o,
by_pc,2147493844,8,8,16,24,8,0,0,0,0,xTraceStreamPortWriteData,/Users/swchen.tw/git/percepio/poc/runs/tcp-workload-matrix-v1/A08-baseline/build/trcStreamPort.o,
by_pc,2147493576,8,68,136,144,8,0,24,36,0,poc_write_all,/Users/swchen.tw/git/percepio/poc/runs/tcp-workload-matrix-v1/A08-baseline/build/stream_io.o,
by_pc,2147493578,8,168,336,344,8,8,64,0,88,poc_write_all,/Users/swchen.tw/git/percepio/poc/runs/tcp-workload-matrix-v1/A08-baseline/build/stream_io.o,
by_pc,2147493580,8,168,336,344,8,8,64,0,88,poc_write_all,/Users/swchen.tw/git/percepio/poc/runs/tcp-workload-matrix-v1/A08-baseline/build/stream_io.o,
by_pc,2147493582,8,168,336,344,8,8,64,0,88,poc_write_all,/Users/swchen.tw/git/percepio/poc/runs/tcp-workload-matrix-v1/A08-baseline/build/stream_io.o,
by_pc,2147493584,8,8,16,24,8,0,0,0,0,poc_write_all,/Users/swchen.tw/git/percepio/poc/runs/tcp-workload-matrix-v1/A08-baseline/build/stream_io.o,
by_pc,2147493586,8,8,16,24,8,0,0,0,0,poc_write_all,/Users/swchen.tw/git/percepio/poc/runs/tcp-workload-matrix-v1/A08-baseline/build/stream_io.o,
by_pc,2147493590,16,16,32,48,16,0,0,0,0,poc_write_all,/Users/swchen.tw/git/percepio/poc/runs/tcp-workload-matrix-v1/A08-baseline/build/stream_io.o,
by_pc,2147493596,8,8,16,24,8,0,0,0,0,poc_write_all,/Users/swchen.tw/git/percepio/poc/runs/tcp-workload-matrix-v1/A08-baseline/build/stream_io.o,
by_pc,2147493598,8,8,16,24,8,0,0,0,0,poc_write_all,/Users/swchen.tw/git/percepio/poc/runs/tcp-workload-matrix-v1/A08-baseline/build/stream_io.o,
by_pc,2147493612,8,8,16,24,8,0,0,0,0,poc_write_all,/Users/swchen.tw/git/percepio/poc/runs/tcp-workload-matrix-v1/A08-baseline/build/stream_io.o,
by_pc,2147493614,8,168,336,344,8,8,64,0,88,poc_write_all,/Users/swchen.tw/git/percepio/poc/runs/tcp-workload-matrix-v1/A08-baseline/build/stream_io.o,
by_pc,2147493616,8,168,336,344,8,8,64,0,88,poc_write_all,/Users/swchen.tw/git/percepio/poc/runs/tcp-workload-matrix-v1/A08-baseline/build/stream_io.o,
by_pc,2147493618,8,8,16,24,8,0,0,0,0,poc_write_all,/Users/swchen.tw/git/percepio/poc/runs/tcp-workload-matrix-v1/A08-baseline/build/stream_io.o,
by_pc,2147493552,8,68,136,144,8,0,24,36,0,poc_sh_write,/Users/swchen.tw/git/percepio/poc/runs/tcp-workload-matrix-v1/A08-baseline/build/semihost.o,
by_pc,2147493554,8,186,372,380,8,8,64,18,88,poc_sh_write,/Users/swchen.tw/git/percepio/poc/runs/tcp-workload-matrix-v1/A08-baseline/build/semihost.o,
by_pc,2147493556,8,168,336,344,8,8,64,0,88,poc_sh_write,/Users/swchen.tw/git/percepio/poc/runs/tcp-workload-matrix-v1/A08-baseline/build/semihost.o,
by_pc,2147493558,8,8,16,24,8,0,0,0,0,poc_sh_write,/Users/swchen.tw/git/percepio/poc/runs/tcp-workload-matrix-v1/A08-baseline/build/semihost.o,
by_pc,2147493560,8,8,16,24,8,0,0,0,0,poc_sh_write,/Users/swchen.tw/git/percepio/poc/runs/tcp-workload-matrix-v1/A08-baseline/build/semihost.o,
by_pc,2147493562,8,168,336,344,8,8,64,0,88,poc_sh_write,/Users/swchen.tw/git/percepio/poc/runs/tcp-workload-matrix-v1/A08-baseline/build/semihost.o,
by_pc,2147493564,8,168,336,344,8,8,64,0,88,poc_sh_write,/Users/swchen.tw/git/percepio/poc/runs/tcp-workload-matrix-v1/A08-baseline/build/semihost.o,
by_pc,2147493566,8,16,32,40,16,0,0,0,0,poc_sh_write,/Users/swchen.tw/git/percepio/poc/runs/tcp-workload-matrix-v1/A08-baseline/build/semihost.o,
by_pc,2147493488,8,86,172,180,8,0,24,54,0,call,/Users/swchen.tw/git/percepio/poc/runs/tcp-workload-matrix-v1/A08-baseline/build/semihost.o,
by_pc,2147493492,8,8,16,24,8,0,0,0,0,call,/Users/swchen.tw/git/percepio/poc/runs/tcp-workload-matrix-v1/A08-baseline/build/semihost.o,
by_pc,2147493496,8,8,16,24,8,0,0,0,0,call,/Users/swchen.tw/git/percepio/poc/runs/tcp-workload-matrix-v1/A08-baseline/build/semihost.o,
by_pc,2147493500,8,8,16,24,8,0,0,0,0,call,/Users/swchen.tw/git/percepio/poc/runs/tcp-workload-matrix-v1/A08-baseline/build/semihost.o,
by_pc,2147493570,8,16,32,40,8,8,0,0,0,poc_sh_write,/Users/swchen.tw/git/percepio/poc/runs/tcp-workload-matrix-v1/A08-baseline/build/semihost.o,
by_pc,2147493572,8,8,16,24,8,0,0,0,0,poc_sh_write,/Users/swchen.tw/git/percepio/poc/runs/tcp-workload-matrix-v1/A08-baseline/build/semihost.o,
by_pc,2147493574,8,8,16,24,8,0,0,0,0,poc_sh_write,/Users/swchen.tw/git/percepio/poc/runs/tcp-workload-matrix-v1/A08-baseline/build/semihost.o,
by_pc,2147493622,8,16,32,40,8,8,0,0,0,poc_write_all,/Users/swchen.tw/git/percepio/poc/runs/tcp-workload-matrix-v1/A08-baseline/build/stream_io.o,
by_pc,2147493624,8,8,16,24,8,0,0,0,0,poc_write_all,/Users/swchen.tw/git/percepio/poc/runs/tcp-workload-matrix-v1/A08-baseline/build/stream_io.o,
by_pc,2147493628,8,8,16,24,8,0,0,0,0,poc_write_all,/Users/swchen.tw/git/percepio/poc/runs/tcp-workload-matrix-v1/A08-baseline/build/stream_io.o,
by_pc,2147493632,8,58,116,124,8,8,24,18,0,poc_write_all,/Users/swchen.tw/git/percepio/poc/runs/tcp-workload-matrix-v1/A08-baseline/build/stream_io.o,
by_pc,2147493634,8,8,16,24,8,0,0,0,0,poc_write_all,/Users/swchen.tw/git/percepio/poc/runs/tcp-workload-matrix-v1/A08-baseline/build/stream_io.o,
by_pc,2147493636,8,8,16,24,8,0,0,0,0,poc_write_all,/Users/swchen.tw/git/percepio/poc/runs/tcp-workload-matrix-v1/A08-baseline/build/stream_io.o,
by_pc,2147493638,8,8,16,24,8,0,0,0,0,poc_write_all,/Users/swchen.tw/git/percepio/poc/runs/tcp-workload-matrix-v1/A08-baseline/build/stream_io.o,
by_pc,2147493640,8,8,16,24,8,0,0,0,0,poc_write_all,/Users/swchen.tw/git/percepio/poc/runs/tcp-workload-matrix-v1/A08-baseline/build/stream_io.o,
by_pc,2147493592,8,8,16,24,8,0,0,0,0,poc_write_all,/Users/swchen.tw/git/percepio/poc/runs/tcp-workload-matrix-v1/A08-baseline/build/stream_io.o,
by_pc,2147493594,8,8,16,24,8,0,0,0,0,poc_write_all,/Users/swchen.tw/git/percepio/poc/runs/tcp-workload-matrix-v1/A08-baseline/build/stream_io.o,
by_pc,2147493602,8,16,32,40,8,8,0,0,0,poc_write_all,/Users/swchen.tw/git/percepio/poc/runs/tcp-workload-matrix-v1/A08-baseline/build/stream_io.o,
by_pc,2147493604,8,16,32,40,8,8,0,0,0,poc_write_all,/Users/swchen.tw/git/percepio/poc/runs/tcp-workload-matrix-v1/A08-baseline/build/stream_io.o,
by_pc,2147493606,8,16,32,40,8,8,0,0,0,poc_write_all,/Users/swchen.tw/git/percepio/poc/runs/tcp-workload-matrix-v1/A08-baseline/build/stream_io.o,
by_pc,2147493608,8,8,16,24,8,0,0,0,0,poc_write_all,/Users/swchen.tw/git/percepio/poc/runs/tcp-workload-matrix-v1/A08-baseline/build/stream_io.o,
by_pc,2147493610,8,8,16,24,8,0,0,0,0,poc_write_all,/Users/swchen.tw/git/percepio/poc/runs/tcp-workload-matrix-v1/A08-baseline/build/stream_io.o,
by_pc,2147493848,8,8,16,24,8,0,0,0,0,xTraceStreamPortWriteData,/Users/swchen.tw/git/percepio/poc/runs/tcp-workload-matrix-v1/A08-baseline/build/trcStreamPort.o,
by_pc,2147493850,8,16,32,40,8,8,0,0,0,xTraceStreamPortWriteData,/Users/swchen.tw/git/percepio/poc/runs/tcp-workload-matrix-v1/A08-baseline/build/trcStreamPort.o,
by_pc,2147493852,8,168,336,344,8,8,64,0,88,xTraceStreamPortWriteData,/Users/swchen.tw/git/percepio/poc/runs/tcp-workload-matrix-v1/A08-baseline/build/trcStreamPort.o,
by_pc,2147493854,8,16,32,40,8,8,0,0,0,xTraceStreamPortWriteData,/Users/swchen.tw/git/percepio/poc/runs/tcp-workload-matrix-v1/A08-baseline/build/trcStreamPort.o,
by_pc,2147493856,8,16,32,40,8,8,0,0,0,xTraceStreamPortWriteData,/Users/swchen.tw/git/percepio/poc/runs/tcp-workload-matrix-v1/A08-baseline/build/trcStreamPort.o,
by_pc,2147493858,8,8,16,24,8,0,0,0,0,xTraceStreamPortWriteData,/Users/swchen.tw/git/percepio/poc/runs/tcp-workload-matrix-v1/A08-baseline/build/trcStreamPort.o,
by_pc,2147493860,8,8,16,24,8,0,0,0,0,xTraceStreamPortWriteData,/Users/swchen.tw/git/percepio/poc/runs/tcp-workload-matrix-v1/A08-baseline/build/trcStreamPort.o,
by_pc,2147488612,5,5,10,15,5,0,0,0,0,xTraceEventCreate1,/Users/swchen.tw/git/percepio/poc/runs/tcp-workload-matrix-v1/A08-baseline/build/trcEvent.o,
by_pc,2147488614,5,5,10,15,5,0,0,0,0,xTraceEventCreate1,/Users/swchen.tw/git/percepio/poc/runs/tcp-workload-matrix-v1/A08-baseline/build/trcEvent.o,
by_pc,2147488452,8,8,16,24,8,0,0,0,0,poc_irq_restore,/Users/swchen.tw/git/percepio/poc/runs/tcp-workload-matrix-v1/A08-baseline/build/trcEvent.o,
by_pc,2147488454,8,8,16,24,8,0,0,0,0,poc_irq_restore,/Users/swchen.tw/git/percepio/poc/runs/tcp-workload-matrix-v1/A08-baseline/build/trcEvent.o,
by_pc,2147488462,7,7,14,21,7,0,0,0,0,poc_irq_restore,/Users/swchen.tw/git/percepio/poc/runs/tcp-workload-matrix-v1/A08-baseline/build/trcEvent.o,
by_pc,2147488466,7,7,14,21,7,0,0,0,0,poc_irq_restore,/Users/swchen.tw/git/percepio/poc/runs/tcp-workload-matrix-v1/A08-baseline/build/trcEvent.o,
by_pc,2147488616,5,5,10,15,5,0,0,0,0,xTraceEventCreate1,/Users/swchen.tw/git/percepio/poc/runs/tcp-workload-matrix-v1/A08-baseline/build/trcEvent.o,
by_pc,2147488618,5,10,20,25,5,5,0,0,0,xTraceEventCreate1,/Users/swchen.tw/git/percepio/poc/runs/tcp-workload-matrix-v1/A08-baseline/build/trcEvent.o,
by_pc,2147488620,5,10,20,25,5,5,0,0,0,xTraceEventCreate1,/Users/swchen.tw/git/percepio/poc/runs/tcp-workload-matrix-v1/A08-baseline/build/trcEvent.o,
by_pc,2147488622,5,10,20,25,5,5,0,0,0,xTraceEventCreate1,/Users/swchen.tw/git/percepio/poc/runs/tcp-workload-matrix-v1/A08-baseline/build/trcEvent.o,
by_pc,2147488624,5,10,20,25,5,5,0,0,0,xTraceEventCreate1,/Users/swchen.tw/git/percepio/poc/runs/tcp-workload-matrix-v1/A08-baseline/build/trcEvent.o,
by_pc,2147488626,5,5,10,15,5,0,0,0,0,xTraceEventCreate1,/Users/swchen.tw/git/percepio/poc/runs/tcp-workload-matrix-v1/A08-baseline/build/trcEvent.o,
by_pc,2147488628,5,5,10,15,5,0,0,0,0,xTraceEventCreate1,/Users/swchen.tw/git/percepio/poc/runs/tcp-workload-matrix-v1/A08-baseline/build/trcEvent.o,
by_pc,2147488630,5,5,10,15,5,0,0,0,0,xTraceEventCreate1,/Users/swchen.tw/git/percepio/poc/runs/tcp-workload-matrix-v1/A08-baseline/build/trcEvent.o,
by_pc,2147485076,3,6,12,15,3,3,0,0,0,xTaskIncrementTick,/Users/swchen.tw/git/percepio/poc/runs/tcp-workload-matrix-v1/A08-baseline/build/tasks.o,
by_pc,2147485078,3,3,6,9,3,0,0,0,0,xTaskIncrementTick,/Users/swchen.tw/git/percepio/poc/runs/tcp-workload-matrix-v1/A08-baseline/build/tasks.o,
by_pc,2147485082,3,3,6,9,3,0,0,0,0,xTaskIncrementTick,/Users/swchen.tw/git/percepio/poc/runs/tcp-workload-matrix-v1/A08-baseline/build/tasks.o,
by_pc,2147485086,3,6,12,15,3,3,0,0,0,xTaskIncrementTick,/Users/swchen.tw/git/percepio/poc/runs/tcp-workload-matrix-v1/A08-baseline/build/tasks.o,
by_pc,2147485088,3,3,6,9,3,0,0,0,0,xTaskIncrementTick,/Users/swchen.tw/git/percepio/poc/runs/tcp-workload-matrix-v1/A08-baseline/build/tasks.o,
by_pc,2147485090,3,63,126,129,3,3,24,0,33,xTaskIncrementTick,/Users/swchen.tw/git/percepio/poc/runs/tcp-workload-matrix-v1/A08-baseline/build/tasks.o,
by_pc,2147485092,3,3,6,9,3,0,0,0,0,xTaskIncrementTick,/Users/swchen.tw/git/percepio/poc/runs/tcp-workload-matrix-v1/A08-baseline/build/tasks.o,
by_pc,2147485146,3,63,126,129,3,0,24,36,0,xTaskIncrementTick,/Users/swchen.tw/git/percepio/poc/runs/tcp-workload-matrix-v1/A08-baseline/build/tasks.o,
by_pc,2147485150,3,6,12,15,3,3,0,0,0,xTaskIncrementTick,/Users/swchen.tw/git/percepio/poc/runs/tcp-workload-matrix-v1/A08-baseline/build/tasks.o,
by_pc,2147485154,3,3,6,9,3,0,0,0,0,xTaskIncrementTick,/Users/swchen.tw/git/percepio/poc/runs/tcp-workload-matrix-v1/A08-baseline/build/tasks.o,
by_pc,2147485158,3,3,6,9,3,0,0,0,0,xTaskIncrementTick,/Users/swchen.tw/git/percepio/poc/runs/tcp-workload-matrix-v1/A08-baseline/build/tasks.o,
by_pc,2147485162,3,3,6,9,3,0,0,0,0,xTaskIncrementTick,/Users/swchen.tw/git/percepio/poc/runs/tcp-workload-matrix-v1/A08-baseline/build/tasks.o,
by_pc,2147485164,3,3,6,9,3,0,0,0,0,xTaskIncrementTick,/Users/swchen.tw/git/percepio/poc/runs/tcp-workload-matrix-v1/A08-baseline/build/tasks.o,
by_pc,2147485194,3,58,116,119,3,3,16,36,0,xTaskIncrementTick,/Users/swchen.tw/git/percepio/poc/runs/tcp-workload-matrix-v1/A08-baseline/build/tasks.o,
by_pc,2147485198,3,3,6,9,3,0,0,0,0,xTaskIncrementTick,/Users/swchen.tw/git/percepio/poc/runs/tcp-workload-matrix-v1/A08-baseline/build/tasks.o,
by_pc,2147485200,3,6,12,15,3,3,0,0,0,xTaskIncrementTick,/Users/swchen.tw/git/percepio/poc/runs/tcp-workload-matrix-v1/A08-baseline/build/tasks.o,
by_pc,2147485204,3,6,12,15,3,3,0,0,0,xTaskIncrementTick,/Users/swchen.tw/git/percepio/poc/runs/tcp-workload-matrix-v1/A08-baseline/build/tasks.o,
by_pc,2147485206,3,3,6,9,3,0,0,0,0,xTaskIncrementTick,/Users/swchen.tw/git/percepio/poc/runs/tcp-workload-matrix-v1/A08-baseline/build/tasks.o,
by_pc,2147485210,3,3,6,9,3,0,0,0,0,xTaskIncrementTick,/Users/swchen.tw/git/percepio/poc/runs/tcp-workload-matrix-v1/A08-baseline/build/tasks.o,
by_pc,2147485214,3,3,6,9,3,0,0,0,0,xTaskIncrementTick,/Users/swchen.tw/git/percepio/poc/runs/tcp-workload-matrix-v1/A08-baseline/build/tasks.o,
by_pc,2147485216,3,40,80,83,3,3,16,18,0,xTaskIncrementTick,/Users/swchen.tw/git/percepio/poc/runs/tcp-workload-matrix-v1/A08-baseline/build/tasks.o,
by_pc,2147485218,3,3,6,9,3,0,0,0,0,xTaskIncrementTick,/Users/swchen.tw/git/percepio/poc/runs/tcp-workload-matrix-v1/A08-baseline/build/tasks.o,
by_pc,2147485222,3,3,6,9,3,0,0,0,0,xTaskIncrementTick,/Users/swchen.tw/git/percepio/poc/runs/tcp-workload-matrix-v1/A08-baseline/build/tasks.o,
by_pc,2147485226,3,3,6,9,3,0,0,0,0,xTaskIncrementTick,/Users/swchen.tw/git/percepio/poc/runs/tcp-workload-matrix-v1/A08-baseline/build/tasks.o,
by_pc,2147485228,3,3,6,9,3,0,0,0,0,xTaskIncrementTick,/Users/swchen.tw/git/percepio/poc/runs/tcp-workload-matrix-v1/A08-baseline/build/tasks.o,
by_pc,2147485232,3,6,12,15,3,3,0,0,0,xTaskIncrementTick,/Users/swchen.tw/git/percepio/poc/runs/tcp-workload-matrix-v1/A08-baseline/build/tasks.o,
by_pc,2147485234,3,6,12,15,3,3,0,0,0,xTaskIncrementTick,/Users/swchen.tw/git/percepio/poc/runs/tcp-workload-matrix-v1/A08-baseline/build/tasks.o,
by_pc,2147485236,3,6,12,15,3,3,0,0,0,xTaskIncrementTick,/Users/swchen.tw/git/percepio/poc/runs/tcp-workload-matrix-v1/A08-baseline/build/tasks.o,
by_pc,2147485238,3,6,12,15,3,3,0,0,0,xTaskIncrementTick,/Users/swchen.tw/git/percepio/poc/runs/tcp-workload-matrix-v1/A08-baseline/build/tasks.o,
by_pc,2147485240,3,6,12,15,3,3,0,0,0,xTaskIncrementTick,/Users/swchen.tw/git/percepio/poc/runs/tcp-workload-matrix-v1/A08-baseline/build/tasks.o,
by_pc,2147485242,3,6,12,15,3,3,0,0,0,xTaskIncrementTick,/Users/swchen.tw/git/percepio/poc/runs/tcp-workload-matrix-v1/A08-baseline/build/tasks.o,
by_pc,2147485244,3,6,12,15,3,3,0,0,0,xTaskIncrementTick,/Users/swchen.tw/git/percepio/poc/runs/tcp-workload-matrix-v1/A08-baseline/build/tasks.o,
by_pc,2147485246,3,6,12,15,3,3,0,0,0,xTaskIncrementTick,/Users/swchen.tw/git/percepio/poc/runs/tcp-workload-matrix-v1/A08-baseline/build/tasks.o,
by_pc,2147485248,3,58,116,119,3,3,16,36,0,xTaskIncrementTick,/Users/swchen.tw/git/percepio/poc/runs/tcp-workload-matrix-v1/A08-baseline/build/tasks.o,
by_pc,2147485250,3,6,12,15,3,3,0,0,0,xTaskIncrementTick,/Users/swchen.tw/git/percepio/poc/runs/tcp-workload-matrix-v1/A08-baseline/build/tasks.o,
by_pc,2147485252,3,6,12,15,3,3,0,0,0,xTaskIncrementTick,/Users/swchen.tw/git/percepio/poc/runs/tcp-workload-matrix-v1/A08-baseline/build/tasks.o,
by_pc,2147485254,3,3,6,9,3,0,0,0,0,xTaskIncrementTick,/Users/swchen.tw/git/percepio/poc/runs/tcp-workload-matrix-v1/A08-baseline/build/tasks.o,
by_pc,2147485256,3,3,6,9,3,0,0,0,0,xTaskIncrementTick,/Users/swchen.tw/git/percepio/poc/runs/tcp-workload-matrix-v1/A08-baseline/build/tasks.o,
by_pc,2147519404,3,3,6,9,3,0,0,0,0,unresolved@/Users/swchen.tw/git/percepio/poc/runs/tcp-workload-matrix-v1/A08-baseline/build/portASM.o:2147519232,/Users/swchen.tw/git/percepio/poc/runs/tcp-workload-matrix-v1/A08-baseline/build/portASM.o,
by_pc,2147519436,4,68,136,140,4,4,24,36,0,unresolved@/Users/swchen.tw/git/percepio/poc/runs/tcp-workload-matrix-v1/A08-baseline/build/portASM.o:2147519232,/Users/swchen.tw/git/percepio/poc/runs/tcp-workload-matrix-v1/A08-baseline/build/portASM.o,
by_pc,2147519440,4,8,16,20,4,4,0,0,0,unresolved@/Users/swchen.tw/git/percepio/poc/runs/tcp-workload-matrix-v1/A08-baseline/build/portASM.o:2147519232,/Users/swchen.tw/git/percepio/poc/runs/tcp-workload-matrix-v1/A08-baseline/build/portASM.o,
by_pc,2147519444,4,34,68,72,4,4,8,18,0,unresolved@/Users/swchen.tw/git/percepio/poc/runs/tcp-workload-matrix-v1/A08-baseline/build/portASM.o:2147519232,/Users/swchen.tw/git/percepio/poc/runs/tcp-workload-matrix-v1/A08-baseline/build/portASM.o,
by_pc,2147519446,4,4,8,12,4,0,0,0,0,unresolved@/Users/swchen.tw/git/percepio/poc/runs/tcp-workload-matrix-v1/A08-baseline/build/portASM.o:2147519232,/Users/swchen.tw/git/percepio/poc/runs/tcp-workload-matrix-v1/A08-baseline/build/portASM.o,
by_pc,2147519450,4,34,68,72,4,4,8,18,0,unresolved@/Users/swchen.tw/git/percepio/poc/runs/tcp-workload-matrix-v1/A08-baseline/build/portASM.o:2147519232,/Users/swchen.tw/git/percepio/poc/runs/tcp-workload-matrix-v1/A08-baseline/build/portASM.o,
by_pc,2147519452,4,4,8,12,4,0,0,0,0,unresolved@/Users/swchen.tw/git/percepio/poc/runs/tcp-workload-matrix-v1/A08-baseline/build/portASM.o:2147519232,/Users/swchen.tw/git/percepio/poc/runs/tcp-workload-matrix-v1/A08-baseline/build/portASM.o,
by_pc,2147519456,4,8,16,20,4,4,0,0,0,unresolved@/Users/swchen.tw/git/percepio/poc/runs/tcp-workload-matrix-v1/A08-baseline/build/portASM.o:2147519232,/Users/swchen.tw/git/percepio/poc/runs/tcp-workload-matrix-v1/A08-baseline/build/portASM.o,
by_pc,2147519458,4,4,8,12,4,0,0,0,0,unresolved@/Users/swchen.tw/git/percepio/poc/runs/tcp-workload-matrix-v1/A08-baseline/build/portASM.o:2147519232,/Users/swchen.tw/git/percepio/poc/runs/tcp-workload-matrix-v1/A08-baseline/build/portASM.o,
by_pc,2147519462,4,8,16,20,4,4,0,0,0,unresolved@/Users/swchen.tw/git/percepio/poc/runs/tcp-workload-matrix-v1/A08-baseline/build/portASM.o:2147519232,/Users/swchen.tw/git/percepio/poc/runs/tcp-workload-matrix-v1/A08-baseline/build/portASM.o,
by_pc,2147519466,4,84,168,172,4,4,32,0,44,unresolved@/Users/swchen.tw/git/percepio/poc/runs/tcp-workload-matrix-v1/A08-baseline/build/portASM.o:2147519232,/Users/swchen.tw/git/percepio/poc/runs/tcp-workload-matrix-v1/A08-baseline/build/portASM.o,
by_pc,2147519470,4,8,16,20,4,4,0,0,0,unresolved@/Users/swchen.tw/git/percepio/poc/runs/tcp-workload-matrix-v1/A08-baseline/build/portASM.o:2147519232,/Users/swchen.tw/git/percepio/poc/runs/tcp-workload-matrix-v1/A08-baseline/build/portASM.o,
by_pc,2147519472,4,8,16,20,4,4,0,0,0,unresolved@/Users/swchen.tw/git/percepio/poc/runs/tcp-workload-matrix-v1/A08-baseline/build/portASM.o:2147519232,/Users/swchen.tw/git/percepio/poc/runs/tcp-workload-matrix-v1/A08-baseline/build/portASM.o,
by_pc,2147519474,4,8,16,20,4,4,0,0,0,unresolved@/Users/swchen.tw/git/percepio/poc/runs/tcp-workload-matrix-v1/A08-baseline/build/portASM.o:2147519232,/Users/swchen.tw/git/percepio/poc/runs/tcp-workload-matrix-v1/A08-baseline/build/portASM.o,
by_pc,2147519476,4,8,16,20,4,4,0,0,0,unresolved@/Users/swchen.tw/git/percepio/poc/runs/tcp-workload-matrix-v1/A08-baseline/build/portASM.o:2147519232,/Users/swchen.tw/git/percepio/poc/runs/tcp-workload-matrix-v1/A08-baseline/build/portASM.o,
by_pc,2147519478,4,8,16,20,4,4,0,0,0,unresolved@/Users/swchen.tw/git/percepio/poc/runs/tcp-workload-matrix-v1/A08-baseline/build/portASM.o:2147519232,/Users/swchen.tw/git/percepio/poc/runs/tcp-workload-matrix-v1/A08-baseline/build/portASM.o,
by_pc,2147519480,4,8,16,20,4,4,0,0,0,unresolved@/Users/swchen.tw/git/percepio/poc/runs/tcp-workload-matrix-v1/A08-baseline/build/portASM.o:2147519232,/Users/swchen.tw/git/percepio/poc/runs/tcp-workload-matrix-v1/A08-baseline/build/portASM.o,
by_pc,2147519482,4,8,16,20,4,4,0,0,0,unresolved@/Users/swchen.tw/git/percepio/poc/runs/tcp-workload-matrix-v1/A08-baseline/build/portASM.o:2147519232,/Users/swchen.tw/git/percepio/poc/runs/tcp-workload-matrix-v1/A08-baseline/build/portASM.o,
by_pc,2147519484,4,8,16,20,4,4,0,0,0,unresolved@/Users/swchen.tw/git/percepio/poc/runs/tcp-workload-matrix-v1/A08-baseline/build/portASM.o:2147519232,/Users/swchen.tw/git/percepio/poc/runs/tcp-workload-matrix-v1/A08-baseline/build/portASM.o,
by_pc,2147519486,4,8,16,20,4,4,0,0,0,unresolved@/Users/swchen.tw/git/percepio/poc/runs/tcp-workload-matrix-v1/A08-baseline/build/portASM.o:2147519232,/Users/swchen.tw/git/percepio/poc/runs/tcp-workload-matrix-v1/A08-baseline/build/portASM.o,
by_pc,2147519488,4,50,100,104,4,4,24,18,0,unresolved@/Users/swchen.tw/git/percepio/poc/runs/tcp-workload-matrix-v1/A08-baseline/build/portASM.o:2147519232,/Users/swchen.tw/git/percepio/poc/runs/tcp-workload-matrix-v1/A08-baseline/build/portASM.o,
by_pc,2147519490,4,34,68,72,4,4,8,18,0,unresolved@/Users/swchen.tw/git/percepio/poc/runs/tcp-workload-matrix-v1/A08-baseline/build/portASM.o:2147519232,/Users/swchen.tw/git/percepio/poc/runs/tcp-workload-matrix-v1/A08-baseline/build/portASM.o,
by_pc,2147519492,4,8,16,20,4,4,0,0,0,unresolved@/Users/swchen.tw/git/percepio/poc/runs/tcp-workload-matrix-v1/A08-baseline/build/portASM.o:2147519232,/Users/swchen.tw/git/percepio/poc/runs/tcp-workload-matrix-v1/A08-baseline/build/portASM.o,
by_pc,2147519494,4,8,16,20,4,4,0,0,0,unresolved@/Users/swchen.tw/git/percepio/poc/runs/tcp-workload-matrix-v1/A08-baseline/build/portASM.o:2147519232,/Users/swchen.tw/git/percepio/poc/runs/tcp-workload-matrix-v1/A08-baseline/build/portASM.o,
by_pc,2147519496,4,8,16,20,4,4,0,0,0,unresolved@/Users/swchen.tw/git/percepio/poc/runs/tcp-workload-matrix-v1/A08-baseline/build/portASM.o:2147519232,/Users/swchen.tw/git/percepio/poc/runs/tcp-workload-matrix-v1/A08-baseline/build/portASM.o,
by_pc,2147519498,4,8,16,20,4,4,0,0,0,unresolved@/Users/swchen.tw/git/percepio/poc/runs/tcp-workload-matrix-v1/A08-baseline/build/portASM.o:2147519232,/Users/swchen.tw/git/percepio/poc/runs/tcp-workload-matrix-v1/A08-baseline/build/portASM.o,
by_pc,2147519500,4,8,16,20,4,4,0,0,0,unresolved@/Users/swchen.tw/git/percepio/poc/runs/tcp-workload-matrix-v1/A08-baseline/build/portASM.o:2147519232,/Users/swchen.tw/git/percepio/poc/runs/tcp-workload-matrix-v1/A08-baseline/build/portASM.o,
by_pc,2147519502,4,8,16,20,4,4,0,0,0,unresolved@/Users/swchen.tw/git/percepio/poc/runs/tcp-workload-matrix-v1/A08-baseline/build/portASM.o:2147519232,/Users/swchen.tw/git/percepio/poc/runs/tcp-workload-matrix-v1/A08-baseline/build/portASM.o,
by_pc,2147519504,4,8,16,20,4,4,0,0,0,unresolved@/Users/swchen.tw/git/percepio/poc/runs/tcp-workload-matrix-v1/A08-baseline/build/portASM.o:2147519232,/Users/swchen.tw/git/percepio/poc/runs/tcp-workload-matrix-v1/A08-baseline/build/portASM.o,
by_pc,2147519506,4,8,16,20,4,4,0,0,0,unresolved@/Users/swchen.tw/git/percepio/poc/runs/tcp-workload-matrix-v1/A08-baseline/build/portASM.o:2147519232,/Users/swchen.tw/git/percepio/poc/runs/tcp-workload-matrix-v1/A08-baseline/build/portASM.o,
by_pc,2147519508,4,8,16,20,4,4,0,0,0,unresolved@/Users/swchen.tw/git/percepio/poc/runs/tcp-workload-matrix-v1/A08-baseline/build/portASM.o:2147519232,/Users/swchen.tw/git/percepio/poc/runs/tcp-workload-matrix-v1/A08-baseline/build/portASM.o,
by_pc,2147519510,4,8,16,20,4,4,0,0,0,unresolved@/Users/swchen.tw/git/percepio/poc/runs/tcp-workload-matrix-v1/A08-baseline/build/portASM.o:2147519232,/Users/swchen.tw/git/percepio/poc/runs/tcp-workload-matrix-v1/A08-baseline/build/portASM.o,
by_pc,2147519512,4,8,16,20,4,4,0,0,0,unresolved@/Users/swchen.tw/git/percepio/poc/runs/tcp-workload-matrix-v1/A08-baseline/build/portASM.o:2147519232,/Users/swchen.tw/git/percepio/poc/runs/tcp-workload-matrix-v1/A08-baseline/build/portASM.o,
by_pc,2147519514,4,8,16,20,4,4,0,0,0,unresolved@/Users/swchen.tw/git/percepio/poc/runs/tcp-workload-matrix-v1/A08-baseline/build/portASM.o:2147519232,/Users/swchen.tw/git/percepio/poc/runs/tcp-workload-matrix-v1/A08-baseline/build/portASM.o,
by_pc,2147519516,4,8,16,20,4,4,0,0,0,unresolved@/Users/swchen.tw/git/percepio/poc/runs/tcp-workload-matrix-v1/A08-baseline/build/portASM.o:2147519232,/Users/swchen.tw/git/percepio/poc/runs/tcp-workload-matrix-v1/A08-baseline/build/portASM.o,
by_pc,2147519518,4,8,16,20,4,4,0,0,0,unresolved@/Users/swchen.tw/git/percepio/poc/runs/tcp-workload-matrix-v1/A08-baseline/build/portASM.o:2147519232,/Users/swchen.tw/git/percepio/poc/runs/tcp-workload-matrix-v1/A08-baseline/build/portASM.o,
by_pc,2147519520,4,8,16,20,4,4,0,0,0,unresolved@/Users/swchen.tw/git/percepio/poc/runs/tcp-workload-matrix-v1/A08-baseline/build/portASM.o:2147519232,/Users/swchen.tw/git/percepio/poc/runs/tcp-workload-matrix-v1/A08-baseline/build/portASM.o,
by_pc,2147519522,4,8,16,20,4,4,0,0,0,unresolved@/Users/swchen.tw/git/percepio/poc/runs/tcp-workload-matrix-v1/A08-baseline/build/portASM.o:2147519232,/Users/swchen.tw/git/percepio/poc/runs/tcp-workload-matrix-v1/A08-baseline/build/portASM.o,
by_pc,2147519524,4,8,16,20,4,4,0,0,0,unresolved@/Users/swchen.tw/git/percepio/poc/runs/tcp-workload-matrix-v1/A08-baseline/build/portASM.o:2147519232,/Users/swchen.tw/git/percepio/poc/runs/tcp-workload-matrix-v1/A08-baseline/build/portASM.o,
by_pc,2147519526,4,4,8,12,4,0,0,0,0,unresolved@/Users/swchen.tw/git/percepio/poc/runs/tcp-workload-matrix-v1/A08-baseline/build/portASM.o:2147519232,/Users/swchen.tw/git/percepio/poc/runs/tcp-workload-matrix-v1/A08-baseline/build/portASM.o,
by_pc,2147519530,4,4,8,12,4,0,0,0,0,unresolved@/Users/swchen.tw/git/percepio/poc/runs/tcp-workload-matrix-v1/A08-baseline/build/portASM.o:2147519232,/Users/swchen.tw/git/percepio/poc/runs/tcp-workload-matrix-v1/A08-baseline/build/portASM.o,
by_pc,2147507930,8,80,160,168,8,8,64,0,0,tcp_receive,/Users/swchen.tw/git/percepio/poc/runs/tcp-workload-matrix-v1/A08-baseline/build/tcp_in.o,
by_pc,2147507934,8,8,16,24,8,0,0,0,0,tcp_receive,/Users/swchen.tw/git/percepio/poc/runs/tcp-workload-matrix-v1/A08-baseline/build/tcp_in.o,
by_pc,2147507936,8,8,16,24,8,0,0,0,0,tcp_receive,/Users/swchen.tw/git/percepio/poc/runs/tcp-workload-matrix-v1/A08-baseline/build/tcp_in.o,
by_pc,2147507938,8,8,16,24,8,0,0,0,0,tcp_receive,/Users/swchen.tw/git/percepio/poc/runs/tcp-workload-matrix-v1/A08-baseline/build/tcp_in.o,
by_pc,2147507940,8,8,16,24,8,0,0,0,0,tcp_receive,/Users/swchen.tw/git/percepio/poc/runs/tcp-workload-matrix-v1/A08-baseline/build/tcp_in.o,
by_pc,2147507944,8,8,16,24,8,0,0,0,0,tcp_receive,/Users/swchen.tw/git/percepio/poc/runs/tcp-workload-matrix-v1/A08-baseline/build/tcp_in.o,
by_pc,2147507948,7,147,294,301,7,7,56,0,77,tcp_receive,/Users/swchen.tw/git/percepio/poc/runs/tcp-workload-matrix-v1/A08-baseline/build/tcp_in.o,
by_pc,2147498678,2,2,4,6,2,0,0,0,0,session_task,/Users/swchen.tw/git/percepio/poc/runs/tcp-workload-matrix-v1/A08-baseline/build/tcp_request_response_irq.o,
by_pc,2147498682,2,2,4,6,2,0,0,0,0,session_task,/Users/swchen.tw/git/percepio/poc/runs/tcp-workload-matrix-v1/A08-baseline/build/tcp_request_response_irq.o,
by_pc,2147498686,2,42,84,86,2,2,16,0,22,session_task,/Users/swchen.tw/git/percepio/poc/runs/tcp-workload-matrix-v1/A08-baseline/build/tcp_request_response_irq.o,
by_pc,2147498688,2,36,72,74,2,0,16,18,0,session_task,/Users/swchen.tw/git/percepio/poc/runs/tcp-workload-matrix-v1/A08-baseline/build/tcp_request_response_irq.o,
by_pc,2147505144,2,38,76,78,2,2,16,18,0,tcp_fasttmr,/Users/swchen.tw/git/percepio/poc/runs/tcp-workload-matrix-v1/A08-baseline/build/tcp.o,
by_pc,2147505148,2,2,4,6,2,0,0,0,0,tcp_fasttmr,/Users/swchen.tw/git/percepio/poc/runs/tcp-workload-matrix-v1/A08-baseline/build/tcp.o,
by_pc,2147505150,2,42,84,86,2,2,16,0,22,tcp_fasttmr,/Users/swchen.tw/git/percepio/poc/runs/tcp-workload-matrix-v1/A08-baseline/build/tcp.o,
by_pc,2147505152,2,54,108,110,2,0,16,36,0,tcp_fasttmr,/Users/swchen.tw/git/percepio/poc/runs/tcp-workload-matrix-v1/A08-baseline/build/tcp.o,
by_pc,2147505154,2,42,84,86,2,2,16,0,22,tcp_fasttmr,/Users/swchen.tw/git/percepio/poc/runs/tcp-workload-matrix-v1/A08-baseline/build/tcp.o,
by_pc,2147505156,2,42,84,86,2,2,16,0,22,tcp_fasttmr,/Users/swchen.tw/git/percepio/poc/runs/tcp-workload-matrix-v1/A08-baseline/build/tcp.o,
by_pc,2147505158,2,42,84,86,2,2,16,0,22,tcp_fasttmr,/Users/swchen.tw/git/percepio/poc/runs/tcp-workload-matrix-v1/A08-baseline/build/tcp.o,
by_pc,2147505160,2,42,84,86,2,2,16,0,22,tcp_fasttmr,/Users/swchen.tw/git/percepio/poc/runs/tcp-workload-matrix-v1/A08-baseline/build/tcp.o,
by_pc,2147505164,2,2,4,6,2,0,0,0,0,tcp_fasttmr,/Users/swchen.tw/git/percepio/poc/runs/tcp-workload-matrix-v1/A08-baseline/build/tcp.o,
by_pc,2147505168,2,4,8,10,2,2,0,0,0,tcp_fasttmr,/Users/swchen.tw/git/percepio/poc/runs/tcp-workload-matrix-v1/A08-baseline/build/tcp.o,
by_pc,2147505170,4,4,8,12,4,0,0,0,0,tcp_fasttmr,/Users/swchen.tw/git/percepio/poc/runs/tcp-workload-matrix-v1/A08-baseline/build/tcp.o,
by_pc,2147505184,2,4,8,10,2,2,0,0,0,tcp_fasttmr,/Users/swchen.tw/git/percepio/poc/runs/tcp-workload-matrix-v1/A08-baseline/build/tcp.o,
by_pc,2147505188,2,4,8,10,2,2,0,0,0,tcp_fasttmr,/Users/swchen.tw/git/percepio/poc/runs/tcp-workload-matrix-v1/A08-baseline/build/tcp.o,
by_pc,2147505192,2,2,4,6,2,0,0,0,0,tcp_fasttmr,/Users/swchen.tw/git/percepio/poc/runs/tcp-workload-matrix-v1/A08-baseline/build/tcp.o,
by_pc,2147505196,2,42,84,86,2,2,16,0,22,tcp_fasttmr,/Users/swchen.tw/git/percepio/poc/runs/tcp-workload-matrix-v1/A08-baseline/build/tcp.o,
by_pc,2147505200,2,4,8,10,2,2,0,0,0,tcp_fasttmr,/Users/swchen.tw/git/percepio/poc/runs/tcp-workload-matrix-v1/A08-baseline/build/tcp.o,
by_pc,2147505204,2,2,4,6,2,0,0,0,0,tcp_fasttmr,/Users/swchen.tw/git/percepio/poc/runs/tcp-workload-matrix-v1/A08-baseline/build/tcp.o,
by_pc,2147505208,2,2,4,6,2,0,0,0,0,tcp_fasttmr,/Users/swchen.tw/git/percepio/poc/runs/tcp-workload-matrix-v1/A08-baseline/build/tcp.o,
by_pc,2147505238,2,54,108,110,2,0,16,36,0,tcp_fasttmr,/Users/swchen.tw/git/percepio/poc/runs/tcp-workload-matrix-v1/A08-baseline/build/tcp.o,
by_pc,2147505242,2,2,4,6,2,0,0,0,0,tcp_fasttmr,/Users/swchen.tw/git/percepio/poc/runs/tcp-workload-matrix-v1/A08-baseline/build/tcp.o,
by_pc,2147505256,2,4,8,10,2,2,0,0,0,tcp_fasttmr,/Users/swchen.tw/git/percepio/poc/runs/tcp-workload-matrix-v1/A08-baseline/build/tcp.o,
by_pc,2147505258,2,4,8,10,2,2,0,0,0,tcp_fasttmr,/Users/swchen.tw/git/percepio/poc/runs/tcp-workload-matrix-v1/A08-baseline/build/tcp.o,
by_pc,2147505262,2,2,4,6,2,0,0,0,0,tcp_fasttmr,/Users/swchen.tw/git/percepio/poc/runs/tcp-workload-matrix-v1/A08-baseline/build/tcp.o,
by_pc,2147505280,2,36,72,74,2,0,16,18,0,tcp_fasttmr,/Users/swchen.tw/git/percepio/poc/runs/tcp-workload-matrix-v1/A08-baseline/build/tcp.o,
by_pc,2147505282,2,2,4,6,2,0,0,0,0,tcp_fasttmr,/Users/swchen.tw/git/percepio/poc/runs/tcp-workload-matrix-v1/A08-baseline/build/tcp.o,
by_pc,2147505172,2,4,8,10,2,2,0,0,0,tcp_fasttmr,/Users/swchen.tw/git/percepio/poc/runs/tcp-workload-matrix-v1/A08-baseline/build/tcp.o,
by_pc,2147505174,2,4,8,10,2,2,0,0,0,tcp_fasttmr,/Users/swchen.tw/git/percepio/poc/runs/tcp-workload-matrix-v1/A08-baseline/build/tcp.o,
by_pc,2147505176,2,4,8,10,2,2,0,0,0,tcp_fasttmr,/Users/swchen.tw/git/percepio/poc/runs/tcp-workload-matrix-v1/A08-baseline/build/tcp.o,
by_pc,2147505178,2,4,8,10,2,2,0,0,0,tcp_fasttmr,/Users/swchen.tw/git/percepio/poc/runs/tcp-workload-matrix-v1/A08-baseline/build/tcp.o,
by_pc,2147505180,2,2,4,6,2,0,0,0,0,tcp_fasttmr,/Users/swchen.tw/git/percepio/poc/runs/tcp-workload-matrix-v1/A08-baseline/build/tcp.o,
by_pc,2147505182,2,2,4,6,2,0,0,0,0,tcp_fasttmr,/Users/swchen.tw/git/percepio/poc/runs/tcp-workload-matrix-v1/A08-baseline/build/tcp.o,
by_pc,2147498692,2,2,4,6,2,0,0,0,0,session_task,/Users/swchen.tw/git/percepio/poc/runs/tcp-workload-matrix-v1/A08-baseline/build/tcp_request_response_irq.o,
by_pc,2147505288,2,2,4,6,2,0,0,0,0,tcp_slowtmr,/Users/swchen.tw/git/percepio/poc/runs/tcp-workload-matrix-v1/A08-baseline/build/tcp.o,
by_pc,2147505290,2,42,84,86,2,2,16,0,22,tcp_slowtmr,/Users/swchen.tw/git/percepio/poc/runs/tcp-workload-matrix-v1/A08-baseline/build/tcp.o,
by_pc,2147505292,2,42,84,86,2,2,16,0,22,tcp_slowtmr,/Users/swchen.tw/git/percepio/poc/runs/tcp-workload-matrix-v1/A08-baseline/build/tcp.o,
by_pc,2147505294,2,42,84,86,2,2,16,0,22,tcp_slowtmr,/Users/swchen.tw/git/percepio/poc/runs/tcp-workload-matrix-v1/A08-baseline/build/tcp.o,
by_pc,2147505296,2,42,84,86,2,2,16,0,22,tcp_slowtmr,/Users/swchen.tw/git/percepio/poc/runs/tcp-workload-matrix-v1/A08-baseline/build/tcp.o,
by_pc,2147505298,2,42,84,86,2,2,16,0,22,tcp_slowtmr,/Users/swchen.tw/git/percepio/poc/runs/tcp-workload-matrix-v1/A08-baseline/build/tcp.o,
by_pc,2147505300,2,42,84,86,2,2,16,0,22,tcp_slowtmr,/Users/swchen.tw/git/percepio/poc/runs/tcp-workload-matrix-v1/A08-baseline/build/tcp.o,
by_pc,2147505302,2,42,84,86,2,2,16,0,22,tcp_slowtmr,/Users/swchen.tw/git/percepio/poc/runs/tcp-workload-matrix-v1/A08-baseline/build/tcp.o,
by_pc,2147505304,2,42,84,86,2,2,16,0,22,tcp_slowtmr,/Users/swchen.tw/git/percepio/poc/runs/tcp-workload-matrix-v1/A08-baseline/build/tcp.o,
by_pc,2147505306,2,42,84,86,2,2,16,0,22,tcp_slowtmr,/Users/swchen.tw/git/percepio/poc/runs/tcp-workload-matrix-v1/A08-baseline/build/tcp.o,
by_pc,2147505308,2,42,84,86,2,2,16,0,22,tcp_slowtmr,/Users/swchen.tw/git/percepio/poc/runs/tcp-workload-matrix-v1/A08-baseline/build/tcp.o,
by_pc,2147505310,2,42,84,86,2,2,16,0,22,tcp_slowtmr,/Users/swchen.tw/git/percepio/poc/runs/tcp-workload-matrix-v1/A08-baseline/build/tcp.o,
by_pc,2147505312,2,42,84,86,2,2,16,0,22,tcp_slowtmr,/Users/swchen.tw/git/percepio/poc/runs/tcp-workload-matrix-v1/A08-baseline/build/tcp.o,
by_pc,2147505314,2,42,84,86,2,2,16,0,22,tcp_slowtmr,/Users/swchen.tw/git/percepio/poc/runs/tcp-workload-matrix-v1/A08-baseline/build/tcp.o,
by_pc,2147505316,2,2,4,6,2,0,0,0,0,tcp_slowtmr,/Users/swchen.tw/git/percepio/poc/runs/tcp-workload-matrix-v1/A08-baseline/build/tcp.o,
by_pc,2147505320,2,4,8,10,2,2,0,0,0,tcp_slowtmr,/Users/swchen.tw/git/percepio/poc/runs/tcp-workload-matrix-v1/A08-baseline/build/tcp.o,
by_pc,2147505322,2,2,4,6,2,0,0,0,0,tcp_slowtmr,/Users/swchen.tw/git/percepio/poc/runs/tcp-workload-matrix-v1/A08-baseline/build/tcp.o,
by_pc,2147505326,2,2,4,6,2,0,0,0,0,tcp_slowtmr,/Users/swchen.tw/git/percepio/poc/runs/tcp-workload-matrix-v1/A08-baseline/build/tcp.o,
by_pc,2147505328,2,2,4,6,2,0,0,0,0,tcp_slowtmr,/Users/swchen.tw/git/percepio/poc/runs/tcp-workload-matrix-v1/A08-baseline/build/tcp.o,
by_pc,2147505330,2,42,84,86,2,2,16,0,22,tcp_slowtmr,/Users/swchen.tw/git/percepio/poc/runs/tcp-workload-matrix-v1/A08-baseline/build/tcp.o,
by_pc,2147505332,2,4,8,10,2,2,0,0,0,tcp_slowtmr,/Users/swchen.tw/git/percepio/poc/runs/tcp-workload-matrix-v1/A08-baseline/build/tcp.o,
by_pc,2147505336,2,2,4,6,2,0,0,0,0,tcp_slowtmr,/Users/swchen.tw/git/percepio/poc/runs/tcp-workload-matrix-v1/A08-baseline/build/tcp.o,
by_pc,2147505338,2,2,4,6,2,0,0,0,0,tcp_slowtmr,/Users/swchen.tw/git/percepio/poc/runs/tcp-workload-matrix-v1/A08-baseline/build/tcp.o,
by_pc,2147505342,2,2,4,6,2,0,0,0,0,tcp_slowtmr,/Users/swchen.tw/git/percepio/poc/runs/tcp-workload-matrix-v1/A08-baseline/build/tcp.o,
by_pc,2147505344,2,94,188,190,2,2,32,36,22,tcp_slowtmr,/Users/swchen.tw/git/percepio/poc/runs/tcp-workload-matrix-v1/A08-baseline/build/tcp.o,
by_pc,2147505348,2,4,8,10,2,2,0,0,0,tcp_slowtmr,/Users/swchen.tw/git/percepio/poc/runs/tcp-workload-matrix-v1/A08-baseline/build/tcp.o,
by_pc,2147505352,2,2,4,6,2,0,0,0,0,tcp_slowtmr,/Users/swchen.tw/git/percepio/poc/runs/tcp-workload-matrix-v1/A08-baseline/build/tcp.o,
by_pc,2147505354,2,2,4,6,2,0,0,0,0,tcp_slowtmr,/Users/swchen.tw/git/percepio/poc/runs/tcp-workload-matrix-v1/A08-baseline/build/tcp.o,
by_pc,2147505356,2,2,4,6,2,0,0,0,0,tcp_slowtmr,/Users/swchen.tw/git/percepio/poc/runs/tcp-workload-matrix-v1/A08-baseline/build/tcp.o,
by_pc,2147505358,2,2,4,6,2,0,0,0,0,tcp_slowtmr,/Users/swchen.tw/git/percepio/poc/runs/tcp-workload-matrix-v1/A08-baseline/build/tcp.o,
by_pc,2147505362,4,4,8,12,4,0,0,0,0,tcp_slowtmr,/Users/swchen.tw/git/percepio/poc/runs/tcp-workload-matrix-v1/A08-baseline/build/tcp.o,
by_pc,2147505410,2,56,112,114,2,2,16,36,0,tcp_slowtmr,/Users/swchen.tw/git/percepio/poc/runs/tcp-workload-matrix-v1/A08-baseline/build/tcp.o,
by_pc,2147505414,2,4,8,10,2,2,0,0,0,tcp_slowtmr,/Users/swchen.tw/git/percepio/poc/runs/tcp-workload-matrix-v1/A08-baseline/build/tcp.o,
by_pc,2147505418,2,2,4,6,2,0,0,0,0,tcp_slowtmr,/Users/swchen.tw/git/percepio/poc/runs/tcp-workload-matrix-v1/A08-baseline/build/tcp.o,
by_pc,2147505432,2,4,8,10,2,2,0,0,0,tcp_slowtmr,/Users/swchen.tw/git/percepio/poc/runs/tcp-workload-matrix-v1/A08-baseline/build/tcp.o,
by_pc,2147505436,2,42,84,86,2,2,16,0,22,tcp_slowtmr,/Users/swchen.tw/git/percepio/poc/runs/tcp-workload-matrix-v1/A08-baseline/build/tcp.o,
by_pc,2147505440,2,4,8,10,2,2,0,0,0,tcp_slowtmr,/Users/swchen.tw/git/percepio/poc/runs/tcp-workload-matrix-v1/A08-baseline/build/tcp.o,
by_pc,2147505444,2,2,4,6,2,0,0,0,0,tcp_slowtmr,/Users/swchen.tw/git/percepio/poc/runs/tcp-workload-matrix-v1/A08-baseline/build/tcp.o,
by_pc,2147505518,2,54,108,110,2,0,16,36,0,tcp_slowtmr,/Users/swchen.tw/git/percepio/poc/runs/tcp-workload-matrix-v1/A08-baseline/build/tcp.o,
by_pc,2147505520,2,2,4,6,2,0,0,0,0,tcp_slowtmr,/Users/swchen.tw/git/percepio/poc/runs/tcp-workload-matrix-v1/A08-baseline/build/tcp.o,
by_pc,2147505450,2,2,4,6,2,0,0,0,0,tcp_slowtmr,/Users/swchen.tw/git/percepio/poc/runs/tcp-workload-matrix-v1/A08-baseline/build/tcp.o,
by_pc,2147505452,2,2,4,6,2,0,0,0,0,tcp_slowtmr,/Users/swchen.tw/git/percepio/poc/runs/tcp-workload-matrix-v1/A08-baseline/build/tcp.o,
by_pc,2147505456,2,4,8,10,2,2,0,0,0,tcp_slowtmr,/Users/swchen.tw/git/percepio/poc/runs/tcp-workload-matrix-v1/A08-baseline/build/tcp.o,
by_pc,2147505460,2,2,4,6,2,0,0,0,0,tcp_slowtmr,/Users/swchen.tw/git/percepio/poc/runs/tcp-workload-matrix-v1/A08-baseline/build/tcp.o,
by_pc,2147505720,2,56,112,114,2,2,16,36,0,tcp_slowtmr,/Users/swchen.tw/git/percepio/poc/runs/tcp-workload-matrix-v1/A08-baseline/build/tcp.o,
by_pc,2147505724,2,2,4,6,2,0,0,0,0,tcp_slowtmr,/Users/swchen.tw/git/percepio/poc/runs/tcp-workload-matrix-v1/A08-baseline/build/tcp.o,
by_pc,2147505726,2,2,4,6,2,0,0,0,0,tcp_slowtmr,/Users/swchen.tw/git/percepio/poc/runs/tcp-workload-matrix-v1/A08-baseline/build/tcp.o,
by_pc,2147505728,2,36,72,74,2,0,16,18,0,tcp_slowtmr,/Users/swchen.tw/git/percepio/poc/runs/tcp-workload-matrix-v1/A08-baseline/build/tcp.o,
by_pc,2147505732,2,2,4,6,2,0,0,0,0,tcp_slowtmr,/Users/swchen.tw/git/percepio/poc/runs/tcp-workload-matrix-v1/A08-baseline/build/tcp.o,
by_pc,2147505734,2,2,4,6,2,0,0,0,0,tcp_slowtmr,/Users/swchen.tw/git/percepio/poc/runs/tcp-workload-matrix-v1/A08-baseline/build/tcp.o,
by_pc,2147505750,2,4,8,10,2,2,0,0,0,tcp_slowtmr,/Users/swchen.tw/git/percepio/poc/runs/tcp-workload-matrix-v1/A08-baseline/build/tcp.o,
by_pc,2147505754,2,2,4,6,2,0,0,0,0,tcp_slowtmr,/Users/swchen.tw/git/percepio/poc/runs/tcp-workload-matrix-v1/A08-baseline/build/tcp.o,
by_pc,2147505536,2,54,108,110,2,0,16,36,0,tcp_slowtmr,/Users/swchen.tw/git/percepio/poc/runs/tcp-workload-matrix-v1/A08-baseline/build/tcp.o,
by_pc,2147505538,2,4,8,10,2,2,0,0,0,tcp_slowtmr,/Users/swchen.tw/git/percepio/poc/runs/tcp-workload-matrix-v1/A08-baseline/build/tcp.o,
by_pc,2147505542,2,2,4,6,2,0,0,0,0,tcp_slowtmr,/Users/swchen.tw/git/percepio/poc/runs/tcp-workload-matrix-v1/A08-baseline/build/tcp.o,
by_pc,2147505572,2,4,8,10,2,2,0,0,0,tcp_slowtmr,/Users/swchen.tw/git/percepio/poc/runs/tcp-workload-matrix-v1/A08-baseline/build/tcp.o,
by_pc,2147505576,2,2,4,6,2,0,0,0,0,tcp_slowtmr,/Users/swchen.tw/git/percepio/poc/runs/tcp-workload-matrix-v1/A08-baseline/build/tcp.o,
by_pc,2147505578,2,2,4,6,2,0,0,0,0,tcp_slowtmr,/Users/swchen.tw/git/percepio/poc/runs/tcp-workload-matrix-v1/A08-baseline/build/tcp.o,
by_pc,2147505582,2,2,4,6,2,0,0,0,0,tcp_slowtmr,/Users/swchen.tw/git/percepio/poc/runs/tcp-workload-matrix-v1/A08-baseline/build/tcp.o,
by_pc,2147505584,2,4,8,10,2,2,0,0,0,tcp_slowtmr,/Users/swchen.tw/git/percepio/poc/runs/tcp-workload-matrix-v1/A08-baseline/build/tcp.o,
by_pc,2147505588,2,2,4,6,2,0,0,0,0,tcp_slowtmr,/Users/swchen.tw/git/percepio/poc/runs/tcp-workload-matrix-v1/A08-baseline/build/tcp.o,
by_pc,2147505616,2,56,112,114,2,2,16,36,0,tcp_slowtmr,/Users/swchen.tw/git/percepio/poc/runs/tcp-workload-matrix-v1/A08-baseline/build/tcp.o,
by_pc,2147505620,2,2,4,6,2,0,0,0,0,tcp_slowtmr,/Users/swchen.tw/git/percepio/poc/runs/tcp-workload-matrix-v1/A08-baseline/build/tcp.o,
by_pc,2147506024,2,54,108,110,2,0,16,36,0,tcp_slowtmr,/Users/swchen.tw/git/percepio/poc/runs/tcp-workload-matrix-v1/A08-baseline/build/tcp.o,
by_pc,2147505636,2,2,4,6,2,0,0,0,0,tcp_slowtmr,/Users/swchen.tw/git/percepio/poc/runs/tcp-workload-matrix-v1/A08-baseline/build/tcp.o,
by_pc,2147505640,2,4,8,10,2,2,0,0,0,tcp_slowtmr,/Users/swchen.tw/git/percepio/poc/runs/tcp-workload-matrix-v1/A08-baseline/build/tcp.o,
by_pc,2147505644,2,4,8,10,2,2,0,0,0,tcp_slowtmr,/Users/swchen.tw/git/percepio/poc/runs/tcp-workload-matrix-v1/A08-baseline/build/tcp.o,
by_pc,2147505648,2,4,8,10,2,2,0,0,0,tcp_slowtmr,/Users/swchen.tw/git/percepio/poc/runs/tcp-workload-matrix-v1/A08-baseline/build/tcp.o,
by_pc,2147505652,2,2,4,6,2,0,0,0,0,tcp_slowtmr,/Users/swchen.tw/git/percepio/poc/runs/tcp-workload-matrix-v1/A08-baseline/build/tcp.o,
by_pc,2147505654,2,2,4,6,2,0,0,0,0,tcp_slowtmr,/Users/swchen.tw/git/percepio/poc/runs/tcp-workload-matrix-v1/A08-baseline/build/tcp.o,
by_pc,2147505658,2,42,84,86,2,2,16,0,22,tcp_slowtmr,/Users/swchen.tw/git/percepio/poc/runs/tcp-workload-matrix-v1/A08-baseline/build/tcp.o,
by_pc,2147505662,2,4,8,10,4,0,0,0,0,tcp_slowtmr,/Users/swchen.tw/git/percepio/poc/runs/tcp-workload-matrix-v1/A08-baseline/build/tcp.o,
by_pc,2147505666,2,42,84,86,2,2,16,0,22,tcp_slowtmr,/Users/swchen.tw/git/percepio/poc/runs/tcp-workload-matrix-v1/A08-baseline/build/tcp.o,
by_pc,2147505670,2,4,8,10,2,2,0,0,0,tcp_slowtmr,/Users/swchen.tw/git/percepio/poc/runs/tcp-workload-matrix-v1/A08-baseline/build/tcp.o,
by_pc,2147505674,2,42,84,86,2,2,16,0,22,tcp_slowtmr,/Users/swchen.tw/git/percepio/poc/runs/tcp-workload-matrix-v1/A08-baseline/build/tcp.o,
by_pc,2147505678,2,2,4,6,2,0,0,0,0,tcp_slowtmr,/Users/swchen.tw/git/percepio/poc/runs/tcp-workload-matrix-v1/A08-baseline/build/tcp.o,
by_pc,2147505682,2,2,4,6,2,0,0,0,0,tcp_slowtmr,/Users/swchen.tw/git/percepio/poc/runs/tcp-workload-matrix-v1/A08-baseline/build/tcp.o,
by_pc,2147505684,2,2,4,6,2,0,0,0,0,tcp_slowtmr,/Users/swchen.tw/git/percepio/poc/runs/tcp-workload-matrix-v1/A08-baseline/build/tcp.o,
by_pc,2147505688,2,2,4,6,2,0,0,0,0,tcp_slowtmr,/Users/swchen.tw/git/percepio/poc/runs/tcp-workload-matrix-v1/A08-baseline/build/tcp.o,
by_pc,2147505426,2,2,4,6,2,0,0,0,0,tcp_slowtmr,/Users/swchen.tw/git/percepio/poc/runs/tcp-workload-matrix-v1/A08-baseline/build/tcp.o,
by_pc,2147505428,2,2,4,6,2,0,0,0,0,tcp_slowtmr,/Users/swchen.tw/git/percepio/poc/runs/tcp-workload-matrix-v1/A08-baseline/build/tcp.o,
by_pc,2147505430,2,2,4,6,2,0,0,0,0,tcp_slowtmr,/Users/swchen.tw/git/percepio/poc/runs/tcp-workload-matrix-v1/A08-baseline/build/tcp.o,
by_pc,2147505366,2,2,4,6,2,0,0,0,0,tcp_slowtmr,/Users/swchen.tw/git/percepio/poc/runs/tcp-workload-matrix-v1/A08-baseline/build/tcp.o,
by_pc,2147505370,2,4,8,10,2,2,0,0,0,tcp_slowtmr,/Users/swchen.tw/git/percepio/poc/runs/tcp-workload-matrix-v1/A08-baseline/build/tcp.o,
by_pc,2147505372,2,2,4,6,2,0,0,0,0,tcp_slowtmr,/Users/swchen.tw/git/percepio/poc/runs/tcp-workload-matrix-v1/A08-baseline/build/tcp.o,
by_pc,2147505376,2,2,4,6,2,0,0,0,0,tcp_slowtmr,/Users/swchen.tw/git/percepio/poc/runs/tcp-workload-matrix-v1/A08-baseline/build/tcp.o,
by_pc,2147505380,2,4,8,10,2,2,0,0,0,tcp_slowtmr,/Users/swchen.tw/git/percepio/poc/runs/tcp-workload-matrix-v1/A08-baseline/build/tcp.o,
by_pc,2147505382,2,4,8,10,2,2,0,0,0,tcp_slowtmr,/Users/swchen.tw/git/percepio/poc/runs/tcp-workload-matrix-v1/A08-baseline/build/tcp.o,
by_pc,2147505384,2,4,8,10,2,2,0,0,0,tcp_slowtmr,/Users/swchen.tw/git/percepio/poc/runs/tcp-workload-matrix-v1/A08-baseline/build/tcp.o,
by_pc,2147505386,2,4,8,10,2,2,0,0,0,tcp_slowtmr,/Users/swchen.tw/git/percepio/poc/runs/tcp-workload-matrix-v1/A08-baseline/build/tcp.o,
by_pc,2147505388,2,4,8,10,2,2,0,0,0,tcp_slowtmr,/Users/swchen.tw/git/percepio/poc/runs/tcp-workload-matrix-v1/A08-baseline/build/tcp.o,
by_pc,2147505390,2,4,8,10,2,2,0,0,0,tcp_slowtmr,/Users/swchen.tw/git/percepio/poc/runs/tcp-workload-matrix-v1/A08-baseline/build/tcp.o,
by_pc,2147505392,2,4,8,10,2,2,0,0,0,tcp_slowtmr,/Users/swchen.tw/git/percepio/poc/runs/tcp-workload-matrix-v1/A08-baseline/build/tcp.o,
by_pc,2147505394,2,4,8,10,2,2,0,0,0,tcp_slowtmr,/Users/swchen.tw/git/percepio/poc/runs/tcp-workload-matrix-v1/A08-baseline/build/tcp.o,
by_pc,2147505396,2,4,8,10,2,2,0,0,0,tcp_slowtmr,/Users/swchen.tw/git/percepio/poc/runs/tcp-workload-matrix-v1/A08-baseline/build/tcp.o,
by_pc,2147505398,2,4,8,10,2,2,0,0,0,tcp_slowtmr,/Users/swchen.tw/git/percepio/poc/runs/tcp-workload-matrix-v1/A08-baseline/build/tcp.o,
by_pc,2147505400,2,4,8,10,2,2,0,0,0,tcp_slowtmr,/Users/swchen.tw/git/percepio/poc/runs/tcp-workload-matrix-v1/A08-baseline/build/tcp.o,
by_pc,2147505402,2,4,8,10,2,2,0,0,0,tcp_slowtmr,/Users/swchen.tw/git/percepio/poc/runs/tcp-workload-matrix-v1/A08-baseline/build/tcp.o,
by_pc,2147505404,2,4,8,10,2,2,0,0,0,tcp_slowtmr,/Users/swchen.tw/git/percepio/poc/runs/tcp-workload-matrix-v1/A08-baseline/build/tcp.o,
by_pc,2147505406,2,2,4,6,2,0,0,0,0,tcp_slowtmr,/Users/swchen.tw/git/percepio/poc/runs/tcp-workload-matrix-v1/A08-baseline/build/tcp.o,
by_pc,2147505408,2,2,4,6,2,0,0,0,0,tcp_slowtmr,/Users/swchen.tw/git/percepio/poc/runs/tcp-workload-matrix-v1/A08-baseline/build/tcp.o,
by_pc,2147498696,2,4,8,10,2,2,0,0,0,session_task,/Users/swchen.tw/git/percepio/poc/runs/tcp-workload-matrix-v1/A08-baseline/build/tcp_request_response_irq.o,
by_pc,2147498698,2,2,4,6,2,0,0,0,0,session_task,/Users/swchen.tw/git/percepio/poc/runs/tcp-workload-matrix-v1/A08-baseline/build/tcp_request_response_irq.o,
by_pc,2147498702,2,2,4,6,2,0,0,0,0,session_task,/Users/swchen.tw/git/percepio/poc/runs/tcp-workload-matrix-v1/A08-baseline/build/tcp_request_response_irq.o,
by_pc,2147498706,2,2,4,6,2,0,0,0,0,session_task,/Users/swchen.tw/git/percepio/poc/runs/tcp-workload-matrix-v1/A08-baseline/build/tcp_request_response_irq.o,
by_pc,2147498710,2,4,8,10,2,2,0,0,0,session_task,/Users/swchen.tw/git/percepio/poc/runs/tcp-workload-matrix-v1/A08-baseline/build/tcp_request_response_irq.o,
by_pc,2147498714,2,2,4,6,2,0,0,0,0,session_task,/Users/swchen.tw/git/percepio/poc/runs/tcp-workload-matrix-v1/A08-baseline/build/tcp_request_response_irq.o,
by_pc,2147498732,2,4,8,10,2,2,0,0,0,session_task,/Users/swchen.tw/git/percepio/poc/runs/tcp-workload-matrix-v1/A08-baseline/build/tcp_request_response_irq.o,
by_pc,2147498736,2,2,4,6,2,0,0,0,0,session_task,/Users/swchen.tw/git/percepio/poc/runs/tcp-workload-matrix-v1/A08-baseline/build/tcp_request_response_irq.o,
by_pc,2147498738,2,2,4,6,2,0,0,0,0,session_task,/Users/swchen.tw/git/percepio/poc/runs/tcp-workload-matrix-v1/A08-baseline/build/tcp_request_response_irq.o,
by_pc,2147485168,1,1,2,3,1,0,0,0,0,xTaskIncrementTick,/Users/swchen.tw/git/percepio/poc/runs/tcp-workload-matrix-v1/A08-baseline/build/tasks.o,
by_pc,2147485172,1,1,2,3,1,0,0,0,0,xTaskIncrementTick,/Users/swchen.tw/git/percepio/poc/runs/tcp-workload-matrix-v1/A08-baseline/build/tasks.o,
by_pc,2147485176,1,1,2,3,1,0,0,0,0,xTaskIncrementTick,/Users/swchen.tw/git/percepio/poc/runs/tcp-workload-matrix-v1/A08-baseline/build/tasks.o,
by_pc,2147485178,1,1,2,3,1,0,0,0,0,xTaskIncrementTick,/Users/swchen.tw/git/percepio/poc/runs/tcp-workload-matrix-v1/A08-baseline/build/tasks.o,
by_pc,2147485180,2,4,8,10,2,2,0,0,0,xTaskIncrementTick,/Users/swchen.tw/git/percepio/poc/runs/tcp-workload-matrix-v1/A08-baseline/build/tasks.o,
by_pc,2147485184,2,56,112,114,2,2,16,36,0,xTaskIncrementTick,/Users/swchen.tw/git/percepio/poc/runs/tcp-workload-matrix-v1/A08-baseline/build/tasks.o,
by_pc,2147485186,2,2,4,6,2,0,0,0,0,xTaskIncrementTick,/Users/swchen.tw/git/percepio/poc/runs/tcp-workload-matrix-v1/A08-baseline/build/tasks.o,
by_pc,2147485258,1,28,56,57,1,1,8,18,0,xTaskIncrementTick,/Users/swchen.tw/git/percepio/poc/runs/tcp-workload-matrix-v1/A08-baseline/build/tasks.o,
by_pc,2147485262,1,10,20,21,1,1,8,0,0,xTaskIncrementTick,/Users/swchen.tw/git/percepio/poc/runs/tcp-workload-matrix-v1/A08-baseline/build/tasks.o,
by_pc,2147485264,1,28,56,57,1,1,8,18,0,xTaskIncrementTick,/Users/swchen.tw/git/percepio/poc/runs/tcp-workload-matrix-v1/A08-baseline/build/tasks.o,
by_pc,2147485266,1,2,4,5,1,1,0,0,0,xTaskIncrementTick,/Users/swchen.tw/git/percepio/poc/runs/tcp-workload-matrix-v1/A08-baseline/build/tasks.o,
by_pc,2147485268,1,1,2,3,1,0,0,0,0,xTaskIncrementTick,/Users/swchen.tw/git/percepio/poc/runs/tcp-workload-matrix-v1/A08-baseline/build/tasks.o,
by_pc,2147485272,1,2,4,5,1,1,0,0,0,xTaskIncrementTick,/Users/swchen.tw/git/percepio/poc/runs/tcp-workload-matrix-v1/A08-baseline/build/tasks.o,
by_pc,2147485274,1,2,4,5,1,1,0,0,0,xTaskIncrementTick,/Users/swchen.tw/git/percepio/poc/runs/tcp-workload-matrix-v1/A08-baseline/build/tasks.o,
by_pc,2147485276,1,2,4,5,1,1,0,0,0,xTaskIncrementTick,/Users/swchen.tw/git/percepio/poc/runs/tcp-workload-matrix-v1/A08-baseline/build/tasks.o,
by_pc,2147485278,1,1,2,3,1,0,0,0,0,xTaskIncrementTick,/Users/swchen.tw/git/percepio/poc/runs/tcp-workload-matrix-v1/A08-baseline/build/tasks.o,
by_pc,2147485282,1,21,42,43,1,1,8,0,11,xTaskIncrementTick,/Users/swchen.tw/git/percepio/poc/runs/tcp-workload-matrix-v1/A08-baseline/build/tasks.o,
by_pc,2147485284,1,2,4,5,1,1,0,0,0,xTaskIncrementTick,/Users/swchen.tw/git/percepio/poc/runs/tcp-workload-matrix-v1/A08-baseline/build/tasks.o,
by_pc,2147485286,1,21,42,43,1,1,8,0,11,xTaskIncrementTick,/Users/swchen.tw/git/percepio/poc/runs/tcp-workload-matrix-v1/A08-baseline/build/tasks.o,
by_pc,2147485288,1,2,4,5,1,1,0,0,0,xTaskIncrementTick,/Users/swchen.tw/git/percepio/poc/runs/tcp-workload-matrix-v1/A08-baseline/build/tasks.o,
by_pc,2147485290,1,1,2,3,1,0,0,0,0,xTaskIncrementTick,/Users/swchen.tw/git/percepio/poc/runs/tcp-workload-matrix-v1/A08-baseline/build/tasks.o,
by_pc,2147485298,1,21,42,43,1,1,8,0,11,xTaskIncrementTick,/Users/swchen.tw/git/percepio/poc/runs/tcp-workload-matrix-v1/A08-baseline/build/tasks.o,
by_pc,2147485302,1,2,4,5,1,1,0,0,0,xTaskIncrementTick,/Users/swchen.tw/git/percepio/poc/runs/tcp-workload-matrix-v1/A08-baseline/build/tasks.o,
by_pc,2147485304,1,1,2,3,1,0,0,0,0,xTaskIncrementTick,/Users/swchen.tw/git/percepio/poc/runs/tcp-workload-matrix-v1/A08-baseline/build/tasks.o,
by_pc,2147485306,1,21,42,43,1,1,8,0,11,xTaskIncrementTick,/Users/swchen.tw/git/percepio/poc/runs/tcp-workload-matrix-v1/A08-baseline/build/tasks.o,
by_pc,2147485308,1,2,4,5,1,1,0,0,0,xTaskIncrementTick,/Users/swchen.tw/git/percepio/poc/runs/tcp-workload-matrix-v1/A08-baseline/build/tasks.o,
by_pc,2147485310,1,1,2,3,1,0,0,0,0,xTaskIncrementTick,/Users/swchen.tw/git/percepio/poc/runs/tcp-workload-matrix-v1/A08-baseline/build/tasks.o,
by_pc,2147485346,1,27,54,55,1,0,8,18,0,xTaskIncrementTick,/Users/swchen.tw/git/percepio/poc/runs/tcp-workload-matrix-v1/A08-baseline/build/tasks.o,
by_pc,2147485350,1,21,42,43,1,1,8,0,11,xTaskIncrementTick,/Users/swchen.tw/git/percepio/poc/runs/tcp-workload-matrix-v1/A08-baseline/build/tasks.o,
by_pc,2147485352,1,1,2,3,1,0,0,0,0,xTaskIncrementTick,/Users/swchen.tw/git/percepio/poc/runs/tcp-workload-matrix-v1/A08-baseline/build/tasks.o,
by_pc,2147485356,1,2,4,5,1,1,0,0,0,xTaskIncrementTick,/Users/swchen.tw/git/percepio/poc/runs/tcp-workload-matrix-v1/A08-baseline/build/tasks.o,
by_pc,2147485358,1,2,4,5,1,1,0,0,0,xTaskIncrementTick,/Users/swchen.tw/git/percepio/poc/runs/tcp-workload-matrix-v1/A08-baseline/build/tasks.o,
by_pc,2147485362,1,2,4,5,1,1,0,0,0,xTaskIncrementTick,/Users/swchen.tw/git/percepio/poc/runs/tcp-workload-matrix-v1/A08-baseline/build/tasks.o,
by_pc,2147485364,1,1,2,3,1,0,0,0,0,xTaskIncrementTick,/Users/swchen.tw/git/percepio/poc/runs/tcp-workload-matrix-v1/A08-baseline/build/tasks.o,
by_pc,2147485368,1,1,2,3,1,0,0,0,0,xTaskIncrementTick,/Users/swchen.tw/git/percepio/poc/runs/tcp-workload-matrix-v1/A08-baseline/build/tasks.o,
by_pc,2147485372,1,1,2,3,1,0,0,0,0,xTaskIncrementTick,/Users/swchen.tw/git/percepio/poc/runs/tcp-workload-matrix-v1/A08-baseline/build/tasks.o,
by_pc,2147485374,1,48,96,97,2,1,16,18,11,xTaskIncrementTick,/Users/swchen.tw/git/percepio/poc/runs/tcp-workload-matrix-v1/A08-baseline/build/tasks.o,
by_pc,2147485378,1,1,2,3,1,0,0,0,0,xTaskIncrementTick,/Users/swchen.tw/git/percepio/poc/runs/tcp-workload-matrix-v1/A08-baseline/build/tasks.o,
by_pc,2147485380,1,28,56,57,1,1,8,18,0,xTaskIncrementTick,/Users/swchen.tw/git/percepio/poc/runs/tcp-workload-matrix-v1/A08-baseline/build/tasks.o,
by_pc,2147485382,1,21,42,43,1,1,8,0,11,xTaskIncrementTick,/Users/swchen.tw/git/percepio/poc/runs/tcp-workload-matrix-v1/A08-baseline/build/tasks.o,
by_pc,2147485384,1,2,4,5,1,1,0,0,0,xTaskIncrementTick,/Users/swchen.tw/git/percepio/poc/runs/tcp-workload-matrix-v1/A08-baseline/build/tasks.o,
by_pc,2147485386,1,21,42,43,1,1,8,0,11,xTaskIncrementTick,/Users/swchen.tw/git/percepio/poc/runs/tcp-workload-matrix-v1/A08-baseline/build/tasks.o,
by_pc,2147485388,1,21,42,43,1,1,8,0,11,xTaskIncrementTick,/Users/swchen.tw/git/percepio/poc/runs/tcp-workload-matrix-v1/A08-baseline/build/tasks.o,
by_pc,2147485392,1,21,42,43,1,1,8,0,11,xTaskIncrementTick,/Users/swchen.tw/git/percepio/poc/runs/tcp-workload-matrix-v1/A08-baseline/build/tasks.o,
by_pc,2147485396,1,2,4,5,1,1,0,0,0,xTaskIncrementTick,/Users/swchen.tw/git/percepio/poc/runs/tcp-workload-matrix-v1/A08-baseline/build/tasks.o,
by_pc,2147485398,1,1,2,3,1,0,0,0,0,xTaskIncrementTick,/Users/swchen.tw/git/percepio/poc/runs/tcp-workload-matrix-v1/A08-baseline/build/tasks.o,
by_pc,2147485402,1,1,2,3,1,0,0,0,0,xTaskIncrementTick,/Users/swchen.tw/git/percepio/poc/runs/tcp-workload-matrix-v1/A08-baseline/build/tasks.o,
by_pc,2147485404,1,21,42,43,1,1,8,0,11,xTaskIncrementTick,/Users/swchen.tw/git/percepio/poc/runs/tcp-workload-matrix-v1/A08-baseline/build/tasks.o,
by_pc,2147485406,1,2,4,5,1,1,0,0,0,xTaskIncrementTick,/Users/swchen.tw/git/percepio/poc/runs/tcp-workload-matrix-v1/A08-baseline/build/tasks.o,
by_pc,2147485408,1,1,2,3,1,0,0,0,0,xTaskIncrementTick,/Users/swchen.tw/git/percepio/poc/runs/tcp-workload-matrix-v1/A08-baseline/build/tasks.o,
by_pc,2147485410,1,21,42,43,1,1,8,0,11,xTaskIncrementTick,/Users/swchen.tw/git/percepio/poc/runs/tcp-workload-matrix-v1/A08-baseline/build/tasks.o,
by_pc,2147485412,1,2,4,5,1,1,0,0,0,xTaskIncrementTick,/Users/swchen.tw/git/percepio/poc/runs/tcp-workload-matrix-v1/A08-baseline/build/tasks.o,
by_pc,2147485416,1,2,4,5,1,1,0,0,0,xTaskIncrementTick,/Users/swchen.tw/git/percepio/poc/runs/tcp-workload-matrix-v1/A08-baseline/build/tasks.o,
by_pc,2147485418,1,2,4,5,1,1,0,0,0,xTaskIncrementTick,/Users/swchen.tw/git/percepio/poc/runs/tcp-workload-matrix-v1/A08-baseline/build/tasks.o,
by_pc,2147485420,1,1,2,3,1,0,0,0,0,xTaskIncrementTick,/Users/swchen.tw/git/percepio/poc/runs/tcp-workload-matrix-v1/A08-baseline/build/tasks.o,
by_pc,2147485424,1,1,2,3,1,0,0,0,0,xTaskIncrementTick,/Users/swchen.tw/git/percepio/poc/runs/tcp-workload-matrix-v1/A08-baseline/build/tasks.o,
by_pc,2147485428,1,1,2,3,1,0,0,0,0,xTaskIncrementTick,/Users/swchen.tw/git/percepio/poc/runs/tcp-workload-matrix-v1/A08-baseline/build/tasks.o,
by_pc,2147485188,1,1,2,3,1,0,0,0,0,xTaskIncrementTick,/Users/swchen.tw/git/percepio/poc/runs/tcp-workload-matrix-v1/A08-baseline/build/tasks.o,
by_pc,2147485190,1,21,42,43,1,1,8,0,11,xTaskIncrementTick,/Users/swchen.tw/git/percepio/poc/runs/tcp-workload-matrix-v1/A08-baseline/build/tasks.o,
by_pc,2147519406,1,1,2,3,1,0,0,0,0,unresolved@/Users/swchen.tw/git/percepio/poc/runs/tcp-workload-matrix-v1/A08-baseline/build/portASM.o:2147519232,/Users/swchen.tw/git/percepio/poc/runs/tcp-workload-matrix-v1/A08-baseline/build/portASM.o,
by_pc,2147485872,2,30,60,62,2,2,8,18,0,vTaskSwitchContext,/Users/swchen.tw/git/percepio/poc/runs/tcp-workload-matrix-v1/A08-baseline/build/tasks.o,
by_pc,2147485876,2,2,4,6,2,0,0,0,0,vTaskSwitchContext,/Users/swchen.tw/git/percepio/poc/runs/tcp-workload-matrix-v1/A08-baseline/build/tasks.o,
by_pc,2147485886,2,2,4,6,2,0,0,0,0,vTaskSwitchContext,/Users/swchen.tw/git/percepio/poc/runs/tcp-workload-matrix-v1/A08-baseline/build/tasks.o,
by_pc,2147485888,2,68,136,138,2,2,24,18,22,vTaskSwitchContext,/Users/swchen.tw/git/percepio/poc/runs/tcp-workload-matrix-v1/A08-baseline/build/tasks.o,
by_pc,2147485890,2,42,84,86,2,2,16,0,22,vTaskSwitchContext,/Users/swchen.tw/git/percepio/poc/runs/tcp-workload-matrix-v1/A08-baseline/build/tasks.o,
by_pc,2147485892,2,42,84,86,2,2,16,0,22,vTaskSwitchContext,/Users/swchen.tw/git/percepio/poc/runs/tcp-workload-matrix-v1/A08-baseline/build/tasks.o,
by_pc,2147485894,2,42,84,86,2,2,16,0,22,vTaskSwitchContext,/Users/swchen.tw/git/percepio/poc/runs/tcp-workload-matrix-v1/A08-baseline/build/tasks.o,
by_pc,2147485896,2,42,84,86,2,2,16,0,22,vTaskSwitchContext,/Users/swchen.tw/git/percepio/poc/runs/tcp-workload-matrix-v1/A08-baseline/build/tasks.o,
by_pc,2147485900,2,2,4,6,2,0,0,0,0,vTaskSwitchContext,/Users/swchen.tw/git/percepio/poc/runs/tcp-workload-matrix-v1/A08-baseline/build/tasks.o,
by_pc,2147485904,2,4,8,10,2,2,0,0,0,vTaskSwitchContext,/Users/swchen.tw/git/percepio/poc/runs/tcp-workload-matrix-v1/A08-baseline/build/tasks.o,
by_pc,2147485906,2,4,8,10,2,2,0,0,0,vTaskSwitchContext,/Users/swchen.tw/git/percepio/poc/runs/tcp-workload-matrix-v1/A08-baseline/build/tasks.o,
by_pc,2147485908,2,2,4,6,2,0,0,0,0,vTaskSwitchContext,/Users/swchen.tw/git/percepio/poc/runs/tcp-workload-matrix-v1/A08-baseline/build/tasks.o,
by_pc,2147485912,2,2,4,6,2,0,0,0,0,vTaskSwitchContext,/Users/swchen.tw/git/percepio/poc/runs/tcp-workload-matrix-v1/A08-baseline/build/tasks.o,
by_pc,2147485916,2,30,60,62,2,2,8,18,0,vTaskSwitchContext,/Users/swchen.tw/git/percepio/poc/runs/tcp-workload-matrix-v1/A08-baseline/build/tasks.o,
by_pc,2147485918,2,56,112,114,2,2,16,36,0,vTaskSwitchContext,/Users/swchen.tw/git/percepio/poc/runs/tcp-workload-matrix-v1/A08-baseline/build/tasks.o,
by_pc,2147485920,2,2,4,6,2,0,0,0,0,vTaskSwitchContext,/Users/swchen.tw/git/percepio/poc/runs/tcp-workload-matrix-v1/A08-baseline/build/tasks.o,
by_pc,2147485924,2,4,8,10,2,2,0,0,0,vTaskSwitchContext,/Users/swchen.tw/git/percepio/poc/runs/tcp-workload-matrix-v1/A08-baseline/build/tasks.o,
by_pc,2147485926,2,2,4,6,2,0,0,0,0,vTaskSwitchContext,/Users/swchen.tw/git/percepio/poc/runs/tcp-workload-matrix-v1/A08-baseline/build/tasks.o,
by_pc,2147485930,2,4,8,10,2,2,0,0,0,vTaskSwitchContext,/Users/swchen.tw/git/percepio/poc/runs/tcp-workload-matrix-v1/A08-baseline/build/tasks.o,
by_pc,2147485932,2,2,4,6,2,0,0,0,0,vTaskSwitchContext,/Users/swchen.tw/git/percepio/poc/runs/tcp-workload-matrix-v1/A08-baseline/build/tasks.o,
by_pc,2147485936,2,4,8,10,2,2,0,0,0,vTaskSwitchContext,/Users/swchen.tw/git/percepio/poc/runs/tcp-workload-matrix-v1/A08-baseline/build/tasks.o,
by_pc,2147485938,2,2,4,6,2,0,0,0,0,vTaskSwitchContext,/Users/swchen.tw/git/percepio/poc/runs/tcp-workload-matrix-v1/A08-baseline/build/tasks.o,
by_pc,2147485954,2,30,60,62,2,2,8,18,0,vTaskSwitchContext,/Users/swchen.tw/git/percepio/poc/runs/tcp-workload-matrix-v1/A08-baseline/build/tasks.o,
by_pc,2147485958,2,2,4,6,2,0,0,0,0,vTaskSwitchContext,/Users/swchen.tw/git/percepio/poc/runs/tcp-workload-matrix-v1/A08-baseline/build/tasks.o,
by_pc,2147485960,2,2,4,6,2,0,0,0,0,vTaskSwitchContext,/Users/swchen.tw/git/percepio/poc/runs/tcp-workload-matrix-v1/A08-baseline/build/tasks.o,
by_pc,2147485964,2,2,4,6,2,0,0,0,0,vTaskSwitchContext,/Users/swchen.tw/git/percepio/poc/runs/tcp-workload-matrix-v1/A08-baseline/build/tasks.o,
by_pc,2147519698,2,28,56,58,2,0,8,18,0,__clzsi2,/Users/swchen.tw/git/percepio/poc/.tools/xpack-riscv-none-elf-gcc-15.2.0-1/bin/../lib/gcc/riscv-none-elf/15.2.0/libgcc.a(_clzsi2.o),
by_pc,2147519700,2,2,4,6,2,0,0,0,0,__clzsi2,/Users/swchen.tw/git/percepio/poc/.tools/xpack-riscv-none-elf-gcc-15.2.0-1/bin/../lib/gcc/riscv-none-elf/15.2.0/libgcc.a(_clzsi2.o),
by_pc,2147519704,2,2,4,6,2,0,0,0,0,__clzsi2,/Users/swchen.tw/git/percepio/poc/.tools/xpack-riscv-none-elf-gcc-15.2.0-1/bin/../lib/gcc/riscv-none-elf/15.2.0/libgcc.a(_clzsi2.o),
by_pc,2147519708,2,2,4,6,2,0,0,0,0,__clzsi2,/Users/swchen.tw/git/percepio/poc/.tools/xpack-riscv-none-elf-gcc-15.2.0-1/bin/../lib/gcc/riscv-none-elf/15.2.0/libgcc.a(_clzsi2.o),
by_pc,2147519712,2,2,4,6,2,0,0,0,0,__clzsi2,/Users/swchen.tw/git/percepio/poc/.tools/xpack-riscv-none-elf-gcc-15.2.0-1/bin/../lib/gcc/riscv-none-elf/15.2.0/libgcc.a(_clzsi2.o),
by_pc,2147519714,2,2,4,6,2,0,0,0,0,__clzsi2,/Users/swchen.tw/git/percepio/poc/.tools/xpack-riscv-none-elf-gcc-15.2.0-1/bin/../lib/gcc/riscv-none-elf/15.2.0/libgcc.a(_clzsi2.o),
by_pc,2147519718,2,2,4,6,2,0,0,0,0,__clzsi2,/Users/swchen.tw/git/percepio/poc/.tools/xpack-riscv-none-elf-gcc-15.2.0-1/bin/../lib/gcc/riscv-none-elf/15.2.0/libgcc.a(_clzsi2.o),
by_pc,2147519720,2,2,4,6,2,0,0,0,0,__clzsi2,/Users/swchen.tw/git/percepio/poc/.tools/xpack-riscv-none-elf-gcc-15.2.0-1/bin/../lib/gcc/riscv-none-elf/15.2.0/libgcc.a(_clzsi2.o),
by_pc,2147519724,2,2,4,6,2,0,0,0,0,__clzsi2,/Users/swchen.tw/git/percepio/poc/.tools/xpack-riscv-none-elf-gcc-15.2.0-1/bin/../lib/gcc/riscv-none-elf/15.2.0/libgcc.a(_clzsi2.o),
by_pc,2147519728,2,2,4,6,2,0,0,0,0,__clzsi2,/Users/swchen.tw/git/percepio/poc/.tools/xpack-riscv-none-elf-gcc-15.2.0-1/bin/../lib/gcc/riscv-none-elf/15.2.0/libgcc.a(_clzsi2.o),
by_pc,2147519732,2,2,4,6,2,0,0,0,0,__clzsi2,/Users/swchen.tw/git/percepio/poc/.tools/xpack-riscv-none-elf-gcc-15.2.0-1/bin/../lib/gcc/riscv-none-elf/15.2.0/libgcc.a(_clzsi2.o),
by_pc,2147519734,2,30,60,62,2,2,8,18,0,__clzsi2,/Users/swchen.tw/git/percepio/poc/.tools/xpack-riscv-none-elf-gcc-15.2.0-1/bin/../lib/gcc/riscv-none-elf/15.2.0/libgcc.a(_clzsi2.o),
by_pc,2147519738,2,2,4,6,2,0,0,0,0,__clzsi2,/Users/swchen.tw/git/percepio/poc/.tools/xpack-riscv-none-elf-gcc-15.2.0-1/bin/../lib/gcc/riscv-none-elf/15.2.0/libgcc.a(_clzsi2.o),
by_pc,2147519742,2,2,4,6,2,0,0,0,0,__clzsi2,/Users/swchen.tw/git/percepio/poc/.tools/xpack-riscv-none-elf-gcc-15.2.0-1/bin/../lib/gcc/riscv-none-elf/15.2.0/libgcc.a(_clzsi2.o),
by_pc,2147485968,2,2,4,6,2,0,0,0,0,vTaskSwitchContext,/Users/swchen.tw/git/percepio/poc/runs/tcp-workload-matrix-v1/A08-baseline/build/tasks.o,
by_pc,2147485970,2,2,4,6,2,0,0,0,0,vTaskSwitchContext,/Users/swchen.tw/git/percepio/poc/runs/tcp-workload-matrix-v1/A08-baseline/build/tasks.o,
by_pc,2147485972,2,2,4,6,2,0,0,0,0,vTaskSwitchContext,/Users/swchen.tw/git/percepio/poc/runs/tcp-workload-matrix-v1/A08-baseline/build/tasks.o,
by_pc,2147485976,2,2,4,6,2,0,0,0,0,vTaskSwitchContext,/Users/swchen.tw/git/percepio/poc/runs/tcp-workload-matrix-v1/A08-baseline/build/tasks.o,
by_pc,2147485978,2,4,8,10,2,2,0,0,0,vTaskSwitchContext,/Users/swchen.tw/git/percepio/poc/runs/tcp-workload-matrix-v1/A08-baseline/build/tasks.o,
by_pc,2147485980,2,2,4,6,2,0,0,0,0,vTaskSwitchContext,/Users/swchen.tw/git/percepio/poc/runs/tcp-workload-matrix-v1/A08-baseline/build/tasks.o,
by_pc,2147486000,2,2,4,6,2,0,0,0,0,vTaskSwitchContext,/Users/swchen.tw/git/percepio/poc/runs/tcp-workload-matrix-v1/A08-baseline/build/tasks.o,
by_pc,2147486002,2,2,4,6,2,0,0,0,0,vTaskSwitchContext,/Users/swchen.tw/git/percepio/poc/runs/tcp-workload-matrix-v1/A08-baseline/build/tasks.o,
by_pc,2147486006,2,2,4,6,2,0,0,0,0,vTaskSwitchContext,/Users/swchen.tw/git/percepio/poc/runs/tcp-workload-matrix-v1/A08-baseline/build/tasks.o,
by_pc,2147486010,2,4,8,10,2,2,0,0,0,vTaskSwitchContext,/Users/swchen.tw/git/percepio/poc/runs/tcp-workload-matrix-v1/A08-baseline/build/tasks.o,
by_pc,2147486012,2,2,4,6,2,0,0,0,0,vTaskSwitchContext,/Users/swchen.tw/git/percepio/poc/runs/tcp-workload-matrix-v1/A08-baseline/build/tasks.o,
by_pc,2147486014,2,2,4,6,2,0,0,0,0,vTaskSwitchContext,/Users/swchen.tw/git/percepio/poc/runs/tcp-workload-matrix-v1/A08-baseline/build/tasks.o,
by_pc,2147486016,2,30,60,62,2,2,8,18,0,vTaskSwitchContext,/Users/swchen.tw/git/percepio/poc/runs/tcp-workload-matrix-v1/A08-baseline/build/tasks.o,
by_pc,2147486018,2,42,84,86,2,2,16,0,22,vTaskSwitchContext,/Users/swchen.tw/git/percepio/poc/runs/tcp-workload-matrix-v1/A08-baseline/build/tasks.o,
by_pc,2147486020,2,2,4,6,2,0,0,0,0,vTaskSwitchContext,/Users/swchen.tw/git/percepio/poc/runs/tcp-workload-matrix-v1/A08-baseline/build/tasks.o,
by_pc,2147486028,2,4,8,10,2,2,0,0,0,vTaskSwitchContext,/Users/swchen.tw/git/percepio/poc/runs/tcp-workload-matrix-v1/A08-baseline/build/tasks.o,
by_pc,2147486030,2,42,84,86,2,2,16,0,22,vTaskSwitchContext,/Users/swchen.tw/git/percepio/poc/runs/tcp-workload-matrix-v1/A08-baseline/build/tasks.o,
by_pc,2147486032,2,4,8,10,2,2,0,0,0,vTaskSwitchContext,/Users/swchen.tw/git/percepio/poc/runs/tcp-workload-matrix-v1/A08-baseline/build/tasks.o,
by_pc,2147486034,2,4,8,10,2,2,0,0,0,vTaskSwitchContext,/Users/swchen.tw/git/percepio/poc/runs/tcp-workload-matrix-v1/A08-baseline/build/tasks.o,
by_pc,2147486036,2,4,8,10,2,2,0,0,0,vTaskSwitchContext,/Users/swchen.tw/git/percepio/poc/runs/tcp-workload-matrix-v1/A08-baseline/build/tasks.o,
by_pc,2147486038,2,2,4,6,2,0,0,0,0,vTaskSwitchContext,/Users/swchen.tw/git/percepio/poc/runs/tcp-workload-matrix-v1/A08-baseline/build/tasks.o,
by_pc,2147493112,2,30,60,62,2,2,8,18,0,xTraceTaskSwitch,/Users/swchen.tw/git/percepio/poc/runs/tcp-workload-matrix-v1/A08-baseline/build/trcTask.o,
by_pc,2147493116,2,2,4,6,2,0,0,0,0,xTraceTaskSwitch,/Users/swchen.tw/git/percepio/poc/runs/tcp-workload-matrix-v1/A08-baseline/build/trcTask.o,
by_pc,2147493118,2,2,4,6,2,0,0,0,0,xTraceTaskSwitch,/Users/swchen.tw/git/percepio/poc/runs/tcp-workload-matrix-v1/A08-baseline/build/trcTask.o,
by_pc,2147493120,2,28,56,58,2,0,8,18,0,xTraceTaskSwitch,/Users/swchen.tw/git/percepio/poc/runs/tcp-workload-matrix-v1/A08-baseline/build/trcTask.o,
by_pc,2147493122,2,42,84,86,2,2,16,0,22,xTraceTaskSwitch,/Users/swchen.tw/git/percepio/poc/runs/tcp-workload-matrix-v1/A08-baseline/build/trcTask.o,
by_pc,2147493124,2,42,84,86,2,2,16,0,22,xTraceTaskSwitch,/Users/swchen.tw/git/percepio/poc/runs/tcp-workload-matrix-v1/A08-baseline/build/trcTask.o,
by_pc,2147493126,2,42,84,86,2,2,16,0,22,xTraceTaskSwitch,/Users/swchen.tw/git/percepio/poc/runs/tcp-workload-matrix-v1/A08-baseline/build/trcTask.o,
by_pc,2147493128,2,2,4,6,2,0,0,0,0,xTraceTaskSwitch,/Users/swchen.tw/git/percepio/poc/runs/tcp-workload-matrix-v1/A08-baseline/build/trcTask.o,
by_pc,2147493132,2,4,8,10,2,2,0,0,0,xTraceTaskSwitch,/Users/swchen.tw/git/percepio/poc/runs/tcp-workload-matrix-v1/A08-baseline/build/trcTask.o,
by_pc,2147493134,2,2,4,6,2,0,0,0,0,xTraceTaskSwitch,/Users/swchen.tw/git/percepio/poc/runs/tcp-workload-matrix-v1/A08-baseline/build/trcTask.o,
by_pc,2147493138,2,4,8,10,2,2,0,0,0,xTraceTaskSwitch,/Users/swchen.tw/git/percepio/poc/runs/tcp-workload-matrix-v1/A08-baseline/build/trcTask.o,
by_pc,2147493140,2,2,4,6,2,0,0,0,0,xTraceTaskSwitch,/Users/swchen.tw/git/percepio/poc/runs/tcp-workload-matrix-v1/A08-baseline/build/trcTask.o,
by_pc,2147493158,2,2,4,6,2,0,0,0,0,xTraceTaskSwitch,/Users/swchen.tw/git/percepio/poc/runs/tcp-workload-matrix-v1/A08-baseline/build/trcTask.o,
by_pc,2147493160,2,2,4,6,2,0,0,0,0,xTraceTaskSwitch,/Users/swchen.tw/git/percepio/poc/runs/tcp-workload-matrix-v1/A08-baseline/build/trcTask.o,
by_pc,2147493162,2,42,84,86,2,2,16,0,22,xTraceTaskSwitch,/Users/swchen.tw/git/percepio/poc/runs/tcp-workload-matrix-v1/A08-baseline/build/trcTask.o,
by_pc,2147493164,2,2,4,6,2,0,0,0,0,xTraceTaskSwitch,/Users/swchen.tw/git/percepio/poc/runs/tcp-workload-matrix-v1/A08-baseline/build/trcTask.o,
by_pc,2147493166,2,2,4,6,2,0,0,0,0,xTraceTaskSwitch,/Users/swchen.tw/git/percepio/poc/runs/tcp-workload-matrix-v1/A08-baseline/build/trcTask.o,
by_pc,2147493170,2,4,8,10,2,2,0,0,0,xTraceTaskSwitch,/Users/swchen.tw/git/percepio/poc/runs/tcp-workload-matrix-v1/A08-baseline/build/trcTask.o,
by_pc,2147493172,2,2,4,6,2,0,0,0,0,xTraceTaskSwitch,/Users/swchen.tw/git/percepio/poc/runs/tcp-workload-matrix-v1/A08-baseline/build/trcTask.o,
by_pc,2147493174,2,42,84,86,2,2,16,0,22,xTraceTaskSwitch,/Users/swchen.tw/git/percepio/poc/runs/tcp-workload-matrix-v1/A08-baseline/build/trcTask.o,
by_pc,2147493176,2,2,4,6,2,0,0,0,0,xTraceTaskSwitch,/Users/swchen.tw/git/percepio/poc/runs/tcp-workload-matrix-v1/A08-baseline/build/trcTask.o,
by_pc,2147493180,2,2,4,6,2,0,0,0,0,xTraceTaskSwitch,/Users/swchen.tw/git/percepio/poc/runs/tcp-workload-matrix-v1/A08-baseline/build/trcTask.o,
by_pc,2147488636,2,4,8,10,2,2,0,0,0,xTraceEventCreate2,/Users/swchen.tw/git/percepio/poc/runs/tcp-workload-matrix-v1/A08-baseline/build/trcEvent.o,
by_pc,2147488640,2,28,56,58,2,0,8,18,0,xTraceEventCreate2,/Users/swchen.tw/git/percepio/poc/runs/tcp-workload-matrix-v1/A08-baseline/build/trcEvent.o,
by_pc,2147488642,2,42,84,86,2,2,16,0,22,xTraceEventCreate2,/Users/swchen.tw/git/percepio/poc/runs/tcp-workload-matrix-v1/A08-baseline/build/trcEvent.o,
by_pc,2147488644,2,42,84,86,2,2,16,0,22,xTraceEventCreate2,/Users/swchen.tw/git/percepio/poc/runs/tcp-workload-matrix-v1/A08-baseline/build/trcEvent.o,
by_pc,2147488646,2,42,84,86,2,2,16,0,22,xTraceEventCreate2,/Users/swchen.tw/git/percepio/poc/runs/tcp-workload-matrix-v1/A08-baseline/build/trcEvent.o,
by_pc,2147488648,2,42,84,86,2,2,16,0,22,xTraceEventCreate2,/Users/swchen.tw/git/percepio/poc/runs/tcp-workload-matrix-v1/A08-baseline/build/trcEvent.o,
by_pc,2147488650,2,42,84,86,2,2,16,0,22,xTraceEventCreate2,/Users/swchen.tw/git/percepio/poc/runs/tcp-workload-matrix-v1/A08-baseline/build/trcEvent.o,
by_pc,2147488652,2,42,84,86,2,2,16,0,22,xTraceEventCreate2,/Users/swchen.tw/git/percepio/poc/runs/tcp-workload-matrix-v1/A08-baseline/build/trcEvent.o,
by_pc,2147488654,2,2,4,6,2,0,0,0,0,xTraceEventCreate2,/Users/swchen.tw/git/percepio/poc/runs/tcp-workload-matrix-v1/A08-baseline/build/trcEvent.o,
by_pc,2147488656,2,2,4,6,2,0,0,0,0,xTraceEventCreate2,/Users/swchen.tw/git/percepio/poc/runs/tcp-workload-matrix-v1/A08-baseline/build/trcEvent.o,
by_pc,2147488658,2,4,8,10,2,2,0,0,0,xTraceEventCreate2,/Users/swchen.tw/git/percepio/poc/runs/tcp-workload-matrix-v1/A08-baseline/build/trcEvent.o,
by_pc,2147488662,2,4,8,10,2,2,0,0,0,xTraceEventCreate2,/Users/swchen.tw/git/percepio/poc/runs/tcp-workload-matrix-v1/A08-baseline/build/trcEvent.o,
by_pc,2147488664,2,2,4,6,2,0,0,0,0,xTraceEventCreate2,/Users/swchen.tw/git/percepio/poc/runs/tcp-workload-matrix-v1/A08-baseline/build/trcEvent.o,
by_pc,2147488666,2,2,4,6,2,0,0,0,0,xTraceEventCreate2,/Users/swchen.tw/git/percepio/poc/runs/tcp-workload-matrix-v1/A08-baseline/build/trcEvent.o,
by_pc,2147488668,2,2,4,6,2,0,0,0,0,xTraceEventCreate2,/Users/swchen.tw/git/percepio/poc/runs/tcp-workload-matrix-v1/A08-baseline/build/trcEvent.o,
by_pc,2147488670,2,2,4,6,2,0,0,0,0,xTraceEventCreate2,/Users/swchen.tw/git/percepio/poc/runs/tcp-workload-matrix-v1/A08-baseline/build/trcEvent.o,
by_pc,2147488674,2,2,4,6,2,0,0,0,0,xTraceEventCreate2,/Users/swchen.tw/git/percepio/poc/runs/tcp-workload-matrix-v1/A08-baseline/build/trcEvent.o,
by_pc,2147488678,2,4,8,10,2,2,0,0,0,xTraceEventCreate2,/Users/swchen.tw/git/percepio/poc/runs/tcp-workload-matrix-v1/A08-baseline/build/trcEvent.o,
by_pc,2147488680,2,2,4,6,2,0,0,0,0,xTraceEventCreate2,/Users/swchen.tw/git/percepio/poc/runs/tcp-workload-matrix-v1/A08-baseline/build/trcEvent.o,
by_pc,2147488682,2,4,8,10,2,2,0,0,0,xTraceEventCreate2,/Users/swchen.tw/git/percepio/poc/runs/tcp-workload-matrix-v1/A08-baseline/build/trcEvent.o,
by_pc,2147488684,2,2,4,6,2,0,0,0,0,xTraceEventCreate2,/Users/swchen.tw/git/percepio/poc/runs/tcp-workload-matrix-v1/A08-baseline/build/trcEvent.o,
by_pc,2147488686,2,42,84,86,2,2,16,0,22,xTraceEventCreate2,/Users/swchen.tw/git/percepio/poc/runs/tcp-workload-matrix-v1/A08-baseline/build/trcEvent.o,
by_pc,2147488688,2,4,8,10,2,2,0,0,0,xTraceEventCreate2,/Users/swchen.tw/git/percepio/poc/runs/tcp-workload-matrix-v1/A08-baseline/build/trcEvent.o,
by_pc,2147488692,2,4,8,10,2,2,0,0,0,xTraceEventCreate2,/Users/swchen.tw/git/percepio/poc/runs/tcp-workload-matrix-v1/A08-baseline/build/trcEvent.o,
by_pc,2147488696,2,4,8,10,2,2,0,0,0,xTraceEventCreate2,/Users/swchen.tw/git/percepio/poc/runs/tcp-workload-matrix-v1/A08-baseline/build/trcEvent.o,
by_pc,2147488698,2,2,4,6,2,0,0,0,0,xTraceEventCreate2,/Users/swchen.tw/git/percepio/poc/runs/tcp-workload-matrix-v1/A08-baseline/build/trcEvent.o,
by_pc,2147488700,2,2,4,6,2,0,0,0,0,xTraceEventCreate2,/Users/swchen.tw/git/percepio/poc/runs/tcp-workload-matrix-v1/A08-baseline/build/trcEvent.o,
by_pc,2147488702,2,2,4,6,2,0,0,0,0,xTraceEventCreate2,/Users/swchen.tw/git/percepio/poc/runs/tcp-workload-matrix-v1/A08-baseline/build/trcEvent.o,
by_pc,2147488704,2,28,56,58,2,0,8,18,0,xTraceEventCreate2,/Users/swchen.tw/git/percepio/poc/runs/tcp-workload-matrix-v1/A08-baseline/build/trcEvent.o,
by_pc,2147488706,2,2,4,6,2,0,0,0,0,xTraceEventCreate2,/Users/swchen.tw/git/percepio/poc/runs/tcp-workload-matrix-v1/A08-baseline/build/trcEvent.o,
by_pc,2147488708,2,42,84,86,2,2,16,0,22,xTraceEventCreate2,/Users/swchen.tw/git/percepio/poc/runs/tcp-workload-matrix-v1/A08-baseline/build/trcEvent.o,
by_pc,2147488712,2,4,8,10,2,2,0,0,0,xTraceEventCreate2,/Users/swchen.tw/git/percepio/poc/runs/tcp-workload-matrix-v1/A08-baseline/build/trcEvent.o,
by_pc,2147488714,2,4,8,10,2,2,0,0,0,xTraceEventCreate2,/Users/swchen.tw/git/percepio/poc/runs/tcp-workload-matrix-v1/A08-baseline/build/trcEvent.o,
by_pc,2147488716,2,42,84,86,2,2,16,0,22,xTraceEventCreate2,/Users/swchen.tw/git/percepio/poc/runs/tcp-workload-matrix-v1/A08-baseline/build/trcEvent.o,
by_pc,2147488720,2,2,4,6,2,0,0,0,0,xTraceEventCreate2,/Users/swchen.tw/git/percepio/poc/runs/tcp-workload-matrix-v1/A08-baseline/build/trcEvent.o,
by_pc,2147488724,2,4,8,10,2,2,0,0,0,xTraceEventCreate2,/Users/swchen.tw/git/percepio/poc/runs/tcp-workload-matrix-v1/A08-baseline/build/trcEvent.o,
by_pc,2147488728,2,42,84,86,2,2,16,0,22,xTraceEventCreate2,/Users/swchen.tw/git/percepio/poc/runs/tcp-workload-matrix-v1/A08-baseline/build/trcEvent.o,
by_pc,2147488730,2,4,8,10,2,2,0,0,0,xTraceEventCreate2,/Users/swchen.tw/git/percepio/poc/runs/tcp-workload-matrix-v1/A08-baseline/build/trcEvent.o,
by_pc,2147488732,2,2,4,6,2,0,0,0,0,xTraceEventCreate2,/Users/swchen.tw/git/percepio/poc/runs/tcp-workload-matrix-v1/A08-baseline/build/trcEvent.o,
by_pc,2147488742,2,4,8,10,2,2,0,0,0,xTraceEventCreate2,/Users/swchen.tw/git/percepio/poc/runs/tcp-workload-matrix-v1/A08-baseline/build/trcEvent.o,
by_pc,2147488744,2,2,4,6,2,0,0,0,0,xTraceEventCreate2,/Users/swchen.tw/git/percepio/poc/runs/tcp-workload-matrix-v1/A08-baseline/build/trcEvent.o,
by_pc,2147488746,2,2,4,6,2,0,0,0,0,xTraceEventCreate2,/Users/swchen.tw/git/percepio/poc/runs/tcp-workload-matrix-v1/A08-baseline/build/trcEvent.o,
by_pc,2147488748,2,42,84,86,2,2,16,0,22,xTraceEventCreate2,/Users/swchen.tw/git/percepio/poc/runs/tcp-workload-matrix-v1/A08-baseline/build/trcEvent.o,
by_pc,2147488750,2,2,4,6,2,0,0,0,0,xTraceEventCreate2,/Users/swchen.tw/git/percepio/poc/runs/tcp-workload-matrix-v1/A08-baseline/build/trcEvent.o,
by_pc,2147488752,2,42,84,86,2,2,16,0,22,xTraceEventCreate2,/Users/swchen.tw/git/percepio/poc/runs/tcp-workload-matrix-v1/A08-baseline/build/trcEvent.o,
by_pc,2147488756,2,42,84,86,2,2,16,0,22,xTraceEventCreate2,/Users/swchen.tw/git/percepio/poc/runs/tcp-workload-matrix-v1/A08-baseline/build/trcEvent.o,
by_pc,2147488758,2,2,4,6,2,0,0,0,0,xTraceEventCreate2,/Users/swchen.tw/git/percepio/poc/runs/tcp-workload-matrix-v1/A08-baseline/build/trcEvent.o,
by_pc,2147488760,2,2,4,6,2,0,0,0,0,xTraceEventCreate2,/Users/swchen.tw/git/percepio/poc/runs/tcp-workload-matrix-v1/A08-baseline/build/trcEvent.o,
by_pc,2147488764,2,2,4,6,2,0,0,0,0,xTraceEventCreate2,/Users/swchen.tw/git/percepio/poc/runs/tcp-workload-matrix-v1/A08-baseline/build/trcEvent.o,
by_pc,2147488766,2,2,4,6,2,0,0,0,0,xTraceEventCreate2,/Users/swchen.tw/git/percepio/poc/runs/tcp-workload-matrix-v1/A08-baseline/build/trcEvent.o,
by_pc,2147488768,2,28,56,58,2,0,8,18,0,xTraceEventCreate2,/Users/swchen.tw/git/percepio/poc/runs/tcp-workload-matrix-v1/A08-baseline/build/trcEvent.o,
by_pc,2147488770,2,4,8,10,2,2,0,0,0,xTraceEventCreate2,/Users/swchen.tw/git/percepio/poc/runs/tcp-workload-matrix-v1/A08-baseline/build/trcEvent.o,
by_pc,2147488772,2,4,8,10,2,2,0,0,0,xTraceEventCreate2,/Users/swchen.tw/git/percepio/poc/runs/tcp-workload-matrix-v1/A08-baseline/build/trcEvent.o,
by_pc,2147488774,2,4,8,10,2,2,0,0,0,xTraceEventCreate2,/Users/swchen.tw/git/percepio/poc/runs/tcp-workload-matrix-v1/A08-baseline/build/trcEvent.o,
by_pc,2147488776,2,4,8,10,2,2,0,0,0,xTraceEventCreate2,/Users/swchen.tw/git/percepio/poc/runs/tcp-workload-matrix-v1/A08-baseline/build/trcEvent.o,
by_pc,2147488778,2,4,8,10,2,2,0,0,0,xTraceEventCreate2,/Users/swchen.tw/git/percepio/poc/runs/tcp-workload-matrix-v1/A08-baseline/build/trcEvent.o,
by_pc,2147488780,2,2,4,6,2,0,0,0,0,xTraceEventCreate2,/Users/swchen.tw/git/percepio/poc/runs/tcp-workload-matrix-v1/A08-baseline/build/trcEvent.o,
by_pc,2147488782,2,2,4,6,2,0,0,0,0,xTraceEventCreate2,/Users/swchen.tw/git/percepio/poc/runs/tcp-workload-matrix-v1/A08-baseline/build/trcEvent.o,
by_pc,2147488784,2,2,4,6,2,0,0,0,0,xTraceEventCreate2,/Users/swchen.tw/git/percepio/poc/runs/tcp-workload-matrix-v1/A08-baseline/build/trcEvent.o,
by_pc,2147493184,2,30,60,62,2,2,8,18,0,xTraceTaskSwitch,/Users/swchen.tw/git/percepio/poc/runs/tcp-workload-matrix-v1/A08-baseline/build/trcTask.o,
by_pc,2147493186,2,2,4,6,2,0,0,0,0,xTraceTaskSwitch,/Users/swchen.tw/git/percepio/poc/runs/tcp-workload-matrix-v1/A08-baseline/build/trcTask.o,
by_pc,2147493188,2,42,84,86,2,2,16,0,22,xTraceTaskSwitch,/Users/swchen.tw/git/percepio/poc/runs/tcp-workload-matrix-v1/A08-baseline/build/trcTask.o,
by_pc,2147493190,2,2,4,6,2,0,0,0,0,xTraceTaskSwitch,/Users/swchen.tw/git/percepio/poc/runs/tcp-workload-matrix-v1/A08-baseline/build/trcTask.o,
by_pc,2147493198,2,2,4,6,2,0,0,0,0,xTraceTaskSwitch,/Users/swchen.tw/git/percepio/poc/runs/tcp-workload-matrix-v1/A08-baseline/build/trcTask.o,
by_pc,2147493202,2,2,4,6,2,0,0,0,0,xTraceTaskSwitch,/Users/swchen.tw/git/percepio/poc/runs/tcp-workload-matrix-v1/A08-baseline/build/trcTask.o,
by_pc,2147493148,2,4,8,10,2,2,0,0,0,xTraceTaskSwitch,/Users/swchen.tw/git/percepio/poc/runs/tcp-workload-matrix-v1/A08-baseline/build/trcTask.o,
by_pc,2147493150,2,4,8,10,2,2,0,0,0,xTraceTaskSwitch,/Users/swchen.tw/git/percepio/poc/runs/tcp-workload-matrix-v1/A08-baseline/build/trcTask.o,
by_pc,2147493152,2,4,8,10,2,2,0,0,0,xTraceTaskSwitch,/Users/swchen.tw/git/percepio/poc/runs/tcp-workload-matrix-v1/A08-baseline/build/trcTask.o,
by_pc,2147493154,2,2,4,6,2,0,0,0,0,xTraceTaskSwitch,/Users/swchen.tw/git/percepio/poc/runs/tcp-workload-matrix-v1/A08-baseline/build/trcTask.o,
by_pc,2147493156,2,2,4,6,2,0,0,0,0,xTraceTaskSwitch,/Users/swchen.tw/git/percepio/poc/runs/tcp-workload-matrix-v1/A08-baseline/build/trcTask.o,
by_pc,2147486042,2,4,8,10,2,2,0,0,0,vTaskSwitchContext,/Users/swchen.tw/git/percepio/poc/runs/tcp-workload-matrix-v1/A08-baseline/build/tasks.o,
by_pc,2147486044,2,4,8,10,2,2,0,0,0,vTaskSwitchContext,/Users/swchen.tw/git/percepio/poc/runs/tcp-workload-matrix-v1/A08-baseline/build/tasks.o,
by_pc,2147486046,2,4,8,10,2,2,0,0,0,vTaskSwitchContext,/Users/swchen.tw/git/percepio/poc/runs/tcp-workload-matrix-v1/A08-baseline/build/tasks.o,
by_pc,2147486048,2,4,8,10,2,2,0,0,0,vTaskSwitchContext,/Users/swchen.tw/git/percepio/poc/runs/tcp-workload-matrix-v1/A08-baseline/build/tasks.o,
by_pc,2147486050,2,4,8,10,2,2,0,0,0,vTaskSwitchContext,/Users/swchen.tw/git/percepio/poc/runs/tcp-workload-matrix-v1/A08-baseline/build/tasks.o,
by_pc,2147486052,2,2,4,6,2,0,0,0,0,vTaskSwitchContext,/Users/swchen.tw/git/percepio/poc/runs/tcp-workload-matrix-v1/A08-baseline/build/tasks.o,
by_pc,2147486054,2,2,4,6,2,0,0,0,0,vTaskSwitchContext,/Users/swchen.tw/git/percepio/poc/runs/tcp-workload-matrix-v1/A08-baseline/build/tasks.o,
by_pc,2147519410,1,1,2,3,1,0,0,0,0,unresolved@/Users/swchen.tw/git/percepio/poc/runs/tcp-workload-matrix-v1/A08-baseline/build/portASM.o:2147519232,/Users/swchen.tw/git/percepio/poc/runs/tcp-workload-matrix-v1/A08-baseline/build/portASM.o,
by_pc,2147485864,1,2,4,5,1,1,0,0,0,vTaskDelay,/Users/swchen.tw/git/percepio/poc/runs/tcp-workload-matrix-v1/A08-baseline/build/tasks.o,
by_pc,2147485866,1,2,4,5,1,1,0,0,0,vTaskDelay,/Users/swchen.tw/git/percepio/poc/runs/tcp-workload-matrix-v1/A08-baseline/build/tasks.o,
by_pc,2147485868,1,1,2,3,1,0,0,0,0,vTaskDelay,/Users/swchen.tw/git/percepio/poc/runs/tcp-workload-matrix-v1/A08-baseline/build/tasks.o,
by_pc,2147485870,1,1,2,3,1,0,0,0,0,vTaskDelay,/Users/swchen.tw/git/percepio/poc/runs/tcp-workload-matrix-v1/A08-baseline/build/tasks.o,
by_pc,2147496012,1,27,54,55,1,0,8,18,0,timing_observer,/Users/swchen.tw/git/percepio/poc/runs/tcp-workload-matrix-v1/A08-baseline/build/tcp_request_response_irq.o,
by_pc,2147484998,1,2,4,5,1,1,0,0,0,xTaskGetTickCount,/Users/swchen.tw/git/percepio/poc/runs/tcp-workload-matrix-v1/A08-baseline/build/tasks.o,
by_pc,2147485002,1,1,2,3,1,0,0,0,0,xTaskGetTickCount,/Users/swchen.tw/git/percepio/poc/runs/tcp-workload-matrix-v1/A08-baseline/build/tasks.o,
by_pc,2147496016,1,21,42,43,1,1,8,0,11,timing_observer,/Users/swchen.tw/git/percepio/poc/runs/tcp-workload-matrix-v1/A08-baseline/build/tcp_request_response_irq.o,
by_pc,2147496020,1,1,2,3,1,0,0,0,0,timing_observer,/Users/swchen.tw/git/percepio/poc/runs/tcp-workload-matrix-v1/A08-baseline/build/tcp_request_response_irq.o,
by_pc,2147496024,1,21,42,43,1,1,8,0,11,timing_observer,/Users/swchen.tw/git/percepio/poc/runs/tcp-workload-matrix-v1/A08-baseline/build/tcp_request_response_irq.o,
by_pc,2147496028,1,1,2,3,1,0,0,0,0,timing_observer,/Users/swchen.tw/git/percepio/poc/runs/tcp-workload-matrix-v1/A08-baseline/build/tcp_request_response_irq.o,
by_pc,2147496030,1,21,42,43,1,1,8,0,11,timing_observer,/Users/swchen.tw/git/percepio/poc/runs/tcp-workload-matrix-v1/A08-baseline/build/tcp_request_response_irq.o,
by_pc,2147496034,1,2,4,5,1,1,0,0,0,timing_observer,/Users/swchen.tw/git/percepio/poc/runs/tcp-workload-matrix-v1/A08-baseline/build/tcp_request_response_irq.o,
by_pc,2147496038,1,1,2,3,1,0,0,0,0,timing_observer,/Users/swchen.tw/git/percepio/poc/runs/tcp-workload-matrix-v1/A08-baseline/build/tcp_request_response_irq.o,
by_pc,2147496042,1,1,2,3,1,0,0,0,0,timing_observer,/Users/swchen.tw/git/percepio/poc/runs/tcp-workload-matrix-v1/A08-baseline/build/tcp_request_response_irq.o,
by_pc,2147496046,1,1,2,3,1,0,0,0,0,timing_observer,/Users/swchen.tw/git/percepio/poc/runs/tcp-workload-matrix-v1/A08-baseline/build/tcp_request_response_irq.o,
by_pc,2147493908,1,27,54,55,1,0,8,18,0,poc_mark,/Users/swchen.tw/git/percepio/poc/runs/tcp-workload-matrix-v1/A08-baseline/build/main.o,
by_pc,2147493910,1,21,42,43,1,1,8,0,11,poc_mark,/Users/swchen.tw/git/percepio/poc/runs/tcp-workload-matrix-v1/A08-baseline/build/main.o,
by_pc,2147493912,1,21,42,43,1,1,8,0,11,poc_mark,/Users/swchen.tw/git/percepio/poc/runs/tcp-workload-matrix-v1/A08-baseline/build/main.o,
by_pc,2147493914,1,21,42,43,1,1,8,0,11,poc_mark,/Users/swchen.tw/git/percepio/poc/runs/tcp-workload-matrix-v1/A08-baseline/build/main.o,
by_pc,2147493916,1,1,2,3,1,0,0,0,0,poc_mark,/Users/swchen.tw/git/percepio/poc/runs/tcp-workload-matrix-v1/A08-baseline/build/main.o,
by_pc,2147493918,1,1,2,3,1,0,0,0,0,poc_mark,/Users/swchen.tw/git/percepio/poc/runs/tcp-workload-matrix-v1/A08-baseline/build/main.o,
by_pc,2147494034,1,27,54,55,1,0,8,18,0,poc_oracle_record,/Users/swchen.tw/git/percepio/poc/runs/tcp-workload-matrix-v1/A08-baseline/build/oracle.o,
by_pc,2147494036,1,21,42,43,1,1,8,0,11,poc_oracle_record,/Users/swchen.tw/git/percepio/poc/runs/tcp-workload-matrix-v1/A08-baseline/build/oracle.o,
by_pc,2147494038,1,21,42,43,1,1,8,0,11,poc_oracle_record,/Users/swchen.tw/git/percepio/poc/runs/tcp-workload-matrix-v1/A08-baseline/build/oracle.o,
by_pc,2147494040,1,21,42,43,1,1,8,0,11,poc_oracle_record,/Users/swchen.tw/git/percepio/poc/runs/tcp-workload-matrix-v1/A08-baseline/build/oracle.o,
by_pc,2147494042,1,21,42,43,1,1,8,0,11,poc_oracle_record,/Users/swchen.tw/git/percepio/poc/runs/tcp-workload-matrix-v1/A08-baseline/build/oracle.o,
by_pc,2147494044,1,21,42,43,1,1,8,0,11,poc_oracle_record,/Users/swchen.tw/git/percepio/poc/runs/tcp-workload-matrix-v1/A08-baseline/build/oracle.o,
by_pc,2147494046,1,1,2,3,1,0,0,0,0,poc_oracle_record,/Users/swchen.tw/git/percepio/poc/runs/tcp-workload-matrix-v1/A08-baseline/build/oracle.o,
by_pc,2147494050,1,2,4,5,1,1,0,0,0,poc_oracle_record,/Users/swchen.tw/git/percepio/poc/runs/tcp-workload-matrix-v1/A08-baseline/build/oracle.o,
by_pc,2147494052,1,1,2,3,1,0,0,0,0,poc_oracle_record,/Users/swchen.tw/git/percepio/poc/runs/tcp-workload-matrix-v1/A08-baseline/build/oracle.o,
by_pc,2147494056,1,1,2,3,1,0,0,0,0,poc_oracle_record,/Users/swchen.tw/git/percepio/poc/runs/tcp-workload-matrix-v1/A08-baseline/build/oracle.o,
by_pc,2147494058,1,1,2,3,1,0,0,0,0,poc_oracle_record,/Users/swchen.tw/git/percepio/poc/runs/tcp-workload-matrix-v1/A08-baseline/build/oracle.o,
by_pc,2147494060,1,1,2,3,1,0,0,0,0,poc_oracle_record,/Users/swchen.tw/git/percepio/poc/runs/tcp-workload-matrix-v1/A08-baseline/build/oracle.o,
by_pc,2147494078,1,2,4,5,1,1,0,0,0,poc_oracle_record,/Users/swchen.tw/git/percepio/poc/runs/tcp-workload-matrix-v1/A08-baseline/build/oracle.o,
by_pc,2147494080,1,27,54,55,1,0,8,18,0,poc_oracle_record,/Users/swchen.tw/git/percepio/poc/runs/tcp-workload-matrix-v1/A08-baseline/build/oracle.o,
by_pc,2147494084,1,21,42,43,1,1,8,0,11,poc_oracle_record,/Users/swchen.tw/git/percepio/poc/runs/tcp-workload-matrix-v1/A08-baseline/build/oracle.o,
by_pc,2147494086,1,1,2,3,1,0,0,0,0,poc_oracle_record,/Users/swchen.tw/git/percepio/poc/runs/tcp-workload-matrix-v1/A08-baseline/build/oracle.o,
by_pc,2147494090,1,1,2,3,1,0,0,0,0,poc_oracle_record,/Users/swchen.tw/git/percepio/poc/runs/tcp-workload-matrix-v1/A08-baseline/build/oracle.o,
by_pc,2147494092,1,1,2,3,1,0,0,0,0,poc_oracle_record,/Users/swchen.tw/git/percepio/poc/runs/tcp-workload-matrix-v1/A08-baseline/build/oracle.o,
by_pc,2147494096,1,1,2,3,1,0,0,0,0,poc_oracle_record,/Users/swchen.tw/git/percepio/poc/runs/tcp-workload-matrix-v1/A08-baseline/build/oracle.o,
by_pc,2147494100,1,1,2,3,1,0,0,0,0,poc_oracle_record,/Users/swchen.tw/git/percepio/poc/runs/tcp-workload-matrix-v1/A08-baseline/build/oracle.o,
by_pc,2147494104,1,1,2,3,1,0,0,0,0,poc_oracle_record,/Users/swchen.tw/git/percepio/poc/runs/tcp-workload-matrix-v1/A08-baseline/build/oracle.o,
by_pc,2147494106,1,39,78,79,1,1,8,18,11,poc_oracle_record,/Users/swchen.tw/git/percepio/poc/runs/tcp-workload-matrix-v1/A08-baseline/build/oracle.o,
by_pc,2147494110,1,21,42,43,1,1,8,0,11,poc_oracle_record,/Users/swchen.tw/git/percepio/poc/runs/tcp-workload-matrix-v1/A08-baseline/build/oracle.o,
by_pc,2147494114,1,21,42,43,1,1,8,0,11,poc_oracle_record,/Users/swchen.tw/git/percepio/poc/runs/tcp-workload-matrix-v1/A08-baseline/build/oracle.o,
by_pc,2147494116,1,2,4,5,1,1,0,0,0,poc_oracle_record,/Users/swchen.tw/git/percepio/poc/runs/tcp-workload-matrix-v1/A08-baseline/build/oracle.o,
by_pc,2147494118,1,2,4,5,1,1,0,0,0,poc_oracle_record,/Users/swchen.tw/git/percepio/poc/runs/tcp-workload-matrix-v1/A08-baseline/build/oracle.o,
by_pc,2147494120,1,2,4,5,1,1,0,0,0,poc_oracle_record,/Users/swchen.tw/git/percepio/poc/runs/tcp-workload-matrix-v1/A08-baseline/build/oracle.o,
by_pc,2147494122,1,2,4,5,1,1,0,0,0,poc_oracle_record,/Users/swchen.tw/git/percepio/poc/runs/tcp-workload-matrix-v1/A08-baseline/build/oracle.o,
by_pc,2147494124,1,2,4,5,1,1,0,0,0,poc_oracle_record,/Users/swchen.tw/git/percepio/poc/runs/tcp-workload-matrix-v1/A08-baseline/build/oracle.o,
by_pc,2147494126,1,1,2,3,1,0,0,0,0,poc_oracle_record,/Users/swchen.tw/git/percepio/poc/runs/tcp-workload-matrix-v1/A08-baseline/build/oracle.o,
by_pc,2147494128,1,1,2,3,1,0,0,0,0,poc_oracle_record,/Users/swchen.tw/git/percepio/poc/runs/tcp-workload-matrix-v1/A08-baseline/build/oracle.o,
by_pc,2147493920,1,2,4,5,1,1,0,0,0,poc_mark,/Users/swchen.tw/git/percepio/poc/runs/tcp-workload-matrix-v1/A08-baseline/build/main.o,
by_pc,2147493922,1,1,2,3,1,0,0,0,0,poc_mark,/Users/swchen.tw/git/percepio/poc/runs/tcp-workload-matrix-v1/A08-baseline/build/main.o,
by_pc,2147493926,1,1,2,3,1,0,0,0,0,poc_mark,/Users/swchen.tw/git/percepio/poc/runs/tcp-workload-matrix-v1/A08-baseline/build/main.o,
by_pc,2147493930,1,1,2,3,1,0,0,0,0,poc_mark,/Users/swchen.tw/git/percepio/poc/runs/tcp-workload-matrix-v1/A08-baseline/build/main.o,
by_pc,2147493934,1,1,2,3,1,0,0,0,0,poc_mark,/Users/swchen.tw/git/percepio/poc/runs/tcp-workload-matrix-v1/A08-baseline/build/main.o,
by_pc,2147493938,1,1,2,3,1,0,0,0,0,poc_mark,/Users/swchen.tw/git/percepio/poc/runs/tcp-workload-matrix-v1/A08-baseline/build/main.o,
by_pc,2147493942,1,1,2,3,1,0,0,0,0,poc_mark,/Users/swchen.tw/git/percepio/poc/runs/tcp-workload-matrix-v1/A08-baseline/build/main.o,
by_pc,2147493944,1,1,2,3,1,0,0,0,0,poc_mark,/Users/swchen.tw/git/percepio/poc/runs/tcp-workload-matrix-v1/A08-baseline/build/main.o,
by_pc,2147519808,1,27,54,55,1,0,8,18,0,sniprintf,/Users/swchen.tw/git/percepio/poc/.tools/xpack-riscv-none-elf-gcc-15.2.0-1/bin/../lib/gcc/riscv-none-elf/15.2.0/../../../../riscv-none-elf/lib/libg_nano.a(libc_a-snprintf.o),
by_pc,2147519810,1,21,42,43,1,1,8,0,11,sniprintf,/Users/swchen.tw/git/percepio/poc/.tools/xpack-riscv-none-elf-gcc-15.2.0-1/bin/../lib/gcc/riscv-none-elf/15.2.0/../../../../riscv-none-elf/lib/libg_nano.a(libc_a-snprintf.o),
by_pc,2147519812,1,21,42,43,1,1,8,0,11,sniprintf,/Users/swchen.tw/git/percepio/poc/.tools/xpack-riscv-none-elf-gcc-15.2.0-1/bin/../lib/gcc/riscv-none-elf/15.2.0/../../../../riscv-none-elf/lib/libg_nano.a(libc_a-snprintf.o),
by_pc,2147519814,1,21,42,43,1,1,8,0,11,sniprintf,/Users/swchen.tw/git/percepio/poc/.tools/xpack-riscv-none-elf-gcc-15.2.0-1/bin/../lib/gcc/riscv-none-elf/15.2.0/../../../../riscv-none-elf/lib/libg_nano.a(libc_a-snprintf.o),
by_pc,2147519816,1,21,42,43,1,1,8,0,11,sniprintf,/Users/swchen.tw/git/percepio/poc/.tools/xpack-riscv-none-elf-gcc-15.2.0-1/bin/../lib/gcc/riscv-none-elf/15.2.0/../../../../riscv-none-elf/lib/libg_nano.a(libc_a-snprintf.o),
by_pc,2147519818,1,21,42,43,1,1,8,0,11,sniprintf,/Users/swchen.tw/git/percepio/poc/.tools/xpack-riscv-none-elf-gcc-15.2.0-1/bin/../lib/gcc/riscv-none-elf/15.2.0/../../../../riscv-none-elf/lib/libg_nano.a(libc_a-snprintf.o),
by_pc,2147519820,1,21,42,43,1,1,8,0,11,sniprintf,/Users/swchen.tw/git/percepio/poc/.tools/xpack-riscv-none-elf-gcc-15.2.0-1/bin/../lib/gcc/riscv-none-elf/15.2.0/../../../../riscv-none-elf/lib/libg_nano.a(libc_a-snprintf.o),
by_pc,2147519822,1,21,42,43,1,1,8,0,11,sniprintf,/Users/swchen.tw/git/percepio/poc/.tools/xpack-riscv-none-elf-gcc-15.2.0-1/bin/../lib/gcc/riscv-none-elf/15.2.0/../../../../riscv-none-elf/lib/libg_nano.a(libc_a-snprintf.o),
by_pc,2147519824,1,21,42,43,1,1,8,0,11,sniprintf,/Users/swchen.tw/git/percepio/poc/.tools/xpack-riscv-none-elf-gcc-15.2.0-1/bin/../lib/gcc/riscv-none-elf/15.2.0/../../../../riscv-none-elf/lib/libg_nano.a(libc_a-snprintf.o),
by_pc,2147519826,1,2,4,5,1,1,0,0,0,sniprintf,/Users/swchen.tw/git/percepio/poc/.tools/xpack-riscv-none-elf-gcc-15.2.0-1/bin/../lib/gcc/riscv-none-elf/15.2.0/../../../../riscv-none-elf/lib/libg_nano.a(libc_a-snprintf.o),
by_pc,2147519830,1,1,2,3,1,0,0,0,0,sniprintf,/Users/swchen.tw/git/percepio/poc/.tools/xpack-riscv-none-elf-gcc-15.2.0-1/bin/../lib/gcc/riscv-none-elf/15.2.0/../../../../riscv-none-elf/lib/libg_nano.a(libc_a-snprintf.o),
by_pc,2147519852,1,1,2,3,1,0,0,0,0,sniprintf,/Users/swchen.tw/git/percepio/poc/.tools/xpack-riscv-none-elf-gcc-15.2.0-1/bin/../lib/gcc/riscv-none-elf/15.2.0/../../../../riscv-none-elf/lib/libg_nano.a(libc_a-snprintf.o),
by_pc,2147519856,1,1,2,3,1,0,0,0,0,sniprintf,/Users/swchen.tw/git/percepio/poc/.tools/xpack-riscv-none-elf-gcc-15.2.0-1/bin/../lib/gcc/riscv-none-elf/15.2.0/../../../../riscv-none-elf/lib/libg_nano.a(libc_a-snprintf.o),
by_pc,2147519860,1,39,78,79,1,1,8,18,11,sniprintf,/Users/swchen.tw/git/percepio/poc/.tools/xpack-riscv-none-elf-gcc-15.2.0-1/bin/../lib/gcc/riscv-none-elf/15.2.0/../../../../riscv-none-elf/lib/libg_nano.a(libc_a-snprintf.o),
by_pc,2147519862,1,21,42,43,1,1,8,0,11,sniprintf,/Users/swchen.tw/git/percepio/poc/.tools/xpack-riscv-none-elf-gcc-15.2.0-1/bin/../lib/gcc/riscv-none-elf/15.2.0/../../../../riscv-none-elf/lib/libg_nano.a(libc_a-snprintf.o),
by_pc,2147519864,1,1,2,3,1,0,0,0,0,sniprintf,/Users/swchen.tw/git/percepio/poc/.tools/xpack-riscv-none-elf-gcc-15.2.0-1/bin/../lib/gcc/riscv-none-elf/15.2.0/../../../../riscv-none-elf/lib/libg_nano.a(libc_a-snprintf.o),
by_pc,2147519866,1,1,2,3,1,0,0,0,0,sniprintf,/Users/swchen.tw/git/percepio/poc/.tools/xpack-riscv-none-elf-gcc-15.2.0-1/bin/../lib/gcc/riscv-none-elf/15.2.0/../../../../riscv-none-elf/lib/libg_nano.a(libc_a-snprintf.o),
by_pc,2147519870,1,21,42,43,1,1,8,0,11,sniprintf,/Users/swchen.tw/git/percepio/poc/.tools/xpack-riscv-none-elf-gcc-15.2.0-1/bin/../lib/gcc/riscv-none-elf/15.2.0/../../../../riscv-none-elf/lib/libg_nano.a(libc_a-snprintf.o),
by_pc,2147519872,1,47,94,95,1,1,16,18,11,sniprintf,/Users/swchen.tw/git/percepio/poc/.tools/xpack-riscv-none-elf-gcc-15.2.0-1/bin/../lib/gcc/riscv-none-elf/15.2.0/../../../../riscv-none-elf/lib/libg_nano.a(libc_a-snprintf.o),
by_pc,2147519874,1,1,2,3,1,0,0,0,0,sniprintf,/Users/swchen.tw/git/percepio/poc/.tools/xpack-riscv-none-elf-gcc-15.2.0-1/bin/../lib/gcc/riscv-none-elf/15.2.0/../../../../riscv-none-elf/lib/libg_nano.a(libc_a-snprintf.o),
by_pc,2147519876,1,1,2,3,1,0,0,0,0,sniprintf,/Users/swchen.tw/git/percepio/poc/.tools/xpack-riscv-none-elf-gcc-15.2.0-1/bin/../lib/gcc/riscv-none-elf/15.2.0/../../../../riscv-none-elf/lib/libg_nano.a(libc_a-snprintf.o),
by_pc,2147519878,1,1,2,3,1,0,0,0,0,sniprintf,/Users/swchen.tw/git/percepio/poc/.tools/xpack-riscv-none-elf-gcc-15.2.0-1/bin/../lib/gcc/riscv-none-elf/15.2.0/../../../../riscv-none-elf/lib/libg_nano.a(libc_a-snprintf.o),
by_pc,2147519880,1,1,2,3,1,0,0,0,0,sniprintf,/Users/swchen.tw/git/percepio/poc/.tools/xpack-riscv-none-elf-gcc-15.2.0-1/bin/../lib/gcc/riscv-none-elf/15.2.0/../../../../riscv-none-elf/lib/libg_nano.a(libc_a-snprintf.o),
by_pc,2147519882,1,21,42,43,1,1,8,0,11,sniprintf,/Users/swchen.tw/git/percepio/poc/.tools/xpack-riscv-none-elf-gcc-15.2.0-1/bin/../lib/gcc/riscv-none-elf/15.2.0/../../../../riscv-none-elf/lib/libg_nano.a(libc_a-snprintf.o),
by_pc,2147519884,1,39,78,79,1,1,8,18,11,sniprintf,/Users/swchen.tw/git/percepio/poc/.tools/xpack-riscv-none-elf-gcc-15.2.0-1/bin/../lib/gcc/riscv-none-elf/15.2.0/../../../../riscv-none-elf/lib/libg_nano.a(libc_a-snprintf.o),
by_pc,2147519886,1,21,42,43,1,1,8,0,11,sniprintf,/Users/swchen.tw/git/percepio/poc/.tools/xpack-riscv-none-elf-gcc-15.2.0-1/bin/../lib/gcc/riscv-none-elf/15.2.0/../../../../riscv-none-elf/lib/libg_nano.a(libc_a-snprintf.o),
by_pc,2147519888,1,1,2,3,1,0,0,0,0,sniprintf,/Users/swchen.tw/git/percepio/poc/.tools/xpack-riscv-none-elf-gcc-15.2.0-1/bin/../lib/gcc/riscv-none-elf/15.2.0/../../../../riscv-none-elf/lib/libg_nano.a(libc_a-snprintf.o),
by_pc,2147520418,1,28,56,57,1,1,8,18,0,_svfiprintf_r,/Users/swchen.tw/git/percepio/poc/.tools/xpack-riscv-none-elf-gcc-15.2.0-1/bin/../lib/gcc/riscv-none-elf/15.2.0/../../../../riscv-none-elf/lib/libg_nano.a(libc_a-nano-svfprintf.o),
by_pc,2147520422,1,1,2,3,1,0,0,0,0,_svfiprintf_r,/Users/swchen.tw/git/percepio/poc/.tools/xpack-riscv-none-elf-gcc-15.2.0-1/bin/../lib/gcc/riscv-none-elf/15.2.0/../../../../riscv-none-elf/lib/libg_nano.a(libc_a-nano-svfprintf.o),
by_pc,2147520424,1,21,42,43,1,1,8,0,11,_svfiprintf_r,/Users/swchen.tw/git/percepio/poc/.tools/xpack-riscv-none-elf-gcc-15.2.0-1/bin/../lib/gcc/riscv-none-elf/15.2.0/../../../../riscv-none-elf/lib/libg_nano.a(libc_a-nano-svfprintf.o),
by_pc,2147520426,1,39,78,79,1,1,8,18,11,_svfiprintf_r,/Users/swchen.tw/git/percepio/poc/.tools/xpack-riscv-none-elf-gcc-15.2.0-1/bin/../lib/gcc/riscv-none-elf/15.2.0/../../../../riscv-none-elf/lib/libg_nano.a(libc_a-nano-svfprintf.o),
by_pc,2147520428,1,21,42,43,1,1,8,0,11,_svfiprintf_r,/Users/swchen.tw/git/percepio/poc/.tools/xpack-riscv-none-elf-gcc-15.2.0-1/bin/../lib/gcc/riscv-none-elf/15.2.0/../../../../riscv-none-elf/lib/libg_nano.a(libc_a-nano-svfprintf.o),
by_pc,2147520430,1,21,42,43,1,1,8,0,11,_svfiprintf_r,/Users/swchen.tw/git/percepio/poc/.tools/xpack-riscv-none-elf-gcc-15.2.0-1/bin/../lib/gcc/riscv-none-elf/15.2.0/../../../../riscv-none-elf/lib/libg_nano.a(libc_a-nano-svfprintf.o),
by_pc,2147520432,1,21,42,43,1,1,8,0,11,_svfiprintf_r,/Users/swchen.tw/git/percepio/poc/.tools/xpack-riscv-none-elf-gcc-15.2.0-1/bin/../lib/gcc/riscv-none-elf/15.2.0/../../../../riscv-none-elf/lib/libg_nano.a(libc_a-nano-svfprintf.o),
by_pc,2147520434,1,21,42,43,1,1,8,0,11,_svfiprintf_r,/Users/swchen.tw/git/percepio/poc/.tools/xpack-riscv-none-elf-gcc-15.2.0-1/bin/../lib/gcc/riscv-none-elf/15.2.0/../../../../riscv-none-elf/lib/libg_nano.a(libc_a-nano-svfprintf.o),
by_pc,2147520436,1,21,42,43,1,1,8,0,11,_svfiprintf_r,/Users/swchen.tw/git/percepio/poc/.tools/xpack-riscv-none-elf-gcc-15.2.0-1/bin/../lib/gcc/riscv-none-elf/15.2.0/../../../../riscv-none-elf/lib/libg_nano.a(libc_a-nano-svfprintf.o),
by_pc,2147520438,1,21,42,43,1,1,8,0,11,_svfiprintf_r,/Users/swchen.tw/git/percepio/poc/.tools/xpack-riscv-none-elf-gcc-15.2.0-1/bin/../lib/gcc/riscv-none-elf/15.2.0/../../../../riscv-none-elf/lib/libg_nano.a(libc_a-nano-svfprintf.o),
by_pc,2147520440,1,21,42,43,1,1,8,0,11,_svfiprintf_r,/Users/swchen.tw/git/percepio/poc/.tools/xpack-riscv-none-elf-gcc-15.2.0-1/bin/../lib/gcc/riscv-none-elf/15.2.0/../../../../riscv-none-elf/lib/libg_nano.a(libc_a-nano-svfprintf.o),
by_pc,2147520442,1,21,42,43,1,1,8,0,11,_svfiprintf_r,/Users/swchen.tw/git/percepio/poc/.tools/xpack-riscv-none-elf-gcc-15.2.0-1/bin/../lib/gcc/riscv-none-elf/15.2.0/../../../../riscv-none-elf/lib/libg_nano.a(libc_a-nano-svfprintf.o),
by_pc,2147520444,1,1,2,3,1,0,0,0,0,_svfiprintf_r,/Users/swchen.tw/git/percepio/poc/.tools/xpack-riscv-none-elf-gcc-15.2.0-1/bin/../lib/gcc/riscv-none-elf/15.2.0/../../../../riscv-none-elf/lib/libg_nano.a(libc_a-nano-svfprintf.o),
by_pc,2147520448,1,27,54,55,1,0,8,18,0,_svfiprintf_r,/Users/swchen.tw/git/percepio/poc/.tools/xpack-riscv-none-elf-gcc-15.2.0-1/bin/../lib/gcc/riscv-none-elf/15.2.0/../../../../riscv-none-elf/lib/libg_nano.a(libc_a-nano-svfprintf.o),
by_pc,2147520450,1,1,2,3,1,0,0,0,0,_svfiprintf_r,/Users/swchen.tw/git/percepio/poc/.tools/xpack-riscv-none-elf-gcc-15.2.0-1/bin/../lib/gcc/riscv-none-elf/15.2.0/../../../../riscv-none-elf/lib/libg_nano.a(libc_a-nano-svfprintf.o),
by_pc,2147520452,1,1,2,3,1,0,0,0,0,_svfiprintf_r,/Users/swchen.tw/git/percepio/poc/.tools/xpack-riscv-none-elf-gcc-15.2.0-1/bin/../lib/gcc/riscv-none-elf/15.2.0/../../../../riscv-none-elf/lib/libg_nano.a(libc_a-nano-svfprintf.o),
by_pc,2147520516,1,27,54,55,1,0,8,18,0,_svfiprintf_r,/Users/swchen.tw/git/percepio/poc/.tools/xpack-riscv-none-elf-gcc-15.2.0-1/bin/../lib/gcc/riscv-none-elf/15.2.0/../../../../riscv-none-elf/lib/libg_nano.a(libc_a-nano-svfprintf.o),
by_pc,2147520520,1,39,78,79,1,1,8,18,11,_svfiprintf_r,/Users/swchen.tw/git/percepio/poc/.tools/xpack-riscv-none-elf-gcc-15.2.0-1/bin/../lib/gcc/riscv-none-elf/15.2.0/../../../../riscv-none-elf/lib/libg_nano.a(libc_a-nano-svfprintf.o),
by_pc,2147520524,1,1,2,3,1,0,0,0,0,_svfiprintf_r,/Users/swchen.tw/git/percepio/poc/.tools/xpack-riscv-none-elf-gcc-15.2.0-1/bin/../lib/gcc/riscv-none-elf/15.2.0/../../../../riscv-none-elf/lib/libg_nano.a(libc_a-nano-svfprintf.o),
by_pc,2147520528,1,21,42,43,1,1,8,0,11,_svfiprintf_r,/Users/swchen.tw/git/percepio/poc/.tools/xpack-riscv-none-elf-gcc-15.2.0-1/bin/../lib/gcc/riscv-none-elf/15.2.0/../../../../riscv-none-elf/lib/libg_nano.a(libc_a-nano-svfprintf.o),
by_pc,2147520530,1,21,42,43,1,1,8,0,11,_svfiprintf_r,/Users/swchen.tw/git/percepio/poc/.tools/xpack-riscv-none-elf-gcc-15.2.0-1/bin/../lib/gcc/riscv-none-elf/15.2.0/../../../../riscv-none-elf/lib/libg_nano.a(libc_a-nano-svfprintf.o),
by_pc,2147520534,1,39,78,79,1,1,8,18,11,_svfiprintf_r,/Users/swchen.tw/git/percepio/poc/.tools/xpack-riscv-none-elf-gcc-15.2.0-1/bin/../lib/gcc/riscv-none-elf/15.2.0/../../../../riscv-none-elf/lib/libg_nano.a(libc_a-nano-svfprintf.o),
by_pc,2147520536,1,1,2,3,1,0,0,0,0,_svfiprintf_r,/Users/swchen.tw/git/percepio/poc/.tools/xpack-riscv-none-elf-gcc-15.2.0-1/bin/../lib/gcc/riscv-none-elf/15.2.0/../../../../riscv-none-elf/lib/libg_nano.a(libc_a-nano-svfprintf.o),
by_pc,2147520538,1,1,2,3,1,0,0,0,0,_svfiprintf_r,/Users/swchen.tw/git/percepio/poc/.tools/xpack-riscv-none-elf-gcc-15.2.0-1/bin/../lib/gcc/riscv-none-elf/15.2.0/../../../../riscv-none-elf/lib/libg_nano.a(libc_a-nano-svfprintf.o),
by_pc,2147520542,1,1,2,3,1,0,0,0,0,_svfiprintf_r,/Users/swchen.tw/git/percepio/poc/.tools/xpack-riscv-none-elf-gcc-15.2.0-1/bin/../lib/gcc/riscv-none-elf/15.2.0/../../../../riscv-none-elf/lib/libg_nano.a(libc_a-nano-svfprintf.o),
by_pc,2147520546,1,1,2,3,1,0,0,0,0,_svfiprintf_r,/Users/swchen.tw/git/percepio/poc/.tools/xpack-riscv-none-elf-gcc-15.2.0-1/bin/../lib/gcc/riscv-none-elf/15.2.0/../../../../riscv-none-elf/lib/libg_nano.a(libc_a-nano-svfprintf.o),
by_pc,2147520548,1,1,2,3,1,0,0,0,0,_svfiprintf_r,/Users/swchen.tw/git/percepio/poc/.tools/xpack-riscv-none-elf-gcc-15.2.0-1/bin/../lib/gcc/riscv-none-elf/15.2.0/../../../../riscv-none-elf/lib/libg_nano.a(libc_a-nano-svfprintf.o),
by_pc,2147520550,4,4,8,12,4,0,0,0,0,_svfiprintf_r,/Users/swchen.tw/git/percepio/poc/.tools/xpack-riscv-none-elf-gcc-15.2.0-1/bin/../lib/gcc/riscv-none-elf/15.2.0/../../../../riscv-none-elf/lib/libg_nano.a(libc_a-nano-svfprintf.o),
by_pc,2147520552,11,48,96,107,11,11,8,18,0,_svfiprintf_r,/Users/swchen.tw/git/percepio/poc/.tools/xpack-riscv-none-elf-gcc-15.2.0-1/bin/../lib/gcc/riscv-none-elf/15.2.0/../../../../riscv-none-elf/lib/libg_nano.a(libc_a-nano-svfprintf.o),
by_pc,2147520556,11,11,22,33,11,0,0,0,0,_svfiprintf_r,/Users/swchen.tw/git/percepio/poc/.tools/xpack-riscv-none-elf-gcc-15.2.0-1/bin/../lib/gcc/riscv-none-elf/15.2.0/../../../../riscv-none-elf/lib/libg_nano.a(libc_a-nano-svfprintf.o),
by_pc,2147520560,11,11,22,33,11,0,0,0,0,_svfiprintf_r,/Users/swchen.tw/git/percepio/poc/.tools/xpack-riscv-none-elf-gcc-15.2.0-1/bin/../lib/gcc/riscv-none-elf/15.2.0/../../../../riscv-none-elf/lib/libg_nano.a(libc_a-nano-svfprintf.o),
by_pc,2147520564,11,11,22,33,11,0,0,0,0,_svfiprintf_r,/Users/swchen.tw/git/percepio/poc/.tools/xpack-riscv-none-elf-gcc-15.2.0-1/bin/../lib/gcc/riscv-none-elf/15.2.0/../../../../riscv-none-elf/lib/libg_nano.a(libc_a-nano-svfprintf.o),
by_pc,2147520568,11,11,22,33,11,0,0,0,0,_svfiprintf_r,/Users/swchen.tw/git/percepio/poc/.tools/xpack-riscv-none-elf-gcc-15.2.0-1/bin/../lib/gcc/riscv-none-elf/15.2.0/../../../../riscv-none-elf/lib/libg_nano.a(libc_a-nano-svfprintf.o),
by_pc,2147520572,11,11,22,33,11,0,0,0,0,_svfiprintf_r,/Users/swchen.tw/git/percepio/poc/.tools/xpack-riscv-none-elf-gcc-15.2.0-1/bin/../lib/gcc/riscv-none-elf/15.2.0/../../../../riscv-none-elf/lib/libg_nano.a(libc_a-nano-svfprintf.o),
by_pc,2147520720,7,33,66,73,7,0,8,18,0,_svfiprintf_r,/Users/swchen.tw/git/percepio/poc/.tools/xpack-riscv-none-elf-gcc-15.2.0-1/bin/../lib/gcc/riscv-none-elf/15.2.0/../../../../riscv-none-elf/lib/libg_nano.a(libc_a-nano-svfprintf.o),
by_pc,2147520722,7,7,14,21,7,0,0,0,0,_svfiprintf_r,/Users/swchen.tw/git/percepio/poc/.tools/xpack-riscv-none-elf-gcc-15.2.0-1/bin/../lib/gcc/riscv-none-elf/15.2.0/../../../../riscv-none-elf/lib/libg_nano.a(libc_a-nano-svfprintf.o),
by_pc,2147520576,4,30,60,64,4,0,8,18,0,_svfiprintf_r,/Users/swchen.tw/git/percepio/poc/.tools/xpack-riscv-none-elf-gcc-15.2.0-1/bin/../lib/gcc/riscv-none-elf/15.2.0/../../../../riscv-none-elf/lib/libg_nano.a(libc_a-nano-svfprintf.o),
by_pc,2147520580,4,4,8,12,4,0,0,0,0,_svfiprintf_r,/Users/swchen.tw/git/percepio/poc/.tools/xpack-riscv-none-elf-gcc-15.2.0-1/bin/../lib/gcc/riscv-none-elf/15.2.0/../../../../riscv-none-elf/lib/libg_nano.a(libc_a-nano-svfprintf.o),
by_pc,2147520584,4,4,8,12,4,0,0,0,0,_svfiprintf_r,/Users/swchen.tw/git/percepio/poc/.tools/xpack-riscv-none-elf-gcc-15.2.0-1/bin/../lib/gcc/riscv-none-elf/15.2.0/../../../../riscv-none-elf/lib/libg_nano.a(libc_a-nano-svfprintf.o),
by_pc,2147520586,4,4,8,12,4,0,0,0,0,_svfiprintf_r,/Users/swchen.tw/git/percepio/poc/.tools/xpack-riscv-none-elf-gcc-15.2.0-1/bin/../lib/gcc/riscv-none-elf/15.2.0/../../../../riscv-none-elf/lib/libg_nano.a(libc_a-nano-svfprintf.o),
by_pc,2147520588,4,84,168,172,4,4,32,0,44,_svfiprintf_r,/Users/swchen.tw/git/percepio/poc/.tools/xpack-riscv-none-elf-gcc-15.2.0-1/bin/../lib/gcc/riscv-none-elf/15.2.0/../../../../riscv-none-elf/lib/libg_nano.a(libc_a-nano-svfprintf.o),
by_pc,2147520590,4,4,8,12,4,0,0,0,0,_svfiprintf_r,/Users/swchen.tw/git/percepio/poc/.tools/xpack-riscv-none-elf-gcc-15.2.0-1/bin/../lib/gcc/riscv-none-elf/15.2.0/../../../../riscv-none-elf/lib/libg_nano.a(libc_a-nano-svfprintf.o),
by_pc,2147520178,10,10,20,30,10,0,0,0,0,__ssputs_r,/Users/swchen.tw/git/percepio/poc/.tools/xpack-riscv-none-elf-gcc-15.2.0-1/bin/../lib/gcc/riscv-none-elf/15.2.0/../../../../riscv-none-elf/lib/libg_nano.a(libc_a-nano-svfprintf.o),
by_pc,2147520180,10,210,420,430,10,10,80,0,110,__ssputs_r,/Users/swchen.tw/git/percepio/poc/.tools/xpack-riscv-none-elf-gcc-15.2.0-1/bin/../lib/gcc/riscv-none-elf/15.2.0/../../../../riscv-none-elf/lib/libg_nano.a(libc_a-nano-svfprintf.o),
by_pc,2147520182,10,20,40,50,10,10,0,0,0,__ssputs_r,/Users/swchen.tw/git/percepio/poc/.tools/xpack-riscv-none-elf-gcc-15.2.0-1/bin/../lib/gcc/riscv-none-elf/15.2.0/../../../../riscv-none-elf/lib/libg_nano.a(libc_a-nano-svfprintf.o),
by_pc,2147520186,10,210,420,430,10,10,80,0,110,__ssputs_r,/Users/swchen.tw/git/percepio/poc/.tools/xpack-riscv-none-elf-gcc-15.2.0-1/bin/../lib/gcc/riscv-none-elf/15.2.0/../../../../riscv-none-elf/lib/libg_nano.a(libc_a-nano-svfprintf.o),
by_pc,2147520188,10,210,420,430,10,10,80,0,110,__ssputs_r,/Users/swchen.tw/git/percepio/poc/.tools/xpack-riscv-none-elf-gcc-15.2.0-1/bin/../lib/gcc/riscv-none-elf/15.2.0/../../../../riscv-none-elf/lib/libg_nano.a(libc_a-nano-svfprintf.o),
by_pc,2147520190,10,210,420,430,10,10,80,0,110,__ssputs_r,/Users/swchen.tw/git/percepio/poc/.tools/xpack-riscv-none-elf-gcc-15.2.0-1/bin/../lib/gcc/riscv-none-elf/15.2.0/../../../../riscv-none-elf/lib/libg_nano.a(libc_a-nano-svfprintf.o),
by_pc,2147520192,10,236,472,482,10,10,88,18,110,__ssputs_r,/Users/swchen.tw/git/percepio/poc/.tools/xpack-riscv-none-elf-gcc-15.2.0-1/bin/../lib/gcc/riscv-none-elf/15.2.0/../../../../riscv-none-elf/lib/libg_nano.a(libc_a-nano-svfprintf.o),
by_pc,2147520194,10,210,420,430,10,10,80,0,110,__ssputs_r,/Users/swchen.tw/git/percepio/poc/.tools/xpack-riscv-none-elf-gcc-15.2.0-1/bin/../lib/gcc/riscv-none-elf/15.2.0/../../../../riscv-none-elf/lib/libg_nano.a(libc_a-nano-svfprintf.o),
by_pc,2147520196,10,210,420,430,10,10,80,0,110,__ssputs_r,/Users/swchen.tw/git/percepio/poc/.tools/xpack-riscv-none-elf-gcc-15.2.0-1/bin/../lib/gcc/riscv-none-elf/15.2.0/../../../../riscv-none-elf/lib/libg_nano.a(libc_a-nano-svfprintf.o),
by_pc,2147520198,10,210,420,430,10,10,80,0,110,__ssputs_r,/Users/swchen.tw/git/percepio/poc/.tools/xpack-riscv-none-elf-gcc-15.2.0-1/bin/../lib/gcc/riscv-none-elf/15.2.0/../../../../riscv-none-elf/lib/libg_nano.a(libc_a-nano-svfprintf.o),
by_pc,2147520200,10,10,20,30,10,0,0,0,0,__ssputs_r,/Users/swchen.tw/git/percepio/poc/.tools/xpack-riscv-none-elf-gcc-15.2.0-1/bin/../lib/gcc/riscv-none-elf/15.2.0/../../../../riscv-none-elf/lib/libg_nano.a(libc_a-nano-svfprintf.o),
by_pc,2147520202,10,10,20,30,10,0,0,0,0,__ssputs_r,/Users/swchen.tw/git/percepio/poc/.tools/xpack-riscv-none-elf-gcc-15.2.0-1/bin/../lib/gcc/riscv-none-elf/15.2.0/../../../../riscv-none-elf/lib/libg_nano.a(libc_a-nano-svfprintf.o),
by_pc,2147520204,10,10,20,30,10,0,0,0,0,__ssputs_r,/Users/swchen.tw/git/percepio/poc/.tools/xpack-riscv-none-elf-gcc-15.2.0-1/bin/../lib/gcc/riscv-none-elf/15.2.0/../../../../riscv-none-elf/lib/libg_nano.a(libc_a-nano-svfprintf.o),
by_pc,2147520206,10,10,20,30,10,0,0,0,0,__ssputs_r,/Users/swchen.tw/git/percepio/poc/.tools/xpack-riscv-none-elf-gcc-15.2.0-1/bin/../lib/gcc/riscv-none-elf/15.2.0/../../../../riscv-none-elf/lib/libg_nano.a(libc_a-nano-svfprintf.o),
by_pc,2147520414,10,10,20,30,10,0,0,0,0,__ssputs_r,/Users/swchen.tw/git/percepio/poc/.tools/xpack-riscv-none-elf-gcc-15.2.0-1/bin/../lib/gcc/riscv-none-elf/15.2.0/../../../../riscv-none-elf/lib/libg_nano.a(libc_a-nano-svfprintf.o),
by_pc,2147520416,10,10,20,30,10,0,0,0,0,__ssputs_r,/Users/swchen.tw/git/percepio/poc/.tools/xpack-riscv-none-elf-gcc-15.2.0-1/bin/../lib/gcc/riscv-none-elf/15.2.0/../../../../riscv-none-elf/lib/libg_nano.a(libc_a-nano-svfprintf.o),
by_pc,2147520328,10,46,92,102,10,10,8,18,0,__ssputs_r,/Users/swchen.tw/git/percepio/poc/.tools/xpack-riscv-none-elf-gcc-15.2.0-1/bin/../lib/gcc/riscv-none-elf/15.2.0/../../../../riscv-none-elf/lib/libg_nano.a(libc_a-nano-svfprintf.o),
by_pc,2147520330,10,10,20,30,10,0,0,0,0,__ssputs_r,/Users/swchen.tw/git/percepio/poc/.tools/xpack-riscv-none-elf-gcc-15.2.0-1/bin/../lib/gcc/riscv-none-elf/15.2.0/../../../../riscv-none-elf/lib/libg_nano.a(libc_a-nano-svfprintf.o),
by_pc,2147520332,10,10,20,30,10,0,0,0,0,__ssputs_r,/Users/swchen.tw/git/percepio/poc/.tools/xpack-riscv-none-elf-gcc-15.2.0-1/bin/../lib/gcc/riscv-none-elf/15.2.0/../../../../riscv-none-elf/lib/libg_nano.a(libc_a-nano-svfprintf.o),
by_pc,2147520334,10,10,20,30,10,0,0,0,0,__ssputs_r,/Users/swchen.tw/git/percepio/poc/.tools/xpack-riscv-none-elf-gcc-15.2.0-1/bin/../lib/gcc/riscv-none-elf/15.2.0/../../../../riscv-none-elf/lib/libg_nano.a(libc_a-nano-svfprintf.o),
by_pc,2147520060,10,18,36,46,10,0,8,0,0,memmove,/Users/swchen.tw/git/percepio/poc/.tools/xpack-riscv-none-elf-gcc-15.2.0-1/bin/../lib/gcc/riscv-none-elf/15.2.0/../../../../riscv-none-elf/lib/libg_nano.a(libc_a-memmove.o),
by_pc,2147520062,7,7,14,21,7,0,0,0,0,memmove,/Users/swchen.tw/git/percepio/poc/.tools/xpack-riscv-none-elf-gcc-15.2.0-1/bin/../lib/gcc/riscv-none-elf/15.2.0/../../../../riscv-none-elf/lib/libg_nano.a(libc_a-memmove.o),
by_pc,2147520064,7,7,14,21,7,0,0,0,0,memmove,/Users/swchen.tw/git/percepio/poc/.tools/xpack-riscv-none-elf-gcc-15.2.0-1/bin/../lib/gcc/riscv-none-elf/15.2.0/../../../../riscv-none-elf/lib/libg_nano.a(libc_a-memmove.o),
by_pc,2147520066,7,7,14,21,7,0,0,0,0,memmove,/Users/swchen.tw/git/percepio/poc/.tools/xpack-riscv-none-elf-gcc-15.2.0-1/bin/../lib/gcc/riscv-none-elf/15.2.0/../../../../riscv-none-elf/lib/libg_nano.a(libc_a-memmove.o),
by_pc,2147520070,7,7,14,21,7,0,0,0,0,memmove,/Users/swchen.tw/git/percepio/poc/.tools/xpack-riscv-none-elf-gcc-15.2.0-1/bin/../lib/gcc/riscv-none-elf/15.2.0/../../../../riscv-none-elf/lib/libg_nano.a(libc_a-memmove.o),
by_pc,2147520072,7,7,14,21,7,0,0,0,0,memmove,/Users/swchen.tw/git/percepio/poc/.tools/xpack-riscv-none-elf-gcc-15.2.0-1/bin/../lib/gcc/riscv-none-elf/15.2.0/../../../../riscv-none-elf/lib/libg_nano.a(libc_a-memmove.o),
by_pc,2147520076,7,7,14,21,7,0,0,0,0,memmove,/Users/swchen.tw/git/percepio/poc/.tools/xpack-riscv-none-elf-gcc-15.2.0-1/bin/../lib/gcc/riscv-none-elf/15.2.0/../../../../riscv-none-elf/lib/libg_nano.a(libc_a-memmove.o),
by_pc,2147520078,7,7,14,21,7,0,0,0,0,memmove,/Users/swchen.tw/git/percepio/poc/.tools/xpack-riscv-none-elf-gcc-15.2.0-1/bin/../lib/gcc/riscv-none-elf/15.2.0/../../../../riscv-none-elf/lib/libg_nano.a(libc_a-memmove.o),
by_pc,2147520080,44,88,176,220,44,44,0,0,0,memmove,/Users/swchen.tw/git/percepio/poc/.tools/xpack-riscv-none-elf-gcc-15.2.0-1/bin/../lib/gcc/riscv-none-elf/15.2.0/../../../../riscv-none-elf/lib/libg_nano.a(libc_a-memmove.o),
by_pc,2147520084,44,924,1848,1892,44,44,352,0,484,memmove,/Users/swchen.tw/git/percepio/poc/.tools/xpack-riscv-none-elf-gcc-15.2.0-1/bin/../lib/gcc/riscv-none-elf/15.2.0/../../../../riscv-none-elf/lib/libg_nano.a(libc_a-memmove.o),
by_pc,2147520088,44,44,88,132,44,0,0,0,0,memmove,/Users/swchen.tw/git/percepio/poc/.tools/xpack-riscv-none-elf-gcc-15.2.0-1/bin/../lib/gcc/riscv-none-elf/15.2.0/../../../../riscv-none-elf/lib/libg_nano.a(libc_a-memmove.o),
by_pc,2147520090,44,44,88,132,44,0,0,0,0,memmove,/Users/swchen.tw/git/percepio/poc/.tools/xpack-riscv-none-elf-gcc-15.2.0-1/bin/../lib/gcc/riscv-none-elf/15.2.0/../../../../riscv-none-elf/lib/libg_nano.a(libc_a-memmove.o),
by_pc,2147520092,44,44,88,132,44,0,0,0,0,memmove,/Users/swchen.tw/git/percepio/poc/.tools/xpack-riscv-none-elf-gcc-15.2.0-1/bin/../lib/gcc/riscv-none-elf/15.2.0/../../../../riscv-none-elf/lib/libg_nano.a(libc_a-memmove.o),
by_pc,2147520094,44,44,88,132,44,0,0,0,0,memmove,/Users/swchen.tw/git/percepio/poc/.tools/xpack-riscv-none-elf-gcc-15.2.0-1/bin/../lib/gcc/riscv-none-elf/15.2.0/../../../../riscv-none-elf/lib/libg_nano.a(libc_a-memmove.o),
by_pc,2147520096,10,10,20,30,10,0,0,0,0,memmove,/Users/swchen.tw/git/percepio/poc/.tools/xpack-riscv-none-elf-gcc-15.2.0-1/bin/../lib/gcc/riscv-none-elf/15.2.0/../../../../riscv-none-elf/lib/libg_nano.a(libc_a-memmove.o),
by_pc,2147520338,10,20,40,50,10,10,0,0,0,__ssputs_r,/Users/swchen.tw/git/percepio/poc/.tools/xpack-riscv-none-elf-gcc-15.2.0-1/bin/../lib/gcc/riscv-none-elf/15.2.0/../../../../riscv-none-elf/lib/libg_nano.a(libc_a-nano-svfprintf.o),
by_pc,2147520340,10,10,20,30,10,0,0,0,0,__ssputs_r,/Users/swchen.tw/git/percepio/poc/.tools/xpack-riscv-none-elf-gcc-15.2.0-1/bin/../lib/gcc/riscv-none-elf/15.2.0/../../../../riscv-none-elf/lib/libg_nano.a(libc_a-nano-svfprintf.o),
by_pc,2147520342,10,10,20,30,10,0,0,0,0,__ssputs_r,/Users/swchen.tw/git/percepio/poc/.tools/xpack-riscv-none-elf-gcc-15.2.0-1/bin/../lib/gcc/riscv-none-elf/15.2.0/../../../../riscv-none-elf/lib/libg_nano.a(libc_a-nano-svfprintf.o),
by_pc,2147520346,10,210,420,430,10,10,80,0,110,__ssputs_r,/Users/swchen.tw/git/percepio/poc/.tools/xpack-riscv-none-elf-gcc-15.2.0-1/bin/../lib/gcc/riscv-none-elf/15.2.0/../../../../riscv-none-elf/lib/libg_nano.a(libc_a-nano-svfprintf.o),
by_pc,2147520348,10,20,40,50,10,10,0,0,0,__ssputs_r,/Users/swchen.tw/git/percepio/poc/.tools/xpack-riscv-none-elf-gcc-15.2.0-1/bin/../lib/gcc/riscv-none-elf/15.2.0/../../../../riscv-none-elf/lib/libg_nano.a(libc_a-nano-svfprintf.o),
by_pc,2147520350,10,10,20,30,10,0,0,0,0,__ssputs_r,/Users/swchen.tw/git/percepio/poc/.tools/xpack-riscv-none-elf-gcc-15.2.0-1/bin/../lib/gcc/riscv-none-elf/15.2.0/../../../../riscv-none-elf/lib/libg_nano.a(libc_a-nano-svfprintf.o),
by_pc,2147520352,10,210,420,430,10,10,80,0,110,__ssputs_r,/Users/swchen.tw/git/percepio/poc/.tools/xpack-riscv-none-elf-gcc-15.2.0-1/bin/../lib/gcc/riscv-none-elf/15.2.0/../../../../riscv-none-elf/lib/libg_nano.a(libc_a-nano-svfprintf.o),
by_pc,2147520354,10,20,40,50,10,10,0,0,0,__ssputs_r,/Users/swchen.tw/git/percepio/poc/.tools/xpack-riscv-none-elf-gcc-15.2.0-1/bin/../lib/gcc/riscv-none-elf/15.2.0/../../../../riscv-none-elf/lib/libg_nano.a(libc_a-nano-svfprintf.o),
by_pc,2147520356,10,20,40,50,10,10,0,0,0,__ssputs_r,/Users/swchen.tw/git/percepio/poc/.tools/xpack-riscv-none-elf-gcc-15.2.0-1/bin/../lib/gcc/riscv-none-elf/15.2.0/../../../../riscv-none-elf/lib/libg_nano.a(libc_a-nano-svfprintf.o),
by_pc,2147520358,10,20,40,50,10,10,0,0,0,__ssputs_r,/Users/swchen.tw/git/percepio/poc/.tools/xpack-riscv-none-elf-gcc-15.2.0-1/bin/../lib/gcc/riscv-none-elf/15.2.0/../../../../riscv-none-elf/lib/libg_nano.a(libc_a-nano-svfprintf.o),
by_pc,2147520360,10,20,40,50,10,10,0,0,0,__ssputs_r,/Users/swchen.tw/git/percepio/poc/.tools/xpack-riscv-none-elf-gcc-15.2.0-1/bin/../lib/gcc/riscv-none-elf/15.2.0/../../../../riscv-none-elf/lib/libg_nano.a(libc_a-nano-svfprintf.o),
by_pc,2147520362,10,20,40,50,10,10,0,0,0,__ssputs_r,/Users/swchen.tw/git/percepio/poc/.tools/xpack-riscv-none-elf-gcc-15.2.0-1/bin/../lib/gcc/riscv-none-elf/15.2.0/../../../../riscv-none-elf/lib/libg_nano.a(libc_a-nano-svfprintf.o),
by_pc,2147520364,10,20,40,50,10,10,0,0,0,__ssputs_r,/Users/swchen.tw/git/percepio/poc/.tools/xpack-riscv-none-elf-gcc-15.2.0-1/bin/../lib/gcc/riscv-none-elf/15.2.0/../../../../riscv-none-elf/lib/libg_nano.a(libc_a-nano-svfprintf.o),
by_pc,2147520366,10,20,40,50,10,10,0,0,0,__ssputs_r,/Users/swchen.tw/git/percepio/poc/.tools/xpack-riscv-none-elf-gcc-15.2.0-1/bin/../lib/gcc/riscv-none-elf/15.2.0/../../../../riscv-none-elf/lib/libg_nano.a(libc_a-nano-svfprintf.o),
by_pc,2147520368,10,20,40,50,10,10,0,0,0,__ssputs_r,/Users/swchen.tw/git/percepio/poc/.tools/xpack-riscv-none-elf-gcc-15.2.0-1/bin/../lib/gcc/riscv-none-elf/15.2.0/../../../../riscv-none-elf/lib/libg_nano.a(libc_a-nano-svfprintf.o),
by_pc,2147520370,10,10,20,30,10,0,0,0,0,__ssputs_r,/Users/swchen.tw/git/percepio/poc/.tools/xpack-riscv-none-elf-gcc-15.2.0-1/bin/../lib/gcc/riscv-none-elf/15.2.0/../../../../riscv-none-elf/lib/libg_nano.a(libc_a-nano-svfprintf.o),
by_pc,2147520372,10,10,20,30,10,0,0,0,0,__ssputs_r,/Users/swchen.tw/git/percepio/poc/.tools/xpack-riscv-none-elf-gcc-15.2.0-1/bin/../lib/gcc/riscv-none-elf/15.2.0/../../../../riscv-none-elf/lib/libg_nano.a(libc_a-nano-svfprintf.o),
by_pc,2147520594,4,4,8,12,4,0,0,0,0,_svfiprintf_r,/Users/swchen.tw/git/percepio/poc/.tools/xpack-riscv-none-elf-gcc-15.2.0-1/bin/../lib/gcc/riscv-none-elf/15.2.0/../../../../riscv-none-elf/lib/libg_nano.a(libc_a-nano-svfprintf.o),
by_pc,2147520598,4,8,16,20,4,4,0,0,0,_svfiprintf_r,/Users/swchen.tw/git/percepio/poc/.tools/xpack-riscv-none-elf-gcc-15.2.0-1/bin/../lib/gcc/riscv-none-elf/15.2.0/../../../../riscv-none-elf/lib/libg_nano.a(libc_a-nano-svfprintf.o),
by_pc,2147520600,4,8,16,20,4,4,0,0,0,_svfiprintf_r,/Users/swchen.tw/git/percepio/poc/.tools/xpack-riscv-none-elf-gcc-15.2.0-1/bin/../lib/gcc/riscv-none-elf/15.2.0/../../../../riscv-none-elf/lib/libg_nano.a(libc_a-nano-svfprintf.o),
by_pc,2147520602,4,4,8,12,4,0,0,0,0,_svfiprintf_r,/Users/swchen.tw/git/percepio/poc/.tools/xpack-riscv-none-elf-gcc-15.2.0-1/bin/../lib/gcc/riscv-none-elf/15.2.0/../../../../riscv-none-elf/lib/libg_nano.a(libc_a-nano-svfprintf.o),
by_pc,2147520604,4,84,168,172,4,4,32,0,44,_svfiprintf_r,/Users/swchen.tw/git/percepio/poc/.tools/xpack-riscv-none-elf-gcc-15.2.0-1/bin/../lib/gcc/riscv-none-elf/15.2.0/../../../../riscv-none-elf/lib/libg_nano.a(libc_a-nano-svfprintf.o),
by_pc,2147520606,4,8,16,20,4,4,0,0,0,_svfiprintf_r,/Users/swchen.tw/git/percepio/poc/.tools/xpack-riscv-none-elf-gcc-15.2.0-1/bin/../lib/gcc/riscv-none-elf/15.2.0/../../../../riscv-none-elf/lib/libg_nano.a(libc_a-nano-svfprintf.o),
by_pc,2147520610,4,4,8,12,4,0,0,0,0,_svfiprintf_r,/Users/swchen.tw/git/percepio/poc/.tools/xpack-riscv-none-elf-gcc-15.2.0-1/bin/../lib/gcc/riscv-none-elf/15.2.0/../../../../riscv-none-elf/lib/libg_nano.a(libc_a-nano-svfprintf.o),
by_pc,2147520614,3,3,6,9,3,0,0,0,0,_svfiprintf_r,/Users/swchen.tw/git/percepio/poc/.tools/xpack-riscv-none-elf-gcc-15.2.0-1/bin/../lib/gcc/riscv-none-elf/15.2.0/../../../../riscv-none-elf/lib/libg_nano.a(libc_a-nano-svfprintf.o),
by_pc,2147520616,3,63,126,129,3,3,24,0,33,_svfiprintf_r,/Users/swchen.tw/git/percepio/poc/.tools/xpack-riscv-none-elf-gcc-15.2.0-1/bin/../lib/gcc/riscv-none-elf/15.2.0/../../../../riscv-none-elf/lib/libg_nano.a(libc_a-nano-svfprintf.o),
by_pc,2147520618,3,63,126,129,3,3,24,0,33,_svfiprintf_r,/Users/swchen.tw/git/percepio/poc/.tools/xpack-riscv-none-elf-gcc-15.2.0-1/bin/../lib/gcc/riscv-none-elf/15.2.0/../../../../riscv-none-elf/lib/libg_nano.a(libc_a-nano-svfprintf.o),
by_pc,2147520620,3,63,126,129,3,3,24,0,33,_svfiprintf_r,/Users/swchen.tw/git/percepio/poc/.tools/xpack-riscv-none-elf-gcc-15.2.0-1/bin/../lib/gcc/riscv-none-elf/15.2.0/../../../../riscv-none-elf/lib/libg_nano.a(libc_a-nano-svfprintf.o),
by_pc,2147520622,3,63,126,129,3,3,24,0,33,_svfiprintf_r,/Users/swchen.tw/git/percepio/poc/.tools/xpack-riscv-none-elf-gcc-15.2.0-1/bin/../lib/gcc/riscv-none-elf/15.2.0/../../../../riscv-none-elf/lib/libg_nano.a(libc_a-nano-svfprintf.o),
by_pc,2147520624,3,63,126,129,3,3,24,0,33,_svfiprintf_r,/Users/swchen.tw/git/percepio/poc/.tools/xpack-riscv-none-elf-gcc-15.2.0-1/bin/../lib/gcc/riscv-none-elf/15.2.0/../../../../riscv-none-elf/lib/libg_nano.a(libc_a-nano-svfprintf.o),
by_pc,2147520628,3,63,126,129,3,3,24,0,33,_svfiprintf_r,/Users/swchen.tw/git/percepio/poc/.tools/xpack-riscv-none-elf-gcc-15.2.0-1/bin/../lib/gcc/riscv-none-elf/15.2.0/../../../../riscv-none-elf/lib/libg_nano.a(libc_a-nano-svfprintf.o),
by_pc,2147520630,3,6,12,15,3,3,0,0,0,_svfiprintf_r,/Users/swchen.tw/git/percepio/poc/.tools/xpack-riscv-none-elf-gcc-15.2.0-1/bin/../lib/gcc/riscv-none-elf/15.2.0/../../../../riscv-none-elf/lib/libg_nano.a(libc_a-nano-svfprintf.o),
by_pc,2147520634,3,3,6,9,3,0,0,0,0,_svfiprintf_r,/Users/swchen.tw/git/percepio/poc/.tools/xpack-riscv-none-elf-gcc-15.2.0-1/bin/../lib/gcc/riscv-none-elf/15.2.0/../../../../riscv-none-elf/lib/libg_nano.a(libc_a-nano-svfprintf.o),
by_pc,2147520636,3,3,6,9,3,0,0,0,0,_svfiprintf_r,/Users/swchen.tw/git/percepio/poc/.tools/xpack-riscv-none-elf-gcc-15.2.0-1/bin/../lib/gcc/riscv-none-elf/15.2.0/../../../../riscv-none-elf/lib/libg_nano.a(libc_a-nano-svfprintf.o),
by_pc,2147520640,3,29,58,61,3,0,8,18,0,_svfiprintf_r,/Users/swchen.tw/git/percepio/poc/.tools/xpack-riscv-none-elf-gcc-15.2.0-1/bin/../lib/gcc/riscv-none-elf/15.2.0/../../../../riscv-none-elf/lib/libg_nano.a(libc_a-nano-svfprintf.o),
by_pc,2147520644,3,3,6,9,3,0,0,0,0,_svfiprintf_r,/Users/swchen.tw/git/percepio/poc/.tools/xpack-riscv-none-elf-gcc-15.2.0-1/bin/../lib/gcc/riscv-none-elf/15.2.0/../../../../riscv-none-elf/lib/libg_nano.a(libc_a-nano-svfprintf.o),
by_pc,2147522410,11,37,74,85,11,0,8,18,0,memchr,/Users/swchen.tw/git/percepio/poc/.tools/xpack-riscv-none-elf-gcc-15.2.0-1/bin/../lib/gcc/riscv-none-elf/15.2.0/../../../../riscv-none-elf/lib/libg_nano.a(libc_a-memchr.o),
by_pc,2147522414,11,11,22,33,11,0,0,0,0,memchr,/Users/swchen.tw/git/percepio/poc/.tools/xpack-riscv-none-elf-gcc-15.2.0-1/bin/../lib/gcc/riscv-none-elf/15.2.0/../../../../riscv-none-elf/lib/libg_nano.a(libc_a-memchr.o),
by_pc,2147522416,89,89,178,267,89,0,0,0,0,memchr,/Users/swchen.tw/git/percepio/poc/.tools/xpack-riscv-none-elf-gcc-15.2.0-1/bin/../lib/gcc/riscv-none-elf/15.2.0/../../../../riscv-none-elf/lib/libg_nano.a(libc_a-memchr.o),
by_pc,2147522424,80,212,424,504,80,80,16,36,0,memchr,/Users/swchen.tw/git/percepio/poc/.tools/xpack-riscv-none-elf-gcc-15.2.0-1/bin/../lib/gcc/riscv-none-elf/15.2.0/../../../../riscv-none-elf/lib/libg_nano.a(libc_a-memchr.o),
by_pc,2147522428,80,80,160,240,80,0,0,0,0,memchr,/Users/swchen.tw/git/percepio/poc/.tools/xpack-riscv-none-elf-gcc-15.2.0-1/bin/../lib/gcc/riscv-none-elf/15.2.0/../../../../riscv-none-elf/lib/libg_nano.a(libc_a-memchr.o),
by_pc,2147522432,78,104,208,286,78,0,8,18,0,memchr,/Users/swchen.tw/git/percepio/poc/.tools/xpack-riscv-none-elf-gcc-15.2.0-1/bin/../lib/gcc/riscv-none-elf/15.2.0/../../../../riscv-none-elf/lib/libg_nano.a(libc_a-memchr.o),
by_pc,2147522434,78,78,156,234,78,0,0,0,0,memchr,/Users/swchen.tw/git/percepio/poc/.tools/xpack-riscv-none-elf-gcc-15.2.0-1/bin/../lib/gcc/riscv-none-elf/15.2.0/../../../../riscv-none-elf/lib/libg_nano.a(libc_a-memchr.o),
by_pc,2147522420,9,9,18,27,9,0,0,0,0,memchr,/Users/swchen.tw/git/percepio/poc/.tools/xpack-riscv-none-elf-gcc-15.2.0-1/bin/../lib/gcc/riscv-none-elf/15.2.0/../../../../riscv-none-elf/lib/libg_nano.a(libc_a-memchr.o),
by_pc,2147522422,11,11,22,33,11,0,0,0,0,memchr,/Users/swchen.tw/git/percepio/poc/.tools/xpack-riscv-none-elf-gcc-15.2.0-1/bin/../lib/gcc/riscv-none-elf/15.2.0/../../../../riscv-none-elf/lib/libg_nano.a(libc_a-memchr.o),
by_pc,2147520648,3,6,12,15,3,3,0,0,0,_svfiprintf_r,/Users/swchen.tw/git/percepio/poc/.tools/xpack-riscv-none-elf-gcc-15.2.0-1/bin/../lib/gcc/riscv-none-elf/15.2.0/../../../../riscv-none-elf/lib/libg_nano.a(libc_a-nano-svfprintf.o),
by_pc,2147520650,3,3,6,9,3,0,0,0,0,_svfiprintf_r,/Users/swchen.tw/git/percepio/poc/.tools/xpack-riscv-none-elf-gcc-15.2.0-1/bin/../lib/gcc/riscv-none-elf/15.2.0/../../../../riscv-none-elf/lib/libg_nano.a(libc_a-nano-svfprintf.o),
by_pc,2147520654,3,3,6,9,3,0,0,0,0,_svfiprintf_r,/Users/swchen.tw/git/percepio/poc/.tools/xpack-riscv-none-elf-gcc-15.2.0-1/bin/../lib/gcc/riscv-none-elf/15.2.0/../../../../riscv-none-elf/lib/libg_nano.a(libc_a-nano-svfprintf.o),
by_pc,2147520656,3,3,6,9,3,0,0,0,0,_svfiprintf_r,/Users/swchen.tw/git/percepio/poc/.tools/xpack-riscv-none-elf-gcc-15.2.0-1/bin/../lib/gcc/riscv-none-elf/15.2.0/../../../../riscv-none-elf/lib/libg_nano.a(libc_a-nano-svfprintf.o),
by_pc,2147520660,3,3,6,9,3,0,0,0,0,_svfiprintf_r,/Users/swchen.tw/git/percepio/poc/.tools/xpack-riscv-none-elf-gcc-15.2.0-1/bin/../lib/gcc/riscv-none-elf/15.2.0/../../../../riscv-none-elf/lib/libg_nano.a(libc_a-nano-svfprintf.o),
by_pc,2147520670,3,3,6,9,3,0,0,0,0,_svfiprintf_r,/Users/swchen.tw/git/percepio/poc/.tools/xpack-riscv-none-elf-gcc-15.2.0-1/bin/../lib/gcc/riscv-none-elf/15.2.0/../../../../riscv-none-elf/lib/libg_nano.a(libc_a-nano-svfprintf.o),
by_pc,2147520674,3,3,6,9,3,0,0,0,0,_svfiprintf_r,/Users/swchen.tw/git/percepio/poc/.tools/xpack-riscv-none-elf-gcc-15.2.0-1/bin/../lib/gcc/riscv-none-elf/15.2.0/../../../../riscv-none-elf/lib/libg_nano.a(libc_a-nano-svfprintf.o),
by_pc,2147520684,3,6,12,15,3,3,0,0,0,_svfiprintf_r,/Users/swchen.tw/git/percepio/poc/.tools/xpack-riscv-none-elf-gcc-15.2.0-1/bin/../lib/gcc/riscv-none-elf/15.2.0/../../../../riscv-none-elf/lib/libg_nano.a(libc_a-nano-svfprintf.o),
by_pc,2147520688,3,3,6,9,3,0,0,0,0,_svfiprintf_r,/Users/swchen.tw/git/percepio/poc/.tools/xpack-riscv-none-elf-gcc-15.2.0-1/bin/../lib/gcc/riscv-none-elf/15.2.0/../../../../riscv-none-elf/lib/libg_nano.a(libc_a-nano-svfprintf.o),
by_pc,2147520692,3,3,6,9,3,0,0,0,0,_svfiprintf_r,/Users/swchen.tw/git/percepio/poc/.tools/xpack-riscv-none-elf-gcc-15.2.0-1/bin/../lib/gcc/riscv-none-elf/15.2.0/../../../../riscv-none-elf/lib/libg_nano.a(libc_a-nano-svfprintf.o),
by_pc,2147520696,3,6,12,15,3,3,0,0,0,_svfiprintf_r,/Users/swchen.tw/git/percepio/poc/.tools/xpack-riscv-none-elf-gcc-15.2.0-1/bin/../lib/gcc/riscv-none-elf/15.2.0/../../../../riscv-none-elf/lib/libg_nano.a(libc_a-nano-svfprintf.o),
by_pc,2147520698,3,3,6,9,3,0,0,0,0,_svfiprintf_r,/Users/swchen.tw/git/percepio/poc/.tools/xpack-riscv-none-elf-gcc-15.2.0-1/bin/../lib/gcc/riscv-none-elf/15.2.0/../../../../riscv-none-elf/lib/libg_nano.a(libc_a-nano-svfprintf.o),
by_pc,2147520700,3,3,6,9,3,0,0,0,0,_svfiprintf_r,/Users/swchen.tw/git/percepio/poc/.tools/xpack-riscv-none-elf-gcc-15.2.0-1/bin/../lib/gcc/riscv-none-elf/15.2.0/../../../../riscv-none-elf/lib/libg_nano.a(libc_a-nano-svfprintf.o),
by_pc,2147520702,3,9,18,21,6,3,0,0,0,_svfiprintf_r,/Users/swchen.tw/git/percepio/poc/.tools/xpack-riscv-none-elf-gcc-15.2.0-1/bin/../lib/gcc/riscv-none-elf/15.2.0/../../../../riscv-none-elf/lib/libg_nano.a(libc_a-nano-svfprintf.o),
by_pc,2147520706,3,3,6,9,3,0,0,0,0,_svfiprintf_r,/Users/swchen.tw/git/percepio/poc/.tools/xpack-riscv-none-elf-gcc-15.2.0-1/bin/../lib/gcc/riscv-none-elf/15.2.0/../../../../riscv-none-elf/lib/libg_nano.a(libc_a-nano-svfprintf.o),
by_pc,2147520710,3,3,6,9,3,0,0,0,0,_svfiprintf_r,/Users/swchen.tw/git/percepio/poc/.tools/xpack-riscv-none-elf-gcc-15.2.0-1/bin/../lib/gcc/riscv-none-elf/15.2.0/../../../../riscv-none-elf/lib/libg_nano.a(libc_a-nano-svfprintf.o),
by_pc,2147520714,3,3,6,9,3,0,0,0,0,_svfiprintf_r,/Users/swchen.tw/git/percepio/poc/.tools/xpack-riscv-none-elf-gcc-15.2.0-1/bin/../lib/gcc/riscv-none-elf/15.2.0/../../../../riscv-none-elf/lib/libg_nano.a(libc_a-nano-svfprintf.o),
by_pc,2147520758,3,6,12,15,3,3,0,0,0,_svfiprintf_r,/Users/swchen.tw/git/percepio/poc/.tools/xpack-riscv-none-elf-gcc-15.2.0-1/bin/../lib/gcc/riscv-none-elf/15.2.0/../../../../riscv-none-elf/lib/libg_nano.a(libc_a-nano-svfprintf.o),
by_pc,2147520762,3,3,6,9,3,0,0,0,0,_svfiprintf_r,/Users/swchen.tw/git/percepio/poc/.tools/xpack-riscv-none-elf-gcc-15.2.0-1/bin/../lib/gcc/riscv-none-elf/15.2.0/../../../../riscv-none-elf/lib/libg_nano.a(libc_a-nano-svfprintf.o),
by_pc,2147520766,3,32,64,67,6,0,8,18,0,_svfiprintf_r,/Users/swchen.tw/git/percepio/poc/.tools/xpack-riscv-none-elf-gcc-15.2.0-1/bin/../lib/gcc/riscv-none-elf/15.2.0/../../../../riscv-none-elf/lib/libg_nano.a(libc_a-nano-svfprintf.o),
by_pc,2147520854,3,32,64,67,3,3,8,18,0,_svfiprintf_r,/Users/swchen.tw/git/percepio/poc/.tools/xpack-riscv-none-elf-gcc-15.2.0-1/bin/../lib/gcc/riscv-none-elf/15.2.0/../../../../riscv-none-elf/lib/libg_nano.a(libc_a-nano-svfprintf.o),
by_pc,2147520858,3,3,6,9,3,0,0,0,0,_svfiprintf_r,/Users/swchen.tw/git/percepio/poc/.tools/xpack-riscv-none-elf-gcc-15.2.0-1/bin/../lib/gcc/riscv-none-elf/15.2.0/../../../../riscv-none-elf/lib/libg_nano.a(libc_a-nano-svfprintf.o),
by_pc,2147520860,3,3,6,9,3,0,0,0,0,_svfiprintf_r,/Users/swchen.tw/git/percepio/poc/.tools/xpack-riscv-none-elf-gcc-15.2.0-1/bin/../lib/gcc/riscv-none-elf/15.2.0/../../../../riscv-none-elf/lib/libg_nano.a(libc_a-nano-svfprintf.o),
by_pc,2147520864,3,3,6,9,3,0,0,0,0,_svfiprintf_r,/Users/swchen.tw/git/percepio/poc/.tools/xpack-riscv-none-elf-gcc-15.2.0-1/bin/../lib/gcc/riscv-none-elf/15.2.0/../../../../riscv-none-elf/lib/libg_nano.a(libc_a-nano-svfprintf.o),
by_pc,2147520868,3,3,6,9,3,0,0,0,0,_svfiprintf_r,/Users/swchen.tw/git/percepio/poc/.tools/xpack-riscv-none-elf-gcc-15.2.0-1/bin/../lib/gcc/riscv-none-elf/15.2.0/../../../../riscv-none-elf/lib/libg_nano.a(libc_a-nano-svfprintf.o),
by_pc,2147520870,3,3,6,9,3,0,0,0,0,_svfiprintf_r,/Users/swchen.tw/git/percepio/poc/.tools/xpack-riscv-none-elf-gcc-15.2.0-1/bin/../lib/gcc/riscv-none-elf/15.2.0/../../../../riscv-none-elf/lib/libg_nano.a(libc_a-nano-svfprintf.o),
by_pc,2147520898,3,32,64,67,3,3,8,18,0,_svfiprintf_r,/Users/swchen.tw/git/percepio/poc/.tools/xpack-riscv-none-elf-gcc-15.2.0-1/bin/../lib/gcc/riscv-none-elf/15.2.0/../../../../riscv-none-elf/lib/libg_nano.a(libc_a-nano-svfprintf.o),
by_pc,2147520902,3,3,6,9,3,0,0,0,0,_svfiprintf_r,/Users/swchen.tw/git/percepio/poc/.tools/xpack-riscv-none-elf-gcc-15.2.0-1/bin/../lib/gcc/riscv-none-elf/15.2.0/../../../../riscv-none-elf/lib/libg_nano.a(libc_a-nano-svfprintf.o),
by_pc,2147520904,3,3,6,9,3,0,0,0,0,_svfiprintf_r,/Users/swchen.tw/git/percepio/poc/.tools/xpack-riscv-none-elf-gcc-15.2.0-1/bin/../lib/gcc/riscv-none-elf/15.2.0/../../../../riscv-none-elf/lib/libg_nano.a(libc_a-nano-svfprintf.o),
by_pc,2147520908,3,3,6,9,3,0,0,0,0,_svfiprintf_r,/Users/swchen.tw/git/percepio/poc/.tools/xpack-riscv-none-elf-gcc-15.2.0-1/bin/../lib/gcc/riscv-none-elf/15.2.0/../../../../riscv-none-elf/lib/libg_nano.a(libc_a-nano-svfprintf.o),
by_pc,2147520912,3,63,126,129,3,3,24,0,33,_svfiprintf_r,/Users/swchen.tw/git/percepio/poc/.tools/xpack-riscv-none-elf-gcc-15.2.0-1/bin/../lib/gcc/riscv-none-elf/15.2.0/../../../../riscv-none-elf/lib/libg_nano.a(libc_a-nano-svfprintf.o),
by_pc,2147520916,3,3,6,9,3,0,0,0,0,_svfiprintf_r,/Users/swchen.tw/git/percepio/poc/.tools/xpack-riscv-none-elf-gcc-15.2.0-1/bin/../lib/gcc/riscv-none-elf/15.2.0/../../../../riscv-none-elf/lib/libg_nano.a(libc_a-nano-svfprintf.o),
by_pc,2147520918,3,3,6,9,3,0,0,0,0,_svfiprintf_r,/Users/swchen.tw/git/percepio/poc/.tools/xpack-riscv-none-elf-gcc-15.2.0-1/bin/../lib/gcc/riscv-none-elf/15.2.0/../../../../riscv-none-elf/lib/libg_nano.a(libc_a-nano-svfprintf.o),
by_pc,2147521018,3,29,58,61,3,0,8,18,0,_svfiprintf_r,/Users/swchen.tw/git/percepio/poc/.tools/xpack-riscv-none-elf-gcc-15.2.0-1/bin/../lib/gcc/riscv-none-elf/15.2.0/../../../../riscv-none-elf/lib/libg_nano.a(libc_a-nano-svfprintf.o),
by_pc,2147521020,3,3,6,9,3,0,0,0,0,_svfiprintf_r,/Users/swchen.tw/git/percepio/poc/.tools/xpack-riscv-none-elf-gcc-15.2.0-1/bin/../lib/gcc/riscv-none-elf/15.2.0/../../../../riscv-none-elf/lib/libg_nano.a(libc_a-nano-svfprintf.o),
by_pc,2147521024,3,29,58,61,3,0,8,18,0,_svfiprintf_r,/Users/swchen.tw/git/percepio/poc/.tools/xpack-riscv-none-elf-gcc-15.2.0-1/bin/../lib/gcc/riscv-none-elf/15.2.0/../../../../riscv-none-elf/lib/libg_nano.a(libc_a-nano-svfprintf.o),
by_pc,2147521028,3,3,6,9,3,0,0,0,0,_svfiprintf_r,/Users/swchen.tw/git/percepio/poc/.tools/xpack-riscv-none-elf-gcc-15.2.0-1/bin/../lib/gcc/riscv-none-elf/15.2.0/../../../../riscv-none-elf/lib/libg_nano.a(libc_a-nano-svfprintf.o),
by_pc,2147521030,3,3,6,9,3,0,0,0,0,_svfiprintf_r,/Users/swchen.tw/git/percepio/poc/.tools/xpack-riscv-none-elf-gcc-15.2.0-1/bin/../lib/gcc/riscv-none-elf/15.2.0/../../../../riscv-none-elf/lib/libg_nano.a(libc_a-nano-svfprintf.o),
by_pc,2147521032,3,3,6,9,3,0,0,0,0,_svfiprintf_r,/Users/swchen.tw/git/percepio/poc/.tools/xpack-riscv-none-elf-gcc-15.2.0-1/bin/../lib/gcc/riscv-none-elf/15.2.0/../../../../riscv-none-elf/lib/libg_nano.a(libc_a-nano-svfprintf.o),
by_pc,2147521034,3,3,6,9,3,0,0,0,0,_svfiprintf_r,/Users/swchen.tw/git/percepio/poc/.tools/xpack-riscv-none-elf-gcc-15.2.0-1/bin/../lib/gcc/riscv-none-elf/15.2.0/../../../../riscv-none-elf/lib/libg_nano.a(libc_a-nano-svfprintf.o),
by_pc,2147521674,3,29,58,61,3,0,8,18,0,_printf_i,/Users/swchen.tw/git/percepio/poc/.tools/xpack-riscv-none-elf-gcc-15.2.0-1/bin/../lib/gcc/riscv-none-elf/15.2.0/../../../../riscv-none-elf/lib/libg_nano.a(libc_a-nano-vfprintf_i.o),
by_pc,2147521676,3,63,126,129,3,3,24,0,33,_printf_i,/Users/swchen.tw/git/percepio/poc/.tools/xpack-riscv-none-elf-gcc-15.2.0-1/bin/../lib/gcc/riscv-none-elf/15.2.0/../../../../riscv-none-elf/lib/libg_nano.a(libc_a-nano-vfprintf_i.o),
by_pc,2147521678,3,63,126,129,3,3,24,0,33,_printf_i,/Users/swchen.tw/git/percepio/poc/.tools/xpack-riscv-none-elf-gcc-15.2.0-1/bin/../lib/gcc/riscv-none-elf/15.2.0/../../../../riscv-none-elf/lib/libg_nano.a(libc_a-nano-vfprintf_i.o),
by_pc,2147521680,3,63,126,129,3,3,24,0,33,_printf_i,/Users/swchen.tw/git/percepio/poc/.tools/xpack-riscv-none-elf-gcc-15.2.0-1/bin/../lib/gcc/riscv-none-elf/15.2.0/../../../../riscv-none-elf/lib/libg_nano.a(libc_a-nano-vfprintf_i.o),
by_pc,2147521682,3,63,126,129,3,3,24,0,33,_printf_i,/Users/swchen.tw/git/percepio/poc/.tools/xpack-riscv-none-elf-gcc-15.2.0-1/bin/../lib/gcc/riscv-none-elf/15.2.0/../../../../riscv-none-elf/lib/libg_nano.a(libc_a-nano-vfprintf_i.o),
by_pc,2147521684,3,63,126,129,3,3,24,0,33,_printf_i,/Users/swchen.tw/git/percepio/poc/.tools/xpack-riscv-none-elf-gcc-15.2.0-1/bin/../lib/gcc/riscv-none-elf/15.2.0/../../../../riscv-none-elf/lib/libg_nano.a(libc_a-nano-vfprintf_i.o),
by_pc,2147521686,3,63,126,129,3,3,24,0,33,_printf_i,/Users/swchen.tw/git/percepio/poc/.tools/xpack-riscv-none-elf-gcc-15.2.0-1/bin/../lib/gcc/riscv-none-elf/15.2.0/../../../../riscv-none-elf/lib/libg_nano.a(libc_a-nano-vfprintf_i.o),
by_pc,2147521688,3,63,126,129,3,3,24,0,33,_printf_i,/Users/swchen.tw/git/percepio/poc/.tools/xpack-riscv-none-elf-gcc-15.2.0-1/bin/../lib/gcc/riscv-none-elf/15.2.0/../../../../riscv-none-elf/lib/libg_nano.a(libc_a-nano-vfprintf_i.o),
by_pc,2147521690,3,6,12,15,3,3,0,0,0,_printf_i,/Users/swchen.tw/git/percepio/poc/.tools/xpack-riscv-none-elf-gcc-15.2.0-1/bin/../lib/gcc/riscv-none-elf/15.2.0/../../../../riscv-none-elf/lib/libg_nano.a(libc_a-nano-vfprintf_i.o),
by_pc,2147521694,3,3,6,9,3,0,0,0,0,_printf_i,/Users/swchen.tw/git/percepio/poc/.tools/xpack-riscv-none-elf-gcc-15.2.0-1/bin/../lib/gcc/riscv-none-elf/15.2.0/../../../../riscv-none-elf/lib/libg_nano.a(libc_a-nano-vfprintf_i.o),
by_pc,2147521696,3,3,6,9,3,0,0,0,0,_printf_i,/Users/swchen.tw/git/percepio/poc/.tools/xpack-riscv-none-elf-gcc-15.2.0-1/bin/../lib/gcc/riscv-none-elf/15.2.0/../../../../riscv-none-elf/lib/libg_nano.a(libc_a-nano-vfprintf_i.o),
by_pc,2147521700,3,3,6,9,3,0,0,0,0,_printf_i,/Users/swchen.tw/git/percepio/poc/.tools/xpack-riscv-none-elf-gcc-15.2.0-1/bin/../lib/gcc/riscv-none-elf/15.2.0/../../../../riscv-none-elf/lib/libg_nano.a(libc_a-nano-vfprintf_i.o),
by_pc,2147521702,3,3,6,9,3,0,0,0,0,_printf_i,/Users/swchen.tw/git/percepio/poc/.tools/xpack-riscv-none-elf-gcc-15.2.0-1/bin/../lib/gcc/riscv-none-elf/15.2.0/../../../../riscv-none-elf/lib/libg_nano.a(libc_a-nano-vfprintf_i.o),
by_pc,2147521704,3,3,6,9,3,0,0,0,0,_printf_i,/Users/swchen.tw/git/percepio/poc/.tools/xpack-riscv-none-elf-gcc-15.2.0-1/bin/../lib/gcc/riscv-none-elf/15.2.0/../../../../riscv-none-elf/lib/libg_nano.a(libc_a-nano-vfprintf_i.o),
by_pc,2147521706,3,3,6,9,3,0,0,0,0,_printf_i,/Users/swchen.tw/git/percepio/poc/.tools/xpack-riscv-none-elf-gcc-15.2.0-1/bin/../lib/gcc/riscv-none-elf/15.2.0/../../../../riscv-none-elf/lib/libg_nano.a(libc_a-nano-vfprintf_i.o),
by_pc,2147521710,3,3,6,9,3,0,0,0,0,_printf_i,/Users/swchen.tw/git/percepio/poc/.tools/xpack-riscv-none-elf-gcc-15.2.0-1/bin/../lib/gcc/riscv-none-elf/15.2.0/../../../../riscv-none-elf/lib/libg_nano.a(libc_a-nano-vfprintf_i.o),
by_pc,2147521714,3,3,6,9,3,0,0,0,0,_printf_i,/Users/swchen.tw/git/percepio/poc/.tools/xpack-riscv-none-elf-gcc-15.2.0-1/bin/../lib/gcc/riscv-none-elf/15.2.0/../../../../riscv-none-elf/lib/libg_nano.a(libc_a-nano-vfprintf_i.o),
by_pc,2147521718,3,3,6,9,3,0,0,0,0,_printf_i,/Users/swchen.tw/git/percepio/poc/.tools/xpack-riscv-none-elf-gcc-15.2.0-1/bin/../lib/gcc/riscv-none-elf/15.2.0/../../../../riscv-none-elf/lib/libg_nano.a(libc_a-nano-vfprintf_i.o),
by_pc,2147521748,2,28,56,58,2,0,8,18,0,_printf_i,/Users/swchen.tw/git/percepio/poc/.tools/xpack-riscv-none-elf-gcc-15.2.0-1/bin/../lib/gcc/riscv-none-elf/15.2.0/../../../../riscv-none-elf/lib/libg_nano.a(libc_a-nano-vfprintf_i.o),
by_pc,2147521752,2,2,4,6,2,0,0,0,0,_printf_i,/Users/swchen.tw/git/percepio/poc/.tools/xpack-riscv-none-elf-gcc-15.2.0-1/bin/../lib/gcc/riscv-none-elf/15.2.0/../../../../riscv-none-elf/lib/libg_nano.a(libc_a-nano-vfprintf_i.o),
by_pc,2147521756,2,2,4,6,2,0,0,0,0,_printf_i,/Users/swchen.tw/git/percepio/poc/.tools/xpack-riscv-none-elf-gcc-15.2.0-1/bin/../lib/gcc/riscv-none-elf/15.2.0/../../../../riscv-none-elf/lib/libg_nano.a(libc_a-nano-vfprintf_i.o),
by_pc,2147521758,2,2,4,6,2,0,0,0,0,_printf_i,/Users/swchen.tw/git/percepio/poc/.tools/xpack-riscv-none-elf-gcc-15.2.0-1/bin/../lib/gcc/riscv-none-elf/15.2.0/../../../../riscv-none-elf/lib/libg_nano.a(libc_a-nano-vfprintf_i.o),
by_pc,2147521762,2,2,4,6,2,0,0,0,0,_printf_i,/Users/swchen.tw/git/percepio/poc/.tools/xpack-riscv-none-elf-gcc-15.2.0-1/bin/../lib/gcc/riscv-none-elf/15.2.0/../../../../riscv-none-elf/lib/libg_nano.a(libc_a-nano-vfprintf_i.o),
by_pc,2147521766,2,2,4,6,2,0,0,0,0,_printf_i,/Users/swchen.tw/git/percepio/poc/.tools/xpack-riscv-none-elf-gcc-15.2.0-1/bin/../lib/gcc/riscv-none-elf/15.2.0/../../../../riscv-none-elf/lib/libg_nano.a(libc_a-nano-vfprintf_i.o),
by_pc,2147521770,2,2,4,6,2,0,0,0,0,_printf_i,/Users/swchen.tw/git/percepio/poc/.tools/xpack-riscv-none-elf-gcc-15.2.0-1/bin/../lib/gcc/riscv-none-elf/15.2.0/../../../../riscv-none-elf/lib/libg_nano.a(libc_a-nano-vfprintf_i.o),
by_pc,2147521772,2,2,4,6,2,0,0,0,0,_printf_i,/Users/swchen.tw/git/percepio/poc/.tools/xpack-riscv-none-elf-gcc-15.2.0-1/bin/../lib/gcc/riscv-none-elf/15.2.0/../../../../riscv-none-elf/lib/libg_nano.a(libc_a-nano-vfprintf_i.o),
by_pc,2147521774,2,30,60,62,2,2,8,18,0,_printf_i,/Users/swchen.tw/git/percepio/poc/.tools/xpack-riscv-none-elf-gcc-15.2.0-1/bin/../lib/gcc/riscv-none-elf/15.2.0/../../../../riscv-none-elf/lib/libg_nano.a(libc_a-nano-vfprintf_i.o),
by_pc,2147521776,2,2,4,6,2,0,0,0,0,_printf_i,/Users/swchen.tw/git/percepio/poc/.tools/xpack-riscv-none-elf-gcc-15.2.0-1/bin/../lib/gcc/riscv-none-elf/15.2.0/../../../../riscv-none-elf/lib/libg_nano.a(libc_a-nano-vfprintf_i.o),
by_pc,2147521778,2,2,4,6,2,0,0,0,0,_printf_i,/Users/swchen.tw/git/percepio/poc/.tools/xpack-riscv-none-elf-gcc-15.2.0-1/bin/../lib/gcc/riscv-none-elf/15.2.0/../../../../riscv-none-elf/lib/libg_nano.a(libc_a-nano-vfprintf_i.o),
by_pc,2147522182,2,30,60,62,2,2,8,18,0,_printf_i,/Users/swchen.tw/git/percepio/poc/.tools/xpack-riscv-none-elf-gcc-15.2.0-1/bin/../lib/gcc/riscv-none-elf/15.2.0/../../../../riscv-none-elf/lib/libg_nano.a(libc_a-nano-vfprintf_i.o),
by_pc,2147522184,2,4,8,10,2,2,0,0,0,_printf_i,/Users/swchen.tw/git/percepio/poc/.tools/xpack-riscv-none-elf-gcc-15.2.0-1/bin/../lib/gcc/riscv-none-elf/15.2.0/../../../../riscv-none-elf/lib/libg_nano.a(libc_a-nano-vfprintf_i.o),
by_pc,2147522186,2,2,4,6,2,0,0,0,0,_printf_i,/Users/swchen.tw/git/percepio/poc/.tools/xpack-riscv-none-elf-gcc-15.2.0-1/bin/../lib/gcc/riscv-none-elf/15.2.0/../../../../riscv-none-elf/lib/libg_nano.a(libc_a-nano-vfprintf_i.o),
by_pc,2147522188,2,2,4,6,2,0,0,0,0,_printf_i,/Users/swchen.tw/git/percepio/poc/.tools/xpack-riscv-none-elf-gcc-15.2.0-1/bin/../lib/gcc/riscv-none-elf/15.2.0/../../../../riscv-none-elf/lib/libg_nano.a(libc_a-nano-vfprintf_i.o),
by_pc,2147522192,2,42,84,86,2,2,16,0,22,_printf_i,/Users/swchen.tw/git/percepio/poc/.tools/xpack-riscv-none-elf-gcc-15.2.0-1/bin/../lib/gcc/riscv-none-elf/15.2.0/../../../../riscv-none-elf/lib/libg_nano.a(libc_a-nano-vfprintf_i.o),
by_pc,2147522194,2,4,8,10,2,2,0,0,0,_printf_i,/Users/swchen.tw/git/percepio/poc/.tools/xpack-riscv-none-elf-gcc-15.2.0-1/bin/../lib/gcc/riscv-none-elf/15.2.0/../../../../riscv-none-elf/lib/libg_nano.a(libc_a-nano-vfprintf_i.o),
by_pc,2147522198,2,2,4,6,2,0,0,0,0,_printf_i,/Users/swchen.tw/git/percepio/poc/.tools/xpack-riscv-none-elf-gcc-15.2.0-1/bin/../lib/gcc/riscv-none-elf/15.2.0/../../../../riscv-none-elf/lib/libg_nano.a(libc_a-nano-vfprintf_i.o),
by_pc,2147522200,2,2,4,6,2,0,0,0,0,_printf_i,/Users/swchen.tw/git/percepio/poc/.tools/xpack-riscv-none-elf-gcc-15.2.0-1/bin/../lib/gcc/riscv-none-elf/15.2.0/../../../../riscv-none-elf/lib/libg_nano.a(libc_a-nano-vfprintf_i.o),
by_pc,2147522202,2,2,4,6,2,0,0,0,0,_printf_i,/Users/swchen.tw/git/percepio/poc/.tools/xpack-riscv-none-elf-gcc-15.2.0-1/bin/../lib/gcc/riscv-none-elf/15.2.0/../../../../riscv-none-elf/lib/libg_nano.a(libc_a-nano-vfprintf_i.o),
by_pc,2147522204,2,2,4,6,2,0,0,0,0,_printf_i,/Users/swchen.tw/git/percepio/poc/.tools/xpack-riscv-none-elf-gcc-15.2.0-1/bin/../lib/gcc/riscv-none-elf/15.2.0/../../../../riscv-none-elf/lib/libg_nano.a(libc_a-nano-vfprintf_i.o),
by_pc,2147522208,2,42,84,86,2,2,16,0,22,_printf_i,/Users/swchen.tw/git/percepio/poc/.tools/xpack-riscv-none-elf-gcc-15.2.0-1/bin/../lib/gcc/riscv-none-elf/15.2.0/../../../../riscv-none-elf/lib/libg_nano.a(libc_a-nano-vfprintf_i.o),
by_pc,2147522210,2,4,8,10,2,2,0,0,0,_printf_i,/Users/swchen.tw/git/percepio/poc/.tools/xpack-riscv-none-elf-gcc-15.2.0-1/bin/../lib/gcc/riscv-none-elf/15.2.0/../../../../riscv-none-elf/lib/libg_nano.a(libc_a-nano-vfprintf_i.o),
by_pc,2147522212,3,63,126,129,3,3,24,0,33,_printf_i,/Users/swchen.tw/git/percepio/poc/.tools/xpack-riscv-none-elf-gcc-15.2.0-1/bin/../lib/gcc/riscv-none-elf/15.2.0/../../../../riscv-none-elf/lib/libg_nano.a(libc_a-nano-vfprintf_i.o),
by_pc,2147522214,3,63,126,129,3,3,24,0,33,_printf_i,/Users/swchen.tw/git/percepio/poc/.tools/xpack-riscv-none-elf-gcc-15.2.0-1/bin/../lib/gcc/riscv-none-elf/15.2.0/../../../../riscv-none-elf/lib/libg_nano.a(libc_a-nano-vfprintf_i.o),
by_pc,2147522218,3,3,6,9,3,0,0,0,0,_printf_i,/Users/swchen.tw/git/percepio/poc/.tools/xpack-riscv-none-elf-gcc-15.2.0-1/bin/../lib/gcc/riscv-none-elf/15.2.0/../../../../riscv-none-elf/lib/libg_nano.a(libc_a-nano-vfprintf_i.o),
by_pc,2147522000,3,29,58,61,3,0,8,18,0,_printf_i,/Users/swchen.tw/git/percepio/poc/.tools/xpack-riscv-none-elf-gcc-15.2.0-1/bin/../lib/gcc/riscv-none-elf/15.2.0/../../../../riscv-none-elf/lib/libg_nano.a(libc_a-nano-vfprintf_i.o),
by_pc,2147522002,3,3,6,9,3,0,0,0,0,_printf_i,/Users/swchen.tw/git/percepio/poc/.tools/xpack-riscv-none-elf-gcc-15.2.0-1/bin/../lib/gcc/riscv-none-elf/15.2.0/../../../../riscv-none-elf/lib/libg_nano.a(libc_a-nano-vfprintf_i.o),
by_pc,2147522004,3,3,6,9,3,0,0,0,0,_printf_i,/Users/swchen.tw/git/percepio/poc/.tools/xpack-riscv-none-elf-gcc-15.2.0-1/bin/../lib/gcc/riscv-none-elf/15.2.0/../../../../riscv-none-elf/lib/libg_nano.a(libc_a-nano-vfprintf_i.o),
by_pc,2147522006,3,3,6,9,3,0,0,0,0,_printf_i,/Users/swchen.tw/git/percepio/poc/.tools/xpack-riscv-none-elf-gcc-15.2.0-1/bin/../lib/gcc/riscv-none-elf/15.2.0/../../../../riscv-none-elf/lib/libg_nano.a(libc_a-nano-vfprintf_i.o),
by_pc,2147522008,3,3,6,9,3,0,0,0,0,_printf_i,/Users/swchen.tw/git/percepio/poc/.tools/xpack-riscv-none-elf-gcc-15.2.0-1/bin/../lib/gcc/riscv-none-elf/15.2.0/../../../../riscv-none-elf/lib/libg_nano.a(libc_a-nano-vfprintf_i.o),
by_pc,2147522010,3,3,6,9,3,0,0,0,0,_printf_i,/Users/swchen.tw/git/percepio/poc/.tools/xpack-riscv-none-elf-gcc-15.2.0-1/bin/../lib/gcc/riscv-none-elf/15.2.0/../../../../riscv-none-elf/lib/libg_nano.a(libc_a-nano-vfprintf_i.o),
by_pc,2147521400,3,29,58,61,3,0,8,18,0,_printf_common,/Users/swchen.tw/git/percepio/poc/.tools/xpack-riscv-none-elf-gcc-15.2.0-1/bin/../lib/gcc/riscv-none-elf/15.2.0/../../../../riscv-none-elf/lib/libg_nano.a(libc_a-nano-vfprintf_i.o),
by_pc,2147521402,3,81,162,165,3,3,24,18,33,_printf_common,/Users/swchen.tw/git/percepio/poc/.tools/xpack-riscv-none-elf-gcc-15.2.0-1/bin/../lib/gcc/riscv-none-elf/15.2.0/../../../../riscv-none-elf/lib/libg_nano.a(libc_a-nano-vfprintf_i.o),
by_pc,2147521404,3,6,12,15,3,3,0,0,0,_printf_common,/Users/swchen.tw/git/percepio/poc/.tools/xpack-riscv-none-elf-gcc-15.2.0-1/bin/../lib/gcc/riscv-none-elf/15.2.0/../../../../riscv-none-elf/lib/libg_nano.a(libc_a-nano-vfprintf_i.o),
by_pc,2147521406,3,3,6,9,3,0,0,0,0,_printf_common,/Users/swchen.tw/git/percepio/poc/.tools/xpack-riscv-none-elf-gcc-15.2.0-1/bin/../lib/gcc/riscv-none-elf/15.2.0/../../../../riscv-none-elf/lib/libg_nano.a(libc_a-nano-vfprintf_i.o),
by_pc,2147521408,3,32,64,67,3,3,8,18,0,_printf_common,/Users/swchen.tw/git/percepio/poc/.tools/xpack-riscv-none-elf-gcc-15.2.0-1/bin/../lib/gcc/riscv-none-elf/15.2.0/../../../../riscv-none-elf/lib/libg_nano.a(libc_a-nano-vfprintf_i.o),
by_pc,2147521410,3,63,126,129,3,3,24,0,33,_printf_common,/Users/swchen.tw/git/percepio/poc/.tools/xpack-riscv-none-elf-gcc-15.2.0-1/bin/../lib/gcc/riscv-none-elf/15.2.0/../../../../riscv-none-elf/lib/libg_nano.a(libc_a-nano-vfprintf_i.o),
by_pc,2147521412,3,63,126,129,3,3,24,0,33,_printf_common,/Users/swchen.tw/git/percepio/poc/.tools/xpack-riscv-none-elf-gcc-15.2.0-1/bin/../lib/gcc/riscv-none-elf/15.2.0/../../../../riscv-none-elf/lib/libg_nano.a(libc_a-nano-vfprintf_i.o),
by_pc,2147521414,3,63,126,129,3,3,24,0,33,_printf_common,/Users/swchen.tw/git/percepio/poc/.tools/xpack-riscv-none-elf-gcc-15.2.0-1/bin/../lib/gcc/riscv-none-elf/15.2.0/../../../../riscv-none-elf/lib/libg_nano.a(libc_a-nano-vfprintf_i.o),
by_pc,2147521416,3,81,162,165,3,3,24,18,33,_printf_common,/Users/swchen.tw/git/percepio/poc/.tools/xpack-riscv-none-elf-gcc-15.2.0-1/bin/../lib/gcc/riscv-none-elf/15.2.0/../../../../riscv-none-elf/lib/libg_nano.a(libc_a-nano-vfprintf_i.o),
by_pc,2147521418,3,63,126,129,3,3,24,0,33,_printf_common,/Users/swchen.tw/git/percepio/poc/.tools/xpack-riscv-none-elf-gcc-15.2.0-1/bin/../lib/gcc/riscv-none-elf/15.2.0/../../../../riscv-none-elf/lib/libg_nano.a(libc_a-nano-vfprintf_i.o),
by_pc,2147521420,3,63,126,129,3,3,24,0,33,_printf_common,/Users/swchen.tw/git/percepio/poc/.tools/xpack-riscv-none-elf-gcc-15.2.0-1/bin/../lib/gcc/riscv-none-elf/15.2.0/../../../../riscv-none-elf/lib/libg_nano.a(libc_a-nano-vfprintf_i.o),
by_pc,2147521422,3,63,126,129,3,3,24,0,33,_printf_common,/Users/swchen.tw/git/percepio/poc/.tools/xpack-riscv-none-elf-gcc-15.2.0-1/bin/../lib/gcc/riscv-none-elf/15.2.0/../../../../riscv-none-elf/lib/libg_nano.a(libc_a-nano-vfprintf_i.o),
by_pc,2147521424,3,63,126,129,3,3,24,0,33,_printf_common,/Users/swchen.tw/git/percepio/poc/.tools/xpack-riscv-none-elf-gcc-15.2.0-1/bin/../lib/gcc/riscv-none-elf/15.2.0/../../../../riscv-none-elf/lib/libg_nano.a(libc_a-nano-vfprintf_i.o),
by_pc,2147521426,3,3,6,9,3,0,0,0,0,_printf_common,/Users/swchen.tw/git/percepio/poc/.tools/xpack-riscv-none-elf-gcc-15.2.0-1/bin/../lib/gcc/riscv-none-elf/15.2.0/../../../../riscv-none-elf/lib/libg_nano.a(libc_a-nano-vfprintf_i.o),
by_pc,2147521428,3,3,6,9,3,0,0,0,0,_printf_common,/Users/swchen.tw/git/percepio/poc/.tools/xpack-riscv-none-elf-gcc-15.2.0-1/bin/../lib/gcc/riscv-none-elf/15.2.0/../../../../riscv-none-elf/lib/libg_nano.a(libc_a-nano-vfprintf_i.o),
by_pc,2147521430,3,3,6,9,3,0,0,0,0,_printf_common,/Users/swchen.tw/git/percepio/poc/.tools/xpack-riscv-none-elf-gcc-15.2.0-1/bin/../lib/gcc/riscv-none-elf/15.2.0/../../../../riscv-none-elf/lib/libg_nano.a(libc_a-nano-vfprintf_i.o),
by_pc,2147521432,3,3,6,9,3,0,0,0,0,_printf_common,/Users/swchen.tw/git/percepio/poc/.tools/xpack-riscv-none-elf-gcc-15.2.0-1/bin/../lib/gcc/riscv-none-elf/15.2.0/../../../../riscv-none-elf/lib/libg_nano.a(libc_a-nano-vfprintf_i.o),
by_pc,2147521434,3,3,6,9,3,0,0,0,0,_printf_common,/Users/swchen.tw/git/percepio/poc/.tools/xpack-riscv-none-elf-gcc-15.2.0-1/bin/../lib/gcc/riscv-none-elf/15.2.0/../../../../riscv-none-elf/lib/libg_nano.a(libc_a-nano-vfprintf_i.o),
by_pc,2147521440,3,63,126,129,3,3,24,0,33,_printf_common,/Users/swchen.tw/git/percepio/poc/.tools/xpack-riscv-none-elf-gcc-15.2.0-1/bin/../lib/gcc/riscv-none-elf/15.2.0/../../../../riscv-none-elf/lib/libg_nano.a(libc_a-nano-vfprintf_i.o),
by_pc,2147521444,3,6,12,15,3,3,0,0,0,_printf_common,/Users/swchen.tw/git/percepio/poc/.tools/xpack-riscv-none-elf-gcc-15.2.0-1/bin/../lib/gcc/riscv-none-elf/15.2.0/../../../../riscv-none-elf/lib/libg_nano.a(libc_a-nano-vfprintf_i.o),
by_pc,2147521448,3,3,6,9,3,0,0,0,0,_printf_common,/Users/swchen.tw/git/percepio/poc/.tools/xpack-riscv-none-elf-gcc-15.2.0-1/bin/../lib/gcc/riscv-none-elf/15.2.0/../../../../riscv-none-elf/lib/libg_nano.a(libc_a-nano-vfprintf_i.o),
by_pc,2147521456,3,6,12,15,3,3,0,0,0,_printf_common,/Users/swchen.tw/git/percepio/poc/.tools/xpack-riscv-none-elf-gcc-15.2.0-1/bin/../lib/gcc/riscv-none-elf/15.2.0/../../../../riscv-none-elf/lib/libg_nano.a(libc_a-nano-vfprintf_i.o),
by_pc,2147521458,3,3,6,9,3,0,0,0,0,_printf_common,/Users/swchen.tw/git/percepio/poc/.tools/xpack-riscv-none-elf-gcc-15.2.0-1/bin/../lib/gcc/riscv-none-elf/15.2.0/../../../../riscv-none-elf/lib/libg_nano.a(libc_a-nano-vfprintf_i.o),
by_pc,2147521462,3,3,6,9,3,0,0,0,0,_printf_common,/Users/swchen.tw/git/percepio/poc/.tools/xpack-riscv-none-elf-gcc-15.2.0-1/bin/../lib/gcc/riscv-none-elf/15.2.0/../../../../riscv-none-elf/lib/libg_nano.a(libc_a-nano-vfprintf_i.o),
by_pc,2147521474,3,32,64,67,3,3,8,18,0,_printf_common,/Users/swchen.tw/git/percepio/poc/.tools/xpack-riscv-none-elf-gcc-15.2.0-1/bin/../lib/gcc/riscv-none-elf/15.2.0/../../../../riscv-none-elf/lib/libg_nano.a(libc_a-nano-vfprintf_i.o),
by_pc,2147521476,3,3,6,9,3,0,0,0,0,_printf_common,/Users/swchen.tw/git/percepio/poc/.tools/xpack-riscv-none-elf-gcc-15.2.0-1/bin/../lib/gcc/riscv-none-elf/15.2.0/../../../../riscv-none-elf/lib/libg_nano.a(libc_a-nano-vfprintf_i.o),
by_pc,2147521478,3,3,6,9,3,0,0,0,0,_printf_common,/Users/swchen.tw/git/percepio/poc/.tools/xpack-riscv-none-elf-gcc-15.2.0-1/bin/../lib/gcc/riscv-none-elf/15.2.0/../../../../riscv-none-elf/lib/libg_nano.a(libc_a-nano-vfprintf_i.o),
by_pc,2147521480,3,3,6,9,3,0,0,0,0,_printf_common,/Users/swchen.tw/git/percepio/poc/.tools/xpack-riscv-none-elf-gcc-15.2.0-1/bin/../lib/gcc/riscv-none-elf/15.2.0/../../../../riscv-none-elf/lib/libg_nano.a(libc_a-nano-vfprintf_i.o),
by_pc,2147521484,3,3,6,9,3,0,0,0,0,_printf_common,/Users/swchen.tw/git/percepio/poc/.tools/xpack-riscv-none-elf-gcc-15.2.0-1/bin/../lib/gcc/riscv-none-elf/15.2.0/../../../../riscv-none-elf/lib/libg_nano.a(libc_a-nano-vfprintf_i.o),
by_pc,2147521486,3,6,12,15,3,3,0,0,0,_printf_common,/Users/swchen.tw/git/percepio/poc/.tools/xpack-riscv-none-elf-gcc-15.2.0-1/bin/../lib/gcc/riscv-none-elf/15.2.0/../../../../riscv-none-elf/lib/libg_nano.a(libc_a-nano-vfprintf_i.o),
by_pc,2147521488,3,6,12,15,3,3,0,0,0,_printf_common,/Users/swchen.tw/git/percepio/poc/.tools/xpack-riscv-none-elf-gcc-15.2.0-1/bin/../lib/gcc/riscv-none-elf/15.2.0/../../../../riscv-none-elf/lib/libg_nano.a(libc_a-nano-vfprintf_i.o),
by_pc,2147521492,3,3,6,9,3,0,0,0,0,_printf_common,/Users/swchen.tw/git/percepio/poc/.tools/xpack-riscv-none-elf-gcc-15.2.0-1/bin/../lib/gcc/riscv-none-elf/15.2.0/../../../../riscv-none-elf/lib/libg_nano.a(libc_a-nano-vfprintf_i.o),
by_pc,2147521494,3,3,6,9,3,0,0,0,0,_printf_common,/Users/swchen.tw/git/percepio/poc/.tools/xpack-riscv-none-elf-gcc-15.2.0-1/bin/../lib/gcc/riscv-none-elf/15.2.0/../../../../riscv-none-elf/lib/libg_nano.a(libc_a-nano-vfprintf_i.o),
by_pc,2147521498,3,6,12,15,3,3,0,0,0,_printf_common,/Users/swchen.tw/git/percepio/poc/.tools/xpack-riscv-none-elf-gcc-15.2.0-1/bin/../lib/gcc/riscv-none-elf/15.2.0/../../../../riscv-none-elf/lib/libg_nano.a(libc_a-nano-vfprintf_i.o),
by_pc,2147521500,3,6,12,15,3,3,0,0,0,_printf_common,/Users/swchen.tw/git/percepio/poc/.tools/xpack-riscv-none-elf-gcc-15.2.0-1/bin/../lib/gcc/riscv-none-elf/15.2.0/../../../../riscv-none-elf/lib/libg_nano.a(libc_a-nano-vfprintf_i.o),
by_pc,2147521504,3,3,6,9,3,0,0,0,0,_printf_common,/Users/swchen.tw/git/percepio/poc/.tools/xpack-riscv-none-elf-gcc-15.2.0-1/bin/../lib/gcc/riscv-none-elf/15.2.0/../../../../riscv-none-elf/lib/libg_nano.a(libc_a-nano-vfprintf_i.o),
by_pc,2147521508,3,3,6,9,3,0,0,0,0,_printf_common,/Users/swchen.tw/git/percepio/poc/.tools/xpack-riscv-none-elf-gcc-15.2.0-1/bin/../lib/gcc/riscv-none-elf/15.2.0/../../../../riscv-none-elf/lib/libg_nano.a(libc_a-nano-vfprintf_i.o),
by_pc,2147521512,3,3,6,9,3,0,0,0,0,_printf_common,/Users/swchen.tw/git/percepio/poc/.tools/xpack-riscv-none-elf-gcc-15.2.0-1/bin/../lib/gcc/riscv-none-elf/15.2.0/../../../../riscv-none-elf/lib/libg_nano.a(libc_a-nano-vfprintf_i.o),
by_pc,2147521514,3,3,6,9,3,0,0,0,0,_printf_common,/Users/swchen.tw/git/percepio/poc/.tools/xpack-riscv-none-elf-gcc-15.2.0-1/bin/../lib/gcc/riscv-none-elf/15.2.0/../../../../riscv-none-elf/lib/libg_nano.a(libc_a-nano-vfprintf_i.o),
by_pc,2147521518,3,3,6,9,3,0,0,0,0,_printf_common,/Users/swchen.tw/git/percepio/poc/.tools/xpack-riscv-none-elf-gcc-15.2.0-1/bin/../lib/gcc/riscv-none-elf/15.2.0/../../../../riscv-none-elf/lib/libg_nano.a(libc_a-nano-vfprintf_i.o),
by_pc,2147521520,3,3,6,9,3,0,0,0,0,_printf_common,/Users/swchen.tw/git/percepio/poc/.tools/xpack-riscv-none-elf-gcc-15.2.0-1/bin/../lib/gcc/riscv-none-elf/15.2.0/../../../../riscv-none-elf/lib/libg_nano.a(libc_a-nano-vfprintf_i.o),
by_pc,2147521522,3,3,6,9,3,0,0,0,0,_printf_common,/Users/swchen.tw/git/percepio/poc/.tools/xpack-riscv-none-elf-gcc-15.2.0-1/bin/../lib/gcc/riscv-none-elf/15.2.0/../../../../riscv-none-elf/lib/libg_nano.a(libc_a-nano-vfprintf_i.o),
by_pc,2147521524,3,3,6,9,3,0,0,0,0,_printf_common,/Users/swchen.tw/git/percepio/poc/.tools/xpack-riscv-none-elf-gcc-15.2.0-1/bin/../lib/gcc/riscv-none-elf/15.2.0/../../../../riscv-none-elf/lib/libg_nano.a(libc_a-nano-vfprintf_i.o),
by_pc,2147521526,3,3,6,9,3,0,0,0,0,_printf_common,/Users/swchen.tw/git/percepio/poc/.tools/xpack-riscv-none-elf-gcc-15.2.0-1/bin/../lib/gcc/riscv-none-elf/15.2.0/../../../../riscv-none-elf/lib/libg_nano.a(libc_a-nano-vfprintf_i.o),
by_pc,2147521530,3,6,12,15,3,3,0,0,0,_printf_common,/Users/swchen.tw/git/percepio/poc/.tools/xpack-riscv-none-elf-gcc-15.2.0-1/bin/../lib/gcc/riscv-none-elf/15.2.0/../../../../riscv-none-elf/lib/libg_nano.a(libc_a-nano-vfprintf_i.o),
by_pc,2147521532,3,3,6,9,3,0,0,0,0,_printf_common,/Users/swchen.tw/git/percepio/poc/.tools/xpack-riscv-none-elf-gcc-15.2.0-1/bin/../lib/gcc/riscv-none-elf/15.2.0/../../../../riscv-none-elf/lib/libg_nano.a(libc_a-nano-vfprintf_i.o),
by_pc,2147521534,3,3,6,9,3,0,0,0,0,_printf_common,/Users/swchen.tw/git/percepio/poc/.tools/xpack-riscv-none-elf-gcc-15.2.0-1/bin/../lib/gcc/riscv-none-elf/15.2.0/../../../../riscv-none-elf/lib/libg_nano.a(libc_a-nano-vfprintf_i.o),
by_pc,2147521536,3,29,58,61,3,0,8,18,0,_printf_common,/Users/swchen.tw/git/percepio/poc/.tools/xpack-riscv-none-elf-gcc-15.2.0-1/bin/../lib/gcc/riscv-none-elf/15.2.0/../../../../riscv-none-elf/lib/libg_nano.a(libc_a-nano-vfprintf_i.o),
by_pc,2147521538,3,3,6,9,3,0,0,0,0,_printf_common,/Users/swchen.tw/git/percepio/poc/.tools/xpack-riscv-none-elf-gcc-15.2.0-1/bin/../lib/gcc/riscv-none-elf/15.2.0/../../../../riscv-none-elf/lib/libg_nano.a(libc_a-nano-vfprintf_i.o),
by_pc,2147521558,3,6,12,15,3,3,0,0,0,_printf_common,/Users/swchen.tw/git/percepio/poc/.tools/xpack-riscv-none-elf-gcc-15.2.0-1/bin/../lib/gcc/riscv-none-elf/15.2.0/../../../../riscv-none-elf/lib/libg_nano.a(libc_a-nano-vfprintf_i.o),
by_pc,2147521560,3,6,12,15,3,3,0,0,0,_printf_common,/Users/swchen.tw/git/percepio/poc/.tools/xpack-riscv-none-elf-gcc-15.2.0-1/bin/../lib/gcc/riscv-none-elf/15.2.0/../../../../riscv-none-elf/lib/libg_nano.a(libc_a-nano-vfprintf_i.o),
by_pc,2147521562,3,3,6,9,3,0,0,0,0,_printf_common,/Users/swchen.tw/git/percepio/poc/.tools/xpack-riscv-none-elf-gcc-15.2.0-1/bin/../lib/gcc/riscv-none-elf/15.2.0/../../../../riscv-none-elf/lib/libg_nano.a(libc_a-nano-vfprintf_i.o),
by_pc,2147521570,3,3,6,9,3,0,0,0,0,_printf_common,/Users/swchen.tw/git/percepio/poc/.tools/xpack-riscv-none-elf-gcc-15.2.0-1/bin/../lib/gcc/riscv-none-elf/15.2.0/../../../../riscv-none-elf/lib/libg_nano.a(libc_a-nano-vfprintf_i.o),
by_pc,2147521572,3,3,6,9,3,0,0,0,0,_printf_common,/Users/swchen.tw/git/percepio/poc/.tools/xpack-riscv-none-elf-gcc-15.2.0-1/bin/../lib/gcc/riscv-none-elf/15.2.0/../../../../riscv-none-elf/lib/libg_nano.a(libc_a-nano-vfprintf_i.o),
by_pc,2147521574,3,3,6,9,3,0,0,0,0,_printf_common,/Users/swchen.tw/git/percepio/poc/.tools/xpack-riscv-none-elf-gcc-15.2.0-1/bin/../lib/gcc/riscv-none-elf/15.2.0/../../../../riscv-none-elf/lib/libg_nano.a(libc_a-nano-vfprintf_i.o),
by_pc,2147521576,3,3,6,9,3,0,0,0,0,_printf_common,/Users/swchen.tw/git/percepio/poc/.tools/xpack-riscv-none-elf-gcc-15.2.0-1/bin/../lib/gcc/riscv-none-elf/15.2.0/../../../../riscv-none-elf/lib/libg_nano.a(libc_a-nano-vfprintf_i.o),
by_pc,2147521580,3,3,6,9,3,0,0,0,0,_printf_common,/Users/swchen.tw/git/percepio/poc/.tools/xpack-riscv-none-elf-gcc-15.2.0-1/bin/../lib/gcc/riscv-none-elf/15.2.0/../../../../riscv-none-elf/lib/libg_nano.a(libc_a-nano-vfprintf_i.o),
by_pc,2147521582,3,3,6,9,3,0,0,0,0,_printf_common,/Users/swchen.tw/git/percepio/poc/.tools/xpack-riscv-none-elf-gcc-15.2.0-1/bin/../lib/gcc/riscv-none-elf/15.2.0/../../../../riscv-none-elf/lib/libg_nano.a(libc_a-nano-vfprintf_i.o),
by_pc,2147521600,3,32,64,67,3,3,8,18,0,_printf_common,/Users/swchen.tw/git/percepio/poc/.tools/xpack-riscv-none-elf-gcc-15.2.0-1/bin/../lib/gcc/riscv-none-elf/15.2.0/../../../../riscv-none-elf/lib/libg_nano.a(libc_a-nano-vfprintf_i.o),
by_pc,2147521602,3,6,12,15,3,3,0,0,0,_printf_common,/Users/swchen.tw/git/percepio/poc/.tools/xpack-riscv-none-elf-gcc-15.2.0-1/bin/../lib/gcc/riscv-none-elf/15.2.0/../../../../riscv-none-elf/lib/libg_nano.a(libc_a-nano-vfprintf_i.o),
by_pc,2147521604,3,6,12,15,3,3,0,0,0,_printf_common,/Users/swchen.tw/git/percepio/poc/.tools/xpack-riscv-none-elf-gcc-15.2.0-1/bin/../lib/gcc/riscv-none-elf/15.2.0/../../../../riscv-none-elf/lib/libg_nano.a(libc_a-nano-vfprintf_i.o),
by_pc,2147521606,3,6,12,15,3,3,0,0,0,_printf_common,/Users/swchen.tw/git/percepio/poc/.tools/xpack-riscv-none-elf-gcc-15.2.0-1/bin/../lib/gcc/riscv-none-elf/15.2.0/../../../../riscv-none-elf/lib/libg_nano.a(libc_a-nano-vfprintf_i.o),
by_pc,2147521608,3,6,12,15,3,3,0,0,0,_printf_common,/Users/swchen.tw/git/percepio/poc/.tools/xpack-riscv-none-elf-gcc-15.2.0-1/bin/../lib/gcc/riscv-none-elf/15.2.0/../../../../riscv-none-elf/lib/libg_nano.a(libc_a-nano-vfprintf_i.o),
by_pc,2147521610,3,6,12,15,3,3,0,0,0,_printf_common,/Users/swchen.tw/git/percepio/poc/.tools/xpack-riscv-none-elf-gcc-15.2.0-1/bin/../lib/gcc/riscv-none-elf/15.2.0/../../../../riscv-none-elf/lib/libg_nano.a(libc_a-nano-vfprintf_i.o),
by_pc,2147521612,3,6,12,15,3,3,0,0,0,_printf_common,/Users/swchen.tw/git/percepio/poc/.tools/xpack-riscv-none-elf-gcc-15.2.0-1/bin/../lib/gcc/riscv-none-elf/15.2.0/../../../../riscv-none-elf/lib/libg_nano.a(libc_a-nano-vfprintf_i.o),
by_pc,2147521614,3,6,12,15,3,3,0,0,0,_printf_common,/Users/swchen.tw/git/percepio/poc/.tools/xpack-riscv-none-elf-gcc-15.2.0-1/bin/../lib/gcc/riscv-none-elf/15.2.0/../../../../riscv-none-elf/lib/libg_nano.a(libc_a-nano-vfprintf_i.o),
by_pc,2147521616,3,6,12,15,3,3,0,0,0,_printf_common,/Users/swchen.tw/git/percepio/poc/.tools/xpack-riscv-none-elf-gcc-15.2.0-1/bin/../lib/gcc/riscv-none-elf/15.2.0/../../../../riscv-none-elf/lib/libg_nano.a(libc_a-nano-vfprintf_i.o),
by_pc,2147521618,3,3,6,9,3,0,0,0,0,_printf_common,/Users/swchen.tw/git/percepio/poc/.tools/xpack-riscv-none-elf-gcc-15.2.0-1/bin/../lib/gcc/riscv-none-elf/15.2.0/../../../../riscv-none-elf/lib/libg_nano.a(libc_a-nano-vfprintf_i.o),
by_pc,2147521620,3,3,6,9,3,0,0,0,0,_printf_common,/Users/swchen.tw/git/percepio/poc/.tools/xpack-riscv-none-elf-gcc-15.2.0-1/bin/../lib/gcc/riscv-none-elf/15.2.0/../../../../riscv-none-elf/lib/libg_nano.a(libc_a-nano-vfprintf_i.o),
by_pc,2147522014,3,3,6,9,3,0,0,0,0,_printf_i,/Users/swchen.tw/git/percepio/poc/.tools/xpack-riscv-none-elf-gcc-15.2.0-1/bin/../lib/gcc/riscv-none-elf/15.2.0/../../../../riscv-none-elf/lib/libg_nano.a(libc_a-nano-vfprintf_i.o),
by_pc,2147522016,3,3,6,9,3,0,0,0,0,_printf_i,/Users/swchen.tw/git/percepio/poc/.tools/xpack-riscv-none-elf-gcc-15.2.0-1/bin/../lib/gcc/riscv-none-elf/15.2.0/../../../../riscv-none-elf/lib/libg_nano.a(libc_a-nano-vfprintf_i.o),
by_pc,2147522220,3,6,12,15,3,3,0,0,0,_printf_i,/Users/swchen.tw/git/percepio/poc/.tools/xpack-riscv-none-elf-gcc-15.2.0-1/bin/../lib/gcc/riscv-none-elf/15.2.0/../../../../riscv-none-elf/lib/libg_nano.a(libc_a-nano-vfprintf_i.o),
by_pc,2147522222,3,3,6,9,3,0,0,0,0,_printf_i,/Users/swchen.tw/git/percepio/poc/.tools/xpack-riscv-none-elf-gcc-15.2.0-1/bin/../lib/gcc/riscv-none-elf/15.2.0/../../../../riscv-none-elf/lib/libg_nano.a(libc_a-nano-vfprintf_i.o),
by_pc,2147522224,3,3,6,9,3,0,0,0,0,_printf_i,/Users/swchen.tw/git/percepio/poc/.tools/xpack-riscv-none-elf-gcc-15.2.0-1/bin/../lib/gcc/riscv-none-elf/15.2.0/../../../../riscv-none-elf/lib/libg_nano.a(libc_a-nano-vfprintf_i.o),
by_pc,2147522226,3,3,6,9,3,0,0,0,0,_printf_i,/Users/swchen.tw/git/percepio/poc/.tools/xpack-riscv-none-elf-gcc-15.2.0-1/bin/../lib/gcc/riscv-none-elf/15.2.0/../../../../riscv-none-elf/lib/libg_nano.a(libc_a-nano-vfprintf_i.o),
by_pc,2147522228,3,3,6,9,3,0,0,0,0,_printf_i,/Users/swchen.tw/git/percepio/poc/.tools/xpack-riscv-none-elf-gcc-15.2.0-1/bin/../lib/gcc/riscv-none-elf/15.2.0/../../../../riscv-none-elf/lib/libg_nano.a(libc_a-nano-vfprintf_i.o),
by_pc,2147522230,3,3,6,9,3,0,0,0,0,_printf_i,/Users/swchen.tw/git/percepio/poc/.tools/xpack-riscv-none-elf-gcc-15.2.0-1/bin/../lib/gcc/riscv-none-elf/15.2.0/../../../../riscv-none-elf/lib/libg_nano.a(libc_a-nano-vfprintf_i.o),
by_pc,2147522234,3,6,12,15,3,3,0,0,0,_printf_i,/Users/swchen.tw/git/percepio/poc/.tools/xpack-riscv-none-elf-gcc-15.2.0-1/bin/../lib/gcc/riscv-none-elf/15.2.0/../../../../riscv-none-elf/lib/libg_nano.a(libc_a-nano-vfprintf_i.o),
by_pc,2147522236,3,3,6,9,3,0,0,0,0,_printf_i,/Users/swchen.tw/git/percepio/poc/.tools/xpack-riscv-none-elf-gcc-15.2.0-1/bin/../lib/gcc/riscv-none-elf/15.2.0/../../../../riscv-none-elf/lib/libg_nano.a(libc_a-nano-vfprintf_i.o),
by_pc,2147522238,3,3,6,9,3,0,0,0,0,_printf_i,/Users/swchen.tw/git/percepio/poc/.tools/xpack-riscv-none-elf-gcc-15.2.0-1/bin/../lib/gcc/riscv-none-elf/15.2.0/../../../../riscv-none-elf/lib/libg_nano.a(libc_a-nano-vfprintf_i.o),
by_pc,2147522240,3,32,64,67,3,3,8,18,0,_printf_i,/Users/swchen.tw/git/percepio/poc/.tools/xpack-riscv-none-elf-gcc-15.2.0-1/bin/../lib/gcc/riscv-none-elf/15.2.0/../../../../riscv-none-elf/lib/libg_nano.a(libc_a-nano-vfprintf_i.o),
by_pc,2147522242,3,6,12,15,3,3,0,0,0,_printf_i,/Users/swchen.tw/git/percepio/poc/.tools/xpack-riscv-none-elf-gcc-15.2.0-1/bin/../lib/gcc/riscv-none-elf/15.2.0/../../../../riscv-none-elf/lib/libg_nano.a(libc_a-nano-vfprintf_i.o),
by_pc,2147522244,3,3,6,9,3,0,0,0,0,_printf_i,/Users/swchen.tw/git/percepio/poc/.tools/xpack-riscv-none-elf-gcc-15.2.0-1/bin/../lib/gcc/riscv-none-elf/15.2.0/../../../../riscv-none-elf/lib/libg_nano.a(libc_a-nano-vfprintf_i.o),
by_pc,2147522248,3,3,6,9,3,0,0,0,0,_printf_i,/Users/swchen.tw/git/percepio/poc/.tools/xpack-riscv-none-elf-gcc-15.2.0-1/bin/../lib/gcc/riscv-none-elf/15.2.0/../../../../riscv-none-elf/lib/libg_nano.a(libc_a-nano-vfprintf_i.o),
by_pc,2147522250,3,3,6,9,3,0,0,0,0,_printf_i,/Users/swchen.tw/git/percepio/poc/.tools/xpack-riscv-none-elf-gcc-15.2.0-1/bin/../lib/gcc/riscv-none-elf/15.2.0/../../../../riscv-none-elf/lib/libg_nano.a(libc_a-nano-vfprintf_i.o),
by_pc,2147522022,3,6,12,15,3,3,0,0,0,_printf_i,/Users/swchen.tw/git/percepio/poc/.tools/xpack-riscv-none-elf-gcc-15.2.0-1/bin/../lib/gcc/riscv-none-elf/15.2.0/../../../../riscv-none-elf/lib/libg_nano.a(libc_a-nano-vfprintf_i.o),
by_pc,2147522024,3,6,12,15,3,3,0,0,0,_printf_i,/Users/swchen.tw/git/percepio/poc/.tools/xpack-riscv-none-elf-gcc-15.2.0-1/bin/../lib/gcc/riscv-none-elf/15.2.0/../../../../riscv-none-elf/lib/libg_nano.a(libc_a-nano-vfprintf_i.o),
by_pc,2147522026,3,6,12,15,3,3,0,0,0,_printf_i,/Users/swchen.tw/git/percepio/poc/.tools/xpack-riscv-none-elf-gcc-15.2.0-1/bin/../lib/gcc/riscv-none-elf/15.2.0/../../../../riscv-none-elf/lib/libg_nano.a(libc_a-nano-vfprintf_i.o),
by_pc,2147522028,3,6,12,15,3,3,0,0,0,_printf_i,/Users/swchen.tw/git/percepio/poc/.tools/xpack-riscv-none-elf-gcc-15.2.0-1/bin/../lib/gcc/riscv-none-elf/15.2.0/../../../../riscv-none-elf/lib/libg_nano.a(libc_a-nano-vfprintf_i.o),
by_pc,2147522030,3,6,12,15,3,3,0,0,0,_printf_i,/Users/swchen.tw/git/percepio/poc/.tools/xpack-riscv-none-elf-gcc-15.2.0-1/bin/../lib/gcc/riscv-none-elf/15.2.0/../../../../riscv-none-elf/lib/libg_nano.a(libc_a-nano-vfprintf_i.o),
by_pc,2147522032,3,6,12,15,3,3,0,0,0,_printf_i,/Users/swchen.tw/git/percepio/poc/.tools/xpack-riscv-none-elf-gcc-15.2.0-1/bin/../lib/gcc/riscv-none-elf/15.2.0/../../../../riscv-none-elf/lib/libg_nano.a(libc_a-nano-vfprintf_i.o),
by_pc,2147522034,3,6,12,15,3,3,0,0,0,_printf_i,/Users/swchen.tw/git/percepio/poc/.tools/xpack-riscv-none-elf-gcc-15.2.0-1/bin/../lib/gcc/riscv-none-elf/15.2.0/../../../../riscv-none-elf/lib/libg_nano.a(libc_a-nano-vfprintf_i.o),
by_pc,2147522036,3,3,6,9,3,0,0,0,0,_printf_i,/Users/swchen.tw/git/percepio/poc/.tools/xpack-riscv-none-elf-gcc-15.2.0-1/bin/../lib/gcc/riscv-none-elf/15.2.0/../../../../riscv-none-elf/lib/libg_nano.a(libc_a-nano-vfprintf_i.o),
by_pc,2147522038,3,3,6,9,3,0,0,0,0,_printf_i,/Users/swchen.tw/git/percepio/poc/.tools/xpack-riscv-none-elf-gcc-15.2.0-1/bin/../lib/gcc/riscv-none-elf/15.2.0/../../../../riscv-none-elf/lib/libg_nano.a(libc_a-nano-vfprintf_i.o),
by_pc,2147521036,3,3,6,9,3,0,0,0,0,_svfiprintf_r,/Users/swchen.tw/git/percepio/poc/.tools/xpack-riscv-none-elf-gcc-15.2.0-1/bin/../lib/gcc/riscv-none-elf/15.2.0/../../../../riscv-none-elf/lib/libg_nano.a(libc_a-nano-svfprintf.o),
by_pc,2147520996,3,3,6,9,3,0,0,0,0,_svfiprintf_r,/Users/swchen.tw/git/percepio/poc/.tools/xpack-riscv-none-elf-gcc-15.2.0-1/bin/../lib/gcc/riscv-none-elf/15.2.0/../../../../riscv-none-elf/lib/libg_nano.a(libc_a-nano-svfprintf.o),
by_pc,2147520998,3,3,6,9,3,0,0,0,0,_svfiprintf_r,/Users/swchen.tw/git/percepio/poc/.tools/xpack-riscv-none-elf-gcc-15.2.0-1/bin/../lib/gcc/riscv-none-elf/15.2.0/../../../../riscv-none-elf/lib/libg_nano.a(libc_a-nano-svfprintf.o),
by_pc,2147520940,3,6,12,15,3,3,0,0,0,_svfiprintf_r,/Users/swchen.tw/git/percepio/poc/.tools/xpack-riscv-none-elf-gcc-15.2.0-1/bin/../lib/gcc/riscv-none-elf/15.2.0/../../../../riscv-none-elf/lib/libg_nano.a(libc_a-nano-svfprintf.o),
by_pc,2147520942,3,3,6,9,3,0,0,0,0,_svfiprintf_r,/Users/swchen.tw/git/percepio/poc/.tools/xpack-riscv-none-elf-gcc-15.2.0-1/bin/../lib/gcc/riscv-none-elf/15.2.0/../../../../riscv-none-elf/lib/libg_nano.a(libc_a-nano-svfprintf.o),
by_pc,2147520946,3,3,6,9,3,0,0,0,0,_svfiprintf_r,/Users/swchen.tw/git/percepio/poc/.tools/xpack-riscv-none-elf-gcc-15.2.0-1/bin/../lib/gcc/riscv-none-elf/15.2.0/../../../../riscv-none-elf/lib/libg_nano.a(libc_a-nano-svfprintf.o),
by_pc,2147520948,3,63,126,129,3,3,24,0,33,_svfiprintf_r,/Users/swchen.tw/git/percepio/poc/.tools/xpack-riscv-none-elf-gcc-15.2.0-1/bin/../lib/gcc/riscv-none-elf/15.2.0/../../../../riscv-none-elf/lib/libg_nano.a(libc_a-nano-svfprintf.o),
by_pc,2147520950,3,3,6,9,3,0,0,0,0,_svfiprintf_r,/Users/swchen.tw/git/percepio/poc/.tools/xpack-riscv-none-elf-gcc-15.2.0-1/bin/../lib/gcc/riscv-none-elf/15.2.0/../../../../riscv-none-elf/lib/libg_nano.a(libc_a-nano-svfprintf.o),
by_pc,2147521722,1,1,2,3,1,0,0,0,0,_printf_i,/Users/swchen.tw/git/percepio/poc/.tools/xpack-riscv-none-elf-gcc-15.2.0-1/bin/../lib/gcc/riscv-none-elf/15.2.0/../../../../riscv-none-elf/lib/libg_nano.a(libc_a-nano-vfprintf_i.o),
by_pc,2147521726,1,2,4,5,2,0,0,0,0,_printf_i,/Users/swchen.tw/git/percepio/poc/.tools/xpack-riscv-none-elf-gcc-15.2.0-1/bin/../lib/gcc/riscv-none-elf/15.2.0/../../../../riscv-none-elf/lib/libg_nano.a(libc_a-nano-vfprintf_i.o),
by_pc,2147521730,1,1,2,3,1,0,0,0,0,_printf_i,/Users/swchen.tw/git/percepio/poc/.tools/xpack-riscv-none-elf-gcc-15.2.0-1/bin/../lib/gcc/riscv-none-elf/15.2.0/../../../../riscv-none-elf/lib/libg_nano.a(libc_a-nano-vfprintf_i.o),
by_pc,2147521734,1,1,2,3,1,0,0,0,0,_printf_i,/Users/swchen.tw/git/percepio/poc/.tools/xpack-riscv-none-elf-gcc-15.2.0-1/bin/../lib/gcc/riscv-none-elf/15.2.0/../../../../riscv-none-elf/lib/libg_nano.a(libc_a-nano-vfprintf_i.o),
by_pc,2147521738,1,1,2,3,1,0,0,0,0,_printf_i,/Users/swchen.tw/git/percepio/poc/.tools/xpack-riscv-none-elf-gcc-15.2.0-1/bin/../lib/gcc/riscv-none-elf/15.2.0/../../../../riscv-none-elf/lib/libg_nano.a(libc_a-nano-vfprintf_i.o),
by_pc,2147521742,1,1,2,3,1,0,0,0,0,_printf_i,/Users/swchen.tw/git/percepio/poc/.tools/xpack-riscv-none-elf-gcc-15.2.0-1/bin/../lib/gcc/riscv-none-elf/15.2.0/../../../../riscv-none-elf/lib/libg_nano.a(libc_a-nano-vfprintf_i.o),
by_pc,2147521746,1,1,2,3,1,0,0,0,0,_printf_i,/Users/swchen.tw/git/percepio/poc/.tools/xpack-riscv-none-elf-gcc-15.2.0-1/bin/../lib/gcc/riscv-none-elf/15.2.0/../../../../riscv-none-elf/lib/libg_nano.a(libc_a-nano-vfprintf_i.o),
by_pc,2147521794,1,47,94,95,1,1,16,18,11,_printf_i,/Users/swchen.tw/git/percepio/poc/.tools/xpack-riscv-none-elf-gcc-15.2.0-1/bin/../lib/gcc/riscv-none-elf/15.2.0/../../../../riscv-none-elf/lib/libg_nano.a(libc_a-nano-vfprintf_i.o),
by_pc,2147521798,1,1,2,3,1,0,0,0,0,_printf_i,/Users/swchen.tw/git/percepio/poc/.tools/xpack-riscv-none-elf-gcc-15.2.0-1/bin/../lib/gcc/riscv-none-elf/15.2.0/../../../../riscv-none-elf/lib/libg_nano.a(libc_a-nano-vfprintf_i.o),
by_pc,2147521800,1,1,2,3,1,0,0,0,0,_printf_i,/Users/swchen.tw/git/percepio/poc/.tools/xpack-riscv-none-elf-gcc-15.2.0-1/bin/../lib/gcc/riscv-none-elf/15.2.0/../../../../riscv-none-elf/lib/libg_nano.a(libc_a-nano-vfprintf_i.o),
by_pc,2147521002,1,2,4,5,1,1,0,0,0,_svfiprintf_r,/Users/swchen.tw/git/percepio/poc/.tools/xpack-riscv-none-elf-gcc-15.2.0-1/bin/../lib/gcc/riscv-none-elf/15.2.0/../../../../riscv-none-elf/lib/libg_nano.a(libc_a-nano-svfprintf.o),
by_pc,2147521006,1,1,2,3,1,0,0,0,0,_svfiprintf_r,/Users/swchen.tw/git/percepio/poc/.tools/xpack-riscv-none-elf-gcc-15.2.0-1/bin/../lib/gcc/riscv-none-elf/15.2.0/../../../../riscv-none-elf/lib/libg_nano.a(libc_a-nano-svfprintf.o),
by_pc,2147521010,1,1,2,3,1,0,0,0,0,_svfiprintf_r,/Users/swchen.tw/git/percepio/poc/.tools/xpack-riscv-none-elf-gcc-15.2.0-1/bin/../lib/gcc/riscv-none-elf/15.2.0/../../../../riscv-none-elf/lib/libg_nano.a(libc_a-nano-svfprintf.o),
by_pc,2147521014,1,2,4,5,1,1,0,0,0,_svfiprintf_r,/Users/swchen.tw/git/percepio/poc/.tools/xpack-riscv-none-elf-gcc-15.2.0-1/bin/../lib/gcc/riscv-none-elf/15.2.0/../../../../riscv-none-elf/lib/libg_nano.a(libc_a-nano-svfprintf.o),
by_pc,2147521016,1,1,2,3,1,0,0,0,0,_svfiprintf_r,/Users/swchen.tw/git/percepio/poc/.tools/xpack-riscv-none-elf-gcc-15.2.0-1/bin/../lib/gcc/riscv-none-elf/15.2.0/../../../../riscv-none-elf/lib/libg_nano.a(libc_a-nano-svfprintf.o),
by_pc,2147520486,1,2,4,5,1,1,0,0,0,_svfiprintf_r,/Users/swchen.tw/git/percepio/poc/.tools/xpack-riscv-none-elf-gcc-15.2.0-1/bin/../lib/gcc/riscv-none-elf/15.2.0/../../../../riscv-none-elf/lib/libg_nano.a(libc_a-nano-svfprintf.o),
by_pc,2147520488,1,2,4,5,1,1,0,0,0,_svfiprintf_r,/Users/swchen.tw/git/percepio/poc/.tools/xpack-riscv-none-elf-gcc-15.2.0-1/bin/../lib/gcc/riscv-none-elf/15.2.0/../../../../riscv-none-elf/lib/libg_nano.a(libc_a-nano-svfprintf.o),
by_pc,2147520490,1,2,4,5,1,1,0,0,0,_svfiprintf_r,/Users/swchen.tw/git/percepio/poc/.tools/xpack-riscv-none-elf-gcc-15.2.0-1/bin/../lib/gcc/riscv-none-elf/15.2.0/../../../../riscv-none-elf/lib/libg_nano.a(libc_a-nano-svfprintf.o),
by_pc,2147520492,1,2,4,5,1,1,0,0,0,_svfiprintf_r,/Users/swchen.tw/git/percepio/poc/.tools/xpack-riscv-none-elf-gcc-15.2.0-1/bin/../lib/gcc/riscv-none-elf/15.2.0/../../../../riscv-none-elf/lib/libg_nano.a(libc_a-nano-svfprintf.o),
by_pc,2147520494,1,2,4,5,1,1,0,0,0,_svfiprintf_r,/Users/swchen.tw/git/percepio/poc/.tools/xpack-riscv-none-elf-gcc-15.2.0-1/bin/../lib/gcc/riscv-none-elf/15.2.0/../../../../riscv-none-elf/lib/libg_nano.a(libc_a-nano-svfprintf.o),
by_pc,2147520496,1,2,4,5,1,1,0,0,0,_svfiprintf_r,/Users/swchen.tw/git/percepio/poc/.tools/xpack-riscv-none-elf-gcc-15.2.0-1/bin/../lib/gcc/riscv-none-elf/15.2.0/../../../../riscv-none-elf/lib/libg_nano.a(libc_a-nano-svfprintf.o),
by_pc,2147520498,1,2,4,5,1,1,0,0,0,_svfiprintf_r,/Users/swchen.tw/git/percepio/poc/.tools/xpack-riscv-none-elf-gcc-15.2.0-1/bin/../lib/gcc/riscv-none-elf/15.2.0/../../../../riscv-none-elf/lib/libg_nano.a(libc_a-nano-svfprintf.o),
by_pc,2147520500,1,2,4,5,1,1,0,0,0,_svfiprintf_r,/Users/swchen.tw/git/percepio/poc/.tools/xpack-riscv-none-elf-gcc-15.2.0-1/bin/../lib/gcc/riscv-none-elf/15.2.0/../../../../riscv-none-elf/lib/libg_nano.a(libc_a-nano-svfprintf.o),
by_pc,2147520502,1,2,4,5,1,1,0,0,0,_svfiprintf_r,/Users/swchen.tw/git/percepio/poc/.tools/xpack-riscv-none-elf-gcc-15.2.0-1/bin/../lib/gcc/riscv-none-elf/15.2.0/../../../../riscv-none-elf/lib/libg_nano.a(libc_a-nano-svfprintf.o),
by_pc,2147520504,1,2,4,5,1,1,0,0,0,_svfiprintf_r,/Users/swchen.tw/git/percepio/poc/.tools/xpack-riscv-none-elf-gcc-15.2.0-1/bin/../lib/gcc/riscv-none-elf/15.2.0/../../../../riscv-none-elf/lib/libg_nano.a(libc_a-nano-svfprintf.o),
by_pc,2147520506,1,1,2,3,1,0,0,0,0,_svfiprintf_r,/Users/swchen.tw/git/percepio/poc/.tools/xpack-riscv-none-elf-gcc-15.2.0-1/bin/../lib/gcc/riscv-none-elf/15.2.0/../../../../riscv-none-elf/lib/libg_nano.a(libc_a-nano-svfprintf.o),
by_pc,2147520508,1,1,2,3,1,0,0,0,0,_svfiprintf_r,/Users/swchen.tw/git/percepio/poc/.tools/xpack-riscv-none-elf-gcc-15.2.0-1/bin/../lib/gcc/riscv-none-elf/15.2.0/../../../../riscv-none-elf/lib/libg_nano.a(libc_a-nano-svfprintf.o),
by_pc,2147519890,1,1,2,3,1,0,0,0,0,sniprintf,/Users/swchen.tw/git/percepio/poc/.tools/xpack-riscv-none-elf-gcc-15.2.0-1/bin/../lib/gcc/riscv-none-elf/15.2.0/../../../../riscv-none-elf/lib/libg_nano.a(libc_a-snprintf.o),
by_pc,2147519892,1,1,2,3,1,0,0,0,0,sniprintf,/Users/swchen.tw/git/percepio/poc/.tools/xpack-riscv-none-elf-gcc-15.2.0-1/bin/../lib/gcc/riscv-none-elf/15.2.0/../../../../riscv-none-elf/lib/libg_nano.a(libc_a-snprintf.o),
by_pc,2147519902,1,1,2,3,1,0,0,0,0,sniprintf,/Users/swchen.tw/git/percepio/poc/.tools/xpack-riscv-none-elf-gcc-15.2.0-1/bin/../lib/gcc/riscv-none-elf/15.2.0/../../../../riscv-none-elf/lib/libg_nano.a(libc_a-snprintf.o),
by_pc,2147519904,1,2,4,5,1,1,0,0,0,sniprintf,/Users/swchen.tw/git/percepio/poc/.tools/xpack-riscv-none-elf-gcc-15.2.0-1/bin/../lib/gcc/riscv-none-elf/15.2.0/../../../../riscv-none-elf/lib/libg_nano.a(libc_a-snprintf.o),
by_pc,2147519906,1,21,42,43,1,1,8,0,11,sniprintf,/Users/swchen.tw/git/percepio/poc/.tools/xpack-riscv-none-elf-gcc-15.2.0-1/bin/../lib/gcc/riscv-none-elf/15.2.0/../../../../riscv-none-elf/lib/libg_nano.a(libc_a-snprintf.o),
by_pc,2147519910,1,1,2,3,1,0,0,0,0,sniprintf,/Users/swchen.tw/git/percepio/poc/.tools/xpack-riscv-none-elf-gcc-15.2.0-1/bin/../lib/gcc/riscv-none-elf/15.2.0/../../../../riscv-none-elf/lib/libg_nano.a(libc_a-snprintf.o),
by_pc,2147519842,1,2,4,5,1,1,0,0,0,sniprintf,/Users/swchen.tw/git/percepio/poc/.tools/xpack-riscv-none-elf-gcc-15.2.0-1/bin/../lib/gcc/riscv-none-elf/15.2.0/../../../../riscv-none-elf/lib/libg_nano.a(libc_a-snprintf.o),
by_pc,2147519844,1,2,4,5,1,1,0,0,0,sniprintf,/Users/swchen.tw/git/percepio/poc/.tools/xpack-riscv-none-elf-gcc-15.2.0-1/bin/../lib/gcc/riscv-none-elf/15.2.0/../../../../riscv-none-elf/lib/libg_nano.a(libc_a-snprintf.o),
by_pc,2147519846,1,2,4,5,1,1,0,0,0,sniprintf,/Users/swchen.tw/git/percepio/poc/.tools/xpack-riscv-none-elf-gcc-15.2.0-1/bin/../lib/gcc/riscv-none-elf/15.2.0/../../../../riscv-none-elf/lib/libg_nano.a(libc_a-snprintf.o),
by_pc,2147519848,1,1,2,3,1,0,0,0,0,sniprintf,/Users/swchen.tw/git/percepio/poc/.tools/xpack-riscv-none-elf-gcc-15.2.0-1/bin/../lib/gcc/riscv-none-elf/15.2.0/../../../../riscv-none-elf/lib/libg_nano.a(libc_a-snprintf.o),
by_pc,2147519850,1,1,2,3,1,0,0,0,0,sniprintf,/Users/swchen.tw/git/percepio/poc/.tools/xpack-riscv-none-elf-gcc-15.2.0-1/bin/../lib/gcc/riscv-none-elf/15.2.0/../../../../riscv-none-elf/lib/libg_nano.a(libc_a-snprintf.o),
by_pc,2147493948,1,2,4,5,1,1,0,0,0,poc_mark,/Users/swchen.tw/git/percepio/poc/runs/tcp-workload-matrix-v1/A08-baseline/build/main.o,
by_pc,2147493952,1,27,54,55,1,0,8,18,0,poc_mark,/Users/swchen.tw/git/percepio/poc/runs/tcp-workload-matrix-v1/A08-baseline/build/main.o,
by_pc,2147493954,1,1,2,3,1,0,0,0,0,poc_mark,/Users/swchen.tw/git/percepio/poc/runs/tcp-workload-matrix-v1/A08-baseline/build/main.o,
by_pc,2147493956,1,1,2,3,1,0,0,0,0,poc_mark,/Users/swchen.tw/git/percepio/poc/runs/tcp-workload-matrix-v1/A08-baseline/build/main.o,
by_pc,2147491812,1,27,54,55,1,0,8,18,0,xTracePrintF,/Users/swchen.tw/git/percepio/poc/runs/tcp-workload-matrix-v1/A08-baseline/build/trcPrint.o,
by_pc,2147491814,1,21,42,43,1,1,8,0,11,xTracePrintF,/Users/swchen.tw/git/percepio/poc/runs/tcp-workload-matrix-v1/A08-baseline/build/trcPrint.o,
by_pc,2147491816,1,2,4,5,1,1,0,0,0,xTracePrintF,/Users/swchen.tw/git/percepio/poc/runs/tcp-workload-matrix-v1/A08-baseline/build/trcPrint.o,
by_pc,2147491820,1,21,42,43,1,1,8,0,11,xTracePrintF,/Users/swchen.tw/git/percepio/poc/runs/tcp-workload-matrix-v1/A08-baseline/build/trcPrint.o,
by_pc,2147491822,1,21,42,43,1,1,8,0,11,xTracePrintF,/Users/swchen.tw/git/percepio/poc/runs/tcp-workload-matrix-v1/A08-baseline/build/trcPrint.o,
by_pc,2147491824,1,21,42,43,1,1,8,0,11,xTracePrintF,/Users/swchen.tw/git/percepio/poc/runs/tcp-workload-matrix-v1/A08-baseline/build/trcPrint.o,
by_pc,2147491826,1,21,42,43,1,1,8,0,11,xTracePrintF,/Users/swchen.tw/git/percepio/poc/runs/tcp-workload-matrix-v1/A08-baseline/build/trcPrint.o,
by_pc,2147491828,1,21,42,43,1,1,8,0,11,xTracePrintF,/Users/swchen.tw/git/percepio/poc/runs/tcp-workload-matrix-v1/A08-baseline/build/trcPrint.o,
by_pc,2147491830,1,21,42,43,1,1,8,0,11,xTracePrintF,/Users/swchen.tw/git/percepio/poc/runs/tcp-workload-matrix-v1/A08-baseline/build/trcPrint.o,
by_pc,2147491832,1,1,2,3,1,0,0,0,0,xTracePrintF,/Users/swchen.tw/git/percepio/poc/runs/tcp-workload-matrix-v1/A08-baseline/build/trcPrint.o,
by_pc,2147491836,1,1,2,3,1,0,0,0,0,xTracePrintF,/Users/swchen.tw/git/percepio/poc/runs/tcp-workload-matrix-v1/A08-baseline/build/trcPrint.o,
by_pc,2147491840,1,27,54,55,1,0,8,18,0,xTracePrintF,/Users/swchen.tw/git/percepio/poc/runs/tcp-workload-matrix-v1/A08-baseline/build/trcPrint.o,
by_pc,2147491842,1,1,2,3,1,0,0,0,0,xTracePrintF,/Users/swchen.tw/git/percepio/poc/runs/tcp-workload-matrix-v1/A08-baseline/build/trcPrint.o,
by_pc,2147491844,1,21,42,43,1,1,8,0,11,xTracePrintF,/Users/swchen.tw/git/percepio/poc/runs/tcp-workload-matrix-v1/A08-baseline/build/trcPrint.o,
by_pc,2147491846,1,1,2,3,1,0,0,0,0,xTracePrintF,/Users/swchen.tw/git/percepio/poc/runs/tcp-workload-matrix-v1/A08-baseline/build/trcPrint.o,
by_pc,2147491720,1,28,56,57,1,1,8,18,0,xTraceVPrintF,/Users/swchen.tw/git/percepio/poc/runs/tcp-workload-matrix-v1/A08-baseline/build/trcPrint.o,
by_pc,2147491724,1,1,2,3,1,0,0,0,0,xTraceVPrintF,/Users/swchen.tw/git/percepio/poc/runs/tcp-workload-matrix-v1/A08-baseline/build/trcPrint.o,
by_pc,2147491726,1,1,2,3,1,0,0,0,0,xTraceVPrintF,/Users/swchen.tw/git/percepio/poc/runs/tcp-workload-matrix-v1/A08-baseline/build/trcPrint.o,
by_pc,2147491730,1,1,2,3,1,0,0,0,0,xTraceVPrintF,/Users/swchen.tw/git/percepio/poc/runs/tcp-workload-matrix-v1/A08-baseline/build/trcPrint.o,
by_pc,2147491734,1,1,2,3,1,0,0,0,0,xTraceVPrintF,/Users/swchen.tw/git/percepio/poc/runs/tcp-workload-matrix-v1/A08-baseline/build/trcPrint.o,
by_pc,2147491744,1,1,2,3,1,0,0,0,0,xTraceVPrintF,/Users/swchen.tw/git/percepio/poc/runs/tcp-workload-matrix-v1/A08-baseline/build/trcPrint.o,
by_pc,2147491746,1,1,2,3,1,0,0,0,0,xTraceVPrintF,/Users/swchen.tw/git/percepio/poc/runs/tcp-workload-matrix-v1/A08-baseline/build/trcPrint.o,
by_pc,2147491748,1,1,2,3,1,0,0,0,0,xTraceVPrintF,/Users/swchen.tw/git/percepio/poc/runs/tcp-workload-matrix-v1/A08-baseline/build/trcPrint.o,
by_pc,2147491752,44,44,88,132,44,0,0,0,0,xTraceVPrintF,/Users/swchen.tw/git/percepio/poc/runs/tcp-workload-matrix-v1/A08-baseline/build/trcPrint.o,
by_pc,2147491756,44,88,176,220,44,44,0,0,0,xTraceVPrintF,/Users/swchen.tw/git/percepio/poc/runs/tcp-workload-matrix-v1/A08-baseline/build/trcPrint.o,
by_pc,2147491760,44,44,88,132,44,0,0,0,0,xTraceVPrintF,/Users/swchen.tw/git/percepio/poc/runs/tcp-workload-matrix-v1/A08-baseline/build/trcPrint.o,
by_pc,2147491764,44,44,88,132,44,0,0,0,0,xTraceVPrintF,/Users/swchen.tw/git/percepio/poc/runs/tcp-workload-matrix-v1/A08-baseline/build/trcPrint.o,
by_pc,2147491768,43,43,86,129,43,0,0,0,0,xTraceVPrintF,/Users/swchen.tw/git/percepio/poc/runs/tcp-workload-matrix-v1/A08-baseline/build/trcPrint.o,
by_pc,2147491772,43,43,86,129,43,0,0,0,0,xTraceVPrintF,/Users/swchen.tw/git/percepio/poc/runs/tcp-workload-matrix-v1/A08-baseline/build/trcPrint.o,
by_pc,2147491780,43,43,86,129,43,0,0,0,0,xTraceVPrintF,/Users/swchen.tw/git/percepio/poc/runs/tcp-workload-matrix-v1/A08-baseline/build/trcPrint.o,
by_pc,2147491804,43,43,86,129,43,0,0,0,0,xTraceVPrintF,/Users/swchen.tw/git/percepio/poc/runs/tcp-workload-matrix-v1/A08-baseline/build/trcPrint.o,
by_pc,2147491806,43,43,86,129,43,0,0,0,0,xTraceVPrintF,/Users/swchen.tw/git/percepio/poc/runs/tcp-workload-matrix-v1/A08-baseline/build/trcPrint.o,
by_pc,2147491784,1,1,2,3,1,0,0,0,0,xTraceVPrintF,/Users/swchen.tw/git/percepio/poc/runs/tcp-workload-matrix-v1/A08-baseline/build/trcPrint.o,
by_pc,2147491788,1,2,4,5,1,1,0,0,0,xTraceVPrintF,/Users/swchen.tw/git/percepio/poc/runs/tcp-workload-matrix-v1/A08-baseline/build/trcPrint.o,
by_pc,2147491792,1,1,2,3,1,0,0,0,0,xTraceVPrintF,/Users/swchen.tw/git/percepio/poc/runs/tcp-workload-matrix-v1/A08-baseline/build/trcPrint.o,
by_pc,2147491796,1,1,2,3,1,0,0,0,0,xTraceVPrintF,/Users/swchen.tw/git/percepio/poc/runs/tcp-workload-matrix-v1/A08-baseline/build/trcPrint.o,
by_pc,2147491798,1,1,2,3,1,0,0,0,0,xTraceVPrintF,/Users/swchen.tw/git/percepio/poc/runs/tcp-workload-matrix-v1/A08-baseline/build/trcPrint.o,
by_pc,2147491802,1,1,2,3,1,0,0,0,0,xTraceVPrintF,/Users/swchen.tw/git/percepio/poc/runs/tcp-workload-matrix-v1/A08-baseline/build/trcPrint.o,
by_pc,2147491776,1,1,2,3,1,0,0,0,0,xTraceVPrintF,/Users/swchen.tw/git/percepio/poc/runs/tcp-workload-matrix-v1/A08-baseline/build/trcPrint.o,
by_pc,2147491266,1,27,54,55,1,0,8,18,0,prvTraceVPrintF,/Users/swchen.tw/git/percepio/poc/runs/tcp-workload-matrix-v1/A08-baseline/build/trcPrint.o,
by_pc,2147491268,1,21,42,43,1,1,8,0,11,prvTraceVPrintF,/Users/swchen.tw/git/percepio/poc/runs/tcp-workload-matrix-v1/A08-baseline/build/trcPrint.o,
by_pc,2147491270,1,21,42,43,1,1,8,0,11,prvTraceVPrintF,/Users/swchen.tw/git/percepio/poc/runs/tcp-workload-matrix-v1/A08-baseline/build/trcPrint.o,
by_pc,2147491272,1,21,42,43,1,1,8,0,11,prvTraceVPrintF,/Users/swchen.tw/git/percepio/poc/runs/tcp-workload-matrix-v1/A08-baseline/build/trcPrint.o,
by_pc,2147491274,1,21,42,43,1,1,8,0,11,prvTraceVPrintF,/Users/swchen.tw/git/percepio/poc/runs/tcp-workload-matrix-v1/A08-baseline/build/trcPrint.o,
by_pc,2147491276,1,1,2,3,1,0,0,0,0,prvTraceVPrintF,/Users/swchen.tw/git/percepio/poc/runs/tcp-workload-matrix-v1/A08-baseline/build/trcPrint.o,
by_pc,2147491278,1,1,2,3,1,0,0,0,0,prvTraceVPrintF,/Users/swchen.tw/git/percepio/poc/runs/tcp-workload-matrix-v1/A08-baseline/build/trcPrint.o,
by_pc,2147491280,1,1,2,3,1,0,0,0,0,prvTraceVPrintF,/Users/swchen.tw/git/percepio/poc/runs/tcp-workload-matrix-v1/A08-baseline/build/trcPrint.o,
by_pc,2147491282,1,1,2,3,1,0,0,0,0,prvTraceVPrintF,/Users/swchen.tw/git/percepio/poc/runs/tcp-workload-matrix-v1/A08-baseline/build/trcPrint.o,
by_pc,2147491298,1,1,2,3,1,0,0,0,0,prvTraceVPrintF,/Users/swchen.tw/git/percepio/poc/runs/tcp-workload-matrix-v1/A08-baseline/build/trcPrint.o,
by_pc,2147491300,1,1,2,3,1,0,0,0,0,prvTraceVPrintF,/Users/swchen.tw/git/percepio/poc/runs/tcp-workload-matrix-v1/A08-baseline/build/trcPrint.o,
by_pc,2147491304,1,1,2,3,1,0,0,0,0,prvTraceVPrintF,/Users/swchen.tw/git/percepio/poc/runs/tcp-workload-matrix-v1/A08-baseline/build/trcPrint.o,
by_pc,2147491308,1,1,2,3,1,0,0,0,0,prvTraceVPrintF,/Users/swchen.tw/git/percepio/poc/runs/tcp-workload-matrix-v1/A08-baseline/build/trcPrint.o,
by_pc,2147491312,1,1,2,3,1,0,0,0,0,prvTraceVPrintF,/Users/swchen.tw/git/percepio/poc/runs/tcp-workload-matrix-v1/A08-baseline/build/trcPrint.o,
by_pc,2147491314,1,1,2,3,1,0,0,0,0,prvTraceVPrintF,/Users/swchen.tw/git/percepio/poc/runs/tcp-workload-matrix-v1/A08-baseline/build/trcPrint.o,
by_pc,2147491316,1,28,56,57,1,1,8,18,0,prvTraceVPrintF,/Users/swchen.tw/git/percepio/poc/runs/tcp-workload-matrix-v1/A08-baseline/build/trcPrint.o,
by_pc,2147491318,1,1,2,3,1,0,0,0,0,prvTraceVPrintF,/Users/swchen.tw/git/percepio/poc/runs/tcp-workload-matrix-v1/A08-baseline/build/trcPrint.o,
by_pc,2147491320,1,1,2,3,1,0,0,0,0,prvTraceVPrintF,/Users/swchen.tw/git/percepio/poc/runs/tcp-workload-matrix-v1/A08-baseline/build/trcPrint.o,
by_pc,2147491386,1,28,56,57,1,1,8,18,0,prvTraceVPrintF,/Users/swchen.tw/git/percepio/poc/runs/tcp-workload-matrix-v1/A08-baseline/build/trcPrint.o,
by_pc,2147491388,1,1,2,3,1,0,0,0,0,prvTraceVPrintF,/Users/swchen.tw/git/percepio/poc/runs/tcp-workload-matrix-v1/A08-baseline/build/trcPrint.o,
by_pc,2147491390,1,1,2,3,1,0,0,0,0,prvTraceVPrintF,/Users/swchen.tw/git/percepio/poc/runs/tcp-workload-matrix-v1/A08-baseline/build/trcPrint.o,
by_pc,2147491392,1,27,54,55,1,0,8,18,0,prvTraceVPrintF,/Users/swchen.tw/git/percepio/poc/runs/tcp-workload-matrix-v1/A08-baseline/build/trcPrint.o,
by_pc,2147491396,1,21,42,43,1,1,8,0,11,prvTraceVPrintF,/Users/swchen.tw/git/percepio/poc/runs/tcp-workload-matrix-v1/A08-baseline/build/trcPrint.o,
by_pc,2147491398,1,2,4,5,1,1,0,0,0,prvTraceVPrintF,/Users/swchen.tw/git/percepio/poc/runs/tcp-workload-matrix-v1/A08-baseline/build/trcPrint.o,
by_pc,2147491400,1,2,4,5,1,1,0,0,0,prvTraceVPrintF,/Users/swchen.tw/git/percepio/poc/runs/tcp-workload-matrix-v1/A08-baseline/build/trcPrint.o,
by_pc,2147491402,1,2,4,5,1,1,0,0,0,prvTraceVPrintF,/Users/swchen.tw/git/percepio/poc/runs/tcp-workload-matrix-v1/A08-baseline/build/trcPrint.o,
by_pc,2147491404,1,2,4,5,1,1,0,0,0,prvTraceVPrintF,/Users/swchen.tw/git/percepio/poc/runs/tcp-workload-matrix-v1/A08-baseline/build/trcPrint.o,
by_pc,2147491406,1,2,4,5,1,1,0,0,0,prvTraceVPrintF,/Users/swchen.tw/git/percepio/poc/runs/tcp-workload-matrix-v1/A08-baseline/build/trcPrint.o,
by_pc,2147491408,1,1,2,3,1,0,0,0,0,prvTraceVPrintF,/Users/swchen.tw/git/percepio/poc/runs/tcp-workload-matrix-v1/A08-baseline/build/trcPrint.o,
by_pc,2147491410,1,1,2,3,1,0,0,0,0,prvTraceVPrintF,/Users/swchen.tw/git/percepio/poc/runs/tcp-workload-matrix-v1/A08-baseline/build/trcPrint.o,
by_pc,2147491414,1,1,2,3,1,0,0,0,0,prvTraceVPrintF,/Users/swchen.tw/git/percepio/poc/runs/tcp-workload-matrix-v1/A08-baseline/build/trcPrint.o,
by_pc,2147491416,1,1,2,3,1,0,0,0,0,prvTraceVPrintF,/Users/swchen.tw/git/percepio/poc/runs/tcp-workload-matrix-v1/A08-baseline/build/trcPrint.o,
by_pc,2147489598,1,27,54,55,1,0,8,18,0,xTraceEventCreateData2,/Users/swchen.tw/git/percepio/poc/runs/tcp-workload-matrix-v1/A08-baseline/build/trcEvent.o,
by_pc,2147489600,1,47,94,95,1,1,16,18,11,xTraceEventCreateData2,/Users/swchen.tw/git/percepio/poc/runs/tcp-workload-matrix-v1/A08-baseline/build/trcEvent.o,
by_pc,2147489602,1,1,2,3,1,0,0,0,0,xTraceEventCreateData2,/Users/swchen.tw/git/percepio/poc/runs/tcp-workload-matrix-v1/A08-baseline/build/trcEvent.o,
by_pc,2147489606,1,1,2,3,1,0,0,0,0,xTraceEventCreateData2,/Users/swchen.tw/git/percepio/poc/runs/tcp-workload-matrix-v1/A08-baseline/build/trcEvent.o,
by_pc,2147489608,1,21,42,43,1,1,8,0,11,xTraceEventCreateData2,/Users/swchen.tw/git/percepio/poc/runs/tcp-workload-matrix-v1/A08-baseline/build/trcEvent.o,
by_pc,2147489610,1,21,42,43,1,1,8,0,11,xTraceEventCreateData2,/Users/swchen.tw/git/percepio/poc/runs/tcp-workload-matrix-v1/A08-baseline/build/trcEvent.o,
by_pc,2147489612,1,21,42,43,1,1,8,0,11,xTraceEventCreateData2,/Users/swchen.tw/git/percepio/poc/runs/tcp-workload-matrix-v1/A08-baseline/build/trcEvent.o,
by_pc,2147489614,1,21,42,43,1,1,8,0,11,xTraceEventCreateData2,/Users/swchen.tw/git/percepio/poc/runs/tcp-workload-matrix-v1/A08-baseline/build/trcEvent.o,
by_pc,2147489616,1,21,42,43,1,1,8,0,11,xTraceEventCreateData2,/Users/swchen.tw/git/percepio/poc/runs/tcp-workload-matrix-v1/A08-baseline/build/trcEvent.o,
by_pc,2147489618,1,21,42,43,1,1,8,0,11,xTraceEventCreateData2,/Users/swchen.tw/git/percepio/poc/runs/tcp-workload-matrix-v1/A08-baseline/build/trcEvent.o,
by_pc,2147489620,1,21,42,43,1,1,8,0,11,xTraceEventCreateData2,/Users/swchen.tw/git/percepio/poc/runs/tcp-workload-matrix-v1/A08-baseline/build/trcEvent.o,
by_pc,2147489622,1,1,2,3,1,0,0,0,0,xTraceEventCreateData2,/Users/swchen.tw/git/percepio/poc/runs/tcp-workload-matrix-v1/A08-baseline/build/trcEvent.o,
by_pc,2147489626,1,1,2,3,1,0,0,0,0,xTraceEventCreateData2,/Users/swchen.tw/git/percepio/poc/runs/tcp-workload-matrix-v1/A08-baseline/build/trcEvent.o,
by_pc,2147489630,1,1,2,3,1,0,0,0,0,xTraceEventCreateData2,/Users/swchen.tw/git/percepio/poc/runs/tcp-workload-matrix-v1/A08-baseline/build/trcEvent.o,
by_pc,2147489638,1,2,4,5,1,1,0,0,0,xTraceEventCreateData2,/Users/swchen.tw/git/percepio/poc/runs/tcp-workload-matrix-v1/A08-baseline/build/trcEvent.o,
by_pc,2147489642,1,1,2,3,1,0,0,0,0,xTraceEventCreateData2,/Users/swchen.tw/git/percepio/poc/runs/tcp-workload-matrix-v1/A08-baseline/build/trcEvent.o,
by_pc,2147489644,1,1,2,3,1,0,0,0,0,xTraceEventCreateData2,/Users/swchen.tw/git/percepio/poc/runs/tcp-workload-matrix-v1/A08-baseline/build/trcEvent.o,
by_pc,2147489646,1,2,4,5,1,1,0,0,0,xTraceEventCreateData2,/Users/swchen.tw/git/percepio/poc/runs/tcp-workload-matrix-v1/A08-baseline/build/trcEvent.o,
by_pc,2147489650,1,2,4,5,1,1,0,0,0,xTraceEventCreateData2,/Users/swchen.tw/git/percepio/poc/runs/tcp-workload-matrix-v1/A08-baseline/build/trcEvent.o,
by_pc,2147489652,1,1,2,3,1,0,0,0,0,xTraceEventCreateData2,/Users/swchen.tw/git/percepio/poc/runs/tcp-workload-matrix-v1/A08-baseline/build/trcEvent.o,
by_pc,2147489654,1,1,2,3,1,0,0,0,0,xTraceEventCreateData2,/Users/swchen.tw/git/percepio/poc/runs/tcp-workload-matrix-v1/A08-baseline/build/trcEvent.o,
by_pc,2147489656,1,1,2,3,1,0,0,0,0,xTraceEventCreateData2,/Users/swchen.tw/git/percepio/poc/runs/tcp-workload-matrix-v1/A08-baseline/build/trcEvent.o,
by_pc,2147489658,1,1,2,3,1,0,0,0,0,xTraceEventCreateData2,/Users/swchen.tw/git/percepio/poc/runs/tcp-workload-matrix-v1/A08-baseline/build/trcEvent.o,
by_pc,2147489660,1,1,2,3,1,0,0,0,0,xTraceEventCreateData2,/Users/swchen.tw/git/percepio/poc/runs/tcp-workload-matrix-v1/A08-baseline/build/trcEvent.o,
by_pc,2147489664,1,27,54,55,1,0,8,18,0,xTraceEventCreateData2,/Users/swchen.tw/git/percepio/poc/runs/tcp-workload-matrix-v1/A08-baseline/build/trcEvent.o,
by_pc,2147489668,1,2,4,5,1,1,0,0,0,xTraceEventCreateData2,/Users/swchen.tw/git/percepio/poc/runs/tcp-workload-matrix-v1/A08-baseline/build/trcEvent.o,
by_pc,2147489670,1,1,2,3,1,0,0,0,0,xTraceEventCreateData2,/Users/swchen.tw/git/percepio/poc/runs/tcp-workload-matrix-v1/A08-baseline/build/trcEvent.o,
by_pc,2147489672,1,2,4,5,1,1,0,0,0,xTraceEventCreateData2,/Users/swchen.tw/git/percepio/poc/runs/tcp-workload-matrix-v1/A08-baseline/build/trcEvent.o,
by_pc,2147489674,1,1,2,3,1,0,0,0,0,xTraceEventCreateData2,/Users/swchen.tw/git/percepio/poc/runs/tcp-workload-matrix-v1/A08-baseline/build/trcEvent.o,
by_pc,2147489676,1,21,42,43,1,1,8,0,11,xTraceEventCreateData2,/Users/swchen.tw/git/percepio/poc/runs/tcp-workload-matrix-v1/A08-baseline/build/trcEvent.o,
by_pc,2147489678,1,2,4,5,1,1,0,0,0,xTraceEventCreateData2,/Users/swchen.tw/git/percepio/poc/runs/tcp-workload-matrix-v1/A08-baseline/build/trcEvent.o,
by_pc,2147489682,1,2,4,5,1,1,0,0,0,xTraceEventCreateData2,/Users/swchen.tw/git/percepio/poc/runs/tcp-workload-matrix-v1/A08-baseline/build/trcEvent.o,
by_pc,2147489686,1,2,4,5,1,1,0,0,0,xTraceEventCreateData2,/Users/swchen.tw/git/percepio/poc/runs/tcp-workload-matrix-v1/A08-baseline/build/trcEvent.o,
by_pc,2147489688,1,1,2,3,1,0,0,0,0,xTraceEventCreateData2,/Users/swchen.tw/git/percepio/poc/runs/tcp-workload-matrix-v1/A08-baseline/build/trcEvent.o,
by_pc,2147489690,1,1,2,3,1,0,0,0,0,xTraceEventCreateData2,/Users/swchen.tw/git/percepio/poc/runs/tcp-workload-matrix-v1/A08-baseline/build/trcEvent.o,
by_pc,2147489692,1,1,2,3,1,0,0,0,0,xTraceEventCreateData2,/Users/swchen.tw/git/percepio/poc/runs/tcp-workload-matrix-v1/A08-baseline/build/trcEvent.o,
by_pc,2147489694,1,1,2,3,1,0,0,0,0,xTraceEventCreateData2,/Users/swchen.tw/git/percepio/poc/runs/tcp-workload-matrix-v1/A08-baseline/build/trcEvent.o,
by_pc,2147489698,1,1,2,3,1,0,0,0,0,xTraceEventCreateData2,/Users/swchen.tw/git/percepio/poc/runs/tcp-workload-matrix-v1/A08-baseline/build/trcEvent.o,
by_pc,2147489700,1,1,2,3,1,0,0,0,0,xTraceEventCreateData2,/Users/swchen.tw/git/percepio/poc/runs/tcp-workload-matrix-v1/A08-baseline/build/trcEvent.o,
by_pc,2147489702,1,21,42,43,1,1,8,0,11,xTraceEventCreateData2,/Users/swchen.tw/git/percepio/poc/runs/tcp-workload-matrix-v1/A08-baseline/build/trcEvent.o,
by_pc,2147489706,1,2,4,5,1,1,0,0,0,xTraceEventCreateData2,/Users/swchen.tw/git/percepio/poc/runs/tcp-workload-matrix-v1/A08-baseline/build/trcEvent.o,
by_pc,2147489708,1,2,4,5,1,1,0,0,0,xTraceEventCreateData2,/Users/swchen.tw/git/percepio/poc/runs/tcp-workload-matrix-v1/A08-baseline/build/trcEvent.o,
by_pc,2147489710,1,21,42,43,1,1,8,0,11,xTraceEventCreateData2,/Users/swchen.tw/git/percepio/poc/runs/tcp-workload-matrix-v1/A08-baseline/build/trcEvent.o,
by_pc,2147489714,1,1,2,3,1,0,0,0,0,xTraceEventCreateData2,/Users/swchen.tw/git/percepio/poc/runs/tcp-workload-matrix-v1/A08-baseline/build/trcEvent.o,
by_pc,2147489718,1,2,4,5,1,1,0,0,0,xTraceEventCreateData2,/Users/swchen.tw/git/percepio/poc/runs/tcp-workload-matrix-v1/A08-baseline/build/trcEvent.o,
by_pc,2147489722,1,21,42,43,1,1,8,0,11,xTraceEventCreateData2,/Users/swchen.tw/git/percepio/poc/runs/tcp-workload-matrix-v1/A08-baseline/build/trcEvent.o,
by_pc,2147489724,1,2,4,5,1,1,0,0,0,xTraceEventCreateData2,/Users/swchen.tw/git/percepio/poc/runs/tcp-workload-matrix-v1/A08-baseline/build/trcEvent.o,
by_pc,2147489726,1,28,56,57,2,0,8,18,0,xTraceEventCreateData2,/Users/swchen.tw/git/percepio/poc/runs/tcp-workload-matrix-v1/A08-baseline/build/trcEvent.o,
by_pc,2147489736,1,2,4,5,1,1,0,0,0,xTraceEventCreateData2,/Users/swchen.tw/git/percepio/poc/runs/tcp-workload-matrix-v1/A08-baseline/build/trcEvent.o,
by_pc,2147489738,1,1,2,3,1,0,0,0,0,xTraceEventCreateData2,/Users/swchen.tw/git/percepio/poc/runs/tcp-workload-matrix-v1/A08-baseline/build/trcEvent.o,
by_pc,2147489740,1,1,2,3,1,0,0,0,0,xTraceEventCreateData2,/Users/swchen.tw/git/percepio/poc/runs/tcp-workload-matrix-v1/A08-baseline/build/trcEvent.o,
by_pc,2147489742,1,21,42,43,1,1,8,0,11,xTraceEventCreateData2,/Users/swchen.tw/git/percepio/poc/runs/tcp-workload-matrix-v1/A08-baseline/build/trcEvent.o,
by_pc,2147489744,1,21,42,43,1,1,8,0,11,xTraceEventCreateData2,/Users/swchen.tw/git/percepio/poc/runs/tcp-workload-matrix-v1/A08-baseline/build/trcEvent.o,
by_pc,2147489748,1,21,42,43,1,1,8,0,11,xTraceEventCreateData2,/Users/swchen.tw/git/percepio/poc/runs/tcp-workload-matrix-v1/A08-baseline/build/trcEvent.o,
by_pc,2147489752,1,1,2,3,1,0,0,0,0,xTraceEventCreateData2,/Users/swchen.tw/git/percepio/poc/runs/tcp-workload-matrix-v1/A08-baseline/build/trcEvent.o,
by_pc,2147489756,1,1,2,3,1,0,0,0,0,xTraceEventCreateData2,/Users/swchen.tw/git/percepio/poc/runs/tcp-workload-matrix-v1/A08-baseline/build/trcEvent.o,
by_pc,2147489760,1,1,2,3,1,0,0,0,0,xTraceEventCreateData2,/Users/swchen.tw/git/percepio/poc/runs/tcp-workload-matrix-v1/A08-baseline/build/trcEvent.o,
by_pc,2147489762,1,1,2,3,1,0,0,0,0,xTraceEventCreateData2,/Users/swchen.tw/git/percepio/poc/runs/tcp-workload-matrix-v1/A08-baseline/build/trcEvent.o,
by_pc,2147489764,1,1,2,3,1,0,0,0,0,xTraceEventCreateData2,/Users/swchen.tw/git/percepio/poc/runs/tcp-workload-matrix-v1/A08-baseline/build/trcEvent.o,
by_pc,2147489768,1,1,2,3,1,0,0,0,0,xTraceEventCreateData2,/Users/swchen.tw/git/percepio/poc/runs/tcp-workload-matrix-v1/A08-baseline/build/trcEvent.o,
by_pc,2147489770,1,1,2,3,1,0,0,0,0,xTraceEventCreateData2,/Users/swchen.tw/git/percepio/poc/runs/tcp-workload-matrix-v1/A08-baseline/build/trcEvent.o,
by_pc,2147489774,1,1,2,3,1,0,0,0,0,xTraceEventCreateData2,/Users/swchen.tw/git/percepio/poc/runs/tcp-workload-matrix-v1/A08-baseline/build/trcEvent.o,
by_pc,2147489776,1,1,2,3,1,0,0,0,0,xTraceEventCreateData2,/Users/swchen.tw/git/percepio/poc/runs/tcp-workload-matrix-v1/A08-baseline/build/trcEvent.o,
by_pc,2147488456,1,1,2,3,1,0,0,0,0,poc_irq_restore,/Users/swchen.tw/git/percepio/poc/runs/tcp-workload-matrix-v1/A08-baseline/build/trcEvent.o,
by_pc,2147488460,1,1,2,3,1,0,0,0,0,poc_irq_restore,/Users/swchen.tw/git/percepio/poc/runs/tcp-workload-matrix-v1/A08-baseline/build/trcEvent.o,
by_pc,2147489780,1,1,2,3,1,0,0,0,0,xTraceEventCreateData2,/Users/swchen.tw/git/percepio/poc/runs/tcp-workload-matrix-v1/A08-baseline/build/trcEvent.o,
by_pc,2147489782,1,2,4,5,1,1,0,0,0,xTraceEventCreateData2,/Users/swchen.tw/git/percepio/poc/runs/tcp-workload-matrix-v1/A08-baseline/build/trcEvent.o,
by_pc,2147489784,1,2,4,5,1,1,0,0,0,xTraceEventCreateData2,/Users/swchen.tw/git/percepio/poc/runs/tcp-workload-matrix-v1/A08-baseline/build/trcEvent.o,
by_pc,2147489786,1,2,4,5,1,1,0,0,0,xTraceEventCreateData2,/Users/swchen.tw/git/percepio/poc/runs/tcp-workload-matrix-v1/A08-baseline/build/trcEvent.o,
by_pc,2147489788,1,2,4,5,1,1,0,0,0,xTraceEventCreateData2,/Users/swchen.tw/git/percepio/poc/runs/tcp-workload-matrix-v1/A08-baseline/build/trcEvent.o,
by_pc,2147489790,1,2,4,5,1,1,0,0,0,xTraceEventCreateData2,/Users/swchen.tw/git/percepio/poc/runs/tcp-workload-matrix-v1/A08-baseline/build/trcEvent.o,
by_pc,2147489792,1,28,56,57,1,1,8,18,0,xTraceEventCreateData2,/Users/swchen.tw/git/percepio/poc/runs/tcp-workload-matrix-v1/A08-baseline/build/trcEvent.o,
by_pc,2147489794,1,2,4,5,1,1,0,0,0,xTraceEventCreateData2,/Users/swchen.tw/git/percepio/poc/runs/tcp-workload-matrix-v1/A08-baseline/build/trcEvent.o,
by_pc,2147489796,1,1,2,3,1,0,0,0,0,xTraceEventCreateData2,/Users/swchen.tw/git/percepio/poc/runs/tcp-workload-matrix-v1/A08-baseline/build/trcEvent.o,
by_pc,2147489798,1,1,2,3,1,0,0,0,0,xTraceEventCreateData2,/Users/swchen.tw/git/percepio/poc/runs/tcp-workload-matrix-v1/A08-baseline/build/trcEvent.o,
by_pc,2147489800,1,1,2,3,1,0,0,0,0,xTraceEventCreateData2,/Users/swchen.tw/git/percepio/poc/runs/tcp-workload-matrix-v1/A08-baseline/build/trcEvent.o,
by_pc,2147491848,1,2,4,5,1,1,0,0,0,xTracePrintF,/Users/swchen.tw/git/percepio/poc/runs/tcp-workload-matrix-v1/A08-baseline/build/trcPrint.o,
by_pc,2147491850,1,1,2,3,1,0,0,0,0,xTracePrintF,/Users/swchen.tw/git/percepio/poc/runs/tcp-workload-matrix-v1/A08-baseline/build/trcPrint.o,
by_pc,2147491852,1,1,2,3,1,0,0,0,0,xTracePrintF,/Users/swchen.tw/git/percepio/poc/runs/tcp-workload-matrix-v1/A08-baseline/build/trcPrint.o,
by_pc,2147493960,1,1,2,3,1,0,0,0,0,poc_mark,/Users/swchen.tw/git/percepio/poc/runs/tcp-workload-matrix-v1/A08-baseline/build/main.o,
by_pc,2147493976,1,2,4,5,1,1,0,0,0,poc_mark,/Users/swchen.tw/git/percepio/poc/runs/tcp-workload-matrix-v1/A08-baseline/build/main.o,
by_pc,2147493978,1,2,4,5,1,1,0,0,0,poc_mark,/Users/swchen.tw/git/percepio/poc/runs/tcp-workload-matrix-v1/A08-baseline/build/main.o,
by_pc,2147493980,1,1,2,3,1,0,0,0,0,poc_mark,/Users/swchen.tw/git/percepio/poc/runs/tcp-workload-matrix-v1/A08-baseline/build/main.o,
by_pc,2147493982,1,1,2,3,1,0,0,0,0,poc_mark,/Users/swchen.tw/git/percepio/poc/runs/tcp-workload-matrix-v1/A08-baseline/build/main.o,
by_pc,2147496050,1,2,4,5,1,1,0,0,0,timing_observer,/Users/swchen.tw/git/percepio/poc/runs/tcp-workload-matrix-v1/A08-baseline/build/tcp_request_response_irq.o,
by_pc,2147496052,1,1,2,3,1,0,0,0,0,timing_observer,/Users/swchen.tw/git/percepio/poc/runs/tcp-workload-matrix-v1/A08-baseline/build/tcp_request_response_irq.o,
by_pc,2147496054,1,1,2,3,1,0,0,0,0,timing_observer,/Users/swchen.tw/git/percepio/poc/runs/tcp-workload-matrix-v1/A08-baseline/build/tcp_request_response_irq.o,
by_pc,2147496056,1,1,2,3,1,0,0,0,0,timing_observer,/Users/swchen.tw/git/percepio/poc/runs/tcp-workload-matrix-v1/A08-baseline/build/tcp_request_response_irq.o,
by_pc,2147486056,1,1,2,3,1,0,0,0,0,vTaskSuspend,/Users/swchen.tw/git/percepio/poc/runs/tcp-workload-matrix-v1/A08-baseline/build/tasks.o,
by_pc,2147486058,1,21,42,43,1,1,8,0,11,vTaskSuspend,/Users/swchen.tw/git/percepio/poc/runs/tcp-workload-matrix-v1/A08-baseline/build/tasks.o,
by_pc,2147486060,1,21,42,43,1,1,8,0,11,vTaskSuspend,/Users/swchen.tw/git/percepio/poc/runs/tcp-workload-matrix-v1/A08-baseline/build/tasks.o,
by_pc,2147486062,1,21,42,43,1,1,8,0,11,vTaskSuspend,/Users/swchen.tw/git/percepio/poc/runs/tcp-workload-matrix-v1/A08-baseline/build/tasks.o,
by_pc,2147486064,1,21,42,43,1,1,8,0,11,vTaskSuspend,/Users/swchen.tw/git/percepio/poc/runs/tcp-workload-matrix-v1/A08-baseline/build/tasks.o,
by_pc,2147486066,1,21,42,43,1,1,8,0,11,vTaskSuspend,/Users/swchen.tw/git/percepio/poc/runs/tcp-workload-matrix-v1/A08-baseline/build/tasks.o,
by_pc,2147486068,1,1,2,3,1,0,0,0,0,vTaskSuspend,/Users/swchen.tw/git/percepio/poc/runs/tcp-workload-matrix-v1/A08-baseline/build/tasks.o,
by_pc,2147486072,1,1,2,3,1,0,0,0,0,vTaskSuspend,/Users/swchen.tw/git/percepio/poc/runs/tcp-workload-matrix-v1/A08-baseline/build/tasks.o,
by_pc,2147486076,1,1,2,3,1,0,0,0,0,vTaskSuspend,/Users/swchen.tw/git/percepio/poc/runs/tcp-workload-matrix-v1/A08-baseline/build/tasks.o,
by_pc,2147486080,1,28,56,57,1,1,8,18,0,vTaskSuspend,/Users/swchen.tw/git/percepio/poc/runs/tcp-workload-matrix-v1/A08-baseline/build/tasks.o,
by_pc,2147486082,1,1,2,3,1,0,0,0,0,vTaskSuspend,/Users/swchen.tw/git/percepio/poc/runs/tcp-workload-matrix-v1/A08-baseline/build/tasks.o,
by_pc,2147486086,1,1,2,3,1,0,0,0,0,vTaskSuspend,/Users/swchen.tw/git/percepio/poc/runs/tcp-workload-matrix-v1/A08-baseline/build/tasks.o,
by_pc,2147486088,1,1,2,3,1,0,0,0,0,vTaskSuspend,/Users/swchen.tw/git/percepio/poc/runs/tcp-workload-matrix-v1/A08-baseline/build/tasks.o,
by_pc,2147486090,1,21,42,43,1,1,8,0,11,vTaskSuspend,/Users/swchen.tw/git/percepio/poc/runs/tcp-workload-matrix-v1/A08-baseline/build/tasks.o,
by_pc,2147486092,1,1,2,3,1,0,0,0,0,vTaskSuspend,/Users/swchen.tw/git/percepio/poc/runs/tcp-workload-matrix-v1/A08-baseline/build/tasks.o,
by_pc,2147486094,1,2,4,5,1,1,0,0,0,vTaskSuspend,/Users/swchen.tw/git/percepio/poc/runs/tcp-workload-matrix-v1/A08-baseline/build/tasks.o,
by_pc,2147486098,1,1,2,3,1,0,0,0,0,vTaskSuspend,/Users/swchen.tw/git/percepio/poc/runs/tcp-workload-matrix-v1/A08-baseline/build/tasks.o,
by_pc,2147486100,1,1,2,3,1,0,0,0,0,vTaskSuspend,/Users/swchen.tw/git/percepio/poc/runs/tcp-workload-matrix-v1/A08-baseline/build/tasks.o,
by_pc,2147486104,1,1,2,3,1,0,0,0,0,vTaskSuspend,/Users/swchen.tw/git/percepio/poc/runs/tcp-workload-matrix-v1/A08-baseline/build/tasks.o,
by_pc,2147486108,1,1,2,3,1,0,0,0,0,vTaskSuspend,/Users/swchen.tw/git/percepio/poc/runs/tcp-workload-matrix-v1/A08-baseline/build/tasks.o,
by_pc,2147486112,1,1,2,3,1,0,0,0,0,vTaskSuspend,/Users/swchen.tw/git/percepio/poc/runs/tcp-workload-matrix-v1/A08-baseline/build/tasks.o,
by_pc,2147486114,1,1,2,3,1,0,0,0,0,vTaskSuspend,/Users/swchen.tw/git/percepio/poc/runs/tcp-workload-matrix-v1/A08-baseline/build/tasks.o,
by_pc,2147486418,1,28,56,57,1,1,8,18,0,uxListRemove,/Users/swchen.tw/git/percepio/poc/runs/tcp-workload-matrix-v1/A08-baseline/build/list.o,
by_pc,2147486420,1,2,4,5,1,1,0,0,0,uxListRemove,/Users/swchen.tw/git/percepio/poc/runs/tcp-workload-matrix-v1/A08-baseline/build/list.o,
by_pc,2147486422,1,2,4,5,1,1,0,0,0,uxListRemove,/Users/swchen.tw/git/percepio/poc/runs/tcp-workload-matrix-v1/A08-baseline/build/list.o,
by_pc,2147486424,1,21,42,43,1,1,8,0,11,uxListRemove,/Users/swchen.tw/git/percepio/poc/runs/tcp-workload-matrix-v1/A08-baseline/build/list.o,
by_pc,2147486426,1,2,4,5,1,1,0,0,0,uxListRemove,/Users/swchen.tw/git/percepio/poc/runs/tcp-workload-matrix-v1/A08-baseline/build/list.o,
by_pc,2147486428,1,21,42,43,1,1,8,0,11,uxListRemove,/Users/swchen.tw/git/percepio/poc/runs/tcp-workload-matrix-v1/A08-baseline/build/list.o,
by_pc,2147486430,1,2,4,5,1,1,0,0,0,uxListRemove,/Users/swchen.tw/git/percepio/poc/runs/tcp-workload-matrix-v1/A08-baseline/build/list.o,
by_pc,2147486432,1,1,2,3,1,0,0,0,0,uxListRemove,/Users/swchen.tw/git/percepio/poc/runs/tcp-workload-matrix-v1/A08-baseline/build/list.o,
by_pc,2147486436,1,2,4,5,1,1,0,0,0,uxListRemove,/Users/swchen.tw/git/percepio/poc/runs/tcp-workload-matrix-v1/A08-baseline/build/list.o,
by_pc,2147486438,1,21,42,43,1,1,8,0,11,uxListRemove,/Users/swchen.tw/git/percepio/poc/runs/tcp-workload-matrix-v1/A08-baseline/build/list.o,
by_pc,2147486440,1,21,42,43,1,1,8,0,11,uxListRemove,/Users/swchen.tw/git/percepio/poc/runs/tcp-workload-matrix-v1/A08-baseline/build/list.o,
by_pc,2147486444,1,2,4,5,1,1,0,0,0,uxListRemove,/Users/swchen.tw/git/percepio/poc/runs/tcp-workload-matrix-v1/A08-baseline/build/list.o,
by_pc,2147486446,1,1,2,3,1,0,0,0,0,uxListRemove,/Users/swchen.tw/git/percepio/poc/runs/tcp-workload-matrix-v1/A08-baseline/build/list.o,
by_pc,2147486448,1,21,42,43,1,1,8,0,11,uxListRemove,/Users/swchen.tw/git/percepio/poc/runs/tcp-workload-matrix-v1/A08-baseline/build/list.o,
by_pc,2147486450,1,1,2,3,1,0,0,0,0,uxListRemove,/Users/swchen.tw/git/percepio/poc/runs/tcp-workload-matrix-v1/A08-baseline/build/list.o,
by_pc,2147486116,1,1,2,3,1,0,0,0,0,vTaskSuspend,/Users/swchen.tw/git/percepio/poc/runs/tcp-workload-matrix-v1/A08-baseline/build/tasks.o,
by_pc,2147486118,1,2,4,5,1,1,0,0,0,vTaskSuspend,/Users/swchen.tw/git/percepio/poc/runs/tcp-workload-matrix-v1/A08-baseline/build/tasks.o,
by_pc,2147486120,1,1,2,3,1,0,0,0,0,vTaskSuspend,/Users/swchen.tw/git/percepio/poc/runs/tcp-workload-matrix-v1/A08-baseline/build/tasks.o,
by_pc,2147486122,1,1,2,3,1,0,0,0,0,vTaskSuspend,/Users/swchen.tw/git/percepio/poc/runs/tcp-workload-matrix-v1/A08-baseline/build/tasks.o,
by_pc,2147486126,1,1,2,3,1,0,0,0,0,vTaskSuspend,/Users/swchen.tw/git/percepio/poc/runs/tcp-workload-matrix-v1/A08-baseline/build/tasks.o,
by_pc,2147486130,1,1,2,3,1,0,0,0,0,vTaskSuspend,/Users/swchen.tw/git/percepio/poc/runs/tcp-workload-matrix-v1/A08-baseline/build/tasks.o,
by_pc,2147486132,1,2,4,5,1,1,0,0,0,vTaskSuspend,/Users/swchen.tw/git/percepio/poc/runs/tcp-workload-matrix-v1/A08-baseline/build/tasks.o,
by_pc,2147486134,1,1,2,3,1,0,0,0,0,vTaskSuspend,/Users/swchen.tw/git/percepio/poc/runs/tcp-workload-matrix-v1/A08-baseline/build/tasks.o,
by_pc,2147486136,1,1,2,3,1,0,0,0,0,vTaskSuspend,/Users/swchen.tw/git/percepio/poc/runs/tcp-workload-matrix-v1/A08-baseline/build/tasks.o,
by_pc,2147486140,1,2,4,5,1,1,0,0,0,vTaskSuspend,/Users/swchen.tw/git/percepio/poc/runs/tcp-workload-matrix-v1/A08-baseline/build/tasks.o,
by_pc,2147486142,1,1,2,3,1,0,0,0,0,vTaskSuspend,/Users/swchen.tw/git/percepio/poc/runs/tcp-workload-matrix-v1/A08-baseline/build/tasks.o,
by_pc,2147486144,1,27,54,55,1,0,8,18,0,vTaskSuspend,/Users/swchen.tw/git/percepio/poc/runs/tcp-workload-matrix-v1/A08-baseline/build/tasks.o,
by_pc,2147486148,1,1,2,3,1,0,0,0,0,vTaskSuspend,/Users/swchen.tw/git/percepio/poc/runs/tcp-workload-matrix-v1/A08-baseline/build/tasks.o,
by_pc,2147486152,1,1,2,3,1,0,0,0,0,vTaskSuspend,/Users/swchen.tw/git/percepio/poc/runs/tcp-workload-matrix-v1/A08-baseline/build/tasks.o,
by_pc,2147486154,1,21,42,43,1,1,8,0,11,vTaskSuspend,/Users/swchen.tw/git/percepio/poc/runs/tcp-workload-matrix-v1/A08-baseline/build/tasks.o,
by_pc,2147486156,1,2,4,5,1,1,0,0,0,vTaskSuspend,/Users/swchen.tw/git/percepio/poc/runs/tcp-workload-matrix-v1/A08-baseline/build/tasks.o,
by_pc,2147486158,1,1,2,3,1,0,0,0,0,vTaskSuspend,/Users/swchen.tw/git/percepio/poc/runs/tcp-workload-matrix-v1/A08-baseline/build/tasks.o,
by_pc,2147486166,1,1,2,3,1,0,0,0,0,vTaskSuspend,/Users/swchen.tw/git/percepio/poc/runs/tcp-workload-matrix-v1/A08-baseline/build/tasks.o,
by_pc,2147486168,1,1,2,3,1,0,0,0,0,vTaskSuspend,/Users/swchen.tw/git/percepio/poc/runs/tcp-workload-matrix-v1/A08-baseline/build/tasks.o,
by_pc,2147486172,1,1,2,3,1,0,0,0,0,vTaskSuspend,/Users/swchen.tw/git/percepio/poc/runs/tcp-workload-matrix-v1/A08-baseline/build/tasks.o,
by_pc,2147486350,1,28,56,57,1,1,8,18,0,vListInsertEnd,/Users/swchen.tw/git/percepio/poc/runs/tcp-workload-matrix-v1/A08-baseline/build/list.o,
by_pc,2147486352,1,21,42,43,1,1,8,0,11,vListInsertEnd,/Users/swchen.tw/git/percepio/poc/runs/tcp-workload-matrix-v1/A08-baseline/build/list.o,
by_pc,2147486354,1,2,4,5,1,1,0,0,0,vListInsertEnd,/Users/swchen.tw/git/percepio/poc/runs/tcp-workload-matrix-v1/A08-baseline/build/list.o,
by_pc,2147486356,1,21,42,43,1,1,8,0,11,vListInsertEnd,/Users/swchen.tw/git/percepio/poc/runs/tcp-workload-matrix-v1/A08-baseline/build/list.o,
by_pc,2147486358,1,21,42,43,1,1,8,0,11,vListInsertEnd,/Users/swchen.tw/git/percepio/poc/runs/tcp-workload-matrix-v1/A08-baseline/build/list.o,
by_pc,2147486360,1,21,42,43,1,1,8,0,11,vListInsertEnd,/Users/swchen.tw/git/percepio/poc/runs/tcp-workload-matrix-v1/A08-baseline/build/list.o,
by_pc,2147486362,1,21,42,43,1,1,8,0,11,vListInsertEnd,/Users/swchen.tw/git/percepio/poc/runs/tcp-workload-matrix-v1/A08-baseline/build/list.o,
by_pc,2147486364,1,2,4,5,1,1,0,0,0,vListInsertEnd,/Users/swchen.tw/git/percepio/poc/runs/tcp-workload-matrix-v1/A08-baseline/build/list.o,
by_pc,2147486366,1,1,2,3,1,0,0,0,0,vListInsertEnd,/Users/swchen.tw/git/percepio/poc/runs/tcp-workload-matrix-v1/A08-baseline/build/list.o,
by_pc,2147486368,1,21,42,43,1,1,8,0,11,vListInsertEnd,/Users/swchen.tw/git/percepio/poc/runs/tcp-workload-matrix-v1/A08-baseline/build/list.o,
by_pc,2147486370,1,1,2,3,1,0,0,0,0,vListInsertEnd,/Users/swchen.tw/git/percepio/poc/runs/tcp-workload-matrix-v1/A08-baseline/build/list.o,
by_pc,2147486174,1,28,56,57,1,1,8,18,0,vTaskSuspend,/Users/swchen.tw/git/percepio/poc/runs/tcp-workload-matrix-v1/A08-baseline/build/tasks.o,
by_pc,2147486178,1,1,2,3,1,0,0,0,0,vTaskSuspend,/Users/swchen.tw/git/percepio/poc/runs/tcp-workload-matrix-v1/A08-baseline/build/tasks.o,
by_pc,2147486180,1,1,2,3,1,0,0,0,0,vTaskSuspend,/Users/swchen.tw/git/percepio/poc/runs/tcp-workload-matrix-v1/A08-baseline/build/tasks.o,
by_pc,2147486188,1,2,4,5,1,1,0,0,0,vTaskSuspend,/Users/swchen.tw/git/percepio/poc/runs/tcp-workload-matrix-v1/A08-baseline/build/tasks.o,
by_pc,2147486190,1,1,2,3,1,0,0,0,0,vTaskSuspend,/Users/swchen.tw/git/percepio/poc/runs/tcp-workload-matrix-v1/A08-baseline/build/tasks.o,
by_pc,2147486192,1,21,42,43,1,1,8,0,11,vTaskSuspend,/Users/swchen.tw/git/percepio/poc/runs/tcp-workload-matrix-v1/A08-baseline/build/tasks.o,
by_pc,2147486194,1,1,2,3,1,0,0,0,0,vTaskSuspend,/Users/swchen.tw/git/percepio/poc/runs/tcp-workload-matrix-v1/A08-baseline/build/tasks.o,
by_pc,2147486196,1,1,2,3,1,0,0,0,0,vTaskSuspend,/Users/swchen.tw/git/percepio/poc/runs/tcp-workload-matrix-v1/A08-baseline/build/tasks.o,
by_pc,2147486200,1,1,2,3,1,0,0,0,0,vTaskSuspend,/Users/swchen.tw/git/percepio/poc/runs/tcp-workload-matrix-v1/A08-baseline/build/tasks.o,
by_pc,2147486204,1,2,4,5,1,1,0,0,0,vTaskSuspend,/Users/swchen.tw/git/percepio/poc/runs/tcp-workload-matrix-v1/A08-baseline/build/tasks.o,
by_pc,2147486208,1,27,54,55,1,0,8,18,0,vTaskSuspend,/Users/swchen.tw/git/percepio/poc/runs/tcp-workload-matrix-v1/A08-baseline/build/tasks.o,
by_pc,2147486210,1,1,2,3,1,0,0,0,0,vTaskSuspend,/Users/swchen.tw/git/percepio/poc/runs/tcp-workload-matrix-v1/A08-baseline/build/tasks.o,
by_pc,2147486214,1,2,4,5,1,1,0,0,0,vTaskSuspend,/Users/swchen.tw/git/percepio/poc/runs/tcp-workload-matrix-v1/A08-baseline/build/tasks.o,
by_pc,2147486216,1,1,2,3,1,0,0,0,0,vTaskSuspend,/Users/swchen.tw/git/percepio/poc/runs/tcp-workload-matrix-v1/A08-baseline/build/tasks.o,
by_pc,2147486218,1,21,42,43,1,1,8,0,11,vTaskSuspend,/Users/swchen.tw/git/percepio/poc/runs/tcp-workload-matrix-v1/A08-baseline/build/tasks.o,
by_pc,2147486220,1,1,2,3,1,0,0,0,0,vTaskSuspend,/Users/swchen.tw/git/percepio/poc/runs/tcp-workload-matrix-v1/A08-baseline/build/tasks.o,
by_pc,2147484174,1,27,54,55,1,0,8,18,0,prvResetNextTaskUnblockTime,/Users/swchen.tw/git/percepio/poc/runs/tcp-workload-matrix-v1/A08-baseline/build/tasks.o,
by_pc,2147484178,1,2,4,5,1,1,0,0,0,prvResetNextTaskUnblockTime,/Users/swchen.tw/git/percepio/poc/runs/tcp-workload-matrix-v1/A08-baseline/build/tasks.o,
by_pc,2147484180,1,2,4,5,1,1,0,0,0,prvResetNextTaskUnblockTime,/Users/swchen.tw/git/percepio/poc/runs/tcp-workload-matrix-v1/A08-baseline/build/tasks.o,
by_pc,2147484182,1,1,2,3,1,0,0,0,0,prvResetNextTaskUnblockTime,/Users/swchen.tw/git/percepio/poc/runs/tcp-workload-matrix-v1/A08-baseline/build/tasks.o,
by_pc,2147484184,1,1,2,3,1,0,0,0,0,prvResetNextTaskUnblockTime,/Users/swchen.tw/git/percepio/poc/runs/tcp-workload-matrix-v1/A08-baseline/build/tasks.o,
by_pc,2147484186,1,21,42,43,1,1,8,0,11,prvResetNextTaskUnblockTime,/Users/swchen.tw/git/percepio/poc/runs/tcp-workload-matrix-v1/A08-baseline/build/tasks.o,
by_pc,2147484190,1,1,2,3,1,0,0,0,0,prvResetNextTaskUnblockTime,/Users/swchen.tw/git/percepio/poc/runs/tcp-workload-matrix-v1/A08-baseline/build/tasks.o,
by_pc,2147486224,1,2,4,5,1,1,0,0,0,vTaskSuspend,/Users/swchen.tw/git/percepio/poc/runs/tcp-workload-matrix-v1/A08-baseline/build/tasks.o,
by_pc,2147486226,1,1,2,3,1,0,0,0,0,vTaskSuspend,/Users/swchen.tw/git/percepio/poc/runs/tcp-workload-matrix-v1/A08-baseline/build/tasks.o,
by_pc,2147486228,1,21,42,43,1,1,8,0,11,vTaskSuspend,/Users/swchen.tw/git/percepio/poc/runs/tcp-workload-matrix-v1/A08-baseline/build/tasks.o,
by_pc,2147486230,1,1,2,3,1,0,0,0,0,vTaskSuspend,/Users/swchen.tw/git/percepio/poc/runs/tcp-workload-matrix-v1/A08-baseline/build/tasks.o,
by_pc,2147486232,1,1,2,3,1,0,0,0,0,vTaskSuspend,/Users/swchen.tw/git/percepio/poc/runs/tcp-workload-matrix-v1/A08-baseline/build/tasks.o,
by_pc,2147486236,1,2,4,5,1,1,0,0,0,vTaskSuspend,/Users/swchen.tw/git/percepio/poc/runs/tcp-workload-matrix-v1/A08-baseline/build/tasks.o,
by_pc,2147486240,1,1,2,3,1,0,0,0,0,vTaskSuspend,/Users/swchen.tw/git/percepio/poc/runs/tcp-workload-matrix-v1/A08-baseline/build/tasks.o,
by_pc,2147486244,1,2,4,5,1,1,0,0,0,vTaskSuspend,/Users/swchen.tw/git/percepio/poc/runs/tcp-workload-matrix-v1/A08-baseline/build/tasks.o,
by_pc,2147486248,1,1,2,3,1,0,0,0,0,vTaskSuspend,/Users/swchen.tw/git/percepio/poc/runs/tcp-workload-matrix-v1/A08-baseline/build/tasks.o,
by_pc,2147486250,1,2,4,5,1,1,0,0,0,vTaskSuspend,/Users/swchen.tw/git/percepio/poc/runs/tcp-workload-matrix-v1/A08-baseline/build/tasks.o,
by_pc,2147486254,1,1,2,3,1,0,0,0,0,vTaskSuspend,/Users/swchen.tw/git/percepio/poc/runs/tcp-workload-matrix-v1/A08-baseline/build/tasks.o,
by_pc,2147486274,1,27,54,55,1,0,8,18,0,vTaskSuspend,/Users/swchen.tw/git/percepio/poc/runs/tcp-workload-matrix-v1/A08-baseline/build/tasks.o,
by_pc,2147519336,1,1,2,3,1,0,0,0,0,unresolved@/Users/swchen.tw/git/percepio/poc/runs/tcp-workload-matrix-v1/A08-baseline/build/portASM.o:2147519232,/Users/swchen.tw/git/percepio/poc/runs/tcp-workload-matrix-v1/A08-baseline/build/portASM.o,
by_pc,2147519338,1,21,42,43,1,1,8,0,11,unresolved@/Users/swchen.tw/git/percepio/poc/runs/tcp-workload-matrix-v1/A08-baseline/build/portASM.o:2147519232,/Users/swchen.tw/git/percepio/poc/runs/tcp-workload-matrix-v1/A08-baseline/build/portASM.o,
by_pc,2147519340,1,2,4,5,1,1,0,0,0,unresolved@/Users/swchen.tw/git/percepio/poc/runs/tcp-workload-matrix-v1/A08-baseline/build/portASM.o:2147519232,/Users/swchen.tw/git/percepio/poc/runs/tcp-workload-matrix-v1/A08-baseline/build/portASM.o,
by_pc,2147519344,1,1,2,3,1,0,0,0,0,unresolved@/Users/swchen.tw/git/percepio/poc/runs/tcp-workload-matrix-v1/A08-baseline/build/portASM.o:2147519232,/Users/swchen.tw/git/percepio/poc/runs/tcp-workload-matrix-v1/A08-baseline/build/portASM.o,
by_pc,2147519418,1,1,2,3,1,0,0,0,0,unresolved@/Users/swchen.tw/git/percepio/poc/runs/tcp-workload-matrix-v1/A08-baseline/build/portASM.o:2147519232,/Users/swchen.tw/git/percepio/poc/runs/tcp-workload-matrix-v1/A08-baseline/build/portASM.o,
by_pc,2147519420,1,1,2,3,1,0,0,0,0,unresolved@/Users/swchen.tw/git/percepio/poc/runs/tcp-workload-matrix-v1/A08-baseline/build/portASM.o:2147519232,/Users/swchen.tw/git/percepio/poc/runs/tcp-workload-matrix-v1/A08-baseline/build/portASM.o,
by_pc,2147519424,1,1,2,3,1,0,0,0,0,unresolved@/Users/swchen.tw/git/percepio/poc/runs/tcp-workload-matrix-v1/A08-baseline/build/portASM.o:2147519232,/Users/swchen.tw/git/percepio/poc/runs/tcp-workload-matrix-v1/A08-baseline/build/portASM.o,
by_pc,2147486024,1,2,4,5,1,1,0,0,0,vTaskSwitchContext,/Users/swchen.tw/git/percepio/poc/runs/tcp-workload-matrix-v1/A08-baseline/build/tasks.o,
by_pc,2147486026,1,21,42,43,1,1,8,0,11,vTaskSwitchContext,/Users/swchen.tw/git/percepio/poc/runs/tcp-workload-matrix-v1/A08-baseline/build/tasks.o,
by_pc,2147519428,1,1,2,3,1,0,0,0,0,unresolved@/Users/swchen.tw/git/percepio/poc/runs/tcp-workload-matrix-v1/A08-baseline/build/portASM.o:2147519232,/Users/swchen.tw/git/percepio/poc/runs/tcp-workload-matrix-v1/A08-baseline/build/portASM.o,
by_pc,2147508042,1,27,54,55,1,0,8,18,0,tcp_receive,/Users/swchen.tw/git/percepio/poc/runs/tcp-workload-matrix-v1/A08-baseline/build/tcp_in.o,
by_pc,2147508044,1,21,42,43,1,1,8,0,11,tcp_receive,/Users/swchen.tw/git/percepio/poc/runs/tcp-workload-matrix-v1/A08-baseline/build/tcp_in.o,
by_pc,2147508048,1,2,4,5,1,1,0,0,0,tcp_receive,/Users/swchen.tw/git/percepio/poc/runs/tcp-workload-matrix-v1/A08-baseline/build/tcp_in.o,
by_pc,2147508052,1,1,2,3,1,0,0,0,0,tcp_receive,/Users/swchen.tw/git/percepio/poc/runs/tcp-workload-matrix-v1/A08-baseline/build/tcp_in.o,
by_pc,2147508054,1,1,2,3,1,0,0,0,0,tcp_receive,/Users/swchen.tw/git/percepio/poc/runs/tcp-workload-matrix-v1/A08-baseline/build/tcp_in.o,
by_pc,2147507108,5,10,20,25,5,5,0,0,0,tcp_receive,/Users/swchen.tw/git/percepio/poc/runs/tcp-workload-matrix-v1/A08-baseline/build/tcp_in.o,
by_pc,2147507110,5,10,20,25,5,5,0,0,0,tcp_receive,/Users/swchen.tw/git/percepio/poc/runs/tcp-workload-matrix-v1/A08-baseline/build/tcp_in.o,
by_pc,2147507112,5,5,10,15,5,0,0,0,0,tcp_receive,/Users/swchen.tw/git/percepio/poc/runs/tcp-workload-matrix-v1/A08-baseline/build/tcp_in.o,
by_pc,2147507114,5,5,10,15,5,0,0,0,0,tcp_receive,/Users/swchen.tw/git/percepio/poc/runs/tcp-workload-matrix-v1/A08-baseline/build/tcp_in.o,
by_pc,2147507118,5,10,20,25,5,5,0,0,0,tcp_receive,/Users/swchen.tw/git/percepio/poc/runs/tcp-workload-matrix-v1/A08-baseline/build/tcp_in.o,
by_pc,2147507122,5,10,20,25,5,5,0,0,0,tcp_receive,/Users/swchen.tw/git/percepio/poc/runs/tcp-workload-matrix-v1/A08-baseline/build/tcp_in.o,
by_pc,2147507126,5,5,10,15,5,0,0,0,0,tcp_receive,/Users/swchen.tw/git/percepio/poc/runs/tcp-workload-matrix-v1/A08-baseline/build/tcp_in.o,
by_pc,2147507130,5,5,10,15,5,0,0,0,0,tcp_receive,/Users/swchen.tw/git/percepio/poc/runs/tcp-workload-matrix-v1/A08-baseline/build/tcp_in.o,
by_pc,2147507134,5,5,10,15,5,0,0,0,0,tcp_receive,/Users/swchen.tw/git/percepio/poc/runs/tcp-workload-matrix-v1/A08-baseline/build/tcp_in.o,
by_pc,2147507136,5,29,58,63,5,0,24,0,0,tcp_receive,/Users/swchen.tw/git/percepio/poc/runs/tcp-workload-matrix-v1/A08-baseline/build/tcp_in.o,
by_pc,2147507138,5,5,10,15,5,0,0,0,0,tcp_receive,/Users/swchen.tw/git/percepio/poc/runs/tcp-workload-matrix-v1/A08-baseline/build/tcp_in.o,
by_pc,2147507140,5,5,10,15,5,0,0,0,0,tcp_receive,/Users/swchen.tw/git/percepio/poc/runs/tcp-workload-matrix-v1/A08-baseline/build/tcp_in.o,
by_pc,2147507142,5,105,210,215,5,5,40,0,55,tcp_receive,/Users/swchen.tw/git/percepio/poc/runs/tcp-workload-matrix-v1/A08-baseline/build/tcp_in.o,
by_pc,2147507146,5,5,10,15,5,0,0,0,0,tcp_receive,/Users/swchen.tw/git/percepio/poc/runs/tcp-workload-matrix-v1/A08-baseline/build/tcp_in.o,
by_pc,2147507150,5,5,10,15,5,0,0,0,0,tcp_receive,/Users/swchen.tw/git/percepio/poc/runs/tcp-workload-matrix-v1/A08-baseline/build/tcp_in.o,
by_pc,2147507160,5,10,20,25,5,5,0,0,0,tcp_receive,/Users/swchen.tw/git/percepio/poc/runs/tcp-workload-matrix-v1/A08-baseline/build/tcp_in.o,
by_pc,2147507164,5,5,10,15,5,0,0,0,0,tcp_receive,/Users/swchen.tw/git/percepio/poc/runs/tcp-workload-matrix-v1/A08-baseline/build/tcp_in.o,
by_pc,2147507166,5,105,210,215,5,5,40,0,55,tcp_receive,/Users/swchen.tw/git/percepio/poc/runs/tcp-workload-matrix-v1/A08-baseline/build/tcp_in.o,
by_pc,2147507170,5,5,10,15,5,0,0,0,0,tcp_receive,/Users/swchen.tw/git/percepio/poc/runs/tcp-workload-matrix-v1/A08-baseline/build/tcp_in.o,
by_pc,2147507174,5,5,10,15,5,0,0,0,0,tcp_receive,/Users/swchen.tw/git/percepio/poc/runs/tcp-workload-matrix-v1/A08-baseline/build/tcp_in.o,
by_pc,2147507176,5,5,10,15,5,0,0,0,0,tcp_receive,/Users/swchen.tw/git/percepio/poc/runs/tcp-workload-matrix-v1/A08-baseline/build/tcp_in.o,
by_pc,2147507178,5,105,210,215,5,5,40,0,55,tcp_receive,/Users/swchen.tw/git/percepio/poc/runs/tcp-workload-matrix-v1/A08-baseline/build/tcp_in.o,
by_pc,2147507182,5,5,10,15,5,0,0,0,0,tcp_receive,/Users/swchen.tw/git/percepio/poc/runs/tcp-workload-matrix-v1/A08-baseline/build/tcp_in.o,
by_pc,2147507184,5,105,210,215,5,5,40,0,55,tcp_receive,/Users/swchen.tw/git/percepio/poc/runs/tcp-workload-matrix-v1/A08-baseline/build/tcp_in.o,
by_pc,2147515464,4,4,8,12,4,0,0,0,0,tcp_output,/Users/swchen.tw/git/percepio/poc/runs/tcp-workload-matrix-v1/A08-baseline/build/tcp_out.o,
by_pc,2147497310,1,2,4,5,1,1,0,0,0,session_task,/Users/swchen.tw/git/percepio/poc/runs/tcp-workload-matrix-v1/A08-baseline/build/tcp_request_response_irq.o,
by_pc,2147497312,1,2,4,5,1,1,0,0,0,session_task,/Users/swchen.tw/git/percepio/poc/runs/tcp-workload-matrix-v1/A08-baseline/build/tcp_request_response_irq.o,
by_pc,2147497314,1,1,2,3,1,0,0,0,0,session_task,/Users/swchen.tw/git/percepio/poc/runs/tcp-workload-matrix-v1/A08-baseline/build/tcp_request_response_irq.o,
by_pc,2147497316,1,1,2,3,1,0,0,0,0,session_task,/Users/swchen.tw/git/percepio/poc/runs/tcp-workload-matrix-v1/A08-baseline/build/tcp_request_response_irq.o,
by_pc,2147497320,1,21,42,43,1,1,8,0,11,session_task,/Users/swchen.tw/git/percepio/poc/runs/tcp-workload-matrix-v1/A08-baseline/build/tcp_request_response_irq.o,
by_pc,2147497322,1,1,2,3,1,0,0,0,0,session_task,/Users/swchen.tw/git/percepio/poc/runs/tcp-workload-matrix-v1/A08-baseline/build/tcp_request_response_irq.o,
by_pc,2147497324,1,1,2,3,1,0,0,0,0,session_task,/Users/swchen.tw/git/percepio/poc/runs/tcp-workload-matrix-v1/A08-baseline/build/tcp_request_response_irq.o,
by_pc,2147497328,1,1,2,3,1,0,0,0,0,session_task,/Users/swchen.tw/git/percepio/poc/runs/tcp-workload-matrix-v1/A08-baseline/build/tcp_request_response_irq.o,
by_pc,2147497332,1,1,2,3,1,0,0,0,0,session_task,/Users/swchen.tw/git/percepio/poc/runs/tcp-workload-matrix-v1/A08-baseline/build/tcp_request_response_irq.o,
by_pc,2147497334,1,1,2,3,1,0,0,0,0,session_task,/Users/swchen.tw/git/percepio/poc/runs/tcp-workload-matrix-v1/A08-baseline/build/tcp_request_response_irq.o,
by_pc,2147508234,1,2,4,5,1,1,0,0,0,tcp_receive,/Users/swchen.tw/git/percepio/poc/runs/tcp-workload-matrix-v1/A08-baseline/build/tcp_in.o,
by_pc,2147508238,1,1,2,3,1,0,0,0,0,tcp_receive,/Users/swchen.tw/git/percepio/poc/runs/tcp-workload-matrix-v1/A08-baseline/build/tcp_in.o,
by_pc,2147508242,1,21,42,43,1,1,8,0,11,tcp_receive,/Users/swchen.tw/git/percepio/poc/runs/tcp-workload-matrix-v1/A08-baseline/build/tcp_in.o,
by_pc,2147511708,1,2,4,5,1,1,0,0,0,tcp_input,/Users/swchen.tw/git/percepio/poc/runs/tcp-workload-matrix-v1/A08-baseline/build/tcp_in.o,
by_pc,2147511712,1,1,2,3,1,0,0,0,0,tcp_input,/Users/swchen.tw/git/percepio/poc/runs/tcp-workload-matrix-v1/A08-baseline/build/tcp_in.o,
by_pc,2147511716,1,21,42,43,1,1,8,0,11,tcp_input,/Users/swchen.tw/git/percepio/poc/runs/tcp-workload-matrix-v1/A08-baseline/build/tcp_in.o,
by_pc,2147511720,1,1,2,3,1,0,0,0,0,tcp_input,/Users/swchen.tw/git/percepio/poc/runs/tcp-workload-matrix-v1/A08-baseline/build/tcp_in.o,
by_pc,2147511722,1,39,78,79,1,1,8,18,11,tcp_input,/Users/swchen.tw/git/percepio/poc/runs/tcp-workload-matrix-v1/A08-baseline/build/tcp_in.o,
by_pc,2147511724,1,1,2,3,1,0,0,0,0,tcp_input,/Users/swchen.tw/git/percepio/poc/runs/tcp-workload-matrix-v1/A08-baseline/build/tcp_in.o,
by_pc,2147512208,1,2,4,5,1,1,0,0,0,tcp_input,/Users/swchen.tw/git/percepio/poc/runs/tcp-workload-matrix-v1/A08-baseline/build/tcp_in.o,
by_pc,2147512210,1,1,2,3,1,0,0,0,0,tcp_input,/Users/swchen.tw/git/percepio/poc/runs/tcp-workload-matrix-v1/A08-baseline/build/tcp_in.o,
by_pc,2147512254,1,3,6,7,2,1,0,0,0,tcp_input,/Users/swchen.tw/git/percepio/poc/runs/tcp-workload-matrix-v1/A08-baseline/build/tcp_in.o,
by_pc,2147512258,1,1,2,3,1,0,0,0,0,tcp_input,/Users/swchen.tw/git/percepio/poc/runs/tcp-workload-matrix-v1/A08-baseline/build/tcp_in.o,
by_pc,2147512260,1,1,2,3,1,0,0,0,0,tcp_input,/Users/swchen.tw/git/percepio/poc/runs/tcp-workload-matrix-v1/A08-baseline/build/tcp_in.o,
by_pc,2147512264,1,1,2,3,1,0,0,0,0,tcp_input,/Users/swchen.tw/git/percepio/poc/runs/tcp-workload-matrix-v1/A08-baseline/build/tcp_in.o,
by_pc,2147512268,1,1,2,3,1,0,0,0,0,tcp_input,/Users/swchen.tw/git/percepio/poc/runs/tcp-workload-matrix-v1/A08-baseline/build/tcp_in.o,
by_pc,2147512270,1,21,42,43,1,1,8,0,11,tcp_input,/Users/swchen.tw/git/percepio/poc/runs/tcp-workload-matrix-v1/A08-baseline/build/tcp_in.o,
by_pc,2147512274,1,2,4,5,1,1,0,0,0,tcp_input,/Users/swchen.tw/git/percepio/poc/runs/tcp-workload-matrix-v1/A08-baseline/build/tcp_in.o,
by_pc,2147512278,1,1,2,3,1,0,0,0,0,tcp_input,/Users/swchen.tw/git/percepio/poc/runs/tcp-workload-matrix-v1/A08-baseline/build/tcp_in.o,
by_pc,2147512280,1,2,4,5,1,1,0,0,0,tcp_input,/Users/swchen.tw/git/percepio/poc/runs/tcp-workload-matrix-v1/A08-baseline/build/tcp_in.o,
by_pc,2147512282,1,1,2,3,1,0,0,0,0,tcp_input,/Users/swchen.tw/git/percepio/poc/runs/tcp-workload-matrix-v1/A08-baseline/build/tcp_in.o,
by_pc,2147512284,1,1,2,3,1,0,0,0,0,tcp_input,/Users/swchen.tw/git/percepio/poc/runs/tcp-workload-matrix-v1/A08-baseline/build/tcp_in.o,
by_pc,2147512286,1,1,2,3,1,0,0,0,0,tcp_input,/Users/swchen.tw/git/percepio/poc/runs/tcp-workload-matrix-v1/A08-baseline/build/tcp_in.o,
by_pc,2147512288,1,1,2,3,1,0,0,0,0,tcp_input,/Users/swchen.tw/git/percepio/poc/runs/tcp-workload-matrix-v1/A08-baseline/build/tcp_in.o,
by_pc,2147495084,1,1,2,3,1,0,0,0,0,on_recv,/Users/swchen.tw/git/percepio/poc/runs/tcp-workload-matrix-v1/A08-baseline/build/tcp_request_response_irq.o,
by_pc,2147495086,1,21,42,43,1,1,8,0,11,on_recv,/Users/swchen.tw/git/percepio/poc/runs/tcp-workload-matrix-v1/A08-baseline/build/tcp_request_response_irq.o,
by_pc,2147512290,1,1,2,3,1,0,0,0,0,tcp_input,/Users/swchen.tw/git/percepio/poc/runs/tcp-workload-matrix-v1/A08-baseline/build/tcp_in.o,
by_pc,2147512292,1,1,2,3,1,0,0,0,0,tcp_input,/Users/swchen.tw/git/percepio/poc/runs/tcp-workload-matrix-v1/A08-baseline/build/tcp_in.o,
by_pc,2147497338,1,9,18,19,1,0,8,0,0,session_task,/Users/swchen.tw/git/percepio/poc/runs/tcp-workload-matrix-v1/A08-baseline/build/tcp_request_response_irq.o,
by_pc,2147497342,1,29,58,59,2,1,8,18,0,session_task,/Users/swchen.tw/git/percepio/poc/runs/tcp-workload-matrix-v1/A08-baseline/build/tcp_request_response_irq.o,
by_pc,2147497346,1,1,2,3,1,0,0,0,0,session_task,/Users/swchen.tw/git/percepio/poc/runs/tcp-workload-matrix-v1/A08-baseline/build/tcp_request_response_irq.o,
by_pc,2147497348,1,2,4,5,1,1,0,0,0,session_task,/Users/swchen.tw/git/percepio/poc/runs/tcp-workload-matrix-v1/A08-baseline/build/tcp_request_response_irq.o,
by_pc,2147497352,1,2,4,5,1,1,0,0,0,session_task,/Users/swchen.tw/git/percepio/poc/runs/tcp-workload-matrix-v1/A08-baseline/build/tcp_request_response_irq.o,
by_pc,2147497354,1,1,2,3,1,0,0,0,0,session_task,/Users/swchen.tw/git/percepio/poc/runs/tcp-workload-matrix-v1/A08-baseline/build/tcp_request_response_irq.o,
by_pc,2147497356,1,1,2,3,1,0,0,0,0,session_task,/Users/swchen.tw/git/percepio/poc/runs/tcp-workload-matrix-v1/A08-baseline/build/tcp_request_response_irq.o,
by_pc,2147497376,1,2,4,5,1,1,0,0,0,session_task,/Users/swchen.tw/git/percepio/poc/runs/tcp-workload-matrix-v1/A08-baseline/build/tcp_request_response_irq.o,
by_pc,2147497378,1,1,2,3,1,0,0,0,0,session_task,/Users/swchen.tw/git/percepio/poc/runs/tcp-workload-matrix-v1/A08-baseline/build/tcp_request_response_irq.o,
by_pc,2147497380,1,1,2,3,1,0,0,0,0,session_task,/Users/swchen.tw/git/percepio/poc/runs/tcp-workload-matrix-v1/A08-baseline/build/tcp_request_response_irq.o,
by_pc,2147497382,1,1,2,3,1,0,0,0,0,session_task,/Users/swchen.tw/git/percepio/poc/runs/tcp-workload-matrix-v1/A08-baseline/build/tcp_request_response_irq.o,
by_pc,2147497386,1,1,2,3,1,0,0,0,0,session_task,/Users/swchen.tw/git/percepio/poc/runs/tcp-workload-matrix-v1/A08-baseline/build/tcp_request_response_irq.o,
by_pc,2147497390,1,1,2,3,1,0,0,0,0,session_task,/Users/swchen.tw/git/percepio/poc/runs/tcp-workload-matrix-v1/A08-baseline/build/tcp_request_response_irq.o,
by_pc,2147497394,1,2,4,5,1,1,0,0,0,session_task,/Users/swchen.tw/git/percepio/poc/runs/tcp-workload-matrix-v1/A08-baseline/build/tcp_request_response_irq.o,
by_pc,2147497398,1,1,2,3,1,0,0,0,0,session_task,/Users/swchen.tw/git/percepio/poc/runs/tcp-workload-matrix-v1/A08-baseline/build/tcp_request_response_irq.o,
by_pc,2147504926,2,36,72,74,2,0,16,18,0,tcp_close,/Users/swchen.tw/git/percepio/poc/runs/tcp-workload-matrix-v1/A08-baseline/build/tcp.o,
by_pc,2147504928,2,4,8,10,2,2,0,0,0,tcp_close,/Users/swchen.tw/git/percepio/poc/runs/tcp-workload-matrix-v1/A08-baseline/build/tcp.o,
by_pc,2147504930,2,2,4,6,2,0,0,0,0,tcp_close,/Users/swchen.tw/git/percepio/poc/runs/tcp-workload-matrix-v1/A08-baseline/build/tcp.o,
by_pc,2147504932,2,2,4,6,2,0,0,0,0,tcp_close,/Users/swchen.tw/git/percepio/poc/runs/tcp-workload-matrix-v1/A08-baseline/build/tcp.o,
by_pc,2147504936,1,2,4,5,1,1,0,0,0,tcp_close,/Users/swchen.tw/git/percepio/poc/runs/tcp-workload-matrix-v1/A08-baseline/build/tcp.o,
by_pc,2147504940,1,1,2,3,1,0,0,0,0,tcp_close,/Users/swchen.tw/git/percepio/poc/runs/tcp-workload-matrix-v1/A08-baseline/build/tcp.o,
by_pc,2147504944,1,21,42,43,1,1,8,0,11,tcp_close,/Users/swchen.tw/git/percepio/poc/runs/tcp-workload-matrix-v1/A08-baseline/build/tcp.o,
by_pc,2147504948,2,2,4,6,2,0,0,0,0,tcp_close,/Users/swchen.tw/git/percepio/poc/runs/tcp-workload-matrix-v1/A08-baseline/build/tcp.o,
by_pc,2147504950,2,2,4,6,2,0,0,0,0,tcp_close,/Users/swchen.tw/git/percepio/poc/runs/tcp-workload-matrix-v1/A08-baseline/build/tcp.o,
by_pc,2147504632,2,36,72,74,2,0,16,18,0,tcp_close_shutdown,/Users/swchen.tw/git/percepio/poc/runs/tcp-workload-matrix-v1/A08-baseline/build/tcp.o,
by_pc,2147504634,2,42,84,86,2,2,16,0,22,tcp_close_shutdown,/Users/swchen.tw/git/percepio/poc/runs/tcp-workload-matrix-v1/A08-baseline/build/tcp.o,
by_pc,2147504636,2,42,84,86,2,2,16,0,22,tcp_close_shutdown,/Users/swchen.tw/git/percepio/poc/runs/tcp-workload-matrix-v1/A08-baseline/build/tcp.o,
by_pc,2147504638,2,42,84,86,2,2,16,0,22,tcp_close_shutdown,/Users/swchen.tw/git/percepio/poc/runs/tcp-workload-matrix-v1/A08-baseline/build/tcp.o,
by_pc,2147504640,2,38,76,78,2,2,16,18,0,tcp_close_shutdown,/Users/swchen.tw/git/percepio/poc/runs/tcp-workload-matrix-v1/A08-baseline/build/tcp.o,
by_pc,2147504642,2,2,4,6,2,0,0,0,0,tcp_close_shutdown,/Users/swchen.tw/git/percepio/poc/runs/tcp-workload-matrix-v1/A08-baseline/build/tcp.o,
by_pc,2147504644,2,2,4,6,2,0,0,0,0,tcp_close_shutdown,/Users/swchen.tw/git/percepio/poc/runs/tcp-workload-matrix-v1/A08-baseline/build/tcp.o,
by_pc,2147504646,2,2,4,6,2,0,0,0,0,tcp_close_shutdown,/Users/swchen.tw/git/percepio/poc/runs/tcp-workload-matrix-v1/A08-baseline/build/tcp.o,
by_pc,2147504650,2,2,4,6,2,0,0,0,0,tcp_close_shutdown,/Users/swchen.tw/git/percepio/poc/runs/tcp-workload-matrix-v1/A08-baseline/build/tcp.o,
by_pc,2147504652,2,2,4,6,2,0,0,0,0,tcp_close_shutdown,/Users/swchen.tw/git/percepio/poc/runs/tcp-workload-matrix-v1/A08-baseline/build/tcp.o,
by_pc,2147504656,2,2,4,6,2,0,0,0,0,tcp_close_shutdown,/Users/swchen.tw/git/percepio/poc/runs/tcp-workload-matrix-v1/A08-baseline/build/tcp.o,
by_pc,2147504658,1,2,4,5,1,1,0,0,0,tcp_close_shutdown,/Users/swchen.tw/git/percepio/poc/runs/tcp-workload-matrix-v1/A08-baseline/build/tcp.o,
by_pc,2147504660,1,1,2,3,1,0,0,0,0,tcp_close_shutdown,/Users/swchen.tw/git/percepio/poc/runs/tcp-workload-matrix-v1/A08-baseline/build/tcp.o,
by_pc,2147504662,1,2,4,5,1,1,0,0,0,tcp_close_shutdown,/Users/swchen.tw/git/percepio/poc/runs/tcp-workload-matrix-v1/A08-baseline/build/tcp.o,
by_pc,2147504666,1,1,2,3,1,0,0,0,0,tcp_close_shutdown,/Users/swchen.tw/git/percepio/poc/runs/tcp-workload-matrix-v1/A08-baseline/build/tcp.o,
by_pc,2147504668,1,1,2,3,1,0,0,0,0,tcp_close_shutdown,/Users/swchen.tw/git/percepio/poc/runs/tcp-workload-matrix-v1/A08-baseline/build/tcp.o,
by_pc,2147504672,1,1,2,3,1,0,0,0,0,tcp_close_shutdown,/Users/swchen.tw/git/percepio/poc/runs/tcp-workload-matrix-v1/A08-baseline/build/tcp.o,
by_pc,2147504912,1,1,2,3,1,0,0,0,0,tcp_close_shutdown,/Users/swchen.tw/git/percepio/poc/runs/tcp-workload-matrix-v1/A08-baseline/build/tcp.o,
by_pc,2147504914,1,2,4,5,1,1,0,0,0,tcp_close_shutdown,/Users/swchen.tw/git/percepio/poc/runs/tcp-workload-matrix-v1/A08-baseline/build/tcp.o,
by_pc,2147504916,1,2,4,5,1,1,0,0,0,tcp_close_shutdown,/Users/swchen.tw/git/percepio/poc/runs/tcp-workload-matrix-v1/A08-baseline/build/tcp.o,
by_pc,2147504918,1,2,4,5,1,1,0,0,0,tcp_close_shutdown,/Users/swchen.tw/git/percepio/poc/runs/tcp-workload-matrix-v1/A08-baseline/build/tcp.o,
by_pc,2147504920,1,1,2,3,1,0,0,0,0,tcp_close_shutdown,/Users/swchen.tw/git/percepio/poc/runs/tcp-workload-matrix-v1/A08-baseline/build/tcp.o,
by_pc,2147504922,1,1,2,3,1,0,0,0,0,tcp_close_shutdown,/Users/swchen.tw/git/percepio/poc/runs/tcp-workload-matrix-v1/A08-baseline/build/tcp.o,
by_pc,2147502750,1,27,54,55,1,0,8,18,0,tcp_close_shutdown_fin,/Users/swchen.tw/git/percepio/poc/runs/tcp-workload-matrix-v1/A08-baseline/build/tcp.o,
by_pc,2147502752,1,21,42,43,1,1,8,0,11,tcp_close_shutdown_fin,/Users/swchen.tw/git/percepio/poc/runs/tcp-workload-matrix-v1/A08-baseline/build/tcp.o,
by_pc,2147502754,1,21,42,43,1,1,8,0,11,tcp_close_shutdown_fin,/Users/swchen.tw/git/percepio/poc/runs/tcp-workload-matrix-v1/A08-baseline/build/tcp.o,
by_pc,2147502756,1,2,4,5,1,1,0,0,0,tcp_close_shutdown_fin,/Users/swchen.tw/git/percepio/poc/runs/tcp-workload-matrix-v1/A08-baseline/build/tcp.o,
by_pc,2147502758,1,1,2,3,1,0,0,0,0,tcp_close_shutdown_fin,/Users/swchen.tw/git/percepio/poc/runs/tcp-workload-matrix-v1/A08-baseline/build/tcp.o,
by_pc,2147502760,1,1,2,3,1,0,0,0,0,tcp_close_shutdown_fin,/Users/swchen.tw/git/percepio/poc/runs/tcp-workload-matrix-v1/A08-baseline/build/tcp.o,
by_pc,2147502762,1,1,2,3,1,0,0,0,0,tcp_close_shutdown_fin,/Users/swchen.tw/git/percepio/poc/runs/tcp-workload-matrix-v1/A08-baseline/build/tcp.o,
by_pc,2147502766,1,1,2,3,1,0,0,0,0,tcp_close_shutdown_fin,/Users/swchen.tw/git/percepio/poc/runs/tcp-workload-matrix-v1/A08-baseline/build/tcp.o,
by_pc,2147502768,1,1,2,3,1,0,0,0,0,tcp_close_shutdown_fin,/Users/swchen.tw/git/percepio/poc/runs/tcp-workload-matrix-v1/A08-baseline/build/tcp.o,
by_pc,2147502806,1,27,54,55,1,0,8,18,0,tcp_close_shutdown_fin,/Users/swchen.tw/git/percepio/poc/runs/tcp-workload-matrix-v1/A08-baseline/build/tcp.o,
by_pc,2147514464,1,27,54,55,1,0,8,18,0,tcp_send_fin,/Users/swchen.tw/git/percepio/poc/runs/tcp-workload-matrix-v1/A08-baseline/build/tcp_out.o,
by_pc,2147514466,1,21,42,43,1,1,8,0,11,tcp_send_fin,/Users/swchen.tw/git/percepio/poc/runs/tcp-workload-matrix-v1/A08-baseline/build/tcp_out.o,
by_pc,2147514468,1,21,42,43,1,1,8,0,11,tcp_send_fin,/Users/swchen.tw/git/percepio/poc/runs/tcp-workload-matrix-v1/A08-baseline/build/tcp_out.o,
by_pc,2147514470,1,21,42,43,1,1,8,0,11,tcp_send_fin,/Users/swchen.tw/git/percepio/poc/runs/tcp-workload-matrix-v1/A08-baseline/build/tcp_out.o,
by_pc,2147514472,1,21,42,43,1,1,8,0,11,tcp_send_fin,/Users/swchen.tw/git/percepio/poc/runs/tcp-workload-matrix-v1/A08-baseline/build/tcp_out.o,
by_pc,2147514474,1,2,4,5,1,1,0,0,0,tcp_send_fin,/Users/swchen.tw/git/percepio/poc/runs/tcp-workload-matrix-v1/A08-baseline/build/tcp_out.o,
by_pc,2147514476,1,1,2,3,1,0,0,0,0,tcp_send_fin,/Users/swchen.tw/git/percepio/poc/runs/tcp-workload-matrix-v1/A08-baseline/build/tcp_out.o,
by_pc,2147514478,1,1,2,3,1,0,0,0,0,tcp_send_fin,/Users/swchen.tw/git/percepio/poc/runs/tcp-workload-matrix-v1/A08-baseline/build/tcp_out.o,
by_pc,2147514510,1,28,56,57,1,1,8,18,0,tcp_send_fin,/Users/swchen.tw/git/percepio/poc/runs/tcp-workload-matrix-v1/A08-baseline/build/tcp_out.o,
by_pc,2147514512,1,2,4,5,1,1,0,0,0,tcp_send_fin,/Users/swchen.tw/git/percepio/poc/runs/tcp-workload-matrix-v1/A08-baseline/build/tcp_out.o,
by_pc,2147514514,1,2,4,5,1,1,0,0,0,tcp_send_fin,/Users/swchen.tw/git/percepio/poc/runs/tcp-workload-matrix-v1/A08-baseline/build/tcp_out.o,
by_pc,2147514516,1,1,2,3,1,0,0,0,0,tcp_send_fin,/Users/swchen.tw/git/percepio/poc/runs/tcp-workload-matrix-v1/A08-baseline/build/tcp_out.o,
by_pc,2147514518,1,2,4,5,1,1,0,0,0,tcp_send_fin,/Users/swchen.tw/git/percepio/poc/runs/tcp-workload-matrix-v1/A08-baseline/build/tcp_out.o,
by_pc,2147514520,1,1,2,3,1,0,0,0,0,tcp_send_fin,/Users/swchen.tw/git/percepio/poc/runs/tcp-workload-matrix-v1/A08-baseline/build/tcp_out.o,
by_pc,2147514522,1,1,2,3,1,0,0,0,0,tcp_send_fin,/Users/swchen.tw/git/percepio/poc/runs/tcp-workload-matrix-v1/A08-baseline/build/tcp_out.o,
by_pc,2147514524,1,1,2,3,1,0,0,0,0,tcp_send_fin,/Users/swchen.tw/git/percepio/poc/runs/tcp-workload-matrix-v1/A08-baseline/build/tcp_out.o,
by_pc,2147514422,1,2,4,5,1,1,0,0,0,tcp_enqueue_flags,/Users/swchen.tw/git/percepio/poc/runs/tcp-workload-matrix-v1/A08-baseline/build/tcp_out.o,
by_pc,2147514426,1,1,2,3,1,0,0,0,0,tcp_enqueue_flags,/Users/swchen.tw/git/percepio/poc/runs/tcp-workload-matrix-v1/A08-baseline/build/tcp_out.o,
by_pc,2147514430,1,22,44,45,2,1,8,0,11,tcp_enqueue_flags,/Users/swchen.tw/git/percepio/poc/runs/tcp-workload-matrix-v1/A08-baseline/build/tcp_out.o,
by_pc,2147502810,1,1,2,3,1,0,0,0,0,tcp_close_shutdown_fin,/Users/swchen.tw/git/percepio/poc/runs/tcp-workload-matrix-v1/A08-baseline/build/tcp.o,
by_pc,2147502812,1,1,2,3,1,0,0,0,0,tcp_close_shutdown_fin,/Users/swchen.tw/git/percepio/poc/runs/tcp-workload-matrix-v1/A08-baseline/build/tcp.o,
by_pc,2147502814,1,21,42,43,1,1,8,0,11,tcp_close_shutdown_fin,/Users/swchen.tw/git/percepio/poc/runs/tcp-workload-matrix-v1/A08-baseline/build/tcp.o,
by_pc,2147502816,1,1,2,3,1,0,0,0,0,tcp_close_shutdown_fin,/Users/swchen.tw/git/percepio/poc/runs/tcp-workload-matrix-v1/A08-baseline/build/tcp.o,
by_pc,2147502818,1,1,2,3,1,0,0,0,0,tcp_close_shutdown_fin,/Users/swchen.tw/git/percepio/poc/runs/tcp-workload-matrix-v1/A08-baseline/build/tcp.o,
by_pc,2147502822,1,1,2,3,1,0,0,0,0,tcp_close_shutdown_fin,/Users/swchen.tw/git/percepio/poc/runs/tcp-workload-matrix-v1/A08-baseline/build/tcp.o,
by_pc,2147502824,1,2,4,5,1,1,0,0,0,tcp_close_shutdown_fin,/Users/swchen.tw/git/percepio/poc/runs/tcp-workload-matrix-v1/A08-baseline/build/tcp.o,
by_pc,2147502826,1,2,4,5,1,1,0,0,0,tcp_close_shutdown_fin,/Users/swchen.tw/git/percepio/poc/runs/tcp-workload-matrix-v1/A08-baseline/build/tcp.o,
by_pc,2147502828,1,1,2,3,1,0,0,0,0,tcp_close_shutdown_fin,/Users/swchen.tw/git/percepio/poc/runs/tcp-workload-matrix-v1/A08-baseline/build/tcp.o,
by_pc,2147502830,1,1,2,3,1,0,0,0,0,tcp_close_shutdown_fin,/Users/swchen.tw/git/percepio/poc/runs/tcp-workload-matrix-v1/A08-baseline/build/tcp.o,
by_pc,2147497402,1,9,18,19,1,0,8,0,0,session_task,/Users/swchen.tw/git/percepio/poc/runs/tcp-workload-matrix-v1/A08-baseline/build/tcp_request_response_irq.o,
by_pc,2147497420,1,27,54,55,1,0,8,18,0,session_task,/Users/swchen.tw/git/percepio/poc/runs/tcp-workload-matrix-v1/A08-baseline/build/tcp_request_response_irq.o,
by_pc,2147497422,1,1,2,3,1,0,0,0,0,session_task,/Users/swchen.tw/git/percepio/poc/runs/tcp-workload-matrix-v1/A08-baseline/build/tcp_request_response_irq.o,
by_pc,2147497426,1,1,2,3,1,0,0,0,0,session_task,/Users/swchen.tw/git/percepio/poc/runs/tcp-workload-matrix-v1/A08-baseline/build/tcp_request_response_irq.o,
by_pc,2147497430,1,21,42,43,1,1,8,0,11,session_task,/Users/swchen.tw/git/percepio/poc/runs/tcp-workload-matrix-v1/A08-baseline/build/tcp_request_response_irq.o,
by_pc,2147497434,1,1,2,3,1,0,0,0,0,session_task,/Users/swchen.tw/git/percepio/poc/runs/tcp-workload-matrix-v1/A08-baseline/build/tcp_request_response_irq.o,
by_pc,2147497438,1,2,4,5,1,1,0,0,0,session_task,/Users/swchen.tw/git/percepio/poc/runs/tcp-workload-matrix-v1/A08-baseline/build/tcp_request_response_irq.o,
by_pc,2147497440,1,1,2,3,1,0,0,0,0,session_task,/Users/swchen.tw/git/percepio/poc/runs/tcp-workload-matrix-v1/A08-baseline/build/tcp_request_response_irq.o,
by_pc,2147497442,1,1,2,3,1,0,0,0,0,session_task,/Users/swchen.tw/git/percepio/poc/runs/tcp-workload-matrix-v1/A08-baseline/build/tcp_request_response_irq.o,
by_pc,2147497444,1,1,2,3,1,0,0,0,0,session_task,/Users/swchen.tw/git/percepio/poc/runs/tcp-workload-matrix-v1/A08-baseline/build/tcp_request_response_irq.o,
by_pc,2147497448,1,2,4,5,1,1,0,0,0,session_task,/Users/swchen.tw/git/percepio/poc/runs/tcp-workload-matrix-v1/A08-baseline/build/tcp_request_response_irq.o,
by_pc,2147497450,1,2,4,5,1,1,0,0,0,session_task,/Users/swchen.tw/git/percepio/poc/runs/tcp-workload-matrix-v1/A08-baseline/build/tcp_request_response_irq.o,
by_pc,2147497452,1,1,2,3,1,0,0,0,0,session_task,/Users/swchen.tw/git/percepio/poc/runs/tcp-workload-matrix-v1/A08-baseline/build/tcp_request_response_irq.o,
by_pc,2147497456,1,1,2,3,1,0,0,0,0,session_task,/Users/swchen.tw/git/percepio/poc/runs/tcp-workload-matrix-v1/A08-baseline/build/tcp_request_response_irq.o,
by_pc,2147497460,1,1,2,3,1,0,0,0,0,session_task,/Users/swchen.tw/git/percepio/poc/runs/tcp-workload-matrix-v1/A08-baseline/build/tcp_request_response_irq.o,
by_pc,2147497462,1,1,2,3,1,0,0,0,0,session_task,/Users/swchen.tw/git/percepio/poc/runs/tcp-workload-matrix-v1/A08-baseline/build/tcp_request_response_irq.o,
by_pc,2147497464,1,1,2,3,1,0,0,0,0,session_task,/Users/swchen.tw/git/percepio/poc/runs/tcp-workload-matrix-v1/A08-baseline/build/tcp_request_response_irq.o,
by_pc,2147497466,1,1,2,3,1,0,0,0,0,session_task,/Users/swchen.tw/git/percepio/poc/runs/tcp-workload-matrix-v1/A08-baseline/build/tcp_request_response_irq.o,
by_pc,2147497468,1,21,42,43,1,1,8,0,11,session_task,/Users/swchen.tw/git/percepio/poc/runs/tcp-workload-matrix-v1/A08-baseline/build/tcp_request_response_irq.o,
by_pc,2147497470,1,28,56,57,2,0,8,18,0,session_task,/Users/swchen.tw/git/percepio/poc/runs/tcp-workload-matrix-v1/A08-baseline/build/tcp_request_response_irq.o,
by_pc,2147512060,1,27,54,55,1,0,8,18,0,tcp_input,/Users/swchen.tw/git/percepio/poc/runs/tcp-workload-matrix-v1/A08-baseline/build/tcp_in.o,
by_pc,2147512062,1,10,20,21,2,0,8,0,0,tcp_input,/Users/swchen.tw/git/percepio/poc/runs/tcp-workload-matrix-v1/A08-baseline/build/tcp_in.o,
by_pc,2147512066,1,2,4,5,1,1,0,0,0,tcp_input,/Users/swchen.tw/git/percepio/poc/runs/tcp-workload-matrix-v1/A08-baseline/build/tcp_in.o,
by_pc,2147512070,1,1,2,3,1,0,0,0,0,tcp_input,/Users/swchen.tw/git/percepio/poc/runs/tcp-workload-matrix-v1/A08-baseline/build/tcp_in.o,
by_pc,2147512072,1,1,2,3,1,0,0,0,0,tcp_input,/Users/swchen.tw/git/percepio/poc/runs/tcp-workload-matrix-v1/A08-baseline/build/tcp_in.o,
by_pc,2147512076,1,2,4,5,1,1,0,0,0,tcp_input,/Users/swchen.tw/git/percepio/poc/runs/tcp-workload-matrix-v1/A08-baseline/build/tcp_in.o,
by_pc,2147512078,1,2,4,5,1,1,0,0,0,tcp_input,/Users/swchen.tw/git/percepio/poc/runs/tcp-workload-matrix-v1/A08-baseline/build/tcp_in.o,
by_pc,2147512082,1,1,2,3,1,0,0,0,0,tcp_input,/Users/swchen.tw/git/percepio/poc/runs/tcp-workload-matrix-v1/A08-baseline/build/tcp_in.o,
by_pc,2147512086,1,2,4,5,1,1,0,0,0,tcp_input,/Users/swchen.tw/git/percepio/poc/runs/tcp-workload-matrix-v1/A08-baseline/build/tcp_in.o,
by_pc,2147512088,1,1,2,3,1,0,0,0,0,tcp_input,/Users/swchen.tw/git/percepio/poc/runs/tcp-workload-matrix-v1/A08-baseline/build/tcp_in.o,
by_pc,2147512092,1,2,4,5,1,1,0,0,0,tcp_input,/Users/swchen.tw/git/percepio/poc/runs/tcp-workload-matrix-v1/A08-baseline/build/tcp_in.o,
by_pc,2147512096,1,1,2,3,1,0,0,0,0,tcp_input,/Users/swchen.tw/git/percepio/poc/runs/tcp-workload-matrix-v1/A08-baseline/build/tcp_in.o,
by_pc,2147512100,1,21,42,43,1,1,8,0,11,tcp_input,/Users/swchen.tw/git/percepio/poc/runs/tcp-workload-matrix-v1/A08-baseline/build/tcp_in.o,
by_pc,2147512104,1,1,2,3,1,0,0,0,0,tcp_input,/Users/swchen.tw/git/percepio/poc/runs/tcp-workload-matrix-v1/A08-baseline/build/tcp_in.o,
by_pc,2147506634,1,1,2,3,1,0,0,0,0,tcp_input_delayed_close,/Users/swchen.tw/git/percepio/poc/runs/tcp-workload-matrix-v1/A08-baseline/build/tcp_in.o,
by_pc,2147506636,1,21,42,43,1,1,8,0,11,tcp_input_delayed_close,/Users/swchen.tw/git/percepio/poc/runs/tcp-workload-matrix-v1/A08-baseline/build/tcp_in.o,
by_pc,2147506638,1,21,42,43,1,1,8,0,11,tcp_input_delayed_close,/Users/swchen.tw/git/percepio/poc/runs/tcp-workload-matrix-v1/A08-baseline/build/tcp_in.o,
by_pc,2147506640,1,2,4,5,1,1,0,0,0,tcp_input_delayed_close,/Users/swchen.tw/git/percepio/poc/runs/tcp-workload-matrix-v1/A08-baseline/build/tcp_in.o,
by_pc,2147506644,1,1,2,3,1,0,0,0,0,tcp_input_delayed_close,/Users/swchen.tw/git/percepio/poc/runs/tcp-workload-matrix-v1/A08-baseline/build/tcp_in.o,
by_pc,2147506646,1,1,2,3,1,0,0,0,0,tcp_input_delayed_close,/Users/swchen.tw/git/percepio/poc/runs/tcp-workload-matrix-v1/A08-baseline/build/tcp_in.o,
by_pc,2147506648,1,1,2,3,1,0,0,0,0,tcp_input_delayed_close,/Users/swchen.tw/git/percepio/poc/runs/tcp-workload-matrix-v1/A08-baseline/build/tcp_in.o,
by_pc,2147506662,1,1,2,3,1,0,0,0,0,tcp_input_delayed_close,/Users/swchen.tw/git/percepio/poc/runs/tcp-workload-matrix-v1/A08-baseline/build/tcp_in.o,
by_pc,2147506664,1,1,2,3,1,0,0,0,0,tcp_input_delayed_close,/Users/swchen.tw/git/percepio/poc/runs/tcp-workload-matrix-v1/A08-baseline/build/tcp_in.o,
by_pc,2147506668,1,1,2,3,1,0,0,0,0,tcp_input_delayed_close,/Users/swchen.tw/git/percepio/poc/runs/tcp-workload-matrix-v1/A08-baseline/build/tcp_in.o,
by_pc,2147503642,2,28,56,58,2,0,8,18,0,tcp_pcb_remove,/Users/swchen.tw/git/percepio/poc/runs/tcp-workload-matrix-v1/A08-baseline/build/tcp.o,
by_pc,2147503644,2,42,84,86,2,2,16,0,22,tcp_pcb_remove,/Users/swchen.tw/git/percepio/poc/runs/tcp-workload-matrix-v1/A08-baseline/build/tcp.o,
by_pc,2147503646,2,42,84,86,2,2,16,0,22,tcp_pcb_remove,/Users/swchen.tw/git/percepio/poc/runs/tcp-workload-matrix-v1/A08-baseline/build/tcp.o,
by_pc,2147503648,2,4,8,10,2,2,0,0,0,tcp_pcb_remove,/Users/swchen.tw/git/percepio/poc/runs/tcp-workload-matrix-v1/A08-baseline/build/tcp.o,
by_pc,2147503650,2,2,4,6,2,0,0,0,0,tcp_pcb_remove,/Users/swchen.tw/git/percepio/poc/runs/tcp-workload-matrix-v1/A08-baseline/build/tcp.o,
by_pc,2147503652,2,2,4,6,2,0,0,0,0,tcp_pcb_remove,/Users/swchen.tw/git/percepio/poc/runs/tcp-workload-matrix-v1/A08-baseline/build/tcp.o,
by_pc,2147503656,2,4,8,10,2,2,0,0,0,tcp_pcb_remove,/Users/swchen.tw/git/percepio/poc/runs/tcp-workload-matrix-v1/A08-baseline/build/tcp.o,
by_pc,2147503658,2,42,84,86,2,2,16,0,22,tcp_pcb_remove,/Users/swchen.tw/git/percepio/poc/runs/tcp-workload-matrix-v1/A08-baseline/build/tcp.o,
by_pc,2147503660,2,42,84,86,2,2,16,0,22,tcp_pcb_remove,/Users/swchen.tw/git/percepio/poc/runs/tcp-workload-matrix-v1/A08-baseline/build/tcp.o,
by_pc,2147503664,2,2,4,6,2,0,0,0,0,tcp_pcb_remove,/Users/swchen.tw/git/percepio/poc/runs/tcp-workload-matrix-v1/A08-baseline/build/tcp.o,
by_pc,2147503666,2,2,4,6,2,0,0,0,0,tcp_pcb_remove,/Users/swchen.tw/git/percepio/poc/runs/tcp-workload-matrix-v1/A08-baseline/build/tcp.o,
by_pc,2147503560,2,28,56,58,2,0,8,18,0,tcp_pcb_purge,/Users/swchen.tw/git/percepio/poc/runs/tcp-workload-matrix-v1/A08-baseline/build/tcp.o,
by_pc,2147503562,2,4,8,10,2,2,0,0,0,tcp_pcb_purge,/Users/swchen.tw/git/percepio/poc/runs/tcp-workload-matrix-v1/A08-baseline/build/tcp.o,
by_pc,2147503564,2,2,4,6,2,0,0,0,0,tcp_pcb_purge,/Users/swchen.tw/git/percepio/poc/runs/tcp-workload-matrix-v1/A08-baseline/build/tcp.o,
by_pc,2147503568,2,2,4,6,2,0,0,0,0,tcp_pcb_purge,/Users/swchen.tw/git/percepio/poc/runs/tcp-workload-matrix-v1/A08-baseline/build/tcp.o,
by_pc,2147503570,2,2,4,6,2,0,0,0,0,tcp_pcb_purge,/Users/swchen.tw/git/percepio/poc/runs/tcp-workload-matrix-v1/A08-baseline/build/tcp.o,
by_pc,2147503574,2,2,4,6,2,0,0,0,0,tcp_pcb_purge,/Users/swchen.tw/git/percepio/poc/runs/tcp-workload-matrix-v1/A08-baseline/build/tcp.o,
by_pc,2147503576,1,1,2,3,1,0,0,0,0,tcp_pcb_purge,/Users/swchen.tw/git/percepio/poc/runs/tcp-workload-matrix-v1/A08-baseline/build/tcp.o,
by_pc,2147503578,1,21,42,43,1,1,8,0,11,tcp_pcb_purge,/Users/swchen.tw/git/percepio/poc/runs/tcp-workload-matrix-v1/A08-baseline/build/tcp.o,
by_pc,2147503580,1,21,42,43,1,1,8,0,11,tcp_pcb_purge,/Users/swchen.tw/git/percepio/poc/runs/tcp-workload-matrix-v1/A08-baseline/build/tcp.o,
by_pc,2147503582,1,1,2,3,1,0,0,0,0,tcp_pcb_purge,/Users/swchen.tw/git/percepio/poc/runs/tcp-workload-matrix-v1/A08-baseline/build/tcp.o,
by_pc,2147503584,1,2,4,5,1,1,0,0,0,tcp_pcb_purge,/Users/swchen.tw/git/percepio/poc/runs/tcp-workload-matrix-v1/A08-baseline/build/tcp.o,
by_pc,2147503586,1,1,2,3,1,0,0,0,0,tcp_pcb_purge,/Users/swchen.tw/git/percepio/poc/runs/tcp-workload-matrix-v1/A08-baseline/build/tcp.o,
by_pc,2147503596,1,2,4,5,1,1,0,0,0,tcp_pcb_purge,/Users/swchen.tw/git/percepio/poc/runs/tcp-workload-matrix-v1/A08-baseline/build/tcp.o,
by_pc,2147503598,1,1,2,3,1,0,0,0,0,tcp_pcb_purge,/Users/swchen.tw/git/percepio/poc/runs/tcp-workload-matrix-v1/A08-baseline/build/tcp.o,
by_pc,2147503606,1,2,4,5,1,1,0,0,0,tcp_pcb_purge,/Users/swchen.tw/git/percepio/poc/runs/tcp-workload-matrix-v1/A08-baseline/build/tcp.o,
by_pc,2147503608,1,1,2,3,1,0,0,0,0,tcp_pcb_purge,/Users/swchen.tw/git/percepio/poc/runs/tcp-workload-matrix-v1/A08-baseline/build/tcp.o,
by_pc,2147503610,1,21,42,43,1,1,8,0,11,tcp_pcb_purge,/Users/swchen.tw/git/percepio/poc/runs/tcp-workload-matrix-v1/A08-baseline/build/tcp.o,
by_pc,2147503614,1,2,4,5,2,0,0,0,0,tcp_pcb_purge,/Users/swchen.tw/git/percepio/poc/runs/tcp-workload-matrix-v1/A08-baseline/build/tcp.o,
by_pc,2147503372,2,2,4,6,2,0,0,0,0,tcp_segs_free,/Users/swchen.tw/git/percepio/poc/runs/tcp-workload-matrix-v1/A08-baseline/build/tcp.o,
by_pc,2147503374,2,2,4,6,2,0,0,0,0,tcp_segs_free,/Users/swchen.tw/git/percepio/poc/runs/tcp-workload-matrix-v1/A08-baseline/build/tcp.o,
by_pc,2147503618,1,2,4,5,1,1,0,0,0,tcp_pcb_purge,/Users/swchen.tw/git/percepio/poc/runs/tcp-workload-matrix-v1/A08-baseline/build/tcp.o,
by_pc,2147503620,1,1,2,3,1,0,0,0,0,tcp_pcb_purge,/Users/swchen.tw/git/percepio/poc/runs/tcp-workload-matrix-v1/A08-baseline/build/tcp.o,
by_pc,2147503624,1,21,42,43,1,1,8,0,11,tcp_pcb_purge,/Users/swchen.tw/git/percepio/poc/runs/tcp-workload-matrix-v1/A08-baseline/build/tcp.o,
by_pc,2147503628,1,21,42,43,1,1,8,0,11,tcp_pcb_purge,/Users/swchen.tw/git/percepio/poc/runs/tcp-workload-matrix-v1/A08-baseline/build/tcp.o,
by_pc,2147503632,1,2,4,5,1,1,0,0,0,tcp_pcb_purge,/Users/swchen.tw/git/percepio/poc/runs/tcp-workload-matrix-v1/A08-baseline/build/tcp.o,
by_pc,2147503634,1,2,4,5,1,1,0,0,0,tcp_pcb_purge,/Users/swchen.tw/git/percepio/poc/runs/tcp-workload-matrix-v1/A08-baseline/build/tcp.o,
by_pc,2147503636,1,1,2,3,1,0,0,0,0,tcp_pcb_purge,/Users/swchen.tw/git/percepio/poc/runs/tcp-workload-matrix-v1/A08-baseline/build/tcp.o,
by_pc,2147503638,1,1,2,3,1,0,0,0,0,tcp_pcb_purge,/Users/swchen.tw/git/percepio/poc/runs/tcp-workload-matrix-v1/A08-baseline/build/tcp.o,
by_pc,2147503670,2,4,8,10,2,2,0,0,0,tcp_pcb_remove,/Users/swchen.tw/git/percepio/poc/runs/tcp-workload-matrix-v1/A08-baseline/build/tcp.o,
by_pc,2147503672,2,2,4,6,2,0,0,0,0,tcp_pcb_remove,/Users/swchen.tw/git/percepio/poc/runs/tcp-workload-matrix-v1/A08-baseline/build/tcp.o,
by_pc,2147503676,2,2,4,6,2,0,0,0,0,tcp_pcb_remove,/Users/swchen.tw/git/percepio/poc/runs/tcp-workload-matrix-v1/A08-baseline/build/tcp.o,
by_pc,2147503678,1,1,2,3,1,0,0,0,0,tcp_pcb_remove,/Users/swchen.tw/git/percepio/poc/runs/tcp-workload-matrix-v1/A08-baseline/build/tcp.o,
by_pc,2147503680,1,27,54,55,1,0,8,18,0,tcp_pcb_remove,/Users/swchen.tw/git/percepio/poc/runs/tcp-workload-matrix-v1/A08-baseline/build/tcp.o,
by_pc,2147503682,1,2,4,5,1,1,0,0,0,tcp_pcb_remove,/Users/swchen.tw/git/percepio/poc/runs/tcp-workload-matrix-v1/A08-baseline/build/tcp.o,
by_pc,2147503686,1,1,2,3,1,0,0,0,0,tcp_pcb_remove,/Users/swchen.tw/git/percepio/poc/runs/tcp-workload-matrix-v1/A08-baseline/build/tcp.o,
by_pc,2147503690,1,1,2,3,1,0,0,0,0,tcp_pcb_remove,/Users/swchen.tw/git/percepio/poc/runs/tcp-workload-matrix-v1/A08-baseline/build/tcp.o,
by_pc,2147503706,2,42,84,86,2,2,16,0,22,tcp_pcb_remove,/Users/swchen.tw/git/percepio/poc/runs/tcp-workload-matrix-v1/A08-baseline/build/tcp.o,
by_pc,2147503710,2,42,84,86,2,2,16,0,22,tcp_pcb_remove,/Users/swchen.tw/git/percepio/poc/runs/tcp-workload-matrix-v1/A08-baseline/build/tcp.o,
by_pc,2147503714,2,4,8,10,2,2,0,0,0,tcp_pcb_remove,/Users/swchen.tw/git/percepio/poc/runs/tcp-workload-matrix-v1/A08-baseline/build/tcp.o,
by_pc,2147503716,2,4,8,10,2,2,0,0,0,tcp_pcb_remove,/Users/swchen.tw/git/percepio/poc/runs/tcp-workload-matrix-v1/A08-baseline/build/tcp.o,
by_pc,2147503718,2,2,4,6,2,0,0,0,0,tcp_pcb_remove,/Users/swchen.tw/git/percepio/poc/runs/tcp-workload-matrix-v1/A08-baseline/build/tcp.o,
by_pc,2147503720,2,2,4,6,2,0,0,0,0,tcp_pcb_remove,/Users/swchen.tw/git/percepio/poc/runs/tcp-workload-matrix-v1/A08-baseline/build/tcp.o,
by_pc,2147506672,1,1,2,3,1,0,0,0,0,tcp_input_delayed_close,/Users/swchen.tw/git/percepio/poc/runs/tcp-workload-matrix-v1/A08-baseline/build/tcp_in.o,
by_pc,2147506674,1,1,2,3,1,0,0,0,0,tcp_input_delayed_close,/Users/swchen.tw/git/percepio/poc/runs/tcp-workload-matrix-v1/A08-baseline/build/tcp_in.o,
by_pc,2147506678,1,2,4,5,1,1,0,0,0,tcp_input_delayed_close,/Users/swchen.tw/git/percepio/poc/runs/tcp-workload-matrix-v1/A08-baseline/build/tcp_in.o,
by_pc,2147506680,1,2,4,5,1,1,0,0,0,tcp_input_delayed_close,/Users/swchen.tw/git/percepio/poc/runs/tcp-workload-matrix-v1/A08-baseline/build/tcp_in.o,
by_pc,2147506682,1,1,2,3,1,0,0,0,0,tcp_input_delayed_close,/Users/swchen.tw/git/percepio/poc/runs/tcp-workload-matrix-v1/A08-baseline/build/tcp_in.o,
by_pc,2147506684,1,1,2,3,1,0,0,0,0,tcp_input_delayed_close,/Users/swchen.tw/git/percepio/poc/runs/tcp-workload-matrix-v1/A08-baseline/build/tcp_in.o,
by_pc,2147506686,1,1,2,3,1,0,0,0,0,tcp_input_delayed_close,/Users/swchen.tw/git/percepio/poc/runs/tcp-workload-matrix-v1/A08-baseline/build/tcp_in.o,
by_pc,2147497474,1,9,18,19,1,0,8,0,0,session_task,/Users/swchen.tw/git/percepio/poc/runs/tcp-workload-matrix-v1/A08-baseline/build/tcp_request_response_irq.o,
by_pc,2147497478,1,1,2,3,1,0,0,0,0,session_task,/Users/swchen.tw/git/percepio/poc/runs/tcp-workload-matrix-v1/A08-baseline/build/tcp_request_response_irq.o,
by_pc,2147497482,1,2,4,5,1,1,0,0,0,session_task,/Users/swchen.tw/git/percepio/poc/runs/tcp-workload-matrix-v1/A08-baseline/build/tcp_request_response_irq.o,
by_pc,2147497484,1,1,2,3,1,0,0,0,0,session_task,/Users/swchen.tw/git/percepio/poc/runs/tcp-workload-matrix-v1/A08-baseline/build/tcp_request_response_irq.o,
by_pc,2147504770,1,27,54,55,1,0,8,18,0,tcp_close_shutdown,/Users/swchen.tw/git/percepio/poc/runs/tcp-workload-matrix-v1/A08-baseline/build/tcp.o,
by_pc,2147504772,1,1,2,3,1,0,0,0,0,tcp_close_shutdown,/Users/swchen.tw/git/percepio/poc/runs/tcp-workload-matrix-v1/A08-baseline/build/tcp.o,
by_pc,2147504832,1,27,54,55,1,0,8,18,0,tcp_close_shutdown,/Users/swchen.tw/git/percepio/poc/runs/tcp-workload-matrix-v1/A08-baseline/build/tcp.o,
by_pc,2147504836,1,1,2,3,1,0,0,0,0,tcp_close_shutdown,/Users/swchen.tw/git/percepio/poc/runs/tcp-workload-matrix-v1/A08-baseline/build/tcp.o,
by_pc,2147504840,1,1,2,3,1,0,0,0,0,tcp_close_shutdown,/Users/swchen.tw/git/percepio/poc/runs/tcp-workload-matrix-v1/A08-baseline/build/tcp.o,
by_pc,2147504844,1,1,2,3,1,0,0,0,0,tcp_close_shutdown,/Users/swchen.tw/git/percepio/poc/runs/tcp-workload-matrix-v1/A08-baseline/build/tcp.o,
by_pc,2147504848,3,6,12,15,3,3,0,0,0,tcp_close_shutdown,/Users/swchen.tw/git/percepio/poc/runs/tcp-workload-matrix-v1/A08-baseline/build/tcp.o,
by_pc,2147504850,3,6,12,15,3,3,0,0,0,tcp_close_shutdown,/Users/swchen.tw/git/percepio/poc/runs/tcp-workload-matrix-v1/A08-baseline/build/tcp.o,
by_pc,2147504852,3,3,6,9,3,0,0,0,0,tcp_close_shutdown,/Users/swchen.tw/git/percepio/poc/runs/tcp-workload-matrix-v1/A08-baseline/build/tcp.o,
by_pc,2147504854,3,3,6,9,3,0,0,0,0,tcp_close_shutdown,/Users/swchen.tw/git/percepio/poc/runs/tcp-workload-matrix-v1/A08-baseline/build/tcp.o,
by_pc,2147504856,3,3,6,9,3,0,0,0,0,tcp_close_shutdown,/Users/swchen.tw/git/percepio/poc/runs/tcp-workload-matrix-v1/A08-baseline/build/tcp.o,
by_pc,2147504860,1,1,2,3,1,0,0,0,0,tcp_close_shutdown,/Users/swchen.tw/git/percepio/poc/runs/tcp-workload-matrix-v1/A08-baseline/build/tcp.o,
by_pc,2147504862,1,1,2,3,1,0,0,0,0,tcp_close_shutdown,/Users/swchen.tw/git/percepio/poc/runs/tcp-workload-matrix-v1/A08-baseline/build/tcp.o,
by_pc,2147504866,1,1,2,3,1,0,0,0,0,tcp_close_shutdown,/Users/swchen.tw/git/percepio/poc/runs/tcp-workload-matrix-v1/A08-baseline/build/tcp.o,
by_pc,2147503640,1,1,2,3,1,0,0,0,0,tcp_pcb_purge,/Users/swchen.tw/git/percepio/poc/runs/tcp-workload-matrix-v1/A08-baseline/build/tcp.o,
by_pc,2147504870,1,1,2,3,1,0,0,0,0,tcp_close_shutdown,/Users/swchen.tw/git/percepio/poc/runs/tcp-workload-matrix-v1/A08-baseline/build/tcp.o,
by_pc,2147504872,1,1,2,3,1,0,0,0,0,tcp_close_shutdown,/Users/swchen.tw/git/percepio/poc/runs/tcp-workload-matrix-v1/A08-baseline/build/tcp.o,
by_pc,2147504874,1,1,2,3,1,0,0,0,0,tcp_close_shutdown,/Users/swchen.tw/git/percepio/poc/runs/tcp-workload-matrix-v1/A08-baseline/build/tcp.o,
by_pc,2147504878,1,1,2,3,1,0,0,0,0,tcp_close_shutdown,/Users/swchen.tw/git/percepio/poc/runs/tcp-workload-matrix-v1/A08-baseline/build/tcp.o,
by_pc,2147504742,1,28,56,57,1,1,8,18,0,tcp_close_shutdown,/Users/swchen.tw/git/percepio/poc/runs/tcp-workload-matrix-v1/A08-baseline/build/tcp.o,
by_pc,2147504744,1,2,4,5,1,1,0,0,0,tcp_close_shutdown,/Users/swchen.tw/git/percepio/poc/runs/tcp-workload-matrix-v1/A08-baseline/build/tcp.o,
by_pc,2147504746,1,2,4,5,1,1,0,0,0,tcp_close_shutdown,/Users/swchen.tw/git/percepio/poc/runs/tcp-workload-matrix-v1/A08-baseline/build/tcp.o,
by_pc,2147504748,1,1,2,3,1,0,0,0,0,tcp_close_shutdown,/Users/swchen.tw/git/percepio/poc/runs/tcp-workload-matrix-v1/A08-baseline/build/tcp.o,
by_pc,2147504750,1,1,2,3,1,0,0,0,0,tcp_close_shutdown,/Users/swchen.tw/git/percepio/poc/runs/tcp-workload-matrix-v1/A08-baseline/build/tcp.o,
by_pc,2147504752,1,1,2,3,1,0,0,0,0,tcp_close_shutdown,/Users/swchen.tw/git/percepio/poc/runs/tcp-workload-matrix-v1/A08-baseline/build/tcp.o,
by_pc,2147497488,1,1,2,3,1,0,0,0,0,session_task,/Users/swchen.tw/git/percepio/poc/runs/tcp-workload-matrix-v1/A08-baseline/build/tcp_request_response_irq.o,
by_pc,2147497506,1,1,2,3,1,0,0,0,0,session_task,/Users/swchen.tw/git/percepio/poc/runs/tcp-workload-matrix-v1/A08-baseline/build/tcp_request_response_irq.o,
by_pc,2147497508,1,1,2,3,1,0,0,0,0,session_task,/Users/swchen.tw/git/percepio/poc/runs/tcp-workload-matrix-v1/A08-baseline/build/tcp_request_response_irq.o,
by_pc,2147497512,1,1,2,3,1,0,0,0,0,session_task,/Users/swchen.tw/git/percepio/poc/runs/tcp-workload-matrix-v1/A08-baseline/build/tcp_request_response_irq.o,
by_pc,2147497516,1,1,2,3,1,0,0,0,0,session_task,/Users/swchen.tw/git/percepio/poc/runs/tcp-workload-matrix-v1/A08-baseline/build/tcp_request_response_irq.o,
by_pc,2147497520,1,2,4,5,1,1,0,0,0,session_task,/Users/swchen.tw/git/percepio/poc/runs/tcp-workload-matrix-v1/A08-baseline/build/tcp_request_response_irq.o,
by_pc,2147497524,1,1,2,3,1,0,0,0,0,session_task,/Users/swchen.tw/git/percepio/poc/runs/tcp-workload-matrix-v1/A08-baseline/build/tcp_request_response_irq.o,
by_pc,2147497526,1,2,4,5,1,1,0,0,0,session_task,/Users/swchen.tw/git/percepio/poc/runs/tcp-workload-matrix-v1/A08-baseline/build/tcp_request_response_irq.o,
by_pc,2147497530,1,1,2,3,1,0,0,0,0,session_task,/Users/swchen.tw/git/percepio/poc/runs/tcp-workload-matrix-v1/A08-baseline/build/tcp_request_response_irq.o,
by_pc,2147497532,1,2,4,5,1,1,0,0,0,session_task,/Users/swchen.tw/git/percepio/poc/runs/tcp-workload-matrix-v1/A08-baseline/build/tcp_request_response_irq.o,
by_pc,2147497536,1,27,54,55,1,0,8,18,0,session_task,/Users/swchen.tw/git/percepio/poc/runs/tcp-workload-matrix-v1/A08-baseline/build/tcp_request_response_irq.o,
by_pc,2147497538,1,2,4,5,1,1,0,0,0,session_task,/Users/swchen.tw/git/percepio/poc/runs/tcp-workload-matrix-v1/A08-baseline/build/tcp_request_response_irq.o,
by_pc,2147497542,1,1,2,3,1,0,0,0,0,session_task,/Users/swchen.tw/git/percepio/poc/runs/tcp-workload-matrix-v1/A08-baseline/build/tcp_request_response_irq.o,
by_pc,2147497544,1,2,4,5,1,1,0,0,0,session_task,/Users/swchen.tw/git/percepio/poc/runs/tcp-workload-matrix-v1/A08-baseline/build/tcp_request_response_irq.o,
by_pc,2147497548,1,1,2,3,1,0,0,0,0,session_task,/Users/swchen.tw/git/percepio/poc/runs/tcp-workload-matrix-v1/A08-baseline/build/tcp_request_response_irq.o,
by_pc,2147497566,1,1,2,3,1,0,0,0,0,session_task,/Users/swchen.tw/git/percepio/poc/runs/tcp-workload-matrix-v1/A08-baseline/build/tcp_request_response_irq.o,
by_pc,2147497570,1,1,2,3,1,0,0,0,0,session_task,/Users/swchen.tw/git/percepio/poc/runs/tcp-workload-matrix-v1/A08-baseline/build/tcp_request_response_irq.o,
by_pc,2147497574,1,1,2,3,1,0,0,0,0,session_task,/Users/swchen.tw/git/percepio/poc/runs/tcp-workload-matrix-v1/A08-baseline/build/tcp_request_response_irq.o,
by_pc,2147494842,1,27,54,55,1,0,8,18,0,resources,/Users/swchen.tw/git/percepio/poc/runs/tcp-workload-matrix-v1/A08-baseline/build/tcp_request_response_irq.o,
by_pc,2147494846,1,10,20,21,2,0,8,0,0,resources,/Users/swchen.tw/git/percepio/poc/runs/tcp-workload-matrix-v1/A08-baseline/build/tcp_request_response_irq.o,
by_pc,2147494850,1,2,4,5,1,1,0,0,0,resources,/Users/swchen.tw/git/percepio/poc/runs/tcp-workload-matrix-v1/A08-baseline/build/tcp_request_response_irq.o,
by_pc,2147494854,1,39,78,79,1,1,8,18,11,resources,/Users/swchen.tw/git/percepio/poc/runs/tcp-workload-matrix-v1/A08-baseline/build/tcp_request_response_irq.o,
by_pc,2147494856,1,2,4,5,1,1,0,0,0,resources,/Users/swchen.tw/git/percepio/poc/runs/tcp-workload-matrix-v1/A08-baseline/build/tcp_request_response_irq.o,
by_pc,2147494858,1,2,4,5,1,1,0,0,0,resources,/Users/swchen.tw/git/percepio/poc/runs/tcp-workload-matrix-v1/A08-baseline/build/tcp_request_response_irq.o,
by_pc,2147494862,1,21,42,43,1,1,8,0,11,resources,/Users/swchen.tw/git/percepio/poc/runs/tcp-workload-matrix-v1/A08-baseline/build/tcp_request_response_irq.o,
by_pc,2147494864,1,2,4,5,1,1,0,0,0,resources,/Users/swchen.tw/git/percepio/poc/runs/tcp-workload-matrix-v1/A08-baseline/build/tcp_request_response_irq.o,
by_pc,2147494866,1,2,4,5,1,1,0,0,0,resources,/Users/swchen.tw/git/percepio/poc/runs/tcp-workload-matrix-v1/A08-baseline/build/tcp_request_response_irq.o,
by_pc,2147494870,1,21,42,43,1,1,8,0,11,resources,/Users/swchen.tw/git/percepio/poc/runs/tcp-workload-matrix-v1/A08-baseline/build/tcp_request_response_irq.o,
by_pc,2147494872,1,2,4,5,1,1,0,0,0,resources,/Users/swchen.tw/git/percepio/poc/runs/tcp-workload-matrix-v1/A08-baseline/build/tcp_request_response_irq.o,
by_pc,2147494874,1,2,4,5,1,1,0,0,0,resources,/Users/swchen.tw/git/percepio/poc/runs/tcp-workload-matrix-v1/A08-baseline/build/tcp_request_response_irq.o,
by_pc,2147494878,1,21,42,43,1,1,8,0,11,resources,/Users/swchen.tw/git/percepio/poc/runs/tcp-workload-matrix-v1/A08-baseline/build/tcp_request_response_irq.o,
by_pc,2147494880,1,2,4,5,1,1,0,0,0,resources,/Users/swchen.tw/git/percepio/poc/runs/tcp-workload-matrix-v1/A08-baseline/build/tcp_request_response_irq.o,
by_pc,2147494882,1,2,4,5,1,1,0,0,0,resources,/Users/swchen.tw/git/percepio/poc/runs/tcp-workload-matrix-v1/A08-baseline/build/tcp_request_response_irq.o,
by_pc,2147494886,1,21,42,43,1,1,8,0,11,resources,/Users/swchen.tw/git/percepio/poc/runs/tcp-workload-matrix-v1/A08-baseline/build/tcp_request_response_irq.o,
by_pc,2147494888,1,2,4,5,1,1,0,0,0,resources,/Users/swchen.tw/git/percepio/poc/runs/tcp-workload-matrix-v1/A08-baseline/build/tcp_request_response_irq.o,
by_pc,2147494890,1,28,56,57,1,1,8,18,0,resources,/Users/swchen.tw/git/percepio/poc/runs/tcp-workload-matrix-v1/A08-baseline/build/tcp_request_response_irq.o,
by_pc,2147494894,1,21,42,43,1,1,8,0,11,resources,/Users/swchen.tw/git/percepio/poc/runs/tcp-workload-matrix-v1/A08-baseline/build/tcp_request_response_irq.o,
by_pc,2147494896,1,1,2,3,1,0,0,0,0,resources,/Users/swchen.tw/git/percepio/poc/runs/tcp-workload-matrix-v1/A08-baseline/build/tcp_request_response_irq.o,
by_pc,2147497578,1,1,2,3,1,0,0,0,0,session_task,/Users/swchen.tw/git/percepio/poc/runs/tcp-workload-matrix-v1/A08-baseline/build/tcp_request_response_irq.o,
by_pc,2147497580,1,1,2,3,1,0,0,0,0,session_task,/Users/swchen.tw/git/percepio/poc/runs/tcp-workload-matrix-v1/A08-baseline/build/tcp_request_response_irq.o,
by_pc,2147497584,1,1,2,3,1,0,0,0,0,session_task,/Users/swchen.tw/git/percepio/poc/runs/tcp-workload-matrix-v1/A08-baseline/build/tcp_request_response_irq.o,
by_pc,2147497588,1,1,2,3,1,0,0,0,0,session_task,/Users/swchen.tw/git/percepio/poc/runs/tcp-workload-matrix-v1/A08-baseline/build/tcp_request_response_irq.o,
by_pc,2147497592,1,1,2,3,1,0,0,0,0,session_task,/Users/swchen.tw/git/percepio/poc/runs/tcp-workload-matrix-v1/A08-baseline/build/tcp_request_response_irq.o,
by_pc,2147497596,1,1,2,3,1,0,0,0,0,session_task,/Users/swchen.tw/git/percepio/poc/runs/tcp-workload-matrix-v1/A08-baseline/build/tcp_request_response_irq.o,
by_pc,2147497598,6,38,76,82,12,0,8,18,0,session_task,/Users/swchen.tw/git/percepio/poc/runs/tcp-workload-matrix-v1/A08-baseline/build/tcp_request_response_irq.o,
by_pc,2147497602,6,6,12,18,6,0,0,0,0,session_task,/Users/swchen.tw/git/percepio/poc/runs/tcp-workload-matrix-v1/A08-baseline/build/tcp_request_response_irq.o,
by_pc,2147497606,6,12,24,30,6,6,0,0,0,session_task,/Users/swchen.tw/git/percepio/poc/runs/tcp-workload-matrix-v1/A08-baseline/build/tcp_request_response_irq.o,
by_pc,2147497608,6,12,24,30,6,6,0,0,0,session_task,/Users/swchen.tw/git/percepio/poc/runs/tcp-workload-matrix-v1/A08-baseline/build/tcp_request_response_irq.o,
by_pc,2147497610,6,6,12,18,6,0,0,0,0,session_task,/Users/swchen.tw/git/percepio/poc/runs/tcp-workload-matrix-v1/A08-baseline/build/tcp_request_response_irq.o,
by_pc,2147497630,6,6,12,18,6,0,0,0,0,session_task,/Users/swchen.tw/git/percepio/poc/runs/tcp-workload-matrix-v1/A08-baseline/build/tcp_request_response_irq.o,
by_pc,2147497632,6,6,12,18,6,0,0,0,0,session_task,/Users/swchen.tw/git/percepio/poc/runs/tcp-workload-matrix-v1/A08-baseline/build/tcp_request_response_irq.o,
by_pc,2147497636,1,1,2,3,1,0,0,0,0,session_task,/Users/swchen.tw/git/percepio/poc/runs/tcp-workload-matrix-v1/A08-baseline/build/tcp_request_response_irq.o,
by_pc,2147497640,1,1,2,3,1,0,0,0,0,session_task,/Users/swchen.tw/git/percepio/poc/runs/tcp-workload-matrix-v1/A08-baseline/build/tcp_request_response_irq.o,
by_context,unknown,492248,1537544,3075088,3567336,492791,118329,391760,16542,518122,,,
matrix,unknown|application_harness,162059,491977,983954,1146013,162196,20292,130440,2862,176187,,,
matrix,unknown|lwip,117019,317768,635536,752555,117413,31901,74888,5940,87626,,,
matrix,unknown|runtime_library,211101,714951,1429902,1641003,211108,65167,182440,6228,250008,,,
matrix,unknown|kernel_port,874,7168,14336,15210,878,559,2352,882,2497,,,
matrix,unknown|recorder,1181,5578,11156,12337,1182,405,1608,612,1771,,,
matrix,unknown|observer_entry,14,102,204,218,14,5,32,18,33,,,
