dimension,key,instructions,memory_cycles,model_service_ns,accounted_model_ns,l1i,l1d,l2,ram_read,ram_write,function,object,reason
by_role,application_harness,114689,385032,770064,884753,114976,14643,108000,2268,145145,,,
by_role,lwip,62759,192806,385612,448371,63341,16915,51096,5310,56144,,,
by_role,runtime_library,167215,499405,998810,1166025,167222,51463,116472,4968,159280,,,
by_role,kernel_port,706,5773,11546,12252,709,445,1840,810,1969,,,
by_role,recorder,1102,4968,9936,11038,1103,368,1416,486,1595,,,
by_role,observer_entry,14,110,220,234,14,5,40,18,33,,,
by_function,/Users/swchen.tw/git/percepio/poc/runs/tcp-workload-matrix-v1/A02-baseline/build/tcp_request_response_irq.o:2147496070:2147496074:tcp_capture_begin,2,28,56,58,2,0,8,18,0,tcp_capture_begin,/Users/swchen.tw/git/percepio/poc/runs/tcp-workload-matrix-v1/A02-baseline/build/tcp_request_response_irq.o,
by_function,/Users/swchen.tw/git/percepio/poc/runs/tcp-workload-matrix-v1/A02-baseline/build/tcp_request_response_irq.o:2147497036:2147499480:session_task,106830,345288,690576,797406,106858,12001,95200,846,130383,session_task,/Users/swchen.tw/git/percepio/poc/runs/tcp-workload-matrix-v1/A02-baseline/build/tcp_request_response_irq.o,
by_function,/Users/swchen.tw/git/percepio/poc/runs/tcp-workload-matrix-v1/A02-baseline/build/tcp_request_response_irq.o:2147496078:2147496082:z0_stack_begin,54,54,108,162,54,0,0,0,0,z0_stack_begin,/Users/swchen.tw/git/percepio/poc/runs/tcp-workload-matrix-v1/A02-baseline/build/tcp_request_response_irq.o,
by_function,/Users/swchen.tw/git/percepio/poc/runs/tcp-workload-matrix-v1/A02-baseline/build/tcp.o:2147504870:2147504878:tcp_new,2,28,56,58,2,0,8,18,0,tcp_new,/Users/swchen.tw/git/percepio/poc/runs/tcp-workload-matrix-v1/A02-baseline/build/tcp.o,
by_function,/Users/swchen.tw/git/percepio/poc/runs/tcp-workload-matrix-v1/A02-baseline/build/tcp.o:2147504434:2147504870:tcp_alloc,100,904,1808,1908,104,44,296,108,352,tcp_alloc,/Users/swchen.tw/git/percepio/poc/runs/tcp-workload-matrix-v1/A02-baseline/build/tcp.o,
by_function,/Users/swchen.tw/git/percepio/poc/runs/tcp-workload-matrix-v1/A02-baseline/build/memp.o:2147501254:2147501282:memp_malloc,168,273,546,714,168,21,48,36,0,memp_malloc,/Users/swchen.tw/git/percepio/poc/runs/tcp-workload-matrix-v1/A02-baseline/build/memp.o,
by_function,/Users/swchen.tw/git/percepio/poc/runs/tcp-workload-matrix-v1/A02-baseline/build/memp.o:2147501078:2147501136:do_memp_malloc_pool,319,1843,3686,4005,319,214,552,252,506,do_memp_malloc_pool,/Users/swchen.tw/git/percepio/poc/runs/tcp-workload-matrix-v1/A02-baseline/build/memp.o,
by_function,/Users/swchen.tw/git/percepio/poc/.tools/xpack-riscv-none-elf-gcc-15.2.0-1/bin/../lib/gcc/riscv-none-elf/15.2.0/../../../../riscv-none-elf/lib/libg_nano.a(libc_a-memset.o):2147520354:2147520370:memset,4096,24448,48896,52992,4096,1012,8136,72,11132,memset,/Users/swchen.tw/git/percepio/poc/.tools/xpack-riscv-none-elf-gcc-15.2.0-1/bin/../lib/gcc/riscv-none-elf/15.2.0/../../../../riscv-none-elf/lib/libg_nano.a(libc_a-memset.o),
by_function,/Users/swchen.tw/git/percepio/poc/runs/tcp-workload-matrix-v1/A02-baseline/build/tcp.o:2147503088:2147503220:tcp_bind,49,266,532,581,49,18,72,72,55,tcp_bind,/Users/swchen.tw/git/percepio/poc/runs/tcp-workload-matrix-v1/A02-baseline/build/tcp.o,
by_function,/Users/swchen.tw/git/percepio/poc/runs/tcp-workload-matrix-v1/A02-baseline/build/timeouts.o:2147517108:2147517110:tcp_timer_needed,3,29,58,61,3,0,8,18,0,tcp_timer_needed,/Users/swchen.tw/git/percepio/poc/runs/tcp-workload-matrix-v1/A02-baseline/build/timeouts.o,
by_function,/Users/swchen.tw/git/percepio/poc/runs/tcp-workload-matrix-v1/A02-baseline/build/tcp.o:2147503418:2147503424:tcp_listen_with_backlog,2,28,56,58,2,0,8,18,0,tcp_listen_with_backlog,/Users/swchen.tw/git/percepio/poc/runs/tcp-workload-matrix-v1/A02-baseline/build/tcp.o,
by_function,/Users/swchen.tw/git/percepio/poc/runs/tcp-workload-matrix-v1/A02-baseline/build/tcp.o:2147503220:2147503418:tcp_listen_with_backlog_and_err,60,489,978,1038,60,35,160,36,198,tcp_listen_with_backlog_and_err,/Users/swchen.tw/git/percepio/poc/runs/tcp-workload-matrix-v1/A02-baseline/build/tcp.o,
by_function,/Users/swchen.tw/git/percepio/poc/runs/tcp-workload-matrix-v1/A02-baseline/build/tcp.o:2147503080:2147503088:tcp_free,6,6,12,18,6,0,0,0,0,tcp_free,/Users/swchen.tw/git/percepio/poc/runs/tcp-workload-matrix-v1/A02-baseline/build/tcp.o,
by_function,/Users/swchen.tw/git/percepio/poc/runs/tcp-workload-matrix-v1/A02-baseline/build/memp.o:2147501282:2147501328:memp_free,378,1890,3780,4158,378,189,576,54,693,memp_free,/Users/swchen.tw/git/percepio/poc/runs/tcp-workload-matrix-v1/A02-baseline/build/memp.o,
by_function,/Users/swchen.tw/git/percepio/poc/runs/tcp-workload-matrix-v1/A02-baseline/build/tcp.o:2147503704:2147503718:tcp_accept,6,53,106,112,6,2,16,18,11,tcp_accept,/Users/swchen.tw/git/percepio/poc/runs/tcp-workload-matrix-v1/A02-baseline/build/tcp.o,
by_function,/Users/swchen.tw/git/percepio/poc/runs/tcp-workload-matrix-v1/A02-baseline/build/tcp_request_response_irq.o:2147496086:2147496186:phase,837,5642,11284,12121,837,405,1880,144,2376,phase,/Users/swchen.tw/git/percepio/poc/runs/tcp-workload-matrix-v1/A02-baseline/build/tcp_request_response_irq.o,
by_function,/Users/swchen.tw/git/percepio/poc/runs/tcp-workload-matrix-v1/A02-baseline/build/tcp_request_response_irq.o:2147496082:2147496086:z0_stack_end,54,54,108,162,54,0,0,0,0,z0_stack_end,/Users/swchen.tw/git/percepio/poc/runs/tcp-workload-matrix-v1/A02-baseline/build/tcp_request_response_irq.o,
by_function,/Users/swchen.tw/git/percepio/poc/runs/tcp-workload-matrix-v1/A02-baseline/build/tcp_request_response_irq.o:2147496186:2147497036:inject,2684,17438,34876,37560,2782,982,6032,360,7282,inject,/Users/swchen.tw/git/percepio/poc/runs/tcp-workload-matrix-v1/A02-baseline/build/tcp_request_response_irq.o,
by_function,/Users/swchen.tw/git/percepio/poc/runs/tcp-workload-matrix-v1/A02-baseline/build/pbuf.o:2147502048:2147502324:pbuf_alloc,1766,11007,22014,23780,1766,701,3760,72,4708,pbuf_alloc,/Users/swchen.tw/git/percepio/poc/runs/tcp-workload-matrix-v1/A02-baseline/build/pbuf.o,
by_function,/Users/swchen.tw/git/percepio/poc/runs/tcp-workload-matrix-v1/A02-baseline/build/mem.o:2147500778:2147501078:mem_malloc,1926,7304,14608,16534,1988,590,2112,216,2398,mem_malloc,/Users/swchen.tw/git/percepio/poc/runs/tcp-workload-matrix-v1/A02-baseline/build/mem.o,
by_function,/Users/swchen.tw/git/percepio/poc/runs/tcp-workload-matrix-v1/A02-baseline/build/def.o:2147499600:2147499614:lwip_htons,2460,2512,5024,7484,2460,0,16,36,0,lwip_htons,/Users/swchen.tw/git/percepio/poc/runs/tcp-workload-matrix-v1/A02-baseline/build/def.o,
by_function,/Users/swchen.tw/git/percepio/poc/runs/tcp-workload-matrix-v1/A02-baseline/build/inet_chksum.o:2147500020:2147500042:inet_chksum,252,1042,2084,2336,280,56,344,54,308,inet_chksum,/Users/swchen.tw/git/percepio/poc/runs/tcp-workload-matrix-v1/A02-baseline/build/inet_chksum.o,
by_function,/Users/swchen.tw/git/percepio/poc/runs/tcp-workload-matrix-v1/A02-baseline/build/inet_chksum.o:2147499650:2147499814:lwip_standard_chksum,22622,26423,52846,75468,22799,3402,168,54,0,lwip_standard_chksum,/Users/swchen.tw/git/percepio/poc/runs/tcp-workload-matrix-v1/A02-baseline/build/inet_chksum.o,
by_function,/Users/swchen.tw/git/percepio/poc/runs/tcp-workload-matrix-v1/A02-baseline/build/pbuf.o:2147501870:2147501928:pbuf_remove_header,840,3630,7260,8100,882,252,1056,54,1386,pbuf_remove_header,/Users/swchen.tw/git/percepio/poc/runs/tcp-workload-matrix-v1/A02-baseline/build/pbuf.o,
by_function,/Users/swchen.tw/git/percepio/poc/runs/tcp-workload-matrix-v1/A02-baseline/build/def.o:2147499614:2147499650:lwip_htonl,2093,2101,4202,6295,2093,0,8,0,0,lwip_htonl,/Users/swchen.tw/git/percepio/poc/runs/tcp-workload-matrix-v1/A02-baseline/build/def.o,
by_function,/Users/swchen.tw/git/percepio/poc/runs/tcp-workload-matrix-v1/A02-baseline/build/inet_chksum.o:2147499814:2147500016:inet_chksum_pseudo,3051,9547,19094,22145,3051,801,2488,72,3135,inet_chksum_pseudo,/Users/swchen.tw/git/percepio/poc/runs/tcp-workload-matrix-v1/A02-baseline/build/inet_chksum.o,
by_function,/Users/swchen.tw/git/percepio/poc/runs/tcp-workload-matrix-v1/A02-baseline/build/pbuf.o:2147501864:2147501870:pbuf_add_header,70,70,140,210,70,0,0,0,0,pbuf_add_header,/Users/swchen.tw/git/percepio/poc/runs/tcp-workload-matrix-v1/A02-baseline/build/pbuf.o,
by_function,/Users/swchen.tw/git/percepio/poc/runs/tcp-workload-matrix-v1/A02-baseline/build/pbuf.o:2147501710:2147501804:pbuf_add_header_impl,945,3397,6794,7739,945,245,1016,36,1155,pbuf_add_header_impl,/Users/swchen.tw/git/percepio/poc/runs/tcp-workload-matrix-v1/A02-baseline/build/pbuf.o,
by_function,/Users/swchen.tw/git/percepio/poc/runs/tcp-workload-matrix-v1/A02-baseline/build/tcp_request_response_irq.o:2147495428:2147495586:snapshot,1100,5186,10372,11472,1100,425,1592,144,1925,snapshot,/Users/swchen.tw/git/percepio/poc/runs/tcp-workload-matrix-v1/A02-baseline/build/tcp_request_response_irq.o,
by_function,/Users/swchen.tw/git/percepio/poc/runs/tcp-workload-matrix-v1/A02-baseline/build/pbuf.o:2147502734:2147502854:pbuf_copy_partial,1720,6101,12202,13922,1720,495,1768,72,2046,pbuf_copy_partial,/Users/swchen.tw/git/percepio/poc/runs/tcp-workload-matrix-v1/A02-baseline/build/pbuf.o,
by_function,/Users/swchen.tw/git/percepio/poc/.tools/xpack-riscv-none-elf-gcc-15.2.0-1/bin/../lib/gcc/riscv-none-elf/15.2.0/../../../../riscv-none-elf/lib/libg_nano.a(libc_a-memcpy-asm.o):2147520370:2147520392:memcpy,79332,360928,721856,801188,79332,26400,105856,4140,145200,memcpy,/Users/swchen.tw/git/percepio/poc/.tools/xpack-riscv-none-elf-gcc-15.2.0-1/bin/../lib/gcc/riscv-none-elf/15.2.0/../../../../riscv-none-elf/lib/libg_nano.a(libc_a-memcpy-asm.o),
by_function,/Users/swchen.tw/git/percepio/poc/runs/tcp-workload-matrix-v1/A02-baseline/build/ip4.o:2147518104:2147518804:ip4_input,1806,9300,18600,20406,1820,714,3280,252,3234,ip4_input,/Users/swchen.tw/git/percepio/poc/runs/tcp-workload-matrix-v1/A02-baseline/build/ip4.o,
by_function,/Users/swchen.tw/git/percepio/poc/runs/tcp-workload-matrix-v1/A02-baseline/build/ip4.o:2147517940:2147517992:ip4_input_accept,182,432,864,1046,182,42,136,72,0,ip4_input_accept,/Users/swchen.tw/git/percepio/poc/runs/tcp-workload-matrix-v1/A02-baseline/build/ip4.o,
by_function,/Users/swchen.tw/git/percepio/poc/runs/tcp-workload-matrix-v1/A02-baseline/build/ip4_addr.o:2147519208:2147519262:ip4_addr_isbroadcast_u32,224,440,880,1104,224,28,152,36,0,ip4_addr_isbroadcast_u32,/Users/swchen.tw/git/percepio/poc/runs/tcp-workload-matrix-v1/A02-baseline/build/ip4_addr.o,
by_function,/Users/swchen.tw/git/percepio/poc/runs/tcp-workload-matrix-v1/A02-baseline/build/tcp_in.o:2147509518:2147512570:tcp_input,3817,21439,42878,46695,3888,1742,7368,972,7469,tcp_input,/Users/swchen.tw/git/percepio/poc/runs/tcp-workload-matrix-v1/A02-baseline/build/tcp_in.o,
by_function,/Users/swchen.tw/git/percepio/poc/runs/tcp-workload-matrix-v1/A02-baseline/build/inet_chksum.o:2147500016:2147500020:ip_chksum_pseudo,25,51,102,127,25,0,8,18,0,ip_chksum_pseudo,/Users/swchen.tw/git/percepio/poc/runs/tcp-workload-matrix-v1/A02-baseline/build/inet_chksum.o,
by_function,/Users/swchen.tw/git/percepio/poc/runs/tcp-workload-matrix-v1/A02-baseline/build/tcp.o:2147503718:2147503734:tcp_next_iss,6,54,108,114,6,3,16,18,11,tcp_next_iss,/Users/swchen.tw/git/percepio/poc/runs/tcp-workload-matrix-v1/A02-baseline/build/tcp.o,
by_function,/Users/swchen.tw/git/percepio/poc/runs/tcp-workload-matrix-v1/A02-baseline/build/tcp_in.o:2147506728:2147506872:tcp_parseopt.part.0,43,273,546,589,45,17,80,54,77,tcp_parseopt.part.0,/Users/swchen.tw/git/percepio/poc/runs/tcp-workload-matrix-v1/A02-baseline/build/tcp_in.o,
by_function,/Users/swchen.tw/git/percepio/poc/runs/tcp-workload-matrix-v1/A02-baseline/build/tcp_in.o:2147506456:2147506508:tcp_get_next_optbyte,36,158,316,352,36,20,40,18,44,tcp_get_next_optbyte,/Users/swchen.tw/git/percepio/poc/runs/tcp-workload-matrix-v1/A02-baseline/build/tcp_in.o,
by_function,/Users/swchen.tw/git/percepio/poc/runs/tcp-workload-matrix-v1/A02-baseline/build/ip4.o:2147517992:2147518104:ip4_route,204,442,884,1088,204,60,160,18,0,ip4_route,/Users/swchen.tw/git/percepio/poc/runs/tcp-workload-matrix-v1/A02-baseline/build/ip4.o,
by_function,/Users/swchen.tw/git/percepio/poc/runs/tcp-workload-matrix-v1/A02-baseline/build/tcp.o:2147503734:2147503774:tcp_eff_send_mss_netif,28,58,116,144,30,2,8,18,0,tcp_eff_send_mss_netif,/Users/swchen.tw/git/percepio/poc/runs/tcp-workload-matrix-v1/A02-baseline/build/tcp.o,
by_function,/Users/swchen.tw/git/percepio/poc/runs/tcp-workload-matrix-v1/A02-baseline/build/tcp_out.o:2147514550:2147514710:tcp_enqueue_flags,89,574,1148,1237,91,34,176,108,165,tcp_enqueue_flags,/Users/swchen.tw/git/percepio/poc/runs/tcp-workload-matrix-v1/A02-baseline/build/tcp_out.o,
by_function,/Users/swchen.tw/git/percepio/poc/runs/tcp-workload-matrix-v1/A02-baseline/build/tcp_out.o:2147512584:2147512844:tcp_create_segment,780,6378,12756,13536,780,420,2248,180,2750,tcp_create_segment,/Users/swchen.tw/git/percepio/poc/runs/tcp-workload-matrix-v1/A02-baseline/build/tcp_out.o,
by_function,/Users/swchen.tw/git/percepio/poc/runs/tcp-workload-matrix-v1/A02-baseline/build/pbuf.o:2147502436:2147502458:pbuf_clen,296,392,784,1080,296,36,24,36,0,pbuf_clen,/Users/swchen.tw/git/percepio/poc/runs/tcp-workload-matrix-v1/A02-baseline/build/pbuf.o,
by_function,/Users/swchen.tw/git/percepio/poc/runs/tcp-workload-matrix-v1/A02-baseline/build/tcp_out.o:2147515590:2147516708:tcp_output,3005,16863,33726,36731,3035,1706,5560,270,6292,tcp_output,/Users/swchen.tw/git/percepio/poc/runs/tcp-workload-matrix-v1/A02-baseline/build/tcp_out.o,
by_function,/Users/swchen.tw/git/percepio/poc/runs/tcp-workload-matrix-v1/A02-baseline/build/ip4.o:2147519188:2147519208:ip4_output_if,55,74,148,203,55,11,8,0,0,ip4_output_if,/Users/swchen.tw/git/percepio/poc/runs/tcp-workload-matrix-v1/A02-baseline/build/ip4.o,
by_function,/Users/swchen.tw/git/percepio/poc/runs/tcp-workload-matrix-v1/A02-baseline/build/ip4.o:2147518804:2147519188:ip4_output_if_src,1177,8621,17242,18419,1210,528,3024,108,3751,ip4_output_if_src,/Users/swchen.tw/git/percepio/poc/runs/tcp-workload-matrix-v1/A02-baseline/build/ip4.o,
by_function,/Users/swchen.tw/git/percepio/poc/runs/tcp-workload-matrix-v1/A02-baseline/build/tcp_request_response_irq.o:2147495374:2147495428:output_packet,187,1235,2470,2657,187,88,440,36,484,output_packet,/Users/swchen.tw/git/percepio/poc/runs/tcp-workload-matrix-v1/A02-baseline/build/tcp_request_response_irq.o,
by_function,/Users/swchen.tw/git/percepio/poc/runs/tcp-workload-matrix-v1/A02-baseline/build/pbuf.o:2147502458:2147502472:pbuf_ref,55,328,656,711,55,22,112,18,121,pbuf_ref,/Users/swchen.tw/git/percepio/poc/runs/tcp-workload-matrix-v1/A02-baseline/build/pbuf.o,
by_function,/Users/swchen.tw/git/percepio/poc/runs/tcp-workload-matrix-v1/A02-baseline/build/pbuf.o:2147501946:2147502048:pbuf_free,1525,6831,13662,15187,1525,558,2072,36,2640,pbuf_free,/Users/swchen.tw/git/percepio/poc/runs/tcp-workload-matrix-v1/A02-baseline/build/pbuf.o,
by_function,/Users/swchen.tw/git/percepio/poc/runs/tcp-workload-matrix-v1/A02-baseline/build/mem.o:2147500232:2147500488:mem_free,1652,4789,9578,11230,1714,546,1200,108,1221,mem_free,/Users/swchen.tw/git/percepio/poc/runs/tcp-workload-matrix-v1/A02-baseline/build/mem.o,
by_function,/Users/swchen.tw/git/percepio/poc/runs/tcp-workload-matrix-v1/A02-baseline/build/tcp_request_response_irq.o:2147495586:2147495900:consume,786,3143,6286,7072,797,271,1120,108,847,consume,/Users/swchen.tw/git/percepio/poc/runs/tcp-workload-matrix-v1/A02-baseline/build/tcp_request_response_irq.o,
by_function,/Users/swchen.tw/git/percepio/poc/runs/tcp-workload-matrix-v1/A02-baseline/build/tcp_request_response_irq.o:2147494960:2147495040:on_accept,22,157,314,336,22,7,48,36,44,on_accept,/Users/swchen.tw/git/percepio/poc/runs/tcp-workload-matrix-v1/A02-baseline/build/tcp_request_response_irq.o,
by_function,/Users/swchen.tw/git/percepio/poc/runs/tcp-workload-matrix-v1/A02-baseline/build/tcp.o:2147503696:2147503704:tcp_sent,3,31,62,65,3,1,16,0,11,tcp_sent,/Users/swchen.tw/git/percepio/poc/runs/tcp-workload-matrix-v1/A02-baseline/build/tcp.o,
by_function,/Users/swchen.tw/git/percepio/poc/runs/tcp-workload-matrix-v1/A02-baseline/build/tcp.o:2147503688:2147503696:tcp_recv,3,23,46,49,3,1,8,0,11,tcp_recv,/Users/swchen.tw/git/percepio/poc/runs/tcp-workload-matrix-v1/A02-baseline/build/tcp.o,
by_function,/Users/swchen.tw/git/percepio/poc/runs/tcp-workload-matrix-v1/A02-baseline/build/tcp_in.o:2147507104:2147509518:tcp_receive,1641,9035,18070,19711,1660,797,3192,504,2882,tcp_receive,/Users/swchen.tw/git/percepio/poc/runs/tcp-workload-matrix-v1/A02-baseline/build/tcp_in.o,
by_function,/Users/swchen.tw/git/percepio/poc/runs/tcp-workload-matrix-v1/A02-baseline/build/tcp_in.o:2147506938:2147507104:tcp_free_acked_segments.isra.0,840,4588,9176,10016,860,450,1464,54,1760,tcp_free_acked_segments.isra.0,/Users/swchen.tw/git/percepio/poc/runs/tcp-workload-matrix-v1/A02-baseline/build/tcp_in.o,
by_function,/Users/swchen.tw/git/percepio/poc/runs/tcp-workload-matrix-v1/A02-baseline/build/tcp.o:2147503582:2147503618:tcp_seg_free,130,694,1388,1518,130,50,240,54,220,tcp_seg_free,/Users/swchen.tw/git/percepio/poc/runs/tcp-workload-matrix-v1/A02-baseline/build/tcp.o,
by_function,/Users/swchen.tw/git/percepio/poc/runs/tcp-workload-matrix-v1/A02-baseline/build/tcp_in.o:2147506872:2147506938:tcp_input_delayed_close,140,312,624,764,140,30,120,0,22,tcp_input_delayed_close,/Users/swchen.tw/git/percepio/poc/runs/tcp-workload-matrix-v1/A02-baseline/build/tcp_in.o,
by_function,/Users/swchen.tw/git/percepio/poc/runs/tcp-workload-matrix-v1/A02-baseline/build/pbuf.o:2147502472:2147502502:pbuf_cat,134,704,1408,1542,134,68,216,0,286,pbuf_cat,/Users/swchen.tw/git/percepio/poc/runs/tcp-workload-matrix-v1/A02-baseline/build/pbuf.o,
by_function,/Users/swchen.tw/git/percepio/poc/runs/tcp-workload-matrix-v1/A02-baseline/build/tcp.o:2147503424:2147503492:tcp_update_rcv_ann_wnd,100,262,524,624,100,25,64,18,55,tcp_update_rcv_ann_wnd,/Users/swchen.tw/git/percepio/poc/runs/tcp-workload-matrix-v1/A02-baseline/build/tcp.o,
by_function,/Users/swchen.tw/git/percepio/poc/runs/tcp-workload-matrix-v1/A02-baseline/build/tcp_request_response_irq.o:2147495040:2147495374:on_recv,1526,3170,6340,7866,1660,247,504,198,561,on_recv,/Users/swchen.tw/git/percepio/poc/runs/tcp-workload-matrix-v1/A02-baseline/build/tcp_request_response_irq.o,
by_function,/Users/swchen.tw/git/percepio/poc/runs/tcp-workload-matrix-v1/A02-baseline/build/pbuf.o:2147502888:2147502914:pbuf_get_at,1280,4002,8004,9284,1280,256,1040,18,1408,pbuf_get_at,/Users/swchen.tw/git/percepio/poc/runs/tcp-workload-matrix-v1/A02-baseline/build/pbuf.o,
by_function,/Users/swchen.tw/git/percepio/poc/runs/tcp-workload-matrix-v1/A02-baseline/build/pbuf.o:2147502854:2147502888:pbuf_try_get_at,2528,3320,6640,9168,2528,792,0,0,0,pbuf_try_get_at,/Users/swchen.tw/git/percepio/poc/runs/tcp-workload-matrix-v1/A02-baseline/build/pbuf.o,
by_function,/Users/swchen.tw/git/percepio/poc/runs/tcp-workload-matrix-v1/A02-baseline/build/tcp.o:2147503492:2147503582:tcp_recved,42,218,436,478,42,12,80,18,66,tcp_recved,/Users/swchen.tw/git/percepio/poc/runs/tcp-workload-matrix-v1/A02-baseline/build/tcp.o,
by_function,/Users/swchen.tw/git/percepio/poc/runs/tcp-workload-matrix-v1/A02-baseline/build/tcp_out.o:2147513326:2147514134:tcp_write,1232,6508,13016,14248,1240,456,2272,252,2288,tcp_write,/Users/swchen.tw/git/percepio/poc/runs/tcp-workload-matrix-v1/A02-baseline/build/tcp_out.o,
by_function,/Users/swchen.tw/git/percepio/poc/runs/tcp-workload-matrix-v1/A02-baseline/build/pbuf.o:2147501804:2147501864:pbuf_alloc_reference,184,2048,4096,4280,184,120,776,0,968,pbuf_alloc_reference,/Users/swchen.tw/git/percepio/poc/runs/tcp-workload-matrix-v1/A02-baseline/build/pbuf.o,
by_function,/Users/swchen.tw/git/percepio/poc/.tools/xpack-riscv-none-elf-gcc-15.2.0-1/bin/../lib/gcc/riscv-none-elf/15.2.0/../../../../riscv-none-elf/lib/libg_nano.a(libc_a-memcmp.o):2147520272:2147520310:memcmp,81792,105226,210452,292244,81792,23360,56,18,0,memcmp,/Users/swchen.tw/git/percepio/poc/.tools/xpack-riscv-none-elf-gcc-15.2.0-1/bin/../lib/gcc/riscv-none-elf/15.2.0/../../../../riscv-none-elf/lib/libg_nano.a(libc_a-memcmp.o),
by_function,/Users/swchen.tw/git/percepio/poc/runs/tcp-workload-matrix-v1/A02-baseline/build/tcp_request_response_irq.o:2147494898:2147494960:on_sent,144,978,1956,2100,152,72,384,18,352,on_sent,/Users/swchen.tw/git/percepio/poc/runs/tcp-workload-matrix-v1/A02-baseline/build/tcp_request_response_irq.o,
by_function,/Users/swchen.tw/git/percepio/poc/runs/tcp-workload-matrix-v1/A02-baseline/build/portASM.o:2147519488:2147519954:unresolved@/Users/swchen.tw/git/percepio/poc/runs/tcp-workload-matrix-v1/A02-baseline/build/portASM.o:2147519488,293,2820,5640,5933,295,224,952,216,1133,unresolved@/Users/swchen.tw/git/percepio/poc/runs/tcp-workload-matrix-v1/A02-baseline/build/portASM.o:2147519488,/Users/swchen.tw/git/percepio/poc/runs/tcp-workload-matrix-v1/A02-baseline/build/portASM.o,
by_function,/Users/swchen.tw/git/percepio/poc/runs/tcp-workload-matrix-v1/A02-baseline/build/tasks.o:2147485004:2147485444:xTaskIncrementTick,194,1524,3048,3242,195,112,464,324,429,xTaskIncrementTick,/Users/swchen.tw/git/percepio/poc/runs/tcp-workload-matrix-v1/A02-baseline/build/tasks.o,
by_function,/Users/swchen.tw/git/percepio/poc/runs/tcp-workload-matrix-v1/A02-baseline/build/trcEvent.o:2147488492:2147488636:xTraceEventCreate1,220,1348,2696,2916,220,112,424,108,484,xTraceEventCreate1,/Users/swchen.tw/git/percepio/poc/runs/tcp-workload-matrix-v1/A02-baseline/build/trcEvent.o,
by_function,/Users/swchen.tw/git/percepio/poc/runs/tcp-workload-matrix-v1/A02-baseline/build/clock.o:2147493400:2147493424:poc_mtime,81,133,266,347,81,0,16,36,0,poc_mtime,/Users/swchen.tw/git/percepio/poc/runs/tcp-workload-matrix-v1/A02-baseline/build/clock.o,
by_function,/Users/swchen.tw/git/percepio/poc/runs/tcp-workload-matrix-v1/A02-baseline/build/trcStreamPort.o:2147493810:2147493862:xTraceStreamPortWriteData,140,988,1976,2116,140,63,328,72,385,xTraceStreamPortWriteData,/Users/swchen.tw/git/percepio/poc/runs/tcp-workload-matrix-v1/A02-baseline/build/trcStreamPort.o,
by_function,/Users/swchen.tw/git/percepio/poc/runs/tcp-workload-matrix-v1/A02-baseline/build/stream_io.o:2147493576:2147493642:poc_write_all,203,1042,2084,2287,203,70,312,72,385,poc_write_all,/Users/swchen.tw/git/percepio/poc/runs/tcp-workload-matrix-v1/A02-baseline/build/stream_io.o,
by_function,/Users/swchen.tw/git/percepio/poc/runs/tcp-workload-matrix-v1/A02-baseline/build/semihost.o:2147493552:2147493576:poc_sh_write,77,721,1442,1519,84,35,240,54,308,poc_sh_write,/Users/swchen.tw/git/percepio/poc/runs/tcp-workload-matrix-v1/A02-baseline/build/semihost.o,
by_function,/Users/swchen.tw/git/percepio/poc/runs/tcp-workload-matrix-v1/A02-baseline/build/semihost.o:2147493488:2147493502:call,28,80,160,188,28,0,16,36,0,call,/Users/swchen.tw/git/percepio/poc/runs/tcp-workload-matrix-v1/A02-baseline/build/semihost.o,
by_function,/Users/swchen.tw/git/percepio/poc/runs/tcp-workload-matrix-v1/A02-baseline/build/trcEvent.o:2147488452:2147488468:poc_irq_restore,28,28,56,84,28,0,0,0,0,poc_irq_restore,/Users/swchen.tw/git/percepio/poc/runs/tcp-workload-matrix-v1/A02-baseline/build/trcEvent.o,
by_function,/Users/swchen.tw/git/percepio/poc/runs/tcp-workload-matrix-v1/A02-baseline/build/tcp.o:2147505390:2147505534:tcp_fasttmr,64,430,860,924,66,34,144,54,132,tcp_fasttmr,/Users/swchen.tw/git/percepio/poc/runs/tcp-workload-matrix-v1/A02-baseline/build/tcp.o,
by_function,/Users/swchen.tw/git/percepio/poc/runs/tcp-workload-matrix-v1/A02-baseline/build/tcp.o:2147505534:2147506456:tcp_slowtmr,204,1478,2956,3160,204,102,448,306,418,tcp_slowtmr,/Users/swchen.tw/git/percepio/poc/runs/tcp-workload-matrix-v1/A02-baseline/build/tcp.o,
by_function,/Users/swchen.tw/git/percepio/poc/runs/tcp-workload-matrix-v1/A02-baseline/build/tasks.o:2147485872:2147486056:vTaskSwitchContext,110,643,1286,1396,110,58,184,126,165,vTaskSwitchContext,/Users/swchen.tw/git/percepio/poc/runs/tcp-workload-matrix-v1/A02-baseline/build/tasks.o,
by_function,/Users/swchen.tw/git/percepio/poc/.tools/xpack-riscv-none-elf-gcc-15.2.0-1/bin/../lib/gcc/riscv-none-elf/15.2.0/libgcc.a(_clzsi2.o):2147519954:2147520064:__clzsi2,28,82,164,192,28,2,16,36,0,__clzsi2,/Users/swchen.tw/git/percepio/poc/.tools/xpack-riscv-none-elf-gcc-15.2.0-1/bin/../lib/gcc/riscv-none-elf/15.2.0/libgcc.a(_clzsi2.o),
by_function,/Users/swchen.tw/git/percepio/poc/runs/tcp-workload-matrix-v1/A02-baseline/build/trcTask.o:2147493112:2147493208:xTraceTaskSwitch,66,400,800,866,66,28,120,54,132,xTraceTaskSwitch,/Users/swchen.tw/git/percepio/poc/runs/tcp-workload-matrix-v1/A02-baseline/build/trcTask.o,
by_function,/Users/swchen.tw/git/percepio/poc/runs/tcp-workload-matrix-v1/A02-baseline/build/trcEvent.o:2147488636:2147488790:xTraceEventCreate2,118,752,1504,1622,118,62,232,54,286,xTraceEventCreate2,/Users/swchen.tw/git/percepio/poc/runs/tcp-workload-matrix-v1/A02-baseline/build/trcEvent.o,
by_function,/Users/swchen.tw/git/percepio/poc/runs/tcp-workload-matrix-v1/A02-baseline/build/tasks.o:2147485792:2147485872:vTaskDelay,4,6,12,16,4,2,0,0,0,vTaskDelay,/Users/swchen.tw/git/percepio/poc/runs/tcp-workload-matrix-v1/A02-baseline/build/tasks.o,
by_function,/Users/swchen.tw/git/percepio/poc/runs/tcp-workload-matrix-v1/A02-baseline/build/tcp_request_response_irq.o:2147496012:2147496070:timing_observer,14,110,220,234,14,5,40,18,33,timing_observer,/Users/swchen.tw/git/percepio/poc/runs/tcp-workload-matrix-v1/A02-baseline/build/tcp_request_response_irq.o,
by_function,/Users/swchen.tw/git/percepio/poc/runs/tcp-workload-matrix-v1/A02-baseline/build/tasks.o:2147484998:2147485004:xTaskGetTickCount,2,3,6,8,2,1,0,0,0,xTaskGetTickCount,/Users/swchen.tw/git/percepio/poc/runs/tcp-workload-matrix-v1/A02-baseline/build/tasks.o,
by_function,/Users/swchen.tw/git/percepio/poc/runs/tcp-workload-matrix-v1/A02-baseline/build/main.o:2147493908:2147493984:poc_mark,23,139,278,301,23,7,40,36,33,poc_mark,/Users/swchen.tw/git/percepio/poc/runs/tcp-workload-matrix-v1/A02-baseline/build/main.o,
by_function,/Users/swchen.tw/git/percepio/poc/runs/tcp-workload-matrix-v1/A02-baseline/build/oracle.o:2147494034:2147494130:poc_oracle_record,31,288,576,607,31,16,88,54,99,poc_oracle_record,/Users/swchen.tw/git/percepio/poc/runs/tcp-workload-matrix-v1/A02-baseline/build/oracle.o,
by_function,/Users/swchen.tw/git/percepio/poc/.tools/xpack-riscv-none-elf-gcc-15.2.0-1/bin/../lib/gcc/riscv-none-elf/15.2.0/../../../../riscv-none-elf/lib/libg_nano.a(libc_a-snprintf.o):2147520064:2147520168:sniprintf,38,451,902,940,38,21,144,72,176,sniprintf,/Users/swchen.tw/git/percepio/poc/.tools/xpack-riscv-none-elf-gcc-15.2.0-1/bin/../lib/gcc/riscv-none-elf/15.2.0/../../../../riscv-none-elf/lib/libg_nano.a(libc_a-snprintf.o),
by_function,/Users/swchen.tw/git/percepio/poc/.tools/xpack-riscv-none-elf-gcc-15.2.0-1/bin/../lib/gcc/riscv-none-elf/15.2.0/../../../../riscv-none-elf/lib/libg_nano.a(libc_a-nano-svfprintf.o):2147520674:2147521294:_svfiprintf_r,360,1715,3430,3790,366,109,464,270,506,_svfiprintf_r,/Users/swchen.tw/git/percepio/poc/.tools/xpack-riscv-none-elf-gcc-15.2.0-1/bin/../lib/gcc/riscv-none-elf/15.2.0/../../../../riscv-none-elf/lib/libg_nano.a(libc_a-nano-svfprintf.o),
by_function,/Users/swchen.tw/git/percepio/poc/.tools/xpack-riscv-none-elf-gcc-15.2.0-1/bin/../lib/gcc/riscv-none-elf/15.2.0/../../../../riscv-none-elf/lib/libg_nano.a(libc_a-nano-svfprintf.o):2147520434:2147520674:__ssputs_r,370,2542,5084,5454,370,220,816,36,1100,__ssputs_r,/Users/swchen.tw/git/percepio/poc/.tools/xpack-riscv-none-elf-gcc-15.2.0-1/bin/../lib/gcc/riscv-none-elf/15.2.0/../../../../riscv-none-elf/lib/libg_nano.a(libc_a-nano-svfprintf.o),
by_function,/Users/swchen.tw/git/percepio/poc/.tools/xpack-riscv-none-elf-gcc-15.2.0-1/bin/../lib/gcc/riscv-none-elf/15.2.0/../../../../riscv-none-elf/lib/libg_nano.a(libc_a-memmove.o):2147520316:2147520354:memmove,333,1265,2530,2863,333,88,360,0,484,memmove,/Users/swchen.tw/git/percepio/poc/.tools/xpack-riscv-none-elf-gcc-15.2.0-1/bin/../lib/gcc/riscv-none-elf/15.2.0/../../../../riscv-none-elf/lib/libg_nano.a(libc_a-memmove.o),
by_function,/Users/swchen.tw/git/percepio/poc/.tools/xpack-riscv-none-elf-gcc-15.2.0-1/bin/../lib/gcc/riscv-none-elf/15.2.0/../../../../riscv-none-elf/lib/libg_nano.a(libc_a-memchr.o):2147522666:2147522692:memchr,447,631,1262,1709,447,80,32,72,0,memchr,/Users/swchen.tw/git/percepio/poc/.tools/xpack-riscv-none-elf-gcc-15.2.0-1/bin/../lib/gcc/riscv-none-elf/15.2.0/../../../../riscv-none-elf/lib/libg_nano.a(libc_a-memchr.o),
by_function,/Users/swchen.tw/git/percepio/poc/.tools/xpack-riscv-none-elf-gcc-15.2.0-1/bin/../lib/gcc/riscv-none-elf/15.2.0/../../../../riscv-none-elf/lib/libg_nano.a(libc_a-nano-vfprintf_i.o):2147521930:2147522546:_printf_i,212,1081,2162,2374,213,78,312,126,352,_printf_i,/Users/swchen.tw/git/percepio/poc/.tools/xpack-riscv-none-elf-gcc-15.2.0-1/bin/../lib/gcc/riscv-none-elf/15.2.0/../../../../riscv-none-elf/lib/libg_nano.a(libc_a-nano-vfprintf_i.o),
by_function,/Users/swchen.tw/git/percepio/poc/.tools/xpack-riscv-none-elf-gcc-15.2.0-1/bin/../lib/gcc/riscv-none-elf/15.2.0/../../../../riscv-none-elf/lib/libg_nano.a(libc_a-nano-vfprintf_i.o):2147521656:2147521930:_printf_common,207,1036,2072,2279,207,93,280,126,330,_printf_common,/Users/swchen.tw/git/percepio/poc/.tools/xpack-riscv-none-elf-gcc-15.2.0-1/bin/../lib/gcc/riscv-none-elf/15.2.0/../../../../riscv-none-elf/lib/libg_nano.a(libc_a-nano-vfprintf_i.o),
by_function,/Users/swchen.tw/git/percepio/poc/runs/tcp-workload-matrix-v1/A02-baseline/build/trcPrint.o:2147491812:2147491858:xTracePrintF,18,232,464,482,18,10,80,36,88,xTracePrintF,/Users/swchen.tw/git/percepio/poc/runs/tcp-workload-matrix-v1/A02-baseline/build/trcPrint.o,
by_function,/Users/swchen.tw/git/percepio/poc/runs/tcp-workload-matrix-v1/A02-baseline/build/trcPrint.o:2147491720:2147491812:xTraceVPrintF,406,478,956,1362,406,46,8,18,0,xTraceVPrintF,/Users/swchen.tw/git/percepio/poc/runs/tcp-workload-matrix-v1/A02-baseline/build/trcPrint.o,
by_function,/Users/swchen.tw/git/percepio/poc/runs/tcp-workload-matrix-v1/A02-baseline/build/trcPrint.o:2147491266:2147491630:prvTraceVPrintF,32,217,434,466,32,12,64,54,55,prvTraceVPrintF,/Users/swchen.tw/git/percepio/poc/runs/tcp-workload-matrix-v1/A02-baseline/build/trcPrint.o,
by_function,/Users/swchen.tw/git/percepio/poc/runs/tcp-workload-matrix-v1/A02-baseline/build/trcEvent.o:2147489598:2147489806:xTraceEventCreateData2,74,525,1050,1124,75,35,160,90,165,xTraceEventCreateData2,/Users/swchen.tw/git/percepio/poc/runs/tcp-workload-matrix-v1/A02-baseline/build/trcEvent.o,
by_function,/Users/swchen.tw/git/percepio/poc/runs/tcp-workload-matrix-v1/A02-baseline/build/tasks.o:2147486056:2147486324:vTaskSuspend,70,414,828,898,70,24,120,90,110,vTaskSuspend,/Users/swchen.tw/git/percepio/poc/runs/tcp-workload-matrix-v1/A02-baseline/build/tasks.o,
by_function,/Users/swchen.tw/git/percepio/poc/runs/tcp-workload-matrix-v1/A02-baseline/build/list.o:2147486418:2147486452:uxListRemove,15,148,296,311,15,12,48,18,55,uxListRemove,/Users/swchen.tw/git/percepio/poc/runs/tcp-workload-matrix-v1/A02-baseline/build/list.o,
by_function,/Users/swchen.tw/git/percepio/poc/runs/tcp-workload-matrix-v1/A02-baseline/build/list.o:2147486350:2147486372:vListInsertEnd,11,160,320,331,11,9,56,18,66,vListInsertEnd,/Users/swchen.tw/git/percepio/poc/runs/tcp-workload-matrix-v1/A02-baseline/build/list.o,
by_function,/Users/swchen.tw/git/percepio/poc/runs/tcp-workload-matrix-v1/A02-baseline/build/tasks.o:2147484174:2147484200:prvResetNextTaskUnblockTime,7,55,110,117,7,3,16,18,11,prvResetNextTaskUnblockTime,/Users/swchen.tw/git/percepio/poc/runs/tcp-workload-matrix-v1/A02-baseline/build/tasks.o,
by_function,/Users/swchen.tw/git/percepio/poc/runs/tcp-workload-matrix-v1/A02-baseline/build/tcp_out.o:2147515512:2147515590:tcp_send_empty_ack,24,140,280,304,24,7,40,36,33,tcp_send_empty_ack,/Users/swchen.tw/git/percepio/poc/runs/tcp-workload-matrix-v1/A02-baseline/build/tcp_out.o,
by_function,/Users/swchen.tw/git/percepio/poc/runs/tcp-workload-matrix-v1/A02-baseline/build/tcp_out.o:2147513192:2147513240:tcp_output_alloc_header.constprop.0,19,139,278,297,19,11,40,36,33,tcp_output_alloc_header.constprop.0,/Users/swchen.tw/git/percepio/poc/runs/tcp-workload-matrix-v1/A02-baseline/build/tcp_out.o,
by_function,/Users/swchen.tw/git/percepio/poc/runs/tcp-workload-matrix-v1/A02-baseline/build/tcp_out.o:2147512974:2147513192:tcp_output_alloc_header_common.constprop.0,76,745,1490,1566,77,39,256,54,319,tcp_output_alloc_header_common.constprop.0,/Users/swchen.tw/git/percepio/poc/runs/tcp-workload-matrix-v1/A02-baseline/build/tcp_out.o,
by_function,/Users/swchen.tw/git/percepio/poc/runs/tcp-workload-matrix-v1/A02-baseline/build/tcp_out.o:2147513240:2147513326:tcp_output_control_segment,23,137,274,297,23,11,48,0,55,tcp_output_control_segment,/Users/swchen.tw/git/percepio/poc/runs/tcp-workload-matrix-v1/A02-baseline/build/tcp_out.o,
by_function,/Users/swchen.tw/git/percepio/poc/runs/tcp-workload-matrix-v1/A02-baseline/build/tcp_out.o:2147512844:2147512974:tcp_output_control_segment_netif,48,287,574,622,49,22,88,18,110,tcp_output_control_segment_netif,/Users/swchen.tw/git/percepio/poc/runs/tcp-workload-matrix-v1/A02-baseline/build/tcp_out.o,
by_function,/Users/swchen.tw/git/percepio/poc/runs/tcp-workload-matrix-v1/A02-baseline/build/tcp.o:2147505172:2147505204:tcp_close,15,72,144,159,15,4,24,18,11,tcp_close,/Users/swchen.tw/git/percepio/poc/runs/tcp-workload-matrix-v1/A02-baseline/build/tcp.o,
by_function,/Users/swchen.tw/git/percepio/poc/runs/tcp-workload-matrix-v1/A02-baseline/build/tcp.o:2147504878:2147505172:tcp_close_shutdown,68,351,702,770,69,22,104,90,66,tcp_close_shutdown,/Users/swchen.tw/git/percepio/poc/runs/tcp-workload-matrix-v1/A02-baseline/build/tcp.o,
by_function,/Users/swchen.tw/git/percepio/poc/runs/tcp-workload-matrix-v1/A02-baseline/build/tcp.o:2147502996:2147503078:tcp_close_shutdown_fin,20,135,270,290,20,6,40,36,33,tcp_close_shutdown_fin,/Users/swchen.tw/git/percepio/poc/runs/tcp-workload-matrix-v1/A02-baseline/build/tcp.o,
by_function,/Users/swchen.tw/git/percepio/poc/runs/tcp-workload-matrix-v1/A02-baseline/build/tcp_out.o:2147514710:2147514840:tcp_send_fin,16,135,270,286,16,9,48,18,44,tcp_send_fin,/Users/swchen.tw/git/percepio/poc/runs/tcp-workload-matrix-v1/A02-baseline/build/tcp_out.o,
by_function,/Users/swchen.tw/git/percepio/poc/runs/tcp-workload-matrix-v1/A02-baseline/build/tcp.o:2147503888:2147503984:tcp_pcb_remove,45,348,696,741,45,23,112,36,132,tcp_pcb_remove,/Users/swchen.tw/git/percepio/poc/runs/tcp-workload-matrix-v1/A02-baseline/build/tcp.o,
by_function,/Users/swchen.tw/git/percepio/poc/runs/tcp-workload-matrix-v1/A02-baseline/build/tcp.o:2147503806:2147503888:tcp_pcb_purge,33,194,388,421,34,13,56,36,55,tcp_pcb_purge,/Users/swchen.tw/git/percepio/poc/runs/tcp-workload-matrix-v1/A02-baseline/build/tcp.o,
by_function,/Users/swchen.tw/git/percepio/poc/runs/tcp-workload-matrix-v1/A02-baseline/build/tcp.o:2147503618:2147503646:tcp_segs_free,4,30,60,64,4,0,8,18,0,tcp_segs_free,/Users/swchen.tw/git/percepio/poc/runs/tcp-workload-matrix-v1/A02-baseline/build/tcp.o,
by_function,/Users/swchen.tw/git/percepio/poc/runs/tcp-workload-matrix-v1/A02-baseline/build/tcp_request_response_irq.o:2147494842:2147494898:resources,20,256,512,532,21,17,80,72,66,resources,/Users/swchen.tw/git/percepio/poc/runs/tcp-workload-matrix-v1/A02-baseline/build/tcp_request_response_irq.o,
by_pc,2147496070,1,27,54,55,1,0,8,18,0,tcp_capture_begin,/Users/swchen.tw/git/percepio/poc/runs/tcp-workload-matrix-v1/A02-baseline/build/tcp_request_response_irq.o,
by_pc,2147496072,1,1,2,3,1,0,0,0,0,tcp_capture_begin,/Users/swchen.tw/git/percepio/poc/runs/tcp-workload-matrix-v1/A02-baseline/build/tcp_request_response_irq.o,
by_pc,2147497250,1,54,108,109,1,1,16,36,0,session_task,/Users/swchen.tw/git/percepio/poc/runs/tcp-workload-matrix-v1/A02-baseline/build/tcp_request_response_irq.o,
by_pc,2147497254,1,1,2,3,1,0,0,0,0,session_task,/Users/swchen.tw/git/percepio/poc/runs/tcp-workload-matrix-v1/A02-baseline/build/tcp_request_response_irq.o,
by_pc,2147497258,1,1,2,3,1,0,0,0,0,session_task,/Users/swchen.tw/git/percepio/poc/runs/tcp-workload-matrix-v1/A02-baseline/build/tcp_request_response_irq.o,
by_pc,2147497260,1,21,42,43,1,1,8,0,11,session_task,/Users/swchen.tw/git/percepio/poc/runs/tcp-workload-matrix-v1/A02-baseline/build/tcp_request_response_irq.o,
by_pc,2147497264,1,1,2,3,1,0,0,0,0,session_task,/Users/swchen.tw/git/percepio/poc/runs/tcp-workload-matrix-v1/A02-baseline/build/tcp_request_response_irq.o,
by_pc,2147497268,1,1,2,3,1,0,0,0,0,session_task,/Users/swchen.tw/git/percepio/poc/runs/tcp-workload-matrix-v1/A02-baseline/build/tcp_request_response_irq.o,
by_pc,2147497272,1,1,2,3,1,0,0,0,0,session_task,/Users/swchen.tw/git/percepio/poc/runs/tcp-workload-matrix-v1/A02-baseline/build/tcp_request_response_irq.o,
by_pc,2147496078,27,27,54,81,27,0,0,0,0,z0_stack_begin,/Users/swchen.tw/git/percepio/poc/runs/tcp-workload-matrix-v1/A02-baseline/build/tcp_request_response_irq.o,
by_pc,2147496080,27,27,54,81,27,0,0,0,0,z0_stack_begin,/Users/swchen.tw/git/percepio/poc/runs/tcp-workload-matrix-v1/A02-baseline/build/tcp_request_response_irq.o,
by_pc,2147497276,1,1,2,3,1,0,0,0,0,session_task,/Users/swchen.tw/git/percepio/poc/runs/tcp-workload-matrix-v1/A02-baseline/build/tcp_request_response_irq.o,
by_pc,2147497280,1,27,54,55,1,0,8,18,0,session_task,/Users/swchen.tw/git/percepio/poc/runs/tcp-workload-matrix-v1/A02-baseline/build/tcp_request_response_irq.o,
by_pc,2147504870,1,27,54,55,1,0,8,18,0,tcp_new,/Users/swchen.tw/git/percepio/poc/runs/tcp-workload-matrix-v1/A02-baseline/build/tcp.o,
by_pc,2147504874,1,1,2,3,1,0,0,0,0,tcp_new,/Users/swchen.tw/git/percepio/poc/runs/tcp-workload-matrix-v1/A02-baseline/build/tcp.o,
by_pc,2147504434,2,28,56,58,2,0,8,18,0,tcp_alloc,/Users/swchen.tw/git/percepio/poc/runs/tcp-workload-matrix-v1/A02-baseline/build/tcp.o,
by_pc,2147504436,2,60,120,122,2,2,16,18,22,tcp_alloc,/Users/swchen.tw/git/percepio/poc/runs/tcp-workload-matrix-v1/A02-baseline/build/tcp.o,
by_pc,2147504438,2,2,4,6,2,0,0,0,0,tcp_alloc,/Users/swchen.tw/git/percepio/poc/runs/tcp-workload-matrix-v1/A02-baseline/build/tcp.o,
by_pc,2147504440,2,2,4,6,2,0,0,0,0,tcp_alloc,/Users/swchen.tw/git/percepio/poc/runs/tcp-workload-matrix-v1/A02-baseline/build/tcp.o,
by_pc,2147504442,2,42,84,86,2,2,16,0,22,tcp_alloc,/Users/swchen.tw/git/percepio/poc/runs/tcp-workload-matrix-v1/A02-baseline/build/tcp.o,
by_pc,2147504444,2,42,84,86,2,2,16,0,22,tcp_alloc,/Users/swchen.tw/git/percepio/poc/runs/tcp-workload-matrix-v1/A02-baseline/build/tcp.o,
by_pc,2147504446,2,42,84,86,2,2,16,0,22,tcp_alloc,/Users/swchen.tw/git/percepio/poc/runs/tcp-workload-matrix-v1/A02-baseline/build/tcp.o,
by_pc,2147504448,2,28,56,58,2,0,8,18,0,tcp_alloc,/Users/swchen.tw/git/percepio/poc/runs/tcp-workload-matrix-v1/A02-baseline/build/tcp.o,
by_pc,2147501254,21,79,158,179,21,0,40,18,0,memp_malloc,/Users/swchen.tw/git/percepio/poc/runs/tcp-workload-matrix-v1/A02-baseline/build/memp.o,
by_pc,2147501256,21,21,42,63,21,0,0,0,0,memp_malloc,/Users/swchen.tw/git/percepio/poc/runs/tcp-workload-matrix-v1/A02-baseline/build/memp.o,
by_pc,2147501260,21,21,42,63,21,0,0,0,0,memp_malloc,/Users/swchen.tw/git/percepio/poc/runs/tcp-workload-matrix-v1/A02-baseline/build/memp.o,
by_pc,2147501262,21,21,42,63,21,0,0,0,0,memp_malloc,/Users/swchen.tw/git/percepio/poc/runs/tcp-workload-matrix-v1/A02-baseline/build/memp.o,
by_pc,2147501266,21,21,42,63,21,0,0,0,0,memp_malloc,/Users/swchen.tw/git/percepio/poc/runs/tcp-workload-matrix-v1/A02-baseline/build/memp.o,
by_pc,2147501270,21,21,42,63,21,0,0,0,0,memp_malloc,/Users/swchen.tw/git/percepio/poc/runs/tcp-workload-matrix-v1/A02-baseline/build/memp.o,
by_pc,2147501272,21,68,136,157,21,21,8,18,0,memp_malloc,/Users/swchen.tw/git/percepio/poc/runs/tcp-workload-matrix-v1/A02-baseline/build/memp.o,
by_pc,2147501274,21,21,42,63,21,0,0,0,0,memp_malloc,/Users/swchen.tw/git/percepio/poc/runs/tcp-workload-matrix-v1/A02-baseline/build/memp.o,
by_pc,2147501078,21,158,316,337,21,21,80,36,0,do_memp_malloc_pool,/Users/swchen.tw/git/percepio/poc/runs/tcp-workload-matrix-v1/A02-baseline/build/memp.o,
by_pc,2147501080,21,21,42,63,21,0,0,0,0,do_memp_malloc_pool,/Users/swchen.tw/git/percepio/poc/runs/tcp-workload-matrix-v1/A02-baseline/build/memp.o,
by_pc,2147501082,21,94,188,209,21,21,16,36,0,do_memp_malloc_pool,/Users/swchen.tw/git/percepio/poc/runs/tcp-workload-matrix-v1/A02-baseline/build/memp.o,
by_pc,2147501084,21,21,42,63,21,0,0,0,0,do_memp_malloc_pool,/Users/swchen.tw/git/percepio/poc/runs/tcp-workload-matrix-v1/A02-baseline/build/memp.o,
by_pc,2147501086,21,146,292,313,21,21,32,72,0,do_memp_malloc_pool,/Users/swchen.tw/git/percepio/poc/runs/tcp-workload-matrix-v1/A02-baseline/build/memp.o,
by_pc,2147501088,21,441,882,903,21,21,168,0,231,do_memp_malloc_pool,/Users/swchen.tw/git/percepio/poc/runs/tcp-workload-matrix-v1/A02-baseline/build/memp.o,
by_pc,2147501090,21,68,136,157,21,21,8,18,0,do_memp_malloc_pool,/Users/swchen.tw/git/percepio/poc/runs/tcp-workload-matrix-v1/A02-baseline/build/memp.o,
by_pc,2147501092,21,146,292,313,21,21,32,72,0,do_memp_malloc_pool,/Users/swchen.tw/git/percepio/poc/runs/tcp-workload-matrix-v1/A02-baseline/build/memp.o,
by_pc,2147501096,21,21,42,63,21,0,0,0,0,do_memp_malloc_pool,/Users/swchen.tw/git/percepio/poc/runs/tcp-workload-matrix-v1/A02-baseline/build/memp.o,
by_pc,2147501098,21,441,882,903,21,21,168,0,231,do_memp_malloc_pool,/Users/swchen.tw/git/percepio/poc/runs/tcp-workload-matrix-v1/A02-baseline/build/memp.o,
by_pc,2147501102,21,42,84,105,21,21,0,0,0,do_memp_malloc_pool,/Users/swchen.tw/git/percepio/poc/runs/tcp-workload-matrix-v1/A02-baseline/build/memp.o,
by_pc,2147501104,21,42,84,105,21,21,0,0,0,do_memp_malloc_pool,/Users/swchen.tw/git/percepio/poc/runs/tcp-workload-matrix-v1/A02-baseline/build/memp.o,
by_pc,2147501108,21,42,84,105,21,21,0,0,0,do_memp_malloc_pool,/Users/swchen.tw/git/percepio/poc/runs/tcp-workload-matrix-v1/A02-baseline/build/memp.o,
by_pc,2147501112,21,21,42,63,21,0,0,0,0,do_memp_malloc_pool,/Users/swchen.tw/git/percepio/poc/runs/tcp-workload-matrix-v1/A02-baseline/build/memp.o,
by_pc,2147501116,4,84,168,172,4,4,32,0,44,do_memp_malloc_pool,/Users/swchen.tw/git/percepio/poc/runs/tcp-workload-matrix-v1/A02-baseline/build/memp.o,
by_pc,2147501120,4,30,60,64,4,0,8,18,0,do_memp_malloc_pool,/Users/swchen.tw/git/percepio/poc/runs/tcp-workload-matrix-v1/A02-baseline/build/memp.o,
by_pc,2147504452,2,2,4,6,2,0,0,0,0,tcp_alloc,/Users/swchen.tw/git/percepio/poc/runs/tcp-workload-matrix-v1/A02-baseline/build/tcp.o,
by_pc,2147504454,2,2,4,6,2,0,0,0,0,tcp_alloc,/Users/swchen.tw/git/percepio/poc/runs/tcp-workload-matrix-v1/A02-baseline/build/tcp.o,
by_pc,2147504630,2,28,56,58,2,0,8,18,0,tcp_alloc,/Users/swchen.tw/git/percepio/poc/runs/tcp-workload-matrix-v1/A02-baseline/build/tcp.o,
by_pc,2147504632,2,2,4,6,2,0,0,0,0,tcp_alloc,/Users/swchen.tw/git/percepio/poc/runs/tcp-workload-matrix-v1/A02-baseline/build/tcp.o,
by_pc,2147504636,2,2,4,6,2,0,0,0,0,tcp_alloc,/Users/swchen.tw/git/percepio/poc/runs/tcp-workload-matrix-v1/A02-baseline/build/tcp.o,
by_pc,2147504638,2,30,60,62,4,0,8,18,0,tcp_alloc,/Users/swchen.tw/git/percepio/poc/runs/tcp-workload-matrix-v1/A02-baseline/build/tcp.o,
by_pc,2147520354,16,74,148,164,16,0,40,18,0,memset,/Users/swchen.tw/git/percepio/poc/.tools/xpack-riscv-none-elf-gcc-15.2.0-1/bin/../lib/gcc/riscv-none-elf/15.2.0/../../../../riscv-none-elf/lib/libg_nano.a(libc_a-memset.o),
by_pc,2147520356,16,16,32,48,16,0,0,0,0,memset,/Users/swchen.tw/git/percepio/poc/.tools/xpack-riscv-none-elf-gcc-15.2.0-1/bin/../lib/gcc/riscv-none-elf/15.2.0/../../../../riscv-none-elf/lib/libg_nano.a(libc_a-memset.o),
by_pc,2147520358,1012,21306,42612,43624,1012,1012,8096,54,11132,memset,/Users/swchen.tw/git/percepio/poc/.tools/xpack-riscv-none-elf-gcc-15.2.0-1/bin/../lib/gcc/riscv-none-elf/15.2.0/../../../../riscv-none-elf/lib/libg_nano.a(libc_a-memset.o),
by_pc,2147520362,1012,1012,2024,3036,1012,0,0,0,0,memset,/Users/swchen.tw/git/percepio/poc/.tools/xpack-riscv-none-elf-gcc-15.2.0-1/bin/../lib/gcc/riscv-none-elf/15.2.0/../../../../riscv-none-elf/lib/libg_nano.a(libc_a-memset.o),
by_pc,2147520364,1012,1012,2024,3036,1012,0,0,0,0,memset,/Users/swchen.tw/git/percepio/poc/.tools/xpack-riscv-none-elf-gcc-15.2.0-1/bin/../lib/gcc/riscv-none-elf/15.2.0/../../../../riscv-none-elf/lib/libg_nano.a(libc_a-memset.o),
by_pc,2147520366,1012,1012,2024,3036,1012,0,0,0,0,memset,/Users/swchen.tw/git/percepio/poc/.tools/xpack-riscv-none-elf-gcc-15.2.0-1/bin/../lib/gcc/riscv-none-elf/15.2.0/../../../../riscv-none-elf/lib/libg_nano.a(libc_a-memset.o),
by_pc,2147520368,16,16,32,48,16,0,0,0,0,memset,/Users/swchen.tw/git/percepio/poc/.tools/xpack-riscv-none-elf-gcc-15.2.0-1/bin/../lib/gcc/riscv-none-elf/15.2.0/../../../../riscv-none-elf/lib/libg_nano.a(libc_a-memset.o),
by_pc,2147504642,2,2,4,6,2,0,0,0,0,tcp_alloc,/Users/swchen.tw/git/percepio/poc/runs/tcp-workload-matrix-v1/A02-baseline/build/tcp.o,
by_pc,2147504644,2,2,4,6,2,0,0,0,0,tcp_alloc,/Users/swchen.tw/git/percepio/poc/runs/tcp-workload-matrix-v1/A02-baseline/build/tcp.o,
by_pc,2147504648,2,42,84,86,2,2,16,0,22,tcp_alloc,/Users/swchen.tw/git/percepio/poc/runs/tcp-workload-matrix-v1/A02-baseline/build/tcp.o,
by_pc,2147504652,2,2,4,6,2,0,0,0,0,tcp_alloc,/Users/swchen.tw/git/percepio/poc/runs/tcp-workload-matrix-v1/A02-baseline/build/tcp.o,
by_pc,2147504656,2,2,4,6,2,0,0,0,0,tcp_alloc,/Users/swchen.tw/git/percepio/poc/runs/tcp-workload-matrix-v1/A02-baseline/build/tcp.o,
by_pc,2147504660,2,42,84,86,2,2,16,0,22,tcp_alloc,/Users/swchen.tw/git/percepio/poc/runs/tcp-workload-matrix-v1/A02-baseline/build/tcp.o,
by_pc,2147504662,2,2,4,6,2,0,0,0,0,tcp_alloc,/Users/swchen.tw/git/percepio/poc/runs/tcp-workload-matrix-v1/A02-baseline/build/tcp.o,
by_pc,2147504664,2,42,84,86,2,2,16,0,22,tcp_alloc,/Users/swchen.tw/git/percepio/poc/runs/tcp-workload-matrix-v1/A02-baseline/build/tcp.o,
by_pc,2147504668,2,2,4,6,2,0,0,0,0,tcp_alloc,/Users/swchen.tw/git/percepio/poc/runs/tcp-workload-matrix-v1/A02-baseline/build/tcp.o,
by_pc,2147504670,2,42,84,86,2,2,16,0,22,tcp_alloc,/Users/swchen.tw/git/percepio/poc/runs/tcp-workload-matrix-v1/A02-baseline/build/tcp.o,
by_pc,2147504674,2,42,84,86,2,2,16,0,22,tcp_alloc,/Users/swchen.tw/git/percepio/poc/runs/tcp-workload-matrix-v1/A02-baseline/build/tcp.o,
by_pc,2147504678,2,2,4,6,2,0,0,0,0,tcp_alloc,/Users/swchen.tw/git/percepio/poc/runs/tcp-workload-matrix-v1/A02-baseline/build/tcp.o,
by_pc,2147504682,2,2,4,6,2,0,0,0,0,tcp_alloc,/Users/swchen.tw/git/percepio/poc/runs/tcp-workload-matrix-v1/A02-baseline/build/tcp.o,
by_pc,2147504684,2,42,84,86,2,2,16,0,22,tcp_alloc,/Users/swchen.tw/git/percepio/poc/runs/tcp-workload-matrix-v1/A02-baseline/build/tcp.o,
by_pc,2147504686,2,4,8,10,2,2,0,0,0,tcp_alloc,/Users/swchen.tw/git/percepio/poc/runs/tcp-workload-matrix-v1/A02-baseline/build/tcp.o,
by_pc,2147504690,2,2,4,6,2,0,0,0,0,tcp_alloc,/Users/swchen.tw/git/percepio/poc/runs/tcp-workload-matrix-v1/A02-baseline/build/tcp.o,
by_pc,2147504692,2,42,84,86,2,2,16,0,22,tcp_alloc,/Users/swchen.tw/git/percepio/poc/runs/tcp-workload-matrix-v1/A02-baseline/build/tcp.o,
by_pc,2147504696,2,42,84,86,2,2,16,0,22,tcp_alloc,/Users/swchen.tw/git/percepio/poc/runs/tcp-workload-matrix-v1/A02-baseline/build/tcp.o,
by_pc,2147504698,2,4,8,10,2,2,0,0,0,tcp_alloc,/Users/swchen.tw/git/percepio/poc/runs/tcp-workload-matrix-v1/A02-baseline/build/tcp.o,
by_pc,2147504702,2,70,140,142,4,2,24,18,22,tcp_alloc,/Users/swchen.tw/git/percepio/poc/runs/tcp-workload-matrix-v1/A02-baseline/build/tcp.o,
by_pc,2147504706,2,2,4,6,2,0,0,0,0,tcp_alloc,/Users/swchen.tw/git/percepio/poc/runs/tcp-workload-matrix-v1/A02-baseline/build/tcp.o,
by_pc,2147504710,2,2,4,6,2,0,0,0,0,tcp_alloc,/Users/swchen.tw/git/percepio/poc/runs/tcp-workload-matrix-v1/A02-baseline/build/tcp.o,
by_pc,2147504712,2,42,84,86,2,2,16,0,22,tcp_alloc,/Users/swchen.tw/git/percepio/poc/runs/tcp-workload-matrix-v1/A02-baseline/build/tcp.o,
by_pc,2147504714,2,2,4,6,2,0,0,0,0,tcp_alloc,/Users/swchen.tw/git/percepio/poc/runs/tcp-workload-matrix-v1/A02-baseline/build/tcp.o,
by_pc,2147504718,2,2,4,6,2,0,0,0,0,tcp_alloc,/Users/swchen.tw/git/percepio/poc/runs/tcp-workload-matrix-v1/A02-baseline/build/tcp.o,
by_pc,2147504722,2,42,84,86,2,2,16,0,22,tcp_alloc,/Users/swchen.tw/git/percepio/poc/runs/tcp-workload-matrix-v1/A02-baseline/build/tcp.o,
by_pc,2147504726,2,2,4,6,2,0,0,0,0,tcp_alloc,/Users/swchen.tw/git/percepio/poc/runs/tcp-workload-matrix-v1/A02-baseline/build/tcp.o,
by_pc,2147504730,2,2,4,6,2,0,0,0,0,tcp_alloc,/Users/swchen.tw/git/percepio/poc/runs/tcp-workload-matrix-v1/A02-baseline/build/tcp.o,
by_pc,2147504734,2,42,84,86,2,2,16,0,22,tcp_alloc,/Users/swchen.tw/git/percepio/poc/runs/tcp-workload-matrix-v1/A02-baseline/build/tcp.o,
by_pc,2147504738,2,4,8,10,2,2,0,0,0,tcp_alloc,/Users/swchen.tw/git/percepio/poc/runs/tcp-workload-matrix-v1/A02-baseline/build/tcp.o,
by_pc,2147504740,2,4,8,10,2,2,0,0,0,tcp_alloc,/Users/swchen.tw/git/percepio/poc/runs/tcp-workload-matrix-v1/A02-baseline/build/tcp.o,
by_pc,2147504742,2,4,8,10,2,2,0,0,0,tcp_alloc,/Users/swchen.tw/git/percepio/poc/runs/tcp-workload-matrix-v1/A02-baseline/build/tcp.o,
by_pc,2147504744,2,4,8,10,2,2,0,0,0,tcp_alloc,/Users/swchen.tw/git/percepio/poc/runs/tcp-workload-matrix-v1/A02-baseline/build/tcp.o,
by_pc,2147504746,2,2,4,6,2,0,0,0,0,tcp_alloc,/Users/swchen.tw/git/percepio/poc/runs/tcp-workload-matrix-v1/A02-baseline/build/tcp.o,
by_pc,2147504748,2,2,4,6,2,0,0,0,0,tcp_alloc,/Users/swchen.tw/git/percepio/poc/runs/tcp-workload-matrix-v1/A02-baseline/build/tcp.o,
by_pc,2147504750,2,2,4,6,2,0,0,0,0,tcp_alloc,/Users/swchen.tw/git/percepio/poc/runs/tcp-workload-matrix-v1/A02-baseline/build/tcp.o,
by_pc,2147497284,1,1,2,3,1,0,0,0,0,session_task,/Users/swchen.tw/git/percepio/poc/runs/tcp-workload-matrix-v1/A02-baseline/build/tcp_request_response_irq.o,
by_pc,2147497286,1,1,2,3,1,0,0,0,0,session_task,/Users/swchen.tw/git/percepio/poc/runs/tcp-workload-matrix-v1/A02-baseline/build/tcp_request_response_irq.o,
by_pc,2147497304,1,1,2,3,1,0,0,0,0,session_task,/Users/swchen.tw/git/percepio/poc/runs/tcp-workload-matrix-v1/A02-baseline/build/tcp_request_response_irq.o,
by_pc,2147497308,1,1,2,3,1,0,0,0,0,session_task,/Users/swchen.tw/git/percepio/poc/runs/tcp-workload-matrix-v1/A02-baseline/build/tcp_request_response_irq.o,
by_pc,2147497312,1,1,2,3,1,0,0,0,0,session_task,/Users/swchen.tw/git/percepio/poc/runs/tcp-workload-matrix-v1/A02-baseline/build/tcp_request_response_irq.o,
by_pc,2147497314,1,1,2,3,1,0,0,0,0,session_task,/Users/swchen.tw/git/percepio/poc/runs/tcp-workload-matrix-v1/A02-baseline/build/tcp_request_response_irq.o,
by_pc,2147503088,1,27,54,55,1,0,8,18,0,tcp_bind,/Users/swchen.tw/git/percepio/poc/runs/tcp-workload-matrix-v1/A02-baseline/build/tcp.o,
by_pc,2147503090,1,21,42,43,1,1,8,0,11,tcp_bind,/Users/swchen.tw/git/percepio/poc/runs/tcp-workload-matrix-v1/A02-baseline/build/tcp.o,
by_pc,2147503092,1,21,42,43,1,1,8,0,11,tcp_bind,/Users/swchen.tw/git/percepio/poc/runs/tcp-workload-matrix-v1/A02-baseline/build/tcp.o,
by_pc,2147503094,1,1,2,3,1,0,0,0,0,tcp_bind,/Users/swchen.tw/git/percepio/poc/runs/tcp-workload-matrix-v1/A02-baseline/build/tcp.o,
by_pc,2147503096,1,1,2,3,1,0,0,0,0,tcp_bind,/Users/swchen.tw/git/percepio/poc/runs/tcp-workload-matrix-v1/A02-baseline/build/tcp.o,
by_pc,2147503102,1,1,2,3,1,0,0,0,0,tcp_bind,/Users/swchen.tw/git/percepio/poc/runs/tcp-workload-matrix-v1/A02-baseline/build/tcp.o,
by_pc,2147503104,1,27,54,55,1,0,8,18,0,tcp_bind,/Users/swchen.tw/git/percepio/poc/runs/tcp-workload-matrix-v1/A02-baseline/build/tcp.o,
by_pc,2147503106,1,2,4,5,1,1,0,0,0,tcp_bind,/Users/swchen.tw/git/percepio/poc/runs/tcp-workload-matrix-v1/A02-baseline/build/tcp.o,
by_pc,2147503108,1,1,2,3,1,0,0,0,0,tcp_bind,/Users/swchen.tw/git/percepio/poc/runs/tcp-workload-matrix-v1/A02-baseline/build/tcp.o,
by_pc,2147503110,1,1,2,3,1,0,0,0,0,tcp_bind,/Users/swchen.tw/git/percepio/poc/runs/tcp-workload-matrix-v1/A02-baseline/build/tcp.o,
by_pc,2147503112,1,1,2,3,1,0,0,0,0,tcp_bind,/Users/swchen.tw/git/percepio/poc/runs/tcp-workload-matrix-v1/A02-baseline/build/tcp.o,
by_pc,2147503136,1,1,2,3,1,0,0,0,0,tcp_bind,/Users/swchen.tw/git/percepio/poc/runs/tcp-workload-matrix-v1/A02-baseline/build/tcp.o,
by_pc,2147503140,1,1,2,3,1,0,0,0,0,tcp_bind,/Users/swchen.tw/git/percepio/poc/runs/tcp-workload-matrix-v1/A02-baseline/build/tcp.o,
by_pc,2147503144,1,1,2,3,1,0,0,0,0,tcp_bind,/Users/swchen.tw/git/percepio/poc/runs/tcp-workload-matrix-v1/A02-baseline/build/tcp.o,
by_pc,2147503148,1,1,2,3,1,0,0,0,0,tcp_bind,/Users/swchen.tw/git/percepio/poc/runs/tcp-workload-matrix-v1/A02-baseline/build/tcp.o,
by_pc,2147503152,4,8,16,20,4,4,0,0,0,tcp_bind,/Users/swchen.tw/git/percepio/poc/runs/tcp-workload-matrix-v1/A02-baseline/build/tcp.o,
by_pc,2147503154,4,8,16,20,4,4,0,0,0,tcp_bind,/Users/swchen.tw/git/percepio/poc/runs/tcp-workload-matrix-v1/A02-baseline/build/tcp.o,
by_pc,2147503156,4,4,8,12,4,0,0,0,0,tcp_bind,/Users/swchen.tw/git/percepio/poc/runs/tcp-workload-matrix-v1/A02-baseline/build/tcp.o,
by_pc,2147503158,4,4,8,12,4,0,0,0,0,tcp_bind,/Users/swchen.tw/git/percepio/poc/runs/tcp-workload-matrix-v1/A02-baseline/build/tcp.o,
by_pc,2147503160,4,4,8,12,4,0,0,0,0,tcp_bind,/Users/swchen.tw/git/percepio/poc/runs/tcp-workload-matrix-v1/A02-baseline/build/tcp.o,
by_pc,2147503164,1,28,56,57,1,1,8,18,0,tcp_bind,/Users/swchen.tw/git/percepio/poc/runs/tcp-workload-matrix-v1/A02-baseline/build/tcp.o,
by_pc,2147503166,1,1,2,3,1,0,0,0,0,tcp_bind,/Users/swchen.tw/git/percepio/poc/runs/tcp-workload-matrix-v1/A02-baseline/build/tcp.o,
by_pc,2147503170,1,27,54,55,1,0,8,18,0,tcp_bind,/Users/swchen.tw/git/percepio/poc/runs/tcp-workload-matrix-v1/A02-baseline/build/tcp.o,
by_pc,2147503174,1,2,4,5,1,1,0,0,0,tcp_bind,/Users/swchen.tw/git/percepio/poc/runs/tcp-workload-matrix-v1/A02-baseline/build/tcp.o,
by_pc,2147503176,1,21,42,43,1,1,8,0,11,tcp_bind,/Users/swchen.tw/git/percepio/poc/runs/tcp-workload-matrix-v1/A02-baseline/build/tcp.o,
by_pc,2147503180,1,21,42,43,1,1,8,0,11,tcp_bind,/Users/swchen.tw/git/percepio/poc/runs/tcp-workload-matrix-v1/A02-baseline/build/tcp.o,
by_pc,2147503182,1,21,42,43,1,1,8,0,11,tcp_bind,/Users/swchen.tw/git/percepio/poc/runs/tcp-workload-matrix-v1/A02-baseline/build/tcp.o,
by_pc,2147503184,1,1,2,3,1,0,0,0,0,tcp_bind,/Users/swchen.tw/git/percepio/poc/runs/tcp-workload-matrix-v1/A02-baseline/build/tcp.o,
by_pc,2147517108,3,29,58,61,3,0,8,18,0,tcp_timer_needed,/Users/swchen.tw/git/percepio/poc/runs/tcp-workload-matrix-v1/A02-baseline/build/timeouts.o,
by_pc,2147503188,1,1,2,3,1,0,0,0,0,tcp_bind,/Users/swchen.tw/git/percepio/poc/runs/tcp-workload-matrix-v1/A02-baseline/build/tcp.o,
by_pc,2147503190,1,1,2,3,1,0,0,0,0,tcp_bind,/Users/swchen.tw/git/percepio/poc/runs/tcp-workload-matrix-v1/A02-baseline/build/tcp.o,
by_pc,2147503128,1,2,4,5,1,1,0,0,0,tcp_bind,/Users/swchen.tw/git/percepio/poc/runs/tcp-workload-matrix-v1/A02-baseline/build/tcp.o,
by_pc,2147503130,1,2,4,5,1,1,0,0,0,tcp_bind,/Users/swchen.tw/git/percepio/poc/runs/tcp-workload-matrix-v1/A02-baseline/build/tcp.o,
by_pc,2147503132,1,1,2,3,1,0,0,0,0,tcp_bind,/Users/swchen.tw/git/percepio/poc/runs/tcp-workload-matrix-v1/A02-baseline/build/tcp.o,
by_pc,2147503134,1,1,2,3,1,0,0,0,0,tcp_bind,/Users/swchen.tw/git/percepio/poc/runs/tcp-workload-matrix-v1/A02-baseline/build/tcp.o,
by_pc,2147497318,1,1,2,3,1,0,0,0,0,session_task,/Users/swchen.tw/git/percepio/poc/runs/tcp-workload-matrix-v1/A02-baseline/build/tcp_request_response_irq.o,
by_pc,2147497336,1,1,2,3,1,0,0,0,0,session_task,/Users/swchen.tw/git/percepio/poc/runs/tcp-workload-matrix-v1/A02-baseline/build/tcp_request_response_irq.o,
by_pc,2147497340,1,1,2,3,1,0,0,0,0,session_task,/Users/swchen.tw/git/percepio/poc/runs/tcp-workload-matrix-v1/A02-baseline/build/tcp_request_response_irq.o,
by_pc,2147497342,1,28,56,57,2,0,8,18,0,session_task,/Users/swchen.tw/git/percepio/poc/runs/tcp-workload-matrix-v1/A02-baseline/build/tcp_request_response_irq.o,
by_pc,2147503418,1,27,54,55,1,0,8,18,0,tcp_listen_with_backlog,/Users/swchen.tw/git/percepio/poc/runs/tcp-workload-matrix-v1/A02-baseline/build/tcp.o,
by_pc,2147503420,1,1,2,3,1,0,0,0,0,tcp_listen_with_backlog,/Users/swchen.tw/git/percepio/poc/runs/tcp-workload-matrix-v1/A02-baseline/build/tcp.o,
by_pc,2147503220,1,1,2,3,1,0,0,0,0,tcp_listen_with_backlog_and_err,/Users/swchen.tw/git/percepio/poc/runs/tcp-workload-matrix-v1/A02-baseline/build/tcp.o,
by_pc,2147503222,1,21,42,43,1,1,8,0,11,tcp_listen_with_backlog_and_err,/Users/swchen.tw/git/percepio/poc/runs/tcp-workload-matrix-v1/A02-baseline/build/tcp.o,
by_pc,2147503224,1,21,42,43,1,1,8,0,11,tcp_listen_with_backlog_and_err,/Users/swchen.tw/git/percepio/poc/runs/tcp-workload-matrix-v1/A02-baseline/build/tcp.o,
by_pc,2147503226,1,21,42,43,1,1,8,0,11,tcp_listen_with_backlog_and_err,/Users/swchen.tw/git/percepio/poc/runs/tcp-workload-matrix-v1/A02-baseline/build/tcp.o,
by_pc,2147503228,1,21,42,43,1,1,8,0,11,tcp_listen_with_backlog_and_err,/Users/swchen.tw/git/percepio/poc/runs/tcp-workload-matrix-v1/A02-baseline/build/tcp.o,
by_pc,2147503230,1,1,2,3,1,0,0,0,0,tcp_listen_with_backlog_and_err,/Users/swchen.tw/git/percepio/poc/runs/tcp-workload-matrix-v1/A02-baseline/build/tcp.o,
by_pc,2147503232,1,27,54,55,1,0,8,18,0,tcp_listen_with_backlog_and_err,/Users/swchen.tw/git/percepio/poc/runs/tcp-workload-matrix-v1/A02-baseline/build/tcp.o,
by_pc,2147503234,1,2,4,5,1,1,0,0,0,tcp_listen_with_backlog_and_err,/Users/swchen.tw/git/percepio/poc/runs/tcp-workload-matrix-v1/A02-baseline/build/tcp.o,
by_pc,2147503236,1,1,2,3,1,0,0,0,0,tcp_listen_with_backlog_and_err,/Users/swchen.tw/git/percepio/poc/runs/tcp-workload-matrix-v1/A02-baseline/build/tcp.o,
by_pc,2147503238,1,1,2,3,1,0,0,0,0,tcp_listen_with_backlog_and_err,/Users/swchen.tw/git/percepio/poc/runs/tcp-workload-matrix-v1/A02-baseline/build/tcp.o,
by_pc,2147503240,1,1,2,3,1,0,0,0,0,tcp_listen_with_backlog_and_err,/Users/swchen.tw/git/percepio/poc/runs/tcp-workload-matrix-v1/A02-baseline/build/tcp.o,
by_pc,2147503242,1,1,2,3,1,0,0,0,0,tcp_listen_with_backlog_and_err,/Users/swchen.tw/git/percepio/poc/runs/tcp-workload-matrix-v1/A02-baseline/build/tcp.o,
by_pc,2147503246,1,1,2,3,1,0,0,0,0,tcp_listen_with_backlog_and_err,/Users/swchen.tw/git/percepio/poc/runs/tcp-workload-matrix-v1/A02-baseline/build/tcp.o,
by_pc,2147503248,1,1,2,3,1,0,0,0,0,tcp_listen_with_backlog_and_err,/Users/swchen.tw/git/percepio/poc/runs/tcp-workload-matrix-v1/A02-baseline/build/tcp.o,
by_pc,2147503250,1,1,2,3,1,0,0,0,0,tcp_listen_with_backlog_and_err,/Users/swchen.tw/git/percepio/poc/runs/tcp-workload-matrix-v1/A02-baseline/build/tcp.o,
by_pc,2147503252,1,2,4,5,1,1,0,0,0,tcp_listen_with_backlog_and_err,/Users/swchen.tw/git/percepio/poc/runs/tcp-workload-matrix-v1/A02-baseline/build/tcp.o,
by_pc,2147503254,1,21,42,43,1,1,8,0,11,tcp_listen_with_backlog_and_err,/Users/swchen.tw/git/percepio/poc/runs/tcp-workload-matrix-v1/A02-baseline/build/tcp.o,
by_pc,2147503256,1,2,4,5,1,1,0,0,0,tcp_listen_with_backlog_and_err,/Users/swchen.tw/git/percepio/poc/runs/tcp-workload-matrix-v1/A02-baseline/build/tcp.o,
by_pc,2147503260,1,21,42,43,1,1,8,0,11,tcp_listen_with_backlog_and_err,/Users/swchen.tw/git/percepio/poc/runs/tcp-workload-matrix-v1/A02-baseline/build/tcp.o,
by_pc,2147503264,1,1,2,3,1,0,0,0,0,tcp_listen_with_backlog_and_err,/Users/swchen.tw/git/percepio/poc/runs/tcp-workload-matrix-v1/A02-baseline/build/tcp.o,
by_pc,2147503266,1,21,42,43,1,1,8,0,11,tcp_listen_with_backlog_and_err,/Users/swchen.tw/git/percepio/poc/runs/tcp-workload-matrix-v1/A02-baseline/build/tcp.o,
by_pc,2147503268,1,2,4,5,1,1,0,0,0,tcp_listen_with_backlog_and_err,/Users/swchen.tw/git/percepio/poc/runs/tcp-workload-matrix-v1/A02-baseline/build/tcp.o,
by_pc,2147503272,1,21,42,43,1,1,8,0,11,tcp_listen_with_backlog_and_err,/Users/swchen.tw/git/percepio/poc/runs/tcp-workload-matrix-v1/A02-baseline/build/tcp.o,
by_pc,2147503276,1,2,4,5,1,1,0,0,0,tcp_listen_with_backlog_and_err,/Users/swchen.tw/git/percepio/poc/runs/tcp-workload-matrix-v1/A02-baseline/build/tcp.o,
by_pc,2147503280,1,21,42,43,1,1,8,0,11,tcp_listen_with_backlog_and_err,/Users/swchen.tw/git/percepio/poc/runs/tcp-workload-matrix-v1/A02-baseline/build/tcp.o,
by_pc,2147503284,1,2,4,5,1,1,0,0,0,tcp_listen_with_backlog_and_err,/Users/swchen.tw/git/percepio/poc/runs/tcp-workload-matrix-v1/A02-baseline/build/tcp.o,
by_pc,2147503288,1,21,42,43,1,1,8,0,11,tcp_listen_with_backlog_and_err,/Users/swchen.tw/git/percepio/poc/runs/tcp-workload-matrix-v1/A02-baseline/build/tcp.o,
by_pc,2147503292,1,2,4,5,1,1,0,0,0,tcp_listen_with_backlog_and_err,/Users/swchen.tw/git/percepio/poc/runs/tcp-workload-matrix-v1/A02-baseline/build/tcp.o,
by_pc,2147503296,1,47,94,95,1,1,16,18,11,tcp_listen_with_backlog_and_err,/Users/swchen.tw/git/percepio/poc/runs/tcp-workload-matrix-v1/A02-baseline/build/tcp.o,
by_pc,2147503300,1,2,4,5,1,1,0,0,0,tcp_listen_with_backlog_and_err,/Users/swchen.tw/git/percepio/poc/runs/tcp-workload-matrix-v1/A02-baseline/build/tcp.o,
by_pc,2147503304,1,21,42,43,1,1,8,0,11,tcp_listen_with_backlog_and_err,/Users/swchen.tw/git/percepio/poc/runs/tcp-workload-matrix-v1/A02-baseline/build/tcp.o,
by_pc,2147503308,1,2,4,5,1,1,0,0,0,tcp_listen_with_backlog_and_err,/Users/swchen.tw/git/percepio/poc/runs/tcp-workload-matrix-v1/A02-baseline/build/tcp.o,
by_pc,2147503310,1,21,42,43,1,1,8,0,11,tcp_listen_with_backlog_and_err,/Users/swchen.tw/git/percepio/poc/runs/tcp-workload-matrix-v1/A02-baseline/build/tcp.o,
by_pc,2147503312,1,2,4,5,1,1,0,0,0,tcp_listen_with_backlog_and_err,/Users/swchen.tw/git/percepio/poc/runs/tcp-workload-matrix-v1/A02-baseline/build/tcp.o,
by_pc,2147503316,1,1,2,3,1,0,0,0,0,tcp_listen_with_backlog_and_err,/Users/swchen.tw/git/percepio/poc/runs/tcp-workload-matrix-v1/A02-baseline/build/tcp.o,
by_pc,2147503318,1,1,2,3,1,0,0,0,0,tcp_listen_with_backlog_and_err,/Users/swchen.tw/git/percepio/poc/runs/tcp-workload-matrix-v1/A02-baseline/build/tcp.o,
by_pc,2147503322,1,2,4,5,1,1,0,0,0,tcp_listen_with_backlog_and_err,/Users/swchen.tw/git/percepio/poc/runs/tcp-workload-matrix-v1/A02-baseline/build/tcp.o,
by_pc,2147503324,1,1,2,3,1,0,0,0,0,tcp_listen_with_backlog_and_err,/Users/swchen.tw/git/percepio/poc/runs/tcp-workload-matrix-v1/A02-baseline/build/tcp.o,
by_pc,2147503328,1,2,4,5,1,1,0,0,0,tcp_listen_with_backlog_and_err,/Users/swchen.tw/git/percepio/poc/runs/tcp-workload-matrix-v1/A02-baseline/build/tcp.o,
by_pc,2147503330,1,21,42,43,1,1,8,0,11,tcp_listen_with_backlog_and_err,/Users/swchen.tw/git/percepio/poc/runs/tcp-workload-matrix-v1/A02-baseline/build/tcp.o,
by_pc,2147503332,1,21,42,43,1,1,8,0,11,tcp_listen_with_backlog_and_err,/Users/swchen.tw/git/percepio/poc/runs/tcp-workload-matrix-v1/A02-baseline/build/tcp.o,
by_pc,2147503336,1,1,2,3,1,0,0,0,0,tcp_listen_with_backlog_and_err,/Users/swchen.tw/git/percepio/poc/runs/tcp-workload-matrix-v1/A02-baseline/build/tcp.o,
by_pc,2147503338,1,1,2,3,1,0,0,0,0,tcp_listen_with_backlog_and_err,/Users/swchen.tw/git/percepio/poc/runs/tcp-workload-matrix-v1/A02-baseline/build/tcp.o,
by_pc,2147503080,2,2,4,6,2,0,0,0,0,tcp_free,/Users/swchen.tw/git/percepio/poc/runs/tcp-workload-matrix-v1/A02-baseline/build/tcp.o,
by_pc,2147503082,2,2,4,6,2,0,0,0,0,tcp_free,/Users/swchen.tw/git/percepio/poc/runs/tcp-workload-matrix-v1/A02-baseline/build/tcp.o,
by_pc,2147503084,2,2,4,6,2,0,0,0,0,tcp_free,/Users/swchen.tw/git/percepio/poc/runs/tcp-workload-matrix-v1/A02-baseline/build/tcp.o,
by_pc,2147501282,21,29,58,79,21,0,8,0,0,memp_free,/Users/swchen.tw/git/percepio/poc/runs/tcp-workload-matrix-v1/A02-baseline/build/memp.o,
by_pc,2147501284,21,21,42,63,21,0,0,0,0,memp_free,/Users/swchen.tw/git/percepio/poc/runs/tcp-workload-matrix-v1/A02-baseline/build/memp.o,
by_pc,2147501288,21,21,42,63,21,0,0,0,0,memp_free,/Users/swchen.tw/git/percepio/poc/runs/tcp-workload-matrix-v1/A02-baseline/build/memp.o,
by_pc,2147501290,21,21,42,63,21,0,0,0,0,memp_free,/Users/swchen.tw/git/percepio/poc/runs/tcp-workload-matrix-v1/A02-baseline/build/memp.o,
by_pc,2147501292,21,21,42,63,21,0,0,0,0,memp_free,/Users/swchen.tw/git/percepio/poc/runs/tcp-workload-matrix-v1/A02-baseline/build/memp.o,
by_pc,2147501296,21,21,42,63,21,0,0,0,0,memp_free,/Users/swchen.tw/git/percepio/poc/runs/tcp-workload-matrix-v1/A02-baseline/build/memp.o,
by_pc,2147501300,21,21,42,63,21,0,0,0,0,memp_free,/Users/swchen.tw/git/percepio/poc/runs/tcp-workload-matrix-v1/A02-baseline/build/memp.o,
by_pc,2147501302,21,42,84,105,21,21,0,0,0,memp_free,/Users/swchen.tw/git/percepio/poc/runs/tcp-workload-matrix-v1/A02-baseline/build/memp.o,
by_pc,2147501304,21,42,84,105,21,21,0,0,0,memp_free,/Users/swchen.tw/git/percepio/poc/runs/tcp-workload-matrix-v1/A02-baseline/build/memp.o,
by_pc,2147501306,21,76,152,173,21,21,16,18,0,memp_free,/Users/swchen.tw/git/percepio/poc/runs/tcp-workload-matrix-v1/A02-baseline/build/memp.o,
by_pc,2147501310,21,21,42,63,21,0,0,0,0,memp_free,/Users/swchen.tw/git/percepio/poc/runs/tcp-workload-matrix-v1/A02-baseline/build/memp.o,
by_pc,2147501312,21,525,1050,1071,21,21,216,36,231,memp_free,/Users/swchen.tw/git/percepio/poc/runs/tcp-workload-matrix-v1/A02-baseline/build/memp.o,
by_pc,2147501316,21,42,84,105,21,21,0,0,0,memp_free,/Users/swchen.tw/git/percepio/poc/runs/tcp-workload-matrix-v1/A02-baseline/build/memp.o,
by_pc,2147501318,21,42,84,105,21,21,0,0,0,memp_free,/Users/swchen.tw/git/percepio/poc/runs/tcp-workload-matrix-v1/A02-baseline/build/memp.o,
by_pc,2147501320,21,441,882,903,21,21,168,0,231,memp_free,/Users/swchen.tw/git/percepio/poc/runs/tcp-workload-matrix-v1/A02-baseline/build/memp.o,
by_pc,2147501322,21,42,84,105,21,21,0,0,0,memp_free,/Users/swchen.tw/git/percepio/poc/runs/tcp-workload-matrix-v1/A02-baseline/build/memp.o,
by_pc,2147501324,21,441,882,903,21,21,168,0,231,memp_free,/Users/swchen.tw/git/percepio/poc/runs/tcp-workload-matrix-v1/A02-baseline/build/memp.o,
by_pc,2147501326,21,21,42,63,21,0,0,0,0,memp_free,/Users/swchen.tw/git/percepio/poc/runs/tcp-workload-matrix-v1/A02-baseline/build/memp.o,
by_pc,2147503342,1,1,2,3,1,0,0,0,0,tcp_listen_with_backlog_and_err,/Users/swchen.tw/git/percepio/poc/runs/tcp-workload-matrix-v1/A02-baseline/build/tcp.o,
by_pc,2147503346,1,1,2,3,1,0,0,0,0,tcp_listen_with_backlog_and_err,/Users/swchen.tw/git/percepio/poc/runs/tcp-workload-matrix-v1/A02-baseline/build/tcp.o,
by_pc,2147503350,1,21,42,43,1,1,8,0,11,tcp_listen_with_backlog_and_err,/Users/swchen.tw/git/percepio/poc/runs/tcp-workload-matrix-v1/A02-baseline/build/tcp.o,
by_pc,2147503352,1,1,2,3,1,0,0,0,0,tcp_listen_with_backlog_and_err,/Users/swchen.tw/git/percepio/poc/runs/tcp-workload-matrix-v1/A02-baseline/build/tcp.o,
by_pc,2147503356,1,2,4,5,1,1,0,0,0,tcp_listen_with_backlog_and_err,/Users/swchen.tw/git/percepio/poc/runs/tcp-workload-matrix-v1/A02-baseline/build/tcp.o,
by_pc,2147503358,1,21,42,43,1,1,8,0,11,tcp_listen_with_backlog_and_err,/Users/swchen.tw/git/percepio/poc/runs/tcp-workload-matrix-v1/A02-baseline/build/tcp.o,
by_pc,2147503360,1,21,42,43,1,1,8,0,11,tcp_listen_with_backlog_and_err,/Users/swchen.tw/git/percepio/poc/runs/tcp-workload-matrix-v1/A02-baseline/build/tcp.o,
by_pc,2147503362,1,1,2,3,1,0,0,0,0,tcp_listen_with_backlog_and_err,/Users/swchen.tw/git/percepio/poc/runs/tcp-workload-matrix-v1/A02-baseline/build/tcp.o,
by_pc,2147503366,1,1,2,3,1,0,0,0,0,tcp_listen_with_backlog_and_err,/Users/swchen.tw/git/percepio/poc/runs/tcp-workload-matrix-v1/A02-baseline/build/tcp.o,
by_pc,2147503368,1,1,2,3,1,0,0,0,0,tcp_listen_with_backlog_and_err,/Users/swchen.tw/git/percepio/poc/runs/tcp-workload-matrix-v1/A02-baseline/build/tcp.o,
by_pc,2147503376,1,2,4,5,1,1,0,0,0,tcp_listen_with_backlog_and_err,/Users/swchen.tw/git/percepio/poc/runs/tcp-workload-matrix-v1/A02-baseline/build/tcp.o,
by_pc,2147503378,1,1,2,3,1,0,0,0,0,tcp_listen_with_backlog_and_err,/Users/swchen.tw/git/percepio/poc/runs/tcp-workload-matrix-v1/A02-baseline/build/tcp.o,
by_pc,2147503380,1,2,4,5,1,1,0,0,0,tcp_listen_with_backlog_and_err,/Users/swchen.tw/git/percepio/poc/runs/tcp-workload-matrix-v1/A02-baseline/build/tcp.o,
by_pc,2147503382,1,2,4,5,1,1,0,0,0,tcp_listen_with_backlog_and_err,/Users/swchen.tw/git/percepio/poc/runs/tcp-workload-matrix-v1/A02-baseline/build/tcp.o,
by_pc,2147503384,1,2,4,5,1,1,0,0,0,tcp_listen_with_backlog_and_err,/Users/swchen.tw/git/percepio/poc/runs/tcp-workload-matrix-v1/A02-baseline/build/tcp.o,
by_pc,2147503386,1,1,2,3,1,0,0,0,0,tcp_listen_with_backlog_and_err,/Users/swchen.tw/git/percepio/poc/runs/tcp-workload-matrix-v1/A02-baseline/build/tcp.o,
by_pc,2147503388,1,1,2,3,1,0,0,0,0,tcp_listen_with_backlog_and_err,/Users/swchen.tw/git/percepio/poc/runs/tcp-workload-matrix-v1/A02-baseline/build/tcp.o,
by_pc,2147497346,1,21,42,43,1,1,8,0,11,session_task,/Users/swchen.tw/git/percepio/poc/runs/tcp-workload-matrix-v1/A02-baseline/build/tcp_request_response_irq.o,
by_pc,2147497348,1,1,2,3,1,0,0,0,0,session_task,/Users/swchen.tw/git/percepio/poc/runs/tcp-workload-matrix-v1/A02-baseline/build/tcp_request_response_irq.o,
by_pc,2147497366,1,2,4,5,1,1,0,0,0,session_task,/Users/swchen.tw/git/percepio/poc/runs/tcp-workload-matrix-v1/A02-baseline/build/tcp_request_response_irq.o,
by_pc,2147497368,1,1,2,3,1,0,0,0,0,session_task,/Users/swchen.tw/git/percepio/poc/runs/tcp-workload-matrix-v1/A02-baseline/build/tcp_request_response_irq.o,
by_pc,2147497372,1,1,2,3,1,0,0,0,0,session_task,/Users/swchen.tw/git/percepio/poc/runs/tcp-workload-matrix-v1/A02-baseline/build/tcp_request_response_irq.o,
by_pc,2147497376,1,1,2,3,1,0,0,0,0,session_task,/Users/swchen.tw/git/percepio/poc/runs/tcp-workload-matrix-v1/A02-baseline/build/tcp_request_response_irq.o,
by_pc,2147497380,1,1,2,3,1,0,0,0,0,session_task,/Users/swchen.tw/git/percepio/poc/runs/tcp-workload-matrix-v1/A02-baseline/build/tcp_request_response_irq.o,
by_pc,2147503704,1,27,54,55,1,0,8,18,0,tcp_accept,/Users/swchen.tw/git/percepio/poc/runs/tcp-workload-matrix-v1/A02-baseline/build/tcp.o,
by_pc,2147503706,1,2,4,5,1,1,0,0,0,tcp_accept,/Users/swchen.tw/git/percepio/poc/runs/tcp-workload-matrix-v1/A02-baseline/build/tcp.o,
by_pc,2147503708,1,1,2,3,1,0,0,0,0,tcp_accept,/Users/swchen.tw/git/percepio/poc/runs/tcp-workload-matrix-v1/A02-baseline/build/tcp.o,
by_pc,2147503710,1,1,2,3,1,0,0,0,0,tcp_accept,/Users/swchen.tw/git/percepio/poc/runs/tcp-workload-matrix-v1/A02-baseline/build/tcp.o,
by_pc,2147503714,1,21,42,43,1,1,8,0,11,tcp_accept,/Users/swchen.tw/git/percepio/poc/runs/tcp-workload-matrix-v1/A02-baseline/build/tcp.o,
by_pc,2147503716,1,1,2,3,1,0,0,0,0,tcp_accept,/Users/swchen.tw/git/percepio/poc/runs/tcp-workload-matrix-v1/A02-baseline/build/tcp.o,
by_pc,2147497384,1,1,2,3,1,0,0,0,0,session_task,/Users/swchen.tw/git/percepio/poc/runs/tcp-workload-matrix-v1/A02-baseline/build/tcp_request_response_irq.o,
by_pc,2147497386,1,1,2,3,1,0,0,0,0,session_task,/Users/swchen.tw/git/percepio/poc/runs/tcp-workload-matrix-v1/A02-baseline/build/tcp_request_response_irq.o,
by_pc,2147497390,1,1,2,3,1,0,0,0,0,session_task,/Users/swchen.tw/git/percepio/poc/runs/tcp-workload-matrix-v1/A02-baseline/build/tcp_request_response_irq.o,
by_pc,2147497394,1,1,2,3,1,0,0,0,0,session_task,/Users/swchen.tw/git/percepio/poc/runs/tcp-workload-matrix-v1/A02-baseline/build/tcp_request_response_irq.o,
by_pc,2147496086,27,59,118,145,27,0,32,0,0,phase,/Users/swchen.tw/git/percepio/poc/runs/tcp-workload-matrix-v1/A02-baseline/build/tcp_request_response_irq.o,
by_pc,2147496088,27,567,1134,1161,27,27,216,0,297,phase,/Users/swchen.tw/git/percepio/poc/runs/tcp-workload-matrix-v1/A02-baseline/build/tcp_request_response_irq.o,
by_pc,2147496090,27,567,1134,1161,27,27,216,0,297,phase,/Users/swchen.tw/git/percepio/poc/runs/tcp-workload-matrix-v1/A02-baseline/build/tcp_request_response_irq.o,
by_pc,2147496092,27,567,1134,1161,27,27,216,0,297,phase,/Users/swchen.tw/git/percepio/poc/runs/tcp-workload-matrix-v1/A02-baseline/build/tcp_request_response_irq.o,
by_pc,2147496094,27,567,1134,1161,27,27,216,0,297,phase,/Users/swchen.tw/git/percepio/poc/runs/tcp-workload-matrix-v1/A02-baseline/build/tcp_request_response_irq.o,
by_pc,2147496096,27,27,54,81,27,0,0,0,0,phase,/Users/swchen.tw/git/percepio/poc/runs/tcp-workload-matrix-v1/A02-baseline/build/tcp_request_response_irq.o,
by_pc,2147496098,27,27,54,81,27,0,0,0,0,phase,/Users/swchen.tw/git/percepio/poc/runs/tcp-workload-matrix-v1/A02-baseline/build/tcp_request_response_irq.o,
by_pc,2147496102,27,27,54,81,27,0,0,0,0,phase,/Users/swchen.tw/git/percepio/poc/runs/tcp-workload-matrix-v1/A02-baseline/build/tcp_request_response_irq.o,
by_pc,2147496106,27,27,54,81,27,0,0,0,0,phase,/Users/swchen.tw/git/percepio/poc/runs/tcp-workload-matrix-v1/A02-baseline/build/tcp_request_response_irq.o,
by_pc,2147496108,27,27,54,81,27,0,0,0,0,phase,/Users/swchen.tw/git/percepio/poc/runs/tcp-workload-matrix-v1/A02-baseline/build/tcp_request_response_irq.o,
by_pc,2147496082,27,27,54,81,27,0,0,0,0,z0_stack_end,/Users/swchen.tw/git/percepio/poc/runs/tcp-workload-matrix-v1/A02-baseline/build/tcp_request_response_irq.o,
by_pc,2147496084,27,27,54,81,27,0,0,0,0,z0_stack_end,/Users/swchen.tw/git/percepio/poc/runs/tcp-workload-matrix-v1/A02-baseline/build/tcp_request_response_irq.o,
by_pc,2147496112,27,54,108,135,27,27,0,0,0,phase,/Users/swchen.tw/git/percepio/poc/runs/tcp-workload-matrix-v1/A02-baseline/build/tcp_request_response_irq.o,
by_pc,2147496114,27,27,54,81,27,0,0,0,0,phase,/Users/swchen.tw/git/percepio/poc/runs/tcp-workload-matrix-v1/A02-baseline/build/tcp_request_response_irq.o,
by_pc,2147496118,27,27,54,81,27,0,0,0,0,phase,/Users/swchen.tw/git/percepio/poc/runs/tcp-workload-matrix-v1/A02-baseline/build/tcp_request_response_irq.o,
by_pc,2147496138,27,210,420,447,27,27,120,36,0,phase,/Users/swchen.tw/git/percepio/poc/runs/tcp-workload-matrix-v1/A02-baseline/build/tcp_request_response_irq.o,
by_pc,2147496140,27,54,108,135,27,27,0,0,0,phase,/Users/swchen.tw/git/percepio/poc/runs/tcp-workload-matrix-v1/A02-baseline/build/tcp_request_response_irq.o,
by_pc,2147496144,27,27,54,81,27,0,0,0,0,phase,/Users/swchen.tw/git/percepio/poc/runs/tcp-workload-matrix-v1/A02-baseline/build/tcp_request_response_irq.o,
by_pc,2147496148,27,567,1134,1161,27,27,216,0,297,phase,/Users/swchen.tw/git/percepio/poc/runs/tcp-workload-matrix-v1/A02-baseline/build/tcp_request_response_irq.o,
by_pc,2147496150,27,27,54,81,27,0,0,0,0,phase,/Users/swchen.tw/git/percepio/poc/runs/tcp-workload-matrix-v1/A02-baseline/build/tcp_request_response_irq.o,
by_pc,2147496152,27,27,54,81,27,0,0,0,0,phase,/Users/swchen.tw/git/percepio/poc/runs/tcp-workload-matrix-v1/A02-baseline/build/tcp_request_response_irq.o,
by_pc,2147496156,27,27,54,81,27,0,0,0,0,phase,/Users/swchen.tw/git/percepio/poc/runs/tcp-workload-matrix-v1/A02-baseline/build/tcp_request_response_irq.o,
by_pc,2147496160,27,27,54,81,27,0,0,0,0,phase,/Users/swchen.tw/git/percepio/poc/runs/tcp-workload-matrix-v1/A02-baseline/build/tcp_request_response_irq.o,
by_pc,2147496164,27,27,54,81,27,0,0,0,0,phase,/Users/swchen.tw/git/percepio/poc/runs/tcp-workload-matrix-v1/A02-baseline/build/tcp_request_response_irq.o,
by_pc,2147496166,27,621,1242,1269,27,27,216,54,297,phase,/Users/swchen.tw/git/percepio/poc/runs/tcp-workload-matrix-v1/A02-baseline/build/tcp_request_response_irq.o,
by_pc,2147496170,27,603,1206,1233,27,27,216,36,297,phase,/Users/swchen.tw/git/percepio/poc/runs/tcp-workload-matrix-v1/A02-baseline/build/tcp_request_response_irq.o,
by_pc,2147496172,27,585,1170,1197,27,27,216,18,297,phase,/Users/swchen.tw/git/percepio/poc/runs/tcp-workload-matrix-v1/A02-baseline/build/tcp_request_response_irq.o,
by_pc,2147496174,27,54,108,135,27,27,0,0,0,phase,/Users/swchen.tw/git/percepio/poc/runs/tcp-workload-matrix-v1/A02-baseline/build/tcp_request_response_irq.o,
by_pc,2147496176,27,54,108,135,27,27,0,0,0,phase,/Users/swchen.tw/git/percepio/poc/runs/tcp-workload-matrix-v1/A02-baseline/build/tcp_request_response_irq.o,
by_pc,2147496178,27,54,108,135,27,27,0,0,0,phase,/Users/swchen.tw/git/percepio/poc/runs/tcp-workload-matrix-v1/A02-baseline/build/tcp_request_response_irq.o,
by_pc,2147496180,27,54,108,135,27,27,0,0,0,phase,/Users/swchen.tw/git/percepio/poc/runs/tcp-workload-matrix-v1/A02-baseline/build/tcp_request_response_irq.o,
by_pc,2147496182,27,27,54,81,27,0,0,0,0,phase,/Users/swchen.tw/git/percepio/poc/runs/tcp-workload-matrix-v1/A02-baseline/build/tcp_request_response_irq.o,
by_pc,2147496184,27,27,54,81,27,0,0,0,0,phase,/Users/swchen.tw/git/percepio/poc/runs/tcp-workload-matrix-v1/A02-baseline/build/tcp_request_response_irq.o,
by_pc,2147497398,1,1,2,3,1,0,0,0,0,session_task,/Users/swchen.tw/git/percepio/poc/runs/tcp-workload-matrix-v1/A02-baseline/build/tcp_request_response_irq.o,
by_pc,2147497402,1,1,2,3,1,0,0,0,0,session_task,/Users/swchen.tw/git/percepio/poc/runs/tcp-workload-matrix-v1/A02-baseline/build/tcp_request_response_irq.o,
by_pc,2147497406,1,1,2,3,1,0,0,0,0,session_task,/Users/swchen.tw/git/percepio/poc/runs/tcp-workload-matrix-v1/A02-baseline/build/tcp_request_response_irq.o,
by_pc,2147497408,1,27,54,55,1,0,8,18,0,session_task,/Users/swchen.tw/git/percepio/poc/runs/tcp-workload-matrix-v1/A02-baseline/build/tcp_request_response_irq.o,
by_pc,2147497410,1,1,2,3,1,0,0,0,0,session_task,/Users/swchen.tw/git/percepio/poc/runs/tcp-workload-matrix-v1/A02-baseline/build/tcp_request_response_irq.o,
by_pc,2147497412,1,1,2,3,1,0,0,0,0,session_task,/Users/swchen.tw/git/percepio/poc/runs/tcp-workload-matrix-v1/A02-baseline/build/tcp_request_response_irq.o,
by_pc,2147497414,1,1,2,3,1,0,0,0,0,session_task,/Users/swchen.tw/git/percepio/poc/runs/tcp-workload-matrix-v1/A02-baseline/build/tcp_request_response_irq.o,
by_pc,2147497418,1,1,2,3,1,0,0,0,0,session_task,/Users/swchen.tw/git/percepio/poc/runs/tcp-workload-matrix-v1/A02-baseline/build/tcp_request_response_irq.o,
by_pc,2147496186,14,14,28,42,14,0,0,0,0,inject,/Users/swchen.tw/git/percepio/poc/runs/tcp-workload-matrix-v1/A02-baseline/build/tcp_request_response_irq.o,
by_pc,2147496188,14,294,588,602,14,14,112,0,154,inject,/Users/swchen.tw/git/percepio/poc/runs/tcp-workload-matrix-v1/A02-baseline/build/tcp_request_response_irq.o,
by_pc,2147496190,14,94,188,202,28,0,48,18,0,inject,/Users/swchen.tw/git/percepio/poc/runs/tcp-workload-matrix-v1/A02-baseline/build/tcp_request_response_irq.o,
by_pc,2147496194,14,294,588,602,14,14,112,0,154,inject,/Users/swchen.tw/git/percepio/poc/runs/tcp-workload-matrix-v1/A02-baseline/build/tcp_request_response_irq.o,
by_pc,2147496196,14,14,28,42,14,0,0,0,0,inject,/Users/swchen.tw/git/percepio/poc/runs/tcp-workload-matrix-v1/A02-baseline/build/tcp_request_response_irq.o,
by_pc,2147496200,14,14,28,42,14,0,0,0,0,inject,/Users/swchen.tw/git/percepio/poc/runs/tcp-workload-matrix-v1/A02-baseline/build/tcp_request_response_irq.o,
by_pc,2147496204,14,14,28,42,14,0,0,0,0,inject,/Users/swchen.tw/git/percepio/poc/runs/tcp-workload-matrix-v1/A02-baseline/build/tcp_request_response_irq.o,
by_pc,2147496208,14,312,624,638,14,14,112,18,154,inject,/Users/swchen.tw/git/percepio/poc/runs/tcp-workload-matrix-v1/A02-baseline/build/tcp_request_response_irq.o,
by_pc,2147496210,14,14,28,42,14,0,0,0,0,inject,/Users/swchen.tw/git/percepio/poc/runs/tcp-workload-matrix-v1/A02-baseline/build/tcp_request_response_irq.o,
by_pc,2147496212,14,14,28,42,14,0,0,0,0,inject,/Users/swchen.tw/git/percepio/poc/runs/tcp-workload-matrix-v1/A02-baseline/build/tcp_request_response_irq.o,
by_pc,2147496214,14,14,28,42,14,0,0,0,0,inject,/Users/swchen.tw/git/percepio/poc/runs/tcp-workload-matrix-v1/A02-baseline/build/tcp_request_response_irq.o,
by_pc,2147496218,14,14,28,42,14,0,0,0,0,inject,/Users/swchen.tw/git/percepio/poc/runs/tcp-workload-matrix-v1/A02-baseline/build/tcp_request_response_irq.o,
by_pc,2147496220,14,14,28,42,14,0,0,0,0,inject,/Users/swchen.tw/git/percepio/poc/runs/tcp-workload-matrix-v1/A02-baseline/build/tcp_request_response_irq.o,
by_pc,2147496222,14,294,588,602,14,14,112,0,154,inject,/Users/swchen.tw/git/percepio/poc/runs/tcp-workload-matrix-v1/A02-baseline/build/tcp_request_response_irq.o,
by_pc,2147496224,14,294,588,602,14,14,112,0,154,inject,/Users/swchen.tw/git/percepio/poc/runs/tcp-workload-matrix-v1/A02-baseline/build/tcp_request_response_irq.o,
by_pc,2147496226,14,14,28,42,14,0,0,0,0,inject,/Users/swchen.tw/git/percepio/poc/runs/tcp-workload-matrix-v1/A02-baseline/build/tcp_request_response_irq.o,
by_pc,2147496228,14,14,28,42,14,0,0,0,0,inject,/Users/swchen.tw/git/percepio/poc/runs/tcp-workload-matrix-v1/A02-baseline/build/tcp_request_response_irq.o,
by_pc,2147496230,14,14,28,42,14,0,0,0,0,inject,/Users/swchen.tw/git/percepio/poc/runs/tcp-workload-matrix-v1/A02-baseline/build/tcp_request_response_irq.o,
by_pc,2147496234,14,14,28,42,14,0,0,0,0,inject,/Users/swchen.tw/git/percepio/poc/runs/tcp-workload-matrix-v1/A02-baseline/build/tcp_request_response_irq.o,
by_pc,2147496236,14,14,28,42,14,0,0,0,0,inject,/Users/swchen.tw/git/percepio/poc/runs/tcp-workload-matrix-v1/A02-baseline/build/tcp_request_response_irq.o,
by_pc,2147496238,14,294,588,602,14,14,112,0,154,inject,/Users/swchen.tw/git/percepio/poc/runs/tcp-workload-matrix-v1/A02-baseline/build/tcp_request_response_irq.o,
by_pc,2147496240,14,294,588,602,14,14,112,0,154,inject,/Users/swchen.tw/git/percepio/poc/runs/tcp-workload-matrix-v1/A02-baseline/build/tcp_request_response_irq.o,
by_pc,2147496242,14,294,588,602,14,14,112,0,154,inject,/Users/swchen.tw/git/percepio/poc/runs/tcp-workload-matrix-v1/A02-baseline/build/tcp_request_response_irq.o,
by_pc,2147496244,14,294,588,602,14,14,112,0,154,inject,/Users/swchen.tw/git/percepio/poc/runs/tcp-workload-matrix-v1/A02-baseline/build/tcp_request_response_irq.o,
by_pc,2147496246,14,294,588,602,14,14,112,0,154,inject,/Users/swchen.tw/git/percepio/poc/runs/tcp-workload-matrix-v1/A02-baseline/build/tcp_request_response_irq.o,
by_pc,2147496248,14,294,588,602,14,14,112,0,154,inject,/Users/swchen.tw/git/percepio/poc/runs/tcp-workload-matrix-v1/A02-baseline/build/tcp_request_response_irq.o,
by_pc,2147496250,14,294,588,602,14,14,112,0,154,inject,/Users/swchen.tw/git/percepio/poc/runs/tcp-workload-matrix-v1/A02-baseline/build/tcp_request_response_irq.o,
by_pc,2147496252,14,14,28,42,14,0,0,0,0,inject,/Users/swchen.tw/git/percepio/poc/runs/tcp-workload-matrix-v1/A02-baseline/build/tcp_request_response_irq.o,
by_pc,2147496254,14,14,28,42,14,0,0,0,0,inject,/Users/swchen.tw/git/percepio/poc/runs/tcp-workload-matrix-v1/A02-baseline/build/tcp_request_response_irq.o,
by_pc,2147496256,14,138,276,290,14,0,88,36,0,inject,/Users/swchen.tw/git/percepio/poc/runs/tcp-workload-matrix-v1/A02-baseline/build/tcp_request_response_irq.o,
by_pc,2147496258,14,14,28,42,14,0,0,0,0,inject,/Users/swchen.tw/git/percepio/poc/runs/tcp-workload-matrix-v1/A02-baseline/build/tcp_request_response_irq.o,
by_pc,2147502048,39,65,130,169,39,0,8,18,0,pbuf_alloc,/Users/swchen.tw/git/percepio/poc/runs/tcp-workload-matrix-v1/A02-baseline/build/pbuf.o,
by_pc,2147502050,39,819,1638,1677,39,39,312,0,429,pbuf_alloc,/Users/swchen.tw/git/percepio/poc/runs/tcp-workload-matrix-v1/A02-baseline/build/pbuf.o,
by_pc,2147502052,39,819,1638,1677,39,39,312,0,429,pbuf_alloc,/Users/swchen.tw/git/percepio/poc/runs/tcp-workload-matrix-v1/A02-baseline/build/pbuf.o,
by_pc,2147502054,39,39,78,117,39,0,0,0,0,pbuf_alloc,/Users/swchen.tw/git/percepio/poc/runs/tcp-workload-matrix-v1/A02-baseline/build/pbuf.o,
by_pc,2147502058,39,819,1638,1677,39,39,312,0,429,pbuf_alloc,/Users/swchen.tw/git/percepio/poc/runs/tcp-workload-matrix-v1/A02-baseline/build/pbuf.o,
by_pc,2147502060,39,819,1638,1677,39,39,312,0,429,pbuf_alloc,/Users/swchen.tw/git/percepio/poc/runs/tcp-workload-matrix-v1/A02-baseline/build/pbuf.o,
by_pc,2147502062,39,819,1638,1677,39,39,312,0,429,pbuf_alloc,/Users/swchen.tw/git/percepio/poc/runs/tcp-workload-matrix-v1/A02-baseline/build/pbuf.o,
by_pc,2147502064,39,819,1638,1677,39,39,312,0,429,pbuf_alloc,/Users/swchen.tw/git/percepio/poc/runs/tcp-workload-matrix-v1/A02-baseline/build/pbuf.o,
by_pc,2147502066,39,819,1638,1677,39,39,312,0,429,pbuf_alloc,/Users/swchen.tw/git/percepio/poc/runs/tcp-workload-matrix-v1/A02-baseline/build/pbuf.o,
by_pc,2147502068,39,39,78,117,39,0,0,0,0,pbuf_alloc,/Users/swchen.tw/git/percepio/poc/runs/tcp-workload-matrix-v1/A02-baseline/build/pbuf.o,
by_pc,2147502072,39,39,78,117,39,0,0,0,0,pbuf_alloc,/Users/swchen.tw/git/percepio/poc/runs/tcp-workload-matrix-v1/A02-baseline/build/pbuf.o,
by_pc,2147502074,39,39,78,117,39,0,0,0,0,pbuf_alloc,/Users/swchen.tw/git/percepio/poc/runs/tcp-workload-matrix-v1/A02-baseline/build/pbuf.o,
by_pc,2147502076,39,39,78,117,39,0,0,0,0,pbuf_alloc,/Users/swchen.tw/git/percepio/poc/runs/tcp-workload-matrix-v1/A02-baseline/build/pbuf.o,
by_pc,2147502080,39,145,290,329,39,0,88,18,0,pbuf_alloc,/Users/swchen.tw/git/percepio/poc/runs/tcp-workload-matrix-v1/A02-baseline/build/pbuf.o,
by_pc,2147502116,31,31,62,93,31,0,0,0,0,pbuf_alloc,/Users/swchen.tw/git/percepio/poc/runs/tcp-workload-matrix-v1/A02-baseline/build/pbuf.o,
by_pc,2147502120,31,31,62,93,31,0,0,0,0,pbuf_alloc,/Users/swchen.tw/git/percepio/poc/runs/tcp-workload-matrix-v1/A02-baseline/build/pbuf.o,
by_pc,2147502256,31,161,322,353,31,0,112,18,0,pbuf_alloc,/Users/swchen.tw/git/percepio/poc/runs/tcp-workload-matrix-v1/A02-baseline/build/pbuf.o,
by_pc,2147502260,31,31,62,93,31,0,0,0,0,pbuf_alloc,/Users/swchen.tw/git/percepio/poc/runs/tcp-workload-matrix-v1/A02-baseline/build/pbuf.o,
by_pc,2147502262,31,31,62,93,31,0,0,0,0,pbuf_alloc,/Users/swchen.tw/git/percepio/poc/runs/tcp-workload-matrix-v1/A02-baseline/build/pbuf.o,
by_pc,2147502264,31,31,62,93,31,0,0,0,0,pbuf_alloc,/Users/swchen.tw/git/percepio/poc/runs/tcp-workload-matrix-v1/A02-baseline/build/pbuf.o,
by_pc,2147502268,31,31,62,93,31,0,0,0,0,pbuf_alloc,/Users/swchen.tw/git/percepio/poc/runs/tcp-workload-matrix-v1/A02-baseline/build/pbuf.o,
by_pc,2147502270,31,31,62,93,31,0,0,0,0,pbuf_alloc,/Users/swchen.tw/git/percepio/poc/runs/tcp-workload-matrix-v1/A02-baseline/build/pbuf.o,
by_pc,2147502272,31,177,354,385,31,0,128,18,0,pbuf_alloc,/Users/swchen.tw/git/percepio/poc/runs/tcp-workload-matrix-v1/A02-baseline/build/pbuf.o,
by_pc,2147502274,31,31,62,93,31,0,0,0,0,pbuf_alloc,/Users/swchen.tw/git/percepio/poc/runs/tcp-workload-matrix-v1/A02-baseline/build/pbuf.o,
by_pc,2147502280,31,31,62,93,31,0,0,0,0,pbuf_alloc,/Users/swchen.tw/git/percepio/poc/runs/tcp-workload-matrix-v1/A02-baseline/build/pbuf.o,
by_pc,2147502282,31,31,62,93,31,0,0,0,0,pbuf_alloc,/Users/swchen.tw/git/percepio/poc/runs/tcp-workload-matrix-v1/A02-baseline/build/pbuf.o,
by_pc,2147502284,31,31,62,93,31,0,0,0,0,pbuf_alloc,/Users/swchen.tw/git/percepio/poc/runs/tcp-workload-matrix-v1/A02-baseline/build/pbuf.o,
by_pc,2147502288,31,31,62,93,31,0,0,0,0,pbuf_alloc,/Users/swchen.tw/git/percepio/poc/runs/tcp-workload-matrix-v1/A02-baseline/build/pbuf.o,
by_pc,2147500778,31,177,354,385,31,0,128,18,0,mem_malloc,/Users/swchen.tw/git/percepio/poc/runs/tcp-workload-matrix-v1/A02-baseline/build/mem.o,
by_pc,2147500780,31,31,62,93,31,0,0,0,0,mem_malloc,/Users/swchen.tw/git/percepio/poc/runs/tcp-workload-matrix-v1/A02-baseline/build/mem.o,
by_pc,2147500782,31,31,62,93,31,0,0,0,0,mem_malloc,/Users/swchen.tw/git/percepio/poc/runs/tcp-workload-matrix-v1/A02-baseline/build/mem.o,
by_pc,2147500786,31,31,62,93,31,0,0,0,0,mem_malloc,/Users/swchen.tw/git/percepio/poc/runs/tcp-workload-matrix-v1/A02-baseline/build/mem.o,
by_pc,2147500788,31,31,62,93,31,0,0,0,0,mem_malloc,/Users/swchen.tw/git/percepio/poc/runs/tcp-workload-matrix-v1/A02-baseline/build/mem.o,
by_pc,2147500798,31,176,352,383,62,0,96,18,0,mem_malloc,/Users/swchen.tw/git/percepio/poc/runs/tcp-workload-matrix-v1/A02-baseline/build/mem.o,
by_pc,2147500802,31,62,124,155,31,31,0,0,0,mem_malloc,/Users/swchen.tw/git/percepio/poc/runs/tcp-workload-matrix-v1/A02-baseline/build/mem.o,
by_pc,2147500806,31,62,124,155,31,31,0,0,0,mem_malloc,/Users/swchen.tw/git/percepio/poc/runs/tcp-workload-matrix-v1/A02-baseline/build/mem.o,
by_pc,2147500810,31,31,62,93,31,0,0,0,0,mem_malloc,/Users/swchen.tw/git/percepio/poc/runs/tcp-workload-matrix-v1/A02-baseline/build/mem.o,
by_pc,2147500812,31,31,62,93,31,0,0,0,0,mem_malloc,/Users/swchen.tw/git/percepio/poc/runs/tcp-workload-matrix-v1/A02-baseline/build/mem.o,
by_pc,2147500816,31,31,62,93,31,0,0,0,0,mem_malloc,/Users/swchen.tw/git/percepio/poc/runs/tcp-workload-matrix-v1/A02-baseline/build/mem.o,
by_pc,2147500820,31,31,62,93,31,0,0,0,0,mem_malloc,/Users/swchen.tw/git/percepio/poc/runs/tcp-workload-matrix-v1/A02-baseline/build/mem.o,
by_pc,2147500822,31,31,62,93,31,0,0,0,0,mem_malloc,/Users/swchen.tw/git/percepio/poc/runs/tcp-workload-matrix-v1/A02-baseline/build/mem.o,
by_pc,2147500824,31,31,62,93,31,0,0,0,0,mem_malloc,/Users/swchen.tw/git/percepio/poc/runs/tcp-workload-matrix-v1/A02-baseline/build/mem.o,
by_pc,2147500826,31,31,62,93,31,0,0,0,0,mem_malloc,/Users/swchen.tw/git/percepio/poc/runs/tcp-workload-matrix-v1/A02-baseline/build/mem.o,
by_pc,2147500850,31,31,62,93,31,0,0,0,0,mem_malloc,/Users/swchen.tw/git/percepio/poc/runs/tcp-workload-matrix-v1/A02-baseline/build/mem.o,
by_pc,2147500854,31,88,176,207,31,31,8,18,0,mem_malloc,/Users/swchen.tw/git/percepio/poc/runs/tcp-workload-matrix-v1/A02-baseline/build/mem.o,
by_pc,2147500858,31,88,176,207,31,31,8,18,0,mem_malloc,/Users/swchen.tw/git/percepio/poc/runs/tcp-workload-matrix-v1/A02-baseline/build/mem.o,
by_pc,2147500862,31,88,176,207,62,0,8,18,0,mem_malloc,/Users/swchen.tw/git/percepio/poc/runs/tcp-workload-matrix-v1/A02-baseline/build/mem.o,
by_pc,2147500866,31,31,62,93,31,0,0,0,0,mem_malloc,/Users/swchen.tw/git/percepio/poc/runs/tcp-workload-matrix-v1/A02-baseline/build/mem.o,
by_pc,2147500870,31,31,62,93,31,0,0,0,0,mem_malloc,/Users/swchen.tw/git/percepio/poc/runs/tcp-workload-matrix-v1/A02-baseline/build/mem.o,
by_pc,2147500872,31,31,62,93,31,0,0,0,0,mem_malloc,/Users/swchen.tw/git/percepio/poc/runs/tcp-workload-matrix-v1/A02-baseline/build/mem.o,
by_pc,2147500876,31,31,62,93,31,0,0,0,0,mem_malloc,/Users/swchen.tw/git/percepio/poc/runs/tcp-workload-matrix-v1/A02-baseline/build/mem.o,
by_pc,2147500880,31,31,62,93,31,0,0,0,0,mem_malloc,/Users/swchen.tw/git/percepio/poc/runs/tcp-workload-matrix-v1/A02-baseline/build/mem.o,
by_pc,2147500884,30,30,60,90,30,0,0,0,0,mem_malloc,/Users/swchen.tw/git/percepio/poc/runs/tcp-workload-matrix-v1/A02-baseline/build/mem.o,
by_pc,2147500888,30,30,60,90,30,0,0,0,0,mem_malloc,/Users/swchen.tw/git/percepio/poc/runs/tcp-workload-matrix-v1/A02-baseline/build/mem.o,
by_pc,2147500890,30,30,60,90,30,0,0,0,0,mem_malloc,/Users/swchen.tw/git/percepio/poc/runs/tcp-workload-matrix-v1/A02-baseline/build/mem.o,
by_pc,2147500892,30,30,60,90,30,0,0,0,0,mem_malloc,/Users/swchen.tw/git/percepio/poc/runs/tcp-workload-matrix-v1/A02-baseline/build/mem.o,
by_pc,2147500894,30,30,60,90,30,0,0,0,0,mem_malloc,/Users/swchen.tw/git/percepio/poc/runs/tcp-workload-matrix-v1/A02-baseline/build/mem.o,
by_pc,2147500898,30,702,1404,1434,30,30,240,72,330,mem_malloc,/Users/swchen.tw/git/percepio/poc/runs/tcp-workload-matrix-v1/A02-baseline/build/mem.o,
by_pc,2147500902,30,60,120,150,30,30,0,0,0,mem_malloc,/Users/swchen.tw/git/percepio/poc/runs/tcp-workload-matrix-v1/A02-baseline/build/mem.o,
by_pc,2147500906,30,630,1260,1290,30,30,240,0,330,mem_malloc,/Users/swchen.tw/git/percepio/poc/runs/tcp-workload-matrix-v1/A02-baseline/build/mem.o,
by_pc,2147500910,30,30,60,90,30,0,0,0,0,mem_malloc,/Users/swchen.tw/git/percepio/poc/runs/tcp-workload-matrix-v1/A02-baseline/build/mem.o,
by_pc,2147500912,30,630,1260,1290,30,30,240,0,330,mem_malloc,/Users/swchen.tw/git/percepio/poc/runs/tcp-workload-matrix-v1/A02-baseline/build/mem.o,
by_pc,2147500916,30,630,1260,1290,30,30,240,0,330,mem_malloc,/Users/swchen.tw/git/percepio/poc/runs/tcp-workload-matrix-v1/A02-baseline/build/mem.o,
by_pc,2147500920,30,630,1260,1290,30,30,240,0,330,mem_malloc,/Users/swchen.tw/git/percepio/poc/runs/tcp-workload-matrix-v1/A02-baseline/build/mem.o,
by_pc,2147500924,30,60,120,150,30,30,0,0,0,mem_malloc,/Users/swchen.tw/git/percepio/poc/runs/tcp-workload-matrix-v1/A02-baseline/build/mem.o,
by_pc,2147500928,30,56,112,142,30,0,8,18,0,mem_malloc,/Users/swchen.tw/git/percepio/poc/runs/tcp-workload-matrix-v1/A02-baseline/build/mem.o,
by_pc,2147500938,30,30,60,90,30,0,0,0,0,mem_malloc,/Users/swchen.tw/git/percepio/poc/runs/tcp-workload-matrix-v1/A02-baseline/build/mem.o,
by_pc,2147500942,30,94,188,218,30,30,16,18,0,mem_malloc,/Users/swchen.tw/git/percepio/poc/runs/tcp-workload-matrix-v1/A02-baseline/build/mem.o,
by_pc,2147500946,30,30,60,90,30,0,0,0,0,mem_malloc,/Users/swchen.tw/git/percepio/poc/runs/tcp-workload-matrix-v1/A02-baseline/build/mem.o,
by_pc,2147500948,30,30,60,90,30,0,0,0,0,mem_malloc,/Users/swchen.tw/git/percepio/poc/runs/tcp-workload-matrix-v1/A02-baseline/build/mem.o,
by_pc,2147500950,30,30,60,90,30,0,0,0,0,mem_malloc,/Users/swchen.tw/git/percepio/poc/runs/tcp-workload-matrix-v1/A02-baseline/build/mem.o,
by_pc,2147500954,30,30,60,90,30,0,0,0,0,mem_malloc,/Users/swchen.tw/git/percepio/poc/runs/tcp-workload-matrix-v1/A02-baseline/build/mem.o,
by_pc,2147500956,30,30,60,90,30,0,0,0,0,mem_malloc,/Users/swchen.tw/git/percepio/poc/runs/tcp-workload-matrix-v1/A02-baseline/build/mem.o,
by_pc,2147500960,30,630,1260,1290,30,30,240,0,330,mem_malloc,/Users/swchen.tw/git/percepio/poc/runs/tcp-workload-matrix-v1/A02-baseline/build/mem.o,
by_pc,2147500964,30,30,60,90,30,0,0,0,0,mem_malloc,/Users/swchen.tw/git/percepio/poc/runs/tcp-workload-matrix-v1/A02-baseline/build/mem.o,
by_pc,2147500968,30,60,120,150,30,30,0,0,0,mem_malloc,/Users/swchen.tw/git/percepio/poc/runs/tcp-workload-matrix-v1/A02-baseline/build/mem.o,
by_pc,2147500972,30,30,60,90,30,0,0,0,0,mem_malloc,/Users/swchen.tw/git/percepio/poc/runs/tcp-workload-matrix-v1/A02-baseline/build/mem.o,
by_pc,2147500976,5,5,10,15,5,0,0,0,0,mem_malloc,/Users/swchen.tw/git/percepio/poc/runs/tcp-workload-matrix-v1/A02-baseline/build/mem.o,
by_pc,2147500980,5,105,210,215,5,5,40,0,55,mem_malloc,/Users/swchen.tw/git/percepio/poc/runs/tcp-workload-matrix-v1/A02-baseline/build/mem.o,
by_pc,2147500984,31,31,62,93,31,0,0,0,0,mem_malloc,/Users/swchen.tw/git/percepio/poc/runs/tcp-workload-matrix-v1/A02-baseline/build/mem.o,
by_pc,2147500988,31,62,124,155,31,31,0,0,0,mem_malloc,/Users/swchen.tw/git/percepio/poc/runs/tcp-workload-matrix-v1/A02-baseline/build/mem.o,
by_pc,2147500992,63,216,432,495,63,63,72,18,0,mem_malloc,/Users/swchen.tw/git/percepio/poc/runs/tcp-workload-matrix-v1/A02-baseline/build/mem.o,
by_pc,2147500996,63,63,126,189,63,0,0,0,0,mem_malloc,/Users/swchen.tw/git/percepio/poc/runs/tcp-workload-matrix-v1/A02-baseline/build/mem.o,
by_pc,2147500998,32,32,64,96,32,0,0,0,0,mem_malloc,/Users/swchen.tw/git/percepio/poc/runs/tcp-workload-matrix-v1/A02-baseline/build/mem.o,
by_pc,2147501066,32,88,176,208,32,32,24,0,0,mem_malloc,/Users/swchen.tw/git/percepio/poc/runs/tcp-workload-matrix-v1/A02-baseline/build/mem.o,
by_pc,2147501070,32,32,64,96,32,0,0,0,0,mem_malloc,/Users/swchen.tw/git/percepio/poc/runs/tcp-workload-matrix-v1/A02-baseline/build/mem.o,
by_pc,2147501072,32,32,64,96,32,0,0,0,0,mem_malloc,/Users/swchen.tw/git/percepio/poc/runs/tcp-workload-matrix-v1/A02-baseline/build/mem.o,
by_pc,2147501002,31,651,1302,1333,31,31,248,0,341,mem_malloc,/Users/swchen.tw/git/percepio/poc/runs/tcp-workload-matrix-v1/A02-baseline/build/mem.o,
by_pc,2147501006,31,31,62,93,31,0,0,0,0,mem_malloc,/Users/swchen.tw/git/percepio/poc/runs/tcp-workload-matrix-v1/A02-baseline/build/mem.o,
by_pc,2147501010,31,31,62,93,31,0,0,0,0,mem_malloc,/Users/swchen.tw/git/percepio/poc/runs/tcp-workload-matrix-v1/A02-baseline/build/mem.o,
by_pc,2147502292,31,31,62,93,31,0,0,0,0,pbuf_alloc,/Users/swchen.tw/git/percepio/poc/runs/tcp-workload-matrix-v1/A02-baseline/build/pbuf.o,
by_pc,2147502294,31,31,62,93,31,0,0,0,0,pbuf_alloc,/Users/swchen.tw/git/percepio/poc/runs/tcp-workload-matrix-v1/A02-baseline/build/pbuf.o,
by_pc,2147502296,31,31,62,93,31,0,0,0,0,pbuf_alloc,/Users/swchen.tw/git/percepio/poc/runs/tcp-workload-matrix-v1/A02-baseline/build/pbuf.o,
by_pc,2147502298,31,31,62,93,31,0,0,0,0,pbuf_alloc,/Users/swchen.tw/git/percepio/poc/runs/tcp-workload-matrix-v1/A02-baseline/build/pbuf.o,
by_pc,2147502300,31,31,62,93,31,0,0,0,0,pbuf_alloc,/Users/swchen.tw/git/percepio/poc/runs/tcp-workload-matrix-v1/A02-baseline/build/pbuf.o,
by_pc,2147502302,31,31,62,93,31,0,0,0,0,pbuf_alloc,/Users/swchen.tw/git/percepio/poc/runs/tcp-workload-matrix-v1/A02-baseline/build/pbuf.o,
by_pc,2147502306,31,651,1302,1333,31,31,248,0,341,pbuf_alloc,/Users/swchen.tw/git/percepio/poc/runs/tcp-workload-matrix-v1/A02-baseline/build/pbuf.o,
by_pc,2147502310,31,651,1302,1333,31,31,248,0,341,pbuf_alloc,/Users/swchen.tw/git/percepio/poc/runs/tcp-workload-matrix-v1/A02-baseline/build/pbuf.o,
by_pc,2147502312,31,651,1302,1333,31,31,248,0,341,pbuf_alloc,/Users/swchen.tw/git/percepio/poc/runs/tcp-workload-matrix-v1/A02-baseline/build/pbuf.o,
by_pc,2147502316,31,651,1302,1333,31,31,248,0,341,pbuf_alloc,/Users/swchen.tw/git/percepio/poc/runs/tcp-workload-matrix-v1/A02-baseline/build/pbuf.o,
by_pc,2147502320,31,651,1302,1333,31,31,248,0,341,pbuf_alloc,/Users/swchen.tw/git/percepio/poc/runs/tcp-workload-matrix-v1/A02-baseline/build/pbuf.o,
by_pc,2147502322,31,31,62,93,31,0,0,0,0,pbuf_alloc,/Users/swchen.tw/git/percepio/poc/runs/tcp-workload-matrix-v1/A02-baseline/build/pbuf.o,
by_pc,2147502232,31,62,124,155,31,31,0,0,0,pbuf_alloc,/Users/swchen.tw/git/percepio/poc/runs/tcp-workload-matrix-v1/A02-baseline/build/pbuf.o,
by_pc,2147502234,31,31,62,93,31,0,0,0,0,pbuf_alloc,/Users/swchen.tw/git/percepio/poc/runs/tcp-workload-matrix-v1/A02-baseline/build/pbuf.o,
by_pc,2147502236,31,62,124,155,31,31,0,0,0,pbuf_alloc,/Users/swchen.tw/git/percepio/poc/runs/tcp-workload-matrix-v1/A02-baseline/build/pbuf.o,
by_pc,2147502238,31,62,124,155,31,31,0,0,0,pbuf_alloc,/Users/swchen.tw/git/percepio/poc/runs/tcp-workload-matrix-v1/A02-baseline/build/pbuf.o,
by_pc,2147502240,31,62,124,155,31,31,0,0,0,pbuf_alloc,/Users/swchen.tw/git/percepio/poc/runs/tcp-workload-matrix-v1/A02-baseline/build/pbuf.o,
by_pc,2147502242,31,62,124,155,31,31,0,0,0,pbuf_alloc,/Users/swchen.tw/git/percepio/poc/runs/tcp-workload-matrix-v1/A02-baseline/build/pbuf.o,
by_pc,2147502244,31,62,124,155,31,31,0,0,0,pbuf_alloc,/Users/swchen.tw/git/percepio/poc/runs/tcp-workload-matrix-v1/A02-baseline/build/pbuf.o,
by_pc,2147502246,31,62,124,155,31,31,0,0,0,pbuf_alloc,/Users/swchen.tw/git/percepio/poc/runs/tcp-workload-matrix-v1/A02-baseline/build/pbuf.o,
by_pc,2147502248,31,31,62,93,31,0,0,0,0,pbuf_alloc,/Users/swchen.tw/git/percepio/poc/runs/tcp-workload-matrix-v1/A02-baseline/build/pbuf.o,
by_pc,2147502250,31,31,62,93,31,0,0,0,0,pbuf_alloc,/Users/swchen.tw/git/percepio/poc/runs/tcp-workload-matrix-v1/A02-baseline/build/pbuf.o,
by_pc,2147496262,14,14,28,42,14,0,0,0,0,inject,/Users/swchen.tw/git/percepio/poc/runs/tcp-workload-matrix-v1/A02-baseline/build/tcp_request_response_irq.o,
by_pc,2147496264,14,14,28,42,14,0,0,0,0,inject,/Users/swchen.tw/git/percepio/poc/runs/tcp-workload-matrix-v1/A02-baseline/build/tcp_request_response_irq.o,
by_pc,2147496266,14,14,28,42,14,0,0,0,0,inject,/Users/swchen.tw/git/percepio/poc/runs/tcp-workload-matrix-v1/A02-baseline/build/tcp_request_response_irq.o,
by_pc,2147496284,14,28,56,70,14,14,0,0,0,inject,/Users/swchen.tw/git/percepio/poc/runs/tcp-workload-matrix-v1/A02-baseline/build/tcp_request_response_irq.o,
by_pc,2147496288,14,28,56,70,14,14,0,0,0,inject,/Users/swchen.tw/git/percepio/poc/runs/tcp-workload-matrix-v1/A02-baseline/build/tcp_request_response_irq.o,
by_pc,2147496290,14,14,28,42,14,0,0,0,0,inject,/Users/swchen.tw/git/percepio/poc/runs/tcp-workload-matrix-v1/A02-baseline/build/tcp_request_response_irq.o,
by_pc,2147496292,14,14,28,42,14,0,0,0,0,inject,/Users/swchen.tw/git/percepio/poc/runs/tcp-workload-matrix-v1/A02-baseline/build/tcp_request_response_irq.o,
by_pc,2147496296,14,28,56,70,14,14,0,0,0,inject,/Users/swchen.tw/git/percepio/poc/runs/tcp-workload-matrix-v1/A02-baseline/build/tcp_request_response_irq.o,
by_pc,2147496298,14,14,28,42,14,0,0,0,0,inject,/Users/swchen.tw/git/percepio/poc/runs/tcp-workload-matrix-v1/A02-baseline/build/tcp_request_response_irq.o,
by_pc,2147496302,14,294,588,602,14,14,112,0,154,inject,/Users/swchen.tw/git/percepio/poc/runs/tcp-workload-matrix-v1/A02-baseline/build/tcp_request_response_irq.o,
by_pc,2147496306,14,28,56,70,14,14,0,0,0,inject,/Users/swchen.tw/git/percepio/poc/runs/tcp-workload-matrix-v1/A02-baseline/build/tcp_request_response_irq.o,
by_pc,2147496310,14,14,28,42,14,0,0,0,0,inject,/Users/swchen.tw/git/percepio/poc/runs/tcp-workload-matrix-v1/A02-baseline/build/tcp_request_response_irq.o,
by_pc,2147499600,410,462,924,1334,410,0,16,36,0,lwip_htons,/Users/swchen.tw/git/percepio/poc/runs/tcp-workload-matrix-v1/A02-baseline/build/def.o,
by_pc,2147499604,410,410,820,1230,410,0,0,0,0,lwip_htons,/Users/swchen.tw/git/percepio/poc/runs/tcp-workload-matrix-v1/A02-baseline/build/def.o,
by_pc,2147499606,410,410,820,1230,410,0,0,0,0,lwip_htons,/Users/swchen.tw/git/percepio/poc/runs/tcp-workload-matrix-v1/A02-baseline/build/def.o,
by_pc,2147499608,410,410,820,1230,410,0,0,0,0,lwip_htons,/Users/swchen.tw/git/percepio/poc/runs/tcp-workload-matrix-v1/A02-baseline/build/def.o,
by_pc,2147499610,410,410,820,1230,410,0,0,0,0,lwip_htons,/Users/swchen.tw/git/percepio/poc/runs/tcp-workload-matrix-v1/A02-baseline/build/def.o,
by_pc,2147499612,410,410,820,1230,410,0,0,0,0,lwip_htons,/Users/swchen.tw/git/percepio/poc/runs/tcp-workload-matrix-v1/A02-baseline/build/def.o,
by_pc,2147496314,14,294,588,602,14,14,112,0,154,inject,/Users/swchen.tw/git/percepio/poc/runs/tcp-workload-matrix-v1/A02-baseline/build/tcp_request_response_irq.o,
by_pc,2147496318,14,152,304,318,28,0,88,36,0,inject,/Users/swchen.tw/git/percepio/poc/runs/tcp-workload-matrix-v1/A02-baseline/build/tcp_request_response_irq.o,
by_pc,2147496322,14,14,28,42,14,0,0,0,0,inject,/Users/swchen.tw/git/percepio/poc/runs/tcp-workload-matrix-v1/A02-baseline/build/tcp_request_response_irq.o,
by_pc,2147496324,14,294,588,602,14,14,112,0,154,inject,/Users/swchen.tw/git/percepio/poc/runs/tcp-workload-matrix-v1/A02-baseline/build/tcp_request_response_irq.o,
by_pc,2147496328,14,294,588,602,14,14,112,0,154,inject,/Users/swchen.tw/git/percepio/poc/runs/tcp-workload-matrix-v1/A02-baseline/build/tcp_request_response_irq.o,
by_pc,2147496332,14,14,28,42,14,0,0,0,0,inject,/Users/swchen.tw/git/percepio/poc/runs/tcp-workload-matrix-v1/A02-baseline/build/tcp_request_response_irq.o,
by_pc,2147496334,14,294,588,602,14,14,112,0,154,inject,/Users/swchen.tw/git/percepio/poc/runs/tcp-workload-matrix-v1/A02-baseline/build/tcp_request_response_irq.o,
by_pc,2147496338,14,28,56,70,14,14,0,0,0,inject,/Users/swchen.tw/git/percepio/poc/runs/tcp-workload-matrix-v1/A02-baseline/build/tcp_request_response_irq.o,
by_pc,2147496342,14,14,28,42,14,0,0,0,0,inject,/Users/swchen.tw/git/percepio/poc/runs/tcp-workload-matrix-v1/A02-baseline/build/tcp_request_response_irq.o,
by_pc,2147496344,14,14,28,42,14,0,0,0,0,inject,/Users/swchen.tw/git/percepio/poc/runs/tcp-workload-matrix-v1/A02-baseline/build/tcp_request_response_irq.o,
by_pc,2147496346,14,14,28,42,14,0,0,0,0,inject,/Users/swchen.tw/git/percepio/poc/runs/tcp-workload-matrix-v1/A02-baseline/build/tcp_request_response_irq.o,
by_pc,2147496350,14,294,588,602,14,14,112,0,154,inject,/Users/swchen.tw/git/percepio/poc/runs/tcp-workload-matrix-v1/A02-baseline/build/tcp_request_response_irq.o,
by_pc,2147496354,14,294,588,602,14,14,112,0,154,inject,/Users/swchen.tw/git/percepio/poc/runs/tcp-workload-matrix-v1/A02-baseline/build/tcp_request_response_irq.o,
by_pc,2147496358,14,14,28,42,14,0,0,0,0,inject,/Users/swchen.tw/git/percepio/poc/runs/tcp-workload-matrix-v1/A02-baseline/build/tcp_request_response_irq.o,
by_pc,2147496362,14,14,28,42,14,0,0,0,0,inject,/Users/swchen.tw/git/percepio/poc/runs/tcp-workload-matrix-v1/A02-baseline/build/tcp_request_response_irq.o,
by_pc,2147496364,14,294,588,602,14,14,112,0,154,inject,/Users/swchen.tw/git/percepio/poc/runs/tcp-workload-matrix-v1/A02-baseline/build/tcp_request_response_irq.o,
by_pc,2147496368,14,28,56,70,14,14,0,0,0,inject,/Users/swchen.tw/git/percepio/poc/runs/tcp-workload-matrix-v1/A02-baseline/build/tcp_request_response_irq.o,
by_pc,2147496372,14,294,588,602,14,14,112,0,154,inject,/Users/swchen.tw/git/percepio/poc/runs/tcp-workload-matrix-v1/A02-baseline/build/tcp_request_response_irq.o,
by_pc,2147496376,14,14,28,42,14,0,0,0,0,inject,/Users/swchen.tw/git/percepio/poc/runs/tcp-workload-matrix-v1/A02-baseline/build/tcp_request_response_irq.o,
by_pc,2147496380,14,294,588,602,14,14,112,0,154,inject,/Users/swchen.tw/git/percepio/poc/runs/tcp-workload-matrix-v1/A02-baseline/build/tcp_request_response_irq.o,
by_pc,2147496384,14,336,672,686,14,14,136,18,154,inject,/Users/swchen.tw/git/percepio/poc/runs/tcp-workload-matrix-v1/A02-baseline/build/tcp_request_response_irq.o,
by_pc,2147496388,14,14,28,42,14,0,0,0,0,inject,/Users/swchen.tw/git/percepio/poc/runs/tcp-workload-matrix-v1/A02-baseline/build/tcp_request_response_irq.o,
by_pc,2147496392,14,14,28,42,14,0,0,0,0,inject,/Users/swchen.tw/git/percepio/poc/runs/tcp-workload-matrix-v1/A02-baseline/build/tcp_request_response_irq.o,
by_pc,2147496394,14,294,588,602,14,14,112,0,154,inject,/Users/swchen.tw/git/percepio/poc/runs/tcp-workload-matrix-v1/A02-baseline/build/tcp_request_response_irq.o,
by_pc,2147496398,14,294,588,602,14,14,112,0,154,inject,/Users/swchen.tw/git/percepio/poc/runs/tcp-workload-matrix-v1/A02-baseline/build/tcp_request_response_irq.o,
by_pc,2147496402,14,14,28,42,14,0,0,0,0,inject,/Users/swchen.tw/git/percepio/poc/runs/tcp-workload-matrix-v1/A02-baseline/build/tcp_request_response_irq.o,
by_pc,2147500020,28,80,160,188,28,0,16,36,0,inet_chksum,/Users/swchen.tw/git/percepio/poc/runs/tcp-workload-matrix-v1/A02-baseline/build/inet_chksum.o,
by_pc,2147500022,28,588,1176,1204,28,28,224,0,308,inet_chksum,/Users/swchen.tw/git/percepio/poc/runs/tcp-workload-matrix-v1/A02-baseline/build/inet_chksum.o,
by_pc,2147500024,28,28,56,84,28,0,0,0,0,inet_chksum,/Users/swchen.tw/git/percepio/poc/runs/tcp-workload-matrix-v1/A02-baseline/build/inet_chksum.o,
by_pc,2147499650,79,105,210,289,79,0,8,18,0,lwip_standard_chksum,/Users/swchen.tw/git/percepio/poc/runs/tcp-workload-matrix-v1/A02-baseline/build/inet_chksum.o,
by_pc,2147499652,79,79,158,237,79,0,0,0,0,lwip_standard_chksum,/Users/swchen.tw/git/percepio/poc/runs/tcp-workload-matrix-v1/A02-baseline/build/inet_chksum.o,
by_pc,2147499656,79,79,158,237,79,0,0,0,0,lwip_standard_chksum,/Users/swchen.tw/git/percepio/poc/runs/tcp-workload-matrix-v1/A02-baseline/build/inet_chksum.o,
by_pc,2147499660,77,77,154,231,77,0,0,0,0,lwip_standard_chksum,/Users/swchen.tw/git/percepio/poc/runs/tcp-workload-matrix-v1/A02-baseline/build/inet_chksum.o,
by_pc,2147499672,79,79,158,237,79,0,0,0,0,lwip_standard_chksum,/Users/swchen.tw/git/percepio/poc/runs/tcp-workload-matrix-v1/A02-baseline/build/inet_chksum.o,
by_pc,2147499676,79,79,158,237,79,0,0,0,0,lwip_standard_chksum,/Users/swchen.tw/git/percepio/poc/runs/tcp-workload-matrix-v1/A02-baseline/build/inet_chksum.o,
by_pc,2147499678,58,58,116,174,58,0,0,0,0,lwip_standard_chksum,/Users/swchen.tw/git/percepio/poc/runs/tcp-workload-matrix-v1/A02-baseline/build/inet_chksum.o,
by_pc,2147499682,58,58,116,174,58,0,0,0,0,lwip_standard_chksum,/Users/swchen.tw/git/percepio/poc/runs/tcp-workload-matrix-v1/A02-baseline/build/inet_chksum.o,
by_pc,2147499684,56,112,224,280,56,56,0,0,0,lwip_standard_chksum,/Users/swchen.tw/git/percepio/poc/runs/tcp-workload-matrix-v1/A02-baseline/build/inet_chksum.o,
by_pc,2147499688,56,56,112,168,56,0,0,0,0,lwip_standard_chksum,/Users/swchen.tw/git/percepio/poc/runs/tcp-workload-matrix-v1/A02-baseline/build/inet_chksum.o,
by_pc,2147499690,56,56,112,168,56,0,0,0,0,lwip_standard_chksum,/Users/swchen.tw/git/percepio/poc/runs/tcp-workload-matrix-v1/A02-baseline/build/inet_chksum.o,
by_pc,2147499692,79,79,158,237,79,0,0,0,0,lwip_standard_chksum,/Users/swchen.tw/git/percepio/poc/runs/tcp-workload-matrix-v1/A02-baseline/build/inet_chksum.o,
by_pc,2147499694,1701,1701,3402,5103,1701,0,0,0,0,lwip_standard_chksum,/Users/swchen.tw/git/percepio/poc/runs/tcp-workload-matrix-v1/A02-baseline/build/inet_chksum.o,
by_pc,2147499774,1622,3310,6620,8242,1622,1622,48,18,0,lwip_standard_chksum,/Users/swchen.tw/git/percepio/poc/runs/tcp-workload-matrix-v1/A02-baseline/build/inet_chksum.o,
by_pc,2147499776,1622,1680,3360,4982,1622,0,40,18,0,lwip_standard_chksum,/Users/swchen.tw/git/percepio/poc/runs/tcp-workload-matrix-v1/A02-baseline/build/inet_chksum.o,
by_pc,2147499778,1622,1622,3244,4866,1622,0,0,0,0,lwip_standard_chksum,/Users/swchen.tw/git/percepio/poc/runs/tcp-workload-matrix-v1/A02-baseline/build/inet_chksum.o,
by_pc,2147499780,1622,1622,3244,4866,1622,0,0,0,0,lwip_standard_chksum,/Users/swchen.tw/git/percepio/poc/runs/tcp-workload-matrix-v1/A02-baseline/build/inet_chksum.o,
by_pc,2147499782,1622,1622,3244,4866,1622,0,0,0,0,lwip_standard_chksum,/Users/swchen.tw/git/percepio/poc/runs/tcp-workload-matrix-v1/A02-baseline/build/inet_chksum.o,
by_pc,2147499786,1622,1622,3244,4866,1622,0,0,0,0,lwip_standard_chksum,/Users/swchen.tw/git/percepio/poc/runs/tcp-workload-matrix-v1/A02-baseline/build/inet_chksum.o,
by_pc,2147499788,1622,3244,6488,8110,1622,1622,0,0,0,lwip_standard_chksum,/Users/swchen.tw/git/percepio/poc/runs/tcp-workload-matrix-v1/A02-baseline/build/inet_chksum.o,
by_pc,2147499792,1622,1622,3244,4866,1622,0,0,0,0,lwip_standard_chksum,/Users/swchen.tw/git/percepio/poc/runs/tcp-workload-matrix-v1/A02-baseline/build/inet_chksum.o,
by_pc,2147499794,1622,1622,3244,4866,1622,0,0,0,0,lwip_standard_chksum,/Users/swchen.tw/git/percepio/poc/runs/tcp-workload-matrix-v1/A02-baseline/build/inet_chksum.o,
by_pc,2147499798,1622,1622,3244,4866,1622,0,0,0,0,lwip_standard_chksum,/Users/swchen.tw/git/percepio/poc/runs/tcp-workload-matrix-v1/A02-baseline/build/inet_chksum.o,
by_pc,2147499800,1622,1622,3244,4866,1622,0,0,0,0,lwip_standard_chksum,/Users/swchen.tw/git/percepio/poc/runs/tcp-workload-matrix-v1/A02-baseline/build/inet_chksum.o,
by_pc,2147499698,79,79,158,237,79,0,0,0,0,lwip_standard_chksum,/Users/swchen.tw/git/percepio/poc/runs/tcp-workload-matrix-v1/A02-baseline/build/inet_chksum.o,
by_pc,2147499702,79,79,158,237,79,0,0,0,0,lwip_standard_chksum,/Users/swchen.tw/git/percepio/poc/runs/tcp-workload-matrix-v1/A02-baseline/build/inet_chksum.o,
by_pc,2147499704,79,79,158,237,79,0,0,0,0,lwip_standard_chksum,/Users/swchen.tw/git/percepio/poc/runs/tcp-workload-matrix-v1/A02-baseline/build/inet_chksum.o,
by_pc,2147499706,79,79,158,237,79,0,0,0,0,lwip_standard_chksum,/Users/swchen.tw/git/percepio/poc/runs/tcp-workload-matrix-v1/A02-baseline/build/inet_chksum.o,
by_pc,2147499708,79,79,158,237,79,0,0,0,0,lwip_standard_chksum,/Users/swchen.tw/git/percepio/poc/runs/tcp-workload-matrix-v1/A02-baseline/build/inet_chksum.o,
by_pc,2147499710,177,354,708,885,354,0,0,0,0,lwip_standard_chksum,/Users/swchen.tw/git/percepio/poc/runs/tcp-workload-matrix-v1/A02-baseline/build/inet_chksum.o,
by_pc,2147499802,98,196,392,490,98,98,0,0,0,lwip_standard_chksum,/Users/swchen.tw/git/percepio/poc/runs/tcp-workload-matrix-v1/A02-baseline/build/inet_chksum.o,
by_pc,2147499806,98,98,196,294,98,0,0,0,0,lwip_standard_chksum,/Users/swchen.tw/git/percepio/poc/runs/tcp-workload-matrix-v1/A02-baseline/build/inet_chksum.o,
by_pc,2147499808,98,98,196,294,98,0,0,0,0,lwip_standard_chksum,/Users/swchen.tw/git/percepio/poc/runs/tcp-workload-matrix-v1/A02-baseline/build/inet_chksum.o,
by_pc,2147499810,98,98,196,294,98,0,0,0,0,lwip_standard_chksum,/Users/swchen.tw/git/percepio/poc/runs/tcp-workload-matrix-v1/A02-baseline/build/inet_chksum.o,
by_pc,2147499812,98,98,196,294,98,0,0,0,0,lwip_standard_chksum,/Users/swchen.tw/git/percepio/poc/runs/tcp-workload-matrix-v1/A02-baseline/build/inet_chksum.o,
by_pc,2147499714,79,79,158,237,79,0,0,0,0,lwip_standard_chksum,/Users/swchen.tw/git/percepio/poc/runs/tcp-workload-matrix-v1/A02-baseline/build/inet_chksum.o,
by_pc,2147499728,79,79,158,237,79,0,0,0,0,lwip_standard_chksum,/Users/swchen.tw/git/percepio/poc/runs/tcp-workload-matrix-v1/A02-baseline/build/inet_chksum.o,
by_pc,2147499730,79,79,158,237,79,0,0,0,0,lwip_standard_chksum,/Users/swchen.tw/git/percepio/poc/runs/tcp-workload-matrix-v1/A02-baseline/build/inet_chksum.o,
by_pc,2147499734,79,79,158,237,79,0,0,0,0,lwip_standard_chksum,/Users/swchen.tw/git/percepio/poc/runs/tcp-workload-matrix-v1/A02-baseline/build/inet_chksum.o,
by_pc,2147499736,79,79,158,237,79,0,0,0,0,lwip_standard_chksum,/Users/swchen.tw/git/percepio/poc/runs/tcp-workload-matrix-v1/A02-baseline/build/inet_chksum.o,
by_pc,2147499738,79,79,158,237,79,0,0,0,0,lwip_standard_chksum,/Users/swchen.tw/git/percepio/poc/runs/tcp-workload-matrix-v1/A02-baseline/build/inet_chksum.o,
by_pc,2147499740,79,79,158,237,79,0,0,0,0,lwip_standard_chksum,/Users/swchen.tw/git/percepio/poc/runs/tcp-workload-matrix-v1/A02-baseline/build/inet_chksum.o,
by_pc,2147499744,79,79,158,237,79,0,0,0,0,lwip_standard_chksum,/Users/swchen.tw/git/percepio/poc/runs/tcp-workload-matrix-v1/A02-baseline/build/inet_chksum.o,
by_pc,2147499746,79,79,158,237,79,0,0,0,0,lwip_standard_chksum,/Users/swchen.tw/git/percepio/poc/runs/tcp-workload-matrix-v1/A02-baseline/build/inet_chksum.o,
by_pc,2147499748,79,79,158,237,79,0,0,0,0,lwip_standard_chksum,/Users/swchen.tw/git/percepio/poc/runs/tcp-workload-matrix-v1/A02-baseline/build/inet_chksum.o,
by_pc,2147499750,79,79,158,237,79,0,0,0,0,lwip_standard_chksum,/Users/swchen.tw/git/percepio/poc/runs/tcp-workload-matrix-v1/A02-baseline/build/inet_chksum.o,
by_pc,2147499764,79,79,158,237,79,0,0,0,0,lwip_standard_chksum,/Users/swchen.tw/git/percepio/poc/runs/tcp-workload-matrix-v1/A02-baseline/build/inet_chksum.o,
by_pc,2147499766,79,79,158,237,79,0,0,0,0,lwip_standard_chksum,/Users/swchen.tw/git/percepio/poc/runs/tcp-workload-matrix-v1/A02-baseline/build/inet_chksum.o,
by_pc,2147499768,79,79,158,237,79,0,0,0,0,lwip_standard_chksum,/Users/swchen.tw/git/percepio/poc/runs/tcp-workload-matrix-v1/A02-baseline/build/inet_chksum.o,
by_pc,2147500028,28,56,112,140,28,28,0,0,0,inet_chksum,/Users/swchen.tw/git/percepio/poc/runs/tcp-workload-matrix-v1/A02-baseline/build/inet_chksum.o,
by_pc,2147500030,28,178,356,384,56,0,104,18,0,inet_chksum,/Users/swchen.tw/git/percepio/poc/runs/tcp-workload-matrix-v1/A02-baseline/build/inet_chksum.o,
by_pc,2147500034,28,28,56,84,28,0,0,0,0,inet_chksum,/Users/swchen.tw/git/percepio/poc/runs/tcp-workload-matrix-v1/A02-baseline/build/inet_chksum.o,
by_pc,2147500036,28,28,56,84,28,0,0,0,0,inet_chksum,/Users/swchen.tw/git/percepio/poc/runs/tcp-workload-matrix-v1/A02-baseline/build/inet_chksum.o,
by_pc,2147500038,28,28,56,84,28,0,0,0,0,inet_chksum,/Users/swchen.tw/git/percepio/poc/runs/tcp-workload-matrix-v1/A02-baseline/build/inet_chksum.o,
by_pc,2147500040,28,28,56,84,28,0,0,0,0,inet_chksum,/Users/swchen.tw/git/percepio/poc/runs/tcp-workload-matrix-v1/A02-baseline/build/inet_chksum.o,
by_pc,2147496406,14,294,588,602,14,14,112,0,154,inject,/Users/swchen.tw/git/percepio/poc/runs/tcp-workload-matrix-v1/A02-baseline/build/tcp_request_response_irq.o,
by_pc,2147496410,14,14,28,42,14,0,0,0,0,inject,/Users/swchen.tw/git/percepio/poc/runs/tcp-workload-matrix-v1/A02-baseline/build/tcp_request_response_irq.o,
by_pc,2147496412,14,294,588,602,14,14,112,0,154,inject,/Users/swchen.tw/git/percepio/poc/runs/tcp-workload-matrix-v1/A02-baseline/build/tcp_request_response_irq.o,
by_pc,2147496416,14,14,28,42,14,0,0,0,0,inject,/Users/swchen.tw/git/percepio/poc/runs/tcp-workload-matrix-v1/A02-baseline/build/tcp_request_response_irq.o,
by_pc,2147496418,14,14,28,42,14,0,0,0,0,inject,/Users/swchen.tw/git/percepio/poc/runs/tcp-workload-matrix-v1/A02-baseline/build/tcp_request_response_irq.o,
by_pc,2147496420,14,14,28,42,14,0,0,0,0,inject,/Users/swchen.tw/git/percepio/poc/runs/tcp-workload-matrix-v1/A02-baseline/build/tcp_request_response_irq.o,
by_pc,2147501870,42,118,236,278,42,0,40,36,0,pbuf_remove_header,/Users/swchen.tw/git/percepio/poc/runs/tcp-workload-matrix-v1/A02-baseline/build/pbuf.o,
by_pc,2147501872,42,42,84,126,42,0,0,0,0,pbuf_remove_header,/Users/swchen.tw/git/percepio/poc/runs/tcp-workload-matrix-v1/A02-baseline/build/pbuf.o,
by_pc,2147501874,42,42,84,126,42,0,0,0,0,pbuf_remove_header,/Users/swchen.tw/git/percepio/poc/runs/tcp-workload-matrix-v1/A02-baseline/build/pbuf.o,
by_pc,2147501878,42,42,84,126,42,0,0,0,0,pbuf_remove_header,/Users/swchen.tw/git/percepio/poc/runs/tcp-workload-matrix-v1/A02-baseline/build/pbuf.o,
by_pc,2147501880,42,42,84,126,42,0,0,0,0,pbuf_remove_header,/Users/swchen.tw/git/percepio/poc/runs/tcp-workload-matrix-v1/A02-baseline/build/pbuf.o,
by_pc,2147501882,42,84,168,210,42,42,0,0,0,pbuf_remove_header,/Users/swchen.tw/git/percepio/poc/runs/tcp-workload-matrix-v1/A02-baseline/build/pbuf.o,
by_pc,2147501886,42,110,220,262,84,0,8,18,0,pbuf_remove_header,/Users/swchen.tw/git/percepio/poc/runs/tcp-workload-matrix-v1/A02-baseline/build/pbuf.o,
by_pc,2147501890,42,42,84,126,42,0,0,0,0,pbuf_remove_header,/Users/swchen.tw/git/percepio/poc/runs/tcp-workload-matrix-v1/A02-baseline/build/pbuf.o,
by_pc,2147501892,42,42,84,126,42,0,0,0,0,pbuf_remove_header,/Users/swchen.tw/git/percepio/poc/runs/tcp-workload-matrix-v1/A02-baseline/build/pbuf.o,
by_pc,2147501894,42,42,84,126,42,0,0,0,0,pbuf_remove_header,/Users/swchen.tw/git/percepio/poc/runs/tcp-workload-matrix-v1/A02-baseline/build/pbuf.o,
by_pc,2147501898,42,42,84,126,42,0,0,0,0,pbuf_remove_header,/Users/swchen.tw/git/percepio/poc/runs/tcp-workload-matrix-v1/A02-baseline/build/pbuf.o,
by_pc,2147501900,42,84,168,210,42,42,0,0,0,pbuf_remove_header,/Users/swchen.tw/git/percepio/poc/runs/tcp-workload-matrix-v1/A02-baseline/build/pbuf.o,
by_pc,2147501902,42,882,1764,1806,42,42,336,0,462,pbuf_remove_header,/Users/swchen.tw/git/percepio/poc/runs/tcp-workload-matrix-v1/A02-baseline/build/pbuf.o,
by_pc,2147501906,42,84,168,210,42,42,0,0,0,pbuf_remove_header,/Users/swchen.tw/git/percepio/poc/runs/tcp-workload-matrix-v1/A02-baseline/build/pbuf.o,
by_pc,2147501910,42,42,84,126,42,0,0,0,0,pbuf_remove_header,/Users/swchen.tw/git/percepio/poc/runs/tcp-workload-matrix-v1/A02-baseline/build/pbuf.o,
by_pc,2147501912,42,882,1764,1806,42,42,336,0,462,pbuf_remove_header,/Users/swchen.tw/git/percepio/poc/runs/tcp-workload-matrix-v1/A02-baseline/build/pbuf.o,
by_pc,2147501914,42,42,84,126,42,0,0,0,0,pbuf_remove_header,/Users/swchen.tw/git/percepio/poc/runs/tcp-workload-matrix-v1/A02-baseline/build/pbuf.o,
by_pc,2147501916,42,882,1764,1806,42,42,336,0,462,pbuf_remove_header,/Users/swchen.tw/git/percepio/poc/runs/tcp-workload-matrix-v1/A02-baseline/build/pbuf.o,
by_pc,2147501920,42,42,84,126,42,0,0,0,0,pbuf_remove_header,/Users/swchen.tw/git/percepio/poc/runs/tcp-workload-matrix-v1/A02-baseline/build/pbuf.o,
by_pc,2147501922,42,42,84,126,42,0,0,0,0,pbuf_remove_header,/Users/swchen.tw/git/percepio/poc/runs/tcp-workload-matrix-v1/A02-baseline/build/pbuf.o,
by_pc,2147496424,14,14,28,42,14,0,0,0,0,inject,/Users/swchen.tw/git/percepio/poc/runs/tcp-workload-matrix-v1/A02-baseline/build/tcp_request_response_irq.o,
by_pc,2147496442,14,28,56,70,14,14,0,0,0,inject,/Users/swchen.tw/git/percepio/poc/runs/tcp-workload-matrix-v1/A02-baseline/build/tcp_request_response_irq.o,
by_pc,2147496444,14,14,28,42,14,0,0,0,0,inject,/Users/swchen.tw/git/percepio/poc/runs/tcp-workload-matrix-v1/A02-baseline/build/tcp_request_response_irq.o,
by_pc,2147496446,14,88,176,190,28,0,24,36,0,inject,/Users/swchen.tw/git/percepio/poc/runs/tcp-workload-matrix-v1/A02-baseline/build/tcp_request_response_irq.o,
by_pc,2147496450,14,14,28,42,14,0,0,0,0,inject,/Users/swchen.tw/git/percepio/poc/runs/tcp-workload-matrix-v1/A02-baseline/build/tcp_request_response_irq.o,
by_pc,2147496454,14,294,588,602,14,14,112,0,154,inject,/Users/swchen.tw/git/percepio/poc/runs/tcp-workload-matrix-v1/A02-baseline/build/tcp_request_response_irq.o,
by_pc,2147496458,14,14,28,42,14,0,0,0,0,inject,/Users/swchen.tw/git/percepio/poc/runs/tcp-workload-matrix-v1/A02-baseline/build/tcp_request_response_irq.o,
by_pc,2147496460,14,294,588,602,14,14,112,0,154,inject,/Users/swchen.tw/git/percepio/poc/runs/tcp-workload-matrix-v1/A02-baseline/build/tcp_request_response_irq.o,
by_pc,2147496464,14,14,28,42,14,0,0,0,0,inject,/Users/swchen.tw/git/percepio/poc/runs/tcp-workload-matrix-v1/A02-baseline/build/tcp_request_response_irq.o,
by_pc,2147496468,14,14,28,42,14,0,0,0,0,inject,/Users/swchen.tw/git/percepio/poc/runs/tcp-workload-matrix-v1/A02-baseline/build/tcp_request_response_irq.o,
by_pc,2147496472,14,294,588,602,14,14,112,0,154,inject,/Users/swchen.tw/git/percepio/poc/runs/tcp-workload-matrix-v1/A02-baseline/build/tcp_request_response_irq.o,
by_pc,2147496476,14,14,28,42,14,0,0,0,0,inject,/Users/swchen.tw/git/percepio/poc/runs/tcp-workload-matrix-v1/A02-baseline/build/tcp_request_response_irq.o,
by_pc,2147496478,14,294,588,602,14,14,112,0,154,inject,/Users/swchen.tw/git/percepio/poc/runs/tcp-workload-matrix-v1/A02-baseline/build/tcp_request_response_irq.o,
by_pc,2147496482,14,14,28,42,14,0,0,0,0,inject,/Users/swchen.tw/git/percepio/poc/runs/tcp-workload-matrix-v1/A02-baseline/build/tcp_request_response_irq.o,
by_pc,2147496484,14,14,28,42,14,0,0,0,0,inject,/Users/swchen.tw/git/percepio/poc/runs/tcp-workload-matrix-v1/A02-baseline/build/tcp_request_response_irq.o,
by_pc,2147499614,161,161,322,483,161,0,0,0,0,lwip_htonl,/Users/swchen.tw/git/percepio/poc/runs/tcp-workload-matrix-v1/A02-baseline/build/def.o,
by_pc,2147499618,161,161,322,483,161,0,0,0,0,lwip_htonl,/Users/swchen.tw/git/percepio/poc/runs/tcp-workload-matrix-v1/A02-baseline/build/def.o,
by_pc,2147499622,161,161,322,483,161,0,0,0,0,lwip_htonl,/Users/swchen.tw/git/percepio/poc/runs/tcp-workload-matrix-v1/A02-baseline/build/def.o,
by_pc,2147499624,161,161,322,483,161,0,0,0,0,lwip_htonl,/Users/swchen.tw/git/percepio/poc/runs/tcp-workload-matrix-v1/A02-baseline/build/def.o,
by_pc,2147499628,161,161,322,483,161,0,0,0,0,lwip_htonl,/Users/swchen.tw/git/percepio/poc/runs/tcp-workload-matrix-v1/A02-baseline/build/def.o,
by_pc,2147499632,161,161,322,483,161,0,0,0,0,lwip_htonl,/Users/swchen.tw/git/percepio/poc/runs/tcp-workload-matrix-v1/A02-baseline/build/def.o,
by_pc,2147499634,161,161,322,483,161,0,0,0,0,lwip_htonl,/Users/swchen.tw/git/percepio/poc/runs/tcp-workload-matrix-v1/A02-baseline/build/def.o,
by_pc,2147499636,161,161,322,483,161,0,0,0,0,lwip_htonl,/Users/swchen.tw/git/percepio/poc/runs/tcp-workload-matrix-v1/A02-baseline/build/def.o,
by_pc,2147499638,161,161,322,483,161,0,0,0,0,lwip_htonl,/Users/swchen.tw/git/percepio/poc/runs/tcp-workload-matrix-v1/A02-baseline/build/def.o,
by_pc,2147499642,161,161,322,483,161,0,0,0,0,lwip_htonl,/Users/swchen.tw/git/percepio/poc/runs/tcp-workload-matrix-v1/A02-baseline/build/def.o,
by_pc,2147499644,161,161,322,483,161,0,0,0,0,lwip_htonl,/Users/swchen.tw/git/percepio/poc/runs/tcp-workload-matrix-v1/A02-baseline/build/def.o,
by_pc,2147499646,161,161,322,483,161,0,0,0,0,lwip_htonl,/Users/swchen.tw/git/percepio/poc/runs/tcp-workload-matrix-v1/A02-baseline/build/def.o,
by_pc,2147499648,161,169,338,499,161,0,8,0,0,lwip_htonl,/Users/swchen.tw/git/percepio/poc/runs/tcp-workload-matrix-v1/A02-baseline/build/def.o,
by_pc,2147496488,14,14,28,42,14,0,0,0,0,inject,/Users/swchen.tw/git/percepio/poc/runs/tcp-workload-matrix-v1/A02-baseline/build/tcp_request_response_irq.o,
by_pc,2147496492,14,294,588,602,14,14,112,0,154,inject,/Users/swchen.tw/git/percepio/poc/runs/tcp-workload-matrix-v1/A02-baseline/build/tcp_request_response_irq.o,
by_pc,2147496496,14,294,588,602,14,14,112,0,154,inject,/Users/swchen.tw/git/percepio/poc/runs/tcp-workload-matrix-v1/A02-baseline/build/tcp_request_response_irq.o,
by_pc,2147496500,14,14,28,42,14,0,0,0,0,inject,/Users/swchen.tw/git/percepio/poc/runs/tcp-workload-matrix-v1/A02-baseline/build/tcp_request_response_irq.o,
by_pc,2147496504,14,14,28,42,14,0,0,0,0,inject,/Users/swchen.tw/git/percepio/poc/runs/tcp-workload-matrix-v1/A02-baseline/build/tcp_request_response_irq.o,
by_pc,2147496506,14,294,588,602,14,14,112,0,154,inject,/Users/swchen.tw/git/percepio/poc/runs/tcp-workload-matrix-v1/A02-baseline/build/tcp_request_response_irq.o,
by_pc,2147496510,14,342,684,698,28,14,128,18,154,inject,/Users/swchen.tw/git/percepio/poc/runs/tcp-workload-matrix-v1/A02-baseline/build/tcp_request_response_irq.o,
by_pc,2147496514,14,14,28,42,14,0,0,0,0,inject,/Users/swchen.tw/git/percepio/poc/runs/tcp-workload-matrix-v1/A02-baseline/build/tcp_request_response_irq.o,
by_pc,2147496516,14,14,28,42,14,0,0,0,0,inject,/Users/swchen.tw/git/percepio/poc/runs/tcp-workload-matrix-v1/A02-baseline/build/tcp_request_response_irq.o,
by_pc,2147496520,14,14,28,42,14,0,0,0,0,inject,/Users/swchen.tw/git/percepio/poc/runs/tcp-workload-matrix-v1/A02-baseline/build/tcp_request_response_irq.o,
by_pc,2147496524,14,294,588,602,14,14,112,0,154,inject,/Users/swchen.tw/git/percepio/poc/runs/tcp-workload-matrix-v1/A02-baseline/build/tcp_request_response_irq.o,
by_pc,2147496528,14,14,28,42,14,0,0,0,0,inject,/Users/swchen.tw/git/percepio/poc/runs/tcp-workload-matrix-v1/A02-baseline/build/tcp_request_response_irq.o,
by_pc,2147496532,14,294,588,602,14,14,112,0,154,inject,/Users/swchen.tw/git/percepio/poc/runs/tcp-workload-matrix-v1/A02-baseline/build/tcp_request_response_irq.o,
by_pc,2147496536,14,294,588,602,14,14,112,0,154,inject,/Users/swchen.tw/git/percepio/poc/runs/tcp-workload-matrix-v1/A02-baseline/build/tcp_request_response_irq.o,
by_pc,2147496540,14,14,28,42,14,0,0,0,0,inject,/Users/swchen.tw/git/percepio/poc/runs/tcp-workload-matrix-v1/A02-baseline/build/tcp_request_response_irq.o,
by_pc,2147496542,14,28,56,70,14,14,0,0,0,inject,/Users/swchen.tw/git/percepio/poc/runs/tcp-workload-matrix-v1/A02-baseline/build/tcp_request_response_irq.o,
by_pc,2147496546,14,294,588,602,14,14,112,0,154,inject,/Users/swchen.tw/git/percepio/poc/runs/tcp-workload-matrix-v1/A02-baseline/build/tcp_request_response_irq.o,
by_pc,2147496550,14,28,56,70,14,14,0,0,0,inject,/Users/swchen.tw/git/percepio/poc/runs/tcp-workload-matrix-v1/A02-baseline/build/tcp_request_response_irq.o,
by_pc,2147496554,14,14,28,42,14,0,0,0,0,inject,/Users/swchen.tw/git/percepio/poc/runs/tcp-workload-matrix-v1/A02-baseline/build/tcp_request_response_irq.o,
by_pc,2147496556,14,14,28,42,14,0,0,0,0,inject,/Users/swchen.tw/git/percepio/poc/runs/tcp-workload-matrix-v1/A02-baseline/build/tcp_request_response_irq.o,
by_pc,2147496560,14,14,28,42,14,0,0,0,0,inject,/Users/swchen.tw/git/percepio/poc/runs/tcp-workload-matrix-v1/A02-baseline/build/tcp_request_response_irq.o,
by_pc,2147496562,14,14,28,42,14,0,0,0,0,inject,/Users/swchen.tw/git/percepio/poc/runs/tcp-workload-matrix-v1/A02-baseline/build/tcp_request_response_irq.o,
by_pc,2147496566,14,14,28,42,14,0,0,0,0,inject,/Users/swchen.tw/git/percepio/poc/runs/tcp-workload-matrix-v1/A02-baseline/build/tcp_request_response_irq.o,
by_pc,2147496568,14,14,28,42,14,0,0,0,0,inject,/Users/swchen.tw/git/percepio/poc/runs/tcp-workload-matrix-v1/A02-baseline/build/tcp_request_response_irq.o,
by_pc,2147496572,14,14,28,42,14,0,0,0,0,inject,/Users/swchen.tw/git/percepio/poc/runs/tcp-workload-matrix-v1/A02-baseline/build/tcp_request_response_irq.o,
by_pc,2147496576,14,138,276,290,14,0,88,36,0,inject,/Users/swchen.tw/git/percepio/poc/runs/tcp-workload-matrix-v1/A02-baseline/build/tcp_request_response_irq.o,
by_pc,2147496580,14,14,28,42,14,0,0,0,0,inject,/Users/swchen.tw/git/percepio/poc/runs/tcp-workload-matrix-v1/A02-baseline/build/tcp_request_response_irq.o,
by_pc,2147496584,14,14,28,42,14,0,0,0,0,inject,/Users/swchen.tw/git/percepio/poc/runs/tcp-workload-matrix-v1/A02-baseline/build/tcp_request_response_irq.o,
by_pc,2147496586,14,294,588,602,14,14,112,0,154,inject,/Users/swchen.tw/git/percepio/poc/runs/tcp-workload-matrix-v1/A02-baseline/build/tcp_request_response_irq.o,
by_pc,2147496590,14,14,28,42,14,0,0,0,0,inject,/Users/swchen.tw/git/percepio/poc/runs/tcp-workload-matrix-v1/A02-baseline/build/tcp_request_response_irq.o,
by_pc,2147496594,14,294,588,602,14,14,112,0,154,inject,/Users/swchen.tw/git/percepio/poc/runs/tcp-workload-matrix-v1/A02-baseline/build/tcp_request_response_irq.o,
by_pc,2147496598,14,14,28,42,14,0,0,0,0,inject,/Users/swchen.tw/git/percepio/poc/runs/tcp-workload-matrix-v1/A02-baseline/build/tcp_request_response_irq.o,
by_pc,2147496600,14,14,28,42,14,0,0,0,0,inject,/Users/swchen.tw/git/percepio/poc/runs/tcp-workload-matrix-v1/A02-baseline/build/tcp_request_response_irq.o,
by_pc,2147496604,14,14,28,42,14,0,0,0,0,inject,/Users/swchen.tw/git/percepio/poc/runs/tcp-workload-matrix-v1/A02-baseline/build/tcp_request_response_irq.o,
by_pc,2147496606,14,14,28,42,14,0,0,0,0,inject,/Users/swchen.tw/git/percepio/poc/runs/tcp-workload-matrix-v1/A02-baseline/build/tcp_request_response_irq.o,
by_pc,2147496610,14,14,28,42,14,0,0,0,0,inject,/Users/swchen.tw/git/percepio/poc/runs/tcp-workload-matrix-v1/A02-baseline/build/tcp_request_response_irq.o,
by_pc,2147496614,14,14,28,42,14,0,0,0,0,inject,/Users/swchen.tw/git/percepio/poc/runs/tcp-workload-matrix-v1/A02-baseline/build/tcp_request_response_irq.o,
by_pc,2147496618,14,294,588,602,14,14,112,0,154,inject,/Users/swchen.tw/git/percepio/poc/runs/tcp-workload-matrix-v1/A02-baseline/build/tcp_request_response_irq.o,
by_pc,2147496622,14,14,28,42,14,0,0,0,0,inject,/Users/swchen.tw/git/percepio/poc/runs/tcp-workload-matrix-v1/A02-baseline/build/tcp_request_response_irq.o,
by_pc,2147496624,14,294,588,602,14,14,112,0,154,inject,/Users/swchen.tw/git/percepio/poc/runs/tcp-workload-matrix-v1/A02-baseline/build/tcp_request_response_irq.o,
by_pc,2147496628,14,14,28,42,14,0,0,0,0,inject,/Users/swchen.tw/git/percepio/poc/runs/tcp-workload-matrix-v1/A02-baseline/build/tcp_request_response_irq.o,
by_pc,2147496630,14,14,28,42,14,0,0,0,0,inject,/Users/swchen.tw/git/percepio/poc/runs/tcp-workload-matrix-v1/A02-baseline/build/tcp_request_response_irq.o,
by_pc,2147496634,14,14,28,42,14,0,0,0,0,inject,/Users/swchen.tw/git/percepio/poc/runs/tcp-workload-matrix-v1/A02-baseline/build/tcp_request_response_irq.o,
by_pc,2147496638,14,456,912,926,28,14,224,36,154,inject,/Users/swchen.tw/git/percepio/poc/runs/tcp-workload-matrix-v1/A02-baseline/build/tcp_request_response_irq.o,
by_pc,2147496642,14,14,28,42,14,0,0,0,0,inject,/Users/swchen.tw/git/percepio/poc/runs/tcp-workload-matrix-v1/A02-baseline/build/tcp_request_response_irq.o,
by_pc,2147496644,14,294,588,602,14,14,112,0,154,inject,/Users/swchen.tw/git/percepio/poc/runs/tcp-workload-matrix-v1/A02-baseline/build/tcp_request_response_irq.o,
by_pc,2147496648,14,14,28,42,14,0,0,0,0,inject,/Users/swchen.tw/git/percepio/poc/runs/tcp-workload-matrix-v1/A02-baseline/build/tcp_request_response_irq.o,
by_pc,2147496652,1,1,2,3,1,0,0,0,0,inject,/Users/swchen.tw/git/percepio/poc/runs/tcp-workload-matrix-v1/A02-baseline/build/tcp_request_response_irq.o,
by_pc,2147496654,1,21,42,43,1,1,8,0,11,inject,/Users/swchen.tw/git/percepio/poc/runs/tcp-workload-matrix-v1/A02-baseline/build/tcp_request_response_irq.o,
by_pc,2147496658,1,1,2,3,1,0,0,0,0,inject,/Users/swchen.tw/git/percepio/poc/runs/tcp-workload-matrix-v1/A02-baseline/build/tcp_request_response_irq.o,
by_pc,2147496660,1,21,42,43,1,1,8,0,11,inject,/Users/swchen.tw/git/percepio/poc/runs/tcp-workload-matrix-v1/A02-baseline/build/tcp_request_response_irq.o,
by_pc,2147496664,1,1,2,3,1,0,0,0,0,inject,/Users/swchen.tw/git/percepio/poc/runs/tcp-workload-matrix-v1/A02-baseline/build/tcp_request_response_irq.o,
by_pc,2147496666,1,21,42,43,1,1,8,0,11,inject,/Users/swchen.tw/git/percepio/poc/runs/tcp-workload-matrix-v1/A02-baseline/build/tcp_request_response_irq.o,
by_pc,2147496670,1,1,2,3,1,0,0,0,0,inject,/Users/swchen.tw/git/percepio/poc/runs/tcp-workload-matrix-v1/A02-baseline/build/tcp_request_response_irq.o,
by_pc,2147496674,1,21,42,43,1,1,8,0,11,inject,/Users/swchen.tw/git/percepio/poc/runs/tcp-workload-matrix-v1/A02-baseline/build/tcp_request_response_irq.o,
by_pc,2147496678,14,14,28,42,14,0,0,0,0,inject,/Users/swchen.tw/git/percepio/poc/runs/tcp-workload-matrix-v1/A02-baseline/build/tcp_request_response_irq.o,
by_pc,2147496696,14,28,56,70,14,14,0,0,0,inject,/Users/swchen.tw/git/percepio/poc/runs/tcp-workload-matrix-v1/A02-baseline/build/tcp_request_response_irq.o,
by_pc,2147496700,14,14,28,42,14,0,0,0,0,inject,/Users/swchen.tw/git/percepio/poc/runs/tcp-workload-matrix-v1/A02-baseline/build/tcp_request_response_irq.o,
by_pc,2147496702,14,158,316,330,28,0,112,18,0,inject,/Users/swchen.tw/git/percepio/poc/runs/tcp-workload-matrix-v1/A02-baseline/build/tcp_request_response_irq.o,
by_pc,2147496706,14,14,28,42,14,0,0,0,0,inject,/Users/swchen.tw/git/percepio/poc/runs/tcp-workload-matrix-v1/A02-baseline/build/tcp_request_response_irq.o,
by_pc,2147496710,14,14,28,42,14,0,0,0,0,inject,/Users/swchen.tw/git/percepio/poc/runs/tcp-workload-matrix-v1/A02-baseline/build/tcp_request_response_irq.o,
by_pc,2147496712,14,14,28,42,14,0,0,0,0,inject,/Users/swchen.tw/git/percepio/poc/runs/tcp-workload-matrix-v1/A02-baseline/build/tcp_request_response_irq.o,
by_pc,2147499814,39,111,222,261,39,0,72,0,0,inet_chksum_pseudo,/Users/swchen.tw/git/percepio/poc/runs/tcp-workload-matrix-v1/A02-baseline/build/inet_chksum.o,
by_pc,2147499816,39,819,1638,1677,39,39,312,0,429,inet_chksum_pseudo,/Users/swchen.tw/git/percepio/poc/runs/tcp-workload-matrix-v1/A02-baseline/build/inet_chksum.o,
by_pc,2147499818,39,819,1638,1677,39,39,312,0,429,inet_chksum_pseudo,/Users/swchen.tw/git/percepio/poc/runs/tcp-workload-matrix-v1/A02-baseline/build/inet_chksum.o,
by_pc,2147499820,39,819,1638,1677,39,39,312,0,429,inet_chksum_pseudo,/Users/swchen.tw/git/percepio/poc/runs/tcp-workload-matrix-v1/A02-baseline/build/inet_chksum.o,
by_pc,2147499822,39,837,1674,1713,39,39,312,18,429,inet_chksum_pseudo,/Users/swchen.tw/git/percepio/poc/runs/tcp-workload-matrix-v1/A02-baseline/build/inet_chksum.o,
by_pc,2147499824,39,819,1638,1677,39,39,312,0,429,inet_chksum_pseudo,/Users/swchen.tw/git/percepio/poc/runs/tcp-workload-matrix-v1/A02-baseline/build/inet_chksum.o,
by_pc,2147499826,39,819,1638,1677,39,39,312,0,429,inet_chksum_pseudo,/Users/swchen.tw/git/percepio/poc/runs/tcp-workload-matrix-v1/A02-baseline/build/inet_chksum.o,
by_pc,2147499828,39,78,156,195,39,39,0,0,0,inet_chksum_pseudo,/Users/swchen.tw/git/percepio/poc/runs/tcp-workload-matrix-v1/A02-baseline/build/inet_chksum.o,
by_pc,2147499830,39,78,156,195,39,39,0,0,0,inet_chksum_pseudo,/Users/swchen.tw/git/percepio/poc/runs/tcp-workload-matrix-v1/A02-baseline/build/inet_chksum.o,
by_pc,2147499832,39,39,78,117,39,0,0,0,0,inet_chksum_pseudo,/Users/swchen.tw/git/percepio/poc/runs/tcp-workload-matrix-v1/A02-baseline/build/inet_chksum.o,
by_pc,2147499834,39,39,78,117,39,0,0,0,0,inet_chksum_pseudo,/Users/swchen.tw/git/percepio/poc/runs/tcp-workload-matrix-v1/A02-baseline/build/inet_chksum.o,
by_pc,2147499836,39,39,78,117,39,0,0,0,0,inet_chksum_pseudo,/Users/swchen.tw/git/percepio/poc/runs/tcp-workload-matrix-v1/A02-baseline/build/inet_chksum.o,
by_pc,2147499840,39,161,322,361,39,0,104,18,0,inet_chksum_pseudo,/Users/swchen.tw/git/percepio/poc/runs/tcp-workload-matrix-v1/A02-baseline/build/inet_chksum.o,
by_pc,2147499842,39,39,78,117,39,0,0,0,0,inet_chksum_pseudo,/Users/swchen.tw/git/percepio/poc/runs/tcp-workload-matrix-v1/A02-baseline/build/inet_chksum.o,
by_pc,2147499844,39,39,78,117,39,0,0,0,0,inet_chksum_pseudo,/Users/swchen.tw/git/percepio/poc/runs/tcp-workload-matrix-v1/A02-baseline/build/inet_chksum.o,
by_pc,2147499846,39,39,78,117,39,0,0,0,0,inet_chksum_pseudo,/Users/swchen.tw/git/percepio/poc/runs/tcp-workload-matrix-v1/A02-baseline/build/inet_chksum.o,
by_pc,2147499850,39,39,78,117,39,0,0,0,0,inet_chksum_pseudo,/Users/swchen.tw/git/percepio/poc/runs/tcp-workload-matrix-v1/A02-baseline/build/inet_chksum.o,
by_pc,2147499852,39,39,78,117,39,0,0,0,0,inet_chksum_pseudo,/Users/swchen.tw/git/percepio/poc/runs/tcp-workload-matrix-v1/A02-baseline/build/inet_chksum.o,
by_pc,2147499854,39,39,78,117,39,0,0,0,0,inet_chksum_pseudo,/Users/swchen.tw/git/percepio/poc/runs/tcp-workload-matrix-v1/A02-baseline/build/inet_chksum.o,
by_pc,2147499856,39,39,78,117,39,0,0,0,0,inet_chksum_pseudo,/Users/swchen.tw/git/percepio/poc/runs/tcp-workload-matrix-v1/A02-baseline/build/inet_chksum.o,
by_pc,2147499858,39,39,78,117,39,0,0,0,0,inet_chksum_pseudo,/Users/swchen.tw/git/percepio/poc/runs/tcp-workload-matrix-v1/A02-baseline/build/inet_chksum.o,
by_pc,2147499862,39,39,78,117,39,0,0,0,0,inet_chksum_pseudo,/Users/swchen.tw/git/percepio/poc/runs/tcp-workload-matrix-v1/A02-baseline/build/inet_chksum.o,
by_pc,2147499864,39,39,78,117,39,0,0,0,0,inet_chksum_pseudo,/Users/swchen.tw/git/percepio/poc/runs/tcp-workload-matrix-v1/A02-baseline/build/inet_chksum.o,
by_pc,2147499866,39,39,78,117,39,0,0,0,0,inet_chksum_pseudo,/Users/swchen.tw/git/percepio/poc/runs/tcp-workload-matrix-v1/A02-baseline/build/inet_chksum.o,
by_pc,2147499868,39,39,78,117,39,0,0,0,0,inet_chksum_pseudo,/Users/swchen.tw/git/percepio/poc/runs/tcp-workload-matrix-v1/A02-baseline/build/inet_chksum.o,
by_pc,2147499872,39,39,78,117,39,0,0,0,0,inet_chksum_pseudo,/Users/swchen.tw/git/percepio/poc/runs/tcp-workload-matrix-v1/A02-baseline/build/inet_chksum.o,
by_pc,2147499874,39,39,78,117,39,0,0,0,0,inet_chksum_pseudo,/Users/swchen.tw/git/percepio/poc/runs/tcp-workload-matrix-v1/A02-baseline/build/inet_chksum.o,
by_pc,2147499876,39,39,78,117,39,0,0,0,0,inet_chksum_pseudo,/Users/swchen.tw/git/percepio/poc/runs/tcp-workload-matrix-v1/A02-baseline/build/inet_chksum.o,
by_pc,2147499878,39,39,78,117,39,0,0,0,0,inet_chksum_pseudo,/Users/swchen.tw/git/percepio/poc/runs/tcp-workload-matrix-v1/A02-baseline/build/inet_chksum.o,
by_pc,2147499880,39,39,78,117,39,0,0,0,0,inet_chksum_pseudo,/Users/swchen.tw/git/percepio/poc/runs/tcp-workload-matrix-v1/A02-baseline/build/inet_chksum.o,
by_pc,2147499882,90,90,180,270,90,0,0,0,0,inet_chksum_pseudo,/Users/swchen.tw/git/percepio/poc/runs/tcp-workload-matrix-v1/A02-baseline/build/inet_chksum.o,
by_pc,2147499964,51,152,304,355,51,51,32,18,0,inet_chksum_pseudo,/Users/swchen.tw/git/percepio/poc/runs/tcp-workload-matrix-v1/A02-baseline/build/inet_chksum.o,
by_pc,2147499968,51,102,204,255,51,51,0,0,0,inet_chksum_pseudo,/Users/swchen.tw/git/percepio/poc/runs/tcp-workload-matrix-v1/A02-baseline/build/inet_chksum.o,
by_pc,2147499970,51,1089,2178,2229,51,51,408,18,561,inet_chksum_pseudo,/Users/swchen.tw/git/percepio/poc/runs/tcp-workload-matrix-v1/A02-baseline/build/inet_chksum.o,
by_pc,2147499972,51,51,102,153,51,0,0,0,0,inet_chksum_pseudo,/Users/swchen.tw/git/percepio/poc/runs/tcp-workload-matrix-v1/A02-baseline/build/inet_chksum.o,
by_pc,2147499976,51,102,204,255,51,51,0,0,0,inet_chksum_pseudo,/Users/swchen.tw/git/percepio/poc/runs/tcp-workload-matrix-v1/A02-baseline/build/inet_chksum.o,
by_pc,2147499978,51,51,102,153,51,0,0,0,0,inet_chksum_pseudo,/Users/swchen.tw/git/percepio/poc/runs/tcp-workload-matrix-v1/A02-baseline/build/inet_chksum.o,
by_pc,2147499980,51,51,102,153,51,0,0,0,0,inet_chksum_pseudo,/Users/swchen.tw/git/percepio/poc/runs/tcp-workload-matrix-v1/A02-baseline/build/inet_chksum.o,
by_pc,2147499984,51,51,102,153,51,0,0,0,0,inet_chksum_pseudo,/Users/swchen.tw/git/percepio/poc/runs/tcp-workload-matrix-v1/A02-baseline/build/inet_chksum.o,
by_pc,2147499986,51,51,102,153,51,0,0,0,0,inet_chksum_pseudo,/Users/swchen.tw/git/percepio/poc/runs/tcp-workload-matrix-v1/A02-baseline/build/inet_chksum.o,
by_pc,2147499988,51,51,102,153,51,0,0,0,0,inet_chksum_pseudo,/Users/swchen.tw/git/percepio/poc/runs/tcp-workload-matrix-v1/A02-baseline/build/inet_chksum.o,
by_pc,2147499990,51,51,102,153,51,0,0,0,0,inet_chksum_pseudo,/Users/swchen.tw/git/percepio/poc/runs/tcp-workload-matrix-v1/A02-baseline/build/inet_chksum.o,
by_pc,2147499992,51,51,102,153,51,0,0,0,0,inet_chksum_pseudo,/Users/swchen.tw/git/percepio/poc/runs/tcp-workload-matrix-v1/A02-baseline/build/inet_chksum.o,
by_pc,2147500012,51,102,204,255,51,51,0,0,0,inet_chksum_pseudo,/Users/swchen.tw/git/percepio/poc/runs/tcp-workload-matrix-v1/A02-baseline/build/inet_chksum.o,
by_pc,2147500014,51,51,102,153,51,0,0,0,0,inet_chksum_pseudo,/Users/swchen.tw/git/percepio/poc/runs/tcp-workload-matrix-v1/A02-baseline/build/inet_chksum.o,
by_pc,2147499884,39,39,78,117,39,0,0,0,0,inet_chksum_pseudo,/Users/swchen.tw/git/percepio/poc/runs/tcp-workload-matrix-v1/A02-baseline/build/inet_chksum.o,
by_pc,2147499902,39,39,78,117,39,0,0,0,0,inet_chksum_pseudo,/Users/swchen.tw/git/percepio/poc/runs/tcp-workload-matrix-v1/A02-baseline/build/inet_chksum.o,
by_pc,2147499904,39,39,78,117,39,0,0,0,0,inet_chksum_pseudo,/Users/swchen.tw/git/percepio/poc/runs/tcp-workload-matrix-v1/A02-baseline/build/inet_chksum.o,
by_pc,2147499908,39,39,78,117,39,0,0,0,0,inet_chksum_pseudo,/Users/swchen.tw/git/percepio/poc/runs/tcp-workload-matrix-v1/A02-baseline/build/inet_chksum.o,
by_pc,2147499910,39,39,78,117,39,0,0,0,0,inet_chksum_pseudo,/Users/swchen.tw/git/percepio/poc/runs/tcp-workload-matrix-v1/A02-baseline/build/inet_chksum.o,
by_pc,2147499912,39,39,78,117,39,0,0,0,0,inet_chksum_pseudo,/Users/swchen.tw/git/percepio/poc/runs/tcp-workload-matrix-v1/A02-baseline/build/inet_chksum.o,
by_pc,2147499916,39,39,78,117,39,0,0,0,0,inet_chksum_pseudo,/Users/swchen.tw/git/percepio/poc/runs/tcp-workload-matrix-v1/A02-baseline/build/inet_chksum.o,
by_pc,2147499918,39,39,78,117,39,0,0,0,0,inet_chksum_pseudo,/Users/swchen.tw/git/percepio/poc/runs/tcp-workload-matrix-v1/A02-baseline/build/inet_chksum.o,
by_pc,2147499920,39,39,78,117,39,0,0,0,0,inet_chksum_pseudo,/Users/swchen.tw/git/percepio/poc/runs/tcp-workload-matrix-v1/A02-baseline/build/inet_chksum.o,
by_pc,2147499924,39,39,78,117,39,0,0,0,0,inet_chksum_pseudo,/Users/swchen.tw/git/percepio/poc/runs/tcp-workload-matrix-v1/A02-baseline/build/inet_chksum.o,
by_pc,2147499926,39,39,78,117,39,0,0,0,0,inet_chksum_pseudo,/Users/swchen.tw/git/percepio/poc/runs/tcp-workload-matrix-v1/A02-baseline/build/inet_chksum.o,
by_pc,2147499928,39,39,78,117,39,0,0,0,0,inet_chksum_pseudo,/Users/swchen.tw/git/percepio/poc/runs/tcp-workload-matrix-v1/A02-baseline/build/inet_chksum.o,
by_pc,2147499930,39,39,78,117,39,0,0,0,0,inet_chksum_pseudo,/Users/swchen.tw/git/percepio/poc/runs/tcp-workload-matrix-v1/A02-baseline/build/inet_chksum.o,
by_pc,2147499934,39,39,78,117,39,0,0,0,0,inet_chksum_pseudo,/Users/swchen.tw/git/percepio/poc/runs/tcp-workload-matrix-v1/A02-baseline/build/inet_chksum.o,
by_pc,2147499936,39,39,78,117,39,0,0,0,0,inet_chksum_pseudo,/Users/swchen.tw/git/percepio/poc/runs/tcp-workload-matrix-v1/A02-baseline/build/inet_chksum.o,
by_pc,2147499938,39,78,156,195,39,39,0,0,0,inet_chksum_pseudo,/Users/swchen.tw/git/percepio/poc/runs/tcp-workload-matrix-v1/A02-baseline/build/inet_chksum.o,
by_pc,2147499940,39,78,156,195,39,39,0,0,0,inet_chksum_pseudo,/Users/swchen.tw/git/percepio/poc/runs/tcp-workload-matrix-v1/A02-baseline/build/inet_chksum.o,
by_pc,2147499942,39,39,78,117,39,0,0,0,0,inet_chksum_pseudo,/Users/swchen.tw/git/percepio/poc/runs/tcp-workload-matrix-v1/A02-baseline/build/inet_chksum.o,
by_pc,2147499944,39,39,78,117,39,0,0,0,0,inet_chksum_pseudo,/Users/swchen.tw/git/percepio/poc/runs/tcp-workload-matrix-v1/A02-baseline/build/inet_chksum.o,
by_pc,2147499948,39,39,78,117,39,0,0,0,0,inet_chksum_pseudo,/Users/swchen.tw/git/percepio/poc/runs/tcp-workload-matrix-v1/A02-baseline/build/inet_chksum.o,
by_pc,2147499950,39,78,156,195,39,39,0,0,0,inet_chksum_pseudo,/Users/swchen.tw/git/percepio/poc/runs/tcp-workload-matrix-v1/A02-baseline/build/inet_chksum.o,
by_pc,2147499952,39,78,156,195,39,39,0,0,0,inet_chksum_pseudo,/Users/swchen.tw/git/percepio/poc/runs/tcp-workload-matrix-v1/A02-baseline/build/inet_chksum.o,
by_pc,2147499954,39,78,156,195,39,39,0,0,0,inet_chksum_pseudo,/Users/swchen.tw/git/percepio/poc/runs/tcp-workload-matrix-v1/A02-baseline/build/inet_chksum.o,
by_pc,2147499956,39,78,156,195,39,39,0,0,0,inet_chksum_pseudo,/Users/swchen.tw/git/percepio/poc/runs/tcp-workload-matrix-v1/A02-baseline/build/inet_chksum.o,
by_pc,2147499958,39,39,78,117,39,0,0,0,0,inet_chksum_pseudo,/Users/swchen.tw/git/percepio/poc/runs/tcp-workload-matrix-v1/A02-baseline/build/inet_chksum.o,
by_pc,2147499960,39,39,78,117,39,0,0,0,0,inet_chksum_pseudo,/Users/swchen.tw/git/percepio/poc/runs/tcp-workload-matrix-v1/A02-baseline/build/inet_chksum.o,
by_pc,2147499962,39,39,78,117,39,0,0,0,0,inet_chksum_pseudo,/Users/swchen.tw/git/percepio/poc/runs/tcp-workload-matrix-v1/A02-baseline/build/inet_chksum.o,
by_pc,2147496716,14,294,588,602,14,14,112,0,154,inject,/Users/swchen.tw/git/percepio/poc/runs/tcp-workload-matrix-v1/A02-baseline/build/tcp_request_response_irq.o,
by_pc,2147496720,14,14,28,42,14,0,0,0,0,inject,/Users/swchen.tw/git/percepio/poc/runs/tcp-workload-matrix-v1/A02-baseline/build/tcp_request_response_irq.o,
by_pc,2147496722,14,294,588,602,14,14,112,0,154,inject,/Users/swchen.tw/git/percepio/poc/runs/tcp-workload-matrix-v1/A02-baseline/build/tcp_request_response_irq.o,
by_pc,2147496726,14,14,28,42,14,0,0,0,0,inject,/Users/swchen.tw/git/percepio/poc/runs/tcp-workload-matrix-v1/A02-baseline/build/tcp_request_response_irq.o,
by_pc,2147496728,14,14,28,42,14,0,0,0,0,inject,/Users/swchen.tw/git/percepio/poc/runs/tcp-workload-matrix-v1/A02-baseline/build/tcp_request_response_irq.o,
by_pc,2147496730,14,14,28,42,14,0,0,0,0,inject,/Users/swchen.tw/git/percepio/poc/runs/tcp-workload-matrix-v1/A02-baseline/build/tcp_request_response_irq.o,
by_pc,2147501864,35,35,70,105,35,0,0,0,0,pbuf_add_header,/Users/swchen.tw/git/percepio/poc/runs/tcp-workload-matrix-v1/A02-baseline/build/pbuf.o,
by_pc,2147501866,35,35,70,105,35,0,0,0,0,pbuf_add_header,/Users/swchen.tw/git/percepio/poc/runs/tcp-workload-matrix-v1/A02-baseline/build/pbuf.o,
by_pc,2147501710,35,173,346,381,35,0,120,18,0,pbuf_add_header_impl,/Users/swchen.tw/git/percepio/poc/runs/tcp-workload-matrix-v1/A02-baseline/build/pbuf.o,
by_pc,2147501712,35,35,70,105,35,0,0,0,0,pbuf_add_header_impl,/Users/swchen.tw/git/percepio/poc/runs/tcp-workload-matrix-v1/A02-baseline/build/pbuf.o,
by_pc,2147501714,35,35,70,105,35,0,0,0,0,pbuf_add_header_impl,/Users/swchen.tw/git/percepio/poc/runs/tcp-workload-matrix-v1/A02-baseline/build/pbuf.o,
by_pc,2147501718,35,35,70,105,35,0,0,0,0,pbuf_add_header_impl,/Users/swchen.tw/git/percepio/poc/runs/tcp-workload-matrix-v1/A02-baseline/build/pbuf.o,
by_pc,2147501720,35,35,70,105,35,0,0,0,0,pbuf_add_header_impl,/Users/swchen.tw/git/percepio/poc/runs/tcp-workload-matrix-v1/A02-baseline/build/pbuf.o,
by_pc,2147501722,35,70,140,175,35,35,0,0,0,pbuf_add_header_impl,/Users/swchen.tw/git/percepio/poc/runs/tcp-workload-matrix-v1/A02-baseline/build/pbuf.o,
by_pc,2147501726,35,35,70,105,35,0,0,0,0,pbuf_add_header_impl,/Users/swchen.tw/git/percepio/poc/runs/tcp-workload-matrix-v1/A02-baseline/build/pbuf.o,
by_pc,2147501730,35,35,70,105,35,0,0,0,0,pbuf_add_header_impl,/Users/swchen.tw/git/percepio/poc/runs/tcp-workload-matrix-v1/A02-baseline/build/pbuf.o,
by_pc,2147501732,35,35,70,105,35,0,0,0,0,pbuf_add_header_impl,/Users/swchen.tw/git/percepio/poc/runs/tcp-workload-matrix-v1/A02-baseline/build/pbuf.o,
by_pc,2147501734,35,35,70,105,35,0,0,0,0,pbuf_add_header_impl,/Users/swchen.tw/git/percepio/poc/runs/tcp-workload-matrix-v1/A02-baseline/build/pbuf.o,
by_pc,2147501736,35,35,70,105,35,0,0,0,0,pbuf_add_header_impl,/Users/swchen.tw/git/percepio/poc/runs/tcp-workload-matrix-v1/A02-baseline/build/pbuf.o,
by_pc,2147501738,35,35,70,105,35,0,0,0,0,pbuf_add_header_impl,/Users/swchen.tw/git/percepio/poc/runs/tcp-workload-matrix-v1/A02-baseline/build/pbuf.o,
by_pc,2147501740,35,35,70,105,35,0,0,0,0,pbuf_add_header_impl,/Users/swchen.tw/git/percepio/poc/runs/tcp-workload-matrix-v1/A02-baseline/build/pbuf.o,
by_pc,2147501744,35,70,140,175,35,35,0,0,0,pbuf_add_header_impl,/Users/swchen.tw/git/percepio/poc/runs/tcp-workload-matrix-v1/A02-baseline/build/pbuf.o,
by_pc,2147501748,35,35,70,105,35,0,0,0,0,pbuf_add_header_impl,/Users/swchen.tw/git/percepio/poc/runs/tcp-workload-matrix-v1/A02-baseline/build/pbuf.o,
by_pc,2147501752,35,70,140,175,35,35,0,0,0,pbuf_add_header_impl,/Users/swchen.tw/git/percepio/poc/runs/tcp-workload-matrix-v1/A02-baseline/build/pbuf.o,
by_pc,2147501754,35,35,70,105,35,0,0,0,0,pbuf_add_header_impl,/Users/swchen.tw/git/percepio/poc/runs/tcp-workload-matrix-v1/A02-baseline/build/pbuf.o,
by_pc,2147501756,35,35,70,105,35,0,0,0,0,pbuf_add_header_impl,/Users/swchen.tw/git/percepio/poc/runs/tcp-workload-matrix-v1/A02-baseline/build/pbuf.o,
by_pc,2147501760,35,109,218,253,35,0,56,18,0,pbuf_add_header_impl,/Users/swchen.tw/git/percepio/poc/runs/tcp-workload-matrix-v1/A02-baseline/build/pbuf.o,
by_pc,2147501764,35,35,70,105,35,0,0,0,0,pbuf_add_header_impl,/Users/swchen.tw/git/percepio/poc/runs/tcp-workload-matrix-v1/A02-baseline/build/pbuf.o,
by_pc,2147501780,35,70,140,175,35,35,0,0,0,pbuf_add_header_impl,/Users/swchen.tw/git/percepio/poc/runs/tcp-workload-matrix-v1/A02-baseline/build/pbuf.o,
by_pc,2147501784,35,735,1470,1505,35,35,280,0,385,pbuf_add_header_impl,/Users/swchen.tw/git/percepio/poc/runs/tcp-workload-matrix-v1/A02-baseline/build/pbuf.o,
by_pc,2147501786,35,735,1470,1505,35,35,280,0,385,pbuf_add_header_impl,/Users/swchen.tw/git/percepio/poc/runs/tcp-workload-matrix-v1/A02-baseline/build/pbuf.o,
by_pc,2147501790,35,35,70,105,35,0,0,0,0,pbuf_add_header_impl,/Users/swchen.tw/git/percepio/poc/runs/tcp-workload-matrix-v1/A02-baseline/build/pbuf.o,
by_pc,2147501792,35,735,1470,1505,35,35,280,0,385,pbuf_add_header_impl,/Users/swchen.tw/git/percepio/poc/runs/tcp-workload-matrix-v1/A02-baseline/build/pbuf.o,
by_pc,2147501796,35,35,70,105,35,0,0,0,0,pbuf_add_header_impl,/Users/swchen.tw/git/percepio/poc/runs/tcp-workload-matrix-v1/A02-baseline/build/pbuf.o,
by_pc,2147501798,35,35,70,105,35,0,0,0,0,pbuf_add_header_impl,/Users/swchen.tw/git/percepio/poc/runs/tcp-workload-matrix-v1/A02-baseline/build/pbuf.o,
by_pc,2147496734,14,14,28,42,14,0,0,0,0,inject,/Users/swchen.tw/git/percepio/poc/runs/tcp-workload-matrix-v1/A02-baseline/build/tcp_request_response_irq.o,
by_pc,2147496752,14,14,28,42,14,0,0,0,0,inject,/Users/swchen.tw/git/percepio/poc/runs/tcp-workload-matrix-v1/A02-baseline/build/tcp_request_response_irq.o,
by_pc,2147496954,14,104,208,222,14,0,72,18,0,inject,/Users/swchen.tw/git/percepio/poc/runs/tcp-workload-matrix-v1/A02-baseline/build/tcp_request_response_irq.o,
by_pc,2147496956,14,14,28,42,14,0,0,0,0,inject,/Users/swchen.tw/git/percepio/poc/runs/tcp-workload-matrix-v1/A02-baseline/build/tcp_request_response_irq.o,
by_pc,2147496958,14,62,124,138,28,0,16,18,0,inject,/Users/swchen.tw/git/percepio/poc/runs/tcp-workload-matrix-v1/A02-baseline/build/tcp_request_response_irq.o,
by_pc,2147495428,25,83,166,191,25,0,40,18,0,snapshot,/Users/swchen.tw/git/percepio/poc/runs/tcp-workload-matrix-v1/A02-baseline/build/tcp_request_response_irq.o,
by_pc,2147495430,25,525,1050,1075,25,25,200,0,275,snapshot,/Users/swchen.tw/git/percepio/poc/runs/tcp-workload-matrix-v1/A02-baseline/build/tcp_request_response_irq.o,
by_pc,2147495432,25,525,1050,1075,25,25,200,0,275,snapshot,/Users/swchen.tw/git/percepio/poc/runs/tcp-workload-matrix-v1/A02-baseline/build/tcp_request_response_irq.o,
by_pc,2147495434,25,525,1050,1075,25,25,200,0,275,snapshot,/Users/swchen.tw/git/percepio/poc/runs/tcp-workload-matrix-v1/A02-baseline/build/tcp_request_response_irq.o,
by_pc,2147495436,25,525,1050,1075,25,25,200,0,275,snapshot,/Users/swchen.tw/git/percepio/poc/runs/tcp-workload-matrix-v1/A02-baseline/build/tcp_request_response_irq.o,
by_pc,2147495438,25,25,50,75,25,0,0,0,0,snapshot,/Users/swchen.tw/git/percepio/poc/runs/tcp-workload-matrix-v1/A02-baseline/build/tcp_request_response_irq.o,
by_pc,2147495442,25,50,100,125,25,25,0,0,0,snapshot,/Users/swchen.tw/git/percepio/poc/runs/tcp-workload-matrix-v1/A02-baseline/build/tcp_request_response_irq.o,
by_pc,2147495444,25,25,50,75,25,0,0,0,0,snapshot,/Users/swchen.tw/git/percepio/poc/runs/tcp-workload-matrix-v1/A02-baseline/build/tcp_request_response_irq.o,
by_pc,2147495446,25,25,50,75,25,0,0,0,0,snapshot,/Users/swchen.tw/git/percepio/poc/runs/tcp-workload-matrix-v1/A02-baseline/build/tcp_request_response_irq.o,
by_pc,2147495448,25,25,50,75,25,0,0,0,0,snapshot,/Users/swchen.tw/git/percepio/poc/runs/tcp-workload-matrix-v1/A02-baseline/build/tcp_request_response_irq.o,
by_pc,2147495450,25,25,50,75,25,0,0,0,0,snapshot,/Users/swchen.tw/git/percepio/poc/runs/tcp-workload-matrix-v1/A02-baseline/build/tcp_request_response_irq.o,
by_pc,2147495454,25,50,100,125,25,25,0,0,0,snapshot,/Users/swchen.tw/git/percepio/poc/runs/tcp-workload-matrix-v1/A02-baseline/build/tcp_request_response_irq.o,
by_pc,2147495458,25,25,50,75,25,0,0,0,0,snapshot,/Users/swchen.tw/git/percepio/poc/runs/tcp-workload-matrix-v1/A02-baseline/build/tcp_request_response_irq.o,
by_pc,2147495462,25,25,50,75,25,0,0,0,0,snapshot,/Users/swchen.tw/git/percepio/poc/runs/tcp-workload-matrix-v1/A02-baseline/build/tcp_request_response_irq.o,
by_pc,2147495482,25,50,100,125,25,25,0,0,0,snapshot,/Users/swchen.tw/git/percepio/poc/runs/tcp-workload-matrix-v1/A02-baseline/build/tcp_request_response_irq.o,
by_pc,2147495484,25,50,100,125,25,25,0,0,0,snapshot,/Users/swchen.tw/git/percepio/poc/runs/tcp-workload-matrix-v1/A02-baseline/build/tcp_request_response_irq.o,
by_pc,2147495488,25,155,310,335,25,0,112,18,0,snapshot,/Users/swchen.tw/git/percepio/poc/runs/tcp-workload-matrix-v1/A02-baseline/build/tcp_request_response_irq.o,
by_pc,2147495492,25,25,50,75,25,0,0,0,0,snapshot,/Users/swchen.tw/git/percepio/poc/runs/tcp-workload-matrix-v1/A02-baseline/build/tcp_request_response_irq.o,
by_pc,2147495496,25,25,50,75,25,0,0,0,0,snapshot,/Users/swchen.tw/git/percepio/poc/runs/tcp-workload-matrix-v1/A02-baseline/build/tcp_request_response_irq.o,
by_pc,2147495500,25,25,50,75,25,0,0,0,0,snapshot,/Users/swchen.tw/git/percepio/poc/runs/tcp-workload-matrix-v1/A02-baseline/build/tcp_request_response_irq.o,
by_pc,2147495502,25,561,1122,1147,25,25,200,36,275,snapshot,/Users/swchen.tw/git/percepio/poc/runs/tcp-workload-matrix-v1/A02-baseline/build/tcp_request_response_irq.o,
by_pc,2147495504,25,25,50,75,25,0,0,0,0,snapshot,/Users/swchen.tw/git/percepio/poc/runs/tcp-workload-matrix-v1/A02-baseline/build/tcp_request_response_irq.o,
by_pc,2147495508,25,25,50,75,25,0,0,0,0,snapshot,/Users/swchen.tw/git/percepio/poc/runs/tcp-workload-matrix-v1/A02-baseline/build/tcp_request_response_irq.o,
by_pc,2147495512,25,25,50,75,25,0,0,0,0,snapshot,/Users/swchen.tw/git/percepio/poc/runs/tcp-workload-matrix-v1/A02-baseline/build/tcp_request_response_irq.o,
by_pc,2147495514,25,579,1158,1183,25,25,200,54,275,snapshot,/Users/swchen.tw/git/percepio/poc/runs/tcp-workload-matrix-v1/A02-baseline/build/tcp_request_response_irq.o,
by_pc,2147495518,25,25,50,75,25,0,0,0,0,snapshot,/Users/swchen.tw/git/percepio/poc/runs/tcp-workload-matrix-v1/A02-baseline/build/tcp_request_response_irq.o,
by_pc,2147495522,25,25,50,75,25,0,0,0,0,snapshot,/Users/swchen.tw/git/percepio/poc/runs/tcp-workload-matrix-v1/A02-baseline/build/tcp_request_response_irq.o,
by_pc,2147495526,25,25,50,75,25,0,0,0,0,snapshot,/Users/swchen.tw/git/percepio/poc/runs/tcp-workload-matrix-v1/A02-baseline/build/tcp_request_response_irq.o,
by_pc,2147495530,25,25,50,75,25,0,0,0,0,snapshot,/Users/swchen.tw/git/percepio/poc/runs/tcp-workload-matrix-v1/A02-baseline/build/tcp_request_response_irq.o,
by_pc,2147495534,25,25,50,75,25,0,0,0,0,snapshot,/Users/swchen.tw/git/percepio/poc/runs/tcp-workload-matrix-v1/A02-baseline/build/tcp_request_response_irq.o,
by_pc,2147495536,25,25,50,75,25,0,0,0,0,snapshot,/Users/swchen.tw/git/percepio/poc/runs/tcp-workload-matrix-v1/A02-baseline/build/tcp_request_response_irq.o,
by_pc,2147495538,25,25,50,75,25,0,0,0,0,snapshot,/Users/swchen.tw/git/percepio/poc/runs/tcp-workload-matrix-v1/A02-baseline/build/tcp_request_response_irq.o,
by_pc,2147495540,25,25,50,75,25,0,0,0,0,snapshot,/Users/swchen.tw/git/percepio/poc/runs/tcp-workload-matrix-v1/A02-baseline/build/tcp_request_response_irq.o,
by_pc,2147502734,29,135,270,299,29,0,88,18,0,pbuf_copy_partial,/Users/swchen.tw/git/percepio/poc/runs/tcp-workload-matrix-v1/A02-baseline/build/pbuf.o,
by_pc,2147502736,29,609,1218,1247,29,29,232,0,319,pbuf_copy_partial,/Users/swchen.tw/git/percepio/poc/runs/tcp-workload-matrix-v1/A02-baseline/build/pbuf.o,
by_pc,2147502738,29,609,1218,1247,29,29,232,0,319,pbuf_copy_partial,/Users/swchen.tw/git/percepio/poc/runs/tcp-workload-matrix-v1/A02-baseline/build/pbuf.o,
by_pc,2147502740,29,609,1218,1247,29,29,232,0,319,pbuf_copy_partial,/Users/swchen.tw/git/percepio/poc/runs/tcp-workload-matrix-v1/A02-baseline/build/pbuf.o,
by_pc,2147502742,29,609,1218,1247,29,29,232,0,319,pbuf_copy_partial,/Users/swchen.tw/git/percepio/poc/runs/tcp-workload-matrix-v1/A02-baseline/build/pbuf.o,
by_pc,2147502744,29,609,1218,1247,29,29,232,0,319,pbuf_copy_partial,/Users/swchen.tw/git/percepio/poc/runs/tcp-workload-matrix-v1/A02-baseline/build/pbuf.o,
by_pc,2147502746,29,29,58,87,29,0,0,0,0,pbuf_copy_partial,/Users/swchen.tw/git/percepio/poc/runs/tcp-workload-matrix-v1/A02-baseline/build/pbuf.o,
by_pc,2147502748,29,29,58,87,29,0,0,0,0,pbuf_copy_partial,/Users/swchen.tw/git/percepio/poc/runs/tcp-workload-matrix-v1/A02-baseline/build/pbuf.o,
by_pc,2147502750,29,29,58,87,29,0,0,0,0,pbuf_copy_partial,/Users/swchen.tw/git/percepio/poc/runs/tcp-workload-matrix-v1/A02-baseline/build/pbuf.o,
by_pc,2147502752,29,29,58,87,29,0,0,0,0,pbuf_copy_partial,/Users/swchen.tw/git/percepio/poc/runs/tcp-workload-matrix-v1/A02-baseline/build/pbuf.o,
by_pc,2147502754,29,29,58,87,29,0,0,0,0,pbuf_copy_partial,/Users/swchen.tw/git/percepio/poc/runs/tcp-workload-matrix-v1/A02-baseline/build/pbuf.o,
by_pc,2147502756,29,29,58,87,29,0,0,0,0,pbuf_copy_partial,/Users/swchen.tw/git/percepio/poc/runs/tcp-workload-matrix-v1/A02-baseline/build/pbuf.o,
by_pc,2147502758,70,70,140,210,70,0,0,0,0,pbuf_copy_partial,/Users/swchen.tw/git/percepio/poc/runs/tcp-workload-matrix-v1/A02-baseline/build/pbuf.o,
by_pc,2147502760,41,41,82,123,41,0,0,0,0,pbuf_copy_partial,/Users/swchen.tw/git/percepio/poc/runs/tcp-workload-matrix-v1/A02-baseline/build/pbuf.o,
by_pc,2147502778,41,82,164,205,41,41,0,0,0,pbuf_copy_partial,/Users/swchen.tw/git/percepio/poc/runs/tcp-workload-matrix-v1/A02-baseline/build/pbuf.o,
by_pc,2147502782,41,41,82,123,41,0,0,0,0,pbuf_copy_partial,/Users/swchen.tw/git/percepio/poc/runs/tcp-workload-matrix-v1/A02-baseline/build/pbuf.o,
by_pc,2147502798,41,163,326,367,41,0,104,18,0,pbuf_copy_partial,/Users/swchen.tw/git/percepio/poc/runs/tcp-workload-matrix-v1/A02-baseline/build/pbuf.o,
by_pc,2147502800,41,41,82,123,41,0,0,0,0,pbuf_copy_partial,/Users/swchen.tw/git/percepio/poc/runs/tcp-workload-matrix-v1/A02-baseline/build/pbuf.o,
by_pc,2147502802,41,41,82,123,41,0,0,0,0,pbuf_copy_partial,/Users/swchen.tw/git/percepio/poc/runs/tcp-workload-matrix-v1/A02-baseline/build/pbuf.o,
by_pc,2147502804,41,41,82,123,41,0,0,0,0,pbuf_copy_partial,/Users/swchen.tw/git/percepio/poc/runs/tcp-workload-matrix-v1/A02-baseline/build/pbuf.o,
by_pc,2147502806,41,41,82,123,41,0,0,0,0,pbuf_copy_partial,/Users/swchen.tw/git/percepio/poc/runs/tcp-workload-matrix-v1/A02-baseline/build/pbuf.o,
by_pc,2147502812,41,82,164,205,41,41,0,0,0,pbuf_copy_partial,/Users/swchen.tw/git/percepio/poc/runs/tcp-workload-matrix-v1/A02-baseline/build/pbuf.o,
by_pc,2147502814,41,41,82,123,41,0,0,0,0,pbuf_copy_partial,/Users/swchen.tw/git/percepio/poc/runs/tcp-workload-matrix-v1/A02-baseline/build/pbuf.o,
by_pc,2147502816,41,41,82,123,41,0,0,0,0,pbuf_copy_partial,/Users/swchen.tw/git/percepio/poc/runs/tcp-workload-matrix-v1/A02-baseline/build/pbuf.o,
by_pc,2147502818,41,41,82,123,41,0,0,0,0,pbuf_copy_partial,/Users/swchen.tw/git/percepio/poc/runs/tcp-workload-matrix-v1/A02-baseline/build/pbuf.o,
by_pc,2147502820,41,41,82,123,41,0,0,0,0,pbuf_copy_partial,/Users/swchen.tw/git/percepio/poc/runs/tcp-workload-matrix-v1/A02-baseline/build/pbuf.o,
by_pc,2147502824,41,879,1758,1799,41,41,328,18,451,pbuf_copy_partial,/Users/swchen.tw/git/percepio/poc/runs/tcp-workload-matrix-v1/A02-baseline/build/pbuf.o,
by_pc,2147502826,41,41,82,123,41,0,0,0,0,pbuf_copy_partial,/Users/swchen.tw/git/percepio/poc/runs/tcp-workload-matrix-v1/A02-baseline/build/pbuf.o,
by_pc,2147520370,44,124,248,292,44,0,80,0,0,memcpy,/Users/swchen.tw/git/percepio/poc/.tools/xpack-riscv-none-elf-gcc-15.2.0-1/bin/../lib/gcc/riscv-none-elf/15.2.0/../../../../riscv-none-elf/lib/libg_nano.a(libc_a-memcpy-asm.o),
by_pc,2147520372,44,44,88,132,44,0,0,0,0,memcpy,/Users/swchen.tw/git/percepio/poc/.tools/xpack-riscv-none-elf-gcc-15.2.0-1/bin/../lib/gcc/riscv-none-elf/15.2.0/../../../../riscv-none-elf/lib/libg_nano.a(libc_a-memcpy-asm.o),
by_pc,2147520374,13200,26464,52928,66128,13200,13200,64,0,0,memcpy,/Users/swchen.tw/git/percepio/poc/.tools/xpack-riscv-none-elf-gcc-15.2.0-1/bin/../lib/gcc/riscv-none-elf/15.2.0/../../../../riscv-none-elf/lib/libg_nano.a(libc_a-memcpy-asm.o),
by_pc,2147520378,13200,281322,562644,575844,13200,13200,105600,4122,145200,memcpy,/Users/swchen.tw/git/percepio/poc/.tools/xpack-riscv-none-elf-gcc-15.2.0-1/bin/../lib/gcc/riscv-none-elf/15.2.0/../../../../riscv-none-elf/lib/libg_nano.a(libc_a-memcpy-asm.o),
by_pc,2147520382,13200,13200,26400,39600,13200,0,0,0,0,memcpy,/Users/swchen.tw/git/percepio/poc/.tools/xpack-riscv-none-elf-gcc-15.2.0-1/bin/../lib/gcc/riscv-none-elf/15.2.0/../../../../riscv-none-elf/lib/libg_nano.a(libc_a-memcpy-asm.o),
by_pc,2147520384,13200,13330,26660,39860,13200,0,112,18,0,memcpy,/Users/swchen.tw/git/percepio/poc/.tools/xpack-riscv-none-elf-gcc-15.2.0-1/bin/../lib/gcc/riscv-none-elf/15.2.0/../../../../riscv-none-elf/lib/libg_nano.a(libc_a-memcpy-asm.o),
by_pc,2147520386,13200,13200,26400,39600,13200,0,0,0,0,memcpy,/Users/swchen.tw/git/percepio/poc/.tools/xpack-riscv-none-elf-gcc-15.2.0-1/bin/../lib/gcc/riscv-none-elf/15.2.0/../../../../riscv-none-elf/lib/libg_nano.a(libc_a-memcpy-asm.o),
by_pc,2147520388,13200,13200,26400,39600,13200,0,0,0,0,memcpy,/Users/swchen.tw/git/percepio/poc/.tools/xpack-riscv-none-elf-gcc-15.2.0-1/bin/../lib/gcc/riscv-none-elf/15.2.0/../../../../riscv-none-elf/lib/libg_nano.a(libc_a-memcpy-asm.o),
by_pc,2147520390,44,44,88,132,44,0,0,0,0,memcpy,/Users/swchen.tw/git/percepio/poc/.tools/xpack-riscv-none-elf-gcc-15.2.0-1/bin/../lib/gcc/riscv-none-elf/15.2.0/../../../../riscv-none-elf/lib/libg_nano.a(libc_a-memcpy-asm.o),
by_pc,2147502830,41,82,164,205,41,41,0,0,0,pbuf_copy_partial,/Users/swchen.tw/git/percepio/poc/runs/tcp-workload-matrix-v1/A02-baseline/build/pbuf.o,
by_pc,2147502832,41,41,82,123,41,0,0,0,0,pbuf_copy_partial,/Users/swchen.tw/git/percepio/poc/runs/tcp-workload-matrix-v1/A02-baseline/build/pbuf.o,
by_pc,2147502834,41,41,82,123,41,0,0,0,0,pbuf_copy_partial,/Users/swchen.tw/git/percepio/poc/runs/tcp-workload-matrix-v1/A02-baseline/build/pbuf.o,
by_pc,2147502836,41,41,82,123,41,0,0,0,0,pbuf_copy_partial,/Users/swchen.tw/git/percepio/poc/runs/tcp-workload-matrix-v1/A02-baseline/build/pbuf.o,
by_pc,2147502838,41,41,82,123,41,0,0,0,0,pbuf_copy_partial,/Users/swchen.tw/git/percepio/poc/runs/tcp-workload-matrix-v1/A02-baseline/build/pbuf.o,
by_pc,2147502840,41,41,82,123,41,0,0,0,0,pbuf_copy_partial,/Users/swchen.tw/git/percepio/poc/runs/tcp-workload-matrix-v1/A02-baseline/build/pbuf.o,
by_pc,2147502842,41,41,82,123,41,0,0,0,0,pbuf_copy_partial,/Users/swchen.tw/git/percepio/poc/runs/tcp-workload-matrix-v1/A02-baseline/build/pbuf.o,
by_pc,2147502846,41,41,82,123,41,0,0,0,0,pbuf_copy_partial,/Users/swchen.tw/git/percepio/poc/runs/tcp-workload-matrix-v1/A02-baseline/build/pbuf.o,
by_pc,2147502848,41,139,278,319,41,0,80,18,0,pbuf_copy_partial,/Users/swchen.tw/git/percepio/poc/runs/tcp-workload-matrix-v1/A02-baseline/build/pbuf.o,
by_pc,2147502794,41,90,180,221,41,41,8,0,0,pbuf_copy_partial,/Users/swchen.tw/git/percepio/poc/runs/tcp-workload-matrix-v1/A02-baseline/build/pbuf.o,
by_pc,2147502796,41,41,82,123,41,0,0,0,0,pbuf_copy_partial,/Users/swchen.tw/git/percepio/poc/runs/tcp-workload-matrix-v1/A02-baseline/build/pbuf.o,
by_pc,2147502762,29,58,116,145,29,29,0,0,0,pbuf_copy_partial,/Users/swchen.tw/git/percepio/poc/runs/tcp-workload-matrix-v1/A02-baseline/build/pbuf.o,
by_pc,2147502764,29,58,116,145,29,29,0,0,0,pbuf_copy_partial,/Users/swchen.tw/git/percepio/poc/runs/tcp-workload-matrix-v1/A02-baseline/build/pbuf.o,
by_pc,2147502766,29,58,116,145,29,29,0,0,0,pbuf_copy_partial,/Users/swchen.tw/git/percepio/poc/runs/tcp-workload-matrix-v1/A02-baseline/build/pbuf.o,
by_pc,2147502768,29,58,116,145,29,29,0,0,0,pbuf_copy_partial,/Users/swchen.tw/git/percepio/poc/runs/tcp-workload-matrix-v1/A02-baseline/build/pbuf.o,
by_pc,2147502770,29,29,58,87,29,0,0,0,0,pbuf_copy_partial,/Users/swchen.tw/git/percepio/poc/runs/tcp-workload-matrix-v1/A02-baseline/build/pbuf.o,
by_pc,2147502772,29,58,116,145,29,29,0,0,0,pbuf_copy_partial,/Users/swchen.tw/git/percepio/poc/runs/tcp-workload-matrix-v1/A02-baseline/build/pbuf.o,
by_pc,2147502774,29,29,58,87,29,0,0,0,0,pbuf_copy_partial,/Users/swchen.tw/git/percepio/poc/runs/tcp-workload-matrix-v1/A02-baseline/build/pbuf.o,
by_pc,2147502776,29,29,58,87,29,0,0,0,0,pbuf_copy_partial,/Users/swchen.tw/git/percepio/poc/runs/tcp-workload-matrix-v1/A02-baseline/build/pbuf.o,
by_pc,2147495544,25,58,116,141,25,25,8,0,0,snapshot,/Users/swchen.tw/git/percepio/poc/runs/tcp-workload-matrix-v1/A02-baseline/build/tcp_request_response_irq.o,
by_pc,2147495548,25,25,50,75,25,0,0,0,0,snapshot,/Users/swchen.tw/git/percepio/poc/runs/tcp-workload-matrix-v1/A02-baseline/build/tcp_request_response_irq.o,
by_pc,2147495568,25,100,200,225,25,25,32,18,0,snapshot,/Users/swchen.tw/git/percepio/poc/runs/tcp-workload-matrix-v1/A02-baseline/build/tcp_request_response_irq.o,
by_pc,2147495570,25,25,50,75,25,0,0,0,0,snapshot,/Users/swchen.tw/git/percepio/poc/runs/tcp-workload-matrix-v1/A02-baseline/build/tcp_request_response_irq.o,
by_pc,2147495572,25,525,1050,1075,25,25,200,0,275,snapshot,/Users/swchen.tw/git/percepio/poc/runs/tcp-workload-matrix-v1/A02-baseline/build/tcp_request_response_irq.o,
by_pc,2147495574,25,50,100,125,25,25,0,0,0,snapshot,/Users/swchen.tw/git/percepio/poc/runs/tcp-workload-matrix-v1/A02-baseline/build/tcp_request_response_irq.o,
by_pc,2147495576,25,50,100,125,25,25,0,0,0,snapshot,/Users/swchen.tw/git/percepio/poc/runs/tcp-workload-matrix-v1/A02-baseline/build/tcp_request_response_irq.o,
by_pc,2147495578,25,50,100,125,25,25,0,0,0,snapshot,/Users/swchen.tw/git/percepio/poc/runs/tcp-workload-matrix-v1/A02-baseline/build/tcp_request_response_irq.o,
by_pc,2147495580,25,50,100,125,25,25,0,0,0,snapshot,/Users/swchen.tw/git/percepio/poc/runs/tcp-workload-matrix-v1/A02-baseline/build/tcp_request_response_irq.o,
by_pc,2147495582,25,25,50,75,25,0,0,0,0,snapshot,/Users/swchen.tw/git/percepio/poc/runs/tcp-workload-matrix-v1/A02-baseline/build/tcp_request_response_irq.o,
by_pc,2147495584,25,25,50,75,25,0,0,0,0,snapshot,/Users/swchen.tw/git/percepio/poc/runs/tcp-workload-matrix-v1/A02-baseline/build/tcp_request_response_irq.o,
by_pc,2147496962,14,14,28,42,14,0,0,0,0,inject,/Users/swchen.tw/git/percepio/poc/runs/tcp-workload-matrix-v1/A02-baseline/build/tcp_request_response_irq.o,
by_pc,2147496966,14,14,28,42,14,0,0,0,0,inject,/Users/swchen.tw/git/percepio/poc/runs/tcp-workload-matrix-v1/A02-baseline/build/tcp_request_response_irq.o,
by_pc,2147496970,14,14,28,42,14,0,0,0,0,inject,/Users/swchen.tw/git/percepio/poc/runs/tcp-workload-matrix-v1/A02-baseline/build/tcp_request_response_irq.o,
by_pc,2147496974,14,14,28,42,14,0,0,0,0,inject,/Users/swchen.tw/git/percepio/poc/runs/tcp-workload-matrix-v1/A02-baseline/build/tcp_request_response_irq.o,
by_pc,2147496978,14,14,28,42,14,0,0,0,0,inject,/Users/swchen.tw/git/percepio/poc/runs/tcp-workload-matrix-v1/A02-baseline/build/tcp_request_response_irq.o,
by_pc,2147496980,14,14,28,42,14,0,0,0,0,inject,/Users/swchen.tw/git/percepio/poc/runs/tcp-workload-matrix-v1/A02-baseline/build/tcp_request_response_irq.o,
by_pc,2147518104,14,88,176,190,14,0,56,18,0,ip4_input,/Users/swchen.tw/git/percepio/poc/runs/tcp-workload-matrix-v1/A02-baseline/build/ip4.o,
by_pc,2147518108,14,36,72,86,14,14,8,0,0,ip4_input,/Users/swchen.tw/git/percepio/poc/runs/tcp-workload-matrix-v1/A02-baseline/build/ip4.o,
by_pc,2147518112,14,14,28,42,14,0,0,0,0,ip4_input,/Users/swchen.tw/git/percepio/poc/runs/tcp-workload-matrix-v1/A02-baseline/build/ip4.o,
by_pc,2147518114,14,294,588,602,14,14,112,0,154,ip4_input,/Users/swchen.tw/git/percepio/poc/runs/tcp-workload-matrix-v1/A02-baseline/build/ip4.o,
by_pc,2147518116,14,14,28,42,14,0,0,0,0,ip4_input,/Users/swchen.tw/git/percepio/poc/runs/tcp-workload-matrix-v1/A02-baseline/build/ip4.o,
by_pc,2147518118,14,14,28,42,14,0,0,0,0,ip4_input,/Users/swchen.tw/git/percepio/poc/runs/tcp-workload-matrix-v1/A02-baseline/build/ip4.o,
by_pc,2147518122,14,294,588,602,14,14,112,0,154,ip4_input,/Users/swchen.tw/git/percepio/poc/runs/tcp-workload-matrix-v1/A02-baseline/build/ip4.o,
by_pc,2147518126,14,294,588,602,14,14,112,0,154,ip4_input,/Users/swchen.tw/git/percepio/poc/runs/tcp-workload-matrix-v1/A02-baseline/build/ip4.o,
by_pc,2147518128,14,294,588,602,14,14,112,0,154,ip4_input,/Users/swchen.tw/git/percepio/poc/runs/tcp-workload-matrix-v1/A02-baseline/build/ip4.o,
by_pc,2147518130,14,294,588,602,14,14,112,0,154,ip4_input,/Users/swchen.tw/git/percepio/poc/runs/tcp-workload-matrix-v1/A02-baseline/build/ip4.o,
by_pc,2147518132,14,294,588,602,14,14,112,0,154,ip4_input,/Users/swchen.tw/git/percepio/poc/runs/tcp-workload-matrix-v1/A02-baseline/build/ip4.o,
by_pc,2147518134,14,294,588,602,14,14,112,0,154,ip4_input,/Users/swchen.tw/git/percepio/poc/runs/tcp-workload-matrix-v1/A02-baseline/build/ip4.o,
by_pc,2147518136,14,294,588,602,14,14,112,0,154,ip4_input,/Users/swchen.tw/git/percepio/poc/runs/tcp-workload-matrix-v1/A02-baseline/build/ip4.o,
by_pc,2147518138,14,294,588,602,14,14,112,0,154,ip4_input,/Users/swchen.tw/git/percepio/poc/runs/tcp-workload-matrix-v1/A02-baseline/build/ip4.o,
by_pc,2147518140,14,28,56,70,14,14,0,0,0,ip4_input,/Users/swchen.tw/git/percepio/poc/runs/tcp-workload-matrix-v1/A02-baseline/build/ip4.o,
by_pc,2147518142,14,14,28,42,14,0,0,0,0,ip4_input,/Users/swchen.tw/git/percepio/poc/runs/tcp-workload-matrix-v1/A02-baseline/build/ip4.o,
by_pc,2147518144,14,162,324,338,14,14,80,54,0,ip4_input,/Users/swchen.tw/git/percepio/poc/runs/tcp-workload-matrix-v1/A02-baseline/build/ip4.o,
by_pc,2147518148,14,14,28,42,14,0,0,0,0,ip4_input,/Users/swchen.tw/git/percepio/poc/runs/tcp-workload-matrix-v1/A02-baseline/build/ip4.o,
by_pc,2147518152,14,14,28,42,14,0,0,0,0,ip4_input,/Users/swchen.tw/git/percepio/poc/runs/tcp-workload-matrix-v1/A02-baseline/build/ip4.o,
by_pc,2147518218,14,126,252,266,14,14,80,18,0,ip4_input,/Users/swchen.tw/git/percepio/poc/runs/tcp-workload-matrix-v1/A02-baseline/build/ip4.o,
by_pc,2147518222,14,14,28,42,14,0,0,0,0,ip4_input,/Users/swchen.tw/git/percepio/poc/runs/tcp-workload-matrix-v1/A02-baseline/build/ip4.o,
by_pc,2147518224,14,28,56,70,14,14,0,0,0,ip4_input,/Users/swchen.tw/git/percepio/poc/runs/tcp-workload-matrix-v1/A02-baseline/build/ip4.o,
by_pc,2147518228,14,14,28,42,14,0,0,0,0,ip4_input,/Users/swchen.tw/git/percepio/poc/runs/tcp-workload-matrix-v1/A02-baseline/build/ip4.o,
by_pc,2147518230,14,14,28,42,14,0,0,0,0,ip4_input,/Users/swchen.tw/git/percepio/poc/runs/tcp-workload-matrix-v1/A02-baseline/build/ip4.o,
by_pc,2147518232,14,14,28,42,14,0,0,0,0,ip4_input,/Users/swchen.tw/git/percepio/poc/runs/tcp-workload-matrix-v1/A02-baseline/build/ip4.o,
by_pc,2147518234,14,14,28,42,14,0,0,0,0,ip4_input,/Users/swchen.tw/git/percepio/poc/runs/tcp-workload-matrix-v1/A02-baseline/build/ip4.o,
by_pc,2147518238,14,28,56,70,14,14,0,0,0,ip4_input,/Users/swchen.tw/git/percepio/poc/runs/tcp-workload-matrix-v1/A02-baseline/build/ip4.o,
by_pc,2147518242,14,14,28,42,14,0,0,0,0,ip4_input,/Users/swchen.tw/git/percepio/poc/runs/tcp-workload-matrix-v1/A02-baseline/build/ip4.o,
by_pc,2147518246,14,14,28,42,14,0,0,0,0,ip4_input,/Users/swchen.tw/git/percepio/poc/runs/tcp-workload-matrix-v1/A02-baseline/build/ip4.o,
by_pc,2147518248,14,14,28,42,14,0,0,0,0,ip4_input,/Users/swchen.tw/git/percepio/poc/runs/tcp-workload-matrix-v1/A02-baseline/build/ip4.o,
by_pc,2147518250,14,14,28,42,14,0,0,0,0,ip4_input,/Users/swchen.tw/git/percepio/poc/runs/tcp-workload-matrix-v1/A02-baseline/build/ip4.o,
by_pc,2147518262,14,28,56,70,14,14,0,0,0,ip4_input,/Users/swchen.tw/git/percepio/poc/runs/tcp-workload-matrix-v1/A02-baseline/build/ip4.o,
by_pc,2147518266,14,14,28,42,14,0,0,0,0,ip4_input,/Users/swchen.tw/git/percepio/poc/runs/tcp-workload-matrix-v1/A02-baseline/build/ip4.o,
by_pc,2147518270,14,172,344,358,28,14,112,18,0,ip4_input,/Users/swchen.tw/git/percepio/poc/runs/tcp-workload-matrix-v1/A02-baseline/build/ip4.o,
by_pc,2147518274,14,14,28,42,14,0,0,0,0,ip4_input,/Users/swchen.tw/git/percepio/poc/runs/tcp-workload-matrix-v1/A02-baseline/build/ip4.o,
by_pc,2147518278,14,14,28,42,14,0,0,0,0,ip4_input,/Users/swchen.tw/git/percepio/poc/runs/tcp-workload-matrix-v1/A02-baseline/build/ip4.o,
by_pc,2147518282,14,14,28,42,14,0,0,0,0,ip4_input,/Users/swchen.tw/git/percepio/poc/runs/tcp-workload-matrix-v1/A02-baseline/build/ip4.o,
by_pc,2147518310,14,14,28,42,14,0,0,0,0,ip4_input,/Users/swchen.tw/git/percepio/poc/runs/tcp-workload-matrix-v1/A02-baseline/build/ip4.o,
by_pc,2147518312,14,14,28,42,14,0,0,0,0,ip4_input,/Users/swchen.tw/git/percepio/poc/runs/tcp-workload-matrix-v1/A02-baseline/build/ip4.o,
by_pc,2147518314,14,14,28,42,14,0,0,0,0,ip4_input,/Users/swchen.tw/git/percepio/poc/runs/tcp-workload-matrix-v1/A02-baseline/build/ip4.o,
by_pc,2147518318,14,14,28,42,14,0,0,0,0,ip4_input,/Users/swchen.tw/git/percepio/poc/runs/tcp-workload-matrix-v1/A02-baseline/build/ip4.o,
by_pc,2147518346,14,158,316,330,14,14,112,18,0,ip4_input,/Users/swchen.tw/git/percepio/poc/runs/tcp-workload-matrix-v1/A02-baseline/build/ip4.o,
by_pc,2147518350,14,28,56,70,14,14,0,0,0,ip4_input,/Users/swchen.tw/git/percepio/poc/runs/tcp-workload-matrix-v1/A02-baseline/build/ip4.o,
by_pc,2147518354,14,14,28,42,14,0,0,0,0,ip4_input,/Users/swchen.tw/git/percepio/poc/runs/tcp-workload-matrix-v1/A02-baseline/build/ip4.o,
by_pc,2147518358,14,14,28,42,14,0,0,0,0,ip4_input,/Users/swchen.tw/git/percepio/poc/runs/tcp-workload-matrix-v1/A02-baseline/build/ip4.o,
by_pc,2147518362,14,14,28,42,14,0,0,0,0,ip4_input,/Users/swchen.tw/git/percepio/poc/runs/tcp-workload-matrix-v1/A02-baseline/build/ip4.o,
by_pc,2147518364,14,14,28,42,14,0,0,0,0,ip4_input,/Users/swchen.tw/git/percepio/poc/runs/tcp-workload-matrix-v1/A02-baseline/build/ip4.o,
by_pc,2147518366,14,28,56,70,14,14,0,0,0,ip4_input,/Users/swchen.tw/git/percepio/poc/runs/tcp-workload-matrix-v1/A02-baseline/build/ip4.o,
by_pc,2147518370,14,14,28,42,14,0,0,0,0,ip4_input,/Users/swchen.tw/git/percepio/poc/runs/tcp-workload-matrix-v1/A02-baseline/build/ip4.o,
by_pc,2147518372,14,14,28,42,14,0,0,0,0,ip4_input,/Users/swchen.tw/git/percepio/poc/runs/tcp-workload-matrix-v1/A02-baseline/build/ip4.o,
by_pc,2147518374,14,28,56,70,14,14,0,0,0,ip4_input,/Users/swchen.tw/git/percepio/poc/runs/tcp-workload-matrix-v1/A02-baseline/build/ip4.o,
by_pc,2147518378,14,14,28,42,14,0,0,0,0,ip4_input,/Users/swchen.tw/git/percepio/poc/runs/tcp-workload-matrix-v1/A02-baseline/build/ip4.o,
by_pc,2147518380,14,14,28,42,14,0,0,0,0,ip4_input,/Users/swchen.tw/git/percepio/poc/runs/tcp-workload-matrix-v1/A02-baseline/build/ip4.o,
by_pc,2147518382,14,294,588,602,14,14,112,0,154,ip4_input,/Users/swchen.tw/git/percepio/poc/runs/tcp-workload-matrix-v1/A02-baseline/build/ip4.o,
by_pc,2147518386,14,28,56,70,14,14,0,0,0,ip4_input,/Users/swchen.tw/git/percepio/poc/runs/tcp-workload-matrix-v1/A02-baseline/build/ip4.o,
by_pc,2147518390,14,28,56,70,14,14,0,0,0,ip4_input,/Users/swchen.tw/git/percepio/poc/runs/tcp-workload-matrix-v1/A02-baseline/build/ip4.o,
by_pc,2147518394,14,14,28,42,14,0,0,0,0,ip4_input,/Users/swchen.tw/git/percepio/poc/runs/tcp-workload-matrix-v1/A02-baseline/build/ip4.o,
by_pc,2147518398,14,14,28,42,14,0,0,0,0,ip4_input,/Users/swchen.tw/git/percepio/poc/runs/tcp-workload-matrix-v1/A02-baseline/build/ip4.o,
by_pc,2147518400,14,120,240,254,14,0,88,18,0,ip4_input,/Users/swchen.tw/git/percepio/poc/runs/tcp-workload-matrix-v1/A02-baseline/build/ip4.o,
by_pc,2147518402,14,28,56,70,14,14,0,0,0,ip4_input,/Users/swchen.tw/git/percepio/poc/runs/tcp-workload-matrix-v1/A02-baseline/build/ip4.o,
by_pc,2147518406,14,14,28,42,14,0,0,0,0,ip4_input,/Users/swchen.tw/git/percepio/poc/runs/tcp-workload-matrix-v1/A02-baseline/build/ip4.o,
by_pc,2147518408,14,14,28,42,14,0,0,0,0,ip4_input,/Users/swchen.tw/git/percepio/poc/runs/tcp-workload-matrix-v1/A02-baseline/build/ip4.o,
by_pc,2147518410,14,28,56,70,14,14,0,0,0,ip4_input,/Users/swchen.tw/git/percepio/poc/runs/tcp-workload-matrix-v1/A02-baseline/build/ip4.o,
by_pc,2147518414,14,14,28,42,14,0,0,0,0,ip4_input,/Users/swchen.tw/git/percepio/poc/runs/tcp-workload-matrix-v1/A02-baseline/build/ip4.o,
by_pc,2147518416,14,14,28,42,14,0,0,0,0,ip4_input,/Users/swchen.tw/git/percepio/poc/runs/tcp-workload-matrix-v1/A02-baseline/build/ip4.o,
by_pc,2147518418,14,294,588,602,14,14,112,0,154,ip4_input,/Users/swchen.tw/git/percepio/poc/runs/tcp-workload-matrix-v1/A02-baseline/build/ip4.o,
by_pc,2147518422,14,14,28,42,14,0,0,0,0,ip4_input,/Users/swchen.tw/git/percepio/poc/runs/tcp-workload-matrix-v1/A02-baseline/build/ip4.o,
by_pc,2147518426,14,14,28,42,14,0,0,0,0,ip4_input,/Users/swchen.tw/git/percepio/poc/runs/tcp-workload-matrix-v1/A02-baseline/build/ip4.o,
by_pc,2147518480,14,136,272,286,14,0,104,18,0,ip4_input,/Users/swchen.tw/git/percepio/poc/runs/tcp-workload-matrix-v1/A02-baseline/build/ip4.o,
by_pc,2147518482,14,14,28,42,14,0,0,0,0,ip4_input,/Users/swchen.tw/git/percepio/poc/runs/tcp-workload-matrix-v1/A02-baseline/build/ip4.o,
by_pc,2147517940,14,134,268,282,14,14,88,18,0,ip4_input_accept,/Users/swchen.tw/git/percepio/poc/runs/tcp-workload-matrix-v1/A02-baseline/build/ip4.o,
by_pc,2147517944,14,14,28,42,14,0,0,0,0,ip4_input_accept,/Users/swchen.tw/git/percepio/poc/runs/tcp-workload-matrix-v1/A02-baseline/build/ip4.o,
by_pc,2147517946,14,14,28,42,14,0,0,0,0,ip4_input_accept,/Users/swchen.tw/git/percepio/poc/runs/tcp-workload-matrix-v1/A02-baseline/build/ip4.o,
by_pc,2147517948,14,54,108,122,14,14,8,18,0,ip4_input_accept,/Users/swchen.tw/git/percepio/poc/runs/tcp-workload-matrix-v1/A02-baseline/build/ip4.o,
by_pc,2147517950,14,14,28,42,14,0,0,0,0,ip4_input_accept,/Users/swchen.tw/git/percepio/poc/runs/tcp-workload-matrix-v1/A02-baseline/build/ip4.o,
by_pc,2147517952,14,90,180,194,14,0,40,36,0,ip4_input_accept,/Users/swchen.tw/git/percepio/poc/runs/tcp-workload-matrix-v1/A02-baseline/build/ip4.o,
by_pc,2147517954,14,14,28,42,14,0,0,0,0,ip4_input_accept,/Users/swchen.tw/git/percepio/poc/runs/tcp-workload-matrix-v1/A02-baseline/build/ip4.o,
by_pc,2147517956,14,14,28,42,14,0,0,0,0,ip4_input_accept,/Users/swchen.tw/git/percepio/poc/runs/tcp-workload-matrix-v1/A02-baseline/build/ip4.o,
by_pc,2147517960,14,28,56,70,14,14,0,0,0,ip4_input_accept,/Users/swchen.tw/git/percepio/poc/runs/tcp-workload-matrix-v1/A02-baseline/build/ip4.o,
by_pc,2147517964,14,14,28,42,14,0,0,0,0,ip4_input_accept,/Users/swchen.tw/git/percepio/poc/runs/tcp-workload-matrix-v1/A02-baseline/build/ip4.o,
by_pc,2147517966,14,14,28,42,14,0,0,0,0,ip4_input_accept,/Users/swchen.tw/git/percepio/poc/runs/tcp-workload-matrix-v1/A02-baseline/build/ip4.o,
by_pc,2147517988,14,14,28,42,14,0,0,0,0,ip4_input_accept,/Users/swchen.tw/git/percepio/poc/runs/tcp-workload-matrix-v1/A02-baseline/build/ip4.o,
by_pc,2147517990,14,14,28,42,14,0,0,0,0,ip4_input_accept,/Users/swchen.tw/git/percepio/poc/runs/tcp-workload-matrix-v1/A02-baseline/build/ip4.o,
by_pc,2147518486,14,14,28,42,14,0,0,0,0,ip4_input,/Users/swchen.tw/git/percepio/poc/runs/tcp-workload-matrix-v1/A02-baseline/build/ip4.o,
by_pc,2147518444,14,14,28,42,14,0,0,0,0,ip4_input,/Users/swchen.tw/git/percepio/poc/runs/tcp-workload-matrix-v1/A02-baseline/build/ip4.o,
by_pc,2147518446,14,28,56,70,14,14,0,0,0,ip4_input,/Users/swchen.tw/git/percepio/poc/runs/tcp-workload-matrix-v1/A02-baseline/build/ip4.o,
by_pc,2147518450,14,14,28,42,14,0,0,0,0,ip4_input,/Users/swchen.tw/git/percepio/poc/runs/tcp-workload-matrix-v1/A02-baseline/build/ip4.o,
by_pc,2147518452,14,14,28,42,14,0,0,0,0,ip4_input,/Users/swchen.tw/git/percepio/poc/runs/tcp-workload-matrix-v1/A02-baseline/build/ip4.o,
by_pc,2147519208,28,86,172,200,28,0,40,18,0,ip4_addr_isbroadcast_u32,/Users/swchen.tw/git/percepio/poc/runs/tcp-workload-matrix-v1/A02-baseline/build/ip4_addr.o,
by_pc,2147519212,28,28,56,84,28,0,0,0,0,ip4_addr_isbroadcast_u32,/Users/swchen.tw/git/percepio/poc/runs/tcp-workload-matrix-v1/A02-baseline/build/ip4_addr.o,
by_pc,2147519214,28,28,56,84,28,0,0,0,0,ip4_addr_isbroadcast_u32,/Users/swchen.tw/git/percepio/poc/runs/tcp-workload-matrix-v1/A02-baseline/build/ip4_addr.o,
by_pc,2147519218,28,56,112,140,28,28,0,0,0,ip4_addr_isbroadcast_u32,/Users/swchen.tw/git/percepio/poc/runs/tcp-workload-matrix-v1/A02-baseline/build/ip4_addr.o,
by_pc,2147519222,28,28,56,84,28,0,0,0,0,ip4_addr_isbroadcast_u32,/Users/swchen.tw/git/percepio/poc/runs/tcp-workload-matrix-v1/A02-baseline/build/ip4_addr.o,
by_pc,2147519224,28,28,56,84,28,0,0,0,0,ip4_addr_isbroadcast_u32,/Users/swchen.tw/git/percepio/poc/runs/tcp-workload-matrix-v1/A02-baseline/build/ip4_addr.o,
by_pc,2147519254,28,158,316,344,28,0,112,18,0,ip4_addr_isbroadcast_u32,/Users/swchen.tw/git/percepio/poc/runs/tcp-workload-matrix-v1/A02-baseline/build/ip4_addr.o,
by_pc,2147519256,28,28,56,84,28,0,0,0,0,ip4_addr_isbroadcast_u32,/Users/swchen.tw/git/percepio/poc/runs/tcp-workload-matrix-v1/A02-baseline/build/ip4_addr.o,
by_pc,2147518454,14,14,28,42,14,0,0,0,0,ip4_input,/Users/swchen.tw/git/percepio/poc/runs/tcp-workload-matrix-v1/A02-baseline/build/ip4.o,
by_pc,2147518456,14,28,56,70,14,14,0,0,0,ip4_input,/Users/swchen.tw/git/percepio/poc/runs/tcp-workload-matrix-v1/A02-baseline/build/ip4.o,
by_pc,2147518460,14,14,28,42,14,0,0,0,0,ip4_input,/Users/swchen.tw/git/percepio/poc/runs/tcp-workload-matrix-v1/A02-baseline/build/ip4.o,
by_pc,2147518464,14,14,28,42,14,0,0,0,0,ip4_input,/Users/swchen.tw/git/percepio/poc/runs/tcp-workload-matrix-v1/A02-baseline/build/ip4.o,
by_pc,2147518468,14,14,28,42,14,0,0,0,0,ip4_input,/Users/swchen.tw/git/percepio/poc/runs/tcp-workload-matrix-v1/A02-baseline/build/ip4.o,
by_pc,2147518532,14,56,112,126,14,0,24,18,0,ip4_input,/Users/swchen.tw/git/percepio/poc/runs/tcp-workload-matrix-v1/A02-baseline/build/ip4.o,
by_pc,2147518562,14,28,56,70,14,14,0,0,0,ip4_input,/Users/swchen.tw/git/percepio/poc/runs/tcp-workload-matrix-v1/A02-baseline/build/ip4.o,
by_pc,2147518566,14,28,56,70,14,14,0,0,0,ip4_input,/Users/swchen.tw/git/percepio/poc/runs/tcp-workload-matrix-v1/A02-baseline/build/ip4.o,
by_pc,2147518570,14,14,28,42,14,0,0,0,0,ip4_input,/Users/swchen.tw/git/percepio/poc/runs/tcp-workload-matrix-v1/A02-baseline/build/ip4.o,
by_pc,2147518574,14,14,28,42,14,0,0,0,0,ip4_input,/Users/swchen.tw/git/percepio/poc/runs/tcp-workload-matrix-v1/A02-baseline/build/ip4.o,
by_pc,2147518576,14,14,28,42,14,0,0,0,0,ip4_input,/Users/swchen.tw/git/percepio/poc/runs/tcp-workload-matrix-v1/A02-baseline/build/ip4.o,
by_pc,2147518578,14,14,28,42,14,0,0,0,0,ip4_input,/Users/swchen.tw/git/percepio/poc/runs/tcp-workload-matrix-v1/A02-baseline/build/ip4.o,
by_pc,2147518606,14,442,884,898,14,14,224,36,154,ip4_input,/Users/swchen.tw/git/percepio/poc/runs/tcp-workload-matrix-v1/A02-baseline/build/ip4.o,
by_pc,2147518610,14,294,588,602,14,14,112,0,154,ip4_input,/Users/swchen.tw/git/percepio/poc/runs/tcp-workload-matrix-v1/A02-baseline/build/ip4.o,
by_pc,2147518614,14,294,588,602,14,14,112,0,154,ip4_input,/Users/swchen.tw/git/percepio/poc/runs/tcp-workload-matrix-v1/A02-baseline/build/ip4.o,
by_pc,2147518618,14,28,56,70,14,14,0,0,0,ip4_input,/Users/swchen.tw/git/percepio/poc/runs/tcp-workload-matrix-v1/A02-baseline/build/ip4.o,
by_pc,2147518622,14,14,28,42,14,0,0,0,0,ip4_input,/Users/swchen.tw/git/percepio/poc/runs/tcp-workload-matrix-v1/A02-baseline/build/ip4.o,
by_pc,2147518624,14,14,28,42,14,0,0,0,0,ip4_input,/Users/swchen.tw/git/percepio/poc/runs/tcp-workload-matrix-v1/A02-baseline/build/ip4.o,
by_pc,2147518626,14,14,28,42,14,0,0,0,0,ip4_input,/Users/swchen.tw/git/percepio/poc/runs/tcp-workload-matrix-v1/A02-baseline/build/ip4.o,
by_pc,2147518628,14,14,28,42,14,0,0,0,0,ip4_input,/Users/swchen.tw/git/percepio/poc/runs/tcp-workload-matrix-v1/A02-baseline/build/ip4.o,
by_pc,2147518630,14,294,588,602,14,14,112,0,154,ip4_input,/Users/swchen.tw/git/percepio/poc/runs/tcp-workload-matrix-v1/A02-baseline/build/ip4.o,
by_pc,2147518634,14,14,28,42,14,0,0,0,0,ip4_input,/Users/swchen.tw/git/percepio/poc/runs/tcp-workload-matrix-v1/A02-baseline/build/ip4.o,
by_pc,2147518638,14,28,56,70,14,14,0,0,0,ip4_input,/Users/swchen.tw/git/percepio/poc/runs/tcp-workload-matrix-v1/A02-baseline/build/ip4.o,
by_pc,2147518642,14,14,28,42,14,0,0,0,0,ip4_input,/Users/swchen.tw/git/percepio/poc/runs/tcp-workload-matrix-v1/A02-baseline/build/ip4.o,
by_pc,2147518644,14,14,28,42,14,0,0,0,0,ip4_input,/Users/swchen.tw/git/percepio/poc/runs/tcp-workload-matrix-v1/A02-baseline/build/ip4.o,
by_pc,2147518648,14,14,28,42,14,0,0,0,0,ip4_input,/Users/swchen.tw/git/percepio/poc/runs/tcp-workload-matrix-v1/A02-baseline/build/ip4.o,
by_pc,2147518650,14,14,28,42,14,0,0,0,0,ip4_input,/Users/swchen.tw/git/percepio/poc/runs/tcp-workload-matrix-v1/A02-baseline/build/ip4.o,
by_pc,2147518654,14,14,28,42,14,0,0,0,0,ip4_input,/Users/swchen.tw/git/percepio/poc/runs/tcp-workload-matrix-v1/A02-baseline/build/ip4.o,
by_pc,2147518656,14,74,148,162,14,0,24,36,0,ip4_input,/Users/swchen.tw/git/percepio/poc/runs/tcp-workload-matrix-v1/A02-baseline/build/ip4.o,
by_pc,2147518658,14,14,28,42,14,0,0,0,0,ip4_input,/Users/swchen.tw/git/percepio/poc/runs/tcp-workload-matrix-v1/A02-baseline/build/ip4.o,
by_pc,2147509518,14,64,128,142,14,0,32,18,0,tcp_input,/Users/swchen.tw/git/percepio/poc/runs/tcp-workload-matrix-v1/A02-baseline/build/tcp_in.o,
by_pc,2147509522,14,28,56,70,14,14,0,0,0,tcp_input,/Users/swchen.tw/git/percepio/poc/runs/tcp-workload-matrix-v1/A02-baseline/build/tcp_in.o,
by_pc,2147509526,14,14,28,42,14,0,0,0,0,tcp_input,/Users/swchen.tw/git/percepio/poc/runs/tcp-workload-matrix-v1/A02-baseline/build/tcp_in.o,
by_pc,2147509528,14,294,588,602,14,14,112,0,154,tcp_input,/Users/swchen.tw/git/percepio/poc/runs/tcp-workload-matrix-v1/A02-baseline/build/tcp_in.o,
by_pc,2147509530,14,14,28,42,14,0,0,0,0,tcp_input,/Users/swchen.tw/git/percepio/poc/runs/tcp-workload-matrix-v1/A02-baseline/build/tcp_in.o,
by_pc,2147509532,14,294,588,602,14,14,112,0,154,tcp_input,/Users/swchen.tw/git/percepio/poc/runs/tcp-workload-matrix-v1/A02-baseline/build/tcp_in.o,
by_pc,2147509534,14,294,588,602,14,14,112,0,154,tcp_input,/Users/swchen.tw/git/percepio/poc/runs/tcp-workload-matrix-v1/A02-baseline/build/tcp_in.o,
by_pc,2147509536,14,294,588,602,14,14,112,0,154,tcp_input,/Users/swchen.tw/git/percepio/poc/runs/tcp-workload-matrix-v1/A02-baseline/build/tcp_in.o,
by_pc,2147509538,14,294,588,602,14,14,112,0,154,tcp_input,/Users/swchen.tw/git/percepio/poc/runs/tcp-workload-matrix-v1/A02-baseline/build/tcp_in.o,
by_pc,2147509540,14,294,588,602,14,14,112,0,154,tcp_input,/Users/swchen.tw/git/percepio/poc/runs/tcp-workload-matrix-v1/A02-baseline/build/tcp_in.o,
by_pc,2147509542,14,294,588,602,14,14,112,0,154,tcp_input,/Users/swchen.tw/git/percepio/poc/runs/tcp-workload-matrix-v1/A02-baseline/build/tcp_in.o,
by_pc,2147509544,14,294,588,602,14,14,112,0,154,tcp_input,/Users/swchen.tw/git/percepio/poc/runs/tcp-workload-matrix-v1/A02-baseline/build/tcp_in.o,
by_pc,2147509546,14,294,588,602,14,14,112,0,154,tcp_input,/Users/swchen.tw/git/percepio/poc/runs/tcp-workload-matrix-v1/A02-baseline/build/tcp_in.o,
by_pc,2147509548,14,14,28,42,14,0,0,0,0,tcp_input,/Users/swchen.tw/git/percepio/poc/runs/tcp-workload-matrix-v1/A02-baseline/build/tcp_in.o,
by_pc,2147509552,14,294,588,602,14,14,112,0,154,tcp_input,/Users/swchen.tw/git/percepio/poc/runs/tcp-workload-matrix-v1/A02-baseline/build/tcp_in.o,
by_pc,2147509556,14,28,56,70,14,14,0,0,0,tcp_input,/Users/swchen.tw/git/percepio/poc/runs/tcp-workload-matrix-v1/A02-baseline/build/tcp_in.o,
by_pc,2147509558,14,14,28,42,14,0,0,0,0,tcp_input,/Users/swchen.tw/git/percepio/poc/runs/tcp-workload-matrix-v1/A02-baseline/build/tcp_in.o,
by_pc,2147509562,14,14,28,42,14,0,0,0,0,tcp_input,/Users/swchen.tw/git/percepio/poc/runs/tcp-workload-matrix-v1/A02-baseline/build/tcp_in.o,
by_pc,2147509564,14,312,624,638,14,14,112,18,154,tcp_input,/Users/swchen.tw/git/percepio/poc/runs/tcp-workload-matrix-v1/A02-baseline/build/tcp_in.o,
by_pc,2147509568,14,78,156,170,14,14,32,18,0,tcp_input,/Users/swchen.tw/git/percepio/poc/runs/tcp-workload-matrix-v1/A02-baseline/build/tcp_in.o,
by_pc,2147509572,14,14,28,42,14,0,0,0,0,tcp_input,/Users/swchen.tw/git/percepio/poc/runs/tcp-workload-matrix-v1/A02-baseline/build/tcp_in.o,
by_pc,2147509574,14,14,28,42,14,0,0,0,0,tcp_input,/Users/swchen.tw/git/percepio/poc/runs/tcp-workload-matrix-v1/A02-baseline/build/tcp_in.o,
by_pc,2147509598,14,14,28,42,14,0,0,0,0,tcp_input,/Users/swchen.tw/git/percepio/poc/runs/tcp-workload-matrix-v1/A02-baseline/build/tcp_in.o,
by_pc,2147509602,14,14,28,42,14,0,0,0,0,tcp_input,/Users/swchen.tw/git/percepio/poc/runs/tcp-workload-matrix-v1/A02-baseline/build/tcp_in.o,
by_pc,2147509606,14,28,56,70,14,14,0,0,0,tcp_input,/Users/swchen.tw/git/percepio/poc/runs/tcp-workload-matrix-v1/A02-baseline/build/tcp_in.o,
by_pc,2147509610,14,28,56,70,14,14,0,0,0,tcp_input,/Users/swchen.tw/git/percepio/poc/runs/tcp-workload-matrix-v1/A02-baseline/build/tcp_in.o,
by_pc,2147509614,14,14,28,42,14,0,0,0,0,tcp_input,/Users/swchen.tw/git/percepio/poc/runs/tcp-workload-matrix-v1/A02-baseline/build/tcp_in.o,
by_pc,2147509618,14,14,28,42,14,0,0,0,0,tcp_input,/Users/swchen.tw/git/percepio/poc/runs/tcp-workload-matrix-v1/A02-baseline/build/tcp_in.o,
by_pc,2147509620,14,28,56,70,14,14,0,0,0,tcp_input,/Users/swchen.tw/git/percepio/poc/runs/tcp-workload-matrix-v1/A02-baseline/build/tcp_in.o,
by_pc,2147509624,14,14,28,42,14,0,0,0,0,tcp_input,/Users/swchen.tw/git/percepio/poc/runs/tcp-workload-matrix-v1/A02-baseline/build/tcp_in.o,
by_pc,2147509628,14,14,28,42,14,0,0,0,0,tcp_input,/Users/swchen.tw/git/percepio/poc/runs/tcp-workload-matrix-v1/A02-baseline/build/tcp_in.o,
by_pc,2147509632,14,56,112,126,14,0,24,18,0,tcp_input,/Users/swchen.tw/git/percepio/poc/runs/tcp-workload-matrix-v1/A02-baseline/build/tcp_in.o,
by_pc,2147509674,14,28,56,70,14,14,0,0,0,tcp_input,/Users/swchen.tw/git/percepio/poc/runs/tcp-workload-matrix-v1/A02-baseline/build/tcp_in.o,
by_pc,2147509678,14,14,28,42,14,0,0,0,0,tcp_input,/Users/swchen.tw/git/percepio/poc/runs/tcp-workload-matrix-v1/A02-baseline/build/tcp_in.o,
by_pc,2147509682,14,14,28,42,14,0,0,0,0,tcp_input,/Users/swchen.tw/git/percepio/poc/runs/tcp-workload-matrix-v1/A02-baseline/build/tcp_in.o,
by_pc,2147509686,14,14,28,42,14,0,0,0,0,tcp_input,/Users/swchen.tw/git/percepio/poc/runs/tcp-workload-matrix-v1/A02-baseline/build/tcp_in.o,
by_pc,2147509690,14,14,28,42,14,0,0,0,0,tcp_input,/Users/swchen.tw/git/percepio/poc/runs/tcp-workload-matrix-v1/A02-baseline/build/tcp_in.o,
by_pc,2147509694,14,14,28,42,14,0,0,0,0,tcp_input,/Users/swchen.tw/git/percepio/poc/runs/tcp-workload-matrix-v1/A02-baseline/build/tcp_in.o,
by_pc,2147509696,14,120,240,254,14,0,88,18,0,tcp_input,/Users/swchen.tw/git/percepio/poc/runs/tcp-workload-matrix-v1/A02-baseline/build/tcp_in.o,
by_pc,2147509698,14,14,28,42,14,0,0,0,0,tcp_input,/Users/swchen.tw/git/percepio/poc/runs/tcp-workload-matrix-v1/A02-baseline/build/tcp_in.o,
by_pc,2147500016,25,51,102,127,25,0,8,18,0,ip_chksum_pseudo,/Users/swchen.tw/git/percepio/poc/runs/tcp-workload-matrix-v1/A02-baseline/build/inet_chksum.o,
by_pc,2147509702,14,14,28,42,14,0,0,0,0,tcp_input,/Users/swchen.tw/git/percepio/poc/runs/tcp-workload-matrix-v1/A02-baseline/build/tcp_in.o,
by_pc,2147509724,14,28,56,70,14,14,0,0,0,tcp_input,/Users/swchen.tw/git/percepio/poc/runs/tcp-workload-matrix-v1/A02-baseline/build/tcp_in.o,
by_pc,2147509728,14,28,56,70,14,14,0,0,0,tcp_input,/Users/swchen.tw/git/percepio/poc/runs/tcp-workload-matrix-v1/A02-baseline/build/tcp_in.o,
by_pc,2147509732,14,28,56,70,14,14,0,0,0,tcp_input,/Users/swchen.tw/git/percepio/poc/runs/tcp-workload-matrix-v1/A02-baseline/build/tcp_in.o,
by_pc,2147509736,14,14,28,42,14,0,0,0,0,tcp_input,/Users/swchen.tw/git/percepio/poc/runs/tcp-workload-matrix-v1/A02-baseline/build/tcp_in.o,
by_pc,2147509738,14,14,28,42,14,0,0,0,0,tcp_input,/Users/swchen.tw/git/percepio/poc/runs/tcp-workload-matrix-v1/A02-baseline/build/tcp_in.o,
by_pc,2147509740,14,14,28,42,14,0,0,0,0,tcp_input,/Users/swchen.tw/git/percepio/poc/runs/tcp-workload-matrix-v1/A02-baseline/build/tcp_in.o,
by_pc,2147509744,14,14,28,42,14,0,0,0,0,tcp_input,/Users/swchen.tw/git/percepio/poc/runs/tcp-workload-matrix-v1/A02-baseline/build/tcp_in.o,
by_pc,2147509748,14,14,28,42,14,0,0,0,0,tcp_input,/Users/swchen.tw/git/percepio/poc/runs/tcp-workload-matrix-v1/A02-baseline/build/tcp_in.o,
by_pc,2147509752,14,14,28,42,14,0,0,0,0,tcp_input,/Users/swchen.tw/git/percepio/poc/runs/tcp-workload-matrix-v1/A02-baseline/build/tcp_in.o,
by_pc,2147509756,14,28,56,70,14,14,0,0,0,tcp_input,/Users/swchen.tw/git/percepio/poc/runs/tcp-workload-matrix-v1/A02-baseline/build/tcp_in.o,
by_pc,2147509760,14,146,292,306,14,0,96,36,0,tcp_input,/Users/swchen.tw/git/percepio/poc/runs/tcp-workload-matrix-v1/A02-baseline/build/tcp_in.o,
by_pc,2147509764,14,14,28,42,14,0,0,0,0,tcp_input,/Users/swchen.tw/git/percepio/poc/runs/tcp-workload-matrix-v1/A02-baseline/build/tcp_in.o,
by_pc,2147509768,14,294,588,602,14,14,112,0,154,tcp_input,/Users/swchen.tw/git/percepio/poc/runs/tcp-workload-matrix-v1/A02-baseline/build/tcp_in.o,
by_pc,2147509772,14,294,588,602,14,14,112,0,154,tcp_input,/Users/swchen.tw/git/percepio/poc/runs/tcp-workload-matrix-v1/A02-baseline/build/tcp_in.o,
by_pc,2147509776,14,28,56,70,14,14,0,0,0,tcp_input,/Users/swchen.tw/git/percepio/poc/runs/tcp-workload-matrix-v1/A02-baseline/build/tcp_in.o,
by_pc,2147509780,14,14,28,42,14,0,0,0,0,tcp_input,/Users/swchen.tw/git/percepio/poc/runs/tcp-workload-matrix-v1/A02-baseline/build/tcp_in.o,
by_pc,2147509784,14,14,28,42,14,0,0,0,0,tcp_input,/Users/swchen.tw/git/percepio/poc/runs/tcp-workload-matrix-v1/A02-baseline/build/tcp_in.o,
by_pc,2147509786,14,294,588,602,14,14,112,0,154,tcp_input,/Users/swchen.tw/git/percepio/poc/runs/tcp-workload-matrix-v1/A02-baseline/build/tcp_in.o,
by_pc,2147509790,14,14,28,42,14,0,0,0,0,tcp_input,/Users/swchen.tw/git/percepio/poc/runs/tcp-workload-matrix-v1/A02-baseline/build/tcp_in.o,
by_pc,2147509794,14,28,56,70,14,14,0,0,0,tcp_input,/Users/swchen.tw/git/percepio/poc/runs/tcp-workload-matrix-v1/A02-baseline/build/tcp_in.o,
by_pc,2147509798,14,14,28,42,14,0,0,0,0,tcp_input,/Users/swchen.tw/git/percepio/poc/runs/tcp-workload-matrix-v1/A02-baseline/build/tcp_in.o,
by_pc,2147509802,14,14,28,42,14,0,0,0,0,tcp_input,/Users/swchen.tw/git/percepio/poc/runs/tcp-workload-matrix-v1/A02-baseline/build/tcp_in.o,
by_pc,2147509806,14,28,56,70,14,14,0,0,0,tcp_input,/Users/swchen.tw/git/percepio/poc/runs/tcp-workload-matrix-v1/A02-baseline/build/tcp_in.o,
by_pc,2147509810,14,28,56,70,14,14,0,0,0,tcp_input,/Users/swchen.tw/git/percepio/poc/runs/tcp-workload-matrix-v1/A02-baseline/build/tcp_in.o,
by_pc,2147509814,14,14,28,42,14,0,0,0,0,tcp_input,/Users/swchen.tw/git/percepio/poc/runs/tcp-workload-matrix-v1/A02-baseline/build/tcp_in.o,
by_pc,2147509816,14,14,28,42,14,0,0,0,0,tcp_input,/Users/swchen.tw/git/percepio/poc/runs/tcp-workload-matrix-v1/A02-baseline/build/tcp_in.o,
by_pc,2147509818,14,14,28,42,14,0,0,0,0,tcp_input,/Users/swchen.tw/git/percepio/poc/runs/tcp-workload-matrix-v1/A02-baseline/build/tcp_in.o,
by_pc,2147509822,14,448,896,910,28,14,216,36,154,tcp_input,/Users/swchen.tw/git/percepio/poc/runs/tcp-workload-matrix-v1/A02-baseline/build/tcp_in.o,
by_pc,2147509826,14,14,28,42,14,0,0,0,0,tcp_input,/Users/swchen.tw/git/percepio/poc/runs/tcp-workload-matrix-v1/A02-baseline/build/tcp_in.o,
by_pc,2147509828,14,294,588,602,14,14,112,0,154,tcp_input,/Users/swchen.tw/git/percepio/poc/runs/tcp-workload-matrix-v1/A02-baseline/build/tcp_in.o,
by_pc,2147509832,14,28,56,70,14,14,0,0,0,tcp_input,/Users/swchen.tw/git/percepio/poc/runs/tcp-workload-matrix-v1/A02-baseline/build/tcp_in.o,
by_pc,2147509836,14,28,56,70,14,14,0,0,0,tcp_input,/Users/swchen.tw/git/percepio/poc/runs/tcp-workload-matrix-v1/A02-baseline/build/tcp_in.o,
by_pc,2147509840,14,28,56,70,14,14,0,0,0,tcp_input,/Users/swchen.tw/git/percepio/poc/runs/tcp-workload-matrix-v1/A02-baseline/build/tcp_in.o,
by_pc,2147509844,14,14,28,42,14,0,0,0,0,tcp_input,/Users/swchen.tw/git/percepio/poc/runs/tcp-workload-matrix-v1/A02-baseline/build/tcp_in.o,
by_pc,2147509846,14,14,28,42,14,0,0,0,0,tcp_input,/Users/swchen.tw/git/percepio/poc/runs/tcp-workload-matrix-v1/A02-baseline/build/tcp_in.o,
by_pc,2147509848,14,14,28,42,14,0,0,0,0,tcp_input,/Users/swchen.tw/git/percepio/poc/runs/tcp-workload-matrix-v1/A02-baseline/build/tcp_in.o,
by_pc,2147509852,14,294,588,602,14,14,112,0,154,tcp_input,/Users/swchen.tw/git/percepio/poc/runs/tcp-workload-matrix-v1/A02-baseline/build/tcp_in.o,
by_pc,2147509856,14,14,28,42,14,0,0,0,0,tcp_input,/Users/swchen.tw/git/percepio/poc/runs/tcp-workload-matrix-v1/A02-baseline/build/tcp_in.o,
by_pc,2147509858,14,294,588,602,14,14,112,0,154,tcp_input,/Users/swchen.tw/git/percepio/poc/runs/tcp-workload-matrix-v1/A02-baseline/build/tcp_in.o,
by_pc,2147509862,14,28,56,70,14,14,0,0,0,tcp_input,/Users/swchen.tw/git/percepio/poc/runs/tcp-workload-matrix-v1/A02-baseline/build/tcp_in.o,
by_pc,2147509866,14,28,56,70,14,14,0,0,0,tcp_input,/Users/swchen.tw/git/percepio/poc/runs/tcp-workload-matrix-v1/A02-baseline/build/tcp_in.o,
by_pc,2147509870,14,28,56,70,14,14,0,0,0,tcp_input,/Users/swchen.tw/git/percepio/poc/runs/tcp-workload-matrix-v1/A02-baseline/build/tcp_in.o,
by_pc,2147509874,14,28,56,70,14,14,0,0,0,tcp_input,/Users/swchen.tw/git/percepio/poc/runs/tcp-workload-matrix-v1/A02-baseline/build/tcp_in.o,
by_pc,2147509878,14,14,28,42,14,0,0,0,0,tcp_input,/Users/swchen.tw/git/percepio/poc/runs/tcp-workload-matrix-v1/A02-baseline/build/tcp_in.o,
by_pc,2147509880,14,14,28,42,14,0,0,0,0,tcp_input,/Users/swchen.tw/git/percepio/poc/runs/tcp-workload-matrix-v1/A02-baseline/build/tcp_in.o,
by_pc,2147509882,14,28,56,70,14,14,0,0,0,tcp_input,/Users/swchen.tw/git/percepio/poc/runs/tcp-workload-matrix-v1/A02-baseline/build/tcp_in.o,
by_pc,2147509886,14,14,28,42,14,0,0,0,0,tcp_input,/Users/swchen.tw/git/percepio/poc/runs/tcp-workload-matrix-v1/A02-baseline/build/tcp_in.o,
by_pc,2147509888,14,180,360,374,14,0,112,54,0,tcp_input,/Users/swchen.tw/git/percepio/poc/runs/tcp-workload-matrix-v1/A02-baseline/build/tcp_in.o,
by_pc,2147509890,14,14,28,42,14,0,0,0,0,tcp_input,/Users/swchen.tw/git/percepio/poc/runs/tcp-workload-matrix-v1/A02-baseline/build/tcp_in.o,
by_pc,2147509892,14,14,28,42,14,0,0,0,0,tcp_input,/Users/swchen.tw/git/percepio/poc/runs/tcp-workload-matrix-v1/A02-baseline/build/tcp_in.o,
by_pc,2147509894,14,14,28,42,14,0,0,0,0,tcp_input,/Users/swchen.tw/git/percepio/poc/runs/tcp-workload-matrix-v1/A02-baseline/build/tcp_in.o,
by_pc,2147509898,14,14,28,42,14,0,0,0,0,tcp_input,/Users/swchen.tw/git/percepio/poc/runs/tcp-workload-matrix-v1/A02-baseline/build/tcp_in.o,
by_pc,2147509902,14,294,588,602,14,14,112,0,154,tcp_input,/Users/swchen.tw/git/percepio/poc/runs/tcp-workload-matrix-v1/A02-baseline/build/tcp_in.o,
by_pc,2147509906,14,14,28,42,14,0,0,0,0,tcp_input,/Users/swchen.tw/git/percepio/poc/runs/tcp-workload-matrix-v1/A02-baseline/build/tcp_in.o,
by_pc,2147509910,14,294,588,602,14,14,112,0,154,tcp_input,/Users/swchen.tw/git/percepio/poc/runs/tcp-workload-matrix-v1/A02-baseline/build/tcp_in.o,
by_pc,2147509914,14,14,28,42,14,0,0,0,0,tcp_input,/Users/swchen.tw/git/percepio/poc/runs/tcp-workload-matrix-v1/A02-baseline/build/tcp_in.o,
by_pc,2147509918,14,294,588,602,14,14,112,0,154,tcp_input,/Users/swchen.tw/git/percepio/poc/runs/tcp-workload-matrix-v1/A02-baseline/build/tcp_in.o,
by_pc,2147509922,14,294,588,602,14,14,112,0,154,tcp_input,/Users/swchen.tw/git/percepio/poc/runs/tcp-workload-matrix-v1/A02-baseline/build/tcp_in.o,
by_pc,2147509926,14,28,56,70,14,14,0,0,0,tcp_input,/Users/swchen.tw/git/percepio/poc/runs/tcp-workload-matrix-v1/A02-baseline/build/tcp_in.o,
by_pc,2147509930,14,294,588,602,14,14,112,0,154,tcp_input,/Users/swchen.tw/git/percepio/poc/runs/tcp-workload-matrix-v1/A02-baseline/build/tcp_in.o,
by_pc,2147509934,14,28,56,70,14,14,0,0,0,tcp_input,/Users/swchen.tw/git/percepio/poc/runs/tcp-workload-matrix-v1/A02-baseline/build/tcp_in.o,
by_pc,2147509938,14,28,56,70,14,14,0,0,0,tcp_input,/Users/swchen.tw/git/percepio/poc/runs/tcp-workload-matrix-v1/A02-baseline/build/tcp_in.o,
by_pc,2147509942,14,28,56,70,14,14,0,0,0,tcp_input,/Users/swchen.tw/git/percepio/poc/runs/tcp-workload-matrix-v1/A02-baseline/build/tcp_in.o,
by_pc,2147509946,14,14,28,42,14,0,0,0,0,tcp_input,/Users/swchen.tw/git/percepio/poc/runs/tcp-workload-matrix-v1/A02-baseline/build/tcp_in.o,
by_pc,2147509948,14,14,28,42,14,0,0,0,0,tcp_input,/Users/swchen.tw/git/percepio/poc/runs/tcp-workload-matrix-v1/A02-baseline/build/tcp_in.o,
by_pc,2147509950,14,200,400,414,28,14,104,54,0,tcp_input,/Users/swchen.tw/git/percepio/poc/runs/tcp-workload-matrix-v1/A02-baseline/build/tcp_in.o,
by_pc,2147509954,14,14,28,42,14,0,0,0,0,tcp_input,/Users/swchen.tw/git/percepio/poc/runs/tcp-workload-matrix-v1/A02-baseline/build/tcp_in.o,
by_pc,2147509956,14,14,28,42,14,0,0,0,0,tcp_input,/Users/swchen.tw/git/percepio/poc/runs/tcp-workload-matrix-v1/A02-baseline/build/tcp_in.o,
by_pc,2147509958,14,14,28,42,14,0,0,0,0,tcp_input,/Users/swchen.tw/git/percepio/poc/runs/tcp-workload-matrix-v1/A02-baseline/build/tcp_in.o,
by_pc,2147509960,14,14,28,42,14,0,0,0,0,tcp_input,/Users/swchen.tw/git/percepio/poc/runs/tcp-workload-matrix-v1/A02-baseline/build/tcp_in.o,
by_pc,2147509962,14,14,28,42,14,0,0,0,0,tcp_input,/Users/swchen.tw/git/percepio/poc/runs/tcp-workload-matrix-v1/A02-baseline/build/tcp_in.o,
by_pc,2147509966,14,14,28,42,14,0,0,0,0,tcp_input,/Users/swchen.tw/git/percepio/poc/runs/tcp-workload-matrix-v1/A02-baseline/build/tcp_in.o,
by_pc,2147509970,14,294,588,602,14,14,112,0,154,tcp_input,/Users/swchen.tw/git/percepio/poc/runs/tcp-workload-matrix-v1/A02-baseline/build/tcp_in.o,
by_pc,2147509974,14,14,28,42,14,0,0,0,0,tcp_input,/Users/swchen.tw/git/percepio/poc/runs/tcp-workload-matrix-v1/A02-baseline/build/tcp_in.o,
by_pc,2147509978,14,294,588,602,14,14,112,0,154,tcp_input,/Users/swchen.tw/git/percepio/poc/runs/tcp-workload-matrix-v1/A02-baseline/build/tcp_in.o,
by_pc,2147509982,14,14,28,42,14,0,0,0,0,tcp_input,/Users/swchen.tw/git/percepio/poc/runs/tcp-workload-matrix-v1/A02-baseline/build/tcp_in.o,
by_pc,2147509986,14,294,588,602,14,14,112,0,154,tcp_input,/Users/swchen.tw/git/percepio/poc/runs/tcp-workload-matrix-v1/A02-baseline/build/tcp_in.o,
by_pc,2147509990,14,294,588,602,14,14,112,0,154,tcp_input,/Users/swchen.tw/git/percepio/poc/runs/tcp-workload-matrix-v1/A02-baseline/build/tcp_in.o,
by_pc,2147509994,14,28,56,70,14,14,0,0,0,tcp_input,/Users/swchen.tw/git/percepio/poc/runs/tcp-workload-matrix-v1/A02-baseline/build/tcp_in.o,
by_pc,2147509998,14,294,588,602,14,14,112,0,154,tcp_input,/Users/swchen.tw/git/percepio/poc/runs/tcp-workload-matrix-v1/A02-baseline/build/tcp_in.o,
by_pc,2147510002,14,28,56,70,14,14,0,0,0,tcp_input,/Users/swchen.tw/git/percepio/poc/runs/tcp-workload-matrix-v1/A02-baseline/build/tcp_in.o,
by_pc,2147510006,14,28,56,70,14,14,0,0,0,tcp_input,/Users/swchen.tw/git/percepio/poc/runs/tcp-workload-matrix-v1/A02-baseline/build/tcp_in.o,
by_pc,2147510010,14,14,28,42,14,0,0,0,0,tcp_input,/Users/swchen.tw/git/percepio/poc/runs/tcp-workload-matrix-v1/A02-baseline/build/tcp_in.o,
by_pc,2147510012,14,14,28,42,14,0,0,0,0,tcp_input,/Users/swchen.tw/git/percepio/poc/runs/tcp-workload-matrix-v1/A02-baseline/build/tcp_in.o,
by_pc,2147510014,14,176,352,366,28,0,112,36,0,tcp_input,/Users/swchen.tw/git/percepio/poc/runs/tcp-workload-matrix-v1/A02-baseline/build/tcp_in.o,
by_pc,2147510018,14,28,56,70,14,14,0,0,0,tcp_input,/Users/swchen.tw/git/percepio/poc/runs/tcp-workload-matrix-v1/A02-baseline/build/tcp_in.o,
by_pc,2147510022,14,294,588,602,14,14,112,0,154,tcp_input,/Users/swchen.tw/git/percepio/poc/runs/tcp-workload-matrix-v1/A02-baseline/build/tcp_in.o,
by_pc,2147510026,14,14,28,42,14,0,0,0,0,tcp_input,/Users/swchen.tw/git/percepio/poc/runs/tcp-workload-matrix-v1/A02-baseline/build/tcp_in.o,
by_pc,2147510028,14,294,588,602,14,14,112,0,154,tcp_input,/Users/swchen.tw/git/percepio/poc/runs/tcp-workload-matrix-v1/A02-baseline/build/tcp_in.o,
by_pc,2147510032,14,28,56,70,14,14,0,0,0,tcp_input,/Users/swchen.tw/git/percepio/poc/runs/tcp-workload-matrix-v1/A02-baseline/build/tcp_in.o,
by_pc,2147510036,14,28,56,70,14,14,0,0,0,tcp_input,/Users/swchen.tw/git/percepio/poc/runs/tcp-workload-matrix-v1/A02-baseline/build/tcp_in.o,
by_pc,2147510040,14,14,28,42,14,0,0,0,0,tcp_input,/Users/swchen.tw/git/percepio/poc/runs/tcp-workload-matrix-v1/A02-baseline/build/tcp_in.o,
by_pc,2147510042,14,14,28,42,14,0,0,0,0,tcp_input,/Users/swchen.tw/git/percepio/poc/runs/tcp-workload-matrix-v1/A02-baseline/build/tcp_in.o,
by_pc,2147510044,14,14,28,42,14,0,0,0,0,tcp_input,/Users/swchen.tw/git/percepio/poc/runs/tcp-workload-matrix-v1/A02-baseline/build/tcp_in.o,
by_pc,2147510048,14,14,28,42,14,0,0,0,0,tcp_input,/Users/swchen.tw/git/percepio/poc/runs/tcp-workload-matrix-v1/A02-baseline/build/tcp_in.o,
by_pc,2147510052,14,294,588,602,14,14,112,0,154,tcp_input,/Users/swchen.tw/git/percepio/poc/runs/tcp-workload-matrix-v1/A02-baseline/build/tcp_in.o,
by_pc,2147510056,14,14,28,42,14,0,0,0,0,tcp_input,/Users/swchen.tw/git/percepio/poc/runs/tcp-workload-matrix-v1/A02-baseline/build/tcp_in.o,
by_pc,2147510060,14,28,56,70,14,14,0,0,0,tcp_input,/Users/swchen.tw/git/percepio/poc/runs/tcp-workload-matrix-v1/A02-baseline/build/tcp_in.o,
by_pc,2147510064,14,14,28,42,14,0,0,0,0,tcp_input,/Users/swchen.tw/git/percepio/poc/runs/tcp-workload-matrix-v1/A02-baseline/build/tcp_in.o,
by_pc,2147510068,2,2,4,6,2,0,0,0,0,tcp_input,/Users/swchen.tw/git/percepio/poc/runs/tcp-workload-matrix-v1/A02-baseline/build/tcp_in.o,
by_pc,2147510072,2,2,4,6,2,0,0,0,0,tcp_input,/Users/swchen.tw/git/percepio/poc/runs/tcp-workload-matrix-v1/A02-baseline/build/tcp_in.o,
by_pc,2147510074,2,2,4,6,2,0,0,0,0,tcp_input,/Users/swchen.tw/git/percepio/poc/runs/tcp-workload-matrix-v1/A02-baseline/build/tcp_in.o,
by_pc,2147510076,2,42,84,86,2,2,16,0,22,tcp_input,/Users/swchen.tw/git/percepio/poc/runs/tcp-workload-matrix-v1/A02-baseline/build/tcp_in.o,
by_pc,2147510080,2,36,72,74,2,0,16,18,0,tcp_input,/Users/swchen.tw/git/percepio/poc/runs/tcp-workload-matrix-v1/A02-baseline/build/tcp_in.o,
by_pc,2147510084,14,110,220,234,14,0,96,0,0,tcp_input,/Users/swchen.tw/git/percepio/poc/runs/tcp-workload-matrix-v1/A02-baseline/build/tcp_in.o,
by_pc,2147510088,14,28,56,70,14,14,0,0,0,tcp_input,/Users/swchen.tw/git/percepio/poc/runs/tcp-workload-matrix-v1/A02-baseline/build/tcp_in.o,
by_pc,2147510092,14,28,56,70,14,14,0,0,0,tcp_input,/Users/swchen.tw/git/percepio/poc/runs/tcp-workload-matrix-v1/A02-baseline/build/tcp_in.o,
by_pc,2147510096,14,28,56,70,14,14,0,0,0,tcp_input,/Users/swchen.tw/git/percepio/poc/runs/tcp-workload-matrix-v1/A02-baseline/build/tcp_in.o,
by_pc,2147510100,14,28,56,70,14,14,0,0,0,tcp_input,/Users/swchen.tw/git/percepio/poc/runs/tcp-workload-matrix-v1/A02-baseline/build/tcp_in.o,
by_pc,2147510104,14,14,28,42,14,0,0,0,0,tcp_input,/Users/swchen.tw/git/percepio/poc/runs/tcp-workload-matrix-v1/A02-baseline/build/tcp_in.o,
by_pc,2147510106,14,14,28,42,14,0,0,0,0,tcp_input,/Users/swchen.tw/git/percepio/poc/runs/tcp-workload-matrix-v1/A02-baseline/build/tcp_in.o,
by_pc,2147510108,14,14,28,42,14,0,0,0,0,tcp_input,/Users/swchen.tw/git/percepio/poc/runs/tcp-workload-matrix-v1/A02-baseline/build/tcp_in.o,
by_pc,2147510112,1,2,4,5,1,1,0,0,0,tcp_input,/Users/swchen.tw/git/percepio/poc/runs/tcp-workload-matrix-v1/A02-baseline/build/tcp_in.o,
by_pc,2147510116,1,1,2,3,1,0,0,0,0,tcp_input,/Users/swchen.tw/git/percepio/poc/runs/tcp-workload-matrix-v1/A02-baseline/build/tcp_in.o,
by_pc,2147510120,1,1,2,3,1,0,0,0,0,tcp_input,/Users/swchen.tw/git/percepio/poc/runs/tcp-workload-matrix-v1/A02-baseline/build/tcp_in.o,
by_pc,2147510124,1,2,4,5,1,1,0,0,0,tcp_input,/Users/swchen.tw/git/percepio/poc/runs/tcp-workload-matrix-v1/A02-baseline/build/tcp_in.o,
by_pc,2147510126,1,2,4,5,1,1,0,0,0,tcp_input,/Users/swchen.tw/git/percepio/poc/runs/tcp-workload-matrix-v1/A02-baseline/build/tcp_in.o,
by_pc,2147510130,1,1,2,3,1,0,0,0,0,tcp_input,/Users/swchen.tw/git/percepio/poc/runs/tcp-workload-matrix-v1/A02-baseline/build/tcp_in.o,
by_pc,2147510132,1,1,2,3,1,0,0,0,0,tcp_input,/Users/swchen.tw/git/percepio/poc/runs/tcp-workload-matrix-v1/A02-baseline/build/tcp_in.o,
by_pc,2147510852,1,28,56,57,1,1,8,18,0,tcp_input,/Users/swchen.tw/git/percepio/poc/runs/tcp-workload-matrix-v1/A02-baseline/build/tcp_in.o,
by_pc,2147510856,1,1,2,3,1,0,0,0,0,tcp_input,/Users/swchen.tw/git/percepio/poc/runs/tcp-workload-matrix-v1/A02-baseline/build/tcp_in.o,
by_pc,2147510872,1,2,4,5,1,1,0,0,0,tcp_input,/Users/swchen.tw/git/percepio/poc/runs/tcp-workload-matrix-v1/A02-baseline/build/tcp_in.o,
by_pc,2147510876,1,2,4,5,1,1,0,0,0,tcp_input,/Users/swchen.tw/git/percepio/poc/runs/tcp-workload-matrix-v1/A02-baseline/build/tcp_in.o,
by_pc,2147510880,1,2,4,5,1,1,0,0,0,tcp_input,/Users/swchen.tw/git/percepio/poc/runs/tcp-workload-matrix-v1/A02-baseline/build/tcp_in.o,
by_pc,2147510884,1,1,2,3,1,0,0,0,0,tcp_input,/Users/swchen.tw/git/percepio/poc/runs/tcp-workload-matrix-v1/A02-baseline/build/tcp_in.o,
by_pc,2147510886,1,1,2,3,1,0,0,0,0,tcp_input,/Users/swchen.tw/git/percepio/poc/runs/tcp-workload-matrix-v1/A02-baseline/build/tcp_in.o,
by_pc,2147510890,1,1,2,3,1,0,0,0,0,tcp_input,/Users/swchen.tw/git/percepio/poc/runs/tcp-workload-matrix-v1/A02-baseline/build/tcp_in.o,
by_pc,2147510894,1,2,4,5,1,1,0,0,0,tcp_input,/Users/swchen.tw/git/percepio/poc/runs/tcp-workload-matrix-v1/A02-baseline/build/tcp_in.o,
by_pc,2147510898,1,1,2,3,1,0,0,0,0,tcp_input,/Users/swchen.tw/git/percepio/poc/runs/tcp-workload-matrix-v1/A02-baseline/build/tcp_in.o,
by_pc,2147510902,1,1,2,3,1,0,0,0,0,tcp_input,/Users/swchen.tw/git/percepio/poc/runs/tcp-workload-matrix-v1/A02-baseline/build/tcp_in.o,
by_pc,2147510912,1,27,54,55,1,0,8,18,0,tcp_input,/Users/swchen.tw/git/percepio/poc/runs/tcp-workload-matrix-v1/A02-baseline/build/tcp_in.o,
by_pc,2147511008,1,27,54,55,1,0,8,18,0,tcp_input,/Users/swchen.tw/git/percepio/poc/runs/tcp-workload-matrix-v1/A02-baseline/build/tcp_in.o,
by_pc,2147511012,1,2,4,5,1,1,0,0,0,tcp_input,/Users/swchen.tw/git/percepio/poc/runs/tcp-workload-matrix-v1/A02-baseline/build/tcp_in.o,
by_pc,2147511016,1,1,2,3,1,0,0,0,0,tcp_input,/Users/swchen.tw/git/percepio/poc/runs/tcp-workload-matrix-v1/A02-baseline/build/tcp_in.o,
by_pc,2147511018,1,1,2,3,1,0,0,0,0,tcp_input,/Users/swchen.tw/git/percepio/poc/runs/tcp-workload-matrix-v1/A02-baseline/build/tcp_in.o,
by_pc,2147511022,1,21,42,43,1,1,8,0,11,tcp_input,/Users/swchen.tw/git/percepio/poc/runs/tcp-workload-matrix-v1/A02-baseline/build/tcp_in.o,
by_pc,2147511026,1,1,2,3,1,0,0,0,0,tcp_input,/Users/swchen.tw/git/percepio/poc/runs/tcp-workload-matrix-v1/A02-baseline/build/tcp_in.o,
by_pc,2147510932,1,1,2,3,1,0,0,0,0,tcp_input,/Users/swchen.tw/git/percepio/poc/runs/tcp-workload-matrix-v1/A02-baseline/build/tcp_in.o,
by_pc,2147510936,1,1,2,3,1,0,0,0,0,tcp_input,/Users/swchen.tw/git/percepio/poc/runs/tcp-workload-matrix-v1/A02-baseline/build/tcp_in.o,
by_pc,2147510938,1,1,2,3,1,0,0,0,0,tcp_input,/Users/swchen.tw/git/percepio/poc/runs/tcp-workload-matrix-v1/A02-baseline/build/tcp_in.o,
by_pc,2147510942,1,1,2,3,1,0,0,0,0,tcp_input,/Users/swchen.tw/git/percepio/poc/runs/tcp-workload-matrix-v1/A02-baseline/build/tcp_in.o,
by_pc,2147511028,1,1,2,3,1,0,0,0,0,tcp_input,/Users/swchen.tw/git/percepio/poc/runs/tcp-workload-matrix-v1/A02-baseline/build/tcp_in.o,
by_pc,2147511030,1,1,2,3,1,0,0,0,0,tcp_input,/Users/swchen.tw/git/percepio/poc/runs/tcp-workload-matrix-v1/A02-baseline/build/tcp_in.o,
by_pc,2147511034,1,2,4,5,1,1,0,0,0,tcp_input,/Users/swchen.tw/git/percepio/poc/runs/tcp-workload-matrix-v1/A02-baseline/build/tcp_in.o,
by_pc,2147511038,1,28,56,57,2,0,8,18,0,tcp_input,/Users/swchen.tw/git/percepio/poc/runs/tcp-workload-matrix-v1/A02-baseline/build/tcp_in.o,
by_pc,2147501134,17,25,50,67,17,0,8,0,0,do_memp_malloc_pool,/Users/swchen.tw/git/percepio/poc/runs/tcp-workload-matrix-v1/A02-baseline/build/memp.o,
by_pc,2147511042,1,1,2,3,1,0,0,0,0,tcp_input,/Users/swchen.tw/git/percepio/poc/runs/tcp-workload-matrix-v1/A02-baseline/build/tcp_in.o,
by_pc,2147511044,1,1,2,3,1,0,0,0,0,tcp_input,/Users/swchen.tw/git/percepio/poc/runs/tcp-workload-matrix-v1/A02-baseline/build/tcp_in.o,
by_pc,2147511084,1,2,4,5,1,1,0,0,0,tcp_input,/Users/swchen.tw/git/percepio/poc/runs/tcp-workload-matrix-v1/A02-baseline/build/tcp_in.o,
by_pc,2147511088,1,21,42,43,1,1,8,0,11,tcp_input,/Users/swchen.tw/git/percepio/poc/runs/tcp-workload-matrix-v1/A02-baseline/build/tcp_in.o,
by_pc,2147511090,1,2,4,5,1,1,0,0,0,tcp_input,/Users/swchen.tw/git/percepio/poc/runs/tcp-workload-matrix-v1/A02-baseline/build/tcp_in.o,
by_pc,2147511094,1,21,42,43,1,1,8,0,11,tcp_input,/Users/swchen.tw/git/percepio/poc/runs/tcp-workload-matrix-v1/A02-baseline/build/tcp_in.o,
by_pc,2147511096,1,2,4,5,1,1,0,0,0,tcp_input,/Users/swchen.tw/git/percepio/poc/runs/tcp-workload-matrix-v1/A02-baseline/build/tcp_in.o,
by_pc,2147511100,1,21,42,43,1,1,8,0,11,tcp_input,/Users/swchen.tw/git/percepio/poc/runs/tcp-workload-matrix-v1/A02-baseline/build/tcp_in.o,
by_pc,2147511104,1,28,56,57,1,1,8,18,0,tcp_input,/Users/swchen.tw/git/percepio/poc/runs/tcp-workload-matrix-v1/A02-baseline/build/tcp_in.o,
by_pc,2147511108,1,2,4,5,1,1,0,0,0,tcp_input,/Users/swchen.tw/git/percepio/poc/runs/tcp-workload-matrix-v1/A02-baseline/build/tcp_in.o,
by_pc,2147511112,1,2,4,5,1,1,0,0,0,tcp_input,/Users/swchen.tw/git/percepio/poc/runs/tcp-workload-matrix-v1/A02-baseline/build/tcp_in.o,
by_pc,2147511116,1,1,2,3,1,0,0,0,0,tcp_input,/Users/swchen.tw/git/percepio/poc/runs/tcp-workload-matrix-v1/A02-baseline/build/tcp_in.o,
by_pc,2147511118,1,1,2,3,1,0,0,0,0,tcp_input,/Users/swchen.tw/git/percepio/poc/runs/tcp-workload-matrix-v1/A02-baseline/build/tcp_in.o,
by_pc,2147511120,1,21,42,43,1,1,8,0,11,tcp_input,/Users/swchen.tw/git/percepio/poc/runs/tcp-workload-matrix-v1/A02-baseline/build/tcp_in.o,
by_pc,2147511124,1,1,2,3,1,0,0,0,0,tcp_input,/Users/swchen.tw/git/percepio/poc/runs/tcp-workload-matrix-v1/A02-baseline/build/tcp_in.o,
by_pc,2147511126,1,21,42,43,1,1,8,0,11,tcp_input,/Users/swchen.tw/git/percepio/poc/runs/tcp-workload-matrix-v1/A02-baseline/build/tcp_in.o,
by_pc,2147511128,1,2,4,5,1,1,0,0,0,tcp_input,/Users/swchen.tw/git/percepio/poc/runs/tcp-workload-matrix-v1/A02-baseline/build/tcp_in.o,
by_pc,2147511132,1,1,2,3,1,0,0,0,0,tcp_input,/Users/swchen.tw/git/percepio/poc/runs/tcp-workload-matrix-v1/A02-baseline/build/tcp_in.o,
by_pc,2147511134,1,21,42,43,1,1,8,0,11,tcp_input,/Users/swchen.tw/git/percepio/poc/runs/tcp-workload-matrix-v1/A02-baseline/build/tcp_in.o,
by_pc,2147511136,1,21,42,43,1,1,8,0,11,tcp_input,/Users/swchen.tw/git/percepio/poc/runs/tcp-workload-matrix-v1/A02-baseline/build/tcp_in.o,
by_pc,2147511138,1,1,2,3,1,0,0,0,0,tcp_input,/Users/swchen.tw/git/percepio/poc/runs/tcp-workload-matrix-v1/A02-baseline/build/tcp_in.o,
by_pc,2147503718,1,1,2,3,1,0,0,0,0,tcp_next_iss,/Users/swchen.tw/git/percepio/poc/runs/tcp-workload-matrix-v1/A02-baseline/build/tcp.o,
by_pc,2147503722,1,28,56,57,1,1,8,18,0,tcp_next_iss,/Users/swchen.tw/git/percepio/poc/runs/tcp-workload-matrix-v1/A02-baseline/build/tcp.o,
by_pc,2147503724,1,2,4,5,1,1,0,0,0,tcp_next_iss,/Users/swchen.tw/git/percepio/poc/runs/tcp-workload-matrix-v1/A02-baseline/build/tcp.o,
by_pc,2147503728,1,1,2,3,1,0,0,0,0,tcp_next_iss,/Users/swchen.tw/git/percepio/poc/runs/tcp-workload-matrix-v1/A02-baseline/build/tcp.o,
by_pc,2147503730,1,21,42,43,1,1,8,0,11,tcp_next_iss,/Users/swchen.tw/git/percepio/poc/runs/tcp-workload-matrix-v1/A02-baseline/build/tcp.o,
by_pc,2147503732,1,1,2,3,1,0,0,0,0,tcp_next_iss,/Users/swchen.tw/git/percepio/poc/runs/tcp-workload-matrix-v1/A02-baseline/build/tcp.o,
by_pc,2147511142,1,2,4,5,1,1,0,0,0,tcp_input,/Users/swchen.tw/git/percepio/poc/runs/tcp-workload-matrix-v1/A02-baseline/build/tcp_in.o,
by_pc,2147511146,1,21,42,43,1,1,8,0,11,tcp_input,/Users/swchen.tw/git/percepio/poc/runs/tcp-workload-matrix-v1/A02-baseline/build/tcp_in.o,
by_pc,2147511148,1,21,42,43,1,1,8,0,11,tcp_input,/Users/swchen.tw/git/percepio/poc/runs/tcp-workload-matrix-v1/A02-baseline/build/tcp_in.o,
by_pc,2147511150,1,1,2,3,1,0,0,0,0,tcp_input,/Users/swchen.tw/git/percepio/poc/runs/tcp-workload-matrix-v1/A02-baseline/build/tcp_in.o,
by_pc,2147511152,1,21,42,43,1,1,8,0,11,tcp_input,/Users/swchen.tw/git/percepio/poc/runs/tcp-workload-matrix-v1/A02-baseline/build/tcp_in.o,
by_pc,2147511154,1,21,42,43,1,1,8,0,11,tcp_input,/Users/swchen.tw/git/percepio/poc/runs/tcp-workload-matrix-v1/A02-baseline/build/tcp_in.o,
by_pc,2147511156,1,21,42,43,1,1,8,0,11,tcp_input,/Users/swchen.tw/git/percepio/poc/runs/tcp-workload-matrix-v1/A02-baseline/build/tcp_in.o,
by_pc,2147511158,1,2,4,5,1,1,0,0,0,tcp_input,/Users/swchen.tw/git/percepio/poc/runs/tcp-workload-matrix-v1/A02-baseline/build/tcp_in.o,
by_pc,2147511162,1,21,42,43,1,1,8,0,11,tcp_input,/Users/swchen.tw/git/percepio/poc/runs/tcp-workload-matrix-v1/A02-baseline/build/tcp_in.o,
by_pc,2147511166,1,21,42,43,1,1,8,0,11,tcp_input,/Users/swchen.tw/git/percepio/poc/runs/tcp-workload-matrix-v1/A02-baseline/build/tcp_in.o,
by_pc,2147511168,1,28,56,57,1,1,8,18,0,tcp_input,/Users/swchen.tw/git/percepio/poc/runs/tcp-workload-matrix-v1/A02-baseline/build/tcp_in.o,
by_pc,2147511172,1,1,2,3,1,0,0,0,0,tcp_input,/Users/swchen.tw/git/percepio/poc/runs/tcp-workload-matrix-v1/A02-baseline/build/tcp_in.o,
by_pc,2147511174,1,21,42,43,1,1,8,0,11,tcp_input,/Users/swchen.tw/git/percepio/poc/runs/tcp-workload-matrix-v1/A02-baseline/build/tcp_in.o,
by_pc,2147511178,1,2,4,5,1,1,0,0,0,tcp_input,/Users/swchen.tw/git/percepio/poc/runs/tcp-workload-matrix-v1/A02-baseline/build/tcp_in.o,
by_pc,2147511182,1,21,42,43,1,1,8,0,11,tcp_input,/Users/swchen.tw/git/percepio/poc/runs/tcp-workload-matrix-v1/A02-baseline/build/tcp_in.o,
by_pc,2147511186,1,2,4,5,1,1,0,0,0,tcp_input,/Users/swchen.tw/git/percepio/poc/runs/tcp-workload-matrix-v1/A02-baseline/build/tcp_in.o,
by_pc,2147511190,1,21,42,43,1,1,8,0,11,tcp_input,/Users/swchen.tw/git/percepio/poc/runs/tcp-workload-matrix-v1/A02-baseline/build/tcp_in.o,
by_pc,2147511194,1,21,42,43,1,1,8,0,11,tcp_input,/Users/swchen.tw/git/percepio/poc/runs/tcp-workload-matrix-v1/A02-baseline/build/tcp_in.o,
by_pc,2147511196,1,1,2,3,1,0,0,0,0,tcp_input,/Users/swchen.tw/git/percepio/poc/runs/tcp-workload-matrix-v1/A02-baseline/build/tcp_in.o,
by_pc,2147511200,1,1,2,3,1,0,0,0,0,tcp_input,/Users/swchen.tw/git/percepio/poc/runs/tcp-workload-matrix-v1/A02-baseline/build/tcp_in.o,
by_pc,2147511202,1,21,42,43,1,1,8,0,11,tcp_input,/Users/swchen.tw/git/percepio/poc/runs/tcp-workload-matrix-v1/A02-baseline/build/tcp_in.o,
by_pc,2147511206,1,2,4,5,1,1,0,0,0,tcp_input,/Users/swchen.tw/git/percepio/poc/runs/tcp-workload-matrix-v1/A02-baseline/build/tcp_in.o,
by_pc,2147511210,1,1,2,3,1,0,0,0,0,tcp_input,/Users/swchen.tw/git/percepio/poc/runs/tcp-workload-matrix-v1/A02-baseline/build/tcp_in.o,
by_pc,2147511212,1,1,2,3,1,0,0,0,0,tcp_input,/Users/swchen.tw/git/percepio/poc/runs/tcp-workload-matrix-v1/A02-baseline/build/tcp_in.o,
by_pc,2147511214,1,1,2,3,1,0,0,0,0,tcp_input,/Users/swchen.tw/git/percepio/poc/runs/tcp-workload-matrix-v1/A02-baseline/build/tcp_in.o,
by_pc,2147506728,1,27,54,55,1,0,8,18,0,tcp_parseopt.part.0,/Users/swchen.tw/git/percepio/poc/runs/tcp-workload-matrix-v1/A02-baseline/build/tcp_in.o,
by_pc,2147506730,1,21,42,43,1,1,8,0,11,tcp_parseopt.part.0,/Users/swchen.tw/git/percepio/poc/runs/tcp-workload-matrix-v1/A02-baseline/build/tcp_in.o,
by_pc,2147506732,1,21,42,43,1,1,8,0,11,tcp_parseopt.part.0,/Users/swchen.tw/git/percepio/poc/runs/tcp-workload-matrix-v1/A02-baseline/build/tcp_in.o,
by_pc,2147506734,1,21,42,43,1,1,8,0,11,tcp_parseopt.part.0,/Users/swchen.tw/git/percepio/poc/runs/tcp-workload-matrix-v1/A02-baseline/build/tcp_in.o,
by_pc,2147506736,1,21,42,43,1,1,8,0,11,tcp_parseopt.part.0,/Users/swchen.tw/git/percepio/poc/runs/tcp-workload-matrix-v1/A02-baseline/build/tcp_in.o,
by_pc,2147506738,1,21,42,43,1,1,8,0,11,tcp_parseopt.part.0,/Users/swchen.tw/git/percepio/poc/runs/tcp-workload-matrix-v1/A02-baseline/build/tcp_in.o,
by_pc,2147506740,1,1,2,3,1,0,0,0,0,tcp_parseopt.part.0,/Users/swchen.tw/git/percepio/poc/runs/tcp-workload-matrix-v1/A02-baseline/build/tcp_in.o,
by_pc,2147506742,1,21,42,43,1,1,8,0,11,tcp_parseopt.part.0,/Users/swchen.tw/git/percepio/poc/runs/tcp-workload-matrix-v1/A02-baseline/build/tcp_in.o,
by_pc,2147506746,1,1,2,3,1,0,0,0,0,tcp_parseopt.part.0,/Users/swchen.tw/git/percepio/poc/runs/tcp-workload-matrix-v1/A02-baseline/build/tcp_in.o,
by_pc,2147506748,1,1,2,3,1,0,0,0,0,tcp_parseopt.part.0,/Users/swchen.tw/git/percepio/poc/runs/tcp-workload-matrix-v1/A02-baseline/build/tcp_in.o,
by_pc,2147506750,2,32,64,66,4,2,8,18,0,tcp_parseopt.part.0,/Users/swchen.tw/git/percepio/poc/runs/tcp-workload-matrix-v1/A02-baseline/build/tcp_in.o,
by_pc,2147506754,2,4,8,10,2,2,0,0,0,tcp_parseopt.part.0,/Users/swchen.tw/git/percepio/poc/runs/tcp-workload-matrix-v1/A02-baseline/build/tcp_in.o,
by_pc,2147506758,2,2,4,6,2,0,0,0,0,tcp_parseopt.part.0,/Users/swchen.tw/git/percepio/poc/runs/tcp-workload-matrix-v1/A02-baseline/build/tcp_in.o,
by_pc,2147506776,1,1,2,3,1,0,0,0,0,tcp_parseopt.part.0,/Users/swchen.tw/git/percepio/poc/runs/tcp-workload-matrix-v1/A02-baseline/build/tcp_in.o,
by_pc,2147506456,4,34,68,72,4,4,8,18,0,tcp_get_next_optbyte,/Users/swchen.tw/git/percepio/poc/runs/tcp-workload-matrix-v1/A02-baseline/build/tcp_in.o,
by_pc,2147506460,4,4,8,12,4,0,0,0,0,tcp_get_next_optbyte,/Users/swchen.tw/git/percepio/poc/runs/tcp-workload-matrix-v1/A02-baseline/build/tcp_in.o,
by_pc,2147506464,4,84,168,172,4,4,32,0,44,tcp_get_next_optbyte,/Users/swchen.tw/git/percepio/poc/runs/tcp-workload-matrix-v1/A02-baseline/build/tcp_in.o,
by_pc,2147506468,4,8,16,20,4,4,0,0,0,tcp_get_next_optbyte,/Users/swchen.tw/git/percepio/poc/runs/tcp-workload-matrix-v1/A02-baseline/build/tcp_in.o,
by_pc,2147506472,4,4,8,12,4,0,0,0,0,tcp_get_next_optbyte,/Users/swchen.tw/git/percepio/poc/runs/tcp-workload-matrix-v1/A02-baseline/build/tcp_in.o,
by_pc,2147506482,4,8,16,20,4,4,0,0,0,tcp_get_next_optbyte,/Users/swchen.tw/git/percepio/poc/runs/tcp-workload-matrix-v1/A02-baseline/build/tcp_in.o,
by_pc,2147506486,4,4,8,12,4,0,0,0,0,tcp_get_next_optbyte,/Users/swchen.tw/git/percepio/poc/runs/tcp-workload-matrix-v1/A02-baseline/build/tcp_in.o,
by_pc,2147506488,4,8,16,20,4,4,0,0,0,tcp_get_next_optbyte,/Users/swchen.tw/git/percepio/poc/runs/tcp-workload-matrix-v1/A02-baseline/build/tcp_in.o,
by_pc,2147506492,4,4,8,12,4,0,0,0,0,tcp_get_next_optbyte,/Users/swchen.tw/git/percepio/poc/runs/tcp-workload-matrix-v1/A02-baseline/build/tcp_in.o,
by_pc,2147506780,1,1,2,3,1,0,0,0,0,tcp_parseopt.part.0,/Users/swchen.tw/git/percepio/poc/runs/tcp-workload-matrix-v1/A02-baseline/build/tcp_in.o,
by_pc,2147506784,1,1,2,3,1,0,0,0,0,tcp_parseopt.part.0,/Users/swchen.tw/git/percepio/poc/runs/tcp-workload-matrix-v1/A02-baseline/build/tcp_in.o,
by_pc,2147506812,1,1,2,3,1,0,0,0,0,tcp_parseopt.part.0,/Users/swchen.tw/git/percepio/poc/runs/tcp-workload-matrix-v1/A02-baseline/build/tcp_in.o,
by_pc,2147506816,1,27,54,55,1,0,8,18,0,tcp_parseopt.part.0,/Users/swchen.tw/git/percepio/poc/runs/tcp-workload-matrix-v1/A02-baseline/build/tcp_in.o,
by_pc,2147506818,1,1,2,3,1,0,0,0,0,tcp_parseopt.part.0,/Users/swchen.tw/git/percepio/poc/runs/tcp-workload-matrix-v1/A02-baseline/build/tcp_in.o,
by_pc,2147506822,1,2,4,5,1,1,0,0,0,tcp_parseopt.part.0,/Users/swchen.tw/git/percepio/poc/runs/tcp-workload-matrix-v1/A02-baseline/build/tcp_in.o,
by_pc,2147506826,1,1,2,3,1,0,0,0,0,tcp_parseopt.part.0,/Users/swchen.tw/git/percepio/poc/runs/tcp-workload-matrix-v1/A02-baseline/build/tcp_in.o,
by_pc,2147506828,1,1,2,3,1,0,0,0,0,tcp_parseopt.part.0,/Users/swchen.tw/git/percepio/poc/runs/tcp-workload-matrix-v1/A02-baseline/build/tcp_in.o,
by_pc,2147506832,1,1,2,3,1,0,0,0,0,tcp_parseopt.part.0,/Users/swchen.tw/git/percepio/poc/runs/tcp-workload-matrix-v1/A02-baseline/build/tcp_in.o,
by_pc,2147506836,1,1,2,3,1,0,0,0,0,tcp_parseopt.part.0,/Users/swchen.tw/git/percepio/poc/runs/tcp-workload-matrix-v1/A02-baseline/build/tcp_in.o,
by_pc,2147506840,1,1,2,3,1,0,0,0,0,tcp_parseopt.part.0,/Users/swchen.tw/git/percepio/poc/runs/tcp-workload-matrix-v1/A02-baseline/build/tcp_in.o,
by_pc,2147506844,1,1,2,3,1,0,0,0,0,tcp_parseopt.part.0,/Users/swchen.tw/git/percepio/poc/runs/tcp-workload-matrix-v1/A02-baseline/build/tcp_in.o,
by_pc,2147506846,1,1,2,3,1,0,0,0,0,tcp_parseopt.part.0,/Users/swchen.tw/git/percepio/poc/runs/tcp-workload-matrix-v1/A02-baseline/build/tcp_in.o,
by_pc,2147506850,1,1,2,3,1,0,0,0,0,tcp_parseopt.part.0,/Users/swchen.tw/git/percepio/poc/runs/tcp-workload-matrix-v1/A02-baseline/build/tcp_in.o,
by_pc,2147506852,1,1,2,3,1,0,0,0,0,tcp_parseopt.part.0,/Users/swchen.tw/git/percepio/poc/runs/tcp-workload-matrix-v1/A02-baseline/build/tcp_in.o,
by_pc,2147506854,1,1,2,3,1,0,0,0,0,tcp_parseopt.part.0,/Users/swchen.tw/git/percepio/poc/runs/tcp-workload-matrix-v1/A02-baseline/build/tcp_in.o,
by_pc,2147506858,1,1,2,3,1,0,0,0,0,tcp_parseopt.part.0,/Users/swchen.tw/git/percepio/poc/runs/tcp-workload-matrix-v1/A02-baseline/build/tcp_in.o,
by_pc,2147506866,1,21,42,43,1,1,8,0,11,tcp_parseopt.part.0,/Users/swchen.tw/git/percepio/poc/runs/tcp-workload-matrix-v1/A02-baseline/build/tcp_in.o,
by_pc,2147506870,1,1,2,3,1,0,0,0,0,tcp_parseopt.part.0,/Users/swchen.tw/git/percepio/poc/runs/tcp-workload-matrix-v1/A02-baseline/build/tcp_in.o,
by_pc,2147506762,1,2,4,5,1,1,0,0,0,tcp_parseopt.part.0,/Users/swchen.tw/git/percepio/poc/runs/tcp-workload-matrix-v1/A02-baseline/build/tcp_in.o,
by_pc,2147506764,1,2,4,5,1,1,0,0,0,tcp_parseopt.part.0,/Users/swchen.tw/git/percepio/poc/runs/tcp-workload-matrix-v1/A02-baseline/build/tcp_in.o,
by_pc,2147506766,1,2,4,5,1,1,0,0,0,tcp_parseopt.part.0,/Users/swchen.tw/git/percepio/poc/runs/tcp-workload-matrix-v1/A02-baseline/build/tcp_in.o,
by_pc,2147506768,1,2,4,5,1,1,0,0,0,tcp_parseopt.part.0,/Users/swchen.tw/git/percepio/poc/runs/tcp-workload-matrix-v1/A02-baseline/build/tcp_in.o,
by_pc,2147506770,1,2,4,5,1,1,0,0,0,tcp_parseopt.part.0,/Users/swchen.tw/git/percepio/poc/runs/tcp-workload-matrix-v1/A02-baseline/build/tcp_in.o,
by_pc,2147506772,1,1,2,3,1,0,0,0,0,tcp_parseopt.part.0,/Users/swchen.tw/git/percepio/poc/runs/tcp-workload-matrix-v1/A02-baseline/build/tcp_in.o,
by_pc,2147506774,1,1,2,3,1,0,0,0,0,tcp_parseopt.part.0,/Users/swchen.tw/git/percepio/poc/runs/tcp-workload-matrix-v1/A02-baseline/build/tcp_in.o,
by_pc,2147511218,1,2,4,5,1,1,0,0,0,tcp_input,/Users/swchen.tw/git/percepio/poc/runs/tcp-workload-matrix-v1/A02-baseline/build/tcp_in.o,
by_pc,2147511222,1,1,2,3,1,0,0,0,0,tcp_input,/Users/swchen.tw/git/percepio/poc/runs/tcp-workload-matrix-v1/A02-baseline/build/tcp_in.o,
by_pc,2147511226,1,1,2,3,1,0,0,0,0,tcp_input,/Users/swchen.tw/git/percepio/poc/runs/tcp-workload-matrix-v1/A02-baseline/build/tcp_in.o,
by_pc,2147511228,1,2,4,5,1,1,0,0,0,tcp_input,/Users/swchen.tw/git/percepio/poc/runs/tcp-workload-matrix-v1/A02-baseline/build/tcp_in.o,
by_pc,2147511232,1,28,56,57,1,1,8,18,0,tcp_input,/Users/swchen.tw/git/percepio/poc/runs/tcp-workload-matrix-v1/A02-baseline/build/tcp_in.o,
by_pc,2147511236,1,2,4,5,1,1,0,0,0,tcp_input,/Users/swchen.tw/git/percepio/poc/runs/tcp-workload-matrix-v1/A02-baseline/build/tcp_in.o,
by_pc,2147511240,1,21,42,43,1,1,8,0,11,tcp_input,/Users/swchen.tw/git/percepio/poc/runs/tcp-workload-matrix-v1/A02-baseline/build/tcp_in.o,
by_pc,2147511242,1,1,2,3,1,0,0,0,0,tcp_input,/Users/swchen.tw/git/percepio/poc/runs/tcp-workload-matrix-v1/A02-baseline/build/tcp_in.o,
by_pc,2147511244,1,1,2,3,1,0,0,0,0,tcp_input,/Users/swchen.tw/git/percepio/poc/runs/tcp-workload-matrix-v1/A02-baseline/build/tcp_in.o,
by_pc,2147511246,1,21,42,43,1,1,8,0,11,tcp_input,/Users/swchen.tw/git/percepio/poc/runs/tcp-workload-matrix-v1/A02-baseline/build/tcp_in.o,
by_pc,2147511250,1,21,42,43,1,1,8,0,11,tcp_input,/Users/swchen.tw/git/percepio/poc/runs/tcp-workload-matrix-v1/A02-baseline/build/tcp_in.o,
by_pc,2147511254,1,1,2,3,1,0,0,0,0,tcp_input,/Users/swchen.tw/git/percepio/poc/runs/tcp-workload-matrix-v1/A02-baseline/build/tcp_in.o,
by_pc,2147517992,12,32,64,76,12,12,8,0,0,ip4_route,/Users/swchen.tw/git/percepio/poc/runs/tcp-workload-matrix-v1/A02-baseline/build/ip4.o,
by_pc,2147517996,12,12,24,36,12,0,0,0,0,ip4_route,/Users/swchen.tw/git/percepio/poc/runs/tcp-workload-matrix-v1/A02-baseline/build/ip4.o,
by_pc,2147518054,12,122,244,256,12,12,80,18,0,ip4_route,/Users/swchen.tw/git/percepio/poc/runs/tcp-workload-matrix-v1/A02-baseline/build/ip4.o,
by_pc,2147518058,12,12,24,36,12,0,0,0,0,ip4_route,/Users/swchen.tw/git/percepio/poc/runs/tcp-workload-matrix-v1/A02-baseline/build/ip4.o,
by_pc,2147518062,12,12,24,36,12,0,0,0,0,ip4_route,/Users/swchen.tw/git/percepio/poc/runs/tcp-workload-matrix-v1/A02-baseline/build/ip4.o,
by_pc,2147518064,12,12,24,36,12,0,0,0,0,ip4_route,/Users/swchen.tw/git/percepio/poc/runs/tcp-workload-matrix-v1/A02-baseline/build/ip4.o,
by_pc,2147518068,12,12,24,36,12,0,0,0,0,ip4_route,/Users/swchen.tw/git/percepio/poc/runs/tcp-workload-matrix-v1/A02-baseline/build/ip4.o,
by_pc,2147518070,12,12,24,36,12,0,0,0,0,ip4_route,/Users/swchen.tw/git/percepio/poc/runs/tcp-workload-matrix-v1/A02-baseline/build/ip4.o,
by_pc,2147518072,12,24,48,60,12,12,0,0,0,ip4_route,/Users/swchen.tw/git/percepio/poc/runs/tcp-workload-matrix-v1/A02-baseline/build/ip4.o,
by_pc,2147518074,12,12,24,36,12,0,0,0,0,ip4_route,/Users/swchen.tw/git/percepio/poc/runs/tcp-workload-matrix-v1/A02-baseline/build/ip4.o,
by_pc,2147518076,12,24,48,60,12,12,0,0,0,ip4_route,/Users/swchen.tw/git/percepio/poc/runs/tcp-workload-matrix-v1/A02-baseline/build/ip4.o,
by_pc,2147518078,12,24,48,60,12,12,0,0,0,ip4_route,/Users/swchen.tw/git/percepio/poc/runs/tcp-workload-matrix-v1/A02-baseline/build/ip4.o,
by_pc,2147518080,12,84,168,180,12,0,72,0,0,ip4_route,/Users/swchen.tw/git/percepio/poc/runs/tcp-workload-matrix-v1/A02-baseline/build/ip4.o,
by_pc,2147518082,12,12,24,36,12,0,0,0,0,ip4_route,/Users/swchen.tw/git/percepio/poc/runs/tcp-workload-matrix-v1/A02-baseline/build/ip4.o,
by_pc,2147518084,12,12,24,36,12,0,0,0,0,ip4_route,/Users/swchen.tw/git/percepio/poc/runs/tcp-workload-matrix-v1/A02-baseline/build/ip4.o,
by_pc,2147518050,12,12,24,36,12,0,0,0,0,ip4_route,/Users/swchen.tw/git/percepio/poc/runs/tcp-workload-matrix-v1/A02-baseline/build/ip4.o,
by_pc,2147518052,12,12,24,36,12,0,0,0,0,ip4_route,/Users/swchen.tw/git/percepio/poc/runs/tcp-workload-matrix-v1/A02-baseline/build/ip4.o,
by_pc,2147511258,1,2,4,5,1,1,0,0,0,tcp_input,/Users/swchen.tw/git/percepio/poc/runs/tcp-workload-matrix-v1/A02-baseline/build/tcp_in.o,
by_pc,2147511260,1,1,2,3,1,0,0,0,0,tcp_input,/Users/swchen.tw/git/percepio/poc/runs/tcp-workload-matrix-v1/A02-baseline/build/tcp_in.o,
by_pc,2147511262,1,1,2,3,1,0,0,0,0,tcp_input,/Users/swchen.tw/git/percepio/poc/runs/tcp-workload-matrix-v1/A02-baseline/build/tcp_in.o,
by_pc,2147511264,1,1,2,3,1,0,0,0,0,tcp_input,/Users/swchen.tw/git/percepio/poc/runs/tcp-workload-matrix-v1/A02-baseline/build/tcp_in.o,
by_pc,2147503734,2,2,4,6,2,0,0,0,0,tcp_eff_send_mss_netif,/Users/swchen.tw/git/percepio/poc/runs/tcp-workload-matrix-v1/A02-baseline/build/tcp.o,
by_pc,2147503736,2,4,8,10,2,2,0,0,0,tcp_eff_send_mss_netif,/Users/swchen.tw/git/percepio/poc/runs/tcp-workload-matrix-v1/A02-baseline/build/tcp.o,
by_pc,2147503740,2,2,4,6,2,0,0,0,0,tcp_eff_send_mss_netif,/Users/swchen.tw/git/percepio/poc/runs/tcp-workload-matrix-v1/A02-baseline/build/tcp.o,
by_pc,2147503742,2,30,60,62,4,0,8,18,0,tcp_eff_send_mss_netif,/Users/swchen.tw/git/percepio/poc/runs/tcp-workload-matrix-v1/A02-baseline/build/tcp.o,
by_pc,2147503746,2,2,4,6,2,0,0,0,0,tcp_eff_send_mss_netif,/Users/swchen.tw/git/percepio/poc/runs/tcp-workload-matrix-v1/A02-baseline/build/tcp.o,
by_pc,2147503750,2,2,4,6,2,0,0,0,0,tcp_eff_send_mss_netif,/Users/swchen.tw/git/percepio/poc/runs/tcp-workload-matrix-v1/A02-baseline/build/tcp.o,
by_pc,2147503752,2,2,4,6,2,0,0,0,0,tcp_eff_send_mss_netif,/Users/swchen.tw/git/percepio/poc/runs/tcp-workload-matrix-v1/A02-baseline/build/tcp.o,
by_pc,2147503754,2,2,4,6,2,0,0,0,0,tcp_eff_send_mss_netif,/Users/swchen.tw/git/percepio/poc/runs/tcp-workload-matrix-v1/A02-baseline/build/tcp.o,
by_pc,2147503756,2,2,4,6,2,0,0,0,0,tcp_eff_send_mss_netif,/Users/swchen.tw/git/percepio/poc/runs/tcp-workload-matrix-v1/A02-baseline/build/tcp.o,
by_pc,2147503758,2,2,4,6,2,0,0,0,0,tcp_eff_send_mss_netif,/Users/swchen.tw/git/percepio/poc/runs/tcp-workload-matrix-v1/A02-baseline/build/tcp.o,
by_pc,2147503760,2,2,4,6,2,0,0,0,0,tcp_eff_send_mss_netif,/Users/swchen.tw/git/percepio/poc/runs/tcp-workload-matrix-v1/A02-baseline/build/tcp.o,
by_pc,2147503766,2,2,4,6,2,0,0,0,0,tcp_eff_send_mss_netif,/Users/swchen.tw/git/percepio/poc/runs/tcp-workload-matrix-v1/A02-baseline/build/tcp.o,
by_pc,2147503770,2,2,4,6,2,0,0,0,0,tcp_eff_send_mss_netif,/Users/swchen.tw/git/percepio/poc/runs/tcp-workload-matrix-v1/A02-baseline/build/tcp.o,
by_pc,2147503772,2,2,4,6,2,0,0,0,0,tcp_eff_send_mss_netif,/Users/swchen.tw/git/percepio/poc/runs/tcp-workload-matrix-v1/A02-baseline/build/tcp.o,
by_pc,2147511268,1,21,42,43,1,1,8,0,11,tcp_input,/Users/swchen.tw/git/percepio/poc/runs/tcp-workload-matrix-v1/A02-baseline/build/tcp_in.o,
by_pc,2147511272,1,1,2,3,1,0,0,0,0,tcp_input,/Users/swchen.tw/git/percepio/poc/runs/tcp-workload-matrix-v1/A02-baseline/build/tcp_in.o,
by_pc,2147511274,1,1,2,3,1,0,0,0,0,tcp_input,/Users/swchen.tw/git/percepio/poc/runs/tcp-workload-matrix-v1/A02-baseline/build/tcp_in.o,
by_pc,2147511276,1,1,2,3,1,0,0,0,0,tcp_input,/Users/swchen.tw/git/percepio/poc/runs/tcp-workload-matrix-v1/A02-baseline/build/tcp_in.o,
by_pc,2147514550,2,54,108,110,2,0,16,36,0,tcp_enqueue_flags,/Users/swchen.tw/git/percepio/poc/runs/tcp-workload-matrix-v1/A02-baseline/build/tcp_out.o,
by_pc,2147514554,2,2,4,6,2,0,0,0,0,tcp_enqueue_flags,/Users/swchen.tw/git/percepio/poc/runs/tcp-workload-matrix-v1/A02-baseline/build/tcp_out.o,
by_pc,2147514556,2,2,4,6,2,0,0,0,0,tcp_enqueue_flags,/Users/swchen.tw/git/percepio/poc/runs/tcp-workload-matrix-v1/A02-baseline/build/tcp_out.o,
by_pc,2147514558,2,42,84,86,2,2,16,0,22,tcp_enqueue_flags,/Users/swchen.tw/git/percepio/poc/runs/tcp-workload-matrix-v1/A02-baseline/build/tcp_out.o,
by_pc,2147514560,2,94,188,190,2,2,32,36,22,tcp_enqueue_flags,/Users/swchen.tw/git/percepio/poc/runs/tcp-workload-matrix-v1/A02-baseline/build/tcp_out.o,
by_pc,2147514562,2,2,4,6,2,0,0,0,0,tcp_enqueue_flags,/Users/swchen.tw/git/percepio/poc/runs/tcp-workload-matrix-v1/A02-baseline/build/tcp_out.o,
by_pc,2147514564,2,2,4,6,2,0,0,0,0,tcp_enqueue_flags,/Users/swchen.tw/git/percepio/poc/runs/tcp-workload-matrix-v1/A02-baseline/build/tcp_out.o,
by_pc,2147514566,2,2,4,6,2,0,0,0,0,tcp_enqueue_flags,/Users/swchen.tw/git/percepio/poc/runs/tcp-workload-matrix-v1/A02-baseline/build/tcp_out.o,
by_pc,2147514570,2,2,4,6,2,0,0,0,0,tcp_enqueue_flags,/Users/swchen.tw/git/percepio/poc/runs/tcp-workload-matrix-v1/A02-baseline/build/tcp_out.o,
by_pc,2147514574,2,2,4,6,2,0,0,0,0,tcp_enqueue_flags,/Users/swchen.tw/git/percepio/poc/runs/tcp-workload-matrix-v1/A02-baseline/build/tcp_out.o,
by_pc,2147514578,2,42,84,86,2,2,16,0,22,tcp_enqueue_flags,/Users/swchen.tw/git/percepio/poc/runs/tcp-workload-matrix-v1/A02-baseline/build/tcp_out.o,
by_pc,2147514580,2,42,84,86,2,2,16,0,22,tcp_enqueue_flags,/Users/swchen.tw/git/percepio/poc/runs/tcp-workload-matrix-v1/A02-baseline/build/tcp_out.o,
by_pc,2147514582,2,2,4,6,2,0,0,0,0,tcp_enqueue_flags,/Users/swchen.tw/git/percepio/poc/runs/tcp-workload-matrix-v1/A02-baseline/build/tcp_out.o,
by_pc,2147514586,2,4,8,10,2,2,0,0,0,tcp_enqueue_flags,/Users/swchen.tw/git/percepio/poc/runs/tcp-workload-matrix-v1/A02-baseline/build/tcp_out.o,
by_pc,2147514588,2,2,4,6,2,0,0,0,0,tcp_enqueue_flags,/Users/swchen.tw/git/percepio/poc/runs/tcp-workload-matrix-v1/A02-baseline/build/tcp_out.o,
by_pc,2147514632,2,38,76,78,2,2,16,18,0,tcp_enqueue_flags,/Users/swchen.tw/git/percepio/poc/runs/tcp-workload-matrix-v1/A02-baseline/build/tcp_out.o,
by_pc,2147514634,2,2,4,6,2,0,0,0,0,tcp_enqueue_flags,/Users/swchen.tw/git/percepio/poc/runs/tcp-workload-matrix-v1/A02-baseline/build/tcp_out.o,
by_pc,2147514636,2,2,4,6,2,0,0,0,0,tcp_enqueue_flags,/Users/swchen.tw/git/percepio/poc/runs/tcp-workload-matrix-v1/A02-baseline/build/tcp_out.o,
by_pc,2147514638,2,2,4,6,2,0,0,0,0,tcp_enqueue_flags,/Users/swchen.tw/git/percepio/poc/runs/tcp-workload-matrix-v1/A02-baseline/build/tcp_out.o,
by_pc,2147514640,2,2,4,6,2,0,0,0,0,tcp_enqueue_flags,/Users/swchen.tw/git/percepio/poc/runs/tcp-workload-matrix-v1/A02-baseline/build/tcp_out.o,
by_pc,2147512584,10,86,172,182,10,0,40,36,0,tcp_create_segment,/Users/swchen.tw/git/percepio/poc/runs/tcp-workload-matrix-v1/A02-baseline/build/tcp_out.o,
by_pc,2147512586,10,210,420,430,10,10,80,0,110,tcp_create_segment,/Users/swchen.tw/git/percepio/poc/runs/tcp-workload-matrix-v1/A02-baseline/build/tcp_out.o,
by_pc,2147512588,10,10,20,30,10,0,0,0,0,tcp_create_segment,/Users/swchen.tw/git/percepio/poc/runs/tcp-workload-matrix-v1/A02-baseline/build/tcp_out.o,
by_pc,2147512590,10,10,20,30,10,0,0,0,0,tcp_create_segment,/Users/swchen.tw/git/percepio/poc/runs/tcp-workload-matrix-v1/A02-baseline/build/tcp_out.o,
by_pc,2147512592,10,210,420,430,10,10,80,0,110,tcp_create_segment,/Users/swchen.tw/git/percepio/poc/runs/tcp-workload-matrix-v1/A02-baseline/build/tcp_out.o,
by_pc,2147512594,10,210,420,430,10,10,80,0,110,tcp_create_segment,/Users/swchen.tw/git/percepio/poc/runs/tcp-workload-matrix-v1/A02-baseline/build/tcp_out.o,
by_pc,2147512596,10,210,420,430,10,10,80,0,110,tcp_create_segment,/Users/swchen.tw/git/percepio/poc/runs/tcp-workload-matrix-v1/A02-baseline/build/tcp_out.o,
by_pc,2147512598,10,210,420,430,10,10,80,0,110,tcp_create_segment,/Users/swchen.tw/git/percepio/poc/runs/tcp-workload-matrix-v1/A02-baseline/build/tcp_out.o,
by_pc,2147512600,10,210,420,430,10,10,80,0,110,tcp_create_segment,/Users/swchen.tw/git/percepio/poc/runs/tcp-workload-matrix-v1/A02-baseline/build/tcp_out.o,
by_pc,2147512602,10,210,420,430,10,10,80,0,110,tcp_create_segment,/Users/swchen.tw/git/percepio/poc/runs/tcp-workload-matrix-v1/A02-baseline/build/tcp_out.o,
by_pc,2147512604,10,210,420,430,10,10,80,0,110,tcp_create_segment,/Users/swchen.tw/git/percepio/poc/runs/tcp-workload-matrix-v1/A02-baseline/build/tcp_out.o,
by_pc,2147512606,10,10,20,30,10,0,0,0,0,tcp_create_segment,/Users/swchen.tw/git/percepio/poc/runs/tcp-workload-matrix-v1/A02-baseline/build/tcp_out.o,
by_pc,2147512608,10,10,20,30,10,0,0,0,0,tcp_create_segment,/Users/swchen.tw/git/percepio/poc/runs/tcp-workload-matrix-v1/A02-baseline/build/tcp_out.o,
by_pc,2147512610,10,10,20,30,10,0,0,0,0,tcp_create_segment,/Users/swchen.tw/git/percepio/poc/runs/tcp-workload-matrix-v1/A02-baseline/build/tcp_out.o,
by_pc,2147512612,10,10,20,30,10,0,0,0,0,tcp_create_segment,/Users/swchen.tw/git/percepio/poc/runs/tcp-workload-matrix-v1/A02-baseline/build/tcp_out.o,
by_pc,2147512616,10,20,40,50,10,10,0,0,0,tcp_create_segment,/Users/swchen.tw/git/percepio/poc/runs/tcp-workload-matrix-v1/A02-baseline/build/tcp_out.o,
by_pc,2147512618,10,10,20,30,10,0,0,0,0,tcp_create_segment,/Users/swchen.tw/git/percepio/poc/runs/tcp-workload-matrix-v1/A02-baseline/build/tcp_out.o,
by_pc,2147512648,10,326,652,662,10,10,160,36,110,tcp_create_segment,/Users/swchen.tw/git/percepio/poc/runs/tcp-workload-matrix-v1/A02-baseline/build/tcp_out.o,
by_pc,2147512652,10,210,420,430,10,10,80,0,110,tcp_create_segment,/Users/swchen.tw/git/percepio/poc/runs/tcp-workload-matrix-v1/A02-baseline/build/tcp_out.o,
by_pc,2147512656,10,210,420,430,10,10,80,0,110,tcp_create_segment,/Users/swchen.tw/git/percepio/poc/runs/tcp-workload-matrix-v1/A02-baseline/build/tcp_out.o,
by_pc,2147512660,10,20,40,50,10,10,0,0,0,tcp_create_segment,/Users/swchen.tw/git/percepio/poc/runs/tcp-workload-matrix-v1/A02-baseline/build/tcp_out.o,
by_pc,2147512664,10,10,20,30,10,0,0,0,0,tcp_create_segment,/Users/swchen.tw/git/percepio/poc/runs/tcp-workload-matrix-v1/A02-baseline/build/tcp_out.o,
by_pc,2147512668,10,10,20,30,10,0,0,0,0,tcp_create_segment,/Users/swchen.tw/git/percepio/poc/runs/tcp-workload-matrix-v1/A02-baseline/build/tcp_out.o,
by_pc,2147512670,10,10,20,30,10,0,0,0,0,tcp_create_segment,/Users/swchen.tw/git/percepio/poc/runs/tcp-workload-matrix-v1/A02-baseline/build/tcp_out.o,
by_pc,2147512672,10,10,20,30,10,0,0,0,0,tcp_create_segment,/Users/swchen.tw/git/percepio/poc/runs/tcp-workload-matrix-v1/A02-baseline/build/tcp_out.o,
by_pc,2147512674,10,210,420,430,10,10,80,0,110,tcp_create_segment,/Users/swchen.tw/git/percepio/poc/runs/tcp-workload-matrix-v1/A02-baseline/build/tcp_out.o,
by_pc,2147512678,10,10,20,30,10,0,0,0,0,tcp_create_segment,/Users/swchen.tw/git/percepio/poc/runs/tcp-workload-matrix-v1/A02-baseline/build/tcp_out.o,
by_pc,2147512680,10,10,20,30,10,0,0,0,0,tcp_create_segment,/Users/swchen.tw/git/percepio/poc/runs/tcp-workload-matrix-v1/A02-baseline/build/tcp_out.o,
by_pc,2147512682,10,10,20,30,10,0,0,0,0,tcp_create_segment,/Users/swchen.tw/git/percepio/poc/runs/tcp-workload-matrix-v1/A02-baseline/build/tcp_out.o,
by_pc,2147512686,10,10,20,30,10,0,0,0,0,tcp_create_segment,/Users/swchen.tw/git/percepio/poc/runs/tcp-workload-matrix-v1/A02-baseline/build/tcp_out.o,
by_pc,2147512714,10,136,272,282,10,10,80,36,0,tcp_create_segment,/Users/swchen.tw/git/percepio/poc/runs/tcp-workload-matrix-v1/A02-baseline/build/tcp_out.o,
by_pc,2147512716,10,20,40,50,10,10,0,0,0,tcp_create_segment,/Users/swchen.tw/git/percepio/poc/runs/tcp-workload-matrix-v1/A02-baseline/build/tcp_out.o,
by_pc,2147512720,10,210,420,430,10,10,80,0,110,tcp_create_segment,/Users/swchen.tw/git/percepio/poc/runs/tcp-workload-matrix-v1/A02-baseline/build/tcp_out.o,
by_pc,2147512724,10,20,40,50,10,10,0,0,0,tcp_create_segment,/Users/swchen.tw/git/percepio/poc/runs/tcp-workload-matrix-v1/A02-baseline/build/tcp_out.o,
by_pc,2147512728,10,10,20,30,10,0,0,0,0,tcp_create_segment,/Users/swchen.tw/git/percepio/poc/runs/tcp-workload-matrix-v1/A02-baseline/build/tcp_out.o,
by_pc,2147512732,10,210,420,430,10,10,80,0,110,tcp_create_segment,/Users/swchen.tw/git/percepio/poc/runs/tcp-workload-matrix-v1/A02-baseline/build/tcp_out.o,
by_pc,2147512736,10,10,20,30,10,0,0,0,0,tcp_create_segment,/Users/swchen.tw/git/percepio/poc/runs/tcp-workload-matrix-v1/A02-baseline/build/tcp_out.o,
by_pc,2147512738,10,210,420,430,10,10,80,0,110,tcp_create_segment,/Users/swchen.tw/git/percepio/poc/runs/tcp-workload-matrix-v1/A02-baseline/build/tcp_out.o,
by_pc,2147512742,10,20,40,50,10,10,0,0,0,tcp_create_segment,/Users/swchen.tw/git/percepio/poc/runs/tcp-workload-matrix-v1/A02-baseline/build/tcp_out.o,
by_pc,2147512746,10,20,40,50,10,10,0,0,0,tcp_create_segment,/Users/swchen.tw/git/percepio/poc/runs/tcp-workload-matrix-v1/A02-baseline/build/tcp_out.o,
by_pc,2147512750,10,10,20,30,10,0,0,0,0,tcp_create_segment,/Users/swchen.tw/git/percepio/poc/runs/tcp-workload-matrix-v1/A02-baseline/build/tcp_out.o,
by_pc,2147512754,10,210,420,430,10,10,80,0,110,tcp_create_segment,/Users/swchen.tw/git/percepio/poc/runs/tcp-workload-matrix-v1/A02-baseline/build/tcp_out.o,
by_pc,2147512758,10,10,20,30,10,0,0,0,0,tcp_create_segment,/Users/swchen.tw/git/percepio/poc/runs/tcp-workload-matrix-v1/A02-baseline/build/tcp_out.o,
by_pc,2147512760,10,210,420,430,10,10,80,0,110,tcp_create_segment,/Users/swchen.tw/git/percepio/poc/runs/tcp-workload-matrix-v1/A02-baseline/build/tcp_out.o,
by_pc,2147512764,10,20,40,50,10,10,0,0,0,tcp_create_segment,/Users/swchen.tw/git/percepio/poc/runs/tcp-workload-matrix-v1/A02-baseline/build/tcp_out.o,
by_pc,2147512768,10,62,124,134,10,0,16,36,0,tcp_create_segment,/Users/swchen.tw/git/percepio/poc/runs/tcp-workload-matrix-v1/A02-baseline/build/tcp_out.o,
by_pc,2147512770,10,10,20,30,10,0,0,0,0,tcp_create_segment,/Users/swchen.tw/git/percepio/poc/runs/tcp-workload-matrix-v1/A02-baseline/build/tcp_out.o,
by_pc,2147512774,10,10,20,30,10,0,0,0,0,tcp_create_segment,/Users/swchen.tw/git/percepio/poc/runs/tcp-workload-matrix-v1/A02-baseline/build/tcp_out.o,
by_pc,2147512778,10,210,420,430,10,10,80,0,110,tcp_create_segment,/Users/swchen.tw/git/percepio/poc/runs/tcp-workload-matrix-v1/A02-baseline/build/tcp_out.o,
by_pc,2147512782,10,210,420,430,10,10,80,0,110,tcp_create_segment,/Users/swchen.tw/git/percepio/poc/runs/tcp-workload-matrix-v1/A02-baseline/build/tcp_out.o,
by_pc,2147512786,10,10,20,30,10,0,0,0,0,tcp_create_segment,/Users/swchen.tw/git/percepio/poc/runs/tcp-workload-matrix-v1/A02-baseline/build/tcp_out.o,
by_pc,2147512790,10,10,20,30,10,0,0,0,0,tcp_create_segment,/Users/swchen.tw/git/percepio/poc/runs/tcp-workload-matrix-v1/A02-baseline/build/tcp_out.o,
by_pc,2147512792,10,210,420,430,10,10,80,0,110,tcp_create_segment,/Users/swchen.tw/git/percepio/poc/runs/tcp-workload-matrix-v1/A02-baseline/build/tcp_out.o,
by_pc,2147512796,10,10,20,30,10,0,0,0,0,tcp_create_segment,/Users/swchen.tw/git/percepio/poc/runs/tcp-workload-matrix-v1/A02-baseline/build/tcp_out.o,
by_pc,2147512800,10,10,20,30,10,0,0,0,0,tcp_create_segment,/Users/swchen.tw/git/percepio/poc/runs/tcp-workload-matrix-v1/A02-baseline/build/tcp_out.o,
by_pc,2147512802,10,210,420,430,10,10,80,0,110,tcp_create_segment,/Users/swchen.tw/git/percepio/poc/runs/tcp-workload-matrix-v1/A02-baseline/build/tcp_out.o,
by_pc,2147512806,10,10,20,30,10,0,0,0,0,tcp_create_segment,/Users/swchen.tw/git/percepio/poc/runs/tcp-workload-matrix-v1/A02-baseline/build/tcp_out.o,
by_pc,2147512808,10,20,40,50,10,10,0,0,0,tcp_create_segment,/Users/swchen.tw/git/percepio/poc/runs/tcp-workload-matrix-v1/A02-baseline/build/tcp_out.o,
by_pc,2147512812,10,10,20,30,10,0,0,0,0,tcp_create_segment,/Users/swchen.tw/git/percepio/poc/runs/tcp-workload-matrix-v1/A02-baseline/build/tcp_out.o,
by_pc,2147512814,10,10,20,30,10,0,0,0,0,tcp_create_segment,/Users/swchen.tw/git/percepio/poc/runs/tcp-workload-matrix-v1/A02-baseline/build/tcp_out.o,
by_pc,2147512818,10,10,20,30,10,0,0,0,0,tcp_create_segment,/Users/swchen.tw/git/percepio/poc/runs/tcp-workload-matrix-v1/A02-baseline/build/tcp_out.o,
by_pc,2147512822,10,210,420,430,10,10,80,0,110,tcp_create_segment,/Users/swchen.tw/git/percepio/poc/runs/tcp-workload-matrix-v1/A02-baseline/build/tcp_out.o,
by_pc,2147512826,10,10,20,30,10,0,0,0,0,tcp_create_segment,/Users/swchen.tw/git/percepio/poc/runs/tcp-workload-matrix-v1/A02-baseline/build/tcp_out.o,
by_pc,2147512828,10,210,420,430,10,10,80,0,110,tcp_create_segment,/Users/swchen.tw/git/percepio/poc/runs/tcp-workload-matrix-v1/A02-baseline/build/tcp_out.o,
by_pc,2147512832,10,88,176,186,10,10,32,36,0,tcp_create_segment,/Users/swchen.tw/git/percepio/poc/runs/tcp-workload-matrix-v1/A02-baseline/build/tcp_out.o,
by_pc,2147512834,10,210,420,430,10,10,80,0,110,tcp_create_segment,/Users/swchen.tw/git/percepio/poc/runs/tcp-workload-matrix-v1/A02-baseline/build/tcp_out.o,
by_pc,2147512838,10,210,420,430,10,10,80,0,110,tcp_create_segment,/Users/swchen.tw/git/percepio/poc/runs/tcp-workload-matrix-v1/A02-baseline/build/tcp_out.o,
by_pc,2147512842,10,10,20,30,10,0,0,0,0,tcp_create_segment,/Users/swchen.tw/git/percepio/poc/runs/tcp-workload-matrix-v1/A02-baseline/build/tcp_out.o,
by_pc,2147512628,10,20,40,50,10,10,0,0,0,tcp_create_segment,/Users/swchen.tw/git/percepio/poc/runs/tcp-workload-matrix-v1/A02-baseline/build/tcp_out.o,
by_pc,2147512630,10,10,20,30,10,0,0,0,0,tcp_create_segment,/Users/swchen.tw/git/percepio/poc/runs/tcp-workload-matrix-v1/A02-baseline/build/tcp_out.o,
by_pc,2147512632,10,20,40,50,10,10,0,0,0,tcp_create_segment,/Users/swchen.tw/git/percepio/poc/runs/tcp-workload-matrix-v1/A02-baseline/build/tcp_out.o,
by_pc,2147512634,10,20,40,50,10,10,0,0,0,tcp_create_segment,/Users/swchen.tw/git/percepio/poc/runs/tcp-workload-matrix-v1/A02-baseline/build/tcp_out.o,
by_pc,2147512636,10,20,40,50,10,10,0,0,0,tcp_create_segment,/Users/swchen.tw/git/percepio/poc/runs/tcp-workload-matrix-v1/A02-baseline/build/tcp_out.o,
by_pc,2147512638,10,20,40,50,10,10,0,0,0,tcp_create_segment,/Users/swchen.tw/git/percepio/poc/runs/tcp-workload-matrix-v1/A02-baseline/build/tcp_out.o,
by_pc,2147512640,10,20,40,50,10,10,0,0,0,tcp_create_segment,/Users/swchen.tw/git/percepio/poc/runs/tcp-workload-matrix-v1/A02-baseline/build/tcp_out.o,
by_pc,2147512642,10,20,40,50,10,10,0,0,0,tcp_create_segment,/Users/swchen.tw/git/percepio/poc/runs/tcp-workload-matrix-v1/A02-baseline/build/tcp_out.o,
by_pc,2147512644,10,10,20,30,10,0,0,0,0,tcp_create_segment,/Users/swchen.tw/git/percepio/poc/runs/tcp-workload-matrix-v1/A02-baseline/build/tcp_out.o,
by_pc,2147512646,10,10,20,30,10,0,0,0,0,tcp_create_segment,/Users/swchen.tw/git/percepio/poc/runs/tcp-workload-matrix-v1/A02-baseline/build/tcp_out.o,
by_pc,2147514644,2,2,4,6,2,0,0,0,0,tcp_enqueue_flags,/Users/swchen.tw/git/percepio/poc/runs/tcp-workload-matrix-v1/A02-baseline/build/tcp_out.o,
by_pc,2147514646,2,4,8,10,2,2,0,0,0,tcp_enqueue_flags,/Users/swchen.tw/git/percepio/poc/runs/tcp-workload-matrix-v1/A02-baseline/build/tcp_out.o,
by_pc,2147514648,2,2,4,6,2,0,0,0,0,tcp_enqueue_flags,/Users/swchen.tw/git/percepio/poc/runs/tcp-workload-matrix-v1/A02-baseline/build/tcp_out.o,
by_pc,2147514650,2,42,84,86,2,2,16,0,22,tcp_enqueue_flags,/Users/swchen.tw/git/percepio/poc/runs/tcp-workload-matrix-v1/A02-baseline/build/tcp_out.o,
by_pc,2147514652,2,2,4,6,2,0,0,0,0,tcp_enqueue_flags,/Users/swchen.tw/git/percepio/poc/runs/tcp-workload-matrix-v1/A02-baseline/build/tcp_out.o,
by_pc,2147514656,2,2,4,6,2,0,0,0,0,tcp_enqueue_flags,/Users/swchen.tw/git/percepio/poc/runs/tcp-workload-matrix-v1/A02-baseline/build/tcp_out.o,
by_pc,2147514658,2,4,8,10,2,2,0,0,0,tcp_enqueue_flags,/Users/swchen.tw/git/percepio/poc/runs/tcp-workload-matrix-v1/A02-baseline/build/tcp_out.o,
by_pc,2147514660,2,2,4,6,2,0,0,0,0,tcp_enqueue_flags,/Users/swchen.tw/git/percepio/poc/runs/tcp-workload-matrix-v1/A02-baseline/build/tcp_out.o,
by_pc,2147514662,2,2,4,6,2,0,0,0,0,tcp_enqueue_flags,/Users/swchen.tw/git/percepio/poc/runs/tcp-workload-matrix-v1/A02-baseline/build/tcp_out.o,
by_pc,2147514664,2,42,84,86,2,2,16,0,22,tcp_enqueue_flags,/Users/swchen.tw/git/percepio/poc/runs/tcp-workload-matrix-v1/A02-baseline/build/tcp_out.o,
by_pc,2147514666,2,2,4,6,2,0,0,0,0,tcp_enqueue_flags,/Users/swchen.tw/git/percepio/poc/runs/tcp-workload-matrix-v1/A02-baseline/build/tcp_out.o,
by_pc,2147514680,2,4,8,10,2,2,0,0,0,tcp_enqueue_flags,/Users/swchen.tw/git/percepio/poc/runs/tcp-workload-matrix-v1/A02-baseline/build/tcp_out.o,
by_pc,2147514682,2,2,4,6,2,0,0,0,0,tcp_enqueue_flags,/Users/swchen.tw/git/percepio/poc/runs/tcp-workload-matrix-v1/A02-baseline/build/tcp_out.o,
by_pc,2147502436,20,80,160,180,20,0,24,36,0,pbuf_clen,/Users/swchen.tw/git/percepio/poc/runs/tcp-workload-matrix-v1/A02-baseline/build/pbuf.o,
by_pc,2147502438,20,20,40,60,20,0,0,0,0,pbuf_clen,/Users/swchen.tw/git/percepio/poc/runs/tcp-workload-matrix-v1/A02-baseline/build/pbuf.o,
by_pc,2147502440,56,56,112,168,56,0,0,0,0,pbuf_clen,/Users/swchen.tw/git/percepio/poc/runs/tcp-workload-matrix-v1/A02-baseline/build/pbuf.o,
by_pc,2147502444,36,36,72,108,36,0,0,0,0,pbuf_clen,/Users/swchen.tw/git/percepio/poc/runs/tcp-workload-matrix-v1/A02-baseline/build/pbuf.o,
by_pc,2147502448,36,36,72,108,36,0,0,0,0,pbuf_clen,/Users/swchen.tw/git/percepio/poc/runs/tcp-workload-matrix-v1/A02-baseline/build/pbuf.o,
by_pc,2147502452,36,72,144,180,36,36,0,0,0,pbuf_clen,/Users/swchen.tw/git/percepio/poc/runs/tcp-workload-matrix-v1/A02-baseline/build/pbuf.o,
by_pc,2147502454,36,36,72,108,36,0,0,0,0,pbuf_clen,/Users/swchen.tw/git/percepio/poc/runs/tcp-workload-matrix-v1/A02-baseline/build/pbuf.o,
by_pc,2147502456,36,36,72,108,36,0,0,0,0,pbuf_clen,/Users/swchen.tw/git/percepio/poc/runs/tcp-workload-matrix-v1/A02-baseline/build/pbuf.o,
by_pc,2147502442,20,20,40,60,20,0,0,0,0,pbuf_clen,/Users/swchen.tw/git/percepio/poc/runs/tcp-workload-matrix-v1/A02-baseline/build/pbuf.o,
by_pc,2147514686,2,32,64,66,4,2,8,18,0,tcp_enqueue_flags,/Users/swchen.tw/git/percepio/poc/runs/tcp-workload-matrix-v1/A02-baseline/build/tcp_out.o,
by_pc,2147514690,2,2,4,6,2,0,0,0,0,tcp_enqueue_flags,/Users/swchen.tw/git/percepio/poc/runs/tcp-workload-matrix-v1/A02-baseline/build/tcp_out.o,
by_pc,2147514692,2,42,84,86,2,2,16,0,22,tcp_enqueue_flags,/Users/swchen.tw/git/percepio/poc/runs/tcp-workload-matrix-v1/A02-baseline/build/tcp_out.o,
by_pc,2147514696,2,2,4,6,2,0,0,0,0,tcp_enqueue_flags,/Users/swchen.tw/git/percepio/poc/runs/tcp-workload-matrix-v1/A02-baseline/build/tcp_out.o,
by_pc,2147514698,2,2,4,6,2,0,0,0,0,tcp_enqueue_flags,/Users/swchen.tw/git/percepio/poc/runs/tcp-workload-matrix-v1/A02-baseline/build/tcp_out.o,
by_pc,2147514622,2,4,8,10,2,2,0,0,0,tcp_enqueue_flags,/Users/swchen.tw/git/percepio/poc/runs/tcp-workload-matrix-v1/A02-baseline/build/tcp_out.o,
by_pc,2147514624,2,4,8,10,2,2,0,0,0,tcp_enqueue_flags,/Users/swchen.tw/git/percepio/poc/runs/tcp-workload-matrix-v1/A02-baseline/build/tcp_out.o,
by_pc,2147514626,2,4,8,10,2,2,0,0,0,tcp_enqueue_flags,/Users/swchen.tw/git/percepio/poc/runs/tcp-workload-matrix-v1/A02-baseline/build/tcp_out.o,
by_pc,2147514628,2,2,4,6,2,0,0,0,0,tcp_enqueue_flags,/Users/swchen.tw/git/percepio/poc/runs/tcp-workload-matrix-v1/A02-baseline/build/tcp_out.o,
by_pc,2147514630,2,2,4,6,2,0,0,0,0,tcp_enqueue_flags,/Users/swchen.tw/git/percepio/poc/runs/tcp-workload-matrix-v1/A02-baseline/build/tcp_out.o,
by_pc,2147511280,1,1,2,3,1,0,0,0,0,tcp_input,/Users/swchen.tw/git/percepio/poc/runs/tcp-workload-matrix-v1/A02-baseline/build/tcp_in.o,
by_pc,2147511292,1,1,2,3,1,0,0,0,0,tcp_input,/Users/swchen.tw/git/percepio/poc/runs/tcp-workload-matrix-v1/A02-baseline/build/tcp_in.o,
by_pc,2147511294,1,1,2,3,1,0,0,0,0,tcp_input,/Users/swchen.tw/git/percepio/poc/runs/tcp-workload-matrix-v1/A02-baseline/build/tcp_in.o,
by_pc,2147510840,1,27,54,55,1,0,8,18,0,tcp_input,/Users/swchen.tw/git/percepio/poc/runs/tcp-workload-matrix-v1/A02-baseline/build/tcp_in.o,
by_pc,2147515590,24,146,292,316,24,24,80,18,0,tcp_output,/Users/swchen.tw/git/percepio/poc/runs/tcp-workload-matrix-v1/A02-baseline/build/tcp_out.o,
by_pc,2147515594,24,24,48,72,24,0,0,0,0,tcp_output,/Users/swchen.tw/git/percepio/poc/runs/tcp-workload-matrix-v1/A02-baseline/build/tcp_out.o,
by_pc,2147515598,24,24,48,72,24,0,0,0,0,tcp_output,/Users/swchen.tw/git/percepio/poc/runs/tcp-workload-matrix-v1/A02-baseline/build/tcp_out.o,
by_pc,2147515600,24,504,1008,1032,24,24,192,0,264,tcp_output,/Users/swchen.tw/git/percepio/poc/runs/tcp-workload-matrix-v1/A02-baseline/build/tcp_out.o,
by_pc,2147515602,24,504,1008,1032,24,24,192,0,264,tcp_output,/Users/swchen.tw/git/percepio/poc/runs/tcp-workload-matrix-v1/A02-baseline/build/tcp_out.o,
by_pc,2147515604,24,504,1008,1032,24,24,192,0,264,tcp_output,/Users/swchen.tw/git/percepio/poc/runs/tcp-workload-matrix-v1/A02-baseline/build/tcp_out.o,
by_pc,2147515606,24,504,1008,1032,24,24,192,0,264,tcp_output,/Users/swchen.tw/git/percepio/poc/runs/tcp-workload-matrix-v1/A02-baseline/build/tcp_out.o,
by_pc,2147515608,24,504,1008,1032,24,24,192,0,264,tcp_output,/Users/swchen.tw/git/percepio/poc/runs/tcp-workload-matrix-v1/A02-baseline/build/tcp_out.o,
by_pc,2147515610,24,504,1008,1032,24,24,192,0,264,tcp_output,/Users/swchen.tw/git/percepio/poc/runs/tcp-workload-matrix-v1/A02-baseline/build/tcp_out.o,
by_pc,2147515612,24,504,1008,1032,24,24,192,0,264,tcp_output,/Users/swchen.tw/git/percepio/poc/runs/tcp-workload-matrix-v1/A02-baseline/build/tcp_out.o,
by_pc,2147515614,24,504,1008,1032,24,24,192,0,264,tcp_output,/Users/swchen.tw/git/percepio/poc/runs/tcp-workload-matrix-v1/A02-baseline/build/tcp_out.o,
by_pc,2147515616,24,504,1008,1032,24,24,192,0,264,tcp_output,/Users/swchen.tw/git/percepio/poc/runs/tcp-workload-matrix-v1/A02-baseline/build/tcp_out.o,
by_pc,2147515618,24,504,1008,1032,24,24,192,0,264,tcp_output,/Users/swchen.tw/git/percepio/poc/runs/tcp-workload-matrix-v1/A02-baseline/build/tcp_out.o,
by_pc,2147515620,24,504,1008,1032,24,24,192,0,264,tcp_output,/Users/swchen.tw/git/percepio/poc/runs/tcp-workload-matrix-v1/A02-baseline/build/tcp_out.o,
by_pc,2147515622,24,504,1008,1032,24,24,192,0,264,tcp_output,/Users/swchen.tw/git/percepio/poc/runs/tcp-workload-matrix-v1/A02-baseline/build/tcp_out.o,
by_pc,2147515624,24,48,96,120,24,24,0,0,0,tcp_output,/Users/swchen.tw/git/percepio/poc/runs/tcp-workload-matrix-v1/A02-baseline/build/tcp_out.o,
by_pc,2147515626,24,24,48,72,24,0,0,0,0,tcp_output,/Users/swchen.tw/git/percepio/poc/runs/tcp-workload-matrix-v1/A02-baseline/build/tcp_out.o,
by_pc,2147515628,24,24,48,72,24,0,0,0,0,tcp_output,/Users/swchen.tw/git/percepio/poc/runs/tcp-workload-matrix-v1/A02-baseline/build/tcp_out.o,
by_pc,2147515680,10,46,92,102,10,10,8,18,0,tcp_output,/Users/swchen.tw/git/percepio/poc/runs/tcp-workload-matrix-v1/A02-baseline/build/tcp_out.o,
by_pc,2147515684,10,20,40,50,10,10,0,0,0,tcp_output,/Users/swchen.tw/git/percepio/poc/runs/tcp-workload-matrix-v1/A02-baseline/build/tcp_out.o,
by_pc,2147515688,10,20,40,50,10,10,0,0,0,tcp_output,/Users/swchen.tw/git/percepio/poc/runs/tcp-workload-matrix-v1/A02-baseline/build/tcp_out.o,
by_pc,2147515692,10,10,20,30,10,0,0,0,0,tcp_output,/Users/swchen.tw/git/percepio/poc/runs/tcp-workload-matrix-v1/A02-baseline/build/tcp_out.o,
by_pc,2147515846,10,100,200,210,10,0,72,18,0,tcp_output,/Users/swchen.tw/git/percepio/poc/runs/tcp-workload-matrix-v1/A02-baseline/build/tcp_out.o,
by_pc,2147515850,10,10,20,30,10,0,0,0,0,tcp_output,/Users/swchen.tw/git/percepio/poc/runs/tcp-workload-matrix-v1/A02-baseline/build/tcp_out.o,
by_pc,2147515854,10,10,20,30,10,0,0,0,0,tcp_output,/Users/swchen.tw/git/percepio/poc/runs/tcp-workload-matrix-v1/A02-baseline/build/tcp_out.o,
by_pc,2147515698,10,10,20,30,10,0,0,0,0,tcp_output,/Users/swchen.tw/git/percepio/poc/runs/tcp-workload-matrix-v1/A02-baseline/build/tcp_out.o,
by_pc,2147515700,10,10,20,30,10,0,0,0,0,tcp_output,/Users/swchen.tw/git/percepio/poc/runs/tcp-workload-matrix-v1/A02-baseline/build/tcp_out.o,
by_pc,2147515704,10,10,20,30,10,0,0,0,0,tcp_output,/Users/swchen.tw/git/percepio/poc/runs/tcp-workload-matrix-v1/A02-baseline/build/tcp_out.o,
by_pc,2147515706,10,10,20,30,10,0,0,0,0,tcp_output,/Users/swchen.tw/git/percepio/poc/runs/tcp-workload-matrix-v1/A02-baseline/build/tcp_out.o,
by_pc,2147515712,10,78,156,166,10,10,40,18,0,tcp_output,/Users/swchen.tw/git/percepio/poc/runs/tcp-workload-matrix-v1/A02-baseline/build/tcp_out.o,
by_pc,2147515714,10,10,20,30,10,0,0,0,0,tcp_output,/Users/swchen.tw/git/percepio/poc/runs/tcp-workload-matrix-v1/A02-baseline/build/tcp_out.o,
by_pc,2147515716,10,10,20,30,10,0,0,0,0,tcp_output,/Users/swchen.tw/git/percepio/poc/runs/tcp-workload-matrix-v1/A02-baseline/build/tcp_out.o,
by_pc,2147515720,10,10,20,30,10,0,0,0,0,tcp_output,/Users/swchen.tw/git/percepio/poc/runs/tcp-workload-matrix-v1/A02-baseline/build/tcp_out.o,
by_pc,2147515728,10,20,40,50,10,10,0,0,0,tcp_output,/Users/swchen.tw/git/percepio/poc/runs/tcp-workload-matrix-v1/A02-baseline/build/tcp_out.o,
by_pc,2147515730,10,20,40,50,10,10,0,0,0,tcp_output,/Users/swchen.tw/git/percepio/poc/runs/tcp-workload-matrix-v1/A02-baseline/build/tcp_out.o,
by_pc,2147515734,10,20,40,50,10,10,0,0,0,tcp_output,/Users/swchen.tw/git/percepio/poc/runs/tcp-workload-matrix-v1/A02-baseline/build/tcp_out.o,
by_pc,2147515738,10,20,40,50,10,10,0,0,0,tcp_output,/Users/swchen.tw/git/percepio/poc/runs/tcp-workload-matrix-v1/A02-baseline/build/tcp_out.o,
by_pc,2147515742,10,10,20,30,10,0,0,0,0,tcp_output,/Users/swchen.tw/git/percepio/poc/runs/tcp-workload-matrix-v1/A02-baseline/build/tcp_out.o,
by_pc,2147515744,10,10,20,30,10,0,0,0,0,tcp_output,/Users/swchen.tw/git/percepio/poc/runs/tcp-workload-matrix-v1/A02-baseline/build/tcp_out.o,
by_pc,2147515746,10,20,40,50,10,10,0,0,0,tcp_output,/Users/swchen.tw/git/percepio/poc/runs/tcp-workload-matrix-v1/A02-baseline/build/tcp_out.o,
by_pc,2147515750,10,10,20,30,10,0,0,0,0,tcp_output,/Users/swchen.tw/git/percepio/poc/runs/tcp-workload-matrix-v1/A02-baseline/build/tcp_out.o,
by_pc,2147515752,10,10,20,30,10,0,0,0,0,tcp_output,/Users/swchen.tw/git/percepio/poc/runs/tcp-workload-matrix-v1/A02-baseline/build/tcp_out.o,
by_pc,2147515754,10,10,20,30,10,0,0,0,0,tcp_output,/Users/swchen.tw/git/percepio/poc/runs/tcp-workload-matrix-v1/A02-baseline/build/tcp_out.o,
by_pc,2147515756,10,10,20,30,10,0,0,0,0,tcp_output,/Users/swchen.tw/git/percepio/poc/runs/tcp-workload-matrix-v1/A02-baseline/build/tcp_out.o,
by_pc,2147515758,10,10,20,30,10,0,0,0,0,tcp_output,/Users/swchen.tw/git/percepio/poc/runs/tcp-workload-matrix-v1/A02-baseline/build/tcp_out.o,
by_pc,2147515762,10,20,40,50,10,10,0,0,0,tcp_output,/Users/swchen.tw/git/percepio/poc/runs/tcp-workload-matrix-v1/A02-baseline/build/tcp_out.o,
by_pc,2147515766,10,20,40,50,10,10,0,0,0,tcp_output,/Users/swchen.tw/git/percepio/poc/runs/tcp-workload-matrix-v1/A02-baseline/build/tcp_out.o,
by_pc,2147515768,10,10,20,30,10,0,0,0,0,tcp_output,/Users/swchen.tw/git/percepio/poc/runs/tcp-workload-matrix-v1/A02-baseline/build/tcp_out.o,
by_pc,2147515770,10,10,20,30,10,0,0,0,0,tcp_output,/Users/swchen.tw/git/percepio/poc/runs/tcp-workload-matrix-v1/A02-baseline/build/tcp_out.o,
by_pc,2147515772,10,10,20,30,10,0,0,0,0,tcp_output,/Users/swchen.tw/git/percepio/poc/runs/tcp-workload-matrix-v1/A02-baseline/build/tcp_out.o,
by_pc,2147515856,10,20,40,50,10,10,0,0,0,tcp_output,/Users/swchen.tw/git/percepio/poc/runs/tcp-workload-matrix-v1/A02-baseline/build/tcp_out.o,
by_pc,2147515860,10,210,420,430,10,10,80,0,110,tcp_output,/Users/swchen.tw/git/percepio/poc/runs/tcp-workload-matrix-v1/A02-baseline/build/tcp_out.o,
by_pc,2147515864,10,10,20,30,10,0,0,0,0,tcp_output,/Users/swchen.tw/git/percepio/poc/runs/tcp-workload-matrix-v1/A02-baseline/build/tcp_out.o,
by_pc,2147515880,10,10,20,30,10,0,0,0,0,tcp_output,/Users/swchen.tw/git/percepio/poc/runs/tcp-workload-matrix-v1/A02-baseline/build/tcp_out.o,
by_pc,2147515882,10,10,20,30,10,0,0,0,0,tcp_output,/Users/swchen.tw/git/percepio/poc/runs/tcp-workload-matrix-v1/A02-baseline/build/tcp_out.o,
by_pc,2147515884,10,10,20,30,10,0,0,0,0,tcp_output,/Users/swchen.tw/git/percepio/poc/runs/tcp-workload-matrix-v1/A02-baseline/build/tcp_out.o,
by_pc,2147516138,10,118,236,246,10,10,80,18,0,tcp_output,/Users/swchen.tw/git/percepio/poc/runs/tcp-workload-matrix-v1/A02-baseline/build/tcp_out.o,
by_pc,2147516140,10,20,40,50,10,10,0,0,0,tcp_output,/Users/swchen.tw/git/percepio/poc/runs/tcp-workload-matrix-v1/A02-baseline/build/tcp_out.o,
by_pc,2147516144,10,20,40,50,10,10,0,0,0,tcp_output,/Users/swchen.tw/git/percepio/poc/runs/tcp-workload-matrix-v1/A02-baseline/build/tcp_out.o,
by_pc,2147516148,10,20,40,50,10,10,0,0,0,tcp_output,/Users/swchen.tw/git/percepio/poc/runs/tcp-workload-matrix-v1/A02-baseline/build/tcp_out.o,
by_pc,2147516152,10,10,20,30,10,0,0,0,0,tcp_output,/Users/swchen.tw/git/percepio/poc/runs/tcp-workload-matrix-v1/A02-baseline/build/tcp_out.o,
by_pc,2147516154,10,10,20,30,10,0,0,0,0,tcp_output,/Users/swchen.tw/git/percepio/poc/runs/tcp-workload-matrix-v1/A02-baseline/build/tcp_out.o,
by_pc,2147516156,10,20,40,50,10,10,0,0,0,tcp_output,/Users/swchen.tw/git/percepio/poc/runs/tcp-workload-matrix-v1/A02-baseline/build/tcp_out.o,
by_pc,2147516160,10,108,216,226,10,0,80,18,0,tcp_output,/Users/swchen.tw/git/percepio/poc/runs/tcp-workload-matrix-v1/A02-baseline/build/tcp_out.o,
by_pc,2147516162,10,10,20,30,10,0,0,0,0,tcp_output,/Users/swchen.tw/git/percepio/poc/runs/tcp-workload-matrix-v1/A02-baseline/build/tcp_out.o,
by_pc,2147516164,10,10,20,30,10,0,0,0,0,tcp_output,/Users/swchen.tw/git/percepio/poc/runs/tcp-workload-matrix-v1/A02-baseline/build/tcp_out.o,
by_pc,2147516166,10,10,20,30,10,0,0,0,0,tcp_output,/Users/swchen.tw/git/percepio/poc/runs/tcp-workload-matrix-v1/A02-baseline/build/tcp_out.o,
by_pc,2147516168,10,10,20,30,10,0,0,0,0,tcp_output,/Users/swchen.tw/git/percepio/poc/runs/tcp-workload-matrix-v1/A02-baseline/build/tcp_out.o,
by_pc,2147516172,10,20,40,50,10,10,0,0,0,tcp_output,/Users/swchen.tw/git/percepio/poc/runs/tcp-workload-matrix-v1/A02-baseline/build/tcp_out.o,
by_pc,2147516174,10,10,20,30,10,0,0,0,0,tcp_output,/Users/swchen.tw/git/percepio/poc/runs/tcp-workload-matrix-v1/A02-baseline/build/tcp_out.o,
by_pc,2147516176,10,20,40,50,10,10,0,0,0,tcp_output,/Users/swchen.tw/git/percepio/poc/runs/tcp-workload-matrix-v1/A02-baseline/build/tcp_out.o,
by_pc,2147516180,10,10,20,30,10,0,0,0,0,tcp_output,/Users/swchen.tw/git/percepio/poc/runs/tcp-workload-matrix-v1/A02-baseline/build/tcp_out.o,
by_pc,2147516182,10,10,20,30,10,0,0,0,0,tcp_output,/Users/swchen.tw/git/percepio/poc/runs/tcp-workload-matrix-v1/A02-baseline/build/tcp_out.o,
by_pc,2147516186,10,20,40,50,10,10,0,0,0,tcp_output,/Users/swchen.tw/git/percepio/poc/runs/tcp-workload-matrix-v1/A02-baseline/build/tcp_out.o,
by_pc,2147516188,10,10,20,30,10,0,0,0,0,tcp_output,/Users/swchen.tw/git/percepio/poc/runs/tcp-workload-matrix-v1/A02-baseline/build/tcp_out.o,
by_pc,2147516244,10,118,236,246,10,10,80,18,0,tcp_output,/Users/swchen.tw/git/percepio/poc/runs/tcp-workload-matrix-v1/A02-baseline/build/tcp_out.o,
by_pc,2147516246,10,10,20,30,10,0,0,0,0,tcp_output,/Users/swchen.tw/git/percepio/poc/runs/tcp-workload-matrix-v1/A02-baseline/build/tcp_out.o,
by_pc,2147516250,10,20,40,50,10,10,0,0,0,tcp_output,/Users/swchen.tw/git/percepio/poc/runs/tcp-workload-matrix-v1/A02-baseline/build/tcp_out.o,
by_pc,2147516252,10,10,20,30,10,0,0,0,0,tcp_output,/Users/swchen.tw/git/percepio/poc/runs/tcp-workload-matrix-v1/A02-baseline/build/tcp_out.o,
by_pc,2147516254,10,20,40,50,10,10,0,0,0,tcp_output,/Users/swchen.tw/git/percepio/poc/runs/tcp-workload-matrix-v1/A02-baseline/build/tcp_out.o,
by_pc,2147516258,10,20,40,50,10,10,0,0,0,tcp_output,/Users/swchen.tw/git/percepio/poc/runs/tcp-workload-matrix-v1/A02-baseline/build/tcp_out.o,
by_pc,2147516262,10,10,20,30,10,0,0,0,0,tcp_output,/Users/swchen.tw/git/percepio/poc/runs/tcp-workload-matrix-v1/A02-baseline/build/tcp_out.o,
by_pc,2147516264,10,10,20,30,10,0,0,0,0,tcp_output,/Users/swchen.tw/git/percepio/poc/runs/tcp-workload-matrix-v1/A02-baseline/build/tcp_out.o,
by_pc,2147516268,10,10,20,30,10,0,0,0,0,tcp_output,/Users/swchen.tw/git/percepio/poc/runs/tcp-workload-matrix-v1/A02-baseline/build/tcp_out.o,
by_pc,2147516272,10,20,40,50,10,10,0,0,0,tcp_output,/Users/swchen.tw/git/percepio/poc/runs/tcp-workload-matrix-v1/A02-baseline/build/tcp_out.o,
by_pc,2147516274,10,10,20,30,10,0,0,0,0,tcp_output,/Users/swchen.tw/git/percepio/poc/runs/tcp-workload-matrix-v1/A02-baseline/build/tcp_out.o,
by_pc,2147516278,10,210,420,430,10,10,80,0,110,tcp_output,/Users/swchen.tw/git/percepio/poc/runs/tcp-workload-matrix-v1/A02-baseline/build/tcp_out.o,
by_pc,2147516282,10,10,20,30,10,0,0,0,0,tcp_output,/Users/swchen.tw/git/percepio/poc/runs/tcp-workload-matrix-v1/A02-baseline/build/tcp_out.o,
by_pc,2147516284,10,210,420,430,10,10,80,0,110,tcp_output,/Users/swchen.tw/git/percepio/poc/runs/tcp-workload-matrix-v1/A02-baseline/build/tcp_out.o,
by_pc,2147516288,10,118,236,246,10,10,80,18,0,tcp_output,/Users/swchen.tw/git/percepio/poc/runs/tcp-workload-matrix-v1/A02-baseline/build/tcp_out.o,
by_pc,2147516290,10,20,40,50,10,10,0,0,0,tcp_output,/Users/swchen.tw/git/percepio/poc/runs/tcp-workload-matrix-v1/A02-baseline/build/tcp_out.o,
by_pc,2147516294,10,10,20,30,10,0,0,0,0,tcp_output,/Users/swchen.tw/git/percepio/poc/runs/tcp-workload-matrix-v1/A02-baseline/build/tcp_out.o,
by_pc,2147516298,10,20,40,50,10,10,0,0,0,tcp_output,/Users/swchen.tw/git/percepio/poc/runs/tcp-workload-matrix-v1/A02-baseline/build/tcp_out.o,
by_pc,2147516300,10,20,40,50,10,10,0,0,0,tcp_output,/Users/swchen.tw/git/percepio/poc/runs/tcp-workload-matrix-v1/A02-baseline/build/tcp_out.o,
by_pc,2147516304,10,10,20,30,10,0,0,0,0,tcp_output,/Users/swchen.tw/git/percepio/poc/runs/tcp-workload-matrix-v1/A02-baseline/build/tcp_out.o,
by_pc,2147516308,10,10,20,30,10,0,0,0,0,tcp_output,/Users/swchen.tw/git/percepio/poc/runs/tcp-workload-matrix-v1/A02-baseline/build/tcp_out.o,
by_pc,2147516312,10,210,420,430,10,10,80,0,110,tcp_output,/Users/swchen.tw/git/percepio/poc/runs/tcp-workload-matrix-v1/A02-baseline/build/tcp_out.o,
by_pc,2147516316,10,210,420,430,10,10,80,0,110,tcp_output,/Users/swchen.tw/git/percepio/poc/runs/tcp-workload-matrix-v1/A02-baseline/build/tcp_out.o,
by_pc,2147516320,10,10,20,30,10,0,0,0,0,tcp_output,/Users/swchen.tw/git/percepio/poc/runs/tcp-workload-matrix-v1/A02-baseline/build/tcp_out.o,
by_pc,2147516324,10,10,20,30,10,0,0,0,0,tcp_output,/Users/swchen.tw/git/percepio/poc/runs/tcp-workload-matrix-v1/A02-baseline/build/tcp_out.o,
by_pc,2147516326,10,210,420,430,10,10,80,0,110,tcp_output,/Users/swchen.tw/git/percepio/poc/runs/tcp-workload-matrix-v1/A02-baseline/build/tcp_out.o,
by_pc,2147516330,10,210,420,430,10,10,80,0,110,tcp_output,/Users/swchen.tw/git/percepio/poc/runs/tcp-workload-matrix-v1/A02-baseline/build/tcp_out.o,
by_pc,2147516334,10,20,40,50,10,10,0,0,0,tcp_output,/Users/swchen.tw/git/percepio/poc/runs/tcp-workload-matrix-v1/A02-baseline/build/tcp_out.o,
by_pc,2147516338,10,20,40,50,10,10,0,0,0,tcp_output,/Users/swchen.tw/git/percepio/poc/runs/tcp-workload-matrix-v1/A02-baseline/build/tcp_out.o,
by_pc,2147516342,10,10,20,30,10,0,0,0,0,tcp_output,/Users/swchen.tw/git/percepio/poc/runs/tcp-workload-matrix-v1/A02-baseline/build/tcp_out.o,
by_pc,2147516346,10,210,420,430,10,10,80,0,110,tcp_output,/Users/swchen.tw/git/percepio/poc/runs/tcp-workload-matrix-v1/A02-baseline/build/tcp_out.o,
by_pc,2147516350,10,10,20,30,10,0,0,0,0,tcp_output,/Users/swchen.tw/git/percepio/poc/runs/tcp-workload-matrix-v1/A02-baseline/build/tcp_out.o,
by_pc,2147516352,10,308,616,626,10,10,160,18,110,tcp_output,/Users/swchen.tw/git/percepio/poc/runs/tcp-workload-matrix-v1/A02-baseline/build/tcp_out.o,
by_pc,2147516356,10,20,40,50,10,10,0,0,0,tcp_output,/Users/swchen.tw/git/percepio/poc/runs/tcp-workload-matrix-v1/A02-baseline/build/tcp_out.o,
by_pc,2147516360,10,20,40,50,10,10,0,0,0,tcp_output,/Users/swchen.tw/git/percepio/poc/runs/tcp-workload-matrix-v1/A02-baseline/build/tcp_out.o,
by_pc,2147516362,10,10,20,30,10,0,0,0,0,tcp_output,/Users/swchen.tw/git/percepio/poc/runs/tcp-workload-matrix-v1/A02-baseline/build/tcp_out.o,
by_pc,2147516364,10,210,420,430,10,10,80,0,110,tcp_output,/Users/swchen.tw/git/percepio/poc/runs/tcp-workload-matrix-v1/A02-baseline/build/tcp_out.o,
by_pc,2147516366,10,20,40,50,10,10,0,0,0,tcp_output,/Users/swchen.tw/git/percepio/poc/runs/tcp-workload-matrix-v1/A02-baseline/build/tcp_out.o,
by_pc,2147516370,10,10,20,30,10,0,0,0,0,tcp_output,/Users/swchen.tw/git/percepio/poc/runs/tcp-workload-matrix-v1/A02-baseline/build/tcp_out.o,
by_pc,2147516372,10,10,20,30,10,0,0,0,0,tcp_output,/Users/swchen.tw/git/percepio/poc/runs/tcp-workload-matrix-v1/A02-baseline/build/tcp_out.o,
by_pc,2147516374,1,1,2,3,1,0,0,0,0,tcp_output,/Users/swchen.tw/git/percepio/poc/runs/tcp-workload-matrix-v1/A02-baseline/build/tcp_out.o,
by_pc,2147516378,1,1,2,3,1,0,0,0,0,tcp_output,/Users/swchen.tw/git/percepio/poc/runs/tcp-workload-matrix-v1/A02-baseline/build/tcp_out.o,
by_pc,2147516380,1,1,2,3,1,0,0,0,0,tcp_output,/Users/swchen.tw/git/percepio/poc/runs/tcp-workload-matrix-v1/A02-baseline/build/tcp_out.o,
by_pc,2147516384,1,2,4,5,1,1,0,0,0,tcp_output,/Users/swchen.tw/git/percepio/poc/runs/tcp-workload-matrix-v1/A02-baseline/build/tcp_out.o,
by_pc,2147516388,1,1,2,3,1,0,0,0,0,tcp_output,/Users/swchen.tw/git/percepio/poc/runs/tcp-workload-matrix-v1/A02-baseline/build/tcp_out.o,
by_pc,2147516392,1,1,2,3,1,0,0,0,0,tcp_output,/Users/swchen.tw/git/percepio/poc/runs/tcp-workload-matrix-v1/A02-baseline/build/tcp_out.o,
by_pc,2147516396,1,1,2,3,1,0,0,0,0,tcp_output,/Users/swchen.tw/git/percepio/poc/runs/tcp-workload-matrix-v1/A02-baseline/build/tcp_out.o,
by_pc,2147516398,1,1,2,3,1,0,0,0,0,tcp_output,/Users/swchen.tw/git/percepio/poc/runs/tcp-workload-matrix-v1/A02-baseline/build/tcp_out.o,
by_pc,2147516402,1,21,42,43,1,1,8,0,11,tcp_output,/Users/swchen.tw/git/percepio/poc/runs/tcp-workload-matrix-v1/A02-baseline/build/tcp_out.o,
by_pc,2147516406,10,20,40,50,10,10,0,0,0,tcp_output,/Users/swchen.tw/git/percepio/poc/runs/tcp-workload-matrix-v1/A02-baseline/build/tcp_out.o,
by_pc,2147516410,10,10,20,30,10,0,0,0,0,tcp_output,/Users/swchen.tw/git/percepio/poc/runs/tcp-workload-matrix-v1/A02-baseline/build/tcp_out.o,
by_pc,2147516414,10,318,636,646,20,10,160,18,110,tcp_output,/Users/swchen.tw/git/percepio/poc/runs/tcp-workload-matrix-v1/A02-baseline/build/tcp_out.o,
by_pc,2147516418,10,20,40,50,10,10,0,0,0,tcp_output,/Users/swchen.tw/git/percepio/poc/runs/tcp-workload-matrix-v1/A02-baseline/build/tcp_out.o,
by_pc,2147516420,10,10,20,30,10,0,0,0,0,tcp_output,/Users/swchen.tw/git/percepio/poc/runs/tcp-workload-matrix-v1/A02-baseline/build/tcp_out.o,
by_pc,2147516422,10,20,40,50,10,10,0,0,0,tcp_output,/Users/swchen.tw/git/percepio/poc/runs/tcp-workload-matrix-v1/A02-baseline/build/tcp_out.o,
by_pc,2147516426,10,210,420,430,10,10,80,0,110,tcp_output,/Users/swchen.tw/git/percepio/poc/runs/tcp-workload-matrix-v1/A02-baseline/build/tcp_out.o,
by_pc,2147516428,10,20,40,50,10,10,0,0,0,tcp_output,/Users/swchen.tw/git/percepio/poc/runs/tcp-workload-matrix-v1/A02-baseline/build/tcp_out.o,
by_pc,2147516430,10,20,40,50,10,10,0,0,0,tcp_output,/Users/swchen.tw/git/percepio/poc/runs/tcp-workload-matrix-v1/A02-baseline/build/tcp_out.o,
by_pc,2147516434,10,20,40,50,10,10,0,0,0,tcp_output,/Users/swchen.tw/git/percepio/poc/runs/tcp-workload-matrix-v1/A02-baseline/build/tcp_out.o,
by_pc,2147516438,10,20,40,50,10,10,0,0,0,tcp_output,/Users/swchen.tw/git/percepio/poc/runs/tcp-workload-matrix-v1/A02-baseline/build/tcp_out.o,
by_pc,2147516442,10,10,20,30,10,0,0,0,0,tcp_output,/Users/swchen.tw/git/percepio/poc/runs/tcp-workload-matrix-v1/A02-baseline/build/tcp_out.o,
by_pc,2147516444,10,10,20,30,10,0,0,0,0,tcp_output,/Users/swchen.tw/git/percepio/poc/runs/tcp-workload-matrix-v1/A02-baseline/build/tcp_out.o,
by_pc,2147516446,10,20,40,50,10,10,0,0,0,tcp_output,/Users/swchen.tw/git/percepio/poc/runs/tcp-workload-matrix-v1/A02-baseline/build/tcp_out.o,
by_pc,2147516450,10,10,20,30,10,0,0,0,0,tcp_output,/Users/swchen.tw/git/percepio/poc/runs/tcp-workload-matrix-v1/A02-baseline/build/tcp_out.o,
by_pc,2147516452,10,10,20,30,10,0,0,0,0,tcp_output,/Users/swchen.tw/git/percepio/poc/runs/tcp-workload-matrix-v1/A02-baseline/build/tcp_out.o,
by_pc,2147516454,10,10,20,30,10,0,0,0,0,tcp_output,/Users/swchen.tw/git/percepio/poc/runs/tcp-workload-matrix-v1/A02-baseline/build/tcp_out.o,
by_pc,2147516456,10,10,20,30,10,0,0,0,0,tcp_output,/Users/swchen.tw/git/percepio/poc/runs/tcp-workload-matrix-v1/A02-baseline/build/tcp_out.o,
by_pc,2147516458,10,10,20,30,10,0,0,0,0,tcp_output,/Users/swchen.tw/git/percepio/poc/runs/tcp-workload-matrix-v1/A02-baseline/build/tcp_out.o,
by_pc,2147516462,10,210,420,430,10,10,80,0,110,tcp_output,/Users/swchen.tw/git/percepio/poc/runs/tcp-workload-matrix-v1/A02-baseline/build/tcp_out.o,
by_pc,2147516464,10,20,40,50,10,10,0,0,0,tcp_output,/Users/swchen.tw/git/percepio/poc/runs/tcp-workload-matrix-v1/A02-baseline/build/tcp_out.o,
by_pc,2147516466,10,20,40,50,10,10,0,0,0,tcp_output,/Users/swchen.tw/git/percepio/poc/runs/tcp-workload-matrix-v1/A02-baseline/build/tcp_out.o,
by_pc,2147516468,10,10,20,30,10,0,0,0,0,tcp_output,/Users/swchen.tw/git/percepio/poc/runs/tcp-workload-matrix-v1/A02-baseline/build/tcp_out.o,
by_pc,2147516470,10,20,40,50,10,10,0,0,0,tcp_output,/Users/swchen.tw/git/percepio/poc/runs/tcp-workload-matrix-v1/A02-baseline/build/tcp_out.o,
by_pc,2147516472,10,10,20,30,10,0,0,0,0,tcp_output,/Users/swchen.tw/git/percepio/poc/runs/tcp-workload-matrix-v1/A02-baseline/build/tcp_out.o,
by_pc,2147516474,10,20,40,50,10,10,0,0,0,tcp_output,/Users/swchen.tw/git/percepio/poc/runs/tcp-workload-matrix-v1/A02-baseline/build/tcp_out.o,
by_pc,2147516478,10,10,20,30,10,0,0,0,0,tcp_output,/Users/swchen.tw/git/percepio/poc/runs/tcp-workload-matrix-v1/A02-baseline/build/tcp_out.o,
by_pc,2147516480,10,268,536,546,10,10,120,18,110,tcp_output,/Users/swchen.tw/git/percepio/poc/runs/tcp-workload-matrix-v1/A02-baseline/build/tcp_out.o,
by_pc,2147516484,10,20,40,50,10,10,0,0,0,tcp_output,/Users/swchen.tw/git/percepio/poc/runs/tcp-workload-matrix-v1/A02-baseline/build/tcp_out.o,
by_pc,2147516486,10,20,40,50,10,10,0,0,0,tcp_output,/Users/swchen.tw/git/percepio/poc/runs/tcp-workload-matrix-v1/A02-baseline/build/tcp_out.o,
by_pc,2147516490,10,10,20,30,10,0,0,0,0,tcp_output,/Users/swchen.tw/git/percepio/poc/runs/tcp-workload-matrix-v1/A02-baseline/build/tcp_out.o,
by_pc,2147516494,10,210,420,430,10,10,80,0,110,tcp_output,/Users/swchen.tw/git/percepio/poc/runs/tcp-workload-matrix-v1/A02-baseline/build/tcp_out.o,
by_pc,2147516498,10,20,40,50,10,10,0,0,0,tcp_output,/Users/swchen.tw/git/percepio/poc/runs/tcp-workload-matrix-v1/A02-baseline/build/tcp_out.o,
by_pc,2147516500,10,20,40,50,10,10,0,0,0,tcp_output,/Users/swchen.tw/git/percepio/poc/runs/tcp-workload-matrix-v1/A02-baseline/build/tcp_out.o,
by_pc,2147516502,10,10,20,30,10,0,0,0,0,tcp_output,/Users/swchen.tw/git/percepio/poc/runs/tcp-workload-matrix-v1/A02-baseline/build/tcp_out.o,
by_pc,2147516504,10,210,420,430,10,10,80,0,110,tcp_output,/Users/swchen.tw/git/percepio/poc/runs/tcp-workload-matrix-v1/A02-baseline/build/tcp_out.o,
by_pc,2147516506,10,210,420,430,10,10,80,0,110,tcp_output,/Users/swchen.tw/git/percepio/poc/runs/tcp-workload-matrix-v1/A02-baseline/build/tcp_out.o,
by_pc,2147516510,10,210,420,430,10,10,80,0,110,tcp_output,/Users/swchen.tw/git/percepio/poc/runs/tcp-workload-matrix-v1/A02-baseline/build/tcp_out.o,
by_pc,2147516514,10,20,40,50,10,10,0,0,0,tcp_output,/Users/swchen.tw/git/percepio/poc/runs/tcp-workload-matrix-v1/A02-baseline/build/tcp_out.o,
by_pc,2147516516,10,20,40,50,10,10,0,0,0,tcp_output,/Users/swchen.tw/git/percepio/poc/runs/tcp-workload-matrix-v1/A02-baseline/build/tcp_out.o,
by_pc,2147516520,10,10,20,30,10,0,0,0,0,tcp_output,/Users/swchen.tw/git/percepio/poc/runs/tcp-workload-matrix-v1/A02-baseline/build/tcp_out.o,
by_pc,2147516524,10,20,40,50,10,10,0,0,0,tcp_output,/Users/swchen.tw/git/percepio/poc/runs/tcp-workload-matrix-v1/A02-baseline/build/tcp_out.o,
by_pc,2147516528,10,10,20,30,10,0,0,0,0,tcp_output,/Users/swchen.tw/git/percepio/poc/runs/tcp-workload-matrix-v1/A02-baseline/build/tcp_out.o,
by_pc,2147516532,10,210,420,430,10,10,80,0,110,tcp_output,/Users/swchen.tw/git/percepio/poc/runs/tcp-workload-matrix-v1/A02-baseline/build/tcp_out.o,
by_pc,2147516536,10,10,20,30,10,0,0,0,0,tcp_output,/Users/swchen.tw/git/percepio/poc/runs/tcp-workload-matrix-v1/A02-baseline/build/tcp_out.o,
by_pc,2147516538,10,210,420,430,10,10,80,0,110,tcp_output,/Users/swchen.tw/git/percepio/poc/runs/tcp-workload-matrix-v1/A02-baseline/build/tcp_out.o,
by_pc,2147516542,10,118,236,246,20,0,80,18,0,tcp_output,/Users/swchen.tw/git/percepio/poc/runs/tcp-workload-matrix-v1/A02-baseline/build/tcp_out.o,
by_pc,2147516546,10,20,40,50,10,10,0,0,0,tcp_output,/Users/swchen.tw/git/percepio/poc/runs/tcp-workload-matrix-v1/A02-baseline/build/tcp_out.o,
by_pc,2147516550,10,10,20,30,10,0,0,0,0,tcp_output,/Users/swchen.tw/git/percepio/poc/runs/tcp-workload-matrix-v1/A02-baseline/build/tcp_out.o,
by_pc,2147516552,10,10,20,30,10,0,0,0,0,tcp_output,/Users/swchen.tw/git/percepio/poc/runs/tcp-workload-matrix-v1/A02-baseline/build/tcp_out.o,
by_pc,2147516556,10,10,20,30,10,0,0,0,0,tcp_output,/Users/swchen.tw/git/percepio/poc/runs/tcp-workload-matrix-v1/A02-baseline/build/tcp_out.o,
by_pc,2147516558,10,10,20,30,10,0,0,0,0,tcp_output,/Users/swchen.tw/git/percepio/poc/runs/tcp-workload-matrix-v1/A02-baseline/build/tcp_out.o,
by_pc,2147516562,10,210,420,430,10,10,80,0,110,tcp_output,/Users/swchen.tw/git/percepio/poc/runs/tcp-workload-matrix-v1/A02-baseline/build/tcp_out.o,
by_pc,2147516566,10,20,40,50,10,10,0,0,0,tcp_output,/Users/swchen.tw/git/percepio/poc/runs/tcp-workload-matrix-v1/A02-baseline/build/tcp_out.o,
by_pc,2147516570,10,20,40,50,10,10,0,0,0,tcp_output,/Users/swchen.tw/git/percepio/poc/runs/tcp-workload-matrix-v1/A02-baseline/build/tcp_out.o,
by_pc,2147516574,10,20,40,50,10,10,0,0,0,tcp_output,/Users/swchen.tw/git/percepio/poc/runs/tcp-workload-matrix-v1/A02-baseline/build/tcp_out.o,
by_pc,2147516576,10,10,20,30,10,0,0,0,0,tcp_output,/Users/swchen.tw/git/percepio/poc/runs/tcp-workload-matrix-v1/A02-baseline/build/tcp_out.o,
by_pc,2147516578,10,10,20,30,10,0,0,0,0,tcp_output,/Users/swchen.tw/git/percepio/poc/runs/tcp-workload-matrix-v1/A02-baseline/build/tcp_out.o,
by_pc,2147516580,10,10,20,30,10,0,0,0,0,tcp_output,/Users/swchen.tw/git/percepio/poc/runs/tcp-workload-matrix-v1/A02-baseline/build/tcp_out.o,
by_pc,2147519188,11,19,38,49,11,0,8,0,0,ip4_output_if,/Users/swchen.tw/git/percepio/poc/runs/tcp-workload-matrix-v1/A02-baseline/build/ip4.o,
by_pc,2147519190,11,11,22,33,11,0,0,0,0,ip4_output_if,/Users/swchen.tw/git/percepio/poc/runs/tcp-workload-matrix-v1/A02-baseline/build/ip4.o,
by_pc,2147519192,11,22,44,55,11,11,0,0,0,ip4_output_if,/Users/swchen.tw/git/percepio/poc/runs/tcp-workload-matrix-v1/A02-baseline/build/ip4.o,
by_pc,2147519196,11,11,22,33,11,0,0,0,0,ip4_output_if,/Users/swchen.tw/git/percepio/poc/runs/tcp-workload-matrix-v1/A02-baseline/build/ip4.o,
by_pc,2147519204,11,11,22,33,11,0,0,0,0,ip4_output_if,/Users/swchen.tw/git/percepio/poc/runs/tcp-workload-matrix-v1/A02-baseline/build/ip4.o,
by_pc,2147518804,11,117,234,245,11,0,88,18,0,ip4_output_if_src,/Users/swchen.tw/git/percepio/poc/runs/tcp-workload-matrix-v1/A02-baseline/build/ip4.o,
by_pc,2147518806,11,231,462,473,11,11,88,0,121,ip4_output_if_src,/Users/swchen.tw/git/percepio/poc/runs/tcp-workload-matrix-v1/A02-baseline/build/ip4.o,
by_pc,2147518808,11,231,462,473,11,11,88,0,121,ip4_output_if_src,/Users/swchen.tw/git/percepio/poc/runs/tcp-workload-matrix-v1/A02-baseline/build/ip4.o,
by_pc,2147518810,11,231,462,473,11,11,88,0,121,ip4_output_if_src,/Users/swchen.tw/git/percepio/poc/runs/tcp-workload-matrix-v1/A02-baseline/build/ip4.o,
by_pc,2147518812,11,231,462,473,11,11,88,0,121,ip4_output_if_src,/Users/swchen.tw/git/percepio/poc/runs/tcp-workload-matrix-v1/A02-baseline/build/ip4.o,
by_pc,2147518814,11,231,462,473,11,11,88,0,121,ip4_output_if_src,/Users/swchen.tw/git/percepio/poc/runs/tcp-workload-matrix-v1/A02-baseline/build/ip4.o,
by_pc,2147518816,11,231,462,473,11,11,88,0,121,ip4_output_if_src,/Users/swchen.tw/git/percepio/poc/runs/tcp-workload-matrix-v1/A02-baseline/build/ip4.o,
by_pc,2147518818,11,231,462,473,11,11,88,0,121,ip4_output_if_src,/Users/swchen.tw/git/percepio/poc/runs/tcp-workload-matrix-v1/A02-baseline/build/ip4.o,
by_pc,2147518820,11,11,22,33,11,0,0,0,0,ip4_output_if_src,/Users/swchen.tw/git/percepio/poc/runs/tcp-workload-matrix-v1/A02-baseline/build/ip4.o,
by_pc,2147518822,11,11,22,33,11,0,0,0,0,ip4_output_if_src,/Users/swchen.tw/git/percepio/poc/runs/tcp-workload-matrix-v1/A02-baseline/build/ip4.o,
by_pc,2147518824,11,11,22,33,11,0,0,0,0,ip4_output_if_src,/Users/swchen.tw/git/percepio/poc/runs/tcp-workload-matrix-v1/A02-baseline/build/ip4.o,
by_pc,2147518828,11,11,22,33,11,0,0,0,0,ip4_output_if_src,/Users/swchen.tw/git/percepio/poc/runs/tcp-workload-matrix-v1/A02-baseline/build/ip4.o,
by_pc,2147518830,11,11,22,33,11,0,0,0,0,ip4_output_if_src,/Users/swchen.tw/git/percepio/poc/runs/tcp-workload-matrix-v1/A02-baseline/build/ip4.o,
by_pc,2147518832,11,231,462,473,11,11,88,0,121,ip4_output_if_src,/Users/swchen.tw/git/percepio/poc/runs/tcp-workload-matrix-v1/A02-baseline/build/ip4.o,
by_pc,2147518834,11,231,462,473,11,11,88,0,121,ip4_output_if_src,/Users/swchen.tw/git/percepio/poc/runs/tcp-workload-matrix-v1/A02-baseline/build/ip4.o,
by_pc,2147518836,11,11,22,33,11,0,0,0,0,ip4_output_if_src,/Users/swchen.tw/git/percepio/poc/runs/tcp-workload-matrix-v1/A02-baseline/build/ip4.o,
by_pc,2147518838,11,11,22,33,11,0,0,0,0,ip4_output_if_src,/Users/swchen.tw/git/percepio/poc/runs/tcp-workload-matrix-v1/A02-baseline/build/ip4.o,
by_pc,2147518840,11,11,22,33,11,0,0,0,0,ip4_output_if_src,/Users/swchen.tw/git/percepio/poc/runs/tcp-workload-matrix-v1/A02-baseline/build/ip4.o,
by_pc,2147518844,11,22,44,55,11,11,0,0,0,ip4_output_if_src,/Users/swchen.tw/git/percepio/poc/runs/tcp-workload-matrix-v1/A02-baseline/build/ip4.o,
by_pc,2147518846,11,22,44,55,11,11,0,0,0,ip4_output_if_src,/Users/swchen.tw/git/percepio/poc/runs/tcp-workload-matrix-v1/A02-baseline/build/ip4.o,
by_pc,2147518848,11,101,202,213,11,0,72,18,0,ip4_output_if_src,/Users/swchen.tw/git/percepio/poc/runs/tcp-workload-matrix-v1/A02-baseline/build/ip4.o,
by_pc,2147518888,11,22,44,55,11,11,0,0,0,ip4_output_if_src,/Users/swchen.tw/git/percepio/poc/runs/tcp-workload-matrix-v1/A02-baseline/build/ip4.o,
by_pc,2147518892,11,231,462,473,11,11,88,0,121,ip4_output_if_src,/Users/swchen.tw/git/percepio/poc/runs/tcp-workload-matrix-v1/A02-baseline/build/ip4.o,
by_pc,2147518896,11,231,462,473,11,11,88,0,121,ip4_output_if_src,/Users/swchen.tw/git/percepio/poc/runs/tcp-workload-matrix-v1/A02-baseline/build/ip4.o,
by_pc,2147518900,11,22,44,55,11,11,0,0,0,ip4_output_if_src,/Users/swchen.tw/git/percepio/poc/runs/tcp-workload-matrix-v1/A02-baseline/build/ip4.o,
by_pc,2147518904,11,231,462,473,11,11,88,0,121,ip4_output_if_src,/Users/swchen.tw/git/percepio/poc/runs/tcp-workload-matrix-v1/A02-baseline/build/ip4.o,
by_pc,2147518908,11,11,22,33,11,0,0,0,0,ip4_output_if_src,/Users/swchen.tw/git/percepio/poc/runs/tcp-workload-matrix-v1/A02-baseline/build/ip4.o,
by_pc,2147518910,11,56,112,123,22,0,16,18,0,ip4_output_if_src,/Users/swchen.tw/git/percepio/poc/runs/tcp-workload-matrix-v1/A02-baseline/build/ip4.o,
by_pc,2147518914,11,11,22,33,11,0,0,0,0,ip4_output_if_src,/Users/swchen.tw/git/percepio/poc/runs/tcp-workload-matrix-v1/A02-baseline/build/ip4.o,
by_pc,2147518918,11,231,462,473,11,11,88,0,121,ip4_output_if_src,/Users/swchen.tw/git/percepio/poc/runs/tcp-workload-matrix-v1/A02-baseline/build/ip4.o,
by_pc,2147518922,11,231,462,473,11,11,88,0,121,ip4_output_if_src,/Users/swchen.tw/git/percepio/poc/runs/tcp-workload-matrix-v1/A02-baseline/build/ip4.o,
by_pc,2147518926,11,11,22,33,11,0,0,0,0,ip4_output_if_src,/Users/swchen.tw/git/percepio/poc/runs/tcp-workload-matrix-v1/A02-baseline/build/ip4.o,
by_pc,2147518930,11,11,22,33,11,0,0,0,0,ip4_output_if_src,/Users/swchen.tw/git/percepio/poc/runs/tcp-workload-matrix-v1/A02-baseline/build/ip4.o,
by_pc,2147518934,11,231,462,473,11,11,88,0,121,ip4_output_if_src,/Users/swchen.tw/git/percepio/poc/runs/tcp-workload-matrix-v1/A02-baseline/build/ip4.o,
by_pc,2147518938,11,231,462,473,11,11,88,0,121,ip4_output_if_src,/Users/swchen.tw/git/percepio/poc/runs/tcp-workload-matrix-v1/A02-baseline/build/ip4.o,
by_pc,2147518942,11,231,462,473,11,11,88,0,121,ip4_output_if_src,/Users/swchen.tw/git/percepio/poc/runs/tcp-workload-matrix-v1/A02-baseline/build/ip4.o,
by_pc,2147518946,11,11,22,33,11,0,0,0,0,ip4_output_if_src,/Users/swchen.tw/git/percepio/poc/runs/tcp-workload-matrix-v1/A02-baseline/build/ip4.o,
by_pc,2147518948,11,11,22,33,11,0,0,0,0,ip4_output_if_src,/Users/swchen.tw/git/percepio/poc/runs/tcp-workload-matrix-v1/A02-baseline/build/ip4.o,
by_pc,2147518950,11,11,22,33,11,0,0,0,0,ip4_output_if_src,/Users/swchen.tw/git/percepio/poc/runs/tcp-workload-matrix-v1/A02-baseline/build/ip4.o,
by_pc,2147518952,11,22,44,55,11,11,0,0,0,ip4_output_if_src,/Users/swchen.tw/git/percepio/poc/runs/tcp-workload-matrix-v1/A02-baseline/build/ip4.o,
by_pc,2147518956,11,11,22,33,11,0,0,0,0,ip4_output_if_src,/Users/swchen.tw/git/percepio/poc/runs/tcp-workload-matrix-v1/A02-baseline/build/ip4.o,
by_pc,2147518958,11,11,22,33,11,0,0,0,0,ip4_output_if_src,/Users/swchen.tw/git/percepio/poc/runs/tcp-workload-matrix-v1/A02-baseline/build/ip4.o,
by_pc,2147518960,11,11,22,33,11,0,0,0,0,ip4_output_if_src,/Users/swchen.tw/git/percepio/poc/runs/tcp-workload-matrix-v1/A02-baseline/build/ip4.o,
by_pc,2147518962,11,11,22,33,11,0,0,0,0,ip4_output_if_src,/Users/swchen.tw/git/percepio/poc/runs/tcp-workload-matrix-v1/A02-baseline/build/ip4.o,
by_pc,2147518964,11,11,22,33,11,0,0,0,0,ip4_output_if_src,/Users/swchen.tw/git/percepio/poc/runs/tcp-workload-matrix-v1/A02-baseline/build/ip4.o,
by_pc,2147518966,11,11,22,33,11,0,0,0,0,ip4_output_if_src,/Users/swchen.tw/git/percepio/poc/runs/tcp-workload-matrix-v1/A02-baseline/build/ip4.o,
by_pc,2147518968,11,11,22,33,11,0,0,0,0,ip4_output_if_src,/Users/swchen.tw/git/percepio/poc/runs/tcp-workload-matrix-v1/A02-baseline/build/ip4.o,
by_pc,2147518970,11,11,22,33,11,0,0,0,0,ip4_output_if_src,/Users/swchen.tw/git/percepio/poc/runs/tcp-workload-matrix-v1/A02-baseline/build/ip4.o,
by_pc,2147518974,11,72,144,155,22,0,32,18,0,ip4_output_if_src,/Users/swchen.tw/git/percepio/poc/runs/tcp-workload-matrix-v1/A02-baseline/build/ip4.o,
by_pc,2147518978,11,231,462,473,11,11,88,0,121,ip4_output_if_src,/Users/swchen.tw/git/percepio/poc/runs/tcp-workload-matrix-v1/A02-baseline/build/ip4.o,
by_pc,2147518982,11,11,22,33,11,0,0,0,0,ip4_output_if_src,/Users/swchen.tw/git/percepio/poc/runs/tcp-workload-matrix-v1/A02-baseline/build/ip4.o,
by_pc,2147518984,11,22,44,55,11,11,0,0,0,ip4_output_if_src,/Users/swchen.tw/git/percepio/poc/runs/tcp-workload-matrix-v1/A02-baseline/build/ip4.o,
by_pc,2147518988,11,231,462,473,11,11,88,0,121,ip4_output_if_src,/Users/swchen.tw/git/percepio/poc/runs/tcp-workload-matrix-v1/A02-baseline/build/ip4.o,
by_pc,2147518992,11,231,462,473,11,11,88,0,121,ip4_output_if_src,/Users/swchen.tw/git/percepio/poc/runs/tcp-workload-matrix-v1/A02-baseline/build/ip4.o,
by_pc,2147518996,11,231,462,473,11,11,88,0,121,ip4_output_if_src,/Users/swchen.tw/git/percepio/poc/runs/tcp-workload-matrix-v1/A02-baseline/build/ip4.o,
by_pc,2147519000,11,11,22,33,11,0,0,0,0,ip4_output_if_src,/Users/swchen.tw/git/percepio/poc/runs/tcp-workload-matrix-v1/A02-baseline/build/ip4.o,
by_pc,2147519004,11,11,22,33,11,0,0,0,0,ip4_output_if_src,/Users/swchen.tw/git/percepio/poc/runs/tcp-workload-matrix-v1/A02-baseline/build/ip4.o,
by_pc,2147519008,11,231,462,473,11,11,88,0,121,ip4_output_if_src,/Users/swchen.tw/git/percepio/poc/runs/tcp-workload-matrix-v1/A02-baseline/build/ip4.o,
by_pc,2147519012,11,22,44,55,11,11,0,0,0,ip4_output_if_src,/Users/swchen.tw/git/percepio/poc/runs/tcp-workload-matrix-v1/A02-baseline/build/ip4.o,
by_pc,2147519016,11,231,462,473,11,11,88,0,121,ip4_output_if_src,/Users/swchen.tw/git/percepio/poc/runs/tcp-workload-matrix-v1/A02-baseline/build/ip4.o,
by_pc,2147519020,11,11,22,33,11,0,0,0,0,ip4_output_if_src,/Users/swchen.tw/git/percepio/poc/runs/tcp-workload-matrix-v1/A02-baseline/build/ip4.o,
by_pc,2147519022,11,11,22,33,11,0,0,0,0,ip4_output_if_src,/Users/swchen.tw/git/percepio/poc/runs/tcp-workload-matrix-v1/A02-baseline/build/ip4.o,
by_pc,2147519024,11,231,462,473,11,11,88,0,121,ip4_output_if_src,/Users/swchen.tw/git/percepio/poc/runs/tcp-workload-matrix-v1/A02-baseline/build/ip4.o,
by_pc,2147519028,11,11,22,33,11,0,0,0,0,ip4_output_if_src,/Users/swchen.tw/git/percepio/poc/runs/tcp-workload-matrix-v1/A02-baseline/build/ip4.o,
by_pc,2147519134,11,120,240,251,11,11,80,18,0,ip4_output_if_src,/Users/swchen.tw/git/percepio/poc/runs/tcp-workload-matrix-v1/A02-baseline/build/ip4.o,
by_pc,2147519138,11,11,22,33,11,0,0,0,0,ip4_output_if_src,/Users/swchen.tw/git/percepio/poc/runs/tcp-workload-matrix-v1/A02-baseline/build/ip4.o,
by_pc,2147519036,11,11,22,33,11,0,0,0,0,ip4_output_if_src,/Users/swchen.tw/git/percepio/poc/runs/tcp-workload-matrix-v1/A02-baseline/build/ip4.o,
by_pc,2147519040,11,37,74,85,11,0,8,18,0,ip4_output_if_src,/Users/swchen.tw/git/percepio/poc/runs/tcp-workload-matrix-v1/A02-baseline/build/ip4.o,
by_pc,2147519044,11,231,462,473,11,11,88,0,121,ip4_output_if_src,/Users/swchen.tw/git/percepio/poc/runs/tcp-workload-matrix-v1/A02-baseline/build/ip4.o,
by_pc,2147519048,11,231,462,473,11,11,88,0,121,ip4_output_if_src,/Users/swchen.tw/git/percepio/poc/runs/tcp-workload-matrix-v1/A02-baseline/build/ip4.o,
by_pc,2147519052,11,11,22,33,11,0,0,0,0,ip4_output_if_src,/Users/swchen.tw/git/percepio/poc/runs/tcp-workload-matrix-v1/A02-baseline/build/ip4.o,
by_pc,2147519056,11,11,22,33,11,0,0,0,0,ip4_output_if_src,/Users/swchen.tw/git/percepio/poc/runs/tcp-workload-matrix-v1/A02-baseline/build/ip4.o,
by_pc,2147519058,11,11,22,33,11,0,0,0,0,ip4_output_if_src,/Users/swchen.tw/git/percepio/poc/runs/tcp-workload-matrix-v1/A02-baseline/build/ip4.o,
by_pc,2147519060,11,11,22,33,11,0,0,0,0,ip4_output_if_src,/Users/swchen.tw/git/percepio/poc/runs/tcp-workload-matrix-v1/A02-baseline/build/ip4.o,
by_pc,2147519062,11,11,22,33,11,0,0,0,0,ip4_output_if_src,/Users/swchen.tw/git/percepio/poc/runs/tcp-workload-matrix-v1/A02-baseline/build/ip4.o,
by_pc,2147519064,11,231,462,473,11,11,88,0,121,ip4_output_if_src,/Users/swchen.tw/git/percepio/poc/runs/tcp-workload-matrix-v1/A02-baseline/build/ip4.o,
by_pc,2147519068,11,11,22,33,11,0,0,0,0,ip4_output_if_src,/Users/swchen.tw/git/percepio/poc/runs/tcp-workload-matrix-v1/A02-baseline/build/ip4.o,
by_pc,2147519072,11,11,22,33,11,0,0,0,0,ip4_output_if_src,/Users/swchen.tw/git/percepio/poc/runs/tcp-workload-matrix-v1/A02-baseline/build/ip4.o,
by_pc,2147519074,11,11,22,33,11,0,0,0,0,ip4_output_if_src,/Users/swchen.tw/git/percepio/poc/runs/tcp-workload-matrix-v1/A02-baseline/build/ip4.o,
by_pc,2147519076,11,11,22,33,11,0,0,0,0,ip4_output_if_src,/Users/swchen.tw/git/percepio/poc/runs/tcp-workload-matrix-v1/A02-baseline/build/ip4.o,
by_pc,2147519078,11,11,22,33,11,0,0,0,0,ip4_output_if_src,/Users/swchen.tw/git/percepio/poc/runs/tcp-workload-matrix-v1/A02-baseline/build/ip4.o,
by_pc,2147519082,11,11,22,33,11,0,0,0,0,ip4_output_if_src,/Users/swchen.tw/git/percepio/poc/runs/tcp-workload-matrix-v1/A02-baseline/build/ip4.o,
by_pc,2147519084,11,11,22,33,11,0,0,0,0,ip4_output_if_src,/Users/swchen.tw/git/percepio/poc/runs/tcp-workload-matrix-v1/A02-baseline/build/ip4.o,
by_pc,2147519088,11,231,462,473,11,11,88,0,121,ip4_output_if_src,/Users/swchen.tw/git/percepio/poc/runs/tcp-workload-matrix-v1/A02-baseline/build/ip4.o,
by_pc,2147519092,11,11,22,33,11,0,0,0,0,ip4_output_if_src,/Users/swchen.tw/git/percepio/poc/runs/tcp-workload-matrix-v1/A02-baseline/build/ip4.o,
by_pc,2147519094,11,231,462,473,11,11,88,0,121,ip4_output_if_src,/Users/swchen.tw/git/percepio/poc/runs/tcp-workload-matrix-v1/A02-baseline/build/ip4.o,
by_pc,2147519098,11,231,462,473,11,11,88,0,121,ip4_output_if_src,/Users/swchen.tw/git/percepio/poc/runs/tcp-workload-matrix-v1/A02-baseline/build/ip4.o,
by_pc,2147519102,11,22,44,55,22,0,0,0,0,ip4_output_if_src,/Users/swchen.tw/git/percepio/poc/runs/tcp-workload-matrix-v1/A02-baseline/build/ip4.o,
by_pc,2147519106,11,22,44,55,11,11,0,0,0,ip4_output_if_src,/Users/swchen.tw/git/percepio/poc/runs/tcp-workload-matrix-v1/A02-baseline/build/ip4.o,
by_pc,2147519110,11,11,22,33,11,0,0,0,0,ip4_output_if_src,/Users/swchen.tw/git/percepio/poc/runs/tcp-workload-matrix-v1/A02-baseline/build/ip4.o,
by_pc,2147519112,11,11,22,33,11,0,0,0,0,ip4_output_if_src,/Users/swchen.tw/git/percepio/poc/runs/tcp-workload-matrix-v1/A02-baseline/build/ip4.o,
by_pc,2147519114,11,11,22,33,11,0,0,0,0,ip4_output_if_src,/Users/swchen.tw/git/percepio/poc/runs/tcp-workload-matrix-v1/A02-baseline/build/ip4.o,
by_pc,2147519116,11,11,22,33,11,0,0,0,0,ip4_output_if_src,/Users/swchen.tw/git/percepio/poc/runs/tcp-workload-matrix-v1/A02-baseline/build/ip4.o,
by_pc,2147519120,11,231,462,473,11,11,88,0,121,ip4_output_if_src,/Users/swchen.tw/git/percepio/poc/runs/tcp-workload-matrix-v1/A02-baseline/build/ip4.o,
by_pc,2147519124,11,22,44,55,11,11,0,0,0,ip4_output_if_src,/Users/swchen.tw/git/percepio/poc/runs/tcp-workload-matrix-v1/A02-baseline/build/ip4.o,
by_pc,2147519128,11,11,22,33,11,0,0,0,0,ip4_output_if_src,/Users/swchen.tw/git/percepio/poc/runs/tcp-workload-matrix-v1/A02-baseline/build/ip4.o,
by_pc,2147519130,11,11,22,33,11,0,0,0,0,ip4_output_if_src,/Users/swchen.tw/git/percepio/poc/runs/tcp-workload-matrix-v1/A02-baseline/build/ip4.o,
by_pc,2147495374,11,127,254,265,11,0,80,36,0,output_packet,/Users/swchen.tw/git/percepio/poc/runs/tcp-workload-matrix-v1/A02-baseline/build/tcp_request_response_irq.o,
by_pc,2147495376,11,231,462,473,11,11,88,0,121,output_packet,/Users/swchen.tw/git/percepio/poc/runs/tcp-workload-matrix-v1/A02-baseline/build/tcp_request_response_irq.o,
by_pc,2147495378,11,231,462,473,11,11,88,0,121,output_packet,/Users/swchen.tw/git/percepio/poc/runs/tcp-workload-matrix-v1/A02-baseline/build/tcp_request_response_irq.o,
by_pc,2147495380,11,231,462,473,11,11,88,0,121,output_packet,/Users/swchen.tw/git/percepio/poc/runs/tcp-workload-matrix-v1/A02-baseline/build/tcp_request_response_irq.o,
by_pc,2147495382,11,11,22,33,11,0,0,0,0,output_packet,/Users/swchen.tw/git/percepio/poc/runs/tcp-workload-matrix-v1/A02-baseline/build/tcp_request_response_irq.o,
by_pc,2147495386,11,22,44,55,11,11,0,0,0,output_packet,/Users/swchen.tw/git/percepio/poc/runs/tcp-workload-matrix-v1/A02-baseline/build/tcp_request_response_irq.o,
by_pc,2147495388,11,11,22,33,11,0,0,0,0,output_packet,/Users/swchen.tw/git/percepio/poc/runs/tcp-workload-matrix-v1/A02-baseline/build/tcp_request_response_irq.o,
by_pc,2147495390,11,11,22,33,11,0,0,0,0,output_packet,/Users/swchen.tw/git/percepio/poc/runs/tcp-workload-matrix-v1/A02-baseline/build/tcp_request_response_irq.o,
by_pc,2147495408,11,11,22,33,11,0,0,0,0,output_packet,/Users/swchen.tw/git/percepio/poc/runs/tcp-workload-matrix-v1/A02-baseline/build/tcp_request_response_irq.o,
by_pc,2147495410,11,11,22,33,11,0,0,0,0,output_packet,/Users/swchen.tw/git/percepio/poc/runs/tcp-workload-matrix-v1/A02-baseline/build/tcp_request_response_irq.o,
by_pc,2147502458,11,19,38,49,11,0,8,0,0,pbuf_ref,/Users/swchen.tw/git/percepio/poc/runs/tcp-workload-matrix-v1/A02-baseline/build/pbuf.o,
by_pc,2147502460,11,22,44,55,11,11,0,0,0,pbuf_ref,/Users/swchen.tw/git/percepio/poc/runs/tcp-workload-matrix-v1/A02-baseline/build/pbuf.o,
by_pc,2147502464,11,45,90,101,11,0,16,18,0,pbuf_ref,/Users/swchen.tw/git/percepio/poc/runs/tcp-workload-matrix-v1/A02-baseline/build/pbuf.o,
by_pc,2147502466,11,231,462,473,11,11,88,0,121,pbuf_ref,/Users/swchen.tw/git/percepio/poc/runs/tcp-workload-matrix-v1/A02-baseline/build/pbuf.o,
by_pc,2147502470,11,11,22,33,11,0,0,0,0,pbuf_ref,/Users/swchen.tw/git/percepio/poc/runs/tcp-workload-matrix-v1/A02-baseline/build/pbuf.o,
by_pc,2147495414,11,231,462,473,11,11,88,0,121,output_packet,/Users/swchen.tw/git/percepio/poc/runs/tcp-workload-matrix-v1/A02-baseline/build/tcp_request_response_irq.o,
by_pc,2147495416,11,22,44,55,11,11,0,0,0,output_packet,/Users/swchen.tw/git/percepio/poc/runs/tcp-workload-matrix-v1/A02-baseline/build/tcp_request_response_irq.o,
by_pc,2147495418,11,22,44,55,11,11,0,0,0,output_packet,/Users/swchen.tw/git/percepio/poc/runs/tcp-workload-matrix-v1/A02-baseline/build/tcp_request_response_irq.o,
by_pc,2147495420,11,22,44,55,11,11,0,0,0,output_packet,/Users/swchen.tw/git/percepio/poc/runs/tcp-workload-matrix-v1/A02-baseline/build/tcp_request_response_irq.o,
by_pc,2147495422,11,11,22,33,11,0,0,0,0,output_packet,/Users/swchen.tw/git/percepio/poc/runs/tcp-workload-matrix-v1/A02-baseline/build/tcp_request_response_irq.o,
by_pc,2147495424,11,19,38,49,11,0,8,0,0,output_packet,/Users/swchen.tw/git/percepio/poc/runs/tcp-workload-matrix-v1/A02-baseline/build/tcp_request_response_irq.o,
by_pc,2147495426,11,11,22,33,11,0,0,0,0,output_packet,/Users/swchen.tw/git/percepio/poc/runs/tcp-workload-matrix-v1/A02-baseline/build/tcp_request_response_irq.o,
by_pc,2147519132,11,11,22,33,11,0,0,0,0,ip4_output_if_src,/Users/swchen.tw/git/percepio/poc/runs/tcp-workload-matrix-v1/A02-baseline/build/ip4.o,
by_pc,2147518870,11,22,44,55,11,11,0,0,0,ip4_output_if_src,/Users/swchen.tw/git/percepio/poc/runs/tcp-workload-matrix-v1/A02-baseline/build/ip4.o,
by_pc,2147518872,11,22,44,55,11,11,0,0,0,ip4_output_if_src,/Users/swchen.tw/git/percepio/poc/runs/tcp-workload-matrix-v1/A02-baseline/build/ip4.o,
by_pc,2147518874,11,22,44,55,11,11,0,0,0,ip4_output_if_src,/Users/swchen.tw/git/percepio/poc/runs/tcp-workload-matrix-v1/A02-baseline/build/ip4.o,
by_pc,2147518876,11,22,44,55,11,11,0,0,0,ip4_output_if_src,/Users/swchen.tw/git/percepio/poc/runs/tcp-workload-matrix-v1/A02-baseline/build/ip4.o,
by_pc,2147518878,11,22,44,55,11,11,0,0,0,ip4_output_if_src,/Users/swchen.tw/git/percepio/poc/runs/tcp-workload-matrix-v1/A02-baseline/build/ip4.o,
by_pc,2147518880,11,22,44,55,11,11,0,0,0,ip4_output_if_src,/Users/swchen.tw/git/percepio/poc/runs/tcp-workload-matrix-v1/A02-baseline/build/ip4.o,
by_pc,2147518882,11,22,44,55,11,11,0,0,0,ip4_output_if_src,/Users/swchen.tw/git/percepio/poc/runs/tcp-workload-matrix-v1/A02-baseline/build/ip4.o,
by_pc,2147518884,11,11,22,33,11,0,0,0,0,ip4_output_if_src,/Users/swchen.tw/git/percepio/poc/runs/tcp-workload-matrix-v1/A02-baseline/build/ip4.o,
by_pc,2147518886,11,11,22,33,11,0,0,0,0,ip4_output_if_src,/Users/swchen.tw/git/percepio/poc/runs/tcp-workload-matrix-v1/A02-baseline/build/ip4.o,
by_pc,2147516584,10,10,20,30,10,0,0,0,0,tcp_output,/Users/swchen.tw/git/percepio/poc/runs/tcp-workload-matrix-v1/A02-baseline/build/tcp_out.o,
by_pc,2147515886,10,20,40,50,10,10,0,0,0,tcp_output,/Users/swchen.tw/git/percepio/poc/runs/tcp-workload-matrix-v1/A02-baseline/build/tcp_out.o,
by_pc,2147515888,10,210,420,430,10,10,80,0,110,tcp_output,/Users/swchen.tw/git/percepio/poc/runs/tcp-workload-matrix-v1/A02-baseline/build/tcp_out.o,
by_pc,2147515890,10,20,40,50,10,10,0,0,0,tcp_output,/Users/swchen.tw/git/percepio/poc/runs/tcp-workload-matrix-v1/A02-baseline/build/tcp_out.o,
by_pc,2147515892,10,10,20,30,10,0,0,0,0,tcp_output,/Users/swchen.tw/git/percepio/poc/runs/tcp-workload-matrix-v1/A02-baseline/build/tcp_out.o,
by_pc,2147515896,10,20,40,50,10,10,0,0,0,tcp_output,/Users/swchen.tw/git/percepio/poc/runs/tcp-workload-matrix-v1/A02-baseline/build/tcp_out.o,
by_pc,2147515900,10,10,20,30,10,0,0,0,0,tcp_output,/Users/swchen.tw/git/percepio/poc/runs/tcp-workload-matrix-v1/A02-baseline/build/tcp_out.o,
by_pc,2147515902,10,318,636,646,20,10,160,18,110,tcp_output,/Users/swchen.tw/git/percepio/poc/runs/tcp-workload-matrix-v1/A02-baseline/build/tcp_out.o,
by_pc,2147515906,10,20,40,50,10,10,0,0,0,tcp_output,/Users/swchen.tw/git/percepio/poc/runs/tcp-workload-matrix-v1/A02-baseline/build/tcp_out.o,
by_pc,2147515908,10,20,40,50,10,10,0,0,0,tcp_output,/Users/swchen.tw/git/percepio/poc/runs/tcp-workload-matrix-v1/A02-baseline/build/tcp_out.o,
by_pc,2147515912,10,20,40,50,10,10,0,0,0,tcp_output,/Users/swchen.tw/git/percepio/poc/runs/tcp-workload-matrix-v1/A02-baseline/build/tcp_out.o,
by_pc,2147515916,10,20,40,50,10,10,0,0,0,tcp_output,/Users/swchen.tw/git/percepio/poc/runs/tcp-workload-matrix-v1/A02-baseline/build/tcp_out.o,
by_pc,2147515920,10,10,20,30,10,0,0,0,0,tcp_output,/Users/swchen.tw/git/percepio/poc/runs/tcp-workload-matrix-v1/A02-baseline/build/tcp_out.o,
by_pc,2147515922,10,10,20,30,10,0,0,0,0,tcp_output,/Users/swchen.tw/git/percepio/poc/runs/tcp-workload-matrix-v1/A02-baseline/build/tcp_out.o,
by_pc,2147515924,10,20,40,50,10,10,0,0,0,tcp_output,/Users/swchen.tw/git/percepio/poc/runs/tcp-workload-matrix-v1/A02-baseline/build/tcp_out.o,
by_pc,2147515928,10,10,20,30,10,0,0,0,0,tcp_output,/Users/swchen.tw/git/percepio/poc/runs/tcp-workload-matrix-v1/A02-baseline/build/tcp_out.o,
by_pc,2147515930,10,10,20,30,10,0,0,0,0,tcp_output,/Users/swchen.tw/git/percepio/poc/runs/tcp-workload-matrix-v1/A02-baseline/build/tcp_out.o,
by_pc,2147515932,10,10,20,30,10,0,0,0,0,tcp_output,/Users/swchen.tw/git/percepio/poc/runs/tcp-workload-matrix-v1/A02-baseline/build/tcp_out.o,
by_pc,2147515934,10,10,20,30,10,0,0,0,0,tcp_output,/Users/swchen.tw/git/percepio/poc/runs/tcp-workload-matrix-v1/A02-baseline/build/tcp_out.o,
by_pc,2147515936,10,10,20,30,10,0,0,0,0,tcp_output,/Users/swchen.tw/git/percepio/poc/runs/tcp-workload-matrix-v1/A02-baseline/build/tcp_out.o,
by_pc,2147515940,10,20,40,50,10,10,0,0,0,tcp_output,/Users/swchen.tw/git/percepio/poc/runs/tcp-workload-matrix-v1/A02-baseline/build/tcp_out.o,
by_pc,2147515942,10,20,40,50,10,10,0,0,0,tcp_output,/Users/swchen.tw/git/percepio/poc/runs/tcp-workload-matrix-v1/A02-baseline/build/tcp_out.o,
by_pc,2147515946,10,10,20,30,10,0,0,0,0,tcp_output,/Users/swchen.tw/git/percepio/poc/runs/tcp-workload-matrix-v1/A02-baseline/build/tcp_out.o,
by_pc,2147515950,10,20,40,50,10,10,0,0,0,tcp_output,/Users/swchen.tw/git/percepio/poc/runs/tcp-workload-matrix-v1/A02-baseline/build/tcp_out.o,
by_pc,2147515954,10,20,40,50,10,10,0,0,0,tcp_output,/Users/swchen.tw/git/percepio/poc/runs/tcp-workload-matrix-v1/A02-baseline/build/tcp_out.o,
by_pc,2147515958,10,10,20,30,10,0,0,0,0,tcp_output,/Users/swchen.tw/git/percepio/poc/runs/tcp-workload-matrix-v1/A02-baseline/build/tcp_out.o,
by_pc,2147515960,10,10,20,30,10,0,0,0,0,tcp_output,/Users/swchen.tw/git/percepio/poc/runs/tcp-workload-matrix-v1/A02-baseline/build/tcp_out.o,
by_pc,2147515962,10,10,20,30,10,0,0,0,0,tcp_output,/Users/swchen.tw/git/percepio/poc/runs/tcp-workload-matrix-v1/A02-baseline/build/tcp_out.o,
by_pc,2147515966,10,20,40,50,10,10,0,0,0,tcp_output,/Users/swchen.tw/git/percepio/poc/runs/tcp-workload-matrix-v1/A02-baseline/build/tcp_out.o,
by_pc,2147515968,10,108,216,226,10,0,80,18,0,tcp_output,/Users/swchen.tw/git/percepio/poc/runs/tcp-workload-matrix-v1/A02-baseline/build/tcp_out.o,
by_pc,2147515970,10,10,20,30,10,0,0,0,0,tcp_output,/Users/swchen.tw/git/percepio/poc/runs/tcp-workload-matrix-v1/A02-baseline/build/tcp_out.o,
by_pc,2147515974,10,10,20,30,10,0,0,0,0,tcp_output,/Users/swchen.tw/git/percepio/poc/runs/tcp-workload-matrix-v1/A02-baseline/build/tcp_out.o,
by_pc,2147515976,10,10,20,30,10,0,0,0,0,tcp_output,/Users/swchen.tw/git/percepio/poc/runs/tcp-workload-matrix-v1/A02-baseline/build/tcp_out.o,
by_pc,2147515978,10,10,20,30,10,0,0,0,0,tcp_output,/Users/swchen.tw/git/percepio/poc/runs/tcp-workload-matrix-v1/A02-baseline/build/tcp_out.o,
by_pc,2147515982,10,210,420,430,10,10,80,0,110,tcp_output,/Users/swchen.tw/git/percepio/poc/runs/tcp-workload-matrix-v1/A02-baseline/build/tcp_out.o,
by_pc,2147515984,10,20,40,50,10,10,0,0,0,tcp_output,/Users/swchen.tw/git/percepio/poc/runs/tcp-workload-matrix-v1/A02-baseline/build/tcp_out.o,
by_pc,2147515986,10,20,40,50,10,10,0,0,0,tcp_output,/Users/swchen.tw/git/percepio/poc/runs/tcp-workload-matrix-v1/A02-baseline/build/tcp_out.o,
by_pc,2147515990,10,20,40,50,10,10,0,0,0,tcp_output,/Users/swchen.tw/git/percepio/poc/runs/tcp-workload-matrix-v1/A02-baseline/build/tcp_out.o,
by_pc,2147515994,10,20,40,50,10,10,0,0,0,tcp_output,/Users/swchen.tw/git/percepio/poc/runs/tcp-workload-matrix-v1/A02-baseline/build/tcp_out.o,
by_pc,2147515998,10,10,20,30,10,0,0,0,0,tcp_output,/Users/swchen.tw/git/percepio/poc/runs/tcp-workload-matrix-v1/A02-baseline/build/tcp_out.o,
by_pc,2147516000,10,10,20,30,10,0,0,0,0,tcp_output,/Users/swchen.tw/git/percepio/poc/runs/tcp-workload-matrix-v1/A02-baseline/build/tcp_out.o,
by_pc,2147516002,10,10,20,30,10,0,0,0,0,tcp_output,/Users/swchen.tw/git/percepio/poc/runs/tcp-workload-matrix-v1/A02-baseline/build/tcp_out.o,
by_pc,2147516006,10,10,20,30,10,0,0,0,0,tcp_output,/Users/swchen.tw/git/percepio/poc/runs/tcp-workload-matrix-v1/A02-baseline/build/tcp_out.o,
by_pc,2147516008,10,10,20,30,10,0,0,0,0,tcp_output,/Users/swchen.tw/git/percepio/poc/runs/tcp-workload-matrix-v1/A02-baseline/build/tcp_out.o,
by_pc,2147516012,10,10,20,30,10,0,0,0,0,tcp_output,/Users/swchen.tw/git/percepio/poc/runs/tcp-workload-matrix-v1/A02-baseline/build/tcp_out.o,
by_pc,2147516016,10,210,420,430,10,10,80,0,110,tcp_output,/Users/swchen.tw/git/percepio/poc/runs/tcp-workload-matrix-v1/A02-baseline/build/tcp_out.o,
by_pc,2147516020,10,20,40,50,10,10,0,0,0,tcp_output,/Users/swchen.tw/git/percepio/poc/runs/tcp-workload-matrix-v1/A02-baseline/build/tcp_out.o,
by_pc,2147516022,10,10,20,30,10,0,0,0,0,tcp_output,/Users/swchen.tw/git/percepio/poc/runs/tcp-workload-matrix-v1/A02-baseline/build/tcp_out.o,
by_pc,2147516024,10,210,420,430,10,10,80,0,110,tcp_output,/Users/swchen.tw/git/percepio/poc/runs/tcp-workload-matrix-v1/A02-baseline/build/tcp_out.o,
by_pc,2147516026,10,10,20,30,10,0,0,0,0,tcp_output,/Users/swchen.tw/git/percepio/poc/runs/tcp-workload-matrix-v1/A02-baseline/build/tcp_out.o,
by_pc,2147516028,10,10,20,30,10,0,0,0,0,tcp_output,/Users/swchen.tw/git/percepio/poc/runs/tcp-workload-matrix-v1/A02-baseline/build/tcp_out.o,
by_pc,2147516132,10,20,40,50,10,10,0,0,0,tcp_output,/Users/swchen.tw/git/percepio/poc/runs/tcp-workload-matrix-v1/A02-baseline/build/tcp_out.o,
by_pc,2147516134,10,10,20,30,10,0,0,0,0,tcp_output,/Users/swchen.tw/git/percepio/poc/runs/tcp-workload-matrix-v1/A02-baseline/build/tcp_out.o,
by_pc,2147515638,23,46,92,115,23,23,0,0,0,tcp_output,/Users/swchen.tw/git/percepio/poc/runs/tcp-workload-matrix-v1/A02-baseline/build/tcp_out.o,
by_pc,2147515642,23,23,46,69,23,0,0,0,0,tcp_output,/Users/swchen.tw/git/percepio/poc/runs/tcp-workload-matrix-v1/A02-baseline/build/tcp_out.o,
by_pc,2147515644,23,23,46,69,23,0,0,0,0,tcp_output,/Users/swchen.tw/git/percepio/poc/runs/tcp-workload-matrix-v1/A02-baseline/build/tcp_out.o,
by_pc,2147515648,23,491,982,1005,23,23,192,0,253,tcp_output,/Users/swchen.tw/git/percepio/poc/runs/tcp-workload-matrix-v1/A02-baseline/build/tcp_out.o,
by_pc,2147515652,23,46,92,115,23,23,0,0,0,tcp_output,/Users/swchen.tw/git/percepio/poc/runs/tcp-workload-matrix-v1/A02-baseline/build/tcp_out.o,
by_pc,2147515654,23,46,92,115,23,23,0,0,0,tcp_output,/Users/swchen.tw/git/percepio/poc/runs/tcp-workload-matrix-v1/A02-baseline/build/tcp_out.o,
by_pc,2147515656,23,46,92,115,23,23,0,0,0,tcp_output,/Users/swchen.tw/git/percepio/poc/runs/tcp-workload-matrix-v1/A02-baseline/build/tcp_out.o,
by_pc,2147515658,23,46,92,115,23,23,0,0,0,tcp_output,/Users/swchen.tw/git/percepio/poc/runs/tcp-workload-matrix-v1/A02-baseline/build/tcp_out.o,
by_pc,2147515660,23,46,92,115,23,23,0,0,0,tcp_output,/Users/swchen.tw/git/percepio/poc/runs/tcp-workload-matrix-v1/A02-baseline/build/tcp_out.o,
by_pc,2147515662,23,46,92,115,23,23,0,0,0,tcp_output,/Users/swchen.tw/git/percepio/poc/runs/tcp-workload-matrix-v1/A02-baseline/build/tcp_out.o,
by_pc,2147515664,23,46,92,115,23,23,0,0,0,tcp_output,/Users/swchen.tw/git/percepio/poc/runs/tcp-workload-matrix-v1/A02-baseline/build/tcp_out.o,
by_pc,2147515666,23,46,92,115,23,23,0,0,0,tcp_output,/Users/swchen.tw/git/percepio/poc/runs/tcp-workload-matrix-v1/A02-baseline/build/tcp_out.o,
by_pc,2147515668,23,46,92,115,23,23,0,0,0,tcp_output,/Users/swchen.tw/git/percepio/poc/runs/tcp-workload-matrix-v1/A02-baseline/build/tcp_out.o,
by_pc,2147515670,23,46,92,115,23,23,0,0,0,tcp_output,/Users/swchen.tw/git/percepio/poc/runs/tcp-workload-matrix-v1/A02-baseline/build/tcp_out.o,
by_pc,2147515672,23,46,92,115,23,23,0,0,0,tcp_output,/Users/swchen.tw/git/percepio/poc/runs/tcp-workload-matrix-v1/A02-baseline/build/tcp_out.o,
by_pc,2147515674,23,46,92,115,23,23,0,0,0,tcp_output,/Users/swchen.tw/git/percepio/poc/runs/tcp-workload-matrix-v1/A02-baseline/build/tcp_out.o,
by_pc,2147515676,23,23,46,69,23,0,0,0,0,tcp_output,/Users/swchen.tw/git/percepio/poc/runs/tcp-workload-matrix-v1/A02-baseline/build/tcp_out.o,
by_pc,2147515678,23,23,46,69,23,0,0,0,0,tcp_output,/Users/swchen.tw/git/percepio/poc/runs/tcp-workload-matrix-v1/A02-baseline/build/tcp_out.o,
by_pc,2147510844,1,1,2,3,1,0,0,0,0,tcp_input,/Users/swchen.tw/git/percepio/poc/runs/tcp-workload-matrix-v1/A02-baseline/build/tcp_in.o,
by_pc,2147510786,1,2,4,5,1,1,0,0,0,tcp_input,/Users/swchen.tw/git/percepio/poc/runs/tcp-workload-matrix-v1/A02-baseline/build/tcp_in.o,
by_pc,2147510788,1,2,4,5,1,1,0,0,0,tcp_input,/Users/swchen.tw/git/percepio/poc/runs/tcp-workload-matrix-v1/A02-baseline/build/tcp_in.o,
by_pc,2147510790,1,2,4,5,1,1,0,0,0,tcp_input,/Users/swchen.tw/git/percepio/poc/runs/tcp-workload-matrix-v1/A02-baseline/build/tcp_in.o,
by_pc,2147510792,1,2,4,5,1,1,0,0,0,tcp_input,/Users/swchen.tw/git/percepio/poc/runs/tcp-workload-matrix-v1/A02-baseline/build/tcp_in.o,
by_pc,2147510794,1,2,4,5,1,1,0,0,0,tcp_input,/Users/swchen.tw/git/percepio/poc/runs/tcp-workload-matrix-v1/A02-baseline/build/tcp_in.o,
by_pc,2147510796,1,2,4,5,1,1,0,0,0,tcp_input,/Users/swchen.tw/git/percepio/poc/runs/tcp-workload-matrix-v1/A02-baseline/build/tcp_in.o,
by_pc,2147510798,1,2,4,5,1,1,0,0,0,tcp_input,/Users/swchen.tw/git/percepio/poc/runs/tcp-workload-matrix-v1/A02-baseline/build/tcp_in.o,
by_pc,2147510800,1,2,4,5,1,1,0,0,0,tcp_input,/Users/swchen.tw/git/percepio/poc/runs/tcp-workload-matrix-v1/A02-baseline/build/tcp_in.o,
by_pc,2147510802,1,1,2,3,1,0,0,0,0,tcp_input,/Users/swchen.tw/git/percepio/poc/runs/tcp-workload-matrix-v1/A02-baseline/build/tcp_in.o,
by_pc,2147510804,1,2,4,5,1,1,0,0,0,tcp_input,/Users/swchen.tw/git/percepio/poc/runs/tcp-workload-matrix-v1/A02-baseline/build/tcp_in.o,
by_pc,2147510806,1,1,2,3,1,0,0,0,0,tcp_input,/Users/swchen.tw/git/percepio/poc/runs/tcp-workload-matrix-v1/A02-baseline/build/tcp_in.o,
by_pc,2147510808,1,1,2,3,1,0,0,0,0,tcp_input,/Users/swchen.tw/git/percepio/poc/runs/tcp-workload-matrix-v1/A02-baseline/build/tcp_in.o,
by_pc,2147501946,38,62,124,162,38,0,24,0,0,pbuf_free,/Users/swchen.tw/git/percepio/poc/runs/tcp-workload-matrix-v1/A02-baseline/build/pbuf.o,
by_pc,2147501948,38,798,1596,1634,38,38,304,0,418,pbuf_free,/Users/swchen.tw/git/percepio/poc/runs/tcp-workload-matrix-v1/A02-baseline/build/pbuf.o,
by_pc,2147501950,38,798,1596,1634,38,38,304,0,418,pbuf_free,/Users/swchen.tw/git/percepio/poc/runs/tcp-workload-matrix-v1/A02-baseline/build/pbuf.o,
by_pc,2147501952,38,928,1856,1894,38,38,416,18,418,pbuf_free,/Users/swchen.tw/git/percepio/poc/runs/tcp-workload-matrix-v1/A02-baseline/build/pbuf.o,
by_pc,2147501954,38,798,1596,1634,38,38,304,0,418,pbuf_free,/Users/swchen.tw/git/percepio/poc/runs/tcp-workload-matrix-v1/A02-baseline/build/pbuf.o,
by_pc,2147501956,38,798,1596,1634,38,38,304,0,418,pbuf_free,/Users/swchen.tw/git/percepio/poc/runs/tcp-workload-matrix-v1/A02-baseline/build/pbuf.o,
by_pc,2147501958,38,38,76,114,38,0,0,0,0,pbuf_free,/Users/swchen.tw/git/percepio/poc/runs/tcp-workload-matrix-v1/A02-baseline/build/pbuf.o,
by_pc,2147501960,38,38,76,114,38,0,0,0,0,pbuf_free,/Users/swchen.tw/git/percepio/poc/runs/tcp-workload-matrix-v1/A02-baseline/build/pbuf.o,
by_pc,2147501962,38,38,76,114,38,0,0,0,0,pbuf_free,/Users/swchen.tw/git/percepio/poc/runs/tcp-workload-matrix-v1/A02-baseline/build/pbuf.o,
by_pc,2147501964,38,38,76,114,38,0,0,0,0,pbuf_free,/Users/swchen.tw/git/percepio/poc/runs/tcp-workload-matrix-v1/A02-baseline/build/pbuf.o,
by_pc,2147501966,38,38,76,114,38,0,0,0,0,pbuf_free,/Users/swchen.tw/git/percepio/poc/runs/tcp-workload-matrix-v1/A02-baseline/build/pbuf.o,
by_pc,2147501968,38,38,76,114,38,0,0,0,0,pbuf_free,/Users/swchen.tw/git/percepio/poc/runs/tcp-workload-matrix-v1/A02-baseline/build/pbuf.o,
by_pc,2147501970,50,100,200,250,50,50,0,0,0,pbuf_free,/Users/swchen.tw/git/percepio/poc/runs/tcp-workload-matrix-v1/A02-baseline/build/pbuf.o,
by_pc,2147501974,50,50,100,150,50,0,0,0,0,pbuf_free,/Users/swchen.tw/git/percepio/poc/runs/tcp-workload-matrix-v1/A02-baseline/build/pbuf.o,
by_pc,2147501976,50,50,100,150,50,0,0,0,0,pbuf_free,/Users/swchen.tw/git/percepio/poc/runs/tcp-workload-matrix-v1/A02-baseline/build/pbuf.o,
by_pc,2147501980,50,1050,2100,2150,50,50,400,0,550,pbuf_free,/Users/swchen.tw/git/percepio/poc/runs/tcp-workload-matrix-v1/A02-baseline/build/pbuf.o,
by_pc,2147501984,50,50,100,150,50,0,0,0,0,pbuf_free,/Users/swchen.tw/git/percepio/poc/runs/tcp-workload-matrix-v1/A02-baseline/build/pbuf.o,
by_pc,2147501986,39,78,156,195,39,39,0,0,0,pbuf_free,/Users/swchen.tw/git/percepio/poc/runs/tcp-workload-matrix-v1/A02-baseline/build/pbuf.o,
by_pc,2147501990,39,78,156,195,39,39,0,0,0,pbuf_free,/Users/swchen.tw/git/percepio/poc/runs/tcp-workload-matrix-v1/A02-baseline/build/pbuf.o,
by_pc,2147501992,39,39,78,117,39,0,0,0,0,pbuf_free,/Users/swchen.tw/git/percepio/poc/runs/tcp-workload-matrix-v1/A02-baseline/build/pbuf.o,
by_pc,2147501994,39,39,78,117,39,0,0,0,0,pbuf_free,/Users/swchen.tw/git/percepio/poc/runs/tcp-workload-matrix-v1/A02-baseline/build/pbuf.o,
by_pc,2147501996,39,39,78,117,39,0,0,0,0,pbuf_free,/Users/swchen.tw/git/percepio/poc/runs/tcp-workload-matrix-v1/A02-baseline/build/pbuf.o,
by_pc,2147502000,39,39,78,117,39,0,0,0,0,pbuf_free,/Users/swchen.tw/git/percepio/poc/runs/tcp-workload-matrix-v1/A02-baseline/build/pbuf.o,
by_pc,2147502038,31,39,78,109,31,0,8,0,0,pbuf_free,/Users/swchen.tw/git/percepio/poc/runs/tcp-workload-matrix-v1/A02-baseline/build/pbuf.o,
by_pc,2147502040,31,31,62,93,31,0,0,0,0,pbuf_free,/Users/swchen.tw/git/percepio/poc/runs/tcp-workload-matrix-v1/A02-baseline/build/pbuf.o,
by_pc,2147502042,31,31,62,93,31,0,0,0,0,pbuf_free,/Users/swchen.tw/git/percepio/poc/runs/tcp-workload-matrix-v1/A02-baseline/build/pbuf.o,
by_pc,2147500232,31,161,322,353,31,0,112,18,0,mem_free,/Users/swchen.tw/git/percepio/poc/runs/tcp-workload-matrix-v1/A02-baseline/build/mem.o,
by_pc,2147500234,31,62,124,155,31,31,0,0,0,mem_free,/Users/swchen.tw/git/percepio/poc/runs/tcp-workload-matrix-v1/A02-baseline/build/mem.o,
by_pc,2147500238,31,31,62,93,31,0,0,0,0,mem_free,/Users/swchen.tw/git/percepio/poc/runs/tcp-workload-matrix-v1/A02-baseline/build/mem.o,
by_pc,2147500242,31,31,62,93,31,0,0,0,0,mem_free,/Users/swchen.tw/git/percepio/poc/runs/tcp-workload-matrix-v1/A02-baseline/build/mem.o,
by_pc,2147500246,31,62,124,155,31,31,0,0,0,mem_free,/Users/swchen.tw/git/percepio/poc/runs/tcp-workload-matrix-v1/A02-baseline/build/mem.o,
by_pc,2147500250,31,31,62,93,31,0,0,0,0,mem_free,/Users/swchen.tw/git/percepio/poc/runs/tcp-workload-matrix-v1/A02-baseline/build/mem.o,
by_pc,2147500254,31,31,62,93,31,0,0,0,0,mem_free,/Users/swchen.tw/git/percepio/poc/runs/tcp-workload-matrix-v1/A02-baseline/build/mem.o,
by_pc,2147500278,31,62,124,155,31,31,0,0,0,mem_free,/Users/swchen.tw/git/percepio/poc/runs/tcp-workload-matrix-v1/A02-baseline/build/mem.o,
by_pc,2147500282,31,31,62,93,31,0,0,0,0,mem_free,/Users/swchen.tw/git/percepio/poc/runs/tcp-workload-matrix-v1/A02-baseline/build/mem.o,
by_pc,2147500284,31,62,124,155,31,31,0,0,0,mem_free,/Users/swchen.tw/git/percepio/poc/runs/tcp-workload-matrix-v1/A02-baseline/build/mem.o,
by_pc,2147500288,31,83,166,197,31,0,16,36,0,mem_free,/Users/swchen.tw/git/percepio/poc/runs/tcp-workload-matrix-v1/A02-baseline/build/mem.o,
by_pc,2147500290,31,31,62,93,31,0,0,0,0,mem_free,/Users/swchen.tw/git/percepio/poc/runs/tcp-workload-matrix-v1/A02-baseline/build/mem.o,
by_pc,2147500292,31,62,124,155,31,31,0,0,0,mem_free,/Users/swchen.tw/git/percepio/poc/runs/tcp-workload-matrix-v1/A02-baseline/build/mem.o,
by_pc,2147500296,31,31,62,93,31,0,0,0,0,mem_free,/Users/swchen.tw/git/percepio/poc/runs/tcp-workload-matrix-v1/A02-baseline/build/mem.o,
by_pc,2147500300,31,31,62,93,31,0,0,0,0,mem_free,/Users/swchen.tw/git/percepio/poc/runs/tcp-workload-matrix-v1/A02-baseline/build/mem.o,
by_pc,2147500304,31,31,62,93,31,0,0,0,0,mem_free,/Users/swchen.tw/git/percepio/poc/runs/tcp-workload-matrix-v1/A02-baseline/build/mem.o,
by_pc,2147500308,31,31,62,93,31,0,0,0,0,mem_free,/Users/swchen.tw/git/percepio/poc/runs/tcp-workload-matrix-v1/A02-baseline/build/mem.o,
by_pc,2147500310,31,31,62,93,31,0,0,0,0,mem_free,/Users/swchen.tw/git/percepio/poc/runs/tcp-workload-matrix-v1/A02-baseline/build/mem.o,
by_pc,2147500312,31,31,62,93,31,0,0,0,0,mem_free,/Users/swchen.tw/git/percepio/poc/runs/tcp-workload-matrix-v1/A02-baseline/build/mem.o,
by_pc,2147500316,31,31,62,93,31,0,0,0,0,mem_free,/Users/swchen.tw/git/percepio/poc/runs/tcp-workload-matrix-v1/A02-baseline/build/mem.o,
by_pc,2147500320,31,31,62,93,31,0,0,0,0,mem_free,/Users/swchen.tw/git/percepio/poc/runs/tcp-workload-matrix-v1/A02-baseline/build/mem.o,
by_pc,2147500478,31,225,450,481,62,31,96,36,0,mem_free,/Users/swchen.tw/git/percepio/poc/runs/tcp-workload-matrix-v1/A02-baseline/build/mem.o,
by_pc,2147500482,31,31,62,93,31,0,0,0,0,mem_free,/Users/swchen.tw/git/percepio/poc/runs/tcp-workload-matrix-v1/A02-baseline/build/mem.o,
by_pc,2147500486,31,31,62,93,31,0,0,0,0,mem_free,/Users/swchen.tw/git/percepio/poc/runs/tcp-workload-matrix-v1/A02-baseline/build/mem.o,
by_pc,2147500324,31,31,62,93,31,0,0,0,0,mem_free,/Users/swchen.tw/git/percepio/poc/runs/tcp-workload-matrix-v1/A02-baseline/build/mem.o,
by_pc,2147500328,31,62,124,155,31,31,0,0,0,mem_free,/Users/swchen.tw/git/percepio/poc/runs/tcp-workload-matrix-v1/A02-baseline/build/mem.o,
by_pc,2147500330,31,651,1302,1333,31,31,248,0,341,mem_free,/Users/swchen.tw/git/percepio/poc/runs/tcp-workload-matrix-v1/A02-baseline/build/mem.o,
by_pc,2147500334,31,31,62,93,31,0,0,0,0,mem_free,/Users/swchen.tw/git/percepio/poc/runs/tcp-workload-matrix-v1/A02-baseline/build/mem.o,
by_pc,2147500338,15,315,630,645,15,15,120,0,165,mem_free,/Users/swchen.tw/git/percepio/poc/runs/tcp-workload-matrix-v1/A02-baseline/build/mem.o,
by_pc,2147500340,31,31,62,93,31,0,0,0,0,mem_free,/Users/swchen.tw/git/percepio/poc/runs/tcp-workload-matrix-v1/A02-baseline/build/mem.o,
by_pc,2147500344,31,62,124,155,31,31,0,0,0,mem_free,/Users/swchen.tw/git/percepio/poc/runs/tcp-workload-matrix-v1/A02-baseline/build/mem.o,
by_pc,2147500348,31,31,62,93,31,0,0,0,0,mem_free,/Users/swchen.tw/git/percepio/poc/runs/tcp-workload-matrix-v1/A02-baseline/build/mem.o,
by_pc,2147500352,31,137,274,305,31,0,88,18,0,mem_free,/Users/swchen.tw/git/percepio/poc/runs/tcp-workload-matrix-v1/A02-baseline/build/mem.o,
by_pc,2147500354,31,31,62,93,31,0,0,0,0,mem_free,/Users/swchen.tw/git/percepio/poc/runs/tcp-workload-matrix-v1/A02-baseline/build/mem.o,
by_pc,2147500358,31,651,1302,1333,31,31,248,0,341,mem_free,/Users/swchen.tw/git/percepio/poc/runs/tcp-workload-matrix-v1/A02-baseline/build/mem.o,
by_pc,2147500362,31,62,124,155,31,31,0,0,0,mem_free,/Users/swchen.tw/git/percepio/poc/runs/tcp-workload-matrix-v1/A02-baseline/build/mem.o,
by_pc,2147500366,31,31,62,93,31,0,0,0,0,mem_free,/Users/swchen.tw/git/percepio/poc/runs/tcp-workload-matrix-v1/A02-baseline/build/mem.o,
by_pc,2147500368,31,31,62,93,31,0,0,0,0,mem_free,/Users/swchen.tw/git/percepio/poc/runs/tcp-workload-matrix-v1/A02-baseline/build/mem.o,
by_pc,2147500372,31,62,124,155,31,31,0,0,0,mem_free,/Users/swchen.tw/git/percepio/poc/runs/tcp-workload-matrix-v1/A02-baseline/build/mem.o,
by_pc,2147500376,31,31,62,93,31,0,0,0,0,mem_free,/Users/swchen.tw/git/percepio/poc/runs/tcp-workload-matrix-v1/A02-baseline/build/mem.o,
by_pc,2147500414,31,93,186,217,62,31,0,0,0,mem_free,/Users/swchen.tw/git/percepio/poc/runs/tcp-workload-matrix-v1/A02-baseline/build/mem.o,
by_pc,2147500418,31,31,62,93,31,0,0,0,0,mem_free,/Users/swchen.tw/git/percepio/poc/runs/tcp-workload-matrix-v1/A02-baseline/build/mem.o,
by_pc,2147500422,31,31,62,93,31,0,0,0,0,mem_free,/Users/swchen.tw/git/percepio/poc/runs/tcp-workload-matrix-v1/A02-baseline/build/mem.o,
by_pc,2147500464,31,31,62,93,31,0,0,0,0,mem_free,/Users/swchen.tw/git/percepio/poc/runs/tcp-workload-matrix-v1/A02-baseline/build/mem.o,
by_pc,2147502046,31,31,62,93,31,0,0,0,0,pbuf_free,/Users/swchen.tw/git/percepio/poc/runs/tcp-workload-matrix-v1/A02-baseline/build/pbuf.o,
by_pc,2147502010,39,39,78,117,39,0,0,0,0,pbuf_free,/Users/swchen.tw/git/percepio/poc/runs/tcp-workload-matrix-v1/A02-baseline/build/pbuf.o,
by_pc,2147502012,39,39,78,117,39,0,0,0,0,pbuf_free,/Users/swchen.tw/git/percepio/poc/runs/tcp-workload-matrix-v1/A02-baseline/build/pbuf.o,
by_pc,2147502016,39,39,78,117,39,0,0,0,0,pbuf_free,/Users/swchen.tw/git/percepio/poc/runs/tcp-workload-matrix-v1/A02-baseline/build/pbuf.o,
by_pc,2147502018,38,102,204,242,38,38,8,18,0,pbuf_free,/Users/swchen.tw/git/percepio/poc/runs/tcp-workload-matrix-v1/A02-baseline/build/pbuf.o,
by_pc,2147502020,38,38,76,114,38,0,0,0,0,pbuf_free,/Users/swchen.tw/git/percepio/poc/runs/tcp-workload-matrix-v1/A02-baseline/build/pbuf.o,
by_pc,2147502022,38,76,152,190,38,38,0,0,0,pbuf_free,/Users/swchen.tw/git/percepio/poc/runs/tcp-workload-matrix-v1/A02-baseline/build/pbuf.o,
by_pc,2147502024,38,76,152,190,38,38,0,0,0,pbuf_free,/Users/swchen.tw/git/percepio/poc/runs/tcp-workload-matrix-v1/A02-baseline/build/pbuf.o,
by_pc,2147502026,38,76,152,190,38,38,0,0,0,pbuf_free,/Users/swchen.tw/git/percepio/poc/runs/tcp-workload-matrix-v1/A02-baseline/build/pbuf.o,
by_pc,2147502028,38,76,152,190,38,38,0,0,0,pbuf_free,/Users/swchen.tw/git/percepio/poc/runs/tcp-workload-matrix-v1/A02-baseline/build/pbuf.o,
by_pc,2147502030,38,38,76,114,38,0,0,0,0,pbuf_free,/Users/swchen.tw/git/percepio/poc/runs/tcp-workload-matrix-v1/A02-baseline/build/pbuf.o,
by_pc,2147502032,38,38,76,114,38,0,0,0,0,pbuf_free,/Users/swchen.tw/git/percepio/poc/runs/tcp-workload-matrix-v1/A02-baseline/build/pbuf.o,
by_pc,2147518662,14,38,76,90,14,0,24,0,0,ip4_input,/Users/swchen.tw/git/percepio/poc/runs/tcp-workload-matrix-v1/A02-baseline/build/ip4.o,
by_pc,2147518666,14,294,588,602,14,14,112,0,154,ip4_input,/Users/swchen.tw/git/percepio/poc/runs/tcp-workload-matrix-v1/A02-baseline/build/ip4.o,
by_pc,2147518670,14,14,28,42,14,0,0,0,0,ip4_input,/Users/swchen.tw/git/percepio/poc/runs/tcp-workload-matrix-v1/A02-baseline/build/ip4.o,
by_pc,2147518674,14,294,588,602,14,14,112,0,154,ip4_input,/Users/swchen.tw/git/percepio/poc/runs/tcp-workload-matrix-v1/A02-baseline/build/ip4.o,
by_pc,2147518678,14,14,28,42,14,0,0,0,0,ip4_input,/Users/swchen.tw/git/percepio/poc/runs/tcp-workload-matrix-v1/A02-baseline/build/ip4.o,
by_pc,2147518682,14,294,588,602,14,14,112,0,154,ip4_input,/Users/swchen.tw/git/percepio/poc/runs/tcp-workload-matrix-v1/A02-baseline/build/ip4.o,
by_pc,2147518686,14,14,28,42,14,0,0,0,0,ip4_input,/Users/swchen.tw/git/percepio/poc/runs/tcp-workload-matrix-v1/A02-baseline/build/ip4.o,
by_pc,2147518690,14,294,588,602,14,14,112,0,154,ip4_input,/Users/swchen.tw/git/percepio/poc/runs/tcp-workload-matrix-v1/A02-baseline/build/ip4.o,
by_pc,2147518694,14,14,28,42,14,0,0,0,0,ip4_input,/Users/swchen.tw/git/percepio/poc/runs/tcp-workload-matrix-v1/A02-baseline/build/ip4.o,
by_pc,2147518698,14,294,588,602,14,14,112,0,154,ip4_input,/Users/swchen.tw/git/percepio/poc/runs/tcp-workload-matrix-v1/A02-baseline/build/ip4.o,
by_pc,2147518702,14,14,28,42,14,0,0,0,0,ip4_input,/Users/swchen.tw/git/percepio/poc/runs/tcp-workload-matrix-v1/A02-baseline/build/ip4.o,
by_pc,2147518706,14,294,588,602,14,14,112,0,154,ip4_input,/Users/swchen.tw/git/percepio/poc/runs/tcp-workload-matrix-v1/A02-baseline/build/ip4.o,
by_pc,2147518710,14,14,28,42,14,0,0,0,0,ip4_input,/Users/swchen.tw/git/percepio/poc/runs/tcp-workload-matrix-v1/A02-baseline/build/ip4.o,
by_pc,2147518196,14,44,88,102,14,14,16,0,0,ip4_input,/Users/swchen.tw/git/percepio/poc/runs/tcp-workload-matrix-v1/A02-baseline/build/ip4.o,
by_pc,2147518198,14,28,56,70,14,14,0,0,0,ip4_input,/Users/swchen.tw/git/percepio/poc/runs/tcp-workload-matrix-v1/A02-baseline/build/ip4.o,
by_pc,2147518200,14,28,56,70,14,14,0,0,0,ip4_input,/Users/swchen.tw/git/percepio/poc/runs/tcp-workload-matrix-v1/A02-baseline/build/ip4.o,
by_pc,2147518202,14,28,56,70,14,14,0,0,0,ip4_input,/Users/swchen.tw/git/percepio/poc/runs/tcp-workload-matrix-v1/A02-baseline/build/ip4.o,
by_pc,2147518204,14,28,56,70,14,14,0,0,0,ip4_input,/Users/swchen.tw/git/percepio/poc/runs/tcp-workload-matrix-v1/A02-baseline/build/ip4.o,
by_pc,2147518206,14,28,56,70,14,14,0,0,0,ip4_input,/Users/swchen.tw/git/percepio/poc/runs/tcp-workload-matrix-v1/A02-baseline/build/ip4.o,
by_pc,2147518208,14,116,232,246,14,14,88,0,0,ip4_input,/Users/swchen.tw/git/percepio/poc/runs/tcp-workload-matrix-v1/A02-baseline/build/ip4.o,
by_pc,2147518210,14,28,56,70,14,14,0,0,0,ip4_input,/Users/swchen.tw/git/percepio/poc/runs/tcp-workload-matrix-v1/A02-baseline/build/ip4.o,
by_pc,2147518212,14,14,28,42,14,0,0,0,0,ip4_input,/Users/swchen.tw/git/percepio/poc/runs/tcp-workload-matrix-v1/A02-baseline/build/ip4.o,
by_pc,2147518214,14,14,28,42,14,0,0,0,0,ip4_input,/Users/swchen.tw/git/percepio/poc/runs/tcp-workload-matrix-v1/A02-baseline/build/ip4.o,
by_pc,2147518216,14,14,28,42,14,0,0,0,0,ip4_input,/Users/swchen.tw/git/percepio/poc/runs/tcp-workload-matrix-v1/A02-baseline/build/ip4.o,
by_pc,2147496984,14,14,28,42,14,0,0,0,0,inject,/Users/swchen.tw/git/percepio/poc/runs/tcp-workload-matrix-v1/A02-baseline/build/tcp_request_response_irq.o,
by_pc,2147497002,14,14,28,42,14,0,0,0,0,inject,/Users/swchen.tw/git/percepio/poc/runs/tcp-workload-matrix-v1/A02-baseline/build/tcp_request_response_irq.o,
by_pc,2147497004,14,28,56,70,14,14,0,0,0,inject,/Users/swchen.tw/git/percepio/poc/runs/tcp-workload-matrix-v1/A02-baseline/build/tcp_request_response_irq.o,
by_pc,2147497006,14,28,56,70,14,14,0,0,0,inject,/Users/swchen.tw/git/percepio/poc/runs/tcp-workload-matrix-v1/A02-baseline/build/tcp_request_response_irq.o,
by_pc,2147497008,14,28,56,70,14,14,0,0,0,inject,/Users/swchen.tw/git/percepio/poc/runs/tcp-workload-matrix-v1/A02-baseline/build/tcp_request_response_irq.o,
by_pc,2147497010,14,28,56,70,14,14,0,0,0,inject,/Users/swchen.tw/git/percepio/poc/runs/tcp-workload-matrix-v1/A02-baseline/build/tcp_request_response_irq.o,
by_pc,2147497012,14,28,56,70,14,14,0,0,0,inject,/Users/swchen.tw/git/percepio/poc/runs/tcp-workload-matrix-v1/A02-baseline/build/tcp_request_response_irq.o,
by_pc,2147497014,14,28,56,70,14,14,0,0,0,inject,/Users/swchen.tw/git/percepio/poc/runs/tcp-workload-matrix-v1/A02-baseline/build/tcp_request_response_irq.o,
by_pc,2147497016,14,28,56,70,14,14,0,0,0,inject,/Users/swchen.tw/git/percepio/poc/runs/tcp-workload-matrix-v1/A02-baseline/build/tcp_request_response_irq.o,
by_pc,2147497018,14,28,56,70,14,14,0,0,0,inject,/Users/swchen.tw/git/percepio/poc/runs/tcp-workload-matrix-v1/A02-baseline/build/tcp_request_response_irq.o,
by_pc,2147497020,14,28,56,70,14,14,0,0,0,inject,/Users/swchen.tw/git/percepio/poc/runs/tcp-workload-matrix-v1/A02-baseline/build/tcp_request_response_irq.o,
by_pc,2147497022,14,28,56,70,14,14,0,0,0,inject,/Users/swchen.tw/git/percepio/poc/runs/tcp-workload-matrix-v1/A02-baseline/build/tcp_request_response_irq.o,
by_pc,2147497024,14,62,124,138,14,14,16,18,0,inject,/Users/swchen.tw/git/percepio/poc/runs/tcp-workload-matrix-v1/A02-baseline/build/tcp_request_response_irq.o,
by_pc,2147497026,14,14,28,42,14,0,0,0,0,inject,/Users/swchen.tw/git/percepio/poc/runs/tcp-workload-matrix-v1/A02-baseline/build/tcp_request_response_irq.o,
by_pc,2147497028,14,28,56,70,14,14,0,0,0,inject,/Users/swchen.tw/git/percepio/poc/runs/tcp-workload-matrix-v1/A02-baseline/build/tcp_request_response_irq.o,
by_pc,2147497030,14,14,28,42,14,0,0,0,0,inject,/Users/swchen.tw/git/percepio/poc/runs/tcp-workload-matrix-v1/A02-baseline/build/tcp_request_response_irq.o,
by_pc,2147497032,14,14,28,42,14,0,0,0,0,inject,/Users/swchen.tw/git/percepio/poc/runs/tcp-workload-matrix-v1/A02-baseline/build/tcp_request_response_irq.o,
by_pc,2147497422,1,9,18,19,1,0,8,0,0,session_task,/Users/swchen.tw/git/percepio/poc/runs/tcp-workload-matrix-v1/A02-baseline/build/tcp_request_response_irq.o,
by_pc,2147497424,1,1,2,3,1,0,0,0,0,session_task,/Users/swchen.tw/git/percepio/poc/runs/tcp-workload-matrix-v1/A02-baseline/build/tcp_request_response_irq.o,
by_pc,2147497426,1,1,2,3,1,0,0,0,0,session_task,/Users/swchen.tw/git/percepio/poc/runs/tcp-workload-matrix-v1/A02-baseline/build/tcp_request_response_irq.o,
by_pc,2147497428,1,1,2,3,1,0,0,0,0,session_task,/Users/swchen.tw/git/percepio/poc/runs/tcp-workload-matrix-v1/A02-baseline/build/tcp_request_response_irq.o,
by_pc,2147495586,11,117,234,245,11,0,88,18,0,consume,/Users/swchen.tw/git/percepio/poc/runs/tcp-workload-matrix-v1/A02-baseline/build/tcp_request_response_irq.o,
by_pc,2147495588,11,231,462,473,11,11,88,0,121,consume,/Users/swchen.tw/git/percepio/poc/runs/tcp-workload-matrix-v1/A02-baseline/build/tcp_request_response_irq.o,
by_pc,2147495590,11,231,462,473,11,11,88,0,121,consume,/Users/swchen.tw/git/percepio/poc/runs/tcp-workload-matrix-v1/A02-baseline/build/tcp_request_response_irq.o,
by_pc,2147495592,11,231,462,473,11,11,88,0,121,consume,/Users/swchen.tw/git/percepio/poc/runs/tcp-workload-matrix-v1/A02-baseline/build/tcp_request_response_irq.o,
by_pc,2147495594,11,231,462,473,11,11,88,0,121,consume,/Users/swchen.tw/git/percepio/poc/runs/tcp-workload-matrix-v1/A02-baseline/build/tcp_request_response_irq.o,
by_pc,2147495596,11,231,462,473,11,11,88,0,121,consume,/Users/swchen.tw/git/percepio/poc/runs/tcp-workload-matrix-v1/A02-baseline/build/tcp_request_response_irq.o,
by_pc,2147495598,11,231,462,473,11,11,88,0,121,consume,/Users/swchen.tw/git/percepio/poc/runs/tcp-workload-matrix-v1/A02-baseline/build/tcp_request_response_irq.o,
by_pc,2147495600,11,11,22,33,11,0,0,0,0,consume,/Users/swchen.tw/git/percepio/poc/runs/tcp-workload-matrix-v1/A02-baseline/build/tcp_request_response_irq.o,
by_pc,2147495604,11,22,44,55,11,11,0,0,0,consume,/Users/swchen.tw/git/percepio/poc/runs/tcp-workload-matrix-v1/A02-baseline/build/tcp_request_response_irq.o,
by_pc,2147495606,11,11,22,33,11,0,0,0,0,consume,/Users/swchen.tw/git/percepio/poc/runs/tcp-workload-matrix-v1/A02-baseline/build/tcp_request_response_irq.o,
by_pc,2147495608,11,11,22,33,11,0,0,0,0,consume,/Users/swchen.tw/git/percepio/poc/runs/tcp-workload-matrix-v1/A02-baseline/build/tcp_request_response_irq.o,
by_pc,2147495610,11,11,22,33,11,0,0,0,0,consume,/Users/swchen.tw/git/percepio/poc/runs/tcp-workload-matrix-v1/A02-baseline/build/tcp_request_response_irq.o,
by_pc,2147495612,11,11,22,33,11,0,0,0,0,consume,/Users/swchen.tw/git/percepio/poc/runs/tcp-workload-matrix-v1/A02-baseline/build/tcp_request_response_irq.o,
by_pc,2147495630,11,120,240,251,11,11,80,18,0,consume,/Users/swchen.tw/git/percepio/poc/runs/tcp-workload-matrix-v1/A02-baseline/build/tcp_request_response_irq.o,
by_pc,2147495632,11,11,22,33,11,0,0,0,0,consume,/Users/swchen.tw/git/percepio/poc/runs/tcp-workload-matrix-v1/A02-baseline/build/tcp_request_response_irq.o,
by_pc,2147495634,11,11,22,33,11,0,0,0,0,consume,/Users/swchen.tw/git/percepio/poc/runs/tcp-workload-matrix-v1/A02-baseline/build/tcp_request_response_irq.o,
by_pc,2147495638,11,22,44,55,11,11,0,0,0,consume,/Users/swchen.tw/git/percepio/poc/runs/tcp-workload-matrix-v1/A02-baseline/build/tcp_request_response_irq.o,
by_pc,2147495640,11,11,22,33,11,0,0,0,0,consume,/Users/swchen.tw/git/percepio/poc/runs/tcp-workload-matrix-v1/A02-baseline/build/tcp_request_response_irq.o,
by_pc,2147495644,11,11,22,33,11,0,0,0,0,consume,/Users/swchen.tw/git/percepio/poc/runs/tcp-workload-matrix-v1/A02-baseline/build/tcp_request_response_irq.o,
by_pc,2147495648,11,231,462,473,11,11,88,0,121,consume,/Users/swchen.tw/git/percepio/poc/runs/tcp-workload-matrix-v1/A02-baseline/build/tcp_request_response_irq.o,
by_pc,2147495652,11,22,44,55,11,11,0,0,0,consume,/Users/swchen.tw/git/percepio/poc/runs/tcp-workload-matrix-v1/A02-baseline/build/tcp_request_response_irq.o,
by_pc,2147495656,11,11,22,33,11,0,0,0,0,consume,/Users/swchen.tw/git/percepio/poc/runs/tcp-workload-matrix-v1/A02-baseline/build/tcp_request_response_irq.o,
by_pc,2147495660,11,11,22,33,11,0,0,0,0,consume,/Users/swchen.tw/git/percepio/poc/runs/tcp-workload-matrix-v1/A02-baseline/build/tcp_request_response_irq.o,
by_pc,2147495664,11,11,22,33,11,0,0,0,0,consume,/Users/swchen.tw/git/percepio/poc/runs/tcp-workload-matrix-v1/A02-baseline/build/tcp_request_response_irq.o,
by_pc,2147495666,11,11,22,33,11,0,0,0,0,consume,/Users/swchen.tw/git/percepio/poc/runs/tcp-workload-matrix-v1/A02-baseline/build/tcp_request_response_irq.o,
by_pc,2147495670,11,11,22,33,11,0,0,0,0,consume,/Users/swchen.tw/git/percepio/poc/runs/tcp-workload-matrix-v1/A02-baseline/build/tcp_request_response_irq.o,
by_pc,2147495672,11,11,22,33,11,0,0,0,0,consume,/Users/swchen.tw/git/percepio/poc/runs/tcp-workload-matrix-v1/A02-baseline/build/tcp_request_response_irq.o,
by_pc,2147495674,11,22,44,55,11,11,0,0,0,consume,/Users/swchen.tw/git/percepio/poc/runs/tcp-workload-matrix-v1/A02-baseline/build/tcp_request_response_irq.o,
by_pc,2147495678,11,120,240,251,22,0,80,18,0,consume,/Users/swchen.tw/git/percepio/poc/runs/tcp-workload-matrix-v1/A02-baseline/build/tcp_request_response_irq.o,
by_pc,2147495682,11,11,22,33,11,0,0,0,0,consume,/Users/swchen.tw/git/percepio/poc/runs/tcp-workload-matrix-v1/A02-baseline/build/tcp_request_response_irq.o,
by_pc,2147495686,11,11,22,33,11,0,0,0,0,consume,/Users/swchen.tw/git/percepio/poc/runs/tcp-workload-matrix-v1/A02-baseline/build/tcp_request_response_irq.o,
by_pc,2147495688,11,22,44,55,11,11,0,0,0,consume,/Users/swchen.tw/git/percepio/poc/runs/tcp-workload-matrix-v1/A02-baseline/build/tcp_request_response_irq.o,
by_pc,2147495692,11,11,22,33,11,0,0,0,0,consume,/Users/swchen.tw/git/percepio/poc/runs/tcp-workload-matrix-v1/A02-baseline/build/tcp_request_response_irq.o,
by_pc,2147495696,11,11,22,33,11,0,0,0,0,consume,/Users/swchen.tw/git/percepio/poc/runs/tcp-workload-matrix-v1/A02-baseline/build/tcp_request_response_irq.o,
by_pc,2147495700,11,11,22,33,11,0,0,0,0,consume,/Users/swchen.tw/git/percepio/poc/runs/tcp-workload-matrix-v1/A02-baseline/build/tcp_request_response_irq.o,
by_pc,2147495702,11,11,22,33,11,0,0,0,0,consume,/Users/swchen.tw/git/percepio/poc/runs/tcp-workload-matrix-v1/A02-baseline/build/tcp_request_response_irq.o,
by_pc,2147495704,11,11,22,33,11,0,0,0,0,consume,/Users/swchen.tw/git/percepio/poc/runs/tcp-workload-matrix-v1/A02-baseline/build/tcp_request_response_irq.o,
by_pc,2147495706,11,11,22,33,11,0,0,0,0,consume,/Users/swchen.tw/git/percepio/poc/runs/tcp-workload-matrix-v1/A02-baseline/build/tcp_request_response_irq.o,
by_pc,2147495708,11,11,22,33,11,0,0,0,0,consume,/Users/swchen.tw/git/percepio/poc/runs/tcp-workload-matrix-v1/A02-baseline/build/tcp_request_response_irq.o,
by_pc,2147495710,11,11,22,33,11,0,0,0,0,consume,/Users/swchen.tw/git/percepio/poc/runs/tcp-workload-matrix-v1/A02-baseline/build/tcp_request_response_irq.o,
by_pc,2147495730,11,22,44,55,11,11,0,0,0,consume,/Users/swchen.tw/git/percepio/poc/runs/tcp-workload-matrix-v1/A02-baseline/build/tcp_request_response_irq.o,
by_pc,2147495734,11,11,22,33,11,0,0,0,0,consume,/Users/swchen.tw/git/percepio/poc/runs/tcp-workload-matrix-v1/A02-baseline/build/tcp_request_response_irq.o,
by_pc,2147495738,11,11,22,33,11,0,0,0,0,consume,/Users/swchen.tw/git/percepio/poc/runs/tcp-workload-matrix-v1/A02-baseline/build/tcp_request_response_irq.o,
by_pc,2147495740,11,11,22,33,11,0,0,0,0,consume,/Users/swchen.tw/git/percepio/poc/runs/tcp-workload-matrix-v1/A02-baseline/build/tcp_request_response_irq.o,
by_pc,2147495760,11,128,256,267,11,11,88,18,0,consume,/Users/swchen.tw/git/percepio/poc/runs/tcp-workload-matrix-v1/A02-baseline/build/tcp_request_response_irq.o,
by_pc,2147495762,11,11,22,33,11,0,0,0,0,consume,/Users/swchen.tw/git/percepio/poc/runs/tcp-workload-matrix-v1/A02-baseline/build/tcp_request_response_irq.o,
by_pc,2147495766,11,22,44,55,11,11,0,0,0,consume,/Users/swchen.tw/git/percepio/poc/runs/tcp-workload-matrix-v1/A02-baseline/build/tcp_request_response_irq.o,
by_pc,2147495770,11,11,22,33,11,0,0,0,0,consume,/Users/swchen.tw/git/percepio/poc/runs/tcp-workload-matrix-v1/A02-baseline/build/tcp_request_response_irq.o,
by_pc,2147495790,11,11,22,33,11,0,0,0,0,consume,/Users/swchen.tw/git/percepio/poc/runs/tcp-workload-matrix-v1/A02-baseline/build/tcp_request_response_irq.o,
by_pc,2147495792,11,11,22,33,11,0,0,0,0,consume,/Users/swchen.tw/git/percepio/poc/runs/tcp-workload-matrix-v1/A02-baseline/build/tcp_request_response_irq.o,
by_pc,2147495822,11,117,234,245,11,0,88,18,0,consume,/Users/swchen.tw/git/percepio/poc/runs/tcp-workload-matrix-v1/A02-baseline/build/tcp_request_response_irq.o,
by_pc,2147495880,11,120,240,251,11,11,80,18,0,consume,/Users/swchen.tw/git/percepio/poc/runs/tcp-workload-matrix-v1/A02-baseline/build/tcp_request_response_irq.o,
by_pc,2147495882,11,22,44,55,11,11,0,0,0,consume,/Users/swchen.tw/git/percepio/poc/runs/tcp-workload-matrix-v1/A02-baseline/build/tcp_request_response_irq.o,
by_pc,2147495884,11,22,44,55,11,11,0,0,0,consume,/Users/swchen.tw/git/percepio/poc/runs/tcp-workload-matrix-v1/A02-baseline/build/tcp_request_response_irq.o,
by_pc,2147495886,11,22,44,55,11,11,0,0,0,consume,/Users/swchen.tw/git/percepio/poc/runs/tcp-workload-matrix-v1/A02-baseline/build/tcp_request_response_irq.o,
by_pc,2147495888,11,22,44,55,11,11,0,0,0,consume,/Users/swchen.tw/git/percepio/poc/runs/tcp-workload-matrix-v1/A02-baseline/build/tcp_request_response_irq.o,
by_pc,2147495890,11,22,44,55,11,11,0,0,0,consume,/Users/swchen.tw/git/percepio/poc/runs/tcp-workload-matrix-v1/A02-baseline/build/tcp_request_response_irq.o,
by_pc,2147495892,11,22,44,55,11,11,0,0,0,consume,/Users/swchen.tw/git/percepio/poc/runs/tcp-workload-matrix-v1/A02-baseline/build/tcp_request_response_irq.o,
by_pc,2147495894,11,11,22,33,11,0,0,0,0,consume,/Users/swchen.tw/git/percepio/poc/runs/tcp-workload-matrix-v1/A02-baseline/build/tcp_request_response_irq.o,
by_pc,2147495896,11,11,22,33,11,0,0,0,0,consume,/Users/swchen.tw/git/percepio/poc/runs/tcp-workload-matrix-v1/A02-baseline/build/tcp_request_response_irq.o,
by_pc,2147497432,1,1,2,3,1,0,0,0,0,session_task,/Users/swchen.tw/git/percepio/poc/runs/tcp-workload-matrix-v1/A02-baseline/build/tcp_request_response_irq.o,
by_pc,2147497436,1,1,2,3,1,0,0,0,0,session_task,/Users/swchen.tw/git/percepio/poc/runs/tcp-workload-matrix-v1/A02-baseline/build/tcp_request_response_irq.o,
by_pc,2147497440,1,2,4,5,1,1,0,0,0,session_task,/Users/swchen.tw/git/percepio/poc/runs/tcp-workload-matrix-v1/A02-baseline/build/tcp_request_response_irq.o,
by_pc,2147497442,1,1,2,3,1,0,0,0,0,session_task,/Users/swchen.tw/git/percepio/poc/runs/tcp-workload-matrix-v1/A02-baseline/build/tcp_request_response_irq.o,
by_pc,2147497446,1,1,2,3,1,0,0,0,0,session_task,/Users/swchen.tw/git/percepio/poc/runs/tcp-workload-matrix-v1/A02-baseline/build/tcp_request_response_irq.o,
by_pc,2147497450,1,1,2,3,1,0,0,0,0,session_task,/Users/swchen.tw/git/percepio/poc/runs/tcp-workload-matrix-v1/A02-baseline/build/tcp_request_response_irq.o,
by_pc,2147497452,1,1,2,3,1,0,0,0,0,session_task,/Users/swchen.tw/git/percepio/poc/runs/tcp-workload-matrix-v1/A02-baseline/build/tcp_request_response_irq.o,
by_pc,2147497454,1,1,2,3,1,0,0,0,0,session_task,/Users/swchen.tw/git/percepio/poc/runs/tcp-workload-matrix-v1/A02-baseline/build/tcp_request_response_irq.o,
by_pc,2147497456,1,21,42,43,1,1,8,0,11,session_task,/Users/swchen.tw/git/percepio/poc/runs/tcp-workload-matrix-v1/A02-baseline/build/tcp_request_response_irq.o,
by_pc,2147497458,1,1,2,3,1,0,0,0,0,session_task,/Users/swchen.tw/git/percepio/poc/runs/tcp-workload-matrix-v1/A02-baseline/build/tcp_request_response_irq.o,
by_pc,2147497462,1,1,2,3,1,0,0,0,0,session_task,/Users/swchen.tw/git/percepio/poc/runs/tcp-workload-matrix-v1/A02-baseline/build/tcp_request_response_irq.o,
by_pc,2147501012,1,1,2,3,1,0,0,0,0,mem_malloc,/Users/swchen.tw/git/percepio/poc/runs/tcp-workload-matrix-v1/A02-baseline/build/mem.o,
by_pc,2147501014,1,21,42,43,1,1,8,0,11,mem_malloc,/Users/swchen.tw/git/percepio/poc/runs/tcp-workload-matrix-v1/A02-baseline/build/mem.o,
by_pc,2147501018,1,1,2,3,1,0,0,0,0,mem_malloc,/Users/swchen.tw/git/percepio/poc/runs/tcp-workload-matrix-v1/A02-baseline/build/mem.o,
by_pc,2147501022,1,2,4,5,1,1,0,0,0,mem_malloc,/Users/swchen.tw/git/percepio/poc/runs/tcp-workload-matrix-v1/A02-baseline/build/mem.o,
by_pc,2147501026,1,1,2,3,1,0,0,0,0,mem_malloc,/Users/swchen.tw/git/percepio/poc/runs/tcp-workload-matrix-v1/A02-baseline/build/mem.o,
by_pc,2147501030,1,1,2,3,1,0,0,0,0,mem_malloc,/Users/swchen.tw/git/percepio/poc/runs/tcp-workload-matrix-v1/A02-baseline/build/mem.o,
by_pc,2147501032,1,1,2,3,1,0,0,0,0,mem_malloc,/Users/swchen.tw/git/percepio/poc/runs/tcp-workload-matrix-v1/A02-baseline/build/mem.o,
by_pc,2147501034,1,1,2,3,1,0,0,0,0,mem_malloc,/Users/swchen.tw/git/percepio/poc/runs/tcp-workload-matrix-v1/A02-baseline/build/mem.o,
by_pc,2147501036,1,1,2,3,1,0,0,0,0,mem_malloc,/Users/swchen.tw/git/percepio/poc/runs/tcp-workload-matrix-v1/A02-baseline/build/mem.o,
by_pc,2147501040,1,21,42,43,1,1,8,0,11,mem_malloc,/Users/swchen.tw/git/percepio/poc/runs/tcp-workload-matrix-v1/A02-baseline/build/mem.o,
by_pc,2147501044,1,1,2,3,1,0,0,0,0,mem_malloc,/Users/swchen.tw/git/percepio/poc/runs/tcp-workload-matrix-v1/A02-baseline/build/mem.o,
by_pc,2147501048,1,2,4,5,1,1,0,0,0,mem_malloc,/Users/swchen.tw/git/percepio/poc/runs/tcp-workload-matrix-v1/A02-baseline/build/mem.o,
by_pc,2147501052,1,1,2,3,1,0,0,0,0,mem_malloc,/Users/swchen.tw/git/percepio/poc/runs/tcp-workload-matrix-v1/A02-baseline/build/mem.o,
by_pc,2147510336,12,294,588,600,12,12,120,18,132,tcp_input,/Users/swchen.tw/git/percepio/poc/runs/tcp-workload-matrix-v1/A02-baseline/build/tcp_in.o,
by_pc,2147510340,12,12,24,36,12,0,0,0,0,tcp_input,/Users/swchen.tw/git/percepio/poc/runs/tcp-workload-matrix-v1/A02-baseline/build/tcp_in.o,
by_pc,2147510342,13,52,104,117,13,13,8,18,0,tcp_input,/Users/swchen.tw/git/percepio/poc/runs/tcp-workload-matrix-v1/A02-baseline/build/tcp_in.o,
by_pc,2147510346,13,13,26,39,13,0,0,0,0,tcp_input,/Users/swchen.tw/git/percepio/poc/runs/tcp-workload-matrix-v1/A02-baseline/build/tcp_in.o,
by_pc,2147510364,13,26,52,65,13,13,0,0,0,tcp_input,/Users/swchen.tw/git/percepio/poc/runs/tcp-workload-matrix-v1/A02-baseline/build/tcp_in.o,
by_pc,2147510368,13,26,52,65,13,13,0,0,0,tcp_input,/Users/swchen.tw/git/percepio/poc/runs/tcp-workload-matrix-v1/A02-baseline/build/tcp_in.o,
by_pc,2147510372,13,52,104,117,13,13,8,18,0,tcp_input,/Users/swchen.tw/git/percepio/poc/runs/tcp-workload-matrix-v1/A02-baseline/build/tcp_in.o,
by_pc,2147510376,13,13,26,39,13,0,0,0,0,tcp_input,/Users/swchen.tw/git/percepio/poc/runs/tcp-workload-matrix-v1/A02-baseline/build/tcp_in.o,
by_pc,2147510378,13,13,26,39,13,0,0,0,0,tcp_input,/Users/swchen.tw/git/percepio/poc/runs/tcp-workload-matrix-v1/A02-baseline/build/tcp_in.o,
by_pc,2147510382,13,13,26,39,13,0,0,0,0,tcp_input,/Users/swchen.tw/git/percepio/poc/runs/tcp-workload-matrix-v1/A02-baseline/build/tcp_in.o,
by_pc,2147510386,13,26,52,65,13,13,0,0,0,tcp_input,/Users/swchen.tw/git/percepio/poc/runs/tcp-workload-matrix-v1/A02-baseline/build/tcp_in.o,
by_pc,2147510390,13,26,52,65,13,13,0,0,0,tcp_input,/Users/swchen.tw/git/percepio/poc/runs/tcp-workload-matrix-v1/A02-baseline/build/tcp_in.o,
by_pc,2147510394,13,26,52,65,13,13,0,0,0,tcp_input,/Users/swchen.tw/git/percepio/poc/runs/tcp-workload-matrix-v1/A02-baseline/build/tcp_in.o,
by_pc,2147510398,13,13,26,39,13,0,0,0,0,tcp_input,/Users/swchen.tw/git/percepio/poc/runs/tcp-workload-matrix-v1/A02-baseline/build/tcp_in.o,
by_pc,2147510400,13,153,306,319,13,0,104,36,0,tcp_input,/Users/swchen.tw/git/percepio/poc/runs/tcp-workload-matrix-v1/A02-baseline/build/tcp_in.o,
by_pc,2147510404,13,13,26,39,13,0,0,0,0,tcp_input,/Users/swchen.tw/git/percepio/poc/runs/tcp-workload-matrix-v1/A02-baseline/build/tcp_in.o,
by_pc,2147510408,13,26,52,65,13,13,0,0,0,tcp_input,/Users/swchen.tw/git/percepio/poc/runs/tcp-workload-matrix-v1/A02-baseline/build/tcp_in.o,
by_pc,2147510410,13,13,26,39,13,0,0,0,0,tcp_input,/Users/swchen.tw/git/percepio/poc/runs/tcp-workload-matrix-v1/A02-baseline/build/tcp_in.o,
by_pc,2147510414,13,26,52,65,13,13,0,0,0,tcp_input,/Users/swchen.tw/git/percepio/poc/runs/tcp-workload-matrix-v1/A02-baseline/build/tcp_in.o,
by_pc,2147510418,13,26,52,65,13,13,0,0,0,tcp_input,/Users/swchen.tw/git/percepio/poc/runs/tcp-workload-matrix-v1/A02-baseline/build/tcp_in.o,
by_pc,2147510422,13,13,26,39,13,0,0,0,0,tcp_input,/Users/swchen.tw/git/percepio/poc/runs/tcp-workload-matrix-v1/A02-baseline/build/tcp_in.o,
by_pc,2147510426,13,13,26,39,13,0,0,0,0,tcp_input,/Users/swchen.tw/git/percepio/poc/runs/tcp-workload-matrix-v1/A02-baseline/build/tcp_in.o,
by_pc,2147510608,13,111,222,235,13,0,80,18,0,tcp_input,/Users/swchen.tw/git/percepio/poc/runs/tcp-workload-matrix-v1/A02-baseline/build/tcp_in.o,
by_pc,2147510612,13,26,52,65,13,13,0,0,0,tcp_input,/Users/swchen.tw/git/percepio/poc/runs/tcp-workload-matrix-v1/A02-baseline/build/tcp_in.o,
by_pc,2147510616,13,13,26,39,13,0,0,0,0,tcp_input,/Users/swchen.tw/git/percepio/poc/runs/tcp-workload-matrix-v1/A02-baseline/build/tcp_in.o,
by_pc,2147510618,13,13,26,39,13,0,0,0,0,tcp_input,/Users/swchen.tw/git/percepio/poc/runs/tcp-workload-matrix-v1/A02-baseline/build/tcp_in.o,
by_pc,2147510622,13,273,546,559,13,13,104,0,143,tcp_input,/Users/swchen.tw/git/percepio/poc/runs/tcp-workload-matrix-v1/A02-baseline/build/tcp_in.o,
by_pc,2147510626,13,13,26,39,13,0,0,0,0,tcp_input,/Users/swchen.tw/git/percepio/poc/runs/tcp-workload-matrix-v1/A02-baseline/build/tcp_in.o,
by_pc,2147510438,13,13,26,39,13,0,0,0,0,tcp_input,/Users/swchen.tw/git/percepio/poc/runs/tcp-workload-matrix-v1/A02-baseline/build/tcp_in.o,
by_pc,2147510442,13,291,582,595,13,13,104,18,143,tcp_input,/Users/swchen.tw/git/percepio/poc/runs/tcp-workload-matrix-v1/A02-baseline/build/tcp_in.o,
by_pc,2147510446,13,26,52,65,13,13,0,0,0,tcp_input,/Users/swchen.tw/git/percepio/poc/runs/tcp-workload-matrix-v1/A02-baseline/build/tcp_in.o,
by_pc,2147510450,13,13,26,39,13,0,0,0,0,tcp_input,/Users/swchen.tw/git/percepio/poc/runs/tcp-workload-matrix-v1/A02-baseline/build/tcp_in.o,
by_pc,2147510454,13,13,26,39,13,0,0,0,0,tcp_input,/Users/swchen.tw/git/percepio/poc/runs/tcp-workload-matrix-v1/A02-baseline/build/tcp_in.o,
by_pc,2147510458,13,273,546,559,13,13,104,0,143,tcp_input,/Users/swchen.tw/git/percepio/poc/runs/tcp-workload-matrix-v1/A02-baseline/build/tcp_in.o,
by_pc,2147510462,13,426,852,865,26,13,208,36,143,tcp_input,/Users/swchen.tw/git/percepio/poc/runs/tcp-workload-matrix-v1/A02-baseline/build/tcp_in.o,
by_pc,2147510466,13,273,546,559,13,13,104,0,143,tcp_input,/Users/swchen.tw/git/percepio/poc/runs/tcp-workload-matrix-v1/A02-baseline/build/tcp_in.o,
by_pc,2147510470,13,273,546,559,13,13,104,0,143,tcp_input,/Users/swchen.tw/git/percepio/poc/runs/tcp-workload-matrix-v1/A02-baseline/build/tcp_in.o,
by_pc,2147510474,13,273,546,559,13,13,104,0,143,tcp_input,/Users/swchen.tw/git/percepio/poc/runs/tcp-workload-matrix-v1/A02-baseline/build/tcp_in.o,
by_pc,2147510478,13,273,546,559,13,13,104,0,143,tcp_input,/Users/swchen.tw/git/percepio/poc/runs/tcp-workload-matrix-v1/A02-baseline/build/tcp_in.o,
by_pc,2147510482,13,13,26,39,13,0,0,0,0,tcp_input,/Users/swchen.tw/git/percepio/poc/runs/tcp-workload-matrix-v1/A02-baseline/build/tcp_in.o,
by_pc,2147510484,13,13,26,39,13,0,0,0,0,tcp_input,/Users/swchen.tw/git/percepio/poc/runs/tcp-workload-matrix-v1/A02-baseline/build/tcp_in.o,
by_pc,2147510498,13,52,104,117,13,13,8,18,0,tcp_input,/Users/swchen.tw/git/percepio/poc/runs/tcp-workload-matrix-v1/A02-baseline/build/tcp_in.o,
by_pc,2147510500,13,13,26,39,13,0,0,0,0,tcp_input,/Users/swchen.tw/git/percepio/poc/runs/tcp-workload-matrix-v1/A02-baseline/build/tcp_in.o,
by_pc,2147511296,13,100,200,213,13,13,56,18,0,tcp_input,/Users/swchen.tw/git/percepio/poc/runs/tcp-workload-matrix-v1/A02-baseline/build/tcp_in.o,
by_pc,2147511300,13,273,546,559,13,13,104,0,143,tcp_input,/Users/swchen.tw/git/percepio/poc/runs/tcp-workload-matrix-v1/A02-baseline/build/tcp_in.o,
by_pc,2147511304,13,13,26,39,13,0,0,0,0,tcp_input,/Users/swchen.tw/git/percepio/poc/runs/tcp-workload-matrix-v1/A02-baseline/build/tcp_in.o,
by_pc,2147511308,13,13,26,39,13,0,0,0,0,tcp_input,/Users/swchen.tw/git/percepio/poc/runs/tcp-workload-matrix-v1/A02-baseline/build/tcp_in.o,
by_pc,2147511426,13,65,130,143,13,0,16,36,0,tcp_input,/Users/swchen.tw/git/percepio/poc/runs/tcp-workload-matrix-v1/A02-baseline/build/tcp_in.o,
by_pc,2147511430,13,26,52,65,13,13,0,0,0,tcp_input,/Users/swchen.tw/git/percepio/poc/runs/tcp-workload-matrix-v1/A02-baseline/build/tcp_in.o,
by_pc,2147511434,13,13,26,39,13,0,0,0,0,tcp_input,/Users/swchen.tw/git/percepio/poc/runs/tcp-workload-matrix-v1/A02-baseline/build/tcp_in.o,
by_pc,2147511454,13,13,26,39,13,0,0,0,0,tcp_input,/Users/swchen.tw/git/percepio/poc/runs/tcp-workload-matrix-v1/A02-baseline/build/tcp_in.o,
by_pc,2147511456,13,13,26,39,13,0,0,0,0,tcp_input,/Users/swchen.tw/git/percepio/poc/runs/tcp-workload-matrix-v1/A02-baseline/build/tcp_in.o,
by_pc,2147511458,12,24,48,60,12,12,0,0,0,tcp_input,/Users/swchen.tw/git/percepio/poc/runs/tcp-workload-matrix-v1/A02-baseline/build/tcp_in.o,
by_pc,2147511462,12,252,504,516,12,12,96,0,132,tcp_input,/Users/swchen.tw/git/percepio/poc/runs/tcp-workload-matrix-v1/A02-baseline/build/tcp_in.o,
by_pc,2147511464,13,26,52,65,13,13,0,0,0,tcp_input,/Users/swchen.tw/git/percepio/poc/runs/tcp-workload-matrix-v1/A02-baseline/build/tcp_in.o,
by_pc,2147511468,13,273,546,559,13,13,104,0,143,tcp_input,/Users/swchen.tw/git/percepio/poc/runs/tcp-workload-matrix-v1/A02-baseline/build/tcp_in.o,
by_pc,2147511472,13,13,26,39,13,0,0,0,0,tcp_input,/Users/swchen.tw/git/percepio/poc/runs/tcp-workload-matrix-v1/A02-baseline/build/tcp_in.o,
by_pc,2147511480,13,26,52,65,13,13,0,0,0,tcp_input,/Users/swchen.tw/git/percepio/poc/runs/tcp-workload-matrix-v1/A02-baseline/build/tcp_in.o,
by_pc,2147511482,13,13,26,39,13,0,0,0,0,tcp_input,/Users/swchen.tw/git/percepio/poc/runs/tcp-workload-matrix-v1/A02-baseline/build/tcp_in.o,
by_pc,2147511486,13,148,296,309,26,0,104,18,0,tcp_input,/Users/swchen.tw/git/percepio/poc/runs/tcp-workload-matrix-v1/A02-baseline/build/tcp_in.o,
by_pc,2147512546,13,153,306,319,13,0,104,36,0,tcp_input,/Users/swchen.tw/git/percepio/poc/runs/tcp-workload-matrix-v1/A02-baseline/build/tcp_in.o,
by_pc,2147512548,13,13,26,39,13,0,0,0,0,tcp_input,/Users/swchen.tw/git/percepio/poc/runs/tcp-workload-matrix-v1/A02-baseline/build/tcp_in.o,
by_pc,2147512552,13,13,26,39,13,0,0,0,0,tcp_input,/Users/swchen.tw/git/percepio/poc/runs/tcp-workload-matrix-v1/A02-baseline/build/tcp_in.o,
by_pc,2147512556,13,13,26,39,13,0,0,0,0,tcp_input,/Users/swchen.tw/git/percepio/poc/runs/tcp-workload-matrix-v1/A02-baseline/build/tcp_in.o,
by_pc,2147512560,13,13,26,39,13,0,0,0,0,tcp_input,/Users/swchen.tw/git/percepio/poc/runs/tcp-workload-matrix-v1/A02-baseline/build/tcp_in.o,
by_pc,2147512562,13,13,26,39,13,0,0,0,0,tcp_input,/Users/swchen.tw/git/percepio/poc/runs/tcp-workload-matrix-v1/A02-baseline/build/tcp_in.o,
by_pc,2147512564,13,34,68,81,13,13,8,0,0,tcp_input,/Users/swchen.tw/git/percepio/poc/runs/tcp-workload-matrix-v1/A02-baseline/build/tcp_in.o,
by_pc,2147512566,13,13,26,39,13,0,0,0,0,tcp_input,/Users/swchen.tw/git/percepio/poc/runs/tcp-workload-matrix-v1/A02-baseline/build/tcp_in.o,
by_pc,2147512568,13,13,26,39,13,0,0,0,0,tcp_input,/Users/swchen.tw/git/percepio/poc/runs/tcp-workload-matrix-v1/A02-baseline/build/tcp_in.o,
by_pc,2147511810,1,27,54,55,1,0,8,18,0,tcp_input,/Users/swchen.tw/git/percepio/poc/runs/tcp-workload-matrix-v1/A02-baseline/build/tcp_in.o,
by_pc,2147511812,1,1,2,3,1,0,0,0,0,tcp_input,/Users/swchen.tw/git/percepio/poc/runs/tcp-workload-matrix-v1/A02-baseline/build/tcp_in.o,
by_pc,2147511816,1,2,4,5,1,1,0,0,0,tcp_input,/Users/swchen.tw/git/percepio/poc/runs/tcp-workload-matrix-v1/A02-baseline/build/tcp_in.o,
by_pc,2147511820,1,2,4,5,1,1,0,0,0,tcp_input,/Users/swchen.tw/git/percepio/poc/runs/tcp-workload-matrix-v1/A02-baseline/build/tcp_in.o,
by_pc,2147511822,1,1,2,3,1,0,0,0,0,tcp_input,/Users/swchen.tw/git/percepio/poc/runs/tcp-workload-matrix-v1/A02-baseline/build/tcp_in.o,
by_pc,2147511826,1,1,2,3,1,0,0,0,0,tcp_input,/Users/swchen.tw/git/percepio/poc/runs/tcp-workload-matrix-v1/A02-baseline/build/tcp_in.o,
by_pc,2147511828,1,1,2,3,1,0,0,0,0,tcp_input,/Users/swchen.tw/git/percepio/poc/runs/tcp-workload-matrix-v1/A02-baseline/build/tcp_in.o,
by_pc,2147511832,1,2,4,5,1,1,0,0,0,tcp_input,/Users/swchen.tw/git/percepio/poc/runs/tcp-workload-matrix-v1/A02-baseline/build/tcp_in.o,
by_pc,2147511834,1,1,2,3,1,0,0,0,0,tcp_input,/Users/swchen.tw/git/percepio/poc/runs/tcp-workload-matrix-v1/A02-baseline/build/tcp_in.o,
by_pc,2147511836,1,1,2,3,1,0,0,0,0,tcp_input,/Users/swchen.tw/git/percepio/poc/runs/tcp-workload-matrix-v1/A02-baseline/build/tcp_in.o,
by_pc,2147511840,1,1,2,3,1,0,0,0,0,tcp_input,/Users/swchen.tw/git/percepio/poc/runs/tcp-workload-matrix-v1/A02-baseline/build/tcp_in.o,
by_pc,2147511842,1,21,42,43,1,1,8,0,11,tcp_input,/Users/swchen.tw/git/percepio/poc/runs/tcp-workload-matrix-v1/A02-baseline/build/tcp_in.o,
by_pc,2147511844,1,2,4,5,1,1,0,0,0,tcp_input,/Users/swchen.tw/git/percepio/poc/runs/tcp-workload-matrix-v1/A02-baseline/build/tcp_in.o,
by_pc,2147511848,1,1,2,3,1,0,0,0,0,tcp_input,/Users/swchen.tw/git/percepio/poc/runs/tcp-workload-matrix-v1/A02-baseline/build/tcp_in.o,
by_pc,2147511858,1,2,4,5,1,1,0,0,0,tcp_input,/Users/swchen.tw/git/percepio/poc/runs/tcp-workload-matrix-v1/A02-baseline/build/tcp_in.o,
by_pc,2147511860,1,1,2,3,1,0,0,0,0,tcp_input,/Users/swchen.tw/git/percepio/poc/runs/tcp-workload-matrix-v1/A02-baseline/build/tcp_in.o,
by_pc,2147511862,1,2,4,5,1,1,0,0,0,tcp_input,/Users/swchen.tw/git/percepio/poc/runs/tcp-workload-matrix-v1/A02-baseline/build/tcp_in.o,
by_pc,2147511864,1,1,2,3,1,0,0,0,0,tcp_input,/Users/swchen.tw/git/percepio/poc/runs/tcp-workload-matrix-v1/A02-baseline/build/tcp_in.o,
by_pc,2147511866,1,1,2,3,1,0,0,0,0,tcp_input,/Users/swchen.tw/git/percepio/poc/runs/tcp-workload-matrix-v1/A02-baseline/build/tcp_in.o,
by_pc,2147511868,1,1,2,3,1,0,0,0,0,tcp_input,/Users/swchen.tw/git/percepio/poc/runs/tcp-workload-matrix-v1/A02-baseline/build/tcp_in.o,
by_pc,2147494960,1,27,54,55,1,0,8,18,0,on_accept,/Users/swchen.tw/git/percepio/poc/runs/tcp-workload-matrix-v1/A02-baseline/build/tcp_request_response_irq.o,
by_pc,2147494962,1,21,42,43,1,1,8,0,11,on_accept,/Users/swchen.tw/git/percepio/poc/runs/tcp-workload-matrix-v1/A02-baseline/build/tcp_request_response_irq.o,
by_pc,2147494964,1,21,42,43,1,1,8,0,11,on_accept,/Users/swchen.tw/git/percepio/poc/runs/tcp-workload-matrix-v1/A02-baseline/build/tcp_request_response_irq.o,
by_pc,2147494966,1,1,2,3,1,0,0,0,0,on_accept,/Users/swchen.tw/git/percepio/poc/runs/tcp-workload-matrix-v1/A02-baseline/build/tcp_request_response_irq.o,
by_pc,2147494968,1,1,2,3,1,0,0,0,0,on_accept,/Users/swchen.tw/git/percepio/poc/runs/tcp-workload-matrix-v1/A02-baseline/build/tcp_request_response_irq.o,
by_pc,2147494986,1,27,54,55,1,0,8,18,0,on_accept,/Users/swchen.tw/git/percepio/poc/runs/tcp-workload-matrix-v1/A02-baseline/build/tcp_request_response_irq.o,
by_pc,2147494988,1,1,2,3,1,0,0,0,0,on_accept,/Users/swchen.tw/git/percepio/poc/runs/tcp-workload-matrix-v1/A02-baseline/build/tcp_request_response_irq.o,
by_pc,2147494992,1,1,2,3,1,0,0,0,0,on_accept,/Users/swchen.tw/git/percepio/poc/runs/tcp-workload-matrix-v1/A02-baseline/build/tcp_request_response_irq.o,
by_pc,2147494996,1,21,42,43,1,1,8,0,11,on_accept,/Users/swchen.tw/git/percepio/poc/runs/tcp-workload-matrix-v1/A02-baseline/build/tcp_request_response_irq.o,
by_pc,2147495000,1,1,2,3,1,0,0,0,0,on_accept,/Users/swchen.tw/git/percepio/poc/runs/tcp-workload-matrix-v1/A02-baseline/build/tcp_request_response_irq.o,
by_pc,2147503696,1,9,18,19,1,0,8,0,0,tcp_sent,/Users/swchen.tw/git/percepio/poc/runs/tcp-workload-matrix-v1/A02-baseline/build/tcp.o,
by_pc,2147503698,1,21,42,43,1,1,8,0,11,tcp_sent,/Users/swchen.tw/git/percepio/poc/runs/tcp-workload-matrix-v1/A02-baseline/build/tcp.o,
by_pc,2147503702,1,1,2,3,1,0,0,0,0,tcp_sent,/Users/swchen.tw/git/percepio/poc/runs/tcp-workload-matrix-v1/A02-baseline/build/tcp.o,
by_pc,2147495004,1,1,2,3,1,0,0,0,0,on_accept,/Users/swchen.tw/git/percepio/poc/runs/tcp-workload-matrix-v1/A02-baseline/build/tcp_request_response_irq.o,
by_pc,2147495006,1,1,2,3,1,0,0,0,0,on_accept,/Users/swchen.tw/git/percepio/poc/runs/tcp-workload-matrix-v1/A02-baseline/build/tcp_request_response_irq.o,
by_pc,2147495010,1,1,2,3,1,0,0,0,0,on_accept,/Users/swchen.tw/git/percepio/poc/runs/tcp-workload-matrix-v1/A02-baseline/build/tcp_request_response_irq.o,
by_pc,2147495014,1,1,2,3,1,0,0,0,0,on_accept,/Users/swchen.tw/git/percepio/poc/runs/tcp-workload-matrix-v1/A02-baseline/build/tcp_request_response_irq.o,
by_pc,2147503688,1,1,2,3,1,0,0,0,0,tcp_recv,/Users/swchen.tw/git/percepio/poc/runs/tcp-workload-matrix-v1/A02-baseline/build/tcp.o,
by_pc,2147503690,1,21,42,43,1,1,8,0,11,tcp_recv,/Users/swchen.tw/git/percepio/poc/runs/tcp-workload-matrix-v1/A02-baseline/build/tcp.o,
by_pc,2147503694,1,1,2,3,1,0,0,0,0,tcp_recv,/Users/swchen.tw/git/percepio/poc/runs/tcp-workload-matrix-v1/A02-baseline/build/tcp.o,
by_pc,2147495018,1,2,4,5,1,1,0,0,0,on_accept,/Users/swchen.tw/git/percepio/poc/runs/tcp-workload-matrix-v1/A02-baseline/build/tcp_request_response_irq.o,
by_pc,2147495022,1,1,2,3,1,0,0,0,0,on_accept,/Users/swchen.tw/git/percepio/poc/runs/tcp-workload-matrix-v1/A02-baseline/build/tcp_request_response_irq.o,
by_pc,2147495024,1,1,2,3,1,0,0,0,0,on_accept,/Users/swchen.tw/git/percepio/poc/runs/tcp-workload-matrix-v1/A02-baseline/build/tcp_request_response_irq.o,
by_pc,2147495028,1,21,42,43,1,1,8,0,11,on_accept,/Users/swchen.tw/git/percepio/poc/runs/tcp-workload-matrix-v1/A02-baseline/build/tcp_request_response_irq.o,
by_pc,2147495032,1,2,4,5,1,1,0,0,0,on_accept,/Users/swchen.tw/git/percepio/poc/runs/tcp-workload-matrix-v1/A02-baseline/build/tcp_request_response_irq.o,
by_pc,2147495034,1,2,4,5,1,1,0,0,0,on_accept,/Users/swchen.tw/git/percepio/poc/runs/tcp-workload-matrix-v1/A02-baseline/build/tcp_request_response_irq.o,
by_pc,2147495036,1,1,2,3,1,0,0,0,0,on_accept,/Users/swchen.tw/git/percepio/poc/runs/tcp-workload-matrix-v1/A02-baseline/build/tcp_request_response_irq.o,
by_pc,2147495038,1,1,2,3,1,0,0,0,0,on_accept,/Users/swchen.tw/git/percepio/poc/runs/tcp-workload-matrix-v1/A02-baseline/build/tcp_request_response_irq.o,
by_pc,2147511870,1,1,2,3,1,0,0,0,0,tcp_input,/Users/swchen.tw/git/percepio/poc/runs/tcp-workload-matrix-v1/A02-baseline/build/tcp_in.o,
by_pc,2147511880,1,27,54,55,1,0,8,18,0,tcp_input,/Users/swchen.tw/git/percepio/poc/runs/tcp-workload-matrix-v1/A02-baseline/build/tcp_in.o,
by_pc,2147511882,1,1,2,3,1,0,0,0,0,tcp_input,/Users/swchen.tw/git/percepio/poc/runs/tcp-workload-matrix-v1/A02-baseline/build/tcp_in.o,
by_pc,2147507104,13,52,104,117,13,13,8,18,0,tcp_receive,/Users/swchen.tw/git/percepio/poc/runs/tcp-workload-matrix-v1/A02-baseline/build/tcp_in.o,
by_pc,2147507108,13,13,26,39,13,0,0,0,0,tcp_receive,/Users/swchen.tw/git/percepio/poc/runs/tcp-workload-matrix-v1/A02-baseline/build/tcp_in.o,
by_pc,2147507110,13,273,546,559,13,13,104,0,143,tcp_receive,/Users/swchen.tw/git/percepio/poc/runs/tcp-workload-matrix-v1/A02-baseline/build/tcp_in.o,
by_pc,2147507112,13,273,546,559,13,13,104,0,143,tcp_receive,/Users/swchen.tw/git/percepio/poc/runs/tcp-workload-matrix-v1/A02-baseline/build/tcp_in.o,
by_pc,2147507114,13,273,546,559,13,13,104,0,143,tcp_receive,/Users/swchen.tw/git/percepio/poc/runs/tcp-workload-matrix-v1/A02-baseline/build/tcp_in.o,
by_pc,2147507116,13,273,546,559,13,13,104,0,143,tcp_receive,/Users/swchen.tw/git/percepio/poc/runs/tcp-workload-matrix-v1/A02-baseline/build/tcp_in.o,
by_pc,2147507118,13,273,546,559,13,13,104,0,143,tcp_receive,/Users/swchen.tw/git/percepio/poc/runs/tcp-workload-matrix-v1/A02-baseline/build/tcp_in.o,
by_pc,2147507120,13,273,546,559,13,13,104,0,143,tcp_receive,/Users/swchen.tw/git/percepio/poc/runs/tcp-workload-matrix-v1/A02-baseline/build/tcp_in.o,
by_pc,2147507122,13,273,546,559,13,13,104,0,143,tcp_receive,/Users/swchen.tw/git/percepio/poc/runs/tcp-workload-matrix-v1/A02-baseline/build/tcp_in.o,
by_pc,2147507124,13,273,546,559,13,13,104,0,143,tcp_receive,/Users/swchen.tw/git/percepio/poc/runs/tcp-workload-matrix-v1/A02-baseline/build/tcp_in.o,
by_pc,2147507126,13,13,26,39,13,0,0,0,0,tcp_receive,/Users/swchen.tw/git/percepio/poc/runs/tcp-workload-matrix-v1/A02-baseline/build/tcp_in.o,
by_pc,2147507128,13,13,26,39,13,0,0,0,0,tcp_receive,/Users/swchen.tw/git/percepio/poc/runs/tcp-workload-matrix-v1/A02-baseline/build/tcp_in.o,
by_pc,2147507130,13,13,26,39,13,0,0,0,0,tcp_receive,/Users/swchen.tw/git/percepio/poc/runs/tcp-workload-matrix-v1/A02-baseline/build/tcp_in.o,
by_pc,2147507134,13,124,248,261,26,0,80,18,0,tcp_receive,/Users/swchen.tw/git/percepio/poc/runs/tcp-workload-matrix-v1/A02-baseline/build/tcp_in.o,
by_pc,2147507138,13,26,52,65,13,13,0,0,0,tcp_receive,/Users/swchen.tw/git/percepio/poc/runs/tcp-workload-matrix-v1/A02-baseline/build/tcp_in.o,
by_pc,2147507142,13,26,52,65,13,13,0,0,0,tcp_receive,/Users/swchen.tw/git/percepio/poc/runs/tcp-workload-matrix-v1/A02-baseline/build/tcp_in.o,
by_pc,2147507144,13,26,52,65,13,13,0,0,0,tcp_receive,/Users/swchen.tw/git/percepio/poc/runs/tcp-workload-matrix-v1/A02-baseline/build/tcp_in.o,
by_pc,2147507148,13,26,52,65,13,13,0,0,0,tcp_receive,/Users/swchen.tw/git/percepio/poc/runs/tcp-workload-matrix-v1/A02-baseline/build/tcp_in.o,
by_pc,2147507150,13,13,26,39,13,0,0,0,0,tcp_receive,/Users/swchen.tw/git/percepio/poc/runs/tcp-workload-matrix-v1/A02-baseline/build/tcp_in.o,
by_pc,2147507154,13,13,26,39,13,0,0,0,0,tcp_receive,/Users/swchen.tw/git/percepio/poc/runs/tcp-workload-matrix-v1/A02-baseline/build/tcp_in.o,
by_pc,2147507158,13,26,52,65,13,13,0,0,0,tcp_receive,/Users/swchen.tw/git/percepio/poc/runs/tcp-workload-matrix-v1/A02-baseline/build/tcp_in.o,
by_pc,2147507160,13,13,26,39,13,0,0,0,0,tcp_receive,/Users/swchen.tw/git/percepio/poc/runs/tcp-workload-matrix-v1/A02-baseline/build/tcp_in.o,
by_pc,2147507200,10,118,236,246,10,10,80,18,0,tcp_receive,/Users/swchen.tw/git/percepio/poc/runs/tcp-workload-matrix-v1/A02-baseline/build/tcp_in.o,
by_pc,2147507204,10,20,40,50,10,10,0,0,0,tcp_receive,/Users/swchen.tw/git/percepio/poc/runs/tcp-workload-matrix-v1/A02-baseline/build/tcp_in.o,
by_pc,2147507208,10,20,40,50,10,10,0,0,0,tcp_receive,/Users/swchen.tw/git/percepio/poc/runs/tcp-workload-matrix-v1/A02-baseline/build/tcp_in.o,
by_pc,2147507212,10,10,20,30,10,0,0,0,0,tcp_receive,/Users/swchen.tw/git/percepio/poc/runs/tcp-workload-matrix-v1/A02-baseline/build/tcp_in.o,
by_pc,2147507214,10,10,20,30,10,0,0,0,0,tcp_receive,/Users/swchen.tw/git/percepio/poc/runs/tcp-workload-matrix-v1/A02-baseline/build/tcp_in.o,
by_pc,2147507216,10,20,40,50,10,10,0,0,0,tcp_receive,/Users/swchen.tw/git/percepio/poc/runs/tcp-workload-matrix-v1/A02-baseline/build/tcp_in.o,
by_pc,2147507220,10,210,420,430,10,10,80,0,110,tcp_receive,/Users/swchen.tw/git/percepio/poc/runs/tcp-workload-matrix-v1/A02-baseline/build/tcp_in.o,
by_pc,2147507224,10,10,20,30,10,0,0,0,0,tcp_receive,/Users/swchen.tw/git/percepio/poc/runs/tcp-workload-matrix-v1/A02-baseline/build/tcp_in.o,
by_pc,2147507232,10,210,420,430,10,10,80,0,110,tcp_receive,/Users/swchen.tw/git/percepio/poc/runs/tcp-workload-matrix-v1/A02-baseline/build/tcp_in.o,
by_pc,2147507234,10,210,420,430,10,10,80,0,110,tcp_receive,/Users/swchen.tw/git/percepio/poc/runs/tcp-workload-matrix-v1/A02-baseline/build/tcp_in.o,
by_pc,2147507236,13,42,84,97,13,13,16,0,0,tcp_receive,/Users/swchen.tw/git/percepio/poc/runs/tcp-workload-matrix-v1/A02-baseline/build/tcp_in.o,
by_pc,2147507238,13,13,26,39,13,0,0,0,0,tcp_receive,/Users/swchen.tw/git/percepio/poc/runs/tcp-workload-matrix-v1/A02-baseline/build/tcp_in.o,
by_pc,2147507242,13,13,26,39,13,0,0,0,0,tcp_receive,/Users/swchen.tw/git/percepio/poc/runs/tcp-workload-matrix-v1/A02-baseline/build/tcp_in.o,
by_pc,2147508028,10,108,216,226,10,0,80,18,0,tcp_receive,/Users/swchen.tw/git/percepio/poc/runs/tcp-workload-matrix-v1/A02-baseline/build/tcp_in.o,
by_pc,2147508032,10,108,216,226,10,0,80,18,0,tcp_receive,/Users/swchen.tw/git/percepio/poc/runs/tcp-workload-matrix-v1/A02-baseline/build/tcp_in.o,
by_pc,2147508034,10,10,20,30,10,0,0,0,0,tcp_receive,/Users/swchen.tw/git/percepio/poc/runs/tcp-workload-matrix-v1/A02-baseline/build/tcp_in.o,
by_pc,2147508038,10,20,40,50,10,10,0,0,0,tcp_receive,/Users/swchen.tw/git/percepio/poc/runs/tcp-workload-matrix-v1/A02-baseline/build/tcp_in.o,
by_pc,2147508040,10,10,20,30,10,0,0,0,0,tcp_receive,/Users/swchen.tw/git/percepio/poc/runs/tcp-workload-matrix-v1/A02-baseline/build/tcp_in.o,
by_pc,2147508042,10,10,20,30,10,0,0,0,0,tcp_receive,/Users/swchen.tw/git/percepio/poc/runs/tcp-workload-matrix-v1/A02-baseline/build/tcp_in.o,
by_pc,2147508046,10,20,40,50,10,10,0,0,0,tcp_receive,/Users/swchen.tw/git/percepio/poc/runs/tcp-workload-matrix-v1/A02-baseline/build/tcp_in.o,
by_pc,2147508050,10,10,20,30,10,0,0,0,0,tcp_receive,/Users/swchen.tw/git/percepio/poc/runs/tcp-workload-matrix-v1/A02-baseline/build/tcp_in.o,
by_pc,2147508054,10,10,20,30,10,0,0,0,0,tcp_receive,/Users/swchen.tw/git/percepio/poc/runs/tcp-workload-matrix-v1/A02-baseline/build/tcp_in.o,
by_pc,2147508074,10,20,40,50,10,10,0,0,0,tcp_receive,/Users/swchen.tw/git/percepio/poc/runs/tcp-workload-matrix-v1/A02-baseline/build/tcp_in.o,
by_pc,2147508078,10,20,40,50,10,10,0,0,0,tcp_receive,/Users/swchen.tw/git/percepio/poc/runs/tcp-workload-matrix-v1/A02-baseline/build/tcp_in.o,
by_pc,2147508082,10,210,420,430,10,10,80,0,110,tcp_receive,/Users/swchen.tw/git/percepio/poc/runs/tcp-workload-matrix-v1/A02-baseline/build/tcp_in.o,
by_pc,2147508086,10,10,20,30,10,0,0,0,0,tcp_receive,/Users/swchen.tw/git/percepio/poc/runs/tcp-workload-matrix-v1/A02-baseline/build/tcp_in.o,
by_pc,2147508088,10,10,20,30,10,0,0,0,0,tcp_receive,/Users/swchen.tw/git/percepio/poc/runs/tcp-workload-matrix-v1/A02-baseline/build/tcp_in.o,
by_pc,2147508090,10,20,40,50,10,10,0,0,0,tcp_receive,/Users/swchen.tw/git/percepio/poc/runs/tcp-workload-matrix-v1/A02-baseline/build/tcp_in.o,
by_pc,2147508092,10,210,420,430,10,10,80,0,110,tcp_receive,/Users/swchen.tw/git/percepio/poc/runs/tcp-workload-matrix-v1/A02-baseline/build/tcp_in.o,
by_pc,2147508096,10,308,616,626,10,10,160,18,110,tcp_receive,/Users/swchen.tw/git/percepio/poc/runs/tcp-workload-matrix-v1/A02-baseline/build/tcp_in.o,
by_pc,2147508098,10,10,20,30,10,0,0,0,0,tcp_receive,/Users/swchen.tw/git/percepio/poc/runs/tcp-workload-matrix-v1/A02-baseline/build/tcp_in.o,
by_pc,2147508100,10,10,20,30,10,0,0,0,0,tcp_receive,/Users/swchen.tw/git/percepio/poc/runs/tcp-workload-matrix-v1/A02-baseline/build/tcp_in.o,
by_pc,2147508104,10,20,40,50,10,10,0,0,0,tcp_receive,/Users/swchen.tw/git/percepio/poc/runs/tcp-workload-matrix-v1/A02-baseline/build/tcp_in.o,
by_pc,2147508108,10,20,40,50,10,10,0,0,0,tcp_receive,/Users/swchen.tw/git/percepio/poc/runs/tcp-workload-matrix-v1/A02-baseline/build/tcp_in.o,
by_pc,2147508112,10,10,20,30,10,0,0,0,0,tcp_receive,/Users/swchen.tw/git/percepio/poc/runs/tcp-workload-matrix-v1/A02-baseline/build/tcp_in.o,
by_pc,2147508114,10,10,20,30,10,0,0,0,0,tcp_receive,/Users/swchen.tw/git/percepio/poc/runs/tcp-workload-matrix-v1/A02-baseline/build/tcp_in.o,
by_pc,2147508116,10,10,20,30,10,0,0,0,0,tcp_receive,/Users/swchen.tw/git/percepio/poc/runs/tcp-workload-matrix-v1/A02-baseline/build/tcp_in.o,
by_pc,2147508118,10,10,20,30,10,0,0,0,0,tcp_receive,/Users/swchen.tw/git/percepio/poc/runs/tcp-workload-matrix-v1/A02-baseline/build/tcp_in.o,
by_pc,2147508122,2,4,8,10,2,2,0,0,0,tcp_receive,/Users/swchen.tw/git/percepio/poc/runs/tcp-workload-matrix-v1/A02-baseline/build/tcp_in.o,
by_pc,2147508126,2,4,8,10,2,2,0,0,0,tcp_receive,/Users/swchen.tw/git/percepio/poc/runs/tcp-workload-matrix-v1/A02-baseline/build/tcp_in.o,
by_pc,2147508130,2,2,4,6,2,0,0,0,0,tcp_receive,/Users/swchen.tw/git/percepio/poc/runs/tcp-workload-matrix-v1/A02-baseline/build/tcp_in.o,
by_pc,2147508132,2,2,4,6,2,0,0,0,0,tcp_receive,/Users/swchen.tw/git/percepio/poc/runs/tcp-workload-matrix-v1/A02-baseline/build/tcp_in.o,
by_pc,2147508134,2,2,4,6,2,0,0,0,0,tcp_receive,/Users/swchen.tw/git/percepio/poc/runs/tcp-workload-matrix-v1/A02-baseline/build/tcp_in.o,
by_pc,2147508138,2,2,4,6,2,0,0,0,0,tcp_receive,/Users/swchen.tw/git/percepio/poc/runs/tcp-workload-matrix-v1/A02-baseline/build/tcp_in.o,
by_pc,2147508140,2,2,4,6,2,0,0,0,0,tcp_receive,/Users/swchen.tw/git/percepio/poc/runs/tcp-workload-matrix-v1/A02-baseline/build/tcp_in.o,
by_pc,2147508144,2,2,4,6,2,0,0,0,0,tcp_receive,/Users/swchen.tw/git/percepio/poc/runs/tcp-workload-matrix-v1/A02-baseline/build/tcp_in.o,
by_pc,2147508146,2,2,4,6,2,0,0,0,0,tcp_receive,/Users/swchen.tw/git/percepio/poc/runs/tcp-workload-matrix-v1/A02-baseline/build/tcp_in.o,
by_pc,2147508148,2,2,4,6,2,0,0,0,0,tcp_receive,/Users/swchen.tw/git/percepio/poc/runs/tcp-workload-matrix-v1/A02-baseline/build/tcp_in.o,
by_pc,2147508150,2,2,4,6,2,0,0,0,0,tcp_receive,/Users/swchen.tw/git/percepio/poc/runs/tcp-workload-matrix-v1/A02-baseline/build/tcp_in.o,
by_pc,2147508154,2,2,4,6,2,0,0,0,0,tcp_receive,/Users/swchen.tw/git/percepio/poc/runs/tcp-workload-matrix-v1/A02-baseline/build/tcp_in.o,
by_pc,2147508156,2,2,4,6,2,0,0,0,0,tcp_receive,/Users/swchen.tw/git/percepio/poc/runs/tcp-workload-matrix-v1/A02-baseline/build/tcp_in.o,
by_pc,2147508160,3,37,74,77,3,0,16,18,0,tcp_receive,/Users/swchen.tw/git/percepio/poc/runs/tcp-workload-matrix-v1/A02-baseline/build/tcp_in.o,
by_pc,2147508162,3,3,6,9,3,0,0,0,0,tcp_receive,/Users/swchen.tw/git/percepio/poc/runs/tcp-workload-matrix-v1/A02-baseline/build/tcp_in.o,
by_pc,2147508164,3,3,6,9,3,0,0,0,0,tcp_receive,/Users/swchen.tw/git/percepio/poc/runs/tcp-workload-matrix-v1/A02-baseline/build/tcp_in.o,
by_pc,2147508170,3,63,126,129,3,3,24,0,33,tcp_receive,/Users/swchen.tw/git/percepio/poc/runs/tcp-workload-matrix-v1/A02-baseline/build/tcp_in.o,
by_pc,2147508174,3,3,6,9,3,0,0,0,0,tcp_receive,/Users/swchen.tw/git/percepio/poc/runs/tcp-workload-matrix-v1/A02-baseline/build/tcp_in.o,
by_pc,2147508198,10,20,40,50,10,10,0,0,0,tcp_receive,/Users/swchen.tw/git/percepio/poc/runs/tcp-workload-matrix-v1/A02-baseline/build/tcp_in.o,
by_pc,2147508200,10,10,20,30,10,0,0,0,0,tcp_receive,/Users/swchen.tw/git/percepio/poc/runs/tcp-workload-matrix-v1/A02-baseline/build/tcp_in.o,
by_pc,2147508202,10,10,20,30,10,0,0,0,0,tcp_receive,/Users/swchen.tw/git/percepio/poc/runs/tcp-workload-matrix-v1/A02-baseline/build/tcp_in.o,
by_pc,2147506938,20,118,236,256,20,0,80,18,0,tcp_free_acked_segments.isra.0,/Users/swchen.tw/git/percepio/poc/runs/tcp-workload-matrix-v1/A02-baseline/build/tcp_in.o,
by_pc,2147506940,20,420,840,860,20,20,160,0,220,tcp_free_acked_segments.isra.0,/Users/swchen.tw/git/percepio/poc/runs/tcp-workload-matrix-v1/A02-baseline/build/tcp_in.o,
by_pc,2147506942,20,420,840,860,20,20,160,0,220,tcp_free_acked_segments.isra.0,/Users/swchen.tw/git/percepio/poc/runs/tcp-workload-matrix-v1/A02-baseline/build/tcp_in.o,
by_pc,2147506944,20,518,1036,1056,20,20,240,18,220,tcp_free_acked_segments.isra.0,/Users/swchen.tw/git/percepio/poc/runs/tcp-workload-matrix-v1/A02-baseline/build/tcp_in.o,
by_pc,2147506946,20,420,840,860,20,20,160,0,220,tcp_free_acked_segments.isra.0,/Users/swchen.tw/git/percepio/poc/runs/tcp-workload-matrix-v1/A02-baseline/build/tcp_in.o,
by_pc,2147506948,20,420,840,860,20,20,160,0,220,tcp_free_acked_segments.isra.0,/Users/swchen.tw/git/percepio/poc/runs/tcp-workload-matrix-v1/A02-baseline/build/tcp_in.o,
by_pc,2147506950,20,420,840,860,20,20,160,0,220,tcp_free_acked_segments.isra.0,/Users/swchen.tw/git/percepio/poc/runs/tcp-workload-matrix-v1/A02-baseline/build/tcp_in.o,
by_pc,2147506952,20,420,840,860,20,20,160,0,220,tcp_free_acked_segments.isra.0,/Users/swchen.tw/git/percepio/poc/runs/tcp-workload-matrix-v1/A02-baseline/build/tcp_in.o,
by_pc,2147506954,20,20,40,60,20,0,0,0,0,tcp_free_acked_segments.isra.0,/Users/swchen.tw/git/percepio/poc/runs/tcp-workload-matrix-v1/A02-baseline/build/tcp_in.o,
by_pc,2147506956,20,20,40,60,20,0,0,0,0,tcp_free_acked_segments.isra.0,/Users/swchen.tw/git/percepio/poc/runs/tcp-workload-matrix-v1/A02-baseline/build/tcp_in.o,
by_pc,2147506958,30,30,60,90,30,0,0,0,0,tcp_free_acked_segments.isra.0,/Users/swchen.tw/git/percepio/poc/runs/tcp-workload-matrix-v1/A02-baseline/build/tcp_in.o,
by_pc,2147506960,10,20,40,50,10,10,0,0,0,tcp_free_acked_segments.isra.0,/Users/swchen.tw/git/percepio/poc/runs/tcp-workload-matrix-v1/A02-baseline/build/tcp_in.o,
by_pc,2147506962,10,20,40,50,10,10,0,0,0,tcp_free_acked_segments.isra.0,/Users/swchen.tw/git/percepio/poc/runs/tcp-workload-matrix-v1/A02-baseline/build/tcp_in.o,
by_pc,2147506966,10,20,40,50,10,10,0,0,0,tcp_free_acked_segments.isra.0,/Users/swchen.tw/git/percepio/poc/runs/tcp-workload-matrix-v1/A02-baseline/build/tcp_in.o,
by_pc,2147506970,10,20,40,50,10,10,0,0,0,tcp_free_acked_segments.isra.0,/Users/swchen.tw/git/percepio/poc/runs/tcp-workload-matrix-v1/A02-baseline/build/tcp_in.o,
by_pc,2147506974,10,20,40,50,10,10,0,0,0,tcp_free_acked_segments.isra.0,/Users/swchen.tw/git/percepio/poc/runs/tcp-workload-matrix-v1/A02-baseline/build/tcp_in.o,
by_pc,2147506978,10,10,20,30,10,0,0,0,0,tcp_free_acked_segments.isra.0,/Users/swchen.tw/git/percepio/poc/runs/tcp-workload-matrix-v1/A02-baseline/build/tcp_in.o,
by_pc,2147506980,10,10,20,30,10,0,0,0,0,tcp_free_acked_segments.isra.0,/Users/swchen.tw/git/percepio/poc/runs/tcp-workload-matrix-v1/A02-baseline/build/tcp_in.o,
by_pc,2147506982,10,20,40,50,10,10,0,0,0,tcp_free_acked_segments.isra.0,/Users/swchen.tw/git/percepio/poc/runs/tcp-workload-matrix-v1/A02-baseline/build/tcp_in.o,
by_pc,2147506986,10,10,20,30,10,0,0,0,0,tcp_free_acked_segments.isra.0,/Users/swchen.tw/git/percepio/poc/runs/tcp-workload-matrix-v1/A02-baseline/build/tcp_in.o,
by_pc,2147506988,10,10,20,30,10,0,0,0,0,tcp_free_acked_segments.isra.0,/Users/swchen.tw/git/percepio/poc/runs/tcp-workload-matrix-v1/A02-baseline/build/tcp_in.o,
by_pc,2147506990,10,10,20,30,10,0,0,0,0,tcp_free_acked_segments.isra.0,/Users/swchen.tw/git/percepio/poc/runs/tcp-workload-matrix-v1/A02-baseline/build/tcp_in.o,
by_pc,2147506992,10,10,20,30,10,0,0,0,0,tcp_free_acked_segments.isra.0,/Users/swchen.tw/git/percepio/poc/runs/tcp-workload-matrix-v1/A02-baseline/build/tcp_in.o,
by_pc,2147506994,10,10,20,30,10,0,0,0,0,tcp_free_acked_segments.isra.0,/Users/swchen.tw/git/percepio/poc/runs/tcp-workload-matrix-v1/A02-baseline/build/tcp_in.o,
by_pc,2147506998,10,20,40,50,10,10,0,0,0,tcp_free_acked_segments.isra.0,/Users/swchen.tw/git/percepio/poc/runs/tcp-workload-matrix-v1/A02-baseline/build/tcp_in.o,
by_pc,2147507000,10,10,20,30,10,0,0,0,0,tcp_free_acked_segments.isra.0,/Users/swchen.tw/git/percepio/poc/runs/tcp-workload-matrix-v1/A02-baseline/build/tcp_in.o,
by_pc,2147507002,10,20,40,50,10,10,0,0,0,tcp_free_acked_segments.isra.0,/Users/swchen.tw/git/percepio/poc/runs/tcp-workload-matrix-v1/A02-baseline/build/tcp_in.o,
by_pc,2147507006,10,72,144,154,20,10,24,18,0,tcp_free_acked_segments.isra.0,/Users/swchen.tw/git/percepio/poc/runs/tcp-workload-matrix-v1/A02-baseline/build/tcp_in.o,
by_pc,2147507010,10,20,40,50,10,10,0,0,0,tcp_free_acked_segments.isra.0,/Users/swchen.tw/git/percepio/poc/runs/tcp-workload-matrix-v1/A02-baseline/build/tcp_in.o,
by_pc,2147507014,10,10,20,30,10,0,0,0,0,tcp_free_acked_segments.isra.0,/Users/swchen.tw/git/percepio/poc/runs/tcp-workload-matrix-v1/A02-baseline/build/tcp_in.o,
by_pc,2147507018,10,10,20,30,10,0,0,0,0,tcp_free_acked_segments.isra.0,/Users/swchen.tw/git/percepio/poc/runs/tcp-workload-matrix-v1/A02-baseline/build/tcp_in.o,
by_pc,2147507022,10,10,20,30,10,0,0,0,0,tcp_free_acked_segments.isra.0,/Users/swchen.tw/git/percepio/poc/runs/tcp-workload-matrix-v1/A02-baseline/build/tcp_in.o,
by_pc,2147507024,10,10,20,30,10,0,0,0,0,tcp_free_acked_segments.isra.0,/Users/swchen.tw/git/percepio/poc/runs/tcp-workload-matrix-v1/A02-baseline/build/tcp_in.o,
by_pc,2147507026,10,10,20,30,10,0,0,0,0,tcp_free_acked_segments.isra.0,/Users/swchen.tw/git/percepio/poc/runs/tcp-workload-matrix-v1/A02-baseline/build/tcp_in.o,
by_pc,2147507030,10,10,20,30,10,0,0,0,0,tcp_free_acked_segments.isra.0,/Users/swchen.tw/git/percepio/poc/runs/tcp-workload-matrix-v1/A02-baseline/build/tcp_in.o,
by_pc,2147507032,10,10,20,30,10,0,0,0,0,tcp_free_acked_segments.isra.0,/Users/swchen.tw/git/percepio/poc/runs/tcp-workload-matrix-v1/A02-baseline/build/tcp_in.o,
by_pc,2147507036,10,10,20,30,10,0,0,0,0,tcp_free_acked_segments.isra.0,/Users/swchen.tw/git/percepio/poc/runs/tcp-workload-matrix-v1/A02-baseline/build/tcp_in.o,
by_pc,2147507038,10,10,20,30,10,0,0,0,0,tcp_free_acked_segments.isra.0,/Users/swchen.tw/git/percepio/poc/runs/tcp-workload-matrix-v1/A02-baseline/build/tcp_in.o,
by_pc,2147507062,10,20,40,50,10,10,0,0,0,tcp_free_acked_segments.isra.0,/Users/swchen.tw/git/percepio/poc/runs/tcp-workload-matrix-v1/A02-baseline/build/tcp_in.o,
by_pc,2147507064,10,20,40,50,10,10,0,0,0,tcp_free_acked_segments.isra.0,/Users/swchen.tw/git/percepio/poc/runs/tcp-workload-matrix-v1/A02-baseline/build/tcp_in.o,
by_pc,2147507066,10,10,20,30,10,0,0,0,0,tcp_free_acked_segments.isra.0,/Users/swchen.tw/git/percepio/poc/runs/tcp-workload-matrix-v1/A02-baseline/build/tcp_in.o,
by_pc,2147507070,10,30,60,70,20,10,0,0,0,tcp_free_acked_segments.isra.0,/Users/swchen.tw/git/percepio/poc/runs/tcp-workload-matrix-v1/A02-baseline/build/tcp_in.o,
by_pc,2147507074,10,20,40,50,10,10,0,0,0,tcp_free_acked_segments.isra.0,/Users/swchen.tw/git/percepio/poc/runs/tcp-workload-matrix-v1/A02-baseline/build/tcp_in.o,
by_pc,2147507078,10,10,20,30,10,0,0,0,0,tcp_free_acked_segments.isra.0,/Users/swchen.tw/git/percepio/poc/runs/tcp-workload-matrix-v1/A02-baseline/build/tcp_in.o,
by_pc,2147507080,10,210,420,430,10,10,80,0,110,tcp_free_acked_segments.isra.0,/Users/swchen.tw/git/percepio/poc/runs/tcp-workload-matrix-v1/A02-baseline/build/tcp_in.o,
by_pc,2147507084,10,20,40,50,10,10,0,0,0,tcp_free_acked_segments.isra.0,/Users/swchen.tw/git/percepio/poc/runs/tcp-workload-matrix-v1/A02-baseline/build/tcp_in.o,
by_pc,2147507088,10,10,20,30,10,0,0,0,0,tcp_free_acked_segments.isra.0,/Users/swchen.tw/git/percepio/poc/runs/tcp-workload-matrix-v1/A02-baseline/build/tcp_in.o,
by_pc,2147507090,10,10,20,30,10,0,0,0,0,tcp_free_acked_segments.isra.0,/Users/swchen.tw/git/percepio/poc/runs/tcp-workload-matrix-v1/A02-baseline/build/tcp_in.o,
by_pc,2147507092,10,10,20,30,10,0,0,0,0,tcp_free_acked_segments.isra.0,/Users/swchen.tw/git/percepio/poc/runs/tcp-workload-matrix-v1/A02-baseline/build/tcp_in.o,
by_pc,2147507094,10,210,420,430,10,10,80,0,110,tcp_free_acked_segments.isra.0,/Users/swchen.tw/git/percepio/poc/runs/tcp-workload-matrix-v1/A02-baseline/build/tcp_in.o,
by_pc,2147507098,10,10,20,30,10,0,0,0,0,tcp_free_acked_segments.isra.0,/Users/swchen.tw/git/percepio/poc/runs/tcp-workload-matrix-v1/A02-baseline/build/tcp_in.o,
by_pc,2147503582,10,126,252,262,10,0,80,36,0,tcp_seg_free,/Users/swchen.tw/git/percepio/poc/runs/tcp-workload-matrix-v1/A02-baseline/build/tcp.o,
by_pc,2147503584,10,10,20,30,10,0,0,0,0,tcp_seg_free,/Users/swchen.tw/git/percepio/poc/runs/tcp-workload-matrix-v1/A02-baseline/build/tcp.o,
by_pc,2147503586,10,20,40,50,10,10,0,0,0,tcp_seg_free,/Users/swchen.tw/git/percepio/poc/runs/tcp-workload-matrix-v1/A02-baseline/build/tcp.o,
by_pc,2147503588,10,10,20,30,10,0,0,0,0,tcp_seg_free,/Users/swchen.tw/git/percepio/poc/runs/tcp-workload-matrix-v1/A02-baseline/build/tcp.o,
by_pc,2147503590,10,10,20,30,10,0,0,0,0,tcp_seg_free,/Users/swchen.tw/git/percepio/poc/runs/tcp-workload-matrix-v1/A02-baseline/build/tcp.o,
by_pc,2147503592,10,210,420,430,10,10,80,0,110,tcp_seg_free,/Users/swchen.tw/git/percepio/poc/runs/tcp-workload-matrix-v1/A02-baseline/build/tcp.o,
by_pc,2147503594,10,228,456,466,10,10,80,18,110,tcp_seg_free,/Users/swchen.tw/git/percepio/poc/runs/tcp-workload-matrix-v1/A02-baseline/build/tcp.o,
by_pc,2147503596,10,10,20,30,10,0,0,0,0,tcp_seg_free,/Users/swchen.tw/git/percepio/poc/runs/tcp-workload-matrix-v1/A02-baseline/build/tcp.o,
by_pc,2147500466,17,17,34,51,17,0,0,0,0,mem_free,/Users/swchen.tw/git/percepio/poc/runs/tcp-workload-matrix-v1/A02-baseline/build/mem.o,
by_pc,2147500468,17,34,68,85,17,17,0,0,0,mem_free,/Users/swchen.tw/git/percepio/poc/runs/tcp-workload-matrix-v1/A02-baseline/build/mem.o,
by_pc,2147500472,17,17,34,51,17,0,0,0,0,mem_free,/Users/swchen.tw/git/percepio/poc/runs/tcp-workload-matrix-v1/A02-baseline/build/mem.o,
by_pc,2147500476,17,17,34,51,17,0,0,0,0,mem_free,/Users/swchen.tw/git/percepio/poc/runs/tcp-workload-matrix-v1/A02-baseline/build/mem.o,
by_pc,2147500380,14,14,28,42,14,0,0,0,0,mem_free,/Users/swchen.tw/git/percepio/poc/runs/tcp-workload-matrix-v1/A02-baseline/build/mem.o,
by_pc,2147500384,14,28,56,70,14,14,0,0,0,mem_free,/Users/swchen.tw/git/percepio/poc/runs/tcp-workload-matrix-v1/A02-baseline/build/mem.o,
by_pc,2147500388,14,14,28,42,14,0,0,0,0,mem_free,/Users/swchen.tw/git/percepio/poc/runs/tcp-workload-matrix-v1/A02-baseline/build/mem.o,
by_pc,2147500394,14,28,56,70,14,14,0,0,0,mem_free,/Users/swchen.tw/git/percepio/poc/runs/tcp-workload-matrix-v1/A02-baseline/build/mem.o,
by_pc,2147500398,14,14,28,42,14,0,0,0,0,mem_free,/Users/swchen.tw/git/percepio/poc/runs/tcp-workload-matrix-v1/A02-baseline/build/mem.o,
by_pc,2147500400,14,294,588,602,14,14,112,0,154,mem_free,/Users/swchen.tw/git/percepio/poc/runs/tcp-workload-matrix-v1/A02-baseline/build/mem.o,
by_pc,2147500404,14,14,28,42,14,0,0,0,0,mem_free,/Users/swchen.tw/git/percepio/poc/runs/tcp-workload-matrix-v1/A02-baseline/build/mem.o,
by_pc,2147500426,17,34,68,85,17,17,0,0,0,mem_free,/Users/swchen.tw/git/percepio/poc/runs/tcp-workload-matrix-v1/A02-baseline/build/mem.o,
by_pc,2147500430,17,17,34,51,17,0,0,0,0,mem_free,/Users/swchen.tw/git/percepio/poc/runs/tcp-workload-matrix-v1/A02-baseline/build/mem.o,
by_pc,2147503600,10,20,40,50,10,10,0,0,0,tcp_seg_free,/Users/swchen.tw/git/percepio/poc/runs/tcp-workload-matrix-v1/A02-baseline/build/tcp.o,
by_pc,2147503602,10,20,40,50,10,10,0,0,0,tcp_seg_free,/Users/swchen.tw/git/percepio/poc/runs/tcp-workload-matrix-v1/A02-baseline/build/tcp.o,
by_pc,2147503604,10,10,20,30,10,0,0,0,0,tcp_seg_free,/Users/swchen.tw/git/percepio/poc/runs/tcp-workload-matrix-v1/A02-baseline/build/tcp.o,
by_pc,2147503606,10,10,20,30,10,0,0,0,0,tcp_seg_free,/Users/swchen.tw/git/percepio/poc/runs/tcp-workload-matrix-v1/A02-baseline/build/tcp.o,
by_pc,2147503608,10,10,20,30,10,0,0,0,0,tcp_seg_free,/Users/swchen.tw/git/percepio/poc/runs/tcp-workload-matrix-v1/A02-baseline/build/tcp.o,
by_pc,2147507102,10,10,20,30,10,0,0,0,0,tcp_free_acked_segments.isra.0,/Users/swchen.tw/git/percepio/poc/runs/tcp-workload-matrix-v1/A02-baseline/build/tcp_in.o,
by_pc,2147507042,20,40,80,100,20,20,0,0,0,tcp_free_acked_segments.isra.0,/Users/swchen.tw/git/percepio/poc/runs/tcp-workload-matrix-v1/A02-baseline/build/tcp_in.o,
by_pc,2147507044,20,20,40,60,20,0,0,0,0,tcp_free_acked_segments.isra.0,/Users/swchen.tw/git/percepio/poc/runs/tcp-workload-matrix-v1/A02-baseline/build/tcp_in.o,
by_pc,2147507046,20,40,80,100,20,20,0,0,0,tcp_free_acked_segments.isra.0,/Users/swchen.tw/git/percepio/poc/runs/tcp-workload-matrix-v1/A02-baseline/build/tcp_in.o,
by_pc,2147507048,20,40,80,100,20,20,0,0,0,tcp_free_acked_segments.isra.0,/Users/swchen.tw/git/percepio/poc/runs/tcp-workload-matrix-v1/A02-baseline/build/tcp_in.o,
by_pc,2147507050,20,40,80,100,20,20,0,0,0,tcp_free_acked_segments.isra.0,/Users/swchen.tw/git/percepio/poc/runs/tcp-workload-matrix-v1/A02-baseline/build/tcp_in.o,
by_pc,2147507052,20,40,80,100,20,20,0,0,0,tcp_free_acked_segments.isra.0,/Users/swchen.tw/git/percepio/poc/runs/tcp-workload-matrix-v1/A02-baseline/build/tcp_in.o,
by_pc,2147507054,20,40,80,100,20,20,0,0,0,tcp_free_acked_segments.isra.0,/Users/swchen.tw/git/percepio/poc/runs/tcp-workload-matrix-v1/A02-baseline/build/tcp_in.o,
by_pc,2147507056,20,40,80,100,20,20,0,0,0,tcp_free_acked_segments.isra.0,/Users/swchen.tw/git/percepio/poc/runs/tcp-workload-matrix-v1/A02-baseline/build/tcp_in.o,
by_pc,2147507058,20,20,40,60,20,0,0,0,0,tcp_free_acked_segments.isra.0,/Users/swchen.tw/git/percepio/poc/runs/tcp-workload-matrix-v1/A02-baseline/build/tcp_in.o,
by_pc,2147507060,20,20,40,60,20,0,0,0,0,tcp_free_acked_segments.isra.0,/Users/swchen.tw/git/percepio/poc/runs/tcp-workload-matrix-v1/A02-baseline/build/tcp_in.o,
by_pc,2147508206,10,20,40,50,10,10,0,0,0,tcp_receive,/Users/swchen.tw/git/percepio/poc/runs/tcp-workload-matrix-v1/A02-baseline/build/tcp_in.o,
by_pc,2147508208,10,210,420,430,10,10,80,0,110,tcp_receive,/Users/swchen.tw/git/percepio/poc/runs/tcp-workload-matrix-v1/A02-baseline/build/tcp_in.o,
by_pc,2147508210,10,10,20,30,10,0,0,0,0,tcp_receive,/Users/swchen.tw/git/percepio/poc/runs/tcp-workload-matrix-v1/A02-baseline/build/tcp_in.o,
by_pc,2147508212,10,10,20,30,10,0,0,0,0,tcp_receive,/Users/swchen.tw/git/percepio/poc/runs/tcp-workload-matrix-v1/A02-baseline/build/tcp_in.o,
by_pc,2147508216,10,20,40,50,10,10,0,0,0,tcp_receive,/Users/swchen.tw/git/percepio/poc/runs/tcp-workload-matrix-v1/A02-baseline/build/tcp_in.o,
by_pc,2147508218,10,20,40,50,10,10,0,0,0,tcp_receive,/Users/swchen.tw/git/percepio/poc/runs/tcp-workload-matrix-v1/A02-baseline/build/tcp_in.o,
by_pc,2147508222,10,210,420,430,10,10,80,0,110,tcp_receive,/Users/swchen.tw/git/percepio/poc/runs/tcp-workload-matrix-v1/A02-baseline/build/tcp_in.o,
by_pc,2147508224,10,126,252,262,10,0,80,36,0,tcp_receive,/Users/swchen.tw/git/percepio/poc/runs/tcp-workload-matrix-v1/A02-baseline/build/tcp_in.o,
by_pc,2147508228,10,10,20,30,10,0,0,0,0,tcp_receive,/Users/swchen.tw/git/percepio/poc/runs/tcp-workload-matrix-v1/A02-baseline/build/tcp_in.o,
by_pc,2147508232,10,210,420,430,10,10,80,0,110,tcp_receive,/Users/swchen.tw/git/percepio/poc/runs/tcp-workload-matrix-v1/A02-baseline/build/tcp_in.o,
by_pc,2147508236,10,20,40,50,10,10,0,0,0,tcp_receive,/Users/swchen.tw/git/percepio/poc/runs/tcp-workload-matrix-v1/A02-baseline/build/tcp_in.o,
by_pc,2147508240,10,210,420,430,10,10,80,0,110,tcp_receive,/Users/swchen.tw/git/percepio/poc/runs/tcp-workload-matrix-v1/A02-baseline/build/tcp_in.o,
by_pc,2147508244,10,10,20,30,10,0,0,0,0,tcp_receive,/Users/swchen.tw/git/percepio/poc/runs/tcp-workload-matrix-v1/A02-baseline/build/tcp_in.o,
by_pc,2147508246,10,210,420,430,10,10,80,0,110,tcp_receive,/Users/swchen.tw/git/percepio/poc/runs/tcp-workload-matrix-v1/A02-baseline/build/tcp_in.o,
by_pc,2147508250,10,20,40,50,10,10,0,0,0,tcp_receive,/Users/swchen.tw/git/percepio/poc/runs/tcp-workload-matrix-v1/A02-baseline/build/tcp_in.o,
by_pc,2147508254,10,10,20,30,10,0,0,0,0,tcp_receive,/Users/swchen.tw/git/percepio/poc/runs/tcp-workload-matrix-v1/A02-baseline/build/tcp_in.o,
by_pc,2147508258,10,10,20,30,10,0,0,0,0,tcp_receive,/Users/swchen.tw/git/percepio/poc/runs/tcp-workload-matrix-v1/A02-baseline/build/tcp_in.o,
by_pc,2147507350,13,60,120,133,13,13,16,18,0,tcp_receive,/Users/swchen.tw/git/percepio/poc/runs/tcp-workload-matrix-v1/A02-baseline/build/tcp_in.o,
by_pc,2147507352,13,13,26,39,13,0,0,0,0,tcp_receive,/Users/swchen.tw/git/percepio/poc/runs/tcp-workload-matrix-v1/A02-baseline/build/tcp_in.o,
by_pc,2147507434,13,100,200,213,13,13,56,18,0,tcp_receive,/Users/swchen.tw/git/percepio/poc/runs/tcp-workload-matrix-v1/A02-baseline/build/tcp_in.o,
by_pc,2147507438,13,26,52,65,13,13,0,0,0,tcp_receive,/Users/swchen.tw/git/percepio/poc/runs/tcp-workload-matrix-v1/A02-baseline/build/tcp_in.o,
by_pc,2147507442,13,26,52,65,13,13,0,0,0,tcp_receive,/Users/swchen.tw/git/percepio/poc/runs/tcp-workload-matrix-v1/A02-baseline/build/tcp_in.o,
by_pc,2147507444,13,13,26,39,13,0,0,0,0,tcp_receive,/Users/swchen.tw/git/percepio/poc/runs/tcp-workload-matrix-v1/A02-baseline/build/tcp_in.o,
by_pc,2147509490,10,108,216,226,10,0,80,18,0,tcp_receive,/Users/swchen.tw/git/percepio/poc/runs/tcp-workload-matrix-v1/A02-baseline/build/tcp_in.o,
by_pc,2147509494,10,10,20,30,10,0,0,0,0,tcp_receive,/Users/swchen.tw/git/percepio/poc/runs/tcp-workload-matrix-v1/A02-baseline/build/tcp_in.o,
by_pc,2147509498,10,10,20,30,10,0,0,0,0,tcp_receive,/Users/swchen.tw/git/percepio/poc/runs/tcp-workload-matrix-v1/A02-baseline/build/tcp_in.o,
by_pc,2147509500,10,20,40,50,10,10,0,0,0,tcp_receive,/Users/swchen.tw/git/percepio/poc/runs/tcp-workload-matrix-v1/A02-baseline/build/tcp_in.o,
by_pc,2147509504,10,10,20,30,10,0,0,0,0,tcp_receive,/Users/swchen.tw/git/percepio/poc/runs/tcp-workload-matrix-v1/A02-baseline/build/tcp_in.o,
by_pc,2147509506,10,10,20,30,10,0,0,0,0,tcp_receive,/Users/swchen.tw/git/percepio/poc/runs/tcp-workload-matrix-v1/A02-baseline/build/tcp_in.o,
by_pc,2147509508,10,10,20,30,10,0,0,0,0,tcp_receive,/Users/swchen.tw/git/percepio/poc/runs/tcp-workload-matrix-v1/A02-baseline/build/tcp_in.o,
by_pc,2147508866,13,124,248,261,13,13,80,18,0,tcp_receive,/Users/swchen.tw/git/percepio/poc/runs/tcp-workload-matrix-v1/A02-baseline/build/tcp_in.o,
by_pc,2147508868,13,26,52,65,13,13,0,0,0,tcp_receive,/Users/swchen.tw/git/percepio/poc/runs/tcp-workload-matrix-v1/A02-baseline/build/tcp_in.o,
by_pc,2147508870,13,26,52,65,13,13,0,0,0,tcp_receive,/Users/swchen.tw/git/percepio/poc/runs/tcp-workload-matrix-v1/A02-baseline/build/tcp_in.o,
by_pc,2147508872,13,26,52,65,13,13,0,0,0,tcp_receive,/Users/swchen.tw/git/percepio/poc/runs/tcp-workload-matrix-v1/A02-baseline/build/tcp_in.o,
by_pc,2147508874,13,26,52,65,13,13,0,0,0,tcp_receive,/Users/swchen.tw/git/percepio/poc/runs/tcp-workload-matrix-v1/A02-baseline/build/tcp_in.o,
by_pc,2147508876,13,26,52,65,13,13,0,0,0,tcp_receive,/Users/swchen.tw/git/percepio/poc/runs/tcp-workload-matrix-v1/A02-baseline/build/tcp_in.o,
by_pc,2147508878,13,26,52,65,13,13,0,0,0,tcp_receive,/Users/swchen.tw/git/percepio/poc/runs/tcp-workload-matrix-v1/A02-baseline/build/tcp_in.o,
by_pc,2147508880,13,26,52,65,13,13,0,0,0,tcp_receive,/Users/swchen.tw/git/percepio/poc/runs/tcp-workload-matrix-v1/A02-baseline/build/tcp_in.o,
by_pc,2147508882,13,13,26,39,13,0,0,0,0,tcp_receive,/Users/swchen.tw/git/percepio/poc/runs/tcp-workload-matrix-v1/A02-baseline/build/tcp_in.o,
by_pc,2147508884,13,13,26,39,13,0,0,0,0,tcp_receive,/Users/swchen.tw/git/percepio/poc/runs/tcp-workload-matrix-v1/A02-baseline/build/tcp_in.o,
by_pc,2147511886,1,2,4,5,1,1,0,0,0,tcp_input,/Users/swchen.tw/git/percepio/poc/runs/tcp-workload-matrix-v1/A02-baseline/build/tcp_in.o,
by_pc,2147511890,1,1,2,3,1,0,0,0,0,tcp_input,/Users/swchen.tw/git/percepio/poc/runs/tcp-workload-matrix-v1/A02-baseline/build/tcp_in.o,
by_pc,2147511898,1,2,4,5,1,1,0,0,0,tcp_input,/Users/swchen.tw/git/percepio/poc/runs/tcp-workload-matrix-v1/A02-baseline/build/tcp_in.o,
by_pc,2147511902,1,1,2,3,1,0,0,0,0,tcp_input,/Users/swchen.tw/git/percepio/poc/runs/tcp-workload-matrix-v1/A02-baseline/build/tcp_in.o,
by_pc,2147511904,1,1,2,3,1,0,0,0,0,tcp_input,/Users/swchen.tw/git/percepio/poc/runs/tcp-workload-matrix-v1/A02-baseline/build/tcp_in.o,
by_pc,2147511908,1,1,2,3,1,0,0,0,0,tcp_input,/Users/swchen.tw/git/percepio/poc/runs/tcp-workload-matrix-v1/A02-baseline/build/tcp_in.o,
by_pc,2147511912,1,1,2,3,1,0,0,0,0,tcp_input,/Users/swchen.tw/git/percepio/poc/runs/tcp-workload-matrix-v1/A02-baseline/build/tcp_in.o,
by_pc,2147511914,1,1,2,3,1,0,0,0,0,tcp_input,/Users/swchen.tw/git/percepio/poc/runs/tcp-workload-matrix-v1/A02-baseline/build/tcp_in.o,
by_pc,2147511916,1,1,2,3,1,0,0,0,0,tcp_input,/Users/swchen.tw/git/percepio/poc/runs/tcp-workload-matrix-v1/A02-baseline/build/tcp_in.o,
by_pc,2147511920,1,1,2,3,1,0,0,0,0,tcp_input,/Users/swchen.tw/git/percepio/poc/runs/tcp-workload-matrix-v1/A02-baseline/build/tcp_in.o,
by_pc,2147511922,1,1,2,3,1,0,0,0,0,tcp_input,/Users/swchen.tw/git/percepio/poc/runs/tcp-workload-matrix-v1/A02-baseline/build/tcp_in.o,
by_pc,2147511926,1,1,2,3,1,0,0,0,0,tcp_input,/Users/swchen.tw/git/percepio/poc/runs/tcp-workload-matrix-v1/A02-baseline/build/tcp_in.o,
by_pc,2147511928,1,1,2,3,1,0,0,0,0,tcp_input,/Users/swchen.tw/git/percepio/poc/runs/tcp-workload-matrix-v1/A02-baseline/build/tcp_in.o,
by_pc,2147511932,1,1,2,3,1,0,0,0,0,tcp_input,/Users/swchen.tw/git/percepio/poc/runs/tcp-workload-matrix-v1/A02-baseline/build/tcp_in.o,
by_pc,2147511938,1,47,94,95,1,1,16,18,11,tcp_input,/Users/swchen.tw/git/percepio/poc/runs/tcp-workload-matrix-v1/A02-baseline/build/tcp_in.o,
by_pc,2147511942,12,130,260,272,12,12,88,18,0,tcp_input,/Users/swchen.tw/git/percepio/poc/runs/tcp-workload-matrix-v1/A02-baseline/build/tcp_in.o,
by_pc,2147511946,12,12,24,36,12,0,0,0,0,tcp_input,/Users/swchen.tw/git/percepio/poc/runs/tcp-workload-matrix-v1/A02-baseline/build/tcp_in.o,
by_pc,2147511950,12,12,24,36,12,0,0,0,0,tcp_input,/Users/swchen.tw/git/percepio/poc/runs/tcp-workload-matrix-v1/A02-baseline/build/tcp_in.o,
by_pc,2147511350,13,26,52,65,13,13,0,0,0,tcp_input,/Users/swchen.tw/git/percepio/poc/runs/tcp-workload-matrix-v1/A02-baseline/build/tcp_in.o,
by_pc,2147511354,13,13,26,39,13,0,0,0,0,tcp_input,/Users/swchen.tw/git/percepio/poc/runs/tcp-workload-matrix-v1/A02-baseline/build/tcp_in.o,
by_pc,2147511356,13,13,26,39,13,0,0,0,0,tcp_input,/Users/swchen.tw/git/percepio/poc/runs/tcp-workload-matrix-v1/A02-baseline/build/tcp_in.o,
by_pc,2147512352,13,116,232,245,13,13,72,18,0,tcp_input,/Users/swchen.tw/git/percepio/poc/runs/tcp-workload-matrix-v1/A02-baseline/build/tcp_in.o,
by_pc,2147512356,13,13,26,39,13,0,0,0,0,tcp_input,/Users/swchen.tw/git/percepio/poc/runs/tcp-workload-matrix-v1/A02-baseline/build/tcp_in.o,
by_pc,2147512368,13,13,26,39,13,0,0,0,0,tcp_input,/Users/swchen.tw/git/percepio/poc/runs/tcp-workload-matrix-v1/A02-baseline/build/tcp_in.o,
by_pc,2147512370,13,13,26,39,13,0,0,0,0,tcp_input,/Users/swchen.tw/git/percepio/poc/runs/tcp-workload-matrix-v1/A02-baseline/build/tcp_in.o,
by_pc,2147506872,25,130,260,285,25,25,80,0,0,tcp_input_delayed_close,/Users/swchen.tw/git/percepio/poc/runs/tcp-workload-matrix-v1/A02-baseline/build/tcp_in.o,
by_pc,2147506876,25,25,50,75,25,0,0,0,0,tcp_input_delayed_close,/Users/swchen.tw/git/percepio/poc/runs/tcp-workload-matrix-v1/A02-baseline/build/tcp_in.o,
by_pc,2147506878,25,25,50,75,25,0,0,0,0,tcp_input_delayed_close,/Users/swchen.tw/git/percepio/poc/runs/tcp-workload-matrix-v1/A02-baseline/build/tcp_in.o,
by_pc,2147506934,24,48,96,120,24,0,24,0,0,tcp_input_delayed_close,/Users/swchen.tw/git/percepio/poc/runs/tcp-workload-matrix-v1/A02-baseline/build/tcp_in.o,
by_pc,2147506936,24,24,48,72,24,0,0,0,0,tcp_input_delayed_close,/Users/swchen.tw/git/percepio/poc/runs/tcp-workload-matrix-v1/A02-baseline/build/tcp_in.o,
by_pc,2147512374,13,13,26,39,13,0,0,0,0,tcp_input,/Users/swchen.tw/git/percepio/poc/runs/tcp-workload-matrix-v1/A02-baseline/build/tcp_in.o,
by_pc,2147512378,12,12,24,36,12,0,0,0,0,tcp_input,/Users/swchen.tw/git/percepio/poc/runs/tcp-workload-matrix-v1/A02-baseline/build/tcp_in.o,
by_pc,2147512382,12,24,48,60,12,12,0,0,0,tcp_input,/Users/swchen.tw/git/percepio/poc/runs/tcp-workload-matrix-v1/A02-baseline/build/tcp_in.o,
by_pc,2147512384,12,38,76,88,12,0,8,18,0,tcp_input,/Users/swchen.tw/git/percepio/poc/runs/tcp-workload-matrix-v1/A02-baseline/build/tcp_in.o,
by_pc,2147512444,12,24,48,60,12,12,0,0,0,tcp_input,/Users/swchen.tw/git/percepio/poc/runs/tcp-workload-matrix-v1/A02-baseline/build/tcp_in.o,
by_pc,2147512448,12,144,288,300,12,0,96,36,0,tcp_input,/Users/swchen.tw/git/percepio/poc/runs/tcp-workload-matrix-v1/A02-baseline/build/tcp_in.o,
by_pc,2147512452,12,12,24,36,12,0,0,0,0,tcp_input,/Users/swchen.tw/git/percepio/poc/runs/tcp-workload-matrix-v1/A02-baseline/build/tcp_in.o,
by_pc,2147512470,12,12,24,36,12,0,0,0,0,tcp_input,/Users/swchen.tw/git/percepio/poc/runs/tcp-workload-matrix-v1/A02-baseline/build/tcp_in.o,
by_pc,2147512472,12,252,504,516,12,12,96,0,132,tcp_input,/Users/swchen.tw/git/percepio/poc/runs/tcp-workload-matrix-v1/A02-baseline/build/tcp_in.o,
by_pc,2147512476,12,12,24,36,12,0,0,0,0,tcp_input,/Users/swchen.tw/git/percepio/poc/runs/tcp-workload-matrix-v1/A02-baseline/build/tcp_in.o,
by_pc,2147512480,12,12,24,36,12,0,0,0,0,tcp_input,/Users/swchen.tw/git/percepio/poc/runs/tcp-workload-matrix-v1/A02-baseline/build/tcp_in.o,
by_pc,2147512484,12,12,24,36,12,0,0,0,0,tcp_input,/Users/swchen.tw/git/percepio/poc/runs/tcp-workload-matrix-v1/A02-baseline/build/tcp_in.o,
by_pc,2147512486,12,12,24,36,12,0,0,0,0,tcp_input,/Users/swchen.tw/git/percepio/poc/runs/tcp-workload-matrix-v1/A02-baseline/build/tcp_in.o,
by_pc,2147515630,14,28,56,70,14,14,0,0,0,tcp_output,/Users/swchen.tw/git/percepio/poc/runs/tcp-workload-matrix-v1/A02-baseline/build/tcp_out.o,
by_pc,2147515634,14,14,28,42,14,0,0,0,0,tcp_output,/Users/swchen.tw/git/percepio/poc/runs/tcp-workload-matrix-v1/A02-baseline/build/tcp_out.o,
by_pc,2147515636,14,14,28,42,14,0,0,0,0,tcp_output,/Users/swchen.tw/git/percepio/poc/runs/tcp-workload-matrix-v1/A02-baseline/build/tcp_out.o,
by_pc,2147512490,12,12,24,36,12,0,0,0,0,tcp_input,/Users/swchen.tw/git/percepio/poc/runs/tcp-workload-matrix-v1/A02-baseline/build/tcp_in.o,
by_pc,2147510560,13,68,136,149,13,13,24,18,0,tcp_input,/Users/swchen.tw/git/percepio/poc/runs/tcp-workload-matrix-v1/A02-baseline/build/tcp_in.o,
by_pc,2147510564,13,273,546,559,13,13,104,0,143,tcp_input,/Users/swchen.tw/git/percepio/poc/runs/tcp-workload-matrix-v1/A02-baseline/build/tcp_in.o,
by_pc,2147510568,13,273,546,559,13,13,104,0,143,tcp_input,/Users/swchen.tw/git/percepio/poc/runs/tcp-workload-matrix-v1/A02-baseline/build/tcp_in.o,
by_pc,2147510572,13,13,26,39,13,0,0,0,0,tcp_input,/Users/swchen.tw/git/percepio/poc/runs/tcp-workload-matrix-v1/A02-baseline/build/tcp_in.o,
by_pc,2147510574,11,11,22,33,11,0,0,0,0,tcp_input,/Users/swchen.tw/git/percepio/poc/runs/tcp-workload-matrix-v1/A02-baseline/build/tcp_in.o,
by_pc,2147510578,11,11,22,33,11,0,0,0,0,tcp_input,/Users/swchen.tw/git/percepio/poc/runs/tcp-workload-matrix-v1/A02-baseline/build/tcp_in.o,
by_pc,2147510582,11,231,462,473,11,11,88,0,121,tcp_input,/Users/swchen.tw/git/percepio/poc/runs/tcp-workload-matrix-v1/A02-baseline/build/tcp_in.o,
by_pc,2147510586,13,26,52,65,13,13,0,0,0,tcp_input,/Users/swchen.tw/git/percepio/poc/runs/tcp-workload-matrix-v1/A02-baseline/build/tcp_in.o,
by_pc,2147510588,13,26,52,65,13,13,0,0,0,tcp_input,/Users/swchen.tw/git/percepio/poc/runs/tcp-workload-matrix-v1/A02-baseline/build/tcp_in.o,
by_pc,2147510590,13,26,52,65,13,13,0,0,0,tcp_input,/Users/swchen.tw/git/percepio/poc/runs/tcp-workload-matrix-v1/A02-baseline/build/tcp_in.o,
by_pc,2147510592,13,26,52,65,13,13,0,0,0,tcp_input,/Users/swchen.tw/git/percepio/poc/runs/tcp-workload-matrix-v1/A02-baseline/build/tcp_in.o,
by_pc,2147510594,13,26,52,65,13,13,0,0,0,tcp_input,/Users/swchen.tw/git/percepio/poc/runs/tcp-workload-matrix-v1/A02-baseline/build/tcp_in.o,
by_pc,2147510596,13,26,52,65,13,13,0,0,0,tcp_input,/Users/swchen.tw/git/percepio/poc/runs/tcp-workload-matrix-v1/A02-baseline/build/tcp_in.o,
by_pc,2147510598,13,26,52,65,13,13,0,0,0,tcp_input,/Users/swchen.tw/git/percepio/poc/runs/tcp-workload-matrix-v1/A02-baseline/build/tcp_in.o,
by_pc,2147510600,13,26,52,65,13,13,0,0,0,tcp_input,/Users/swchen.tw/git/percepio/poc/runs/tcp-workload-matrix-v1/A02-baseline/build/tcp_in.o,
by_pc,2147510602,13,26,52,65,13,13,0,0,0,tcp_input,/Users/swchen.tw/git/percepio/poc/runs/tcp-workload-matrix-v1/A02-baseline/build/tcp_in.o,
by_pc,2147510604,13,13,26,39,13,0,0,0,0,tcp_input,/Users/swchen.tw/git/percepio/poc/runs/tcp-workload-matrix-v1/A02-baseline/build/tcp_in.o,
by_pc,2147510606,13,13,26,39,13,0,0,0,0,tcp_input,/Users/swchen.tw/git/percepio/poc/runs/tcp-workload-matrix-v1/A02-baseline/build/tcp_in.o,
by_pc,2147497466,1,2,4,5,1,1,0,0,0,session_task,/Users/swchen.tw/git/percepio/poc/runs/tcp-workload-matrix-v1/A02-baseline/build/tcp_request_response_irq.o,
by_pc,2147497470,1,1,2,3,1,0,0,0,0,session_task,/Users/swchen.tw/git/percepio/poc/runs/tcp-workload-matrix-v1/A02-baseline/build/tcp_request_response_irq.o,
by_pc,2147497472,1,28,56,57,1,1,8,18,0,session_task,/Users/swchen.tw/git/percepio/poc/runs/tcp-workload-matrix-v1/A02-baseline/build/tcp_request_response_irq.o,
by_pc,2147497474,1,1,2,3,1,0,0,0,0,session_task,/Users/swchen.tw/git/percepio/poc/runs/tcp-workload-matrix-v1/A02-baseline/build/tcp_request_response_irq.o,
by_pc,2147497476,1,1,2,3,1,0,0,0,0,session_task,/Users/swchen.tw/git/percepio/poc/runs/tcp-workload-matrix-v1/A02-baseline/build/tcp_request_response_irq.o,
by_pc,2147497480,1,2,4,5,1,1,0,0,0,session_task,/Users/swchen.tw/git/percepio/poc/runs/tcp-workload-matrix-v1/A02-baseline/build/tcp_request_response_irq.o,
by_pc,2147497484,1,1,2,3,1,0,0,0,0,session_task,/Users/swchen.tw/git/percepio/poc/runs/tcp-workload-matrix-v1/A02-baseline/build/tcp_request_response_irq.o,
by_pc,2147497502,1,1,2,3,1,0,0,0,0,session_task,/Users/swchen.tw/git/percepio/poc/runs/tcp-workload-matrix-v1/A02-baseline/build/tcp_request_response_irq.o,
by_pc,2147497504,1,1,2,3,1,0,0,0,0,session_task,/Users/swchen.tw/git/percepio/poc/runs/tcp-workload-matrix-v1/A02-baseline/build/tcp_request_response_irq.o,
by_pc,2147497508,3,97,194,197,3,3,40,18,33,session_task,/Users/swchen.tw/git/percepio/poc/runs/tcp-workload-matrix-v1/A02-baseline/build/tcp_request_response_irq.o,
by_pc,2147497512,3,3,6,9,3,0,0,0,0,session_task,/Users/swchen.tw/git/percepio/poc/runs/tcp-workload-matrix-v1/A02-baseline/build/tcp_request_response_irq.o,
by_pc,2147497514,3,3,6,9,3,0,0,0,0,session_task,/Users/swchen.tw/git/percepio/poc/runs/tcp-workload-matrix-v1/A02-baseline/build/tcp_request_response_irq.o,
by_pc,2147498544,2,36,72,74,2,0,16,18,0,session_task,/Users/swchen.tw/git/percepio/poc/runs/tcp-workload-matrix-v1/A02-baseline/build/tcp_request_response_irq.o,
by_pc,2147498546,128,128,256,384,128,0,0,0,0,session_task,/Users/swchen.tw/git/percepio/poc/runs/tcp-workload-matrix-v1/A02-baseline/build/tcp_request_response_irq.o,
by_pc,2147498550,128,128,256,384,128,0,0,0,0,session_task,/Users/swchen.tw/git/percepio/poc/runs/tcp-workload-matrix-v1/A02-baseline/build/tcp_request_response_irq.o,
by_pc,2147498554,128,128,256,384,128,0,0,0,0,session_task,/Users/swchen.tw/git/percepio/poc/runs/tcp-workload-matrix-v1/A02-baseline/build/tcp_request_response_irq.o,
by_pc,2147498556,128,128,256,384,128,0,0,0,0,session_task,/Users/swchen.tw/git/percepio/poc/runs/tcp-workload-matrix-v1/A02-baseline/build/tcp_request_response_irq.o,
by_pc,2147498560,128,2750,5500,5628,128,128,1032,54,1408,session_task,/Users/swchen.tw/git/percepio/poc/runs/tcp-workload-matrix-v1/A02-baseline/build/tcp_request_response_irq.o,
by_pc,2147498564,128,128,256,384,128,0,0,0,0,session_task,/Users/swchen.tw/git/percepio/poc/runs/tcp-workload-matrix-v1/A02-baseline/build/tcp_request_response_irq.o,
by_pc,2147498566,128,128,256,384,128,0,0,0,0,session_task,/Users/swchen.tw/git/percepio/poc/runs/tcp-workload-matrix-v1/A02-baseline/build/tcp_request_response_irq.o,
by_pc,2147498570,128,128,256,384,128,0,0,0,0,session_task,/Users/swchen.tw/git/percepio/poc/runs/tcp-workload-matrix-v1/A02-baseline/build/tcp_request_response_irq.o,
by_pc,2147498574,2,4,8,10,2,2,0,0,0,session_task,/Users/swchen.tw/git/percepio/poc/runs/tcp-workload-matrix-v1/A02-baseline/build/tcp_request_response_irq.o,
by_pc,2147498576,2,4,8,10,2,2,0,0,0,session_task,/Users/swchen.tw/git/percepio/poc/runs/tcp-workload-matrix-v1/A02-baseline/build/tcp_request_response_irq.o,
by_pc,2147498578,2,2,4,6,2,0,0,0,0,session_task,/Users/swchen.tw/git/percepio/poc/runs/tcp-workload-matrix-v1/A02-baseline/build/tcp_request_response_irq.o,
by_pc,2147498582,2,2,4,6,2,0,0,0,0,session_task,/Users/swchen.tw/git/percepio/poc/runs/tcp-workload-matrix-v1/A02-baseline/build/tcp_request_response_irq.o,
by_pc,2147498586,2,2,4,6,2,0,0,0,0,session_task,/Users/swchen.tw/git/percepio/poc/runs/tcp-workload-matrix-v1/A02-baseline/build/tcp_request_response_irq.o,
by_pc,2147498590,2,2,4,6,2,0,0,0,0,session_task,/Users/swchen.tw/git/percepio/poc/runs/tcp-workload-matrix-v1/A02-baseline/build/tcp_request_response_irq.o,
by_pc,2147498594,2,2,4,6,2,0,0,0,0,session_task,/Users/swchen.tw/git/percepio/poc/runs/tcp-workload-matrix-v1/A02-baseline/build/tcp_request_response_irq.o,
by_pc,2147498596,2,2,4,6,2,0,0,0,0,session_task,/Users/swchen.tw/git/percepio/poc/runs/tcp-workload-matrix-v1/A02-baseline/build/tcp_request_response_irq.o,
by_pc,2147496682,2,2,4,6,2,0,0,0,0,inject,/Users/swchen.tw/git/percepio/poc/runs/tcp-workload-matrix-v1/A02-baseline/build/tcp_request_response_irq.o,
by_pc,2147496686,2,2,4,6,2,0,0,0,0,inject,/Users/swchen.tw/git/percepio/poc/runs/tcp-workload-matrix-v1/A02-baseline/build/tcp_request_response_irq.o,
by_pc,2147496688,2,2,4,6,2,0,0,0,0,inject,/Users/swchen.tw/git/percepio/poc/runs/tcp-workload-matrix-v1/A02-baseline/build/tcp_request_response_irq.o,
by_pc,2147496692,2,2,4,6,2,0,0,0,0,inject,/Users/swchen.tw/git/percepio/poc/runs/tcp-workload-matrix-v1/A02-baseline/build/tcp_request_response_irq.o,
by_pc,2147496756,2,4,8,10,2,2,0,0,0,inject,/Users/swchen.tw/git/percepio/poc/runs/tcp-workload-matrix-v1/A02-baseline/build/tcp_request_response_irq.o,
by_pc,2147496760,2,2,4,6,2,0,0,0,0,inject,/Users/swchen.tw/git/percepio/poc/runs/tcp-workload-matrix-v1/A02-baseline/build/tcp_request_response_irq.o,
by_pc,2147496764,2,2,4,6,2,0,0,0,0,inject,/Users/swchen.tw/git/percepio/poc/runs/tcp-workload-matrix-v1/A02-baseline/build/tcp_request_response_irq.o,
by_pc,2147496784,2,36,72,74,2,0,16,18,0,inject,/Users/swchen.tw/git/percepio/poc/runs/tcp-workload-matrix-v1/A02-baseline/build/tcp_request_response_irq.o,
by_pc,2147496788,2,2,4,6,2,0,0,0,0,inject,/Users/swchen.tw/git/percepio/poc/runs/tcp-workload-matrix-v1/A02-baseline/build/tcp_request_response_irq.o,
by_pc,2147496792,2,2,4,6,2,0,0,0,0,inject,/Users/swchen.tw/git/percepio/poc/runs/tcp-workload-matrix-v1/A02-baseline/build/tcp_request_response_irq.o,
by_pc,2147496794,2,2,4,6,2,0,0,0,0,inject,/Users/swchen.tw/git/percepio/poc/runs/tcp-workload-matrix-v1/A02-baseline/build/tcp_request_response_irq.o,
by_pc,2147496796,2,2,4,6,2,0,0,0,0,inject,/Users/swchen.tw/git/percepio/poc/runs/tcp-workload-matrix-v1/A02-baseline/build/tcp_request_response_irq.o,
by_pc,2147496798,2,2,4,6,2,0,0,0,0,inject,/Users/swchen.tw/git/percepio/poc/runs/tcp-workload-matrix-v1/A02-baseline/build/tcp_request_response_irq.o,
by_pc,2147496800,2,2,4,6,2,0,0,0,0,inject,/Users/swchen.tw/git/percepio/poc/runs/tcp-workload-matrix-v1/A02-baseline/build/tcp_request_response_irq.o,
by_pc,2147496804,2,2,4,6,2,0,0,0,0,inject,/Users/swchen.tw/git/percepio/poc/runs/tcp-workload-matrix-v1/A02-baseline/build/tcp_request_response_irq.o,
by_pc,2147496806,6,6,12,18,6,0,0,0,0,inject,/Users/swchen.tw/git/percepio/poc/runs/tcp-workload-matrix-v1/A02-baseline/build/tcp_request_response_irq.o,
by_pc,2147496808,6,6,12,18,6,0,0,0,0,inject,/Users/swchen.tw/git/percepio/poc/runs/tcp-workload-matrix-v1/A02-baseline/build/tcp_request_response_irq.o,
by_pc,2147496812,6,6,12,18,6,0,0,0,0,inject,/Users/swchen.tw/git/percepio/poc/runs/tcp-workload-matrix-v1/A02-baseline/build/tcp_request_response_irq.o,
by_pc,2147496816,6,6,12,18,6,0,0,0,0,inject,/Users/swchen.tw/git/percepio/poc/runs/tcp-workload-matrix-v1/A02-baseline/build/tcp_request_response_irq.o,
by_pc,2147496820,6,6,12,18,6,0,0,0,0,inject,/Users/swchen.tw/git/percepio/poc/runs/tcp-workload-matrix-v1/A02-baseline/build/tcp_request_response_irq.o,
by_pc,2147496822,6,6,12,18,6,0,0,0,0,inject,/Users/swchen.tw/git/percepio/poc/runs/tcp-workload-matrix-v1/A02-baseline/build/tcp_request_response_irq.o,
by_pc,2147496824,6,6,12,18,6,0,0,0,0,inject,/Users/swchen.tw/git/percepio/poc/runs/tcp-workload-matrix-v1/A02-baseline/build/tcp_request_response_irq.o,
by_pc,2147496828,6,6,12,18,6,0,0,0,0,inject,/Users/swchen.tw/git/percepio/poc/runs/tcp-workload-matrix-v1/A02-baseline/build/tcp_request_response_irq.o,
by_pc,2147496830,6,6,12,18,6,0,0,0,0,inject,/Users/swchen.tw/git/percepio/poc/runs/tcp-workload-matrix-v1/A02-baseline/build/tcp_request_response_irq.o,
by_pc,2147496848,6,32,64,70,6,0,8,18,0,inject,/Users/swchen.tw/git/percepio/poc/runs/tcp-workload-matrix-v1/A02-baseline/build/tcp_request_response_irq.o,
by_pc,2147496850,4,8,16,20,4,4,0,0,0,inject,/Users/swchen.tw/git/percepio/poc/runs/tcp-workload-matrix-v1/A02-baseline/build/tcp_request_response_irq.o,
by_pc,2147496854,4,4,8,12,4,0,0,0,0,inject,/Users/swchen.tw/git/percepio/poc/runs/tcp-workload-matrix-v1/A02-baseline/build/tcp_request_response_irq.o,
by_pc,2147496858,4,4,8,12,4,0,0,0,0,inject,/Users/swchen.tw/git/percepio/poc/runs/tcp-workload-matrix-v1/A02-baseline/build/tcp_request_response_irq.o,
by_pc,2147496860,4,4,8,12,4,0,0,0,0,inject,/Users/swchen.tw/git/percepio/poc/runs/tcp-workload-matrix-v1/A02-baseline/build/tcp_request_response_irq.o,
by_pc,2147496862,4,4,8,12,4,0,0,0,0,inject,/Users/swchen.tw/git/percepio/poc/runs/tcp-workload-matrix-v1/A02-baseline/build/tcp_request_response_irq.o,
by_pc,2147496864,4,4,8,12,4,0,0,0,0,inject,/Users/swchen.tw/git/percepio/poc/runs/tcp-workload-matrix-v1/A02-baseline/build/tcp_request_response_irq.o,
by_pc,2147502810,2,2,4,6,2,0,0,0,0,pbuf_copy_partial,/Users/swchen.tw/git/percepio/poc/runs/tcp-workload-matrix-v1/A02-baseline/build/pbuf.o,
by_pc,2147496868,4,4,8,12,4,0,0,0,0,inject,/Users/swchen.tw/git/percepio/poc/runs/tcp-workload-matrix-v1/A02-baseline/build/tcp_request_response_irq.o,
by_pc,2147496888,6,6,12,18,6,0,0,0,0,inject,/Users/swchen.tw/git/percepio/poc/runs/tcp-workload-matrix-v1/A02-baseline/build/tcp_request_response_irq.o,
by_pc,2147496918,2,10,20,22,2,0,8,0,0,inject,/Users/swchen.tw/git/percepio/poc/runs/tcp-workload-matrix-v1/A02-baseline/build/tcp_request_response_irq.o,
by_pc,2147496920,2,2,4,6,2,0,0,0,0,inject,/Users/swchen.tw/git/percepio/poc/runs/tcp-workload-matrix-v1/A02-baseline/build/tcp_request_response_irq.o,
by_pc,2147496900,6,6,12,18,6,0,0,0,0,inject,/Users/swchen.tw/git/percepio/poc/runs/tcp-workload-matrix-v1/A02-baseline/build/tcp_request_response_irq.o,
by_pc,2147496902,6,6,12,18,6,0,0,0,0,inject,/Users/swchen.tw/git/percepio/poc/runs/tcp-workload-matrix-v1/A02-baseline/build/tcp_request_response_irq.o,
by_pc,2147496904,6,6,12,18,6,0,0,0,0,inject,/Users/swchen.tw/git/percepio/poc/runs/tcp-workload-matrix-v1/A02-baseline/build/tcp_request_response_irq.o,
by_pc,2147496908,4,4,8,12,4,0,0,0,0,inject,/Users/swchen.tw/git/percepio/poc/runs/tcp-workload-matrix-v1/A02-baseline/build/tcp_request_response_irq.o,
by_pc,2147496910,4,4,8,12,4,0,0,0,0,inject,/Users/swchen.tw/git/percepio/poc/runs/tcp-workload-matrix-v1/A02-baseline/build/tcp_request_response_irq.o,
by_pc,2147496912,4,8,16,20,4,4,0,0,0,inject,/Users/swchen.tw/git/percepio/poc/runs/tcp-workload-matrix-v1/A02-baseline/build/tcp_request_response_irq.o,
by_pc,2147496916,4,4,8,12,4,0,0,0,0,inject,/Users/swchen.tw/git/percepio/poc/runs/tcp-workload-matrix-v1/A02-baseline/build/tcp_request_response_irq.o,
by_pc,2147496892,4,4,8,12,4,0,0,0,0,inject,/Users/swchen.tw/git/percepio/poc/runs/tcp-workload-matrix-v1/A02-baseline/build/tcp_request_response_irq.o,
by_pc,2147496894,4,4,8,12,4,0,0,0,0,inject,/Users/swchen.tw/git/percepio/poc/runs/tcp-workload-matrix-v1/A02-baseline/build/tcp_request_response_irq.o,
by_pc,2147496896,4,4,8,12,4,0,0,0,0,inject,/Users/swchen.tw/git/percepio/poc/runs/tcp-workload-matrix-v1/A02-baseline/build/tcp_request_response_irq.o,
by_pc,2147502472,12,20,40,52,12,0,8,0,0,pbuf_cat,/Users/swchen.tw/git/percepio/poc/runs/tcp-workload-matrix-v1/A02-baseline/build/pbuf.o,
by_pc,2147502474,12,12,24,36,12,0,0,0,0,pbuf_cat,/Users/swchen.tw/git/percepio/poc/runs/tcp-workload-matrix-v1/A02-baseline/build/pbuf.o,
by_pc,2147502480,14,28,56,70,14,14,0,0,0,pbuf_cat,/Users/swchen.tw/git/percepio/poc/runs/tcp-workload-matrix-v1/A02-baseline/build/pbuf.o,
by_pc,2147502484,14,28,56,70,14,14,0,0,0,pbuf_cat,/Users/swchen.tw/git/percepio/poc/runs/tcp-workload-matrix-v1/A02-baseline/build/pbuf.o,
by_pc,2147502488,14,28,56,70,14,14,0,0,0,pbuf_cat,/Users/swchen.tw/git/percepio/poc/runs/tcp-workload-matrix-v1/A02-baseline/build/pbuf.o,
by_pc,2147502490,14,14,28,42,14,0,0,0,0,pbuf_cat,/Users/swchen.tw/git/percepio/poc/runs/tcp-workload-matrix-v1/A02-baseline/build/pbuf.o,
by_pc,2147502492,14,294,588,602,14,14,112,0,154,pbuf_cat,/Users/swchen.tw/git/percepio/poc/runs/tcp-workload-matrix-v1/A02-baseline/build/pbuf.o,
by_pc,2147502496,14,14,28,42,14,0,0,0,0,pbuf_cat,/Users/swchen.tw/git/percepio/poc/runs/tcp-workload-matrix-v1/A02-baseline/build/pbuf.o,
by_pc,2147502498,12,252,504,516,12,12,96,0,132,pbuf_cat,/Users/swchen.tw/git/percepio/poc/runs/tcp-workload-matrix-v1/A02-baseline/build/pbuf.o,
by_pc,2147502500,12,12,24,36,12,0,0,0,0,pbuf_cat,/Users/swchen.tw/git/percepio/poc/runs/tcp-workload-matrix-v1/A02-baseline/build/pbuf.o,
by_pc,2147502784,2,2,4,6,2,0,0,0,0,pbuf_copy_partial,/Users/swchen.tw/git/percepio/poc/runs/tcp-workload-matrix-v1/A02-baseline/build/pbuf.o,
by_pc,2147502478,2,2,4,6,2,0,0,0,0,pbuf_cat,/Users/swchen.tw/git/percepio/poc/runs/tcp-workload-matrix-v1/A02-baseline/build/pbuf.o,
by_pc,2147496922,2,4,8,10,2,2,0,0,0,inject,/Users/swchen.tw/git/percepio/poc/runs/tcp-workload-matrix-v1/A02-baseline/build/tcp_request_response_irq.o,
by_pc,2147496926,2,2,4,6,2,0,0,0,0,inject,/Users/swchen.tw/git/percepio/poc/runs/tcp-workload-matrix-v1/A02-baseline/build/tcp_request_response_irq.o,
by_pc,2147496946,2,2,4,6,2,0,0,0,0,inject,/Users/swchen.tw/git/percepio/poc/runs/tcp-workload-matrix-v1/A02-baseline/build/tcp_request_response_irq.o,
by_pc,2147496948,2,2,4,6,2,0,0,0,0,inject,/Users/swchen.tw/git/percepio/poc/runs/tcp-workload-matrix-v1/A02-baseline/build/tcp_request_response_irq.o,
by_pc,2147496952,2,2,4,6,2,0,0,0,0,inject,/Users/swchen.tw/git/percepio/poc/runs/tcp-workload-matrix-v1/A02-baseline/build/tcp_request_response_irq.o,
by_pc,2147499770,23,95,190,213,23,0,72,0,0,lwip_standard_chksum,/Users/swchen.tw/git/percepio/poc/runs/tcp-workload-matrix-v1/A02-baseline/build/inet_chksum.o,
by_pc,2147499772,23,23,46,69,23,0,0,0,0,lwip_standard_chksum,/Users/swchen.tw/git/percepio/poc/runs/tcp-workload-matrix-v1/A02-baseline/build/inet_chksum.o,
by_pc,2147499718,2,4,8,10,2,2,0,0,0,lwip_standard_chksum,/Users/swchen.tw/git/percepio/poc/runs/tcp-workload-matrix-v1/A02-baseline/build/inet_chksum.o,
by_pc,2147499722,2,2,4,6,2,0,0,0,0,lwip_standard_chksum,/Users/swchen.tw/git/percepio/poc/runs/tcp-workload-matrix-v1/A02-baseline/build/inet_chksum.o,
by_pc,2147499726,2,2,4,6,2,0,0,0,0,lwip_standard_chksum,/Users/swchen.tw/git/percepio/poc/runs/tcp-workload-matrix-v1/A02-baseline/build/inet_chksum.o,
by_pc,2147499994,4,4,8,12,4,0,0,0,0,inet_chksum_pseudo,/Users/swchen.tw/git/percepio/poc/runs/tcp-workload-matrix-v1/A02-baseline/build/inet_chksum.o,
by_pc,2147499998,4,4,8,12,4,0,0,0,0,inet_chksum_pseudo,/Users/swchen.tw/git/percepio/poc/runs/tcp-workload-matrix-v1/A02-baseline/build/inet_chksum.o,
by_pc,2147500000,4,4,8,12,4,0,0,0,0,inet_chksum_pseudo,/Users/swchen.tw/git/percepio/poc/runs/tcp-workload-matrix-v1/A02-baseline/build/inet_chksum.o,
by_pc,2147500002,4,4,8,12,4,0,0,0,0,inet_chksum_pseudo,/Users/swchen.tw/git/percepio/poc/runs/tcp-workload-matrix-v1/A02-baseline/build/inet_chksum.o,
by_pc,2147500006,4,4,8,12,4,0,0,0,0,inet_chksum_pseudo,/Users/swchen.tw/git/percepio/poc/runs/tcp-workload-matrix-v1/A02-baseline/build/inet_chksum.o,
by_pc,2147500010,4,4,8,12,4,0,0,0,0,inet_chksum_pseudo,/Users/swchen.tw/git/percepio/poc/runs/tcp-workload-matrix-v1/A02-baseline/build/inet_chksum.o,
by_pc,2147499752,4,4,8,12,4,0,0,0,0,lwip_standard_chksum,/Users/swchen.tw/git/percepio/poc/runs/tcp-workload-matrix-v1/A02-baseline/build/inet_chksum.o,
by_pc,2147499756,4,4,8,12,4,0,0,0,0,lwip_standard_chksum,/Users/swchen.tw/git/percepio/poc/runs/tcp-workload-matrix-v1/A02-baseline/build/inet_chksum.o,
by_pc,2147499758,4,4,8,12,4,0,0,0,0,lwip_standard_chksum,/Users/swchen.tw/git/percepio/poc/runs/tcp-workload-matrix-v1/A02-baseline/build/inet_chksum.o,
by_pc,2147499762,4,4,8,12,4,0,0,0,0,lwip_standard_chksum,/Users/swchen.tw/git/percepio/poc/runs/tcp-workload-matrix-v1/A02-baseline/build/inet_chksum.o,
by_pc,2147499662,2,4,8,10,2,2,0,0,0,lwip_standard_chksum,/Users/swchen.tw/git/percepio/poc/runs/tcp-workload-matrix-v1/A02-baseline/build/inet_chksum.o,
by_pc,2147499666,2,2,4,6,2,0,0,0,0,lwip_standard_chksum,/Users/swchen.tw/git/percepio/poc/runs/tcp-workload-matrix-v1/A02-baseline/build/inet_chksum.o,
by_pc,2147499668,2,2,4,6,2,0,0,0,0,lwip_standard_chksum,/Users/swchen.tw/git/percepio/poc/runs/tcp-workload-matrix-v1/A02-baseline/build/inet_chksum.o,
by_pc,2147499670,2,2,4,6,2,0,0,0,0,lwip_standard_chksum,/Users/swchen.tw/git/percepio/poc/runs/tcp-workload-matrix-v1/A02-baseline/build/inet_chksum.o,
by_pc,2147510486,2,4,8,10,2,2,0,0,0,tcp_input,/Users/swchen.tw/git/percepio/poc/runs/tcp-workload-matrix-v1/A02-baseline/build/tcp_in.o,
by_pc,2147510490,2,2,4,6,2,0,0,0,0,tcp_input,/Users/swchen.tw/git/percepio/poc/runs/tcp-workload-matrix-v1/A02-baseline/build/tcp_in.o,
by_pc,2147510494,2,42,84,86,2,2,16,0,22,tcp_input,/Users/swchen.tw/git/percepio/poc/runs/tcp-workload-matrix-v1/A02-baseline/build/tcp_in.o,
by_pc,2147512038,11,117,234,245,11,0,88,18,0,tcp_input,/Users/swchen.tw/git/percepio/poc/runs/tcp-workload-matrix-v1/A02-baseline/build/tcp_in.o,
by_pc,2147512040,11,11,22,33,11,0,0,0,0,tcp_input,/Users/swchen.tw/git/percepio/poc/runs/tcp-workload-matrix-v1/A02-baseline/build/tcp_in.o,
by_pc,2147507164,9,9,18,27,9,0,0,0,0,tcp_receive,/Users/swchen.tw/git/percepio/poc/runs/tcp-workload-matrix-v1/A02-baseline/build/tcp_in.o,
by_pc,2147507168,9,9,18,27,9,0,0,0,0,tcp_receive,/Users/swchen.tw/git/percepio/poc/runs/tcp-workload-matrix-v1/A02-baseline/build/tcp_in.o,
by_pc,2147507172,9,9,18,27,9,0,0,0,0,tcp_receive,/Users/swchen.tw/git/percepio/poc/runs/tcp-workload-matrix-v1/A02-baseline/build/tcp_in.o,
by_pc,2147507176,3,3,6,9,3,0,0,0,0,tcp_receive,/Users/swchen.tw/git/percepio/poc/runs/tcp-workload-matrix-v1/A02-baseline/build/tcp_in.o,
by_pc,2147507180,3,6,12,15,3,3,0,0,0,tcp_receive,/Users/swchen.tw/git/percepio/poc/runs/tcp-workload-matrix-v1/A02-baseline/build/tcp_in.o,
by_pc,2147507184,3,6,12,15,3,3,0,0,0,tcp_receive,/Users/swchen.tw/git/percepio/poc/runs/tcp-workload-matrix-v1/A02-baseline/build/tcp_in.o,
by_pc,2147507188,3,6,12,15,3,3,0,0,0,tcp_receive,/Users/swchen.tw/git/percepio/poc/runs/tcp-workload-matrix-v1/A02-baseline/build/tcp_in.o,
by_pc,2147507192,3,3,6,9,3,0,0,0,0,tcp_receive,/Users/swchen.tw/git/percepio/poc/runs/tcp-workload-matrix-v1/A02-baseline/build/tcp_in.o,
by_pc,2147507194,3,3,6,9,3,0,0,0,0,tcp_receive,/Users/swchen.tw/git/percepio/poc/runs/tcp-workload-matrix-v1/A02-baseline/build/tcp_in.o,
by_pc,2147507196,3,3,6,9,3,0,0,0,0,tcp_receive,/Users/swchen.tw/git/percepio/poc/runs/tcp-workload-matrix-v1/A02-baseline/build/tcp_in.o,
by_pc,2147507246,3,6,12,15,3,3,0,0,0,tcp_receive,/Users/swchen.tw/git/percepio/poc/runs/tcp-workload-matrix-v1/A02-baseline/build/tcp_in.o,
by_pc,2147507250,3,3,6,9,3,0,0,0,0,tcp_receive,/Users/swchen.tw/git/percepio/poc/runs/tcp-workload-matrix-v1/A02-baseline/build/tcp_in.o,
by_pc,2147507448,3,6,12,15,3,3,0,0,0,tcp_receive,/Users/swchen.tw/git/percepio/poc/runs/tcp-workload-matrix-v1/A02-baseline/build/tcp_in.o,
by_pc,2147507450,3,3,6,9,3,0,0,0,0,tcp_receive,/Users/swchen.tw/git/percepio/poc/runs/tcp-workload-matrix-v1/A02-baseline/build/tcp_in.o,
by_pc,2147507452,3,3,6,9,3,0,0,0,0,tcp_receive,/Users/swchen.tw/git/percepio/poc/runs/tcp-workload-matrix-v1/A02-baseline/build/tcp_in.o,
by_pc,2147507456,3,45,90,93,3,0,24,18,0,tcp_receive,/Users/swchen.tw/git/percepio/poc/runs/tcp-workload-matrix-v1/A02-baseline/build/tcp_in.o,
by_pc,2147507460,3,3,6,9,3,0,0,0,0,tcp_receive,/Users/swchen.tw/git/percepio/poc/runs/tcp-workload-matrix-v1/A02-baseline/build/tcp_in.o,
by_pc,2147507464,3,3,6,9,3,0,0,0,0,tcp_receive,/Users/swchen.tw/git/percepio/poc/runs/tcp-workload-matrix-v1/A02-baseline/build/tcp_in.o,
by_pc,2147508376,3,63,126,129,3,0,24,36,0,tcp_receive,/Users/swchen.tw/git/percepio/poc/runs/tcp-workload-matrix-v1/A02-baseline/build/tcp_in.o,
by_pc,2147508380,3,3,6,9,3,0,0,0,0,tcp_receive,/Users/swchen.tw/git/percepio/poc/runs/tcp-workload-matrix-v1/A02-baseline/build/tcp_in.o,
by_pc,2147507562,3,48,96,99,3,3,24,18,0,tcp_receive,/Users/swchen.tw/git/percepio/poc/runs/tcp-workload-matrix-v1/A02-baseline/build/tcp_in.o,
by_pc,2147507564,3,3,6,9,3,0,0,0,0,tcp_receive,/Users/swchen.tw/git/percepio/poc/runs/tcp-workload-matrix-v1/A02-baseline/build/tcp_in.o,
by_pc,2147507568,3,3,6,9,3,0,0,0,0,tcp_receive,/Users/swchen.tw/git/percepio/poc/runs/tcp-workload-matrix-v1/A02-baseline/build/tcp_in.o,
by_pc,2147507572,3,6,12,15,3,3,0,0,0,tcp_receive,/Users/swchen.tw/git/percepio/poc/runs/tcp-workload-matrix-v1/A02-baseline/build/tcp_in.o,
by_pc,2147507576,3,3,6,9,3,0,0,0,0,tcp_receive,/Users/swchen.tw/git/percepio/poc/runs/tcp-workload-matrix-v1/A02-baseline/build/tcp_in.o,
by_pc,2147507580,3,3,6,9,3,0,0,0,0,tcp_receive,/Users/swchen.tw/git/percepio/poc/runs/tcp-workload-matrix-v1/A02-baseline/build/tcp_in.o,
by_pc,2147507582,3,3,6,9,3,0,0,0,0,tcp_receive,/Users/swchen.tw/git/percepio/poc/runs/tcp-workload-matrix-v1/A02-baseline/build/tcp_in.o,
by_pc,2147507584,3,45,90,93,3,0,24,18,0,tcp_receive,/Users/swchen.tw/git/percepio/poc/runs/tcp-workload-matrix-v1/A02-baseline/build/tcp_in.o,
by_pc,2147507588,3,3,6,9,3,0,0,0,0,tcp_receive,/Users/swchen.tw/git/percepio/poc/runs/tcp-workload-matrix-v1/A02-baseline/build/tcp_in.o,
by_pc,2147507592,3,3,6,9,3,0,0,0,0,tcp_receive,/Users/swchen.tw/git/percepio/poc/runs/tcp-workload-matrix-v1/A02-baseline/build/tcp_in.o,
by_pc,2147507596,3,3,6,9,3,0,0,0,0,tcp_receive,/Users/swchen.tw/git/percepio/poc/runs/tcp-workload-matrix-v1/A02-baseline/build/tcp_in.o,
by_pc,2147507600,3,6,12,15,3,3,0,0,0,tcp_receive,/Users/swchen.tw/git/percepio/poc/runs/tcp-workload-matrix-v1/A02-baseline/build/tcp_in.o,
by_pc,2147507602,3,3,6,9,3,0,0,0,0,tcp_receive,/Users/swchen.tw/git/percepio/poc/runs/tcp-workload-matrix-v1/A02-baseline/build/tcp_in.o,
by_pc,2147507606,3,6,12,15,3,3,0,0,0,tcp_receive,/Users/swchen.tw/git/percepio/poc/runs/tcp-workload-matrix-v1/A02-baseline/build/tcp_in.o,
by_pc,2147507610,3,6,12,15,3,3,0,0,0,tcp_receive,/Users/swchen.tw/git/percepio/poc/runs/tcp-workload-matrix-v1/A02-baseline/build/tcp_in.o,
by_pc,2147507614,3,6,12,15,3,3,0,0,0,tcp_receive,/Users/swchen.tw/git/percepio/poc/runs/tcp-workload-matrix-v1/A02-baseline/build/tcp_in.o,
by_pc,2147507618,3,3,6,9,3,0,0,0,0,tcp_receive,/Users/swchen.tw/git/percepio/poc/runs/tcp-workload-matrix-v1/A02-baseline/build/tcp_in.o,
by_pc,2147507620,3,3,6,9,3,0,0,0,0,tcp_receive,/Users/swchen.tw/git/percepio/poc/runs/tcp-workload-matrix-v1/A02-baseline/build/tcp_in.o,
by_pc,2147507622,3,3,6,9,3,0,0,0,0,tcp_receive,/Users/swchen.tw/git/percepio/poc/runs/tcp-workload-matrix-v1/A02-baseline/build/tcp_in.o,
by_pc,2147507626,3,3,6,9,3,0,0,0,0,tcp_receive,/Users/swchen.tw/git/percepio/poc/runs/tcp-workload-matrix-v1/A02-baseline/build/tcp_in.o,
by_pc,2147507628,3,3,6,9,3,0,0,0,0,tcp_receive,/Users/swchen.tw/git/percepio/poc/runs/tcp-workload-matrix-v1/A02-baseline/build/tcp_in.o,
by_pc,2147507632,3,3,6,9,3,0,0,0,0,tcp_receive,/Users/swchen.tw/git/percepio/poc/runs/tcp-workload-matrix-v1/A02-baseline/build/tcp_in.o,
by_pc,2147507636,3,3,6,9,3,0,0,0,0,tcp_receive,/Users/swchen.tw/git/percepio/poc/runs/tcp-workload-matrix-v1/A02-baseline/build/tcp_in.o,
by_pc,2147507638,3,3,6,9,3,0,0,0,0,tcp_receive,/Users/swchen.tw/git/percepio/poc/runs/tcp-workload-matrix-v1/A02-baseline/build/tcp_in.o,
by_pc,2147507640,3,63,126,129,3,3,24,0,33,tcp_receive,/Users/swchen.tw/git/percepio/poc/runs/tcp-workload-matrix-v1/A02-baseline/build/tcp_in.o,
by_pc,2147507644,3,6,12,15,3,3,0,0,0,tcp_receive,/Users/swchen.tw/git/percepio/poc/runs/tcp-workload-matrix-v1/A02-baseline/build/tcp_in.o,
by_pc,2147507648,3,45,90,93,3,0,24,18,0,tcp_receive,/Users/swchen.tw/git/percepio/poc/runs/tcp-workload-matrix-v1/A02-baseline/build/tcp_in.o,
by_pc,2147507826,3,66,132,135,3,3,24,36,0,tcp_receive,/Users/swchen.tw/git/percepio/poc/runs/tcp-workload-matrix-v1/A02-baseline/build/tcp_in.o,
by_pc,2147507828,3,3,6,9,3,0,0,0,0,tcp_receive,/Users/swchen.tw/git/percepio/poc/runs/tcp-workload-matrix-v1/A02-baseline/build/tcp_in.o,
by_pc,2147508410,3,6,12,15,3,3,0,0,0,tcp_receive,/Users/swchen.tw/git/percepio/poc/runs/tcp-workload-matrix-v1/A02-baseline/build/tcp_in.o,
by_pc,2147508414,3,69,138,141,6,3,24,36,0,tcp_receive,/Users/swchen.tw/git/percepio/poc/runs/tcp-workload-matrix-v1/A02-baseline/build/tcp_in.o,
by_pc,2147508418,3,3,6,9,3,0,0,0,0,tcp_receive,/Users/swchen.tw/git/percepio/poc/runs/tcp-workload-matrix-v1/A02-baseline/build/tcp_in.o,
by_pc,2147508420,3,3,6,9,3,0,0,0,0,tcp_receive,/Users/swchen.tw/git/percepio/poc/runs/tcp-workload-matrix-v1/A02-baseline/build/tcp_in.o,
by_pc,2147508422,3,63,126,129,3,3,24,0,33,tcp_receive,/Users/swchen.tw/git/percepio/poc/runs/tcp-workload-matrix-v1/A02-baseline/build/tcp_in.o,
by_pc,2147508424,3,6,12,15,3,3,0,0,0,tcp_receive,/Users/swchen.tw/git/percepio/poc/runs/tcp-workload-matrix-v1/A02-baseline/build/tcp_in.o,
by_pc,2147508428,3,3,6,9,3,0,0,0,0,tcp_receive,/Users/swchen.tw/git/percepio/poc/runs/tcp-workload-matrix-v1/A02-baseline/build/tcp_in.o,
by_pc,2147508430,3,63,126,129,3,3,24,0,33,tcp_receive,/Users/swchen.tw/git/percepio/poc/runs/tcp-workload-matrix-v1/A02-baseline/build/tcp_in.o,
by_pc,2147508434,3,3,6,9,3,0,0,0,0,tcp_receive,/Users/swchen.tw/git/percepio/poc/runs/tcp-workload-matrix-v1/A02-baseline/build/tcp_in.o,
by_pc,2147503424,5,52,104,109,5,5,24,18,0,tcp_update_rcv_ann_wnd,/Users/swchen.tw/git/percepio/poc/runs/tcp-workload-matrix-v1/A02-baseline/build/tcp.o,
by_pc,2147503428,5,10,20,25,5,5,0,0,0,tcp_update_rcv_ann_wnd,/Users/swchen.tw/git/percepio/poc/runs/tcp-workload-matrix-v1/A02-baseline/build/tcp.o,
by_pc,2147503432,5,10,20,25,5,5,0,0,0,tcp_update_rcv_ann_wnd,/Users/swchen.tw/git/percepio/poc/runs/tcp-workload-matrix-v1/A02-baseline/build/tcp.o,
by_pc,2147503434,5,10,20,25,5,5,0,0,0,tcp_update_rcv_ann_wnd,/Users/swchen.tw/git/percepio/poc/runs/tcp-workload-matrix-v1/A02-baseline/build/tcp.o,
by_pc,2147503438,5,5,10,15,5,0,0,0,0,tcp_update_rcv_ann_wnd,/Users/swchen.tw/git/percepio/poc/runs/tcp-workload-matrix-v1/A02-baseline/build/tcp.o,
by_pc,2147503440,5,5,10,15,5,0,0,0,0,tcp_update_rcv_ann_wnd,/Users/swchen.tw/git/percepio/poc/runs/tcp-workload-matrix-v1/A02-baseline/build/tcp.o,
by_pc,2147503444,5,5,10,15,5,0,0,0,0,tcp_update_rcv_ann_wnd,/Users/swchen.tw/git/percepio/poc/runs/tcp-workload-matrix-v1/A02-baseline/build/tcp.o,
by_pc,2147503448,5,5,10,15,5,0,0,0,0,tcp_update_rcv_ann_wnd,/Users/swchen.tw/git/percepio/poc/runs/tcp-workload-matrix-v1/A02-baseline/build/tcp.o,
by_pc,2147503450,5,5,10,15,5,0,0,0,0,tcp_update_rcv_ann_wnd,/Users/swchen.tw/git/percepio/poc/runs/tcp-workload-matrix-v1/A02-baseline/build/tcp.o,
by_pc,2147503452,5,5,10,15,5,0,0,0,0,tcp_update_rcv_ann_wnd,/Users/swchen.tw/git/percepio/poc/runs/tcp-workload-matrix-v1/A02-baseline/build/tcp.o,
by_pc,2147503458,5,5,10,15,5,0,0,0,0,tcp_update_rcv_ann_wnd,/Users/swchen.tw/git/percepio/poc/runs/tcp-workload-matrix-v1/A02-baseline/build/tcp.o,
by_pc,2147503460,5,5,10,15,5,0,0,0,0,tcp_update_rcv_ann_wnd,/Users/swchen.tw/git/percepio/poc/runs/tcp-workload-matrix-v1/A02-baseline/build/tcp.o,
by_pc,2147503462,5,5,10,15,5,0,0,0,0,tcp_update_rcv_ann_wnd,/Users/swchen.tw/git/percepio/poc/runs/tcp-workload-matrix-v1/A02-baseline/build/tcp.o,
by_pc,2147503466,5,5,10,15,5,0,0,0,0,tcp_update_rcv_ann_wnd,/Users/swchen.tw/git/percepio/poc/runs/tcp-workload-matrix-v1/A02-baseline/build/tcp.o,
by_pc,2147503470,5,5,10,15,5,0,0,0,0,tcp_update_rcv_ann_wnd,/Users/swchen.tw/git/percepio/poc/runs/tcp-workload-matrix-v1/A02-baseline/build/tcp.o,
by_pc,2147503474,5,5,10,15,5,0,0,0,0,tcp_update_rcv_ann_wnd,/Users/swchen.tw/git/percepio/poc/runs/tcp-workload-matrix-v1/A02-baseline/build/tcp.o,
by_pc,2147503478,5,5,10,15,5,0,0,0,0,tcp_update_rcv_ann_wnd,/Users/swchen.tw/git/percepio/poc/runs/tcp-workload-matrix-v1/A02-baseline/build/tcp.o,
by_pc,2147503480,5,105,210,215,5,5,40,0,55,tcp_update_rcv_ann_wnd,/Users/swchen.tw/git/percepio/poc/runs/tcp-workload-matrix-v1/A02-baseline/build/tcp.o,
by_pc,2147503484,5,5,10,15,5,0,0,0,0,tcp_update_rcv_ann_wnd,/Users/swchen.tw/git/percepio/poc/runs/tcp-workload-matrix-v1/A02-baseline/build/tcp.o,
by_pc,2147503486,5,5,10,15,5,0,0,0,0,tcp_update_rcv_ann_wnd,/Users/swchen.tw/git/percepio/poc/runs/tcp-workload-matrix-v1/A02-baseline/build/tcp.o,
by_pc,2147508438,3,6,12,15,3,3,0,0,0,tcp_receive,/Users/swchen.tw/git/percepio/poc/runs/tcp-workload-matrix-v1/A02-baseline/build/tcp_in.o,
by_pc,2147508440,3,6,12,15,3,3,0,0,0,tcp_receive,/Users/swchen.tw/git/percepio/poc/runs/tcp-workload-matrix-v1/A02-baseline/build/tcp_in.o,
by_pc,2147508444,3,3,6,9,3,0,0,0,0,tcp_receive,/Users/swchen.tw/git/percepio/poc/runs/tcp-workload-matrix-v1/A02-baseline/build/tcp_in.o,
by_pc,2147508446,2,42,84,86,2,2,16,0,22,tcp_receive,/Users/swchen.tw/git/percepio/poc/runs/tcp-workload-matrix-v1/A02-baseline/build/tcp_in.o,
by_pc,2147508450,2,2,4,6,2,0,0,0,0,tcp_receive,/Users/swchen.tw/git/percepio/poc/runs/tcp-workload-matrix-v1/A02-baseline/build/tcp_in.o,
by_pc,2147508454,2,42,84,86,2,2,16,0,22,tcp_receive,/Users/swchen.tw/git/percepio/poc/runs/tcp-workload-matrix-v1/A02-baseline/build/tcp_in.o,
by_pc,2147508458,3,6,12,15,3,3,0,0,0,tcp_receive,/Users/swchen.tw/git/percepio/poc/runs/tcp-workload-matrix-v1/A02-baseline/build/tcp_in.o,
by_pc,2147508460,3,6,12,15,3,3,0,0,0,tcp_receive,/Users/swchen.tw/git/percepio/poc/runs/tcp-workload-matrix-v1/A02-baseline/build/tcp_in.o,
by_pc,2147508464,3,6,12,15,3,3,0,0,0,tcp_receive,/Users/swchen.tw/git/percepio/poc/runs/tcp-workload-matrix-v1/A02-baseline/build/tcp_in.o,
by_pc,2147508468,3,3,6,9,3,0,0,0,0,tcp_receive,/Users/swchen.tw/git/percepio/poc/runs/tcp-workload-matrix-v1/A02-baseline/build/tcp_in.o,
by_pc,2147508470,3,3,6,9,3,0,0,0,0,tcp_receive,/Users/swchen.tw/git/percepio/poc/runs/tcp-workload-matrix-v1/A02-baseline/build/tcp_in.o,
by_pc,2147508472,3,3,6,9,3,0,0,0,0,tcp_receive,/Users/swchen.tw/git/percepio/poc/runs/tcp-workload-matrix-v1/A02-baseline/build/tcp_in.o,
by_pc,2147508476,3,3,6,9,3,0,0,0,0,tcp_receive,/Users/swchen.tw/git/percepio/poc/runs/tcp-workload-matrix-v1/A02-baseline/build/tcp_in.o,
by_pc,2147508478,3,3,6,9,3,0,0,0,0,tcp_receive,/Users/swchen.tw/git/percepio/poc/runs/tcp-workload-matrix-v1/A02-baseline/build/tcp_in.o,
by_pc,2147508492,3,37,74,77,3,0,16,18,0,tcp_receive,/Users/swchen.tw/git/percepio/poc/runs/tcp-workload-matrix-v1/A02-baseline/build/tcp_in.o,
by_pc,2147508496,3,3,6,9,3,0,0,0,0,tcp_receive,/Users/swchen.tw/git/percepio/poc/runs/tcp-workload-matrix-v1/A02-baseline/build/tcp_in.o,
by_pc,2147508498,3,3,6,9,3,0,0,0,0,tcp_receive,/Users/swchen.tw/git/percepio/poc/runs/tcp-workload-matrix-v1/A02-baseline/build/tcp_in.o,
by_pc,2147508500,3,3,6,9,3,0,0,0,0,tcp_receive,/Users/swchen.tw/git/percepio/poc/runs/tcp-workload-matrix-v1/A02-baseline/build/tcp_in.o,
by_pc,2147508794,3,48,96,99,3,3,24,18,0,tcp_receive,/Users/swchen.tw/git/percepio/poc/runs/tcp-workload-matrix-v1/A02-baseline/build/tcp_in.o,
by_pc,2147508796,3,3,6,9,3,0,0,0,0,tcp_receive,/Users/swchen.tw/git/percepio/poc/runs/tcp-workload-matrix-v1/A02-baseline/build/tcp_in.o,
by_pc,2147508834,3,58,116,119,3,3,16,36,0,tcp_receive,/Users/swchen.tw/git/percepio/poc/runs/tcp-workload-matrix-v1/A02-baseline/build/tcp_in.o,
by_pc,2147508838,3,3,6,9,3,0,0,0,0,tcp_receive,/Users/swchen.tw/git/percepio/poc/runs/tcp-workload-matrix-v1/A02-baseline/build/tcp_in.o,
by_pc,2147508842,3,3,6,9,3,0,0,0,0,tcp_receive,/Users/swchen.tw/git/percepio/poc/runs/tcp-workload-matrix-v1/A02-baseline/build/tcp_in.o,
by_pc,2147508858,3,3,6,9,3,0,0,0,0,tcp_receive,/Users/swchen.tw/git/percepio/poc/runs/tcp-workload-matrix-v1/A02-baseline/build/tcp_in.o,
by_pc,2147508862,3,66,132,135,6,3,24,0,33,tcp_receive,/Users/swchen.tw/git/percepio/poc/runs/tcp-workload-matrix-v1/A02-baseline/build/tcp_in.o,
by_pc,2147512044,11,11,22,33,11,0,0,0,0,tcp_input,/Users/swchen.tw/git/percepio/poc/runs/tcp-workload-matrix-v1/A02-baseline/build/tcp_in.o,
by_pc,2147512386,2,4,8,10,2,2,0,0,0,tcp_input,/Users/swchen.tw/git/percepio/poc/runs/tcp-workload-matrix-v1/A02-baseline/build/tcp_in.o,
by_pc,2147512390,2,2,4,6,2,0,0,0,0,tcp_input,/Users/swchen.tw/git/percepio/poc/runs/tcp-workload-matrix-v1/A02-baseline/build/tcp_in.o,
by_pc,2147512392,2,2,4,6,2,0,0,0,0,tcp_input,/Users/swchen.tw/git/percepio/poc/runs/tcp-workload-matrix-v1/A02-baseline/build/tcp_in.o,
by_pc,2147512418,2,4,8,10,2,2,0,0,0,tcp_input,/Users/swchen.tw/git/percepio/poc/runs/tcp-workload-matrix-v1/A02-baseline/build/tcp_in.o,
by_pc,2147512422,2,2,4,6,2,0,0,0,0,tcp_input,/Users/swchen.tw/git/percepio/poc/runs/tcp-workload-matrix-v1/A02-baseline/build/tcp_in.o,
by_pc,2147512424,2,2,4,6,2,0,0,0,0,tcp_input,/Users/swchen.tw/git/percepio/poc/runs/tcp-workload-matrix-v1/A02-baseline/build/tcp_in.o,
by_pc,2147512426,2,2,4,6,2,0,0,0,0,tcp_input,/Users/swchen.tw/git/percepio/poc/runs/tcp-workload-matrix-v1/A02-baseline/build/tcp_in.o,
by_pc,2147512428,2,4,8,10,2,2,0,0,0,tcp_input,/Users/swchen.tw/git/percepio/poc/runs/tcp-workload-matrix-v1/A02-baseline/build/tcp_in.o,
by_pc,2147512430,2,2,4,6,2,0,0,0,0,tcp_input,/Users/swchen.tw/git/percepio/poc/runs/tcp-workload-matrix-v1/A02-baseline/build/tcp_in.o,
by_pc,2147495040,3,45,90,93,3,0,24,18,0,on_recv,/Users/swchen.tw/git/percepio/poc/runs/tcp-workload-matrix-v1/A02-baseline/build/tcp_request_response_irq.o,
by_pc,2147495042,3,63,126,129,3,3,24,0,33,on_recv,/Users/swchen.tw/git/percepio/poc/runs/tcp-workload-matrix-v1/A02-baseline/build/tcp_request_response_irq.o,
by_pc,2147495044,3,63,126,129,3,3,24,0,33,on_recv,/Users/swchen.tw/git/percepio/poc/runs/tcp-workload-matrix-v1/A02-baseline/build/tcp_request_response_irq.o,
by_pc,2147495046,3,63,126,129,3,3,24,0,33,on_recv,/Users/swchen.tw/git/percepio/poc/runs/tcp-workload-matrix-v1/A02-baseline/build/tcp_request_response_irq.o,
by_pc,2147495048,3,63,126,129,3,3,24,0,33,on_recv,/Users/swchen.tw/git/percepio/poc/runs/tcp-workload-matrix-v1/A02-baseline/build/tcp_request_response_irq.o,
by_pc,2147495050,3,63,126,129,3,3,24,0,33,on_recv,/Users/swchen.tw/git/percepio/poc/runs/tcp-workload-matrix-v1/A02-baseline/build/tcp_request_response_irq.o,
by_pc,2147495052,3,63,126,129,3,3,24,0,33,on_recv,/Users/swchen.tw/git/percepio/poc/runs/tcp-workload-matrix-v1/A02-baseline/build/tcp_request_response_irq.o,
by_pc,2147495054,3,63,126,129,3,3,24,0,33,on_recv,/Users/swchen.tw/git/percepio/poc/runs/tcp-workload-matrix-v1/A02-baseline/build/tcp_request_response_irq.o,
by_pc,2147495056,3,63,126,129,3,3,24,0,33,on_recv,/Users/swchen.tw/git/percepio/poc/runs/tcp-workload-matrix-v1/A02-baseline/build/tcp_request_response_irq.o,
by_pc,2147495058,3,63,126,129,3,3,24,0,33,on_recv,/Users/swchen.tw/git/percepio/poc/runs/tcp-workload-matrix-v1/A02-baseline/build/tcp_request_response_irq.o,
by_pc,2147495060,3,63,126,129,3,3,24,0,33,on_recv,/Users/swchen.tw/git/percepio/poc/runs/tcp-workload-matrix-v1/A02-baseline/build/tcp_request_response_irq.o,
by_pc,2147495062,3,3,6,9,3,0,0,0,0,on_recv,/Users/swchen.tw/git/percepio/poc/runs/tcp-workload-matrix-v1/A02-baseline/build/tcp_request_response_irq.o,
by_pc,2147495064,3,3,6,9,3,0,0,0,0,on_recv,/Users/swchen.tw/git/percepio/poc/runs/tcp-workload-matrix-v1/A02-baseline/build/tcp_request_response_irq.o,
by_pc,2147495066,3,3,6,9,3,0,0,0,0,on_recv,/Users/swchen.tw/git/percepio/poc/runs/tcp-workload-matrix-v1/A02-baseline/build/tcp_request_response_irq.o,
by_pc,2147495084,3,3,6,9,3,0,0,0,0,on_recv,/Users/swchen.tw/git/percepio/poc/runs/tcp-workload-matrix-v1/A02-baseline/build/tcp_request_response_irq.o,
by_pc,2147495118,2,56,112,114,2,2,16,36,0,on_recv,/Users/swchen.tw/git/percepio/poc/runs/tcp-workload-matrix-v1/A02-baseline/build/tcp_request_response_irq.o,
by_pc,2147495122,2,2,4,6,2,0,0,0,0,on_recv,/Users/swchen.tw/git/percepio/poc/runs/tcp-workload-matrix-v1/A02-baseline/build/tcp_request_response_irq.o,
by_pc,2147495126,2,2,4,6,2,0,0,0,0,on_recv,/Users/swchen.tw/git/percepio/poc/runs/tcp-workload-matrix-v1/A02-baseline/build/tcp_request_response_irq.o,
by_pc,2147495146,2,2,4,6,2,0,0,0,0,on_recv,/Users/swchen.tw/git/percepio/poc/runs/tcp-workload-matrix-v1/A02-baseline/build/tcp_request_response_irq.o,
by_pc,2147495150,2,4,8,10,2,2,0,0,0,on_recv,/Users/swchen.tw/git/percepio/poc/runs/tcp-workload-matrix-v1/A02-baseline/build/tcp_request_response_irq.o,
by_pc,2147495154,2,2,4,6,2,0,0,0,0,on_recv,/Users/swchen.tw/git/percepio/poc/runs/tcp-workload-matrix-v1/A02-baseline/build/tcp_request_response_irq.o,
by_pc,2147495156,2,2,4,6,2,0,0,0,0,on_recv,/Users/swchen.tw/git/percepio/poc/runs/tcp-workload-matrix-v1/A02-baseline/build/tcp_request_response_irq.o,
by_pc,2147495176,2,36,72,74,2,0,16,18,0,on_recv,/Users/swchen.tw/git/percepio/poc/runs/tcp-workload-matrix-v1/A02-baseline/build/tcp_request_response_irq.o,
by_pc,2147495178,2,2,4,6,2,0,0,0,0,on_recv,/Users/swchen.tw/git/percepio/poc/runs/tcp-workload-matrix-v1/A02-baseline/build/tcp_request_response_irq.o,
by_pc,2147495180,2,2,4,6,2,0,0,0,0,on_recv,/Users/swchen.tw/git/percepio/poc/runs/tcp-workload-matrix-v1/A02-baseline/build/tcp_request_response_irq.o,
by_pc,2147495184,2,2,4,6,2,0,0,0,0,on_recv,/Users/swchen.tw/git/percepio/poc/runs/tcp-workload-matrix-v1/A02-baseline/build/tcp_request_response_irq.o,
by_pc,2147495188,2,2,4,6,2,0,0,0,0,on_recv,/Users/swchen.tw/git/percepio/poc/runs/tcp-workload-matrix-v1/A02-baseline/build/tcp_request_response_irq.o,
by_pc,2147495192,2,2,4,6,2,0,0,0,0,on_recv,/Users/swchen.tw/git/percepio/poc/runs/tcp-workload-matrix-v1/A02-baseline/build/tcp_request_response_irq.o,
by_pc,2147495196,2,2,4,6,2,0,0,0,0,on_recv,/Users/swchen.tw/git/percepio/poc/runs/tcp-workload-matrix-v1/A02-baseline/build/tcp_request_response_irq.o,
by_pc,2147495200,2,2,4,6,2,0,0,0,0,on_recv,/Users/swchen.tw/git/percepio/poc/runs/tcp-workload-matrix-v1/A02-baseline/build/tcp_request_response_irq.o,
by_pc,2147495204,2,2,4,6,2,0,0,0,0,on_recv,/Users/swchen.tw/git/percepio/poc/runs/tcp-workload-matrix-v1/A02-baseline/build/tcp_request_response_irq.o,
by_pc,2147495206,6,12,24,30,6,6,0,0,0,on_recv,/Users/swchen.tw/git/percepio/poc/runs/tcp-workload-matrix-v1/A02-baseline/build/tcp_request_response_irq.o,
by_pc,2147495210,6,12,24,30,6,6,0,0,0,on_recv,/Users/swchen.tw/git/percepio/poc/runs/tcp-workload-matrix-v1/A02-baseline/build/tcp_request_response_irq.o,
by_pc,2147495214,6,6,12,18,6,0,0,0,0,on_recv,/Users/swchen.tw/git/percepio/poc/runs/tcp-workload-matrix-v1/A02-baseline/build/tcp_request_response_irq.o,
by_pc,2147495216,6,6,12,18,6,0,0,0,0,on_recv,/Users/swchen.tw/git/percepio/poc/runs/tcp-workload-matrix-v1/A02-baseline/build/tcp_request_response_irq.o,
by_pc,2147495218,6,6,12,18,6,0,0,0,0,on_recv,/Users/swchen.tw/git/percepio/poc/runs/tcp-workload-matrix-v1/A02-baseline/build/tcp_request_response_irq.o,
by_pc,2147495220,6,6,12,18,6,0,0,0,0,on_recv,/Users/swchen.tw/git/percepio/poc/runs/tcp-workload-matrix-v1/A02-baseline/build/tcp_request_response_irq.o,
by_pc,2147495224,6,144,288,294,6,6,48,18,66,on_recv,/Users/swchen.tw/git/percepio/poc/runs/tcp-workload-matrix-v1/A02-baseline/build/tcp_request_response_irq.o,
by_pc,2147495226,6,12,24,30,6,6,0,0,0,on_recv,/Users/swchen.tw/git/percepio/poc/runs/tcp-workload-matrix-v1/A02-baseline/build/tcp_request_response_irq.o,
by_pc,2147495230,6,46,92,98,12,0,16,18,0,on_recv,/Users/swchen.tw/git/percepio/poc/runs/tcp-workload-matrix-v1/A02-baseline/build/tcp_request_response_irq.o,
by_pc,2147495234,6,6,12,18,6,0,0,0,0,on_recv,/Users/swchen.tw/git/percepio/poc/runs/tcp-workload-matrix-v1/A02-baseline/build/tcp_request_response_irq.o,
by_pc,2147495236,6,162,324,330,6,6,48,36,66,on_recv,/Users/swchen.tw/git/percepio/poc/runs/tcp-workload-matrix-v1/A02-baseline/build/tcp_request_response_irq.o,
by_pc,2147495238,6,12,24,30,6,6,0,0,0,on_recv,/Users/swchen.tw/git/percepio/poc/runs/tcp-workload-matrix-v1/A02-baseline/build/tcp_request_response_irq.o,
by_pc,2147495240,6,12,24,30,6,6,0,0,0,on_recv,/Users/swchen.tw/git/percepio/poc/runs/tcp-workload-matrix-v1/A02-baseline/build/tcp_request_response_irq.o,
by_pc,2147495242,6,6,12,18,6,0,0,0,0,on_recv,/Users/swchen.tw/git/percepio/poc/runs/tcp-workload-matrix-v1/A02-baseline/build/tcp_request_response_irq.o,
by_pc,2147495244,6,162,324,330,6,6,48,36,66,on_recv,/Users/swchen.tw/git/percepio/poc/runs/tcp-workload-matrix-v1/A02-baseline/build/tcp_request_response_irq.o,
by_pc,2147495246,6,6,12,18,6,0,0,0,0,on_recv,/Users/swchen.tw/git/percepio/poc/runs/tcp-workload-matrix-v1/A02-baseline/build/tcp_request_response_irq.o,
by_pc,2147495352,4,38,76,80,4,0,16,18,0,on_recv,/Users/swchen.tw/git/percepio/poc/runs/tcp-workload-matrix-v1/A02-baseline/build/tcp_request_response_irq.o,
by_pc,2147495248,2,2,4,6,2,0,0,0,0,on_recv,/Users/swchen.tw/git/percepio/poc/runs/tcp-workload-matrix-v1/A02-baseline/build/tcp_request_response_irq.o,
by_pc,2147495250,2,2,4,6,2,0,0,0,0,on_recv,/Users/swchen.tw/git/percepio/poc/runs/tcp-workload-matrix-v1/A02-baseline/build/tcp_request_response_irq.o,
by_pc,2147495270,2,2,4,6,2,0,0,0,0,on_recv,/Users/swchen.tw/git/percepio/poc/runs/tcp-workload-matrix-v1/A02-baseline/build/tcp_request_response_irq.o,
by_pc,2147495272,2,2,4,6,2,0,0,0,0,on_recv,/Users/swchen.tw/git/percepio/poc/runs/tcp-workload-matrix-v1/A02-baseline/build/tcp_request_response_irq.o,
by_pc,2147495276,128,128,256,384,128,0,0,0,0,on_recv,/Users/swchen.tw/git/percepio/poc/runs/tcp-workload-matrix-v1/A02-baseline/build/tcp_request_response_irq.o,
by_pc,2147495280,128,128,256,384,128,0,0,0,0,on_recv,/Users/swchen.tw/git/percepio/poc/runs/tcp-workload-matrix-v1/A02-baseline/build/tcp_request_response_irq.o,
by_pc,2147495282,128,128,256,384,128,0,0,0,0,on_recv,/Users/swchen.tw/git/percepio/poc/runs/tcp-workload-matrix-v1/A02-baseline/build/tcp_request_response_irq.o,
by_pc,2147495284,128,128,256,384,128,0,0,0,0,on_recv,/Users/swchen.tw/git/percepio/poc/runs/tcp-workload-matrix-v1/A02-baseline/build/tcp_request_response_irq.o,
by_pc,2147502888,128,128,256,384,128,0,0,0,0,pbuf_get_at,/Users/swchen.tw/git/percepio/poc/runs/tcp-workload-matrix-v1/A02-baseline/build/pbuf.o,
by_pc,2147502890,128,2688,5376,5504,128,128,1024,0,1408,pbuf_get_at,/Users/swchen.tw/git/percepio/poc/runs/tcp-workload-matrix-v1/A02-baseline/build/pbuf.o,
by_pc,2147502892,128,128,256,384,128,0,0,0,0,pbuf_get_at,/Users/swchen.tw/git/percepio/poc/runs/tcp-workload-matrix-v1/A02-baseline/build/pbuf.o,
by_pc,2147502854,332,332,664,996,332,0,0,0,0,pbuf_try_get_at,/Users/swchen.tw/git/percepio/poc/runs/tcp-workload-matrix-v1/A02-baseline/build/pbuf.o,
by_pc,2147502856,332,664,1328,1660,332,332,0,0,0,pbuf_try_get_at,/Users/swchen.tw/git/percepio/poc/runs/tcp-workload-matrix-v1/A02-baseline/build/pbuf.o,
by_pc,2147502860,332,332,664,996,332,0,0,0,0,pbuf_try_get_at,/Users/swchen.tw/git/percepio/poc/runs/tcp-workload-matrix-v1/A02-baseline/build/pbuf.o,
by_pc,2147502864,128,256,512,640,128,128,0,0,0,pbuf_try_get_at,/Users/swchen.tw/git/percepio/poc/runs/tcp-workload-matrix-v1/A02-baseline/build/pbuf.o,
by_pc,2147502866,128,128,256,384,128,0,0,0,0,pbuf_try_get_at,/Users/swchen.tw/git/percepio/poc/runs/tcp-workload-matrix-v1/A02-baseline/build/pbuf.o,
by_pc,2147502868,128,256,512,640,128,128,0,0,0,pbuf_try_get_at,/Users/swchen.tw/git/percepio/poc/runs/tcp-workload-matrix-v1/A02-baseline/build/pbuf.o,
by_pc,2147502872,128,128,256,384,128,0,0,0,0,pbuf_try_get_at,/Users/swchen.tw/git/percepio/poc/runs/tcp-workload-matrix-v1/A02-baseline/build/pbuf.o,
by_pc,2147502896,128,256,512,640,128,128,0,0,0,pbuf_get_at,/Users/swchen.tw/git/percepio/poc/runs/tcp-workload-matrix-v1/A02-baseline/build/pbuf.o,
by_pc,2147502898,128,128,256,384,128,0,0,0,0,pbuf_get_at,/Users/swchen.tw/git/percepio/poc/runs/tcp-workload-matrix-v1/A02-baseline/build/pbuf.o,
by_pc,2147502902,128,128,256,384,128,0,0,0,0,pbuf_get_at,/Users/swchen.tw/git/percepio/poc/runs/tcp-workload-matrix-v1/A02-baseline/build/pbuf.o,
by_pc,2147502904,128,128,256,384,128,0,0,0,0,pbuf_get_at,/Users/swchen.tw/git/percepio/poc/runs/tcp-workload-matrix-v1/A02-baseline/build/pbuf.o,
by_pc,2147502906,128,128,256,384,128,0,0,0,0,pbuf_get_at,/Users/swchen.tw/git/percepio/poc/runs/tcp-workload-matrix-v1/A02-baseline/build/pbuf.o,
by_pc,2147502910,128,128,256,384,128,0,0,0,0,pbuf_get_at,/Users/swchen.tw/git/percepio/poc/runs/tcp-workload-matrix-v1/A02-baseline/build/pbuf.o,
by_pc,2147502912,128,162,324,452,128,0,16,18,0,pbuf_get_at,/Users/swchen.tw/git/percepio/poc/runs/tcp-workload-matrix-v1/A02-baseline/build/pbuf.o,
by_pc,2147495288,128,256,512,640,128,128,0,0,0,on_recv,/Users/swchen.tw/git/percepio/poc/runs/tcp-workload-matrix-v1/A02-baseline/build/tcp_request_response_irq.o,
by_pc,2147495292,128,128,256,384,128,0,0,0,0,on_recv,/Users/swchen.tw/git/percepio/poc/runs/tcp-workload-matrix-v1/A02-baseline/build/tcp_request_response_irq.o,
by_pc,2147495294,128,256,512,640,256,0,0,0,0,on_recv,/Users/swchen.tw/git/percepio/poc/runs/tcp-workload-matrix-v1/A02-baseline/build/tcp_request_response_irq.o,
by_pc,2147495298,128,128,256,384,128,0,0,0,0,on_recv,/Users/swchen.tw/git/percepio/poc/runs/tcp-workload-matrix-v1/A02-baseline/build/tcp_request_response_irq.o,
by_pc,2147495318,128,128,256,384,128,0,0,0,0,on_recv,/Users/swchen.tw/git/percepio/poc/runs/tcp-workload-matrix-v1/A02-baseline/build/tcp_request_response_irq.o,
by_pc,2147495320,128,128,256,384,128,0,0,0,0,on_recv,/Users/swchen.tw/git/percepio/poc/runs/tcp-workload-matrix-v1/A02-baseline/build/tcp_request_response_irq.o,
by_pc,2147502874,204,204,408,612,204,0,0,0,0,pbuf_try_get_at,/Users/swchen.tw/git/percepio/poc/runs/tcp-workload-matrix-v1/A02-baseline/build/pbuf.o,
by_pc,2147502876,204,204,408,612,204,0,0,0,0,pbuf_try_get_at,/Users/swchen.tw/git/percepio/poc/runs/tcp-workload-matrix-v1/A02-baseline/build/pbuf.o,
by_pc,2147502878,204,408,816,1020,204,204,0,0,0,pbuf_try_get_at,/Users/swchen.tw/git/percepio/poc/runs/tcp-workload-matrix-v1/A02-baseline/build/pbuf.o,
by_pc,2147502880,204,204,408,612,204,0,0,0,0,pbuf_try_get_at,/Users/swchen.tw/git/percepio/poc/runs/tcp-workload-matrix-v1/A02-baseline/build/pbuf.o,
by_pc,2147502882,204,204,408,612,204,0,0,0,0,pbuf_try_get_at,/Users/swchen.tw/git/percepio/poc/runs/tcp-workload-matrix-v1/A02-baseline/build/pbuf.o,
by_pc,2147495324,2,2,4,6,2,0,0,0,0,on_recv,/Users/swchen.tw/git/percepio/poc/runs/tcp-workload-matrix-v1/A02-baseline/build/tcp_request_response_irq.o,
by_pc,2147495328,2,4,8,10,2,2,0,0,0,on_recv,/Users/swchen.tw/git/percepio/poc/runs/tcp-workload-matrix-v1/A02-baseline/build/tcp_request_response_irq.o,
by_pc,2147495330,2,4,8,10,2,2,0,0,0,on_recv,/Users/swchen.tw/git/percepio/poc/runs/tcp-workload-matrix-v1/A02-baseline/build/tcp_request_response_irq.o,
by_pc,2147495334,2,2,4,6,2,0,0,0,0,on_recv,/Users/swchen.tw/git/percepio/poc/runs/tcp-workload-matrix-v1/A02-baseline/build/tcp_request_response_irq.o,
by_pc,2147495336,2,2,4,6,2,0,0,0,0,on_recv,/Users/swchen.tw/git/percepio/poc/runs/tcp-workload-matrix-v1/A02-baseline/build/tcp_request_response_irq.o,
by_pc,2147495338,2,42,84,86,2,2,16,0,22,on_recv,/Users/swchen.tw/git/percepio/poc/runs/tcp-workload-matrix-v1/A02-baseline/build/tcp_request_response_irq.o,
by_pc,2147495340,2,2,4,6,2,0,0,0,0,on_recv,/Users/swchen.tw/git/percepio/poc/runs/tcp-workload-matrix-v1/A02-baseline/build/tcp_request_response_irq.o,
by_pc,2147503492,2,36,72,74,2,0,16,18,0,tcp_recved,/Users/swchen.tw/git/percepio/poc/runs/tcp-workload-matrix-v1/A02-baseline/build/tcp.o,
by_pc,2147503494,2,2,4,6,2,0,0,0,0,tcp_recved,/Users/swchen.tw/git/percepio/poc/runs/tcp-workload-matrix-v1/A02-baseline/build/tcp.o,
by_pc,2147503496,2,42,84,86,2,2,16,0,22,tcp_recved,/Users/swchen.tw/git/percepio/poc/runs/tcp-workload-matrix-v1/A02-baseline/build/tcp.o,
by_pc,2147503498,2,42,84,86,2,2,16,0,22,tcp_recved,/Users/swchen.tw/git/percepio/poc/runs/tcp-workload-matrix-v1/A02-baseline/build/tcp.o,
by_pc,2147503500,2,4,8,10,2,2,0,0,0,tcp_recved,/Users/swchen.tw/git/percepio/poc/runs/tcp-workload-matrix-v1/A02-baseline/build/tcp.o,
by_pc,2147503504,2,2,4,6,2,0,0,0,0,tcp_recved,/Users/swchen.tw/git/percepio/poc/runs/tcp-workload-matrix-v1/A02-baseline/build/tcp.o,
by_pc,2147503506,2,2,4,6,2,0,0,0,0,tcp_recved,/Users/swchen.tw/git/percepio/poc/runs/tcp-workload-matrix-v1/A02-baseline/build/tcp.o,
by_pc,2147503508,2,2,4,6,2,0,0,0,0,tcp_recved,/Users/swchen.tw/git/percepio/poc/runs/tcp-workload-matrix-v1/A02-baseline/build/tcp.o,
by_pc,2147503510,2,2,4,6,2,0,0,0,0,tcp_recved,/Users/swchen.tw/git/percepio/poc/runs/tcp-workload-matrix-v1/A02-baseline/build/tcp.o,
by_pc,2147503514,2,2,4,6,2,0,0,0,0,tcp_recved,/Users/swchen.tw/git/percepio/poc/runs/tcp-workload-matrix-v1/A02-baseline/build/tcp.o,
by_pc,2147503516,2,2,4,6,2,0,0,0,0,tcp_recved,/Users/swchen.tw/git/percepio/poc/runs/tcp-workload-matrix-v1/A02-baseline/build/tcp.o,
by_pc,2147503520,2,2,4,6,2,0,0,0,0,tcp_recved,/Users/swchen.tw/git/percepio/poc/runs/tcp-workload-matrix-v1/A02-baseline/build/tcp.o,
by_pc,2147503530,2,42,84,86,2,2,16,0,22,tcp_recved,/Users/swchen.tw/git/percepio/poc/runs/tcp-workload-matrix-v1/A02-baseline/build/tcp.o,
by_pc,2147503534,2,2,4,6,2,0,0,0,0,tcp_recved,/Users/swchen.tw/git/percepio/poc/runs/tcp-workload-matrix-v1/A02-baseline/build/tcp.o,
by_pc,2147503536,2,2,4,6,2,0,0,0,0,tcp_recved,/Users/swchen.tw/git/percepio/poc/runs/tcp-workload-matrix-v1/A02-baseline/build/tcp.o,
by_pc,2147503540,2,2,4,6,2,0,0,0,0,tcp_recved,/Users/swchen.tw/git/percepio/poc/runs/tcp-workload-matrix-v1/A02-baseline/build/tcp.o,
by_pc,2147503544,2,2,4,6,2,0,0,0,0,tcp_recved,/Users/swchen.tw/git/percepio/poc/runs/tcp-workload-matrix-v1/A02-baseline/build/tcp.o,
by_pc,2147503572,2,20,40,42,2,2,16,0,0,tcp_recved,/Users/swchen.tw/git/percepio/poc/runs/tcp-workload-matrix-v1/A02-baseline/build/tcp.o,
by_pc,2147503574,2,4,8,10,2,2,0,0,0,tcp_recved,/Users/swchen.tw/git/percepio/poc/runs/tcp-workload-matrix-v1/A02-baseline/build/tcp.o,
by_pc,2147503576,2,2,4,6,2,0,0,0,0,tcp_recved,/Users/swchen.tw/git/percepio/poc/runs/tcp-workload-matrix-v1/A02-baseline/build/tcp.o,
by_pc,2147503578,2,2,4,6,2,0,0,0,0,tcp_recved,/Users/swchen.tw/git/percepio/poc/runs/tcp-workload-matrix-v1/A02-baseline/build/tcp.o,
by_pc,2147495344,2,2,4,6,2,0,0,0,0,on_recv,/Users/swchen.tw/git/percepio/poc/runs/tcp-workload-matrix-v1/A02-baseline/build/tcp_request_response_irq.o,
by_pc,2147495346,2,2,4,6,2,0,0,0,0,on_recv,/Users/swchen.tw/git/percepio/poc/runs/tcp-workload-matrix-v1/A02-baseline/build/tcp_request_response_irq.o,
by_pc,2147500434,16,32,64,80,16,16,0,0,0,mem_free,/Users/swchen.tw/git/percepio/poc/runs/tcp-workload-matrix-v1/A02-baseline/build/mem.o,
by_pc,2147500438,16,16,32,48,16,0,0,0,0,mem_free,/Users/swchen.tw/git/percepio/poc/runs/tcp-workload-matrix-v1/A02-baseline/build/mem.o,
by_pc,2147500444,16,32,64,80,16,16,0,0,0,mem_free,/Users/swchen.tw/git/percepio/poc/runs/tcp-workload-matrix-v1/A02-baseline/build/mem.o,
by_pc,2147500448,16,336,672,688,16,16,128,0,176,mem_free,/Users/swchen.tw/git/percepio/poc/runs/tcp-workload-matrix-v1/A02-baseline/build/mem.o,
by_pc,2147500452,16,16,32,48,16,0,0,0,0,mem_free,/Users/swchen.tw/git/percepio/poc/runs/tcp-workload-matrix-v1/A02-baseline/build/mem.o,
by_pc,2147500454,16,16,32,48,16,0,0,0,0,mem_free,/Users/swchen.tw/git/percepio/poc/runs/tcp-workload-matrix-v1/A02-baseline/build/mem.o,
by_pc,2147500458,4,4,8,12,4,0,0,0,0,mem_free,/Users/swchen.tw/git/percepio/poc/runs/tcp-workload-matrix-v1/A02-baseline/build/mem.o,
by_pc,2147500460,4,84,168,172,4,4,32,0,44,mem_free,/Users/swchen.tw/git/percepio/poc/runs/tcp-workload-matrix-v1/A02-baseline/build/mem.o,
by_pc,2147502034,12,12,24,36,12,0,0,0,0,pbuf_free,/Users/swchen.tw/git/percepio/poc/runs/tcp-workload-matrix-v1/A02-baseline/build/pbuf.o,
by_pc,2147502036,12,12,24,36,12,0,0,0,0,pbuf_free,/Users/swchen.tw/git/percepio/poc/runs/tcp-workload-matrix-v1/A02-baseline/build/pbuf.o,
by_pc,2147495350,2,2,4,6,2,0,0,0,0,on_recv,/Users/swchen.tw/git/percepio/poc/runs/tcp-workload-matrix-v1/A02-baseline/build/tcp_request_response_irq.o,
by_pc,2147495092,3,6,12,15,3,3,0,0,0,on_recv,/Users/swchen.tw/git/percepio/poc/runs/tcp-workload-matrix-v1/A02-baseline/build/tcp_request_response_irq.o,
by_pc,2147495094,3,6,12,15,3,3,0,0,0,on_recv,/Users/swchen.tw/git/percepio/poc/runs/tcp-workload-matrix-v1/A02-baseline/build/tcp_request_response_irq.o,
by_pc,2147495096,3,6,12,15,3,3,0,0,0,on_recv,/Users/swchen.tw/git/percepio/poc/runs/tcp-workload-matrix-v1/A02-baseline/build/tcp_request_response_irq.o,
by_pc,2147495098,3,6,12,15,3,3,0,0,0,on_recv,/Users/swchen.tw/git/percepio/poc/runs/tcp-workload-matrix-v1/A02-baseline/build/tcp_request_response_irq.o,
by_pc,2147495100,3,6,12,15,3,3,0,0,0,on_recv,/Users/swchen.tw/git/percepio/poc/runs/tcp-workload-matrix-v1/A02-baseline/build/tcp_request_response_irq.o,
by_pc,2147495102,3,6,12,15,3,3,0,0,0,on_recv,/Users/swchen.tw/git/percepio/poc/runs/tcp-workload-matrix-v1/A02-baseline/build/tcp_request_response_irq.o,
by_pc,2147495104,3,14,28,31,3,3,8,0,0,on_recv,/Users/swchen.tw/git/percepio/poc/runs/tcp-workload-matrix-v1/A02-baseline/build/tcp_request_response_irq.o,
by_pc,2147495106,3,6,12,15,3,3,0,0,0,on_recv,/Users/swchen.tw/git/percepio/poc/runs/tcp-workload-matrix-v1/A02-baseline/build/tcp_request_response_irq.o,
by_pc,2147495108,3,6,12,15,3,3,0,0,0,on_recv,/Users/swchen.tw/git/percepio/poc/runs/tcp-workload-matrix-v1/A02-baseline/build/tcp_request_response_irq.o,
by_pc,2147495110,3,6,12,15,3,3,0,0,0,on_recv,/Users/swchen.tw/git/percepio/poc/runs/tcp-workload-matrix-v1/A02-baseline/build/tcp_request_response_irq.o,
by_pc,2147495112,3,3,6,9,3,0,0,0,0,on_recv,/Users/swchen.tw/git/percepio/poc/runs/tcp-workload-matrix-v1/A02-baseline/build/tcp_request_response_irq.o,
by_pc,2147495114,3,3,6,9,3,0,0,0,0,on_recv,/Users/swchen.tw/git/percepio/poc/runs/tcp-workload-matrix-v1/A02-baseline/build/tcp_request_response_irq.o,
by_pc,2147495116,3,3,6,9,3,0,0,0,0,on_recv,/Users/swchen.tw/git/percepio/poc/runs/tcp-workload-matrix-v1/A02-baseline/build/tcp_request_response_irq.o,
by_pc,2147512432,2,2,4,6,2,0,0,0,0,tcp_input,/Users/swchen.tw/git/percepio/poc/runs/tcp-workload-matrix-v1/A02-baseline/build/tcp_in.o,
by_pc,2147512434,2,2,4,6,2,0,0,0,0,tcp_input,/Users/swchen.tw/git/percepio/poc/runs/tcp-workload-matrix-v1/A02-baseline/build/tcp_in.o,
by_pc,2147512438,2,2,4,6,2,0,0,0,0,tcp_input,/Users/swchen.tw/git/percepio/poc/runs/tcp-workload-matrix-v1/A02-baseline/build/tcp_in.o,
by_pc,2147498600,2,4,8,10,2,2,0,0,0,session_task,/Users/swchen.tw/git/percepio/poc/runs/tcp-workload-matrix-v1/A02-baseline/build/tcp_request_response_irq.o,
by_pc,2147498602,2,4,8,10,2,2,0,0,0,session_task,/Users/swchen.tw/git/percepio/poc/runs/tcp-workload-matrix-v1/A02-baseline/build/tcp_request_response_irq.o,
by_pc,2147498606,2,2,4,6,2,0,0,0,0,session_task,/Users/swchen.tw/git/percepio/poc/runs/tcp-workload-matrix-v1/A02-baseline/build/tcp_request_response_irq.o,
by_pc,2147498610,2,42,84,86,2,2,16,0,22,session_task,/Users/swchen.tw/git/percepio/poc/runs/tcp-workload-matrix-v1/A02-baseline/build/tcp_request_response_irq.o,
by_pc,2147498612,2,4,8,10,2,2,0,0,0,session_task,/Users/swchen.tw/git/percepio/poc/runs/tcp-workload-matrix-v1/A02-baseline/build/tcp_request_response_irq.o,
by_pc,2147498616,2,2,4,6,2,0,0,0,0,session_task,/Users/swchen.tw/git/percepio/poc/runs/tcp-workload-matrix-v1/A02-baseline/build/tcp_request_response_irq.o,
by_pc,2147498618,2,2,4,6,2,0,0,0,0,session_task,/Users/swchen.tw/git/percepio/poc/runs/tcp-workload-matrix-v1/A02-baseline/build/tcp_request_response_irq.o,
by_pc,2147498620,2,2,4,6,2,0,0,0,0,session_task,/Users/swchen.tw/git/percepio/poc/runs/tcp-workload-matrix-v1/A02-baseline/build/tcp_request_response_irq.o,
by_pc,2147498640,2,36,72,74,2,0,16,18,0,session_task,/Users/swchen.tw/git/percepio/poc/runs/tcp-workload-matrix-v1/A02-baseline/build/tcp_request_response_irq.o,
by_pc,2147498644,2,4,8,10,2,2,0,0,0,session_task,/Users/swchen.tw/git/percepio/poc/runs/tcp-workload-matrix-v1/A02-baseline/build/tcp_request_response_irq.o,
by_pc,2147498648,2,2,4,6,2,0,0,0,0,session_task,/Users/swchen.tw/git/percepio/poc/runs/tcp-workload-matrix-v1/A02-baseline/build/tcp_request_response_irq.o,
by_pc,2147498660,2,2,4,6,2,0,0,0,0,session_task,/Users/swchen.tw/git/percepio/poc/runs/tcp-workload-matrix-v1/A02-baseline/build/tcp_request_response_irq.o,
by_pc,2147498662,2,2,4,6,2,0,0,0,0,session_task,/Users/swchen.tw/git/percepio/poc/runs/tcp-workload-matrix-v1/A02-baseline/build/tcp_request_response_irq.o,
by_pc,2147498666,2,2,4,6,2,0,0,0,0,session_task,/Users/swchen.tw/git/percepio/poc/runs/tcp-workload-matrix-v1/A02-baseline/build/tcp_request_response_irq.o,
by_pc,2147498670,8,64,128,136,8,8,48,0,0,session_task,/Users/swchen.tw/git/percepio/poc/runs/tcp-workload-matrix-v1/A02-baseline/build/tcp_request_response_irq.o,
by_pc,2147498674,8,8,16,24,8,0,0,0,0,session_task,/Users/swchen.tw/git/percepio/poc/runs/tcp-workload-matrix-v1/A02-baseline/build/tcp_request_response_irq.o,
by_pc,2147498692,8,98,196,204,8,8,64,18,0,session_task,/Users/swchen.tw/git/percepio/poc/runs/tcp-workload-matrix-v1/A02-baseline/build/tcp_request_response_irq.o,
by_pc,2147498696,8,8,16,24,8,0,0,0,0,session_task,/Users/swchen.tw/git/percepio/poc/runs/tcp-workload-matrix-v1/A02-baseline/build/tcp_request_response_irq.o,
by_pc,2147498698,8,8,16,24,8,0,0,0,0,session_task,/Users/swchen.tw/git/percepio/poc/runs/tcp-workload-matrix-v1/A02-baseline/build/tcp_request_response_irq.o,
by_pc,2147498700,11680,11680,23360,35040,11680,0,0,0,0,session_task,/Users/swchen.tw/git/percepio/poc/runs/tcp-workload-matrix-v1/A02-baseline/build/tcp_request_response_irq.o,
by_pc,2147498704,11680,11680,23360,35040,11680,0,0,0,0,session_task,/Users/swchen.tw/git/percepio/poc/runs/tcp-workload-matrix-v1/A02-baseline/build/tcp_request_response_irq.o,
by_pc,2147498708,11680,11680,23360,35040,11680,0,0,0,0,session_task,/Users/swchen.tw/git/percepio/poc/runs/tcp-workload-matrix-v1/A02-baseline/build/tcp_request_response_irq.o,
by_pc,2147498712,11680,11680,23360,35040,11680,0,0,0,0,session_task,/Users/swchen.tw/git/percepio/poc/runs/tcp-workload-matrix-v1/A02-baseline/build/tcp_request_response_irq.o,
by_pc,2147498714,11680,11680,23360,35040,11680,0,0,0,0,session_task,/Users/swchen.tw/git/percepio/poc/runs/tcp-workload-matrix-v1/A02-baseline/build/tcp_request_response_irq.o,
by_pc,2147498718,11680,11680,23360,35040,11680,0,0,0,0,session_task,/Users/swchen.tw/git/percepio/poc/runs/tcp-workload-matrix-v1/A02-baseline/build/tcp_request_response_irq.o,
by_pc,2147498720,11680,11680,23360,35040,11680,0,0,0,0,session_task,/Users/swchen.tw/git/percepio/poc/runs/tcp-workload-matrix-v1/A02-baseline/build/tcp_request_response_irq.o,
by_pc,2147498722,11680,245730,491460,503140,11680,11680,93440,450,128480,session_task,/Users/swchen.tw/git/percepio/poc/runs/tcp-workload-matrix-v1/A02-baseline/build/tcp_request_response_irq.o,
by_pc,2147498726,11680,11680,23360,35040,11680,0,0,0,0,session_task,/Users/swchen.tw/git/percepio/poc/runs/tcp-workload-matrix-v1/A02-baseline/build/tcp_request_response_irq.o,
by_pc,2147498730,8,8,16,24,8,0,0,0,0,session_task,/Users/swchen.tw/git/percepio/poc/runs/tcp-workload-matrix-v1/A02-baseline/build/tcp_request_response_irq.o,
by_pc,2147498734,8,8,16,24,8,0,0,0,0,session_task,/Users/swchen.tw/git/percepio/poc/runs/tcp-workload-matrix-v1/A02-baseline/build/tcp_request_response_irq.o,
by_pc,2147498738,8,16,32,40,8,8,0,0,0,session_task,/Users/swchen.tw/git/percepio/poc/runs/tcp-workload-matrix-v1/A02-baseline/build/tcp_request_response_irq.o,
by_pc,2147498742,8,8,16,24,8,0,0,0,0,session_task,/Users/swchen.tw/git/percepio/poc/runs/tcp-workload-matrix-v1/A02-baseline/build/tcp_request_response_irq.o,
by_pc,2147498744,8,8,16,24,8,0,0,0,0,session_task,/Users/swchen.tw/git/percepio/poc/runs/tcp-workload-matrix-v1/A02-baseline/build/tcp_request_response_irq.o,
by_pc,2147498746,8,8,16,24,8,0,0,0,0,session_task,/Users/swchen.tw/git/percepio/poc/runs/tcp-workload-matrix-v1/A02-baseline/build/tcp_request_response_irq.o,
by_pc,2147498750,8,98,196,204,16,0,64,18,0,session_task,/Users/swchen.tw/git/percepio/poc/runs/tcp-workload-matrix-v1/A02-baseline/build/tcp_request_response_irq.o,
by_pc,2147498754,8,168,336,344,8,8,64,0,88,session_task,/Users/swchen.tw/git/percepio/poc/runs/tcp-workload-matrix-v1/A02-baseline/build/tcp_request_response_irq.o,
by_pc,2147498756,8,168,336,344,8,8,64,0,88,session_task,/Users/swchen.tw/git/percepio/poc/runs/tcp-workload-matrix-v1/A02-baseline/build/tcp_request_response_irq.o,
by_pc,2147498760,8,168,336,344,8,8,64,0,88,session_task,/Users/swchen.tw/git/percepio/poc/runs/tcp-workload-matrix-v1/A02-baseline/build/tcp_request_response_irq.o,
by_pc,2147498764,8,8,16,24,8,0,0,0,0,session_task,/Users/swchen.tw/git/percepio/poc/runs/tcp-workload-matrix-v1/A02-baseline/build/tcp_request_response_irq.o,
by_pc,2147513326,8,90,180,188,8,0,64,18,0,tcp_write,/Users/swchen.tw/git/percepio/poc/runs/tcp-workload-matrix-v1/A02-baseline/build/tcp_out.o,
by_pc,2147513330,8,8,16,24,8,0,0,0,0,tcp_write,/Users/swchen.tw/git/percepio/poc/runs/tcp-workload-matrix-v1/A02-baseline/build/tcp_out.o,
by_pc,2147513332,8,168,336,344,8,8,64,0,88,tcp_write,/Users/swchen.tw/git/percepio/poc/runs/tcp-workload-matrix-v1/A02-baseline/build/tcp_out.o,
by_pc,2147513334,8,168,336,344,8,8,64,0,88,tcp_write,/Users/swchen.tw/git/percepio/poc/runs/tcp-workload-matrix-v1/A02-baseline/build/tcp_out.o,
by_pc,2147513336,8,168,336,344,8,8,64,0,88,tcp_write,/Users/swchen.tw/git/percepio/poc/runs/tcp-workload-matrix-v1/A02-baseline/build/tcp_out.o,
by_pc,2147513338,8,168,336,344,8,8,64,0,88,tcp_write,/Users/swchen.tw/git/percepio/poc/runs/tcp-workload-matrix-v1/A02-baseline/build/tcp_out.o,
by_pc,2147513340,8,168,336,344,8,8,64,0,88,tcp_write,/Users/swchen.tw/git/percepio/poc/runs/tcp-workload-matrix-v1/A02-baseline/build/tcp_out.o,
by_pc,2147513342,8,168,336,344,8,8,64,0,88,tcp_write,/Users/swchen.tw/git/percepio/poc/runs/tcp-workload-matrix-v1/A02-baseline/build/tcp_out.o,
by_pc,2147513344,8,250,500,508,8,8,128,18,88,tcp_write,/Users/swchen.tw/git/percepio/poc/runs/tcp-workload-matrix-v1/A02-baseline/build/tcp_out.o,
by_pc,2147513346,8,168,336,344,8,8,64,0,88,tcp_write,/Users/swchen.tw/git/percepio/poc/runs/tcp-workload-matrix-v1/A02-baseline/build/tcp_out.o,
by_pc,2147513348,8,168,336,344,8,8,64,0,88,tcp_write,/Users/swchen.tw/git/percepio/poc/runs/tcp-workload-matrix-v1/A02-baseline/build/tcp_out.o,
by_pc,2147513350,8,168,336,344,8,8,64,0,88,tcp_write,/Users/swchen.tw/git/percepio/poc/runs/tcp-workload-matrix-v1/A02-baseline/build/tcp_out.o,
by_pc,2147513352,8,168,336,344,8,8,64,0,88,tcp_write,/Users/swchen.tw/git/percepio/poc/runs/tcp-workload-matrix-v1/A02-baseline/build/tcp_out.o,
by_pc,2147513354,8,168,336,344,8,8,64,0,88,tcp_write,/Users/swchen.tw/git/percepio/poc/runs/tcp-workload-matrix-v1/A02-baseline/build/tcp_out.o,
by_pc,2147513356,8,168,336,344,8,8,64,0,88,tcp_write,/Users/swchen.tw/git/percepio/poc/runs/tcp-workload-matrix-v1/A02-baseline/build/tcp_out.o,
by_pc,2147513358,8,16,32,40,8,8,0,0,0,tcp_write,/Users/swchen.tw/git/percepio/poc/runs/tcp-workload-matrix-v1/A02-baseline/build/tcp_out.o,
by_pc,2147513362,8,16,32,40,8,8,0,0,0,tcp_write,/Users/swchen.tw/git/percepio/poc/runs/tcp-workload-matrix-v1/A02-baseline/build/tcp_out.o,
by_pc,2147513366,8,8,16,24,8,0,0,0,0,tcp_write,/Users/swchen.tw/git/percepio/poc/runs/tcp-workload-matrix-v1/A02-baseline/build/tcp_out.o,
by_pc,2147513368,8,8,16,24,8,0,0,0,0,tcp_write,/Users/swchen.tw/git/percepio/poc/runs/tcp-workload-matrix-v1/A02-baseline/build/tcp_out.o,
by_pc,2147513370,8,8,16,24,8,0,0,0,0,tcp_write,/Users/swchen.tw/git/percepio/poc/runs/tcp-workload-matrix-v1/A02-baseline/build/tcp_out.o,
by_pc,2147513372,8,8,16,24,8,0,0,0,0,tcp_write,/Users/swchen.tw/git/percepio/poc/runs/tcp-workload-matrix-v1/A02-baseline/build/tcp_out.o,
by_pc,2147513376,8,8,16,24,8,0,0,0,0,tcp_write,/Users/swchen.tw/git/percepio/poc/runs/tcp-workload-matrix-v1/A02-baseline/build/tcp_out.o,
by_pc,2147513378,8,8,16,24,8,0,0,0,0,tcp_write,/Users/swchen.tw/git/percepio/poc/runs/tcp-workload-matrix-v1/A02-baseline/build/tcp_out.o,
by_pc,2147513380,8,8,16,24,8,0,0,0,0,tcp_write,/Users/swchen.tw/git/percepio/poc/runs/tcp-workload-matrix-v1/A02-baseline/build/tcp_out.o,
by_pc,2147513382,8,8,16,24,8,0,0,0,0,tcp_write,/Users/swchen.tw/git/percepio/poc/runs/tcp-workload-matrix-v1/A02-baseline/build/tcp_out.o,
by_pc,2147513384,8,8,16,24,8,0,0,0,0,tcp_write,/Users/swchen.tw/git/percepio/poc/runs/tcp-workload-matrix-v1/A02-baseline/build/tcp_out.o,
by_pc,2147513386,8,8,16,24,8,0,0,0,0,tcp_write,/Users/swchen.tw/git/percepio/poc/runs/tcp-workload-matrix-v1/A02-baseline/build/tcp_out.o,
by_pc,2147513388,8,8,16,24,8,0,0,0,0,tcp_write,/Users/swchen.tw/git/percepio/poc/runs/tcp-workload-matrix-v1/A02-baseline/build/tcp_out.o,
by_pc,2147513390,8,16,32,40,8,8,0,0,0,tcp_write,/Users/swchen.tw/git/percepio/poc/runs/tcp-workload-matrix-v1/A02-baseline/build/tcp_out.o,
by_pc,2147513392,8,8,16,24,8,0,0,0,0,tcp_write,/Users/swchen.tw/git/percepio/poc/runs/tcp-workload-matrix-v1/A02-baseline/build/tcp_out.o,
by_pc,2147513396,8,8,16,24,8,0,0,0,0,tcp_write,/Users/swchen.tw/git/percepio/poc/runs/tcp-workload-matrix-v1/A02-baseline/build/tcp_out.o,
by_pc,2147513400,8,8,16,24,8,0,0,0,0,tcp_write,/Users/swchen.tw/git/percepio/poc/runs/tcp-workload-matrix-v1/A02-baseline/build/tcp_out.o,
by_pc,2147513408,8,34,68,76,8,0,8,18,0,tcp_write,/Users/swchen.tw/git/percepio/poc/runs/tcp-workload-matrix-v1/A02-baseline/build/tcp_out.o,
by_pc,2147513410,8,16,32,40,8,8,0,0,0,tcp_write,/Users/swchen.tw/git/percepio/poc/runs/tcp-workload-matrix-v1/A02-baseline/build/tcp_out.o,
by_pc,2147513414,8,8,16,24,8,0,0,0,0,tcp_write,/Users/swchen.tw/git/percepio/poc/runs/tcp-workload-matrix-v1/A02-baseline/build/tcp_out.o,
by_pc,2147513462,8,16,32,40,8,8,0,0,0,tcp_write,/Users/swchen.tw/git/percepio/poc/runs/tcp-workload-matrix-v1/A02-baseline/build/tcp_out.o,
by_pc,2147513466,8,8,16,24,8,0,0,0,0,tcp_write,/Users/swchen.tw/git/percepio/poc/runs/tcp-workload-matrix-v1/A02-baseline/build/tcp_out.o,
by_pc,2147513468,8,8,16,24,8,0,0,0,0,tcp_write,/Users/swchen.tw/git/percepio/poc/runs/tcp-workload-matrix-v1/A02-baseline/build/tcp_out.o,
by_pc,2147513492,8,50,100,108,8,8,16,18,0,tcp_write,/Users/swchen.tw/git/percepio/poc/runs/tcp-workload-matrix-v1/A02-baseline/build/tcp_out.o,
by_pc,2147513496,8,16,32,40,8,8,0,0,0,tcp_write,/Users/swchen.tw/git/percepio/poc/runs/tcp-workload-matrix-v1/A02-baseline/build/tcp_out.o,
by_pc,2147513500,8,8,16,24,8,0,0,0,0,tcp_write,/Users/swchen.tw/git/percepio/poc/runs/tcp-workload-matrix-v1/A02-baseline/build/tcp_out.o,
by_pc,2147513502,8,8,16,24,8,0,0,0,0,tcp_write,/Users/swchen.tw/git/percepio/poc/runs/tcp-workload-matrix-v1/A02-baseline/build/tcp_out.o,
by_pc,2147513504,8,8,16,24,8,0,0,0,0,tcp_write,/Users/swchen.tw/git/percepio/poc/runs/tcp-workload-matrix-v1/A02-baseline/build/tcp_out.o,
by_pc,2147513506,8,8,16,24,8,0,0,0,0,tcp_write,/Users/swchen.tw/git/percepio/poc/runs/tcp-workload-matrix-v1/A02-baseline/build/tcp_out.o,
by_pc,2147513972,8,90,180,188,8,0,64,18,0,tcp_write,/Users/swchen.tw/git/percepio/poc/runs/tcp-workload-matrix-v1/A02-baseline/build/tcp_out.o,
by_pc,2147513974,8,8,16,24,8,0,0,0,0,tcp_write,/Users/swchen.tw/git/percepio/poc/runs/tcp-workload-matrix-v1/A02-baseline/build/tcp_out.o,
by_pc,2147513976,8,8,16,24,8,0,0,0,0,tcp_write,/Users/swchen.tw/git/percepio/poc/runs/tcp-workload-matrix-v1/A02-baseline/build/tcp_out.o,
by_pc,2147513978,8,8,16,24,8,0,0,0,0,tcp_write,/Users/swchen.tw/git/percepio/poc/runs/tcp-workload-matrix-v1/A02-baseline/build/tcp_out.o,
by_pc,2147513980,8,8,16,24,8,0,0,0,0,tcp_write,/Users/swchen.tw/git/percepio/poc/runs/tcp-workload-matrix-v1/A02-baseline/build/tcp_out.o,
by_pc,2147513622,8,58,116,124,8,0,32,18,0,tcp_write,/Users/swchen.tw/git/percepio/poc/runs/tcp-workload-matrix-v1/A02-baseline/build/tcp_out.o,
by_pc,2147513626,8,8,16,24,8,0,0,0,0,tcp_write,/Users/swchen.tw/git/percepio/poc/runs/tcp-workload-matrix-v1/A02-baseline/build/tcp_out.o,
by_pc,2147513628,8,168,336,344,8,8,64,0,88,tcp_write,/Users/swchen.tw/git/percepio/poc/runs/tcp-workload-matrix-v1/A02-baseline/build/tcp_out.o,
by_pc,2147513630,8,168,336,344,8,8,64,0,88,tcp_write,/Users/swchen.tw/git/percepio/poc/runs/tcp-workload-matrix-v1/A02-baseline/build/tcp_out.o,
by_pc,2147513634,8,168,336,344,8,8,64,0,88,tcp_write,/Users/swchen.tw/git/percepio/poc/runs/tcp-workload-matrix-v1/A02-baseline/build/tcp_out.o,
by_pc,2147513636,8,8,16,24,8,0,0,0,0,tcp_write,/Users/swchen.tw/git/percepio/poc/runs/tcp-workload-matrix-v1/A02-baseline/build/tcp_out.o,
by_pc,2147513932,16,16,32,48,16,0,0,0,0,tcp_write,/Users/swchen.tw/git/percepio/poc/runs/tcp-workload-matrix-v1/A02-baseline/build/tcp_out.o,
by_pc,2147513694,8,50,100,108,8,0,24,18,0,tcp_write,/Users/swchen.tw/git/percepio/poc/runs/tcp-workload-matrix-v1/A02-baseline/build/tcp_out.o,
by_pc,2147513698,8,8,16,24,8,0,0,0,0,tcp_write,/Users/swchen.tw/git/percepio/poc/runs/tcp-workload-matrix-v1/A02-baseline/build/tcp_out.o,
by_pc,2147513700,8,8,16,24,8,0,0,0,0,tcp_write,/Users/swchen.tw/git/percepio/poc/runs/tcp-workload-matrix-v1/A02-baseline/build/tcp_out.o,
by_pc,2147513702,8,8,16,24,8,0,0,0,0,tcp_write,/Users/swchen.tw/git/percepio/poc/runs/tcp-workload-matrix-v1/A02-baseline/build/tcp_out.o,
by_pc,2147513704,8,8,16,24,8,0,0,0,0,tcp_write,/Users/swchen.tw/git/percepio/poc/runs/tcp-workload-matrix-v1/A02-baseline/build/tcp_out.o,
by_pc,2147513712,8,8,16,24,8,0,0,0,0,tcp_write,/Users/swchen.tw/git/percepio/poc/runs/tcp-workload-matrix-v1/A02-baseline/build/tcp_out.o,
by_pc,2147513716,8,8,16,24,8,0,0,0,0,tcp_write,/Users/swchen.tw/git/percepio/poc/runs/tcp-workload-matrix-v1/A02-baseline/build/tcp_out.o,
by_pc,2147513718,8,168,336,344,8,8,64,0,88,tcp_write,/Users/swchen.tw/git/percepio/poc/runs/tcp-workload-matrix-v1/A02-baseline/build/tcp_out.o,
by_pc,2147513720,8,16,32,40,8,8,0,0,0,tcp_write,/Users/swchen.tw/git/percepio/poc/runs/tcp-workload-matrix-v1/A02-baseline/build/tcp_out.o,
by_pc,2147513722,8,8,16,24,8,0,0,0,0,tcp_write,/Users/swchen.tw/git/percepio/poc/runs/tcp-workload-matrix-v1/A02-baseline/build/tcp_out.o,
by_pc,2147513780,8,50,100,108,8,8,16,18,0,tcp_write,/Users/swchen.tw/git/percepio/poc/runs/tcp-workload-matrix-v1/A02-baseline/build/tcp_out.o,
by_pc,2147513782,8,8,16,24,8,0,0,0,0,tcp_write,/Users/swchen.tw/git/percepio/poc/runs/tcp-workload-matrix-v1/A02-baseline/build/tcp_out.o,
by_pc,2147513784,8,8,16,24,8,0,0,0,0,tcp_write,/Users/swchen.tw/git/percepio/poc/runs/tcp-workload-matrix-v1/A02-baseline/build/tcp_out.o,
by_pc,2147513788,8,8,16,24,8,0,0,0,0,tcp_write,/Users/swchen.tw/git/percepio/poc/runs/tcp-workload-matrix-v1/A02-baseline/build/tcp_out.o,
by_pc,2147502084,8,8,16,24,8,0,0,0,0,pbuf_alloc,/Users/swchen.tw/git/percepio/poc/runs/tcp-workload-matrix-v1/A02-baseline/build/pbuf.o,
by_pc,2147502088,8,8,16,24,8,0,0,0,0,pbuf_alloc,/Users/swchen.tw/git/percepio/poc/runs/tcp-workload-matrix-v1/A02-baseline/build/pbuf.o,
by_pc,2147502090,8,8,16,24,8,0,0,0,0,pbuf_alloc,/Users/swchen.tw/git/percepio/poc/runs/tcp-workload-matrix-v1/A02-baseline/build/pbuf.o,
by_pc,2147502094,8,16,32,40,8,8,0,0,0,pbuf_alloc,/Users/swchen.tw/git/percepio/poc/runs/tcp-workload-matrix-v1/A02-baseline/build/pbuf.o,
by_pc,2147502096,8,16,32,40,8,8,0,0,0,pbuf_alloc,/Users/swchen.tw/git/percepio/poc/runs/tcp-workload-matrix-v1/A02-baseline/build/pbuf.o,
by_pc,2147502098,8,16,32,40,8,8,0,0,0,pbuf_alloc,/Users/swchen.tw/git/percepio/poc/runs/tcp-workload-matrix-v1/A02-baseline/build/pbuf.o,
by_pc,2147502100,8,16,32,40,8,8,0,0,0,pbuf_alloc,/Users/swchen.tw/git/percepio/poc/runs/tcp-workload-matrix-v1/A02-baseline/build/pbuf.o,
by_pc,2147502102,8,16,32,40,8,8,0,0,0,pbuf_alloc,/Users/swchen.tw/git/percepio/poc/runs/tcp-workload-matrix-v1/A02-baseline/build/pbuf.o,
by_pc,2147502104,8,16,32,40,8,8,0,0,0,pbuf_alloc,/Users/swchen.tw/git/percepio/poc/runs/tcp-workload-matrix-v1/A02-baseline/build/pbuf.o,
by_pc,2147502106,8,16,32,40,8,8,0,0,0,pbuf_alloc,/Users/swchen.tw/git/percepio/poc/runs/tcp-workload-matrix-v1/A02-baseline/build/pbuf.o,
by_pc,2147502108,8,8,16,24,8,0,0,0,0,pbuf_alloc,/Users/swchen.tw/git/percepio/poc/runs/tcp-workload-matrix-v1/A02-baseline/build/pbuf.o,
by_pc,2147502110,8,8,16,24,8,0,0,0,0,pbuf_alloc,/Users/swchen.tw/git/percepio/poc/runs/tcp-workload-matrix-v1/A02-baseline/build/pbuf.o,
by_pc,2147502112,8,8,16,24,8,0,0,0,0,pbuf_alloc,/Users/swchen.tw/git/percepio/poc/runs/tcp-workload-matrix-v1/A02-baseline/build/pbuf.o,
by_pc,2147501804,8,72,144,152,8,0,64,0,0,pbuf_alloc_reference,/Users/swchen.tw/git/percepio/poc/runs/tcp-workload-matrix-v1/A02-baseline/build/pbuf.o,
by_pc,2147501806,8,168,336,344,8,8,64,0,88,pbuf_alloc_reference,/Users/swchen.tw/git/percepio/poc/runs/tcp-workload-matrix-v1/A02-baseline/build/pbuf.o,
by_pc,2147501808,8,8,16,24,8,0,0,0,0,pbuf_alloc_reference,/Users/swchen.tw/git/percepio/poc/runs/tcp-workload-matrix-v1/A02-baseline/build/pbuf.o,
by_pc,2147501810,8,8,16,24,8,0,0,0,0,pbuf_alloc_reference,/Users/swchen.tw/git/percepio/poc/runs/tcp-workload-matrix-v1/A02-baseline/build/pbuf.o,
by_pc,2147501812,8,168,336,344,8,8,64,0,88,pbuf_alloc_reference,/Users/swchen.tw/git/percepio/poc/runs/tcp-workload-matrix-v1/A02-baseline/build/pbuf.o,
by_pc,2147501814,8,168,336,344,8,8,64,0,88,pbuf_alloc_reference,/Users/swchen.tw/git/percepio/poc/runs/tcp-workload-matrix-v1/A02-baseline/build/pbuf.o,
by_pc,2147501816,8,168,336,344,8,8,64,0,88,pbuf_alloc_reference,/Users/swchen.tw/git/percepio/poc/runs/tcp-workload-matrix-v1/A02-baseline/build/pbuf.o,
by_pc,2147501818,8,8,16,24,8,0,0,0,0,pbuf_alloc_reference,/Users/swchen.tw/git/percepio/poc/runs/tcp-workload-matrix-v1/A02-baseline/build/pbuf.o,
by_pc,2147501822,8,8,16,24,8,0,0,0,0,pbuf_alloc_reference,/Users/swchen.tw/git/percepio/poc/runs/tcp-workload-matrix-v1/A02-baseline/build/pbuf.o,
by_pc,2147501824,8,24,48,56,8,8,8,0,0,pbuf_alloc_reference,/Users/swchen.tw/git/percepio/poc/runs/tcp-workload-matrix-v1/A02-baseline/build/pbuf.o,
by_pc,2147501826,8,16,32,40,8,8,0,0,0,pbuf_alloc_reference,/Users/swchen.tw/git/percepio/poc/runs/tcp-workload-matrix-v1/A02-baseline/build/pbuf.o,
by_pc,2147501828,8,8,16,24,8,0,0,0,0,pbuf_alloc_reference,/Users/swchen.tw/git/percepio/poc/runs/tcp-workload-matrix-v1/A02-baseline/build/pbuf.o,
by_pc,2147501830,8,168,336,344,8,8,64,0,88,pbuf_alloc_reference,/Users/swchen.tw/git/percepio/poc/runs/tcp-workload-matrix-v1/A02-baseline/build/pbuf.o,
by_pc,2147501834,8,168,336,344,8,8,64,0,88,pbuf_alloc_reference,/Users/swchen.tw/git/percepio/poc/runs/tcp-workload-matrix-v1/A02-baseline/build/pbuf.o,
by_pc,2147501836,8,168,336,344,8,8,64,0,88,pbuf_alloc_reference,/Users/swchen.tw/git/percepio/poc/runs/tcp-workload-matrix-v1/A02-baseline/build/pbuf.o,
by_pc,2147501840,8,168,336,344,8,8,64,0,88,pbuf_alloc_reference,/Users/swchen.tw/git/percepio/poc/runs/tcp-workload-matrix-v1/A02-baseline/build/pbuf.o,
by_pc,2147501844,8,168,336,344,8,8,64,0,88,pbuf_alloc_reference,/Users/swchen.tw/git/percepio/poc/runs/tcp-workload-matrix-v1/A02-baseline/build/pbuf.o,
by_pc,2147501848,8,168,336,344,8,8,64,0,88,pbuf_alloc_reference,/Users/swchen.tw/git/percepio/poc/runs/tcp-workload-matrix-v1/A02-baseline/build/pbuf.o,
by_pc,2147501852,8,168,336,344,8,8,64,0,88,pbuf_alloc_reference,/Users/swchen.tw/git/percepio/poc/runs/tcp-workload-matrix-v1/A02-baseline/build/pbuf.o,
by_pc,2147501856,8,16,32,40,8,8,0,0,0,pbuf_alloc_reference,/Users/swchen.tw/git/percepio/poc/runs/tcp-workload-matrix-v1/A02-baseline/build/pbuf.o,
by_pc,2147501858,8,16,32,40,8,8,0,0,0,pbuf_alloc_reference,/Users/swchen.tw/git/percepio/poc/runs/tcp-workload-matrix-v1/A02-baseline/build/pbuf.o,
by_pc,2147501860,8,8,16,24,8,0,0,0,0,pbuf_alloc_reference,/Users/swchen.tw/git/percepio/poc/runs/tcp-workload-matrix-v1/A02-baseline/build/pbuf.o,
by_pc,2147501862,8,8,16,24,8,0,0,0,0,pbuf_alloc_reference,/Users/swchen.tw/git/percepio/poc/runs/tcp-workload-matrix-v1/A02-baseline/build/pbuf.o,
by_pc,2147513792,8,90,180,188,8,0,64,18,0,tcp_write,/Users/swchen.tw/git/percepio/poc/runs/tcp-workload-matrix-v1/A02-baseline/build/tcp_out.o,
by_pc,2147513794,8,8,16,24,8,0,0,0,0,tcp_write,/Users/swchen.tw/git/percepio/poc/runs/tcp-workload-matrix-v1/A02-baseline/build/tcp_out.o,
by_pc,2147513798,8,168,336,344,8,8,64,0,88,tcp_write,/Users/swchen.tw/git/percepio/poc/runs/tcp-workload-matrix-v1/A02-baseline/build/tcp_out.o,
by_pc,2147513800,8,168,336,344,8,8,64,0,88,tcp_write,/Users/swchen.tw/git/percepio/poc/runs/tcp-workload-matrix-v1/A02-baseline/build/tcp_out.o,
by_pc,2147513802,8,8,16,24,8,0,0,0,0,tcp_write,/Users/swchen.tw/git/percepio/poc/runs/tcp-workload-matrix-v1/A02-baseline/build/tcp_out.o,
by_pc,2147513806,8,8,16,24,8,0,0,0,0,tcp_write,/Users/swchen.tw/git/percepio/poc/runs/tcp-workload-matrix-v1/A02-baseline/build/tcp_out.o,
by_pc,2147513808,8,8,16,24,8,0,0,0,0,tcp_write,/Users/swchen.tw/git/percepio/poc/runs/tcp-workload-matrix-v1/A02-baseline/build/tcp_out.o,
by_pc,2147513812,8,8,16,24,8,0,0,0,0,tcp_write,/Users/swchen.tw/git/percepio/poc/runs/tcp-workload-matrix-v1/A02-baseline/build/tcp_out.o,
by_pc,2147513816,8,16,32,40,8,8,0,0,0,tcp_write,/Users/swchen.tw/git/percepio/poc/runs/tcp-workload-matrix-v1/A02-baseline/build/tcp_out.o,
by_pc,2147513818,8,8,16,24,8,0,0,0,0,tcp_write,/Users/swchen.tw/git/percepio/poc/runs/tcp-workload-matrix-v1/A02-baseline/build/tcp_out.o,
by_pc,2147513820,8,8,16,24,8,0,0,0,0,tcp_write,/Users/swchen.tw/git/percepio/poc/runs/tcp-workload-matrix-v1/A02-baseline/build/tcp_out.o,
by_pc,2147513882,8,90,180,188,8,0,64,18,0,tcp_write,/Users/swchen.tw/git/percepio/poc/runs/tcp-workload-matrix-v1/A02-baseline/build/tcp_out.o,
by_pc,2147513884,8,8,16,24,8,0,0,0,0,tcp_write,/Users/swchen.tw/git/percepio/poc/runs/tcp-workload-matrix-v1/A02-baseline/build/tcp_out.o,
by_pc,2147513888,8,8,16,24,8,0,0,0,0,tcp_write,/Users/swchen.tw/git/percepio/poc/runs/tcp-workload-matrix-v1/A02-baseline/build/tcp_out.o,
by_pc,2147513754,8,8,16,24,8,0,0,0,0,tcp_write,/Users/swchen.tw/git/percepio/poc/runs/tcp-workload-matrix-v1/A02-baseline/build/tcp_out.o,
by_pc,2147513756,8,8,16,24,8,0,0,0,0,tcp_write,/Users/swchen.tw/git/percepio/poc/runs/tcp-workload-matrix-v1/A02-baseline/build/tcp_out.o,
by_pc,2147513760,8,8,16,24,8,0,0,0,0,tcp_write,/Users/swchen.tw/git/percepio/poc/runs/tcp-workload-matrix-v1/A02-baseline/build/tcp_out.o,
by_pc,2147513762,8,8,16,24,8,0,0,0,0,tcp_write,/Users/swchen.tw/git/percepio/poc/runs/tcp-workload-matrix-v1/A02-baseline/build/tcp_out.o,
by_pc,2147513766,8,8,16,24,8,0,0,0,0,tcp_write,/Users/swchen.tw/git/percepio/poc/runs/tcp-workload-matrix-v1/A02-baseline/build/tcp_out.o,
by_pc,2147513770,8,8,16,24,8,0,0,0,0,tcp_write,/Users/swchen.tw/git/percepio/poc/runs/tcp-workload-matrix-v1/A02-baseline/build/tcp_out.o,
by_pc,2147513772,8,8,16,24,8,0,0,0,0,tcp_write,/Users/swchen.tw/git/percepio/poc/runs/tcp-workload-matrix-v1/A02-baseline/build/tcp_out.o,
by_pc,2147513890,8,16,32,40,8,8,0,0,0,tcp_write,/Users/swchen.tw/git/percepio/poc/runs/tcp-workload-matrix-v1/A02-baseline/build/tcp_out.o,
by_pc,2147513892,8,8,16,24,8,0,0,0,0,tcp_write,/Users/swchen.tw/git/percepio/poc/runs/tcp-workload-matrix-v1/A02-baseline/build/tcp_out.o,
by_pc,2147513894,8,8,16,24,8,0,0,0,0,tcp_write,/Users/swchen.tw/git/percepio/poc/runs/tcp-workload-matrix-v1/A02-baseline/build/tcp_out.o,
by_pc,2147513896,8,8,16,24,8,0,0,0,0,tcp_write,/Users/swchen.tw/git/percepio/poc/runs/tcp-workload-matrix-v1/A02-baseline/build/tcp_out.o,
by_pc,2147513898,8,8,16,24,8,0,0,0,0,tcp_write,/Users/swchen.tw/git/percepio/poc/runs/tcp-workload-matrix-v1/A02-baseline/build/tcp_out.o,
by_pc,2147513900,8,8,16,24,8,0,0,0,0,tcp_write,/Users/swchen.tw/git/percepio/poc/runs/tcp-workload-matrix-v1/A02-baseline/build/tcp_out.o,
by_pc,2147513902,8,8,16,24,8,0,0,0,0,tcp_write,/Users/swchen.tw/git/percepio/poc/runs/tcp-workload-matrix-v1/A02-baseline/build/tcp_out.o,
by_pc,2147513906,8,8,16,24,8,0,0,0,0,tcp_write,/Users/swchen.tw/git/percepio/poc/runs/tcp-workload-matrix-v1/A02-baseline/build/tcp_out.o,
by_pc,2147513908,8,8,16,24,8,0,0,0,0,tcp_write,/Users/swchen.tw/git/percepio/poc/runs/tcp-workload-matrix-v1/A02-baseline/build/tcp_out.o,
by_pc,2147513910,8,8,16,24,8,0,0,0,0,tcp_write,/Users/swchen.tw/git/percepio/poc/runs/tcp-workload-matrix-v1/A02-baseline/build/tcp_out.o,
by_pc,2147513968,8,8,16,24,8,0,0,0,0,tcp_write,/Users/swchen.tw/git/percepio/poc/runs/tcp-workload-matrix-v1/A02-baseline/build/tcp_out.o,
by_pc,2147513970,8,8,16,24,8,0,0,0,0,tcp_write,/Users/swchen.tw/git/percepio/poc/runs/tcp-workload-matrix-v1/A02-baseline/build/tcp_out.o,
by_pc,2147513918,8,16,32,40,8,8,0,0,0,tcp_write,/Users/swchen.tw/git/percepio/poc/runs/tcp-workload-matrix-v1/A02-baseline/build/tcp_out.o,
by_pc,2147513920,8,168,336,344,8,8,64,0,88,tcp_write,/Users/swchen.tw/git/percepio/poc/runs/tcp-workload-matrix-v1/A02-baseline/build/tcp_out.o,
by_pc,2147513922,8,8,16,24,8,0,0,0,0,tcp_write,/Users/swchen.tw/git/percepio/poc/runs/tcp-workload-matrix-v1/A02-baseline/build/tcp_out.o,
by_pc,2147513924,8,8,16,24,8,0,0,0,0,tcp_write,/Users/swchen.tw/git/percepio/poc/runs/tcp-workload-matrix-v1/A02-baseline/build/tcp_out.o,
by_pc,2147513928,8,8,16,24,8,0,0,0,0,tcp_write,/Users/swchen.tw/git/percepio/poc/runs/tcp-workload-matrix-v1/A02-baseline/build/tcp_out.o,
by_pc,2147513936,8,8,16,24,8,0,0,0,0,tcp_write,/Users/swchen.tw/git/percepio/poc/runs/tcp-workload-matrix-v1/A02-baseline/build/tcp_out.o,
by_pc,2147513988,8,90,180,188,8,0,64,18,0,tcp_write,/Users/swchen.tw/git/percepio/poc/runs/tcp-workload-matrix-v1/A02-baseline/build/tcp_out.o,
by_pc,2147514036,8,8,16,24,8,0,0,0,0,tcp_write,/Users/swchen.tw/git/percepio/poc/runs/tcp-workload-matrix-v1/A02-baseline/build/tcp_out.o,
by_pc,2147514040,8,168,336,344,8,8,64,0,88,tcp_write,/Users/swchen.tw/git/percepio/poc/runs/tcp-workload-matrix-v1/A02-baseline/build/tcp_out.o,
by_pc,2147514044,8,16,32,40,8,8,0,0,0,tcp_write,/Users/swchen.tw/git/percepio/poc/runs/tcp-workload-matrix-v1/A02-baseline/build/tcp_out.o,
by_pc,2147514046,8,276,552,560,16,8,128,36,88,tcp_write,/Users/swchen.tw/git/percepio/poc/runs/tcp-workload-matrix-v1/A02-baseline/build/tcp_out.o,
by_pc,2147514050,8,8,16,24,8,0,0,0,0,tcp_write,/Users/swchen.tw/git/percepio/poc/runs/tcp-workload-matrix-v1/A02-baseline/build/tcp_out.o,
by_pc,2147514052,8,168,336,344,8,8,64,0,88,tcp_write,/Users/swchen.tw/git/percepio/poc/runs/tcp-workload-matrix-v1/A02-baseline/build/tcp_out.o,
by_pc,2147514054,8,16,32,40,8,8,0,0,0,tcp_write,/Users/swchen.tw/git/percepio/poc/runs/tcp-workload-matrix-v1/A02-baseline/build/tcp_out.o,
by_pc,2147514058,8,8,16,24,8,0,0,0,0,tcp_write,/Users/swchen.tw/git/percepio/poc/runs/tcp-workload-matrix-v1/A02-baseline/build/tcp_out.o,
by_pc,2147514062,8,168,336,344,8,8,64,0,88,tcp_write,/Users/swchen.tw/git/percepio/poc/runs/tcp-workload-matrix-v1/A02-baseline/build/tcp_out.o,
by_pc,2147514066,8,8,16,24,8,0,0,0,0,tcp_write,/Users/swchen.tw/git/percepio/poc/runs/tcp-workload-matrix-v1/A02-baseline/build/tcp_out.o,
by_pc,2147514070,8,16,32,40,8,8,0,0,0,tcp_write,/Users/swchen.tw/git/percepio/poc/runs/tcp-workload-matrix-v1/A02-baseline/build/tcp_out.o,
by_pc,2147514074,8,8,16,24,8,0,0,0,0,tcp_write,/Users/swchen.tw/git/percepio/poc/runs/tcp-workload-matrix-v1/A02-baseline/build/tcp_out.o,
by_pc,2147514080,8,8,16,24,8,0,0,0,0,tcp_write,/Users/swchen.tw/git/percepio/poc/runs/tcp-workload-matrix-v1/A02-baseline/build/tcp_out.o,
by_pc,2147514084,8,8,16,24,8,0,0,0,0,tcp_write,/Users/swchen.tw/git/percepio/poc/runs/tcp-workload-matrix-v1/A02-baseline/build/tcp_out.o,
by_pc,2147514088,8,16,32,40,8,8,0,0,0,tcp_write,/Users/swchen.tw/git/percepio/poc/runs/tcp-workload-matrix-v1/A02-baseline/build/tcp_out.o,
by_pc,2147514092,8,16,32,40,8,8,0,0,0,tcp_write,/Users/swchen.tw/git/percepio/poc/runs/tcp-workload-matrix-v1/A02-baseline/build/tcp_out.o,
by_pc,2147514096,8,8,16,24,8,0,0,0,0,tcp_write,/Users/swchen.tw/git/percepio/poc/runs/tcp-workload-matrix-v1/A02-baseline/build/tcp_out.o,
by_pc,2147514098,8,8,16,24,8,0,0,0,0,tcp_write,/Users/swchen.tw/git/percepio/poc/runs/tcp-workload-matrix-v1/A02-baseline/build/tcp_out.o,
by_pc,2147514102,8,8,16,24,8,0,0,0,0,tcp_write,/Users/swchen.tw/git/percepio/poc/runs/tcp-workload-matrix-v1/A02-baseline/build/tcp_out.o,
by_pc,2147514104,8,8,16,24,8,0,0,0,0,tcp_write,/Users/swchen.tw/git/percepio/poc/runs/tcp-workload-matrix-v1/A02-baseline/build/tcp_out.o,
by_pc,2147514108,8,16,32,40,8,8,0,0,0,tcp_write,/Users/swchen.tw/git/percepio/poc/runs/tcp-workload-matrix-v1/A02-baseline/build/tcp_out.o,
by_pc,2147514112,8,90,180,188,8,0,64,18,0,tcp_write,/Users/swchen.tw/git/percepio/poc/runs/tcp-workload-matrix-v1/A02-baseline/build/tcp_out.o,
by_pc,2147514114,8,168,336,344,8,8,64,0,88,tcp_write,/Users/swchen.tw/git/percepio/poc/runs/tcp-workload-matrix-v1/A02-baseline/build/tcp_out.o,
by_pc,2147514118,8,8,16,24,8,0,0,0,0,tcp_write,/Users/swchen.tw/git/percepio/poc/runs/tcp-workload-matrix-v1/A02-baseline/build/tcp_out.o,
by_pc,2147514120,8,168,336,344,8,8,64,0,88,tcp_write,/Users/swchen.tw/git/percepio/poc/runs/tcp-workload-matrix-v1/A02-baseline/build/tcp_out.o,
by_pc,2147514124,8,8,16,24,8,0,0,0,0,tcp_write,/Users/swchen.tw/git/percepio/poc/runs/tcp-workload-matrix-v1/A02-baseline/build/tcp_out.o,
by_pc,2147514076,8,8,16,24,8,0,0,0,0,tcp_write,/Users/swchen.tw/git/percepio/poc/runs/tcp-workload-matrix-v1/A02-baseline/build/tcp_out.o,
by_pc,2147514078,8,8,16,24,8,0,0,0,0,tcp_write,/Users/swchen.tw/git/percepio/poc/runs/tcp-workload-matrix-v1/A02-baseline/build/tcp_out.o,
by_pc,2147513432,8,16,32,40,8,8,0,0,0,tcp_write,/Users/swchen.tw/git/percepio/poc/runs/tcp-workload-matrix-v1/A02-baseline/build/tcp_out.o,
by_pc,2147513434,8,16,32,40,8,8,0,0,0,tcp_write,/Users/swchen.tw/git/percepio/poc/runs/tcp-workload-matrix-v1/A02-baseline/build/tcp_out.o,
by_pc,2147513436,8,16,32,40,8,8,0,0,0,tcp_write,/Users/swchen.tw/git/percepio/poc/runs/tcp-workload-matrix-v1/A02-baseline/build/tcp_out.o,
by_pc,2147513438,8,16,32,40,8,8,0,0,0,tcp_write,/Users/swchen.tw/git/percepio/poc/runs/tcp-workload-matrix-v1/A02-baseline/build/tcp_out.o,
by_pc,2147513440,8,16,32,40,8,8,0,0,0,tcp_write,/Users/swchen.tw/git/percepio/poc/runs/tcp-workload-matrix-v1/A02-baseline/build/tcp_out.o,
by_pc,2147513442,8,16,32,40,8,8,0,0,0,tcp_write,/Users/swchen.tw/git/percepio/poc/runs/tcp-workload-matrix-v1/A02-baseline/build/tcp_out.o,
by_pc,2147513444,8,16,32,40,8,8,0,0,0,tcp_write,/Users/swchen.tw/git/percepio/poc/runs/tcp-workload-matrix-v1/A02-baseline/build/tcp_out.o,
by_pc,2147513446,8,16,32,40,8,8,0,0,0,tcp_write,/Users/swchen.tw/git/percepio/poc/runs/tcp-workload-matrix-v1/A02-baseline/build/tcp_out.o,
by_pc,2147513448,8,16,32,40,8,8,0,0,0,tcp_write,/Users/swchen.tw/git/percepio/poc/runs/tcp-workload-matrix-v1/A02-baseline/build/tcp_out.o,
by_pc,2147513450,8,16,32,40,8,8,0,0,0,tcp_write,/Users/swchen.tw/git/percepio/poc/runs/tcp-workload-matrix-v1/A02-baseline/build/tcp_out.o,
by_pc,2147513452,8,16,32,40,8,8,0,0,0,tcp_write,/Users/swchen.tw/git/percepio/poc/runs/tcp-workload-matrix-v1/A02-baseline/build/tcp_out.o,
by_pc,2147513454,8,16,32,40,8,8,0,0,0,tcp_write,/Users/swchen.tw/git/percepio/poc/runs/tcp-workload-matrix-v1/A02-baseline/build/tcp_out.o,
by_pc,2147513456,8,16,32,40,8,8,0,0,0,tcp_write,/Users/swchen.tw/git/percepio/poc/runs/tcp-workload-matrix-v1/A02-baseline/build/tcp_out.o,
by_pc,2147513458,8,8,16,24,8,0,0,0,0,tcp_write,/Users/swchen.tw/git/percepio/poc/runs/tcp-workload-matrix-v1/A02-baseline/build/tcp_out.o,
by_pc,2147513460,8,8,16,24,8,0,0,0,0,tcp_write,/Users/swchen.tw/git/percepio/poc/runs/tcp-workload-matrix-v1/A02-baseline/build/tcp_out.o,
by_pc,2147498768,8,8,16,24,8,0,0,0,0,session_task,/Users/swchen.tw/git/percepio/poc/runs/tcp-workload-matrix-v1/A02-baseline/build/tcp_request_response_irq.o,
by_pc,2147498786,8,16,32,40,8,8,0,0,0,session_task,/Users/swchen.tw/git/percepio/poc/runs/tcp-workload-matrix-v1/A02-baseline/build/tcp_request_response_irq.o,
by_pc,2147498790,8,8,16,24,8,0,0,0,0,session_task,/Users/swchen.tw/git/percepio/poc/runs/tcp-workload-matrix-v1/A02-baseline/build/tcp_request_response_irq.o,
by_pc,2147498794,8,8,16,24,8,0,0,0,0,session_task,/Users/swchen.tw/git/percepio/poc/runs/tcp-workload-matrix-v1/A02-baseline/build/tcp_request_response_irq.o,
by_pc,2147498812,8,16,32,40,8,8,0,0,0,session_task,/Users/swchen.tw/git/percepio/poc/runs/tcp-workload-matrix-v1/A02-baseline/build/tcp_request_response_irq.o,
by_pc,2147498814,8,42,84,92,16,0,8,18,0,session_task,/Users/swchen.tw/git/percepio/poc/runs/tcp-workload-matrix-v1/A02-baseline/build/tcp_request_response_irq.o,
by_pc,2147498818,8,8,16,24,8,0,0,0,0,session_task,/Users/swchen.tw/git/percepio/poc/runs/tcp-workload-matrix-v1/A02-baseline/build/tcp_request_response_irq.o,
by_pc,2147498822,8,8,16,24,8,0,0,0,0,session_task,/Users/swchen.tw/git/percepio/poc/runs/tcp-workload-matrix-v1/A02-baseline/build/tcp_request_response_irq.o,
by_pc,2147498826,8,16,32,40,8,8,0,0,0,session_task,/Users/swchen.tw/git/percepio/poc/runs/tcp-workload-matrix-v1/A02-baseline/build/tcp_request_response_irq.o,
by_pc,2147498828,8,8,16,24,8,0,0,0,0,session_task,/Users/swchen.tw/git/percepio/poc/runs/tcp-workload-matrix-v1/A02-baseline/build/tcp_request_response_irq.o,
by_pc,2147498830,8,8,16,24,8,0,0,0,0,session_task,/Users/swchen.tw/git/percepio/poc/runs/tcp-workload-matrix-v1/A02-baseline/build/tcp_request_response_irq.o,
by_pc,2147498834,8,8,16,24,8,0,0,0,0,session_task,/Users/swchen.tw/git/percepio/poc/runs/tcp-workload-matrix-v1/A02-baseline/build/tcp_request_response_irq.o,
by_pc,2147495796,10,20,40,50,10,10,0,0,0,consume,/Users/swchen.tw/git/percepio/poc/runs/tcp-workload-matrix-v1/A02-baseline/build/tcp_request_response_irq.o,
by_pc,2147495798,10,10,20,30,10,0,0,0,0,consume,/Users/swchen.tw/git/percepio/poc/runs/tcp-workload-matrix-v1/A02-baseline/build/tcp_request_response_irq.o,
by_pc,2147495802,10,10,20,30,10,0,0,0,0,consume,/Users/swchen.tw/git/percepio/poc/runs/tcp-workload-matrix-v1/A02-baseline/build/tcp_request_response_irq.o,
by_pc,2147495824,8,16,32,40,8,8,0,0,0,consume,/Users/swchen.tw/git/percepio/poc/runs/tcp-workload-matrix-v1/A02-baseline/build/tcp_request_response_irq.o,
by_pc,2147495828,8,8,16,24,8,0,0,0,0,consume,/Users/swchen.tw/git/percepio/poc/runs/tcp-workload-matrix-v1/A02-baseline/build/tcp_request_response_irq.o,
by_pc,2147495832,8,8,16,24,8,0,0,0,0,consume,/Users/swchen.tw/git/percepio/poc/runs/tcp-workload-matrix-v1/A02-baseline/build/tcp_request_response_irq.o,
by_pc,2147495836,8,8,16,24,8,0,0,0,0,consume,/Users/swchen.tw/git/percepio/poc/runs/tcp-workload-matrix-v1/A02-baseline/build/tcp_request_response_irq.o,
by_pc,2147495840,8,8,16,24,8,0,0,0,0,consume,/Users/swchen.tw/git/percepio/poc/runs/tcp-workload-matrix-v1/A02-baseline/build/tcp_request_response_irq.o,
by_pc,2147495842,8,8,16,24,8,0,0,0,0,consume,/Users/swchen.tw/git/percepio/poc/runs/tcp-workload-matrix-v1/A02-baseline/build/tcp_request_response_irq.o,
by_pc,2147495844,8,8,16,24,8,0,0,0,0,consume,/Users/swchen.tw/git/percepio/poc/runs/tcp-workload-matrix-v1/A02-baseline/build/tcp_request_response_irq.o,
by_pc,2147495848,8,8,16,24,8,0,0,0,0,consume,/Users/swchen.tw/git/percepio/poc/runs/tcp-workload-matrix-v1/A02-baseline/build/tcp_request_response_irq.o,
by_pc,2147495852,8,8,16,24,8,0,0,0,0,consume,/Users/swchen.tw/git/percepio/poc/runs/tcp-workload-matrix-v1/A02-baseline/build/tcp_request_response_irq.o,
by_pc,2147495856,8,8,16,24,8,0,0,0,0,consume,/Users/swchen.tw/git/percepio/poc/runs/tcp-workload-matrix-v1/A02-baseline/build/tcp_request_response_irq.o,
by_pc,2147495858,8,8,16,24,8,0,0,0,0,consume,/Users/swchen.tw/git/percepio/poc/runs/tcp-workload-matrix-v1/A02-baseline/build/tcp_request_response_irq.o,
by_pc,2147520272,8,82,164,172,8,0,56,18,0,memcmp,/Users/swchen.tw/git/percepio/poc/.tools/xpack-riscv-none-elf-gcc-15.2.0-1/bin/../lib/gcc/riscv-none-elf/15.2.0/../../../../riscv-none-elf/lib/libg_nano.a(libc_a-memcmp.o),
by_pc,2147520274,11688,11688,23376,35064,11688,0,0,0,0,memcmp,/Users/swchen.tw/git/percepio/poc/.tools/xpack-riscv-none-elf-gcc-15.2.0-1/bin/../lib/gcc/riscv-none-elf/15.2.0/../../../../riscv-none-elf/lib/libg_nano.a(libc_a-memcmp.o),
by_pc,2147520282,11680,11680,23360,35040,11680,0,0,0,0,memcmp,/Users/swchen.tw/git/percepio/poc/.tools/xpack-riscv-none-elf-gcc-15.2.0-1/bin/../lib/gcc/riscv-none-elf/15.2.0/../../../../riscv-none-elf/lib/libg_nano.a(libc_a-memcmp.o),
by_pc,2147520286,11680,11680,23360,35040,11680,0,0,0,0,memcmp,/Users/swchen.tw/git/percepio/poc/.tools/xpack-riscv-none-elf-gcc-15.2.0-1/bin/../lib/gcc/riscv-none-elf/15.2.0/../../../../riscv-none-elf/lib/libg_nano.a(libc_a-memcmp.o),
by_pc,2147520288,11680,11680,23360,35040,11680,0,0,0,0,memcmp,/Users/swchen.tw/git/percepio/poc/.tools/xpack-riscv-none-elf-gcc-15.2.0-1/bin/../lib/gcc/riscv-none-elf/15.2.0/../../../../riscv-none-elf/lib/libg_nano.a(libc_a-memcmp.o),
by_pc,2147520292,11680,23360,46720,58400,11680,11680,0,0,0,memcmp,/Users/swchen.tw/git/percepio/poc/.tools/xpack-riscv-none-elf-gcc-15.2.0-1/bin/../lib/gcc/riscv-none-elf/15.2.0/../../../../riscv-none-elf/lib/libg_nano.a(libc_a-memcmp.o),
by_pc,2147520296,11680,23360,46720,58400,11680,11680,0,0,0,memcmp,/Users/swchen.tw/git/percepio/poc/.tools/xpack-riscv-none-elf-gcc-15.2.0-1/bin/../lib/gcc/riscv-none-elf/15.2.0/../../../../riscv-none-elf/lib/libg_nano.a(libc_a-memcmp.o),
by_pc,2147520300,11680,11680,23360,35040,11680,0,0,0,0,memcmp,/Users/swchen.tw/git/percepio/poc/.tools/xpack-riscv-none-elf-gcc-15.2.0-1/bin/../lib/gcc/riscv-none-elf/15.2.0/../../../../riscv-none-elf/lib/libg_nano.a(libc_a-memcmp.o),
by_pc,2147520278,8,8,16,24,8,0,0,0,0,memcmp,/Users/swchen.tw/git/percepio/poc/.tools/xpack-riscv-none-elf-gcc-15.2.0-1/bin/../lib/gcc/riscv-none-elf/15.2.0/../../../../riscv-none-elf/lib/libg_nano.a(libc_a-memcmp.o),
by_pc,2147520280,8,8,16,24,8,0,0,0,0,memcmp,/Users/swchen.tw/git/percepio/poc/.tools/xpack-riscv-none-elf-gcc-15.2.0-1/bin/../lib/gcc/riscv-none-elf/15.2.0/../../../../riscv-none-elf/lib/libg_nano.a(libc_a-memcmp.o),
by_pc,2147495862,8,8,16,24,8,0,0,0,0,consume,/Users/swchen.tw/git/percepio/poc/runs/tcp-workload-matrix-v1/A02-baseline/build/tcp_request_response_irq.o,
by_pc,2147498838,8,16,32,40,8,8,0,0,0,session_task,/Users/swchen.tw/git/percepio/poc/runs/tcp-workload-matrix-v1/A02-baseline/build/tcp_request_response_irq.o,
by_pc,2147498840,8,16,32,40,8,8,0,0,0,session_task,/Users/swchen.tw/git/percepio/poc/runs/tcp-workload-matrix-v1/A02-baseline/build/tcp_request_response_irq.o,
by_pc,2147498842,8,8,16,24,8,0,0,0,0,session_task,/Users/swchen.tw/git/percepio/poc/runs/tcp-workload-matrix-v1/A02-baseline/build/tcp_request_response_irq.o,
by_pc,2147498846,8,8,16,24,8,0,0,0,0,session_task,/Users/swchen.tw/git/percepio/poc/runs/tcp-workload-matrix-v1/A02-baseline/build/tcp_request_response_irq.o,
by_pc,2147498850,8,8,16,24,8,0,0,0,0,session_task,/Users/swchen.tw/git/percepio/poc/runs/tcp-workload-matrix-v1/A02-baseline/build/tcp_request_response_irq.o,
by_pc,2147498854,8,8,16,24,8,0,0,0,0,session_task,/Users/swchen.tw/git/percepio/poc/runs/tcp-workload-matrix-v1/A02-baseline/build/tcp_request_response_irq.o,
by_pc,2147498856,8,8,16,24,8,0,0,0,0,session_task,/Users/swchen.tw/git/percepio/poc/runs/tcp-workload-matrix-v1/A02-baseline/build/tcp_request_response_irq.o,
by_pc,2147498858,8,8,16,24,8,0,0,0,0,session_task,/Users/swchen.tw/git/percepio/poc/runs/tcp-workload-matrix-v1/A02-baseline/build/tcp_request_response_irq.o,
by_pc,2147498860,8,168,336,344,8,8,64,0,88,session_task,/Users/swchen.tw/git/percepio/poc/runs/tcp-workload-matrix-v1/A02-baseline/build/tcp_request_response_irq.o,
by_pc,2147498862,8,8,16,24,8,0,0,0,0,session_task,/Users/swchen.tw/git/percepio/poc/runs/tcp-workload-matrix-v1/A02-baseline/build/tcp_request_response_irq.o,
by_pc,2147502004,8,8,16,24,8,0,0,0,0,pbuf_free,/Users/swchen.tw/git/percepio/poc/runs/tcp-workload-matrix-v1/A02-baseline/build/pbuf.o,
by_pc,2147502006,8,8,16,24,8,0,0,0,0,pbuf_free,/Users/swchen.tw/git/percepio/poc/runs/tcp-workload-matrix-v1/A02-baseline/build/pbuf.o,
by_pc,2147512358,8,16,32,40,8,8,0,0,0,tcp_input,/Users/swchen.tw/git/percepio/poc/runs/tcp-workload-matrix-v1/A02-baseline/build/tcp_in.o,
by_pc,2147512362,8,8,16,24,8,0,0,0,0,tcp_input,/Users/swchen.tw/git/percepio/poc/runs/tcp-workload-matrix-v1/A02-baseline/build/tcp_in.o,
by_pc,2147512402,8,50,100,108,8,8,16,18,0,tcp_input,/Users/swchen.tw/git/percepio/poc/runs/tcp-workload-matrix-v1/A02-baseline/build/tcp_in.o,
by_pc,2147512404,8,8,16,24,8,0,0,0,0,tcp_input,/Users/swchen.tw/git/percepio/poc/runs/tcp-workload-matrix-v1/A02-baseline/build/tcp_in.o,
by_pc,2147512406,8,8,16,24,8,0,0,0,0,tcp_input,/Users/swchen.tw/git/percepio/poc/runs/tcp-workload-matrix-v1/A02-baseline/build/tcp_in.o,
by_pc,2147494898,8,90,180,188,8,0,64,18,0,on_sent,/Users/swchen.tw/git/percepio/poc/runs/tcp-workload-matrix-v1/A02-baseline/build/tcp_request_response_irq.o,
by_pc,2147494900,8,168,336,344,8,8,64,0,88,on_sent,/Users/swchen.tw/git/percepio/poc/runs/tcp-workload-matrix-v1/A02-baseline/build/tcp_request_response_irq.o,
by_pc,2147494902,8,168,336,344,8,8,64,0,88,on_sent,/Users/swchen.tw/git/percepio/poc/runs/tcp-workload-matrix-v1/A02-baseline/build/tcp_request_response_irq.o,
by_pc,2147494904,8,8,16,24,8,0,0,0,0,on_sent,/Users/swchen.tw/git/percepio/poc/runs/tcp-workload-matrix-v1/A02-baseline/build/tcp_request_response_irq.o,
by_pc,2147494908,8,16,32,40,8,8,0,0,0,on_sent,/Users/swchen.tw/git/percepio/poc/runs/tcp-workload-matrix-v1/A02-baseline/build/tcp_request_response_irq.o,
by_pc,2147494910,8,80,160,168,16,0,64,0,0,on_sent,/Users/swchen.tw/git/percepio/poc/runs/tcp-workload-matrix-v1/A02-baseline/build/tcp_request_response_irq.o,
by_pc,2147494934,8,16,32,40,8,8,0,0,0,on_sent,/Users/swchen.tw/git/percepio/poc/runs/tcp-workload-matrix-v1/A02-baseline/build/tcp_request_response_irq.o,
by_pc,2147494936,8,8,16,24,8,0,0,0,0,on_sent,/Users/swchen.tw/git/percepio/poc/runs/tcp-workload-matrix-v1/A02-baseline/build/tcp_request_response_irq.o,
by_pc,2147494940,8,8,16,24,8,0,0,0,0,on_sent,/Users/swchen.tw/git/percepio/poc/runs/tcp-workload-matrix-v1/A02-baseline/build/tcp_request_response_irq.o,
by_pc,2147494942,8,8,16,24,8,0,0,0,0,on_sent,/Users/swchen.tw/git/percepio/poc/runs/tcp-workload-matrix-v1/A02-baseline/build/tcp_request_response_irq.o,
by_pc,2147494944,8,168,336,344,8,8,64,0,88,on_sent,/Users/swchen.tw/git/percepio/poc/runs/tcp-workload-matrix-v1/A02-baseline/build/tcp_request_response_irq.o,
by_pc,2147494946,8,16,32,40,8,8,0,0,0,on_sent,/Users/swchen.tw/git/percepio/poc/runs/tcp-workload-matrix-v1/A02-baseline/build/tcp_request_response_irq.o,
by_pc,2147494948,8,8,16,24,8,0,0,0,0,on_sent,/Users/swchen.tw/git/percepio/poc/runs/tcp-workload-matrix-v1/A02-baseline/build/tcp_request_response_irq.o,
by_pc,2147494950,8,168,336,344,8,8,64,0,88,on_sent,/Users/swchen.tw/git/percepio/poc/runs/tcp-workload-matrix-v1/A02-baseline/build/tcp_request_response_irq.o,
by_pc,2147494952,8,16,32,40,8,8,0,0,0,on_sent,/Users/swchen.tw/git/percepio/poc/runs/tcp-workload-matrix-v1/A02-baseline/build/tcp_request_response_irq.o,
by_pc,2147494954,8,16,32,40,8,8,0,0,0,on_sent,/Users/swchen.tw/git/percepio/poc/runs/tcp-workload-matrix-v1/A02-baseline/build/tcp_request_response_irq.o,
by_pc,2147494956,8,8,16,24,8,0,0,0,0,on_sent,/Users/swchen.tw/git/percepio/poc/runs/tcp-workload-matrix-v1/A02-baseline/build/tcp_request_response_irq.o,
by_pc,2147494958,8,8,16,24,8,0,0,0,0,on_sent,/Users/swchen.tw/git/percepio/poc/runs/tcp-workload-matrix-v1/A02-baseline/build/tcp_request_response_irq.o,
by_pc,2147512408,8,8,16,24,8,0,0,0,0,tcp_input,/Users/swchen.tw/git/percepio/poc/runs/tcp-workload-matrix-v1/A02-baseline/build/tcp_in.o,
by_pc,2147512410,8,8,16,24,8,0,0,0,0,tcp_input,/Users/swchen.tw/git/percepio/poc/runs/tcp-workload-matrix-v1/A02-baseline/build/tcp_in.o,
by_pc,2147512364,8,168,336,344,8,8,64,0,88,tcp_input,/Users/swchen.tw/git/percepio/poc/runs/tcp-workload-matrix-v1/A02-baseline/build/tcp_in.o,
by_pc,2147498866,8,16,32,40,8,8,0,0,0,session_task,/Users/swchen.tw/git/percepio/poc/runs/tcp-workload-matrix-v1/A02-baseline/build/tcp_request_response_irq.o,
by_pc,2147498870,8,8,16,24,8,0,0,0,0,session_task,/Users/swchen.tw/git/percepio/poc/runs/tcp-workload-matrix-v1/A02-baseline/build/tcp_request_response_irq.o,
by_pc,2147498872,8,16,32,40,8,8,0,0,0,session_task,/Users/swchen.tw/git/percepio/poc/runs/tcp-workload-matrix-v1/A02-baseline/build/tcp_request_response_irq.o,
by_pc,2147498876,8,8,16,24,8,0,0,0,0,session_task,/Users/swchen.tw/git/percepio/poc/runs/tcp-workload-matrix-v1/A02-baseline/build/tcp_request_response_irq.o,
by_pc,2147498878,8,50,100,108,16,8,8,18,0,session_task,/Users/swchen.tw/git/percepio/poc/runs/tcp-workload-matrix-v1/A02-baseline/build/tcp_request_response_irq.o,
by_pc,2147498882,8,8,16,24,8,0,0,0,0,session_task,/Users/swchen.tw/git/percepio/poc/runs/tcp-workload-matrix-v1/A02-baseline/build/tcp_request_response_irq.o,
by_pc,2147498886,8,8,16,24,8,0,0,0,0,session_task,/Users/swchen.tw/git/percepio/poc/runs/tcp-workload-matrix-v1/A02-baseline/build/tcp_request_response_irq.o,
by_pc,2147498888,8,8,16,24,8,0,0,0,0,session_task,/Users/swchen.tw/git/percepio/poc/runs/tcp-workload-matrix-v1/A02-baseline/build/tcp_request_response_irq.o,
by_pc,2147498890,8,8,16,24,8,0,0,0,0,session_task,/Users/swchen.tw/git/percepio/poc/runs/tcp-workload-matrix-v1/A02-baseline/build/tcp_request_response_irq.o,
by_pc,2147498892,8,8,16,24,8,0,0,0,0,session_task,/Users/swchen.tw/git/percepio/poc/runs/tcp-workload-matrix-v1/A02-baseline/build/tcp_request_response_irq.o,
by_pc,2147498896,8,16,32,40,8,8,0,0,0,session_task,/Users/swchen.tw/git/percepio/poc/runs/tcp-workload-matrix-v1/A02-baseline/build/tcp_request_response_irq.o,
by_pc,2147498900,8,8,16,24,8,0,0,0,0,session_task,/Users/swchen.tw/git/percepio/poc/runs/tcp-workload-matrix-v1/A02-baseline/build/tcp_request_response_irq.o,
by_pc,2147498920,8,8,16,24,8,0,0,0,0,session_task,/Users/swchen.tw/git/percepio/poc/runs/tcp-workload-matrix-v1/A02-baseline/build/tcp_request_response_irq.o,
by_pc,2147498922,8,8,16,24,8,0,0,0,0,session_task,/Users/swchen.tw/git/percepio/poc/runs/tcp-workload-matrix-v1/A02-baseline/build/tcp_request_response_irq.o,
by_pc,2147498924,8,8,16,24,8,0,0,0,0,session_task,/Users/swchen.tw/git/percepio/poc/runs/tcp-workload-matrix-v1/A02-baseline/build/tcp_request_response_irq.o,
by_pc,2147508176,8,80,160,168,8,8,64,0,0,tcp_receive,/Users/swchen.tw/git/percepio/poc/runs/tcp-workload-matrix-v1/A02-baseline/build/tcp_in.o,
by_pc,2147508180,8,8,16,24,8,0,0,0,0,tcp_receive,/Users/swchen.tw/git/percepio/poc/runs/tcp-workload-matrix-v1/A02-baseline/build/tcp_in.o,
by_pc,2147508182,8,8,16,24,8,0,0,0,0,tcp_receive,/Users/swchen.tw/git/percepio/poc/runs/tcp-workload-matrix-v1/A02-baseline/build/tcp_in.o,
by_pc,2147508184,8,8,16,24,8,0,0,0,0,tcp_receive,/Users/swchen.tw/git/percepio/poc/runs/tcp-workload-matrix-v1/A02-baseline/build/tcp_in.o,
by_pc,2147508186,8,8,16,24,8,0,0,0,0,tcp_receive,/Users/swchen.tw/git/percepio/poc/runs/tcp-workload-matrix-v1/A02-baseline/build/tcp_in.o,
by_pc,2147508190,8,8,16,24,8,0,0,0,0,tcp_receive,/Users/swchen.tw/git/percepio/poc/runs/tcp-workload-matrix-v1/A02-baseline/build/tcp_in.o,
by_pc,2147508194,7,147,294,301,7,7,56,0,77,tcp_receive,/Users/swchen.tw/git/percepio/poc/runs/tcp-workload-matrix-v1/A02-baseline/build/tcp_in.o,
by_pc,2147519488,3,37,74,77,3,0,16,18,0,unresolved@/Users/swchen.tw/git/percepio/poc/runs/tcp-workload-matrix-v1/A02-baseline/build/portASM.o:2147519488,/Users/swchen.tw/git/percepio/poc/runs/tcp-workload-matrix-v1/A02-baseline/build/portASM.o,
by_pc,2147519492,3,63,126,129,3,3,24,0,33,unresolved@/Users/swchen.tw/git/percepio/poc/runs/tcp-workload-matrix-v1/A02-baseline/build/portASM.o:2147519488,/Users/swchen.tw/git/percepio/poc/runs/tcp-workload-matrix-v1/A02-baseline/build/portASM.o,
by_pc,2147519494,3,63,126,129,3,3,24,0,33,unresolved@/Users/swchen.tw/git/percepio/poc/runs/tcp-workload-matrix-v1/A02-baseline/build/portASM.o:2147519488,/Users/swchen.tw/git/percepio/poc/runs/tcp-workload-matrix-v1/A02-baseline/build/portASM.o,
by_pc,2147519496,3,63,126,129,3,3,24,0,33,unresolved@/Users/swchen.tw/git/percepio/poc/runs/tcp-workload-matrix-v1/A02-baseline/build/portASM.o:2147519488,/Users/swchen.tw/git/percepio/poc/runs/tcp-workload-matrix-v1/A02-baseline/build/portASM.o,
by_pc,2147519498,3,63,126,129,3,3,24,0,33,unresolved@/Users/swchen.tw/git/percepio/poc/runs/tcp-workload-matrix-v1/A02-baseline/build/portASM.o:2147519488,/Users/swchen.tw/git/percepio/poc/runs/tcp-workload-matrix-v1/A02-baseline/build/portASM.o,
by_pc,2147519500,3,63,126,129,3,3,24,0,33,unresolved@/Users/swchen.tw/git/percepio/poc/runs/tcp-workload-matrix-v1/A02-baseline/build/portASM.o:2147519488,/Users/swchen.tw/git/percepio/poc/runs/tcp-workload-matrix-v1/A02-baseline/build/portASM.o,
by_pc,2147519502,3,63,126,129,3,3,24,0,33,unresolved@/Users/swchen.tw/git/percepio/poc/runs/tcp-workload-matrix-v1/A02-baseline/build/portASM.o:2147519488,/Users/swchen.tw/git/percepio/poc/runs/tcp-workload-matrix-v1/A02-baseline/build/portASM.o,
by_pc,2147519504,3,63,126,129,3,3,24,0,33,unresolved@/Users/swchen.tw/git/percepio/poc/runs/tcp-workload-matrix-v1/A02-baseline/build/portASM.o:2147519488,/Users/swchen.tw/git/percepio/poc/runs/tcp-workload-matrix-v1/A02-baseline/build/portASM.o,
by_pc,2147519506,3,63,126,129,3,3,24,0,33,unresolved@/Users/swchen.tw/git/percepio/poc/runs/tcp-workload-matrix-v1/A02-baseline/build/portASM.o:2147519488,/Users/swchen.tw/git/percepio/poc/runs/tcp-workload-matrix-v1/A02-baseline/build/portASM.o,
by_pc,2147519508,3,63,126,129,3,3,24,0,33,unresolved@/Users/swchen.tw/git/percepio/poc/runs/tcp-workload-matrix-v1/A02-baseline/build/portASM.o:2147519488,/Users/swchen.tw/git/percepio/poc/runs/tcp-workload-matrix-v1/A02-baseline/build/portASM.o,
by_pc,2147519510,3,63,126,129,3,3,24,0,33,unresolved@/Users/swchen.tw/git/percepio/poc/runs/tcp-workload-matrix-v1/A02-baseline/build/portASM.o:2147519488,/Users/swchen.tw/git/percepio/poc/runs/tcp-workload-matrix-v1/A02-baseline/build/portASM.o,
by_pc,2147519512,3,63,126,129,3,3,24,0,33,unresolved@/Users/swchen.tw/git/percepio/poc/runs/tcp-workload-matrix-v1/A02-baseline/build/portASM.o:2147519488,/Users/swchen.tw/git/percepio/poc/runs/tcp-workload-matrix-v1/A02-baseline/build/portASM.o,
by_pc,2147519514,3,63,126,129,3,3,24,0,33,unresolved@/Users/swchen.tw/git/percepio/poc/runs/tcp-workload-matrix-v1/A02-baseline/build/portASM.o:2147519488,/Users/swchen.tw/git/percepio/poc/runs/tcp-workload-matrix-v1/A02-baseline/build/portASM.o,
by_pc,2147519516,3,63,126,129,3,3,24,0,33,unresolved@/Users/swchen.tw/git/percepio/poc/runs/tcp-workload-matrix-v1/A02-baseline/build/portASM.o:2147519488,/Users/swchen.tw/git/percepio/poc/runs/tcp-workload-matrix-v1/A02-baseline/build/portASM.o,
by_pc,2147519518,3,63,126,129,3,3,24,0,33,unresolved@/Users/swchen.tw/git/percepio/poc/runs/tcp-workload-matrix-v1/A02-baseline/build/portASM.o:2147519488,/Users/swchen.tw/git/percepio/poc/runs/tcp-workload-matrix-v1/A02-baseline/build/portASM.o,
by_pc,2147519520,3,63,126,129,3,3,24,0,33,unresolved@/Users/swchen.tw/git/percepio/poc/runs/tcp-workload-matrix-v1/A02-baseline/build/portASM.o:2147519488,/Users/swchen.tw/git/percepio/poc/runs/tcp-workload-matrix-v1/A02-baseline/build/portASM.o,
by_pc,2147519522,3,63,126,129,3,3,24,0,33,unresolved@/Users/swchen.tw/git/percepio/poc/runs/tcp-workload-matrix-v1/A02-baseline/build/portASM.o:2147519488,/Users/swchen.tw/git/percepio/poc/runs/tcp-workload-matrix-v1/A02-baseline/build/portASM.o,
by_pc,2147519524,3,63,126,129,3,3,24,0,33,unresolved@/Users/swchen.tw/git/percepio/poc/runs/tcp-workload-matrix-v1/A02-baseline/build/portASM.o:2147519488,/Users/swchen.tw/git/percepio/poc/runs/tcp-workload-matrix-v1/A02-baseline/build/portASM.o,
by_pc,2147519526,3,63,126,129,3,3,24,0,33,unresolved@/Users/swchen.tw/git/percepio/poc/runs/tcp-workload-matrix-v1/A02-baseline/build/portASM.o:2147519488,/Users/swchen.tw/git/percepio/poc/runs/tcp-workload-matrix-v1/A02-baseline/build/portASM.o,
by_pc,2147519528,3,63,126,129,3,3,24,0,33,unresolved@/Users/swchen.tw/git/percepio/poc/runs/tcp-workload-matrix-v1/A02-baseline/build/portASM.o:2147519488,/Users/swchen.tw/git/percepio/poc/runs/tcp-workload-matrix-v1/A02-baseline/build/portASM.o,
by_pc,2147519530,3,63,126,129,3,3,24,0,33,unresolved@/Users/swchen.tw/git/percepio/poc/runs/tcp-workload-matrix-v1/A02-baseline/build/portASM.o:2147519488,/Users/swchen.tw/git/percepio/poc/runs/tcp-workload-matrix-v1/A02-baseline/build/portASM.o,
by_pc,2147519532,3,63,126,129,3,3,24,0,33,unresolved@/Users/swchen.tw/git/percepio/poc/runs/tcp-workload-matrix-v1/A02-baseline/build/portASM.o:2147519488,/Users/swchen.tw/git/percepio/poc/runs/tcp-workload-matrix-v1/A02-baseline/build/portASM.o,
by_pc,2147519534,3,63,126,129,3,3,24,0,33,unresolved@/Users/swchen.tw/git/percepio/poc/runs/tcp-workload-matrix-v1/A02-baseline/build/portASM.o:2147519488,/Users/swchen.tw/git/percepio/poc/runs/tcp-workload-matrix-v1/A02-baseline/build/portASM.o,
by_pc,2147519536,3,63,126,129,3,3,24,0,33,unresolved@/Users/swchen.tw/git/percepio/poc/runs/tcp-workload-matrix-v1/A02-baseline/build/portASM.o:2147519488,/Users/swchen.tw/git/percepio/poc/runs/tcp-workload-matrix-v1/A02-baseline/build/portASM.o,
by_pc,2147519538,3,63,126,129,3,3,24,0,33,unresolved@/Users/swchen.tw/git/percepio/poc/runs/tcp-workload-matrix-v1/A02-baseline/build/portASM.o:2147519488,/Users/swchen.tw/git/percepio/poc/runs/tcp-workload-matrix-v1/A02-baseline/build/portASM.o,
by_pc,2147519540,3,63,126,129,3,3,24,0,33,unresolved@/Users/swchen.tw/git/percepio/poc/runs/tcp-workload-matrix-v1/A02-baseline/build/portASM.o:2147519488,/Users/swchen.tw/git/percepio/poc/runs/tcp-workload-matrix-v1/A02-baseline/build/portASM.o,
by_pc,2147519542,3,63,126,129,3,3,24,0,33,unresolved@/Users/swchen.tw/git/percepio/poc/runs/tcp-workload-matrix-v1/A02-baseline/build/portASM.o:2147519488,/Users/swchen.tw/git/percepio/poc/runs/tcp-workload-matrix-v1/A02-baseline/build/portASM.o,
by_pc,2147519544,3,63,126,129,3,3,24,0,33,unresolved@/Users/swchen.tw/git/percepio/poc/runs/tcp-workload-matrix-v1/A02-baseline/build/portASM.o:2147519488,/Users/swchen.tw/git/percepio/poc/runs/tcp-workload-matrix-v1/A02-baseline/build/portASM.o,
by_pc,2147519546,3,63,126,129,3,3,24,0,33,unresolved@/Users/swchen.tw/git/percepio/poc/runs/tcp-workload-matrix-v1/A02-baseline/build/portASM.o:2147519488,/Users/swchen.tw/git/percepio/poc/runs/tcp-workload-matrix-v1/A02-baseline/build/portASM.o,
by_pc,2147519548,3,3,6,9,3,0,0,0,0,unresolved@/Users/swchen.tw/git/percepio/poc/runs/tcp-workload-matrix-v1/A02-baseline/build/portASM.o:2147519488,/Users/swchen.tw/git/percepio/poc/runs/tcp-workload-matrix-v1/A02-baseline/build/portASM.o,
by_pc,2147519552,3,32,64,67,3,3,8,18,0,unresolved@/Users/swchen.tw/git/percepio/poc/runs/tcp-workload-matrix-v1/A02-baseline/build/portASM.o:2147519488,/Users/swchen.tw/git/percepio/poc/runs/tcp-workload-matrix-v1/A02-baseline/build/portASM.o,
by_pc,2147519556,3,63,126,129,3,3,24,0,33,unresolved@/Users/swchen.tw/git/percepio/poc/runs/tcp-workload-matrix-v1/A02-baseline/build/portASM.o:2147519488,/Users/swchen.tw/git/percepio/poc/runs/tcp-workload-matrix-v1/A02-baseline/build/portASM.o,
by_pc,2147519558,3,3,6,9,3,0,0,0,0,unresolved@/Users/swchen.tw/git/percepio/poc/runs/tcp-workload-matrix-v1/A02-baseline/build/portASM.o:2147519488,/Users/swchen.tw/git/percepio/poc/runs/tcp-workload-matrix-v1/A02-baseline/build/portASM.o,
by_pc,2147519562,3,63,126,129,3,3,24,0,33,unresolved@/Users/swchen.tw/git/percepio/poc/runs/tcp-workload-matrix-v1/A02-baseline/build/portASM.o:2147519488,/Users/swchen.tw/git/percepio/poc/runs/tcp-workload-matrix-v1/A02-baseline/build/portASM.o,
by_pc,2147519564,3,32,64,67,3,3,8,18,0,unresolved@/Users/swchen.tw/git/percepio/poc/runs/tcp-workload-matrix-v1/A02-baseline/build/portASM.o:2147519488,/Users/swchen.tw/git/percepio/poc/runs/tcp-workload-matrix-v1/A02-baseline/build/portASM.o,
by_pc,2147519568,3,81,162,165,3,3,24,18,33,unresolved@/Users/swchen.tw/git/percepio/poc/runs/tcp-workload-matrix-v1/A02-baseline/build/portASM.o:2147519488,/Users/swchen.tw/git/percepio/poc/runs/tcp-workload-matrix-v1/A02-baseline/build/portASM.o,
by_pc,2147519572,3,3,6,9,3,0,0,0,0,unresolved@/Users/swchen.tw/git/percepio/poc/runs/tcp-workload-matrix-v1/A02-baseline/build/portASM.o:2147519488,/Users/swchen.tw/git/percepio/poc/runs/tcp-workload-matrix-v1/A02-baseline/build/portASM.o,
by_pc,2147519576,3,3,6,9,3,0,0,0,0,unresolved@/Users/swchen.tw/git/percepio/poc/runs/tcp-workload-matrix-v1/A02-baseline/build/portASM.o:2147519488,/Users/swchen.tw/git/percepio/poc/runs/tcp-workload-matrix-v1/A02-baseline/build/portASM.o,
by_pc,2147519580,3,3,6,9,3,0,0,0,0,unresolved@/Users/swchen.tw/git/percepio/poc/runs/tcp-workload-matrix-v1/A02-baseline/build/portASM.o:2147519488,/Users/swchen.tw/git/percepio/poc/runs/tcp-workload-matrix-v1/A02-baseline/build/portASM.o,
by_pc,2147519584,2,42,84,86,2,2,16,0,22,unresolved@/Users/swchen.tw/git/percepio/poc/runs/tcp-workload-matrix-v1/A02-baseline/build/portASM.o:2147519488,/Users/swchen.tw/git/percepio/poc/runs/tcp-workload-matrix-v1/A02-baseline/build/portASM.o,
by_pc,2147519586,2,38,76,78,2,2,16,18,0,unresolved@/Users/swchen.tw/git/percepio/poc/runs/tcp-workload-matrix-v1/A02-baseline/build/portASM.o:2147519488,/Users/swchen.tw/git/percepio/poc/runs/tcp-workload-matrix-v1/A02-baseline/build/portASM.o,
by_pc,2147519590,2,2,4,6,2,0,0,0,0,unresolved@/Users/swchen.tw/git/percepio/poc/runs/tcp-workload-matrix-v1/A02-baseline/build/portASM.o:2147519488,/Users/swchen.tw/git/percepio/poc/runs/tcp-workload-matrix-v1/A02-baseline/build/portASM.o,
by_pc,2147519602,2,2,4,6,2,0,0,0,0,unresolved@/Users/swchen.tw/git/percepio/poc/runs/tcp-workload-matrix-v1/A02-baseline/build/portASM.o:2147519488,/Users/swchen.tw/git/percepio/poc/runs/tcp-workload-matrix-v1/A02-baseline/build/portASM.o,
by_pc,2147519604,2,2,4,6,2,0,0,0,0,unresolved@/Users/swchen.tw/git/percepio/poc/runs/tcp-workload-matrix-v1/A02-baseline/build/portASM.o:2147519488,/Users/swchen.tw/git/percepio/poc/runs/tcp-workload-matrix-v1/A02-baseline/build/portASM.o,
by_pc,2147519606,2,2,4,6,2,0,0,0,0,unresolved@/Users/swchen.tw/git/percepio/poc/runs/tcp-workload-matrix-v1/A02-baseline/build/portASM.o:2147519488,/Users/swchen.tw/git/percepio/poc/runs/tcp-workload-matrix-v1/A02-baseline/build/portASM.o,
by_pc,2147519610,2,2,4,6,2,0,0,0,0,unresolved@/Users/swchen.tw/git/percepio/poc/runs/tcp-workload-matrix-v1/A02-baseline/build/portASM.o:2147519488,/Users/swchen.tw/git/percepio/poc/runs/tcp-workload-matrix-v1/A02-baseline/build/portASM.o,
by_pc,2147519614,2,66,132,134,4,2,24,36,0,unresolved@/Users/swchen.tw/git/percepio/poc/runs/tcp-workload-matrix-v1/A02-baseline/build/portASM.o:2147519488,/Users/swchen.tw/git/percepio/poc/runs/tcp-workload-matrix-v1/A02-baseline/build/portASM.o,
by_pc,2147519618,2,4,8,10,2,2,0,0,0,unresolved@/Users/swchen.tw/git/percepio/poc/runs/tcp-workload-matrix-v1/A02-baseline/build/portASM.o:2147519488,/Users/swchen.tw/git/percepio/poc/runs/tcp-workload-matrix-v1/A02-baseline/build/portASM.o,
by_pc,2147519622,2,2,4,6,2,0,0,0,0,unresolved@/Users/swchen.tw/git/percepio/poc/runs/tcp-workload-matrix-v1/A02-baseline/build/portASM.o:2147519488,/Users/swchen.tw/git/percepio/poc/runs/tcp-workload-matrix-v1/A02-baseline/build/portASM.o,
by_pc,2147519624,2,4,8,10,2,2,0,0,0,unresolved@/Users/swchen.tw/git/percepio/poc/runs/tcp-workload-matrix-v1/A02-baseline/build/portASM.o:2147519488,/Users/swchen.tw/git/percepio/poc/runs/tcp-workload-matrix-v1/A02-baseline/build/portASM.o,
by_pc,2147519626,2,4,8,10,2,2,0,0,0,unresolved@/Users/swchen.tw/git/percepio/poc/runs/tcp-workload-matrix-v1/A02-baseline/build/portASM.o:2147519488,/Users/swchen.tw/git/percepio/poc/runs/tcp-workload-matrix-v1/A02-baseline/build/portASM.o,
by_pc,2147519628,2,2,4,6,2,0,0,0,0,unresolved@/Users/swchen.tw/git/percepio/poc/runs/tcp-workload-matrix-v1/A02-baseline/build/portASM.o:2147519488,/Users/swchen.tw/git/percepio/poc/runs/tcp-workload-matrix-v1/A02-baseline/build/portASM.o,
by_pc,2147519630,2,2,4,6,2,0,0,0,0,unresolved@/Users/swchen.tw/git/percepio/poc/runs/tcp-workload-matrix-v1/A02-baseline/build/portASM.o:2147519488,/Users/swchen.tw/git/percepio/poc/runs/tcp-workload-matrix-v1/A02-baseline/build/portASM.o,
by_pc,2147519632,2,2,4,6,2,0,0,0,0,unresolved@/Users/swchen.tw/git/percepio/poc/runs/tcp-workload-matrix-v1/A02-baseline/build/portASM.o:2147519488,/Users/swchen.tw/git/percepio/poc/runs/tcp-workload-matrix-v1/A02-baseline/build/portASM.o,
by_pc,2147519634,2,4,8,10,2,2,0,0,0,unresolved@/Users/swchen.tw/git/percepio/poc/runs/tcp-workload-matrix-v1/A02-baseline/build/portASM.o:2147519488,/Users/swchen.tw/git/percepio/poc/runs/tcp-workload-matrix-v1/A02-baseline/build/portASM.o,
by_pc,2147519638,2,2,4,6,2,0,0,0,0,unresolved@/Users/swchen.tw/git/percepio/poc/runs/tcp-workload-matrix-v1/A02-baseline/build/portASM.o:2147519488,/Users/swchen.tw/git/percepio/poc/runs/tcp-workload-matrix-v1/A02-baseline/build/portASM.o,
by_pc,2147519642,2,2,4,6,2,0,0,0,0,unresolved@/Users/swchen.tw/git/percepio/poc/runs/tcp-workload-matrix-v1/A02-baseline/build/portASM.o:2147519488,/Users/swchen.tw/git/percepio/poc/runs/tcp-workload-matrix-v1/A02-baseline/build/portASM.o,
by_pc,2147519646,2,2,4,6,2,0,0,0,0,unresolved@/Users/swchen.tw/git/percepio/poc/runs/tcp-workload-matrix-v1/A02-baseline/build/portASM.o:2147519488,/Users/swchen.tw/git/percepio/poc/runs/tcp-workload-matrix-v1/A02-baseline/build/portASM.o,
by_pc,2147519650,2,42,84,86,2,2,16,0,22,unresolved@/Users/swchen.tw/git/percepio/poc/runs/tcp-workload-matrix-v1/A02-baseline/build/portASM.o:2147519488,/Users/swchen.tw/git/percepio/poc/runs/tcp-workload-matrix-v1/A02-baseline/build/portASM.o,
by_pc,2147519652,2,42,84,86,2,2,16,0,22,unresolved@/Users/swchen.tw/git/percepio/poc/runs/tcp-workload-matrix-v1/A02-baseline/build/portASM.o:2147519488,/Users/swchen.tw/git/percepio/poc/runs/tcp-workload-matrix-v1/A02-baseline/build/portASM.o,
by_pc,2147519656,2,2,4,6,2,0,0,0,0,unresolved@/Users/swchen.tw/git/percepio/poc/runs/tcp-workload-matrix-v1/A02-baseline/build/portASM.o:2147519488,/Users/swchen.tw/git/percepio/poc/runs/tcp-workload-matrix-v1/A02-baseline/build/portASM.o,
by_pc,2147485004,2,36,72,74,2,0,16,18,0,xTaskIncrementTick,/Users/swchen.tw/git/percepio/poc/runs/tcp-workload-matrix-v1/A02-baseline/build/tasks.o,
by_pc,2147485006,2,60,120,122,2,2,16,18,22,xTaskIncrementTick,/Users/swchen.tw/git/percepio/poc/runs/tcp-workload-matrix-v1/A02-baseline/build/tasks.o,
by_pc,2147485008,2,42,84,86,2,2,16,0,22,xTaskIncrementTick,/Users/swchen.tw/git/percepio/poc/runs/tcp-workload-matrix-v1/A02-baseline/build/tasks.o,
by_pc,2147485010,2,42,84,86,2,2,16,0,22,xTaskIncrementTick,/Users/swchen.tw/git/percepio/poc/runs/tcp-workload-matrix-v1/A02-baseline/build/tasks.o,
by_pc,2147485012,2,42,84,86,2,2,16,0,22,xTaskIncrementTick,/Users/swchen.tw/git/percepio/poc/runs/tcp-workload-matrix-v1/A02-baseline/build/tasks.o,
by_pc,2147485014,2,42,84,86,2,2,16,0,22,xTaskIncrementTick,/Users/swchen.tw/git/percepio/poc/runs/tcp-workload-matrix-v1/A02-baseline/build/tasks.o,
by_pc,2147485016,2,42,84,86,2,2,16,0,22,xTaskIncrementTick,/Users/swchen.tw/git/percepio/poc/runs/tcp-workload-matrix-v1/A02-baseline/build/tasks.o,
by_pc,2147485018,2,42,84,86,2,2,16,0,22,xTaskIncrementTick,/Users/swchen.tw/git/percepio/poc/runs/tcp-workload-matrix-v1/A02-baseline/build/tasks.o,
by_pc,2147485020,2,42,84,86,2,2,16,0,22,xTaskIncrementTick,/Users/swchen.tw/git/percepio/poc/runs/tcp-workload-matrix-v1/A02-baseline/build/tasks.o,
by_pc,2147485022,2,42,84,86,2,2,16,0,22,xTaskIncrementTick,/Users/swchen.tw/git/percepio/poc/runs/tcp-workload-matrix-v1/A02-baseline/build/tasks.o,
by_pc,2147485024,2,42,84,86,2,2,16,0,22,xTaskIncrementTick,/Users/swchen.tw/git/percepio/poc/runs/tcp-workload-matrix-v1/A02-baseline/build/tasks.o,
by_pc,2147485026,2,42,84,86,2,2,16,0,22,xTaskIncrementTick,/Users/swchen.tw/git/percepio/poc/runs/tcp-workload-matrix-v1/A02-baseline/build/tasks.o,
by_pc,2147485028,2,2,4,6,2,0,0,0,0,xTaskIncrementTick,/Users/swchen.tw/git/percepio/poc/runs/tcp-workload-matrix-v1/A02-baseline/build/tasks.o,
by_pc,2147485032,2,4,8,10,2,2,0,0,0,xTaskIncrementTick,/Users/swchen.tw/git/percepio/poc/runs/tcp-workload-matrix-v1/A02-baseline/build/tasks.o,
by_pc,2147485034,2,2,4,6,2,0,0,0,0,xTaskIncrementTick,/Users/swchen.tw/git/percepio/poc/runs/tcp-workload-matrix-v1/A02-baseline/build/tasks.o,
by_pc,2147485036,2,2,4,6,2,0,0,0,0,xTaskIncrementTick,/Users/swchen.tw/git/percepio/poc/runs/tcp-workload-matrix-v1/A02-baseline/build/tasks.o,
by_pc,2147485040,2,4,8,10,2,2,0,0,0,xTaskIncrementTick,/Users/swchen.tw/git/percepio/poc/runs/tcp-workload-matrix-v1/A02-baseline/build/tasks.o,
by_pc,2147485044,2,2,4,6,2,0,0,0,0,xTaskIncrementTick,/Users/swchen.tw/git/percepio/poc/runs/tcp-workload-matrix-v1/A02-baseline/build/tasks.o,
by_pc,2147485046,2,4,8,10,2,2,0,0,0,xTaskIncrementTick,/Users/swchen.tw/git/percepio/poc/runs/tcp-workload-matrix-v1/A02-baseline/build/tasks.o,
by_pc,2147485050,2,38,76,78,2,2,16,18,0,xTaskIncrementTick,/Users/swchen.tw/git/percepio/poc/runs/tcp-workload-matrix-v1/A02-baseline/build/tasks.o,
by_pc,2147485054,2,2,4,6,2,0,0,0,0,xTaskIncrementTick,/Users/swchen.tw/git/percepio/poc/runs/tcp-workload-matrix-v1/A02-baseline/build/tasks.o,
by_pc,2147485056,2,94,188,190,2,2,32,36,22,xTaskIncrementTick,/Users/swchen.tw/git/percepio/poc/runs/tcp-workload-matrix-v1/A02-baseline/build/tasks.o,
by_pc,2147485058,2,4,8,10,2,2,0,0,0,xTaskIncrementTick,/Users/swchen.tw/git/percepio/poc/runs/tcp-workload-matrix-v1/A02-baseline/build/tasks.o,
by_pc,2147485060,2,2,4,6,2,0,0,0,0,xTaskIncrementTick,/Users/swchen.tw/git/percepio/poc/runs/tcp-workload-matrix-v1/A02-baseline/build/tasks.o,
by_pc,2147485062,2,4,8,10,2,2,0,0,0,xTaskIncrementTick,/Users/swchen.tw/git/percepio/poc/runs/tcp-workload-matrix-v1/A02-baseline/build/tasks.o,
by_pc,2147485066,2,2,4,6,2,0,0,0,0,xTaskIncrementTick,/Users/swchen.tw/git/percepio/poc/runs/tcp-workload-matrix-v1/A02-baseline/build/tasks.o,
by_pc,2147485070,2,2,4,6,2,0,0,0,0,xTaskIncrementTick,/Users/swchen.tw/git/percepio/poc/runs/tcp-workload-matrix-v1/A02-baseline/build/tasks.o,
by_pc,2147485072,2,2,4,6,2,0,0,0,0,xTaskIncrementTick,/Users/swchen.tw/git/percepio/poc/runs/tcp-workload-matrix-v1/A02-baseline/build/tasks.o,
by_pc,2147488492,4,42,84,88,4,4,16,18,0,xTraceEventCreate1,/Users/swchen.tw/git/percepio/poc/runs/tcp-workload-matrix-v1/A02-baseline/build/trcEvent.o,
by_pc,2147488496,4,4,8,12,4,0,0,0,0,xTraceEventCreate1,/Users/swchen.tw/git/percepio/poc/runs/tcp-workload-matrix-v1/A02-baseline/build/trcEvent.o,
by_pc,2147488498,4,102,204,208,4,4,32,18,44,xTraceEventCreate1,/Users/swchen.tw/git/percepio/poc/runs/tcp-workload-matrix-v1/A02-baseline/build/trcEvent.o,
by_pc,2147488500,4,84,168,172,4,4,32,0,44,xTraceEventCreate1,/Users/swchen.tw/git/percepio/poc/runs/tcp-workload-matrix-v1/A02-baseline/build/trcEvent.o,
by_pc,2147488502,4,84,168,172,4,4,32,0,44,xTraceEventCreate1,/Users/swchen.tw/git/percepio/poc/runs/tcp-workload-matrix-v1/A02-baseline/build/trcEvent.o,
by_pc,2147488504,4,84,168,172,4,4,32,0,44,xTraceEventCreate1,/Users/swchen.tw/git/percepio/poc/runs/tcp-workload-matrix-v1/A02-baseline/build/trcEvent.o,
by_pc,2147488506,4,84,168,172,4,4,32,0,44,xTraceEventCreate1,/Users/swchen.tw/git/percepio/poc/runs/tcp-workload-matrix-v1/A02-baseline/build/trcEvent.o,
by_pc,2147488508,4,4,8,12,4,0,0,0,0,xTraceEventCreate1,/Users/swchen.tw/git/percepio/poc/runs/tcp-workload-matrix-v1/A02-baseline/build/trcEvent.o,
by_pc,2147488510,4,4,8,12,4,0,0,0,0,xTraceEventCreate1,/Users/swchen.tw/git/percepio/poc/runs/tcp-workload-matrix-v1/A02-baseline/build/trcEvent.o,
by_pc,2147488512,4,42,84,88,4,4,16,18,0,xTraceEventCreate1,/Users/swchen.tw/git/percepio/poc/runs/tcp-workload-matrix-v1/A02-baseline/build/trcEvent.o,
by_pc,2147488516,4,8,16,20,4,4,0,0,0,xTraceEventCreate1,/Users/swchen.tw/git/percepio/poc/runs/tcp-workload-matrix-v1/A02-baseline/build/trcEvent.o,
by_pc,2147488518,4,4,8,12,4,0,0,0,0,xTraceEventCreate1,/Users/swchen.tw/git/percepio/poc/runs/tcp-workload-matrix-v1/A02-baseline/build/trcEvent.o,
by_pc,2147488520,4,4,8,12,4,0,0,0,0,xTraceEventCreate1,/Users/swchen.tw/git/percepio/poc/runs/tcp-workload-matrix-v1/A02-baseline/build/trcEvent.o,
by_pc,2147488522,4,4,8,12,4,0,0,0,0,xTraceEventCreate1,/Users/swchen.tw/git/percepio/poc/runs/tcp-workload-matrix-v1/A02-baseline/build/trcEvent.o,
by_pc,2147488526,4,4,8,12,4,0,0,0,0,xTraceEventCreate1,/Users/swchen.tw/git/percepio/poc/runs/tcp-workload-matrix-v1/A02-baseline/build/trcEvent.o,
by_pc,2147488530,4,8,16,20,4,4,0,0,0,xTraceEventCreate1,/Users/swchen.tw/git/percepio/poc/runs/tcp-workload-matrix-v1/A02-baseline/build/trcEvent.o,
by_pc,2147488532,4,4,8,12,4,0,0,0,0,xTraceEventCreate1,/Users/swchen.tw/git/percepio/poc/runs/tcp-workload-matrix-v1/A02-baseline/build/trcEvent.o,
by_pc,2147488534,4,34,68,72,4,4,8,18,0,xTraceEventCreate1,/Users/swchen.tw/git/percepio/poc/runs/tcp-workload-matrix-v1/A02-baseline/build/trcEvent.o,
by_pc,2147488536,4,4,8,12,4,0,0,0,0,xTraceEventCreate1,/Users/swchen.tw/git/percepio/poc/runs/tcp-workload-matrix-v1/A02-baseline/build/trcEvent.o,
by_pc,2147488538,4,84,168,172,4,4,32,0,44,xTraceEventCreate1,/Users/swchen.tw/git/percepio/poc/runs/tcp-workload-matrix-v1/A02-baseline/build/trcEvent.o,
by_pc,2147488540,4,8,16,20,4,4,0,0,0,xTraceEventCreate1,/Users/swchen.tw/git/percepio/poc/runs/tcp-workload-matrix-v1/A02-baseline/build/trcEvent.o,
by_pc,2147488544,4,8,16,20,4,4,0,0,0,xTraceEventCreate1,/Users/swchen.tw/git/percepio/poc/runs/tcp-workload-matrix-v1/A02-baseline/build/trcEvent.o,
by_pc,2147488548,4,42,84,88,4,4,16,18,0,xTraceEventCreate1,/Users/swchen.tw/git/percepio/poc/runs/tcp-workload-matrix-v1/A02-baseline/build/trcEvent.o,
by_pc,2147488550,4,4,8,12,4,0,0,0,0,xTraceEventCreate1,/Users/swchen.tw/git/percepio/poc/runs/tcp-workload-matrix-v1/A02-baseline/build/trcEvent.o,
by_pc,2147488552,4,4,8,12,4,0,0,0,0,xTraceEventCreate1,/Users/swchen.tw/git/percepio/poc/runs/tcp-workload-matrix-v1/A02-baseline/build/trcEvent.o,
by_pc,2147488554,4,4,8,12,4,0,0,0,0,xTraceEventCreate1,/Users/swchen.tw/git/percepio/poc/runs/tcp-workload-matrix-v1/A02-baseline/build/trcEvent.o,
by_pc,2147488556,4,4,8,12,4,0,0,0,0,xTraceEventCreate1,/Users/swchen.tw/git/percepio/poc/runs/tcp-workload-matrix-v1/A02-baseline/build/trcEvent.o,
by_pc,2147488558,4,4,8,12,4,0,0,0,0,xTraceEventCreate1,/Users/swchen.tw/git/percepio/poc/runs/tcp-workload-matrix-v1/A02-baseline/build/trcEvent.o,
by_pc,2147488560,4,84,168,172,4,4,32,0,44,xTraceEventCreate1,/Users/swchen.tw/git/percepio/poc/runs/tcp-workload-matrix-v1/A02-baseline/build/trcEvent.o,
by_pc,2147488564,4,8,16,20,4,4,0,0,0,xTraceEventCreate1,/Users/swchen.tw/git/percepio/poc/runs/tcp-workload-matrix-v1/A02-baseline/build/trcEvent.o,
by_pc,2147488566,4,8,16,20,4,4,0,0,0,xTraceEventCreate1,/Users/swchen.tw/git/percepio/poc/runs/tcp-workload-matrix-v1/A02-baseline/build/trcEvent.o,
by_pc,2147488568,4,84,168,172,4,4,32,0,44,xTraceEventCreate1,/Users/swchen.tw/git/percepio/poc/runs/tcp-workload-matrix-v1/A02-baseline/build/trcEvent.o,
by_pc,2147488572,4,4,8,12,4,0,0,0,0,xTraceEventCreate1,/Users/swchen.tw/git/percepio/poc/runs/tcp-workload-matrix-v1/A02-baseline/build/trcEvent.o,
by_pc,2147493400,9,61,122,131,9,0,16,36,0,poc_mtime,/Users/swchen.tw/git/percepio/poc/runs/tcp-workload-matrix-v1/A02-baseline/build/clock.o,
by_pc,2147493404,9,9,18,27,9,0,0,0,0,poc_mtime,/Users/swchen.tw/git/percepio/poc/runs/tcp-workload-matrix-v1/A02-baseline/build/clock.o,
by_pc,2147493408,9,9,18,27,9,0,0,0,0,poc_mtime,/Users/swchen.tw/git/percepio/poc/runs/tcp-workload-matrix-v1/A02-baseline/build/clock.o,
by_pc,2147493410,9,9,18,27,9,0,0,0,0,poc_mtime,/Users/swchen.tw/git/percepio/poc/runs/tcp-workload-matrix-v1/A02-baseline/build/clock.o,
by_pc,2147493412,9,9,18,27,9,0,0,0,0,poc_mtime,/Users/swchen.tw/git/percepio/poc/runs/tcp-workload-matrix-v1/A02-baseline/build/clock.o,
by_pc,2147493414,9,9,18,27,9,0,0,0,0,poc_mtime,/Users/swchen.tw/git/percepio/poc/runs/tcp-workload-matrix-v1/A02-baseline/build/clock.o,
by_pc,2147493416,9,9,18,27,9,0,0,0,0,poc_mtime,/Users/swchen.tw/git/percepio/poc/runs/tcp-workload-matrix-v1/A02-baseline/build/clock.o,
by_pc,2147493418,9,9,18,27,9,0,0,0,0,poc_mtime,/Users/swchen.tw/git/percepio/poc/runs/tcp-workload-matrix-v1/A02-baseline/build/clock.o,
by_pc,2147493422,9,9,18,27,9,0,0,0,0,poc_mtime,/Users/swchen.tw/git/percepio/poc/runs/tcp-workload-matrix-v1/A02-baseline/build/clock.o,
by_pc,2147488576,4,42,84,88,4,4,16,18,0,xTraceEventCreate1,/Users/swchen.tw/git/percepio/poc/runs/tcp-workload-matrix-v1/A02-baseline/build/trcEvent.o,
by_pc,2147488580,4,84,168,172,4,4,32,0,44,xTraceEventCreate1,/Users/swchen.tw/git/percepio/poc/runs/tcp-workload-matrix-v1/A02-baseline/build/trcEvent.o,
by_pc,2147488582,4,8,16,20,4,4,0,0,0,xTraceEventCreate1,/Users/swchen.tw/git/percepio/poc/runs/tcp-workload-matrix-v1/A02-baseline/build/trcEvent.o,
by_pc,2147488584,4,4,8,12,4,0,0,0,0,xTraceEventCreate1,/Users/swchen.tw/git/percepio/poc/runs/tcp-workload-matrix-v1/A02-baseline/build/trcEvent.o,
by_pc,2147488594,4,8,16,20,4,4,0,0,0,xTraceEventCreate1,/Users/swchen.tw/git/percepio/poc/runs/tcp-workload-matrix-v1/A02-baseline/build/trcEvent.o,
by_pc,2147488596,4,4,8,12,4,0,0,0,0,xTraceEventCreate1,/Users/swchen.tw/git/percepio/poc/runs/tcp-workload-matrix-v1/A02-baseline/build/trcEvent.o,
by_pc,2147488598,4,4,8,12,4,0,0,0,0,xTraceEventCreate1,/Users/swchen.tw/git/percepio/poc/runs/tcp-workload-matrix-v1/A02-baseline/build/trcEvent.o,
by_pc,2147488600,4,84,168,172,4,4,32,0,44,xTraceEventCreate1,/Users/swchen.tw/git/percepio/poc/runs/tcp-workload-matrix-v1/A02-baseline/build/trcEvent.o,
by_pc,2147488602,4,4,8,12,4,0,0,0,0,xTraceEventCreate1,/Users/swchen.tw/git/percepio/poc/runs/tcp-workload-matrix-v1/A02-baseline/build/trcEvent.o,
by_pc,2147488604,4,84,168,172,4,4,32,0,44,xTraceEventCreate1,/Users/swchen.tw/git/percepio/poc/runs/tcp-workload-matrix-v1/A02-baseline/build/trcEvent.o,
by_pc,2147488606,4,4,8,12,4,0,0,0,0,xTraceEventCreate1,/Users/swchen.tw/git/percepio/poc/runs/tcp-workload-matrix-v1/A02-baseline/build/trcEvent.o,
by_pc,2147488608,4,4,8,12,4,0,0,0,0,xTraceEventCreate1,/Users/swchen.tw/git/percepio/poc/runs/tcp-workload-matrix-v1/A02-baseline/build/trcEvent.o,
by_pc,2147493810,7,67,134,141,7,0,24,36,0,xTraceStreamPortWriteData,/Users/swchen.tw/git/percepio/poc/runs/tcp-workload-matrix-v1/A02-baseline/build/trcStreamPort.o,
by_pc,2147493812,7,147,294,301,7,7,56,0,77,xTraceStreamPortWriteData,/Users/swchen.tw/git/percepio/poc/runs/tcp-workload-matrix-v1/A02-baseline/build/trcStreamPort.o,
by_pc,2147493814,7,147,294,301,7,7,56,0,77,xTraceStreamPortWriteData,/Users/swchen.tw/git/percepio/poc/runs/tcp-workload-matrix-v1/A02-baseline/build/trcStreamPort.o,
by_pc,2147493816,7,147,294,301,7,7,56,0,77,xTraceStreamPortWriteData,/Users/swchen.tw/git/percepio/poc/runs/tcp-workload-matrix-v1/A02-baseline/build/trcStreamPort.o,
by_pc,2147493820,7,7,14,21,7,0,0,0,0,xTraceStreamPortWriteData,/Users/swchen.tw/git/percepio/poc/runs/tcp-workload-matrix-v1/A02-baseline/build/trcStreamPort.o,
by_pc,2147493826,7,56,112,119,7,7,24,18,0,xTraceStreamPortWriteData,/Users/swchen.tw/git/percepio/poc/runs/tcp-workload-matrix-v1/A02-baseline/build/trcStreamPort.o,
by_pc,2147493830,7,7,14,21,7,0,0,0,0,xTraceStreamPortWriteData,/Users/swchen.tw/git/percepio/poc/runs/tcp-workload-matrix-v1/A02-baseline/build/trcStreamPort.o,
by_pc,2147493834,7,7,14,21,7,0,0,0,0,xTraceStreamPortWriteData,/Users/swchen.tw/git/percepio/poc/runs/tcp-workload-matrix-v1/A02-baseline/build/trcStreamPort.o,
by_pc,2147493836,7,7,14,21,7,0,0,0,0,xTraceStreamPortWriteData,/Users/swchen.tw/git/percepio/poc/runs/tcp-workload-matrix-v1/A02-baseline/build/trcStreamPort.o,
by_pc,2147493838,7,7,14,21,7,0,0,0,0,xTraceStreamPortWriteData,/Users/swchen.tw/git/percepio/poc/runs/tcp-workload-matrix-v1/A02-baseline/build/trcStreamPort.o,
by_pc,2147493840,7,7,14,21,7,0,0,0,0,xTraceStreamPortWriteData,/Users/swchen.tw/git/percepio/poc/runs/tcp-workload-matrix-v1/A02-baseline/build/trcStreamPort.o,
by_pc,2147493842,7,165,330,337,7,7,56,18,77,xTraceStreamPortWriteData,/Users/swchen.tw/git/percepio/poc/runs/tcp-workload-matrix-v1/A02-baseline/build/trcStreamPort.o,
by_pc,2147493844,7,7,14,21,7,0,0,0,0,xTraceStreamPortWriteData,/Users/swchen.tw/git/percepio/poc/runs/tcp-workload-matrix-v1/A02-baseline/build/trcStreamPort.o,
by_pc,2147493576,7,59,118,125,7,0,16,36,0,poc_write_all,/Users/swchen.tw/git/percepio/poc/runs/tcp-workload-matrix-v1/A02-baseline/build/stream_io.o,
by_pc,2147493578,7,147,294,301,7,7,56,0,77,poc_write_all,/Users/swchen.tw/git/percepio/poc/runs/tcp-workload-matrix-v1/A02-baseline/build/stream_io.o,
by_pc,2147493580,7,147,294,301,7,7,56,0,77,poc_write_all,/Users/swchen.tw/git/percepio/poc/runs/tcp-workload-matrix-v1/A02-baseline/build/stream_io.o,
by_pc,2147493582,7,147,294,301,7,7,56,0,77,poc_write_all,/Users/swchen.tw/git/percepio/poc/runs/tcp-workload-matrix-v1/A02-baseline/build/stream_io.o,
by_pc,2147493584,7,7,14,21,7,0,0,0,0,poc_write_all,/Users/swchen.tw/git/percepio/poc/runs/tcp-workload-matrix-v1/A02-baseline/build/stream_io.o,
by_pc,2147493586,7,7,14,21,7,0,0,0,0,poc_write_all,/Users/swchen.tw/git/percepio/poc/runs/tcp-workload-matrix-v1/A02-baseline/build/stream_io.o,
by_pc,2147493590,14,14,28,42,14,0,0,0,0,poc_write_all,/Users/swchen.tw/git/percepio/poc/runs/tcp-workload-matrix-v1/A02-baseline/build/stream_io.o,
by_pc,2147493596,7,7,14,21,7,0,0,0,0,poc_write_all,/Users/swchen.tw/git/percepio/poc/runs/tcp-workload-matrix-v1/A02-baseline/build/stream_io.o,
by_pc,2147493598,7,7,14,21,7,0,0,0,0,poc_write_all,/Users/swchen.tw/git/percepio/poc/runs/tcp-workload-matrix-v1/A02-baseline/build/stream_io.o,
by_pc,2147493612,7,7,14,21,7,0,0,0,0,poc_write_all,/Users/swchen.tw/git/percepio/poc/runs/tcp-workload-matrix-v1/A02-baseline/build/stream_io.o,
by_pc,2147493614,7,147,294,301,7,7,56,0,77,poc_write_all,/Users/swchen.tw/git/percepio/poc/runs/tcp-workload-matrix-v1/A02-baseline/build/stream_io.o,
by_pc,2147493616,7,147,294,301,7,7,56,0,77,poc_write_all,/Users/swchen.tw/git/percepio/poc/runs/tcp-workload-matrix-v1/A02-baseline/build/stream_io.o,
by_pc,2147493618,7,7,14,21,7,0,0,0,0,poc_write_all,/Users/swchen.tw/git/percepio/poc/runs/tcp-workload-matrix-v1/A02-baseline/build/stream_io.o,
by_pc,2147493552,7,59,118,125,7,0,16,36,0,poc_sh_write,/Users/swchen.tw/git/percepio/poc/runs/tcp-workload-matrix-v1/A02-baseline/build/semihost.o,
by_pc,2147493554,7,165,330,337,7,7,56,18,77,poc_sh_write,/Users/swchen.tw/git/percepio/poc/runs/tcp-workload-matrix-v1/A02-baseline/build/semihost.o,
by_pc,2147493556,7,147,294,301,7,7,56,0,77,poc_sh_write,/Users/swchen.tw/git/percepio/poc/runs/tcp-workload-matrix-v1/A02-baseline/build/semihost.o,
by_pc,2147493558,7,7,14,21,7,0,0,0,0,poc_sh_write,/Users/swchen.tw/git/percepio/poc/runs/tcp-workload-matrix-v1/A02-baseline/build/semihost.o,
by_pc,2147493560,7,7,14,21,7,0,0,0,0,poc_sh_write,/Users/swchen.tw/git/percepio/poc/runs/tcp-workload-matrix-v1/A02-baseline/build/semihost.o,
by_pc,2147493562,7,147,294,301,7,7,56,0,77,poc_sh_write,/Users/swchen.tw/git/percepio/poc/runs/tcp-workload-matrix-v1/A02-baseline/build/semihost.o,
by_pc,2147493564,7,147,294,301,7,7,56,0,77,poc_sh_write,/Users/swchen.tw/git/percepio/poc/runs/tcp-workload-matrix-v1/A02-baseline/build/semihost.o,
by_pc,2147493566,7,14,28,35,14,0,0,0,0,poc_sh_write,/Users/swchen.tw/git/percepio/poc/runs/tcp-workload-matrix-v1/A02-baseline/build/semihost.o,
by_pc,2147493488,7,59,118,125,7,0,16,36,0,call,/Users/swchen.tw/git/percepio/poc/runs/tcp-workload-matrix-v1/A02-baseline/build/semihost.o,
by_pc,2147493492,7,7,14,21,7,0,0,0,0,call,/Users/swchen.tw/git/percepio/poc/runs/tcp-workload-matrix-v1/A02-baseline/build/semihost.o,
by_pc,2147493496,7,7,14,21,7,0,0,0,0,call,/Users/swchen.tw/git/percepio/poc/runs/tcp-workload-matrix-v1/A02-baseline/build/semihost.o,
by_pc,2147493500,7,7,14,21,7,0,0,0,0,call,/Users/swchen.tw/git/percepio/poc/runs/tcp-workload-matrix-v1/A02-baseline/build/semihost.o,
by_pc,2147493570,7,14,28,35,7,7,0,0,0,poc_sh_write,/Users/swchen.tw/git/percepio/poc/runs/tcp-workload-matrix-v1/A02-baseline/build/semihost.o,
by_pc,2147493572,7,7,14,21,7,0,0,0,0,poc_sh_write,/Users/swchen.tw/git/percepio/poc/runs/tcp-workload-matrix-v1/A02-baseline/build/semihost.o,
by_pc,2147493574,7,7,14,21,7,0,0,0,0,poc_sh_write,/Users/swchen.tw/git/percepio/poc/runs/tcp-workload-matrix-v1/A02-baseline/build/semihost.o,
by_pc,2147493622,7,14,28,35,7,7,0,0,0,poc_write_all,/Users/swchen.tw/git/percepio/poc/runs/tcp-workload-matrix-v1/A02-baseline/build/stream_io.o,
by_pc,2147493624,7,7,14,21,7,0,0,0,0,poc_write_all,/Users/swchen.tw/git/percepio/poc/runs/tcp-workload-matrix-v1/A02-baseline/build/stream_io.o,
by_pc,2147493628,7,7,14,21,7,0,0,0,0,poc_write_all,/Users/swchen.tw/git/percepio/poc/runs/tcp-workload-matrix-v1/A02-baseline/build/stream_io.o,
by_pc,2147493632,7,66,132,139,7,7,16,36,0,poc_write_all,/Users/swchen.tw/git/percepio/poc/runs/tcp-workload-matrix-v1/A02-baseline/build/stream_io.o,
by_pc,2147493634,7,7,14,21,7,0,0,0,0,poc_write_all,/Users/swchen.tw/git/percepio/poc/runs/tcp-workload-matrix-v1/A02-baseline/build/stream_io.o,
by_pc,2147493636,7,7,14,21,7,0,0,0,0,poc_write_all,/Users/swchen.tw/git/percepio/poc/runs/tcp-workload-matrix-v1/A02-baseline/build/stream_io.o,
by_pc,2147493638,7,7,14,21,7,0,0,0,0,poc_write_all,/Users/swchen.tw/git/percepio/poc/runs/tcp-workload-matrix-v1/A02-baseline/build/stream_io.o,
by_pc,2147493640,7,7,14,21,7,0,0,0,0,poc_write_all,/Users/swchen.tw/git/percepio/poc/runs/tcp-workload-matrix-v1/A02-baseline/build/stream_io.o,
by_pc,2147493592,7,7,14,21,7,0,0,0,0,poc_write_all,/Users/swchen.tw/git/percepio/poc/runs/tcp-workload-matrix-v1/A02-baseline/build/stream_io.o,
by_pc,2147493594,7,7,14,21,7,0,0,0,0,poc_write_all,/Users/swchen.tw/git/percepio/poc/runs/tcp-workload-matrix-v1/A02-baseline/build/stream_io.o,
by_pc,2147493602,7,14,28,35,7,7,0,0,0,poc_write_all,/Users/swchen.tw/git/percepio/poc/runs/tcp-workload-matrix-v1/A02-baseline/build/stream_io.o,
by_pc,2147493604,7,14,28,35,7,7,0,0,0,poc_write_all,/Users/swchen.tw/git/percepio/poc/runs/tcp-workload-matrix-v1/A02-baseline/build/stream_io.o,
by_pc,2147493606,7,14,28,35,7,7,0,0,0,poc_write_all,/Users/swchen.tw/git/percepio/poc/runs/tcp-workload-matrix-v1/A02-baseline/build/stream_io.o,
by_pc,2147493608,7,7,14,21,7,0,0,0,0,poc_write_all,/Users/swchen.tw/git/percepio/poc/runs/tcp-workload-matrix-v1/A02-baseline/build/stream_io.o,
by_pc,2147493610,7,7,14,21,7,0,0,0,0,poc_write_all,/Users/swchen.tw/git/percepio/poc/runs/tcp-workload-matrix-v1/A02-baseline/build/stream_io.o,
by_pc,2147493848,7,7,14,21,7,0,0,0,0,xTraceStreamPortWriteData,/Users/swchen.tw/git/percepio/poc/runs/tcp-workload-matrix-v1/A02-baseline/build/trcStreamPort.o,
by_pc,2147493850,7,14,28,35,7,7,0,0,0,xTraceStreamPortWriteData,/Users/swchen.tw/git/percepio/poc/runs/tcp-workload-matrix-v1/A02-baseline/build/trcStreamPort.o,
by_pc,2147493852,7,147,294,301,7,7,56,0,77,xTraceStreamPortWriteData,/Users/swchen.tw/git/percepio/poc/runs/tcp-workload-matrix-v1/A02-baseline/build/trcStreamPort.o,
by_pc,2147493854,7,14,28,35,7,7,0,0,0,xTraceStreamPortWriteData,/Users/swchen.tw/git/percepio/poc/runs/tcp-workload-matrix-v1/A02-baseline/build/trcStreamPort.o,
by_pc,2147493856,7,14,28,35,7,7,0,0,0,xTraceStreamPortWriteData,/Users/swchen.tw/git/percepio/poc/runs/tcp-workload-matrix-v1/A02-baseline/build/trcStreamPort.o,
by_pc,2147493858,7,7,14,21,7,0,0,0,0,xTraceStreamPortWriteData,/Users/swchen.tw/git/percepio/poc/runs/tcp-workload-matrix-v1/A02-baseline/build/trcStreamPort.o,
by_pc,2147493860,7,7,14,21,7,0,0,0,0,xTraceStreamPortWriteData,/Users/swchen.tw/git/percepio/poc/runs/tcp-workload-matrix-v1/A02-baseline/build/trcStreamPort.o,
by_pc,2147488612,4,4,8,12,4,0,0,0,0,xTraceEventCreate1,/Users/swchen.tw/git/percepio/poc/runs/tcp-workload-matrix-v1/A02-baseline/build/trcEvent.o,
by_pc,2147488614,4,4,8,12,4,0,0,0,0,xTraceEventCreate1,/Users/swchen.tw/git/percepio/poc/runs/tcp-workload-matrix-v1/A02-baseline/build/trcEvent.o,
by_pc,2147488452,7,7,14,21,7,0,0,0,0,poc_irq_restore,/Users/swchen.tw/git/percepio/poc/runs/tcp-workload-matrix-v1/A02-baseline/build/trcEvent.o,
by_pc,2147488454,7,7,14,21,7,0,0,0,0,poc_irq_restore,/Users/swchen.tw/git/percepio/poc/runs/tcp-workload-matrix-v1/A02-baseline/build/trcEvent.o,
by_pc,2147488462,6,6,12,18,6,0,0,0,0,poc_irq_restore,/Users/swchen.tw/git/percepio/poc/runs/tcp-workload-matrix-v1/A02-baseline/build/trcEvent.o,
by_pc,2147488466,6,6,12,18,6,0,0,0,0,poc_irq_restore,/Users/swchen.tw/git/percepio/poc/runs/tcp-workload-matrix-v1/A02-baseline/build/trcEvent.o,
by_pc,2147488616,4,4,8,12,4,0,0,0,0,xTraceEventCreate1,/Users/swchen.tw/git/percepio/poc/runs/tcp-workload-matrix-v1/A02-baseline/build/trcEvent.o,
by_pc,2147488618,4,8,16,20,4,4,0,0,0,xTraceEventCreate1,/Users/swchen.tw/git/percepio/poc/runs/tcp-workload-matrix-v1/A02-baseline/build/trcEvent.o,
by_pc,2147488620,4,8,16,20,4,4,0,0,0,xTraceEventCreate1,/Users/swchen.tw/git/percepio/poc/runs/tcp-workload-matrix-v1/A02-baseline/build/trcEvent.o,
by_pc,2147488622,4,8,16,20,4,4,0,0,0,xTraceEventCreate1,/Users/swchen.tw/git/percepio/poc/runs/tcp-workload-matrix-v1/A02-baseline/build/trcEvent.o,
by_pc,2147488624,4,8,16,20,4,4,0,0,0,xTraceEventCreate1,/Users/swchen.tw/git/percepio/poc/runs/tcp-workload-matrix-v1/A02-baseline/build/trcEvent.o,
by_pc,2147488626,4,4,8,12,4,0,0,0,0,xTraceEventCreate1,/Users/swchen.tw/git/percepio/poc/runs/tcp-workload-matrix-v1/A02-baseline/build/trcEvent.o,
by_pc,2147488628,4,4,8,12,4,0,0,0,0,xTraceEventCreate1,/Users/swchen.tw/git/percepio/poc/runs/tcp-workload-matrix-v1/A02-baseline/build/trcEvent.o,
by_pc,2147488630,4,4,8,12,4,0,0,0,0,xTraceEventCreate1,/Users/swchen.tw/git/percepio/poc/runs/tcp-workload-matrix-v1/A02-baseline/build/trcEvent.o,
by_pc,2147485076,2,4,8,10,2,2,0,0,0,xTaskIncrementTick,/Users/swchen.tw/git/percepio/poc/runs/tcp-workload-matrix-v1/A02-baseline/build/tasks.o,
by_pc,2147485078,2,2,4,6,2,0,0,0,0,xTaskIncrementTick,/Users/swchen.tw/git/percepio/poc/runs/tcp-workload-matrix-v1/A02-baseline/build/tasks.o,
by_pc,2147485082,2,2,4,6,2,0,0,0,0,xTaskIncrementTick,/Users/swchen.tw/git/percepio/poc/runs/tcp-workload-matrix-v1/A02-baseline/build/tasks.o,
by_pc,2147485086,2,4,8,10,2,2,0,0,0,xTaskIncrementTick,/Users/swchen.tw/git/percepio/poc/runs/tcp-workload-matrix-v1/A02-baseline/build/tasks.o,
by_pc,2147485088,2,2,4,6,2,0,0,0,0,xTaskIncrementTick,/Users/swchen.tw/git/percepio/poc/runs/tcp-workload-matrix-v1/A02-baseline/build/tasks.o,
by_pc,2147485090,2,42,84,86,2,2,16,0,22,xTaskIncrementTick,/Users/swchen.tw/git/percepio/poc/runs/tcp-workload-matrix-v1/A02-baseline/build/tasks.o,
by_pc,2147485092,2,2,4,6,2,0,0,0,0,xTaskIncrementTick,/Users/swchen.tw/git/percepio/poc/runs/tcp-workload-matrix-v1/A02-baseline/build/tasks.o,
by_pc,2147485146,2,54,108,110,2,0,16,36,0,xTaskIncrementTick,/Users/swchen.tw/git/percepio/poc/runs/tcp-workload-matrix-v1/A02-baseline/build/tasks.o,
by_pc,2147485150,2,4,8,10,2,2,0,0,0,xTaskIncrementTick,/Users/swchen.tw/git/percepio/poc/runs/tcp-workload-matrix-v1/A02-baseline/build/tasks.o,
by_pc,2147485154,2,2,4,6,2,0,0,0,0,xTaskIncrementTick,/Users/swchen.tw/git/percepio/poc/runs/tcp-workload-matrix-v1/A02-baseline/build/tasks.o,
by_pc,2147485158,2,2,4,6,2,0,0,0,0,xTaskIncrementTick,/Users/swchen.tw/git/percepio/poc/runs/tcp-workload-matrix-v1/A02-baseline/build/tasks.o,
by_pc,2147485162,2,2,4,6,2,0,0,0,0,xTaskIncrementTick,/Users/swchen.tw/git/percepio/poc/runs/tcp-workload-matrix-v1/A02-baseline/build/tasks.o,
by_pc,2147485164,2,2,4,6,2,0,0,0,0,xTaskIncrementTick,/Users/swchen.tw/git/percepio/poc/runs/tcp-workload-matrix-v1/A02-baseline/build/tasks.o,
by_pc,2147485194,2,30,60,62,2,2,8,18,0,xTaskIncrementTick,/Users/swchen.tw/git/percepio/poc/runs/tcp-workload-matrix-v1/A02-baseline/build/tasks.o,
by_pc,2147485198,2,2,4,6,2,0,0,0,0,xTaskIncrementTick,/Users/swchen.tw/git/percepio/poc/runs/tcp-workload-matrix-v1/A02-baseline/build/tasks.o,
by_pc,2147485200,2,4,8,10,2,2,0,0,0,xTaskIncrementTick,/Users/swchen.tw/git/percepio/poc/runs/tcp-workload-matrix-v1/A02-baseline/build/tasks.o,
by_pc,2147485204,2,4,8,10,2,2,0,0,0,xTaskIncrementTick,/Users/swchen.tw/git/percepio/poc/runs/tcp-workload-matrix-v1/A02-baseline/build/tasks.o,
by_pc,2147485206,2,2,4,6,2,0,0,0,0,xTaskIncrementTick,/Users/swchen.tw/git/percepio/poc/runs/tcp-workload-matrix-v1/A02-baseline/build/tasks.o,
by_pc,2147485210,2,2,4,6,2,0,0,0,0,xTaskIncrementTick,/Users/swchen.tw/git/percepio/poc/runs/tcp-workload-matrix-v1/A02-baseline/build/tasks.o,
by_pc,2147485214,2,2,4,6,2,0,0,0,0,xTaskIncrementTick,/Users/swchen.tw/git/percepio/poc/runs/tcp-workload-matrix-v1/A02-baseline/build/tasks.o,
by_pc,2147485216,2,30,60,62,2,2,8,18,0,xTaskIncrementTick,/Users/swchen.tw/git/percepio/poc/runs/tcp-workload-matrix-v1/A02-baseline/build/tasks.o,
by_pc,2147485218,2,2,4,6,2,0,0,0,0,xTaskIncrementTick,/Users/swchen.tw/git/percepio/poc/runs/tcp-workload-matrix-v1/A02-baseline/build/tasks.o,
by_pc,2147485222,2,2,4,6,2,0,0,0,0,xTaskIncrementTick,/Users/swchen.tw/git/percepio/poc/runs/tcp-workload-matrix-v1/A02-baseline/build/tasks.o,
by_pc,2147485226,2,2,4,6,2,0,0,0,0,xTaskIncrementTick,/Users/swchen.tw/git/percepio/poc/runs/tcp-workload-matrix-v1/A02-baseline/build/tasks.o,
by_pc,2147485228,2,2,4,6,2,0,0,0,0,xTaskIncrementTick,/Users/swchen.tw/git/percepio/poc/runs/tcp-workload-matrix-v1/A02-baseline/build/tasks.o,
by_pc,2147485232,2,4,8,10,2,2,0,0,0,xTaskIncrementTick,/Users/swchen.tw/git/percepio/poc/runs/tcp-workload-matrix-v1/A02-baseline/build/tasks.o,
by_pc,2147485234,2,4,8,10,2,2,0,0,0,xTaskIncrementTick,/Users/swchen.tw/git/percepio/poc/runs/tcp-workload-matrix-v1/A02-baseline/build/tasks.o,
by_pc,2147485236,2,4,8,10,2,2,0,0,0,xTaskIncrementTick,/Users/swchen.tw/git/percepio/poc/runs/tcp-workload-matrix-v1/A02-baseline/build/tasks.o,
by_pc,2147485238,2,4,8,10,2,2,0,0,0,xTaskIncrementTick,/Users/swchen.tw/git/percepio/poc/runs/tcp-workload-matrix-v1/A02-baseline/build/tasks.o,
by_pc,2147485240,2,4,8,10,2,2,0,0,0,xTaskIncrementTick,/Users/swchen.tw/git/percepio/poc/runs/tcp-workload-matrix-v1/A02-baseline/build/tasks.o,
by_pc,2147485242,2,4,8,10,2,2,0,0,0,xTaskIncrementTick,/Users/swchen.tw/git/percepio/poc/runs/tcp-workload-matrix-v1/A02-baseline/build/tasks.o,
by_pc,2147485244,2,4,8,10,2,2,0,0,0,xTaskIncrementTick,/Users/swchen.tw/git/percepio/poc/runs/tcp-workload-matrix-v1/A02-baseline/build/tasks.o,
by_pc,2147485246,2,4,8,10,2,2,0,0,0,xTaskIncrementTick,/Users/swchen.tw/git/percepio/poc/runs/tcp-workload-matrix-v1/A02-baseline/build/tasks.o,
by_pc,2147485248,2,30,60,62,2,2,8,18,0,xTaskIncrementTick,/Users/swchen.tw/git/percepio/poc/runs/tcp-workload-matrix-v1/A02-baseline/build/tasks.o,
by_pc,2147485250,2,4,8,10,2,2,0,0,0,xTaskIncrementTick,/Users/swchen.tw/git/percepio/poc/runs/tcp-workload-matrix-v1/A02-baseline/build/tasks.o,
by_pc,2147485252,2,4,8,10,2,2,0,0,0,xTaskIncrementTick,/Users/swchen.tw/git/percepio/poc/runs/tcp-workload-matrix-v1/A02-baseline/build/tasks.o,
by_pc,2147485254,2,2,4,6,2,0,0,0,0,xTaskIncrementTick,/Users/swchen.tw/git/percepio/poc/runs/tcp-workload-matrix-v1/A02-baseline/build/tasks.o,
by_pc,2147485256,2,2,4,6,2,0,0,0,0,xTaskIncrementTick,/Users/swchen.tw/git/percepio/poc/runs/tcp-workload-matrix-v1/A02-baseline/build/tasks.o,
by_pc,2147519660,2,2,4,6,2,0,0,0,0,unresolved@/Users/swchen.tw/git/percepio/poc/runs/tcp-workload-matrix-v1/A02-baseline/build/portASM.o:2147519488,/Users/swchen.tw/git/percepio/poc/runs/tcp-workload-matrix-v1/A02-baseline/build/portASM.o,
by_pc,2147519692,3,40,80,83,3,3,16,18,0,unresolved@/Users/swchen.tw/git/percepio/poc/runs/tcp-workload-matrix-v1/A02-baseline/build/portASM.o:2147519488,/Users/swchen.tw/git/percepio/poc/runs/tcp-workload-matrix-v1/A02-baseline/build/portASM.o,
by_pc,2147519696,3,6,12,15,3,3,0,0,0,unresolved@/Users/swchen.tw/git/percepio/poc/runs/tcp-workload-matrix-v1/A02-baseline/build/portASM.o:2147519488,/Users/swchen.tw/git/percepio/poc/runs/tcp-workload-matrix-v1/A02-baseline/build/portASM.o,
by_pc,2147519700,3,32,64,67,3,3,8,18,0,unresolved@/Users/swchen.tw/git/percepio/poc/runs/tcp-workload-matrix-v1/A02-baseline/build/portASM.o:2147519488,/Users/swchen.tw/git/percepio/poc/runs/tcp-workload-matrix-v1/A02-baseline/build/portASM.o,
by_pc,2147519702,3,3,6,9,3,0,0,0,0,unresolved@/Users/swchen.tw/git/percepio/poc/runs/tcp-workload-matrix-v1/A02-baseline/build/portASM.o:2147519488,/Users/swchen.tw/git/percepio/poc/runs/tcp-workload-matrix-v1/A02-baseline/build/portASM.o,
by_pc,2147519706,3,32,64,67,3,3,8,18,0,unresolved@/Users/swchen.tw/git/percepio/poc/runs/tcp-workload-matrix-v1/A02-baseline/build/portASM.o:2147519488,/Users/swchen.tw/git/percepio/poc/runs/tcp-workload-matrix-v1/A02-baseline/build/portASM.o,
by_pc,2147519708,3,3,6,9,3,0,0,0,0,unresolved@/Users/swchen.tw/git/percepio/poc/runs/tcp-workload-matrix-v1/A02-baseline/build/portASM.o:2147519488,/Users/swchen.tw/git/percepio/poc/runs/tcp-workload-matrix-v1/A02-baseline/build/portASM.o,
by_pc,2147519712,3,6,12,15,3,3,0,0,0,unresolved@/Users/swchen.tw/git/percepio/poc/runs/tcp-workload-matrix-v1/A02-baseline/build/portASM.o:2147519488,/Users/swchen.tw/git/percepio/poc/runs/tcp-workload-matrix-v1/A02-baseline/build/portASM.o,
by_pc,2147519714,3,3,6,9,3,0,0,0,0,unresolved@/Users/swchen.tw/git/percepio/poc/runs/tcp-workload-matrix-v1/A02-baseline/build/portASM.o:2147519488,/Users/swchen.tw/git/percepio/poc/runs/tcp-workload-matrix-v1/A02-baseline/build/portASM.o,
by_pc,2147519718,3,6,12,15,3,3,0,0,0,unresolved@/Users/swchen.tw/git/percepio/poc/runs/tcp-workload-matrix-v1/A02-baseline/build/portASM.o:2147519488,/Users/swchen.tw/git/percepio/poc/runs/tcp-workload-matrix-v1/A02-baseline/build/portASM.o,
by_pc,2147519722,3,63,126,129,3,3,24,0,33,unresolved@/Users/swchen.tw/git/percepio/poc/runs/tcp-workload-matrix-v1/A02-baseline/build/portASM.o:2147519488,/Users/swchen.tw/git/percepio/poc/runs/tcp-workload-matrix-v1/A02-baseline/build/portASM.o,
by_pc,2147519726,3,6,12,15,3,3,0,0,0,unresolved@/Users/swchen.tw/git/percepio/poc/runs/tcp-workload-matrix-v1/A02-baseline/build/portASM.o:2147519488,/Users/swchen.tw/git/percepio/poc/runs/tcp-workload-matrix-v1/A02-baseline/build/portASM.o,
by_pc,2147519728,3,6,12,15,3,3,0,0,0,unresolved@/Users/swchen.tw/git/percepio/poc/runs/tcp-workload-matrix-v1/A02-baseline/build/portASM.o:2147519488,/Users/swchen.tw/git/percepio/poc/runs/tcp-workload-matrix-v1/A02-baseline/build/portASM.o,
by_pc,2147519730,3,6,12,15,3,3,0,0,0,unresolved@/Users/swchen.tw/git/percepio/poc/runs/tcp-workload-matrix-v1/A02-baseline/build/portASM.o:2147519488,/Users/swchen.tw/git/percepio/poc/runs/tcp-workload-matrix-v1/A02-baseline/build/portASM.o,
by_pc,2147519732,3,6,12,15,3,3,0,0,0,unresolved@/Users/swchen.tw/git/percepio/poc/runs/tcp-workload-matrix-v1/A02-baseline/build/portASM.o:2147519488,/Users/swchen.tw/git/percepio/poc/runs/tcp-workload-matrix-v1/A02-baseline/build/portASM.o,
by_pc,2147519734,3,6,12,15,3,3,0,0,0,unresolved@/Users/swchen.tw/git/percepio/poc/runs/tcp-workload-matrix-v1/A02-baseline/build/portASM.o:2147519488,/Users/swchen.tw/git/percepio/poc/runs/tcp-workload-matrix-v1/A02-baseline/build/portASM.o,
by_pc,2147519736,3,6,12,15,3,3,0,0,0,unresolved@/Users/swchen.tw/git/percepio/poc/runs/tcp-workload-matrix-v1/A02-baseline/build/portASM.o:2147519488,/Users/swchen.tw/git/percepio/poc/runs/tcp-workload-matrix-v1/A02-baseline/build/portASM.o,
by_pc,2147519738,3,6,12,15,3,3,0,0,0,unresolved@/Users/swchen.tw/git/percepio/poc/runs/tcp-workload-matrix-v1/A02-baseline/build/portASM.o:2147519488,/Users/swchen.tw/git/percepio/poc/runs/tcp-workload-matrix-v1/A02-baseline/build/portASM.o,
by_pc,2147519740,3,6,12,15,3,3,0,0,0,unresolved@/Users/swchen.tw/git/percepio/poc/runs/tcp-workload-matrix-v1/A02-baseline/build/portASM.o:2147519488,/Users/swchen.tw/git/percepio/poc/runs/tcp-workload-matrix-v1/A02-baseline/build/portASM.o,
by_pc,2147519742,3,6,12,15,3,3,0,0,0,unresolved@/Users/swchen.tw/git/percepio/poc/runs/tcp-workload-matrix-v1/A02-baseline/build/portASM.o:2147519488,/Users/swchen.tw/git/percepio/poc/runs/tcp-workload-matrix-v1/A02-baseline/build/portASM.o,
by_pc,2147519744,3,40,80,83,3,3,16,18,0,unresolved@/Users/swchen.tw/git/percepio/poc/runs/tcp-workload-matrix-v1/A02-baseline/build/portASM.o:2147519488,/Users/swchen.tw/git/percepio/poc/runs/tcp-workload-matrix-v1/A02-baseline/build/portASM.o,
by_pc,2147519746,3,32,64,67,3,3,8,18,0,unresolved@/Users/swchen.tw/git/percepio/poc/runs/tcp-workload-matrix-v1/A02-baseline/build/portASM.o:2147519488,/Users/swchen.tw/git/percepio/poc/runs/tcp-workload-matrix-v1/A02-baseline/build/portASM.o,
by_pc,2147519748,3,6,12,15,3,3,0,0,0,unresolved@/Users/swchen.tw/git/percepio/poc/runs/tcp-workload-matrix-v1/A02-baseline/build/portASM.o:2147519488,/Users/swchen.tw/git/percepio/poc/runs/tcp-workload-matrix-v1/A02-baseline/build/portASM.o,
by_pc,2147519750,3,6,12,15,3,3,0,0,0,unresolved@/Users/swchen.tw/git/percepio/poc/runs/tcp-workload-matrix-v1/A02-baseline/build/portASM.o:2147519488,/Users/swchen.tw/git/percepio/poc/runs/tcp-workload-matrix-v1/A02-baseline/build/portASM.o,
by_pc,2147519752,3,6,12,15,3,3,0,0,0,unresolved@/Users/swchen.tw/git/percepio/poc/runs/tcp-workload-matrix-v1/A02-baseline/build/portASM.o:2147519488,/Users/swchen.tw/git/percepio/poc/runs/tcp-workload-matrix-v1/A02-baseline/build/portASM.o,
by_pc,2147519754,3,6,12,15,3,3,0,0,0,unresolved@/Users/swchen.tw/git/percepio/poc/runs/tcp-workload-matrix-v1/A02-baseline/build/portASM.o:2147519488,/Users/swchen.tw/git/percepio/poc/runs/tcp-workload-matrix-v1/A02-baseline/build/portASM.o,
by_pc,2147519756,3,6,12,15,3,3,0,0,0,unresolved@/Users/swchen.tw/git/percepio/poc/runs/tcp-workload-matrix-v1/A02-baseline/build/portASM.o:2147519488,/Users/swchen.tw/git/percepio/poc/runs/tcp-workload-matrix-v1/A02-baseline/build/portASM.o,
by_pc,2147519758,3,6,12,15,3,3,0,0,0,unresolved@/Users/swchen.tw/git/percepio/poc/runs/tcp-workload-matrix-v1/A02-baseline/build/portASM.o:2147519488,/Users/swchen.tw/git/percepio/poc/runs/tcp-workload-matrix-v1/A02-baseline/build/portASM.o,
by_pc,2147519760,3,6,12,15,3,3,0,0,0,unresolved@/Users/swchen.tw/git/percepio/poc/runs/tcp-workload-matrix-v1/A02-baseline/build/portASM.o:2147519488,/Users/swchen.tw/git/percepio/poc/runs/tcp-workload-matrix-v1/A02-baseline/build/portASM.o,
by_pc,2147519762,3,6,12,15,3,3,0,0,0,unresolved@/Users/swchen.tw/git/percepio/poc/runs/tcp-workload-matrix-v1/A02-baseline/build/portASM.o:2147519488,/Users/swchen.tw/git/percepio/poc/runs/tcp-workload-matrix-v1/A02-baseline/build/portASM.o,
by_pc,2147519764,3,6,12,15,3,3,0,0,0,unresolved@/Users/swchen.tw/git/percepio/poc/runs/tcp-workload-matrix-v1/A02-baseline/build/portASM.o:2147519488,/Users/swchen.tw/git/percepio/poc/runs/tcp-workload-matrix-v1/A02-baseline/build/portASM.o,
by_pc,2147519766,3,6,12,15,3,3,0,0,0,unresolved@/Users/swchen.tw/git/percepio/poc/runs/tcp-workload-matrix-v1/A02-baseline/build/portASM.o:2147519488,/Users/swchen.tw/git/percepio/poc/runs/tcp-workload-matrix-v1/A02-baseline/build/portASM.o,
by_pc,2147519768,3,6,12,15,3,3,0,0,0,unresolved@/Users/swchen.tw/git/percepio/poc/runs/tcp-workload-matrix-v1/A02-baseline/build/portASM.o:2147519488,/Users/swchen.tw/git/percepio/poc/runs/tcp-workload-matrix-v1/A02-baseline/build/portASM.o,
by_pc,2147519770,3,6,12,15,3,3,0,0,0,unresolved@/Users/swchen.tw/git/percepio/poc/runs/tcp-workload-matrix-v1/A02-baseline/build/portASM.o:2147519488,/Users/swchen.tw/git/percepio/poc/runs/tcp-workload-matrix-v1/A02-baseline/build/portASM.o,
by_pc,2147519772,3,6,12,15,3,3,0,0,0,unresolved@/Users/swchen.tw/git/percepio/poc/runs/tcp-workload-matrix-v1/A02-baseline/build/portASM.o:2147519488,/Users/swchen.tw/git/percepio/poc/runs/tcp-workload-matrix-v1/A02-baseline/build/portASM.o,
by_pc,2147519774,3,6,12,15,3,3,0,0,0,unresolved@/Users/swchen.tw/git/percepio/poc/runs/tcp-workload-matrix-v1/A02-baseline/build/portASM.o:2147519488,/Users/swchen.tw/git/percepio/poc/runs/tcp-workload-matrix-v1/A02-baseline/build/portASM.o,
by_pc,2147519776,3,6,12,15,3,3,0,0,0,unresolved@/Users/swchen.tw/git/percepio/poc/runs/tcp-workload-matrix-v1/A02-baseline/build/portASM.o:2147519488,/Users/swchen.tw/git/percepio/poc/runs/tcp-workload-matrix-v1/A02-baseline/build/portASM.o,
by_pc,2147519778,3,6,12,15,3,3,0,0,0,unresolved@/Users/swchen.tw/git/percepio/poc/runs/tcp-workload-matrix-v1/A02-baseline/build/portASM.o:2147519488,/Users/swchen.tw/git/percepio/poc/runs/tcp-workload-matrix-v1/A02-baseline/build/portASM.o,
by_pc,2147519780,3,6,12,15,3,3,0,0,0,unresolved@/Users/swchen.tw/git/percepio/poc/runs/tcp-workload-matrix-v1/A02-baseline/build/portASM.o:2147519488,/Users/swchen.tw/git/percepio/poc/runs/tcp-workload-matrix-v1/A02-baseline/build/portASM.o,
by_pc,2147519782,3,3,6,9,3,0,0,0,0,unresolved@/Users/swchen.tw/git/percepio/poc/runs/tcp-workload-matrix-v1/A02-baseline/build/portASM.o:2147519488,/Users/swchen.tw/git/percepio/poc/runs/tcp-workload-matrix-v1/A02-baseline/build/portASM.o,
by_pc,2147519786,3,3,6,9,3,0,0,0,0,unresolved@/Users/swchen.tw/git/percepio/poc/runs/tcp-workload-matrix-v1/A02-baseline/build/portASM.o:2147519488,/Users/swchen.tw/git/percepio/poc/runs/tcp-workload-matrix-v1/A02-baseline/build/portASM.o,
by_pc,2147498928,2,2,4,6,2,0,0,0,0,session_task,/Users/swchen.tw/git/percepio/poc/runs/tcp-workload-matrix-v1/A02-baseline/build/tcp_request_response_irq.o,
by_pc,2147498932,2,2,4,6,2,0,0,0,0,session_task,/Users/swchen.tw/git/percepio/poc/runs/tcp-workload-matrix-v1/A02-baseline/build/tcp_request_response_irq.o,
by_pc,2147498936,2,42,84,86,2,2,16,0,22,session_task,/Users/swchen.tw/git/percepio/poc/runs/tcp-workload-matrix-v1/A02-baseline/build/tcp_request_response_irq.o,
by_pc,2147498938,2,2,4,6,2,0,0,0,0,session_task,/Users/swchen.tw/git/percepio/poc/runs/tcp-workload-matrix-v1/A02-baseline/build/tcp_request_response_irq.o,
by_pc,2147505390,2,38,76,78,2,2,16,18,0,tcp_fasttmr,/Users/swchen.tw/git/percepio/poc/runs/tcp-workload-matrix-v1/A02-baseline/build/tcp.o,
by_pc,2147505394,2,2,4,6,2,0,0,0,0,tcp_fasttmr,/Users/swchen.tw/git/percepio/poc/runs/tcp-workload-matrix-v1/A02-baseline/build/tcp.o,
by_pc,2147505396,2,42,84,86,2,2,16,0,22,tcp_fasttmr,/Users/swchen.tw/git/percepio/poc/runs/tcp-workload-matrix-v1/A02-baseline/build/tcp.o,
by_pc,2147505398,2,2,4,6,2,0,0,0,0,tcp_fasttmr,/Users/swchen.tw/git/percepio/poc/runs/tcp-workload-matrix-v1/A02-baseline/build/tcp.o,
by_pc,2147505400,2,42,84,86,2,2,16,0,22,tcp_fasttmr,/Users/swchen.tw/git/percepio/poc/runs/tcp-workload-matrix-v1/A02-baseline/build/tcp.o,
by_pc,2147505402,2,42,84,86,2,2,16,0,22,tcp_fasttmr,/Users/swchen.tw/git/percepio/poc/runs/tcp-workload-matrix-v1/A02-baseline/build/tcp.o,
by_pc,2147505404,2,42,84,86,2,2,16,0,22,tcp_fasttmr,/Users/swchen.tw/git/percepio/poc/runs/tcp-workload-matrix-v1/A02-baseline/build/tcp.o,
by_pc,2147505406,2,78,156,158,4,2,32,18,22,tcp_fasttmr,/Users/swchen.tw/git/percepio/poc/runs/tcp-workload-matrix-v1/A02-baseline/build/tcp.o,
by_pc,2147505410,2,2,4,6,2,0,0,0,0,tcp_fasttmr,/Users/swchen.tw/git/percepio/poc/runs/tcp-workload-matrix-v1/A02-baseline/build/tcp.o,
by_pc,2147505414,2,4,8,10,2,2,0,0,0,tcp_fasttmr,/Users/swchen.tw/git/percepio/poc/runs/tcp-workload-matrix-v1/A02-baseline/build/tcp.o,
by_pc,2147505416,4,4,8,12,4,0,0,0,0,tcp_fasttmr,/Users/swchen.tw/git/percepio/poc/runs/tcp-workload-matrix-v1/A02-baseline/build/tcp.o,
by_pc,2147505430,2,4,8,10,2,2,0,0,0,tcp_fasttmr,/Users/swchen.tw/git/percepio/poc/runs/tcp-workload-matrix-v1/A02-baseline/build/tcp.o,
by_pc,2147505434,2,4,8,10,2,2,0,0,0,tcp_fasttmr,/Users/swchen.tw/git/percepio/poc/runs/tcp-workload-matrix-v1/A02-baseline/build/tcp.o,
by_pc,2147505438,2,2,4,6,2,0,0,0,0,tcp_fasttmr,/Users/swchen.tw/git/percepio/poc/runs/tcp-workload-matrix-v1/A02-baseline/build/tcp.o,
by_pc,2147505442,2,42,84,86,2,2,16,0,22,tcp_fasttmr,/Users/swchen.tw/git/percepio/poc/runs/tcp-workload-matrix-v1/A02-baseline/build/tcp.o,
by_pc,2147505446,2,4,8,10,2,2,0,0,0,tcp_fasttmr,/Users/swchen.tw/git/percepio/poc/runs/tcp-workload-matrix-v1/A02-baseline/build/tcp.o,
by_pc,2147505450,2,2,4,6,2,0,0,0,0,tcp_fasttmr,/Users/swchen.tw/git/percepio/poc/runs/tcp-workload-matrix-v1/A02-baseline/build/tcp.o,
by_pc,2147505454,2,2,4,6,2,0,0,0,0,tcp_fasttmr,/Users/swchen.tw/git/percepio/poc/runs/tcp-workload-matrix-v1/A02-baseline/build/tcp.o,
by_pc,2147505484,2,36,72,74,2,0,16,18,0,tcp_fasttmr,/Users/swchen.tw/git/percepio/poc/runs/tcp-workload-matrix-v1/A02-baseline/build/tcp.o,
by_pc,2147505488,2,2,4,6,2,0,0,0,0,tcp_fasttmr,/Users/swchen.tw/git/percepio/poc/runs/tcp-workload-matrix-v1/A02-baseline/build/tcp.o,
by_pc,2147505502,2,4,8,10,2,2,0,0,0,tcp_fasttmr,/Users/swchen.tw/git/percepio/poc/runs/tcp-workload-matrix-v1/A02-baseline/build/tcp.o,
by_pc,2147505504,2,4,8,10,2,2,0,0,0,tcp_fasttmr,/Users/swchen.tw/git/percepio/poc/runs/tcp-workload-matrix-v1/A02-baseline/build/tcp.o,
by_pc,2147505508,2,2,4,6,2,0,0,0,0,tcp_fasttmr,/Users/swchen.tw/git/percepio/poc/runs/tcp-workload-matrix-v1/A02-baseline/build/tcp.o,
by_pc,2147505526,2,2,4,6,2,0,0,0,0,tcp_fasttmr,/Users/swchen.tw/git/percepio/poc/runs/tcp-workload-matrix-v1/A02-baseline/build/tcp.o,
by_pc,2147505528,2,2,4,6,2,0,0,0,0,tcp_fasttmr,/Users/swchen.tw/git/percepio/poc/runs/tcp-workload-matrix-v1/A02-baseline/build/tcp.o,
by_pc,2147505418,2,4,8,10,2,2,0,0,0,tcp_fasttmr,/Users/swchen.tw/git/percepio/poc/runs/tcp-workload-matrix-v1/A02-baseline/build/tcp.o,
by_pc,2147505420,2,4,8,10,2,2,0,0,0,tcp_fasttmr,/Users/swchen.tw/git/percepio/poc/runs/tcp-workload-matrix-v1/A02-baseline/build/tcp.o,
by_pc,2147505422,2,4,8,10,2,2,0,0,0,tcp_fasttmr,/Users/swchen.tw/git/percepio/poc/runs/tcp-workload-matrix-v1/A02-baseline/build/tcp.o,
by_pc,2147505424,2,4,8,10,2,2,0,0,0,tcp_fasttmr,/Users/swchen.tw/git/percepio/poc/runs/tcp-workload-matrix-v1/A02-baseline/build/tcp.o,
by_pc,2147505426,2,2,4,6,2,0,0,0,0,tcp_fasttmr,/Users/swchen.tw/git/percepio/poc/runs/tcp-workload-matrix-v1/A02-baseline/build/tcp.o,
by_pc,2147505428,2,2,4,6,2,0,0,0,0,tcp_fasttmr,/Users/swchen.tw/git/percepio/poc/runs/tcp-workload-matrix-v1/A02-baseline/build/tcp.o,
by_pc,2147498942,2,38,76,78,4,0,16,18,0,session_task,/Users/swchen.tw/git/percepio/poc/runs/tcp-workload-matrix-v1/A02-baseline/build/tcp_request_response_irq.o,
by_pc,2147505534,2,2,4,6,2,0,0,0,0,tcp_slowtmr,/Users/swchen.tw/git/percepio/poc/runs/tcp-workload-matrix-v1/A02-baseline/build/tcp.o,
by_pc,2147505536,2,94,188,190,2,2,32,36,22,tcp_slowtmr,/Users/swchen.tw/git/percepio/poc/runs/tcp-workload-matrix-v1/A02-baseline/build/tcp.o,
by_pc,2147505538,2,42,84,86,2,2,16,0,22,tcp_slowtmr,/Users/swchen.tw/git/percepio/poc/runs/tcp-workload-matrix-v1/A02-baseline/build/tcp.o,
by_pc,2147505540,2,42,84,86,2,2,16,0,22,tcp_slowtmr,/Users/swchen.tw/git/percepio/poc/runs/tcp-workload-matrix-v1/A02-baseline/build/tcp.o,
by_pc,2147505542,2,42,84,86,2,2,16,0,22,tcp_slowtmr,/Users/swchen.tw/git/percepio/poc/runs/tcp-workload-matrix-v1/A02-baseline/build/tcp.o,
by_pc,2147505544,2,42,84,86,2,2,16,0,22,tcp_slowtmr,/Users/swchen.tw/git/percepio/poc/runs/tcp-workload-matrix-v1/A02-baseline/build/tcp.o,
by_pc,2147505546,2,42,84,86,2,2,16,0,22,tcp_slowtmr,/Users/swchen.tw/git/percepio/poc/runs/tcp-workload-matrix-v1/A02-baseline/build/tcp.o,
by_pc,2147505548,2,42,84,86,2,2,16,0,22,tcp_slowtmr,/Users/swchen.tw/git/percepio/poc/runs/tcp-workload-matrix-v1/A02-baseline/build/tcp.o,
by_pc,2147505550,2,42,84,86,2,2,16,0,22,tcp_slowtmr,/Users/swchen.tw/git/percepio/poc/runs/tcp-workload-matrix-v1/A02-baseline/build/tcp.o,
by_pc,2147505552,2,42,84,86,2,2,16,0,22,tcp_slowtmr,/Users/swchen.tw/git/percepio/poc/runs/tcp-workload-matrix-v1/A02-baseline/build/tcp.o,
by_pc,2147505554,2,42,84,86,2,2,16,0,22,tcp_slowtmr,/Users/swchen.tw/git/percepio/poc/runs/tcp-workload-matrix-v1/A02-baseline/build/tcp.o,
by_pc,2147505556,2,42,84,86,2,2,16,0,22,tcp_slowtmr,/Users/swchen.tw/git/percepio/poc/runs/tcp-workload-matrix-v1/A02-baseline/build/tcp.o,
by_pc,2147505558,2,42,84,86,2,2,16,0,22,tcp_slowtmr,/Users/swchen.tw/git/percepio/poc/runs/tcp-workload-matrix-v1/A02-baseline/build/tcp.o,
by_pc,2147505560,2,42,84,86,2,2,16,0,22,tcp_slowtmr,/Users/swchen.tw/git/percepio/poc/runs/tcp-workload-matrix-v1/A02-baseline/build/tcp.o,
by_pc,2147505562,2,2,4,6,2,0,0,0,0,tcp_slowtmr,/Users/swchen.tw/git/percepio/poc/runs/tcp-workload-matrix-v1/A02-baseline/build/tcp.o,
by_pc,2147505566,2,4,8,10,2,2,0,0,0,tcp_slowtmr,/Users/swchen.tw/git/percepio/poc/runs/tcp-workload-matrix-v1/A02-baseline/build/tcp.o,
by_pc,2147505568,2,2,4,6,2,0,0,0,0,tcp_slowtmr,/Users/swchen.tw/git/percepio/poc/runs/tcp-workload-matrix-v1/A02-baseline/build/tcp.o,
by_pc,2147505572,2,2,4,6,2,0,0,0,0,tcp_slowtmr,/Users/swchen.tw/git/percepio/poc/runs/tcp-workload-matrix-v1/A02-baseline/build/tcp.o,
by_pc,2147505574,2,2,4,6,2,0,0,0,0,tcp_slowtmr,/Users/swchen.tw/git/percepio/poc/runs/tcp-workload-matrix-v1/A02-baseline/build/tcp.o,
by_pc,2147505576,2,42,84,86,2,2,16,0,22,tcp_slowtmr,/Users/swchen.tw/git/percepio/poc/runs/tcp-workload-matrix-v1/A02-baseline/build/tcp.o,
by_pc,2147505578,2,4,8,10,2,2,0,0,0,tcp_slowtmr,/Users/swchen.tw/git/percepio/poc/runs/tcp-workload-matrix-v1/A02-baseline/build/tcp.o,
by_pc,2147505582,2,2,4,6,2,0,0,0,0,tcp_slowtmr,/Users/swchen.tw/git/percepio/poc/runs/tcp-workload-matrix-v1/A02-baseline/build/tcp.o,
by_pc,2147505584,2,2,4,6,2,0,0,0,0,tcp_slowtmr,/Users/swchen.tw/git/percepio/poc/runs/tcp-workload-matrix-v1/A02-baseline/build/tcp.o,
by_pc,2147505588,2,2,4,6,2,0,0,0,0,tcp_slowtmr,/Users/swchen.tw/git/percepio/poc/runs/tcp-workload-matrix-v1/A02-baseline/build/tcp.o,
by_pc,2147505590,2,42,84,86,2,2,16,0,22,tcp_slowtmr,/Users/swchen.tw/git/percepio/poc/runs/tcp-workload-matrix-v1/A02-baseline/build/tcp.o,
by_pc,2147505594,2,4,8,10,2,2,0,0,0,tcp_slowtmr,/Users/swchen.tw/git/percepio/poc/runs/tcp-workload-matrix-v1/A02-baseline/build/tcp.o,
by_pc,2147505598,2,2,4,6,2,0,0,0,0,tcp_slowtmr,/Users/swchen.tw/git/percepio/poc/runs/tcp-workload-matrix-v1/A02-baseline/build/tcp.o,
by_pc,2147505600,2,54,108,110,2,0,16,36,0,tcp_slowtmr,/Users/swchen.tw/git/percepio/poc/runs/tcp-workload-matrix-v1/A02-baseline/build/tcp.o,
by_pc,2147505602,2,2,4,6,2,0,0,0,0,tcp_slowtmr,/Users/swchen.tw/git/percepio/poc/runs/tcp-workload-matrix-v1/A02-baseline/build/tcp.o,
by_pc,2147505604,2,2,4,6,2,0,0,0,0,tcp_slowtmr,/Users/swchen.tw/git/percepio/poc/runs/tcp-workload-matrix-v1/A02-baseline/build/tcp.o,
by_pc,2147505608,4,4,8,12,4,0,0,0,0,tcp_slowtmr,/Users/swchen.tw/git/percepio/poc/runs/tcp-workload-matrix-v1/A02-baseline/build/tcp.o,
by_pc,2147505656,2,4,8,10,2,2,0,0,0,tcp_slowtmr,/Users/swchen.tw/git/percepio/poc/runs/tcp-workload-matrix-v1/A02-baseline/build/tcp.o,
by_pc,2147505660,2,4,8,10,2,2,0,0,0,tcp_slowtmr,/Users/swchen.tw/git/percepio/poc/runs/tcp-workload-matrix-v1/A02-baseline/build/tcp.o,
by_pc,2147505664,2,54,108,110,2,0,16,36,0,tcp_slowtmr,/Users/swchen.tw/git/percepio/poc/runs/tcp-workload-matrix-v1/A02-baseline/build/tcp.o,
by_pc,2147505678,2,4,8,10,2,2,0,0,0,tcp_slowtmr,/Users/swchen.tw/git/percepio/poc/runs/tcp-workload-matrix-v1/A02-baseline/build/tcp.o,
by_pc,2147505682,2,42,84,86,2,2,16,0,22,tcp_slowtmr,/Users/swchen.tw/git/percepio/poc/runs/tcp-workload-matrix-v1/A02-baseline/build/tcp.o,
by_pc,2147505686,2,4,8,10,2,2,0,0,0,tcp_slowtmr,/Users/swchen.tw/git/percepio/poc/runs/tcp-workload-matrix-v1/A02-baseline/build/tcp.o,
by_pc,2147505690,2,2,4,6,2,0,0,0,0,tcp_slowtmr,/Users/swchen.tw/git/percepio/poc/runs/tcp-workload-matrix-v1/A02-baseline/build/tcp.o,
by_pc,2147505764,2,36,72,74,2,0,16,18,0,tcp_slowtmr,/Users/swchen.tw/git/percepio/poc/runs/tcp-workload-matrix-v1/A02-baseline/build/tcp.o,
by_pc,2147505766,2,2,4,6,2,0,0,0,0,tcp_slowtmr,/Users/swchen.tw/git/percepio/poc/runs/tcp-workload-matrix-v1/A02-baseline/build/tcp.o,
by_pc,2147505696,2,2,4,6,2,0,0,0,0,tcp_slowtmr,/Users/swchen.tw/git/percepio/poc/runs/tcp-workload-matrix-v1/A02-baseline/build/tcp.o,
by_pc,2147505698,2,2,4,6,2,0,0,0,0,tcp_slowtmr,/Users/swchen.tw/git/percepio/poc/runs/tcp-workload-matrix-v1/A02-baseline/build/tcp.o,
by_pc,2147505702,2,4,8,10,2,2,0,0,0,tcp_slowtmr,/Users/swchen.tw/git/percepio/poc/runs/tcp-workload-matrix-v1/A02-baseline/build/tcp.o,
by_pc,2147505706,2,2,4,6,2,0,0,0,0,tcp_slowtmr,/Users/swchen.tw/git/percepio/poc/runs/tcp-workload-matrix-v1/A02-baseline/build/tcp.o,
by_pc,2147505966,2,56,112,114,2,2,16,36,0,tcp_slowtmr,/Users/swchen.tw/git/percepio/poc/runs/tcp-workload-matrix-v1/A02-baseline/build/tcp.o,
by_pc,2147505970,2,2,4,6,2,0,0,0,0,tcp_slowtmr,/Users/swchen.tw/git/percepio/poc/runs/tcp-workload-matrix-v1/A02-baseline/build/tcp.o,
by_pc,2147505972,2,2,4,6,2,0,0,0,0,tcp_slowtmr,/Users/swchen.tw/git/percepio/poc/runs/tcp-workload-matrix-v1/A02-baseline/build/tcp.o,
by_pc,2147505974,2,2,4,6,2,0,0,0,0,tcp_slowtmr,/Users/swchen.tw/git/percepio/poc/runs/tcp-workload-matrix-v1/A02-baseline/build/tcp.o,
by_pc,2147505978,2,2,4,6,2,0,0,0,0,tcp_slowtmr,/Users/swchen.tw/git/percepio/poc/runs/tcp-workload-matrix-v1/A02-baseline/build/tcp.o,
by_pc,2147505980,2,2,4,6,2,0,0,0,0,tcp_slowtmr,/Users/swchen.tw/git/percepio/poc/runs/tcp-workload-matrix-v1/A02-baseline/build/tcp.o,
by_pc,2147505996,2,56,112,114,2,2,16,36,0,tcp_slowtmr,/Users/swchen.tw/git/percepio/poc/runs/tcp-workload-matrix-v1/A02-baseline/build/tcp.o,
by_pc,2147506000,2,2,4,6,2,0,0,0,0,tcp_slowtmr,/Users/swchen.tw/git/percepio/poc/runs/tcp-workload-matrix-v1/A02-baseline/build/tcp.o,
by_pc,2147505782,2,2,4,6,2,0,0,0,0,tcp_slowtmr,/Users/swchen.tw/git/percepio/poc/runs/tcp-workload-matrix-v1/A02-baseline/build/tcp.o,
by_pc,2147505784,2,4,8,10,2,2,0,0,0,tcp_slowtmr,/Users/swchen.tw/git/percepio/poc/runs/tcp-workload-matrix-v1/A02-baseline/build/tcp.o,
by_pc,2147505788,2,2,4,6,2,0,0,0,0,tcp_slowtmr,/Users/swchen.tw/git/percepio/poc/runs/tcp-workload-matrix-v1/A02-baseline/build/tcp.o,
by_pc,2147505818,2,56,112,114,2,2,16,36,0,tcp_slowtmr,/Users/swchen.tw/git/percepio/poc/runs/tcp-workload-matrix-v1/A02-baseline/build/tcp.o,
by_pc,2147505822,2,2,4,6,2,0,0,0,0,tcp_slowtmr,/Users/swchen.tw/git/percepio/poc/runs/tcp-workload-matrix-v1/A02-baseline/build/tcp.o,
by_pc,2147505824,2,2,4,6,2,0,0,0,0,tcp_slowtmr,/Users/swchen.tw/git/percepio/poc/runs/tcp-workload-matrix-v1/A02-baseline/build/tcp.o,
by_pc,2147505828,2,2,4,6,2,0,0,0,0,tcp_slowtmr,/Users/swchen.tw/git/percepio/poc/runs/tcp-workload-matrix-v1/A02-baseline/build/tcp.o,
by_pc,2147505830,2,4,8,10,2,2,0,0,0,tcp_slowtmr,/Users/swchen.tw/git/percepio/poc/runs/tcp-workload-matrix-v1/A02-baseline/build/tcp.o,
by_pc,2147505834,2,2,4,6,2,0,0,0,0,tcp_slowtmr,/Users/swchen.tw/git/percepio/poc/runs/tcp-workload-matrix-v1/A02-baseline/build/tcp.o,
by_pc,2147505862,2,56,112,114,2,2,16,36,0,tcp_slowtmr,/Users/swchen.tw/git/percepio/poc/runs/tcp-workload-matrix-v1/A02-baseline/build/tcp.o,
by_pc,2147505866,2,2,4,6,2,0,0,0,0,tcp_slowtmr,/Users/swchen.tw/git/percepio/poc/runs/tcp-workload-matrix-v1/A02-baseline/build/tcp.o,
by_pc,2147506270,2,54,108,110,2,0,16,36,0,tcp_slowtmr,/Users/swchen.tw/git/percepio/poc/runs/tcp-workload-matrix-v1/A02-baseline/build/tcp.o,
by_pc,2147505882,2,2,4,6,2,0,0,0,0,tcp_slowtmr,/Users/swchen.tw/git/percepio/poc/runs/tcp-workload-matrix-v1/A02-baseline/build/tcp.o,
by_pc,2147505886,2,4,8,10,2,2,0,0,0,tcp_slowtmr,/Users/swchen.tw/git/percepio/poc/runs/tcp-workload-matrix-v1/A02-baseline/build/tcp.o,
by_pc,2147505890,2,4,8,10,2,2,0,0,0,tcp_slowtmr,/Users/swchen.tw/git/percepio/poc/runs/tcp-workload-matrix-v1/A02-baseline/build/tcp.o,
by_pc,2147505894,2,4,8,10,2,2,0,0,0,tcp_slowtmr,/Users/swchen.tw/git/percepio/poc/runs/tcp-workload-matrix-v1/A02-baseline/build/tcp.o,
by_pc,2147505898,2,2,4,6,2,0,0,0,0,tcp_slowtmr,/Users/swchen.tw/git/percepio/poc/runs/tcp-workload-matrix-v1/A02-baseline/build/tcp.o,
by_pc,2147505900,2,2,4,6,2,0,0,0,0,tcp_slowtmr,/Users/swchen.tw/git/percepio/poc/runs/tcp-workload-matrix-v1/A02-baseline/build/tcp.o,
by_pc,2147505904,2,42,84,86,2,2,16,0,22,tcp_slowtmr,/Users/swchen.tw/git/percepio/poc/runs/tcp-workload-matrix-v1/A02-baseline/build/tcp.o,
by_pc,2147505908,2,2,4,6,2,0,0,0,0,tcp_slowtmr,/Users/swchen.tw/git/percepio/poc/runs/tcp-workload-matrix-v1/A02-baseline/build/tcp.o,
by_pc,2147505912,2,42,84,86,2,2,16,0,22,tcp_slowtmr,/Users/swchen.tw/git/percepio/poc/runs/tcp-workload-matrix-v1/A02-baseline/build/tcp.o,
by_pc,2147505916,2,4,8,10,2,2,0,0,0,tcp_slowtmr,/Users/swchen.tw/git/percepio/poc/runs/tcp-workload-matrix-v1/A02-baseline/build/tcp.o,
by_pc,2147505920,2,42,84,86,2,2,16,0,22,tcp_slowtmr,/Users/swchen.tw/git/percepio/poc/runs/tcp-workload-matrix-v1/A02-baseline/build/tcp.o,
by_pc,2147505924,2,2,4,6,2,0,0,0,0,tcp_slowtmr,/Users/swchen.tw/git/percepio/poc/runs/tcp-workload-matrix-v1/A02-baseline/build/tcp.o,
by_pc,2147505928,2,2,4,6,2,0,0,0,0,tcp_slowtmr,/Users/swchen.tw/git/percepio/poc/runs/tcp-workload-matrix-v1/A02-baseline/build/tcp.o,
by_pc,2147505930,2,2,4,6,2,0,0,0,0,tcp_slowtmr,/Users/swchen.tw/git/percepio/poc/runs/tcp-workload-matrix-v1/A02-baseline/build/tcp.o,
by_pc,2147505934,2,2,4,6,2,0,0,0,0,tcp_slowtmr,/Users/swchen.tw/git/percepio/poc/runs/tcp-workload-matrix-v1/A02-baseline/build/tcp.o,
by_pc,2147505672,2,2,4,6,2,0,0,0,0,tcp_slowtmr,/Users/swchen.tw/git/percepio/poc/runs/tcp-workload-matrix-v1/A02-baseline/build/tcp.o,
by_pc,2147505674,2,2,4,6,2,0,0,0,0,tcp_slowtmr,/Users/swchen.tw/git/percepio/poc/runs/tcp-workload-matrix-v1/A02-baseline/build/tcp.o,
by_pc,2147505676,2,2,4,6,2,0,0,0,0,tcp_slowtmr,/Users/swchen.tw/git/percepio/poc/runs/tcp-workload-matrix-v1/A02-baseline/build/tcp.o,
by_pc,2147505612,2,2,4,6,2,0,0,0,0,tcp_slowtmr,/Users/swchen.tw/git/percepio/poc/runs/tcp-workload-matrix-v1/A02-baseline/build/tcp.o,
by_pc,2147505616,2,4,8,10,2,2,0,0,0,tcp_slowtmr,/Users/swchen.tw/git/percepio/poc/runs/tcp-workload-matrix-v1/A02-baseline/build/tcp.o,
by_pc,2147505618,2,2,4,6,2,0,0,0,0,tcp_slowtmr,/Users/swchen.tw/git/percepio/poc/runs/tcp-workload-matrix-v1/A02-baseline/build/tcp.o,
by_pc,2147505622,2,2,4,6,2,0,0,0,0,tcp_slowtmr,/Users/swchen.tw/git/percepio/poc/runs/tcp-workload-matrix-v1/A02-baseline/build/tcp.o,
by_pc,2147505626,2,4,8,10,2,2,0,0,0,tcp_slowtmr,/Users/swchen.tw/git/percepio/poc/runs/tcp-workload-matrix-v1/A02-baseline/build/tcp.o,
by_pc,2147505628,2,4,8,10,2,2,0,0,0,tcp_slowtmr,/Users/swchen.tw/git/percepio/poc/runs/tcp-workload-matrix-v1/A02-baseline/build/tcp.o,
by_pc,2147505630,2,4,8,10,2,2,0,0,0,tcp_slowtmr,/Users/swchen.tw/git/percepio/poc/runs/tcp-workload-matrix-v1/A02-baseline/build/tcp.o,
by_pc,2147505632,2,4,8,10,2,2,0,0,0,tcp_slowtmr,/Users/swchen.tw/git/percepio/poc/runs/tcp-workload-matrix-v1/A02-baseline/build/tcp.o,
by_pc,2147505634,2,4,8,10,2,2,0,0,0,tcp_slowtmr,/Users/swchen.tw/git/percepio/poc/runs/tcp-workload-matrix-v1/A02-baseline/build/tcp.o,
by_pc,2147505636,2,4,8,10,2,2,0,0,0,tcp_slowtmr,/Users/swchen.tw/git/percepio/poc/runs/tcp-workload-matrix-v1/A02-baseline/build/tcp.o,
by_pc,2147505638,2,4,8,10,2,2,0,0,0,tcp_slowtmr,/Users/swchen.tw/git/percepio/poc/runs/tcp-workload-matrix-v1/A02-baseline/build/tcp.o,
by_pc,2147505640,2,4,8,10,2,2,0,0,0,tcp_slowtmr,/Users/swchen.tw/git/percepio/poc/runs/tcp-workload-matrix-v1/A02-baseline/build/tcp.o,
by_pc,2147505642,2,4,8,10,2,2,0,0,0,tcp_slowtmr,/Users/swchen.tw/git/percepio/poc/runs/tcp-workload-matrix-v1/A02-baseline/build/tcp.o,
by_pc,2147505644,2,4,8,10,2,2,0,0,0,tcp_slowtmr,/Users/swchen.tw/git/percepio/poc/runs/tcp-workload-matrix-v1/A02-baseline/build/tcp.o,
by_pc,2147505646,2,4,8,10,2,2,0,0,0,tcp_slowtmr,/Users/swchen.tw/git/percepio/poc/runs/tcp-workload-matrix-v1/A02-baseline/build/tcp.o,
by_pc,2147505648,2,4,8,10,2,2,0,0,0,tcp_slowtmr,/Users/swchen.tw/git/percepio/poc/runs/tcp-workload-matrix-v1/A02-baseline/build/tcp.o,
by_pc,2147505650,2,4,8,10,2,2,0,0,0,tcp_slowtmr,/Users/swchen.tw/git/percepio/poc/runs/tcp-workload-matrix-v1/A02-baseline/build/tcp.o,
by_pc,2147505652,2,2,4,6,2,0,0,0,0,tcp_slowtmr,/Users/swchen.tw/git/percepio/poc/runs/tcp-workload-matrix-v1/A02-baseline/build/tcp.o,
by_pc,2147505654,2,2,4,6,2,0,0,0,0,tcp_slowtmr,/Users/swchen.tw/git/percepio/poc/runs/tcp-workload-matrix-v1/A02-baseline/build/tcp.o,
by_pc,2147498946,2,4,8,10,2,2,0,0,0,session_task,/Users/swchen.tw/git/percepio/poc/runs/tcp-workload-matrix-v1/A02-baseline/build/tcp_request_response_irq.o,
by_pc,2147498948,2,2,4,6,2,0,0,0,0,session_task,/Users/swchen.tw/git/percepio/poc/runs/tcp-workload-matrix-v1/A02-baseline/build/tcp_request_response_irq.o,
by_pc,2147498952,2,2,4,6,2,0,0,0,0,session_task,/Users/swchen.tw/git/percepio/poc/runs/tcp-workload-matrix-v1/A02-baseline/build/tcp_request_response_irq.o,
by_pc,2147498956,2,2,4,6,2,0,0,0,0,session_task,/Users/swchen.tw/git/percepio/poc/runs/tcp-workload-matrix-v1/A02-baseline/build/tcp_request_response_irq.o,
by_pc,2147498960,2,4,8,10,2,2,0,0,0,session_task,/Users/swchen.tw/git/percepio/poc/runs/tcp-workload-matrix-v1/A02-baseline/build/tcp_request_response_irq.o,
by_pc,2147498964,2,2,4,6,2,0,0,0,0,session_task,/Users/swchen.tw/git/percepio/poc/runs/tcp-workload-matrix-v1/A02-baseline/build/tcp_request_response_irq.o,
by_pc,2147498982,2,4,8,10,2,2,0,0,0,session_task,/Users/swchen.tw/git/percepio/poc/runs/tcp-workload-matrix-v1/A02-baseline/build/tcp_request_response_irq.o,
by_pc,2147498986,2,2,4,6,2,0,0,0,0,session_task,/Users/swchen.tw/git/percepio/poc/runs/tcp-workload-matrix-v1/A02-baseline/build/tcp_request_response_irq.o,
by_pc,2147498988,2,2,4,6,2,0,0,0,0,session_task,/Users/swchen.tw/git/percepio/poc/runs/tcp-workload-matrix-v1/A02-baseline/build/tcp_request_response_irq.o,
by_pc,2147508288,1,27,54,55,1,0,8,18,0,tcp_receive,/Users/swchen.tw/git/percepio/poc/runs/tcp-workload-matrix-v1/A02-baseline/build/tcp_in.o,
by_pc,2147508290,1,21,42,43,1,1,8,0,11,tcp_receive,/Users/swchen.tw/git/percepio/poc/runs/tcp-workload-matrix-v1/A02-baseline/build/tcp_in.o,
by_pc,2147508294,1,2,4,5,1,1,0,0,0,tcp_receive,/Users/swchen.tw/git/percepio/poc/runs/tcp-workload-matrix-v1/A02-baseline/build/tcp_in.o,
by_pc,2147508298,1,1,2,3,1,0,0,0,0,tcp_receive,/Users/swchen.tw/git/percepio/poc/runs/tcp-workload-matrix-v1/A02-baseline/build/tcp_in.o,
by_pc,2147508300,1,1,2,3,1,0,0,0,0,tcp_receive,/Users/swchen.tw/git/percepio/poc/runs/tcp-workload-matrix-v1/A02-baseline/build/tcp_in.o,
by_pc,2147507354,5,10,20,25,5,5,0,0,0,tcp_receive,/Users/swchen.tw/git/percepio/poc/runs/tcp-workload-matrix-v1/A02-baseline/build/tcp_in.o,
by_pc,2147507356,5,10,20,25,5,5,0,0,0,tcp_receive,/Users/swchen.tw/git/percepio/poc/runs/tcp-workload-matrix-v1/A02-baseline/build/tcp_in.o,
by_pc,2147507358,5,5,10,15,5,0,0,0,0,tcp_receive,/Users/swchen.tw/git/percepio/poc/runs/tcp-workload-matrix-v1/A02-baseline/build/tcp_in.o,
by_pc,2147507360,5,5,10,15,5,0,0,0,0,tcp_receive,/Users/swchen.tw/git/percepio/poc/runs/tcp-workload-matrix-v1/A02-baseline/build/tcp_in.o,
by_pc,2147507364,5,10,20,25,5,5,0,0,0,tcp_receive,/Users/swchen.tw/git/percepio/poc/runs/tcp-workload-matrix-v1/A02-baseline/build/tcp_in.o,
by_pc,2147507368,5,10,20,25,5,5,0,0,0,tcp_receive,/Users/swchen.tw/git/percepio/poc/runs/tcp-workload-matrix-v1/A02-baseline/build/tcp_in.o,
by_pc,2147507372,5,5,10,15,5,0,0,0,0,tcp_receive,/Users/swchen.tw/git/percepio/poc/runs/tcp-workload-matrix-v1/A02-baseline/build/tcp_in.o,
by_pc,2147507376,5,5,10,15,5,0,0,0,0,tcp_receive,/Users/swchen.tw/git/percepio/poc/runs/tcp-workload-matrix-v1/A02-baseline/build/tcp_in.o,
by_pc,2147507380,5,5,10,15,5,0,0,0,0,tcp_receive,/Users/swchen.tw/git/percepio/poc/runs/tcp-workload-matrix-v1/A02-baseline/build/tcp_in.o,
by_pc,2147507382,5,5,10,15,5,0,0,0,0,tcp_receive,/Users/swchen.tw/git/percepio/poc/runs/tcp-workload-matrix-v1/A02-baseline/build/tcp_in.o,
by_pc,2147507384,5,5,10,15,5,0,0,0,0,tcp_receive,/Users/swchen.tw/git/percepio/poc/runs/tcp-workload-matrix-v1/A02-baseline/build/tcp_in.o,
by_pc,2147507386,5,5,10,15,5,0,0,0,0,tcp_receive,/Users/swchen.tw/git/percepio/poc/runs/tcp-workload-matrix-v1/A02-baseline/build/tcp_in.o,
by_pc,2147507388,5,105,210,215,5,5,40,0,55,tcp_receive,/Users/swchen.tw/git/percepio/poc/runs/tcp-workload-matrix-v1/A02-baseline/build/tcp_in.o,
by_pc,2147507392,5,45,90,95,5,0,40,0,0,tcp_receive,/Users/swchen.tw/git/percepio/poc/runs/tcp-workload-matrix-v1/A02-baseline/build/tcp_in.o,
by_pc,2147507396,5,5,10,15,5,0,0,0,0,tcp_receive,/Users/swchen.tw/git/percepio/poc/runs/tcp-workload-matrix-v1/A02-baseline/build/tcp_in.o,
by_pc,2147507406,5,10,20,25,5,5,0,0,0,tcp_receive,/Users/swchen.tw/git/percepio/poc/runs/tcp-workload-matrix-v1/A02-baseline/build/tcp_in.o,
by_pc,2147507410,5,5,10,15,5,0,0,0,0,tcp_receive,/Users/swchen.tw/git/percepio/poc/runs/tcp-workload-matrix-v1/A02-baseline/build/tcp_in.o,
by_pc,2147507412,5,105,210,215,5,5,40,0,55,tcp_receive,/Users/swchen.tw/git/percepio/poc/runs/tcp-workload-matrix-v1/A02-baseline/build/tcp_in.o,
by_pc,2147507416,5,5,10,15,5,0,0,0,0,tcp_receive,/Users/swchen.tw/git/percepio/poc/runs/tcp-workload-matrix-v1/A02-baseline/build/tcp_in.o,
by_pc,2147507420,5,5,10,15,5,0,0,0,0,tcp_receive,/Users/swchen.tw/git/percepio/poc/runs/tcp-workload-matrix-v1/A02-baseline/build/tcp_in.o,
by_pc,2147507422,5,5,10,15,5,0,0,0,0,tcp_receive,/Users/swchen.tw/git/percepio/poc/runs/tcp-workload-matrix-v1/A02-baseline/build/tcp_in.o,
by_pc,2147507424,5,105,210,215,5,5,40,0,55,tcp_receive,/Users/swchen.tw/git/percepio/poc/runs/tcp-workload-matrix-v1/A02-baseline/build/tcp_in.o,
by_pc,2147507428,5,5,10,15,5,0,0,0,0,tcp_receive,/Users/swchen.tw/git/percepio/poc/runs/tcp-workload-matrix-v1/A02-baseline/build/tcp_in.o,
by_pc,2147507430,5,105,210,215,5,5,40,0,55,tcp_receive,/Users/swchen.tw/git/percepio/poc/runs/tcp-workload-matrix-v1/A02-baseline/build/tcp_in.o,
by_pc,2147515710,4,4,8,12,4,0,0,0,0,tcp_output,/Users/swchen.tw/git/percepio/poc/runs/tcp-workload-matrix-v1/A02-baseline/build/tcp_out.o,
by_pc,2147485168,1,1,2,3,1,0,0,0,0,xTaskIncrementTick,/Users/swchen.tw/git/percepio/poc/runs/tcp-workload-matrix-v1/A02-baseline/build/tasks.o,
by_pc,2147485172,1,1,2,3,1,0,0,0,0,xTaskIncrementTick,/Users/swchen.tw/git/percepio/poc/runs/tcp-workload-matrix-v1/A02-baseline/build/tasks.o,
by_pc,2147485176,1,1,2,3,1,0,0,0,0,xTaskIncrementTick,/Users/swchen.tw/git/percepio/poc/runs/tcp-workload-matrix-v1/A02-baseline/build/tasks.o,
by_pc,2147485178,1,1,2,3,1,0,0,0,0,xTaskIncrementTick,/Users/swchen.tw/git/percepio/poc/runs/tcp-workload-matrix-v1/A02-baseline/build/tasks.o,
by_pc,2147485180,2,4,8,10,2,2,0,0,0,xTaskIncrementTick,/Users/swchen.tw/git/percepio/poc/runs/tcp-workload-matrix-v1/A02-baseline/build/tasks.o,
by_pc,2147485184,2,56,112,114,2,2,16,36,0,xTaskIncrementTick,/Users/swchen.tw/git/percepio/poc/runs/tcp-workload-matrix-v1/A02-baseline/build/tasks.o,
by_pc,2147485186,2,2,4,6,2,0,0,0,0,xTaskIncrementTick,/Users/swchen.tw/git/percepio/poc/runs/tcp-workload-matrix-v1/A02-baseline/build/tasks.o,
by_pc,2147485258,1,28,56,57,1,1,8,18,0,xTaskIncrementTick,/Users/swchen.tw/git/percepio/poc/runs/tcp-workload-matrix-v1/A02-baseline/build/tasks.o,
by_pc,2147485262,1,28,56,57,1,1,8,18,0,xTaskIncrementTick,/Users/swchen.tw/git/percepio/poc/runs/tcp-workload-matrix-v1/A02-baseline/build/tasks.o,
by_pc,2147485264,1,28,56,57,1,1,8,18,0,xTaskIncrementTick,/Users/swchen.tw/git/percepio/poc/runs/tcp-workload-matrix-v1/A02-baseline/build/tasks.o,
by_pc,2147485266,1,2,4,5,1,1,0,0,0,xTaskIncrementTick,/Users/swchen.tw/git/percepio/poc/runs/tcp-workload-matrix-v1/A02-baseline/build/tasks.o,
by_pc,2147485268,1,1,2,3,1,0,0,0,0,xTaskIncrementTick,/Users/swchen.tw/git/percepio/poc/runs/tcp-workload-matrix-v1/A02-baseline/build/tasks.o,
by_pc,2147485272,1,2,4,5,1,1,0,0,0,xTaskIncrementTick,/Users/swchen.tw/git/percepio/poc/runs/tcp-workload-matrix-v1/A02-baseline/build/tasks.o,
by_pc,2147485274,1,2,4,5,1,1,0,0,0,xTaskIncrementTick,/Users/swchen.tw/git/percepio/poc/runs/tcp-workload-matrix-v1/A02-baseline/build/tasks.o,
by_pc,2147485276,1,2,4,5,1,1,0,0,0,xTaskIncrementTick,/Users/swchen.tw/git/percepio/poc/runs/tcp-workload-matrix-v1/A02-baseline/build/tasks.o,
by_pc,2147485278,1,1,2,3,1,0,0,0,0,xTaskIncrementTick,/Users/swchen.tw/git/percepio/poc/runs/tcp-workload-matrix-v1/A02-baseline/build/tasks.o,
by_pc,2147485282,1,21,42,43,1,1,8,0,11,xTaskIncrementTick,/Users/swchen.tw/git/percepio/poc/runs/tcp-workload-matrix-v1/A02-baseline/build/tasks.o,
by_pc,2147485284,1,2,4,5,1,1,0,0,0,xTaskIncrementTick,/Users/swchen.tw/git/percepio/poc/runs/tcp-workload-matrix-v1/A02-baseline/build/tasks.o,
by_pc,2147485286,1,21,42,43,1,1,8,0,11,xTaskIncrementTick,/Users/swchen.tw/git/percepio/poc/runs/tcp-workload-matrix-v1/A02-baseline/build/tasks.o,
by_pc,2147485288,1,2,4,5,1,1,0,0,0,xTaskIncrementTick,/Users/swchen.tw/git/percepio/poc/runs/tcp-workload-matrix-v1/A02-baseline/build/tasks.o,
by_pc,2147485290,1,1,2,3,1,0,0,0,0,xTaskIncrementTick,/Users/swchen.tw/git/percepio/poc/runs/tcp-workload-matrix-v1/A02-baseline/build/tasks.o,
by_pc,2147485298,1,21,42,43,1,1,8,0,11,xTaskIncrementTick,/Users/swchen.tw/git/percepio/poc/runs/tcp-workload-matrix-v1/A02-baseline/build/tasks.o,
by_pc,2147485302,1,2,4,5,1,1,0,0,0,xTaskIncrementTick,/Users/swchen.tw/git/percepio/poc/runs/tcp-workload-matrix-v1/A02-baseline/build/tasks.o,
by_pc,2147485304,1,1,2,3,1,0,0,0,0,xTaskIncrementTick,/Users/swchen.tw/git/percepio/poc/runs/tcp-workload-matrix-v1/A02-baseline/build/tasks.o,
by_pc,2147485306,1,21,42,43,1,1,8,0,11,xTaskIncrementTick,/Users/swchen.tw/git/percepio/poc/runs/tcp-workload-matrix-v1/A02-baseline/build/tasks.o,
by_pc,2147485308,1,2,4,5,1,1,0,0,0,xTaskIncrementTick,/Users/swchen.tw/git/percepio/poc/runs/tcp-workload-matrix-v1/A02-baseline/build/tasks.o,
by_pc,2147485310,1,1,2,3,1,0,0,0,0,xTaskIncrementTick,/Users/swchen.tw/git/percepio/poc/runs/tcp-workload-matrix-v1/A02-baseline/build/tasks.o,
by_pc,2147485346,1,27,54,55,1,0,8,18,0,xTaskIncrementTick,/Users/swchen.tw/git/percepio/poc/runs/tcp-workload-matrix-v1/A02-baseline/build/tasks.o,
by_pc,2147485350,1,21,42,43,1,1,8,0,11,xTaskIncrementTick,/Users/swchen.tw/git/percepio/poc/runs/tcp-workload-matrix-v1/A02-baseline/build/tasks.o,
by_pc,2147485352,1,1,2,3,1,0,0,0,0,xTaskIncrementTick,/Users/swchen.tw/git/percepio/poc/runs/tcp-workload-matrix-v1/A02-baseline/build/tasks.o,
by_pc,2147485356,1,2,4,5,1,1,0,0,0,xTaskIncrementTick,/Users/swchen.tw/git/percepio/poc/runs/tcp-workload-matrix-v1/A02-baseline/build/tasks.o,
by_pc,2147485358,1,2,4,5,1,1,0,0,0,xTaskIncrementTick,/Users/swchen.tw/git/percepio/poc/runs/tcp-workload-matrix-v1/A02-baseline/build/tasks.o,
by_pc,2147485362,1,2,4,5,1,1,0,0,0,xTaskIncrementTick,/Users/swchen.tw/git/percepio/poc/runs/tcp-workload-matrix-v1/A02-baseline/build/tasks.o,
by_pc,2147485364,1,1,2,3,1,0,0,0,0,xTaskIncrementTick,/Users/swchen.tw/git/percepio/poc/runs/tcp-workload-matrix-v1/A02-baseline/build/tasks.o,
by_pc,2147485368,1,1,2,3,1,0,0,0,0,xTaskIncrementTick,/Users/swchen.tw/git/percepio/poc/runs/tcp-workload-matrix-v1/A02-baseline/build/tasks.o,
by_pc,2147485372,1,1,2,3,1,0,0,0,0,xTaskIncrementTick,/Users/swchen.tw/git/percepio/poc/runs/tcp-workload-matrix-v1/A02-baseline/build/tasks.o,
by_pc,2147485374,1,48,96,97,2,1,16,18,11,xTaskIncrementTick,/Users/swchen.tw/git/percepio/poc/runs/tcp-workload-matrix-v1/A02-baseline/build/tasks.o,
by_pc,2147485378,1,1,2,3,1,0,0,0,0,xTaskIncrementTick,/Users/swchen.tw/git/percepio/poc/runs/tcp-workload-matrix-v1/A02-baseline/build/tasks.o,
by_pc,2147485380,1,28,56,57,1,1,8,18,0,xTaskIncrementTick,/Users/swchen.tw/git/percepio/poc/runs/tcp-workload-matrix-v1/A02-baseline/build/tasks.o,
by_pc,2147485382,1,21,42,43,1,1,8,0,11,xTaskIncrementTick,/Users/swchen.tw/git/percepio/poc/runs/tcp-workload-matrix-v1/A02-baseline/build/tasks.o,
by_pc,2147485384,1,2,4,5,1,1,0,0,0,xTaskIncrementTick,/Users/swchen.tw/git/percepio/poc/runs/tcp-workload-matrix-v1/A02-baseline/build/tasks.o,
by_pc,2147485386,1,21,42,43,1,1,8,0,11,xTaskIncrementTick,/Users/swchen.tw/git/percepio/poc/runs/tcp-workload-matrix-v1/A02-baseline/build/tasks.o,
by_pc,2147485388,1,21,42,43,1,1,8,0,11,xTaskIncrementTick,/Users/swchen.tw/git/percepio/poc/runs/tcp-workload-matrix-v1/A02-baseline/build/tasks.o,
by_pc,2147485392,1,21,42,43,1,1,8,0,11,xTaskIncrementTick,/Users/swchen.tw/git/percepio/poc/runs/tcp-workload-matrix-v1/A02-baseline/build/tasks.o,
by_pc,2147485396,1,2,4,5,1,1,0,0,0,xTaskIncrementTick,/Users/swchen.tw/git/percepio/poc/runs/tcp-workload-matrix-v1/A02-baseline/build/tasks.o,
by_pc,2147485398,1,1,2,3,1,0,0,0,0,xTaskIncrementTick,/Users/swchen.tw/git/percepio/poc/runs/tcp-workload-matrix-v1/A02-baseline/build/tasks.o,
by_pc,2147485402,1,1,2,3,1,0,0,0,0,xTaskIncrementTick,/Users/swchen.tw/git/percepio/poc/runs/tcp-workload-matrix-v1/A02-baseline/build/tasks.o,
by_pc,2147485404,1,21,42,43,1,1,8,0,11,xTaskIncrementTick,/Users/swchen.tw/git/percepio/poc/runs/tcp-workload-matrix-v1/A02-baseline/build/tasks.o,
by_pc,2147485406,1,2,4,5,1,1,0,0,0,xTaskIncrementTick,/Users/swchen.tw/git/percepio/poc/runs/tcp-workload-matrix-v1/A02-baseline/build/tasks.o,
by_pc,2147485408,1,1,2,3,1,0,0,0,0,xTaskIncrementTick,/Users/swchen.tw/git/percepio/poc/runs/tcp-workload-matrix-v1/A02-baseline/build/tasks.o,
by_pc,2147485410,1,21,42,43,1,1,8,0,11,xTaskIncrementTick,/Users/swchen.tw/git/percepio/poc/runs/tcp-workload-matrix-v1/A02-baseline/build/tasks.o,
by_pc,2147485412,1,2,4,5,1,1,0,0,0,xTaskIncrementTick,/Users/swchen.tw/git/percepio/poc/runs/tcp-workload-matrix-v1/A02-baseline/build/tasks.o,
by_pc,2147485416,1,2,4,5,1,1,0,0,0,xTaskIncrementTick,/Users/swchen.tw/git/percepio/poc/runs/tcp-workload-matrix-v1/A02-baseline/build/tasks.o,
by_pc,2147485418,1,2,4,5,1,1,0,0,0,xTaskIncrementTick,/Users/swchen.tw/git/percepio/poc/runs/tcp-workload-matrix-v1/A02-baseline/build/tasks.o,
by_pc,2147485420,1,1,2,3,1,0,0,0,0,xTaskIncrementTick,/Users/swchen.tw/git/percepio/poc/runs/tcp-workload-matrix-v1/A02-baseline/build/tasks.o,
by_pc,2147485424,1,1,2,3,1,0,0,0,0,xTaskIncrementTick,/Users/swchen.tw/git/percepio/poc/runs/tcp-workload-matrix-v1/A02-baseline/build/tasks.o,
by_pc,2147485428,1,1,2,3,1,0,0,0,0,xTaskIncrementTick,/Users/swchen.tw/git/percepio/poc/runs/tcp-workload-matrix-v1/A02-baseline/build/tasks.o,
by_pc,2147485188,1,1,2,3,1,0,0,0,0,xTaskIncrementTick,/Users/swchen.tw/git/percepio/poc/runs/tcp-workload-matrix-v1/A02-baseline/build/tasks.o,
by_pc,2147485190,1,21,42,43,1,1,8,0,11,xTaskIncrementTick,/Users/swchen.tw/git/percepio/poc/runs/tcp-workload-matrix-v1/A02-baseline/build/tasks.o,
by_pc,2147519662,1,1,2,3,1,0,0,0,0,unresolved@/Users/swchen.tw/git/percepio/poc/runs/tcp-workload-matrix-v1/A02-baseline/build/portASM.o:2147519488,/Users/swchen.tw/git/percepio/poc/runs/tcp-workload-matrix-v1/A02-baseline/build/portASM.o,
by_pc,2147485872,2,38,76,78,2,2,16,18,0,vTaskSwitchContext,/Users/swchen.tw/git/percepio/poc/runs/tcp-workload-matrix-v1/A02-baseline/build/tasks.o,
by_pc,2147485876,2,2,4,6,2,0,0,0,0,vTaskSwitchContext,/Users/swchen.tw/git/percepio/poc/runs/tcp-workload-matrix-v1/A02-baseline/build/tasks.o,
by_pc,2147485886,2,2,4,6,2,0,0,0,0,vTaskSwitchContext,/Users/swchen.tw/git/percepio/poc/runs/tcp-workload-matrix-v1/A02-baseline/build/tasks.o,
by_pc,2147485888,2,68,136,138,2,2,24,18,22,vTaskSwitchContext,/Users/swchen.tw/git/percepio/poc/runs/tcp-workload-matrix-v1/A02-baseline/build/tasks.o,
by_pc,2147485890,2,42,84,86,2,2,16,0,22,vTaskSwitchContext,/Users/swchen.tw/git/percepio/poc/runs/tcp-workload-matrix-v1/A02-baseline/build/tasks.o,
by_pc,2147485892,2,42,84,86,2,2,16,0,22,vTaskSwitchContext,/Users/swchen.tw/git/percepio/poc/runs/tcp-workload-matrix-v1/A02-baseline/build/tasks.o,
by_pc,2147485894,2,42,84,86,2,2,16,0,22,vTaskSwitchContext,/Users/swchen.tw/git/percepio/poc/runs/tcp-workload-matrix-v1/A02-baseline/build/tasks.o,
by_pc,2147485896,2,42,84,86,2,2,16,0,22,vTaskSwitchContext,/Users/swchen.tw/git/percepio/poc/runs/tcp-workload-matrix-v1/A02-baseline/build/tasks.o,
by_pc,2147485900,2,2,4,6,2,0,0,0,0,vTaskSwitchContext,/Users/swchen.tw/git/percepio/poc/runs/tcp-workload-matrix-v1/A02-baseline/build/tasks.o,
by_pc,2147485904,2,4,8,10,2,2,0,0,0,vTaskSwitchContext,/Users/swchen.tw/git/percepio/poc/runs/tcp-workload-matrix-v1/A02-baseline/build/tasks.o,
by_pc,2147485906,2,4,8,10,2,2,0,0,0,vTaskSwitchContext,/Users/swchen.tw/git/percepio/poc/runs/tcp-workload-matrix-v1/A02-baseline/build/tasks.o,
by_pc,2147485908,2,2,4,6,2,0,0,0,0,vTaskSwitchContext,/Users/swchen.tw/git/percepio/poc/runs/tcp-workload-matrix-v1/A02-baseline/build/tasks.o,
by_pc,2147485912,2,2,4,6,2,0,0,0,0,vTaskSwitchContext,/Users/swchen.tw/git/percepio/poc/runs/tcp-workload-matrix-v1/A02-baseline/build/tasks.o,
by_pc,2147485916,2,30,60,62,2,2,8,18,0,vTaskSwitchContext,/Users/swchen.tw/git/percepio/poc/runs/tcp-workload-matrix-v1/A02-baseline/build/tasks.o,
by_pc,2147485918,2,56,112,114,2,2,16,36,0,vTaskSwitchContext,/Users/swchen.tw/git/percepio/poc/runs/tcp-workload-matrix-v1/A02-baseline/build/tasks.o,
by_pc,2147485920,2,2,4,6,2,0,0,0,0,vTaskSwitchContext,/Users/swchen.tw/git/percepio/poc/runs/tcp-workload-matrix-v1/A02-baseline/build/tasks.o,
by_pc,2147485924,2,4,8,10,2,2,0,0,0,vTaskSwitchContext,/Users/swchen.tw/git/percepio/poc/runs/tcp-workload-matrix-v1/A02-baseline/build/tasks.o,
by_pc,2147485926,2,2,4,6,2,0,0,0,0,vTaskSwitchContext,/Users/swchen.tw/git/percepio/poc/runs/tcp-workload-matrix-v1/A02-baseline/build/tasks.o,
by_pc,2147485930,2,4,8,10,2,2,0,0,0,vTaskSwitchContext,/Users/swchen.tw/git/percepio/poc/runs/tcp-workload-matrix-v1/A02-baseline/build/tasks.o,
by_pc,2147485932,2,2,4,6,2,0,0,0,0,vTaskSwitchContext,/Users/swchen.tw/git/percepio/poc/runs/tcp-workload-matrix-v1/A02-baseline/build/tasks.o,
by_pc,2147485936,2,4,8,10,2,2,0,0,0,vTaskSwitchContext,/Users/swchen.tw/git/percepio/poc/runs/tcp-workload-matrix-v1/A02-baseline/build/tasks.o,
by_pc,2147485938,2,2,4,6,2,0,0,0,0,vTaskSwitchContext,/Users/swchen.tw/git/percepio/poc/runs/tcp-workload-matrix-v1/A02-baseline/build/tasks.o,
by_pc,2147485954,2,30,60,62,2,2,8,18,0,vTaskSwitchContext,/Users/swchen.tw/git/percepio/poc/runs/tcp-workload-matrix-v1/A02-baseline/build/tasks.o,
by_pc,2147485958,2,2,4,6,2,0,0,0,0,vTaskSwitchContext,/Users/swchen.tw/git/percepio/poc/runs/tcp-workload-matrix-v1/A02-baseline/build/tasks.o,
by_pc,2147485960,2,2,4,6,2,0,0,0,0,vTaskSwitchContext,/Users/swchen.tw/git/percepio/poc/runs/tcp-workload-matrix-v1/A02-baseline/build/tasks.o,
by_pc,2147485964,2,2,4,6,2,0,0,0,0,vTaskSwitchContext,/Users/swchen.tw/git/percepio/poc/runs/tcp-workload-matrix-v1/A02-baseline/build/tasks.o,
by_pc,2147519954,2,28,56,58,2,0,8,18,0,__clzsi2,/Users/swchen.tw/git/percepio/poc/.tools/xpack-riscv-none-elf-gcc-15.2.0-1/bin/../lib/gcc/riscv-none-elf/15.2.0/libgcc.a(_clzsi2.o),
by_pc,2147519956,2,2,4,6,2,0,0,0,0,__clzsi2,/Users/swchen.tw/git/percepio/poc/.tools/xpack-riscv-none-elf-gcc-15.2.0-1/bin/../lib/gcc/riscv-none-elf/15.2.0/libgcc.a(_clzsi2.o),
by_pc,2147519960,2,2,4,6,2,0,0,0,0,__clzsi2,/Users/swchen.tw/git/percepio/poc/.tools/xpack-riscv-none-elf-gcc-15.2.0-1/bin/../lib/gcc/riscv-none-elf/15.2.0/libgcc.a(_clzsi2.o),
by_pc,2147519964,2,2,4,6,2,0,0,0,0,__clzsi2,/Users/swchen.tw/git/percepio/poc/.tools/xpack-riscv-none-elf-gcc-15.2.0-1/bin/../lib/gcc/riscv-none-elf/15.2.0/libgcc.a(_clzsi2.o),
by_pc,2147519968,2,2,4,6,2,0,0,0,0,__clzsi2,/Users/swchen.tw/git/percepio/poc/.tools/xpack-riscv-none-elf-gcc-15.2.0-1/bin/../lib/gcc/riscv-none-elf/15.2.0/libgcc.a(_clzsi2.o),
by_pc,2147519970,2,2,4,6,2,0,0,0,0,__clzsi2,/Users/swchen.tw/git/percepio/poc/.tools/xpack-riscv-none-elf-gcc-15.2.0-1/bin/../lib/gcc/riscv-none-elf/15.2.0/libgcc.a(_clzsi2.o),
by_pc,2147519974,2,2,4,6,2,0,0,0,0,__clzsi2,/Users/swchen.tw/git/percepio/poc/.tools/xpack-riscv-none-elf-gcc-15.2.0-1/bin/../lib/gcc/riscv-none-elf/15.2.0/libgcc.a(_clzsi2.o),
by_pc,2147519976,2,2,4,6,2,0,0,0,0,__clzsi2,/Users/swchen.tw/git/percepio/poc/.tools/xpack-riscv-none-elf-gcc-15.2.0-1/bin/../lib/gcc/riscv-none-elf/15.2.0/libgcc.a(_clzsi2.o),
by_pc,2147519980,2,2,4,6,2,0,0,0,0,__clzsi2,/Users/swchen.tw/git/percepio/poc/.tools/xpack-riscv-none-elf-gcc-15.2.0-1/bin/../lib/gcc/riscv-none-elf/15.2.0/libgcc.a(_clzsi2.o),
by_pc,2147519984,2,2,4,6,2,0,0,0,0,__clzsi2,/Users/swchen.tw/git/percepio/poc/.tools/xpack-riscv-none-elf-gcc-15.2.0-1/bin/../lib/gcc/riscv-none-elf/15.2.0/libgcc.a(_clzsi2.o),
by_pc,2147519988,2,2,4,6,2,0,0,0,0,__clzsi2,/Users/swchen.tw/git/percepio/poc/.tools/xpack-riscv-none-elf-gcc-15.2.0-1/bin/../lib/gcc/riscv-none-elf/15.2.0/libgcc.a(_clzsi2.o),
by_pc,2147519990,2,30,60,62,2,2,8,18,0,__clzsi2,/Users/swchen.tw/git/percepio/poc/.tools/xpack-riscv-none-elf-gcc-15.2.0-1/bin/../lib/gcc/riscv-none-elf/15.2.0/libgcc.a(_clzsi2.o),
by_pc,2147519994,2,2,4,6,2,0,0,0,0,__clzsi2,/Users/swchen.tw/git/percepio/poc/.tools/xpack-riscv-none-elf-gcc-15.2.0-1/bin/../lib/gcc/riscv-none-elf/15.2.0/libgcc.a(_clzsi2.o),
by_pc,2147519998,2,2,4,6,2,0,0,0,0,__clzsi2,/Users/swchen.tw/git/percepio/poc/.tools/xpack-riscv-none-elf-gcc-15.2.0-1/bin/../lib/gcc/riscv-none-elf/15.2.0/libgcc.a(_clzsi2.o),
by_pc,2147485968,2,2,4,6,2,0,0,0,0,vTaskSwitchContext,/Users/swchen.tw/git/percepio/poc/runs/tcp-workload-matrix-v1/A02-baseline/build/tasks.o,
by_pc,2147485970,2,2,4,6,2,0,0,0,0,vTaskSwitchContext,/Users/swchen.tw/git/percepio/poc/runs/tcp-workload-matrix-v1/A02-baseline/build/tasks.o,
by_pc,2147485972,2,2,4,6,2,0,0,0,0,vTaskSwitchContext,/Users/swchen.tw/git/percepio/poc/runs/tcp-workload-matrix-v1/A02-baseline/build/tasks.o,
by_pc,2147485976,2,2,4,6,2,0,0,0,0,vTaskSwitchContext,/Users/swchen.tw/git/percepio/poc/runs/tcp-workload-matrix-v1/A02-baseline/build/tasks.o,
by_pc,2147485978,2,4,8,10,2,2,0,0,0,vTaskSwitchContext,/Users/swchen.tw/git/percepio/poc/runs/tcp-workload-matrix-v1/A02-baseline/build/tasks.o,
by_pc,2147485980,2,2,4,6,2,0,0,0,0,vTaskSwitchContext,/Users/swchen.tw/git/percepio/poc/runs/tcp-workload-matrix-v1/A02-baseline/build/tasks.o,
by_pc,2147486000,2,2,4,6,2,0,0,0,0,vTaskSwitchContext,/Users/swchen.tw/git/percepio/poc/runs/tcp-workload-matrix-v1/A02-baseline/build/tasks.o,
by_pc,2147486002,2,2,4,6,2,0,0,0,0,vTaskSwitchContext,/Users/swchen.tw/git/percepio/poc/runs/tcp-workload-matrix-v1/A02-baseline/build/tasks.o,
by_pc,2147486006,2,2,4,6,2,0,0,0,0,vTaskSwitchContext,/Users/swchen.tw/git/percepio/poc/runs/tcp-workload-matrix-v1/A02-baseline/build/tasks.o,
by_pc,2147486010,2,4,8,10,2,2,0,0,0,vTaskSwitchContext,/Users/swchen.tw/git/percepio/poc/runs/tcp-workload-matrix-v1/A02-baseline/build/tasks.o,
by_pc,2147486012,2,2,4,6,2,0,0,0,0,vTaskSwitchContext,/Users/swchen.tw/git/percepio/poc/runs/tcp-workload-matrix-v1/A02-baseline/build/tasks.o,
by_pc,2147486014,2,2,4,6,2,0,0,0,0,vTaskSwitchContext,/Users/swchen.tw/git/percepio/poc/runs/tcp-workload-matrix-v1/A02-baseline/build/tasks.o,
by_pc,2147486016,2,30,60,62,2,2,8,18,0,vTaskSwitchContext,/Users/swchen.tw/git/percepio/poc/runs/tcp-workload-matrix-v1/A02-baseline/build/tasks.o,
by_pc,2147486018,2,42,84,86,2,2,16,0,22,vTaskSwitchContext,/Users/swchen.tw/git/percepio/poc/runs/tcp-workload-matrix-v1/A02-baseline/build/tasks.o,
by_pc,2147486020,2,2,4,6,2,0,0,0,0,vTaskSwitchContext,/Users/swchen.tw/git/percepio/poc/runs/tcp-workload-matrix-v1/A02-baseline/build/tasks.o,
by_pc,2147486028,2,4,8,10,2,2,0,0,0,vTaskSwitchContext,/Users/swchen.tw/git/percepio/poc/runs/tcp-workload-matrix-v1/A02-baseline/build/tasks.o,
by_pc,2147486030,2,42,84,86,2,2,16,0,22,vTaskSwitchContext,/Users/swchen.tw/git/percepio/poc/runs/tcp-workload-matrix-v1/A02-baseline/build/tasks.o,
by_pc,2147486032,2,4,8,10,2,2,0,0,0,vTaskSwitchContext,/Users/swchen.tw/git/percepio/poc/runs/tcp-workload-matrix-v1/A02-baseline/build/tasks.o,
by_pc,2147486034,2,4,8,10,2,2,0,0,0,vTaskSwitchContext,/Users/swchen.tw/git/percepio/poc/runs/tcp-workload-matrix-v1/A02-baseline/build/tasks.o,
by_pc,2147486036,2,4,8,10,2,2,0,0,0,vTaskSwitchContext,/Users/swchen.tw/git/percepio/poc/runs/tcp-workload-matrix-v1/A02-baseline/build/tasks.o,
by_pc,2147486038,2,2,4,6,2,0,0,0,0,vTaskSwitchContext,/Users/swchen.tw/git/percepio/poc/runs/tcp-workload-matrix-v1/A02-baseline/build/tasks.o,
by_pc,2147493112,2,30,60,62,2,2,8,18,0,xTraceTaskSwitch,/Users/swchen.tw/git/percepio/poc/runs/tcp-workload-matrix-v1/A02-baseline/build/trcTask.o,
by_pc,2147493116,2,2,4,6,2,0,0,0,0,xTraceTaskSwitch,/Users/swchen.tw/git/percepio/poc/runs/tcp-workload-matrix-v1/A02-baseline/build/trcTask.o,
by_pc,2147493118,2,2,4,6,2,0,0,0,0,xTraceTaskSwitch,/Users/swchen.tw/git/percepio/poc/runs/tcp-workload-matrix-v1/A02-baseline/build/trcTask.o,
by_pc,2147493120,2,28,56,58,2,0,8,18,0,xTraceTaskSwitch,/Users/swchen.tw/git/percepio/poc/runs/tcp-workload-matrix-v1/A02-baseline/build/trcTask.o,
by_pc,2147493122,2,42,84,86,2,2,16,0,22,xTraceTaskSwitch,/Users/swchen.tw/git/percepio/poc/runs/tcp-workload-matrix-v1/A02-baseline/build/trcTask.o,
by_pc,2147493124,2,42,84,86,2,2,16,0,22,xTraceTaskSwitch,/Users/swchen.tw/git/percepio/poc/runs/tcp-workload-matrix-v1/A02-baseline/build/trcTask.o,
by_pc,2147493126,2,42,84,86,2,2,16,0,22,xTraceTaskSwitch,/Users/swchen.tw/git/percepio/poc/runs/tcp-workload-matrix-v1/A02-baseline/build/trcTask.o,
by_pc,2147493128,2,2,4,6,2,0,0,0,0,xTraceTaskSwitch,/Users/swchen.tw/git/percepio/poc/runs/tcp-workload-matrix-v1/A02-baseline/build/trcTask.o,
by_pc,2147493132,2,4,8,10,2,2,0,0,0,xTraceTaskSwitch,/Users/swchen.tw/git/percepio/poc/runs/tcp-workload-matrix-v1/A02-baseline/build/trcTask.o,
by_pc,2147493134,2,2,4,6,2,0,0,0,0,xTraceTaskSwitch,/Users/swchen.tw/git/percepio/poc/runs/tcp-workload-matrix-v1/A02-baseline/build/trcTask.o,
by_pc,2147493138,2,4,8,10,2,2,0,0,0,xTraceTaskSwitch,/Users/swchen.tw/git/percepio/poc/runs/tcp-workload-matrix-v1/A02-baseline/build/trcTask.o,
by_pc,2147493140,2,2,4,6,2,0,0,0,0,xTraceTaskSwitch,/Users/swchen.tw/git/percepio/poc/runs/tcp-workload-matrix-v1/A02-baseline/build/trcTask.o,
by_pc,2147493158,2,2,4,6,2,0,0,0,0,xTraceTaskSwitch,/Users/swchen.tw/git/percepio/poc/runs/tcp-workload-matrix-v1/A02-baseline/build/trcTask.o,
by_pc,2147493160,2,2,4,6,2,0,0,0,0,xTraceTaskSwitch,/Users/swchen.tw/git/percepio/poc/runs/tcp-workload-matrix-v1/A02-baseline/build/trcTask.o,
by_pc,2147493162,2,42,84,86,2,2,16,0,22,xTraceTaskSwitch,/Users/swchen.tw/git/percepio/poc/runs/tcp-workload-matrix-v1/A02-baseline/build/trcTask.o,
by_pc,2147493164,2,2,4,6,2,0,0,0,0,xTraceTaskSwitch,/Users/swchen.tw/git/percepio/poc/runs/tcp-workload-matrix-v1/A02-baseline/build/trcTask.o,
by_pc,2147493166,2,2,4,6,2,0,0,0,0,xTraceTaskSwitch,/Users/swchen.tw/git/percepio/poc/runs/tcp-workload-matrix-v1/A02-baseline/build/trcTask.o,
by_pc,2147493170,2,4,8,10,2,2,0,0,0,xTraceTaskSwitch,/Users/swchen.tw/git/percepio/poc/runs/tcp-workload-matrix-v1/A02-baseline/build/trcTask.o,
by_pc,2147493172,2,2,4,6,2,0,0,0,0,xTraceTaskSwitch,/Users/swchen.tw/git/percepio/poc/runs/tcp-workload-matrix-v1/A02-baseline/build/trcTask.o,
by_pc,2147493174,2,42,84,86,2,2,16,0,22,xTraceTaskSwitch,/Users/swchen.tw/git/percepio/poc/runs/tcp-workload-matrix-v1/A02-baseline/build/trcTask.o,
by_pc,2147493176,2,2,4,6,2,0,0,0,0,xTraceTaskSwitch,/Users/swchen.tw/git/percepio/poc/runs/tcp-workload-matrix-v1/A02-baseline/build/trcTask.o,
by_pc,2147493180,2,2,4,6,2,0,0,0,0,xTraceTaskSwitch,/Users/swchen.tw/git/percepio/poc/runs/tcp-workload-matrix-v1/A02-baseline/build/trcTask.o,
by_pc,2147488636,2,4,8,10,2,2,0,0,0,xTraceEventCreate2,/Users/swchen.tw/git/percepio/poc/runs/tcp-workload-matrix-v1/A02-baseline/build/trcEvent.o,
by_pc,2147488640,2,28,56,58,2,0,8,18,0,xTraceEventCreate2,/Users/swchen.tw/git/percepio/poc/runs/tcp-workload-matrix-v1/A02-baseline/build/trcEvent.o,
by_pc,2147488642,2,42,84,86,2,2,16,0,22,xTraceEventCreate2,/Users/swchen.tw/git/percepio/poc/runs/tcp-workload-matrix-v1/A02-baseline/build/trcEvent.o,
by_pc,2147488644,2,42,84,86,2,2,16,0,22,xTraceEventCreate2,/Users/swchen.tw/git/percepio/poc/runs/tcp-workload-matrix-v1/A02-baseline/build/trcEvent.o,
by_pc,2147488646,2,42,84,86,2,2,16,0,22,xTraceEventCreate2,/Users/swchen.tw/git/percepio/poc/runs/tcp-workload-matrix-v1/A02-baseline/build/trcEvent.o,
by_pc,2147488648,2,42,84,86,2,2,16,0,22,xTraceEventCreate2,/Users/swchen.tw/git/percepio/poc/runs/tcp-workload-matrix-v1/A02-baseline/build/trcEvent.o,
by_pc,2147488650,2,42,84,86,2,2,16,0,22,xTraceEventCreate2,/Users/swchen.tw/git/percepio/poc/runs/tcp-workload-matrix-v1/A02-baseline/build/trcEvent.o,
by_pc,2147488652,2,42,84,86,2,2,16,0,22,xTraceEventCreate2,/Users/swchen.tw/git/percepio/poc/runs/tcp-workload-matrix-v1/A02-baseline/build/trcEvent.o,
by_pc,2147488654,2,2,4,6,2,0,0,0,0,xTraceEventCreate2,/Users/swchen.tw/git/percepio/poc/runs/tcp-workload-matrix-v1/A02-baseline/build/trcEvent.o,
by_pc,2147488656,2,2,4,6,2,0,0,0,0,xTraceEventCreate2,/Users/swchen.tw/git/percepio/poc/runs/tcp-workload-matrix-v1/A02-baseline/build/trcEvent.o,
by_pc,2147488658,2,4,8,10,2,2,0,0,0,xTraceEventCreate2,/Users/swchen.tw/git/percepio/poc/runs/tcp-workload-matrix-v1/A02-baseline/build/trcEvent.o,
by_pc,2147488662,2,4,8,10,2,2,0,0,0,xTraceEventCreate2,/Users/swchen.tw/git/percepio/poc/runs/tcp-workload-matrix-v1/A02-baseline/build/trcEvent.o,
by_pc,2147488664,2,2,4,6,2,0,0,0,0,xTraceEventCreate2,/Users/swchen.tw/git/percepio/poc/runs/tcp-workload-matrix-v1/A02-baseline/build/trcEvent.o,
by_pc,2147488666,2,2,4,6,2,0,0,0,0,xTraceEventCreate2,/Users/swchen.tw/git/percepio/poc/runs/tcp-workload-matrix-v1/A02-baseline/build/trcEvent.o,
by_pc,2147488668,2,2,4,6,2,0,0,0,0,xTraceEventCreate2,/Users/swchen.tw/git/percepio/poc/runs/tcp-workload-matrix-v1/A02-baseline/build/trcEvent.o,
by_pc,2147488670,2,2,4,6,2,0,0,0,0,xTraceEventCreate2,/Users/swchen.tw/git/percepio/poc/runs/tcp-workload-matrix-v1/A02-baseline/build/trcEvent.o,
by_pc,2147488674,2,2,4,6,2,0,0,0,0,xTraceEventCreate2,/Users/swchen.tw/git/percepio/poc/runs/tcp-workload-matrix-v1/A02-baseline/build/trcEvent.o,
by_pc,2147488678,2,4,8,10,2,2,0,0,0,xTraceEventCreate2,/Users/swchen.tw/git/percepio/poc/runs/tcp-workload-matrix-v1/A02-baseline/build/trcEvent.o,
by_pc,2147488680,2,2,4,6,2,0,0,0,0,xTraceEventCreate2,/Users/swchen.tw/git/percepio/poc/runs/tcp-workload-matrix-v1/A02-baseline/build/trcEvent.o,
by_pc,2147488682,2,4,8,10,2,2,0,0,0,xTraceEventCreate2,/Users/swchen.tw/git/percepio/poc/runs/tcp-workload-matrix-v1/A02-baseline/build/trcEvent.o,
by_pc,2147488684,2,2,4,6,2,0,0,0,0,xTraceEventCreate2,/Users/swchen.tw/git/percepio/poc/runs/tcp-workload-matrix-v1/A02-baseline/build/trcEvent.o,
by_pc,2147488686,2,42,84,86,2,2,16,0,22,xTraceEventCreate2,/Users/swchen.tw/git/percepio/poc/runs/tcp-workload-matrix-v1/A02-baseline/build/trcEvent.o,
by_pc,2147488688,2,4,8,10,2,2,0,0,0,xTraceEventCreate2,/Users/swchen.tw/git/percepio/poc/runs/tcp-workload-matrix-v1/A02-baseline/build/trcEvent.o,
by_pc,2147488692,2,4,8,10,2,2,0,0,0,xTraceEventCreate2,/Users/swchen.tw/git/percepio/poc/runs/tcp-workload-matrix-v1/A02-baseline/build/trcEvent.o,
by_pc,2147488696,2,4,8,10,2,2,0,0,0,xTraceEventCreate2,/Users/swchen.tw/git/percepio/poc/runs/tcp-workload-matrix-v1/A02-baseline/build/trcEvent.o,
by_pc,2147488698,2,2,4,6,2,0,0,0,0,xTraceEventCreate2,/Users/swchen.tw/git/percepio/poc/runs/tcp-workload-matrix-v1/A02-baseline/build/trcEvent.o,
by_pc,2147488700,2,2,4,6,2,0,0,0,0,xTraceEventCreate2,/Users/swchen.tw/git/percepio/poc/runs/tcp-workload-matrix-v1/A02-baseline/build/trcEvent.o,
by_pc,2147488702,2,2,4,6,2,0,0,0,0,xTraceEventCreate2,/Users/swchen.tw/git/percepio/poc/runs/tcp-workload-matrix-v1/A02-baseline/build/trcEvent.o,
by_pc,2147488704,2,28,56,58,2,0,8,18,0,xTraceEventCreate2,/Users/swchen.tw/git/percepio/poc/runs/tcp-workload-matrix-v1/A02-baseline/build/trcEvent.o,
by_pc,2147488706,2,2,4,6,2,0,0,0,0,xTraceEventCreate2,/Users/swchen.tw/git/percepio/poc/runs/tcp-workload-matrix-v1/A02-baseline/build/trcEvent.o,
by_pc,2147488708,2,42,84,86,2,2,16,0,22,xTraceEventCreate2,/Users/swchen.tw/git/percepio/poc/runs/tcp-workload-matrix-v1/A02-baseline/build/trcEvent.o,
by_pc,2147488712,2,4,8,10,2,2,0,0,0,xTraceEventCreate2,/Users/swchen.tw/git/percepio/poc/runs/tcp-workload-matrix-v1/A02-baseline/build/trcEvent.o,
by_pc,2147488714,2,4,8,10,2,2,0,0,0,xTraceEventCreate2,/Users/swchen.tw/git/percepio/poc/runs/tcp-workload-matrix-v1/A02-baseline/build/trcEvent.o,
by_pc,2147488716,2,42,84,86,2,2,16,0,22,xTraceEventCreate2,/Users/swchen.tw/git/percepio/poc/runs/tcp-workload-matrix-v1/A02-baseline/build/trcEvent.o,
by_pc,2147488720,2,2,4,6,2,0,0,0,0,xTraceEventCreate2,/Users/swchen.tw/git/percepio/poc/runs/tcp-workload-matrix-v1/A02-baseline/build/trcEvent.o,
by_pc,2147488724,2,4,8,10,2,2,0,0,0,xTraceEventCreate2,/Users/swchen.tw/git/percepio/poc/runs/tcp-workload-matrix-v1/A02-baseline/build/trcEvent.o,
by_pc,2147488728,2,42,84,86,2,2,16,0,22,xTraceEventCreate2,/Users/swchen.tw/git/percepio/poc/runs/tcp-workload-matrix-v1/A02-baseline/build/trcEvent.o,
by_pc,2147488730,2,4,8,10,2,2,0,0,0,xTraceEventCreate2,/Users/swchen.tw/git/percepio/poc/runs/tcp-workload-matrix-v1/A02-baseline/build/trcEvent.o,
by_pc,2147488732,2,2,4,6,2,0,0,0,0,xTraceEventCreate2,/Users/swchen.tw/git/percepio/poc/runs/tcp-workload-matrix-v1/A02-baseline/build/trcEvent.o,
by_pc,2147488742,2,4,8,10,2,2,0,0,0,xTraceEventCreate2,/Users/swchen.tw/git/percepio/poc/runs/tcp-workload-matrix-v1/A02-baseline/build/trcEvent.o,
by_pc,2147488744,2,2,4,6,2,0,0,0,0,xTraceEventCreate2,/Users/swchen.tw/git/percepio/poc/runs/tcp-workload-matrix-v1/A02-baseline/build/trcEvent.o,
by_pc,2147488746,2,2,4,6,2,0,0,0,0,xTraceEventCreate2,/Users/swchen.tw/git/percepio/poc/runs/tcp-workload-matrix-v1/A02-baseline/build/trcEvent.o,
by_pc,2147488748,2,42,84,86,2,2,16,0,22,xTraceEventCreate2,/Users/swchen.tw/git/percepio/poc/runs/tcp-workload-matrix-v1/A02-baseline/build/trcEvent.o,
by_pc,2147488750,2,2,4,6,2,0,0,0,0,xTraceEventCreate2,/Users/swchen.tw/git/percepio/poc/runs/tcp-workload-matrix-v1/A02-baseline/build/trcEvent.o,
by_pc,2147488752,2,42,84,86,2,2,16,0,22,xTraceEventCreate2,/Users/swchen.tw/git/percepio/poc/runs/tcp-workload-matrix-v1/A02-baseline/build/trcEvent.o,
by_pc,2147488756,2,42,84,86,2,2,16,0,22,xTraceEventCreate2,/Users/swchen.tw/git/percepio/poc/runs/tcp-workload-matrix-v1/A02-baseline/build/trcEvent.o,
by_pc,2147488758,2,2,4,6,2,0,0,0,0,xTraceEventCreate2,/Users/swchen.tw/git/percepio/poc/runs/tcp-workload-matrix-v1/A02-baseline/build/trcEvent.o,
by_pc,2147488760,2,2,4,6,2,0,0,0,0,xTraceEventCreate2,/Users/swchen.tw/git/percepio/poc/runs/tcp-workload-matrix-v1/A02-baseline/build/trcEvent.o,
by_pc,2147488764,2,2,4,6,2,0,0,0,0,xTraceEventCreate2,/Users/swchen.tw/git/percepio/poc/runs/tcp-workload-matrix-v1/A02-baseline/build/trcEvent.o,
by_pc,2147488766,2,2,4,6,2,0,0,0,0,xTraceEventCreate2,/Users/swchen.tw/git/percepio/poc/runs/tcp-workload-matrix-v1/A02-baseline/build/trcEvent.o,
by_pc,2147488768,2,28,56,58,2,0,8,18,0,xTraceEventCreate2,/Users/swchen.tw/git/percepio/poc/runs/tcp-workload-matrix-v1/A02-baseline/build/trcEvent.o,
by_pc,2147488770,2,4,8,10,2,2,0,0,0,xTraceEventCreate2,/Users/swchen.tw/git/percepio/poc/runs/tcp-workload-matrix-v1/A02-baseline/build/trcEvent.o,
by_pc,2147488772,2,4,8,10,2,2,0,0,0,xTraceEventCreate2,/Users/swchen.tw/git/percepio/poc/runs/tcp-workload-matrix-v1/A02-baseline/build/trcEvent.o,
by_pc,2147488774,2,4,8,10,2,2,0,0,0,xTraceEventCreate2,/Users/swchen.tw/git/percepio/poc/runs/tcp-workload-matrix-v1/A02-baseline/build/trcEvent.o,
by_pc,2147488776,2,4,8,10,2,2,0,0,0,xTraceEventCreate2,/Users/swchen.tw/git/percepio/poc/runs/tcp-workload-matrix-v1/A02-baseline/build/trcEvent.o,
by_pc,2147488778,2,4,8,10,2,2,0,0,0,xTraceEventCreate2,/Users/swchen.tw/git/percepio/poc/runs/tcp-workload-matrix-v1/A02-baseline/build/trcEvent.o,
by_pc,2147488780,2,2,4,6,2,0,0,0,0,xTraceEventCreate2,/Users/swchen.tw/git/percepio/poc/runs/tcp-workload-matrix-v1/A02-baseline/build/trcEvent.o,
by_pc,2147488782,2,2,4,6,2,0,0,0,0,xTraceEventCreate2,/Users/swchen.tw/git/percepio/poc/runs/tcp-workload-matrix-v1/A02-baseline/build/trcEvent.o,
by_pc,2147488784,2,2,4,6,2,0,0,0,0,xTraceEventCreate2,/Users/swchen.tw/git/percepio/poc/runs/tcp-workload-matrix-v1/A02-baseline/build/trcEvent.o,
by_pc,2147493184,2,30,60,62,2,2,8,18,0,xTraceTaskSwitch,/Users/swchen.tw/git/percepio/poc/runs/tcp-workload-matrix-v1/A02-baseline/build/trcTask.o,
by_pc,2147493186,2,2,4,6,2,0,0,0,0,xTraceTaskSwitch,/Users/swchen.tw/git/percepio/poc/runs/tcp-workload-matrix-v1/A02-baseline/build/trcTask.o,
by_pc,2147493188,2,42,84,86,2,2,16,0,22,xTraceTaskSwitch,/Users/swchen.tw/git/percepio/poc/runs/tcp-workload-matrix-v1/A02-baseline/build/trcTask.o,
by_pc,2147493190,2,2,4,6,2,0,0,0,0,xTraceTaskSwitch,/Users/swchen.tw/git/percepio/poc/runs/tcp-workload-matrix-v1/A02-baseline/build/trcTask.o,
by_pc,2147493198,2,2,4,6,2,0,0,0,0,xTraceTaskSwitch,/Users/swchen.tw/git/percepio/poc/runs/tcp-workload-matrix-v1/A02-baseline/build/trcTask.o,
by_pc,2147493202,2,2,4,6,2,0,0,0,0,xTraceTaskSwitch,/Users/swchen.tw/git/percepio/poc/runs/tcp-workload-matrix-v1/A02-baseline/build/trcTask.o,
by_pc,2147493148,2,4,8,10,2,2,0,0,0,xTraceTaskSwitch,/Users/swchen.tw/git/percepio/poc/runs/tcp-workload-matrix-v1/A02-baseline/build/trcTask.o,
by_pc,2147493150,2,4,8,10,2,2,0,0,0,xTraceTaskSwitch,/Users/swchen.tw/git/percepio/poc/runs/tcp-workload-matrix-v1/A02-baseline/build/trcTask.o,
by_pc,2147493152,2,4,8,10,2,2,0,0,0,xTraceTaskSwitch,/Users/swchen.tw/git/percepio/poc/runs/tcp-workload-matrix-v1/A02-baseline/build/trcTask.o,
by_pc,2147493154,2,2,4,6,2,0,0,0,0,xTraceTaskSwitch,/Users/swchen.tw/git/percepio/poc/runs/tcp-workload-matrix-v1/A02-baseline/build/trcTask.o,
by_pc,2147493156,2,2,4,6,2,0,0,0,0,xTraceTaskSwitch,/Users/swchen.tw/git/percepio/poc/runs/tcp-workload-matrix-v1/A02-baseline/build/trcTask.o,
by_pc,2147486042,2,4,8,10,2,2,0,0,0,vTaskSwitchContext,/Users/swchen.tw/git/percepio/poc/runs/tcp-workload-matrix-v1/A02-baseline/build/tasks.o,
by_pc,2147486044,2,4,8,10,2,2,0,0,0,vTaskSwitchContext,/Users/swchen.tw/git/percepio/poc/runs/tcp-workload-matrix-v1/A02-baseline/build/tasks.o,
by_pc,2147486046,2,4,8,10,2,2,0,0,0,vTaskSwitchContext,/Users/swchen.tw/git/percepio/poc/runs/tcp-workload-matrix-v1/A02-baseline/build/tasks.o,
by_pc,2147486048,2,4,8,10,2,2,0,0,0,vTaskSwitchContext,/Users/swchen.tw/git/percepio/poc/runs/tcp-workload-matrix-v1/A02-baseline/build/tasks.o,
by_pc,2147486050,2,4,8,10,2,2,0,0,0,vTaskSwitchContext,/Users/swchen.tw/git/percepio/poc/runs/tcp-workload-matrix-v1/A02-baseline/build/tasks.o,
by_pc,2147486052,2,2,4,6,2,0,0,0,0,vTaskSwitchContext,/Users/swchen.tw/git/percepio/poc/runs/tcp-workload-matrix-v1/A02-baseline/build/tasks.o,
by_pc,2147486054,2,2,4,6,2,0,0,0,0,vTaskSwitchContext,/Users/swchen.tw/git/percepio/poc/runs/tcp-workload-matrix-v1/A02-baseline/build/tasks.o,
by_pc,2147519666,1,1,2,3,1,0,0,0,0,unresolved@/Users/swchen.tw/git/percepio/poc/runs/tcp-workload-matrix-v1/A02-baseline/build/portASM.o:2147519488,/Users/swchen.tw/git/percepio/poc/runs/tcp-workload-matrix-v1/A02-baseline/build/portASM.o,
by_pc,2147485864,1,2,4,5,1,1,0,0,0,vTaskDelay,/Users/swchen.tw/git/percepio/poc/runs/tcp-workload-matrix-v1/A02-baseline/build/tasks.o,
by_pc,2147485866,1,2,4,5,1,1,0,0,0,vTaskDelay,/Users/swchen.tw/git/percepio/poc/runs/tcp-workload-matrix-v1/A02-baseline/build/tasks.o,
by_pc,2147485868,1,1,2,3,1,0,0,0,0,vTaskDelay,/Users/swchen.tw/git/percepio/poc/runs/tcp-workload-matrix-v1/A02-baseline/build/tasks.o,
by_pc,2147485870,1,1,2,3,1,0,0,0,0,vTaskDelay,/Users/swchen.tw/git/percepio/poc/runs/tcp-workload-matrix-v1/A02-baseline/build/tasks.o,
by_pc,2147496022,1,27,54,55,1,0,8,18,0,timing_observer,/Users/swchen.tw/git/percepio/poc/runs/tcp-workload-matrix-v1/A02-baseline/build/tcp_request_response_irq.o,
by_pc,2147484998,1,2,4,5,1,1,0,0,0,xTaskGetTickCount,/Users/swchen.tw/git/percepio/poc/runs/tcp-workload-matrix-v1/A02-baseline/build/tasks.o,
by_pc,2147485002,1,1,2,3,1,0,0,0,0,xTaskGetTickCount,/Users/swchen.tw/git/percepio/poc/runs/tcp-workload-matrix-v1/A02-baseline/build/tasks.o,
by_pc,2147496026,1,21,42,43,1,1,8,0,11,timing_observer,/Users/swchen.tw/git/percepio/poc/runs/tcp-workload-matrix-v1/A02-baseline/build/tcp_request_response_irq.o,
by_pc,2147496030,1,1,2,3,1,0,0,0,0,timing_observer,/Users/swchen.tw/git/percepio/poc/runs/tcp-workload-matrix-v1/A02-baseline/build/tcp_request_response_irq.o,
by_pc,2147496034,1,21,42,43,1,1,8,0,11,timing_observer,/Users/swchen.tw/git/percepio/poc/runs/tcp-workload-matrix-v1/A02-baseline/build/tcp_request_response_irq.o,
by_pc,2147496038,1,1,2,3,1,0,0,0,0,timing_observer,/Users/swchen.tw/git/percepio/poc/runs/tcp-workload-matrix-v1/A02-baseline/build/tcp_request_response_irq.o,
by_pc,2147496040,1,21,42,43,1,1,8,0,11,timing_observer,/Users/swchen.tw/git/percepio/poc/runs/tcp-workload-matrix-v1/A02-baseline/build/tcp_request_response_irq.o,
by_pc,2147496044,1,2,4,5,1,1,0,0,0,timing_observer,/Users/swchen.tw/git/percepio/poc/runs/tcp-workload-matrix-v1/A02-baseline/build/tcp_request_response_irq.o,
by_pc,2147496048,1,1,2,3,1,0,0,0,0,timing_observer,/Users/swchen.tw/git/percepio/poc/runs/tcp-workload-matrix-v1/A02-baseline/build/tcp_request_response_irq.o,
by_pc,2147496052,1,1,2,3,1,0,0,0,0,timing_observer,/Users/swchen.tw/git/percepio/poc/runs/tcp-workload-matrix-v1/A02-baseline/build/tcp_request_response_irq.o,
by_pc,2147496056,1,1,2,3,1,0,0,0,0,timing_observer,/Users/swchen.tw/git/percepio/poc/runs/tcp-workload-matrix-v1/A02-baseline/build/tcp_request_response_irq.o,
by_pc,2147493908,1,27,54,55,1,0,8,18,0,poc_mark,/Users/swchen.tw/git/percepio/poc/runs/tcp-workload-matrix-v1/A02-baseline/build/main.o,
by_pc,2147493910,1,21,42,43,1,1,8,0,11,poc_mark,/Users/swchen.tw/git/percepio/poc/runs/tcp-workload-matrix-v1/A02-baseline/build/main.o,
by_pc,2147493912,1,21,42,43,1,1,8,0,11,poc_mark,/Users/swchen.tw/git/percepio/poc/runs/tcp-workload-matrix-v1/A02-baseline/build/main.o,
by_pc,2147493914,1,21,42,43,1,1,8,0,11,poc_mark,/Users/swchen.tw/git/percepio/poc/runs/tcp-workload-matrix-v1/A02-baseline/build/main.o,
by_pc,2147493916,1,1,2,3,1,0,0,0,0,poc_mark,/Users/swchen.tw/git/percepio/poc/runs/tcp-workload-matrix-v1/A02-baseline/build/main.o,
by_pc,2147493918,1,1,2,3,1,0,0,0,0,poc_mark,/Users/swchen.tw/git/percepio/poc/runs/tcp-workload-matrix-v1/A02-baseline/build/main.o,
by_pc,2147494034,1,27,54,55,1,0,8,18,0,poc_oracle_record,/Users/swchen.tw/git/percepio/poc/runs/tcp-workload-matrix-v1/A02-baseline/build/oracle.o,
by_pc,2147494036,1,21,42,43,1,1,8,0,11,poc_oracle_record,/Users/swchen.tw/git/percepio/poc/runs/tcp-workload-matrix-v1/A02-baseline/build/oracle.o,
by_pc,2147494038,1,21,42,43,1,1,8,0,11,poc_oracle_record,/Users/swchen.tw/git/percepio/poc/runs/tcp-workload-matrix-v1/A02-baseline/build/oracle.o,
by_pc,2147494040,1,21,42,43,1,1,8,0,11,poc_oracle_record,/Users/swchen.tw/git/percepio/poc/runs/tcp-workload-matrix-v1/A02-baseline/build/oracle.o,
by_pc,2147494042,1,21,42,43,1,1,8,0,11,poc_oracle_record,/Users/swchen.tw/git/percepio/poc/runs/tcp-workload-matrix-v1/A02-baseline/build/oracle.o,
by_pc,2147494044,1,21,42,43,1,1,8,0,11,poc_oracle_record,/Users/swchen.tw/git/percepio/poc/runs/tcp-workload-matrix-v1/A02-baseline/build/oracle.o,
by_pc,2147494046,1,1,2,3,1,0,0,0,0,poc_oracle_record,/Users/swchen.tw/git/percepio/poc/runs/tcp-workload-matrix-v1/A02-baseline/build/oracle.o,
by_pc,2147494050,1,2,4,5,1,1,0,0,0,poc_oracle_record,/Users/swchen.tw/git/percepio/poc/runs/tcp-workload-matrix-v1/A02-baseline/build/oracle.o,
by_pc,2147494052,1,1,2,3,1,0,0,0,0,poc_oracle_record,/Users/swchen.tw/git/percepio/poc/runs/tcp-workload-matrix-v1/A02-baseline/build/oracle.o,
by_pc,2147494056,1,1,2,3,1,0,0,0,0,poc_oracle_record,/Users/swchen.tw/git/percepio/poc/runs/tcp-workload-matrix-v1/A02-baseline/build/oracle.o,
by_pc,2147494058,1,1,2,3,1,0,0,0,0,poc_oracle_record,/Users/swchen.tw/git/percepio/poc/runs/tcp-workload-matrix-v1/A02-baseline/build/oracle.o,
by_pc,2147494060,1,1,2,3,1,0,0,0,0,poc_oracle_record,/Users/swchen.tw/git/percepio/poc/runs/tcp-workload-matrix-v1/A02-baseline/build/oracle.o,
by_pc,2147494078,1,2,4,5,1,1,0,0,0,poc_oracle_record,/Users/swchen.tw/git/percepio/poc/runs/tcp-workload-matrix-v1/A02-baseline/build/oracle.o,
by_pc,2147494080,1,27,54,55,1,0,8,18,0,poc_oracle_record,/Users/swchen.tw/git/percepio/poc/runs/tcp-workload-matrix-v1/A02-baseline/build/oracle.o,
by_pc,2147494084,1,21,42,43,1,1,8,0,11,poc_oracle_record,/Users/swchen.tw/git/percepio/poc/runs/tcp-workload-matrix-v1/A02-baseline/build/oracle.o,
by_pc,2147494086,1,1,2,3,1,0,0,0,0,poc_oracle_record,/Users/swchen.tw/git/percepio/poc/runs/tcp-workload-matrix-v1/A02-baseline/build/oracle.o,
by_pc,2147494090,1,1,2,3,1,0,0,0,0,poc_oracle_record,/Users/swchen.tw/git/percepio/poc/runs/tcp-workload-matrix-v1/A02-baseline/build/oracle.o,
by_pc,2147494092,1,1,2,3,1,0,0,0,0,poc_oracle_record,/Users/swchen.tw/git/percepio/poc/runs/tcp-workload-matrix-v1/A02-baseline/build/oracle.o,
by_pc,2147494096,1,1,2,3,1,0,0,0,0,poc_oracle_record,/Users/swchen.tw/git/percepio/poc/runs/tcp-workload-matrix-v1/A02-baseline/build/oracle.o,
by_pc,2147494100,1,1,2,3,1,0,0,0,0,poc_oracle_record,/Users/swchen.tw/git/percepio/poc/runs/tcp-workload-matrix-v1/A02-baseline/build/oracle.o,
by_pc,2147494104,1,1,2,3,1,0,0,0,0,poc_oracle_record,/Users/swchen.tw/git/percepio/poc/runs/tcp-workload-matrix-v1/A02-baseline/build/oracle.o,
by_pc,2147494106,1,39,78,79,1,1,8,18,11,poc_oracle_record,/Users/swchen.tw/git/percepio/poc/runs/tcp-workload-matrix-v1/A02-baseline/build/oracle.o,
by_pc,2147494110,1,21,42,43,1,1,8,0,11,poc_oracle_record,/Users/swchen.tw/git/percepio/poc/runs/tcp-workload-matrix-v1/A02-baseline/build/oracle.o,
by_pc,2147494114,1,21,42,43,1,1,8,0,11,poc_oracle_record,/Users/swchen.tw/git/percepio/poc/runs/tcp-workload-matrix-v1/A02-baseline/build/oracle.o,
by_pc,2147494116,1,2,4,5,1,1,0,0,0,poc_oracle_record,/Users/swchen.tw/git/percepio/poc/runs/tcp-workload-matrix-v1/A02-baseline/build/oracle.o,
by_pc,2147494118,1,2,4,5,1,1,0,0,0,poc_oracle_record,/Users/swchen.tw/git/percepio/poc/runs/tcp-workload-matrix-v1/A02-baseline/build/oracle.o,
by_pc,2147494120,1,2,4,5,1,1,0,0,0,poc_oracle_record,/Users/swchen.tw/git/percepio/poc/runs/tcp-workload-matrix-v1/A02-baseline/build/oracle.o,
by_pc,2147494122,1,2,4,5,1,1,0,0,0,poc_oracle_record,/Users/swchen.tw/git/percepio/poc/runs/tcp-workload-matrix-v1/A02-baseline/build/oracle.o,
by_pc,2147494124,1,2,4,5,1,1,0,0,0,poc_oracle_record,/Users/swchen.tw/git/percepio/poc/runs/tcp-workload-matrix-v1/A02-baseline/build/oracle.o,
by_pc,2147494126,1,1,2,3,1,0,0,0,0,poc_oracle_record,/Users/swchen.tw/git/percepio/poc/runs/tcp-workload-matrix-v1/A02-baseline/build/oracle.o,
by_pc,2147494128,1,1,2,3,1,0,0,0,0,poc_oracle_record,/Users/swchen.tw/git/percepio/poc/runs/tcp-workload-matrix-v1/A02-baseline/build/oracle.o,
by_pc,2147493920,1,2,4,5,1,1,0,0,0,poc_mark,/Users/swchen.tw/git/percepio/poc/runs/tcp-workload-matrix-v1/A02-baseline/build/main.o,
by_pc,2147493922,1,1,2,3,1,0,0,0,0,poc_mark,/Users/swchen.tw/git/percepio/poc/runs/tcp-workload-matrix-v1/A02-baseline/build/main.o,
by_pc,2147493926,1,1,2,3,1,0,0,0,0,poc_mark,/Users/swchen.tw/git/percepio/poc/runs/tcp-workload-matrix-v1/A02-baseline/build/main.o,
by_pc,2147493930,1,1,2,3,1,0,0,0,0,poc_mark,/Users/swchen.tw/git/percepio/poc/runs/tcp-workload-matrix-v1/A02-baseline/build/main.o,
by_pc,2147493934,1,1,2,3,1,0,0,0,0,poc_mark,/Users/swchen.tw/git/percepio/poc/runs/tcp-workload-matrix-v1/A02-baseline/build/main.o,
by_pc,2147493938,1,1,2,3,1,0,0,0,0,poc_mark,/Users/swchen.tw/git/percepio/poc/runs/tcp-workload-matrix-v1/A02-baseline/build/main.o,
by_pc,2147493942,1,1,2,3,1,0,0,0,0,poc_mark,/Users/swchen.tw/git/percepio/poc/runs/tcp-workload-matrix-v1/A02-baseline/build/main.o,
by_pc,2147493944,1,1,2,3,1,0,0,0,0,poc_mark,/Users/swchen.tw/git/percepio/poc/runs/tcp-workload-matrix-v1/A02-baseline/build/main.o,
by_pc,2147520064,1,27,54,55,1,0,8,18,0,sniprintf,/Users/swchen.tw/git/percepio/poc/.tools/xpack-riscv-none-elf-gcc-15.2.0-1/bin/../lib/gcc/riscv-none-elf/15.2.0/../../../../riscv-none-elf/lib/libg_nano.a(libc_a-snprintf.o),
by_pc,2147520066,1,21,42,43,1,1,8,0,11,sniprintf,/Users/swchen.tw/git/percepio/poc/.tools/xpack-riscv-none-elf-gcc-15.2.0-1/bin/../lib/gcc/riscv-none-elf/15.2.0/../../../../riscv-none-elf/lib/libg_nano.a(libc_a-snprintf.o),
by_pc,2147520068,1,21,42,43,1,1,8,0,11,sniprintf,/Users/swchen.tw/git/percepio/poc/.tools/xpack-riscv-none-elf-gcc-15.2.0-1/bin/../lib/gcc/riscv-none-elf/15.2.0/../../../../riscv-none-elf/lib/libg_nano.a(libc_a-snprintf.o),
by_pc,2147520070,1,21,42,43,1,1,8,0,11,sniprintf,/Users/swchen.tw/git/percepio/poc/.tools/xpack-riscv-none-elf-gcc-15.2.0-1/bin/../lib/gcc/riscv-none-elf/15.2.0/../../../../riscv-none-elf/lib/libg_nano.a(libc_a-snprintf.o),
by_pc,2147520072,1,21,42,43,1,1,8,0,11,sniprintf,/Users/swchen.tw/git/percepio/poc/.tools/xpack-riscv-none-elf-gcc-15.2.0-1/bin/../lib/gcc/riscv-none-elf/15.2.0/../../../../riscv-none-elf/lib/libg_nano.a(libc_a-snprintf.o),
by_pc,2147520074,1,21,42,43,1,1,8,0,11,sniprintf,/Users/swchen.tw/git/percepio/poc/.tools/xpack-riscv-none-elf-gcc-15.2.0-1/bin/../lib/gcc/riscv-none-elf/15.2.0/../../../../riscv-none-elf/lib/libg_nano.a(libc_a-snprintf.o),
by_pc,2147520076,1,21,42,43,1,1,8,0,11,sniprintf,/Users/swchen.tw/git/percepio/poc/.tools/xpack-riscv-none-elf-gcc-15.2.0-1/bin/../lib/gcc/riscv-none-elf/15.2.0/../../../../riscv-none-elf/lib/libg_nano.a(libc_a-snprintf.o),
by_pc,2147520078,1,21,42,43,1,1,8,0,11,sniprintf,/Users/swchen.tw/git/percepio/poc/.tools/xpack-riscv-none-elf-gcc-15.2.0-1/bin/../lib/gcc/riscv-none-elf/15.2.0/../../../../riscv-none-elf/lib/libg_nano.a(libc_a-snprintf.o),
by_pc,2147520080,1,21,42,43,1,1,8,0,11,sniprintf,/Users/swchen.tw/git/percepio/poc/.tools/xpack-riscv-none-elf-gcc-15.2.0-1/bin/../lib/gcc/riscv-none-elf/15.2.0/../../../../riscv-none-elf/lib/libg_nano.a(libc_a-snprintf.o),
by_pc,2147520082,1,2,4,5,1,1,0,0,0,sniprintf,/Users/swchen.tw/git/percepio/poc/.tools/xpack-riscv-none-elf-gcc-15.2.0-1/bin/../lib/gcc/riscv-none-elf/15.2.0/../../../../riscv-none-elf/lib/libg_nano.a(libc_a-snprintf.o),
by_pc,2147520086,1,1,2,3,1,0,0,0,0,sniprintf,/Users/swchen.tw/git/percepio/poc/.tools/xpack-riscv-none-elf-gcc-15.2.0-1/bin/../lib/gcc/riscv-none-elf/15.2.0/../../../../riscv-none-elf/lib/libg_nano.a(libc_a-snprintf.o),
by_pc,2147520108,1,1,2,3,1,0,0,0,0,sniprintf,/Users/swchen.tw/git/percepio/poc/.tools/xpack-riscv-none-elf-gcc-15.2.0-1/bin/../lib/gcc/riscv-none-elf/15.2.0/../../../../riscv-none-elf/lib/libg_nano.a(libc_a-snprintf.o),
by_pc,2147520112,1,1,2,3,1,0,0,0,0,sniprintf,/Users/swchen.tw/git/percepio/poc/.tools/xpack-riscv-none-elf-gcc-15.2.0-1/bin/../lib/gcc/riscv-none-elf/15.2.0/../../../../riscv-none-elf/lib/libg_nano.a(libc_a-snprintf.o),
by_pc,2147520116,1,39,78,79,1,1,8,18,11,sniprintf,/Users/swchen.tw/git/percepio/poc/.tools/xpack-riscv-none-elf-gcc-15.2.0-1/bin/../lib/gcc/riscv-none-elf/15.2.0/../../../../riscv-none-elf/lib/libg_nano.a(libc_a-snprintf.o),
by_pc,2147520118,1,21,42,43,1,1,8,0,11,sniprintf,/Users/swchen.tw/git/percepio/poc/.tools/xpack-riscv-none-elf-gcc-15.2.0-1/bin/../lib/gcc/riscv-none-elf/15.2.0/../../../../riscv-none-elf/lib/libg_nano.a(libc_a-snprintf.o),
by_pc,2147520120,1,1,2,3,1,0,0,0,0,sniprintf,/Users/swchen.tw/git/percepio/poc/.tools/xpack-riscv-none-elf-gcc-15.2.0-1/bin/../lib/gcc/riscv-none-elf/15.2.0/../../../../riscv-none-elf/lib/libg_nano.a(libc_a-snprintf.o),
by_pc,2147520122,1,1,2,3,1,0,0,0,0,sniprintf,/Users/swchen.tw/git/percepio/poc/.tools/xpack-riscv-none-elf-gcc-15.2.0-1/bin/../lib/gcc/riscv-none-elf/15.2.0/../../../../riscv-none-elf/lib/libg_nano.a(libc_a-snprintf.o),
by_pc,2147520126,1,21,42,43,1,1,8,0,11,sniprintf,/Users/swchen.tw/git/percepio/poc/.tools/xpack-riscv-none-elf-gcc-15.2.0-1/bin/../lib/gcc/riscv-none-elf/15.2.0/../../../../riscv-none-elf/lib/libg_nano.a(libc_a-snprintf.o),
by_pc,2147520128,1,47,94,95,1,1,16,18,11,sniprintf,/Users/swchen.tw/git/percepio/poc/.tools/xpack-riscv-none-elf-gcc-15.2.0-1/bin/../lib/gcc/riscv-none-elf/15.2.0/../../../../riscv-none-elf/lib/libg_nano.a(libc_a-snprintf.o),
by_pc,2147520130,1,1,2,3,1,0,0,0,0,sniprintf,/Users/swchen.tw/git/percepio/poc/.tools/xpack-riscv-none-elf-gcc-15.2.0-1/bin/../lib/gcc/riscv-none-elf/15.2.0/../../../../riscv-none-elf/lib/libg_nano.a(libc_a-snprintf.o),
by_pc,2147520132,1,1,2,3,1,0,0,0,0,sniprintf,/Users/swchen.tw/git/percepio/poc/.tools/xpack-riscv-none-elf-gcc-15.2.0-1/bin/../lib/gcc/riscv-none-elf/15.2.0/../../../../riscv-none-elf/lib/libg_nano.a(libc_a-snprintf.o),
by_pc,2147520134,1,1,2,3,1,0,0,0,0,sniprintf,/Users/swchen.tw/git/percepio/poc/.tools/xpack-riscv-none-elf-gcc-15.2.0-1/bin/../lib/gcc/riscv-none-elf/15.2.0/../../../../riscv-none-elf/lib/libg_nano.a(libc_a-snprintf.o),
by_pc,2147520136,1,1,2,3,1,0,0,0,0,sniprintf,/Users/swchen.tw/git/percepio/poc/.tools/xpack-riscv-none-elf-gcc-15.2.0-1/bin/../lib/gcc/riscv-none-elf/15.2.0/../../../../riscv-none-elf/lib/libg_nano.a(libc_a-snprintf.o),
by_pc,2147520138,1,21,42,43,1,1,8,0,11,sniprintf,/Users/swchen.tw/git/percepio/poc/.tools/xpack-riscv-none-elf-gcc-15.2.0-1/bin/../lib/gcc/riscv-none-elf/15.2.0/../../../../riscv-none-elf/lib/libg_nano.a(libc_a-snprintf.o),
by_pc,2147520140,1,39,78,79,1,1,8,18,11,sniprintf,/Users/swchen.tw/git/percepio/poc/.tools/xpack-riscv-none-elf-gcc-15.2.0-1/bin/../lib/gcc/riscv-none-elf/15.2.0/../../../../riscv-none-elf/lib/libg_nano.a(libc_a-snprintf.o),
by_pc,2147520142,1,21,42,43,1,1,8,0,11,sniprintf,/Users/swchen.tw/git/percepio/poc/.tools/xpack-riscv-none-elf-gcc-15.2.0-1/bin/../lib/gcc/riscv-none-elf/15.2.0/../../../../riscv-none-elf/lib/libg_nano.a(libc_a-snprintf.o),
by_pc,2147520144,1,1,2,3,1,0,0,0,0,sniprintf,/Users/swchen.tw/git/percepio/poc/.tools/xpack-riscv-none-elf-gcc-15.2.0-1/bin/../lib/gcc/riscv-none-elf/15.2.0/../../../../riscv-none-elf/lib/libg_nano.a(libc_a-snprintf.o),
by_pc,2147520674,1,28,56,57,1,1,8,18,0,_svfiprintf_r,/Users/swchen.tw/git/percepio/poc/.tools/xpack-riscv-none-elf-gcc-15.2.0-1/bin/../lib/gcc/riscv-none-elf/15.2.0/../../../../riscv-none-elf/lib/libg_nano.a(libc_a-nano-svfprintf.o),
by_pc,2147520678,1,1,2,3,1,0,0,0,0,_svfiprintf_r,/Users/swchen.tw/git/percepio/poc/.tools/xpack-riscv-none-elf-gcc-15.2.0-1/bin/../lib/gcc/riscv-none-elf/15.2.0/../../../../riscv-none-elf/lib/libg_nano.a(libc_a-nano-svfprintf.o),
by_pc,2147520680,1,21,42,43,1,1,8,0,11,_svfiprintf_r,/Users/swchen.tw/git/percepio/poc/.tools/xpack-riscv-none-elf-gcc-15.2.0-1/bin/../lib/gcc/riscv-none-elf/15.2.0/../../../../riscv-none-elf/lib/libg_nano.a(libc_a-nano-svfprintf.o),
by_pc,2147520682,1,39,78,79,1,1,8,18,11,_svfiprintf_r,/Users/swchen.tw/git/percepio/poc/.tools/xpack-riscv-none-elf-gcc-15.2.0-1/bin/../lib/gcc/riscv-none-elf/15.2.0/../../../../riscv-none-elf/lib/libg_nano.a(libc_a-nano-svfprintf.o),
by_pc,2147520684,1,21,42,43,1,1,8,0,11,_svfiprintf_r,/Users/swchen.tw/git/percepio/poc/.tools/xpack-riscv-none-elf-gcc-15.2.0-1/bin/../lib/gcc/riscv-none-elf/15.2.0/../../../../riscv-none-elf/lib/libg_nano.a(libc_a-nano-svfprintf.o),
by_pc,2147520686,1,21,42,43,1,1,8,0,11,_svfiprintf_r,/Users/swchen.tw/git/percepio/poc/.tools/xpack-riscv-none-elf-gcc-15.2.0-1/bin/../lib/gcc/riscv-none-elf/15.2.0/../../../../riscv-none-elf/lib/libg_nano.a(libc_a-nano-svfprintf.o),
by_pc,2147520688,1,21,42,43,1,1,8,0,11,_svfiprintf_r,/Users/swchen.tw/git/percepio/poc/.tools/xpack-riscv-none-elf-gcc-15.2.0-1/bin/../lib/gcc/riscv-none-elf/15.2.0/../../../../riscv-none-elf/lib/libg_nano.a(libc_a-nano-svfprintf.o),
by_pc,2147520690,1,21,42,43,1,1,8,0,11,_svfiprintf_r,/Users/swchen.tw/git/percepio/poc/.tools/xpack-riscv-none-elf-gcc-15.2.0-1/bin/../lib/gcc/riscv-none-elf/15.2.0/../../../../riscv-none-elf/lib/libg_nano.a(libc_a-nano-svfprintf.o),
by_pc,2147520692,1,21,42,43,1,1,8,0,11,_svfiprintf_r,/Users/swchen.tw/git/percepio/poc/.tools/xpack-riscv-none-elf-gcc-15.2.0-1/bin/../lib/gcc/riscv-none-elf/15.2.0/../../../../riscv-none-elf/lib/libg_nano.a(libc_a-nano-svfprintf.o),
by_pc,2147520694,1,21,42,43,1,1,8,0,11,_svfiprintf_r,/Users/swchen.tw/git/percepio/poc/.tools/xpack-riscv-none-elf-gcc-15.2.0-1/bin/../lib/gcc/riscv-none-elf/15.2.0/../../../../riscv-none-elf/lib/libg_nano.a(libc_a-nano-svfprintf.o),
by_pc,2147520696,1,21,42,43,1,1,8,0,11,_svfiprintf_r,/Users/swchen.tw/git/percepio/poc/.tools/xpack-riscv-none-elf-gcc-15.2.0-1/bin/../lib/gcc/riscv-none-elf/15.2.0/../../../../riscv-none-elf/lib/libg_nano.a(libc_a-nano-svfprintf.o),
by_pc,2147520698,1,21,42,43,1,1,8,0,11,_svfiprintf_r,/Users/swchen.tw/git/percepio/poc/.tools/xpack-riscv-none-elf-gcc-15.2.0-1/bin/../lib/gcc/riscv-none-elf/15.2.0/../../../../riscv-none-elf/lib/libg_nano.a(libc_a-nano-svfprintf.o),
by_pc,2147520700,1,1,2,3,1,0,0,0,0,_svfiprintf_r,/Users/swchen.tw/git/percepio/poc/.tools/xpack-riscv-none-elf-gcc-15.2.0-1/bin/../lib/gcc/riscv-none-elf/15.2.0/../../../../riscv-none-elf/lib/libg_nano.a(libc_a-nano-svfprintf.o),
by_pc,2147520704,1,27,54,55,1,0,8,18,0,_svfiprintf_r,/Users/swchen.tw/git/percepio/poc/.tools/xpack-riscv-none-elf-gcc-15.2.0-1/bin/../lib/gcc/riscv-none-elf/15.2.0/../../../../riscv-none-elf/lib/libg_nano.a(libc_a-nano-svfprintf.o),
by_pc,2147520706,1,1,2,3,1,0,0,0,0,_svfiprintf_r,/Users/swchen.tw/git/percepio/poc/.tools/xpack-riscv-none-elf-gcc-15.2.0-1/bin/../lib/gcc/riscv-none-elf/15.2.0/../../../../riscv-none-elf/lib/libg_nano.a(libc_a-nano-svfprintf.o),
by_pc,2147520708,1,1,2,3,1,0,0,0,0,_svfiprintf_r,/Users/swchen.tw/git/percepio/poc/.tools/xpack-riscv-none-elf-gcc-15.2.0-1/bin/../lib/gcc/riscv-none-elf/15.2.0/../../../../riscv-none-elf/lib/libg_nano.a(libc_a-nano-svfprintf.o),
by_pc,2147520772,1,27,54,55,1,0,8,18,0,_svfiprintf_r,/Users/swchen.tw/git/percepio/poc/.tools/xpack-riscv-none-elf-gcc-15.2.0-1/bin/../lib/gcc/riscv-none-elf/15.2.0/../../../../riscv-none-elf/lib/libg_nano.a(libc_a-nano-svfprintf.o),
by_pc,2147520776,1,39,78,79,1,1,8,18,11,_svfiprintf_r,/Users/swchen.tw/git/percepio/poc/.tools/xpack-riscv-none-elf-gcc-15.2.0-1/bin/../lib/gcc/riscv-none-elf/15.2.0/../../../../riscv-none-elf/lib/libg_nano.a(libc_a-nano-svfprintf.o),
by_pc,2147520780,1,1,2,3,1,0,0,0,0,_svfiprintf_r,/Users/swchen.tw/git/percepio/poc/.tools/xpack-riscv-none-elf-gcc-15.2.0-1/bin/../lib/gcc/riscv-none-elf/15.2.0/../../../../riscv-none-elf/lib/libg_nano.a(libc_a-nano-svfprintf.o),
by_pc,2147520784,1,21,42,43,1,1,8,0,11,_svfiprintf_r,/Users/swchen.tw/git/percepio/poc/.tools/xpack-riscv-none-elf-gcc-15.2.0-1/bin/../lib/gcc/riscv-none-elf/15.2.0/../../../../riscv-none-elf/lib/libg_nano.a(libc_a-nano-svfprintf.o),
by_pc,2147520786,1,21,42,43,1,1,8,0,11,_svfiprintf_r,/Users/swchen.tw/git/percepio/poc/.tools/xpack-riscv-none-elf-gcc-15.2.0-1/bin/../lib/gcc/riscv-none-elf/15.2.0/../../../../riscv-none-elf/lib/libg_nano.a(libc_a-nano-svfprintf.o),
by_pc,2147520790,1,39,78,79,1,1,8,18,11,_svfiprintf_r,/Users/swchen.tw/git/percepio/poc/.tools/xpack-riscv-none-elf-gcc-15.2.0-1/bin/../lib/gcc/riscv-none-elf/15.2.0/../../../../riscv-none-elf/lib/libg_nano.a(libc_a-nano-svfprintf.o),
by_pc,2147520792,1,1,2,3,1,0,0,0,0,_svfiprintf_r,/Users/swchen.tw/git/percepio/poc/.tools/xpack-riscv-none-elf-gcc-15.2.0-1/bin/../lib/gcc/riscv-none-elf/15.2.0/../../../../riscv-none-elf/lib/libg_nano.a(libc_a-nano-svfprintf.o),
by_pc,2147520794,1,1,2,3,1,0,0,0,0,_svfiprintf_r,/Users/swchen.tw/git/percepio/poc/.tools/xpack-riscv-none-elf-gcc-15.2.0-1/bin/../lib/gcc/riscv-none-elf/15.2.0/../../../../riscv-none-elf/lib/libg_nano.a(libc_a-nano-svfprintf.o),
by_pc,2147520798,1,1,2,3,1,0,0,0,0,_svfiprintf_r,/Users/swchen.tw/git/percepio/poc/.tools/xpack-riscv-none-elf-gcc-15.2.0-1/bin/../lib/gcc/riscv-none-elf/15.2.0/../../../../riscv-none-elf/lib/libg_nano.a(libc_a-nano-svfprintf.o),
by_pc,2147520802,1,1,2,3,1,0,0,0,0,_svfiprintf_r,/Users/swchen.tw/git/percepio/poc/.tools/xpack-riscv-none-elf-gcc-15.2.0-1/bin/../lib/gcc/riscv-none-elf/15.2.0/../../../../riscv-none-elf/lib/libg_nano.a(libc_a-nano-svfprintf.o),
by_pc,2147520804,1,1,2,3,1,0,0,0,0,_svfiprintf_r,/Users/swchen.tw/git/percepio/poc/.tools/xpack-riscv-none-elf-gcc-15.2.0-1/bin/../lib/gcc/riscv-none-elf/15.2.0/../../../../riscv-none-elf/lib/libg_nano.a(libc_a-nano-svfprintf.o),
by_pc,2147520806,4,4,8,12,4,0,0,0,0,_svfiprintf_r,/Users/swchen.tw/git/percepio/poc/.tools/xpack-riscv-none-elf-gcc-15.2.0-1/bin/../lib/gcc/riscv-none-elf/15.2.0/../../../../riscv-none-elf/lib/libg_nano.a(libc_a-nano-svfprintf.o),
by_pc,2147520808,11,48,96,107,11,11,8,18,0,_svfiprintf_r,/Users/swchen.tw/git/percepio/poc/.tools/xpack-riscv-none-elf-gcc-15.2.0-1/bin/../lib/gcc/riscv-none-elf/15.2.0/../../../../riscv-none-elf/lib/libg_nano.a(libc_a-nano-svfprintf.o),
by_pc,2147520812,11,11,22,33,11,0,0,0,0,_svfiprintf_r,/Users/swchen.tw/git/percepio/poc/.tools/xpack-riscv-none-elf-gcc-15.2.0-1/bin/../lib/gcc/riscv-none-elf/15.2.0/../../../../riscv-none-elf/lib/libg_nano.a(libc_a-nano-svfprintf.o),
by_pc,2147520816,11,11,22,33,11,0,0,0,0,_svfiprintf_r,/Users/swchen.tw/git/percepio/poc/.tools/xpack-riscv-none-elf-gcc-15.2.0-1/bin/../lib/gcc/riscv-none-elf/15.2.0/../../../../riscv-none-elf/lib/libg_nano.a(libc_a-nano-svfprintf.o),
by_pc,2147520820,11,11,22,33,11,0,0,0,0,_svfiprintf_r,/Users/swchen.tw/git/percepio/poc/.tools/xpack-riscv-none-elf-gcc-15.2.0-1/bin/../lib/gcc/riscv-none-elf/15.2.0/../../../../riscv-none-elf/lib/libg_nano.a(libc_a-nano-svfprintf.o),
by_pc,2147520824,11,11,22,33,11,0,0,0,0,_svfiprintf_r,/Users/swchen.tw/git/percepio/poc/.tools/xpack-riscv-none-elf-gcc-15.2.0-1/bin/../lib/gcc/riscv-none-elf/15.2.0/../../../../riscv-none-elf/lib/libg_nano.a(libc_a-nano-svfprintf.o),
by_pc,2147520828,11,11,22,33,11,0,0,0,0,_svfiprintf_r,/Users/swchen.tw/git/percepio/poc/.tools/xpack-riscv-none-elf-gcc-15.2.0-1/bin/../lib/gcc/riscv-none-elf/15.2.0/../../../../riscv-none-elf/lib/libg_nano.a(libc_a-nano-svfprintf.o),
by_pc,2147520976,7,33,66,73,7,0,8,18,0,_svfiprintf_r,/Users/swchen.tw/git/percepio/poc/.tools/xpack-riscv-none-elf-gcc-15.2.0-1/bin/../lib/gcc/riscv-none-elf/15.2.0/../../../../riscv-none-elf/lib/libg_nano.a(libc_a-nano-svfprintf.o),
by_pc,2147520978,7,7,14,21,7,0,0,0,0,_svfiprintf_r,/Users/swchen.tw/git/percepio/poc/.tools/xpack-riscv-none-elf-gcc-15.2.0-1/bin/../lib/gcc/riscv-none-elf/15.2.0/../../../../riscv-none-elf/lib/libg_nano.a(libc_a-nano-svfprintf.o),
by_pc,2147520832,4,30,60,64,4,0,8,18,0,_svfiprintf_r,/Users/swchen.tw/git/percepio/poc/.tools/xpack-riscv-none-elf-gcc-15.2.0-1/bin/../lib/gcc/riscv-none-elf/15.2.0/../../../../riscv-none-elf/lib/libg_nano.a(libc_a-nano-svfprintf.o),
by_pc,2147520836,4,4,8,12,4,0,0,0,0,_svfiprintf_r,/Users/swchen.tw/git/percepio/poc/.tools/xpack-riscv-none-elf-gcc-15.2.0-1/bin/../lib/gcc/riscv-none-elf/15.2.0/../../../../riscv-none-elf/lib/libg_nano.a(libc_a-nano-svfprintf.o),
by_pc,2147520840,4,4,8,12,4,0,0,0,0,_svfiprintf_r,/Users/swchen.tw/git/percepio/poc/.tools/xpack-riscv-none-elf-gcc-15.2.0-1/bin/../lib/gcc/riscv-none-elf/15.2.0/../../../../riscv-none-elf/lib/libg_nano.a(libc_a-nano-svfprintf.o),
by_pc,2147520842,4,4,8,12,4,0,0,0,0,_svfiprintf_r,/Users/swchen.tw/git/percepio/poc/.tools/xpack-riscv-none-elf-gcc-15.2.0-1/bin/../lib/gcc/riscv-none-elf/15.2.0/../../../../riscv-none-elf/lib/libg_nano.a(libc_a-nano-svfprintf.o),
by_pc,2147520844,4,84,168,172,4,4,32,0,44,_svfiprintf_r,/Users/swchen.tw/git/percepio/poc/.tools/xpack-riscv-none-elf-gcc-15.2.0-1/bin/../lib/gcc/riscv-none-elf/15.2.0/../../../../riscv-none-elf/lib/libg_nano.a(libc_a-nano-svfprintf.o),
by_pc,2147520846,4,4,8,12,4,0,0,0,0,_svfiprintf_r,/Users/swchen.tw/git/percepio/poc/.tools/xpack-riscv-none-elf-gcc-15.2.0-1/bin/../lib/gcc/riscv-none-elf/15.2.0/../../../../riscv-none-elf/lib/libg_nano.a(libc_a-nano-svfprintf.o),
by_pc,2147520434,10,10,20,30,10,0,0,0,0,__ssputs_r,/Users/swchen.tw/git/percepio/poc/.tools/xpack-riscv-none-elf-gcc-15.2.0-1/bin/../lib/gcc/riscv-none-elf/15.2.0/../../../../riscv-none-elf/lib/libg_nano.a(libc_a-nano-svfprintf.o),
by_pc,2147520436,10,210,420,430,10,10,80,0,110,__ssputs_r,/Users/swchen.tw/git/percepio/poc/.tools/xpack-riscv-none-elf-gcc-15.2.0-1/bin/../lib/gcc/riscv-none-elf/15.2.0/../../../../riscv-none-elf/lib/libg_nano.a(libc_a-nano-svfprintf.o),
by_pc,2147520438,10,20,40,50,10,10,0,0,0,__ssputs_r,/Users/swchen.tw/git/percepio/poc/.tools/xpack-riscv-none-elf-gcc-15.2.0-1/bin/../lib/gcc/riscv-none-elf/15.2.0/../../../../riscv-none-elf/lib/libg_nano.a(libc_a-nano-svfprintf.o),
by_pc,2147520442,10,210,420,430,10,10,80,0,110,__ssputs_r,/Users/swchen.tw/git/percepio/poc/.tools/xpack-riscv-none-elf-gcc-15.2.0-1/bin/../lib/gcc/riscv-none-elf/15.2.0/../../../../riscv-none-elf/lib/libg_nano.a(libc_a-nano-svfprintf.o),
by_pc,2147520444,10,210,420,430,10,10,80,0,110,__ssputs_r,/Users/swchen.tw/git/percepio/poc/.tools/xpack-riscv-none-elf-gcc-15.2.0-1/bin/../lib/gcc/riscv-none-elf/15.2.0/../../../../riscv-none-elf/lib/libg_nano.a(libc_a-nano-svfprintf.o),
by_pc,2147520446,10,210,420,430,10,10,80,0,110,__ssputs_r,/Users/swchen.tw/git/percepio/poc/.tools/xpack-riscv-none-elf-gcc-15.2.0-1/bin/../lib/gcc/riscv-none-elf/15.2.0/../../../../riscv-none-elf/lib/libg_nano.a(libc_a-nano-svfprintf.o),
by_pc,2147520448,10,236,472,482,10,10,88,18,110,__ssputs_r,/Users/swchen.tw/git/percepio/poc/.tools/xpack-riscv-none-elf-gcc-15.2.0-1/bin/../lib/gcc/riscv-none-elf/15.2.0/../../../../riscv-none-elf/lib/libg_nano.a(libc_a-nano-svfprintf.o),
by_pc,2147520450,10,210,420,430,10,10,80,0,110,__ssputs_r,/Users/swchen.tw/git/percepio/poc/.tools/xpack-riscv-none-elf-gcc-15.2.0-1/bin/../lib/gcc/riscv-none-elf/15.2.0/../../../../riscv-none-elf/lib/libg_nano.a(libc_a-nano-svfprintf.o),
by_pc,2147520452,10,210,420,430,10,10,80,0,110,__ssputs_r,/Users/swchen.tw/git/percepio/poc/.tools/xpack-riscv-none-elf-gcc-15.2.0-1/bin/../lib/gcc/riscv-none-elf/15.2.0/../../../../riscv-none-elf/lib/libg_nano.a(libc_a-nano-svfprintf.o),
by_pc,2147520454,10,210,420,430,10,10,80,0,110,__ssputs_r,/Users/swchen.tw/git/percepio/poc/.tools/xpack-riscv-none-elf-gcc-15.2.0-1/bin/../lib/gcc/riscv-none-elf/15.2.0/../../../../riscv-none-elf/lib/libg_nano.a(libc_a-nano-svfprintf.o),
by_pc,2147520456,10,10,20,30,10,0,0,0,0,__ssputs_r,/Users/swchen.tw/git/percepio/poc/.tools/xpack-riscv-none-elf-gcc-15.2.0-1/bin/../lib/gcc/riscv-none-elf/15.2.0/../../../../riscv-none-elf/lib/libg_nano.a(libc_a-nano-svfprintf.o),
by_pc,2147520458,10,10,20,30,10,0,0,0,0,__ssputs_r,/Users/swchen.tw/git/percepio/poc/.tools/xpack-riscv-none-elf-gcc-15.2.0-1/bin/../lib/gcc/riscv-none-elf/15.2.0/../../../../riscv-none-elf/lib/libg_nano.a(libc_a-nano-svfprintf.o),
by_pc,2147520460,10,10,20,30,10,0,0,0,0,__ssputs_r,/Users/swchen.tw/git/percepio/poc/.tools/xpack-riscv-none-elf-gcc-15.2.0-1/bin/../lib/gcc/riscv-none-elf/15.2.0/../../../../riscv-none-elf/lib/libg_nano.a(libc_a-nano-svfprintf.o),
by_pc,2147520462,10,10,20,30,10,0,0,0,0,__ssputs_r,/Users/swchen.tw/git/percepio/poc/.tools/xpack-riscv-none-elf-gcc-15.2.0-1/bin/../lib/gcc/riscv-none-elf/15.2.0/../../../../riscv-none-elf/lib/libg_nano.a(libc_a-nano-svfprintf.o),
by_pc,2147520670,10,10,20,30,10,0,0,0,0,__ssputs_r,/Users/swchen.tw/git/percepio/poc/.tools/xpack-riscv-none-elf-gcc-15.2.0-1/bin/../lib/gcc/riscv-none-elf/15.2.0/../../../../riscv-none-elf/lib/libg_nano.a(libc_a-nano-svfprintf.o),
by_pc,2147520672,10,10,20,30,10,0,0,0,0,__ssputs_r,/Users/swchen.tw/git/percepio/poc/.tools/xpack-riscv-none-elf-gcc-15.2.0-1/bin/../lib/gcc/riscv-none-elf/15.2.0/../../../../riscv-none-elf/lib/libg_nano.a(libc_a-nano-svfprintf.o),
by_pc,2147520584,10,46,92,102,10,10,8,18,0,__ssputs_r,/Users/swchen.tw/git/percepio/poc/.tools/xpack-riscv-none-elf-gcc-15.2.0-1/bin/../lib/gcc/riscv-none-elf/15.2.0/../../../../riscv-none-elf/lib/libg_nano.a(libc_a-nano-svfprintf.o),
by_pc,2147520586,10,10,20,30,10,0,0,0,0,__ssputs_r,/Users/swchen.tw/git/percepio/poc/.tools/xpack-riscv-none-elf-gcc-15.2.0-1/bin/../lib/gcc/riscv-none-elf/15.2.0/../../../../riscv-none-elf/lib/libg_nano.a(libc_a-nano-svfprintf.o),
by_pc,2147520588,10,10,20,30,10,0,0,0,0,__ssputs_r,/Users/swchen.tw/git/percepio/poc/.tools/xpack-riscv-none-elf-gcc-15.2.0-1/bin/../lib/gcc/riscv-none-elf/15.2.0/../../../../riscv-none-elf/lib/libg_nano.a(libc_a-nano-svfprintf.o),
by_pc,2147520590,10,10,20,30,10,0,0,0,0,__ssputs_r,/Users/swchen.tw/git/percepio/poc/.tools/xpack-riscv-none-elf-gcc-15.2.0-1/bin/../lib/gcc/riscv-none-elf/15.2.0/../../../../riscv-none-elf/lib/libg_nano.a(libc_a-nano-svfprintf.o),
by_pc,2147520316,10,18,36,46,10,0,8,0,0,memmove,/Users/swchen.tw/git/percepio/poc/.tools/xpack-riscv-none-elf-gcc-15.2.0-1/bin/../lib/gcc/riscv-none-elf/15.2.0/../../../../riscv-none-elf/lib/libg_nano.a(libc_a-memmove.o),
by_pc,2147520318,7,7,14,21,7,0,0,0,0,memmove,/Users/swchen.tw/git/percepio/poc/.tools/xpack-riscv-none-elf-gcc-15.2.0-1/bin/../lib/gcc/riscv-none-elf/15.2.0/../../../../riscv-none-elf/lib/libg_nano.a(libc_a-memmove.o),
by_pc,2147520320,7,7,14,21,7,0,0,0,0,memmove,/Users/swchen.tw/git/percepio/poc/.tools/xpack-riscv-none-elf-gcc-15.2.0-1/bin/../lib/gcc/riscv-none-elf/15.2.0/../../../../riscv-none-elf/lib/libg_nano.a(libc_a-memmove.o),
by_pc,2147520322,7,7,14,21,7,0,0,0,0,memmove,/Users/swchen.tw/git/percepio/poc/.tools/xpack-riscv-none-elf-gcc-15.2.0-1/bin/../lib/gcc/riscv-none-elf/15.2.0/../../../../riscv-none-elf/lib/libg_nano.a(libc_a-memmove.o),
by_pc,2147520326,7,7,14,21,7,0,0,0,0,memmove,/Users/swchen.tw/git/percepio/poc/.tools/xpack-riscv-none-elf-gcc-15.2.0-1/bin/../lib/gcc/riscv-none-elf/15.2.0/../../../../riscv-none-elf/lib/libg_nano.a(libc_a-memmove.o),
by_pc,2147520328,7,7,14,21,7,0,0,0,0,memmove,/Users/swchen.tw/git/percepio/poc/.tools/xpack-riscv-none-elf-gcc-15.2.0-1/bin/../lib/gcc/riscv-none-elf/15.2.0/../../../../riscv-none-elf/lib/libg_nano.a(libc_a-memmove.o),
by_pc,2147520332,7,7,14,21,7,0,0,0,0,memmove,/Users/swchen.tw/git/percepio/poc/.tools/xpack-riscv-none-elf-gcc-15.2.0-1/bin/../lib/gcc/riscv-none-elf/15.2.0/../../../../riscv-none-elf/lib/libg_nano.a(libc_a-memmove.o),
by_pc,2147520334,7,7,14,21,7,0,0,0,0,memmove,/Users/swchen.tw/git/percepio/poc/.tools/xpack-riscv-none-elf-gcc-15.2.0-1/bin/../lib/gcc/riscv-none-elf/15.2.0/../../../../riscv-none-elf/lib/libg_nano.a(libc_a-memmove.o),
by_pc,2147520336,44,88,176,220,44,44,0,0,0,memmove,/Users/swchen.tw/git/percepio/poc/.tools/xpack-riscv-none-elf-gcc-15.2.0-1/bin/../lib/gcc/riscv-none-elf/15.2.0/../../../../riscv-none-elf/lib/libg_nano.a(libc_a-memmove.o),
by_pc,2147520340,44,924,1848,1892,44,44,352,0,484,memmove,/Users/swchen.tw/git/percepio/poc/.tools/xpack-riscv-none-elf-gcc-15.2.0-1/bin/../lib/gcc/riscv-none-elf/15.2.0/../../../../riscv-none-elf/lib/libg_nano.a(libc_a-memmove.o),
by_pc,2147520344,44,44,88,132,44,0,0,0,0,memmove,/Users/swchen.tw/git/percepio/poc/.tools/xpack-riscv-none-elf-gcc-15.2.0-1/bin/../lib/gcc/riscv-none-elf/15.2.0/../../../../riscv-none-elf/lib/libg_nano.a(libc_a-memmove.o),
by_pc,2147520346,44,44,88,132,44,0,0,0,0,memmove,/Users/swchen.tw/git/percepio/poc/.tools/xpack-riscv-none-elf-gcc-15.2.0-1/bin/../lib/gcc/riscv-none-elf/15.2.0/../../../../riscv-none-elf/lib/libg_nano.a(libc_a-memmove.o),
by_pc,2147520348,44,44,88,132,44,0,0,0,0,memmove,/Users/swchen.tw/git/percepio/poc/.tools/xpack-riscv-none-elf-gcc-15.2.0-1/bin/../lib/gcc/riscv-none-elf/15.2.0/../../../../riscv-none-elf/lib/libg_nano.a(libc_a-memmove.o),
by_pc,2147520350,44,44,88,132,44,0,0,0,0,memmove,/Users/swchen.tw/git/percepio/poc/.tools/xpack-riscv-none-elf-gcc-15.2.0-1/bin/../lib/gcc/riscv-none-elf/15.2.0/../../../../riscv-none-elf/lib/libg_nano.a(libc_a-memmove.o),
by_pc,2147520352,10,10,20,30,10,0,0,0,0,memmove,/Users/swchen.tw/git/percepio/poc/.tools/xpack-riscv-none-elf-gcc-15.2.0-1/bin/../lib/gcc/riscv-none-elf/15.2.0/../../../../riscv-none-elf/lib/libg_nano.a(libc_a-memmove.o),
by_pc,2147520594,10,20,40,50,10,10,0,0,0,__ssputs_r,/Users/swchen.tw/git/percepio/poc/.tools/xpack-riscv-none-elf-gcc-15.2.0-1/bin/../lib/gcc/riscv-none-elf/15.2.0/../../../../riscv-none-elf/lib/libg_nano.a(libc_a-nano-svfprintf.o),
by_pc,2147520596,10,10,20,30,10,0,0,0,0,__ssputs_r,/Users/swchen.tw/git/percepio/poc/.tools/xpack-riscv-none-elf-gcc-15.2.0-1/bin/../lib/gcc/riscv-none-elf/15.2.0/../../../../riscv-none-elf/lib/libg_nano.a(libc_a-nano-svfprintf.o),
by_pc,2147520598,10,10,20,30,10,0,0,0,0,__ssputs_r,/Users/swchen.tw/git/percepio/poc/.tools/xpack-riscv-none-elf-gcc-15.2.0-1/bin/../lib/gcc/riscv-none-elf/15.2.0/../../../../riscv-none-elf/lib/libg_nano.a(libc_a-nano-svfprintf.o),
by_pc,2147520602,10,210,420,430,10,10,80,0,110,__ssputs_r,/Users/swchen.tw/git/percepio/poc/.tools/xpack-riscv-none-elf-gcc-15.2.0-1/bin/../lib/gcc/riscv-none-elf/15.2.0/../../../../riscv-none-elf/lib/libg_nano.a(libc_a-nano-svfprintf.o),
by_pc,2147520604,10,20,40,50,10,10,0,0,0,__ssputs_r,/Users/swchen.tw/git/percepio/poc/.tools/xpack-riscv-none-elf-gcc-15.2.0-1/bin/../lib/gcc/riscv-none-elf/15.2.0/../../../../riscv-none-elf/lib/libg_nano.a(libc_a-nano-svfprintf.o),
by_pc,2147520606,10,10,20,30,10,0,0,0,0,__ssputs_r,/Users/swchen.tw/git/percepio/poc/.tools/xpack-riscv-none-elf-gcc-15.2.0-1/bin/../lib/gcc/riscv-none-elf/15.2.0/../../../../riscv-none-elf/lib/libg_nano.a(libc_a-nano-svfprintf.o),
by_pc,2147520608,10,210,420,430,10,10,80,0,110,__ssputs_r,/Users/swchen.tw/git/percepio/poc/.tools/xpack-riscv-none-elf-gcc-15.2.0-1/bin/../lib/gcc/riscv-none-elf/15.2.0/../../../../riscv-none-elf/lib/libg_nano.a(libc_a-nano-svfprintf.o),
by_pc,2147520610,10,20,40,50,10,10,0,0,0,__ssputs_r,/Users/swchen.tw/git/percepio/poc/.tools/xpack-riscv-none-elf-gcc-15.2.0-1/bin/../lib/gcc/riscv-none-elf/15.2.0/../../../../riscv-none-elf/lib/libg_nano.a(libc_a-nano-svfprintf.o),
by_pc,2147520612,10,20,40,50,10,10,0,0,0,__ssputs_r,/Users/swchen.tw/git/percepio/poc/.tools/xpack-riscv-none-elf-gcc-15.2.0-1/bin/../lib/gcc/riscv-none-elf/15.2.0/../../../../riscv-none-elf/lib/libg_nano.a(libc_a-nano-svfprintf.o),
by_pc,2147520614,10,20,40,50,10,10,0,0,0,__ssputs_r,/Users/swchen.tw/git/percepio/poc/.tools/xpack-riscv-none-elf-gcc-15.2.0-1/bin/../lib/gcc/riscv-none-elf/15.2.0/../../../../riscv-none-elf/lib/libg_nano.a(libc_a-nano-svfprintf.o),
by_pc,2147520616,10,20,40,50,10,10,0,0,0,__ssputs_r,/Users/swchen.tw/git/percepio/poc/.tools/xpack-riscv-none-elf-gcc-15.2.0-1/bin/../lib/gcc/riscv-none-elf/15.2.0/../../../../riscv-none-elf/lib/libg_nano.a(libc_a-nano-svfprintf.o),
by_pc,2147520618,10,20,40,50,10,10,0,0,0,__ssputs_r,/Users/swchen.tw/git/percepio/poc/.tools/xpack-riscv-none-elf-gcc-15.2.0-1/bin/../lib/gcc/riscv-none-elf/15.2.0/../../../../riscv-none-elf/lib/libg_nano.a(libc_a-nano-svfprintf.o),
by_pc,2147520620,10,20,40,50,10,10,0,0,0,__ssputs_r,/Users/swchen.tw/git/percepio/poc/.tools/xpack-riscv-none-elf-gcc-15.2.0-1/bin/../lib/gcc/riscv-none-elf/15.2.0/../../../../riscv-none-elf/lib/libg_nano.a(libc_a-nano-svfprintf.o),
by_pc,2147520622,10,20,40,50,10,10,0,0,0,__ssputs_r,/Users/swchen.tw/git/percepio/poc/.tools/xpack-riscv-none-elf-gcc-15.2.0-1/bin/../lib/gcc/riscv-none-elf/15.2.0/../../../../riscv-none-elf/lib/libg_nano.a(libc_a-nano-svfprintf.o),
by_pc,2147520624,10,20,40,50,10,10,0,0,0,__ssputs_r,/Users/swchen.tw/git/percepio/poc/.tools/xpack-riscv-none-elf-gcc-15.2.0-1/bin/../lib/gcc/riscv-none-elf/15.2.0/../../../../riscv-none-elf/lib/libg_nano.a(libc_a-nano-svfprintf.o),
by_pc,2147520626,10,10,20,30,10,0,0,0,0,__ssputs_r,/Users/swchen.tw/git/percepio/poc/.tools/xpack-riscv-none-elf-gcc-15.2.0-1/bin/../lib/gcc/riscv-none-elf/15.2.0/../../../../riscv-none-elf/lib/libg_nano.a(libc_a-nano-svfprintf.o),
by_pc,2147520628,10,10,20,30,10,0,0,0,0,__ssputs_r,/Users/swchen.tw/git/percepio/poc/.tools/xpack-riscv-none-elf-gcc-15.2.0-1/bin/../lib/gcc/riscv-none-elf/15.2.0/../../../../riscv-none-elf/lib/libg_nano.a(libc_a-nano-svfprintf.o),
by_pc,2147520850,4,4,8,12,4,0,0,0,0,_svfiprintf_r,/Users/swchen.tw/git/percepio/poc/.tools/xpack-riscv-none-elf-gcc-15.2.0-1/bin/../lib/gcc/riscv-none-elf/15.2.0/../../../../riscv-none-elf/lib/libg_nano.a(libc_a-nano-svfprintf.o),
by_pc,2147520854,4,8,16,20,4,4,0,0,0,_svfiprintf_r,/Users/swchen.tw/git/percepio/poc/.tools/xpack-riscv-none-elf-gcc-15.2.0-1/bin/../lib/gcc/riscv-none-elf/15.2.0/../../../../riscv-none-elf/lib/libg_nano.a(libc_a-nano-svfprintf.o),
by_pc,2147520856,4,8,16,20,4,4,0,0,0,_svfiprintf_r,/Users/swchen.tw/git/percepio/poc/.tools/xpack-riscv-none-elf-gcc-15.2.0-1/bin/../lib/gcc/riscv-none-elf/15.2.0/../../../../riscv-none-elf/lib/libg_nano.a(libc_a-nano-svfprintf.o),
by_pc,2147520858,4,4,8,12,4,0,0,0,0,_svfiprintf_r,/Users/swchen.tw/git/percepio/poc/.tools/xpack-riscv-none-elf-gcc-15.2.0-1/bin/../lib/gcc/riscv-none-elf/15.2.0/../../../../riscv-none-elf/lib/libg_nano.a(libc_a-nano-svfprintf.o),
by_pc,2147520860,4,84,168,172,4,4,32,0,44,_svfiprintf_r,/Users/swchen.tw/git/percepio/poc/.tools/xpack-riscv-none-elf-gcc-15.2.0-1/bin/../lib/gcc/riscv-none-elf/15.2.0/../../../../riscv-none-elf/lib/libg_nano.a(libc_a-nano-svfprintf.o),
by_pc,2147520862,4,8,16,20,4,4,0,0,0,_svfiprintf_r,/Users/swchen.tw/git/percepio/poc/.tools/xpack-riscv-none-elf-gcc-15.2.0-1/bin/../lib/gcc/riscv-none-elf/15.2.0/../../../../riscv-none-elf/lib/libg_nano.a(libc_a-nano-svfprintf.o),
by_pc,2147520866,4,4,8,12,4,0,0,0,0,_svfiprintf_r,/Users/swchen.tw/git/percepio/poc/.tools/xpack-riscv-none-elf-gcc-15.2.0-1/bin/../lib/gcc/riscv-none-elf/15.2.0/../../../../riscv-none-elf/lib/libg_nano.a(libc_a-nano-svfprintf.o),
by_pc,2147520870,3,3,6,9,3,0,0,0,0,_svfiprintf_r,/Users/swchen.tw/git/percepio/poc/.tools/xpack-riscv-none-elf-gcc-15.2.0-1/bin/../lib/gcc/riscv-none-elf/15.2.0/../../../../riscv-none-elf/lib/libg_nano.a(libc_a-nano-svfprintf.o),
by_pc,2147520872,3,63,126,129,3,3,24,0,33,_svfiprintf_r,/Users/swchen.tw/git/percepio/poc/.tools/xpack-riscv-none-elf-gcc-15.2.0-1/bin/../lib/gcc/riscv-none-elf/15.2.0/../../../../riscv-none-elf/lib/libg_nano.a(libc_a-nano-svfprintf.o),
by_pc,2147520874,3,63,126,129,3,3,24,0,33,_svfiprintf_r,/Users/swchen.tw/git/percepio/poc/.tools/xpack-riscv-none-elf-gcc-15.2.0-1/bin/../lib/gcc/riscv-none-elf/15.2.0/../../../../riscv-none-elf/lib/libg_nano.a(libc_a-nano-svfprintf.o),
by_pc,2147520876,3,63,126,129,3,3,24,0,33,_svfiprintf_r,/Users/swchen.tw/git/percepio/poc/.tools/xpack-riscv-none-elf-gcc-15.2.0-1/bin/../lib/gcc/riscv-none-elf/15.2.0/../../../../riscv-none-elf/lib/libg_nano.a(libc_a-nano-svfprintf.o),
by_pc,2147520878,3,63,126,129,3,3,24,0,33,_svfiprintf_r,/Users/swchen.tw/git/percepio/poc/.tools/xpack-riscv-none-elf-gcc-15.2.0-1/bin/../lib/gcc/riscv-none-elf/15.2.0/../../../../riscv-none-elf/lib/libg_nano.a(libc_a-nano-svfprintf.o),
by_pc,2147520880,3,63,126,129,3,3,24,0,33,_svfiprintf_r,/Users/swchen.tw/git/percepio/poc/.tools/xpack-riscv-none-elf-gcc-15.2.0-1/bin/../lib/gcc/riscv-none-elf/15.2.0/../../../../riscv-none-elf/lib/libg_nano.a(libc_a-nano-svfprintf.o),
by_pc,2147520884,3,63,126,129,3,3,24,0,33,_svfiprintf_r,/Users/swchen.tw/git/percepio/poc/.tools/xpack-riscv-none-elf-gcc-15.2.0-1/bin/../lib/gcc/riscv-none-elf/15.2.0/../../../../riscv-none-elf/lib/libg_nano.a(libc_a-nano-svfprintf.o),
by_pc,2147520886,3,6,12,15,3,3,0,0,0,_svfiprintf_r,/Users/swchen.tw/git/percepio/poc/.tools/xpack-riscv-none-elf-gcc-15.2.0-1/bin/../lib/gcc/riscv-none-elf/15.2.0/../../../../riscv-none-elf/lib/libg_nano.a(libc_a-nano-svfprintf.o),
by_pc,2147520890,3,3,6,9,3,0,0,0,0,_svfiprintf_r,/Users/swchen.tw/git/percepio/poc/.tools/xpack-riscv-none-elf-gcc-15.2.0-1/bin/../lib/gcc/riscv-none-elf/15.2.0/../../../../riscv-none-elf/lib/libg_nano.a(libc_a-nano-svfprintf.o),
by_pc,2147520892,3,3,6,9,3,0,0,0,0,_svfiprintf_r,/Users/swchen.tw/git/percepio/poc/.tools/xpack-riscv-none-elf-gcc-15.2.0-1/bin/../lib/gcc/riscv-none-elf/15.2.0/../../../../riscv-none-elf/lib/libg_nano.a(libc_a-nano-svfprintf.o),
by_pc,2147520896,3,29,58,61,3,0,8,18,0,_svfiprintf_r,/Users/swchen.tw/git/percepio/poc/.tools/xpack-riscv-none-elf-gcc-15.2.0-1/bin/../lib/gcc/riscv-none-elf/15.2.0/../../../../riscv-none-elf/lib/libg_nano.a(libc_a-nano-svfprintf.o),
by_pc,2147520900,3,3,6,9,3,0,0,0,0,_svfiprintf_r,/Users/swchen.tw/git/percepio/poc/.tools/xpack-riscv-none-elf-gcc-15.2.0-1/bin/../lib/gcc/riscv-none-elf/15.2.0/../../../../riscv-none-elf/lib/libg_nano.a(libc_a-nano-svfprintf.o),
by_pc,2147522666,11,37,74,85,11,0,8,18,0,memchr,/Users/swchen.tw/git/percepio/poc/.tools/xpack-riscv-none-elf-gcc-15.2.0-1/bin/../lib/gcc/riscv-none-elf/15.2.0/../../../../riscv-none-elf/lib/libg_nano.a(libc_a-memchr.o),
by_pc,2147522670,11,11,22,33,11,0,0,0,0,memchr,/Users/swchen.tw/git/percepio/poc/.tools/xpack-riscv-none-elf-gcc-15.2.0-1/bin/../lib/gcc/riscv-none-elf/15.2.0/../../../../riscv-none-elf/lib/libg_nano.a(libc_a-memchr.o),
by_pc,2147522672,89,89,178,267,89,0,0,0,0,memchr,/Users/swchen.tw/git/percepio/poc/.tools/xpack-riscv-none-elf-gcc-15.2.0-1/bin/../lib/gcc/riscv-none-elf/15.2.0/../../../../riscv-none-elf/lib/libg_nano.a(libc_a-memchr.o),
by_pc,2147522680,80,212,424,504,80,80,16,36,0,memchr,/Users/swchen.tw/git/percepio/poc/.tools/xpack-riscv-none-elf-gcc-15.2.0-1/bin/../lib/gcc/riscv-none-elf/15.2.0/../../../../riscv-none-elf/lib/libg_nano.a(libc_a-memchr.o),
by_pc,2147522684,80,80,160,240,80,0,0,0,0,memchr,/Users/swchen.tw/git/percepio/poc/.tools/xpack-riscv-none-elf-gcc-15.2.0-1/bin/../lib/gcc/riscv-none-elf/15.2.0/../../../../riscv-none-elf/lib/libg_nano.a(libc_a-memchr.o),
by_pc,2147522688,78,104,208,286,78,0,8,18,0,memchr,/Users/swchen.tw/git/percepio/poc/.tools/xpack-riscv-none-elf-gcc-15.2.0-1/bin/../lib/gcc/riscv-none-elf/15.2.0/../../../../riscv-none-elf/lib/libg_nano.a(libc_a-memchr.o),
by_pc,2147522690,78,78,156,234,78,0,0,0,0,memchr,/Users/swchen.tw/git/percepio/poc/.tools/xpack-riscv-none-elf-gcc-15.2.0-1/bin/../lib/gcc/riscv-none-elf/15.2.0/../../../../riscv-none-elf/lib/libg_nano.a(libc_a-memchr.o),
by_pc,2147522676,9,9,18,27,9,0,0,0,0,memchr,/Users/swchen.tw/git/percepio/poc/.tools/xpack-riscv-none-elf-gcc-15.2.0-1/bin/../lib/gcc/riscv-none-elf/15.2.0/../../../../riscv-none-elf/lib/libg_nano.a(libc_a-memchr.o),
by_pc,2147522678,11,11,22,33,11,0,0,0,0,memchr,/Users/swchen.tw/git/percepio/poc/.tools/xpack-riscv-none-elf-gcc-15.2.0-1/bin/../lib/gcc/riscv-none-elf/15.2.0/../../../../riscv-none-elf/lib/libg_nano.a(libc_a-memchr.o),
by_pc,2147520904,3,6,12,15,3,3,0,0,0,_svfiprintf_r,/Users/swchen.tw/git/percepio/poc/.tools/xpack-riscv-none-elf-gcc-15.2.0-1/bin/../lib/gcc/riscv-none-elf/15.2.0/../../../../riscv-none-elf/lib/libg_nano.a(libc_a-nano-svfprintf.o),
by_pc,2147520906,3,3,6,9,3,0,0,0,0,_svfiprintf_r,/Users/swchen.tw/git/percepio/poc/.tools/xpack-riscv-none-elf-gcc-15.2.0-1/bin/../lib/gcc/riscv-none-elf/15.2.0/../../../../riscv-none-elf/lib/libg_nano.a(libc_a-nano-svfprintf.o),
by_pc,2147520910,3,3,6,9,3,0,0,0,0,_svfiprintf_r,/Users/swchen.tw/git/percepio/poc/.tools/xpack-riscv-none-elf-gcc-15.2.0-1/bin/../lib/gcc/riscv-none-elf/15.2.0/../../../../riscv-none-elf/lib/libg_nano.a(libc_a-nano-svfprintf.o),
by_pc,2147520912,3,3,6,9,3,0,0,0,0,_svfiprintf_r,/Users/swchen.tw/git/percepio/poc/.tools/xpack-riscv-none-elf-gcc-15.2.0-1/bin/../lib/gcc/riscv-none-elf/15.2.0/../../../../riscv-none-elf/lib/libg_nano.a(libc_a-nano-svfprintf.o),
by_pc,2147520916,3,3,6,9,3,0,0,0,0,_svfiprintf_r,/Users/swchen.tw/git/percepio/poc/.tools/xpack-riscv-none-elf-gcc-15.2.0-1/bin/../lib/gcc/riscv-none-elf/15.2.0/../../../../riscv-none-elf/lib/libg_nano.a(libc_a-nano-svfprintf.o),
by_pc,2147520926,3,3,6,9,3,0,0,0,0,_svfiprintf_r,/Users/swchen.tw/git/percepio/poc/.tools/xpack-riscv-none-elf-gcc-15.2.0-1/bin/../lib/gcc/riscv-none-elf/15.2.0/../../../../riscv-none-elf/lib/libg_nano.a(libc_a-nano-svfprintf.o),
by_pc,2147520930,3,3,6,9,3,0,0,0,0,_svfiprintf_r,/Users/swchen.tw/git/percepio/poc/.tools/xpack-riscv-none-elf-gcc-15.2.0-1/bin/../lib/gcc/riscv-none-elf/15.2.0/../../../../riscv-none-elf/lib/libg_nano.a(libc_a-nano-svfprintf.o),
by_pc,2147520940,3,6,12,15,3,3,0,0,0,_svfiprintf_r,/Users/swchen.tw/git/percepio/poc/.tools/xpack-riscv-none-elf-gcc-15.2.0-1/bin/../lib/gcc/riscv-none-elf/15.2.0/../../../../riscv-none-elf/lib/libg_nano.a(libc_a-nano-svfprintf.o),
by_pc,2147520944,3,3,6,9,3,0,0,0,0,_svfiprintf_r,/Users/swchen.tw/git/percepio/poc/.tools/xpack-riscv-none-elf-gcc-15.2.0-1/bin/../lib/gcc/riscv-none-elf/15.2.0/../../../../riscv-none-elf/lib/libg_nano.a(libc_a-nano-svfprintf.o),
by_pc,2147520948,3,3,6,9,3,0,0,0,0,_svfiprintf_r,/Users/swchen.tw/git/percepio/poc/.tools/xpack-riscv-none-elf-gcc-15.2.0-1/bin/../lib/gcc/riscv-none-elf/15.2.0/../../../../riscv-none-elf/lib/libg_nano.a(libc_a-nano-svfprintf.o),
by_pc,2147520952,3,6,12,15,3,3,0,0,0,_svfiprintf_r,/Users/swchen.tw/git/percepio/poc/.tools/xpack-riscv-none-elf-gcc-15.2.0-1/bin/../lib/gcc/riscv-none-elf/15.2.0/../../../../riscv-none-elf/lib/libg_nano.a(libc_a-nano-svfprintf.o),
by_pc,2147520954,3,3,6,9,3,0,0,0,0,_svfiprintf_r,/Users/swchen.tw/git/percepio/poc/.tools/xpack-riscv-none-elf-gcc-15.2.0-1/bin/../lib/gcc/riscv-none-elf/15.2.0/../../../../riscv-none-elf/lib/libg_nano.a(libc_a-nano-svfprintf.o),
by_pc,2147520956,3,3,6,9,3,0,0,0,0,_svfiprintf_r,/Users/swchen.tw/git/percepio/poc/.tools/xpack-riscv-none-elf-gcc-15.2.0-1/bin/../lib/gcc/riscv-none-elf/15.2.0/../../../../riscv-none-elf/lib/libg_nano.a(libc_a-nano-svfprintf.o),
by_pc,2147520958,3,9,18,21,6,3,0,0,0,_svfiprintf_r,/Users/swchen.tw/git/percepio/poc/.tools/xpack-riscv-none-elf-gcc-15.2.0-1/bin/../lib/gcc/riscv-none-elf/15.2.0/../../../../riscv-none-elf/lib/libg_nano.a(libc_a-nano-svfprintf.o),
by_pc,2147520962,3,3,6,9,3,0,0,0,0,_svfiprintf_r,/Users/swchen.tw/git/percepio/poc/.tools/xpack-riscv-none-elf-gcc-15.2.0-1/bin/../lib/gcc/riscv-none-elf/15.2.0/../../../../riscv-none-elf/lib/libg_nano.a(libc_a-nano-svfprintf.o),
by_pc,2147520966,3,3,6,9,3,0,0,0,0,_svfiprintf_r,/Users/swchen.tw/git/percepio/poc/.tools/xpack-riscv-none-elf-gcc-15.2.0-1/bin/../lib/gcc/riscv-none-elf/15.2.0/../../../../riscv-none-elf/lib/libg_nano.a(libc_a-nano-svfprintf.o),
by_pc,2147520970,3,3,6,9,3,0,0,0,0,_svfiprintf_r,/Users/swchen.tw/git/percepio/poc/.tools/xpack-riscv-none-elf-gcc-15.2.0-1/bin/../lib/gcc/riscv-none-elf/15.2.0/../../../../riscv-none-elf/lib/libg_nano.a(libc_a-nano-svfprintf.o),
by_pc,2147521014,3,6,12,15,3,3,0,0,0,_svfiprintf_r,/Users/swchen.tw/git/percepio/poc/.tools/xpack-riscv-none-elf-gcc-15.2.0-1/bin/../lib/gcc/riscv-none-elf/15.2.0/../../../../riscv-none-elf/lib/libg_nano.a(libc_a-nano-svfprintf.o),
by_pc,2147521018,3,3,6,9,3,0,0,0,0,_svfiprintf_r,/Users/swchen.tw/git/percepio/poc/.tools/xpack-riscv-none-elf-gcc-15.2.0-1/bin/../lib/gcc/riscv-none-elf/15.2.0/../../../../riscv-none-elf/lib/libg_nano.a(libc_a-nano-svfprintf.o),
by_pc,2147521022,3,32,64,67,6,0,8,18,0,_svfiprintf_r,/Users/swchen.tw/git/percepio/poc/.tools/xpack-riscv-none-elf-gcc-15.2.0-1/bin/../lib/gcc/riscv-none-elf/15.2.0/../../../../riscv-none-elf/lib/libg_nano.a(libc_a-nano-svfprintf.o),
by_pc,2147521110,3,32,64,67,3,3,8,18,0,_svfiprintf_r,/Users/swchen.tw/git/percepio/poc/.tools/xpack-riscv-none-elf-gcc-15.2.0-1/bin/../lib/gcc/riscv-none-elf/15.2.0/../../../../riscv-none-elf/lib/libg_nano.a(libc_a-nano-svfprintf.o),
by_pc,2147521114,3,3,6,9,3,0,0,0,0,_svfiprintf_r,/Users/swchen.tw/git/percepio/poc/.tools/xpack-riscv-none-elf-gcc-15.2.0-1/bin/../lib/gcc/riscv-none-elf/15.2.0/../../../../riscv-none-elf/lib/libg_nano.a(libc_a-nano-svfprintf.o),
by_pc,2147521116,3,3,6,9,3,0,0,0,0,_svfiprintf_r,/Users/swchen.tw/git/percepio/poc/.tools/xpack-riscv-none-elf-gcc-15.2.0-1/bin/../lib/gcc/riscv-none-elf/15.2.0/../../../../riscv-none-elf/lib/libg_nano.a(libc_a-nano-svfprintf.o),
by_pc,2147521120,3,3,6,9,3,0,0,0,0,_svfiprintf_r,/Users/swchen.tw/git/percepio/poc/.tools/xpack-riscv-none-elf-gcc-15.2.0-1/bin/../lib/gcc/riscv-none-elf/15.2.0/../../../../riscv-none-elf/lib/libg_nano.a(libc_a-nano-svfprintf.o),
by_pc,2147521124,3,3,6,9,3,0,0,0,0,_svfiprintf_r,/Users/swchen.tw/git/percepio/poc/.tools/xpack-riscv-none-elf-gcc-15.2.0-1/bin/../lib/gcc/riscv-none-elf/15.2.0/../../../../riscv-none-elf/lib/libg_nano.a(libc_a-nano-svfprintf.o),
by_pc,2147521126,3,3,6,9,3,0,0,0,0,_svfiprintf_r,/Users/swchen.tw/git/percepio/poc/.tools/xpack-riscv-none-elf-gcc-15.2.0-1/bin/../lib/gcc/riscv-none-elf/15.2.0/../../../../riscv-none-elf/lib/libg_nano.a(libc_a-nano-svfprintf.o),
by_pc,2147521154,3,32,64,67,3,3,8,18,0,_svfiprintf_r,/Users/swchen.tw/git/percepio/poc/.tools/xpack-riscv-none-elf-gcc-15.2.0-1/bin/../lib/gcc/riscv-none-elf/15.2.0/../../../../riscv-none-elf/lib/libg_nano.a(libc_a-nano-svfprintf.o),
by_pc,2147521158,3,3,6,9,3,0,0,0,0,_svfiprintf_r,/Users/swchen.tw/git/percepio/poc/.tools/xpack-riscv-none-elf-gcc-15.2.0-1/bin/../lib/gcc/riscv-none-elf/15.2.0/../../../../riscv-none-elf/lib/libg_nano.a(libc_a-nano-svfprintf.o),
by_pc,2147521160,3,3,6,9,3,0,0,0,0,_svfiprintf_r,/Users/swchen.tw/git/percepio/poc/.tools/xpack-riscv-none-elf-gcc-15.2.0-1/bin/../lib/gcc/riscv-none-elf/15.2.0/../../../../riscv-none-elf/lib/libg_nano.a(libc_a-nano-svfprintf.o),
by_pc,2147521164,3,3,6,9,3,0,0,0,0,_svfiprintf_r,/Users/swchen.tw/git/percepio/poc/.tools/xpack-riscv-none-elf-gcc-15.2.0-1/bin/../lib/gcc/riscv-none-elf/15.2.0/../../../../riscv-none-elf/lib/libg_nano.a(libc_a-nano-svfprintf.o),
by_pc,2147521168,3,63,126,129,3,3,24,0,33,_svfiprintf_r,/Users/swchen.tw/git/percepio/poc/.tools/xpack-riscv-none-elf-gcc-15.2.0-1/bin/../lib/gcc/riscv-none-elf/15.2.0/../../../../riscv-none-elf/lib/libg_nano.a(libc_a-nano-svfprintf.o),
by_pc,2147521172,3,3,6,9,3,0,0,0,0,_svfiprintf_r,/Users/swchen.tw/git/percepio/poc/.tools/xpack-riscv-none-elf-gcc-15.2.0-1/bin/../lib/gcc/riscv-none-elf/15.2.0/../../../../riscv-none-elf/lib/libg_nano.a(libc_a-nano-svfprintf.o),
by_pc,2147521174,3,3,6,9,3,0,0,0,0,_svfiprintf_r,/Users/swchen.tw/git/percepio/poc/.tools/xpack-riscv-none-elf-gcc-15.2.0-1/bin/../lib/gcc/riscv-none-elf/15.2.0/../../../../riscv-none-elf/lib/libg_nano.a(libc_a-nano-svfprintf.o),
by_pc,2147521274,3,29,58,61,3,0,8,18,0,_svfiprintf_r,/Users/swchen.tw/git/percepio/poc/.tools/xpack-riscv-none-elf-gcc-15.2.0-1/bin/../lib/gcc/riscv-none-elf/15.2.0/../../../../riscv-none-elf/lib/libg_nano.a(libc_a-nano-svfprintf.o),
by_pc,2147521276,3,3,6,9,3,0,0,0,0,_svfiprintf_r,/Users/swchen.tw/git/percepio/poc/.tools/xpack-riscv-none-elf-gcc-15.2.0-1/bin/../lib/gcc/riscv-none-elf/15.2.0/../../../../riscv-none-elf/lib/libg_nano.a(libc_a-nano-svfprintf.o),
by_pc,2147521280,3,29,58,61,3,0,8,18,0,_svfiprintf_r,/Users/swchen.tw/git/percepio/poc/.tools/xpack-riscv-none-elf-gcc-15.2.0-1/bin/../lib/gcc/riscv-none-elf/15.2.0/../../../../riscv-none-elf/lib/libg_nano.a(libc_a-nano-svfprintf.o),
by_pc,2147521284,3,3,6,9,3,0,0,0,0,_svfiprintf_r,/Users/swchen.tw/git/percepio/poc/.tools/xpack-riscv-none-elf-gcc-15.2.0-1/bin/../lib/gcc/riscv-none-elf/15.2.0/../../../../riscv-none-elf/lib/libg_nano.a(libc_a-nano-svfprintf.o),
by_pc,2147521286,3,3,6,9,3,0,0,0,0,_svfiprintf_r,/Users/swchen.tw/git/percepio/poc/.tools/xpack-riscv-none-elf-gcc-15.2.0-1/bin/../lib/gcc/riscv-none-elf/15.2.0/../../../../riscv-none-elf/lib/libg_nano.a(libc_a-nano-svfprintf.o),
by_pc,2147521288,3,3,6,9,3,0,0,0,0,_svfiprintf_r,/Users/swchen.tw/git/percepio/poc/.tools/xpack-riscv-none-elf-gcc-15.2.0-1/bin/../lib/gcc/riscv-none-elf/15.2.0/../../../../riscv-none-elf/lib/libg_nano.a(libc_a-nano-svfprintf.o),
by_pc,2147521290,3,3,6,9,3,0,0,0,0,_svfiprintf_r,/Users/swchen.tw/git/percepio/poc/.tools/xpack-riscv-none-elf-gcc-15.2.0-1/bin/../lib/gcc/riscv-none-elf/15.2.0/../../../../riscv-none-elf/lib/libg_nano.a(libc_a-nano-svfprintf.o),
by_pc,2147521930,3,29,58,61,3,0,8,18,0,_printf_i,/Users/swchen.tw/git/percepio/poc/.tools/xpack-riscv-none-elf-gcc-15.2.0-1/bin/../lib/gcc/riscv-none-elf/15.2.0/../../../../riscv-none-elf/lib/libg_nano.a(libc_a-nano-vfprintf_i.o),
by_pc,2147521932,3,63,126,129,3,3,24,0,33,_printf_i,/Users/swchen.tw/git/percepio/poc/.tools/xpack-riscv-none-elf-gcc-15.2.0-1/bin/../lib/gcc/riscv-none-elf/15.2.0/../../../../riscv-none-elf/lib/libg_nano.a(libc_a-nano-vfprintf_i.o),
by_pc,2147521934,3,63,126,129,3,3,24,0,33,_printf_i,/Users/swchen.tw/git/percepio/poc/.tools/xpack-riscv-none-elf-gcc-15.2.0-1/bin/../lib/gcc/riscv-none-elf/15.2.0/../../../../riscv-none-elf/lib/libg_nano.a(libc_a-nano-vfprintf_i.o),
by_pc,2147521936,3,63,126,129,3,3,24,0,33,_printf_i,/Users/swchen.tw/git/percepio/poc/.tools/xpack-riscv-none-elf-gcc-15.2.0-1/bin/../lib/gcc/riscv-none-elf/15.2.0/../../../../riscv-none-elf/lib/libg_nano.a(libc_a-nano-vfprintf_i.o),
by_pc,2147521938,3,63,126,129,3,3,24,0,33,_printf_i,/Users/swchen.tw/git/percepio/poc/.tools/xpack-riscv-none-elf-gcc-15.2.0-1/bin/../lib/gcc/riscv-none-elf/15.2.0/../../../../riscv-none-elf/lib/libg_nano.a(libc_a-nano-vfprintf_i.o),
by_pc,2147521940,3,63,126,129,3,3,24,0,33,_printf_i,/Users/swchen.tw/git/percepio/poc/.tools/xpack-riscv-none-elf-gcc-15.2.0-1/bin/../lib/gcc/riscv-none-elf/15.2.0/../../../../riscv-none-elf/lib/libg_nano.a(libc_a-nano-vfprintf_i.o),
by_pc,2147521942,3,63,126,129,3,3,24,0,33,_printf_i,/Users/swchen.tw/git/percepio/poc/.tools/xpack-riscv-none-elf-gcc-15.2.0-1/bin/../lib/gcc/riscv-none-elf/15.2.0/../../../../riscv-none-elf/lib/libg_nano.a(libc_a-nano-vfprintf_i.o),
by_pc,2147521944,3,63,126,129,3,3,24,0,33,_printf_i,/Users/swchen.tw/git/percepio/poc/.tools/xpack-riscv-none-elf-gcc-15.2.0-1/bin/../lib/gcc/riscv-none-elf/15.2.0/../../../../riscv-none-elf/lib/libg_nano.a(libc_a-nano-vfprintf_i.o),
by_pc,2147521946,3,6,12,15,3,3,0,0,0,_printf_i,/Users/swchen.tw/git/percepio/poc/.tools/xpack-riscv-none-elf-gcc-15.2.0-1/bin/../lib/gcc/riscv-none-elf/15.2.0/../../../../riscv-none-elf/lib/libg_nano.a(libc_a-nano-vfprintf_i.o),
by_pc,2147521950,3,3,6,9,3,0,0,0,0,_printf_i,/Users/swchen.tw/git/percepio/poc/.tools/xpack-riscv-none-elf-gcc-15.2.0-1/bin/../lib/gcc/riscv-none-elf/15.2.0/../../../../riscv-none-elf/lib/libg_nano.a(libc_a-nano-vfprintf_i.o),
by_pc,2147521952,3,3,6,9,3,0,0,0,0,_printf_i,/Users/swchen.tw/git/percepio/poc/.tools/xpack-riscv-none-elf-gcc-15.2.0-1/bin/../lib/gcc/riscv-none-elf/15.2.0/../../../../riscv-none-elf/lib/libg_nano.a(libc_a-nano-vfprintf_i.o),
by_pc,2147521956,3,3,6,9,3,0,0,0,0,_printf_i,/Users/swchen.tw/git/percepio/poc/.tools/xpack-riscv-none-elf-gcc-15.2.0-1/bin/../lib/gcc/riscv-none-elf/15.2.0/../../../../riscv-none-elf/lib/libg_nano.a(libc_a-nano-vfprintf_i.o),
by_pc,2147521958,3,3,6,9,3,0,0,0,0,_printf_i,/Users/swchen.tw/git/percepio/poc/.tools/xpack-riscv-none-elf-gcc-15.2.0-1/bin/../lib/gcc/riscv-none-elf/15.2.0/../../../../riscv-none-elf/lib/libg_nano.a(libc_a-nano-vfprintf_i.o),
by_pc,2147521960,3,3,6,9,3,0,0,0,0,_printf_i,/Users/swchen.tw/git/percepio/poc/.tools/xpack-riscv-none-elf-gcc-15.2.0-1/bin/../lib/gcc/riscv-none-elf/15.2.0/../../../../riscv-none-elf/lib/libg_nano.a(libc_a-nano-vfprintf_i.o),
by_pc,2147521962,3,3,6,9,3,0,0,0,0,_printf_i,/Users/swchen.tw/git/percepio/poc/.tools/xpack-riscv-none-elf-gcc-15.2.0-1/bin/../lib/gcc/riscv-none-elf/15.2.0/../../../../riscv-none-elf/lib/libg_nano.a(libc_a-nano-vfprintf_i.o),
by_pc,2147521966,3,3,6,9,3,0,0,0,0,_printf_i,/Users/swchen.tw/git/percepio/poc/.tools/xpack-riscv-none-elf-gcc-15.2.0-1/bin/../lib/gcc/riscv-none-elf/15.2.0/../../../../riscv-none-elf/lib/libg_nano.a(libc_a-nano-vfprintf_i.o),
by_pc,2147521970,3,3,6,9,3,0,0,0,0,_printf_i,/Users/swchen.tw/git/percepio/poc/.tools/xpack-riscv-none-elf-gcc-15.2.0-1/bin/../lib/gcc/riscv-none-elf/15.2.0/../../../../riscv-none-elf/lib/libg_nano.a(libc_a-nano-vfprintf_i.o),
by_pc,2147521974,3,3,6,9,3,0,0,0,0,_printf_i,/Users/swchen.tw/git/percepio/poc/.tools/xpack-riscv-none-elf-gcc-15.2.0-1/bin/../lib/gcc/riscv-none-elf/15.2.0/../../../../riscv-none-elf/lib/libg_nano.a(libc_a-nano-vfprintf_i.o),
by_pc,2147522004,2,28,56,58,2,0,8,18,0,_printf_i,/Users/swchen.tw/git/percepio/poc/.tools/xpack-riscv-none-elf-gcc-15.2.0-1/bin/../lib/gcc/riscv-none-elf/15.2.0/../../../../riscv-none-elf/lib/libg_nano.a(libc_a-nano-vfprintf_i.o),
by_pc,2147522008,2,2,4,6,2,0,0,0,0,_printf_i,/Users/swchen.tw/git/percepio/poc/.tools/xpack-riscv-none-elf-gcc-15.2.0-1/bin/../lib/gcc/riscv-none-elf/15.2.0/../../../../riscv-none-elf/lib/libg_nano.a(libc_a-nano-vfprintf_i.o),
by_pc,2147522012,2,2,4,6,2,0,0,0,0,_printf_i,/Users/swchen.tw/git/percepio/poc/.tools/xpack-riscv-none-elf-gcc-15.2.0-1/bin/../lib/gcc/riscv-none-elf/15.2.0/../../../../riscv-none-elf/lib/libg_nano.a(libc_a-nano-vfprintf_i.o),
by_pc,2147522014,2,2,4,6,2,0,0,0,0,_printf_i,/Users/swchen.tw/git/percepio/poc/.tools/xpack-riscv-none-elf-gcc-15.2.0-1/bin/../lib/gcc/riscv-none-elf/15.2.0/../../../../riscv-none-elf/lib/libg_nano.a(libc_a-nano-vfprintf_i.o),
by_pc,2147522018,2,2,4,6,2,0,0,0,0,_printf_i,/Users/swchen.tw/git/percepio/poc/.tools/xpack-riscv-none-elf-gcc-15.2.0-1/bin/../lib/gcc/riscv-none-elf/15.2.0/../../../../riscv-none-elf/lib/libg_nano.a(libc_a-nano-vfprintf_i.o),
by_pc,2147522022,2,2,4,6,2,0,0,0,0,_printf_i,/Users/swchen.tw/git/percepio/poc/.tools/xpack-riscv-none-elf-gcc-15.2.0-1/bin/../lib/gcc/riscv-none-elf/15.2.0/../../../../riscv-none-elf/lib/libg_nano.a(libc_a-nano-vfprintf_i.o),
by_pc,2147522026,2,2,4,6,2,0,0,0,0,_printf_i,/Users/swchen.tw/git/percepio/poc/.tools/xpack-riscv-none-elf-gcc-15.2.0-1/bin/../lib/gcc/riscv-none-elf/15.2.0/../../../../riscv-none-elf/lib/libg_nano.a(libc_a-nano-vfprintf_i.o),
by_pc,2147522028,2,2,4,6,2,0,0,0,0,_printf_i,/Users/swchen.tw/git/percepio/poc/.tools/xpack-riscv-none-elf-gcc-15.2.0-1/bin/../lib/gcc/riscv-none-elf/15.2.0/../../../../riscv-none-elf/lib/libg_nano.a(libc_a-nano-vfprintf_i.o),
by_pc,2147522030,2,30,60,62,2,2,8,18,0,_printf_i,/Users/swchen.tw/git/percepio/poc/.tools/xpack-riscv-none-elf-gcc-15.2.0-1/bin/../lib/gcc/riscv-none-elf/15.2.0/../../../../riscv-none-elf/lib/libg_nano.a(libc_a-nano-vfprintf_i.o),
by_pc,2147522032,2,2,4,6,2,0,0,0,0,_printf_i,/Users/swchen.tw/git/percepio/poc/.tools/xpack-riscv-none-elf-gcc-15.2.0-1/bin/../lib/gcc/riscv-none-elf/15.2.0/../../../../riscv-none-elf/lib/libg_nano.a(libc_a-nano-vfprintf_i.o),
by_pc,2147522034,2,2,4,6,2,0,0,0,0,_printf_i,/Users/swchen.tw/git/percepio/poc/.tools/xpack-riscv-none-elf-gcc-15.2.0-1/bin/../lib/gcc/riscv-none-elf/15.2.0/../../../../riscv-none-elf/lib/libg_nano.a(libc_a-nano-vfprintf_i.o),
by_pc,2147522438,2,30,60,62,2,2,8,18,0,_printf_i,/Users/swchen.tw/git/percepio/poc/.tools/xpack-riscv-none-elf-gcc-15.2.0-1/bin/../lib/gcc/riscv-none-elf/15.2.0/../../../../riscv-none-elf/lib/libg_nano.a(libc_a-nano-vfprintf_i.o),
by_pc,2147522440,2,4,8,10,2,2,0,0,0,_printf_i,/Users/swchen.tw/git/percepio/poc/.tools/xpack-riscv-none-elf-gcc-15.2.0-1/bin/../lib/gcc/riscv-none-elf/15.2.0/../../../../riscv-none-elf/lib/libg_nano.a(libc_a-nano-vfprintf_i.o),
by_pc,2147522442,2,2,4,6,2,0,0,0,0,_printf_i,/Users/swchen.tw/git/percepio/poc/.tools/xpack-riscv-none-elf-gcc-15.2.0-1/bin/../lib/gcc/riscv-none-elf/15.2.0/../../../../riscv-none-elf/lib/libg_nano.a(libc_a-nano-vfprintf_i.o),
by_pc,2147522444,2,2,4,6,2,0,0,0,0,_printf_i,/Users/swchen.tw/git/percepio/poc/.tools/xpack-riscv-none-elf-gcc-15.2.0-1/bin/../lib/gcc/riscv-none-elf/15.2.0/../../../../riscv-none-elf/lib/libg_nano.a(libc_a-nano-vfprintf_i.o),
by_pc,2147522448,2,42,84,86,2,2,16,0,22,_printf_i,/Users/swchen.tw/git/percepio/poc/.tools/xpack-riscv-none-elf-gcc-15.2.0-1/bin/../lib/gcc/riscv-none-elf/15.2.0/../../../../riscv-none-elf/lib/libg_nano.a(libc_a-nano-vfprintf_i.o),
by_pc,2147522450,2,4,8,10,2,2,0,0,0,_printf_i,/Users/swchen.tw/git/percepio/poc/.tools/xpack-riscv-none-elf-gcc-15.2.0-1/bin/../lib/gcc/riscv-none-elf/15.2.0/../../../../riscv-none-elf/lib/libg_nano.a(libc_a-nano-vfprintf_i.o),
by_pc,2147522454,2,2,4,6,2,0,0,0,0,_printf_i,/Users/swchen.tw/git/percepio/poc/.tools/xpack-riscv-none-elf-gcc-15.2.0-1/bin/../lib/gcc/riscv-none-elf/15.2.0/../../../../riscv-none-elf/lib/libg_nano.a(libc_a-nano-vfprintf_i.o),
by_pc,2147522456,2,2,4,6,2,0,0,0,0,_printf_i,/Users/swchen.tw/git/percepio/poc/.tools/xpack-riscv-none-elf-gcc-15.2.0-1/bin/../lib/gcc/riscv-none-elf/15.2.0/../../../../riscv-none-elf/lib/libg_nano.a(libc_a-nano-vfprintf_i.o),
by_pc,2147522458,2,2,4,6,2,0,0,0,0,_printf_i,/Users/swchen.tw/git/percepio/poc/.tools/xpack-riscv-none-elf-gcc-15.2.0-1/bin/../lib/gcc/riscv-none-elf/15.2.0/../../../../riscv-none-elf/lib/libg_nano.a(libc_a-nano-vfprintf_i.o),
by_pc,2147522460,2,2,4,6,2,0,0,0,0,_printf_i,/Users/swchen.tw/git/percepio/poc/.tools/xpack-riscv-none-elf-gcc-15.2.0-1/bin/../lib/gcc/riscv-none-elf/15.2.0/../../../../riscv-none-elf/lib/libg_nano.a(libc_a-nano-vfprintf_i.o),
by_pc,2147522464,2,42,84,86,2,2,16,0,22,_printf_i,/Users/swchen.tw/git/percepio/poc/.tools/xpack-riscv-none-elf-gcc-15.2.0-1/bin/../lib/gcc/riscv-none-elf/15.2.0/../../../../riscv-none-elf/lib/libg_nano.a(libc_a-nano-vfprintf_i.o),
by_pc,2147522466,2,4,8,10,2,2,0,0,0,_printf_i,/Users/swchen.tw/git/percepio/poc/.tools/xpack-riscv-none-elf-gcc-15.2.0-1/bin/../lib/gcc/riscv-none-elf/15.2.0/../../../../riscv-none-elf/lib/libg_nano.a(libc_a-nano-vfprintf_i.o),
by_pc,2147522468,3,63,126,129,3,3,24,0,33,_printf_i,/Users/swchen.tw/git/percepio/poc/.tools/xpack-riscv-none-elf-gcc-15.2.0-1/bin/../lib/gcc/riscv-none-elf/15.2.0/../../../../riscv-none-elf/lib/libg_nano.a(libc_a-nano-vfprintf_i.o),
by_pc,2147522470,3,63,126,129,3,3,24,0,33,_printf_i,/Users/swchen.tw/git/percepio/poc/.tools/xpack-riscv-none-elf-gcc-15.2.0-1/bin/../lib/gcc/riscv-none-elf/15.2.0/../../../../riscv-none-elf/lib/libg_nano.a(libc_a-nano-vfprintf_i.o),
by_pc,2147522474,3,3,6,9,3,0,0,0,0,_printf_i,/Users/swchen.tw/git/percepio/poc/.tools/xpack-riscv-none-elf-gcc-15.2.0-1/bin/../lib/gcc/riscv-none-elf/15.2.0/../../../../riscv-none-elf/lib/libg_nano.a(libc_a-nano-vfprintf_i.o),
by_pc,2147522256,3,29,58,61,3,0,8,18,0,_printf_i,/Users/swchen.tw/git/percepio/poc/.tools/xpack-riscv-none-elf-gcc-15.2.0-1/bin/../lib/gcc/riscv-none-elf/15.2.0/../../../../riscv-none-elf/lib/libg_nano.a(libc_a-nano-vfprintf_i.o),
by_pc,2147522258,3,3,6,9,3,0,0,0,0,_printf_i,/Users/swchen.tw/git/percepio/poc/.tools/xpack-riscv-none-elf-gcc-15.2.0-1/bin/../lib/gcc/riscv-none-elf/15.2.0/../../../../riscv-none-elf/lib/libg_nano.a(libc_a-nano-vfprintf_i.o),
by_pc,2147522260,3,3,6,9,3,0,0,0,0,_printf_i,/Users/swchen.tw/git/percepio/poc/.tools/xpack-riscv-none-elf-gcc-15.2.0-1/bin/../lib/gcc/riscv-none-elf/15.2.0/../../../../riscv-none-elf/lib/libg_nano.a(libc_a-nano-vfprintf_i.o),
by_pc,2147522262,3,3,6,9,3,0,0,0,0,_printf_i,/Users/swchen.tw/git/percepio/poc/.tools/xpack-riscv-none-elf-gcc-15.2.0-1/bin/../lib/gcc/riscv-none-elf/15.2.0/../../../../riscv-none-elf/lib/libg_nano.a(libc_a-nano-vfprintf_i.o),
by_pc,2147522264,3,3,6,9,3,0,0,0,0,_printf_i,/Users/swchen.tw/git/percepio/poc/.tools/xpack-riscv-none-elf-gcc-15.2.0-1/bin/../lib/gcc/riscv-none-elf/15.2.0/../../../../riscv-none-elf/lib/libg_nano.a(libc_a-nano-vfprintf_i.o),
by_pc,2147522266,3,3,6,9,3,0,0,0,0,_printf_i,/Users/swchen.tw/git/percepio/poc/.tools/xpack-riscv-none-elf-gcc-15.2.0-1/bin/../lib/gcc/riscv-none-elf/15.2.0/../../../../riscv-none-elf/lib/libg_nano.a(libc_a-nano-vfprintf_i.o),
by_pc,2147521656,3,29,58,61,3,0,8,18,0,_printf_common,/Users/swchen.tw/git/percepio/poc/.tools/xpack-riscv-none-elf-gcc-15.2.0-1/bin/../lib/gcc/riscv-none-elf/15.2.0/../../../../riscv-none-elf/lib/libg_nano.a(libc_a-nano-vfprintf_i.o),
by_pc,2147521658,3,81,162,165,3,3,24,18,33,_printf_common,/Users/swchen.tw/git/percepio/poc/.tools/xpack-riscv-none-elf-gcc-15.2.0-1/bin/../lib/gcc/riscv-none-elf/15.2.0/../../../../riscv-none-elf/lib/libg_nano.a(libc_a-nano-vfprintf_i.o),
by_pc,2147521660,3,6,12,15,3,3,0,0,0,_printf_common,/Users/swchen.tw/git/percepio/poc/.tools/xpack-riscv-none-elf-gcc-15.2.0-1/bin/../lib/gcc/riscv-none-elf/15.2.0/../../../../riscv-none-elf/lib/libg_nano.a(libc_a-nano-vfprintf_i.o),
by_pc,2147521662,3,3,6,9,3,0,0,0,0,_printf_common,/Users/swchen.tw/git/percepio/poc/.tools/xpack-riscv-none-elf-gcc-15.2.0-1/bin/../lib/gcc/riscv-none-elf/15.2.0/../../../../riscv-none-elf/lib/libg_nano.a(libc_a-nano-vfprintf_i.o),
by_pc,2147521664,3,32,64,67,3,3,8,18,0,_printf_common,/Users/swchen.tw/git/percepio/poc/.tools/xpack-riscv-none-elf-gcc-15.2.0-1/bin/../lib/gcc/riscv-none-elf/15.2.0/../../../../riscv-none-elf/lib/libg_nano.a(libc_a-nano-vfprintf_i.o),
by_pc,2147521666,3,63,126,129,3,3,24,0,33,_printf_common,/Users/swchen.tw/git/percepio/poc/.tools/xpack-riscv-none-elf-gcc-15.2.0-1/bin/../lib/gcc/riscv-none-elf/15.2.0/../../../../riscv-none-elf/lib/libg_nano.a(libc_a-nano-vfprintf_i.o),
by_pc,2147521668,3,63,126,129,3,3,24,0,33,_printf_common,/Users/swchen.tw/git/percepio/poc/.tools/xpack-riscv-none-elf-gcc-15.2.0-1/bin/../lib/gcc/riscv-none-elf/15.2.0/../../../../riscv-none-elf/lib/libg_nano.a(libc_a-nano-vfprintf_i.o),
by_pc,2147521670,3,63,126,129,3,3,24,0,33,_printf_common,/Users/swchen.tw/git/percepio/poc/.tools/xpack-riscv-none-elf-gcc-15.2.0-1/bin/../lib/gcc/riscv-none-elf/15.2.0/../../../../riscv-none-elf/lib/libg_nano.a(libc_a-nano-vfprintf_i.o),
by_pc,2147521672,3,81,162,165,3,3,24,18,33,_printf_common,/Users/swchen.tw/git/percepio/poc/.tools/xpack-riscv-none-elf-gcc-15.2.0-1/bin/../lib/gcc/riscv-none-elf/15.2.0/../../../../riscv-none-elf/lib/libg_nano.a(libc_a-nano-vfprintf_i.o),
by_pc,2147521674,3,63,126,129,3,3,24,0,33,_printf_common,/Users/swchen.tw/git/percepio/poc/.tools/xpack-riscv-none-elf-gcc-15.2.0-1/bin/../lib/gcc/riscv-none-elf/15.2.0/../../../../riscv-none-elf/lib/libg_nano.a(libc_a-nano-vfprintf_i.o),
by_pc,2147521676,3,63,126,129,3,3,24,0,33,_printf_common,/Users/swchen.tw/git/percepio/poc/.tools/xpack-riscv-none-elf-gcc-15.2.0-1/bin/../lib/gcc/riscv-none-elf/15.2.0/../../../../riscv-none-elf/lib/libg_nano.a(libc_a-nano-vfprintf_i.o),
by_pc,2147521678,3,63,126,129,3,3,24,0,33,_printf_common,/Users/swchen.tw/git/percepio/poc/.tools/xpack-riscv-none-elf-gcc-15.2.0-1/bin/../lib/gcc/riscv-none-elf/15.2.0/../../../../riscv-none-elf/lib/libg_nano.a(libc_a-nano-vfprintf_i.o),
by_pc,2147521680,3,63,126,129,3,3,24,0,33,_printf_common,/Users/swchen.tw/git/percepio/poc/.tools/xpack-riscv-none-elf-gcc-15.2.0-1/bin/../lib/gcc/riscv-none-elf/15.2.0/../../../../riscv-none-elf/lib/libg_nano.a(libc_a-nano-vfprintf_i.o),
by_pc,2147521682,3,3,6,9,3,0,0,0,0,_printf_common,/Users/swchen.tw/git/percepio/poc/.tools/xpack-riscv-none-elf-gcc-15.2.0-1/bin/../lib/gcc/riscv-none-elf/15.2.0/../../../../riscv-none-elf/lib/libg_nano.a(libc_a-nano-vfprintf_i.o),
by_pc,2147521684,3,3,6,9,3,0,0,0,0,_printf_common,/Users/swchen.tw/git/percepio/poc/.tools/xpack-riscv-none-elf-gcc-15.2.0-1/bin/../lib/gcc/riscv-none-elf/15.2.0/../../../../riscv-none-elf/lib/libg_nano.a(libc_a-nano-vfprintf_i.o),
by_pc,2147521686,3,3,6,9,3,0,0,0,0,_printf_common,/Users/swchen.tw/git/percepio/poc/.tools/xpack-riscv-none-elf-gcc-15.2.0-1/bin/../lib/gcc/riscv-none-elf/15.2.0/../../../../riscv-none-elf/lib/libg_nano.a(libc_a-nano-vfprintf_i.o),
by_pc,2147521688,3,3,6,9,3,0,0,0,0,_printf_common,/Users/swchen.tw/git/percepio/poc/.tools/xpack-riscv-none-elf-gcc-15.2.0-1/bin/../lib/gcc/riscv-none-elf/15.2.0/../../../../riscv-none-elf/lib/libg_nano.a(libc_a-nano-vfprintf_i.o),
by_pc,2147521690,3,3,6,9,3,0,0,0,0,_printf_common,/Users/swchen.tw/git/percepio/poc/.tools/xpack-riscv-none-elf-gcc-15.2.0-1/bin/../lib/gcc/riscv-none-elf/15.2.0/../../../../riscv-none-elf/lib/libg_nano.a(libc_a-nano-vfprintf_i.o),
by_pc,2147521696,3,63,126,129,3,3,24,0,33,_printf_common,/Users/swchen.tw/git/percepio/poc/.tools/xpack-riscv-none-elf-gcc-15.2.0-1/bin/../lib/gcc/riscv-none-elf/15.2.0/../../../../riscv-none-elf/lib/libg_nano.a(libc_a-nano-vfprintf_i.o),
by_pc,2147521700,3,6,12,15,3,3,0,0,0,_printf_common,/Users/swchen.tw/git/percepio/poc/.tools/xpack-riscv-none-elf-gcc-15.2.0-1/bin/../lib/gcc/riscv-none-elf/15.2.0/../../../../riscv-none-elf/lib/libg_nano.a(libc_a-nano-vfprintf_i.o),
by_pc,2147521704,3,3,6,9,3,0,0,0,0,_printf_common,/Users/swchen.tw/git/percepio/poc/.tools/xpack-riscv-none-elf-gcc-15.2.0-1/bin/../lib/gcc/riscv-none-elf/15.2.0/../../../../riscv-none-elf/lib/libg_nano.a(libc_a-nano-vfprintf_i.o),
by_pc,2147521712,3,6,12,15,3,3,0,0,0,_printf_common,/Users/swchen.tw/git/percepio/poc/.tools/xpack-riscv-none-elf-gcc-15.2.0-1/bin/../lib/gcc/riscv-none-elf/15.2.0/../../../../riscv-none-elf/lib/libg_nano.a(libc_a-nano-vfprintf_i.o),
by_pc,2147521714,3,3,6,9,3,0,0,0,0,_printf_common,/Users/swchen.tw/git/percepio/poc/.tools/xpack-riscv-none-elf-gcc-15.2.0-1/bin/../lib/gcc/riscv-none-elf/15.2.0/../../../../riscv-none-elf/lib/libg_nano.a(libc_a-nano-vfprintf_i.o),
by_pc,2147521718,3,3,6,9,3,0,0,0,0,_printf_common,/Users/swchen.tw/git/percepio/poc/.tools/xpack-riscv-none-elf-gcc-15.2.0-1/bin/../lib/gcc/riscv-none-elf/15.2.0/../../../../riscv-none-elf/lib/libg_nano.a(libc_a-nano-vfprintf_i.o),
by_pc,2147521730,3,32,64,67,3,3,8,18,0,_printf_common,/Users/swchen.tw/git/percepio/poc/.tools/xpack-riscv-none-elf-gcc-15.2.0-1/bin/../lib/gcc/riscv-none-elf/15.2.0/../../../../riscv-none-elf/lib/libg_nano.a(libc_a-nano-vfprintf_i.o),
by_pc,2147521732,3,3,6,9,3,0,0,0,0,_printf_common,/Users/swchen.tw/git/percepio/poc/.tools/xpack-riscv-none-elf-gcc-15.2.0-1/bin/../lib/gcc/riscv-none-elf/15.2.0/../../../../riscv-none-elf/lib/libg_nano.a(libc_a-nano-vfprintf_i.o),
by_pc,2147521734,3,3,6,9,3,0,0,0,0,_printf_common,/Users/swchen.tw/git/percepio/poc/.tools/xpack-riscv-none-elf-gcc-15.2.0-1/bin/../lib/gcc/riscv-none-elf/15.2.0/../../../../riscv-none-elf/lib/libg_nano.a(libc_a-nano-vfprintf_i.o),
by_pc,2147521736,3,3,6,9,3,0,0,0,0,_printf_common,/Users/swchen.tw/git/percepio/poc/.tools/xpack-riscv-none-elf-gcc-15.2.0-1/bin/../lib/gcc/riscv-none-elf/15.2.0/../../../../riscv-none-elf/lib/libg_nano.a(libc_a-nano-vfprintf_i.o),
by_pc,2147521740,3,3,6,9,3,0,0,0,0,_printf_common,/Users/swchen.tw/git/percepio/poc/.tools/xpack-riscv-none-elf-gcc-15.2.0-1/bin/../lib/gcc/riscv-none-elf/15.2.0/../../../../riscv-none-elf/lib/libg_nano.a(libc_a-nano-vfprintf_i.o),
by_pc,2147521742,3,6,12,15,3,3,0,0,0,_printf_common,/Users/swchen.tw/git/percepio/poc/.tools/xpack-riscv-none-elf-gcc-15.2.0-1/bin/../lib/gcc/riscv-none-elf/15.2.0/../../../../riscv-none-elf/lib/libg_nano.a(libc_a-nano-vfprintf_i.o),
by_pc,2147521744,3,6,12,15,3,3,0,0,0,_printf_common,/Users/swchen.tw/git/percepio/poc/.tools/xpack-riscv-none-elf-gcc-15.2.0-1/bin/../lib/gcc/riscv-none-elf/15.2.0/../../../../riscv-none-elf/lib/libg_nano.a(libc_a-nano-vfprintf_i.o),
by_pc,2147521748,3,3,6,9,3,0,0,0,0,_printf_common,/Users/swchen.tw/git/percepio/poc/.tools/xpack-riscv-none-elf-gcc-15.2.0-1/bin/../lib/gcc/riscv-none-elf/15.2.0/../../../../riscv-none-elf/lib/libg_nano.a(libc_a-nano-vfprintf_i.o),
by_pc,2147521750,3,3,6,9,3,0,0,0,0,_printf_common,/Users/swchen.tw/git/percepio/poc/.tools/xpack-riscv-none-elf-gcc-15.2.0-1/bin/../lib/gcc/riscv-none-elf/15.2.0/../../../../riscv-none-elf/lib/libg_nano.a(libc_a-nano-vfprintf_i.o),
by_pc,2147521754,3,6,12,15,3,3,0,0,0,_printf_common,/Users/swchen.tw/git/percepio/poc/.tools/xpack-riscv-none-elf-gcc-15.2.0-1/bin/../lib/gcc/riscv-none-elf/15.2.0/../../../../riscv-none-elf/lib/libg_nano.a(libc_a-nano-vfprintf_i.o),
by_pc,2147521756,3,6,12,15,3,3,0,0,0,_printf_common,/Users/swchen.tw/git/percepio/poc/.tools/xpack-riscv-none-elf-gcc-15.2.0-1/bin/../lib/gcc/riscv-none-elf/15.2.0/../../../../riscv-none-elf/lib/libg_nano.a(libc_a-nano-vfprintf_i.o),
by_pc,2147521760,3,3,6,9,3,0,0,0,0,_printf_common,/Users/swchen.tw/git/percepio/poc/.tools/xpack-riscv-none-elf-gcc-15.2.0-1/bin/../lib/gcc/riscv-none-elf/15.2.0/../../../../riscv-none-elf/lib/libg_nano.a(libc_a-nano-vfprintf_i.o),
by_pc,2147521764,3,3,6,9,3,0,0,0,0,_printf_common,/Users/swchen.tw/git/percepio/poc/.tools/xpack-riscv-none-elf-gcc-15.2.0-1/bin/../lib/gcc/riscv-none-elf/15.2.0/../../../../riscv-none-elf/lib/libg_nano.a(libc_a-nano-vfprintf_i.o),
by_pc,2147521768,3,3,6,9,3,0,0,0,0,_printf_common,/Users/swchen.tw/git/percepio/poc/.tools/xpack-riscv-none-elf-gcc-15.2.0-1/bin/../lib/gcc/riscv-none-elf/15.2.0/../../../../riscv-none-elf/lib/libg_nano.a(libc_a-nano-vfprintf_i.o),
by_pc,2147521770,3,3,6,9,3,0,0,0,0,_printf_common,/Users/swchen.tw/git/percepio/poc/.tools/xpack-riscv-none-elf-gcc-15.2.0-1/bin/../lib/gcc/riscv-none-elf/15.2.0/../../../../riscv-none-elf/lib/libg_nano.a(libc_a-nano-vfprintf_i.o),
by_pc,2147521774,3,3,6,9,3,0,0,0,0,_printf_common,/Users/swchen.tw/git/percepio/poc/.tools/xpack-riscv-none-elf-gcc-15.2.0-1/bin/../lib/gcc/riscv-none-elf/15.2.0/../../../../riscv-none-elf/lib/libg_nano.a(libc_a-nano-vfprintf_i.o),
by_pc,2147521776,3,3,6,9,3,0,0,0,0,_printf_common,/Users/swchen.tw/git/percepio/poc/.tools/xpack-riscv-none-elf-gcc-15.2.0-1/bin/../lib/gcc/riscv-none-elf/15.2.0/../../../../riscv-none-elf/lib/libg_nano.a(libc_a-nano-vfprintf_i.o),
by_pc,2147521778,3,3,6,9,3,0,0,0,0,_printf_common,/Users/swchen.tw/git/percepio/poc/.tools/xpack-riscv-none-elf-gcc-15.2.0-1/bin/../lib/gcc/riscv-none-elf/15.2.0/../../../../riscv-none-elf/lib/libg_nano.a(libc_a-nano-vfprintf_i.o),
by_pc,2147521780,3,3,6,9,3,0,0,0,0,_printf_common,/Users/swchen.tw/git/percepio/poc/.tools/xpack-riscv-none-elf-gcc-15.2.0-1/bin/../lib/gcc/riscv-none-elf/15.2.0/../../../../riscv-none-elf/lib/libg_nano.a(libc_a-nano-vfprintf_i.o),
by_pc,2147521782,3,3,6,9,3,0,0,0,0,_printf_common,/Users/swchen.tw/git/percepio/poc/.tools/xpack-riscv-none-elf-gcc-15.2.0-1/bin/../lib/gcc/riscv-none-elf/15.2.0/../../../../riscv-none-elf/lib/libg_nano.a(libc_a-nano-vfprintf_i.o),
by_pc,2147521786,3,6,12,15,3,3,0,0,0,_printf_common,/Users/swchen.tw/git/percepio/poc/.tools/xpack-riscv-none-elf-gcc-15.2.0-1/bin/../lib/gcc/riscv-none-elf/15.2.0/../../../../riscv-none-elf/lib/libg_nano.a(libc_a-nano-vfprintf_i.o),
by_pc,2147521788,3,3,6,9,3,0,0,0,0,_printf_common,/Users/swchen.tw/git/percepio/poc/.tools/xpack-riscv-none-elf-gcc-15.2.0-1/bin/../lib/gcc/riscv-none-elf/15.2.0/../../../../riscv-none-elf/lib/libg_nano.a(libc_a-nano-vfprintf_i.o),
by_pc,2147521790,3,3,6,9,3,0,0,0,0,_printf_common,/Users/swchen.tw/git/percepio/poc/.tools/xpack-riscv-none-elf-gcc-15.2.0-1/bin/../lib/gcc/riscv-none-elf/15.2.0/../../../../riscv-none-elf/lib/libg_nano.a(libc_a-nano-vfprintf_i.o),
by_pc,2147521792,3,29,58,61,3,0,8,18,0,_printf_common,/Users/swchen.tw/git/percepio/poc/.tools/xpack-riscv-none-elf-gcc-15.2.0-1/bin/../lib/gcc/riscv-none-elf/15.2.0/../../../../riscv-none-elf/lib/libg_nano.a(libc_a-nano-vfprintf_i.o),
by_pc,2147521794,3,3,6,9,3,0,0,0,0,_printf_common,/Users/swchen.tw/git/percepio/poc/.tools/xpack-riscv-none-elf-gcc-15.2.0-1/bin/../lib/gcc/riscv-none-elf/15.2.0/../../../../riscv-none-elf/lib/libg_nano.a(libc_a-nano-vfprintf_i.o),
by_pc,2147521814,3,6,12,15,3,3,0,0,0,_printf_common,/Users/swchen.tw/git/percepio/poc/.tools/xpack-riscv-none-elf-gcc-15.2.0-1/bin/../lib/gcc/riscv-none-elf/15.2.0/../../../../riscv-none-elf/lib/libg_nano.a(libc_a-nano-vfprintf_i.o),
by_pc,2147521816,3,6,12,15,3,3,0,0,0,_printf_common,/Users/swchen.tw/git/percepio/poc/.tools/xpack-riscv-none-elf-gcc-15.2.0-1/bin/../lib/gcc/riscv-none-elf/15.2.0/../../../../riscv-none-elf/lib/libg_nano.a(libc_a-nano-vfprintf_i.o),
by_pc,2147521818,3,3,6,9,3,0,0,0,0,_printf_common,/Users/swchen.tw/git/percepio/poc/.tools/xpack-riscv-none-elf-gcc-15.2.0-1/bin/../lib/gcc/riscv-none-elf/15.2.0/../../../../riscv-none-elf/lib/libg_nano.a(libc_a-nano-vfprintf_i.o),
by_pc,2147521826,3,3,6,9,3,0,0,0,0,_printf_common,/Users/swchen.tw/git/percepio/poc/.tools/xpack-riscv-none-elf-gcc-15.2.0-1/bin/../lib/gcc/riscv-none-elf/15.2.0/../../../../riscv-none-elf/lib/libg_nano.a(libc_a-nano-vfprintf_i.o),
by_pc,2147521828,3,3,6,9,3,0,0,0,0,_printf_common,/Users/swchen.tw/git/percepio/poc/.tools/xpack-riscv-none-elf-gcc-15.2.0-1/bin/../lib/gcc/riscv-none-elf/15.2.0/../../../../riscv-none-elf/lib/libg_nano.a(libc_a-nano-vfprintf_i.o),
by_pc,2147521830,3,3,6,9,3,0,0,0,0,_printf_common,/Users/swchen.tw/git/percepio/poc/.tools/xpack-riscv-none-elf-gcc-15.2.0-1/bin/../lib/gcc/riscv-none-elf/15.2.0/../../../../riscv-none-elf/lib/libg_nano.a(libc_a-nano-vfprintf_i.o),
by_pc,2147521832,3,3,6,9,3,0,0,0,0,_printf_common,/Users/swchen.tw/git/percepio/poc/.tools/xpack-riscv-none-elf-gcc-15.2.0-1/bin/../lib/gcc/riscv-none-elf/15.2.0/../../../../riscv-none-elf/lib/libg_nano.a(libc_a-nano-vfprintf_i.o),
by_pc,2147521836,3,3,6,9,3,0,0,0,0,_printf_common,/Users/swchen.tw/git/percepio/poc/.tools/xpack-riscv-none-elf-gcc-15.2.0-1/bin/../lib/gcc/riscv-none-elf/15.2.0/../../../../riscv-none-elf/lib/libg_nano.a(libc_a-nano-vfprintf_i.o),
by_pc,2147521838,3,3,6,9,3,0,0,0,0,_printf_common,/Users/swchen.tw/git/percepio/poc/.tools/xpack-riscv-none-elf-gcc-15.2.0-1/bin/../lib/gcc/riscv-none-elf/15.2.0/../../../../riscv-none-elf/lib/libg_nano.a(libc_a-nano-vfprintf_i.o),
by_pc,2147521856,3,32,64,67,3,3,8,18,0,_printf_common,/Users/swchen.tw/git/percepio/poc/.tools/xpack-riscv-none-elf-gcc-15.2.0-1/bin/../lib/gcc/riscv-none-elf/15.2.0/../../../../riscv-none-elf/lib/libg_nano.a(libc_a-nano-vfprintf_i.o),
by_pc,2147521858,3,6,12,15,3,3,0,0,0,_printf_common,/Users/swchen.tw/git/percepio/poc/.tools/xpack-riscv-none-elf-gcc-15.2.0-1/bin/../lib/gcc/riscv-none-elf/15.2.0/../../../../riscv-none-elf/lib/libg_nano.a(libc_a-nano-vfprintf_i.o),
by_pc,2147521860,3,6,12,15,3,3,0,0,0,_printf_common,/Users/swchen.tw/git/percepio/poc/.tools/xpack-riscv-none-elf-gcc-15.2.0-1/bin/../lib/gcc/riscv-none-elf/15.2.0/../../../../riscv-none-elf/lib/libg_nano.a(libc_a-nano-vfprintf_i.o),
by_pc,2147521862,3,6,12,15,3,3,0,0,0,_printf_common,/Users/swchen.tw/git/percepio/poc/.tools/xpack-riscv-none-elf-gcc-15.2.0-1/bin/../lib/gcc/riscv-none-elf/15.2.0/../../../../riscv-none-elf/lib/libg_nano.a(libc_a-nano-vfprintf_i.o),
by_pc,2147521864,3,6,12,15,3,3,0,0,0,_printf_common,/Users/swchen.tw/git/percepio/poc/.tools/xpack-riscv-none-elf-gcc-15.2.0-1/bin/../lib/gcc/riscv-none-elf/15.2.0/../../../../riscv-none-elf/lib/libg_nano.a(libc_a-nano-vfprintf_i.o),
by_pc,2147521866,3,6,12,15,3,3,0,0,0,_printf_common,/Users/swchen.tw/git/percepio/poc/.tools/xpack-riscv-none-elf-gcc-15.2.0-1/bin/../lib/gcc/riscv-none-elf/15.2.0/../../../../riscv-none-elf/lib/libg_nano.a(libc_a-nano-vfprintf_i.o),
by_pc,2147521868,3,6,12,15,3,3,0,0,0,_printf_common,/Users/swchen.tw/git/percepio/poc/.tools/xpack-riscv-none-elf-gcc-15.2.0-1/bin/../lib/gcc/riscv-none-elf/15.2.0/../../../../riscv-none-elf/lib/libg_nano.a(libc_a-nano-vfprintf_i.o),
by_pc,2147521870,3,6,12,15,3,3,0,0,0,_printf_common,/Users/swchen.tw/git/percepio/poc/.tools/xpack-riscv-none-elf-gcc-15.2.0-1/bin/../lib/gcc/riscv-none-elf/15.2.0/../../../../riscv-none-elf/lib/libg_nano.a(libc_a-nano-vfprintf_i.o),
by_pc,2147521872,3,6,12,15,3,3,0,0,0,_printf_common,/Users/swchen.tw/git/percepio/poc/.tools/xpack-riscv-none-elf-gcc-15.2.0-1/bin/../lib/gcc/riscv-none-elf/15.2.0/../../../../riscv-none-elf/lib/libg_nano.a(libc_a-nano-vfprintf_i.o),
by_pc,2147521874,3,3,6,9,3,0,0,0,0,_printf_common,/Users/swchen.tw/git/percepio/poc/.tools/xpack-riscv-none-elf-gcc-15.2.0-1/bin/../lib/gcc/riscv-none-elf/15.2.0/../../../../riscv-none-elf/lib/libg_nano.a(libc_a-nano-vfprintf_i.o),
by_pc,2147521876,3,3,6,9,3,0,0,0,0,_printf_common,/Users/swchen.tw/git/percepio/poc/.tools/xpack-riscv-none-elf-gcc-15.2.0-1/bin/../lib/gcc/riscv-none-elf/15.2.0/../../../../riscv-none-elf/lib/libg_nano.a(libc_a-nano-vfprintf_i.o),
by_pc,2147522270,3,3,6,9,3,0,0,0,0,_printf_i,/Users/swchen.tw/git/percepio/poc/.tools/xpack-riscv-none-elf-gcc-15.2.0-1/bin/../lib/gcc/riscv-none-elf/15.2.0/../../../../riscv-none-elf/lib/libg_nano.a(libc_a-nano-vfprintf_i.o),
by_pc,2147522272,3,3,6,9,3,0,0,0,0,_printf_i,/Users/swchen.tw/git/percepio/poc/.tools/xpack-riscv-none-elf-gcc-15.2.0-1/bin/../lib/gcc/riscv-none-elf/15.2.0/../../../../riscv-none-elf/lib/libg_nano.a(libc_a-nano-vfprintf_i.o),
by_pc,2147522476,3,6,12,15,3,3,0,0,0,_printf_i,/Users/swchen.tw/git/percepio/poc/.tools/xpack-riscv-none-elf-gcc-15.2.0-1/bin/../lib/gcc/riscv-none-elf/15.2.0/../../../../riscv-none-elf/lib/libg_nano.a(libc_a-nano-vfprintf_i.o),
by_pc,2147522478,3,3,6,9,3,0,0,0,0,_printf_i,/Users/swchen.tw/git/percepio/poc/.tools/xpack-riscv-none-elf-gcc-15.2.0-1/bin/../lib/gcc/riscv-none-elf/15.2.0/../../../../riscv-none-elf/lib/libg_nano.a(libc_a-nano-vfprintf_i.o),
by_pc,2147522480,3,3,6,9,3,0,0,0,0,_printf_i,/Users/swchen.tw/git/percepio/poc/.tools/xpack-riscv-none-elf-gcc-15.2.0-1/bin/../lib/gcc/riscv-none-elf/15.2.0/../../../../riscv-none-elf/lib/libg_nano.a(libc_a-nano-vfprintf_i.o),
by_pc,2147522482,3,3,6,9,3,0,0,0,0,_printf_i,/Users/swchen.tw/git/percepio/poc/.tools/xpack-riscv-none-elf-gcc-15.2.0-1/bin/../lib/gcc/riscv-none-elf/15.2.0/../../../../riscv-none-elf/lib/libg_nano.a(libc_a-nano-vfprintf_i.o),
by_pc,2147522484,3,3,6,9,3,0,0,0,0,_printf_i,/Users/swchen.tw/git/percepio/poc/.tools/xpack-riscv-none-elf-gcc-15.2.0-1/bin/../lib/gcc/riscv-none-elf/15.2.0/../../../../riscv-none-elf/lib/libg_nano.a(libc_a-nano-vfprintf_i.o),
by_pc,2147522486,3,3,6,9,3,0,0,0,0,_printf_i,/Users/swchen.tw/git/percepio/poc/.tools/xpack-riscv-none-elf-gcc-15.2.0-1/bin/../lib/gcc/riscv-none-elf/15.2.0/../../../../riscv-none-elf/lib/libg_nano.a(libc_a-nano-vfprintf_i.o),
by_pc,2147522490,3,6,12,15,3,3,0,0,0,_printf_i,/Users/swchen.tw/git/percepio/poc/.tools/xpack-riscv-none-elf-gcc-15.2.0-1/bin/../lib/gcc/riscv-none-elf/15.2.0/../../../../riscv-none-elf/lib/libg_nano.a(libc_a-nano-vfprintf_i.o),
by_pc,2147522492,3,3,6,9,3,0,0,0,0,_printf_i,/Users/swchen.tw/git/percepio/poc/.tools/xpack-riscv-none-elf-gcc-15.2.0-1/bin/../lib/gcc/riscv-none-elf/15.2.0/../../../../riscv-none-elf/lib/libg_nano.a(libc_a-nano-vfprintf_i.o),
by_pc,2147522494,3,3,6,9,3,0,0,0,0,_printf_i,/Users/swchen.tw/git/percepio/poc/.tools/xpack-riscv-none-elf-gcc-15.2.0-1/bin/../lib/gcc/riscv-none-elf/15.2.0/../../../../riscv-none-elf/lib/libg_nano.a(libc_a-nano-vfprintf_i.o),
by_pc,2147522496,3,32,64,67,3,3,8,18,0,_printf_i,/Users/swchen.tw/git/percepio/poc/.tools/xpack-riscv-none-elf-gcc-15.2.0-1/bin/../lib/gcc/riscv-none-elf/15.2.0/../../../../riscv-none-elf/lib/libg_nano.a(libc_a-nano-vfprintf_i.o),
by_pc,2147522498,3,6,12,15,3,3,0,0,0,_printf_i,/Users/swchen.tw/git/percepio/poc/.tools/xpack-riscv-none-elf-gcc-15.2.0-1/bin/../lib/gcc/riscv-none-elf/15.2.0/../../../../riscv-none-elf/lib/libg_nano.a(libc_a-nano-vfprintf_i.o),
by_pc,2147522500,3,3,6,9,3,0,0,0,0,_printf_i,/Users/swchen.tw/git/percepio/poc/.tools/xpack-riscv-none-elf-gcc-15.2.0-1/bin/../lib/gcc/riscv-none-elf/15.2.0/../../../../riscv-none-elf/lib/libg_nano.a(libc_a-nano-vfprintf_i.o),
by_pc,2147522504,3,3,6,9,3,0,0,0,0,_printf_i,/Users/swchen.tw/git/percepio/poc/.tools/xpack-riscv-none-elf-gcc-15.2.0-1/bin/../lib/gcc/riscv-none-elf/15.2.0/../../../../riscv-none-elf/lib/libg_nano.a(libc_a-nano-vfprintf_i.o),
by_pc,2147522506,3,3,6,9,3,0,0,0,0,_printf_i,/Users/swchen.tw/git/percepio/poc/.tools/xpack-riscv-none-elf-gcc-15.2.0-1/bin/../lib/gcc/riscv-none-elf/15.2.0/../../../../riscv-none-elf/lib/libg_nano.a(libc_a-nano-vfprintf_i.o),
by_pc,2147522278,3,6,12,15,3,3,0,0,0,_printf_i,/Users/swchen.tw/git/percepio/poc/.tools/xpack-riscv-none-elf-gcc-15.2.0-1/bin/../lib/gcc/riscv-none-elf/15.2.0/../../../../riscv-none-elf/lib/libg_nano.a(libc_a-nano-vfprintf_i.o),
by_pc,2147522280,3,6,12,15,3,3,0,0,0,_printf_i,/Users/swchen.tw/git/percepio/poc/.tools/xpack-riscv-none-elf-gcc-15.2.0-1/bin/../lib/gcc/riscv-none-elf/15.2.0/../../../../riscv-none-elf/lib/libg_nano.a(libc_a-nano-vfprintf_i.o),
by_pc,2147522282,3,6,12,15,3,3,0,0,0,_printf_i,/Users/swchen.tw/git/percepio/poc/.tools/xpack-riscv-none-elf-gcc-15.2.0-1/bin/../lib/gcc/riscv-none-elf/15.2.0/../../../../riscv-none-elf/lib/libg_nano.a(libc_a-nano-vfprintf_i.o),
by_pc,2147522284,3,6,12,15,3,3,0,0,0,_printf_i,/Users/swchen.tw/git/percepio/poc/.tools/xpack-riscv-none-elf-gcc-15.2.0-1/bin/../lib/gcc/riscv-none-elf/15.2.0/../../../../riscv-none-elf/lib/libg_nano.a(libc_a-nano-vfprintf_i.o),
by_pc,2147522286,3,6,12,15,3,3,0,0,0,_printf_i,/Users/swchen.tw/git/percepio/poc/.tools/xpack-riscv-none-elf-gcc-15.2.0-1/bin/../lib/gcc/riscv-none-elf/15.2.0/../../../../riscv-none-elf/lib/libg_nano.a(libc_a-nano-vfprintf_i.o),
by_pc,2147522288,3,6,12,15,3,3,0,0,0,_printf_i,/Users/swchen.tw/git/percepio/poc/.tools/xpack-riscv-none-elf-gcc-15.2.0-1/bin/../lib/gcc/riscv-none-elf/15.2.0/../../../../riscv-none-elf/lib/libg_nano.a(libc_a-nano-vfprintf_i.o),
by_pc,2147522290,3,6,12,15,3,3,0,0,0,_printf_i,/Users/swchen.tw/git/percepio/poc/.tools/xpack-riscv-none-elf-gcc-15.2.0-1/bin/../lib/gcc/riscv-none-elf/15.2.0/../../../../riscv-none-elf/lib/libg_nano.a(libc_a-nano-vfprintf_i.o),
by_pc,2147522292,3,3,6,9,3,0,0,0,0,_printf_i,/Users/swchen.tw/git/percepio/poc/.tools/xpack-riscv-none-elf-gcc-15.2.0-1/bin/../lib/gcc/riscv-none-elf/15.2.0/../../../../riscv-none-elf/lib/libg_nano.a(libc_a-nano-vfprintf_i.o),
by_pc,2147522294,3,3,6,9,3,0,0,0,0,_printf_i,/Users/swchen.tw/git/percepio/poc/.tools/xpack-riscv-none-elf-gcc-15.2.0-1/bin/../lib/gcc/riscv-none-elf/15.2.0/../../../../riscv-none-elf/lib/libg_nano.a(libc_a-nano-vfprintf_i.o),
by_pc,2147521292,3,3,6,9,3,0,0,0,0,_svfiprintf_r,/Users/swchen.tw/git/percepio/poc/.tools/xpack-riscv-none-elf-gcc-15.2.0-1/bin/../lib/gcc/riscv-none-elf/15.2.0/../../../../riscv-none-elf/lib/libg_nano.a(libc_a-nano-svfprintf.o),
by_pc,2147521252,3,3,6,9,3,0,0,0,0,_svfiprintf_r,/Users/swchen.tw/git/percepio/poc/.tools/xpack-riscv-none-elf-gcc-15.2.0-1/bin/../lib/gcc/riscv-none-elf/15.2.0/../../../../riscv-none-elf/lib/libg_nano.a(libc_a-nano-svfprintf.o),
by_pc,2147521254,3,3,6,9,3,0,0,0,0,_svfiprintf_r,/Users/swchen.tw/git/percepio/poc/.tools/xpack-riscv-none-elf-gcc-15.2.0-1/bin/../lib/gcc/riscv-none-elf/15.2.0/../../../../riscv-none-elf/lib/libg_nano.a(libc_a-nano-svfprintf.o),
by_pc,2147521196,3,6,12,15,3,3,0,0,0,_svfiprintf_r,/Users/swchen.tw/git/percepio/poc/.tools/xpack-riscv-none-elf-gcc-15.2.0-1/bin/../lib/gcc/riscv-none-elf/15.2.0/../../../../riscv-none-elf/lib/libg_nano.a(libc_a-nano-svfprintf.o),
by_pc,2147521198,3,3,6,9,3,0,0,0,0,_svfiprintf_r,/Users/swchen.tw/git/percepio/poc/.tools/xpack-riscv-none-elf-gcc-15.2.0-1/bin/../lib/gcc/riscv-none-elf/15.2.0/../../../../riscv-none-elf/lib/libg_nano.a(libc_a-nano-svfprintf.o),
by_pc,2147521202,3,3,6,9,3,0,0,0,0,_svfiprintf_r,/Users/swchen.tw/git/percepio/poc/.tools/xpack-riscv-none-elf-gcc-15.2.0-1/bin/../lib/gcc/riscv-none-elf/15.2.0/../../../../riscv-none-elf/lib/libg_nano.a(libc_a-nano-svfprintf.o),
by_pc,2147521204,3,63,126,129,3,3,24,0,33,_svfiprintf_r,/Users/swchen.tw/git/percepio/poc/.tools/xpack-riscv-none-elf-gcc-15.2.0-1/bin/../lib/gcc/riscv-none-elf/15.2.0/../../../../riscv-none-elf/lib/libg_nano.a(libc_a-nano-svfprintf.o),
by_pc,2147521206,3,3,6,9,3,0,0,0,0,_svfiprintf_r,/Users/swchen.tw/git/percepio/poc/.tools/xpack-riscv-none-elf-gcc-15.2.0-1/bin/../lib/gcc/riscv-none-elf/15.2.0/../../../../riscv-none-elf/lib/libg_nano.a(libc_a-nano-svfprintf.o),
by_pc,2147521978,1,1,2,3,1,0,0,0,0,_printf_i,/Users/swchen.tw/git/percepio/poc/.tools/xpack-riscv-none-elf-gcc-15.2.0-1/bin/../lib/gcc/riscv-none-elf/15.2.0/../../../../riscv-none-elf/lib/libg_nano.a(libc_a-nano-vfprintf_i.o),
by_pc,2147521982,1,2,4,5,2,0,0,0,0,_printf_i,/Users/swchen.tw/git/percepio/poc/.tools/xpack-riscv-none-elf-gcc-15.2.0-1/bin/../lib/gcc/riscv-none-elf/15.2.0/../../../../riscv-none-elf/lib/libg_nano.a(libc_a-nano-vfprintf_i.o),
by_pc,2147521986,1,1,2,3,1,0,0,0,0,_printf_i,/Users/swchen.tw/git/percepio/poc/.tools/xpack-riscv-none-elf-gcc-15.2.0-1/bin/../lib/gcc/riscv-none-elf/15.2.0/../../../../riscv-none-elf/lib/libg_nano.a(libc_a-nano-vfprintf_i.o),
by_pc,2147521990,1,1,2,3,1,0,0,0,0,_printf_i,/Users/swchen.tw/git/percepio/poc/.tools/xpack-riscv-none-elf-gcc-15.2.0-1/bin/../lib/gcc/riscv-none-elf/15.2.0/../../../../riscv-none-elf/lib/libg_nano.a(libc_a-nano-vfprintf_i.o),
by_pc,2147521994,1,1,2,3,1,0,0,0,0,_printf_i,/Users/swchen.tw/git/percepio/poc/.tools/xpack-riscv-none-elf-gcc-15.2.0-1/bin/../lib/gcc/riscv-none-elf/15.2.0/../../../../riscv-none-elf/lib/libg_nano.a(libc_a-nano-vfprintf_i.o),
by_pc,2147521998,1,1,2,3,1,0,0,0,0,_printf_i,/Users/swchen.tw/git/percepio/poc/.tools/xpack-riscv-none-elf-gcc-15.2.0-1/bin/../lib/gcc/riscv-none-elf/15.2.0/../../../../riscv-none-elf/lib/libg_nano.a(libc_a-nano-vfprintf_i.o),
by_pc,2147522002,1,1,2,3,1,0,0,0,0,_printf_i,/Users/swchen.tw/git/percepio/poc/.tools/xpack-riscv-none-elf-gcc-15.2.0-1/bin/../lib/gcc/riscv-none-elf/15.2.0/../../../../riscv-none-elf/lib/libg_nano.a(libc_a-nano-vfprintf_i.o),
by_pc,2147522050,1,47,94,95,1,1,16,18,11,_printf_i,/Users/swchen.tw/git/percepio/poc/.tools/xpack-riscv-none-elf-gcc-15.2.0-1/bin/../lib/gcc/riscv-none-elf/15.2.0/../../../../riscv-none-elf/lib/libg_nano.a(libc_a-nano-vfprintf_i.o),
by_pc,2147522054,1,1,2,3,1,0,0,0,0,_printf_i,/Users/swchen.tw/git/percepio/poc/.tools/xpack-riscv-none-elf-gcc-15.2.0-1/bin/../lib/gcc/riscv-none-elf/15.2.0/../../../../riscv-none-elf/lib/libg_nano.a(libc_a-nano-vfprintf_i.o),
by_pc,2147522056,1,1,2,3,1,0,0,0,0,_printf_i,/Users/swchen.tw/git/percepio/poc/.tools/xpack-riscv-none-elf-gcc-15.2.0-1/bin/../lib/gcc/riscv-none-elf/15.2.0/../../../../riscv-none-elf/lib/libg_nano.a(libc_a-nano-vfprintf_i.o),
by_pc,2147521258,1,2,4,5,1,1,0,0,0,_svfiprintf_r,/Users/swchen.tw/git/percepio/poc/.tools/xpack-riscv-none-elf-gcc-15.2.0-1/bin/../lib/gcc/riscv-none-elf/15.2.0/../../../../riscv-none-elf/lib/libg_nano.a(libc_a-nano-svfprintf.o),
by_pc,2147521262,1,1,2,3,1,0,0,0,0,_svfiprintf_r,/Users/swchen.tw/git/percepio/poc/.tools/xpack-riscv-none-elf-gcc-15.2.0-1/bin/../lib/gcc/riscv-none-elf/15.2.0/../../../../riscv-none-elf/lib/libg_nano.a(libc_a-nano-svfprintf.o),
by_pc,2147521266,1,1,2,3,1,0,0,0,0,_svfiprintf_r,/Users/swchen.tw/git/percepio/poc/.tools/xpack-riscv-none-elf-gcc-15.2.0-1/bin/../lib/gcc/riscv-none-elf/15.2.0/../../../../riscv-none-elf/lib/libg_nano.a(libc_a-nano-svfprintf.o),
by_pc,2147521270,1,2,4,5,1,1,0,0,0,_svfiprintf_r,/Users/swchen.tw/git/percepio/poc/.tools/xpack-riscv-none-elf-gcc-15.2.0-1/bin/../lib/gcc/riscv-none-elf/15.2.0/../../../../riscv-none-elf/lib/libg_nano.a(libc_a-nano-svfprintf.o),
by_pc,2147521272,1,1,2,3,1,0,0,0,0,_svfiprintf_r,/Users/swchen.tw/git/percepio/poc/.tools/xpack-riscv-none-elf-gcc-15.2.0-1/bin/../lib/gcc/riscv-none-elf/15.2.0/../../../../riscv-none-elf/lib/libg_nano.a(libc_a-nano-svfprintf.o),
by_pc,2147520742,1,2,4,5,1,1,0,0,0,_svfiprintf_r,/Users/swchen.tw/git/percepio/poc/.tools/xpack-riscv-none-elf-gcc-15.2.0-1/bin/../lib/gcc/riscv-none-elf/15.2.0/../../../../riscv-none-elf/lib/libg_nano.a(libc_a-nano-svfprintf.o),
by_pc,2147520744,1,2,4,5,1,1,0,0,0,_svfiprintf_r,/Users/swchen.tw/git/percepio/poc/.tools/xpack-riscv-none-elf-gcc-15.2.0-1/bin/../lib/gcc/riscv-none-elf/15.2.0/../../../../riscv-none-elf/lib/libg_nano.a(libc_a-nano-svfprintf.o),
by_pc,2147520746,1,2,4,5,1,1,0,0,0,_svfiprintf_r,/Users/swchen.tw/git/percepio/poc/.tools/xpack-riscv-none-elf-gcc-15.2.0-1/bin/../lib/gcc/riscv-none-elf/15.2.0/../../../../riscv-none-elf/lib/libg_nano.a(libc_a-nano-svfprintf.o),
by_pc,2147520748,1,2,4,5,1,1,0,0,0,_svfiprintf_r,/Users/swchen.tw/git/percepio/poc/.tools/xpack-riscv-none-elf-gcc-15.2.0-1/bin/../lib/gcc/riscv-none-elf/15.2.0/../../../../riscv-none-elf/lib/libg_nano.a(libc_a-nano-svfprintf.o),
by_pc,2147520750,1,2,4,5,1,1,0,0,0,_svfiprintf_r,/Users/swchen.tw/git/percepio/poc/.tools/xpack-riscv-none-elf-gcc-15.2.0-1/bin/../lib/gcc/riscv-none-elf/15.2.0/../../../../riscv-none-elf/lib/libg_nano.a(libc_a-nano-svfprintf.o),
by_pc,2147520752,1,2,4,5,1,1,0,0,0,_svfiprintf_r,/Users/swchen.tw/git/percepio/poc/.tools/xpack-riscv-none-elf-gcc-15.2.0-1/bin/../lib/gcc/riscv-none-elf/15.2.0/../../../../riscv-none-elf/lib/libg_nano.a(libc_a-nano-svfprintf.o),
by_pc,2147520754,1,2,4,5,1,1,0,0,0,_svfiprintf_r,/Users/swchen.tw/git/percepio/poc/.tools/xpack-riscv-none-elf-gcc-15.2.0-1/bin/../lib/gcc/riscv-none-elf/15.2.0/../../../../riscv-none-elf/lib/libg_nano.a(libc_a-nano-svfprintf.o),
by_pc,2147520756,1,2,4,5,1,1,0,0,0,_svfiprintf_r,/Users/swchen.tw/git/percepio/poc/.tools/xpack-riscv-none-elf-gcc-15.2.0-1/bin/../lib/gcc/riscv-none-elf/15.2.0/../../../../riscv-none-elf/lib/libg_nano.a(libc_a-nano-svfprintf.o),
by_pc,2147520758,1,2,4,5,1,1,0,0,0,_svfiprintf_r,/Users/swchen.tw/git/percepio/poc/.tools/xpack-riscv-none-elf-gcc-15.2.0-1/bin/../lib/gcc/riscv-none-elf/15.2.0/../../../../riscv-none-elf/lib/libg_nano.a(libc_a-nano-svfprintf.o),
by_pc,2147520760,1,2,4,5,1,1,0,0,0,_svfiprintf_r,/Users/swchen.tw/git/percepio/poc/.tools/xpack-riscv-none-elf-gcc-15.2.0-1/bin/../lib/gcc/riscv-none-elf/15.2.0/../../../../riscv-none-elf/lib/libg_nano.a(libc_a-nano-svfprintf.o),
by_pc,2147520762,1,1,2,3,1,0,0,0,0,_svfiprintf_r,/Users/swchen.tw/git/percepio/poc/.tools/xpack-riscv-none-elf-gcc-15.2.0-1/bin/../lib/gcc/riscv-none-elf/15.2.0/../../../../riscv-none-elf/lib/libg_nano.a(libc_a-nano-svfprintf.o),
by_pc,2147520764,1,1,2,3,1,0,0,0,0,_svfiprintf_r,/Users/swchen.tw/git/percepio/poc/.tools/xpack-riscv-none-elf-gcc-15.2.0-1/bin/../lib/gcc/riscv-none-elf/15.2.0/../../../../riscv-none-elf/lib/libg_nano.a(libc_a-nano-svfprintf.o),
by_pc,2147520146,1,1,2,3,1,0,0,0,0,sniprintf,/Users/swchen.tw/git/percepio/poc/.tools/xpack-riscv-none-elf-gcc-15.2.0-1/bin/../lib/gcc/riscv-none-elf/15.2.0/../../../../riscv-none-elf/lib/libg_nano.a(libc_a-snprintf.o),
by_pc,2147520148,1,1,2,3,1,0,0,0,0,sniprintf,/Users/swchen.tw/git/percepio/poc/.tools/xpack-riscv-none-elf-gcc-15.2.0-1/bin/../lib/gcc/riscv-none-elf/15.2.0/../../../../riscv-none-elf/lib/libg_nano.a(libc_a-snprintf.o),
by_pc,2147520158,1,1,2,3,1,0,0,0,0,sniprintf,/Users/swchen.tw/git/percepio/poc/.tools/xpack-riscv-none-elf-gcc-15.2.0-1/bin/../lib/gcc/riscv-none-elf/15.2.0/../../../../riscv-none-elf/lib/libg_nano.a(libc_a-snprintf.o),
by_pc,2147520160,1,2,4,5,1,1,0,0,0,sniprintf,/Users/swchen.tw/git/percepio/poc/.tools/xpack-riscv-none-elf-gcc-15.2.0-1/bin/../lib/gcc/riscv-none-elf/15.2.0/../../../../riscv-none-elf/lib/libg_nano.a(libc_a-snprintf.o),
by_pc,2147520162,1,21,42,43,1,1,8,0,11,sniprintf,/Users/swchen.tw/git/percepio/poc/.tools/xpack-riscv-none-elf-gcc-15.2.0-1/bin/../lib/gcc/riscv-none-elf/15.2.0/../../../../riscv-none-elf/lib/libg_nano.a(libc_a-snprintf.o),
by_pc,2147520166,1,1,2,3,1,0,0,0,0,sniprintf,/Users/swchen.tw/git/percepio/poc/.tools/xpack-riscv-none-elf-gcc-15.2.0-1/bin/../lib/gcc/riscv-none-elf/15.2.0/../../../../riscv-none-elf/lib/libg_nano.a(libc_a-snprintf.o),
by_pc,2147520098,1,2,4,5,1,1,0,0,0,sniprintf,/Users/swchen.tw/git/percepio/poc/.tools/xpack-riscv-none-elf-gcc-15.2.0-1/bin/../lib/gcc/riscv-none-elf/15.2.0/../../../../riscv-none-elf/lib/libg_nano.a(libc_a-snprintf.o),
by_pc,2147520100,1,2,4,5,1,1,0,0,0,sniprintf,/Users/swchen.tw/git/percepio/poc/.tools/xpack-riscv-none-elf-gcc-15.2.0-1/bin/../lib/gcc/riscv-none-elf/15.2.0/../../../../riscv-none-elf/lib/libg_nano.a(libc_a-snprintf.o),
by_pc,2147520102,1,2,4,5,1,1,0,0,0,sniprintf,/Users/swchen.tw/git/percepio/poc/.tools/xpack-riscv-none-elf-gcc-15.2.0-1/bin/../lib/gcc/riscv-none-elf/15.2.0/../../../../riscv-none-elf/lib/libg_nano.a(libc_a-snprintf.o),
by_pc,2147520104,1,1,2,3,1,0,0,0,0,sniprintf,/Users/swchen.tw/git/percepio/poc/.tools/xpack-riscv-none-elf-gcc-15.2.0-1/bin/../lib/gcc/riscv-none-elf/15.2.0/../../../../riscv-none-elf/lib/libg_nano.a(libc_a-snprintf.o),
by_pc,2147520106,1,1,2,3,1,0,0,0,0,sniprintf,/Users/swchen.tw/git/percepio/poc/.tools/xpack-riscv-none-elf-gcc-15.2.0-1/bin/../lib/gcc/riscv-none-elf/15.2.0/../../../../riscv-none-elf/lib/libg_nano.a(libc_a-snprintf.o),
by_pc,2147493948,1,2,4,5,1,1,0,0,0,poc_mark,/Users/swchen.tw/git/percepio/poc/runs/tcp-workload-matrix-v1/A02-baseline/build/main.o,
by_pc,2147493952,1,27,54,55,1,0,8,18,0,poc_mark,/Users/swchen.tw/git/percepio/poc/runs/tcp-workload-matrix-v1/A02-baseline/build/main.o,
by_pc,2147493954,1,1,2,3,1,0,0,0,0,poc_mark,/Users/swchen.tw/git/percepio/poc/runs/tcp-workload-matrix-v1/A02-baseline/build/main.o,
by_pc,2147493956,1,1,2,3,1,0,0,0,0,poc_mark,/Users/swchen.tw/git/percepio/poc/runs/tcp-workload-matrix-v1/A02-baseline/build/main.o,
by_pc,2147491812,1,27,54,55,1,0,8,18,0,xTracePrintF,/Users/swchen.tw/git/percepio/poc/runs/tcp-workload-matrix-v1/A02-baseline/build/trcPrint.o,
by_pc,2147491814,1,21,42,43,1,1,8,0,11,xTracePrintF,/Users/swchen.tw/git/percepio/poc/runs/tcp-workload-matrix-v1/A02-baseline/build/trcPrint.o,
by_pc,2147491816,1,2,4,5,1,1,0,0,0,xTracePrintF,/Users/swchen.tw/git/percepio/poc/runs/tcp-workload-matrix-v1/A02-baseline/build/trcPrint.o,
by_pc,2147491820,1,21,42,43,1,1,8,0,11,xTracePrintF,/Users/swchen.tw/git/percepio/poc/runs/tcp-workload-matrix-v1/A02-baseline/build/trcPrint.o,
by_pc,2147491822,1,21,42,43,1,1,8,0,11,xTracePrintF,/Users/swchen.tw/git/percepio/poc/runs/tcp-workload-matrix-v1/A02-baseline/build/trcPrint.o,
by_pc,2147491824,1,21,42,43,1,1,8,0,11,xTracePrintF,/Users/swchen.tw/git/percepio/poc/runs/tcp-workload-matrix-v1/A02-baseline/build/trcPrint.o,
by_pc,2147491826,1,21,42,43,1,1,8,0,11,xTracePrintF,/Users/swchen.tw/git/percepio/poc/runs/tcp-workload-matrix-v1/A02-baseline/build/trcPrint.o,
by_pc,2147491828,1,21,42,43,1,1,8,0,11,xTracePrintF,/Users/swchen.tw/git/percepio/poc/runs/tcp-workload-matrix-v1/A02-baseline/build/trcPrint.o,
by_pc,2147491830,1,21,42,43,1,1,8,0,11,xTracePrintF,/Users/swchen.tw/git/percepio/poc/runs/tcp-workload-matrix-v1/A02-baseline/build/trcPrint.o,
by_pc,2147491832,1,1,2,3,1,0,0,0,0,xTracePrintF,/Users/swchen.tw/git/percepio/poc/runs/tcp-workload-matrix-v1/A02-baseline/build/trcPrint.o,
by_pc,2147491836,1,1,2,3,1,0,0,0,0,xTracePrintF,/Users/swchen.tw/git/percepio/poc/runs/tcp-workload-matrix-v1/A02-baseline/build/trcPrint.o,
by_pc,2147491840,1,27,54,55,1,0,8,18,0,xTracePrintF,/Users/swchen.tw/git/percepio/poc/runs/tcp-workload-matrix-v1/A02-baseline/build/trcPrint.o,
by_pc,2147491842,1,1,2,3,1,0,0,0,0,xTracePrintF,/Users/swchen.tw/git/percepio/poc/runs/tcp-workload-matrix-v1/A02-baseline/build/trcPrint.o,
by_pc,2147491844,1,21,42,43,1,1,8,0,11,xTracePrintF,/Users/swchen.tw/git/percepio/poc/runs/tcp-workload-matrix-v1/A02-baseline/build/trcPrint.o,
by_pc,2147491846,1,1,2,3,1,0,0,0,0,xTracePrintF,/Users/swchen.tw/git/percepio/poc/runs/tcp-workload-matrix-v1/A02-baseline/build/trcPrint.o,
by_pc,2147491720,1,28,56,57,1,1,8,18,0,xTraceVPrintF,/Users/swchen.tw/git/percepio/poc/runs/tcp-workload-matrix-v1/A02-baseline/build/trcPrint.o,
by_pc,2147491724,1,1,2,3,1,0,0,0,0,xTraceVPrintF,/Users/swchen.tw/git/percepio/poc/runs/tcp-workload-matrix-v1/A02-baseline/build/trcPrint.o,
by_pc,2147491726,1,1,2,3,1,0,0,0,0,xTraceVPrintF,/Users/swchen.tw/git/percepio/poc/runs/tcp-workload-matrix-v1/A02-baseline/build/trcPrint.o,
by_pc,2147491730,1,1,2,3,1,0,0,0,0,xTraceVPrintF,/Users/swchen.tw/git/percepio/poc/runs/tcp-workload-matrix-v1/A02-baseline/build/trcPrint.o,
by_pc,2147491734,1,1,2,3,1,0,0,0,0,xTraceVPrintF,/Users/swchen.tw/git/percepio/poc/runs/tcp-workload-matrix-v1/A02-baseline/build/trcPrint.o,
by_pc,2147491744,1,1,2,3,1,0,0,0,0,xTraceVPrintF,/Users/swchen.tw/git/percepio/poc/runs/tcp-workload-matrix-v1/A02-baseline/build/trcPrint.o,
by_pc,2147491746,1,1,2,3,1,0,0,0,0,xTraceVPrintF,/Users/swchen.tw/git/percepio/poc/runs/tcp-workload-matrix-v1/A02-baseline/build/trcPrint.o,
by_pc,2147491748,1,1,2,3,1,0,0,0,0,xTraceVPrintF,/Users/swchen.tw/git/percepio/poc/runs/tcp-workload-matrix-v1/A02-baseline/build/trcPrint.o,
by_pc,2147491752,44,44,88,132,44,0,0,0,0,xTraceVPrintF,/Users/swchen.tw/git/percepio/poc/runs/tcp-workload-matrix-v1/A02-baseline/build/trcPrint.o,
by_pc,2147491756,44,88,176,220,44,44,0,0,0,xTraceVPrintF,/Users/swchen.tw/git/percepio/poc/runs/tcp-workload-matrix-v1/A02-baseline/build/trcPrint.o,
by_pc,2147491760,44,44,88,132,44,0,0,0,0,xTraceVPrintF,/Users/swchen.tw/git/percepio/poc/runs/tcp-workload-matrix-v1/A02-baseline/build/trcPrint.o,
by_pc,2147491764,44,44,88,132,44,0,0,0,0,xTraceVPrintF,/Users/swchen.tw/git/percepio/poc/runs/tcp-workload-matrix-v1/A02-baseline/build/trcPrint.o,
by_pc,2147491768,43,43,86,129,43,0,0,0,0,xTraceVPrintF,/Users/swchen.tw/git/percepio/poc/runs/tcp-workload-matrix-v1/A02-baseline/build/trcPrint.o,
by_pc,2147491772,43,43,86,129,43,0,0,0,0,xTraceVPrintF,/Users/swchen.tw/git/percepio/poc/runs/tcp-workload-matrix-v1/A02-baseline/build/trcPrint.o,
by_pc,2147491780,43,43,86,129,43,0,0,0,0,xTraceVPrintF,/Users/swchen.tw/git/percepio/poc/runs/tcp-workload-matrix-v1/A02-baseline/build/trcPrint.o,
by_pc,2147491804,43,43,86,129,43,0,0,0,0,xTraceVPrintF,/Users/swchen.tw/git/percepio/poc/runs/tcp-workload-matrix-v1/A02-baseline/build/trcPrint.o,
by_pc,2147491806,43,43,86,129,43,0,0,0,0,xTraceVPrintF,/Users/swchen.tw/git/percepio/poc/runs/tcp-workload-matrix-v1/A02-baseline/build/trcPrint.o,
by_pc,2147491784,1,1,2,3,1,0,0,0,0,xTraceVPrintF,/Users/swchen.tw/git/percepio/poc/runs/tcp-workload-matrix-v1/A02-baseline/build/trcPrint.o,
by_pc,2147491788,1,2,4,5,1,1,0,0,0,xTraceVPrintF,/Users/swchen.tw/git/percepio/poc/runs/tcp-workload-matrix-v1/A02-baseline/build/trcPrint.o,
by_pc,2147491792,1,1,2,3,1,0,0,0,0,xTraceVPrintF,/Users/swchen.tw/git/percepio/poc/runs/tcp-workload-matrix-v1/A02-baseline/build/trcPrint.o,
by_pc,2147491796,1,1,2,3,1,0,0,0,0,xTraceVPrintF,/Users/swchen.tw/git/percepio/poc/runs/tcp-workload-matrix-v1/A02-baseline/build/trcPrint.o,
by_pc,2147491798,1,1,2,3,1,0,0,0,0,xTraceVPrintF,/Users/swchen.tw/git/percepio/poc/runs/tcp-workload-matrix-v1/A02-baseline/build/trcPrint.o,
by_pc,2147491802,1,1,2,3,1,0,0,0,0,xTraceVPrintF,/Users/swchen.tw/git/percepio/poc/runs/tcp-workload-matrix-v1/A02-baseline/build/trcPrint.o,
by_pc,2147491776,1,1,2,3,1,0,0,0,0,xTraceVPrintF,/Users/swchen.tw/git/percepio/poc/runs/tcp-workload-matrix-v1/A02-baseline/build/trcPrint.o,
by_pc,2147491266,1,27,54,55,1,0,8,18,0,prvTraceVPrintF,/Users/swchen.tw/git/percepio/poc/runs/tcp-workload-matrix-v1/A02-baseline/build/trcPrint.o,
by_pc,2147491268,1,21,42,43,1,1,8,0,11,prvTraceVPrintF,/Users/swchen.tw/git/percepio/poc/runs/tcp-workload-matrix-v1/A02-baseline/build/trcPrint.o,
by_pc,2147491270,1,21,42,43,1,1,8,0,11,prvTraceVPrintF,/Users/swchen.tw/git/percepio/poc/runs/tcp-workload-matrix-v1/A02-baseline/build/trcPrint.o,
by_pc,2147491272,1,21,42,43,1,1,8,0,11,prvTraceVPrintF,/Users/swchen.tw/git/percepio/poc/runs/tcp-workload-matrix-v1/A02-baseline/build/trcPrint.o,
by_pc,2147491274,1,21,42,43,1,1,8,0,11,prvTraceVPrintF,/Users/swchen.tw/git/percepio/poc/runs/tcp-workload-matrix-v1/A02-baseline/build/trcPrint.o,
by_pc,2147491276,1,1,2,3,1,0,0,0,0,prvTraceVPrintF,/Users/swchen.tw/git/percepio/poc/runs/tcp-workload-matrix-v1/A02-baseline/build/trcPrint.o,
by_pc,2147491278,1,1,2,3,1,0,0,0,0,prvTraceVPrintF,/Users/swchen.tw/git/percepio/poc/runs/tcp-workload-matrix-v1/A02-baseline/build/trcPrint.o,
by_pc,2147491280,1,1,2,3,1,0,0,0,0,prvTraceVPrintF,/Users/swchen.tw/git/percepio/poc/runs/tcp-workload-matrix-v1/A02-baseline/build/trcPrint.o,
by_pc,2147491282,1,1,2,3,1,0,0,0,0,prvTraceVPrintF,/Users/swchen.tw/git/percepio/poc/runs/tcp-workload-matrix-v1/A02-baseline/build/trcPrint.o,
by_pc,2147491298,1,1,2,3,1,0,0,0,0,prvTraceVPrintF,/Users/swchen.tw/git/percepio/poc/runs/tcp-workload-matrix-v1/A02-baseline/build/trcPrint.o,
by_pc,2147491300,1,1,2,3,1,0,0,0,0,prvTraceVPrintF,/Users/swchen.tw/git/percepio/poc/runs/tcp-workload-matrix-v1/A02-baseline/build/trcPrint.o,
by_pc,2147491304,1,1,2,3,1,0,0,0,0,prvTraceVPrintF,/Users/swchen.tw/git/percepio/poc/runs/tcp-workload-matrix-v1/A02-baseline/build/trcPrint.o,
by_pc,2147491308,1,1,2,3,1,0,0,0,0,prvTraceVPrintF,/Users/swchen.tw/git/percepio/poc/runs/tcp-workload-matrix-v1/A02-baseline/build/trcPrint.o,
by_pc,2147491312,1,1,2,3,1,0,0,0,0,prvTraceVPrintF,/Users/swchen.tw/git/percepio/poc/runs/tcp-workload-matrix-v1/A02-baseline/build/trcPrint.o,
by_pc,2147491314,1,1,2,3,1,0,0,0,0,prvTraceVPrintF,/Users/swchen.tw/git/percepio/poc/runs/tcp-workload-matrix-v1/A02-baseline/build/trcPrint.o,
by_pc,2147491316,1,2,4,5,1,1,0,0,0,prvTraceVPrintF,/Users/swchen.tw/git/percepio/poc/runs/tcp-workload-matrix-v1/A02-baseline/build/trcPrint.o,
by_pc,2147491318,1,1,2,3,1,0,0,0,0,prvTraceVPrintF,/Users/swchen.tw/git/percepio/poc/runs/tcp-workload-matrix-v1/A02-baseline/build/trcPrint.o,
by_pc,2147491320,1,1,2,3,1,0,0,0,0,prvTraceVPrintF,/Users/swchen.tw/git/percepio/poc/runs/tcp-workload-matrix-v1/A02-baseline/build/trcPrint.o,
by_pc,2147491386,1,28,56,57,1,1,8,18,0,prvTraceVPrintF,/Users/swchen.tw/git/percepio/poc/runs/tcp-workload-matrix-v1/A02-baseline/build/trcPrint.o,
by_pc,2147491388,1,1,2,3,1,0,0,0,0,prvTraceVPrintF,/Users/swchen.tw/git/percepio/poc/runs/tcp-workload-matrix-v1/A02-baseline/build/trcPrint.o,
by_pc,2147491390,1,1,2,3,1,0,0,0,0,prvTraceVPrintF,/Users/swchen.tw/git/percepio/poc/runs/tcp-workload-matrix-v1/A02-baseline/build/trcPrint.o,
by_pc,2147491392,1,27,54,55,1,0,8,18,0,prvTraceVPrintF,/Users/swchen.tw/git/percepio/poc/runs/tcp-workload-matrix-v1/A02-baseline/build/trcPrint.o,
by_pc,2147491396,1,21,42,43,1,1,8,0,11,prvTraceVPrintF,/Users/swchen.tw/git/percepio/poc/runs/tcp-workload-matrix-v1/A02-baseline/build/trcPrint.o,
by_pc,2147491398,1,2,4,5,1,1,0,0,0,prvTraceVPrintF,/Users/swchen.tw/git/percepio/poc/runs/tcp-workload-matrix-v1/A02-baseline/build/trcPrint.o,
by_pc,2147491400,1,2,4,5,1,1,0,0,0,prvTraceVPrintF,/Users/swchen.tw/git/percepio/poc/runs/tcp-workload-matrix-v1/A02-baseline/build/trcPrint.o,
by_pc,2147491402,1,2,4,5,1,1,0,0,0,prvTraceVPrintF,/Users/swchen.tw/git/percepio/poc/runs/tcp-workload-matrix-v1/A02-baseline/build/trcPrint.o,
by_pc,2147491404,1,2,4,5,1,1,0,0,0,prvTraceVPrintF,/Users/swchen.tw/git/percepio/poc/runs/tcp-workload-matrix-v1/A02-baseline/build/trcPrint.o,
by_pc,2147491406,1,2,4,5,1,1,0,0,0,prvTraceVPrintF,/Users/swchen.tw/git/percepio/poc/runs/tcp-workload-matrix-v1/A02-baseline/build/trcPrint.o,
by_pc,2147491408,1,1,2,3,1,0,0,0,0,prvTraceVPrintF,/Users/swchen.tw/git/percepio/poc/runs/tcp-workload-matrix-v1/A02-baseline/build/trcPrint.o,
by_pc,2147491410,1,1,2,3,1,0,0,0,0,prvTraceVPrintF,/Users/swchen.tw/git/percepio/poc/runs/tcp-workload-matrix-v1/A02-baseline/build/trcPrint.o,
by_pc,2147491414,1,1,2,3,1,0,0,0,0,prvTraceVPrintF,/Users/swchen.tw/git/percepio/poc/runs/tcp-workload-matrix-v1/A02-baseline/build/trcPrint.o,
by_pc,2147491416,1,1,2,3,1,0,0,0,0,prvTraceVPrintF,/Users/swchen.tw/git/percepio/poc/runs/tcp-workload-matrix-v1/A02-baseline/build/trcPrint.o,
by_pc,2147489598,1,27,54,55,1,0,8,18,0,xTraceEventCreateData2,/Users/swchen.tw/git/percepio/poc/runs/tcp-workload-matrix-v1/A02-baseline/build/trcEvent.o,
by_pc,2147489600,1,47,94,95,1,1,16,18,11,xTraceEventCreateData2,/Users/swchen.tw/git/percepio/poc/runs/tcp-workload-matrix-v1/A02-baseline/build/trcEvent.o,
by_pc,2147489602,1,1,2,3,1,0,0,0,0,xTraceEventCreateData2,/Users/swchen.tw/git/percepio/poc/runs/tcp-workload-matrix-v1/A02-baseline/build/trcEvent.o,
by_pc,2147489606,1,1,2,3,1,0,0,0,0,xTraceEventCreateData2,/Users/swchen.tw/git/percepio/poc/runs/tcp-workload-matrix-v1/A02-baseline/build/trcEvent.o,
by_pc,2147489608,1,21,42,43,1,1,8,0,11,xTraceEventCreateData2,/Users/swchen.tw/git/percepio/poc/runs/tcp-workload-matrix-v1/A02-baseline/build/trcEvent.o,
by_pc,2147489610,1,21,42,43,1,1,8,0,11,xTraceEventCreateData2,/Users/swchen.tw/git/percepio/poc/runs/tcp-workload-matrix-v1/A02-baseline/build/trcEvent.o,
by_pc,2147489612,1,21,42,43,1,1,8,0,11,xTraceEventCreateData2,/Users/swchen.tw/git/percepio/poc/runs/tcp-workload-matrix-v1/A02-baseline/build/trcEvent.o,
by_pc,2147489614,1,21,42,43,1,1,8,0,11,xTraceEventCreateData2,/Users/swchen.tw/git/percepio/poc/runs/tcp-workload-matrix-v1/A02-baseline/build/trcEvent.o,
by_pc,2147489616,1,21,42,43,1,1,8,0,11,xTraceEventCreateData2,/Users/swchen.tw/git/percepio/poc/runs/tcp-workload-matrix-v1/A02-baseline/build/trcEvent.o,
by_pc,2147489618,1,21,42,43,1,1,8,0,11,xTraceEventCreateData2,/Users/swchen.tw/git/percepio/poc/runs/tcp-workload-matrix-v1/A02-baseline/build/trcEvent.o,
by_pc,2147489620,1,21,42,43,1,1,8,0,11,xTraceEventCreateData2,/Users/swchen.tw/git/percepio/poc/runs/tcp-workload-matrix-v1/A02-baseline/build/trcEvent.o,
by_pc,2147489622,1,1,2,3,1,0,0,0,0,xTraceEventCreateData2,/Users/swchen.tw/git/percepio/poc/runs/tcp-workload-matrix-v1/A02-baseline/build/trcEvent.o,
by_pc,2147489626,1,1,2,3,1,0,0,0,0,xTraceEventCreateData2,/Users/swchen.tw/git/percepio/poc/runs/tcp-workload-matrix-v1/A02-baseline/build/trcEvent.o,
by_pc,2147489630,1,1,2,3,1,0,0,0,0,xTraceEventCreateData2,/Users/swchen.tw/git/percepio/poc/runs/tcp-workload-matrix-v1/A02-baseline/build/trcEvent.o,
by_pc,2147489638,1,2,4,5,1,1,0,0,0,xTraceEventCreateData2,/Users/swchen.tw/git/percepio/poc/runs/tcp-workload-matrix-v1/A02-baseline/build/trcEvent.o,
by_pc,2147489642,1,1,2,3,1,0,0,0,0,xTraceEventCreateData2,/Users/swchen.tw/git/percepio/poc/runs/tcp-workload-matrix-v1/A02-baseline/build/trcEvent.o,
by_pc,2147489644,1,1,2,3,1,0,0,0,0,xTraceEventCreateData2,/Users/swchen.tw/git/percepio/poc/runs/tcp-workload-matrix-v1/A02-baseline/build/trcEvent.o,
by_pc,2147489646,1,2,4,5,1,1,0,0,0,xTraceEventCreateData2,/Users/swchen.tw/git/percepio/poc/runs/tcp-workload-matrix-v1/A02-baseline/build/trcEvent.o,
by_pc,2147489650,1,2,4,5,1,1,0,0,0,xTraceEventCreateData2,/Users/swchen.tw/git/percepio/poc/runs/tcp-workload-matrix-v1/A02-baseline/build/trcEvent.o,
by_pc,2147489652,1,1,2,3,1,0,0,0,0,xTraceEventCreateData2,/Users/swchen.tw/git/percepio/poc/runs/tcp-workload-matrix-v1/A02-baseline/build/trcEvent.o,
by_pc,2147489654,1,1,2,3,1,0,0,0,0,xTraceEventCreateData2,/Users/swchen.tw/git/percepio/poc/runs/tcp-workload-matrix-v1/A02-baseline/build/trcEvent.o,
by_pc,2147489656,1,1,2,3,1,0,0,0,0,xTraceEventCreateData2,/Users/swchen.tw/git/percepio/poc/runs/tcp-workload-matrix-v1/A02-baseline/build/trcEvent.o,
by_pc,2147489658,1,1,2,3,1,0,0,0,0,xTraceEventCreateData2,/Users/swchen.tw/git/percepio/poc/runs/tcp-workload-matrix-v1/A02-baseline/build/trcEvent.o,
by_pc,2147489660,1,1,2,3,1,0,0,0,0,xTraceEventCreateData2,/Users/swchen.tw/git/percepio/poc/runs/tcp-workload-matrix-v1/A02-baseline/build/trcEvent.o,
by_pc,2147489664,1,27,54,55,1,0,8,18,0,xTraceEventCreateData2,/Users/swchen.tw/git/percepio/poc/runs/tcp-workload-matrix-v1/A02-baseline/build/trcEvent.o,
by_pc,2147489668,1,2,4,5,1,1,0,0,0,xTraceEventCreateData2,/Users/swchen.tw/git/percepio/poc/runs/tcp-workload-matrix-v1/A02-baseline/build/trcEvent.o,
by_pc,2147489670,1,1,2,3,1,0,0,0,0,xTraceEventCreateData2,/Users/swchen.tw/git/percepio/poc/runs/tcp-workload-matrix-v1/A02-baseline/build/trcEvent.o,
by_pc,2147489672,1,2,4,5,1,1,0,0,0,xTraceEventCreateData2,/Users/swchen.tw/git/percepio/poc/runs/tcp-workload-matrix-v1/A02-baseline/build/trcEvent.o,
by_pc,2147489674,1,1,2,3,1,0,0,0,0,xTraceEventCreateData2,/Users/swchen.tw/git/percepio/poc/runs/tcp-workload-matrix-v1/A02-baseline/build/trcEvent.o,
by_pc,2147489676,1,21,42,43,1,1,8,0,11,xTraceEventCreateData2,/Users/swchen.tw/git/percepio/poc/runs/tcp-workload-matrix-v1/A02-baseline/build/trcEvent.o,
by_pc,2147489678,1,2,4,5,1,1,0,0,0,xTraceEventCreateData2,/Users/swchen.tw/git/percepio/poc/runs/tcp-workload-matrix-v1/A02-baseline/build/trcEvent.o,
by_pc,2147489682,1,2,4,5,1,1,0,0,0,xTraceEventCreateData2,/Users/swchen.tw/git/percepio/poc/runs/tcp-workload-matrix-v1/A02-baseline/build/trcEvent.o,
by_pc,2147489686,1,2,4,5,1,1,0,0,0,xTraceEventCreateData2,/Users/swchen.tw/git/percepio/poc/runs/tcp-workload-matrix-v1/A02-baseline/build/trcEvent.o,
by_pc,2147489688,1,1,2,3,1,0,0,0,0,xTraceEventCreateData2,/Users/swchen.tw/git/percepio/poc/runs/tcp-workload-matrix-v1/A02-baseline/build/trcEvent.o,
by_pc,2147489690,1,1,2,3,1,0,0,0,0,xTraceEventCreateData2,/Users/swchen.tw/git/percepio/poc/runs/tcp-workload-matrix-v1/A02-baseline/build/trcEvent.o,
by_pc,2147489692,1,1,2,3,1,0,0,0,0,xTraceEventCreateData2,/Users/swchen.tw/git/percepio/poc/runs/tcp-workload-matrix-v1/A02-baseline/build/trcEvent.o,
by_pc,2147489694,1,1,2,3,1,0,0,0,0,xTraceEventCreateData2,/Users/swchen.tw/git/percepio/poc/runs/tcp-workload-matrix-v1/A02-baseline/build/trcEvent.o,
by_pc,2147489698,1,1,2,3,1,0,0,0,0,xTraceEventCreateData2,/Users/swchen.tw/git/percepio/poc/runs/tcp-workload-matrix-v1/A02-baseline/build/trcEvent.o,
by_pc,2147489700,1,1,2,3,1,0,0,0,0,xTraceEventCreateData2,/Users/swchen.tw/git/percepio/poc/runs/tcp-workload-matrix-v1/A02-baseline/build/trcEvent.o,
by_pc,2147489702,1,21,42,43,1,1,8,0,11,xTraceEventCreateData2,/Users/swchen.tw/git/percepio/poc/runs/tcp-workload-matrix-v1/A02-baseline/build/trcEvent.o,
by_pc,2147489706,1,2,4,5,1,1,0,0,0,xTraceEventCreateData2,/Users/swchen.tw/git/percepio/poc/runs/tcp-workload-matrix-v1/A02-baseline/build/trcEvent.o,
by_pc,2147489708,1,2,4,5,1,1,0,0,0,xTraceEventCreateData2,/Users/swchen.tw/git/percepio/poc/runs/tcp-workload-matrix-v1/A02-baseline/build/trcEvent.o,
by_pc,2147489710,1,21,42,43,1,1,8,0,11,xTraceEventCreateData2,/Users/swchen.tw/git/percepio/poc/runs/tcp-workload-matrix-v1/A02-baseline/build/trcEvent.o,
by_pc,2147489714,1,1,2,3,1,0,0,0,0,xTraceEventCreateData2,/Users/swchen.tw/git/percepio/poc/runs/tcp-workload-matrix-v1/A02-baseline/build/trcEvent.o,
by_pc,2147489718,1,2,4,5,1,1,0,0,0,xTraceEventCreateData2,/Users/swchen.tw/git/percepio/poc/runs/tcp-workload-matrix-v1/A02-baseline/build/trcEvent.o,
by_pc,2147489722,1,21,42,43,1,1,8,0,11,xTraceEventCreateData2,/Users/swchen.tw/git/percepio/poc/runs/tcp-workload-matrix-v1/A02-baseline/build/trcEvent.o,
by_pc,2147489724,1,2,4,5,1,1,0,0,0,xTraceEventCreateData2,/Users/swchen.tw/git/percepio/poc/runs/tcp-workload-matrix-v1/A02-baseline/build/trcEvent.o,
by_pc,2147489726,1,28,56,57,2,0,8,18,0,xTraceEventCreateData2,/Users/swchen.tw/git/percepio/poc/runs/tcp-workload-matrix-v1/A02-baseline/build/trcEvent.o,
by_pc,2147489736,1,2,4,5,1,1,0,0,0,xTraceEventCreateData2,/Users/swchen.tw/git/percepio/poc/runs/tcp-workload-matrix-v1/A02-baseline/build/trcEvent.o,
by_pc,2147489738,1,1,2,3,1,0,0,0,0,xTraceEventCreateData2,/Users/swchen.tw/git/percepio/poc/runs/tcp-workload-matrix-v1/A02-baseline/build/trcEvent.o,
by_pc,2147489740,1,1,2,3,1,0,0,0,0,xTraceEventCreateData2,/Users/swchen.tw/git/percepio/poc/runs/tcp-workload-matrix-v1/A02-baseline/build/trcEvent.o,
by_pc,2147489742,1,21,42,43,1,1,8,0,11,xTraceEventCreateData2,/Users/swchen.tw/git/percepio/poc/runs/tcp-workload-matrix-v1/A02-baseline/build/trcEvent.o,
by_pc,2147489744,1,21,42,43,1,1,8,0,11,xTraceEventCreateData2,/Users/swchen.tw/git/percepio/poc/runs/tcp-workload-matrix-v1/A02-baseline/build/trcEvent.o,
by_pc,2147489748,1,21,42,43,1,1,8,0,11,xTraceEventCreateData2,/Users/swchen.tw/git/percepio/poc/runs/tcp-workload-matrix-v1/A02-baseline/build/trcEvent.o,
by_pc,2147489752,1,1,2,3,1,0,0,0,0,xTraceEventCreateData2,/Users/swchen.tw/git/percepio/poc/runs/tcp-workload-matrix-v1/A02-baseline/build/trcEvent.o,
by_pc,2147489756,1,1,2,3,1,0,0,0,0,xTraceEventCreateData2,/Users/swchen.tw/git/percepio/poc/runs/tcp-workload-matrix-v1/A02-baseline/build/trcEvent.o,
by_pc,2147489760,1,1,2,3,1,0,0,0,0,xTraceEventCreateData2,/Users/swchen.tw/git/percepio/poc/runs/tcp-workload-matrix-v1/A02-baseline/build/trcEvent.o,
by_pc,2147489762,1,1,2,3,1,0,0,0,0,xTraceEventCreateData2,/Users/swchen.tw/git/percepio/poc/runs/tcp-workload-matrix-v1/A02-baseline/build/trcEvent.o,
by_pc,2147489764,1,1,2,3,1,0,0,0,0,xTraceEventCreateData2,/Users/swchen.tw/git/percepio/poc/runs/tcp-workload-matrix-v1/A02-baseline/build/trcEvent.o,
by_pc,2147489768,1,1,2,3,1,0,0,0,0,xTraceEventCreateData2,/Users/swchen.tw/git/percepio/poc/runs/tcp-workload-matrix-v1/A02-baseline/build/trcEvent.o,
by_pc,2147489770,1,1,2,3,1,0,0,0,0,xTraceEventCreateData2,/Users/swchen.tw/git/percepio/poc/runs/tcp-workload-matrix-v1/A02-baseline/build/trcEvent.o,
by_pc,2147489774,1,1,2,3,1,0,0,0,0,xTraceEventCreateData2,/Users/swchen.tw/git/percepio/poc/runs/tcp-workload-matrix-v1/A02-baseline/build/trcEvent.o,
by_pc,2147489776,1,1,2,3,1,0,0,0,0,xTraceEventCreateData2,/Users/swchen.tw/git/percepio/poc/runs/tcp-workload-matrix-v1/A02-baseline/build/trcEvent.o,
by_pc,2147488456,1,1,2,3,1,0,0,0,0,poc_irq_restore,/Users/swchen.tw/git/percepio/poc/runs/tcp-workload-matrix-v1/A02-baseline/build/trcEvent.o,
by_pc,2147488460,1,1,2,3,1,0,0,0,0,poc_irq_restore,/Users/swchen.tw/git/percepio/poc/runs/tcp-workload-matrix-v1/A02-baseline/build/trcEvent.o,
by_pc,2147489780,1,1,2,3,1,0,0,0,0,xTraceEventCreateData2,/Users/swchen.tw/git/percepio/poc/runs/tcp-workload-matrix-v1/A02-baseline/build/trcEvent.o,
by_pc,2147489782,1,2,4,5,1,1,0,0,0,xTraceEventCreateData2,/Users/swchen.tw/git/percepio/poc/runs/tcp-workload-matrix-v1/A02-baseline/build/trcEvent.o,
by_pc,2147489784,1,2,4,5,1,1,0,0,0,xTraceEventCreateData2,/Users/swchen.tw/git/percepio/poc/runs/tcp-workload-matrix-v1/A02-baseline/build/trcEvent.o,
by_pc,2147489786,1,2,4,5,1,1,0,0,0,xTraceEventCreateData2,/Users/swchen.tw/git/percepio/poc/runs/tcp-workload-matrix-v1/A02-baseline/build/trcEvent.o,
by_pc,2147489788,1,2,4,5,1,1,0,0,0,xTraceEventCreateData2,/Users/swchen.tw/git/percepio/poc/runs/tcp-workload-matrix-v1/A02-baseline/build/trcEvent.o,
by_pc,2147489790,1,2,4,5,1,1,0,0,0,xTraceEventCreateData2,/Users/swchen.tw/git/percepio/poc/runs/tcp-workload-matrix-v1/A02-baseline/build/trcEvent.o,
by_pc,2147489792,1,28,56,57,1,1,8,18,0,xTraceEventCreateData2,/Users/swchen.tw/git/percepio/poc/runs/tcp-workload-matrix-v1/A02-baseline/build/trcEvent.o,
by_pc,2147489794,1,2,4,5,1,1,0,0,0,xTraceEventCreateData2,/Users/swchen.tw/git/percepio/poc/runs/tcp-workload-matrix-v1/A02-baseline/build/trcEvent.o,
by_pc,2147489796,1,1,2,3,1,0,0,0,0,xTraceEventCreateData2,/Users/swchen.tw/git/percepio/poc/runs/tcp-workload-matrix-v1/A02-baseline/build/trcEvent.o,
by_pc,2147489798,1,1,2,3,1,0,0,0,0,xTraceEventCreateData2,/Users/swchen.tw/git/percepio/poc/runs/tcp-workload-matrix-v1/A02-baseline/build/trcEvent.o,
by_pc,2147489800,1,1,2,3,1,0,0,0,0,xTraceEventCreateData2,/Users/swchen.tw/git/percepio/poc/runs/tcp-workload-matrix-v1/A02-baseline/build/trcEvent.o,
by_pc,2147491848,1,2,4,5,1,1,0,0,0,xTracePrintF,/Users/swchen.tw/git/percepio/poc/runs/tcp-workload-matrix-v1/A02-baseline/build/trcPrint.o,
by_pc,2147491850,1,1,2,3,1,0,0,0,0,xTracePrintF,/Users/swchen.tw/git/percepio/poc/runs/tcp-workload-matrix-v1/A02-baseline/build/trcPrint.o,
by_pc,2147491852,1,1,2,3,1,0,0,0,0,xTracePrintF,/Users/swchen.tw/git/percepio/poc/runs/tcp-workload-matrix-v1/A02-baseline/build/trcPrint.o,
by_pc,2147493960,1,1,2,3,1,0,0,0,0,poc_mark,/Users/swchen.tw/git/percepio/poc/runs/tcp-workload-matrix-v1/A02-baseline/build/main.o,
by_pc,2147493976,1,2,4,5,1,1,0,0,0,poc_mark,/Users/swchen.tw/git/percepio/poc/runs/tcp-workload-matrix-v1/A02-baseline/build/main.o,
by_pc,2147493978,1,2,4,5,1,1,0,0,0,poc_mark,/Users/swchen.tw/git/percepio/poc/runs/tcp-workload-matrix-v1/A02-baseline/build/main.o,
by_pc,2147493980,1,1,2,3,1,0,0,0,0,poc_mark,/Users/swchen.tw/git/percepio/poc/runs/tcp-workload-matrix-v1/A02-baseline/build/main.o,
by_pc,2147493982,1,1,2,3,1,0,0,0,0,poc_mark,/Users/swchen.tw/git/percepio/poc/runs/tcp-workload-matrix-v1/A02-baseline/build/main.o,
by_pc,2147496060,1,2,4,5,1,1,0,0,0,timing_observer,/Users/swchen.tw/git/percepio/poc/runs/tcp-workload-matrix-v1/A02-baseline/build/tcp_request_response_irq.o,
by_pc,2147496062,1,1,2,3,1,0,0,0,0,timing_observer,/Users/swchen.tw/git/percepio/poc/runs/tcp-workload-matrix-v1/A02-baseline/build/tcp_request_response_irq.o,
by_pc,2147496064,1,9,18,19,1,0,8,0,0,timing_observer,/Users/swchen.tw/git/percepio/poc/runs/tcp-workload-matrix-v1/A02-baseline/build/tcp_request_response_irq.o,
by_pc,2147496066,1,1,2,3,1,0,0,0,0,timing_observer,/Users/swchen.tw/git/percepio/poc/runs/tcp-workload-matrix-v1/A02-baseline/build/tcp_request_response_irq.o,
by_pc,2147486056,1,1,2,3,1,0,0,0,0,vTaskSuspend,/Users/swchen.tw/git/percepio/poc/runs/tcp-workload-matrix-v1/A02-baseline/build/tasks.o,
by_pc,2147486058,1,21,42,43,1,1,8,0,11,vTaskSuspend,/Users/swchen.tw/git/percepio/poc/runs/tcp-workload-matrix-v1/A02-baseline/build/tasks.o,
by_pc,2147486060,1,21,42,43,1,1,8,0,11,vTaskSuspend,/Users/swchen.tw/git/percepio/poc/runs/tcp-workload-matrix-v1/A02-baseline/build/tasks.o,
by_pc,2147486062,1,21,42,43,1,1,8,0,11,vTaskSuspend,/Users/swchen.tw/git/percepio/poc/runs/tcp-workload-matrix-v1/A02-baseline/build/tasks.o,
by_pc,2147486064,1,21,42,43,1,1,8,0,11,vTaskSuspend,/Users/swchen.tw/git/percepio/poc/runs/tcp-workload-matrix-v1/A02-baseline/build/tasks.o,
by_pc,2147486066,1,21,42,43,1,1,8,0,11,vTaskSuspend,/Users/swchen.tw/git/percepio/poc/runs/tcp-workload-matrix-v1/A02-baseline/build/tasks.o,
by_pc,2147486068,1,1,2,3,1,0,0,0,0,vTaskSuspend,/Users/swchen.tw/git/percepio/poc/runs/tcp-workload-matrix-v1/A02-baseline/build/tasks.o,
by_pc,2147486072,1,1,2,3,1,0,0,0,0,vTaskSuspend,/Users/swchen.tw/git/percepio/poc/runs/tcp-workload-matrix-v1/A02-baseline/build/tasks.o,
by_pc,2147486076,1,1,2,3,1,0,0,0,0,vTaskSuspend,/Users/swchen.tw/git/percepio/poc/runs/tcp-workload-matrix-v1/A02-baseline/build/tasks.o,
by_pc,2147486080,1,28,56,57,1,1,8,18,0,vTaskSuspend,/Users/swchen.tw/git/percepio/poc/runs/tcp-workload-matrix-v1/A02-baseline/build/tasks.o,
by_pc,2147486082,1,1,2,3,1,0,0,0,0,vTaskSuspend,/Users/swchen.tw/git/percepio/poc/runs/tcp-workload-matrix-v1/A02-baseline/build/tasks.o,
by_pc,2147486086,1,1,2,3,1,0,0,0,0,vTaskSuspend,/Users/swchen.tw/git/percepio/poc/runs/tcp-workload-matrix-v1/A02-baseline/build/tasks.o,
by_pc,2147486088,1,1,2,3,1,0,0,0,0,vTaskSuspend,/Users/swchen.tw/git/percepio/poc/runs/tcp-workload-matrix-v1/A02-baseline/build/tasks.o,
by_pc,2147486090,1,21,42,43,1,1,8,0,11,vTaskSuspend,/Users/swchen.tw/git/percepio/poc/runs/tcp-workload-matrix-v1/A02-baseline/build/tasks.o,
by_pc,2147486092,1,1,2,3,1,0,0,0,0,vTaskSuspend,/Users/swchen.tw/git/percepio/poc/runs/tcp-workload-matrix-v1/A02-baseline/build/tasks.o,
by_pc,2147486094,1,2,4,5,1,1,0,0,0,vTaskSuspend,/Users/swchen.tw/git/percepio/poc/runs/tcp-workload-matrix-v1/A02-baseline/build/tasks.o,
by_pc,2147486098,1,1,2,3,1,0,0,0,0,vTaskSuspend,/Users/swchen.tw/git/percepio/poc/runs/tcp-workload-matrix-v1/A02-baseline/build/tasks.o,
by_pc,2147486100,1,1,2,3,1,0,0,0,0,vTaskSuspend,/Users/swchen.tw/git/percepio/poc/runs/tcp-workload-matrix-v1/A02-baseline/build/tasks.o,
by_pc,2147486104,1,1,2,3,1,0,0,0,0,vTaskSuspend,/Users/swchen.tw/git/percepio/poc/runs/tcp-workload-matrix-v1/A02-baseline/build/tasks.o,
by_pc,2147486108,1,1,2,3,1,0,0,0,0,vTaskSuspend,/Users/swchen.tw/git/percepio/poc/runs/tcp-workload-matrix-v1/A02-baseline/build/tasks.o,
by_pc,2147486112,1,1,2,3,1,0,0,0,0,vTaskSuspend,/Users/swchen.tw/git/percepio/poc/runs/tcp-workload-matrix-v1/A02-baseline/build/tasks.o,
by_pc,2147486114,1,1,2,3,1,0,0,0,0,vTaskSuspend,/Users/swchen.tw/git/percepio/poc/runs/tcp-workload-matrix-v1/A02-baseline/build/tasks.o,
by_pc,2147486418,1,28,56,57,1,1,8,18,0,uxListRemove,/Users/swchen.tw/git/percepio/poc/runs/tcp-workload-matrix-v1/A02-baseline/build/list.o,
by_pc,2147486420,1,2,4,5,1,1,0,0,0,uxListRemove,/Users/swchen.tw/git/percepio/poc/runs/tcp-workload-matrix-v1/A02-baseline/build/list.o,
by_pc,2147486422,1,2,4,5,1,1,0,0,0,uxListRemove,/Users/swchen.tw/git/percepio/poc/runs/tcp-workload-matrix-v1/A02-baseline/build/list.o,
by_pc,2147486424,1,21,42,43,1,1,8,0,11,uxListRemove,/Users/swchen.tw/git/percepio/poc/runs/tcp-workload-matrix-v1/A02-baseline/build/list.o,
by_pc,2147486426,1,2,4,5,1,1,0,0,0,uxListRemove,/Users/swchen.tw/git/percepio/poc/runs/tcp-workload-matrix-v1/A02-baseline/build/list.o,
by_pc,2147486428,1,21,42,43,1,1,8,0,11,uxListRemove,/Users/swchen.tw/git/percepio/poc/runs/tcp-workload-matrix-v1/A02-baseline/build/list.o,
by_pc,2147486430,1,2,4,5,1,1,0,0,0,uxListRemove,/Users/swchen.tw/git/percepio/poc/runs/tcp-workload-matrix-v1/A02-baseline/build/list.o,
by_pc,2147486432,1,1,2,3,1,0,0,0,0,uxListRemove,/Users/swchen.tw/git/percepio/poc/runs/tcp-workload-matrix-v1/A02-baseline/build/list.o,
by_pc,2147486436,1,2,4,5,1,1,0,0,0,uxListRemove,/Users/swchen.tw/git/percepio/poc/runs/tcp-workload-matrix-v1/A02-baseline/build/list.o,
by_pc,2147486438,1,21,42,43,1,1,8,0,11,uxListRemove,/Users/swchen.tw/git/percepio/poc/runs/tcp-workload-matrix-v1/A02-baseline/build/list.o,
by_pc,2147486440,1,21,42,43,1,1,8,0,11,uxListRemove,/Users/swchen.tw/git/percepio/poc/runs/tcp-workload-matrix-v1/A02-baseline/build/list.o,
by_pc,2147486444,1,2,4,5,1,1,0,0,0,uxListRemove,/Users/swchen.tw/git/percepio/poc/runs/tcp-workload-matrix-v1/A02-baseline/build/list.o,
by_pc,2147486446,1,1,2,3,1,0,0,0,0,uxListRemove,/Users/swchen.tw/git/percepio/poc/runs/tcp-workload-matrix-v1/A02-baseline/build/list.o,
by_pc,2147486448,1,21,42,43,1,1,8,0,11,uxListRemove,/Users/swchen.tw/git/percepio/poc/runs/tcp-workload-matrix-v1/A02-baseline/build/list.o,
by_pc,2147486450,1,1,2,3,1,0,0,0,0,uxListRemove,/Users/swchen.tw/git/percepio/poc/runs/tcp-workload-matrix-v1/A02-baseline/build/list.o,
by_pc,2147486116,1,1,2,3,1,0,0,0,0,vTaskSuspend,/Users/swchen.tw/git/percepio/poc/runs/tcp-workload-matrix-v1/A02-baseline/build/tasks.o,
by_pc,2147486118,1,2,4,5,1,1,0,0,0,vTaskSuspend,/Users/swchen.tw/git/percepio/poc/runs/tcp-workload-matrix-v1/A02-baseline/build/tasks.o,
by_pc,2147486120,1,1,2,3,1,0,0,0,0,vTaskSuspend,/Users/swchen.tw/git/percepio/poc/runs/tcp-workload-matrix-v1/A02-baseline/build/tasks.o,
by_pc,2147486122,1,1,2,3,1,0,0,0,0,vTaskSuspend,/Users/swchen.tw/git/percepio/poc/runs/tcp-workload-matrix-v1/A02-baseline/build/tasks.o,
by_pc,2147486126,1,1,2,3,1,0,0,0,0,vTaskSuspend,/Users/swchen.tw/git/percepio/poc/runs/tcp-workload-matrix-v1/A02-baseline/build/tasks.o,
by_pc,2147486130,1,1,2,3,1,0,0,0,0,vTaskSuspend,/Users/swchen.tw/git/percepio/poc/runs/tcp-workload-matrix-v1/A02-baseline/build/tasks.o,
by_pc,2147486132,1,2,4,5,1,1,0,0,0,vTaskSuspend,/Users/swchen.tw/git/percepio/poc/runs/tcp-workload-matrix-v1/A02-baseline/build/tasks.o,
by_pc,2147486134,1,1,2,3,1,0,0,0,0,vTaskSuspend,/Users/swchen.tw/git/percepio/poc/runs/tcp-workload-matrix-v1/A02-baseline/build/tasks.o,
by_pc,2147486136,1,1,2,3,1,0,0,0,0,vTaskSuspend,/Users/swchen.tw/git/percepio/poc/runs/tcp-workload-matrix-v1/A02-baseline/build/tasks.o,
by_pc,2147486140,1,2,4,5,1,1,0,0,0,vTaskSuspend,/Users/swchen.tw/git/percepio/poc/runs/tcp-workload-matrix-v1/A02-baseline/build/tasks.o,
by_pc,2147486142,1,1,2,3,1,0,0,0,0,vTaskSuspend,/Users/swchen.tw/git/percepio/poc/runs/tcp-workload-matrix-v1/A02-baseline/build/tasks.o,
by_pc,2147486144,1,27,54,55,1,0,8,18,0,vTaskSuspend,/Users/swchen.tw/git/percepio/poc/runs/tcp-workload-matrix-v1/A02-baseline/build/tasks.o,
by_pc,2147486148,1,1,2,3,1,0,0,0,0,vTaskSuspend,/Users/swchen.tw/git/percepio/poc/runs/tcp-workload-matrix-v1/A02-baseline/build/tasks.o,
by_pc,2147486152,1,1,2,3,1,0,0,0,0,vTaskSuspend,/Users/swchen.tw/git/percepio/poc/runs/tcp-workload-matrix-v1/A02-baseline/build/tasks.o,
by_pc,2147486154,1,21,42,43,1,1,8,0,11,vTaskSuspend,/Users/swchen.tw/git/percepio/poc/runs/tcp-workload-matrix-v1/A02-baseline/build/tasks.o,
by_pc,2147486156,1,2,4,5,1,1,0,0,0,vTaskSuspend,/Users/swchen.tw/git/percepio/poc/runs/tcp-workload-matrix-v1/A02-baseline/build/tasks.o,
by_pc,2147486158,1,1,2,3,1,0,0,0,0,vTaskSuspend,/Users/swchen.tw/git/percepio/poc/runs/tcp-workload-matrix-v1/A02-baseline/build/tasks.o,
by_pc,2147486166,1,1,2,3,1,0,0,0,0,vTaskSuspend,/Users/swchen.tw/git/percepio/poc/runs/tcp-workload-matrix-v1/A02-baseline/build/tasks.o,
by_pc,2147486168,1,1,2,3,1,0,0,0,0,vTaskSuspend,/Users/swchen.tw/git/percepio/poc/runs/tcp-workload-matrix-v1/A02-baseline/build/tasks.o,
by_pc,2147486172,1,1,2,3,1,0,0,0,0,vTaskSuspend,/Users/swchen.tw/git/percepio/poc/runs/tcp-workload-matrix-v1/A02-baseline/build/tasks.o,
by_pc,2147486350,1,28,56,57,1,1,8,18,0,vListInsertEnd,/Users/swchen.tw/git/percepio/poc/runs/tcp-workload-matrix-v1/A02-baseline/build/list.o,
by_pc,2147486352,1,21,42,43,1,1,8,0,11,vListInsertEnd,/Users/swchen.tw/git/percepio/poc/runs/tcp-workload-matrix-v1/A02-baseline/build/list.o,
by_pc,2147486354,1,2,4,5,1,1,0,0,0,vListInsertEnd,/Users/swchen.tw/git/percepio/poc/runs/tcp-workload-matrix-v1/A02-baseline/build/list.o,
by_pc,2147486356,1,21,42,43,1,1,8,0,11,vListInsertEnd,/Users/swchen.tw/git/percepio/poc/runs/tcp-workload-matrix-v1/A02-baseline/build/list.o,
by_pc,2147486358,1,21,42,43,1,1,8,0,11,vListInsertEnd,/Users/swchen.tw/git/percepio/poc/runs/tcp-workload-matrix-v1/A02-baseline/build/list.o,
by_pc,2147486360,1,21,42,43,1,1,8,0,11,vListInsertEnd,/Users/swchen.tw/git/percepio/poc/runs/tcp-workload-matrix-v1/A02-baseline/build/list.o,
by_pc,2147486362,1,21,42,43,1,1,8,0,11,vListInsertEnd,/Users/swchen.tw/git/percepio/poc/runs/tcp-workload-matrix-v1/A02-baseline/build/list.o,
by_pc,2147486364,1,2,4,5,1,1,0,0,0,vListInsertEnd,/Users/swchen.tw/git/percepio/poc/runs/tcp-workload-matrix-v1/A02-baseline/build/list.o,
by_pc,2147486366,1,1,2,3,1,0,0,0,0,vListInsertEnd,/Users/swchen.tw/git/percepio/poc/runs/tcp-workload-matrix-v1/A02-baseline/build/list.o,
by_pc,2147486368,1,21,42,43,1,1,8,0,11,vListInsertEnd,/Users/swchen.tw/git/percepio/poc/runs/tcp-workload-matrix-v1/A02-baseline/build/list.o,
by_pc,2147486370,1,1,2,3,1,0,0,0,0,vListInsertEnd,/Users/swchen.tw/git/percepio/poc/runs/tcp-workload-matrix-v1/A02-baseline/build/list.o,
by_pc,2147486174,1,28,56,57,1,1,8,18,0,vTaskSuspend,/Users/swchen.tw/git/percepio/poc/runs/tcp-workload-matrix-v1/A02-baseline/build/tasks.o,
by_pc,2147486178,1,1,2,3,1,0,0,0,0,vTaskSuspend,/Users/swchen.tw/git/percepio/poc/runs/tcp-workload-matrix-v1/A02-baseline/build/tasks.o,
by_pc,2147486180,1,1,2,3,1,0,0,0,0,vTaskSuspend,/Users/swchen.tw/git/percepio/poc/runs/tcp-workload-matrix-v1/A02-baseline/build/tasks.o,
by_pc,2147486188,1,2,4,5,1,1,0,0,0,vTaskSuspend,/Users/swchen.tw/git/percepio/poc/runs/tcp-workload-matrix-v1/A02-baseline/build/tasks.o,
by_pc,2147486190,1,1,2,3,1,0,0,0,0,vTaskSuspend,/Users/swchen.tw/git/percepio/poc/runs/tcp-workload-matrix-v1/A02-baseline/build/tasks.o,
by_pc,2147486192,1,21,42,43,1,1,8,0,11,vTaskSuspend,/Users/swchen.tw/git/percepio/poc/runs/tcp-workload-matrix-v1/A02-baseline/build/tasks.o,
by_pc,2147486194,1,1,2,3,1,0,0,0,0,vTaskSuspend,/Users/swchen.tw/git/percepio/poc/runs/tcp-workload-matrix-v1/A02-baseline/build/tasks.o,
by_pc,2147486196,1,1,2,3,1,0,0,0,0,vTaskSuspend,/Users/swchen.tw/git/percepio/poc/runs/tcp-workload-matrix-v1/A02-baseline/build/tasks.o,
by_pc,2147486200,1,1,2,3,1,0,0,0,0,vTaskSuspend,/Users/swchen.tw/git/percepio/poc/runs/tcp-workload-matrix-v1/A02-baseline/build/tasks.o,
by_pc,2147486204,1,2,4,5,1,1,0,0,0,vTaskSuspend,/Users/swchen.tw/git/percepio/poc/runs/tcp-workload-matrix-v1/A02-baseline/build/tasks.o,
by_pc,2147486208,1,27,54,55,1,0,8,18,0,vTaskSuspend,/Users/swchen.tw/git/percepio/poc/runs/tcp-workload-matrix-v1/A02-baseline/build/tasks.o,
by_pc,2147486210,1,1,2,3,1,0,0,0,0,vTaskSuspend,/Users/swchen.tw/git/percepio/poc/runs/tcp-workload-matrix-v1/A02-baseline/build/tasks.o,
by_pc,2147486214,1,2,4,5,1,1,0,0,0,vTaskSuspend,/Users/swchen.tw/git/percepio/poc/runs/tcp-workload-matrix-v1/A02-baseline/build/tasks.o,
by_pc,2147486216,1,1,2,3,1,0,0,0,0,vTaskSuspend,/Users/swchen.tw/git/percepio/poc/runs/tcp-workload-matrix-v1/A02-baseline/build/tasks.o,
by_pc,2147486218,1,21,42,43,1,1,8,0,11,vTaskSuspend,/Users/swchen.tw/git/percepio/poc/runs/tcp-workload-matrix-v1/A02-baseline/build/tasks.o,
by_pc,2147486220,1,1,2,3,1,0,0,0,0,vTaskSuspend,/Users/swchen.tw/git/percepio/poc/runs/tcp-workload-matrix-v1/A02-baseline/build/tasks.o,
by_pc,2147484174,1,27,54,55,1,0,8,18,0,prvResetNextTaskUnblockTime,/Users/swchen.tw/git/percepio/poc/runs/tcp-workload-matrix-v1/A02-baseline/build/tasks.o,
by_pc,2147484178,1,2,4,5,1,1,0,0,0,prvResetNextTaskUnblockTime,/Users/swchen.tw/git/percepio/poc/runs/tcp-workload-matrix-v1/A02-baseline/build/tasks.o,
by_pc,2147484180,1,2,4,5,1,1,0,0,0,prvResetNextTaskUnblockTime,/Users/swchen.tw/git/percepio/poc/runs/tcp-workload-matrix-v1/A02-baseline/build/tasks.o,
by_pc,2147484182,1,1,2,3,1,0,0,0,0,prvResetNextTaskUnblockTime,/Users/swchen.tw/git/percepio/poc/runs/tcp-workload-matrix-v1/A02-baseline/build/tasks.o,
by_pc,2147484184,1,1,2,3,1,0,0,0,0,prvResetNextTaskUnblockTime,/Users/swchen.tw/git/percepio/poc/runs/tcp-workload-matrix-v1/A02-baseline/build/tasks.o,
by_pc,2147484186,1,21,42,43,1,1,8,0,11,prvResetNextTaskUnblockTime,/Users/swchen.tw/git/percepio/poc/runs/tcp-workload-matrix-v1/A02-baseline/build/tasks.o,
by_pc,2147484190,1,1,2,3,1,0,0,0,0,prvResetNextTaskUnblockTime,/Users/swchen.tw/git/percepio/poc/runs/tcp-workload-matrix-v1/A02-baseline/build/tasks.o,
by_pc,2147486224,1,2,4,5,1,1,0,0,0,vTaskSuspend,/Users/swchen.tw/git/percepio/poc/runs/tcp-workload-matrix-v1/A02-baseline/build/tasks.o,
by_pc,2147486226,1,1,2,3,1,0,0,0,0,vTaskSuspend,/Users/swchen.tw/git/percepio/poc/runs/tcp-workload-matrix-v1/A02-baseline/build/tasks.o,
by_pc,2147486228,1,21,42,43,1,1,8,0,11,vTaskSuspend,/Users/swchen.tw/git/percepio/poc/runs/tcp-workload-matrix-v1/A02-baseline/build/tasks.o,
by_pc,2147486230,1,1,2,3,1,0,0,0,0,vTaskSuspend,/Users/swchen.tw/git/percepio/poc/runs/tcp-workload-matrix-v1/A02-baseline/build/tasks.o,
by_pc,2147486232,1,1,2,3,1,0,0,0,0,vTaskSuspend,/Users/swchen.tw/git/percepio/poc/runs/tcp-workload-matrix-v1/A02-baseline/build/tasks.o,
by_pc,2147486236,1,2,4,5,1,1,0,0,0,vTaskSuspend,/Users/swchen.tw/git/percepio/poc/runs/tcp-workload-matrix-v1/A02-baseline/build/tasks.o,
by_pc,2147486240,1,1,2,3,1,0,0,0,0,vTaskSuspend,/Users/swchen.tw/git/percepio/poc/runs/tcp-workload-matrix-v1/A02-baseline/build/tasks.o,
by_pc,2147486244,1,2,4,5,1,1,0,0,0,vTaskSuspend,/Users/swchen.tw/git/percepio/poc/runs/tcp-workload-matrix-v1/A02-baseline/build/tasks.o,
by_pc,2147486248,1,1,2,3,1,0,0,0,0,vTaskSuspend,/Users/swchen.tw/git/percepio/poc/runs/tcp-workload-matrix-v1/A02-baseline/build/tasks.o,
by_pc,2147486250,1,2,4,5,1,1,0,0,0,vTaskSuspend,/Users/swchen.tw/git/percepio/poc/runs/tcp-workload-matrix-v1/A02-baseline/build/tasks.o,
by_pc,2147486254,1,1,2,3,1,0,0,0,0,vTaskSuspend,/Users/swchen.tw/git/percepio/poc/runs/tcp-workload-matrix-v1/A02-baseline/build/tasks.o,
by_pc,2147486274,1,27,54,55,1,0,8,18,0,vTaskSuspend,/Users/swchen.tw/git/percepio/poc/runs/tcp-workload-matrix-v1/A02-baseline/build/tasks.o,
by_pc,2147519592,1,1,2,3,1,0,0,0,0,unresolved@/Users/swchen.tw/git/percepio/poc/runs/tcp-workload-matrix-v1/A02-baseline/build/portASM.o:2147519488,/Users/swchen.tw/git/percepio/poc/runs/tcp-workload-matrix-v1/A02-baseline/build/portASM.o,
by_pc,2147519594,1,21,42,43,1,1,8,0,11,unresolved@/Users/swchen.tw/git/percepio/poc/runs/tcp-workload-matrix-v1/A02-baseline/build/portASM.o:2147519488,/Users/swchen.tw/git/percepio/poc/runs/tcp-workload-matrix-v1/A02-baseline/build/portASM.o,
by_pc,2147519596,1,2,4,5,1,1,0,0,0,unresolved@/Users/swchen.tw/git/percepio/poc/runs/tcp-workload-matrix-v1/A02-baseline/build/portASM.o:2147519488,/Users/swchen.tw/git/percepio/poc/runs/tcp-workload-matrix-v1/A02-baseline/build/portASM.o,
by_pc,2147519600,1,1,2,3,1,0,0,0,0,unresolved@/Users/swchen.tw/git/percepio/poc/runs/tcp-workload-matrix-v1/A02-baseline/build/portASM.o:2147519488,/Users/swchen.tw/git/percepio/poc/runs/tcp-workload-matrix-v1/A02-baseline/build/portASM.o,
by_pc,2147519674,1,1,2,3,1,0,0,0,0,unresolved@/Users/swchen.tw/git/percepio/poc/runs/tcp-workload-matrix-v1/A02-baseline/build/portASM.o:2147519488,/Users/swchen.tw/git/percepio/poc/runs/tcp-workload-matrix-v1/A02-baseline/build/portASM.o,
by_pc,2147519676,1,1,2,3,1,0,0,0,0,unresolved@/Users/swchen.tw/git/percepio/poc/runs/tcp-workload-matrix-v1/A02-baseline/build/portASM.o:2147519488,/Users/swchen.tw/git/percepio/poc/runs/tcp-workload-matrix-v1/A02-baseline/build/portASM.o,
by_pc,2147519680,1,1,2,3,1,0,0,0,0,unresolved@/Users/swchen.tw/git/percepio/poc/runs/tcp-workload-matrix-v1/A02-baseline/build/portASM.o:2147519488,/Users/swchen.tw/git/percepio/poc/runs/tcp-workload-matrix-v1/A02-baseline/build/portASM.o,
by_pc,2147486024,1,2,4,5,1,1,0,0,0,vTaskSwitchContext,/Users/swchen.tw/git/percepio/poc/runs/tcp-workload-matrix-v1/A02-baseline/build/tasks.o,
by_pc,2147486026,1,21,42,43,1,1,8,0,11,vTaskSwitchContext,/Users/swchen.tw/git/percepio/poc/runs/tcp-workload-matrix-v1/A02-baseline/build/tasks.o,
by_pc,2147519684,1,1,2,3,1,0,0,0,0,unresolved@/Users/swchen.tw/git/percepio/poc/runs/tcp-workload-matrix-v1/A02-baseline/build/portASM.o:2147519488,/Users/swchen.tw/git/percepio/poc/runs/tcp-workload-matrix-v1/A02-baseline/build/portASM.o,
by_pc,2147497518,1,2,4,5,1,1,0,0,0,session_task,/Users/swchen.tw/git/percepio/poc/runs/tcp-workload-matrix-v1/A02-baseline/build/tcp_request_response_irq.o,
by_pc,2147497520,1,2,4,5,1,1,0,0,0,session_task,/Users/swchen.tw/git/percepio/poc/runs/tcp-workload-matrix-v1/A02-baseline/build/tcp_request_response_irq.o,
by_pc,2147497522,1,1,2,3,1,0,0,0,0,session_task,/Users/swchen.tw/git/percepio/poc/runs/tcp-workload-matrix-v1/A02-baseline/build/tcp_request_response_irq.o,
by_pc,2147497524,1,1,2,3,1,0,0,0,0,session_task,/Users/swchen.tw/git/percepio/poc/runs/tcp-workload-matrix-v1/A02-baseline/build/tcp_request_response_irq.o,
by_pc,2147497528,1,21,42,43,1,1,8,0,11,session_task,/Users/swchen.tw/git/percepio/poc/runs/tcp-workload-matrix-v1/A02-baseline/build/tcp_request_response_irq.o,
by_pc,2147497530,1,1,2,3,1,0,0,0,0,session_task,/Users/swchen.tw/git/percepio/poc/runs/tcp-workload-matrix-v1/A02-baseline/build/tcp_request_response_irq.o,
by_pc,2147497532,1,1,2,3,1,0,0,0,0,session_task,/Users/swchen.tw/git/percepio/poc/runs/tcp-workload-matrix-v1/A02-baseline/build/tcp_request_response_irq.o,
by_pc,2147497536,1,27,54,55,1,0,8,18,0,session_task,/Users/swchen.tw/git/percepio/poc/runs/tcp-workload-matrix-v1/A02-baseline/build/tcp_request_response_irq.o,
by_pc,2147497540,1,1,2,3,1,0,0,0,0,session_task,/Users/swchen.tw/git/percepio/poc/runs/tcp-workload-matrix-v1/A02-baseline/build/tcp_request_response_irq.o,
by_pc,2147497542,1,1,2,3,1,0,0,0,0,session_task,/Users/swchen.tw/git/percepio/poc/runs/tcp-workload-matrix-v1/A02-baseline/build/tcp_request_response_irq.o,
by_pc,2147508480,1,10,20,21,1,1,8,0,0,tcp_receive,/Users/swchen.tw/git/percepio/poc/runs/tcp-workload-matrix-v1/A02-baseline/build/tcp_in.o,
by_pc,2147508484,1,1,2,3,1,0,0,0,0,tcp_receive,/Users/swchen.tw/git/percepio/poc/runs/tcp-workload-matrix-v1/A02-baseline/build/tcp_in.o,
by_pc,2147508488,1,21,42,43,1,1,8,0,11,tcp_receive,/Users/swchen.tw/git/percepio/poc/runs/tcp-workload-matrix-v1/A02-baseline/build/tcp_in.o,
by_pc,2147511954,1,2,4,5,1,1,0,0,0,tcp_input,/Users/swchen.tw/git/percepio/poc/runs/tcp-workload-matrix-v1/A02-baseline/build/tcp_in.o,
by_pc,2147511958,1,1,2,3,1,0,0,0,0,tcp_input,/Users/swchen.tw/git/percepio/poc/runs/tcp-workload-matrix-v1/A02-baseline/build/tcp_in.o,
by_pc,2147511962,1,21,42,43,1,1,8,0,11,tcp_input,/Users/swchen.tw/git/percepio/poc/runs/tcp-workload-matrix-v1/A02-baseline/build/tcp_in.o,
by_pc,2147511966,1,1,2,3,1,0,0,0,0,tcp_input,/Users/swchen.tw/git/percepio/poc/runs/tcp-workload-matrix-v1/A02-baseline/build/tcp_in.o,
by_pc,2147511968,1,21,42,43,1,1,8,0,11,tcp_input,/Users/swchen.tw/git/percepio/poc/runs/tcp-workload-matrix-v1/A02-baseline/build/tcp_in.o,
by_pc,2147511970,1,1,2,3,1,0,0,0,0,tcp_input,/Users/swchen.tw/git/percepio/poc/runs/tcp-workload-matrix-v1/A02-baseline/build/tcp_in.o,
by_pc,2147512454,1,2,4,5,1,1,0,0,0,tcp_input,/Users/swchen.tw/git/percepio/poc/runs/tcp-workload-matrix-v1/A02-baseline/build/tcp_in.o,
by_pc,2147512456,1,1,2,3,1,0,0,0,0,tcp_input,/Users/swchen.tw/git/percepio/poc/runs/tcp-workload-matrix-v1/A02-baseline/build/tcp_in.o,
by_pc,2147512500,1,2,4,5,1,1,0,0,0,tcp_input,/Users/swchen.tw/git/percepio/poc/runs/tcp-workload-matrix-v1/A02-baseline/build/tcp_in.o,
by_pc,2147512504,1,1,2,3,1,0,0,0,0,tcp_input,/Users/swchen.tw/git/percepio/poc/runs/tcp-workload-matrix-v1/A02-baseline/build/tcp_in.o,
by_pc,2147512506,1,1,2,3,1,0,0,0,0,tcp_input,/Users/swchen.tw/git/percepio/poc/runs/tcp-workload-matrix-v1/A02-baseline/build/tcp_in.o,
by_pc,2147512510,1,2,4,5,2,0,0,0,0,tcp_input,/Users/swchen.tw/git/percepio/poc/runs/tcp-workload-matrix-v1/A02-baseline/build/tcp_in.o,
by_pc,2147512514,1,1,2,3,1,0,0,0,0,tcp_input,/Users/swchen.tw/git/percepio/poc/runs/tcp-workload-matrix-v1/A02-baseline/build/tcp_in.o,
by_pc,2147512516,1,21,42,43,1,1,8,0,11,tcp_input,/Users/swchen.tw/git/percepio/poc/runs/tcp-workload-matrix-v1/A02-baseline/build/tcp_in.o,
by_pc,2147512520,1,2,4,5,1,1,0,0,0,tcp_input,/Users/swchen.tw/git/percepio/poc/runs/tcp-workload-matrix-v1/A02-baseline/build/tcp_in.o,
by_pc,2147512524,1,1,2,3,1,0,0,0,0,tcp_input,/Users/swchen.tw/git/percepio/poc/runs/tcp-workload-matrix-v1/A02-baseline/build/tcp_in.o,
by_pc,2147512526,1,2,4,5,1,1,0,0,0,tcp_input,/Users/swchen.tw/git/percepio/poc/runs/tcp-workload-matrix-v1/A02-baseline/build/tcp_in.o,
by_pc,2147512528,1,1,2,3,1,0,0,0,0,tcp_input,/Users/swchen.tw/git/percepio/poc/runs/tcp-workload-matrix-v1/A02-baseline/build/tcp_in.o,
by_pc,2147512530,1,1,2,3,1,0,0,0,0,tcp_input,/Users/swchen.tw/git/percepio/poc/runs/tcp-workload-matrix-v1/A02-baseline/build/tcp_in.o,
by_pc,2147512532,1,1,2,3,1,0,0,0,0,tcp_input,/Users/swchen.tw/git/percepio/poc/runs/tcp-workload-matrix-v1/A02-baseline/build/tcp_in.o,
by_pc,2147512534,1,1,2,3,1,0,0,0,0,tcp_input,/Users/swchen.tw/git/percepio/poc/runs/tcp-workload-matrix-v1/A02-baseline/build/tcp_in.o,
by_pc,2147495086,1,1,2,3,1,0,0,0,0,on_recv,/Users/swchen.tw/git/percepio/poc/runs/tcp-workload-matrix-v1/A02-baseline/build/tcp_request_response_irq.o,
by_pc,2147495088,1,21,42,43,1,1,8,0,11,on_recv,/Users/swchen.tw/git/percepio/poc/runs/tcp-workload-matrix-v1/A02-baseline/build/tcp_request_response_irq.o,
by_pc,2147512536,1,1,2,3,1,0,0,0,0,tcp_input,/Users/swchen.tw/git/percepio/poc/runs/tcp-workload-matrix-v1/A02-baseline/build/tcp_in.o,
by_pc,2147512538,1,1,2,3,1,0,0,0,0,tcp_input,/Users/swchen.tw/git/percepio/poc/runs/tcp-workload-matrix-v1/A02-baseline/build/tcp_in.o,
by_pc,2147515816,1,28,56,57,1,1,8,18,0,tcp_output,/Users/swchen.tw/git/percepio/poc/runs/tcp-workload-matrix-v1/A02-baseline/build/tcp_out.o,
by_pc,2147515818,1,2,4,5,1,1,0,0,0,tcp_output,/Users/swchen.tw/git/percepio/poc/runs/tcp-workload-matrix-v1/A02-baseline/build/tcp_out.o,
by_pc,2147515820,1,2,4,5,1,1,0,0,0,tcp_output,/Users/swchen.tw/git/percepio/poc/runs/tcp-workload-matrix-v1/A02-baseline/build/tcp_out.o,
by_pc,2147515822,1,2,4,5,1,1,0,0,0,tcp_output,/Users/swchen.tw/git/percepio/poc/runs/tcp-workload-matrix-v1/A02-baseline/build/tcp_out.o,
by_pc,2147515824,1,2,4,5,1,1,0,0,0,tcp_output,/Users/swchen.tw/git/percepio/poc/runs/tcp-workload-matrix-v1/A02-baseline/build/tcp_out.o,
by_pc,2147515826,1,2,4,5,1,1,0,0,0,tcp_output,/Users/swchen.tw/git/percepio/poc/runs/tcp-workload-matrix-v1/A02-baseline/build/tcp_out.o,
by_pc,2147515828,1,2,4,5,1,1,0,0,0,tcp_output,/Users/swchen.tw/git/percepio/poc/runs/tcp-workload-matrix-v1/A02-baseline/build/tcp_out.o,
by_pc,2147515830,1,2,4,5,1,1,0,0,0,tcp_output,/Users/swchen.tw/git/percepio/poc/runs/tcp-workload-matrix-v1/A02-baseline/build/tcp_out.o,
by_pc,2147515832,1,2,4,5,1,1,0,0,0,tcp_output,/Users/swchen.tw/git/percepio/poc/runs/tcp-workload-matrix-v1/A02-baseline/build/tcp_out.o,
by_pc,2147515834,1,2,4,5,1,1,0,0,0,tcp_output,/Users/swchen.tw/git/percepio/poc/runs/tcp-workload-matrix-v1/A02-baseline/build/tcp_out.o,
by_pc,2147515836,1,2,4,5,1,1,0,0,0,tcp_output,/Users/swchen.tw/git/percepio/poc/runs/tcp-workload-matrix-v1/A02-baseline/build/tcp_out.o,
by_pc,2147515838,1,2,4,5,1,1,0,0,0,tcp_output,/Users/swchen.tw/git/percepio/poc/runs/tcp-workload-matrix-v1/A02-baseline/build/tcp_out.o,
by_pc,2147515840,1,9,18,19,1,0,8,0,0,tcp_output,/Users/swchen.tw/git/percepio/poc/runs/tcp-workload-matrix-v1/A02-baseline/build/tcp_out.o,
by_pc,2147515842,1,1,2,3,1,0,0,0,0,tcp_output,/Users/swchen.tw/git/percepio/poc/runs/tcp-workload-matrix-v1/A02-baseline/build/tcp_out.o,
by_pc,2147515512,1,27,54,55,1,0,8,18,0,tcp_send_empty_ack,/Users/swchen.tw/git/percepio/poc/runs/tcp-workload-matrix-v1/A02-baseline/build/tcp_out.o,
by_pc,2147515514,1,21,42,43,1,1,8,0,11,tcp_send_empty_ack,/Users/swchen.tw/git/percepio/poc/runs/tcp-workload-matrix-v1/A02-baseline/build/tcp_out.o,
by_pc,2147515516,1,21,42,43,1,1,8,0,11,tcp_send_empty_ack,/Users/swchen.tw/git/percepio/poc/runs/tcp-workload-matrix-v1/A02-baseline/build/tcp_out.o,
by_pc,2147515518,1,1,2,3,1,0,0,0,0,tcp_send_empty_ack,/Users/swchen.tw/git/percepio/poc/runs/tcp-workload-matrix-v1/A02-baseline/build/tcp_out.o,
by_pc,2147515520,1,28,56,57,1,1,8,18,0,tcp_send_empty_ack,/Users/swchen.tw/git/percepio/poc/runs/tcp-workload-matrix-v1/A02-baseline/build/tcp_out.o,
by_pc,2147515522,1,1,2,3,1,0,0,0,0,tcp_send_empty_ack,/Users/swchen.tw/git/percepio/poc/runs/tcp-workload-matrix-v1/A02-baseline/build/tcp_out.o,
by_pc,2147515526,1,1,2,3,1,0,0,0,0,tcp_send_empty_ack,/Users/swchen.tw/git/percepio/poc/runs/tcp-workload-matrix-v1/A02-baseline/build/tcp_out.o,
by_pc,2147515528,1,1,2,3,1,0,0,0,0,tcp_send_empty_ack,/Users/swchen.tw/git/percepio/poc/runs/tcp-workload-matrix-v1/A02-baseline/build/tcp_out.o,
by_pc,2147515530,1,1,2,3,1,0,0,0,0,tcp_send_empty_ack,/Users/swchen.tw/git/percepio/poc/runs/tcp-workload-matrix-v1/A02-baseline/build/tcp_out.o,
by_pc,2147515532,1,1,2,3,1,0,0,0,0,tcp_send_empty_ack,/Users/swchen.tw/git/percepio/poc/runs/tcp-workload-matrix-v1/A02-baseline/build/tcp_out.o,
by_pc,2147513192,1,27,54,55,1,0,8,18,0,tcp_output_alloc_header.constprop.0,/Users/swchen.tw/git/percepio/poc/runs/tcp-workload-matrix-v1/A02-baseline/build/tcp_out.o,
by_pc,2147513194,1,21,42,43,1,1,8,0,11,tcp_output_alloc_header.constprop.0,/Users/swchen.tw/git/percepio/poc/runs/tcp-workload-matrix-v1/A02-baseline/build/tcp_out.o,
by_pc,2147513196,1,21,42,43,1,1,8,0,11,tcp_output_alloc_header.constprop.0,/Users/swchen.tw/git/percepio/poc/runs/tcp-workload-matrix-v1/A02-baseline/build/tcp_out.o,
by_pc,2147513198,1,2,4,5,1,1,0,0,0,tcp_output_alloc_header.constprop.0,/Users/swchen.tw/git/percepio/poc/runs/tcp-workload-matrix-v1/A02-baseline/build/tcp_out.o,
by_pc,2147513202,1,2,4,5,1,1,0,0,0,tcp_output_alloc_header.constprop.0,/Users/swchen.tw/git/percepio/poc/runs/tcp-workload-matrix-v1/A02-baseline/build/tcp_out.o,
by_pc,2147513206,1,2,4,5,1,1,0,0,0,tcp_output_alloc_header.constprop.0,/Users/swchen.tw/git/percepio/poc/runs/tcp-workload-matrix-v1/A02-baseline/build/tcp_out.o,
by_pc,2147513210,1,1,2,3,1,0,0,0,0,tcp_output_alloc_header.constprop.0,/Users/swchen.tw/git/percepio/poc/runs/tcp-workload-matrix-v1/A02-baseline/build/tcp_out.o,
by_pc,2147513212,1,2,4,5,1,1,0,0,0,tcp_output_alloc_header.constprop.0,/Users/swchen.tw/git/percepio/poc/runs/tcp-workload-matrix-v1/A02-baseline/build/tcp_out.o,
by_pc,2147513214,1,1,2,3,1,0,0,0,0,tcp_output_alloc_header.constprop.0,/Users/swchen.tw/git/percepio/poc/runs/tcp-workload-matrix-v1/A02-baseline/build/tcp_out.o,
by_pc,2147513216,1,27,54,55,1,0,8,18,0,tcp_output_alloc_header.constprop.0,/Users/swchen.tw/git/percepio/poc/runs/tcp-workload-matrix-v1/A02-baseline/build/tcp_out.o,
by_pc,2147512974,1,27,54,55,1,0,8,18,0,tcp_output_alloc_header_common.constprop.0,/Users/swchen.tw/git/percepio/poc/runs/tcp-workload-matrix-v1/A02-baseline/build/tcp_out.o,
by_pc,2147512976,1,1,2,3,1,0,0,0,0,tcp_output_alloc_header_common.constprop.0,/Users/swchen.tw/git/percepio/poc/runs/tcp-workload-matrix-v1/A02-baseline/build/tcp_out.o,
by_pc,2147512978,1,1,2,3,1,0,0,0,0,tcp_output_alloc_header_common.constprop.0,/Users/swchen.tw/git/percepio/poc/runs/tcp-workload-matrix-v1/A02-baseline/build/tcp_out.o,
by_pc,2147512980,1,21,42,43,1,1,8,0,11,tcp_output_alloc_header_common.constprop.0,/Users/swchen.tw/git/percepio/poc/runs/tcp-workload-matrix-v1/A02-baseline/build/tcp_out.o,
by_pc,2147512982,1,21,42,43,1,1,8,0,11,tcp_output_alloc_header_common.constprop.0,/Users/swchen.tw/git/percepio/poc/runs/tcp-workload-matrix-v1/A02-baseline/build/tcp_out.o,
by_pc,2147512984,1,1,2,3,1,0,0,0,0,tcp_output_alloc_header_common.constprop.0,/Users/swchen.tw/git/percepio/poc/runs/tcp-workload-matrix-v1/A02-baseline/build/tcp_out.o,
by_pc,2147512986,1,1,2,3,1,0,0,0,0,tcp_output_alloc_header_common.constprop.0,/Users/swchen.tw/git/percepio/poc/runs/tcp-workload-matrix-v1/A02-baseline/build/tcp_out.o,
by_pc,2147512988,1,1,2,3,1,0,0,0,0,tcp_output_alloc_header_common.constprop.0,/Users/swchen.tw/git/percepio/poc/runs/tcp-workload-matrix-v1/A02-baseline/build/tcp_out.o,
by_pc,2147512992,1,1,2,3,1,0,0,0,0,tcp_output_alloc_header_common.constprop.0,/Users/swchen.tw/git/percepio/poc/runs/tcp-workload-matrix-v1/A02-baseline/build/tcp_out.o,
by_pc,2147512994,1,1,2,3,1,0,0,0,0,tcp_output_alloc_header_common.constprop.0,/Users/swchen.tw/git/percepio/poc/runs/tcp-workload-matrix-v1/A02-baseline/build/tcp_out.o,
by_pc,2147512998,1,21,42,43,1,1,8,0,11,tcp_output_alloc_header_common.constprop.0,/Users/swchen.tw/git/percepio/poc/runs/tcp-workload-matrix-v1/A02-baseline/build/tcp_out.o,
by_pc,2147513000,1,21,42,43,1,1,8,0,11,tcp_output_alloc_header_common.constprop.0,/Users/swchen.tw/git/percepio/poc/runs/tcp-workload-matrix-v1/A02-baseline/build/tcp_out.o,
by_pc,2147513002,1,21,42,43,1,1,8,0,11,tcp_output_alloc_header_common.constprop.0,/Users/swchen.tw/git/percepio/poc/runs/tcp-workload-matrix-v1/A02-baseline/build/tcp_out.o,
by_pc,2147513004,1,21,42,43,1,1,8,0,11,tcp_output_alloc_header_common.constprop.0,/Users/swchen.tw/git/percepio/poc/runs/tcp-workload-matrix-v1/A02-baseline/build/tcp_out.o,
by_pc,2147513006,1,21,42,43,1,1,8,0,11,tcp_output_alloc_header_common.constprop.0,/Users/swchen.tw/git/percepio/poc/runs/tcp-workload-matrix-v1/A02-baseline/build/tcp_out.o,
by_pc,2147513008,1,21,42,43,1,1,8,0,11,tcp_output_alloc_header_common.constprop.0,/Users/swchen.tw/git/percepio/poc/runs/tcp-workload-matrix-v1/A02-baseline/build/tcp_out.o,
by_pc,2147513010,1,21,42,43,1,1,8,0,11,tcp_output_alloc_header_common.constprop.0,/Users/swchen.tw/git/percepio/poc/runs/tcp-workload-matrix-v1/A02-baseline/build/tcp_out.o,
by_pc,2147513012,1,1,2,3,1,0,0,0,0,tcp_output_alloc_header_common.constprop.0,/Users/swchen.tw/git/percepio/poc/runs/tcp-workload-matrix-v1/A02-baseline/build/tcp_out.o,
by_pc,2147513014,1,1,2,3,1,0,0,0,0,tcp_output_alloc_header_common.constprop.0,/Users/swchen.tw/git/percepio/poc/runs/tcp-workload-matrix-v1/A02-baseline/build/tcp_out.o,
by_pc,2147513016,1,1,2,3,1,0,0,0,0,tcp_output_alloc_header_common.constprop.0,/Users/swchen.tw/git/percepio/poc/runs/tcp-workload-matrix-v1/A02-baseline/build/tcp_out.o,
by_pc,2147513018,1,1,2,3,1,0,0,0,0,tcp_output_alloc_header_common.constprop.0,/Users/swchen.tw/git/percepio/poc/runs/tcp-workload-matrix-v1/A02-baseline/build/tcp_out.o,
by_pc,2147513022,1,1,2,3,1,0,0,0,0,tcp_output_alloc_header_common.constprop.0,/Users/swchen.tw/git/percepio/poc/runs/tcp-workload-matrix-v1/A02-baseline/build/tcp_out.o,
by_pc,2147513024,1,27,54,55,1,0,8,18,0,tcp_output_alloc_header_common.constprop.0,/Users/swchen.tw/git/percepio/poc/runs/tcp-workload-matrix-v1/A02-baseline/build/tcp_out.o,
by_pc,2147513026,1,2,4,5,1,1,0,0,0,tcp_output_alloc_header_common.constprop.0,/Users/swchen.tw/git/percepio/poc/runs/tcp-workload-matrix-v1/A02-baseline/build/tcp_out.o,
by_pc,2147513028,1,2,4,5,1,1,0,0,0,tcp_output_alloc_header_common.constprop.0,/Users/swchen.tw/git/percepio/poc/runs/tcp-workload-matrix-v1/A02-baseline/build/tcp_out.o,
by_pc,2147513030,1,1,2,3,1,0,0,0,0,tcp_output_alloc_header_common.constprop.0,/Users/swchen.tw/git/percepio/poc/runs/tcp-workload-matrix-v1/A02-baseline/build/tcp_out.o,
by_pc,2147513034,1,21,42,43,1,1,8,0,11,tcp_output_alloc_header_common.constprop.0,/Users/swchen.tw/git/percepio/poc/runs/tcp-workload-matrix-v1/A02-baseline/build/tcp_out.o,
by_pc,2147513038,1,1,2,3,1,0,0,0,0,tcp_output_alloc_header_common.constprop.0,/Users/swchen.tw/git/percepio/poc/runs/tcp-workload-matrix-v1/A02-baseline/build/tcp_out.o,
by_pc,2147513040,1,21,42,43,1,1,8,0,11,tcp_output_alloc_header_common.constprop.0,/Users/swchen.tw/git/percepio/poc/runs/tcp-workload-matrix-v1/A02-baseline/build/tcp_out.o,
by_pc,2147513044,1,1,2,3,1,0,0,0,0,tcp_output_alloc_header_common.constprop.0,/Users/swchen.tw/git/percepio/poc/runs/tcp-workload-matrix-v1/A02-baseline/build/tcp_out.o,
by_pc,2147513046,1,1,2,3,1,0,0,0,0,tcp_output_alloc_header_common.constprop.0,/Users/swchen.tw/git/percepio/poc/runs/tcp-workload-matrix-v1/A02-baseline/build/tcp_out.o,
by_pc,2147513050,1,1,2,3,1,0,0,0,0,tcp_output_alloc_header_common.constprop.0,/Users/swchen.tw/git/percepio/poc/runs/tcp-workload-matrix-v1/A02-baseline/build/tcp_out.o,
by_pc,2147513054,1,21,42,43,1,1,8,0,11,tcp_output_alloc_header_common.constprop.0,/Users/swchen.tw/git/percepio/poc/runs/tcp-workload-matrix-v1/A02-baseline/build/tcp_out.o,
by_pc,2147513058,1,21,42,43,1,1,8,0,11,tcp_output_alloc_header_common.constprop.0,/Users/swchen.tw/git/percepio/poc/runs/tcp-workload-matrix-v1/A02-baseline/build/tcp_out.o,
by_pc,2147513062,1,1,2,3,1,0,0,0,0,tcp_output_alloc_header_common.constprop.0,/Users/swchen.tw/git/percepio/poc/runs/tcp-workload-matrix-v1/A02-baseline/build/tcp_out.o,
by_pc,2147513064,1,21,42,43,1,1,8,0,11,tcp_output_alloc_header_common.constprop.0,/Users/swchen.tw/git/percepio/poc/runs/tcp-workload-matrix-v1/A02-baseline/build/tcp_out.o,
by_pc,2147513068,1,1,2,3,1,0,0,0,0,tcp_output_alloc_header_common.constprop.0,/Users/swchen.tw/git/percepio/poc/runs/tcp-workload-matrix-v1/A02-baseline/build/tcp_out.o,
by_pc,2147513072,1,1,2,3,1,0,0,0,0,tcp_output_alloc_header_common.constprop.0,/Users/swchen.tw/git/percepio/poc/runs/tcp-workload-matrix-v1/A02-baseline/build/tcp_out.o,
by_pc,2147513074,1,21,42,43,1,1,8,0,11,tcp_output_alloc_header_common.constprop.0,/Users/swchen.tw/git/percepio/poc/runs/tcp-workload-matrix-v1/A02-baseline/build/tcp_out.o,
by_pc,2147513078,1,21,42,43,1,1,8,0,11,tcp_output_alloc_header_common.constprop.0,/Users/swchen.tw/git/percepio/poc/runs/tcp-workload-matrix-v1/A02-baseline/build/tcp_out.o,
by_pc,2147513082,1,21,42,43,1,1,8,0,11,tcp_output_alloc_header_common.constprop.0,/Users/swchen.tw/git/percepio/poc/runs/tcp-workload-matrix-v1/A02-baseline/build/tcp_out.o,
by_pc,2147513086,1,1,2,3,1,0,0,0,0,tcp_output_alloc_header_common.constprop.0,/Users/swchen.tw/git/percepio/poc/runs/tcp-workload-matrix-v1/A02-baseline/build/tcp_out.o,
by_pc,2147513088,1,27,54,55,1,0,8,18,0,tcp_output_alloc_header_common.constprop.0,/Users/swchen.tw/git/percepio/poc/runs/tcp-workload-matrix-v1/A02-baseline/build/tcp_out.o,
by_pc,2147513092,1,1,2,3,1,0,0,0,0,tcp_output_alloc_header_common.constprop.0,/Users/swchen.tw/git/percepio/poc/runs/tcp-workload-matrix-v1/A02-baseline/build/tcp_out.o,
by_pc,2147513096,1,21,42,43,1,1,8,0,11,tcp_output_alloc_header_common.constprop.0,/Users/swchen.tw/git/percepio/poc/runs/tcp-workload-matrix-v1/A02-baseline/build/tcp_out.o,
by_pc,2147513100,1,21,42,43,1,1,8,0,11,tcp_output_alloc_header_common.constprop.0,/Users/swchen.tw/git/percepio/poc/runs/tcp-workload-matrix-v1/A02-baseline/build/tcp_out.o,
by_pc,2147513104,1,1,2,3,1,0,0,0,0,tcp_output_alloc_header_common.constprop.0,/Users/swchen.tw/git/percepio/poc/runs/tcp-workload-matrix-v1/A02-baseline/build/tcp_out.o,
by_pc,2147513108,1,1,2,3,1,0,0,0,0,tcp_output_alloc_header_common.constprop.0,/Users/swchen.tw/git/percepio/poc/runs/tcp-workload-matrix-v1/A02-baseline/build/tcp_out.o,
by_pc,2147513110,1,21,42,43,1,1,8,0,11,tcp_output_alloc_header_common.constprop.0,/Users/swchen.tw/git/percepio/poc/runs/tcp-workload-matrix-v1/A02-baseline/build/tcp_out.o,
by_pc,2147513114,1,1,2,3,1,0,0,0,0,tcp_output_alloc_header_common.constprop.0,/Users/swchen.tw/git/percepio/poc/runs/tcp-workload-matrix-v1/A02-baseline/build/tcp_out.o,
by_pc,2147513116,1,21,42,43,1,1,8,0,11,tcp_output_alloc_header_common.constprop.0,/Users/swchen.tw/git/percepio/poc/runs/tcp-workload-matrix-v1/A02-baseline/build/tcp_out.o,
by_pc,2147513120,1,1,2,3,1,0,0,0,0,tcp_output_alloc_header_common.constprop.0,/Users/swchen.tw/git/percepio/poc/runs/tcp-workload-matrix-v1/A02-baseline/build/tcp_out.o,
by_pc,2147513124,1,1,2,3,1,0,0,0,0,tcp_output_alloc_header_common.constprop.0,/Users/swchen.tw/git/percepio/poc/runs/tcp-workload-matrix-v1/A02-baseline/build/tcp_out.o,
by_pc,2147513128,1,21,42,43,1,1,8,0,11,tcp_output_alloc_header_common.constprop.0,/Users/swchen.tw/git/percepio/poc/runs/tcp-workload-matrix-v1/A02-baseline/build/tcp_out.o,
by_pc,2147513132,1,1,2,3,1,0,0,0,0,tcp_output_alloc_header_common.constprop.0,/Users/swchen.tw/git/percepio/poc/runs/tcp-workload-matrix-v1/A02-baseline/build/tcp_out.o,
by_pc,2147513134,1,21,42,43,1,1,8,0,11,tcp_output_alloc_header_common.constprop.0,/Users/swchen.tw/git/percepio/poc/runs/tcp-workload-matrix-v1/A02-baseline/build/tcp_out.o,
by_pc,2147513138,1,1,2,3,1,0,0,0,0,tcp_output_alloc_header_common.constprop.0,/Users/swchen.tw/git/percepio/poc/runs/tcp-workload-matrix-v1/A02-baseline/build/tcp_out.o,
by_pc,2147513140,1,1,2,3,1,0,0,0,0,tcp_output_alloc_header_common.constprop.0,/Users/swchen.tw/git/percepio/poc/runs/tcp-workload-matrix-v1/A02-baseline/build/tcp_out.o,
by_pc,2147513144,1,21,42,43,1,1,8,0,11,tcp_output_alloc_header_common.constprop.0,/Users/swchen.tw/git/percepio/poc/runs/tcp-workload-matrix-v1/A02-baseline/build/tcp_out.o,
by_pc,2147513148,1,1,2,3,1,0,0,0,0,tcp_output_alloc_header_common.constprop.0,/Users/swchen.tw/git/percepio/poc/runs/tcp-workload-matrix-v1/A02-baseline/build/tcp_out.o,
by_pc,2147513150,1,22,44,45,2,1,8,0,11,tcp_output_alloc_header_common.constprop.0,/Users/swchen.tw/git/percepio/poc/runs/tcp-workload-matrix-v1/A02-baseline/build/tcp_out.o,
by_pc,2147513154,1,21,42,43,1,1,8,0,11,tcp_output_alloc_header_common.constprop.0,/Users/swchen.tw/git/percepio/poc/runs/tcp-workload-matrix-v1/A02-baseline/build/tcp_out.o,
by_pc,2147513158,1,21,42,43,1,1,8,0,11,tcp_output_alloc_header_common.constprop.0,/Users/swchen.tw/git/percepio/poc/runs/tcp-workload-matrix-v1/A02-baseline/build/tcp_out.o,
by_pc,2147513162,1,21,42,43,1,1,8,0,11,tcp_output_alloc_header_common.constprop.0,/Users/swchen.tw/git/percepio/poc/runs/tcp-workload-matrix-v1/A02-baseline/build/tcp_out.o,
by_pc,2147513166,1,21,42,43,1,1,8,0,11,tcp_output_alloc_header_common.constprop.0,/Users/swchen.tw/git/percepio/poc/runs/tcp-workload-matrix-v1/A02-baseline/build/tcp_out.o,
by_pc,2147513170,1,2,4,5,1,1,0,0,0,tcp_output_alloc_header_common.constprop.0,/Users/swchen.tw/git/percepio/poc/runs/tcp-workload-matrix-v1/A02-baseline/build/tcp_out.o,
by_pc,2147513172,1,2,4,5,1,1,0,0,0,tcp_output_alloc_header_common.constprop.0,/Users/swchen.tw/git/percepio/poc/runs/tcp-workload-matrix-v1/A02-baseline/build/tcp_out.o,
by_pc,2147513174,1,2,4,5,1,1,0,0,0,tcp_output_alloc_header_common.constprop.0,/Users/swchen.tw/git/percepio/poc/runs/tcp-workload-matrix-v1/A02-baseline/build/tcp_out.o,
by_pc,2147513176,1,2,4,5,1,1,0,0,0,tcp_output_alloc_header_common.constprop.0,/Users/swchen.tw/git/percepio/poc/runs/tcp-workload-matrix-v1/A02-baseline/build/tcp_out.o,
by_pc,2147513178,1,2,4,5,1,1,0,0,0,tcp_output_alloc_header_common.constprop.0,/Users/swchen.tw/git/percepio/poc/runs/tcp-workload-matrix-v1/A02-baseline/build/tcp_out.o,
by_pc,2147513180,1,2,4,5,1,1,0,0,0,tcp_output_alloc_header_common.constprop.0,/Users/swchen.tw/git/percepio/poc/runs/tcp-workload-matrix-v1/A02-baseline/build/tcp_out.o,
by_pc,2147513182,1,2,4,5,1,1,0,0,0,tcp_output_alloc_header_common.constprop.0,/Users/swchen.tw/git/percepio/poc/runs/tcp-workload-matrix-v1/A02-baseline/build/tcp_out.o,
by_pc,2147513184,1,1,2,3,1,0,0,0,0,tcp_output_alloc_header_common.constprop.0,/Users/swchen.tw/git/percepio/poc/runs/tcp-workload-matrix-v1/A02-baseline/build/tcp_out.o,
by_pc,2147513186,1,2,4,5,1,1,0,0,0,tcp_output_alloc_header_common.constprop.0,/Users/swchen.tw/git/percepio/poc/runs/tcp-workload-matrix-v1/A02-baseline/build/tcp_out.o,
by_pc,2147513188,1,1,2,3,1,0,0,0,0,tcp_output_alloc_header_common.constprop.0,/Users/swchen.tw/git/percepio/poc/runs/tcp-workload-matrix-v1/A02-baseline/build/tcp_out.o,
by_pc,2147513190,1,1,2,3,1,0,0,0,0,tcp_output_alloc_header_common.constprop.0,/Users/swchen.tw/git/percepio/poc/runs/tcp-workload-matrix-v1/A02-baseline/build/tcp_out.o,
by_pc,2147513220,1,1,2,3,1,0,0,0,0,tcp_output_alloc_header.constprop.0,/Users/swchen.tw/git/percepio/poc/runs/tcp-workload-matrix-v1/A02-baseline/build/tcp_out.o,
by_pc,2147513222,1,2,4,5,1,1,0,0,0,tcp_output_alloc_header.constprop.0,/Users/swchen.tw/git/percepio/poc/runs/tcp-workload-matrix-v1/A02-baseline/build/tcp_out.o,
by_pc,2147513226,1,2,4,5,1,1,0,0,0,tcp_output_alloc_header.constprop.0,/Users/swchen.tw/git/percepio/poc/runs/tcp-workload-matrix-v1/A02-baseline/build/tcp_out.o,
by_pc,2147513228,1,1,2,3,1,0,0,0,0,tcp_output_alloc_header.constprop.0,/Users/swchen.tw/git/percepio/poc/runs/tcp-workload-matrix-v1/A02-baseline/build/tcp_out.o,
by_pc,2147513230,1,21,42,43,1,1,8,0,11,tcp_output_alloc_header.constprop.0,/Users/swchen.tw/git/percepio/poc/runs/tcp-workload-matrix-v1/A02-baseline/build/tcp_out.o,
by_pc,2147513232,1,2,4,5,1,1,0,0,0,tcp_output_alloc_header.constprop.0,/Users/swchen.tw/git/percepio/poc/runs/tcp-workload-matrix-v1/A02-baseline/build/tcp_out.o,
by_pc,2147513234,1,2,4,5,1,1,0,0,0,tcp_output_alloc_header.constprop.0,/Users/swchen.tw/git/percepio/poc/runs/tcp-workload-matrix-v1/A02-baseline/build/tcp_out.o,
by_pc,2147513236,1,1,2,3,1,0,0,0,0,tcp_output_alloc_header.constprop.0,/Users/swchen.tw/git/percepio/poc/runs/tcp-workload-matrix-v1/A02-baseline/build/tcp_out.o,
by_pc,2147513238,1,1,2,3,1,0,0,0,0,tcp_output_alloc_header.constprop.0,/Users/swchen.tw/git/percepio/poc/runs/tcp-workload-matrix-v1/A02-baseline/build/tcp_out.o,
by_pc,2147515536,1,1,2,3,1,0,0,0,0,tcp_send_empty_ack,/Users/swchen.tw/git/percepio/poc/runs/tcp-workload-matrix-v1/A02-baseline/build/tcp_out.o,
by_pc,2147515560,1,1,2,3,1,0,0,0,0,tcp_send_empty_ack,/Users/swchen.tw/git/percepio/poc/runs/tcp-workload-matrix-v1/A02-baseline/build/tcp_out.o,
by_pc,2147515562,1,1,2,3,1,0,0,0,0,tcp_send_empty_ack,/Users/swchen.tw/git/percepio/poc/runs/tcp-workload-matrix-v1/A02-baseline/build/tcp_out.o,
by_pc,2147515566,1,1,2,3,1,0,0,0,0,tcp_send_empty_ack,/Users/swchen.tw/git/percepio/poc/runs/tcp-workload-matrix-v1/A02-baseline/build/tcp_out.o,
by_pc,2147515568,1,1,2,3,1,0,0,0,0,tcp_send_empty_ack,/Users/swchen.tw/git/percepio/poc/runs/tcp-workload-matrix-v1/A02-baseline/build/tcp_out.o,
by_pc,2147515570,1,1,2,3,1,0,0,0,0,tcp_send_empty_ack,/Users/swchen.tw/git/percepio/poc/runs/tcp-workload-matrix-v1/A02-baseline/build/tcp_out.o,
by_pc,2147513240,1,1,2,3,1,0,0,0,0,tcp_output_control_segment,/Users/swchen.tw/git/percepio/poc/runs/tcp-workload-matrix-v1/A02-baseline/build/tcp_out.o,
by_pc,2147513242,1,21,42,43,1,1,8,0,11,tcp_output_control_segment,/Users/swchen.tw/git/percepio/poc/runs/tcp-workload-matrix-v1/A02-baseline/build/tcp_out.o,
by_pc,2147513244,1,21,42,43,1,1,8,0,11,tcp_output_control_segment,/Users/swchen.tw/git/percepio/poc/runs/tcp-workload-matrix-v1/A02-baseline/build/tcp_out.o,
by_pc,2147513246,1,1,2,3,1,0,0,0,0,tcp_output_control_segment,/Users/swchen.tw/git/percepio/poc/runs/tcp-workload-matrix-v1/A02-baseline/build/tcp_out.o,
by_pc,2147513248,1,1,2,3,1,0,0,0,0,tcp_output_control_segment,/Users/swchen.tw/git/percepio/poc/runs/tcp-workload-matrix-v1/A02-baseline/build/tcp_out.o,
by_pc,2147513250,1,2,4,5,1,1,0,0,0,tcp_output_control_segment,/Users/swchen.tw/git/percepio/poc/runs/tcp-workload-matrix-v1/A02-baseline/build/tcp_out.o,
by_pc,2147513254,1,1,2,3,1,0,0,0,0,tcp_output_control_segment,/Users/swchen.tw/git/percepio/poc/runs/tcp-workload-matrix-v1/A02-baseline/build/tcp_out.o,
by_pc,2147513288,1,9,18,19,1,0,8,0,0,tcp_output_control_segment,/Users/swchen.tw/git/percepio/poc/runs/tcp-workload-matrix-v1/A02-baseline/build/tcp_out.o,
by_pc,2147513290,1,21,42,43,1,1,8,0,11,tcp_output_control_segment,/Users/swchen.tw/git/percepio/poc/runs/tcp-workload-matrix-v1/A02-baseline/build/tcp_out.o,
by_pc,2147513292,1,21,42,43,1,1,8,0,11,tcp_output_control_segment,/Users/swchen.tw/git/percepio/poc/runs/tcp-workload-matrix-v1/A02-baseline/build/tcp_out.o,
by_pc,2147513294,1,21,42,43,1,1,8,0,11,tcp_output_control_segment,/Users/swchen.tw/git/percepio/poc/runs/tcp-workload-matrix-v1/A02-baseline/build/tcp_out.o,
by_pc,2147513296,1,1,2,3,1,0,0,0,0,tcp_output_control_segment,/Users/swchen.tw/git/percepio/poc/runs/tcp-workload-matrix-v1/A02-baseline/build/tcp_out.o,
by_pc,2147513300,1,2,4,5,1,1,0,0,0,tcp_output_control_segment,/Users/swchen.tw/git/percepio/poc/runs/tcp-workload-matrix-v1/A02-baseline/build/tcp_out.o,
by_pc,2147513302,1,2,4,5,1,1,0,0,0,tcp_output_control_segment,/Users/swchen.tw/git/percepio/poc/runs/tcp-workload-matrix-v1/A02-baseline/build/tcp_out.o,
by_pc,2147513304,1,2,4,5,1,1,0,0,0,tcp_output_control_segment,/Users/swchen.tw/git/percepio/poc/runs/tcp-workload-matrix-v1/A02-baseline/build/tcp_out.o,
by_pc,2147513306,1,1,2,3,1,0,0,0,0,tcp_output_control_segment,/Users/swchen.tw/git/percepio/poc/runs/tcp-workload-matrix-v1/A02-baseline/build/tcp_out.o,
by_pc,2147513308,1,1,2,3,1,0,0,0,0,tcp_output_control_segment,/Users/swchen.tw/git/percepio/poc/runs/tcp-workload-matrix-v1/A02-baseline/build/tcp_out.o,
by_pc,2147513274,1,1,2,3,1,0,0,0,0,tcp_output_control_segment,/Users/swchen.tw/git/percepio/poc/runs/tcp-workload-matrix-v1/A02-baseline/build/tcp_out.o,
by_pc,2147513276,1,1,2,3,1,0,0,0,0,tcp_output_control_segment,/Users/swchen.tw/git/percepio/poc/runs/tcp-workload-matrix-v1/A02-baseline/build/tcp_out.o,
by_pc,2147513278,1,2,4,5,1,1,0,0,0,tcp_output_control_segment,/Users/swchen.tw/git/percepio/poc/runs/tcp-workload-matrix-v1/A02-baseline/build/tcp_out.o,
by_pc,2147513280,1,2,4,5,1,1,0,0,0,tcp_output_control_segment,/Users/swchen.tw/git/percepio/poc/runs/tcp-workload-matrix-v1/A02-baseline/build/tcp_out.o,
by_pc,2147513282,1,1,2,3,1,0,0,0,0,tcp_output_control_segment,/Users/swchen.tw/git/percepio/poc/runs/tcp-workload-matrix-v1/A02-baseline/build/tcp_out.o,
by_pc,2147513284,1,1,2,3,1,0,0,0,0,tcp_output_control_segment,/Users/swchen.tw/git/percepio/poc/runs/tcp-workload-matrix-v1/A02-baseline/build/tcp_out.o,
by_pc,2147512844,1,1,2,3,1,0,0,0,0,tcp_output_control_segment_netif,/Users/swchen.tw/git/percepio/poc/runs/tcp-workload-matrix-v1/A02-baseline/build/tcp_out.o,
by_pc,2147512846,1,21,42,43,1,1,8,0,11,tcp_output_control_segment_netif,/Users/swchen.tw/git/percepio/poc/runs/tcp-workload-matrix-v1/A02-baseline/build/tcp_out.o,
by_pc,2147512848,1,21,42,43,1,1,8,0,11,tcp_output_control_segment_netif,/Users/swchen.tw/git/percepio/poc/runs/tcp-workload-matrix-v1/A02-baseline/build/tcp_out.o,
by_pc,2147512850,1,21,42,43,1,1,8,0,11,tcp_output_control_segment_netif,/Users/swchen.tw/git/percepio/poc/runs/tcp-workload-matrix-v1/A02-baseline/build/tcp_out.o,
by_pc,2147512852,1,21,42,43,1,1,8,0,11,tcp_output_control_segment_netif,/Users/swchen.tw/git/percepio/poc/runs/tcp-workload-matrix-v1/A02-baseline/build/tcp_out.o,
by_pc,2147512854,1,21,42,43,1,1,8,0,11,tcp_output_control_segment_netif,/Users/swchen.tw/git/percepio/poc/runs/tcp-workload-matrix-v1/A02-baseline/build/tcp_out.o,
by_pc,2147512856,1,21,42,43,1,1,8,0,11,tcp_output_control_segment_netif,/Users/swchen.tw/git/percepio/poc/runs/tcp-workload-matrix-v1/A02-baseline/build/tcp_out.o,
by_pc,2147512858,1,21,42,43,1,1,8,0,11,tcp_output_control_segment_netif,/Users/swchen.tw/git/percepio/poc/runs/tcp-workload-matrix-v1/A02-baseline/build/tcp_out.o,
by_pc,2147512860,1,1,2,3,1,0,0,0,0,tcp_output_control_segment_netif,/Users/swchen.tw/git/percepio/poc/runs/tcp-workload-matrix-v1/A02-baseline/build/tcp_out.o,
by_pc,2147512862,1,1,2,3,1,0,0,0,0,tcp_output_control_segment_netif,/Users/swchen.tw/git/percepio/poc/runs/tcp-workload-matrix-v1/A02-baseline/build/tcp_out.o,
by_pc,2147512864,1,1,2,3,1,0,0,0,0,tcp_output_control_segment_netif,/Users/swchen.tw/git/percepio/poc/runs/tcp-workload-matrix-v1/A02-baseline/build/tcp_out.o,
by_pc,2147512866,1,1,2,3,1,0,0,0,0,tcp_output_control_segment_netif,/Users/swchen.tw/git/percepio/poc/runs/tcp-workload-matrix-v1/A02-baseline/build/tcp_out.o,
by_pc,2147512868,1,2,4,5,1,1,0,0,0,tcp_output_control_segment_netif,/Users/swchen.tw/git/percepio/poc/runs/tcp-workload-matrix-v1/A02-baseline/build/tcp_out.o,
by_pc,2147512872,1,2,4,5,1,1,0,0,0,tcp_output_control_segment_netif,/Users/swchen.tw/git/percepio/poc/runs/tcp-workload-matrix-v1/A02-baseline/build/tcp_out.o,
by_pc,2147512876,1,1,2,3,1,0,0,0,0,tcp_output_control_segment_netif,/Users/swchen.tw/git/percepio/poc/runs/tcp-workload-matrix-v1/A02-baseline/build/tcp_out.o,
by_pc,2147512878,1,1,2,3,1,0,0,0,0,tcp_output_control_segment_netif,/Users/swchen.tw/git/percepio/poc/runs/tcp-workload-matrix-v1/A02-baseline/build/tcp_out.o,
by_pc,2147512880,1,1,2,3,1,0,0,0,0,tcp_output_control_segment_netif,/Users/swchen.tw/git/percepio/poc/runs/tcp-workload-matrix-v1/A02-baseline/build/tcp_out.o,
by_pc,2147512882,1,1,2,3,1,0,0,0,0,tcp_output_control_segment_netif,/Users/swchen.tw/git/percepio/poc/runs/tcp-workload-matrix-v1/A02-baseline/build/tcp_out.o,
by_pc,2147512884,1,1,2,3,1,0,0,0,0,tcp_output_control_segment_netif,/Users/swchen.tw/git/percepio/poc/runs/tcp-workload-matrix-v1/A02-baseline/build/tcp_out.o,
by_pc,2147512888,1,21,42,43,1,1,8,0,11,tcp_output_control_segment_netif,/Users/swchen.tw/git/percepio/poc/runs/tcp-workload-matrix-v1/A02-baseline/build/tcp_out.o,
by_pc,2147512892,1,1,2,3,1,0,0,0,0,tcp_output_control_segment_netif,/Users/swchen.tw/git/percepio/poc/runs/tcp-workload-matrix-v1/A02-baseline/build/tcp_out.o,
by_pc,2147512894,1,48,96,97,2,1,16,18,11,tcp_output_control_segment_netif,/Users/swchen.tw/git/percepio/poc/runs/tcp-workload-matrix-v1/A02-baseline/build/tcp_out.o,
by_pc,2147512898,1,2,4,5,1,1,0,0,0,tcp_output_control_segment_netif,/Users/swchen.tw/git/percepio/poc/runs/tcp-workload-matrix-v1/A02-baseline/build/tcp_out.o,
by_pc,2147512900,1,1,2,3,1,0,0,0,0,tcp_output_control_segment_netif,/Users/swchen.tw/git/percepio/poc/runs/tcp-workload-matrix-v1/A02-baseline/build/tcp_out.o,
by_pc,2147512902,1,2,4,5,1,1,0,0,0,tcp_output_control_segment_netif,/Users/swchen.tw/git/percepio/poc/runs/tcp-workload-matrix-v1/A02-baseline/build/tcp_out.o,
by_pc,2147512906,1,2,4,5,1,1,0,0,0,tcp_output_control_segment_netif,/Users/swchen.tw/git/percepio/poc/runs/tcp-workload-matrix-v1/A02-baseline/build/tcp_out.o,
by_pc,2147512910,1,1,2,3,1,0,0,0,0,tcp_output_control_segment_netif,/Users/swchen.tw/git/percepio/poc/runs/tcp-workload-matrix-v1/A02-baseline/build/tcp_out.o,
by_pc,2147512914,1,2,4,5,1,1,0,0,0,tcp_output_control_segment_netif,/Users/swchen.tw/git/percepio/poc/runs/tcp-workload-matrix-v1/A02-baseline/build/tcp_out.o,
by_pc,2147512918,1,1,2,3,1,0,0,0,0,tcp_output_control_segment_netif,/Users/swchen.tw/git/percepio/poc/runs/tcp-workload-matrix-v1/A02-baseline/build/tcp_out.o,
by_pc,2147512920,1,1,2,3,1,0,0,0,0,tcp_output_control_segment_netif,/Users/swchen.tw/git/percepio/poc/runs/tcp-workload-matrix-v1/A02-baseline/build/tcp_out.o,
by_pc,2147512922,1,1,2,3,1,0,0,0,0,tcp_output_control_segment_netif,/Users/swchen.tw/git/percepio/poc/runs/tcp-workload-matrix-v1/A02-baseline/build/tcp_out.o,
by_pc,2147512924,1,1,2,3,1,0,0,0,0,tcp_output_control_segment_netif,/Users/swchen.tw/git/percepio/poc/runs/tcp-workload-matrix-v1/A02-baseline/build/tcp_out.o,
by_pc,2147512928,1,21,42,43,1,1,8,0,11,tcp_output_control_segment_netif,/Users/swchen.tw/git/percepio/poc/runs/tcp-workload-matrix-v1/A02-baseline/build/tcp_out.o,
by_pc,2147512932,1,1,2,3,1,0,0,0,0,tcp_output_control_segment_netif,/Users/swchen.tw/git/percepio/poc/runs/tcp-workload-matrix-v1/A02-baseline/build/tcp_out.o,
by_pc,2147512934,1,1,2,3,1,0,0,0,0,tcp_output_control_segment_netif,/Users/swchen.tw/git/percepio/poc/runs/tcp-workload-matrix-v1/A02-baseline/build/tcp_out.o,
by_pc,2147512936,1,1,2,3,1,0,0,0,0,tcp_output_control_segment_netif,/Users/swchen.tw/git/percepio/poc/runs/tcp-workload-matrix-v1/A02-baseline/build/tcp_out.o,
by_pc,2147512940,1,1,2,3,1,0,0,0,0,tcp_output_control_segment_netif,/Users/swchen.tw/git/percepio/poc/runs/tcp-workload-matrix-v1/A02-baseline/build/tcp_out.o,
by_pc,2147512942,1,1,2,3,1,0,0,0,0,tcp_output_control_segment_netif,/Users/swchen.tw/git/percepio/poc/runs/tcp-workload-matrix-v1/A02-baseline/build/tcp_out.o,
by_pc,2147512944,1,1,2,3,1,0,0,0,0,tcp_output_control_segment_netif,/Users/swchen.tw/git/percepio/poc/runs/tcp-workload-matrix-v1/A02-baseline/build/tcp_out.o,
by_pc,2147512948,1,2,4,5,1,1,0,0,0,tcp_output_control_segment_netif,/Users/swchen.tw/git/percepio/poc/runs/tcp-workload-matrix-v1/A02-baseline/build/tcp_out.o,
by_pc,2147512950,1,2,4,5,1,1,0,0,0,tcp_output_control_segment_netif,/Users/swchen.tw/git/percepio/poc/runs/tcp-workload-matrix-v1/A02-baseline/build/tcp_out.o,
by_pc,2147512952,1,2,4,5,1,1,0,0,0,tcp_output_control_segment_netif,/Users/swchen.tw/git/percepio/poc/runs/tcp-workload-matrix-v1/A02-baseline/build/tcp_out.o,
by_pc,2147512954,1,2,4,5,1,1,0,0,0,tcp_output_control_segment_netif,/Users/swchen.tw/git/percepio/poc/runs/tcp-workload-matrix-v1/A02-baseline/build/tcp_out.o,
by_pc,2147512956,1,2,4,5,1,1,0,0,0,tcp_output_control_segment_netif,/Users/swchen.tw/git/percepio/poc/runs/tcp-workload-matrix-v1/A02-baseline/build/tcp_out.o,
by_pc,2147512958,1,1,2,3,1,0,0,0,0,tcp_output_control_segment_netif,/Users/swchen.tw/git/percepio/poc/runs/tcp-workload-matrix-v1/A02-baseline/build/tcp_out.o,
by_pc,2147512960,1,2,4,5,1,1,0,0,0,tcp_output_control_segment_netif,/Users/swchen.tw/git/percepio/poc/runs/tcp-workload-matrix-v1/A02-baseline/build/tcp_out.o,
by_pc,2147512962,1,1,2,3,1,0,0,0,0,tcp_output_control_segment_netif,/Users/swchen.tw/git/percepio/poc/runs/tcp-workload-matrix-v1/A02-baseline/build/tcp_out.o,
by_pc,2147512964,1,1,2,3,1,0,0,0,0,tcp_output_control_segment_netif,/Users/swchen.tw/git/percepio/poc/runs/tcp-workload-matrix-v1/A02-baseline/build/tcp_out.o,
by_pc,2147515574,1,2,4,5,1,1,0,0,0,tcp_send_empty_ack,/Users/swchen.tw/git/percepio/poc/runs/tcp-workload-matrix-v1/A02-baseline/build/tcp_out.o,
by_pc,2147515578,1,1,2,3,1,0,0,0,0,tcp_send_empty_ack,/Users/swchen.tw/git/percepio/poc/runs/tcp-workload-matrix-v1/A02-baseline/build/tcp_out.o,
by_pc,2147515582,1,1,2,3,1,0,0,0,0,tcp_send_empty_ack,/Users/swchen.tw/git/percepio/poc/runs/tcp-workload-matrix-v1/A02-baseline/build/tcp_out.o,
by_pc,2147515548,1,21,42,43,1,1,8,0,11,tcp_send_empty_ack,/Users/swchen.tw/git/percepio/poc/runs/tcp-workload-matrix-v1/A02-baseline/build/tcp_out.o,
by_pc,2147515552,1,2,4,5,1,1,0,0,0,tcp_send_empty_ack,/Users/swchen.tw/git/percepio/poc/runs/tcp-workload-matrix-v1/A02-baseline/build/tcp_out.o,
by_pc,2147515554,1,2,4,5,1,1,0,0,0,tcp_send_empty_ack,/Users/swchen.tw/git/percepio/poc/runs/tcp-workload-matrix-v1/A02-baseline/build/tcp_out.o,
by_pc,2147515556,1,1,2,3,1,0,0,0,0,tcp_send_empty_ack,/Users/swchen.tw/git/percepio/poc/runs/tcp-workload-matrix-v1/A02-baseline/build/tcp_out.o,
by_pc,2147515558,1,1,2,3,1,0,0,0,0,tcp_send_empty_ack,/Users/swchen.tw/git/percepio/poc/runs/tcp-workload-matrix-v1/A02-baseline/build/tcp_out.o,
by_pc,2147497546,1,9,18,19,1,0,8,0,0,session_task,/Users/swchen.tw/git/percepio/poc/runs/tcp-workload-matrix-v1/A02-baseline/build/tcp_request_response_irq.o,
by_pc,2147497550,1,2,4,5,1,1,0,0,0,session_task,/Users/swchen.tw/git/percepio/poc/runs/tcp-workload-matrix-v1/A02-baseline/build/tcp_request_response_irq.o,
by_pc,2147497554,1,1,2,3,1,0,0,0,0,session_task,/Users/swchen.tw/git/percepio/poc/runs/tcp-workload-matrix-v1/A02-baseline/build/tcp_request_response_irq.o,
by_pc,2147497556,1,2,4,5,1,1,0,0,0,session_task,/Users/swchen.tw/git/percepio/poc/runs/tcp-workload-matrix-v1/A02-baseline/build/tcp_request_response_irq.o,
by_pc,2147497560,1,2,4,5,1,1,0,0,0,session_task,/Users/swchen.tw/git/percepio/poc/runs/tcp-workload-matrix-v1/A02-baseline/build/tcp_request_response_irq.o,
by_pc,2147497562,1,1,2,3,1,0,0,0,0,session_task,/Users/swchen.tw/git/percepio/poc/runs/tcp-workload-matrix-v1/A02-baseline/build/tcp_request_response_irq.o,
by_pc,2147497564,1,1,2,3,1,0,0,0,0,session_task,/Users/swchen.tw/git/percepio/poc/runs/tcp-workload-matrix-v1/A02-baseline/build/tcp_request_response_irq.o,
by_pc,2147497584,1,2,4,5,1,1,0,0,0,session_task,/Users/swchen.tw/git/percepio/poc/runs/tcp-workload-matrix-v1/A02-baseline/build/tcp_request_response_irq.o,
by_pc,2147497586,1,1,2,3,1,0,0,0,0,session_task,/Users/swchen.tw/git/percepio/poc/runs/tcp-workload-matrix-v1/A02-baseline/build/tcp_request_response_irq.o,
by_pc,2147497588,1,1,2,3,1,0,0,0,0,session_task,/Users/swchen.tw/git/percepio/poc/runs/tcp-workload-matrix-v1/A02-baseline/build/tcp_request_response_irq.o,
by_pc,2147497590,1,1,2,3,1,0,0,0,0,session_task,/Users/swchen.tw/git/percepio/poc/runs/tcp-workload-matrix-v1/A02-baseline/build/tcp_request_response_irq.o,
by_pc,2147497594,1,1,2,3,1,0,0,0,0,session_task,/Users/swchen.tw/git/percepio/poc/runs/tcp-workload-matrix-v1/A02-baseline/build/tcp_request_response_irq.o,
by_pc,2147497598,1,28,56,57,2,0,8,18,0,session_task,/Users/swchen.tw/git/percepio/poc/runs/tcp-workload-matrix-v1/A02-baseline/build/tcp_request_response_irq.o,
by_pc,2147497602,1,2,4,5,1,1,0,0,0,session_task,/Users/swchen.tw/git/percepio/poc/runs/tcp-workload-matrix-v1/A02-baseline/build/tcp_request_response_irq.o,
by_pc,2147497606,1,1,2,3,1,0,0,0,0,session_task,/Users/swchen.tw/git/percepio/poc/runs/tcp-workload-matrix-v1/A02-baseline/build/tcp_request_response_irq.o,
by_pc,2147505172,2,36,72,74,2,0,16,18,0,tcp_close,/Users/swchen.tw/git/percepio/poc/runs/tcp-workload-matrix-v1/A02-baseline/build/tcp.o,
by_pc,2147505174,2,4,8,10,2,2,0,0,0,tcp_close,/Users/swchen.tw/git/percepio/poc/runs/tcp-workload-matrix-v1/A02-baseline/build/tcp.o,
by_pc,2147505176,2,2,4,6,2,0,0,0,0,tcp_close,/Users/swchen.tw/git/percepio/poc/runs/tcp-workload-matrix-v1/A02-baseline/build/tcp.o,
by_pc,2147505178,2,2,4,6,2,0,0,0,0,tcp_close,/Users/swchen.tw/git/percepio/poc/runs/tcp-workload-matrix-v1/A02-baseline/build/tcp.o,
by_pc,2147505182,1,2,4,5,1,1,0,0,0,tcp_close,/Users/swchen.tw/git/percepio/poc/runs/tcp-workload-matrix-v1/A02-baseline/build/tcp.o,
by_pc,2147505186,1,1,2,3,1,0,0,0,0,tcp_close,/Users/swchen.tw/git/percepio/poc/runs/tcp-workload-matrix-v1/A02-baseline/build/tcp.o,
by_pc,2147505190,1,21,42,43,1,1,8,0,11,tcp_close,/Users/swchen.tw/git/percepio/poc/runs/tcp-workload-matrix-v1/A02-baseline/build/tcp.o,
by_pc,2147505194,2,2,4,6,2,0,0,0,0,tcp_close,/Users/swchen.tw/git/percepio/poc/runs/tcp-workload-matrix-v1/A02-baseline/build/tcp.o,
by_pc,2147505196,2,2,4,6,2,0,0,0,0,tcp_close,/Users/swchen.tw/git/percepio/poc/runs/tcp-workload-matrix-v1/A02-baseline/build/tcp.o,
by_pc,2147504878,2,36,72,74,2,0,16,18,0,tcp_close_shutdown,/Users/swchen.tw/git/percepio/poc/runs/tcp-workload-matrix-v1/A02-baseline/build/tcp.o,
by_pc,2147504880,2,42,84,86,2,2,16,0,22,tcp_close_shutdown,/Users/swchen.tw/git/percepio/poc/runs/tcp-workload-matrix-v1/A02-baseline/build/tcp.o,
by_pc,2147504882,2,42,84,86,2,2,16,0,22,tcp_close_shutdown,/Users/swchen.tw/git/percepio/poc/runs/tcp-workload-matrix-v1/A02-baseline/build/tcp.o,
by_pc,2147504884,2,42,84,86,2,2,16,0,22,tcp_close_shutdown,/Users/swchen.tw/git/percepio/poc/runs/tcp-workload-matrix-v1/A02-baseline/build/tcp.o,
by_pc,2147504886,2,4,8,10,2,2,0,0,0,tcp_close_shutdown,/Users/swchen.tw/git/percepio/poc/runs/tcp-workload-matrix-v1/A02-baseline/build/tcp.o,
by_pc,2147504888,2,2,4,6,2,0,0,0,0,tcp_close_shutdown,/Users/swchen.tw/git/percepio/poc/runs/tcp-workload-matrix-v1/A02-baseline/build/tcp.o,
by_pc,2147504890,2,2,4,6,2,0,0,0,0,tcp_close_shutdown,/Users/swchen.tw/git/percepio/poc/runs/tcp-workload-matrix-v1/A02-baseline/build/tcp.o,
by_pc,2147504892,2,2,4,6,2,0,0,0,0,tcp_close_shutdown,/Users/swchen.tw/git/percepio/poc/runs/tcp-workload-matrix-v1/A02-baseline/build/tcp.o,
by_pc,2147504896,2,36,72,74,2,0,16,18,0,tcp_close_shutdown,/Users/swchen.tw/git/percepio/poc/runs/tcp-workload-matrix-v1/A02-baseline/build/tcp.o,
by_pc,2147504898,2,2,4,6,2,0,0,0,0,tcp_close_shutdown,/Users/swchen.tw/git/percepio/poc/runs/tcp-workload-matrix-v1/A02-baseline/build/tcp.o,
by_pc,2147504902,2,2,4,6,2,0,0,0,0,tcp_close_shutdown,/Users/swchen.tw/git/percepio/poc/runs/tcp-workload-matrix-v1/A02-baseline/build/tcp.o,
by_pc,2147504904,1,2,4,5,1,1,0,0,0,tcp_close_shutdown,/Users/swchen.tw/git/percepio/poc/runs/tcp-workload-matrix-v1/A02-baseline/build/tcp.o,
by_pc,2147504906,1,1,2,3,1,0,0,0,0,tcp_close_shutdown,/Users/swchen.tw/git/percepio/poc/runs/tcp-workload-matrix-v1/A02-baseline/build/tcp.o,
by_pc,2147504908,1,2,4,5,1,1,0,0,0,tcp_close_shutdown,/Users/swchen.tw/git/percepio/poc/runs/tcp-workload-matrix-v1/A02-baseline/build/tcp.o,
by_pc,2147504912,1,1,2,3,1,0,0,0,0,tcp_close_shutdown,/Users/swchen.tw/git/percepio/poc/runs/tcp-workload-matrix-v1/A02-baseline/build/tcp.o,
by_pc,2147504914,1,1,2,3,1,0,0,0,0,tcp_close_shutdown,/Users/swchen.tw/git/percepio/poc/runs/tcp-workload-matrix-v1/A02-baseline/build/tcp.o,
by_pc,2147504918,1,1,2,3,1,0,0,0,0,tcp_close_shutdown,/Users/swchen.tw/git/percepio/poc/runs/tcp-workload-matrix-v1/A02-baseline/build/tcp.o,
by_pc,2147505158,1,1,2,3,1,0,0,0,0,tcp_close_shutdown,/Users/swchen.tw/git/percepio/poc/runs/tcp-workload-matrix-v1/A02-baseline/build/tcp.o,
by_pc,2147505160,1,2,4,5,1,1,0,0,0,tcp_close_shutdown,/Users/swchen.tw/git/percepio/poc/runs/tcp-workload-matrix-v1/A02-baseline/build/tcp.o,
by_pc,2147505162,1,2,4,5,1,1,0,0,0,tcp_close_shutdown,/Users/swchen.tw/git/percepio/poc/runs/tcp-workload-matrix-v1/A02-baseline/build/tcp.o,
by_pc,2147505164,1,2,4,5,1,1,0,0,0,tcp_close_shutdown,/Users/swchen.tw/git/percepio/poc/runs/tcp-workload-matrix-v1/A02-baseline/build/tcp.o,
by_pc,2147505166,1,1,2,3,1,0,0,0,0,tcp_close_shutdown,/Users/swchen.tw/git/percepio/poc/runs/tcp-workload-matrix-v1/A02-baseline/build/tcp.o,
by_pc,2147505168,1,1,2,3,1,0,0,0,0,tcp_close_shutdown,/Users/swchen.tw/git/percepio/poc/runs/tcp-workload-matrix-v1/A02-baseline/build/tcp.o,
by_pc,2147502996,1,27,54,55,1,0,8,18,0,tcp_close_shutdown_fin,/Users/swchen.tw/git/percepio/poc/runs/tcp-workload-matrix-v1/A02-baseline/build/tcp.o,
by_pc,2147502998,1,21,42,43,1,1,8,0,11,tcp_close_shutdown_fin,/Users/swchen.tw/git/percepio/poc/runs/tcp-workload-matrix-v1/A02-baseline/build/tcp.o,
by_pc,2147503000,1,21,42,43,1,1,8,0,11,tcp_close_shutdown_fin,/Users/swchen.tw/git/percepio/poc/runs/tcp-workload-matrix-v1/A02-baseline/build/tcp.o,
by_pc,2147503002,1,2,4,5,1,1,0,0,0,tcp_close_shutdown_fin,/Users/swchen.tw/git/percepio/poc/runs/tcp-workload-matrix-v1/A02-baseline/build/tcp.o,
by_pc,2147503004,1,1,2,3,1,0,0,0,0,tcp_close_shutdown_fin,/Users/swchen.tw/git/percepio/poc/runs/tcp-workload-matrix-v1/A02-baseline/build/tcp.o,
by_pc,2147503006,1,1,2,3,1,0,0,0,0,tcp_close_shutdown_fin,/Users/swchen.tw/git/percepio/poc/runs/tcp-workload-matrix-v1/A02-baseline/build/tcp.o,
by_pc,2147503008,1,1,2,3,1,0,0,0,0,tcp_close_shutdown_fin,/Users/swchen.tw/git/percepio/poc/runs/tcp-workload-matrix-v1/A02-baseline/build/tcp.o,
by_pc,2147503012,1,1,2,3,1,0,0,0,0,tcp_close_shutdown_fin,/Users/swchen.tw/git/percepio/poc/runs/tcp-workload-matrix-v1/A02-baseline/build/tcp.o,
by_pc,2147503014,1,1,2,3,1,0,0,0,0,tcp_close_shutdown_fin,/Users/swchen.tw/git/percepio/poc/runs/tcp-workload-matrix-v1/A02-baseline/build/tcp.o,
by_pc,2147503052,1,27,54,55,1,0,8,18,0,tcp_close_shutdown_fin,/Users/swchen.tw/git/percepio/poc/runs/tcp-workload-matrix-v1/A02-baseline/build/tcp.o,
by_pc,2147514710,1,9,18,19,1,0,8,0,0,tcp_send_fin,/Users/swchen.tw/git/percepio/poc/runs/tcp-workload-matrix-v1/A02-baseline/build/tcp_out.o,
by_pc,2147514712,1,21,42,43,1,1,8,0,11,tcp_send_fin,/Users/swchen.tw/git/percepio/poc/runs/tcp-workload-matrix-v1/A02-baseline/build/tcp_out.o,
by_pc,2147514714,1,21,42,43,1,1,8,0,11,tcp_send_fin,/Users/swchen.tw/git/percepio/poc/runs/tcp-workload-matrix-v1/A02-baseline/build/tcp_out.o,
by_pc,2147514716,1,21,42,43,1,1,8,0,11,tcp_send_fin,/Users/swchen.tw/git/percepio/poc/runs/tcp-workload-matrix-v1/A02-baseline/build/tcp_out.o,
by_pc,2147514718,1,21,42,43,1,1,8,0,11,tcp_send_fin,/Users/swchen.tw/git/percepio/poc/runs/tcp-workload-matrix-v1/A02-baseline/build/tcp_out.o,
by_pc,2147514720,1,2,4,5,1,1,0,0,0,tcp_send_fin,/Users/swchen.tw/git/percepio/poc/runs/tcp-workload-matrix-v1/A02-baseline/build/tcp_out.o,
by_pc,2147514722,1,1,2,3,1,0,0,0,0,tcp_send_fin,/Users/swchen.tw/git/percepio/poc/runs/tcp-workload-matrix-v1/A02-baseline/build/tcp_out.o,
by_pc,2147514724,1,1,2,3,1,0,0,0,0,tcp_send_fin,/Users/swchen.tw/git/percepio/poc/runs/tcp-workload-matrix-v1/A02-baseline/build/tcp_out.o,
by_pc,2147514756,1,28,56,57,1,1,8,18,0,tcp_send_fin,/Users/swchen.tw/git/percepio/poc/runs/tcp-workload-matrix-v1/A02-baseline/build/tcp_out.o,
by_pc,2147514758,1,2,4,5,1,1,0,0,0,tcp_send_fin,/Users/swchen.tw/git/percepio/poc/runs/tcp-workload-matrix-v1/A02-baseline/build/tcp_out.o,
by_pc,2147514760,1,2,4,5,1,1,0,0,0,tcp_send_fin,/Users/swchen.tw/git/percepio/poc/runs/tcp-workload-matrix-v1/A02-baseline/build/tcp_out.o,
by_pc,2147514762,1,1,2,3,1,0,0,0,0,tcp_send_fin,/Users/swchen.tw/git/percepio/poc/runs/tcp-workload-matrix-v1/A02-baseline/build/tcp_out.o,
by_pc,2147514764,1,2,4,5,1,1,0,0,0,tcp_send_fin,/Users/swchen.tw/git/percepio/poc/runs/tcp-workload-matrix-v1/A02-baseline/build/tcp_out.o,
by_pc,2147514766,1,1,2,3,1,0,0,0,0,tcp_send_fin,/Users/swchen.tw/git/percepio/poc/runs/tcp-workload-matrix-v1/A02-baseline/build/tcp_out.o,
by_pc,2147514768,1,1,2,3,1,0,0,0,0,tcp_send_fin,/Users/swchen.tw/git/percepio/poc/runs/tcp-workload-matrix-v1/A02-baseline/build/tcp_out.o,
by_pc,2147514770,1,1,2,3,1,0,0,0,0,tcp_send_fin,/Users/swchen.tw/git/percepio/poc/runs/tcp-workload-matrix-v1/A02-baseline/build/tcp_out.o,
by_pc,2147514668,1,2,4,5,1,1,0,0,0,tcp_enqueue_flags,/Users/swchen.tw/git/percepio/poc/runs/tcp-workload-matrix-v1/A02-baseline/build/tcp_out.o,
by_pc,2147514672,1,1,2,3,1,0,0,0,0,tcp_enqueue_flags,/Users/swchen.tw/git/percepio/poc/runs/tcp-workload-matrix-v1/A02-baseline/build/tcp_out.o,
by_pc,2147514676,1,21,42,43,1,1,8,0,11,tcp_enqueue_flags,/Users/swchen.tw/git/percepio/poc/runs/tcp-workload-matrix-v1/A02-baseline/build/tcp_out.o,
by_pc,2147503056,1,1,2,3,1,0,0,0,0,tcp_close_shutdown_fin,/Users/swchen.tw/git/percepio/poc/runs/tcp-workload-matrix-v1/A02-baseline/build/tcp.o,
by_pc,2147503058,1,1,2,3,1,0,0,0,0,tcp_close_shutdown_fin,/Users/swchen.tw/git/percepio/poc/runs/tcp-workload-matrix-v1/A02-baseline/build/tcp.o,
by_pc,2147503060,1,21,42,43,1,1,8,0,11,tcp_close_shutdown_fin,/Users/swchen.tw/git/percepio/poc/runs/tcp-workload-matrix-v1/A02-baseline/build/tcp.o,
by_pc,2147503062,1,1,2,3,1,0,0,0,0,tcp_close_shutdown_fin,/Users/swchen.tw/git/percepio/poc/runs/tcp-workload-matrix-v1/A02-baseline/build/tcp.o,
by_pc,2147503064,1,1,2,3,1,0,0,0,0,tcp_close_shutdown_fin,/Users/swchen.tw/git/percepio/poc/runs/tcp-workload-matrix-v1/A02-baseline/build/tcp.o,
by_pc,2147503068,1,1,2,3,1,0,0,0,0,tcp_close_shutdown_fin,/Users/swchen.tw/git/percepio/poc/runs/tcp-workload-matrix-v1/A02-baseline/build/tcp.o,
by_pc,2147503070,1,2,4,5,1,1,0,0,0,tcp_close_shutdown_fin,/Users/swchen.tw/git/percepio/poc/runs/tcp-workload-matrix-v1/A02-baseline/build/tcp.o,
by_pc,2147503072,1,2,4,5,1,1,0,0,0,tcp_close_shutdown_fin,/Users/swchen.tw/git/percepio/poc/runs/tcp-workload-matrix-v1/A02-baseline/build/tcp.o,
by_pc,2147503074,1,1,2,3,1,0,0,0,0,tcp_close_shutdown_fin,/Users/swchen.tw/git/percepio/poc/runs/tcp-workload-matrix-v1/A02-baseline/build/tcp.o,
by_pc,2147503076,1,1,2,3,1,0,0,0,0,tcp_close_shutdown_fin,/Users/swchen.tw/git/percepio/poc/runs/tcp-workload-matrix-v1/A02-baseline/build/tcp.o,
by_pc,2147497610,1,1,2,3,1,0,0,0,0,session_task,/Users/swchen.tw/git/percepio/poc/runs/tcp-workload-matrix-v1/A02-baseline/build/tcp_request_response_irq.o,
by_pc,2147497628,1,1,2,3,1,0,0,0,0,session_task,/Users/swchen.tw/git/percepio/poc/runs/tcp-workload-matrix-v1/A02-baseline/build/tcp_request_response_irq.o,
by_pc,2147497630,1,1,2,3,1,0,0,0,0,session_task,/Users/swchen.tw/git/percepio/poc/runs/tcp-workload-matrix-v1/A02-baseline/build/tcp_request_response_irq.o,
by_pc,2147497634,1,1,2,3,1,0,0,0,0,session_task,/Users/swchen.tw/git/percepio/poc/runs/tcp-workload-matrix-v1/A02-baseline/build/tcp_request_response_irq.o,
by_pc,2147497638,1,21,42,43,1,1,8,0,11,session_task,/Users/swchen.tw/git/percepio/poc/runs/tcp-workload-matrix-v1/A02-baseline/build/tcp_request_response_irq.o,
by_pc,2147497642,1,1,2,3,1,0,0,0,0,session_task,/Users/swchen.tw/git/percepio/poc/runs/tcp-workload-matrix-v1/A02-baseline/build/tcp_request_response_irq.o,
by_pc,2147497646,1,2,4,5,1,1,0,0,0,session_task,/Users/swchen.tw/git/percepio/poc/runs/tcp-workload-matrix-v1/A02-baseline/build/tcp_request_response_irq.o,
by_pc,2147497648,1,1,2,3,1,0,0,0,0,session_task,/Users/swchen.tw/git/percepio/poc/runs/tcp-workload-matrix-v1/A02-baseline/build/tcp_request_response_irq.o,
by_pc,2147497650,1,1,2,3,1,0,0,0,0,session_task,/Users/swchen.tw/git/percepio/poc/runs/tcp-workload-matrix-v1/A02-baseline/build/tcp_request_response_irq.o,
by_pc,2147497652,1,1,2,3,1,0,0,0,0,session_task,/Users/swchen.tw/git/percepio/poc/runs/tcp-workload-matrix-v1/A02-baseline/build/tcp_request_response_irq.o,
by_pc,2147497656,1,2,4,5,1,1,0,0,0,session_task,/Users/swchen.tw/git/percepio/poc/runs/tcp-workload-matrix-v1/A02-baseline/build/tcp_request_response_irq.o,
by_pc,2147497658,1,2,4,5,1,1,0,0,0,session_task,/Users/swchen.tw/git/percepio/poc/runs/tcp-workload-matrix-v1/A02-baseline/build/tcp_request_response_irq.o,
by_pc,2147497660,1,1,2,3,1,0,0,0,0,session_task,/Users/swchen.tw/git/percepio/poc/runs/tcp-workload-matrix-v1/A02-baseline/build/tcp_request_response_irq.o,
by_pc,2147497664,1,27,54,55,1,0,8,18,0,session_task,/Users/swchen.tw/git/percepio/poc/runs/tcp-workload-matrix-v1/A02-baseline/build/tcp_request_response_irq.o,
by_pc,2147497668,1,1,2,3,1,0,0,0,0,session_task,/Users/swchen.tw/git/percepio/poc/runs/tcp-workload-matrix-v1/A02-baseline/build/tcp_request_response_irq.o,
by_pc,2147497670,1,1,2,3,1,0,0,0,0,session_task,/Users/swchen.tw/git/percepio/poc/runs/tcp-workload-matrix-v1/A02-baseline/build/tcp_request_response_irq.o,
by_pc,2147497672,1,1,2,3,1,0,0,0,0,session_task,/Users/swchen.tw/git/percepio/poc/runs/tcp-workload-matrix-v1/A02-baseline/build/tcp_request_response_irq.o,
by_pc,2147497674,1,1,2,3,1,0,0,0,0,session_task,/Users/swchen.tw/git/percepio/poc/runs/tcp-workload-matrix-v1/A02-baseline/build/tcp_request_response_irq.o,
by_pc,2147497676,1,21,42,43,1,1,8,0,11,session_task,/Users/swchen.tw/git/percepio/poc/runs/tcp-workload-matrix-v1/A02-baseline/build/tcp_request_response_irq.o,
by_pc,2147497678,1,1,2,3,1,0,0,0,0,session_task,/Users/swchen.tw/git/percepio/poc/runs/tcp-workload-matrix-v1/A02-baseline/build/tcp_request_response_irq.o,
by_pc,2147512306,1,27,54,55,1,0,8,18,0,tcp_input,/Users/swchen.tw/git/percepio/poc/runs/tcp-workload-matrix-v1/A02-baseline/build/tcp_in.o,
by_pc,2147512308,1,1,2,3,1,0,0,0,0,tcp_input,/Users/swchen.tw/git/percepio/poc/runs/tcp-workload-matrix-v1/A02-baseline/build/tcp_in.o,
by_pc,2147512312,1,2,4,5,1,1,0,0,0,tcp_input,/Users/swchen.tw/git/percepio/poc/runs/tcp-workload-matrix-v1/A02-baseline/build/tcp_in.o,
by_pc,2147512316,1,1,2,3,1,0,0,0,0,tcp_input,/Users/swchen.tw/git/percepio/poc/runs/tcp-workload-matrix-v1/A02-baseline/build/tcp_in.o,
by_pc,2147512318,1,10,20,21,2,0,8,0,0,tcp_input,/Users/swchen.tw/git/percepio/poc/runs/tcp-workload-matrix-v1/A02-baseline/build/tcp_in.o,
by_pc,2147512322,1,2,4,5,1,1,0,0,0,tcp_input,/Users/swchen.tw/git/percepio/poc/runs/tcp-workload-matrix-v1/A02-baseline/build/tcp_in.o,
by_pc,2147512324,1,2,4,5,1,1,0,0,0,tcp_input,/Users/swchen.tw/git/percepio/poc/runs/tcp-workload-matrix-v1/A02-baseline/build/tcp_in.o,
by_pc,2147512328,1,1,2,3,1,0,0,0,0,tcp_input,/Users/swchen.tw/git/percepio/poc/runs/tcp-workload-matrix-v1/A02-baseline/build/tcp_in.o,
by_pc,2147512332,1,2,4,5,1,1,0,0,0,tcp_input,/Users/swchen.tw/git/percepio/poc/runs/tcp-workload-matrix-v1/A02-baseline/build/tcp_in.o,
by_pc,2147512334,1,1,2,3,1,0,0,0,0,tcp_input,/Users/swchen.tw/git/percepio/poc/runs/tcp-workload-matrix-v1/A02-baseline/build/tcp_in.o,
by_pc,2147512338,1,2,4,5,1,1,0,0,0,tcp_input,/Users/swchen.tw/git/percepio/poc/runs/tcp-workload-matrix-v1/A02-baseline/build/tcp_in.o,
by_pc,2147512342,1,1,2,3,1,0,0,0,0,tcp_input,/Users/swchen.tw/git/percepio/poc/runs/tcp-workload-matrix-v1/A02-baseline/build/tcp_in.o,
by_pc,2147512346,1,21,42,43,1,1,8,0,11,tcp_input,/Users/swchen.tw/git/percepio/poc/runs/tcp-workload-matrix-v1/A02-baseline/build/tcp_in.o,
by_pc,2147512350,1,1,2,3,1,0,0,0,0,tcp_input,/Users/swchen.tw/git/percepio/poc/runs/tcp-workload-matrix-v1/A02-baseline/build/tcp_in.o,
by_pc,2147506880,1,1,2,3,1,0,0,0,0,tcp_input_delayed_close,/Users/swchen.tw/git/percepio/poc/runs/tcp-workload-matrix-v1/A02-baseline/build/tcp_in.o,
by_pc,2147506882,1,21,42,43,1,1,8,0,11,tcp_input_delayed_close,/Users/swchen.tw/git/percepio/poc/runs/tcp-workload-matrix-v1/A02-baseline/build/tcp_in.o,
by_pc,2147506884,1,21,42,43,1,1,8,0,11,tcp_input_delayed_close,/Users/swchen.tw/git/percepio/poc/runs/tcp-workload-matrix-v1/A02-baseline/build/tcp_in.o,
by_pc,2147506886,1,2,4,5,1,1,0,0,0,tcp_input_delayed_close,/Users/swchen.tw/git/percepio/poc/runs/tcp-workload-matrix-v1/A02-baseline/build/tcp_in.o,
by_pc,2147506890,1,1,2,3,1,0,0,0,0,tcp_input_delayed_close,/Users/swchen.tw/git/percepio/poc/runs/tcp-workload-matrix-v1/A02-baseline/build/tcp_in.o,
by_pc,2147506892,1,1,2,3,1,0,0,0,0,tcp_input_delayed_close,/Users/swchen.tw/git/percepio/poc/runs/tcp-workload-matrix-v1/A02-baseline/build/tcp_in.o,
by_pc,2147506894,1,1,2,3,1,0,0,0,0,tcp_input_delayed_close,/Users/swchen.tw/git/percepio/poc/runs/tcp-workload-matrix-v1/A02-baseline/build/tcp_in.o,
by_pc,2147506908,1,1,2,3,1,0,0,0,0,tcp_input_delayed_close,/Users/swchen.tw/git/percepio/poc/runs/tcp-workload-matrix-v1/A02-baseline/build/tcp_in.o,
by_pc,2147506910,1,1,2,3,1,0,0,0,0,tcp_input_delayed_close,/Users/swchen.tw/git/percepio/poc/runs/tcp-workload-matrix-v1/A02-baseline/build/tcp_in.o,
by_pc,2147506914,1,1,2,3,1,0,0,0,0,tcp_input_delayed_close,/Users/swchen.tw/git/percepio/poc/runs/tcp-workload-matrix-v1/A02-baseline/build/tcp_in.o,
by_pc,2147503888,2,28,56,58,2,0,8,18,0,tcp_pcb_remove,/Users/swchen.tw/git/percepio/poc/runs/tcp-workload-matrix-v1/A02-baseline/build/tcp.o,
by_pc,2147503890,2,42,84,86,2,2,16,0,22,tcp_pcb_remove,/Users/swchen.tw/git/percepio/poc/runs/tcp-workload-matrix-v1/A02-baseline/build/tcp.o,
by_pc,2147503892,2,42,84,86,2,2,16,0,22,tcp_pcb_remove,/Users/swchen.tw/git/percepio/poc/runs/tcp-workload-matrix-v1/A02-baseline/build/tcp.o,
by_pc,2147503894,2,4,8,10,2,2,0,0,0,tcp_pcb_remove,/Users/swchen.tw/git/percepio/poc/runs/tcp-workload-matrix-v1/A02-baseline/build/tcp.o,
by_pc,2147503896,2,2,4,6,2,0,0,0,0,tcp_pcb_remove,/Users/swchen.tw/git/percepio/poc/runs/tcp-workload-matrix-v1/A02-baseline/build/tcp.o,
by_pc,2147503898,2,2,4,6,2,0,0,0,0,tcp_pcb_remove,/Users/swchen.tw/git/percepio/poc/runs/tcp-workload-matrix-v1/A02-baseline/build/tcp.o,
by_pc,2147503902,2,4,8,10,2,2,0,0,0,tcp_pcb_remove,/Users/swchen.tw/git/percepio/poc/runs/tcp-workload-matrix-v1/A02-baseline/build/tcp.o,
by_pc,2147503904,2,42,84,86,2,2,16,0,22,tcp_pcb_remove,/Users/swchen.tw/git/percepio/poc/runs/tcp-workload-matrix-v1/A02-baseline/build/tcp.o,
by_pc,2147503906,2,42,84,86,2,2,16,0,22,tcp_pcb_remove,/Users/swchen.tw/git/percepio/poc/runs/tcp-workload-matrix-v1/A02-baseline/build/tcp.o,
by_pc,2147503910,2,2,4,6,2,0,0,0,0,tcp_pcb_remove,/Users/swchen.tw/git/percepio/poc/runs/tcp-workload-matrix-v1/A02-baseline/build/tcp.o,
by_pc,2147503912,2,2,4,6,2,0,0,0,0,tcp_pcb_remove,/Users/swchen.tw/git/percepio/poc/runs/tcp-workload-matrix-v1/A02-baseline/build/tcp.o,
by_pc,2147503806,2,28,56,58,2,0,8,18,0,tcp_pcb_purge,/Users/swchen.tw/git/percepio/poc/runs/tcp-workload-matrix-v1/A02-baseline/build/tcp.o,
by_pc,2147503808,2,30,60,62,2,2,8,18,0,tcp_pcb_purge,/Users/swchen.tw/git/percepio/poc/runs/tcp-workload-matrix-v1/A02-baseline/build/tcp.o,
by_pc,2147503810,2,2,4,6,2,0,0,0,0,tcp_pcb_purge,/Users/swchen.tw/git/percepio/poc/runs/tcp-workload-matrix-v1/A02-baseline/build/tcp.o,
by_pc,2147503814,2,2,4,6,2,0,0,0,0,tcp_pcb_purge,/Users/swchen.tw/git/percepio/poc/runs/tcp-workload-matrix-v1/A02-baseline/build/tcp.o,
by_pc,2147503816,2,2,4,6,2,0,0,0,0,tcp_pcb_purge,/Users/swchen.tw/git/percepio/poc/runs/tcp-workload-matrix-v1/A02-baseline/build/tcp.o,
by_pc,2147503820,2,2,4,6,2,0,0,0,0,tcp_pcb_purge,/Users/swchen.tw/git/percepio/poc/runs/tcp-workload-matrix-v1/A02-baseline/build/tcp.o,
by_pc,2147503822,1,1,2,3,1,0,0,0,0,tcp_pcb_purge,/Users/swchen.tw/git/percepio/poc/runs/tcp-workload-matrix-v1/A02-baseline/build/tcp.o,
by_pc,2147503824,1,21,42,43,1,1,8,0,11,tcp_pcb_purge,/Users/swchen.tw/git/percepio/poc/runs/tcp-workload-matrix-v1/A02-baseline/build/tcp.o,
by_pc,2147503826,1,21,42,43,1,1,8,0,11,tcp_pcb_purge,/Users/swchen.tw/git/percepio/poc/runs/tcp-workload-matrix-v1/A02-baseline/build/tcp.o,
by_pc,2147503828,1,1,2,3,1,0,0,0,0,tcp_pcb_purge,/Users/swchen.tw/git/percepio/poc/runs/tcp-workload-matrix-v1/A02-baseline/build/tcp.o,
by_pc,2147503830,1,2,4,5,1,1,0,0,0,tcp_pcb_purge,/Users/swchen.tw/git/percepio/poc/runs/tcp-workload-matrix-v1/A02-baseline/build/tcp.o,
by_pc,2147503832,1,1,2,3,1,0,0,0,0,tcp_pcb_purge,/Users/swchen.tw/git/percepio/poc/runs/tcp-workload-matrix-v1/A02-baseline/build/tcp.o,
by_pc,2147503842,1,2,4,5,1,1,0,0,0,tcp_pcb_purge,/Users/swchen.tw/git/percepio/poc/runs/tcp-workload-matrix-v1/A02-baseline/build/tcp.o,
by_pc,2147503844,1,1,2,3,1,0,0,0,0,tcp_pcb_purge,/Users/swchen.tw/git/percepio/poc/runs/tcp-workload-matrix-v1/A02-baseline/build/tcp.o,
by_pc,2147503852,1,2,4,5,1,1,0,0,0,tcp_pcb_purge,/Users/swchen.tw/git/percepio/poc/runs/tcp-workload-matrix-v1/A02-baseline/build/tcp.o,
by_pc,2147503854,1,1,2,3,1,0,0,0,0,tcp_pcb_purge,/Users/swchen.tw/git/percepio/poc/runs/tcp-workload-matrix-v1/A02-baseline/build/tcp.o,
by_pc,2147503856,1,21,42,43,1,1,8,0,11,tcp_pcb_purge,/Users/swchen.tw/git/percepio/poc/runs/tcp-workload-matrix-v1/A02-baseline/build/tcp.o,
by_pc,2147503860,1,1,2,3,1,0,0,0,0,tcp_pcb_purge,/Users/swchen.tw/git/percepio/poc/runs/tcp-workload-matrix-v1/A02-baseline/build/tcp.o,
by_pc,2147503618,2,28,56,58,2,0,8,18,0,tcp_segs_free,/Users/swchen.tw/git/percepio/poc/runs/tcp-workload-matrix-v1/A02-baseline/build/tcp.o,
by_pc,2147503620,2,2,4,6,2,0,0,0,0,tcp_segs_free,/Users/swchen.tw/git/percepio/poc/runs/tcp-workload-matrix-v1/A02-baseline/build/tcp.o,
by_pc,2147503864,1,2,4,5,1,1,0,0,0,tcp_pcb_purge,/Users/swchen.tw/git/percepio/poc/runs/tcp-workload-matrix-v1/A02-baseline/build/tcp.o,
by_pc,2147503866,1,1,2,3,1,0,0,0,0,tcp_pcb_purge,/Users/swchen.tw/git/percepio/poc/runs/tcp-workload-matrix-v1/A02-baseline/build/tcp.o,
by_pc,2147503870,1,22,44,45,2,1,8,0,11,tcp_pcb_purge,/Users/swchen.tw/git/percepio/poc/runs/tcp-workload-matrix-v1/A02-baseline/build/tcp.o,
by_pc,2147503874,1,21,42,43,1,1,8,0,11,tcp_pcb_purge,/Users/swchen.tw/git/percepio/poc/runs/tcp-workload-matrix-v1/A02-baseline/build/tcp.o,
by_pc,2147503878,1,2,4,5,1,1,0,0,0,tcp_pcb_purge,/Users/swchen.tw/git/percepio/poc/runs/tcp-workload-matrix-v1/A02-baseline/build/tcp.o,
by_pc,2147503880,1,2,4,5,1,1,0,0,0,tcp_pcb_purge,/Users/swchen.tw/git/percepio/poc/runs/tcp-workload-matrix-v1/A02-baseline/build/tcp.o,
by_pc,2147503882,1,1,2,3,1,0,0,0,0,tcp_pcb_purge,/Users/swchen.tw/git/percepio/poc/runs/tcp-workload-matrix-v1/A02-baseline/build/tcp.o,
by_pc,2147503884,1,1,2,3,1,0,0,0,0,tcp_pcb_purge,/Users/swchen.tw/git/percepio/poc/runs/tcp-workload-matrix-v1/A02-baseline/build/tcp.o,
by_pc,2147503916,2,4,8,10,2,2,0,0,0,tcp_pcb_remove,/Users/swchen.tw/git/percepio/poc/runs/tcp-workload-matrix-v1/A02-baseline/build/tcp.o,
by_pc,2147503918,2,2,4,6,2,0,0,0,0,tcp_pcb_remove,/Users/swchen.tw/git/percepio/poc/runs/tcp-workload-matrix-v1/A02-baseline/build/tcp.o,
by_pc,2147503922,2,2,4,6,2,0,0,0,0,tcp_pcb_remove,/Users/swchen.tw/git/percepio/poc/runs/tcp-workload-matrix-v1/A02-baseline/build/tcp.o,
by_pc,2147503924,1,1,2,3,1,0,0,0,0,tcp_pcb_remove,/Users/swchen.tw/git/percepio/poc/runs/tcp-workload-matrix-v1/A02-baseline/build/tcp.o,
by_pc,2147503926,1,1,2,3,1,0,0,0,0,tcp_pcb_remove,/Users/swchen.tw/git/percepio/poc/runs/tcp-workload-matrix-v1/A02-baseline/build/tcp.o,
by_pc,2147503928,1,2,4,5,1,1,0,0,0,tcp_pcb_remove,/Users/swchen.tw/git/percepio/poc/runs/tcp-workload-matrix-v1/A02-baseline/build/tcp.o,
by_pc,2147503932,1,1,2,3,1,0,0,0,0,tcp_pcb_remove,/Users/swchen.tw/git/percepio/poc/runs/tcp-workload-matrix-v1/A02-baseline/build/tcp.o,
by_pc,2147503936,1,27,54,55,1,0,8,18,0,tcp_pcb_remove,/Users/swchen.tw/git/percepio/poc/runs/tcp-workload-matrix-v1/A02-baseline/build/tcp.o,
by_pc,2147503952,2,42,84,86,2,2,16,0,22,tcp_pcb_remove,/Users/swchen.tw/git/percepio/poc/runs/tcp-workload-matrix-v1/A02-baseline/build/tcp.o,
by_pc,2147503956,2,42,84,86,2,2,16,0,22,tcp_pcb_remove,/Users/swchen.tw/git/percepio/poc/runs/tcp-workload-matrix-v1/A02-baseline/build/tcp.o,
by_pc,2147503960,2,4,8,10,2,2,0,0,0,tcp_pcb_remove,/Users/swchen.tw/git/percepio/poc/runs/tcp-workload-matrix-v1/A02-baseline/build/tcp.o,
by_pc,2147503962,2,4,8,10,2,2,0,0,0,tcp_pcb_remove,/Users/swchen.tw/git/percepio/poc/runs/tcp-workload-matrix-v1/A02-baseline/build/tcp.o,
by_pc,2147503964,2,2,4,6,2,0,0,0,0,tcp_pcb_remove,/Users/swchen.tw/git/percepio/poc/runs/tcp-workload-matrix-v1/A02-baseline/build/tcp.o,
by_pc,2147503966,2,2,4,6,2,0,0,0,0,tcp_pcb_remove,/Users/swchen.tw/git/percepio/poc/runs/tcp-workload-matrix-v1/A02-baseline/build/tcp.o,
by_pc,2147506918,1,1,2,3,1,0,0,0,0,tcp_input_delayed_close,/Users/swchen.tw/git/percepio/poc/runs/tcp-workload-matrix-v1/A02-baseline/build/tcp_in.o,
by_pc,2147506920,1,1,2,3,1,0,0,0,0,tcp_input_delayed_close,/Users/swchen.tw/git/percepio/poc/runs/tcp-workload-matrix-v1/A02-baseline/build/tcp_in.o,
by_pc,2147506924,1,2,4,5,1,1,0,0,0,tcp_input_delayed_close,/Users/swchen.tw/git/percepio/poc/runs/tcp-workload-matrix-v1/A02-baseline/build/tcp_in.o,
by_pc,2147506926,1,2,4,5,1,1,0,0,0,tcp_input_delayed_close,/Users/swchen.tw/git/percepio/poc/runs/tcp-workload-matrix-v1/A02-baseline/build/tcp_in.o,
by_pc,2147506928,1,1,2,3,1,0,0,0,0,tcp_input_delayed_close,/Users/swchen.tw/git/percepio/poc/runs/tcp-workload-matrix-v1/A02-baseline/build/tcp_in.o,
by_pc,2147506930,1,1,2,3,1,0,0,0,0,tcp_input_delayed_close,/Users/swchen.tw/git/percepio/poc/runs/tcp-workload-matrix-v1/A02-baseline/build/tcp_in.o,
by_pc,2147506932,1,1,2,3,1,0,0,0,0,tcp_input_delayed_close,/Users/swchen.tw/git/percepio/poc/runs/tcp-workload-matrix-v1/A02-baseline/build/tcp_in.o,
by_pc,2147497682,1,9,18,19,1,0,8,0,0,session_task,/Users/swchen.tw/git/percepio/poc/runs/tcp-workload-matrix-v1/A02-baseline/build/tcp_request_response_irq.o,
by_pc,2147497686,1,1,2,3,1,0,0,0,0,session_task,/Users/swchen.tw/git/percepio/poc/runs/tcp-workload-matrix-v1/A02-baseline/build/tcp_request_response_irq.o,
by_pc,2147497690,1,2,4,5,1,1,0,0,0,session_task,/Users/swchen.tw/git/percepio/poc/runs/tcp-workload-matrix-v1/A02-baseline/build/tcp_request_response_irq.o,
by_pc,2147497692,1,1,2,3,1,0,0,0,0,session_task,/Users/swchen.tw/git/percepio/poc/runs/tcp-workload-matrix-v1/A02-baseline/build/tcp_request_response_irq.o,
by_pc,2147505016,1,27,54,55,1,0,8,18,0,tcp_close_shutdown,/Users/swchen.tw/git/percepio/poc/runs/tcp-workload-matrix-v1/A02-baseline/build/tcp.o,
by_pc,2147505018,1,1,2,3,1,0,0,0,0,tcp_close_shutdown,/Users/swchen.tw/git/percepio/poc/runs/tcp-workload-matrix-v1/A02-baseline/build/tcp.o,
by_pc,2147505078,1,27,54,55,1,0,8,18,0,tcp_close_shutdown,/Users/swchen.tw/git/percepio/poc/runs/tcp-workload-matrix-v1/A02-baseline/build/tcp.o,
by_pc,2147505082,1,1,2,3,1,0,0,0,0,tcp_close_shutdown,/Users/swchen.tw/git/percepio/poc/runs/tcp-workload-matrix-v1/A02-baseline/build/tcp.o,
by_pc,2147505086,1,28,56,57,2,0,8,18,0,tcp_close_shutdown,/Users/swchen.tw/git/percepio/poc/runs/tcp-workload-matrix-v1/A02-baseline/build/tcp.o,
by_pc,2147505090,1,1,2,3,1,0,0,0,0,tcp_close_shutdown,/Users/swchen.tw/git/percepio/poc/runs/tcp-workload-matrix-v1/A02-baseline/build/tcp.o,
by_pc,2147505094,3,6,12,15,3,3,0,0,0,tcp_close_shutdown,/Users/swchen.tw/git/percepio/poc/runs/tcp-workload-matrix-v1/A02-baseline/build/tcp.o,
by_pc,2147505096,3,6,12,15,3,3,0,0,0,tcp_close_shutdown,/Users/swchen.tw/git/percepio/poc/runs/tcp-workload-matrix-v1/A02-baseline/build/tcp.o,
by_pc,2147505098,3,3,6,9,3,0,0,0,0,tcp_close_shutdown,/Users/swchen.tw/git/percepio/poc/runs/tcp-workload-matrix-v1/A02-baseline/build/tcp.o,
by_pc,2147505100,3,3,6,9,3,0,0,0,0,tcp_close_shutdown,/Users/swchen.tw/git/percepio/poc/runs/tcp-workload-matrix-v1/A02-baseline/build/tcp.o,
by_pc,2147505102,3,3,6,9,3,0,0,0,0,tcp_close_shutdown,/Users/swchen.tw/git/percepio/poc/runs/tcp-workload-matrix-v1/A02-baseline/build/tcp.o,
by_pc,2147505106,1,1,2,3,1,0,0,0,0,tcp_close_shutdown,/Users/swchen.tw/git/percepio/poc/runs/tcp-workload-matrix-v1/A02-baseline/build/tcp.o,
by_pc,2147505108,1,1,2,3,1,0,0,0,0,tcp_close_shutdown,/Users/swchen.tw/git/percepio/poc/runs/tcp-workload-matrix-v1/A02-baseline/build/tcp.o,
by_pc,2147505112,1,1,2,3,1,0,0,0,0,tcp_close_shutdown,/Users/swchen.tw/git/percepio/poc/runs/tcp-workload-matrix-v1/A02-baseline/build/tcp.o,
by_pc,2147503886,1,1,2,3,1,0,0,0,0,tcp_pcb_purge,/Users/swchen.tw/git/percepio/poc/runs/tcp-workload-matrix-v1/A02-baseline/build/tcp.o,
by_pc,2147505116,1,1,2,3,1,0,0,0,0,tcp_close_shutdown,/Users/swchen.tw/git/percepio/poc/runs/tcp-workload-matrix-v1/A02-baseline/build/tcp.o,
by_pc,2147505118,1,1,2,3,1,0,0,0,0,tcp_close_shutdown,/Users/swchen.tw/git/percepio/poc/runs/tcp-workload-matrix-v1/A02-baseline/build/tcp.o,
by_pc,2147505120,1,1,2,3,1,0,0,0,0,tcp_close_shutdown,/Users/swchen.tw/git/percepio/poc/runs/tcp-workload-matrix-v1/A02-baseline/build/tcp.o,
by_pc,2147505124,1,1,2,3,1,0,0,0,0,tcp_close_shutdown,/Users/swchen.tw/git/percepio/poc/runs/tcp-workload-matrix-v1/A02-baseline/build/tcp.o,
by_pc,2147504988,1,2,4,5,1,1,0,0,0,tcp_close_shutdown,/Users/swchen.tw/git/percepio/poc/runs/tcp-workload-matrix-v1/A02-baseline/build/tcp.o,
by_pc,2147504990,1,2,4,5,1,1,0,0,0,tcp_close_shutdown,/Users/swchen.tw/git/percepio/poc/runs/tcp-workload-matrix-v1/A02-baseline/build/tcp.o,
by_pc,2147504992,1,2,4,5,1,1,0,0,0,tcp_close_shutdown,/Users/swchen.tw/git/percepio/poc/runs/tcp-workload-matrix-v1/A02-baseline/build/tcp.o,
by_pc,2147504994,1,1,2,3,1,0,0,0,0,tcp_close_shutdown,/Users/swchen.tw/git/percepio/poc/runs/tcp-workload-matrix-v1/A02-baseline/build/tcp.o,
by_pc,2147504996,1,1,2,3,1,0,0,0,0,tcp_close_shutdown,/Users/swchen.tw/git/percepio/poc/runs/tcp-workload-matrix-v1/A02-baseline/build/tcp.o,
by_pc,2147504998,1,1,2,3,1,0,0,0,0,tcp_close_shutdown,/Users/swchen.tw/git/percepio/poc/runs/tcp-workload-matrix-v1/A02-baseline/build/tcp.o,
by_pc,2147497696,1,1,2,3,1,0,0,0,0,session_task,/Users/swchen.tw/git/percepio/poc/runs/tcp-workload-matrix-v1/A02-baseline/build/tcp_request_response_irq.o,
by_pc,2147497714,1,1,2,3,1,0,0,0,0,session_task,/Users/swchen.tw/git/percepio/poc/runs/tcp-workload-matrix-v1/A02-baseline/build/tcp_request_response_irq.o,
by_pc,2147497716,1,1,2,3,1,0,0,0,0,session_task,/Users/swchen.tw/git/percepio/poc/runs/tcp-workload-matrix-v1/A02-baseline/build/tcp_request_response_irq.o,
by_pc,2147497720,1,1,2,3,1,0,0,0,0,session_task,/Users/swchen.tw/git/percepio/poc/runs/tcp-workload-matrix-v1/A02-baseline/build/tcp_request_response_irq.o,
by_pc,2147497724,1,1,2,3,1,0,0,0,0,session_task,/Users/swchen.tw/git/percepio/poc/runs/tcp-workload-matrix-v1/A02-baseline/build/tcp_request_response_irq.o,
by_pc,2147497728,1,28,56,57,1,1,8,18,0,session_task,/Users/swchen.tw/git/percepio/poc/runs/tcp-workload-matrix-v1/A02-baseline/build/tcp_request_response_irq.o,
by_pc,2147497732,1,1,2,3,1,0,0,0,0,session_task,/Users/swchen.tw/git/percepio/poc/runs/tcp-workload-matrix-v1/A02-baseline/build/tcp_request_response_irq.o,
by_pc,2147497734,1,2,4,5,1,1,0,0,0,session_task,/Users/swchen.tw/git/percepio/poc/runs/tcp-workload-matrix-v1/A02-baseline/build/tcp_request_response_irq.o,
by_pc,2147497738,1,1,2,3,1,0,0,0,0,session_task,/Users/swchen.tw/git/percepio/poc/runs/tcp-workload-matrix-v1/A02-baseline/build/tcp_request_response_irq.o,
by_pc,2147497740,1,2,4,5,1,1,0,0,0,session_task,/Users/swchen.tw/git/percepio/poc/runs/tcp-workload-matrix-v1/A02-baseline/build/tcp_request_response_irq.o,
by_pc,2147497744,1,1,2,3,1,0,0,0,0,session_task,/Users/swchen.tw/git/percepio/poc/runs/tcp-workload-matrix-v1/A02-baseline/build/tcp_request_response_irq.o,
by_pc,2147497746,1,2,4,5,1,1,0,0,0,session_task,/Users/swchen.tw/git/percepio/poc/runs/tcp-workload-matrix-v1/A02-baseline/build/tcp_request_response_irq.o,
by_pc,2147497750,1,1,2,3,1,0,0,0,0,session_task,/Users/swchen.tw/git/percepio/poc/runs/tcp-workload-matrix-v1/A02-baseline/build/tcp_request_response_irq.o,
by_pc,2147497752,1,2,4,5,1,1,0,0,0,session_task,/Users/swchen.tw/git/percepio/poc/runs/tcp-workload-matrix-v1/A02-baseline/build/tcp_request_response_irq.o,
by_pc,2147497756,1,1,2,3,1,0,0,0,0,session_task,/Users/swchen.tw/git/percepio/poc/runs/tcp-workload-matrix-v1/A02-baseline/build/tcp_request_response_irq.o,
by_pc,2147497774,1,1,2,3,1,0,0,0,0,session_task,/Users/swchen.tw/git/percepio/poc/runs/tcp-workload-matrix-v1/A02-baseline/build/tcp_request_response_irq.o,
by_pc,2147497778,1,1,2,3,1,0,0,0,0,session_task,/Users/swchen.tw/git/percepio/poc/runs/tcp-workload-matrix-v1/A02-baseline/build/tcp_request_response_irq.o,
by_pc,2147497782,1,1,2,3,1,0,0,0,0,session_task,/Users/swchen.tw/git/percepio/poc/runs/tcp-workload-matrix-v1/A02-baseline/build/tcp_request_response_irq.o,
by_pc,2147494842,1,27,54,55,1,0,8,18,0,resources,/Users/swchen.tw/git/percepio/poc/runs/tcp-workload-matrix-v1/A02-baseline/build/tcp_request_response_irq.o,
by_pc,2147494846,1,10,20,21,2,0,8,0,0,resources,/Users/swchen.tw/git/percepio/poc/runs/tcp-workload-matrix-v1/A02-baseline/build/tcp_request_response_irq.o,
by_pc,2147494850,1,2,4,5,1,1,0,0,0,resources,/Users/swchen.tw/git/percepio/poc/runs/tcp-workload-matrix-v1/A02-baseline/build/tcp_request_response_irq.o,
by_pc,2147494854,1,39,78,79,1,1,8,18,11,resources,/Users/swchen.tw/git/percepio/poc/runs/tcp-workload-matrix-v1/A02-baseline/build/tcp_request_response_irq.o,
by_pc,2147494856,1,2,4,5,1,1,0,0,0,resources,/Users/swchen.tw/git/percepio/poc/runs/tcp-workload-matrix-v1/A02-baseline/build/tcp_request_response_irq.o,
by_pc,2147494858,1,2,4,5,1,1,0,0,0,resources,/Users/swchen.tw/git/percepio/poc/runs/tcp-workload-matrix-v1/A02-baseline/build/tcp_request_response_irq.o,
by_pc,2147494862,1,21,42,43,1,1,8,0,11,resources,/Users/swchen.tw/git/percepio/poc/runs/tcp-workload-matrix-v1/A02-baseline/build/tcp_request_response_irq.o,
by_pc,2147494864,1,2,4,5,1,1,0,0,0,resources,/Users/swchen.tw/git/percepio/poc/runs/tcp-workload-matrix-v1/A02-baseline/build/tcp_request_response_irq.o,
by_pc,2147494866,1,2,4,5,1,1,0,0,0,resources,/Users/swchen.tw/git/percepio/poc/runs/tcp-workload-matrix-v1/A02-baseline/build/tcp_request_response_irq.o,
by_pc,2147494870,1,21,42,43,1,1,8,0,11,resources,/Users/swchen.tw/git/percepio/poc/runs/tcp-workload-matrix-v1/A02-baseline/build/tcp_request_response_irq.o,
by_pc,2147494872,1,2,4,5,1,1,0,0,0,resources,/Users/swchen.tw/git/percepio/poc/runs/tcp-workload-matrix-v1/A02-baseline/build/tcp_request_response_irq.o,
by_pc,2147494874,1,2,4,5,1,1,0,0,0,resources,/Users/swchen.tw/git/percepio/poc/runs/tcp-workload-matrix-v1/A02-baseline/build/tcp_request_response_irq.o,
by_pc,2147494878,1,21,42,43,1,1,8,0,11,resources,/Users/swchen.tw/git/percepio/poc/runs/tcp-workload-matrix-v1/A02-baseline/build/tcp_request_response_irq.o,
by_pc,2147494880,1,2,4,5,1,1,0,0,0,resources,/Users/swchen.tw/git/percepio/poc/runs/tcp-workload-matrix-v1/A02-baseline/build/tcp_request_response_irq.o,
by_pc,2147494882,1,10,20,21,1,1,8,0,0,resources,/Users/swchen.tw/git/percepio/poc/runs/tcp-workload-matrix-v1/A02-baseline/build/tcp_request_response_irq.o,
by_pc,2147494886,1,39,78,79,1,1,8,18,11,resources,/Users/swchen.tw/git/percepio/poc/runs/tcp-workload-matrix-v1/A02-baseline/build/tcp_request_response_irq.o,
by_pc,2147494888,1,2,4,5,1,1,0,0,0,resources,/Users/swchen.tw/git/percepio/poc/runs/tcp-workload-matrix-v1/A02-baseline/build/tcp_request_response_irq.o,
by_pc,2147494890,1,28,56,57,1,1,8,18,0,resources,/Users/swchen.tw/git/percepio/poc/runs/tcp-workload-matrix-v1/A02-baseline/build/tcp_request_response_irq.o,
by_pc,2147494894,1,21,42,43,1,1,8,0,11,resources,/Users/swchen.tw/git/percepio/poc/runs/tcp-workload-matrix-v1/A02-baseline/build/tcp_request_response_irq.o,
by_pc,2147494896,1,1,2,3,1,0,0,0,0,resources,/Users/swchen.tw/git/percepio/poc/runs/tcp-workload-matrix-v1/A02-baseline/build/tcp_request_response_irq.o,
by_pc,2147497786,1,1,2,3,1,0,0,0,0,session_task,/Users/swchen.tw/git/percepio/poc/runs/tcp-workload-matrix-v1/A02-baseline/build/tcp_request_response_irq.o,
by_pc,2147497788,1,1,2,3,1,0,0,0,0,session_task,/Users/swchen.tw/git/percepio/poc/runs/tcp-workload-matrix-v1/A02-baseline/build/tcp_request_response_irq.o,
by_pc,2147497792,1,27,54,55,1,0,8,18,0,session_task,/Users/swchen.tw/git/percepio/poc/runs/tcp-workload-matrix-v1/A02-baseline/build/tcp_request_response_irq.o,
by_pc,2147497796,1,1,2,3,1,0,0,0,0,session_task,/Users/swchen.tw/git/percepio/poc/runs/tcp-workload-matrix-v1/A02-baseline/build/tcp_request_response_irq.o,
by_pc,2147497800,1,1,2,3,1,0,0,0,0,session_task,/Users/swchen.tw/git/percepio/poc/runs/tcp-workload-matrix-v1/A02-baseline/build/tcp_request_response_irq.o,
by_pc,2147497804,1,1,2,3,1,0,0,0,0,session_task,/Users/swchen.tw/git/percepio/poc/runs/tcp-workload-matrix-v1/A02-baseline/build/tcp_request_response_irq.o,
by_pc,2147497806,6,6,12,18,6,0,0,0,0,session_task,/Users/swchen.tw/git/percepio/poc/runs/tcp-workload-matrix-v1/A02-baseline/build/tcp_request_response_irq.o,
by_pc,2147497810,6,6,12,18,6,0,0,0,0,session_task,/Users/swchen.tw/git/percepio/poc/runs/tcp-workload-matrix-v1/A02-baseline/build/tcp_request_response_irq.o,
by_pc,2147497814,6,12,24,30,6,6,0,0,0,session_task,/Users/swchen.tw/git/percepio/poc/runs/tcp-workload-matrix-v1/A02-baseline/build/tcp_request_response_irq.o,
by_pc,2147497816,6,12,24,30,6,6,0,0,0,session_task,/Users/swchen.tw/git/percepio/poc/runs/tcp-workload-matrix-v1/A02-baseline/build/tcp_request_response_irq.o,
by_pc,2147497818,6,6,12,18,6,0,0,0,0,session_task,/Users/swchen.tw/git/percepio/poc/runs/tcp-workload-matrix-v1/A02-baseline/build/tcp_request_response_irq.o,
by_pc,2147497838,6,6,12,18,6,0,0,0,0,session_task,/Users/swchen.tw/git/percepio/poc/runs/tcp-workload-matrix-v1/A02-baseline/build/tcp_request_response_irq.o,
by_pc,2147497840,6,6,12,18,6,0,0,0,0,session_task,/Users/swchen.tw/git/percepio/poc/runs/tcp-workload-matrix-v1/A02-baseline/build/tcp_request_response_irq.o,
by_pc,2147497844,1,1,2,3,1,0,0,0,0,session_task,/Users/swchen.tw/git/percepio/poc/runs/tcp-workload-matrix-v1/A02-baseline/build/tcp_request_response_irq.o,
by_pc,2147497848,1,1,2,3,1,0,0,0,0,session_task,/Users/swchen.tw/git/percepio/poc/runs/tcp-workload-matrix-v1/A02-baseline/build/tcp_request_response_irq.o,
by_context,unknown,346485,1088094,2176188,2522673,347365,83839,278864,13860,364166,,,
matrix,unknown|application_harness,114689,385032,770064,884753,114976,14643,108000,2268,145145,,,
matrix,unknown|lwip,62759,192806,385612,448371,63341,16915,51096,5310,56144,,,
matrix,unknown|runtime_library,167215,499405,998810,1166025,167222,51463,116472,4968,159280,,,
matrix,unknown|kernel_port,706,5773,11546,12252,709,445,1840,810,1969,,,
matrix,unknown|recorder,1102,4968,9936,11038,1103,368,1416,486,1595,,,
matrix,unknown|observer_entry,14,110,220,234,14,5,40,18,33,,,
