[1/1426] Generating qemu-options.def with a custom command (wrapped by meson to capture output)
[2/1426] Generating qemu-img-cmds.h with a custom command (wrapped by meson to capture output)
[3/1426] Generating hmp-commands.h with a custom command (wrapped by meson to capture output)
[4/1426] Generating hmp-commands-info.h with a custom command (wrapped by meson to capture output)
[5/1426] Generating config-poison.h with a custom command (wrapped by meson to capture output)
[6/1426] Generating trace/trace-root.c with a custom command
[7/1426] Generating trace/trace-root.h with a custom command
[8/1426] Generating qapi/shared QAPI source files with a custom command
[9/1426] Generating trace/trace-crypto.h with a custom command
[10/1426] Generating trace/trace-crypto.c with a custom command
[11/1426] Generating trace/trace-qapi.c with a custom command
[12/1426] Generating trace/trace-qom.h with a custom command
[13/1426] Generating trace/trace-qapi.h with a custom command
[14/1426] Generating trace/trace-qom.c with a custom command
[15/1426] Generating trace/trace-monitor.c with a custom command
[16/1426] Generating trace/trace-monitor.h with a custom command
[17/1426] Generating trace/trace-util.c with a custom command
[18/1426] Generating trace/trace-gdbstub.h with a custom command
[19/1426] Generating trace/trace-util.h with a custom command
[20/1426] Generating trace/trace-gdbstub.c with a custom command
[21/1426] Generating trace/trace-authz.h with a custom command
[22/1426] Generating trace/trace-authz.c with a custom command
[23/1426] Generating trace/trace-block.c with a custom command
[24/1426] Generating trace/trace-chardev.h with a custom command
[25/1426] Generating trace/trace-block.h with a custom command
[26/1426] Generating trace/trace-chardev.c with a custom command
[27/1426] Generating trace/trace-io.h with a custom command
[28/1426] Generating trace/trace-io.c with a custom command
[29/1426] Generating trace/trace-nbd.h with a custom command
[30/1426] Generating trace/trace-scsi.h with a custom command
[31/1426] Generating trace/trace-nbd.c with a custom command
[32/1426] Generating trace/trace-scsi.c with a custom command
[33/1426] Generating trace/trace-accel_kvm.c with a custom command
[34/1426] Generating trace/trace-accel_kvm.h with a custom command
[35/1426] Generating trace/trace-audio.h with a custom command
[36/1426] Generating trace/trace-audio.c with a custom command
[37/1426] Generating trace/trace-backends.h with a custom command
[38/1426] Generating trace/trace-backends.c with a custom command
[39/1426] Generating trace/trace-backends_tpm.h with a custom command
[40/1426] Generating trace/trace-backends_tpm.c with a custom command
[41/1426] Generating trace/trace-ebpf.h with a custom command
[42/1426] Generating trace/trace-ebpf.c with a custom command
[43/1426] Generating trace/trace-hw_9pfs.h with a custom command
[44/1426] Generating trace/trace-hw_9pfs.c with a custom command
[45/1426] Generating trace/trace-hw_acpi.h with a custom command
[46/1426] Generating trace/trace-hw_acpi.c with a custom command
[47/1426] Generating trace/trace-hw_adc.h with a custom command
[48/1426] Generating trace/trace-hw_adc.c with a custom command
[49/1426] Generating trace/trace-hw_alpha.h with a custom command
[50/1426] Generating trace/trace-hw_alpha.c with a custom command
[51/1426] Generating trace/trace-hw_arm.h with a custom command
[52/1426] Generating trace/trace-hw_arm.c with a custom command
[53/1426] Generating trace/trace-hw_audio.h with a custom command
[54/1426] Generating trace/trace-hw_audio.c with a custom command
[55/1426] Generating trace/trace-hw_block.h with a custom command
[56/1426] Generating trace/trace-hw_block.c with a custom command
[57/1426] Generating trace/trace-hw_char.h with a custom command
[58/1426] Generating trace/trace-hw_char.c with a custom command
[59/1426] Generating trace/trace-hw_display.c with a custom command
[60/1426] Generating trace/trace-hw_dma.h with a custom command
[61/1426] Generating trace/trace-hw_display.h with a custom command
[62/1426] Generating qemu-version.h with a custom command (wrapped by meson to capture output)
[63/1426] Generating trace/trace-hw_fsi.c with a custom command
[64/1426] Generating trace/trace-hw_dma.c with a custom command
[65/1426] Generating trace/trace-hw_fsi.h with a custom command
[66/1426] Generating trace/trace-hw_hyperv.h with a custom command
[67/1426] Generating trace/trace-hw_hyperv.c with a custom command
[68/1426] Generating trace/trace-hw_i2c.c with a custom command
[69/1426] Generating trace/trace-hw_i2c.h with a custom command
[70/1426] Generating trace/trace-hw_i386.h with a custom command
[71/1426] Generating trace/trace-hw_i386_xen.h with a custom command
[72/1426] Generating trace/trace-hw_i386_xen.c with a custom command
[73/1426] Generating trace/trace-hw_i386.c with a custom command
[74/1426] Generating trace/trace-hw_i386_kvm.h with a custom command
[75/1426] Generating trace/trace-hw_i386_kvm.c with a custom command
[76/1426] Generating trace/trace-hw_ide.c with a custom command
[77/1426] Generating trace/trace-hw_ide.h with a custom command
[78/1426] Generating trace/trace-hw_input.h with a custom command
[79/1426] Generating trace/trace-hw_input.c with a custom command
[80/1426] Generating trace/trace-hw_intc.c with a custom command
[81/1426] Generating trace/trace-hw_intc.h with a custom command
[82/1426] Generating trace/trace-hw_isa.h with a custom command
[83/1426] Generating trace/trace-hw_isa.c with a custom command
[84/1426] Generating trace/trace-hw_mem.h with a custom command
[85/1426] Generating trace/trace-hw_mips.h with a custom command
[86/1426] Generating trace/trace-hw_mem.c with a custom command
[87/1426] Generating trace/trace-hw_mips.c with a custom command
[88/1426] Generating trace/trace-hw_misc_macio.h with a custom command
[89/1426] Generating trace/trace-hw_misc.c with a custom command
[90/1426] Generating trace/trace-hw_misc_macio.c with a custom command
[91/1426] Generating trace/trace-hw_misc.h with a custom command
[92/1426] Generating trace/trace-hw_net_can.h with a custom command
[93/1426] Generating trace/trace-hw_net.c with a custom command
[94/1426] Generating trace/trace-hw_net_can.c with a custom command
[95/1426] Generating trace/trace-hw_nubus.h with a custom command
[96/1426] Generating trace/trace-hw_nubus.c with a custom command
[97/1426] Generating trace/trace-hw_net.h with a custom command
[98/1426] Generating trace/trace-hw_nvme.c with a custom command
[99/1426] Generating trace/trace-hw_nvram.c with a custom command
[100/1426] Generating trace/trace-hw_nvme.h with a custom command
[101/1426] Generating trace/trace-hw_nvram.h with a custom command
[102/1426] Generating trace/trace-hw_pci.c with a custom command
[103/1426] Generating trace/trace-hw_pci.h with a custom command
[104/1426] Generating trace/trace-hw_pci_host.c with a custom command
[105/1426] Generating trace/trace-hw_pci_host.h with a custom command
[106/1426] Generating trace/trace-hw_rtc.h with a custom command
[107/1426] Generating trace/trace-hw_ppc.c with a custom command
[108/1426] Generating trace/trace-hw_rtc.c with a custom command
[109/1426] Generating trace/trace-hw_ppc.h with a custom command
[110/1426] Generating trace/trace-hw_riscv.c with a custom command
[111/1426] Generating trace/trace-hw_riscv.h with a custom command
[112/1426] Generating trace/trace-hw_s390x.h with a custom command
[113/1426] Generating trace/trace-hw_s390x.c with a custom command
[114/1426] Generating trace/trace-hw_sd.h with a custom command
[115/1426] Generating trace/trace-hw_scsi.c with a custom command
[116/1426] Generating trace/trace-hw_sd.c with a custom command
[117/1426] Generating trace/trace-hw_scsi.h with a custom command
[118/1426] Generating trace/trace-hw_sensor.h with a custom command
[119/1426] Generating trace/trace-hw_sensor.c with a custom command
[120/1426] Generating trace/trace-hw_sh4.h with a custom command
[121/1426] Generating trace/trace-hw_sh4.c with a custom command
[122/1426] Generating trace/trace-hw_sparc.c with a custom command
[123/1426] Generating trace/trace-hw_sparc.h with a custom command
[124/1426] Generating trace/trace-hw_sparc64.h with a custom command
[125/1426] Generating trace/trace-hw_sparc64.c with a custom command
[126/1426] Generating trace/trace-hw_ssi.c with a custom command
[127/1426] Generating trace/trace-hw_ssi.h with a custom command
[128/1426] Generating trace/trace-hw_timer.h with a custom command
[129/1426] Generating trace/trace-hw_timer.c with a custom command
[130/1426] Generating trace/trace-hw_tpm.c with a custom command
[131/1426] Generating trace/trace-hw_tpm.h with a custom command
[132/1426] Generating trace/trace-hw_ufs.h with a custom command
[133/1426] Generating trace/trace-hw_ufs.c with a custom command
[134/1426] Generating trace/trace-hw_usb.c with a custom command
[135/1426] Generating trace/trace-hw_vfio.h with a custom command
[136/1426] Generating trace/trace-hw_usb.h with a custom command
[137/1426] Generating trace/trace-hw_vfio.c with a custom command
[138/1426] Generating trace/trace-hw_virtio.h with a custom command
[139/1426] Generating trace/trace-hw_virtio.c with a custom command
[140/1426] Generating trace/trace-hw_watchdog.c with a custom command
[141/1426] Generating trace/trace-hw_watchdog.h with a custom command
[142/1426] Generating trace/trace-hw_xen.h with a custom command
[143/1426] Generating trace/trace-hw_xen.c with a custom command
[144/1426] Generating trace/trace-hw_gpio.c with a custom command
[145/1426] Generating trace/trace-hw_gpio.h with a custom command
[146/1426] Generating trace/trace-net.h with a custom command
[147/1426] Generating trace/trace-net.c with a custom command
[148/1426] Generating trace/trace-migration.c with a custom command
[149/1426] Generating trace/trace-migration.h with a custom command
[150/1426] Generating trace/trace-system.c with a custom command
[151/1426] Generating trace/trace-system.h with a custom command
[152/1426] Generating trace/trace-ui.h with a custom command
[153/1426] Generating trace/trace-ui.c with a custom command
[154/1426] Generating trace/trace-hw_remote.h with a custom command
[155/1426] Generating trace/trace-hw_remote.c with a custom command
[156/1426] Generating trace/trace-accel_tcg.h with a custom command
[157/1426] Generating trace/trace-accel_tcg.c with a custom command
[158/1426] Generating trace/trace-hw_core.c with a custom command
[159/1426] Generating trace/trace-hw_core.h with a custom command
[160/1426] Generating trace/trace-target_arm.h with a custom command
[161/1426] Generating trace/trace-target_arm_hvf.c with a custom command
[162/1426] Generating trace/trace-target_arm.c with a custom command
[163/1426] Generating trace/trace-target_arm_hvf.h with a custom command
[164/1426] Generating trace/trace-target_hppa.h with a custom command
[165/1426] Generating trace/trace-target_hppa.c with a custom command
[166/1426] Generating trace/trace-target_i386.c with a custom command
[167/1426] Generating trace/trace-target_i386.h with a custom command
[168/1426] Generating trace/trace-target_i386_kvm.h with a custom command
[169/1426] Generating trace/trace-target_i386_kvm.c with a custom command
[170/1426] Generating trace/trace-target_loongarch.c with a custom command
[171/1426] Generating trace/trace-target_loongarch.h with a custom command
[172/1426] Generating trace/trace-target_mips_tcg.h with a custom command
[173/1426] Generating trace/trace-target_mips_tcg.c with a custom command
[174/1426] Generating trace/trace-target_ppc.c with a custom command
[175/1426] Generating trace/trace-target_ppc.h with a custom command
[176/1426] Generating trace/trace-target_riscv.h with a custom command
[177/1426] Generating trace/trace-target_riscv.c with a custom command
[178/1426] Generating trace/trace-target_s390x.h with a custom command
[179/1426] Generating trace/trace-target_s390x.c with a custom command
[180/1426] Generating trace/trace-target_s390x_kvm.h with a custom command
[181/1426] Generating trace/trace-target_s390x_kvm.c with a custom command
[182/1426] Generating trace/trace-target_sparc.h with a custom command
[183/1426] Generating trace/trace-target_sparc.c with a custom command
[184/1426] Generating trace/trace-qapi_commands_authz_trace_events.c with a custom command
[185/1426] Generating trace/trace-qapi_commands_authz_trace_events.h with a custom command
[186/1426] Generating trace/trace-qapi_commands_block_trace_events.h with a custom command
[187/1426] Generating trace/trace-qapi_commands_block_trace_events.c with a custom command
[188/1426] Generating trace/trace-qapi_commands_block_core_trace_events.c with a custom command
[189/1426] Generating trace/trace-qapi_commands_block_export_trace_events.h with a custom command
[190/1426] Generating trace/trace-qapi_commands_block_export_trace_events.c with a custom command
[191/1426] Generating trace/trace-qapi_commands_block_core_trace_events.h with a custom command
[192/1426] Generating trace/trace-qapi_commands_char_trace_events.h with a custom command
[193/1426] Generating trace/trace-qapi_commands_char_trace_events.c with a custom command
[194/1426] Generating trace/trace-qapi_commands_common_trace_events.h with a custom command
[195/1426] Generating trace/trace-qapi_commands_common_trace_events.c with a custom command
[196/1426] Generating trace/trace-qapi_commands_compat_trace_events.h with a custom command
[197/1426] Generating trace/trace-qapi_commands_compat_trace_events.c with a custom command
[198/1426] Generating trace/trace-qapi_commands_control_trace_events.c with a custom command
[199/1426] Generating trace/trace-qapi_commands_control_trace_events.h with a custom command
[200/1426] Generating trace/trace-qapi_commands_crypto_trace_events.h with a custom command
[201/1426] Generating trace/trace-qapi_commands_crypto_trace_events.c with a custom command
[202/1426] Generating trace/trace-qapi_commands_cxl_trace_events.c with a custom command
[203/1426] Generating trace/trace-qapi_commands_cxl_trace_events.h with a custom command
[204/1426] Generating trace/trace-qapi_commands_dump_trace_events.c with a custom command
[205/1426] Generating trace/trace-qapi_commands_dump_trace_events.h with a custom command
[206/1426] Generating trace/trace-qapi_commands_ebpf_trace_events.c with a custom command
[207/1426] Generating trace/trace-qapi_commands_ebpf_trace_events.h with a custom command
[208/1426] Generating trace/trace-qapi_commands_error_trace_events.h with a custom command
[209/1426] Generating trace/trace-qapi_commands_error_trace_events.c with a custom command
[210/1426] Generating trace/trace-qapi_commands_introspect_trace_events.h with a custom command
[211/1426] Generating trace/trace-qapi_commands_introspect_trace_events.c with a custom command
[212/1426] Generating trace/trace-qapi_commands_job_trace_events.c with a custom command
[213/1426] Generating trace/trace-qapi_commands_job_trace_events.h with a custom command
[214/1426] Generating trace/trace-qapi_commands_machine_common_trace_events.h with a custom command
[215/1426] Generating trace/trace-qapi_commands_machine_common_trace_events.c with a custom command
[216/1426] Generating trace/trace-qapi_commands_machine_trace_events.c with a custom command
[217/1426] Generating trace/trace-qapi_commands_machine_trace_events.h with a custom command
[218/1426] Generating trace/trace-qapi_commands_migration_trace_events.c with a custom command
[219/1426] Generating trace/trace-qapi_commands_migration_trace_events.h with a custom command
[220/1426] Generating trace/trace-qapi_commands_misc_trace_events.h with a custom command
[221/1426] Generating trace/trace-qapi_commands_misc_trace_events.c with a custom command
[222/1426] Generating trace/trace-qapi_commands_net_trace_events.h with a custom command
[223/1426] Generating trace/trace-qapi_commands_net_trace_events.c with a custom command
[224/1426] Generating trace/trace-qapi_commands_pragma_trace_events.h with a custom command
[225/1426] Generating trace/trace-qapi_commands_pragma_trace_events.c with a custom command
[226/1426] Generating trace/trace-qapi_commands_qom_trace_events.h with a custom command
[227/1426] Generating trace/trace-qapi_commands_qom_trace_events.c with a custom command
[228/1426] Generating trace/trace-qapi_commands_run_state_trace_events.h with a custom command
[229/1426] Generating trace/trace-qapi_commands_replay_trace_events.h with a custom command
[230/1426] Generating trace/trace-qapi_commands_replay_trace_events.c with a custom command
[231/1426] Generating trace/trace-qapi_commands_run_state_trace_events.c with a custom command
[232/1426] Generating trace/trace-qapi_commands_sockets_trace_events.h with a custom command
[233/1426] Generating trace/trace-qapi_commands_sockets_trace_events.c with a custom command
[234/1426] Generating trace/trace-qapi_commands_stats_trace_events.h with a custom command
[235/1426] Generating trace/trace-qapi_commands_stats_trace_events.c with a custom command
[236/1426] Generating trace/trace-qapi_commands_trace_trace_events.c with a custom command
[237/1426] Generating trace/trace-qapi_commands_transaction_trace_events.h with a custom command
[238/1426] Generating trace/trace-qapi_commands_transaction_trace_events.c with a custom command
[239/1426] Generating trace/trace-qapi_commands_trace_trace_events.h with a custom command
[240/1426] Generating trace/trace-qapi_commands_vfio_trace_events.h with a custom command
[241/1426] Generating trace/trace-qapi_commands_vfio_trace_events.c with a custom command
[242/1426] Generating trace/trace-qapi_commands_virtio_trace_events.c with a custom command
[243/1426] Generating trace/trace-qapi_commands_virtio_trace_events.h with a custom command
[244/1426] Generating trace/trace-qapi_commands_acpi_trace_events.h with a custom command
[245/1426] Generating trace/trace-qapi_commands_yank_trace_events.h with a custom command
[246/1426] Generating trace/trace-qapi_commands_yank_trace_events.c with a custom command
[247/1426] Generating trace/trace-qapi_commands_acpi_trace_events.c with a custom command
[248/1426] Generating trace/trace-qapi_commands_cryptodev_trace_events.c with a custom command
[249/1426] Generating trace/trace-qapi_commands_audio_trace_events.h with a custom command
[250/1426] Generating trace/trace-qapi_commands_audio_trace_events.c with a custom command
[251/1426] Generating trace/trace-qapi_commands_cryptodev_trace_events.h with a custom command
[252/1426] Generating trace/trace-qapi_commands_pci_trace_events.h with a custom command
[253/1426] Generating trace/trace-qapi_commands_pci_trace_events.c with a custom command
[254/1426] Generating trace/trace-qapi_commands_qdev_trace_events.h with a custom command
[255/1426] Generating trace/trace-qapi_commands_qdev_trace_events.c with a custom command
[256/1426] Generating trace/trace-qapi_commands_tpm_trace_events.c with a custom command
[257/1426] Generating trace/trace-qapi_commands_tpm_trace_events.h with a custom command
[258/1426] Generating trace/trace-qapi_commands_rocker_trace_events.h with a custom command
[259/1426] Generating trace/trace-qapi_commands_rocker_trace_events.c with a custom command
[260/1426] Generating trace/trace-qapi_commands_machine_target_trace_events.c with a custom command
[261/1426] Generating trace/trace-qapi_commands_ui_trace_events.c with a custom command
[262/1426] Generating trace/trace-qapi_commands_machine_target_trace_events.h with a custom command
[263/1426] Generating trace/trace-qapi_commands_ui_trace_events.h with a custom command
[264/1426] Generating trace/trace-qapi_commands_misc_target_trace_events.c with a custom command
[265/1426] Generating trace/trace-qapi_commands_misc_target_trace_events.h with a custom command
[266/1426] Generating ui/input-keymap-linux-to-qcode.c.inc with a custom command (wrapped by meson to capture output)
[267/1426] Generating ui/input-keymap-qcode-to-atset1.c.inc with a custom command (wrapped by meson to capture output)
[268/1426] Generating ui/input-keymap-qcode-to-atset2.c.inc with a custom command (wrapped by meson to capture output)
[269/1426] Generating ui/input-keymap-atset1-to-qcode.c.inc with a custom command (wrapped by meson to capture output)
[270/1426] Generating ui/input-keymap-qcode-to-atset3.c.inc with a custom command (wrapped by meson to capture output)
[271/1426] Generating ui/input-keymap-qcode-to-linux.c.inc with a custom command (wrapped by meson to capture output)
[272/1426] Generating ui/input-keymap-qcode-to-qnum.c.inc with a custom command (wrapped by meson to capture output)
[273/1426] Generating ui/input-keymap-qcode-to-sun.c.inc with a custom command (wrapped by meson to capture output)
[274/1426] Generating ui/input-keymap-qnum-to-qcode.c.inc with a custom command (wrapped by meson to capture output)
[275/1426] Generating ui/input-keymap-usb-to-qcode.c.inc with a custom command (wrapped by meson to capture output)
[276/1426] Generating ui/input-keymap-win32-to-qcode.c.inc with a custom command (wrapped by meson to capture output)
[277/1426] Generating ui/input-keymap-x11-to-qcode.c.inc with a custom command (wrapped by meson to capture output)
[278/1426] Generating ui/input-keymap-xorgevdev-to-qcode.c.inc with a custom command (wrapped by meson to capture output)
[279/1426] Generating ui/input-keymap-xorgxquartz-to-qcode.c.inc with a custom command (wrapped by meson to capture output)
[280/1426] Generating ui/input-keymap-xorgkbd-to-qcode.c.inc with a custom command (wrapped by meson to capture output)
[281/1426] Generating ui/input-keymap-osx-to-qcode.c.inc with a custom command (wrapped by meson to capture output)
[282/1426] Generating ui/input-keymap-xorgxwin-to-qcode.c.inc with a custom command (wrapped by meson to capture output)
[283/1426] Generating ui/shader/texture-blit-frag.h with a custom command (wrapped by meson to capture output)
[284/1426] Generating ui/shader/texture-blit-vert.h with a custom command (wrapped by meson to capture output)
[285/1426] Generating ui/shader/texture-blit-flip-vert.h with a custom command (wrapped by meson to capture output)
[286/1426] Compiling C object subprojects/dtc/libfdt/libfdt.a.p/fdt_addresses.c.o
[287/1426] Compiling C object subprojects/dtc/libfdt/libfdt.a.p/fdt_check.c.o
[288/1426] Compiling C object subprojects/dtc/libfdt/libfdt.a.p/fdt.c.o
[289/1426] Compiling C object libqemuutil.a.p/meson-generated_.._qapi_qapi-builtin-types.c.o
[290/1426] Compiling C object libqemuutil.a.p/meson-generated_.._qapi_qapi-types-authz.c.o
[291/1426] Compiling C object libqemuutil.a.p/meson-generated_.._qapi_qapi-visit-authz.c.o
[292/1426] Compiling C object libqemuutil.a.p/meson-generated_.._qapi_qapi-builtin-visit.c.o
[293/1426] Compiling C object libqemuutil.a.p/meson-generated_.._qapi_qapi-events-authz.c.o
[294/1426] Compiling C object libqemuutil.a.p/meson-generated_.._qapi_qapi-commands-authz.c.o
[295/1426] Compiling C object libqemuutil.a.p/meson-generated_.._qapi_qapi-types-block.c.o
[296/1426] Compiling C object libqemuutil.a.p/meson-generated_.._qapi_qapi-visit-block.c.o
[297/1426] Compiling C object libqemuutil.a.p/meson-generated_.._qapi_qapi-events-block.c.o
[298/1426] Compiling C object libqemuutil.a.p/meson-generated_.._qapi_qapi-commands-block.c.o
[299/1426] Compiling C object libqemuutil.a.p/meson-generated_.._qapi_qapi-events-block-core.c.o
[300/1426] Compiling C object libqemuutil.a.p/meson-generated_.._qapi_qapi-types-block-core.c.o
[301/1426] Compiling C object libqemuutil.a.p/meson-generated_.._qapi_qapi-types-block-export.c.o
[302/1426] Compiling C object libqemuutil.a.p/meson-generated_.._qapi_qapi-visit-block-export.c.o
[303/1426] Compiling C object libqemuutil.a.p/meson-generated_.._qapi_qapi-events-block-export.c.o
[304/1426] Compiling C object libqemuutil.a.p/meson-generated_.._qapi_qapi-commands-block-export.c.o
[305/1426] Compiling C object libqemuutil.a.p/meson-generated_.._qapi_qapi-types-char.c.o
[306/1426] Compiling C object libqemuutil.a.p/meson-generated_.._qapi_qapi-commands-block-core.c.o
[307/1426] Compiling C object libqemuutil.a.p/meson-generated_.._qapi_qapi-events-char.c.o
[308/1426] Compiling C object libqemuutil.a.p/meson-generated_.._qapi_qapi-visit-char.c.o
[309/1426] Compiling C object libqemuutil.a.p/meson-generated_.._qapi_qapi-commands-char.c.o
[310/1426] Compiling C object libqemuutil.a.p/meson-generated_.._qapi_qapi-visit-block-core.c.o
[311/1426] Compiling C object libqemuutil.a.p/meson-generated_.._qapi_qapi-types-common.c.o
[312/1426] Compiling C object libqemuutil.a.p/meson-generated_.._qapi_qapi-events-common.c.o
[313/1426] Compiling C object libqemuutil.a.p/meson-generated_.._qapi_qapi-visit-common.c.o
[314/1426] Compiling C object libqemuutil.a.p/meson-generated_.._qapi_qapi-commands-common.c.o
[315/1426] Compiling C object libqemuutil.a.p/meson-generated_.._qapi_qapi-types-compat.c.o
[316/1426] Compiling C object libqemuutil.a.p/meson-generated_.._qapi_qapi-events-compat.c.o
[317/1426] Compiling C object libqemuutil.a.p/meson-generated_.._qapi_qapi-commands-compat.c.o
[318/1426] Compiling C object libqemuutil.a.p/meson-generated_.._qapi_qapi-visit-compat.c.o
[319/1426] Compiling C object libqemuutil.a.p/meson-generated_.._qapi_qapi-types-control.c.o
[320/1426] Compiling C object libqemuutil.a.p/meson-generated_.._qapi_qapi-events-control.c.o
[321/1426] Compiling C object libqemuutil.a.p/meson-generated_.._qapi_qapi-visit-control.c.o
[322/1426] Compiling C object libqemuutil.a.p/meson-generated_.._qapi_qapi-commands-control.c.o
[323/1426] Compiling C object libqemuutil.a.p/meson-generated_.._qapi_qapi-types-crypto.c.o
[324/1426] Compiling C object libqemuutil.a.p/meson-generated_.._qapi_qapi-events-crypto.c.o
[325/1426] Compiling C object libqemuutil.a.p/meson-generated_.._qapi_qapi-types-cxl.c.o
[326/1426] Compiling C object libqemuutil.a.p/meson-generated_.._qapi_qapi-commands-crypto.c.o
[327/1426] Compiling C object libqemuutil.a.p/meson-generated_.._qapi_qapi-visit-crypto.c.o
[328/1426] Compiling C object libqemuutil.a.p/meson-generated_.._qapi_qapi-events-cxl.c.o
[329/1426] Compiling C object libqemuutil.a.p/meson-generated_.._qapi_qapi-visit-cxl.c.o
[330/1426] Compiling C object libqemuutil.a.p/meson-generated_.._qapi_qapi-types-dump.c.o
[331/1426] Compiling C object libqemuutil.a.p/meson-generated_.._qapi_qapi-commands-cxl.c.o
[332/1426] Compiling C object libqemuutil.a.p/meson-generated_.._qapi_qapi-visit-dump.c.o
[333/1426] Compiling C object libqemuutil.a.p/meson-generated_.._qapi_qapi-events-dump.c.o
[334/1426] Compiling C object libqemuutil.a.p/meson-generated_.._qapi_qapi-types-ebpf.c.o
[335/1426] Compiling C object libqemuutil.a.p/meson-generated_.._qapi_qapi-commands-dump.c.o
[336/1426] Compiling C object libqemuutil.a.p/meson-generated_.._qapi_qapi-visit-ebpf.c.o
[337/1426] Compiling C object libqemuutil.a.p/meson-generated_.._qapi_qapi-events-ebpf.c.o
[338/1426] Compiling C object libqemuutil.a.p/meson-generated_.._qapi_qapi-commands-ebpf.c.o
[339/1426] Compiling C object libqemuutil.a.p/meson-generated_.._qapi_qapi-types-error.c.o
[340/1426] Compiling C object libqemuutil.a.p/meson-generated_.._qapi_qapi-visit-error.c.o
[341/1426] Compiling C object libqemuutil.a.p/meson-generated_.._qapi_qapi-events-error.c.o
[342/1426] Compiling C object libqemuutil.a.p/meson-generated_.._qapi_qapi-commands-error.c.o
[343/1426] Compiling C object libqemuutil.a.p/meson-generated_.._qapi_qapi-types-introspect.c.o
[344/1426] Compiling C object libqemuutil.a.p/meson-generated_.._qapi_qapi-events-introspect.c.o
[345/1426] Compiling C object libqemuutil.a.p/meson-generated_.._qapi_qapi-visit-introspect.c.o
[346/1426] Compiling C object libqemuutil.a.p/meson-generated_.._qapi_qapi-commands-introspect.c.o
[347/1426] Compiling C object libqemuutil.a.p/meson-generated_.._qapi_qapi-types-job.c.o
[348/1426] Compiling C object libqemuutil.a.p/meson-generated_.._qapi_qapi-visit-job.c.o
[349/1426] Compiling C object libqemuutil.a.p/meson-generated_.._qapi_qapi-events-job.c.o
[350/1426] Compiling C object libqemuutil.a.p/meson-generated_.._qapi_qapi-types-machine-common.c.o
[351/1426] Compiling C object libqemuutil.a.p/meson-generated_.._qapi_qapi-commands-job.c.o
[352/1426] Compiling C object libqemuutil.a.p/meson-generated_.._qapi_qapi-visit-machine-common.c.o
[353/1426] Compiling C object libqemuutil.a.p/meson-generated_.._qapi_qapi-events-machine-common.c.o
[354/1426] Compiling C object libqemuutil.a.p/meson-generated_.._qapi_qapi-commands-machine-common.c.o
[355/1426] Compiling C object libqemuutil.a.p/meson-generated_.._qapi_qapi-types-machine.c.o
[356/1426] Compiling C object libqemuutil.a.p/meson-generated_.._qapi_qapi-events-machine.c.o
[357/1426] Compiling C object libqemuutil.a.p/meson-generated_.._qapi_qapi-types-migration.c.o
[358/1426] Compiling C object libqemuutil.a.p/meson-generated_.._qapi_qapi-visit-machine.c.o
[359/1426] Compiling C object libqemuutil.a.p/meson-generated_.._qapi_qapi-events-migration.c.o
[360/1426] Compiling C object libqemuutil.a.p/meson-generated_.._qapi_qapi-visit-migration.c.o
[361/1426] Compiling C object libqemuutil.a.p/meson-generated_.._qapi_qapi-commands-machine.c.o
[362/1426] Compiling C object libqemuutil.a.p/meson-generated_.._qapi_qapi-types-misc.c.o
[363/1426] Compiling C object libqemuutil.a.p/meson-generated_.._qapi_qapi-events-misc.c.o
[364/1426] Compiling C object libqemuutil.a.p/meson-generated_.._qapi_qapi-visit-misc.c.o
[365/1426] Compiling C object libqemuutil.a.p/meson-generated_.._qapi_qapi-commands-migration.c.o
[366/1426] Compiling C object libqemuutil.a.p/meson-generated_.._qapi_qapi-types-net.c.o
[367/1426] Compiling C object libqemuutil.a.p/meson-generated_.._qapi_qapi-commands-misc.c.o
[368/1426] Compiling C object libqemuutil.a.p/meson-generated_.._qapi_qapi-events-net.c.o
[369/1426] Compiling C object libqemuutil.a.p/meson-generated_.._qapi_qapi-visit-net.c.o
[370/1426] Compiling C object libqemuutil.a.p/meson-generated_.._qapi_qapi-commands-net.c.o
[371/1426] Compiling C object libqemuutil.a.p/meson-generated_.._qapi_qapi-visit-pragma.c.o
[372/1426] Compiling C object libqemuutil.a.p/meson-generated_.._qapi_qapi-types-pragma.c.o
[373/1426] Compiling C object libqemuutil.a.p/meson-generated_.._qapi_qapi-events-pragma.c.o
[374/1426] Compiling C object libqemuutil.a.p/meson-generated_.._qapi_qapi-commands-pragma.c.o
[375/1426] Compiling C object libqemuutil.a.p/meson-generated_.._qapi_qapi-types-qom.c.o
[376/1426] Compiling C object libqemuutil.a.p/meson-generated_.._qapi_qapi-events-qom.c.o
[377/1426] Compiling C object libqemuutil.a.p/meson-generated_.._qapi_qapi-types-replay.c.o
[378/1426] Compiling C object libqemuutil.a.p/meson-generated_.._qapi_qapi-visit-qom.c.o
[379/1426] Compiling C object libqemuutil.a.p/meson-generated_.._qapi_qapi-visit-replay.c.o
[380/1426] Compiling C object libqemuutil.a.p/meson-generated_.._qapi_qapi-commands-qom.c.o
[381/1426] Compiling C object libqemuutil.a.p/meson-generated_.._qapi_qapi-events-replay.c.o
[382/1426] Compiling C object libqemuutil.a.p/meson-generated_.._qapi_qapi-types-run-state.c.o
[383/1426] Compiling C object libqemuutil.a.p/meson-generated_.._qapi_qapi-commands-replay.c.o
[384/1426] Compiling C object libqemuutil.a.p/meson-generated_.._qapi_qapi-visit-run-state.c.o
[385/1426] Compiling C object libqemuutil.a.p/meson-generated_.._qapi_qapi-events-run-state.c.o
[386/1426] Compiling C object libqemuutil.a.p/meson-generated_.._qapi_qapi-types-sockets.c.o
[387/1426] Compiling C object libqemuutil.a.p/meson-generated_.._qapi_qapi-commands-run-state.c.o
[388/1426] Compiling C object libqemuutil.a.p/meson-generated_.._qapi_qapi-visit-sockets.c.o
[389/1426] Compiling C object libqemuutil.a.p/meson-generated_.._qapi_qapi-events-sockets.c.o
[390/1426] Compiling C object libqemuutil.a.p/meson-generated_.._qapi_qapi-commands-sockets.c.o
[391/1426] Compiling C object libqemuutil.a.p/meson-generated_.._qapi_qapi-types-stats.c.o
[392/1426] Compiling C object libqemuutil.a.p/meson-generated_.._qapi_qapi-events-stats.c.o
[393/1426] Compiling C object libqemuutil.a.p/meson-generated_.._qapi_qapi-visit-stats.c.o
[394/1426] Compiling C object libqemuutil.a.p/meson-generated_.._qapi_qapi-commands-stats.c.o
[395/1426] Compiling C object libqemuutil.a.p/meson-generated_.._qapi_qapi-types-trace.c.o
[396/1426] Compiling C object libqemuutil.a.p/meson-generated_.._qapi_qapi-visit-trace.c.o
[397/1426] Compiling C object libqemuutil.a.p/meson-generated_.._qapi_qapi-events-trace.c.o
[398/1426] Compiling C object libqemuutil.a.p/meson-generated_.._qapi_qapi-commands-trace.c.o
[399/1426] Compiling C object libqemuutil.a.p/meson-generated_.._qapi_qapi-types-transaction.c.o
[400/1426] Compiling C object libqemuutil.a.p/meson-generated_.._qapi_qapi-events-transaction.c.o
[401/1426] Compiling C object libqemuutil.a.p/meson-generated_.._qapi_qapi-visit-transaction.c.o
[402/1426] Compiling C object libqemuutil.a.p/meson-generated_.._qapi_qapi-types-vfio.c.o
[403/1426] Compiling C object libqemuutil.a.p/meson-generated_.._qapi_qapi-commands-transaction.c.o
[404/1426] Compiling C object libqemuutil.a.p/meson-generated_.._qapi_qapi-visit-vfio.c.o
[405/1426] Compiling C object libqemuutil.a.p/meson-generated_.._qapi_qapi-events-vfio.c.o
[406/1426] Compiling C object libqemuutil.a.p/meson-generated_.._qapi_qapi-commands-vfio.c.o
[407/1426] Compiling C object libqemuutil.a.p/meson-generated_.._qapi_qapi-types-virtio.c.o
[408/1426] Compiling C object libqemuutil.a.p/meson-generated_.._qapi_qapi-events-virtio.c.o
[409/1426] Compiling C object libqemuutil.a.p/meson-generated_.._qapi_qapi-types-yank.c.o
[410/1426] Compiling C object libqemuutil.a.p/meson-generated_.._qapi_qapi-visit-virtio.c.o
[411/1426] Compiling C object libqemuutil.a.p/meson-generated_.._qapi_qapi-commands-virtio.c.o
[412/1426] Compiling C object libqemuutil.a.p/meson-generated_.._qapi_qapi-visit-yank.c.o
[413/1426] Compiling C object libqemuutil.a.p/meson-generated_.._qapi_qapi-events-yank.c.o
[414/1426] Compiling C object libqemuutil.a.p/meson-generated_.._qapi_qapi-commands-yank.c.o
[415/1426] Compiling C object libqemuutil.a.p/meson-generated_.._qapi_qapi-types-acpi.c.o
[416/1426] Compiling C object libqemuutil.a.p/meson-generated_.._qapi_qapi-visit-acpi.c.o
[417/1426] Compiling C object libqemuutil.a.p/meson-generated_.._qapi_qapi-events-acpi.c.o
[418/1426] Compiling C object libqemuutil.a.p/meson-generated_.._qapi_qapi-types-audio.c.o
[419/1426] Compiling C object libqemuutil.a.p/meson-generated_.._qapi_qapi-commands-acpi.c.o
[420/1426] Compiling C object libqemuutil.a.p/meson-generated_.._qapi_qapi-events-audio.c.o
[421/1426] Compiling C object libqemuutil.a.p/meson-generated_.._qapi_qapi-types-cryptodev.c.o
[422/1426] Compiling C object libqemuutil.a.p/meson-generated_.._qapi_qapi-commands-audio.c.o
[423/1426] Compiling C object libqemuutil.a.p/meson-generated_.._qapi_qapi-visit-audio.c.o
[424/1426] Compiling C object libqemuutil.a.p/meson-generated_.._qapi_qapi-visit-cryptodev.c.o
[425/1426] Compiling C object libqemuutil.a.p/meson-generated_.._qapi_qapi-events-cryptodev.c.o
[426/1426] Compiling C object libqemuutil.a.p/meson-generated_.._qapi_qapi-commands-cryptodev.c.o
[427/1426] Compiling C object libqemuutil.a.p/meson-generated_.._qapi_qapi-types-qdev.c.o
[428/1426] Compiling C object libqemuutil.a.p/meson-generated_.._qapi_qapi-visit-qdev.c.o
[429/1426] Compiling C object libqemuutil.a.p/meson-generated_.._qapi_qapi-events-qdev.c.o
[430/1426] Compiling C object libqemuutil.a.p/meson-generated_.._qapi_qapi-types-pci.c.o
[431/1426] Compiling C object libqemuutil.a.p/meson-generated_.._qapi_qapi-commands-qdev.c.o
[432/1426] Compiling C object libqemuutil.a.p/meson-generated_.._qapi_qapi-events-pci.c.o
[433/1426] Compiling C object libqemuutil.a.p/meson-generated_.._qapi_qapi-visit-pci.c.o
[434/1426] Compiling C object libqemuutil.a.p/meson-generated_.._qapi_qapi-commands-pci.c.o
[435/1426] Compiling C object libqemuutil.a.p/meson-generated_.._qapi_qapi-types-rocker.c.o
[436/1426] Compiling C object libqemuutil.a.p/meson-generated_.._qapi_qapi-events-rocker.c.o
[437/1426] Compiling C object libqemuutil.a.p/meson-generated_.._qapi_qapi-visit-rocker.c.o
[438/1426] Compiling C object libqemuutil.a.p/meson-generated_.._qapi_qapi-types-tpm.c.o
[439/1426] Compiling C object libqemuutil.a.p/meson-generated_.._qapi_qapi-commands-rocker.c.o
[440/1426] Compiling C object libqemuutil.a.p/meson-generated_.._qapi_qapi-visit-tpm.c.o
[441/1426] Compiling C object libqemuutil.a.p/meson-generated_.._qapi_qapi-events-tpm.c.o
[442/1426] Compiling C object libqemuutil.a.p/meson-generated_.._qapi_qapi-commands-tpm.c.o
[443/1426] Compiling C object libqemuutil.a.p/meson-generated_.._qapi_qapi-types-ui.c.o
[444/1426] Compiling C object libqemuutil.a.p/meson-generated_.._qapi_qapi-events-ui.c.o
[445/1426] Compiling C object libqemuutil.a.p/meson-generated_.._trace_trace-root.c.o
[446/1426] Compiling C object libqemuutil.a.p/meson-generated_.._qapi_qapi-visit-ui.c.o
[447/1426] Compiling C object libqemuutil.a.p/meson-generated_.._qapi_qapi-commands-ui.c.o
[448/1426] Compiling C object libqemuutil.a.p/meson-generated_.._trace_trace-crypto.c.o
[449/1426] Compiling C object libqemuutil.a.p/meson-generated_.._trace_trace-qapi.c.o
[450/1426] Compiling C object libqemuutil.a.p/meson-generated_.._trace_trace-qom.c.o
[451/1426] Compiling C object libqemuutil.a.p/meson-generated_.._trace_trace-monitor.c.o
[452/1426] Compiling C object libqemuutil.a.p/meson-generated_.._trace_trace-util.c.o
[453/1426] Compiling C object libqemuutil.a.p/meson-generated_.._trace_trace-gdbstub.c.o
[454/1426] Compiling C object libqemuutil.a.p/meson-generated_.._trace_trace-authz.c.o
[455/1426] Compiling C object libqemuutil.a.p/meson-generated_.._trace_trace-block.c.o
[456/1426] Compiling C object libqemuutil.a.p/meson-generated_.._trace_trace-chardev.c.o
[457/1426] Compiling C object libqemuutil.a.p/meson-generated_.._trace_trace-io.c.o
[458/1426] Compiling C object libqemuutil.a.p/meson-generated_.._trace_trace-nbd.c.o
[459/1426] Compiling C object libqemuutil.a.p/meson-generated_.._trace_trace-scsi.c.o
[460/1426] Compiling C object libqemuutil.a.p/meson-generated_.._trace_trace-accel_kvm.c.o
[461/1426] Compiling C object libqemuutil.a.p/meson-generated_.._trace_trace-audio.c.o
[462/1426] Compiling C object libqemuutil.a.p/meson-generated_.._trace_trace-backends.c.o
[463/1426] Compiling C object libqemuutil.a.p/meson-generated_.._trace_trace-backends_tpm.c.o
[464/1426] Compiling C object libqemuutil.a.p/meson-generated_.._trace_trace-ebpf.c.o
[465/1426] Compiling C object libqemuutil.a.p/meson-generated_.._trace_trace-hw_9pfs.c.o
[466/1426] Compiling C object libqemuutil.a.p/meson-generated_.._trace_trace-hw_acpi.c.o
[467/1426] Compiling C object libqemuutil.a.p/meson-generated_.._trace_trace-hw_adc.c.o
[468/1426] Compiling C object libqemuutil.a.p/meson-generated_.._trace_trace-hw_alpha.c.o
[469/1426] Compiling C object libqemuutil.a.p/meson-generated_.._trace_trace-hw_arm.c.o
[470/1426] Compiling C object libqemuutil.a.p/meson-generated_.._trace_trace-hw_audio.c.o
[471/1426] Compiling C object libqemuutil.a.p/meson-generated_.._trace_trace-hw_block.c.o
[472/1426] Compiling C object libqemuutil.a.p/meson-generated_.._trace_trace-hw_char.c.o
[473/1426] Compiling C object libqemuutil.a.p/meson-generated_.._trace_trace-hw_fsi.c.o
[474/1426] Compiling C object libqemuutil.a.p/meson-generated_.._trace_trace-hw_dma.c.o
[475/1426] Compiling C object libqemuutil.a.p/meson-generated_.._trace_trace-hw_display.c.o
[476/1426] Compiling C object libqemuutil.a.p/meson-generated_.._trace_trace-hw_hyperv.c.o
[477/1426] Compiling C object libqemuutil.a.p/meson-generated_.._trace_trace-hw_i2c.c.o
[478/1426] Compiling C object libqemuutil.a.p/meson-generated_.._trace_trace-hw_i386.c.o
[479/1426] Compiling C object libqemuutil.a.p/meson-generated_.._trace_trace-hw_i386_xen.c.o
[480/1426] Compiling C object libqemuutil.a.p/meson-generated_.._trace_trace-hw_i386_kvm.c.o
[481/1426] Compiling C object libqemuutil.a.p/meson-generated_.._trace_trace-hw_ide.c.o
[482/1426] Compiling C object libqemuutil.a.p/meson-generated_.._trace_trace-hw_input.c.o
[483/1426] Compiling C object libqemuutil.a.p/meson-generated_.._trace_trace-hw_intc.c.o
[484/1426] Compiling C object libqemuutil.a.p/meson-generated_.._trace_trace-hw_isa.c.o
[485/1426] Compiling C object libqemuutil.a.p/meson-generated_.._trace_trace-hw_mem.c.o
[486/1426] Compiling C object libqemuutil.a.p/meson-generated_.._trace_trace-hw_mips.c.o
[487/1426] Compiling C object libqemuutil.a.p/meson-generated_.._trace_trace-hw_misc_macio.c.o
[488/1426] Compiling C object libqemuutil.a.p/meson-generated_.._trace_trace-hw_misc.c.o
[489/1426] Compiling C object libqemuutil.a.p/meson-generated_.._trace_trace-hw_net_can.c.o
[490/1426] Compiling C object libqemuutil.a.p/meson-generated_.._trace_trace-hw_net.c.o
[491/1426] Compiling C object libqemuutil.a.p/meson-generated_.._trace_trace-hw_nubus.c.o
[492/1426] Compiling C object libqemuutil.a.p/meson-generated_.._trace_trace-hw_nvme.c.o
[493/1426] Compiling C object libqemuutil.a.p/meson-generated_.._trace_trace-hw_nvram.c.o
[494/1426] Compiling C object libqemuutil.a.p/meson-generated_.._trace_trace-hw_pci.c.o
[495/1426] Compiling C object libqemuutil.a.p/meson-generated_.._trace_trace-hw_pci_host.c.o
[496/1426] Compiling C object libqemuutil.a.p/meson-generated_.._trace_trace-hw_ppc.c.o
[497/1426] Compiling C object libqemuutil.a.p/meson-generated_.._trace_trace-hw_rtc.c.o
[498/1426] Compiling C object libqemuutil.a.p/meson-generated_.._trace_trace-hw_riscv.c.o
[499/1426] Compiling C object libqemuutil.a.p/meson-generated_.._trace_trace-hw_s390x.c.o
[500/1426] Compiling C object libqemuutil.a.p/meson-generated_.._trace_trace-hw_sd.c.o
[501/1426] Compiling C object libqemuutil.a.p/meson-generated_.._trace_trace-hw_scsi.c.o
[502/1426] Compiling C object libqemuutil.a.p/meson-generated_.._trace_trace-hw_sensor.c.o
[503/1426] Compiling C object libqemuutil.a.p/meson-generated_.._trace_trace-hw_sh4.c.o
[504/1426] Compiling C object libqemuutil.a.p/meson-generated_.._trace_trace-hw_sparc.c.o
[505/1426] Compiling C object libqemuutil.a.p/meson-generated_.._trace_trace-hw_sparc64.c.o
[506/1426] Compiling C object libqemuutil.a.p/meson-generated_.._trace_trace-hw_ssi.c.o
[507/1426] Compiling C object libqemuutil.a.p/meson-generated_.._trace_trace-hw_timer.c.o
[508/1426] Compiling C object libqemuutil.a.p/meson-generated_.._trace_trace-hw_tpm.c.o
[509/1426] Compiling C object libqemuutil.a.p/meson-generated_.._trace_trace-hw_ufs.c.o
[510/1426] Compiling C object libqemuutil.a.p/meson-generated_.._trace_trace-hw_vfio.c.o
[511/1426] Compiling C object libqemuutil.a.p/meson-generated_.._trace_trace-hw_usb.c.o
[512/1426] Compiling C object libqemuutil.a.p/meson-generated_.._trace_trace-hw_virtio.c.o
[513/1426] Compiling C object libqemuutil.a.p/meson-generated_.._trace_trace-hw_watchdog.c.o
[514/1426] Compiling C object libqemuutil.a.p/meson-generated_.._trace_trace-hw_xen.c.o
[515/1426] Compiling C object libqemuutil.a.p/meson-generated_.._trace_trace-hw_gpio.c.o
[516/1426] Compiling C object libqemuutil.a.p/meson-generated_.._trace_trace-net.c.o
[517/1426] Compiling C object libqemuutil.a.p/meson-generated_.._trace_trace-migration.c.o
[518/1426] Compiling C object libqemuutil.a.p/meson-generated_.._trace_trace-system.c.o
[519/1426] Compiling C object libqemuutil.a.p/meson-generated_.._trace_trace-ui.c.o
[520/1426] Compiling C object libqemuutil.a.p/meson-generated_.._trace_trace-hw_remote.c.o
[521/1426] Compiling C object libqemuutil.a.p/meson-generated_.._trace_trace-accel_tcg.c.o
[522/1426] Compiling C object libqemuutil.a.p/meson-generated_.._trace_trace-hw_core.c.o
[523/1426] Compiling C object libqemuutil.a.p/meson-generated_.._trace_trace-target_arm.c.o
[524/1426] Compiling C object libqemuutil.a.p/meson-generated_.._trace_trace-target_arm_hvf.c.o
[525/1426] Compiling C object libqemuutil.a.p/meson-generated_.._trace_trace-target_hppa.c.o
[526/1426] Compiling C object libqemuutil.a.p/meson-generated_.._trace_trace-target_i386.c.o
[527/1426] Compiling C object libqemuutil.a.p/meson-generated_.._trace_trace-target_i386_kvm.c.o
[528/1426] Compiling C object libqemuutil.a.p/meson-generated_.._trace_trace-target_loongarch.c.o
[529/1426] Compiling C object libqemuutil.a.p/meson-generated_.._trace_trace-target_mips_tcg.c.o
[530/1426] Compiling C object libqemuutil.a.p/meson-generated_.._trace_trace-target_ppc.c.o
[531/1426] Compiling C object libqemuutil.a.p/meson-generated_.._trace_trace-target_riscv.c.o
[532/1426] Compiling C object libqemuutil.a.p/meson-generated_.._trace_trace-target_s390x.c.o
[533/1426] Compiling C object libqemuutil.a.p/meson-generated_.._trace_trace-target_s390x_kvm.c.o
[534/1426] Compiling C object libqemuutil.a.p/meson-generated_.._trace_trace-target_sparc.c.o
[535/1426] Compiling C object libqemuutil.a.p/meson-generated_.._trace_trace-qapi_commands_authz_trace_events.c.o
[536/1426] Compiling C object libqemuutil.a.p/meson-generated_.._trace_trace-qapi_commands_block_trace_events.c.o
[537/1426] Compiling C object libqemuutil.a.p/meson-generated_.._trace_trace-qapi_commands_block_core_trace_events.c.o
[538/1426] Compiling C object libqemuutil.a.p/meson-generated_.._trace_trace-qapi_commands_block_export_trace_events.c.o
[539/1426] Compiling C object libqemuutil.a.p/meson-generated_.._trace_trace-qapi_commands_char_trace_events.c.o
[540/1426] Compiling C object libqemuutil.a.p/meson-generated_.._trace_trace-qapi_commands_common_trace_events.c.o
[541/1426] Compiling C object libqemuutil.a.p/meson-generated_.._trace_trace-qapi_commands_compat_trace_events.c.o
[542/1426] Compiling C object libqemuutil.a.p/meson-generated_.._trace_trace-qapi_commands_control_trace_events.c.o
[543/1426] Compiling C object libqemuutil.a.p/meson-generated_.._trace_trace-qapi_commands_crypto_trace_events.c.o
[544/1426] Compiling C object libqemuutil.a.p/meson-generated_.._trace_trace-qapi_commands_cxl_trace_events.c.o
[545/1426] Compiling C object libqemuutil.a.p/meson-generated_.._trace_trace-qapi_commands_dump_trace_events.c.o
[546/1426] Compiling C object libqemuutil.a.p/meson-generated_.._trace_trace-qapi_commands_ebpf_trace_events.c.o
[547/1426] Compiling C object libqemuutil.a.p/meson-generated_.._trace_trace-qapi_commands_error_trace_events.c.o
[548/1426] Compiling C object libqemuutil.a.p/meson-generated_.._trace_trace-qapi_commands_introspect_trace_events.c.o
[549/1426] Compiling C object libqemuutil.a.p/meson-generated_.._trace_trace-qapi_commands_job_trace_events.c.o
[550/1426] Compiling C object libqemuutil.a.p/meson-generated_.._trace_trace-qapi_commands_machine_common_trace_events.c.o
[551/1426] Compiling C object libqemuutil.a.p/meson-generated_.._trace_trace-qapi_commands_machine_trace_events.c.o
[552/1426] Compiling C object libqemuutil.a.p/meson-generated_.._trace_trace-qapi_commands_migration_trace_events.c.o
[553/1426] Compiling C object libqemuutil.a.p/meson-generated_.._trace_trace-qapi_commands_misc_trace_events.c.o
[554/1426] Compiling C object libqemuutil.a.p/meson-generated_.._trace_trace-qapi_commands_net_trace_events.c.o
[555/1426] Compiling C object libqemuutil.a.p/meson-generated_.._trace_trace-qapi_commands_pragma_trace_events.c.o
[556/1426] Compiling C object libqemuutil.a.p/meson-generated_.._trace_trace-qapi_commands_qom_trace_events.c.o
[557/1426] Compiling C object libqemuutil.a.p/meson-generated_.._trace_trace-qapi_commands_replay_trace_events.c.o
[558/1426] Compiling C object libqemuutil.a.p/meson-generated_.._trace_trace-qapi_commands_run_state_trace_events.c.o
[559/1426] Compiling C object libqemuutil.a.p/meson-generated_.._trace_trace-qapi_commands_sockets_trace_events.c.o
[560/1426] Compiling C object libqemuutil.a.p/meson-generated_.._trace_trace-qapi_commands_stats_trace_events.c.o
[561/1426] Compiling C object libqemuutil.a.p/meson-generated_.._trace_trace-qapi_commands_trace_trace_events.c.o
[562/1426] Compiling C object libqemuutil.a.p/meson-generated_.._trace_trace-qapi_commands_transaction_trace_events.c.o
[563/1426] Compiling C object libqemuutil.a.p/meson-generated_.._trace_trace-qapi_commands_vfio_trace_events.c.o
[564/1426] Compiling C object libqemuutil.a.p/meson-generated_.._trace_trace-qapi_commands_virtio_trace_events.c.o
[565/1426] Compiling C object libqemuutil.a.p/meson-generated_.._trace_trace-qapi_commands_yank_trace_events.c.o
[566/1426] Compiling C object libqemuutil.a.p/meson-generated_.._trace_trace-qapi_commands_acpi_trace_events.c.o
[567/1426] Compiling C object libqemuutil.a.p/meson-generated_.._trace_trace-qapi_commands_audio_trace_events.c.o
[568/1426] Compiling C object libqemuutil.a.p/meson-generated_.._trace_trace-qapi_commands_cryptodev_trace_events.c.o
[569/1426] Compiling C object libqemuutil.a.p/meson-generated_.._trace_trace-qapi_commands_pci_trace_events.c.o
[570/1426] Compiling C object libqemuutil.a.p/meson-generated_.._trace_trace-qapi_commands_qdev_trace_events.c.o
[571/1426] Compiling C object libqemuutil.a.p/meson-generated_.._trace_trace-qapi_commands_rocker_trace_events.c.o
[572/1426] Compiling C object libqemuutil.a.p/meson-generated_.._trace_trace-qapi_commands_tpm_trace_events.c.o
[573/1426] Compiling C object libqemuutil.a.p/meson-generated_.._trace_trace-qapi_commands_ui_trace_events.c.o
[574/1426] Compiling C object libqemuutil.a.p/meson-generated_.._trace_trace-qapi_commands_machine_target_trace_events.c.o
[575/1426] Compiling C object libqemuutil.a.p/meson-generated_.._trace_trace-qapi_commands_misc_target_trace_events.c.o
[576/1426] Compiling C object libqemuutil.a.p/qapi_opts-visitor.c.o
In file included from ../qemu-9.2.0/qapi/opts-visitor.c:15:
/Users/swchen.tw/git/percepio/poc/.tools/qemu-time-control/qemu-9.2.0/include/qemu/cutils.h:144:12: warning: 'strchrnul' is only available on macOS 15.4 or newer [-Wunguarded-availability-new]
  144 |     return strchrnul(s, c);
      |            ^~~~~~~~~
/Library/Developer/CommandLineTools/SDKs/MacOSX.sdk/usr/include/_string.h:198:9: note: 'strchrnul' has been marked as being introduced in macOS 15.4 here, but the deployment target is macOS 15.0.0
  198 |         strchrnul(const char *__s, int __c);
      |         ^
/Users/swchen.tw/git/percepio/poc/.tools/qemu-time-control/qemu-9.2.0/include/qemu/cutils.h:144:12: note: enclose 'strchrnul' in a __builtin_available check to silence this warning
  144 |     return strchrnul(s, c);
      |            ^~~~~~~~~       
1 warning generated.
[577/1426] Compiling C object libqemuutil.a.p/qapi_qapi-dealloc-visitor.c.o
[578/1426] Compiling C object libqemuutil.a.p/qapi_qapi-clone-visitor.c.o
[579/1426] Compiling C object libqemuutil.a.p/qapi_qapi-forward-visitor.c.o
In file included from ../qemu-9.2.0/qapi/qapi-forward-visitor.c:25:
/Users/swchen.tw/git/percepio/poc/.tools/qemu-time-control/qemu-9.2.0/include/qemu/cutils.h:144:12: warning: 'strchrnul' is only available on macOS 15.4 or newer [-Wunguarded-availability-new]
  144 |     return strchrnul(s, c);
      |            ^~~~~~~~~
/Library/Developer/CommandLineTools/SDKs/MacOSX.sdk/usr/include/_string.h:198:9: note: 'strchrnul' has been marked as being introduced in macOS 15.4 here, but the deployment target is macOS 15.0.0
  198 |         strchrnul(const char *__s, int __c);
      |         ^
/Users/swchen.tw/git/percepio/poc/.tools/qemu-time-control/qemu-9.2.0/include/qemu/cutils.h:144:12: note: enclose 'strchrnul' in a __builtin_available check to silence this warning
  144 |     return strchrnul(s, c);
      |            ^~~~~~~~~       
1 warning generated.
[580/1426] Compiling C object libqemuutil.a.p/qapi_qapi-util.c.o
[581/1426] Compiling C object libqemuutil.a.p/qapi_qobject-output-visitor.c.o
[582/1426] Compiling C object libqemuutil.a.p/qapi_qobject-input-visitor.c.o
In file included from ../qemu-9.2.0/qapi/qobject-input-visitor.c:30:
/Users/swchen.tw/git/percepio/poc/.tools/qemu-time-control/qemu-9.2.0/include/qemu/cutils.h:144:12: warning: 'strchrnul' is only available on macOS 15.4 or newer [-Wunguarded-availability-new]
  144 |     return strchrnul(s, c);
      |            ^~~~~~~~~
/Library/Developer/CommandLineTools/SDKs/MacOSX.sdk/usr/include/_string.h:198:9: note: 'strchrnul' has been marked as being introduced in macOS 15.4 here, but the deployment target is macOS 15.0.0
  198 |         strchrnul(const char *__s, int __c);
      |         ^
/Users/swchen.tw/git/percepio/poc/.tools/qemu-time-control/qemu-9.2.0/include/qemu/cutils.h:144:12: note: enclose 'strchrnul' in a __builtin_available check to silence this warning
  144 |     return strchrnul(s, c);
      |            ^~~~~~~~~       
1 warning generated.
[583/1426] Compiling C object libqemuutil.a.p/qapi_qapi-visit-core.c.o
[584/1426] Compiling C object libqemuutil.a.p/qapi_string-input-visitor.c.o
In file included from ../qemu-9.2.0/qapi/string-input-visitor.c:20:
/Users/swchen.tw/git/percepio/poc/.tools/qemu-time-control/qemu-9.2.0/include/qemu/cutils.h:144:12: warning: 'strchrnul' is only available on macOS 15.4 or newer [-Wunguarded-availability-new]
  144 |     return strchrnul(s, c);
      |            ^~~~~~~~~
/Library/Developer/CommandLineTools/SDKs/MacOSX.sdk/usr/include/_string.h:198:9: note: 'strchrnul' has been marked as being introduced in macOS 15.4 here, but the deployment target is macOS 15.0.0
  198 |         strchrnul(const char *__s, int __c);
      |         ^
/Users/swchen.tw/git/percepio/poc/.tools/qemu-time-control/qemu-9.2.0/include/qemu/cutils.h:144:12: note: enclose 'strchrnul' in a __builtin_available check to silence this warning
  144 |     return strchrnul(s, c);
      |            ^~~~~~~~~       
1 warning generated.
[585/1426] Compiling C object libqemuutil.a.p/qapi_qapi-type-helpers.c.o
[586/1426] Compiling C object libqemuutil.a.p/qapi_string-output-visitor.c.o
In file included from ../qemu-9.2.0/qapi/string-output-visitor.c:14:
/Users/swchen.tw/git/percepio/poc/.tools/qemu-time-control/qemu-9.2.0/include/qemu/cutils.h:144:12: warning: 'strchrnul' is only available on macOS 15.4 or newer [-Wunguarded-availability-new]
  144 |     return strchrnul(s, c);
      |            ^~~~~~~~~
/Library/Developer/CommandLineTools/SDKs/MacOSX.sdk/usr/include/_string.h:198:9: note: 'strchrnul' has been marked as being introduced in macOS 15.4 here, but the deployment target is macOS 15.0.0
  198 |         strchrnul(const char *__s, int __c);
      |         ^
/Users/swchen.tw/git/percepio/poc/.tools/qemu-time-control/qemu-9.2.0/include/qemu/cutils.h:144:12: note: enclose 'strchrnul' in a __builtin_available check to silence this warning
  144 |     return strchrnul(s, c);
      |            ^~~~~~~~~       
1 warning generated.
[587/1426] Compiling C object libqemuutil.a.p/qapi_qmp-event.c.o
[588/1426] Compiling C object libqemuutil.a.p/qapi_qmp-dispatch.c.o
[589/1426] Compiling C object libqemuutil.a.p/qapi_qmp-registry.c.o
[590/1426] Compiling C object libqemuutil.a.p/qobject_qnull.c.o
[591/1426] Compiling C object libqemuutil.a.p/qobject_qnum.c.o
[592/1426] Compiling C object libqemuutil.a.p/qobject_qstring.c.o
[593/1426] Compiling C object libqemuutil.a.p/qobject_qlist.c.o
[594/1426] Compiling C object libqemuutil.a.p/qobject_qbool.c.o
[595/1426] Compiling C object libqemuutil.a.p/qobject_qdict.c.o
[596/1426] Compiling C object libqemuutil.a.p/qobject_qlit.c.o
[597/1426] Compiling C object libqemuutil.a.p/qobject_qjson.c.o
[598/1426] Compiling C object libqemuutil.a.p/qobject_qobject.c.o
[599/1426] Compiling C object libqemuutil.a.p/qobject_json-lexer.c.o
[600/1426] Compiling C object libqemuutil.a.p/qobject_json-writer.c.o
[601/1426] Compiling C object libqemuutil.a.p/qobject_json-streamer.c.o
[602/1426] Compiling C object libqemuutil.a.p/qobject_block-qdict.c.o
In file included from ../qemu-9.2.0/qobject/block-qdict.c:17:
/Users/swchen.tw/git/percepio/poc/.tools/qemu-time-control/qemu-9.2.0/include/qemu/cutils.h:144:12: warning: 'strchrnul' is only available on macOS 15.4 or newer [-Wunguarded-availability-new]
  144 |     return strchrnul(s, c);
      |            ^~~~~~~~~
/Library/Developer/CommandLineTools/SDKs/MacOSX.sdk/usr/include/_string.h:198:9: note: 'strchrnul' has been marked as being introduced in macOS 15.4 here, but the deployment target is macOS 15.0.0
  198 |         strchrnul(const char *__s, int __c);
      |         ^
/Users/swchen.tw/git/percepio/poc/.tools/qemu-time-control/qemu-9.2.0/include/qemu/cutils.h:144:12: note: enclose 'strchrnul' in a __builtin_available check to silence this warning
  144 |     return strchrnul(s, c);
      |            ^~~~~~~~~       
1 warning generated.
[603/1426] Compiling C object libqemuutil.a.p/qobject_json-parser.c.o
In file included from ../qemu-9.2.0/qobject/json-parser.c:16:
/Users/swchen.tw/git/percepio/poc/.tools/qemu-time-control/qemu-9.2.0/include/qemu/cutils.h:144:12: warning: 'strchrnul' is only available on macOS 15.4 or newer [-Wunguarded-availability-new]
  144 |     return strchrnul(s, c);
      |            ^~~~~~~~~
/Library/Developer/CommandLineTools/SDKs/MacOSX.sdk/usr/include/_string.h:198:9: note: 'strchrnul' has been marked as being introduced in macOS 15.4 here, but the deployment target is macOS 15.0.0
  198 |         strchrnul(const char *__s, int __c);
      |         ^
/Users/swchen.tw/git/percepio/poc/.tools/qemu-time-control/qemu-9.2.0/include/qemu/cutils.h:144:12: note: enclose 'strchrnul' in a __builtin_available check to silence this warning
  144 |     return strchrnul(s, c);
      |            ^~~~~~~~~       
1 warning generated.
[604/1426] Compiling C object libqemuutil.a.p/util_osdep.c.o
In file included from ../qemu-9.2.0/util/osdep.c:26:
/Users/swchen.tw/git/percepio/poc/.tools/qemu-time-control/qemu-9.2.0/include/qemu/cutils.h:144:12: warning: 'strchrnul' is only available on macOS 15.4 or newer [-Wunguarded-availability-new]
  144 |     return strchrnul(s, c);
      |            ^~~~~~~~~
/Library/Developer/CommandLineTools/SDKs/MacOSX.sdk/usr/include/_string.h:198:9: note: 'strchrnul' has been marked as being introduced in macOS 15.4 here, but the deployment target is macOS 15.0.0
  198 |         strchrnul(const char *__s, int __c);
      |         ^
/Users/swchen.tw/git/percepio/poc/.tools/qemu-time-control/qemu-9.2.0/include/qemu/cutils.h:144:12: note: enclose 'strchrnul' in a __builtin_available check to silence this warning
  144 |     return strchrnul(s, c);
      |            ^~~~~~~~~       
1 warning generated.
[605/1426] Compiling C object libqemuutil.a.p/util_qemu-timer-common.c.o
[606/1426] Compiling C object libqemuutil.a.p/util_unicode.c.o
[607/1426] Compiling C object libqemuutil.a.p/util_cutils.c.o
In file included from ../qemu-9.2.0/util/cutils.c:52:
/Users/swchen.tw/git/percepio/poc/.tools/qemu-time-control/qemu-9.2.0/include/qemu/cutils.h:144:12: warning: 'strchrnul' is only available on macOS 15.4 or newer [-Wunguarded-availability-new]
  144 |     return strchrnul(s, c);
      |            ^~~~~~~~~
/Library/Developer/CommandLineTools/SDKs/MacOSX.sdk/usr/include/_string.h:198:9: note: 'strchrnul' has been marked as being introduced in macOS 15.4 here, but the deployment target is macOS 15.0.0
  198 |         strchrnul(const char *__s, int __c);
      |         ^
/Users/swchen.tw/git/percepio/poc/.tools/qemu-time-control/qemu-9.2.0/include/qemu/cutils.h:144:12: note: enclose 'strchrnul' in a __builtin_available check to silence this warning
  144 |     return strchrnul(s, c);
      |            ^~~~~~~~~       
1 warning generated.
[608/1426] Compiling C object libqemuutil.a.p/util_thread-context.c.o
[609/1426] Compiling C object libqemuutil.a.p/util_fdmon-poll.c.o
[610/1426] Compiling C object libqemuutil.a.p/util_compatfd.c.o
[611/1426] Compiling C object libqemuutil.a.p/util_event_notifier-posix.c.o
In file included from ../qemu-9.2.0/util/event_notifier-posix.c:14:
/Users/swchen.tw/git/percepio/poc/.tools/qemu-time-control/qemu-9.2.0/include/qemu/cutils.h:144:12: warning: 'strchrnul' is only available on macOS 15.4 or newer [-Wunguarded-availability-new]
  144 |     return strchrnul(s, c);
      |            ^~~~~~~~~
/Library/Developer/CommandLineTools/SDKs/MacOSX.sdk/usr/include/_string.h:198:9: note: 'strchrnul' has been marked as being introduced in macOS 15.4 here, but the deployment target is macOS 15.0.0
  198 |         strchrnul(const char *__s, int __c);
      |         ^
/Users/swchen.tw/git/percepio/poc/.tools/qemu-time-control/qemu-9.2.0/include/qemu/cutils.h:144:12: note: enclose 'strchrnul' in a __builtin_available check to silence this warning
  144 |     return strchrnul(s, c);
      |            ^~~~~~~~~       
1 warning generated.
[612/1426] Compiling C object libqemuutil.a.p/util_mmap-alloc.c.o
In file included from ../qemu-9.2.0/util/mmap-alloc.c:23:
/Users/swchen.tw/git/percepio/poc/.tools/qemu-time-control/qemu-9.2.0/include/qemu/cutils.h:144:12: warning: 'strchrnul' is only available on macOS 15.4 or newer [-Wunguarded-availability-new]
  144 |     return strchrnul(s, c);
      |            ^~~~~~~~~
/Library/Developer/CommandLineTools/SDKs/MacOSX.sdk/usr/include/_string.h:198:9: note: 'strchrnul' has been marked as being introduced in macOS 15.4 here, but the deployment target is macOS 15.0.0
  198 |         strchrnul(const char *__s, int __c);
      |         ^
/Users/swchen.tw/git/percepio/poc/.tools/qemu-time-control/qemu-9.2.0/include/qemu/cutils.h:144:12: note: enclose 'strchrnul' in a __builtin_available check to silence this warning
  144 |     return strchrnul(s, c);
      |            ^~~~~~~~~       
1 warning generated.
[613/1426] Compiling C object libqemuutil.a.p/util_aio-posix.c.o
In file included from ../qemu-9.2.0/util/aio-posix.c:24:
/Users/swchen.tw/git/percepio/poc/.tools/qemu-time-control/qemu-9.2.0/include/qemu/cutils.h:144:12: warning: 'strchrnul' is only available on macOS 15.4 or newer [-Wunguarded-availability-new]
  144 |     return strchrnul(s, c);
      |            ^~~~~~~~~
/Library/Developer/CommandLineTools/SDKs/MacOSX.sdk/usr/include/_string.h:198:9: note: 'strchrnul' has been marked as being introduced in macOS 15.4 here, but the deployment target is macOS 15.0.0
  198 |         strchrnul(const char *__s, int __c);
      |         ^
/Users/swchen.tw/git/percepio/poc/.tools/qemu-time-control/qemu-9.2.0/include/qemu/cutils.h:144:12: note: enclose 'strchrnul' in a __builtin_available check to silence this warning
  144 |     return strchrnul(s, c);
      |            ^~~~~~~~~       
1 warning generated.
[614/1426] Compiling C object libqemuutil.a.p/util_oslib-posix.c.o
In file included from ../qemu-9.2.0/util/oslib-posix.c:42:
/Users/swchen.tw/git/percepio/poc/.tools/qemu-time-control/qemu-9.2.0/include/qemu/cutils.h:144:12: warning: 'strchrnul' is only available on macOS 15.4 or newer [-Wunguarded-availability-new]
  144 |     return strchrnul(s, c);
      |            ^~~~~~~~~
/Library/Developer/CommandLineTools/SDKs/MacOSX.sdk/usr/include/_string.h:198:9: note: 'strchrnul' has been marked as being introduced in macOS 15.4 here, but the deployment target is macOS 15.0.0
  198 |         strchrnul(const char *__s, int __c);
      |         ^
/Users/swchen.tw/git/percepio/poc/.tools/qemu-time-control/qemu-9.2.0/include/qemu/cutils.h:144:12: note: enclose 'strchrnul' in a __builtin_available check to silence this warning
  144 |     return strchrnul(s, c);
      |            ^~~~~~~~~       
1 warning generated.
[615/1426] Compiling C object libqemuutil.a.p/util_drm.c.o
[616/1426] Compiling C object libqemuutil.a.p/util_memfd.c.o
[617/1426] Compiling C object libqemuutil.a.p/util_qemu-thread-posix.c.o
[618/1426] Compiling C object libqemuutil.a.p/util_defer-call.c.o
[619/1426] Compiling C object libqemuutil.a.p/util_envlist.c.o
[620/1426] Compiling C object libqemuutil.a.p/util_path.c.o
In file included from ../qemu-9.2.0/util/path.c:9:
/Users/swchen.tw/git/percepio/poc/.tools/qemu-time-control/qemu-9.2.0/include/qemu/cutils.h:144:12: warning: 'strchrnul' is only available on macOS 15.4 or newer [-Wunguarded-availability-new]
  144 |     return strchrnul(s, c);
      |            ^~~~~~~~~
/Library/Developer/CommandLineTools/SDKs/MacOSX.sdk/usr/include/_string.h:198:9: note: 'strchrnul' has been marked as being introduced in macOS 15.4 here, but the deployment target is macOS 15.0.0
  198 |         strchrnul(const char *__s, int __c);
      |         ^
/Users/swchen.tw/git/percepio/poc/.tools/qemu-time-control/qemu-9.2.0/include/qemu/cutils.h:144:12: note: enclose 'strchrnul' in a __builtin_available check to silence this warning
  144 |     return strchrnul(s, c);
      |            ^~~~~~~~~       
1 warning generated.
[621/1426] Compiling C object libqemuutil.a.p/util_module.c.o
In file included from ../qemu-9.2.0/util/module.c:22:
/Users/swchen.tw/git/percepio/poc/.tools/qemu-time-control/qemu-9.2.0/include/qemu/cutils.h:144:12: warning: 'strchrnul' is only available on macOS 15.4 or newer [-Wunguarded-availability-new]
  144 |     return strchrnul(s, c);
      |            ^~~~~~~~~
/Library/Developer/CommandLineTools/SDKs/MacOSX.sdk/usr/include/_string.h:198:9: note: 'strchrnul' has been marked as being introduced in macOS 15.4 here, but the deployment target is macOS 15.0.0
  198 |         strchrnul(const char *__s, int __c);
      |         ^
/Users/swchen.tw/git/percepio/poc/.tools/qemu-time-control/qemu-9.2.0/include/qemu/cutils.h:144:12: note: enclose 'strchrnul' in a __builtin_available check to silence this warning
  144 |     return strchrnul(s, c);
      |            ^~~~~~~~~       
1 warning generated.
[622/1426] Compiling C object libqemuutil.a.p/util_bitops.c.o
[623/1426] Compiling C object libqemuutil.a.p/util_host-utils.c.o
[624/1426] Compiling C object libqemuutil.a.p/util_bitmap.c.o
[625/1426] Compiling C object libqemuutil.a.p/util_fifo8.c.o
[626/1426] Compiling C object libqemuutil.a.p/util_cacheflush.c.o
[627/1426] Compiling C object libqemuutil.a.p/util_error.c.o
[628/1426] Compiling C object libqemuutil.a.p/util_id.c.o
[629/1426] Compiling C object libqemuutil.a.p/util_error-report.c.o
[630/1426] Compiling C object libqemuutil.a.p/util_qemu-print.c.o
[631/1426] Compiling C object libqemuutil.a.p/util_qemu-config.c.o
[632/1426] Compiling C object libqemuutil.a.p/util_notify.c.o
[633/1426] Compiling C object libqemuutil.a.p/util_qemu-progress.c.o
[634/1426] Compiling C object libqemuutil.a.p/util_crc32c.c.o
[635/1426] Compiling C object libqemuutil.a.p/util_uuid.c.o
[636/1426] Compiling C object libqemuutil.a.p/util_keyval.c.o
In file included from ../qemu-9.2.0/util/keyval.c:97:
/Users/swchen.tw/git/percepio/poc/.tools/qemu-time-control/qemu-9.2.0/include/qemu/cutils.h:144:12: warning: 'strchrnul' is only available on macOS 15.4 or newer [-Wunguarded-availability-new]
  144 |     return strchrnul(s, c);
      |            ^~~~~~~~~
/Library/Developer/CommandLineTools/SDKs/MacOSX.sdk/usr/include/_string.h:198:9: note: 'strchrnul' has been marked as being introduced in macOS 15.4 here, but the deployment target is macOS 15.0.0
  198 |         strchrnul(const char *__s, int __c);
      |         ^
/Users/swchen.tw/git/percepio/poc/.tools/qemu-time-control/qemu-9.2.0/include/qemu/cutils.h:144:12: note: enclose 'strchrnul' in a __builtin_available check to silence this warning
  144 |     return strchrnul(s, c);
      |            ^~~~~~~~~       
1 warning generated.
[637/1426] Compiling C object libqemuutil.a.p/util_qemu-option.c.o
In file included from ../qemu-9.2.0/util/qemu-option.c:36:
/Users/swchen.tw/git/percepio/poc/.tools/qemu-time-control/qemu-9.2.0/include/qemu/cutils.h:144:12: warning: 'strchrnul' is only available on macOS 15.4 or newer [-Wunguarded-availability-new]
  144 |     return strchrnul(s, c);
      |            ^~~~~~~~~
/Library/Developer/CommandLineTools/SDKs/MacOSX.sdk/usr/include/_string.h:198:9: note: 'strchrnul' has been marked as being introduced in macOS 15.4 here, but the deployment target is macOS 15.0.0
  198 |         strchrnul(const char *__s, int __c);
      |         ^
/Users/swchen.tw/git/percepio/poc/.tools/qemu-time-control/qemu-9.2.0/include/qemu/cutils.h:144:12: note: enclose 'strchrnul' in a __builtin_available check to silence this warning
  144 |     return strchrnul(s, c);
      |            ^~~~~~~~~       
1 warning generated.
[638/1426] Compiling C object libqemuutil.a.p/util_getauxval.c.o
[639/1426] Compiling C object libqemuutil.a.p/util_rcu.c.o
[640/1426] Compiling C object libqemuutil.a.p/util_log.c.o
In file included from ../qemu-9.2.0/util/log.c:25:
/Users/swchen.tw/git/percepio/poc/.tools/qemu-time-control/qemu-9.2.0/include/qemu/cutils.h:144:12: warning: 'strchrnul' is only available on macOS 15.4 or newer [-Wunguarded-availability-new]
  144 |     return strchrnul(s, c);
      |            ^~~~~~~~~
/Library/Developer/CommandLineTools/SDKs/MacOSX.sdk/usr/include/_string.h:198:9: note: 'strchrnul' has been marked as being introduced in macOS 15.4 here, but the deployment target is macOS 15.0.0
  198 |         strchrnul(const char *__s, int __c);
      |         ^
/Users/swchen.tw/git/percepio/poc/.tools/qemu-time-control/qemu-9.2.0/include/qemu/cutils.h:144:12: note: enclose 'strchrnul' in a __builtin_available check to silence this warning
  144 |     return strchrnul(s, c);
      |            ^~~~~~~~~       
1 warning generated.
[641/1426] Compiling C object libqemuutil.a.p/util_qdist.c.o
[642/1426] Compiling C object libqemuutil.a.p/util_range.c.o
[643/1426] Compiling C object libqemuutil.a.p/util_qht.c.o
[644/1426] Compiling C object libqemuutil.a.p/util_reserved-region.c.o
[645/1426] Compiling C object libqemuutil.a.p/util_qsp.c.o
[646/1426] Compiling C object libqemuutil.a.p/util_stats64.c.o
[647/1426] Compiling C object libqemuutil.a.p/util_systemd.c.o
In file included from ../qemu-9.2.0/util/systemd.c:15:
/Users/swchen.tw/git/percepio/poc/.tools/qemu-time-control/qemu-9.2.0/include/qemu/cutils.h:144:12: warning: 'strchrnul' is only available on macOS 15.4 or newer [-Wunguarded-availability-new]
  144 |     return strchrnul(s, c);
      |            ^~~~~~~~~
/Library/Developer/CommandLineTools/SDKs/MacOSX.sdk/usr/include/_string.h:198:9: note: 'strchrnul' has been marked as being introduced in macOS 15.4 here, but the deployment target is macOS 15.0.0
  198 |         strchrnul(const char *__s, int __c);
      |         ^
/Users/swchen.tw/git/percepio/poc/.tools/qemu-time-control/qemu-9.2.0/include/qemu/cutils.h:144:12: note: enclose 'strchrnul' in a __builtin_available check to silence this warning
  144 |     return strchrnul(s, c);
      |            ^~~~~~~~~       
1 warning generated.
[648/1426] Compiling C object libqemuutil.a.p/util_transactions.c.o
[649/1426] Compiling C object libqemuutil.a.p/util_guest-random.c.o
In file included from ../qemu-9.2.0/util/guest-random.c:13:
/Users/swchen.tw/git/percepio/poc/.tools/qemu-time-control/qemu-9.2.0/include/qemu/cutils.h:144:12: warning: 'strchrnul' is only available on macOS 15.4 or newer [-Wunguarded-availability-new]
  144 |     return strchrnul(s, c);
      |            ^~~~~~~~~
/Library/Developer/CommandLineTools/SDKs/MacOSX.sdk/usr/include/_string.h:198:9: note: 'strchrnul' has been marked as being introduced in macOS 15.4 here, but the deployment target is macOS 15.0.0
  198 |         strchrnul(const char *__s, int __c);
      |         ^
/Users/swchen.tw/git/percepio/poc/.tools/qemu-time-control/qemu-9.2.0/include/qemu/cutils.h:144:12: note: enclose 'strchrnul' in a __builtin_available check to silence this warning
  144 |     return strchrnul(s, c);
      |            ^~~~~~~~~       
1 warning generated.
[650/1426] Compiling C object libqemuutil.a.p/util_int128.c.o
[651/1426] Compiling C object libqemuutil.a.p/util_memalign.c.o
[652/1426] Compiling C object libqemuutil.a.p/util_lockcnt.c.o
[653/1426] Compiling C object libqemuutil.a.p/util_interval-tree.c.o
[654/1426] Compiling C object libqemuutil.a.p/util_crc-ccitt.c.o
[655/1426] Compiling C object libqemuutil.a.p/util_aiocb.c.o
[656/1426] Compiling C object libqemuutil.a.p/util_base64.c.o
[657/1426] Compiling C object libqemuutil.a.p/util_main-loop.c.o
In file included from ../qemu-9.2.0/util/main-loop.c:27:
/Users/swchen.tw/git/percepio/poc/.tools/qemu-time-control/qemu-9.2.0/include/qemu/cutils.h:144:12: warning: 'strchrnul' is only available on macOS 15.4 or newer [-Wunguarded-availability-new]
  144 |     return strchrnul(s, c);
      |            ^~~~~~~~~
/Library/Developer/CommandLineTools/SDKs/MacOSX.sdk/usr/include/_string.h:198:9: note: 'strchrnul' has been marked as being introduced in macOS 15.4 here, but the deployment target is macOS 15.0.0
  198 |         strchrnul(const char *__s, int __c);
      |         ^
/Users/swchen.tw/git/percepio/poc/.tools/qemu-time-control/qemu-9.2.0/include/qemu/cutils.h:144:12: note: enclose 'strchrnul' in a __builtin_available check to silence this warning
  144 |     return strchrnul(s, c);
      |            ^~~~~~~~~       
1 warning generated.
[658/1426] Compiling C object libqemuutil.a.p/util_async.c.o
[659/1426] Compiling C object libqemuutil.a.p/util_qemu-coroutine.c.o
In file included from ../qemu-9.2.0/util/qemu-coroutine.c:21:
/Users/swchen.tw/git/percepio/poc/.tools/qemu-time-control/qemu-9.2.0/include/qemu/cutils.h:144:12: warning: 'strchrnul' is only available on macOS 15.4 or newer [-Wunguarded-availability-new]
  144 |     return strchrnul(s, c);
      |            ^~~~~~~~~
/Library/Developer/CommandLineTools/SDKs/MacOSX.sdk/usr/include/_string.h:198:9: note: 'strchrnul' has been marked as being introduced in macOS 15.4 here, but the deployment target is macOS 15.0.0
  198 |         strchrnul(const char *__s, int __c);
      |         ^
/Users/swchen.tw/git/percepio/poc/.tools/qemu-time-control/qemu-9.2.0/include/qemu/cutils.h:144:12: note: enclose 'strchrnul' in a __builtin_available check to silence this warning
  144 |     return strchrnul(s, c);
      |            ^~~~~~~~~       
1 warning generated.
[660/1426] Compiling C object libqemuutil.a.p/util_qemu-coroutine-lock.c.o
[661/1426] Compiling C object libqemuutil.a.p/util_qemu-coroutine-io.c.o
[662/1426] Compiling C object libqemuutil.a.p/util_coroutine-sigaltstack.c.o
[663/1426] Compiling C object libqemuutil.a.p/util_thread-pool.c.o
[664/1426] Compiling C object libqemuutil.a.p/util_aio-wait.c.o
[665/1426] Compiling C object libqemuutil.a.p/util_qemu-timer.c.o
[666/1426] Compiling C object libqemuutil.a.p/util_buffer.c.o
[667/1426] Compiling C object libqemuutil.a.p/util_qemu-sockets.c.o
In file included from ../qemu-9.2.0/util/qemu-sockets.c:32:
/Users/swchen.tw/git/percepio/poc/.tools/qemu-time-control/qemu-9.2.0/include/qemu/cutils.h:144:12: warning: 'strchrnul' is only available on macOS 15.4 or newer [-Wunguarded-availability-new]
  144 |     return strchrnul(s, c);
      |            ^~~~~~~~~
/Library/Developer/CommandLineTools/SDKs/MacOSX.sdk/usr/include/_string.h:198:9: note: 'strchrnul' has been marked as being introduced in macOS 15.4 here, but the deployment target is macOS 15.0.0
  198 |         strchrnul(const char *__s, int __c);
      |         ^
/Users/swchen.tw/git/percepio/poc/.tools/qemu-time-control/qemu-9.2.0/include/qemu/cutils.h:144:12: note: enclose 'strchrnul' in a __builtin_available check to silence this warning
  144 |     return strchrnul(s, c);
      |            ^~~~~~~~~       
1 warning generated.
[668/1426] Compiling C object libqemuutil.a.p/util_bufferiszero.c.o
In file included from ../qemu-9.2.0/util/bufferiszero.c:25:
/Users/swchen.tw/git/percepio/poc/.tools/qemu-time-control/qemu-9.2.0/include/qemu/cutils.h:144:12: warning: 'strchrnul' is only available on macOS 15.4 or newer [-Wunguarded-availability-new]
  144 |     return strchrnul(s, c);
      |            ^~~~~~~~~
/Library/Developer/CommandLineTools/SDKs/MacOSX.sdk/usr/include/_string.h:198:9: note: 'strchrnul' has been marked as being introduced in macOS 15.4 here, but the deployment target is macOS 15.0.0
  198 |         strchrnul(const char *__s, int __c);
      |         ^
/Users/swchen.tw/git/percepio/poc/.tools/qemu-time-control/qemu-9.2.0/include/qemu/cutils.h:144:12: note: enclose 'strchrnul' in a __builtin_available check to silence this warning
  144 |     return strchrnul(s, c);
      |            ^~~~~~~~~       
1 warning generated.
[669/1426] Compiling C object libqemuutil.a.p/util_hexdump.c.o
In file included from ../qemu-9.2.0/util/hexdump.c:17:
/Users/swchen.tw/git/percepio/poc/.tools/qemu-time-control/qemu-9.2.0/include/qemu/cutils.h:144:12: warning: 'strchrnul' is only available on macOS 15.4 or newer [-Wunguarded-availability-new]
  144 |     return strchrnul(s, c);
      |            ^~~~~~~~~
/Library/Developer/CommandLineTools/SDKs/MacOSX.sdk/usr/include/_string.h:198:9: note: 'strchrnul' has been marked as being introduced in macOS 15.4 here, but the deployment target is macOS 15.0.0
  198 |         strchrnul(const char *__s, int __c);
      |         ^
/Users/swchen.tw/git/percepio/poc/.tools/qemu-time-control/qemu-9.2.0/include/qemu/cutils.h:144:12: note: enclose 'strchrnul' in a __builtin_available check to silence this warning
  144 |     return strchrnul(s, c);
      |            ^~~~~~~~~       
1 warning generated.
[670/1426] Compiling C object libqemuutil.a.p/util_iova-tree.c.o
[671/1426] Compiling C object libqemuutil.a.p/util_nvdimm-utils.c.o
[672/1426] Compiling C object libqemuutil.a.p/util_hbitmap.c.o
[673/1426] Compiling C object libqemuutil.a.p/util_block-helpers.c.o
[674/1426] Compiling C object libqemuutil.a.p/util_iov.c.o
In file included from ../qemu-9.2.0/util/iov.c:23:
/Users/swchen.tw/git/percepio/poc/.tools/qemu-time-control/qemu-9.2.0/include/qemu/cutils.h:144:12: warning: 'strchrnul' is only available on macOS 15.4 or newer [-Wunguarded-availability-new]
  144 |     return strchrnul(s, c);
      |            ^~~~~~~~~
/Library/Developer/CommandLineTools/SDKs/MacOSX.sdk/usr/include/_string.h:198:9: note: 'strchrnul' has been marked as being introduced in macOS 15.4 here, but the deployment target is macOS 15.0.0
  198 |         strchrnul(const char *__s, int __c);
      |         ^
/Users/swchen.tw/git/percepio/poc/.tools/qemu-time-control/qemu-9.2.0/include/qemu/cutils.h:144:12: note: enclose 'strchrnul' in a __builtin_available check to silence this warning
  144 |     return strchrnul(s, c);
      |            ^~~~~~~~~       
1 warning generated.
[675/1426] Compiling C object libqemuutil.a.p/util_qemu-co-shared-resource.c.o
[676/1426] Compiling C object libqemuutil.a.p/util_qemu-coroutine-sleep.c.o
[677/1426] Compiling C object libqemuutil.a.p/util_qemu-co-timeout.c.o
[678/1426] Compiling C object libqemuutil.a.p/util_readline.c.o
In file included from ../qemu-9.2.0/util/readline.c:28:
/Users/swchen.tw/git/percepio/poc/.tools/qemu-time-control/qemu-9.2.0/include/qemu/cutils.h:144:12: warning: 'strchrnul' is only available on macOS 15.4 or newer [-Wunguarded-availability-new]
  144 |     return strchrnul(s, c);
      |            ^~~~~~~~~
/Library/Developer/CommandLineTools/SDKs/MacOSX.sdk/usr/include/_string.h:198:9: note: 'strchrnul' has been marked as being introduced in macOS 15.4 here, but the deployment target is macOS 15.0.0
  198 |         strchrnul(const char *__s, int __c);
      |         ^
/Users/swchen.tw/git/percepio/poc/.tools/qemu-time-control/qemu-9.2.0/include/qemu/cutils.h:144:12: note: enclose 'strchrnul' in a __builtin_available check to silence this warning
  144 |     return strchrnul(s, c);
      |            ^~~~~~~~~       
1 warning generated.
[679/1426] Compiling C object libqemuutil.a.p/util_timed-average.c.o
[680/1426] Compiling C object libqemuutil.a.p/util_filemonitor-stub.c.o
[681/1426] Compiling C object libqemuutil.a.p/util_throttle.c.o
[682/1426] Compiling C object libqemuutil.a.p/util_cpuinfo-aarch64.c.o
[683/1426] Compiling C object libqemuutil.a.p/util_yank.c.o
[684/1426] Compiling C object libqemuutil.a.p/crypto_init.c.o
[685/1426] Compiling C object libqemuutil.a.p/crypto_sm4.c.o
[686/1426] Compiling C object libqemuutil.a.p/crypto_clmul.c.o
[687/1426] Compiling C object libqemuutil.a.p/crypto_aes.c.o
[688/1426] Compiling C object libqemuutil.a.p/crypto_random-platform.c.o
[689/1426] Compiling C object libqemuutil.a.p/trace_qmp.c.o
[690/1426] Compiling C object libqemuutil.a.p/stubs_cpu-get-clock.c.o
[691/1426] Compiling C object libqemuutil.a.p/trace_control.c.o
[692/1426] Compiling C object libqemuutil.a.p/stubs_error-printf.c.o
[693/1426] Compiling C object libqemuutil.a.p/stubs_is-daemonized.c.o
[694/1426] Compiling C object libqemuutil.a.p/stubs_iothread-lock.c.o
[695/1426] Compiling C object libqemuutil.a.p/stubs_fdset.c.o
[696/1426] Compiling C object libqemuutil.a.p/stubs_trace-control.c.o
[697/1426] Compiling C object libqemuutil.a.p/stubs_replay-mode.c.o
[698/1426] Compiling C object libqemuutil.a.p/stubs_monitor-core.c.o
[699/1426] Compiling C object libqemuutil.a.p/stubs_bdrv-next-monitor-owned.c.o
[700/1426] Compiling C object libqemuutil.a.p/stubs_blk-exp-close-all.c.o
[701/1426] Compiling C object libqemuutil.a.p/stubs_blk-commit-all.c.o
[702/1426] Compiling C object libqemuutil.a.p/stubs_blockdev-close-all-bdrv-states.c.o
[703/1426] Compiling C object libqemuutil.a.p/stubs_change-state-handler.c.o
[704/1426] Compiling C object libqemuutil.a.p/stubs_get-vm-name.c.o
[705/1426] Compiling C object libqemuutil.a.p/stubs_iothread-lock-block.c.o
[706/1426] Compiling C object libqemuutil.a.p/stubs_migr-blocker.c.o
[707/1426] Compiling C object libqemuutil.a.p/stubs_physmem.c.o
[708/1426] Compiling C object libqemuutil.a.p/stubs_runstate-check.c.o
[709/1426] Compiling C object libqemuutil.a.p/stubs_ram-block.c.o
[710/1426] Compiling C object libqemuutil.a.p/stubs_uuid.c.o
[711/1426] Compiling C object libqemuutil.a.p/stubs_replay-tools.c.o
[712/1426] Compiling C object libqemuutil.a.p/stubs_graph-lock.c.o
[713/1426] Compiling C object libqemuutil.a.p/stubs_icount.c.o
[714/1426] Compiling C object libqemuutil.a.p/stubs_cpus-virtual-clock.c.o
[715/1426] Compiling C object libqemuutil.a.p/stubs_qemu-timer-notify-cb.c.o
[716/1426] Compiling C object libqemuutil.a.p/stubs_monitor-internal.c.o
[717/1426] Compiling C object libqemuutil.a.p/stubs_qmp-command-available.c.o
[718/1426] Compiling C object libqemuutil.a.p/stubs_qmp-quit.c.o
[719/1426] Compiling C object libqemuutil.a.p/stubs_qtest.c.o
[720/1426] Compiling C object libqemuutil.a.p/stubs_vm-stop.c.o
[721/1426] Compiling C object libqemuutil.a.p/stubs_dump.c.o
[722/1426] Compiling C object libqemuutil.a.p/stubs_vmstate.c.o
[723/1426] Compiling C object libqemuutil.a.p/stubs_cmos.c.o
[724/1426] Compiling C object libqemuutil.a.p/stubs_target-get-monitor-def.c.o
[725/1426] Compiling C object libqemuutil.a.p/stubs_target-monitor-defs.c.o
[726/1426] Compiling C object libqemuutil.a.p/stubs_fw_cfg.c.o
[727/1426] Compiling C object libqemuutil.a.p/stubs_win32-kbd-hook.c.o
[728/1426] Compiling C object libqemuutil.a.p/stubs_gdbstub.c.o
[729/1426] Compiling C object libqemuutil.a.p/stubs_replay.c.o
[730/1426] Compiling C object libqemuutil.a.p/stubs_hotplug-stubs.c.o
[731/1426] Compiling C object libqemuutil.a.p/stubs_xen-hw-stub.c.o
[732/1426] Compiling C object libqemuutil.a.p/stubs_sysbus.c.o
[733/1426] Compiling C object subprojects/dtc/libfdt/libfdt.a.p/fdt_empty_tree.c.o
[734/1426] Compiling C object subprojects/dtc/libfdt/libfdt.a.p/fdt_strerror.c.o
[735/1426] Compiling C object subprojects/dtc/libfdt/libfdt.a.p/fdt_overlay.c.o
[736/1426] Compiling C object subprojects/dtc/libfdt/libfdt.a.p/fdt_rw.c.o
[737/1426] Compiling C object subprojects/dtc/libfdt/libfdt.a.p/fdt_ro.c.o
[738/1426] Compiling C object subprojects/dtc/libfdt/libfdt.a.p/fdt_wip.c.o
[739/1426] Compiling C object subprojects/dtc/libfdt/libfdt.a.p/fdt_sw.c.o
[740/1426] Generating block/module_block.h with a custom command
[741/1426] Generating block/block-gen.c with a custom command
[742/1426] Generating 'libqemu-riscv32-softmmu.a.p/decode-insn16.c.inc'
[743/1426] Generating 'libcommon.a.p/decode-insns.c.inc'
[744/1426] Generating riscv32-softmmu-gdbstub-xml.c with a custom command (wrapped by meson to capture output)
/Users/swchen.tw/git/percepio/poc/.tools/qemu-time-control/qemu-9.2.0/scripts/feature_to_c.py:28: SyntaxWarning: invalid escape sequence '\{'
  sys.stdout.write(f'\{c:03o}')

[745/1426] Generating 'libqemu-riscv32-softmmu.a.p/decode-xthead.c.inc'
[746/1426] Generating 'libqemu-riscv32-softmmu.a.p/decode-insn32.c.inc'
[747/1426] Generating 'libqemu-riscv32-softmmu.a.p/decode-XVentanaCondOps.c.inc'
[748/1426] Linking static target subprojects/dtc/libfdt/libfdt.a
[749/1426] Compiling C object libqom.a.p/qom_container.c.o
[750/1426] Linking static target libqemuutil.a
[751/1426] Compiling C object gdbstub/libgdb_system.a.p/system.c.o
In file included from ../qemu-9.2.0/gdbstub/system.c:16:
/Users/swchen.tw/git/percepio/poc/.tools/qemu-time-control/qemu-9.2.0/include/qemu/cutils.h:144:12: warning: 'strchrnul' is only available on macOS 15.4 or newer [-Wunguarded-availability-new]
  144 |     return strchrnul(s, c);
      |            ^~~~~~~~~
/Library/Developer/CommandLineTools/SDKs/MacOSX.sdk/usr/include/_string.h:198:9: note: 'strchrnul' has been marked as being introduced in macOS 15.4 here, but the deployment target is macOS 15.0.0
  198 |         strchrnul(const char *__s, int __c);
      |         ^
/Users/swchen.tw/git/percepio/poc/.tools/qemu-time-control/qemu-9.2.0/include/qemu/cutils.h:144:12: note: enclose 'strchrnul' in a __builtin_available check to silence this warning
  144 |     return strchrnul(s, c);
      |            ^~~~~~~~~       
1 warning generated.
[752/1426] Compiling C object libqom.a.p/qom_object_interfaces.c.o
In file included from ../qemu-9.2.0/qom/object_interfaces.c:3:
/Users/swchen.tw/git/percepio/poc/.tools/qemu-time-control/qemu-9.2.0/include/qemu/cutils.h:144:12: warning: 'strchrnul' is only available on macOS 15.4 or newer [-Wunguarded-availability-new]
  144 |     return strchrnul(s, c);
      |            ^~~~~~~~~
/Library/Developer/CommandLineTools/SDKs/MacOSX.sdk/usr/include/_string.h:198:9: note: 'strchrnul' has been marked as being introduced in macOS 15.4 here, but the deployment target is macOS 15.0.0
  198 |         strchrnul(const char *__s, int __c);
      |         ^
/Users/swchen.tw/git/percepio/poc/.tools/qemu-time-control/qemu-9.2.0/include/qemu/cutils.h:144:12: note: enclose 'strchrnul' in a __builtin_available check to silence this warning
  144 |     return strchrnul(s, c);
      |            ^~~~~~~~~       
1 warning generated.
[753/1426] Compiling C object libqom.a.p/qom_qom-qobject.c.o
[754/1426] Compiling C object gdbstub/libgdb_system.a.p/gdbstub.c.o
In file included from ../qemu-9.2.0/gdbstub/gdbstub.c:28:
/Users/swchen.tw/git/percepio/poc/.tools/qemu-time-control/qemu-9.2.0/include/qemu/cutils.h:144:12: warning: 'strchrnul' is only available on macOS 15.4 or newer [-Wunguarded-availability-new]
  144 |     return strchrnul(s, c);
      |            ^~~~~~~~~
/Library/Developer/CommandLineTools/SDKs/MacOSX.sdk/usr/include/_string.h:198:9: note: 'strchrnul' has been marked as being introduced in macOS 15.4 here, but the deployment target is macOS 15.0.0
  198 |         strchrnul(const char *__s, int __c);
      |         ^
/Users/swchen.tw/git/percepio/poc/.tools/qemu-time-control/qemu-9.2.0/include/qemu/cutils.h:144:12: note: enclose 'strchrnul' in a __builtin_available check to silence this warning
  144 |     return strchrnul(s, c);
      |            ^~~~~~~~~       
1 warning generated.
[755/1426] Compiling C object libevent-loop-base.a.p/event-loop-base.c.o
[756/1426] Compiling C object libqom.a.p/qom_object.c.o
In file included from ../qemu-9.2.0/qom/object.c:18:
/Users/swchen.tw/git/percepio/poc/.tools/qemu-time-control/qemu-9.2.0/include/qemu/cutils.h:144:12: warning: 'strchrnul' is only available on macOS 15.4 or newer [-Wunguarded-availability-new]
  144 |     return strchrnul(s, c);
      |            ^~~~~~~~~
/Library/Developer/CommandLineTools/SDKs/MacOSX.sdk/usr/include/_string.h:198:9: note: 'strchrnul' has been marked as being introduced in macOS 15.4 here, but the deployment target is macOS 15.0.0
  198 |         strchrnul(const char *__s, int __c);
      |         ^
/Users/swchen.tw/git/percepio/poc/.tools/qemu-time-control/qemu-9.2.0/include/qemu/cutils.h:144:12: note: enclose 'strchrnul' in a __builtin_available check to silence this warning
  144 |     return strchrnul(s, c);
      |            ^~~~~~~~~       
1 warning generated.
[757/1426] Compiling C object tcg/libtcg_system.a.p/region.c.o
[758/1426] Compiling C object tcg/libtcg_system.a.p/tcg-common.c.o
[759/1426] Compiling C object tcg/libtcg_system.a.p/optimize.c.o
[760/1426] Compiling C object tcg/libtcg_system.a.p/tcg-op.c.o
[761/1426] Compiling C object tcg/libtcg_system.a.p/tcg-op-ldst.c.o
[762/1426] Generating block.syms with a custom command (wrapped by meson to capture output)
[763/1426] Compiling C object tcg/libtcg_system.a.p/tcg-op-vec.c.o
[764/1426] Generating qemu.syms with a custom command (wrapped by meson to capture output)
[765/1426] Compiling C object libauthz.a.p/authz_base.c.o
[766/1426] Compiling C object tcg/libtcg_system.a.p/tcg-op-gvec.c.o
[767/1426] Compiling C object libauthz.a.p/authz_list.c.o
[768/1426] Compiling C object libauthz.a.p/authz_listfile.c.o
[769/1426] Compiling C object libauthz.a.p/authz_simple.c.o
[770/1426] Compiling C object libcrypto.a.p/crypto_afsplit.c.o
[771/1426] Compiling C object libcrypto.a.p/crypto_akcipher.c.o
[772/1426] Compiling C object tcg/libtcg_system.a.p/tcg.c.o
In file included from ../qemu-9.2.0/tcg/tcg.c:31:
/Users/swchen.tw/git/percepio/poc/.tools/qemu-time-control/qemu-9.2.0/include/qemu/cutils.h:144:12: warning: 'strchrnul' is only available on macOS 15.4 or newer [-Wunguarded-availability-new]
  144 |     return strchrnul(s, c);
      |            ^~~~~~~~~
/Library/Developer/CommandLineTools/SDKs/MacOSX.sdk/usr/include/_string.h:198:9: note: 'strchrnul' has been marked as being introduced in macOS 15.4 here, but the deployment target is macOS 15.0.0
  198 |         strchrnul(const char *__s, int __c);
      |         ^
/Users/swchen.tw/git/percepio/poc/.tools/qemu-time-control/qemu-9.2.0/include/qemu/cutils.h:144:12: note: enclose 'strchrnul' in a __builtin_available check to silence this warning
  144 |     return strchrnul(s, c);
      |            ^~~~~~~~~       
1 warning generated.
[773/1426] Compiling C object libcrypto.a.p/crypto_block-qcow.c.o
[774/1426] Compiling C object libcrypto.a.p/crypto_cipher.c.o
[775/1426] Compiling C object libcrypto.a.p/crypto_block.c.o
[776/1426] Compiling C object libcrypto.a.p/crypto_block-luks.c.o
[777/1426] Compiling C object libcrypto.a.p/crypto_der.c.o
[778/1426] Compiling C object libcrypto.a.p/crypto_hmac.c.o
[779/1426] Compiling C object libcrypto.a.p/crypto_hash.c.o
[780/1426] Compiling C object libcrypto.a.p/crypto_ivgen-essiv.c.o
[781/1426] Compiling C object libcrypto.a.p/crypto_ivgen-plain.c.o
[782/1426] Compiling C object libcrypto.a.p/crypto_ivgen-plain64.c.o
[783/1426] Compiling C object libcrypto.a.p/crypto_ivgen.c.o
[784/1426] Compiling C object libcrypto.a.p/crypto_pbkdf.c.o
[785/1426] Compiling C object libcrypto.a.p/crypto_secret_common.c.o
[786/1426] Compiling C object libcrypto.a.p/crypto_tlscreds.c.o
[787/1426] Compiling C object libcrypto.a.p/crypto_secret.c.o
[788/1426] Compiling C object libcrypto.a.p/crypto_tlscredsanon.c.o
[789/1426] Compiling C object libcrypto.a.p/crypto_tlscredspsk.c.o
[790/1426] Compiling C object libcrypto.a.p/crypto_tlssession.c.o
[791/1426] Compiling C object libcrypto.a.p/crypto_tlscredsx509.c.o
[792/1426] Compiling C object libcrypto.a.p/crypto_rsakey.c.o
[793/1426] Compiling C object libcrypto.a.p/crypto_hash-glib.c.o
[794/1426] Compiling C object libcrypto.a.p/crypto_hmac-glib.c.o
[795/1426] Compiling C object libcrypto.a.p/crypto_pbkdf-stub.c.o
[796/1426] Compiling C object libio.a.p/io_channel-buffer.c.o
[797/1426] Compiling C object libio.a.p/io_channel-null.c.o
[798/1426] Compiling C object libio.a.p/io_channel-command.c.o
[799/1426] Compiling C object libio.a.p/io_channel-file.c.o
[800/1426] Compiling C object libio.a.p/io_channel-util.c.o
[801/1426] Compiling C object libio.a.p/io_channel-watch.c.o
[802/1426] Compiling C object libio.a.p/io_channel-socket.c.o
[803/1426] Compiling C object libio.a.p/io_channel-tls.c.o
[804/1426] Compiling C object libio.a.p/io_dns-resolver.c.o
In file included from ../qemu-9.2.0/io/dns-resolver.c:27:
/Users/swchen.tw/git/percepio/poc/.tools/qemu-time-control/qemu-9.2.0/include/qemu/cutils.h:144:12: warning: 'strchrnul' is only available on macOS 15.4 or newer [-Wunguarded-availability-new]
  144 |     return strchrnul(s, c);
      |            ^~~~~~~~~
/Library/Developer/CommandLineTools/SDKs/MacOSX.sdk/usr/include/_string.h:198:9: note: 'strchrnul' has been marked as being introduced in macOS 15.4 here, but the deployment target is macOS 15.0.0
  198 |         strchrnul(const char *__s, int __c);
      |         ^
/Users/swchen.tw/git/percepio/poc/.tools/qemu-time-control/qemu-9.2.0/include/qemu/cutils.h:144:12: note: enclose 'strchrnul' in a __builtin_available check to silence this warning
  144 |     return strchrnul(s, c);
      |            ^~~~~~~~~       
1 warning generated.
[805/1426] Compiling C object libio.a.p/io_channel.c.o
[806/1426] Compiling C object libio.a.p/io_net-listener.c.o
[807/1426] Compiling C object libio.a.p/io_channel-websock.c.o
[808/1426] Compiling C object libio.a.p/io_task.c.o
[809/1426] Compiling C object libmigration.a.p/migration_page_cache.c.o
[810/1426] Compiling C object libmigration.a.p/migration_migration-stats.c.o
[811/1426] Compiling C object libmigration.a.p/migration_xbzrle.c.o
In file included from ../qemu-9.2.0/migration/xbzrle.c:14:
/Users/swchen.tw/git/percepio/poc/.tools/qemu-time-control/qemu-9.2.0/include/qemu/cutils.h:144:12: warning: 'strchrnul' is only available on macOS 15.4 or newer [-Wunguarded-availability-new]
  144 |     return strchrnul(s, c);
      |            ^~~~~~~~~
/Library/Developer/CommandLineTools/SDKs/MacOSX.sdk/usr/include/_string.h:198:9: note: 'strchrnul' has been marked as being introduced in macOS 15.4 here, but the deployment target is macOS 15.0.0
  198 |         strchrnul(const char *__s, int __c);
      |         ^
/Users/swchen.tw/git/percepio/poc/.tools/qemu-time-control/qemu-9.2.0/include/qemu/cutils.h:144:12: note: enclose 'strchrnul' in a __builtin_available check to silence this warning
  144 |     return strchrnul(s, c);
      |            ^~~~~~~~~       
1 warning generated.
[812/1426] Compiling C object libmigration.a.p/migration_yank_functions.c.o
[813/1426] Compiling C object libmigration.a.p/migration_vmstate-types.c.o
[814/1426] Compiling C object libmigration.a.p/migration_qemu-file.c.o
[815/1426] Compiling C object libmigration.a.p/migration_vmstate.c.o
[816/1426] Compiling C object libblock.a.p/meson-generated_.._block_block-gen.c.o
[817/1426] Compiling C object libblock.a.p/blockjob.c.o
[818/1426] Compiling C object libblock.a.p/job.c.o
[819/1426] Compiling C object libblock.a.p/nbd_client-connection.c.o
[820/1426] Compiling C object libblock.a.p/nbd_client.c.o
In file included from ../qemu-9.2.0/nbd/client.c:25:
/Users/swchen.tw/git/percepio/poc/.tools/qemu-time-control/qemu-9.2.0/include/qemu/cutils.h:144:12: warning: 'strchrnul' is only available on macOS 15.4 or newer [-Wunguarded-availability-new]
  144 |     return strchrnul(s, c);
      |            ^~~~~~~~~
/Library/Developer/CommandLineTools/SDKs/MacOSX.sdk/usr/include/_string.h:198:9: note: 'strchrnul' has been marked as being introduced in macOS 15.4 here, but the deployment target is macOS 15.0.0
  198 |         strchrnul(const char *__s, int __c);
      |         ^
/Users/swchen.tw/git/percepio/poc/.tools/qemu-time-control/qemu-9.2.0/include/qemu/cutils.h:144:12: note: enclose 'strchrnul' in a __builtin_available check to silence this warning
  144 |     return strchrnul(s, c);
      |            ^~~~~~~~~       
1 warning generated.
[821/1426] Compiling C object libblock.a.p/qemu-io-cmds.c.o
In file included from ../qemu-9.2.0/qemu-io-cmds.c:23:
/Users/swchen.tw/git/percepio/poc/.tools/qemu-time-control/qemu-9.2.0/include/qemu/cutils.h:144:12: warning: 'strchrnul' is only available on macOS 15.4 or newer [-Wunguarded-availability-new]
  144 |     return strchrnul(s, c);
      |            ^~~~~~~~~
/Library/Developer/CommandLineTools/SDKs/MacOSX.sdk/usr/include/_string.h:198:9: note: 'strchrnul' has been marked as being introduced in macOS 15.4 here, but the deployment target is macOS 15.0.0
  198 |         strchrnul(const char *__s, int __c);
      |         ^
/Users/swchen.tw/git/percepio/poc/.tools/qemu-time-control/qemu-9.2.0/include/qemu/cutils.h:144:12: note: enclose 'strchrnul' in a __builtin_available check to silence this warning
  144 |     return strchrnul(s, c);
      |            ^~~~~~~~~       
1 warning generated.
[822/1426] Compiling C object libblock.a.p/nbd_common.c.o
[823/1426] Compiling C object libblock.a.p/scsi_utils.c.o
[824/1426] Compiling C object libblock.a.p/scsi_pr-manager-stub.c.o
[825/1426] Compiling C object libblock.a.p/block_accounting.c.o
[826/1426] Compiling C object libblock.a.p/block_aio_task.c.o
[827/1426] Compiling C object libblock.a.p/block.c.o
In file included from ../qemu-9.2.0/block.c:51:
/Users/swchen.tw/git/percepio/poc/.tools/qemu-time-control/qemu-9.2.0/include/qemu/cutils.h:144:12: warning: 'strchrnul' is only available on macOS 15.4 or newer [-Wunguarded-availability-new]
  144 |     return strchrnul(s, c);
      |            ^~~~~~~~~
/Library/Developer/CommandLineTools/SDKs/MacOSX.sdk/usr/include/_string.h:198:9: note: 'strchrnul' has been marked as being introduced in macOS 15.4 here, but the deployment target is macOS 15.0.0
  198 |         strchrnul(const char *__s, int __c);
      |         ^
/Users/swchen.tw/git/percepio/poc/.tools/qemu-time-control/qemu-9.2.0/include/qemu/cutils.h:144:12: note: enclose 'strchrnul' in a __builtin_available check to silence this warning
  144 |     return strchrnul(s, c);
      |            ^~~~~~~~~       
1 warning generated.
[828/1426] Compiling C object libblock.a.p/block_amend.c.o
[829/1426] Compiling C object libblock.a.p/block_backup.c.o
In file included from ../qemu-9.2.0/block/backup.c:25:
/Users/swchen.tw/git/percepio/poc/.tools/qemu-time-control/qemu-9.2.0/include/qemu/cutils.h:144:12: warning: 'strchrnul' is only available on macOS 15.4 or newer [-Wunguarded-availability-new]
  144 |     return strchrnul(s, c);
      |            ^~~~~~~~~
/Library/Developer/CommandLineTools/SDKs/MacOSX.sdk/usr/include/_string.h:198:9: note: 'strchrnul' has been marked as being introduced in macOS 15.4 here, but the deployment target is macOS 15.0.0
  198 |         strchrnul(const char *__s, int __c);
      |         ^
/Users/swchen.tw/git/percepio/poc/.tools/qemu-time-control/qemu-9.2.0/include/qemu/cutils.h:144:12: note: enclose 'strchrnul' in a __builtin_available check to silence this warning
  144 |     return strchrnul(s, c);
      |            ^~~~~~~~~       
1 warning generated.
[830/1426] Compiling C object libblock.a.p/block_blkverify.c.o
In file included from ../qemu-9.2.0/block/blkverify.c:17:
/Users/swchen.tw/git/percepio/poc/.tools/qemu-time-control/qemu-9.2.0/include/qemu/cutils.h:144:12: warning: 'strchrnul' is only available on macOS 15.4 or newer [-Wunguarded-availability-new]
  144 |     return strchrnul(s, c);
      |            ^~~~~~~~~
/Library/Developer/CommandLineTools/SDKs/MacOSX.sdk/usr/include/_string.h:198:9: note: 'strchrnul' has been marked as being introduced in macOS 15.4 here, but the deployment target is macOS 15.0.0
  198 |         strchrnul(const char *__s, int __c);
      |         ^
/Users/swchen.tw/git/percepio/poc/.tools/qemu-time-control/qemu-9.2.0/include/qemu/cutils.h:144:12: note: enclose 'strchrnul' in a __builtin_available check to silence this warning
  144 |     return strchrnul(s, c);
      |            ^~~~~~~~~       
1 warning generated.
[831/1426] Compiling C object libblock.a.p/block_blkdebug.c.o
In file included from ../qemu-9.2.0/block/blkdebug.c:28:
/Users/swchen.tw/git/percepio/poc/.tools/qemu-time-control/qemu-9.2.0/include/qemu/cutils.h:144:12: warning: 'strchrnul' is only available on macOS 15.4 or newer [-Wunguarded-availability-new]
  144 |     return strchrnul(s, c);
      |            ^~~~~~~~~
/Library/Developer/CommandLineTools/SDKs/MacOSX.sdk/usr/include/_string.h:198:9: note: 'strchrnul' has been marked as being introduced in macOS 15.4 here, but the deployment target is macOS 15.0.0
  198 |         strchrnul(const char *__s, int __c);
      |         ^
/Users/swchen.tw/git/percepio/poc/.tools/qemu-time-control/qemu-9.2.0/include/qemu/cutils.h:144:12: note: enclose 'strchrnul' in a __builtin_available check to silence this warning
  144 |     return strchrnul(s, c);
      |            ^~~~~~~~~       
1 warning generated.
[832/1426] Compiling C object libblock.a.p/block_blklogwrites.c.o
In file included from ../qemu-9.2.0/block/blklogwrites.c:19:
/Users/swchen.tw/git/percepio/poc/.tools/qemu-time-control/qemu-9.2.0/include/qemu/cutils.h:144:12: warning: 'strchrnul' is only available on macOS 15.4 or newer [-Wunguarded-availability-new]
  144 |     return strchrnul(s, c);
      |            ^~~~~~~~~
/Library/Developer/CommandLineTools/SDKs/MacOSX.sdk/usr/include/_string.h:198:9: note: 'strchrnul' has been marked as being introduced in macOS 15.4 here, but the deployment target is macOS 15.0.0
  198 |         strchrnul(const char *__s, int __c);
      |         ^
/Users/swchen.tw/git/percepio/poc/.tools/qemu-time-control/qemu-9.2.0/include/qemu/cutils.h:144:12: note: enclose 'strchrnul' in a __builtin_available check to silence this warning
  144 |     return strchrnul(s, c);
      |            ^~~~~~~~~       
1 warning generated.
[833/1426] Compiling C object libblock.a.p/block_copy-before-write.c.o
In file included from ../qemu-9.2.0/block/copy-before-write.c:30:
/Users/swchen.tw/git/percepio/poc/.tools/qemu-time-control/qemu-9.2.0/include/qemu/cutils.h:144:12: warning: 'strchrnul' is only available on macOS 15.4 or newer [-Wunguarded-availability-new]
  144 |     return strchrnul(s, c);
      |            ^~~~~~~~~
/Library/Developer/CommandLineTools/SDKs/MacOSX.sdk/usr/include/_string.h:198:9: note: 'strchrnul' has been marked as being introduced in macOS 15.4 here, but the deployment target is macOS 15.0.0
  198 |         strchrnul(const char *__s, int __c);
      |         ^
/Users/swchen.tw/git/percepio/poc/.tools/qemu-time-control/qemu-9.2.0/include/qemu/cutils.h:144:12: note: enclose 'strchrnul' in a __builtin_available check to silence this warning
  144 |     return strchrnul(s, c);
      |            ^~~~~~~~~       
1 warning generated.
[834/1426] Compiling C object libblock.a.p/block_commit.c.o
In file included from ../qemu-9.2.0/block/commit.c:16:
/Users/swchen.tw/git/percepio/poc/.tools/qemu-time-control/qemu-9.2.0/include/qemu/cutils.h:144:12: warning: 'strchrnul' is only available on macOS 15.4 or newer [-Wunguarded-availability-new]
  144 |     return strchrnul(s, c);
      |            ^~~~~~~~~
/Library/Developer/CommandLineTools/SDKs/MacOSX.sdk/usr/include/_string.h:198:9: note: 'strchrnul' has been marked as being introduced in macOS 15.4 here, but the deployment target is macOS 15.0.0
  198 |         strchrnul(const char *__s, int __c);
      |         ^
/Users/swchen.tw/git/percepio/poc/.tools/qemu-time-control/qemu-9.2.0/include/qemu/cutils.h:144:12: note: enclose 'strchrnul' in a __builtin_available check to silence this warning
  144 |     return strchrnul(s, c);
      |            ^~~~~~~~~       
1 warning generated.
[835/1426] Compiling C object libblock.a.p/block_block-copy.c.o
[836/1426] Compiling C object libblock.a.p/block_block-backend.c.o
[837/1426] Compiling C object libblock.a.p/block_create.c.o
[838/1426] Compiling C object libblock.a.p/block_copy-on-read.c.o
[839/1426] Compiling C object libblock.a.p/block_crypto.c.o
In file included from ../qemu-9.2.0/block/crypto.c:33:
/Users/swchen.tw/git/percepio/poc/.tools/qemu-time-control/qemu-9.2.0/include/qemu/cutils.h:144:12: warning: 'strchrnul' is only available on macOS 15.4 or newer [-Wunguarded-availability-new]
  144 |     return strchrnul(s, c);
      |            ^~~~~~~~~
/Library/Developer/CommandLineTools/SDKs/MacOSX.sdk/usr/include/_string.h:198:9: note: 'strchrnul' has been marked as being introduced in macOS 15.4 here, but the deployment target is macOS 15.0.0
  198 |         strchrnul(const char *__s, int __c);
      |         ^
/Users/swchen.tw/git/percepio/poc/.tools/qemu-time-control/qemu-9.2.0/include/qemu/cutils.h:144:12: note: enclose 'strchrnul' in a __builtin_available check to silence this warning
  144 |     return strchrnul(s, c);
      |            ^~~~~~~~~       
1 warning generated.
[840/1426] Compiling C object libblock.a.p/block_filter-compress.c.o
[841/1426] Compiling C object libblock.a.p/block_graph-lock.c.o
[842/1426] Compiling C object libblock.a.p/block_dirty-bitmap.c.o
[843/1426] Compiling C object libblock.a.p/block_null.c.o
[844/1426] Compiling C object libblock.a.p/block_mirror.c.o
In file included from ../qemu-9.2.0/block/mirror.c:15:
/Users/swchen.tw/git/percepio/poc/.tools/qemu-time-control/qemu-9.2.0/include/qemu/cutils.h:144:12: warning: 'strchrnul' is only available on macOS 15.4 or newer [-Wunguarded-availability-new]
  144 |     return strchrnul(s, c);
      |            ^~~~~~~~~
/Library/Developer/CommandLineTools/SDKs/MacOSX.sdk/usr/include/_string.h:198:9: note: 'strchrnul' has been marked as being introduced in macOS 15.4 here, but the deployment target is macOS 15.0.0
  198 |         strchrnul(const char *__s, int __c);
      |         ^
/Users/swchen.tw/git/percepio/poc/.tools/qemu-time-control/qemu-9.2.0/include/qemu/cutils.h:144:12: note: enclose 'strchrnul' in a __builtin_available check to silence this warning
  144 |     return strchrnul(s, c);
      |            ^~~~~~~~~       
1 warning generated.
[845/1426] Compiling C object libblock.a.p/block_nbd.c.o
In file included from ../qemu-9.2.0/block/nbd.c:35:
/Users/swchen.tw/git/percepio/poc/.tools/qemu-time-control/qemu-9.2.0/include/qemu/cutils.h:144:12: warning: 'strchrnul' is only available on macOS 15.4 or newer [-Wunguarded-availability-new]
  144 |     return strchrnul(s, c);
      |            ^~~~~~~~~
/Library/Developer/CommandLineTools/SDKs/MacOSX.sdk/usr/include/_string.h:198:9: note: 'strchrnul' has been marked as being introduced in macOS 15.4 here, but the deployment target is macOS 15.0.0
  198 |         strchrnul(const char *__s, int __c);
      |         ^
/Users/swchen.tw/git/percepio/poc/.tools/qemu-time-control/qemu-9.2.0/include/qemu/cutils.h:144:12: note: enclose 'strchrnul' in a __builtin_available check to silence this warning
  144 |     return strchrnul(s, c);
      |            ^~~~~~~~~       
1 warning generated.
[846/1426] Compiling C object libblock.a.p/block_preallocate.c.o
[847/1426] Compiling C object libblock.a.p/block_progress_meter.c.o
[848/1426] Compiling C object libblock.a.p/block_io.c.o
In file included from ../qemu-9.2.0/block/io.c:35:
/Users/swchen.tw/git/percepio/poc/.tools/qemu-time-control/qemu-9.2.0/include/qemu/cutils.h:144:12: warning: 'strchrnul' is only available on macOS 15.4 or newer [-Wunguarded-availability-new]
  144 |     return strchrnul(s, c);
      |            ^~~~~~~~~
/Library/Developer/CommandLineTools/SDKs/MacOSX.sdk/usr/include/_string.h:198:9: note: 'strchrnul' has been marked as being introduced in macOS 15.4 here, but the deployment target is macOS 15.0.0
  198 |         strchrnul(const char *__s, int __c);
      |         ^
/Users/swchen.tw/git/percepio/poc/.tools/qemu-time-control/qemu-9.2.0/include/qemu/cutils.h:144:12: note: enclose 'strchrnul' in a __builtin_available check to silence this warning
  144 |     return strchrnul(s, c);
      |            ^~~~~~~~~       
1 warning generated.
[849/1426] Compiling C object libblock.a.p/block_qapi.c.o
In file included from ../qemu-9.2.0/block/qapi.c:26:
/Users/swchen.tw/git/percepio/poc/.tools/qemu-time-control/qemu-9.2.0/include/qemu/cutils.h:144:12: warning: 'strchrnul' is only available on macOS 15.4 or newer [-Wunguarded-availability-new]
  144 |     return strchrnul(s, c);
      |            ^~~~~~~~~
/Library/Developer/CommandLineTools/SDKs/MacOSX.sdk/usr/include/_string.h:198:9: note: 'strchrnul' has been marked as being introduced in macOS 15.4 here, but the deployment target is macOS 15.0.0
  198 |         strchrnul(const char *__s, int __c);
      |         ^
/Users/swchen.tw/git/percepio/poc/.tools/qemu-time-control/qemu-9.2.0/include/qemu/cutils.h:144:12: note: enclose 'strchrnul' in a __builtin_available check to silence this warning
  144 |     return strchrnul(s, c);
      |            ^~~~~~~~~       
1 warning generated.
[850/1426] Compiling C object libblock.a.p/block_qcow2-cache.c.o
[851/1426] Compiling C object libblock.a.p/block_qcow2-bitmap.c.o
In file included from ../qemu-9.2.0/block/qcow2-bitmap.c:32:
/Users/swchen.tw/git/percepio/poc/.tools/qemu-time-control/qemu-9.2.0/include/qemu/cutils.h:144:12: warning: 'strchrnul' is only available on macOS 15.4 or newer [-Wunguarded-availability-new]
  144 |     return strchrnul(s, c);
      |            ^~~~~~~~~
/Library/Developer/CommandLineTools/SDKs/MacOSX.sdk/usr/include/_string.h:198:9: note: 'strchrnul' has been marked as being introduced in macOS 15.4 here, but the deployment target is macOS 15.0.0
  198 |         strchrnul(const char *__s, int __c);
      |         ^
/Users/swchen.tw/git/percepio/poc/.tools/qemu-time-control/qemu-9.2.0/include/qemu/cutils.h:144:12: note: enclose 'strchrnul' in a __builtin_available check to silence this warning
  144 |     return strchrnul(s, c);
      |            ^~~~~~~~~       
1 warning generated.
[852/1426] Compiling C object libblock.a.p/block_qcow2-snapshot.c.o
In file included from ../qemu-9.2.0/block/qcow2-snapshot.c:31:
/Users/swchen.tw/git/percepio/poc/.tools/qemu-time-control/qemu-9.2.0/include/qemu/cutils.h:144:12: warning: 'strchrnul' is only available on macOS 15.4 or newer [-Wunguarded-availability-new]
  144 |     return strchrnul(s, c);
      |            ^~~~~~~~~
/Library/Developer/CommandLineTools/SDKs/MacOSX.sdk/usr/include/_string.h:198:9: note: 'strchrnul' has been marked as being introduced in macOS 15.4 here, but the deployment target is macOS 15.0.0
  198 |         strchrnul(const char *__s, int __c);
      |         ^
/Users/swchen.tw/git/percepio/poc/.tools/qemu-time-control/qemu-9.2.0/include/qemu/cutils.h:144:12: note: enclose 'strchrnul' in a __builtin_available check to silence this warning
  144 |     return strchrnul(s, c);
      |            ^~~~~~~~~       
1 warning generated.
[853/1426] Compiling C object libblock.a.p/block_qcow2.c.o
In file included from ../qemu-9.2.0/block/qcow2.c:39:
/Users/swchen.tw/git/percepio/poc/.tools/qemu-time-control/qemu-9.2.0/include/qemu/cutils.h:144:12: warning: 'strchrnul' is only available on macOS 15.4 or newer [-Wunguarded-availability-new]
  144 |     return strchrnul(s, c);
      |            ^~~~~~~~~
/Library/Developer/CommandLineTools/SDKs/MacOSX.sdk/usr/include/_string.h:198:9: note: 'strchrnul' has been marked as being introduced in macOS 15.4 here, but the deployment target is macOS 15.0.0
  198 |         strchrnul(const char *__s, int __c);
      |         ^
/Users/swchen.tw/git/percepio/poc/.tools/qemu-time-control/qemu-9.2.0/include/qemu/cutils.h:144:12: note: enclose 'strchrnul' in a __builtin_available check to silence this warning
  144 |     return strchrnul(s, c);
      |            ^~~~~~~~~       
1 warning generated.
[854/1426] Compiling C object libblock.a.p/block_qcow2-cluster.c.o
[855/1426] Compiling C object libblock.a.p/block_qcow2-threads.c.o
[856/1426] Compiling C object libblock.a.p/block_qcow2-refcount.c.o
In file included from ../qemu-9.2.0/block/qcow2-refcount.c:31:
/Users/swchen.tw/git/percepio/poc/.tools/qemu-time-control/qemu-9.2.0/include/qemu/cutils.h:144:12: warning: 'strchrnul' is only available on macOS 15.4 or newer [-Wunguarded-availability-new]
  144 |     return strchrnul(s, c);
      |            ^~~~~~~~~
/Library/Developer/CommandLineTools/SDKs/MacOSX.sdk/usr/include/_string.h:198:9: note: 'strchrnul' has been marked as being introduced in macOS 15.4 here, but the deployment target is macOS 15.0.0
  198 |         strchrnul(const char *__s, int __c);
      |         ^
/Users/swchen.tw/git/percepio/poc/.tools/qemu-time-control/qemu-9.2.0/include/qemu/cutils.h:144:12: note: enclose 'strchrnul' in a __builtin_available check to silence this warning
  144 |     return strchrnul(s, c);
      |            ^~~~~~~~~       
1 warning generated.
[857/1426] Compiling C object libblock.a.p/block_raw-format.c.o
[858/1426] Compiling C object libblock.a.p/block_reqlist.c.o
[859/1426] Compiling C object libblock.a.p/block_quorum.c.o
In file included from ../qemu-9.2.0/block/quorum.c:17:
/Users/swchen.tw/git/percepio/poc/.tools/qemu-time-control/qemu-9.2.0/include/qemu/cutils.h:144:12: warning: 'strchrnul' is only available on macOS 15.4 or newer [-Wunguarded-availability-new]
  144 |     return strchrnul(s, c);
      |            ^~~~~~~~~
/Library/Developer/CommandLineTools/SDKs/MacOSX.sdk/usr/include/_string.h:198:9: note: 'strchrnul' has been marked as being introduced in macOS 15.4 here, but the deployment target is macOS 15.0.0
  198 |         strchrnul(const char *__s, int __c);
      |         ^
/Users/swchen.tw/git/percepio/poc/.tools/qemu-time-control/qemu-9.2.0/include/qemu/cutils.h:144:12: note: enclose 'strchrnul' in a __builtin_available check to silence this warning
  144 |     return strchrnul(s, c);
      |            ^~~~~~~~~       
1 warning generated.
[860/1426] Compiling C object libblock.a.p/block_snapshot-access.c.o
In file included from ../qemu-9.2.0/block/snapshot-access.c:26:
/Users/swchen.tw/git/percepio/poc/.tools/qemu-time-control/qemu-9.2.0/include/qemu/cutils.h:144:12: warning: 'strchrnul' is only available on macOS 15.4 or newer [-Wunguarded-availability-new]
  144 |     return strchrnul(s, c);
      |            ^~~~~~~~~
/Library/Developer/CommandLineTools/SDKs/MacOSX.sdk/usr/include/_string.h:198:9: note: 'strchrnul' has been marked as being introduced in macOS 15.4 here, but the deployment target is macOS 15.0.0
  198 |         strchrnul(const char *__s, int __c);
      |         ^
/Users/swchen.tw/git/percepio/poc/.tools/qemu-time-control/qemu-9.2.0/include/qemu/cutils.h:144:12: note: enclose 'strchrnul' in a __builtin_available check to silence this warning
  144 |     return strchrnul(s, c);
      |            ^~~~~~~~~       
1 warning generated.
[861/1426] Compiling C object libblock.a.p/block_snapshot.c.o
[862/1426] Compiling C object libblock.a.p/block_throttle.c.o
[863/1426] Compiling C object libblock.a.p/block_write-threshold.c.o
[864/1426] Compiling C object libblock.a.p/block_throttle-groups.c.o
[865/1426] Compiling C object libblock.a.p/block_stream.c.o
[866/1426] Compiling C object libblock.a.p/block_monitor_bitmap-qmp-cmds.c.o
[867/1426] Compiling C object libblockdev.a.p/block_export_export.c.o
[868/1426] Compiling C object libblock.a.p/block_file-posix.c.o
In file included from ../qemu-9.2.0/block/file-posix.c:27:
/Users/swchen.tw/git/percepio/poc/.tools/qemu-time-control/qemu-9.2.0/include/qemu/cutils.h:144:12: warning: 'strchrnul' is only available on macOS 15.4 or newer [-Wunguarded-availability-new]
  144 |     return strchrnul(s, c);
      |            ^~~~~~~~~
/Library/Developer/CommandLineTools/SDKs/MacOSX.sdk/usr/include/_string.h:198:9: note: 'strchrnul' has been marked as being introduced in macOS 15.4 here, but the deployment target is macOS 15.0.0
  198 |         strchrnul(const char *__s, int __c);
      |         ^
/Users/swchen.tw/git/percepio/poc/.tools/qemu-time-control/qemu-9.2.0/include/qemu/cutils.h:144:12: note: enclose 'strchrnul' in a __builtin_available check to silence this warning
  144 |     return strchrnul(s, c);
      |            ^~~~~~~~~       
1 warning generated.
[869/1426] Compiling C object libblockdev.a.p/iothread.c.o
[870/1426] Compiling C object libblockdev.a.p/blockdev-nbd.c.o
[871/1426] Compiling C object libblockdev.a.p/nbd_server.c.o
[872/1426] Compiling C object libblockdev.a.p/os-posix.c.o
In file included from ../qemu-9.2.0/os-posix.c:36:
/Users/swchen.tw/git/percepio/poc/.tools/qemu-time-control/qemu-9.2.0/include/qemu/cutils.h:144:12: warning: 'strchrnul' is only available on macOS 15.4 or newer [-Wunguarded-availability-new]
  144 |     return strchrnul(s, c);
      |            ^~~~~~~~~
/Library/Developer/CommandLineTools/SDKs/MacOSX.sdk/usr/include/_string.h:198:9: note: 'strchrnul' has been marked as being introduced in macOS 15.4 here, but the deployment target is macOS 15.0.0
  198 |         strchrnul(const char *__s, int __c);
      |         ^
/Users/swchen.tw/git/percepio/poc/.tools/qemu-time-control/qemu-9.2.0/include/qemu/cutils.h:144:12: note: enclose 'strchrnul' in a __builtin_available check to silence this warning
  144 |     return strchrnul(s, c);
      |            ^~~~~~~~~       
1 warning generated.
[873/1426] Compiling C object libblockdev.a.p/job-qmp.c.o
[874/1426] Compiling C object libblockdev.a.p/blockdev.c.o
In file included from ../qemu-9.2.0/blockdev.c:62:
/Users/swchen.tw/git/percepio/poc/.tools/qemu-time-control/qemu-9.2.0/include/qemu/cutils.h:144:12: warning: 'strchrnul' is only available on macOS 15.4 or newer [-Wunguarded-availability-new]
  144 |     return strchrnul(s, c);
      |            ^~~~~~~~~
/Library/Developer/CommandLineTools/SDKs/MacOSX.sdk/usr/include/_string.h:198:9: note: 'strchrnul' has been marked as being introduced in macOS 15.4 here, but the deployment target is macOS 15.0.0
  198 |         strchrnul(const char *__s, int __c);
      |         ^
/Users/swchen.tw/git/percepio/poc/.tools/qemu-time-control/qemu-9.2.0/include/qemu/cutils.h:144:12: note: enclose 'strchrnul' in a __builtin_available check to silence this warning
  144 |     return strchrnul(s, c);
      |            ^~~~~~~~~       
1 warning generated.
[875/1426] Compiling C object libqmp.a.p/qom_qom-qmp-cmds.c.o
In file included from ../qemu-9.2.0/qom/qom-qmp-cmds.c:27:
/Users/swchen.tw/git/percepio/poc/.tools/qemu-time-control/qemu-9.2.0/include/qemu/cutils.h:144:12: warning: 'strchrnul' is only available on macOS 15.4 or newer [-Wunguarded-availability-new]
  144 |     return strchrnul(s, c);
      |            ^~~~~~~~~
/Library/Developer/CommandLineTools/SDKs/MacOSX.sdk/usr/include/_string.h:198:9: note: 'strchrnul' has been marked as being introduced in macOS 15.4 here, but the deployment target is macOS 15.0.0
  198 |         strchrnul(const char *__s, int __c);
      |         ^
/Users/swchen.tw/git/percepio/poc/.tools/qemu-time-control/qemu-9.2.0/include/qemu/cutils.h:144:12: note: enclose 'strchrnul' in a __builtin_available check to silence this warning
  144 |     return strchrnul(s, c);
      |            ^~~~~~~~~       
1 warning generated.
[876/1426] Compiling C object libqmp.a.p/monitor_qmp-cmds-control.c.o
[877/1426] Compiling C object libqmp.a.p/monitor_qmp.c.o
[878/1426] Compiling C object libqmp.a.p/monitor_monitor.c.o
[879/1426] Compiling C object libchardev.a.p/chardev_char-fe.c.o
[880/1426] Compiling C object libchardev.a.p/chardev_char-file.c.o
[881/1426] Compiling C object libchardev.a.p/chardev_char-io.c.o
[882/1426] Compiling C object libchardev.a.p/chardev_char-null.c.o
[883/1426] Compiling C object libchardev.a.p/chardev_char-mux.c.o
[884/1426] Compiling C object libchardev.a.p/chardev_char-pipe.c.o
[885/1426] Compiling C object libchardev.a.p/chardev_char-ringbuf.c.o
[886/1426] Compiling C object libchardev.a.p/chardev_char-serial.c.o
[887/1426] Compiling C object libchardev.a.p/chardev_char-stdio.c.o
[888/1426] Compiling C object libchardev.a.p/chardev_char-udp.c.o
[889/1426] Compiling C object libchardev.a.p/chardev_char-socket.c.o
[890/1426] Compiling C object libchardev.a.p/chardev_char-fd.c.o
[891/1426] Compiling C object libchardev.a.p/chardev_char-parallel.c.o
[892/1426] Compiling C object libchardev.a.p/chardev_char.c.o
In file included from ../qemu-9.2.0/chardev/char.c:26:
/Users/swchen.tw/git/percepio/poc/.tools/qemu-time-control/qemu-9.2.0/include/qemu/cutils.h:144:12: warning: 'strchrnul' is only available on macOS 15.4 or newer [-Wunguarded-availability-new]
  144 |     return strchrnul(s, c);
      |            ^~~~~~~~~
/Library/Developer/CommandLineTools/SDKs/MacOSX.sdk/usr/include/_string.h:198:9: note: 'strchrnul' has been marked as being introduced in macOS 15.4 here, but the deployment target is macOS 15.0.0
  198 |         strchrnul(const char *__s, int __c);
      |         ^
/Users/swchen.tw/git/percepio/poc/.tools/qemu-time-control/qemu-9.2.0/include/qemu/cutils.h:144:12: note: enclose 'strchrnul' in a __builtin_available check to silence this warning
  144 |     return strchrnul(s, c);
      |            ^~~~~~~~~       
1 warning generated.
[893/1426] Compiling C object libchardev.a.p/chardev_char-pty.c.o
[894/1426] Compiling C object libhwcore.a.p/hw_core_bus.c.o
[895/1426] Compiling C object libhwcore.a.p/hw_core_qdev-properties.c.o
In file included from ../qemu-9.2.0/hw/core/qdev-properties.c:10:
/Users/swchen.tw/git/percepio/poc/.tools/qemu-time-control/qemu-9.2.0/include/qemu/cutils.h:144:12: warning: 'strchrnul' is only available on macOS 15.4 or newer [-Wunguarded-availability-new]
  144 |     return strchrnul(s, c);
      |            ^~~~~~~~~
/Library/Developer/CommandLineTools/SDKs/MacOSX.sdk/usr/include/_string.h:198:9: note: 'strchrnul' has been marked as being introduced in macOS 15.4 here, but the deployment target is macOS 15.0.0
  198 |         strchrnul(const char *__s, int __c);
      |         ^
/Users/swchen.tw/git/percepio/poc/.tools/qemu-time-control/qemu-9.2.0/include/qemu/cutils.h:144:12: note: enclose 'strchrnul' in a __builtin_available check to silence this warning
  144 |     return strchrnul(s, c);
      |            ^~~~~~~~~       
1 warning generated.
[896/1426] Compiling C object libhwcore.a.p/hw_core_resetcontainer.c.o
[897/1426] Compiling C object libhwcore.a.p/hw_core_resettable.c.o
[898/1426] Compiling C object libhwcore.a.p/hw_core_qdev.c.o
[899/1426] Compiling C object libhwcore.a.p/hw_core_vmstate-if.c.o
[900/1426] Compiling C object libhwcore.a.p/hw_core_irq.c.o
[901/1426] Compiling C object libhwcore.a.p/hw_core_qdev-clock.c.o
[902/1426] Compiling C object libhwcore.a.p/hw_core_clock.c.o
In file included from ../qemu-9.2.0/hw/core/clock.c:15:
/Users/swchen.tw/git/percepio/poc/.tools/qemu-time-control/qemu-9.2.0/include/qemu/cutils.h:144:12: warning: 'strchrnul' is only available on macOS 15.4 or newer [-Wunguarded-availability-new]
  144 |     return strchrnul(s, c);
      |            ^~~~~~~~~
/Library/Developer/CommandLineTools/SDKs/MacOSX.sdk/usr/include/_string.h:198:9: note: 'strchrnul' has been marked as being introduced in macOS 15.4 here, but the deployment target is macOS 15.0.0
  198 |         strchrnul(const char *__s, int __c);
      |         ^
/Users/swchen.tw/git/percepio/poc/.tools/qemu-time-control/qemu-9.2.0/include/qemu/cutils.h:144:12: note: enclose 'strchrnul' in a __builtin_available check to silence this warning
  144 |     return strchrnul(s, c);
      |            ^~~~~~~~~       
1 warning generated.
[903/1426] Compiling C object libcommon.a.p/gdbstub_syscalls.c.o
[904/1426] Compiling C object libcommon.a.p/page-vary-common.c.o
[905/1426] Compiling C object libcommon.a.p/hw_core_cpu-common.c.o
[906/1426] Compiling C object libcommon.a.p/cpu-common.c.o
[907/1426] Compiling C object libcommon.a.p/hw_core_machine-smp.c.o
[908/1426] Compiling C object libcommon.a.p/disas_riscv-xthead.c.o
[909/1426] Compiling C object libcommon.a.p/disas_riscv-xventana.c.o
[910/1426] Compiling C object libcommon.a.p/disas_disas-host.c.o
[911/1426] Compiling C object libcommon.a.p/disas_disas-target.c.o
[912/1426] Compiling C object libcommon.a.p/disas_objdump.c.o
[913/1426] Compiling C object libcommon.a.p/disas_disas-common.c.o
[914/1426] Compiling C object libcommon.a.p/accel_tcg_cpu-exec-common.c.o
[915/1426] Compiling C object libcommon.a.p/trace_trace-hmp-cmds.c.o
[916/1426] Compiling C object libcommon.a.p/disas_riscv.c.o
[917/1426] Compiling C object libcommon.a.p/qom_qom-hmp-cmds.c.o
[918/1426] Compiling C object libcommon.a.p/ui_clipboard.c.o
[919/1426] Compiling C object libcommon.a.p/ui_cursor.c.o
[920/1426] Compiling C object libcommon.a.p/ui_dmabuf.c.o
[921/1426] Compiling C object libcommon.a.p/ui_input-keymap.c.o
[922/1426] Compiling C object libcommon.a.p/ui_input-legacy.c.o
[923/1426] Compiling C object libcommon.a.p/ui_console.c.o
[924/1426] Compiling C object libcommon.a.p/ui_kbd-state.c.o
[925/1426] Compiling C object libcommon.a.p/ui_input-barrier.c.o
In file included from ../qemu-9.2.0/ui/input-barrier.c:23:
/Users/swchen.tw/git/percepio/poc/.tools/qemu-time-control/qemu-9.2.0/include/qemu/cutils.h:144:12: warning: 'strchrnul' is only available on macOS 15.4 or newer [-Wunguarded-availability-new]
  144 |     return strchrnul(s, c);
      |            ^~~~~~~~~
/Library/Developer/CommandLineTools/SDKs/MacOSX.sdk/usr/include/_string.h:198:9: note: 'strchrnul' has been marked as being introduced in macOS 15.4 here, but the deployment target is macOS 15.0.0
  198 |         strchrnul(const char *__s, int __c);
      |         ^
/Users/swchen.tw/git/percepio/poc/.tools/qemu-time-control/qemu-9.2.0/include/qemu/cutils.h:144:12: note: enclose 'strchrnul' in a __builtin_available check to silence this warning
  144 |     return strchrnul(s, c);
      |            ^~~~~~~~~       
1 warning generated.
[926/1426] Compiling C object libcommon.a.p/ui_input.c.o
[927/1426] Compiling C object libcommon.a.p/ui_keymaps.c.o
[928/1426] Compiling C object libcommon.a.p/ui_qemu-pixman.c.o
[929/1426] Compiling C object libcommon.a.p/ui_ui-qmp-cmds.c.o
In file included from ../qemu-9.2.0/ui/ui-qmp-cmds.c:23:
/Users/swchen.tw/git/percepio/poc/.tools/qemu-time-control/qemu-9.2.0/include/qemu/cutils.h:144:12: warning: 'strchrnul' is only available on macOS 15.4 or newer [-Wunguarded-availability-new]
  144 |     return strchrnul(s, c);
      |            ^~~~~~~~~
/Library/Developer/CommandLineTools/SDKs/MacOSX.sdk/usr/include/_string.h:198:9: note: 'strchrnul' has been marked as being introduced in macOS 15.4 here, but the deployment target is macOS 15.0.0
  198 |         strchrnul(const char *__s, int __c);
      |         ^
/Users/swchen.tw/git/percepio/poc/.tools/qemu-time-control/qemu-9.2.0/include/qemu/cutils.h:144:12: note: enclose 'strchrnul' in a __builtin_available check to silence this warning
  144 |     return strchrnul(s, c);
      |            ^~~~~~~~~       
1 warning generated.
[930/1426] Compiling C object libcommon.a.p/ui_ui-hmp-cmds.c.o
In file included from ../qemu-9.2.0/ui/ui-hmp-cmds.c:25:
/Users/swchen.tw/git/percepio/poc/.tools/qemu-time-control/qemu-9.2.0/include/qemu/cutils.h:144:12: warning: 'strchrnul' is only available on macOS 15.4 or newer [-Wunguarded-availability-new]
  144 |     return strchrnul(s, c);
      |            ^~~~~~~~~
/Library/Developer/CommandLineTools/SDKs/MacOSX.sdk/usr/include/_string.h:198:9: note: 'strchrnul' has been marked as being introduced in macOS 15.4 here, but the deployment target is macOS 15.0.0
  198 |         strchrnul(const char *__s, int __c);
      |         ^
/Users/swchen.tw/git/percepio/poc/.tools/qemu-time-control/qemu-9.2.0/include/qemu/cutils.h:144:12: note: enclose 'strchrnul' in a __builtin_available check to silence this warning
  144 |     return strchrnul(s, c);
      |            ^~~~~~~~~       
1 warning generated.
[931/1426] Compiling C object libcommon.a.p/ui_util.c.o
[932/1426] Compiling C object libcommon.a.p/ui_console-vc-stubs.c.o
[933/1426] Compiling C object libcommon.a.p/ui_spice-module.c.o
[934/1426] Compiling C object libcommon.a.p/ui_vnc-stubs.c.o
[935/1426] Compiling C object libcommon.a.p/hw_acpi_ghes-stub.c.o
[936/1426] Compiling C object libcommon.a.p/hw_acpi_acpi_interface.c.o
[937/1426] Compiling C object libcommon.a.p/hw_acpi_pci-bridge-stub.c.o
[938/1426] Compiling C object libcommon.a.p/hw_acpi_bios-linker-loader.c.o
[939/1426] Compiling C object libcommon.a.p/hw_acpi_utils.c.o
[940/1426] Compiling C object libcommon.a.p/hw_acpi_core.c.o
[941/1426] Compiling C object libcommon.a.p/hw_acpi_acpi-mem-hotplug-stub.c.o
[942/1426] Compiling C object libcommon.a.p/hw_acpi_acpi-cpu-hotplug-stub.c.o
[943/1426] Compiling C object libcommon.a.p/hw_acpi_acpi-nvdimm-stub.c.o
[944/1426] Compiling C object libcommon.a.p/hw_acpi_aml-build.c.o
In file included from ../qemu-9.2.0/hw/acpi/aml-build.c:33:
/Users/swchen.tw/git/percepio/poc/.tools/qemu-time-control/qemu-9.2.0/include/qemu/cutils.h:144:12: warning: 'strchrnul' is only available on macOS 15.4 or newer [-Wunguarded-availability-new]
  144 |     return strchrnul(s, c);
      |            ^~~~~~~~~
/Library/Developer/CommandLineTools/SDKs/MacOSX.sdk/usr/include/_string.h:198:9: note: 'strchrnul' has been marked as being introduced in macOS 15.4 here, but the deployment target is macOS 15.0.0
  198 |         strchrnul(const char *__s, int __c);
      |         ^
/Users/swchen.tw/git/percepio/poc/.tools/qemu-time-control/qemu-9.2.0/include/qemu/cutils.h:144:12: note: enclose 'strchrnul' in a __builtin_available check to silence this warning
  144 |     return strchrnul(s, c);
      |            ^~~~~~~~~       
1 warning generated.
[945/1426] Compiling C object libcommon.a.p/hw_acpi_cxl-stub.c.o
[946/1426] Compiling C object libcommon.a.p/hw_acpi_acpi-pci-hotplug-stub.c.o
[947/1426] Compiling C object libcommon.a.p/hw_acpi_pci.c.o
[948/1426] Compiling C object libcommon.a.p/hw_acpi_ipmi-stub.c.o
[949/1426] Compiling C object libcommon.a.p/hw_acpi_acpi-x86-stub.c.o
[950/1426] Compiling C object libcommon.a.p/hw_acpi_acpi-qmp-cmds.c.o
[951/1426] Compiling C object libcommon.a.p/hw_acpi_erst.c.o
[952/1426] Compiling C object libcommon.a.p/hw_audio_soundhw.c.o
[953/1426] Compiling C object libcommon.a.p/hw_audio_es1370.c.o
In file included from ../qemu-9.2.0/hw/audio/es1370.c:33:
/Users/swchen.tw/git/percepio/poc/.tools/qemu-time-control/qemu-9.2.0/include/qemu/cutils.h:144:12: warning: 'strchrnul' is only available on macOS 15.4 or newer [-Wunguarded-availability-new]
  144 |     return strchrnul(s, c);
      |            ^~~~~~~~~
/Library/Developer/CommandLineTools/SDKs/MacOSX.sdk/usr/include/_string.h:198:9: note: 'strchrnul' has been marked as being introduced in macOS 15.4 here, but the deployment target is macOS 15.0.0
  198 |         strchrnul(const char *__s, int __c);
      |         ^
/Users/swchen.tw/git/percepio/poc/.tools/qemu-time-control/qemu-9.2.0/include/qemu/cutils.h:144:12: note: enclose 'strchrnul' in a __builtin_available check to silence this warning
  144 |     return strchrnul(s, c);
      |            ^~~~~~~~~       
1 warning generated.
[954/1426] Compiling C object libcommon.a.p/hw_audio_ac97.c.o
[955/1426] Compiling C object libcommon.a.p/hw_audio_intel-hda.c.o
[956/1426] Compiling C object libcommon.a.p/hw_audio_hda-codec.c.o
[957/1426] Compiling C object libcommon.a.p/hw_audio_virtio-snd-pci.c.o
[958/1426] Compiling C object libcommon.a.p/hw_block_block.c.o
[959/1426] Compiling C object libcommon.a.p/hw_audio_virtio-snd.c.o
[960/1426] Compiling C object libcommon.a.p/hw_block_cdrom.c.o
[961/1426] Compiling C object libcommon.a.p/hw_block_hd-geometry.c.o
[962/1426] Compiling C object libcommon.a.p/hw_block_m25p80_sfdp.c.o
[963/1426] Compiling C object libcommon.a.p/hw_char_cadence_uart.c.o
[964/1426] Compiling C object libcommon.a.p/hw_block_pflash_cfi01.c.o
[965/1426] Compiling C object libcommon.a.p/hw_block_m25p80.c.o
[966/1426] Compiling C object libcommon.a.p/hw_char_ibex_uart.c.o
[967/1426] Compiling C object libcommon.a.p/hw_char_ipoctal232.c.o
[968/1426] Compiling C object libcommon.a.p/hw_char_serial-mm.c.o
[969/1426] Compiling C object libcommon.a.p/hw_char_serial.c.o
[970/1426] Compiling C object libcommon.a.p/hw_char_serial-pci.c.o
[971/1426] Compiling C object libcommon.a.p/hw_char_serial-pci-multi.c.o
[972/1426] Compiling C object libcommon.a.p/hw_char_sifive_uart.c.o
[973/1426] Compiling C object libcommon.a.p/hw_char_virtio-console.c.o
[974/1426] Compiling C object libcommon.a.p/hw_char_riscv_htif.c.o
[975/1426] Compiling C object libcommon.a.p/hw_core_platform-bus.c.o
[976/1426] Compiling C object libcommon.a.p/hw_core_guest-loader.c.o
[977/1426] Compiling C object libcommon.a.p/hw_core_generic-loader.c.o
[978/1426] Compiling C object libcommon.a.p/hw_core_sysbus-fdt.c.o
[979/1426] Compiling C object libcommon.a.p/hw_core_cpu-sysemu.c.o
[980/1426] Compiling C object libcommon.a.p/hw_core_fw-path-provider.c.o
[981/1426] Compiling C object libcommon.a.p/hw_core_gpio.c.o
[982/1426] Compiling C object libcommon.a.p/hw_core_hotplug.c.o
[983/1426] Compiling C object libcommon.a.p/hw_core_machine-hmp-cmds.c.o
[984/1426] Compiling C object libcommon.a.p/hw_core_machine-qmp-cmds.c.o
[985/1426] Compiling C object libcommon.a.p/hw_core_nmi.c.o
[986/1426] Compiling C object libcommon.a.p/hw_core_machine.c.o
[987/1426] Compiling C object libcommon.a.p/hw_core_null-machine.c.o
[988/1426] Compiling C object libcommon.a.p/hw_core_qdev-fw.c.o
[989/1426] Compiling C object libcommon.a.p/hw_core_loader.c.o
In file included from ../qemu-9.2.0/hw/core/loader.c:63:
/Users/swchen.tw/git/percepio/poc/.tools/qemu-time-control/qemu-9.2.0/include/qemu/cutils.h:144:12: warning: 'strchrnul' is only available on macOS 15.4 or newer [-Wunguarded-availability-new]
  144 |     return strchrnul(s, c);
      |            ^~~~~~~~~
/Library/Developer/CommandLineTools/SDKs/MacOSX.sdk/usr/include/_string.h:198:9: note: 'strchrnul' has been marked as being introduced in macOS 15.4 here, but the deployment target is macOS 15.0.0
  198 |         strchrnul(const char *__s, int __c);
      |         ^
/Users/swchen.tw/git/percepio/poc/.tools/qemu-time-control/qemu-9.2.0/include/qemu/cutils.h:144:12: note: enclose 'strchrnul' in a __builtin_available check to silence this warning
  144 |     return strchrnul(s, c);
      |            ^~~~~~~~~       
1 warning generated.
[990/1426] Compiling C object libcommon.a.p/hw_core_qdev-hotplug.c.o
[991/1426] Compiling C object libcommon.a.p/hw_core_numa.c.o
In file included from ../qemu-9.2.0/hw/core/numa.c:42:
/Users/swchen.tw/git/percepio/poc/.tools/qemu-time-control/qemu-9.2.0/include/qemu/cutils.h:144:12: warning: 'strchrnul' is only available on macOS 15.4 or newer [-Wunguarded-availability-new]
  144 |     return strchrnul(s, c);
      |            ^~~~~~~~~
/Library/Developer/CommandLineTools/SDKs/MacOSX.sdk/usr/include/_string.h:198:9: note: 'strchrnul' has been marked as being introduced in macOS 15.4 here, but the deployment target is macOS 15.0.0
  198 |         strchrnul(const char *__s, int __c);
      |         ^
/Users/swchen.tw/git/percepio/poc/.tools/qemu-time-control/qemu-9.2.0/include/qemu/cutils.h:144:12: note: enclose 'strchrnul' in a __builtin_available check to silence this warning
  144 |     return strchrnul(s, c);
      |            ^~~~~~~~~       
1 warning generated.
[992/1426] Compiling C object libcommon.a.p/hw_core_reset.c.o
[993/1426] Compiling C object libcommon.a.p/hw_core_vm-change-state-handler.c.o
[994/1426] Compiling C object libcommon.a.p/hw_core_clock-vmstate.c.o
[995/1426] Compiling C object libcommon.a.p/hw_core_sysbus.c.o
[996/1426] Compiling C object libcommon.a.p/hw_core_qdev-properties-system.c.o
In file included from ../qemu-9.2.0/hw/core/qdev-properties-system.c:24:
/Users/swchen.tw/git/percepio/poc/.tools/qemu-time-control/qemu-9.2.0/include/qemu/cutils.h:144:12: warning: 'strchrnul' is only available on macOS 15.4 or newer [-Wunguarded-availability-new]
  144 |     return strchrnul(s, c);
      |            ^~~~~~~~~
/Library/Developer/CommandLineTools/SDKs/MacOSX.sdk/usr/include/_string.h:198:9: note: 'strchrnul' has been marked as being introduced in macOS 15.4 here, but the deployment target is macOS 15.0.0
  198 |         strchrnul(const char *__s, int __c);
      |         ^
/Users/swchen.tw/git/percepio/poc/.tools/qemu-time-control/qemu-9.2.0/include/qemu/cutils.h:144:12: note: enclose 'strchrnul' in a __builtin_available check to silence this warning
  144 |     return strchrnul(s, c);
      |            ^~~~~~~~~       
1 warning generated.
[997/1426] Compiling C object libcommon.a.p/hw_cpu_core.c.o
[998/1426] Compiling C object libcommon.a.p/hw_cpu_cluster.c.o
[999/1426] Compiling C object libcommon.a.p/hw_display_i2c-ddc.c.o
[1000/1426] Compiling C object libcommon.a.p/hw_cxl_cxl-host-stubs.c.o
[1001/1426] Compiling C object libcommon.a.p/hw_display_edid-region.c.o
[1002/1426] Compiling C object libcommon.a.p/hw_display_edid-generate.c.o
[1003/1426] Compiling C object libcommon.a.p/hw_display_ramfb.c.o
[1004/1426] Compiling C object libcommon.a.p/hw_display_ramfb-standalone.c.o
[1005/1426] Compiling C object libcommon.a.p/hw_display_vga-pci.c.o
[1006/1426] Compiling C object libcommon.a.p/hw_display_bochs-display.c.o
[1007/1426] Compiling C object libcommon.a.p/hw_display_virtio-dmabuf.c.o
[1008/1426] Compiling C object libcommon.a.p/hw_display_acpi-vga.c.o
[1009/1426] Compiling C object libcommon.a.p/hw_display_vga.c.o
[1010/1426] Compiling C object libcommon.a.p/hw_display_ati.c.o
[1011/1426] Compiling C object libcommon.a.p/hw_display_ati_2d.c.o
[1012/1426] Compiling C object libcommon.a.p/hw_display_ati_dbg.c.o
[1013/1426] Compiling C object libcommon.a.p/hw_gpio_sifive_gpio.c.o
[1014/1426] Compiling C object libcommon.a.p/hw_dma_sifive_pdma.c.o
[1015/1426] Compiling C object libcommon.a.p/hw_i2c_core.c.o
[1016/1426] Compiling C object libcommon.a.p/hw_i2c_bitbang_i2c.c.o
[1017/1426] Compiling C object libcommon.a.p/hw_ide_ich.c.o
[1018/1426] Compiling C object libcommon.a.p/hw_ide_ide-bus.c.o
[1019/1426] Compiling C object libcommon.a.p/hw_ide_cf.c.o
[1020/1426] Compiling C object libcommon.a.p/hw_ide_ahci.c.o
[1021/1426] Compiling C object libcommon.a.p/hw_ide_ide-dev.c.o
[1022/1426] Compiling C object libcommon.a.p/hw_ide_atapi.c.o
In file included from ../qemu-9.2.0/hw/ide/atapi.c:27:
/Users/swchen.tw/git/percepio/poc/.tools/qemu-time-control/qemu-9.2.0/include/qemu/cutils.h:144:12: warning: 'strchrnul' is only available on macOS 15.4 or newer [-Wunguarded-availability-new]
  144 |     return strchrnul(s, c);
      |            ^~~~~~~~~
/Library/Developer/CommandLineTools/SDKs/MacOSX.sdk/usr/include/_string.h:198:9: note: 'strchrnul' has been marked as being introduced in macOS 15.4 here, but the deployment target is macOS 15.0.0
  198 |         strchrnul(const char *__s, int __c);
      |         ^
/Users/swchen.tw/git/percepio/poc/.tools/qemu-time-control/qemu-9.2.0/include/qemu/cutils.h:144:12: note: enclose 'strchrnul' in a __builtin_available check to silence this warning
  144 |     return strchrnul(s, c);
      |            ^~~~~~~~~       
1 warning generated.
[1023/1426] Compiling C object libcommon.a.p/hw_input_hid.c.o
[1024/1426] Compiling C object libcommon.a.p/hw_ide_core.c.o
In file included from ../qemu-9.2.0/hw/ide/core.c:41:
/Users/swchen.tw/git/percepio/poc/.tools/qemu-time-control/qemu-9.2.0/include/qemu/cutils.h:144:12: warning: 'strchrnul' is only available on macOS 15.4 or newer [-Wunguarded-availability-new]
  144 |     return strchrnul(s, c);
      |            ^~~~~~~~~
/Library/Developer/CommandLineTools/SDKs/MacOSX.sdk/usr/include/_string.h:198:9: note: 'strchrnul' has been marked as being introduced in macOS 15.4 here, but the deployment target is macOS 15.0.0
  198 |         strchrnul(const char *__s, int __c);
      |         ^
/Users/swchen.tw/git/percepio/poc/.tools/qemu-time-control/qemu-9.2.0/include/qemu/cutils.h:144:12: note: enclose 'strchrnul' in a __builtin_available check to silence this warning
  144 |     return strchrnul(s, c);
      |            ^~~~~~~~~       
1 warning generated.
[1025/1426] Compiling C object libcommon.a.p/hw_input_virtio-input.c.o
[1026/1426] Compiling C object libcommon.a.p/hw_intc_intc.c.o
[1027/1426] Compiling C object libcommon.a.p/hw_input_virtio-input-hid.c.o
[1028/1426] Compiling C object libcommon.a.p/hw_intc_ioapic-stub.c.o
[1029/1426] Compiling C object libcommon.a.p/hw_ipack_ipack.c.o
[1030/1426] Compiling C object libcommon.a.p/hw_mem_cxl_type3_stubs.c.o
[1031/1426] Compiling C object libcommon.a.p/hw_mem_memory-device-stubs.c.o
[1032/1426] Compiling C object libcommon.a.p/hw_ipack_tpci200.c.o
[1033/1426] Compiling C object libcommon.a.p/hw_misc_edu.c.o
[1034/1426] Compiling C object libcommon.a.p/hw_misc_vmcoreinfo.c.o
[1035/1426] Compiling C object libcommon.a.p/hw_misc_pci-testdev.c.o
[1036/1426] Compiling C object libcommon.a.p/hw_misc_unimp.c.o
[1037/1426] Compiling C object libcommon.a.p/hw_display_cirrus_vga.c.o
[1038/1426] Compiling C object libcommon.a.p/hw_misc_pvpanic.c.o
[1039/1426] Compiling C object libcommon.a.p/hw_misc_sifive_test.c.o
[1040/1426] Compiling C object libcommon.a.p/hw_misc_sifive_e_prci.c.o
[1041/1426] Compiling C object libcommon.a.p/hw_misc_sifive_e_aon.c.o
[1042/1426] Compiling C object libcommon.a.p/hw_misc_sifive_u_prci.c.o
[1043/1426] Compiling C object libcommon.a.p/hw_misc_sifive_u_otp.c.o
[1044/1426] Compiling C object libcommon.a.p/hw_misc_i2c-echo.c.o
[1045/1426] Compiling C object libcommon.a.p/hw_misc_pvpanic-pci.c.o
[1046/1426] Compiling C object libcommon.a.p/hw_net_ne2000-pci.c.o
[1047/1426] Compiling C object libcommon.a.p/hw_net_ne2000.c.o
[1048/1426] Compiling C object libcommon.a.p/hw_net_pcnet-pci.c.o
[1049/1426] Compiling C object libcommon.a.p/hw_net_eepro100.c.o
[1050/1426] Compiling C object libcommon.a.p/hw_net_pcnet.c.o
[1051/1426] Compiling C object libcommon.a.p/hw_net_e1000x_common.c.o
[1052/1426] Compiling C object libcommon.a.p/hw_net_e1000.c.o
[1053/1426] Compiling C object libcommon.a.p/hw_net_net_tx_pkt.c.o
[1054/1426] Compiling C object libcommon.a.p/hw_net_net_rx_pkt.c.o
[1055/1426] Compiling C object libcommon.a.p/hw_net_e1000e.c.o
[1056/1426] Compiling C object libcommon.a.p/hw_net_igb.c.o
[1057/1426] Compiling C object libcommon.a.p/hw_net_igbvf.c.o
[1058/1426] Compiling C object libcommon.a.p/hw_net_rtl8139.c.o
[1059/1426] Compiling C object libcommon.a.p/hw_net_e1000e_core.c.o
[1060/1426] Compiling C object libcommon.a.p/hw_net_tulip.c.o
[1061/1426] Compiling C object libcommon.a.p/hw_net_vhost_net-stub.c.o
[1062/1426] Compiling C object libcommon.a.p/hw_net_igb_core.c.o
[1063/1426] Compiling C object libcommon.a.p/hw_net_cadence_gem.c.o
[1064/1426] Compiling C object libcommon.a.p/hw_net_vmxnet3.c.o
[1065/1426] Compiling C object libcommon.a.p/hw_net_rocker_rocker_fp.c.o
[1066/1426] Compiling C object libcommon.a.p/hw_net_rocker_rocker_desc.c.o
[1067/1426] Compiling C object libcommon.a.p/hw_net_rocker_rocker.c.o
[1068/1426] Compiling C object libcommon.a.p/hw_net_rocker_rocker_world.c.o
[1069/1426] Compiling C object libcommon.a.p/hw_net_rocker_rocker_of_dpa.c.o
[1070/1426] Compiling C object libcommon.a.p/hw_net_rocker_rocker-hmp-cmds.c.o
[1071/1426] Compiling C object libcommon.a.p/hw_net_can_can_sja1000.c.o
[1072/1426] Compiling C object libcommon.a.p/hw_net_can_can_kvaser_pci.c.o
[1073/1426] Compiling C object libcommon.a.p/hw_net_can_can_pcm3680_pci.c.o
[1074/1426] Compiling C object libcommon.a.p/hw_net_can_ctucan_core.c.o
[1075/1426] Compiling C object libcommon.a.p/hw_net_can_can_mioe3680_pci.c.o
[1076/1426] Compiling C object libcommon.a.p/hw_net_can_ctucan_pci.c.o
[1077/1426] Compiling C object libcommon.a.p/hw_nvme_subsys.c.o
[1078/1426] Compiling C object libcommon.a.p/hw_nvme_ns.c.o
In file included from ../qemu-9.2.0/hw/nvme/ns.c:17:
/Users/swchen.tw/git/percepio/poc/.tools/qemu-time-control/qemu-9.2.0/include/qemu/cutils.h:144:12: warning: 'strchrnul' is only available on macOS 15.4 or newer [-Wunguarded-availability-new]
  144 |     return strchrnul(s, c);
      |            ^~~~~~~~~
/Library/Developer/CommandLineTools/SDKs/MacOSX.sdk/usr/include/_string.h:198:9: note: 'strchrnul' has been marked as being introduced in macOS 15.4 here, but the deployment target is macOS 15.0.0
  198 |         strchrnul(const char *__s, int __c);
      |         ^
/Users/swchen.tw/git/percepio/poc/.tools/qemu-time-control/qemu-9.2.0/include/qemu/cutils.h:144:12: note: enclose 'strchrnul' in a __builtin_available check to silence this warning
  144 |     return strchrnul(s, c);
      |            ^~~~~~~~~       
1 warning generated.
[1079/1426] Compiling C object libcommon.a.p/hw_nvme_dif.c.o
[1080/1426] Compiling C object libcommon.a.p/hw_nvram_fw_cfg-interface.c.o
[1081/1426] Compiling C object libcommon.a.p/hw_nvme_nguid.c.o
[1082/1426] Compiling C object libcommon.a.p/hw_nvram_eeprom93xx.c.o
[1083/1426] Compiling C object libcommon.a.p/hw_nvram_fw_cfg.c.o
In file included from ../qemu-9.2.0/hw/nvram/fw_cfg.c:41:
/Users/swchen.tw/git/percepio/poc/.tools/qemu-time-control/qemu-9.2.0/include/qemu/cutils.h:144:12: warning: 'strchrnul' is only available on macOS 15.4 or newer [-Wunguarded-availability-new]
  144 |     return strchrnul(s, c);
      |            ^~~~~~~~~
/Library/Developer/CommandLineTools/SDKs/MacOSX.sdk/usr/include/_string.h:198:9: note: 'strchrnul' has been marked as being introduced in macOS 15.4 here, but the deployment target is macOS 15.0.0
  198 |         strchrnul(const char *__s, int __c);
      |         ^
/Users/swchen.tw/git/percepio/poc/.tools/qemu-time-control/qemu-9.2.0/include/qemu/cutils.h:144:12: note: enclose 'strchrnul' in a __builtin_available check to silence this warning
  144 |     return strchrnul(s, c);
      |            ^~~~~~~~~       
1 warning generated.
[1084/1426] Compiling C object libcommon.a.p/hw_pci_pcie_port.c.o
[1085/1426] Compiling C object libcommon.a.p/hw_pci_pcie_host.c.o
[1086/1426] Compiling C object libcommon.a.p/hw_pci_msi.c.o
[1087/1426] Compiling C object libcommon.a.p/hw_pci_msix.c.o
[1088/1426] Compiling C object libcommon.a.p/hw_pci_pci_bridge.c.o
[1089/1426] Compiling C object libcommon.a.p/hw_pci_pci_host.c.o
[1090/1426] Compiling C object libcommon.a.p/hw_pci_pci.c.o
In file included from ../qemu-9.2.0/hw/pci/pci.c:50:
/Users/swchen.tw/git/percepio/poc/.tools/qemu-time-control/qemu-9.2.0/include/qemu/cutils.h:144:12: warning: 'strchrnul' is only available on macOS 15.4 or newer [-Wunguarded-availability-new]
  144 |     return strchrnul(s, c);
      |            ^~~~~~~~~
/Library/Developer/CommandLineTools/SDKs/MacOSX.sdk/usr/include/_string.h:198:9: note: 'strchrnul' has been marked as being introduced in macOS 15.4 here, but the deployment target is macOS 15.0.0
  198 |         strchrnul(const char *__s, int __c);
      |         ^
/Users/swchen.tw/git/percepio/poc/.tools/qemu-time-control/qemu-9.2.0/include/qemu/cutils.h:144:12: note: enclose 'strchrnul' in a __builtin_available check to silence this warning
  144 |     return strchrnul(s, c);
      |            ^~~~~~~~~       
1 warning generated.
[1091/1426] Compiling C object libcommon.a.p/hw_pci_pci-hmp-cmds.c.o
In file included from ../qemu-9.2.0/hw/pci/pci-hmp-cmds.c:25:
/Users/swchen.tw/git/percepio/poc/.tools/qemu-time-control/qemu-9.2.0/include/qemu/cutils.h:144:12: warning: 'strchrnul' is only available on macOS 15.4 or newer [-Wunguarded-availability-new]
  144 |     return strchrnul(s, c);
      |            ^~~~~~~~~
/Library/Developer/CommandLineTools/SDKs/MacOSX.sdk/usr/include/_string.h:198:9: note: 'strchrnul' has been marked as being introduced in macOS 15.4 here, but the deployment target is macOS 15.0.0
  198 |         strchrnul(const char *__s, int __c);
      |         ^
/Users/swchen.tw/git/percepio/poc/.tools/qemu-time-control/qemu-9.2.0/include/qemu/cutils.h:144:12: note: enclose 'strchrnul' in a __builtin_available check to silence this warning
  144 |     return strchrnul(s, c);
      |            ^~~~~~~~~       
1 warning generated.
[1092/1426] Compiling C object libcommon.a.p/hw_pci_pci-qmp-cmds.c.o
[1093/1426] Compiling C object libcommon.a.p/hw_nvme_ctrl.c.o
In file included from ../qemu-9.2.0/hw/nvme/ctrl.c:197:
/Users/swchen.tw/git/percepio/poc/.tools/qemu-time-control/qemu-9.2.0/include/qemu/cutils.h:144:12: warning: 'strchrnul' is only available on macOS 15.4 or newer [-Wunguarded-availability-new]
  144 |     return strchrnul(s, c);
      |            ^~~~~~~~~
/Library/Developer/CommandLineTools/SDKs/MacOSX.sdk/usr/include/_string.h:198:9: note: 'strchrnul' has been marked as being introduced in macOS 15.4 here, but the deployment target is macOS 15.0.0
  198 |         strchrnul(const char *__s, int __c);
      |         ^
/Users/swchen.tw/git/percepio/poc/.tools/qemu-time-control/qemu-9.2.0/include/qemu/cutils.h:144:12: note: enclose 'strchrnul' in a __builtin_available check to silence this warning
  144 |     return strchrnul(s, c);
      |            ^~~~~~~~~       
1 warning generated.
[1094/1426] Compiling C object libcommon.a.p/hw_pci_pcie_sriov.c.o
[1095/1426] Compiling C object libcommon.a.p/hw_pci_slotid_cap.c.o
[1096/1426] Compiling C object libcommon.a.p/hw_pci_shpc.c.o
[1097/1426] Compiling C object libcommon.a.p/hw_pci_pcie.c.o
[1098/1426] Compiling C object libcommon.a.p/hw_pci_pcie_doe.c.o
[1099/1426] Compiling C object libcommon.a.p/hw_pci_pcie_aer.c.o
[1100/1426] Compiling C object libcommon.a.p/hw_pci-bridge_pci_bridge_dev.c.o
[1101/1426] Compiling C object libcommon.a.p/hw_pci-bridge_i82801b11.c.o
[1102/1426] Compiling C object libcommon.a.p/hw_pci-bridge_ioh3420.c.o
[1103/1426] Compiling C object libcommon.a.p/hw_pci-bridge_pcie_root_port.c.o
[1104/1426] Compiling C object libcommon.a.p/hw_pci-bridge_gen_pcie_root_port.c.o
[1105/1426] Compiling C object libcommon.a.p/hw_pci-bridge_pcie_pci_bridge.c.o
[1106/1426] Compiling C object libcommon.a.p/hw_pci-bridge_pci_expander_bridge_stubs.c.o
[1107/1426] Compiling C object libcommon.a.p/hw_pci-bridge_xio3130_upstream.c.o
[1108/1426] Compiling C object libcommon.a.p/hw_pci-bridge_xio3130_downstream.c.o
[1109/1426] Compiling C object libcommon.a.p/hw_scsi_emulation.c.o
[1110/1426] Compiling C object libcommon.a.p/hw_pci-host_gpex.c.o
[1111/1426] Compiling C object libcommon.a.p/hw_rtc_goldfish_rtc.c.o
In file included from ../qemu-9.2.0/hw/rtc/goldfish_rtc.c:32:
/Users/swchen.tw/git/percepio/poc/.tools/qemu-time-control/qemu-9.2.0/include/qemu/cutils.h:144:12: warning: 'strchrnul' is only available on macOS 15.4 or newer [-Wunguarded-availability-new]
  144 |     return strchrnul(s, c);
      |            ^~~~~~~~~
/Library/Developer/CommandLineTools/SDKs/MacOSX.sdk/usr/include/_string.h:198:9: note: 'strchrnul' has been marked as being introduced in macOS 15.4 here, but the deployment target is macOS 15.0.0
  198 |         strchrnul(const char *__s, int __c);
      |         ^
/Users/swchen.tw/git/percepio/poc/.tools/qemu-time-control/qemu-9.2.0/include/qemu/cutils.h:144:12: note: enclose 'strchrnul' in a __builtin_available check to silence this warning
  144 |     return strchrnul(s, c);
      |            ^~~~~~~~~       
1 warning generated.
[1112/1426] Compiling C object libcommon.a.p/hw_pci-host_gpex-acpi.c.o
[1113/1426] Compiling C object libcommon.a.p/hw_scsi_scsi-generic.c.o
[1114/1426] Compiling C object libcommon.a.p/hw_scsi_scsi-bus.c.o
In file included from ../qemu-9.2.0/hw/scsi/scsi-bus.c:18:
/Users/swchen.tw/git/percepio/poc/.tools/qemu-time-control/qemu-9.2.0/include/qemu/cutils.h:144:12: warning: 'strchrnul' is only available on macOS 15.4 or newer [-Wunguarded-availability-new]
  144 |     return strchrnul(s, c);
      |            ^~~~~~~~~
/Library/Developer/CommandLineTools/SDKs/MacOSX.sdk/usr/include/_string.h:198:9: note: 'strchrnul' has been marked as being introduced in macOS 15.4 here, but the deployment target is macOS 15.0.0
  198 |         strchrnul(const char *__s, int __c);
      |         ^
/Users/swchen.tw/git/percepio/poc/.tools/qemu-time-control/qemu-9.2.0/include/qemu/cutils.h:144:12: note: enclose 'strchrnul' in a __builtin_available check to silence this warning
  144 |     return strchrnul(s, c);
      |            ^~~~~~~~~       
1 warning generated.
[1115/1426] Compiling C object libcommon.a.p/hw_scsi_esp.c.o
[1116/1426] Compiling C object libcommon.a.p/hw_scsi_scsi-disk.c.o
In file included from ../qemu-9.2.0/hw/scsi/scsi-disk.c:43:
/Users/swchen.tw/git/percepio/poc/.tools/qemu-time-control/qemu-9.2.0/include/qemu/cutils.h:144:12: warning: 'strchrnul' is only available on macOS 15.4 or newer [-Wunguarded-availability-new]
  144 |     return strchrnul(s, c);
      |            ^~~~~~~~~
/Library/Developer/CommandLineTools/SDKs/MacOSX.sdk/usr/include/_string.h:198:9: note: 'strchrnul' has been marked as being introduced in macOS 15.4 here, but the deployment target is macOS 15.0.0
  198 |         strchrnul(const char *__s, int __c);
      |         ^
/Users/swchen.tw/git/percepio/poc/.tools/qemu-time-control/qemu-9.2.0/include/qemu/cutils.h:144:12: note: enclose 'strchrnul' in a __builtin_available check to silence this warning
  144 |     return strchrnul(s, c);
      |            ^~~~~~~~~       
1 warning generated.
[1117/1426] Compiling C object libcommon.a.p/hw_scsi_esp-pci.c.o
[1118/1426] Compiling C object libcommon.a.p/hw_scsi_mptconfig.c.o
[1119/1426] Compiling C object libcommon.a.p/hw_scsi_mptsas.c.o
[1120/1426] Compiling C object libcommon.a.p/hw_scsi_mptendian.c.o
[1121/1426] Compiling C object libcommon.a.p/hw_scsi_lsi53c895a.c.o
[1122/1426] Compiling C object libcommon.a.p/hw_scsi_megasas.c.o
[1123/1426] Compiling C object libcommon.a.p/hw_scsi_virtio-scsi-dataplane.c.o
[1124/1426] Compiling C object libcommon.a.p/hw_scsi_vmw_pvscsi.c.o
[1125/1426] Compiling C object libcommon.a.p/hw_sd_core.c.o
[1126/1426] Compiling C object libcommon.a.p/hw_sd_sdhci-pci.c.o
[1127/1426] Compiling C object libcommon.a.p/hw_sd_ssi-sd.c.o
[1128/1426] Compiling C object libcommon.a.p/hw_sd_sd.c.o
In file included from ../qemu-9.2.0/hw/sd/sd.c:37:
/Users/swchen.tw/git/percepio/poc/.tools/qemu-time-control/qemu-9.2.0/include/qemu/cutils.h:144:12: warning: 'strchrnul' is only available on macOS 15.4 or newer [-Wunguarded-availability-new]
  144 |     return strchrnul(s, c);
      |            ^~~~~~~~~
/Library/Developer/CommandLineTools/SDKs/MacOSX.sdk/usr/include/_string.h:198:9: note: 'strchrnul' has been marked as being introduced in macOS 15.4 here, but the deployment target is macOS 15.0.0
  198 |         strchrnul(const char *__s, int __c);
      |         ^
/Users/swchen.tw/git/percepio/poc/.tools/qemu-time-control/qemu-9.2.0/include/qemu/cutils.h:144:12: note: enclose 'strchrnul' in a __builtin_available check to silence this warning
  144 |     return strchrnul(s, c);
      |            ^~~~~~~~~       
1 warning generated.
[1129/1426] Compiling C object libcommon.a.p/hw_smbios_smbios_type_38-stub.c.o
[1130/1426] Compiling C object libcommon.a.p/hw_smbios_smbios_legacy_stub.c.o
[1131/1426] Compiling C object libcommon.a.p/hw_sd_sdhci.c.o
[1132/1426] Compiling C object libcommon.a.p/hw_ssi_sifive_spi.c.o
[1133/1426] Compiling C object libcommon.a.p/hw_ssi_ssi.c.o
[1134/1426] Compiling C object libcommon.a.p/hw_smbios_smbios.c.o
[1135/1426] Compiling C object libcommon.a.p/hw_ssi_ibex_spi_host.c.o
[1136/1426] Compiling C object libcommon.a.p/hw_timer_cadence_ttc.c.o
[1137/1426] Compiling C object libcommon.a.p/hw_timer_sifive_pwm.c.o
[1138/1426] Compiling C object libcommon.a.p/hw_ufs_lu.c.o
In file included from ../qemu-9.2.0/hw/ufs/lu.c:18:
/Users/swchen.tw/git/percepio/poc/.tools/qemu-time-control/qemu-9.2.0/include/qemu/cutils.h:144:12: warning: 'strchrnul' is only available on macOS 15.4 or newer [-Wunguarded-availability-new]
  144 |     return strchrnul(s, c);
      |            ^~~~~~~~~
/Library/Developer/CommandLineTools/SDKs/MacOSX.sdk/usr/include/_string.h:198:9: note: 'strchrnul' has been marked as being introduced in macOS 15.4 here, but the deployment target is macOS 15.0.0
  198 |         strchrnul(const char *__s, int __c);
      |         ^
/Users/swchen.tw/git/percepio/poc/.tools/qemu-time-control/qemu-9.2.0/include/qemu/cutils.h:144:12: note: enclose 'strchrnul' in a __builtin_available check to silence this warning
  144 |     return strchrnul(s, c);
      |            ^~~~~~~~~       
1 warning generated.
[1139/1426] Compiling C object libcommon.a.p/hw_usb_combined-packet.c.o
[1140/1426] Compiling C object libcommon.a.p/hw_usb_bus.c.o
In file included from ../qemu-9.2.0/hw/usb/bus.c:13:
/Users/swchen.tw/git/percepio/poc/.tools/qemu-time-control/qemu-9.2.0/include/qemu/cutils.h:144:12: warning: 'strchrnul' is only available on macOS 15.4 or newer [-Wunguarded-availability-new]
  144 |     return strchrnul(s, c);
      |            ^~~~~~~~~
/Library/Developer/CommandLineTools/SDKs/MacOSX.sdk/usr/include/_string.h:198:9: note: 'strchrnul' has been marked as being introduced in macOS 15.4 here, but the deployment target is macOS 15.0.0
  198 |         strchrnul(const char *__s, int __c);
      |         ^
/Users/swchen.tw/git/percepio/poc/.tools/qemu-time-control/qemu-9.2.0/include/qemu/cutils.h:144:12: note: enclose 'strchrnul' in a __builtin_available check to silence this warning
  144 |     return strchrnul(s, c);
      |            ^~~~~~~~~       
1 warning generated.
[1141/1426] Compiling C object libcommon.a.p/hw_ufs_ufs.c.o
[1142/1426] Compiling C object libcommon.a.p/hw_usb_desc-msos.c.o
[1143/1426] Compiling C object libcommon.a.p/hw_usb_core.c.o
[1144/1426] Compiling C object libcommon.a.p/hw_usb_desc.c.o
[1145/1426] Compiling C object libcommon.a.p/hw_usb_pcap.c.o
[1146/1426] Compiling C object libcommon.a.p/hw_usb_libhw.c.o
[1147/1426] Compiling C object libcommon.a.p/hw_usb_hcd-ohci-pci.c.o
[1148/1426] Compiling C object libcommon.a.p/hw_usb_hcd-uhci.c.o
[1149/1426] Compiling C object libcommon.a.p/hw_usb_hcd-ehci-pci.c.o
[1150/1426] Compiling C object libcommon.a.p/hw_usb_hcd-ohci.c.o
[1151/1426] Compiling C object libcommon.a.p/hw_usb_hcd-ehci.c.o
[1152/1426] Compiling C object libcommon.a.p/hw_usb_hcd-xhci-nec.c.o
[1153/1426] Compiling C object libcommon.a.p/hw_usb_hcd-xhci-pci.c.o
[1154/1426] Compiling C object libcommon.a.p/hw_usb_imx-usb-phy.c.o
[1155/1426] Compiling C object libcommon.a.p/hw_usb_dev-hid.c.o
[1156/1426] Compiling C object libcommon.a.p/hw_usb_dev-hub.c.o
[1157/1426] Compiling C object libcommon.a.p/hw_usb_dev-wacom.c.o
[1158/1426] Compiling C object libcommon.a.p/hw_usb_hcd-xhci.c.o
[1159/1426] Compiling C object libcommon.a.p/hw_usb_dev-storage-bot.c.o
[1160/1426] Compiling C object libcommon.a.p/hw_usb_dev-storage-classic.c.o
[1161/1426] Compiling C object libcommon.a.p/hw_usb_dev-storage.c.o
In file included from ../qemu-9.2.0/hw/usb/dev-storage.c:22:
/Users/swchen.tw/git/percepio/poc/.tools/qemu-time-control/qemu-9.2.0/include/qemu/cutils.h:144:12: warning: 'strchrnul' is only available on macOS 15.4 or newer [-Wunguarded-availability-new]
  144 |     return strchrnul(s, c);
      |            ^~~~~~~~~
/Library/Developer/CommandLineTools/SDKs/MacOSX.sdk/usr/include/_string.h:198:9: note: 'strchrnul' has been marked as being introduced in macOS 15.4 here, but the deployment target is macOS 15.0.0
  198 |         strchrnul(const char *__s, int __c);
      |         ^
/Users/swchen.tw/git/percepio/poc/.tools/qemu-time-control/qemu-9.2.0/include/qemu/cutils.h:144:12: note: enclose 'strchrnul' in a __builtin_available check to silence this warning
  144 |     return strchrnul(s, c);
      |            ^~~~~~~~~       
1 warning generated.
[1162/1426] Compiling C object libcommon.a.p/hw_usb_dev-audio.c.o
[1163/1426] Compiling C object libcommon.a.p/hw_usb_dev-uas.c.o
[1164/1426] Compiling C object libcommon.a.p/hw_usb_dev-network.c.o
In file included from ../qemu-9.2.0/hw/usb/dev-network.c:39:
/Users/swchen.tw/git/percepio/poc/.tools/qemu-time-control/qemu-9.2.0/include/qemu/cutils.h:144:12: warning: 'strchrnul' is only available on macOS 15.4 or newer [-Wunguarded-availability-new]
  144 |     return strchrnul(s, c);
      |            ^~~~~~~~~
/Library/Developer/CommandLineTools/SDKs/MacOSX.sdk/usr/include/_string.h:198:9: note: 'strchrnul' has been marked as being introduced in macOS 15.4 here, but the deployment target is macOS 15.0.0
  198 |         strchrnul(const char *__s, int __c);
      |         ^
/Users/swchen.tw/git/percepio/poc/.tools/qemu-time-control/qemu-9.2.0/include/qemu/cutils.h:144:12: note: enclose 'strchrnul' in a __builtin_available check to silence this warning
  144 |     return strchrnul(s, c);
      |            ^~~~~~~~~       
1 warning generated.
[1165/1426] Compiling C object libcommon.a.p/hw_usb_dev-serial.c.o
In file included from ../qemu-9.2.0/hw/usb/dev-serial.c:13:
/Users/swchen.tw/git/percepio/poc/.tools/qemu-time-control/qemu-9.2.0/include/qemu/cutils.h:144:12: warning: 'strchrnul' is only available on macOS 15.4 or newer [-Wunguarded-availability-new]
  144 |     return strchrnul(s, c);
      |            ^~~~~~~~~
/Library/Developer/CommandLineTools/SDKs/MacOSX.sdk/usr/include/_string.h:198:9: note: 'strchrnul' has been marked as being introduced in macOS 15.4 here, but the deployment target is macOS 15.0.0
  198 |         strchrnul(const char *__s, int __c);
      |         ^
/Users/swchen.tw/git/percepio/poc/.tools/qemu-time-control/qemu-9.2.0/include/qemu/cutils.h:144:12: note: enclose 'strchrnul' in a __builtin_available check to silence this warning
  144 |     return strchrnul(s, c);
      |            ^~~~~~~~~       
1 warning generated.
[1166/1426] Compiling C object libcommon.a.p/hw_usb_u2f.c.o
[1167/1426] Compiling C object libcommon.a.p/hw_usb_dev-smartcard-reader.c.o
In file included from ../qemu-9.2.0/hw/usb/dev-smartcard-reader.c:40:
/Users/swchen.tw/git/percepio/poc/.tools/qemu-time-control/qemu-9.2.0/include/qemu/cutils.h:144:12: warning: 'strchrnul' is only available on macOS 15.4 or newer [-Wunguarded-availability-new]
  144 |     return strchrnul(s, c);
      |            ^~~~~~~~~
/Library/Developer/CommandLineTools/SDKs/MacOSX.sdk/usr/include/_string.h:198:9: note: 'strchrnul' has been marked as being introduced in macOS 15.4 here, but the deployment target is macOS 15.0.0
  198 |         strchrnul(const char *__s, int __c);
      |         ^
/Users/swchen.tw/git/percepio/poc/.tools/qemu-time-control/qemu-9.2.0/include/qemu/cutils.h:144:12: note: enclose 'strchrnul' in a __builtin_available check to silence this warning
  144 |     return strchrnul(s, c);
      |            ^~~~~~~~~       
1 warning generated.
[1168/1426] Compiling C object libcommon.a.p/hw_virtio_virtio-bus.c.o
[1169/1426] Compiling C object libcommon.a.p/hw_virtio_virtio-mmio.c.o
[1170/1426] Compiling C object libcommon.a.p/hw_usb_dev-mtp.c.o
[1171/1426] Compiling C object libcommon.a.p/hw_virtio_virtio-crypto.c.o
[1172/1426] Compiling C object libcommon.a.p/hw_virtio_virtio-pci.c.o
[1173/1426] Compiling C object libcommon.a.p/hw_virtio_vhost-stub.c.o
[1174/1426] Compiling C object libcommon.a.p/hw_virtio_virtio-md-stubs.c.o
[1175/1426] Compiling C object libcommon.a.p/hw_virtio_virtio-acpi.c.o
[1176/1426] Compiling C object libcommon.a.p/hw_virtio_virtio-hmp-cmds.c.o
[1177/1426] Compiling C object libcommon.a.p/hw_watchdog_watchdog.c.o
[1178/1426] Compiling C object libcommon.a.p/hw_virtio_virtio-iommu.c.o
[1179/1426] Compiling C object libcommon.a.p/hw_watchdog_wdt_i6300esb.c.o
[1180/1426] Compiling C object libcommon.a.p/audio_audio-hmp-cmds.c.o
[1181/1426] Compiling C object libcommon.a.p/audio_noaudio.c.o
[1182/1426] Compiling C object libcommon.a.p/audio_wavaudio.c.o
[1183/1426] Compiling C object libcommon.a.p/audio_wavcapture.c.o
[1184/1426] Compiling C object libcommon.a.p/audio_mixeng.c.o
[1185/1426] Compiling C object libcommon.a.p/audio_audio.c.o
In file included from ../qemu-9.2.0/audio/audio.c:36:
/Users/swchen.tw/git/percepio/poc/.tools/qemu-time-control/qemu-9.2.0/include/qemu/cutils.h:144:12: warning: 'strchrnul' is only available on macOS 15.4 or newer [-Wunguarded-availability-new]
  144 |     return strchrnul(s, c);
      |            ^~~~~~~~~
/Library/Developer/CommandLineTools/SDKs/MacOSX.sdk/usr/include/_string.h:198:9: note: 'strchrnul' has been marked as being introduced in macOS 15.4 here, but the deployment target is macOS 15.0.0
  198 |         strchrnul(const char *__s, int __c);
      |         ^
/Users/swchen.tw/git/percepio/poc/.tools/qemu-time-control/qemu-9.2.0/include/qemu/cutils.h:144:12: note: enclose 'strchrnul' in a __builtin_available check to silence this warning
  144 |     return strchrnul(s, c);
      |            ^~~~~~~~~       
1 warning generated.
[1186/1426] Compiling C object libcommon.a.p/chardev_char-hmp-cmds.c.o
[1187/1426] Compiling C object libcommon.a.p/chardev_msmouse.c.o
[1188/1426] Compiling C object libcommon.a.p/chardev_wctablet.c.o
[1189/1426] Compiling C object libcommon.a.p/fsdev_qemu-fsdev-opts.c.o
[1190/1426] Compiling C object libcommon.a.p/chardev_testdev.c.o
[1191/1426] Compiling C object libcommon.a.p/fsdev_qemu-fsdev-throttle.c.o
[1192/1426] Compiling C object libcommon.a.p/fsdev_qemu-fsdev-dummy.c.o
[1193/1426] Compiling C object libcommon.a.p/dump_dump-hmp-cmds.c.o
[1194/1426] Compiling C object libcommon.a.p/block_blkreplay.c.o
[1195/1426] Compiling C object libcommon.a.p/block_block-ram-registrar.c.o
[1196/1426] Compiling C object libcommon.a.p/block_qapi-sysemu.c.o
[1197/1426] Compiling C object libcommon.a.p/system_balloon.c.o
[1198/1426] Compiling C object libcommon.a.p/dump_dump.c.o
In file included from ../qemu-9.2.0/dump/dump.c:15:
/Users/swchen.tw/git/percepio/poc/.tools/qemu-time-control/qemu-9.2.0/include/qemu/cutils.h:144:12: warning: 'strchrnul' is only available on macOS 15.4 or newer [-Wunguarded-availability-new]
  144 |     return strchrnul(s, c);
      |            ^~~~~~~~~
/Library/Developer/CommandLineTools/SDKs/MacOSX.sdk/usr/include/_string.h:198:9: note: 'strchrnul' has been marked as being introduced in macOS 15.4 here, but the deployment target is macOS 15.0.0
  198 |         strchrnul(const char *__s, int __c);
      |         ^
/Users/swchen.tw/git/percepio/poc/.tools/qemu-time-control/qemu-9.2.0/include/qemu/cutils.h:144:12: note: enclose 'strchrnul' in a __builtin_available check to silence this warning
  144 |     return strchrnul(s, c);
      |            ^~~~~~~~~       
1 warning generated.
[1199/1426] Compiling C object libcommon.a.p/block_monitor_block-hmp-cmds.c.o
In file included from ../qemu-9.2.0/block/monitor/block-hmp-cmds.c:50:
/Users/swchen.tw/git/percepio/poc/.tools/qemu-time-control/qemu-9.2.0/include/qemu/cutils.h:144:12: warning: 'strchrnul' is only available on macOS 15.4 or newer [-Wunguarded-availability-new]
  144 |     return strchrnul(s, c);
      |            ^~~~~~~~~
/Library/Developer/CommandLineTools/SDKs/MacOSX.sdk/usr/include/_string.h:198:9: note: 'strchrnul' has been marked as being introduced in macOS 15.4 here, but the deployment target is macOS 15.0.0
  198 |         strchrnul(const char *__s, int __c);
      |         ^
/Users/swchen.tw/git/percepio/poc/.tools/qemu-time-control/qemu-9.2.0/include/qemu/cutils.h:144:12: note: enclose 'strchrnul' in a __builtin_available check to silence this warning
  144 |     return strchrnul(s, c);
      |            ^~~~~~~~~       
1 warning generated.
[1200/1426] Compiling C object libcommon.a.p/system_bootdevice.c.o
[1201/1426] Compiling C object libcommon.a.p/system_cpu-timers.c.o
In file included from ../qemu-9.2.0/system/cpu-timers.c:26:
/Users/swchen.tw/git/percepio/poc/.tools/qemu-time-control/qemu-9.2.0/include/qemu/cutils.h:144:12: warning: 'strchrnul' is only available on macOS 15.4 or newer [-Wunguarded-availability-new]
  144 |     return strchrnul(s, c);
      |            ^~~~~~~~~
/Library/Developer/CommandLineTools/SDKs/MacOSX.sdk/usr/include/_string.h:198:9: note: 'strchrnul' has been marked as being introduced in macOS 15.4 here, but the deployment target is macOS 15.0.0
  198 |         strchrnul(const char *__s, int __c);
      |         ^
/Users/swchen.tw/git/percepio/poc/.tools/qemu-time-control/qemu-9.2.0/include/qemu/cutils.h:144:12: note: enclose 'strchrnul' in a __builtin_available check to silence this warning
  144 |     return strchrnul(s, c);
      |            ^~~~~~~~~       
1 warning generated.
[1202/1426] Compiling C object libcommon.a.p/system_datadir.c.o
In file included from ../qemu-9.2.0/system/datadir.c:27:
/Users/swchen.tw/git/percepio/poc/.tools/qemu-time-control/qemu-9.2.0/include/qemu/cutils.h:144:12: warning: 'strchrnul' is only available on macOS 15.4 or newer [-Wunguarded-availability-new]
  144 |     return strchrnul(s, c);
      |            ^~~~~~~~~
/Library/Developer/CommandLineTools/SDKs/MacOSX.sdk/usr/include/_string.h:198:9: note: 'strchrnul' has been marked as being introduced in macOS 15.4 here, but the deployment target is macOS 15.0.0
  198 |         strchrnul(const char *__s, int __c);
      |         ^
/Users/swchen.tw/git/percepio/poc/.tools/qemu-time-control/qemu-9.2.0/include/qemu/cutils.h:144:12: note: enclose 'strchrnul' in a __builtin_available check to silence this warning
  144 |     return strchrnul(s, c);
      |            ^~~~~~~~~       
1 warning generated.
[1203/1426] Compiling C object libcommon.a.p/system_cpus.c.o
[1204/1426] Compiling C object libcommon.a.p/system_globals.c.o
[1205/1426] Compiling C object libcommon.a.p/system_dma-helpers.c.o
[1206/1426] Compiling C object libcommon.a.p/system_memory_mapping.c.o
[1207/1426] Compiling C object libcommon.a.p/system_dirtylimit.c.o
[1208/1426] Compiling C object libcommon.a.p/system_runstate-action.c.o
[1209/1426] Compiling C object libcommon.a.p/system_rtc.c.o
In file included from ../qemu-9.2.0/system/rtc.c:26:
/Users/swchen.tw/git/percepio/poc/.tools/qemu-time-control/qemu-9.2.0/include/qemu/cutils.h:144:12: warning: 'strchrnul' is only available on macOS 15.4 or newer [-Wunguarded-availability-new]
  144 |     return strchrnul(s, c);
      |            ^~~~~~~~~
/Library/Developer/CommandLineTools/SDKs/MacOSX.sdk/usr/include/_string.h:198:9: note: 'strchrnul' has been marked as being introduced in macOS 15.4 here, but the deployment target is macOS 15.0.0
  198 |         strchrnul(const char *__s, int __c);
      |         ^
/Users/swchen.tw/git/percepio/poc/.tools/qemu-time-control/qemu-9.2.0/include/qemu/cutils.h:144:12: note: enclose 'strchrnul' in a __builtin_available check to silence this warning
  144 |     return strchrnul(s, c);
      |            ^~~~~~~~~       
1 warning generated.
[1210/1426] Compiling C object libcommon.a.p/system_runstate-hmp-cmds.c.o
[1211/1426] Compiling C object libcommon.a.p/system_qdev-monitor.c.o
In file included from ../qemu-9.2.0/system/qdev-monitor.c:42:
/Users/swchen.tw/git/percepio/poc/.tools/qemu-time-control/qemu-9.2.0/include/qemu/cutils.h:144:12: warning: 'strchrnul' is only available on macOS 15.4 or newer [-Wunguarded-availability-new]
  144 |     return strchrnul(s, c);
      |            ^~~~~~~~~
/Library/Developer/CommandLineTools/SDKs/MacOSX.sdk/usr/include/_string.h:198:9: note: 'strchrnul' has been marked as being introduced in macOS 15.4 here, but the deployment target is macOS 15.0.0
  198 |         strchrnul(const char *__s, int __c);
      |         ^
/Users/swchen.tw/git/percepio/poc/.tools/qemu-time-control/qemu-9.2.0/include/qemu/cutils.h:144:12: note: enclose 'strchrnul' in a __builtin_available check to silence this warning
  144 |     return strchrnul(s, c);
      |            ^~~~~~~~~       
1 warning generated.
[1212/1426] Compiling C object libcommon.a.p/system_qtest.c.o
In file included from ../qemu-9.2.0/system/qtest.c:31:
/Users/swchen.tw/git/percepio/poc/.tools/qemu-time-control/qemu-9.2.0/include/qemu/cutils.h:144:12: warning: 'strchrnul' is only available on macOS 15.4 or newer [-Wunguarded-availability-new]
  144 |     return strchrnul(s, c);
      |            ^~~~~~~~~
/Library/Developer/CommandLineTools/SDKs/MacOSX.sdk/usr/include/_string.h:198:9: note: 'strchrnul' has been marked as being introduced in macOS 15.4 here, but the deployment target is macOS 15.0.0
  198 |         strchrnul(const char *__s, int __c);
      |         ^
/Users/swchen.tw/git/percepio/poc/.tools/qemu-time-control/qemu-9.2.0/include/qemu/cutils.h:144:12: note: enclose 'strchrnul' in a __builtin_available check to silence this warning
  144 |     return strchrnul(s, c);
      |            ^~~~~~~~~       
1 warning generated.
[1213/1426] Compiling C object libcommon.a.p/system_runstate.c.o
[1214/1426] Compiling C object libcommon.a.p/system_tpm-hmp-cmds.c.o
[1215/1426] Compiling C object libcommon.a.p/system_device_tree.c.o
In file included from ../qemu-9.2.0/system/device_tree.c:24:
/Users/swchen.tw/git/percepio/poc/.tools/qemu-time-control/qemu-9.2.0/include/qemu/cutils.h:144:12: warning: 'strchrnul' is only available on macOS 15.4 or newer [-Wunguarded-availability-new]
  144 |     return strchrnul(s, c);
      |            ^~~~~~~~~
/Library/Developer/CommandLineTools/SDKs/MacOSX.sdk/usr/include/_string.h:198:9: note: 'strchrnul' has been marked as being introduced in macOS 15.4 here, but the deployment target is macOS 15.0.0
  198 |         strchrnul(const char *__s, int __c);
      |         ^
/Users/swchen.tw/git/percepio/poc/.tools/qemu-time-control/qemu-9.2.0/include/qemu/cutils.h:144:12: note: enclose 'strchrnul' in a __builtin_available check to silence this warning
  144 |     return strchrnul(s, c);
      |            ^~~~~~~~~       
1 warning generated.
[1216/1426] Compiling C object libcommon.a.p/backends_cryptodev-hmp-cmds.c.o
[1217/1426] Compiling C object libcommon.a.p/backends_cryptodev-builtin.c.o
[1218/1426] Compiling C object libcommon.a.p/backends_hostmem-ram.c.o
[1219/1426] Compiling C object libcommon.a.p/backends_cryptodev.c.o
[1220/1426] Compiling C object libcommon.a.p/backends_hostmem.c.o
In file included from ../qemu-9.2.0/backends/hostmem.c:23:
/Users/swchen.tw/git/percepio/poc/.tools/qemu-time-control/qemu-9.2.0/include/qemu/cutils.h:144:12: warning: 'strchrnul' is only available on macOS 15.4 or newer [-Wunguarded-availability-new]
  144 |     return strchrnul(s, c);
      |            ^~~~~~~~~
/Library/Developer/CommandLineTools/SDKs/MacOSX.sdk/usr/include/_string.h:198:9: note: 'strchrnul' has been marked as being introduced in macOS 15.4 here, but the deployment target is macOS 15.0.0
  198 |         strchrnul(const char *__s, int __c);
      |         ^
/Users/swchen.tw/git/percepio/poc/.tools/qemu-time-control/qemu-9.2.0/include/qemu/cutils.h:144:12: note: enclose 'strchrnul' in a __builtin_available check to silence this warning
  144 |     return strchrnul(s, c);
      |            ^~~~~~~~~       
1 warning generated.
[1221/1426] Compiling C object libcommon.a.p/system_vl.c.o
In file included from ../qemu-9.2.0/system/vl.c:38:
/Users/swchen.tw/git/percepio/poc/.tools/qemu-time-control/qemu-9.2.0/include/qemu/cutils.h:144:12: warning: 'strchrnul' is only available on macOS 15.4 or newer [-Wunguarded-availability-new]
  144 |     return strchrnul(s, c);
      |            ^~~~~~~~~
/Library/Developer/CommandLineTools/SDKs/MacOSX.sdk/usr/include/_string.h:198:9: note: 'strchrnul' has been marked as being introduced in macOS 15.4 here, but the deployment target is macOS 15.0.0
  198 |         strchrnul(const char *__s, int __c);
      |         ^
/Users/swchen.tw/git/percepio/poc/.tools/qemu-time-control/qemu-9.2.0/include/qemu/cutils.h:144:12: note: enclose 'strchrnul' in a __builtin_available check to silence this warning
  144 |     return strchrnul(s, c);
      |            ^~~~~~~~~       
1 warning generated.
[1222/1426] Compiling C object libcommon.a.p/backends_rng-builtin.c.o
[1223/1426] Compiling C object libcommon.a.p/backends_rng-egd.c.o
[1224/1426] Compiling C object libcommon.a.p/backends_confidential-guest-support.c.o
[1225/1426] Compiling C object libcommon.a.p/backends_rng.c.o
[1226/1426] Compiling C object libcommon.a.p/backends_rng-random.c.o
[1227/1426] Compiling C object libcommon.a.p/backends_hostmem-shm.c.o
[1228/1426] Compiling C object libcommon.a.p/backends_hostmem-file.c.o
[1229/1426] Compiling C object libcommon.a.p/backends_spdm-socket.c.o
[1230/1426] Compiling C object libcommon.a.p/backends_cryptodev-vhost.c.o
[1231/1426] Compiling C object libcommon.a.p/disas_disas-mon.c.o
[1232/1426] Compiling C object libcommon.a.p/migration_channel.c.o
[1233/1426] Compiling C object libcommon.a.p/migration_channel-block.c.o
[1234/1426] Compiling C object libcommon.a.p/migration_block-dirty-bitmap.c.o
In file included from ../qemu-9.2.0/migration/block-dirty-bitmap.c:75:
/Users/swchen.tw/git/percepio/poc/.tools/qemu-time-control/qemu-9.2.0/include/qemu/cutils.h:144:12: warning: 'strchrnul' is only available on macOS 15.4 or newer [-Wunguarded-availability-new]
  144 |     return strchrnul(s, c);
      |            ^~~~~~~~~
/Library/Developer/CommandLineTools/SDKs/MacOSX.sdk/usr/include/_string.h:198:9: note: 'strchrnul' has been marked as being introduced in macOS 15.4 here, but the deployment target is macOS 15.0.0
  198 |         strchrnul(const char *__s, int __c);
      |         ^
/Users/swchen.tw/git/percepio/poc/.tools/qemu-time-control/qemu-9.2.0/include/qemu/cutils.h:144:12: note: enclose 'strchrnul' in a __builtin_available check to silence this warning
  144 |     return strchrnul(s, c);
      |            ^~~~~~~~~       
1 warning generated.
[1235/1426] Compiling C object libcommon.a.p/migration_cpu-throttle.c.o
[1236/1426] Compiling C object libcommon.a.p/migration_exec.c.o
In file included from ../qemu-9.2.0/migration/exec.c:28:
/Users/swchen.tw/git/percepio/poc/.tools/qemu-time-control/qemu-9.2.0/include/qemu/cutils.h:144:12: warning: 'strchrnul' is only available on macOS 15.4 or newer [-Wunguarded-availability-new]
  144 |     return strchrnul(s, c);
      |            ^~~~~~~~~
/Library/Developer/CommandLineTools/SDKs/MacOSX.sdk/usr/include/_string.h:198:9: note: 'strchrnul' has been marked as being introduced in macOS 15.4 here, but the deployment target is macOS 15.0.0
  198 |         strchrnul(const char *__s, int __c);
      |         ^
/Users/swchen.tw/git/percepio/poc/.tools/qemu-time-control/qemu-9.2.0/include/qemu/cutils.h:144:12: note: enclose 'strchrnul' in a __builtin_available check to silence this warning
  144 |     return strchrnul(s, c);
      |            ^~~~~~~~~       
1 warning generated.
[1237/1426] Compiling C object libcommon.a.p/migration_file.c.o
In file included from ../qemu-9.2.0/migration/file.c:10:
/Users/swchen.tw/git/percepio/poc/.tools/qemu-time-control/qemu-9.2.0/include/qemu/cutils.h:144:12: warning: 'strchrnul' is only available on macOS 15.4 or newer [-Wunguarded-availability-new]
  144 |     return strchrnul(s, c);
      |            ^~~~~~~~~
/Library/Developer/CommandLineTools/SDKs/MacOSX.sdk/usr/include/_string.h:198:9: note: 'strchrnul' has been marked as being introduced in macOS 15.4 here, but the deployment target is macOS 15.0.0
  198 |         strchrnul(const char *__s, int __c);
      |         ^
/Users/swchen.tw/git/percepio/poc/.tools/qemu-time-control/qemu-9.2.0/include/qemu/cutils.h:144:12: note: enclose 'strchrnul' in a __builtin_available check to silence this warning
  144 |     return strchrnul(s, c);
      |            ^~~~~~~~~       
1 warning generated.
[1238/1426] Compiling C object libcommon.a.p/migration_dirtyrate.c.o
[1239/1426] Compiling C object libcommon.a.p/migration_fd.c.o
[1240/1426] Compiling C object libcommon.a.p/migration_global_state.c.o
In file included from ../qemu-9.2.0/migration/global_state.c:14:
/Users/swchen.tw/git/percepio/poc/.tools/qemu-time-control/qemu-9.2.0/include/qemu/cutils.h:144:12: warning: 'strchrnul' is only available on macOS 15.4 or newer [-Wunguarded-availability-new]
  144 |     return strchrnul(s, c);
      |            ^~~~~~~~~
/Library/Developer/CommandLineTools/SDKs/MacOSX.sdk/usr/include/_string.h:198:9: note: 'strchrnul' has been marked as being introduced in macOS 15.4 here, but the deployment target is macOS 15.0.0
  198 |         strchrnul(const char *__s, int __c);
      |         ^
/Users/swchen.tw/git/percepio/poc/.tools/qemu-time-control/qemu-9.2.0/include/qemu/cutils.h:144:12: note: enclose 'strchrnul' in a __builtin_available check to silence this warning
  144 |     return strchrnul(s, c);
      |            ^~~~~~~~~       
1 warning generated.
[1241/1426] Compiling C object libcommon.a.p/migration_multifd-nocomp.c.o
In file included from ../qemu-9.2.0/migration/multifd-nocomp.c:20:
/Users/swchen.tw/git/percepio/poc/.tools/qemu-time-control/qemu-9.2.0/include/qemu/cutils.h:144:12: warning: 'strchrnul' is only available on macOS 15.4 or newer [-Wunguarded-availability-new]
  144 |     return strchrnul(s, c);
      |            ^~~~~~~~~
/Library/Developer/CommandLineTools/SDKs/MacOSX.sdk/usr/include/_string.h:198:9: note: 'strchrnul' has been marked as being introduced in macOS 15.4 here, but the deployment target is macOS 15.0.0
  198 |         strchrnul(const char *__s, int __c);
      |         ^
/Users/swchen.tw/git/percepio/poc/.tools/qemu-time-control/qemu-9.2.0/include/qemu/cutils.h:144:12: note: enclose 'strchrnul' in a __builtin_available check to silence this warning
  144 |     return strchrnul(s, c);
      |            ^~~~~~~~~       
1 warning generated.
[1242/1426] Compiling C object libcommon.a.p/migration_migration-hmp-cmds.c.o
In file included from ../qemu-9.2.0/migration/migration-hmp-cmds.c:27:
/Users/swchen.tw/git/percepio/poc/.tools/qemu-time-control/qemu-9.2.0/include/qemu/cutils.h:144:12: warning: 'strchrnul' is only available on macOS 15.4 or newer [-Wunguarded-availability-new]
  144 |     return strchrnul(s, c);
      |            ^~~~~~~~~
/Library/Developer/CommandLineTools/SDKs/MacOSX.sdk/usr/include/_string.h:198:9: note: 'strchrnul' has been marked as being introduced in macOS 15.4 here, but the deployment target is macOS 15.0.0
  198 |         strchrnul(const char *__s, int __c);
      |         ^
/Users/swchen.tw/git/percepio/poc/.tools/qemu-time-control/qemu-9.2.0/include/qemu/cutils.h:144:12: note: enclose 'strchrnul' in a __builtin_available check to silence this warning
  144 |     return strchrnul(s, c);
      |            ^~~~~~~~~       
1 warning generated.
[1243/1426] Compiling C object libcommon.a.p/migration_multifd.c.o
In file included from ../qemu-9.2.0/migration/multifd.c:14:
/Users/swchen.tw/git/percepio/poc/.tools/qemu-time-control/qemu-9.2.0/include/qemu/cutils.h:144:12: warning: 'strchrnul' is only available on macOS 15.4 or newer [-Wunguarded-availability-new]
  144 |     return strchrnul(s, c);
      |            ^~~~~~~~~
/Library/Developer/CommandLineTools/SDKs/MacOSX.sdk/usr/include/_string.h:198:9: note: 'strchrnul' has been marked as being introduced in macOS 15.4 here, but the deployment target is macOS 15.0.0
  198 |         strchrnul(const char *__s, int __c);
      |         ^
/Users/swchen.tw/git/percepio/poc/.tools/qemu-time-control/qemu-9.2.0/include/qemu/cutils.h:144:12: note: enclose 'strchrnul' in a __builtin_available check to silence this warning
  144 |     return strchrnul(s, c);
      |            ^~~~~~~~~       
1 warning generated.
[1244/1426] Compiling C object libcommon.a.p/migration_multifd-zero-page.c.o
In file included from ../qemu-9.2.0/migration/multifd-zero-page.c:14:
/Users/swchen.tw/git/percepio/poc/.tools/qemu-time-control/qemu-9.2.0/include/qemu/cutils.h:144:12: warning: 'strchrnul' is only available on macOS 15.4 or newer [-Wunguarded-availability-new]
  144 |     return strchrnul(s, c);
      |            ^~~~~~~~~
/Library/Developer/CommandLineTools/SDKs/MacOSX.sdk/usr/include/_string.h:198:9: note: 'strchrnul' has been marked as being introduced in macOS 15.4 here, but the deployment target is macOS 15.0.0
  198 |         strchrnul(const char *__s, int __c);
      |         ^
/Users/swchen.tw/git/percepio/poc/.tools/qemu-time-control/qemu-9.2.0/include/qemu/cutils.h:144:12: note: enclose 'strchrnul' in a __builtin_available check to silence this warning
  144 |     return strchrnul(s, c);
      |            ^~~~~~~~~       
1 warning generated.
[1245/1426] Compiling C object libcommon.a.p/migration_multifd-zlib.c.o
[1246/1426] Compiling C object libcommon.a.p/migration_options.c.o
[1247/1426] Compiling C object libcommon.a.p/migration_migration.c.o
In file included from ../qemu-9.2.0/migration/migration.c:17:
/Users/swchen.tw/git/percepio/poc/.tools/qemu-time-control/qemu-9.2.0/include/qemu/cutils.h:144:12: warning: 'strchrnul' is only available on macOS 15.4 or newer [-Wunguarded-availability-new]
  144 |     return strchrnul(s, c);
      |            ^~~~~~~~~
/Library/Developer/CommandLineTools/SDKs/MacOSX.sdk/usr/include/_string.h:198:9: note: 'strchrnul' has been marked as being introduced in macOS 15.4 here, but the deployment target is macOS 15.0.0
  198 |         strchrnul(const char *__s, int __c);
      |         ^
/Users/swchen.tw/git/percepio/poc/.tools/qemu-time-control/qemu-9.2.0/include/qemu/cutils.h:144:12: note: enclose 'strchrnul' in a __builtin_available check to silence this warning
  144 |     return strchrnul(s, c);
      |            ^~~~~~~~~       
1 warning generated.
[1248/1426] Compiling C object libcommon.a.p/migration_postcopy-ram.c.o
[1249/1426] Compiling C object libcommon.a.p/migration_socket.c.o
In file included from ../qemu-9.2.0/migration/socket.c:18:
/Users/swchen.tw/git/percepio/poc/.tools/qemu-time-control/qemu-9.2.0/include/qemu/cutils.h:144:12: warning: 'strchrnul' is only available on macOS 15.4 or newer [-Wunguarded-availability-new]
  144 |     return strchrnul(s, c);
      |            ^~~~~~~~~
/Library/Developer/CommandLineTools/SDKs/MacOSX.sdk/usr/include/_string.h:198:9: note: 'strchrnul' has been marked as being introduced in macOS 15.4 here, but the deployment target is macOS 15.0.0
  198 |         strchrnul(const char *__s, int __c);
      |         ^
/Users/swchen.tw/git/percepio/poc/.tools/qemu-time-control/qemu-9.2.0/include/qemu/cutils.h:144:12: note: enclose 'strchrnul' in a __builtin_available check to silence this warning
  144 |     return strchrnul(s, c);
      |            ^~~~~~~~~       
1 warning generated.
[1250/1426] Compiling C object libcommon.a.p/migration_threadinfo.c.o
[1251/1426] Compiling C object libcommon.a.p/migration_tls.c.o
[1252/1426] Compiling C object libcommon.a.p/migration_colo-stubs.c.o
[1253/1426] Compiling C object libcommon.a.p/monitor_fds.c.o
In file included from ../qemu-9.2.0/monitor/fds.c:31:
/Users/swchen.tw/git/percepio/poc/.tools/qemu-time-control/qemu-9.2.0/include/qemu/cutils.h:144:12: warning: 'strchrnul' is only available on macOS 15.4 or newer [-Wunguarded-availability-new]
  144 |     return strchrnul(s, c);
      |            ^~~~~~~~~
/Library/Developer/CommandLineTools/SDKs/MacOSX.sdk/usr/include/_string.h:198:9: note: 'strchrnul' has been marked as being introduced in macOS 15.4 here, but the deployment target is macOS 15.0.0
  198 |         strchrnul(const char *__s, int __c);
      |         ^
/Users/swchen.tw/git/percepio/poc/.tools/qemu-time-control/qemu-9.2.0/include/qemu/cutils.h:144:12: note: enclose 'strchrnul' in a __builtin_available check to silence this warning
  144 |     return strchrnul(s, c);
      |            ^~~~~~~~~       
1 warning generated.
[1254/1426] Compiling C object libcommon.a.p/monitor_hmp-cmds.c.o
In file included from ../qemu-9.2.0/monitor/hmp-cmds.c:29:
/Users/swchen.tw/git/percepio/poc/.tools/qemu-time-control/qemu-9.2.0/include/qemu/cutils.h:144:12: warning: 'strchrnul' is only available on macOS 15.4 or newer [-Wunguarded-availability-new]
  144 |     return strchrnul(s, c);
      |            ^~~~~~~~~
/Library/Developer/CommandLineTools/SDKs/MacOSX.sdk/usr/include/_string.h:198:9: note: 'strchrnul' has been marked as being introduced in macOS 15.4 here, but the deployment target is macOS 15.0.0
  198 |         strchrnul(const char *__s, int __c);
      |         ^
/Users/swchen.tw/git/percepio/poc/.tools/qemu-time-control/qemu-9.2.0/include/qemu/cutils.h:144:12: note: enclose 'strchrnul' in a __builtin_available check to silence this warning
  144 |     return strchrnul(s, c);
      |            ^~~~~~~~~       
1 warning generated.
[1255/1426] Compiling C object libcommon.a.p/migration_savevm.c.o
In file included from ../qemu-9.2.0/migration/savevm.c:57:
/Users/swchen.tw/git/percepio/poc/.tools/qemu-time-control/qemu-9.2.0/include/qemu/cutils.h:144:12: warning: 'strchrnul' is only available on macOS 15.4 or newer [-Wunguarded-availability-new]
  144 |     return strchrnul(s, c);
      |            ^~~~~~~~~
/Library/Developer/CommandLineTools/SDKs/MacOSX.sdk/usr/include/_string.h:198:9: note: 'strchrnul' has been marked as being introduced in macOS 15.4 here, but the deployment target is macOS 15.0.0
  198 |         strchrnul(const char *__s, int __c);
      |         ^
/Users/swchen.tw/git/percepio/poc/.tools/qemu-time-control/qemu-9.2.0/include/qemu/cutils.h:144:12: note: enclose 'strchrnul' in a __builtin_available check to silence this warning
  144 |     return strchrnul(s, c);
      |            ^~~~~~~~~       
1 warning generated.
[1256/1426] Compiling C object libcommon.a.p/monitor_qmp-cmds.c.o
[1257/1426] Compiling C object libcommon.a.p/monitor_qemu-config-qmp.c.o
[1258/1426] Compiling C object libcommon.a.p/net_announce.c.o
In file included from ../qemu-9.2.0/net/announce.c:10:
/Users/swchen.tw/git/percepio/poc/.tools/qemu-time-control/qemu-9.2.0/include/qemu/cutils.h:144:12: warning: 'strchrnul' is only available on macOS 15.4 or newer [-Wunguarded-availability-new]
  144 |     return strchrnul(s, c);
      |            ^~~~~~~~~
/Library/Developer/CommandLineTools/SDKs/MacOSX.sdk/usr/include/_string.h:198:9: note: 'strchrnul' has been marked as being introduced in macOS 15.4 here, but the deployment target is macOS 15.0.0
  198 |         strchrnul(const char *__s, int __c);
      |         ^
/Users/swchen.tw/git/percepio/poc/.tools/qemu-time-control/qemu-9.2.0/include/qemu/cutils.h:144:12: note: enclose 'strchrnul' in a __builtin_available check to silence this warning
  144 |     return strchrnul(s, c);
      |            ^~~~~~~~~       
1 warning generated.
[1259/1426] Compiling C object libcommon.a.p/monitor_hmp.c.o
In file included from ../qemu-9.2.0/monitor/hmp.c:34:
/Users/swchen.tw/git/percepio/poc/.tools/qemu-time-control/qemu-9.2.0/include/qemu/cutils.h:144:12: warning: 'strchrnul' is only available on macOS 15.4 or newer [-Wunguarded-availability-new]
  144 |     return strchrnul(s, c);
      |            ^~~~~~~~~
/Library/Developer/CommandLineTools/SDKs/MacOSX.sdk/usr/include/_string.h:198:9: note: 'strchrnul' has been marked as being introduced in macOS 15.4 here, but the deployment target is macOS 15.0.0
  198 |         strchrnul(const char *__s, int __c);
      |         ^
/Users/swchen.tw/git/percepio/poc/.tools/qemu-time-control/qemu-9.2.0/include/qemu/cutils.h:144:12: note: enclose 'strchrnul' in a __builtin_available check to silence this warning
  144 |     return strchrnul(s, c);
      |            ^~~~~~~~~       
1 warning generated.
[1260/1426] Compiling C object libcommon.a.p/net_dump.c.o
[1261/1426] Compiling C object libcommon.a.p/net_checksum.c.o
[1262/1426] Compiling C object libcommon.a.p/net_eth.c.o
[1263/1426] Compiling C object libcommon.a.p/net_filter-buffer.c.o
[1264/1426] Compiling C object libcommon.a.p/net_filter-mirror.c.o
[1265/1426] Compiling C object libcommon.a.p/net_filter.c.o
[1266/1426] Compiling C object libcommon.a.p/net_net-hmp-cmds.c.o
[1267/1426] Compiling C object libcommon.a.p/net_hub.c.o
[1268/1426] Compiling C object libcommon.a.p/net_queue.c.o
[1269/1426] Compiling C object libcommon.a.p/net_stream.c.o
In file included from ../qemu-9.2.0/net/stream.c:37:
/Users/swchen.tw/git/percepio/poc/.tools/qemu-time-control/qemu-9.2.0/include/qemu/cutils.h:144:12: warning: 'strchrnul' is only available on macOS 15.4 or newer [-Wunguarded-availability-new]
  144 |     return strchrnul(s, c);
      |            ^~~~~~~~~
/Library/Developer/CommandLineTools/SDKs/MacOSX.sdk/usr/include/_string.h:198:9: note: 'strchrnul' has been marked as being introduced in macOS 15.4 here, but the deployment target is macOS 15.0.0
  198 |         strchrnul(const char *__s, int __c);
      |         ^
/Users/swchen.tw/git/percepio/poc/.tools/qemu-time-control/qemu-9.2.0/include/qemu/cutils.h:144:12: note: enclose 'strchrnul' in a __builtin_available check to silence this warning
  144 |     return strchrnul(s, c);
      |            ^~~~~~~~~       
1 warning generated.
[1270/1426] Compiling C object libcommon.a.p/net_socket.c.o
[1271/1426] Compiling C object libcommon.a.p/net_util.c.o
[1272/1426] Compiling C object libcommon.a.p/net_colo-stubs.c.o
[1273/1426] Compiling C object libcommon.a.p/net_net.c.o
In file included from ../qemu-9.2.0/net/net.c:43:
/Users/swchen.tw/git/percepio/poc/.tools/qemu-time-control/qemu-9.2.0/include/qemu/cutils.h:144:12: warning: 'strchrnul' is only available on macOS 15.4 or newer [-Wunguarded-availability-new]
  144 |     return strchrnul(s, c);
      |            ^~~~~~~~~
/Library/Developer/CommandLineTools/SDKs/MacOSX.sdk/usr/include/_string.h:198:9: note: 'strchrnul' has been marked as being introduced in macOS 15.4 here, but the deployment target is macOS 15.0.0
  198 |         strchrnul(const char *__s, int __c);
      |         ^
/Users/swchen.tw/git/percepio/poc/.tools/qemu-time-control/qemu-9.2.0/include/qemu/cutils.h:144:12: note: enclose 'strchrnul' in a __builtin_available check to silence this warning
  144 |     return strchrnul(s, c);
      |            ^~~~~~~~~       
1 warning generated.
[1274/1426] Compiling C object libcommon.a.p/net_dgram.c.o
In file included from ../qemu-9.2.0/net/dgram.c:37:
/Users/swchen.tw/git/percepio/poc/.tools/qemu-time-control/qemu-9.2.0/include/qemu/cutils.h:144:12: warning: 'strchrnul' is only available on macOS 15.4 or newer [-Wunguarded-availability-new]
  144 |     return strchrnul(s, c);
      |            ^~~~~~~~~
/Library/Developer/CommandLineTools/SDKs/MacOSX.sdk/usr/include/_string.h:198:9: note: 'strchrnul' has been marked as being introduced in macOS 15.4 here, but the deployment target is macOS 15.0.0
  198 |         strchrnul(const char *__s, int __c);
      |         ^
/Users/swchen.tw/git/percepio/poc/.tools/qemu-time-control/qemu-9.2.0/include/qemu/cutils.h:144:12: note: enclose 'strchrnul' in a __builtin_available check to silence this warning
  144 |     return strchrnul(s, c);
      |            ^~~~~~~~~       
1 warning generated.
[1275/1426] Compiling C object libcommon.a.p/net_filter-replay.c.o
[1276/1426] Compiling C object libcommon.a.p/net_tap-bsd.c.o
In file included from ../qemu-9.2.0/net/tap-bsd.c:28:
/Users/swchen.tw/git/percepio/poc/.tools/qemu-time-control/qemu-9.2.0/include/qemu/cutils.h:144:12: warning: 'strchrnul' is only available on macOS 15.4 or newer [-Wunguarded-availability-new]
  144 |     return strchrnul(s, c);
      |            ^~~~~~~~~
/Library/Developer/CommandLineTools/SDKs/MacOSX.sdk/usr/include/_string.h:198:9: note: 'strchrnul' has been marked as being introduced in macOS 15.4 here, but the deployment target is macOS 15.0.0
  198 |         strchrnul(const char *__s, int __c);
      |         ^
/Users/swchen.tw/git/percepio/poc/.tools/qemu-time-control/qemu-9.2.0/include/qemu/cutils.h:144:12: note: enclose 'strchrnul' in a __builtin_available check to silence this warning
  144 |     return strchrnul(s, c);
      |            ^~~~~~~~~       
1 warning generated.
[1277/1426] Compiling C object libcommon.a.p/net_can_can_core.c.o
[1278/1426] Compiling C object libcommon.a.p/net_tap.c.o
In file included from ../qemu-9.2.0/net/tap.c:41:
/Users/swchen.tw/git/percepio/poc/.tools/qemu-time-control/qemu-9.2.0/include/qemu/cutils.h:144:12: warning: 'strchrnul' is only available on macOS 15.4 or newer [-Wunguarded-availability-new]
  144 |     return strchrnul(s, c);
      |            ^~~~~~~~~
/Library/Developer/CommandLineTools/SDKs/MacOSX.sdk/usr/include/_string.h:198:9: note: 'strchrnul' has been marked as being introduced in macOS 15.4 here, but the deployment target is macOS 15.0.0
  198 |         strchrnul(const char *__s, int __c);
      |         ^
/Users/swchen.tw/git/percepio/poc/.tools/qemu-time-control/qemu-9.2.0/include/qemu/cutils.h:144:12: note: enclose 'strchrnul' in a __builtin_available check to silence this warning
  144 |     return strchrnul(s, c);
      |            ^~~~~~~~~       
1 warning generated.
[1279/1426] Compiling C object libcommon.a.p/net_can_can_host.c.o
[1280/1426] Compiling C object libcommon.a.p/replay_replay.c.o
[1281/1426] Compiling C object libcommon.a.p/replay_replay-internal.c.o
[1282/1426] Compiling C object libcommon.a.p/replay_replay-time.c.o
[1283/1426] Compiling C object libcommon.a.p/replay_replay-events.c.o
[1284/1426] Compiling C object libcommon.a.p/replay_replay-input.c.o
[1285/1426] Compiling C object libcommon.a.p/replay_replay-char.c.o
[1286/1426] Compiling C object libcommon.a.p/replay_replay-snapshot.c.o
[1287/1426] Compiling C object libcommon.a.p/replay_replay-net.c.o
[1288/1426] Compiling C object libcommon.a.p/replay_replay-audio.c.o
[1289/1426] Compiling C object libcommon.a.p/replay_replay-random.c.o
[1290/1426] Compiling C object libcommon.a.p/stats_stats-qmp-cmds.c.o
[1291/1426] Compiling C object libcommon.a.p/replay_replay-debugging.c.o
[1292/1426] Compiling C object libcommon.a.p/stats_stats-hmp-cmds.c.o
In file included from ../qemu-9.2.0/stats/stats-hmp-cmds.c:12:
/Users/swchen.tw/git/percepio/poc/.tools/qemu-time-control/qemu-9.2.0/include/qemu/cutils.h:144:12: warning: 'strchrnul' is only available on macOS 15.4 or newer [-Wunguarded-availability-new]
  144 |     return strchrnul(s, c);
      |            ^~~~~~~~~
/Library/Developer/CommandLineTools/SDKs/MacOSX.sdk/usr/include/_string.h:198:9: note: 'strchrnul' has been marked as being introduced in macOS 15.4 here, but the deployment target is macOS 15.0.0
  198 |         strchrnul(const char *__s, int __c);
      |         ^
/Users/swchen.tw/git/percepio/poc/.tools/qemu-time-control/qemu-9.2.0/include/qemu/cutils.h:144:12: note: enclose 'strchrnul' in a __builtin_available check to silence this warning
  144 |     return strchrnul(s, c);
      |            ^~~~~~~~~       
1 warning generated.
[1293/1426] Compiling C object libcommon.a.p/accel_accel-system.c.o
[1294/1426] Compiling C object libcommon.a.p/accel_accel-blocker.c.o
[1295/1426] Compiling C object libcommon.a.p/accel_dummy-cpus.c.o
[1296/1426] Compiling C object libcommon.a.p/accel_tcg_icount-common.c.o
In file included from ../qemu-9.2.0/accel/tcg/icount-common.c:26:
/Users/swchen.tw/git/percepio/poc/.tools/qemu-time-control/qemu-9.2.0/include/qemu/cutils.h:144:12: warning: 'strchrnul' is only available on macOS 15.4 or newer [-Wunguarded-availability-new]
  144 |     return strchrnul(s, c);
      |            ^~~~~~~~~
/Library/Developer/CommandLineTools/SDKs/MacOSX.sdk/usr/include/_string.h:198:9: note: 'strchrnul' has been marked as being introduced in macOS 15.4 here, but the deployment target is macOS 15.0.0
  198 |         strchrnul(const char *__s, int __c);
      |         ^
/Users/swchen.tw/git/percepio/poc/.tools/qemu-time-control/qemu-9.2.0/include/qemu/cutils.h:144:12: note: enclose 'strchrnul' in a __builtin_available check to silence this warning
  144 |     return strchrnul(s, c);
      |            ^~~~~~~~~       
1 warning generated.
[1297/1426] Compiling C object libcommon.a.p/accel_tcg_monitor.c.o
[1298/1426] Compiling C object libcommon.a.p/ebpf_ebpf_rss-stub.c.o
[1299/1426] Compiling C object libcommon.a.p/hw_display_virtio-gpu-udmabuf-stubs.c.o
[1300/1426] Compiling C object libcommon.a.p/hw_display_virtio-gpu-base.c.o
[1301/1426] Compiling C object libcommon.a.p/hw_display_virtio-gpu-pci.c.o
[1302/1426] Compiling C object libqemu-riscv32-softmmu.a.p/meson-generated_.._riscv32-softmmu-gdbstub-xml.c.o
[1303/1426] Compiling C object libqemu-riscv32-softmmu.a.p/meson-generated_.._qapi_qapi-types-machine-target.c.o
[1304/1426] Compiling C object libcommon.a.p/hw_display_virtio-vga.c.o
[1305/1426] Compiling C object libqemu-riscv32-softmmu.a.p/meson-generated_.._qapi_qapi-visit-machine-target.c.o
[1306/1426] Compiling C object libqemu-riscv32-softmmu.a.p/meson-generated_.._qapi_qapi-events-machine-target.c.o
[1307/1426] Compiling C object libcommon.a.p/hw_display_virtio-gpu.c.o
[1308/1426] Compiling C object libqemu-riscv32-softmmu.a.p/meson-generated_.._qapi_qapi-commands-machine-target.c.o
[1309/1426] Compiling C object libqemu-riscv32-softmmu.a.p/meson-generated_.._qapi_qapi-types-misc-target.c.o
[1310/1426] Compiling C object libqemu-riscv32-softmmu.a.p/meson-generated_.._qapi_qapi-visit-misc-target.c.o
[1311/1426] Compiling C object libqemu-riscv32-softmmu.a.p/meson-generated_.._qapi_qapi-events-misc-target.c.o
[1312/1426] Compiling C object libqemu-riscv32-softmmu.a.p/meson-generated_.._qapi_qapi-commands-misc-target.c.o
[1313/1426] Compiling C object libqemu-riscv32-softmmu.a.p/meson-generated_.._qapi_qapi-types.c.o
[1314/1426] Compiling C object libqemu-riscv32-softmmu.a.p/meson-generated_.._qapi_qapi-visit.c.o
[1315/1426] Compiling C object libqemu-riscv32-softmmu.a.p/meson-generated_.._qapi_qapi-commands.c.o
[1316/1426] Compiling C object libqemu-riscv32-softmmu.a.p/meson-generated_.._qapi_qapi-introspect.c.o
[1317/1426] Compiling C object libqemu-riscv32-softmmu.a.p/meson-generated_.._qapi_qapi-emit-events.c.o
[1318/1426] Compiling C object libqemu-riscv32-softmmu.a.p/meson-generated_.._qapi_qapi-init-commands.c.o
[1319/1426] Compiling C object libqemu-riscv32-softmmu.a.p/meson-generated_.._qapi_qapi-events.c.o
[1320/1426] Compiling C object libqemu-riscv32-softmmu.a.p/target_riscv_arch_dump.c.o
[1321/1426] Compiling C object libqemu-riscv32-softmmu.a.p/target_riscv_monitor.c.o
[1322/1426] Compiling C object libqemu-riscv32-softmmu.a.p/target_riscv_pmp.c.o
[1323/1426] Compiling C object libqemu-riscv32-softmmu.a.p/target_riscv_debug.c.o
[1324/1426] Compiling C object libqemu-riscv32-softmmu.a.p/target_riscv_machine.c.o
[1325/1426] Compiling C object libqemu-riscv32-softmmu.a.p/target_riscv_th_csr.c.o
[1326/1426] Compiling C object libqemu-riscv32-softmmu.a.p/target_riscv_pmu.c.o
[1327/1426] Compiling C object libqemu-riscv32-softmmu.a.p/target_riscv_time_helper.c.o
[1328/1426] Compiling C object libqemu-riscv32-softmmu.a.p/target_riscv_riscv-qmp-cmds.c.o
[1329/1426] Compiling C object libqemu-riscv32-softmmu.a.p/hw_riscv_riscv_hart.c.o
[1330/1426] Compiling C object libqemu-riscv32-softmmu.a.p/hw_riscv_boot.c.o
[1331/1426] Compiling C object libqemu-riscv32-softmmu.a.p/hw_riscv_numa.c.o
[1332/1426] Compiling C object libqemu-riscv32-softmmu.a.p/hw_riscv_opentitan.c.o
In file included from ../qemu-9.2.0/hw/riscv/opentitan.c:22:
/Users/swchen.tw/git/percepio/poc/.tools/qemu-time-control/qemu-9.2.0/include/qemu/cutils.h:144:12: warning: 'strchrnul' is only available on macOS 15.4 or newer [-Wunguarded-availability-new]
  144 |     return strchrnul(s, c);
      |            ^~~~~~~~~
/Library/Developer/CommandLineTools/SDKs/MacOSX.sdk/usr/include/_string.h:198:9: note: 'strchrnul' has been marked as being introduced in macOS 15.4 here, but the deployment target is macOS 15.0.0
  198 |         strchrnul(const char *__s, int __c);
      |         ^
/Users/swchen.tw/git/percepio/poc/.tools/qemu-time-control/qemu-9.2.0/include/qemu/cutils.h:144:12: note: enclose 'strchrnul' in a __builtin_available check to silence this warning
  144 |     return strchrnul(s, c);
      |            ^~~~~~~~~       
1 warning generated.
[1333/1426] Compiling C object libqemu-riscv32-softmmu.a.p/hw_riscv_sifive_e.c.o
In file included from ../qemu-9.2.0/hw/riscv/sifive_e.c:32:
/Users/swchen.tw/git/percepio/poc/.tools/qemu-time-control/qemu-9.2.0/include/qemu/cutils.h:144:12: warning: 'strchrnul' is only available on macOS 15.4 or newer [-Wunguarded-availability-new]
  144 |     return strchrnul(s, c);
      |            ^~~~~~~~~
/Library/Developer/CommandLineTools/SDKs/MacOSX.sdk/usr/include/_string.h:198:9: note: 'strchrnul' has been marked as being introduced in macOS 15.4 here, but the deployment target is macOS 15.0.0
  198 |         strchrnul(const char *__s, int __c);
      |         ^
/Users/swchen.tw/git/percepio/poc/.tools/qemu-time-control/qemu-9.2.0/include/qemu/cutils.h:144:12: note: enclose 'strchrnul' in a __builtin_available check to silence this warning
  144 |     return strchrnul(s, c);
      |            ^~~~~~~~~       
1 warning generated.
[1334/1426] Compiling C object libqemu-riscv32-softmmu.a.p/hw_riscv_spike.c.o
[1335/1426] Compiling C object libqemu-riscv32-softmmu.a.p/hw_riscv_sifive_u.c.o
[1336/1426] Compiling C object libqemu-riscv32-softmmu.a.p/hw_riscv_virt-acpi-build.c.o
[1337/1426] Compiling C object libqemu-riscv32-softmmu.a.p/hw_riscv_virt.c.o
[1338/1426] Compiling C object libqemu-riscv32-softmmu.a.p/hw_riscv_riscv-iommu-pci.c.o
[1339/1426] Compiling C object libqemu-riscv32-softmmu.a.p/hw_riscv_riscv-iommu.c.o
[1340/1426] Compiling C object libqemu-riscv32-softmmu.a.p/target_riscv_cpu.c.o
[1341/1426] Compiling C object libqemu-riscv32-softmmu.a.p/target_riscv_cpu_helper.c.o
[1342/1426] Compiling C object libqemu-riscv32-softmmu.a.p/target_riscv_gdbstub.c.o
[1343/1426] Compiling C object libqemu-riscv32-softmmu.a.p/target_riscv_fpu_helper.c.o
[1344/1426] Compiling C object libqemu-riscv32-softmmu.a.p/target_riscv_csr.c.o
[1345/1426] Compiling C object libqemu-riscv32-softmmu.a.p/target_riscv_op_helper.c.o
[1346/1426] Compiling C object libqemu-riscv32-softmmu.a.p/target_riscv_vector_internals.c.o
[1347/1426] Compiling C object libqemu-riscv32-softmmu.a.p/target_riscv_bitmanip_helper.c.o
[1348/1426] Compiling C object libqemu-riscv32-softmmu.a.p/target_riscv_m128_helper.c.o
[1349/1426] Compiling C object libqemu-riscv32-softmmu.a.p/target_riscv_crypto_helper.c.o
[1350/1426] Compiling C object libqemu-riscv32-softmmu.a.p/target_riscv_zce_helper.c.o
[1351/1426] Compiling C object libqemu-riscv32-softmmu.a.p/target_riscv_tcg_tcg-cpu.c.o
[1352/1426] Compiling C object libqemu-riscv32-softmmu.a.p/trace_control-target.c.o
[1353/1426] Compiling C object libqemu-riscv32-softmmu.a.p/target_riscv_vcrypto_helper.c.o
[1354/1426] Compiling C object libqemu-riscv32-softmmu.a.p/hw_block_virtio-blk-common.c.o
[1355/1426] Compiling C object libqemu-riscv32-softmmu.a.p/hw_block_virtio-blk.c.o
[1356/1426] Compiling C object libqemu-riscv32-softmmu.a.p/hw_hyperv_hv-balloon-stub.c.o
[1357/1426] Compiling C object libqemu-riscv32-softmmu.a.p/hw_char_virtio-serial-bus.c.o
[1358/1426] Compiling C object libqemu-riscv32-softmmu.a.p/hw_intc_riscv_aclint.c.o
[1359/1426] Compiling C object libqemu-riscv32-softmmu.a.p/hw_intc_riscv_aplic.c.o
[1360/1426] Compiling C object libqemu-riscv32-softmmu.a.p/hw_intc_riscv_imsic.c.o
[1361/1426] Compiling C object libqemu-riscv32-softmmu.a.p/hw_intc_sifive_plic.c.o
[1362/1426] Compiling C object libqemu-riscv32-softmmu.a.p/hw_nvram_fw_cfg-acpi.c.o
[1363/1426] Compiling C object libqemu-riscv32-softmmu.a.p/hw_scsi_virtio-scsi.c.o
[1364/1426] Compiling C object libqemu-riscv32-softmmu.a.p/hw_net_virtio-net.c.o
[1365/1426] Compiling C object libqemu-riscv32-softmmu.a.p/hw_timer_ibex_timer.c.o
[1366/1426] Compiling C object libqemu-riscv32-softmmu.a.p/hw_virtio_virtio-config-io.c.o
[1367/1426] Compiling C object libqemu-riscv32-softmmu.a.p/hw_virtio_virtio-qmp.c.o
[1368/1426] Compiling C object libqemu-riscv32-softmmu.a.p/hw_virtio_virtio.c.o
[1369/1426] Compiling C object libqemu-riscv32-softmmu.a.p/hw_virtio_virtio-balloon.c.o
[1370/1426] Compiling C object libqemu-riscv32-softmmu.a.p/hw_virtio_virtio-rng.c.o
[1371/1426] Compiling C object libqemu-riscv32-softmmu.a.p/hw_virtio_virtio-crypto-pci.c.o
[1372/1426] Compiling C object libqemu-riscv32-softmmu.a.p/hw_virtio_virtio-input-pci.c.o
[1373/1426] Compiling C object libqemu-riscv32-softmmu.a.p/hw_virtio_virtio-rng-pci.c.o
[1374/1426] Compiling C object libqemu-riscv32-softmmu.a.p/hw_virtio_virtio-balloon-pci.c.o
[1375/1426] Compiling C object libqemu-riscv32-softmmu.a.p/hw_virtio_virtio-scsi-pci.c.o
[1376/1426] Compiling C object libqemu-riscv32-softmmu.a.p/hw_virtio_virtio-blk-pci.c.o
[1377/1426] Compiling C object libqemu-riscv32-softmmu.a.p/hw_virtio_virtio-net-pci.c.o
[1378/1426] Compiling C object libqemu-riscv32-softmmu.a.p/hw_virtio_virtio-serial-pci.c.o
[1379/1426] Compiling C object libqemu-riscv32-softmmu.a.p/hw_virtio_virtio-iommu-pci.c.o
[1380/1426] Compiling C object libqemu-riscv32-softmmu.a.p/hw_i386_kvm_xen-stubs.c.o
[1381/1426] Compiling C object libqemu-riscv32-softmmu.a.p/dump_win_dump.c.o
[1382/1426] Compiling C object libqemu-riscv32-softmmu.a.p/system_arch_init.c.o
[1383/1426] Compiling C object libqemu-riscv32-softmmu.a.p/cpu-target.c.o
[1384/1426] Compiling C object libqemu-riscv32-softmmu.a.p/target_riscv_translate.c.o
[1385/1426] Compiling C object libqemu-riscv32-softmmu.a.p/system_ioport.c.o
[1386/1426] Compiling C object libqemu-riscv32-softmmu.a.p/target_riscv_vector_helper.c.o
[1387/1426] Compiling C object libqemu-riscv32-softmmu.a.p/system_watchpoint.c.o
[1388/1426] Compiling C object libqemu-riscv32-softmmu.a.p/page-target.c.o
[1389/1426] Compiling C object libqemu-riscv32-softmmu.a.p/page-vary-target.c.o
[1390/1426] Compiling C object libqemu-riscv32-softmmu.a.p/migration_target.c.o
[1391/1426] Compiling C object libqemu-riscv32-softmmu.a.p/system_memory.c.o
[1392/1426] Compiling C object libqemu-riscv32-softmmu.a.p/monitor_hmp-cmds-target.c.o
[1393/1426] Compiling C object libqemu-riscv32-softmmu.a.p/system_physmem.c.o
In file included from ../qemu-9.2.0/system/physmem.c:24:
/Users/swchen.tw/git/percepio/poc/.tools/qemu-time-control/qemu-9.2.0/include/qemu/cutils.h:144:12: warning: 'strchrnul' is only available on macOS 15.4 or newer [-Wunguarded-availability-new]
  144 |     return strchrnul(s, c);
      |            ^~~~~~~~~
/Library/Developer/CommandLineTools/SDKs/MacOSX.sdk/usr/include/_string.h:198:9: note: 'strchrnul' has been marked as being introduced in macOS 15.4 here, but the deployment target is macOS 15.0.0
  198 |         strchrnul(const char *__s, int __c);
      |         ^
/Users/swchen.tw/git/percepio/poc/.tools/qemu-time-control/qemu-9.2.0/include/qemu/cutils.h:144:12: note: enclose 'strchrnul' in a __builtin_available check to silence this warning
  144 |     return strchrnul(s, c);
      |            ^~~~~~~~~       
1 warning generated.
[1394/1426] Compiling C object libqemu-riscv32-softmmu.a.p/semihosting_guestfd.c.o
[1395/1426] Compiling C object libqemu-riscv32-softmmu.a.p/monitor_hmp-target.c.o
In file included from ../qemu-9.2.0/monitor/hmp-target.c:37:
/Users/swchen.tw/git/percepio/poc/.tools/qemu-time-control/qemu-9.2.0/include/qemu/cutils.h:144:12: warning: 'strchrnul' is only available on macOS 15.4 or newer [-Wunguarded-availability-new]
  144 |     return strchrnul(s, c);
      |            ^~~~~~~~~
/Library/Developer/CommandLineTools/SDKs/MacOSX.sdk/usr/include/_string.h:198:9: note: 'strchrnul' has been marked as being introduced in macOS 15.4 here, but the deployment target is macOS 15.0.0
  198 |         strchrnul(const char *__s, int __c);
      |         ^
/Users/swchen.tw/git/percepio/poc/.tools/qemu-time-control/qemu-9.2.0/include/qemu/cutils.h:144:12: note: enclose 'strchrnul' in a __builtin_available check to silence this warning
  144 |     return strchrnul(s, c);
      |            ^~~~~~~~~       
1 warning generated.
[1396/1426] Compiling C object libqemu-riscv32-softmmu.a.p/migration_ram.c.o
In file included from ../qemu-9.2.0/migration/ram.c:30:
/Users/swchen.tw/git/percepio/poc/.tools/qemu-time-control/qemu-9.2.0/include/qemu/cutils.h:144:12: warning: 'strchrnul' is only available on macOS 15.4 or newer [-Wunguarded-availability-new]
  144 |     return strchrnul(s, c);
      |            ^~~~~~~~~
/Library/Developer/CommandLineTools/SDKs/MacOSX.sdk/usr/include/_string.h:198:9: note: 'strchrnul' has been marked as being introduced in macOS 15.4 here, but the deployment target is macOS 15.0.0
  198 |         strchrnul(const char *__s, int __c);
      |         ^
/Users/swchen.tw/git/percepio/poc/.tools/qemu-time-control/qemu-9.2.0/include/qemu/cutils.h:144:12: note: enclose 'strchrnul' in a __builtin_available check to silence this warning
  144 |     return strchrnul(s, c);
      |            ^~~~~~~~~       
1 warning generated.
[1397/1426] Compiling C object libqemu-riscv32-softmmu.a.p/semihosting_config.c.o
[1398/1426] Compiling C object libqemu-riscv32-softmmu.a.p/semihosting_syscalls.c.o
[1399/1426] Compiling C object libqemu-riscv32-softmmu.a.p/semihosting_console.c.o
[1400/1426] Compiling C object libqemu-riscv32-softmmu.a.p/semihosting_uaccess.c.o
[1401/1426] Compiling C object libqemu-riscv32-softmmu.a.p/accel_accel-target.c.o
[1402/1426] Compiling C object libqemu-riscv32-softmmu.a.p/semihosting_arm-compat-semi.c.o
In file included from ../qemu-9.2.0/semihosting/arm-compat-semi.c:49:
/Users/swchen.tw/git/percepio/poc/.tools/qemu-time-control/qemu-9.2.0/include/qemu/cutils.h:144:12: warning: 'strchrnul' is only available on macOS 15.4 or newer [-Wunguarded-availability-new]
  144 |     return strchrnul(s, c);
      |            ^~~~~~~~~
/Library/Developer/CommandLineTools/SDKs/MacOSX.sdk/usr/include/_string.h:198:9: note: 'strchrnul' has been marked as being introduced in macOS 15.4 here, but the deployment target is macOS 15.0.0
  198 |         strchrnul(const char *__s, int __c);
      |         ^
/Users/swchen.tw/git/percepio/poc/.tools/qemu-time-control/qemu-9.2.0/include/qemu/cutils.h:144:12: note: enclose 'strchrnul' in a __builtin_available check to silence this warning
  144 |     return strchrnul(s, c);
      |            ^~~~~~~~~       
1 warning generated.
[1403/1426] Compiling C object libqemu-riscv32-softmmu.a.p/accel_tcg_tcg-all.c.o
[1404/1426] Compiling C object libqemu-riscv32-softmmu.a.p/accel_tcg_cpu-exec.c.o
[1405/1426] Compiling C object libqemu-riscv32-softmmu.a.p/accel_tcg_tb-maint.c.o
[1406/1426] Compiling C object libqemu-riscv32-softmmu.a.p/accel_tcg_tcg-runtime.c.o
[1407/1426] Compiling C object libqemu-riscv32-softmmu.a.p/accel_tcg_translate-all.c.o
[1408/1426] Compiling C object libqemu-riscv32-softmmu.a.p/accel_tcg_translator.c.o
[1409/1426] Compiling C object libqemu-riscv32-softmmu.a.p/accel_tcg_plugin-gen.c.o
[1410/1426] Compiling C object libqemu-riscv32-softmmu.a.p/accel_tcg_watchpoint.c.o
[1411/1426] Compiling C object libqemu-riscv32-softmmu.a.p/accel_tcg_tcg-runtime-gvec.c.o
[1412/1426] Compiling C object libqemu-riscv32-softmmu.a.p/accel_stubs_xen-stub.c.o
[1413/1426] Compiling C object libqemu-riscv32-softmmu.a.p/accel_stubs_kvm-stub.c.o
[1414/1426] Compiling C object libqemu-riscv32-softmmu.a.p/plugins_loader.c.o
[1415/1426] Compiling C object libqemu-riscv32-softmmu.a.p/fpu_softfloat.c.o
[1416/1426] Compiling C object libqemu-riscv32-softmmu.a.p/plugins_core.c.o
[1417/1426] Compiling C object libqemu-riscv32-softmmu.a.p/plugins_api.c.o
[1418/1426] Compiling C object libqemu-riscv32-softmmu.a.p/accel_tcg_tcg-accel-ops.c.o
[1419/1426] Compiling C object libqemu-riscv32-softmmu.a.p/accel_tcg_tcg-accel-ops-mttcg.c.o
[1420/1426] Compiling C object libqemu-riscv32-softmmu.a.p/accel_tcg_tcg-accel-ops-icount.c.o
[1421/1426] Compiling C object libqemu-riscv32-softmmu.a.p/accel_qtest_qtest.c.o
[1422/1426] Compiling C object libqemu-riscv32-softmmu.a.p/accel_tcg_cputlb.c.o
[1423/1426] Compiling C object libqemu-riscv32-softmmu.a.p/accel_tcg_tcg-accel-ops-rr.c.o
[1424/1426] Compiling C object qemu-system-riscv32-unsigned.p/system_main.c.o
[1425/1426] Linking target qemu-system-riscv32-unsigned
[1426/1426] Generating qemu-system-riscv32 with a custom command
