address,size,operation
2148171456,4,R
2148171456,4,W
2148171712,4,R
2148171712,4,W
2148171968,4,R
2148171968,4,W
2148172224,4,R
2148172224,4,W
2148172480,4,R
2148172480,4,W
2148172736,4,R
2148172736,4,W
2148172992,4,R
2148172992,4,W
2148173248,4,R
2148173248,4,W
2148173504,4,R
2148173504,4,W
2148173760,4,R
2148173760,4,W
2148174016,4,R
2148174016,4,W
2148174272,4,R
2148174272,4,W
2148174528,4,R
2148174528,4,W
2148174784,4,R
2148174784,4,W
2148175040,4,R
2148175040,4,W
2148175296,4,R
2148175296,4,W
2148175552,4,R
2148175552,4,W
2148175808,4,R
2148175808,4,W
2148176064,4,R
2148176064,4,W
2148176320,4,R
2148176320,4,W
2148176576,4,R
2148176576,4,W
2148176832,4,R
2148176832,4,W
2148177088,4,R
2148177088,4,W
2148177344,4,R
2148177344,4,W
2148177600,4,R
2148177600,4,W
2148177856,4,R
2148177856,4,W
2148178112,4,R
2148178112,4,W
2148178368,4,R
2148178368,4,W
2148178624,4,R
2148178624,4,W
2148178880,4,R
2148178880,4,W
2148179136,4,R
2148179136,4,W
2148179392,4,R
2148179392,4,W
2148179648,4,R
2148179648,4,W
2148179904,4,R
2148179904,4,W
2148180160,4,R
2148180160,4,W
2148180416,4,R
2148180416,4,W
2148180672,4,R
2148180672,4,W
2148180928,4,R
2148180928,4,W
2148181184,4,R
2148181184,4,W
2148181440,4,R
2148181440,4,W
2148181696,4,R
2148181696,4,W
2148181952,4,R
2148181952,4,W
2148182208,4,R
2148182208,4,W
2148182464,4,R
2148182464,4,W
2148182720,4,R
2148182720,4,W
2148182976,4,R
2148182976,4,W
2148183232,4,R
2148183232,4,W
2148183488,4,R
2148183488,4,W
2148183744,4,R
2148183744,4,W
2148184000,4,R
2148184000,4,W
2148184256,4,R
2148184256,4,W
2148184512,4,R
2148184512,4,W
2148184768,4,R
2148184768,4,W
2148185024,4,R
2148185024,4,W
2148185280,4,R
2148185280,4,W
2148185536,4,R
2148185536,4,W
2148185792,4,R
2148185792,4,W
2148186048,4,R
2148186048,4,W
2148186304,4,R
2148186304,4,W
2148186560,4,R
2148186560,4,W
2148186816,4,R
2148186816,4,W
2148187072,4,R
2148187072,4,W
2148187328,4,R
2148187328,4,W
2148187584,4,R
2148187584,4,W
2148171460,4,R
2148171460,4,W
2148171716,4,R
2148171716,4,W
2148171972,4,R
2148171972,4,W
2148172228,4,R
2148172228,4,W
2148172484,4,R
2148172484,4,W
2148172740,4,R
2148172740,4,W
2148172996,4,R
2148172996,4,W
2148173252,4,R
2148173252,4,W
2148173508,4,R
2148173508,4,W
2148173764,4,R
2148173764,4,W
2148174020,4,R
2148174020,4,W
2148174276,4,R
2148174276,4,W
2148174532,4,R
2148174532,4,W
2148174788,4,R
2148174788,4,W
2148175044,4,R
2148175044,4,W
2148175300,4,R
2148175300,4,W
2148175556,4,R
2148175556,4,W
2148175812,4,R
2148175812,4,W
2148176068,4,R
2148176068,4,W
2148176324,4,R
2148176324,4,W
2148176580,4,R
2148176580,4,W
2148176836,4,R
2148176836,4,W
2148177092,4,R
2148177092,4,W
2148177348,4,R
2148177348,4,W
2148177604,4,R
2148177604,4,W
2148177860,4,R
2148177860,4,W
2148178116,4,R
2148178116,4,W
2148178372,4,R
2148178372,4,W
2148178628,4,R
2148178628,4,W
2148178884,4,R
2148178884,4,W
2148179140,4,R
2148179140,4,W
2148179396,4,R
2148179396,4,W
2148179652,4,R
2148179652,4,W
2148179908,4,R
2148179908,4,W
2148180164,4,R
2148180164,4,W
2148180420,4,R
2148180420,4,W
2148180676,4,R
2148180676,4,W
2148180932,4,R
2148180932,4,W
2148181188,4,R
2148181188,4,W
2148181444,4,R
2148181444,4,W
2148181700,4,R
2148181700,4,W
2148181956,4,R
2148181956,4,W
2148182212,4,R
2148182212,4,W
2148182468,4,R
2148182468,4,W
2148182724,4,R
2148182724,4,W
2148182980,4,R
2148182980,4,W
2148183236,4,R
2148183236,4,W
2148183492,4,R
2148183492,4,W
2148183748,4,R
2148183748,4,W
2148184004,4,R
2148184004,4,W
2148184260,4,R
2148184260,4,W
2148184516,4,R
2148184516,4,W
2148184772,4,R
2148184772,4,W
2148185028,4,R
2148185028,4,W
2148185284,4,R
2148185284,4,W
2148185540,4,R
2148185540,4,W
2148185796,4,R
2148185796,4,W
2148186052,4,R
2148186052,4,W
2148186308,4,R
2148186308,4,W
2148186564,4,R
2148186564,4,W
2148186820,4,R
2148186820,4,W
2148187076,4,R
2148187076,4,W
2148187332,4,R
2148187332,4,W
2148187588,4,R
2148187588,4,W
2148171464,4,R
2148171464,4,W
2148171720,4,R
2148171720,4,W
2148171976,4,R
2148171976,4,W
2148172232,4,R
2148172232,4,W
2148172488,4,R
2148172488,4,W
2148172744,4,R
2148172744,4,W
2148173000,4,R
2148173000,4,W
2148173256,4,R
2148173256,4,W
2148173512,4,R
2148173512,4,W
2148173768,4,R
2148173768,4,W
2148174024,4,R
2148174024,4,W
2148174280,4,R
2148174280,4,W
2148174536,4,R
2148174536,4,W
2148174792,4,R
2148174792,4,W
2148175048,4,R
2148175048,4,W
2148175304,4,R
2148175304,4,W
2148175560,4,R
2148175560,4,W
2148175816,4,R
2148175816,4,W
2148176072,4,R
2148176072,4,W
2148176328,4,R
2148176328,4,W
2148176584,4,R
2148176584,4,W
2148176840,4,R
2148176840,4,W
2148177096,4,R
2148177096,4,W
2148177352,4,R
2148177352,4,W
2148177608,4,R
2148177608,4,W
2148177864,4,R
2148177864,4,W
2148178120,4,R
2148178120,4,W
2148178376,4,R
2148178376,4,W
2148178632,4,R
2148178632,4,W
2148178888,4,R
2148178888,4,W
2148179144,4,R
2148179144,4,W
2148179400,4,R
2148179400,4,W
2148179656,4,R
2148179656,4,W
2148179912,4,R
2148179912,4,W
2148180168,4,R
2148180168,4,W
2148180424,4,R
2148180424,4,W
2148180680,4,R
2148180680,4,W
2148180936,4,R
2148180936,4,W
2148181192,4,R
2148181192,4,W
2148181448,4,R
2148181448,4,W
2148181704,4,R
2148181704,4,W
2148181960,4,R
2148181960,4,W
2148182216,4,R
2148182216,4,W
2148182472,4,R
2148182472,4,W
2148182728,4,R
2148182728,4,W
2148182984,4,R
2148182984,4,W
2148183240,4,R
2148183240,4,W
2148183496,4,R
2148183496,4,W
2148183752,4,R
2148183752,4,W
2148184008,4,R
2148184008,4,W
2148184264,4,R
2148184264,4,W
2148184520,4,R
2148184520,4,W
2148184776,4,R
2148184776,4,W
2148185032,4,R
2148185032,4,W
2148185288,4,R
2148185288,4,W
2148185544,4,R
2148185544,4,W
2148185800,4,R
2148185800,4,W
2148186056,4,R
2148186056,4,W
2148186312,4,R
2148186312,4,W
2148186568,4,R
2148186568,4,W
2148186824,4,R
2148186824,4,W
2148187080,4,R
2148187080,4,W
2148187336,4,R
2148187336,4,W
2148187592,4,R
2148187592,4,W
2148171468,4,R
2148171468,4,W
2148171724,4,R
2148171724,4,W
2148171980,4,R
2148171980,4,W
2148172236,4,R
2148172236,4,W
2148172492,4,R
2148172492,4,W
2148172748,4,R
2148172748,4,W
2148173004,4,R
2148173004,4,W
2148173260,4,R
2148173260,4,W
2148173516,4,R
2148173516,4,W
2148173772,4,R
2148173772,4,W
2148174028,4,R
2148174028,4,W
2148174284,4,R
2148174284,4,W
2148174540,4,R
2148174540,4,W
2148174796,4,R
2148174796,4,W
2148175052,4,R
2148175052,4,W
2148175308,4,R
2148175308,4,W
2148175564,4,R
2148175564,4,W
2148175820,4,R
2148175820,4,W
2148176076,4,R
2148176076,4,W
2148176332,4,R
2148176332,4,W
2148176588,4,R
2148176588,4,W
2148176844,4,R
2148176844,4,W
2148177100,4,R
2148177100,4,W
2148177356,4,R
2148177356,4,W
2148177612,4,R
2148177612,4,W
2148177868,4,R
2148177868,4,W
2148178124,4,R
2148178124,4,W
2148178380,4,R
2148178380,4,W
2148178636,4,R
2148178636,4,W
2148178892,4,R
2148178892,4,W
2148179148,4,R
2148179148,4,W
2148179404,4,R
2148179404,4,W
2148179660,4,R
2148179660,4,W
2148179916,4,R
2148179916,4,W
2148180172,4,R
2148180172,4,W
2148180428,4,R
2148180428,4,W
2148180684,4,R
2148180684,4,W
2148180940,4,R
2148180940,4,W
2148181196,4,R
2148181196,4,W
2148181452,4,R
2148181452,4,W
2148181708,4,R
2148181708,4,W
2148181964,4,R
2148181964,4,W
2148182220,4,R
2148182220,4,W
2148182476,4,R
2148182476,4,W
2148182732,4,R
2148182732,4,W
2148182988,4,R
2148182988,4,W
2148183244,4,R
2148183244,4,W
2148183500,4,R
2148183500,4,W
2148183756,4,R
2148183756,4,W
2148184012,4,R
2148184012,4,W
2148184268,4,R
2148184268,4,W
2148184524,4,R
2148184524,4,W
2148184780,4,R
2148184780,4,W
2148185036,4,R
2148185036,4,W
2148185292,4,R
2148185292,4,W
2148185548,4,R
2148185548,4,W
2148185804,4,R
2148185804,4,W
2148186060,4,R
2148186060,4,W
2148186316,4,R
2148186316,4,W
2148186572,4,R
2148186572,4,W
2148186828,4,R
2148186828,4,W
2148187084,4,R
2148187084,4,W
2148187340,4,R
2148187340,4,W
2148187596,4,R
2148187596,4,W
2148171472,4,R
2148171472,4,W
2148171728,4,R
2148171728,4,W
2148171984,4,R
2148171984,4,W
2148172240,4,R
2148172240,4,W
2148172496,4,R
2148172496,4,W
2148172752,4,R
2148172752,4,W
2148173008,4,R
2148173008,4,W
2148173264,4,R
2148173264,4,W
2148173520,4,R
2148173520,4,W
2148173776,4,R
2148173776,4,W
2148174032,4,R
2148174032,4,W
2148174288,4,R
2148174288,4,W
2148174544,4,R
2148174544,4,W
2148174800,4,R
2148174800,4,W
2148175056,4,R
2148175056,4,W
2148175312,4,R
2148175312,4,W
2148175568,4,R
2148175568,4,W
2148175824,4,R
2148175824,4,W
2148176080,4,R
2148176080,4,W
2148176336,4,R
2148176336,4,W
2148176592,4,R
2148176592,4,W
2148176848,4,R
2148176848,4,W
2148177104,4,R
2148177104,4,W
2148177360,4,R
2148177360,4,W
2148177616,4,R
2148177616,4,W
2148177872,4,R
2148177872,4,W
2148178128,4,R
2148178128,4,W
2148178384,4,R
2148178384,4,W
2148178640,4,R
2148178640,4,W
2148178896,4,R
2148178896,4,W
2148179152,4,R
2148179152,4,W
2148179408,4,R
2148179408,4,W
2148179664,4,R
2148179664,4,W
2148179920,4,R
2148179920,4,W
2148180176,4,R
2148180176,4,W
2148180432,4,R
2148180432,4,W
2148180688,4,R
2148180688,4,W
2148180944,4,R
2148180944,4,W
2148181200,4,R
2148181200,4,W
2148181456,4,R
2148181456,4,W
2148181712,4,R
2148181712,4,W
2148181968,4,R
2148181968,4,W
2148182224,4,R
2148182224,4,W
2148182480,4,R
2148182480,4,W
2148182736,4,R
2148182736,4,W
2148182992,4,R
2148182992,4,W
2148183248,4,R
2148183248,4,W
2148183504,4,R
2148183504,4,W
2148183760,4,R
2148183760,4,W
2148184016,4,R
2148184016,4,W
2148184272,4,R
2148184272,4,W
2148184528,4,R
2148184528,4,W
2148184784,4,R
2148184784,4,W
2148185040,4,R
2148185040,4,W
2148185296,4,R
2148185296,4,W
2148185552,4,R
2148185552,4,W
2148185808,4,R
2148185808,4,W
2148186064,4,R
2148186064,4,W
2148186320,4,R
2148186320,4,W
2148186576,4,R
2148186576,4,W
2148186832,4,R
2148186832,4,W
2148187088,4,R
2148187088,4,W
2148187344,4,R
2148187344,4,W
2148187600,4,R
2148187600,4,W
2148171476,4,R
2148171476,4,W
2148171732,4,R
2148171732,4,W
2148171988,4,R
2148171988,4,W
2148172244,4,R
2148172244,4,W
2148172500,4,R
2148172500,4,W
2148172756,4,R
2148172756,4,W
2148173012,4,R
2148173012,4,W
2148173268,4,R
2148173268,4,W
2148173524,4,R
2148173524,4,W
2148173780,4,R
2148173780,4,W
2148174036,4,R
2148174036,4,W
2148174292,4,R
2148174292,4,W
2148174548,4,R
2148174548,4,W
2148174804,4,R
2148174804,4,W
2148175060,4,R
2148175060,4,W
2148175316,4,R
2148175316,4,W
2148175572,4,R
2148175572,4,W
2148175828,4,R
2148175828,4,W
2148176084,4,R
2148176084,4,W
2148176340,4,R
2148176340,4,W
2148176596,4,R
2148176596,4,W
2148176852,4,R
2148176852,4,W
2148177108,4,R
2148177108,4,W
2148177364,4,R
2148177364,4,W
2148177620,4,R
2148177620,4,W
2148177876,4,R
2148177876,4,W
2148178132,4,R
2148178132,4,W
2148178388,4,R
2148178388,4,W
2148178644,4,R
2148178644,4,W
2148178900,4,R
2148178900,4,W
2148179156,4,R
2148179156,4,W
2148179412,4,R
2148179412,4,W
2148179668,4,R
2148179668,4,W
2148179924,4,R
2148179924,4,W
2148180180,4,R
2148180180,4,W
2148180436,4,R
2148180436,4,W
2148180692,4,R
2148180692,4,W
2148180948,4,R
2148180948,4,W
2148181204,4,R
2148181204,4,W
2148181460,4,R
2148181460,4,W
2148181716,4,R
2148181716,4,W
2148181972,4,R
2148181972,4,W
2148182228,4,R
2148182228,4,W
2148182484,4,R
2148182484,4,W
2148182740,4,R
2148182740,4,W
2148182996,4,R
2148182996,4,W
2148183252,4,R
2148183252,4,W
2148183508,4,R
2148183508,4,W
2148183764,4,R
2148183764,4,W
2148184020,4,R
2148184020,4,W
2148184276,4,R
2148184276,4,W
2148184532,4,R
2148184532,4,W
2148184788,4,R
2148184788,4,W
2148185044,4,R
2148185044,4,W
2148185300,4,R
2148185300,4,W
2148185556,4,R
2148185556,4,W
2148185812,4,R
2148185812,4,W
2148186068,4,R
2148186068,4,W
2148186324,4,R
2148186324,4,W
2148186580,4,R
2148186580,4,W
2148186836,4,R
2148186836,4,W
2148187092,4,R
2148187092,4,W
2148187348,4,R
2148187348,4,W
2148187604,4,R
2148187604,4,W
2148171480,4,R
2148171480,4,W
2148171736,4,R
2148171736,4,W
2148171992,4,R
2148171992,4,W
2148172248,4,R
2148172248,4,W
2148172504,4,R
2148172504,4,W
2148172760,4,R
2148172760,4,W
2148173016,4,R
2148173016,4,W
2148173272,4,R
2148173272,4,W
2148173528,4,R
2148173528,4,W
2148173784,4,R
2148173784,4,W
2148174040,4,R
2148174040,4,W
2148174296,4,R
2148174296,4,W
2148174552,4,R
2148174552,4,W
2148174808,4,R
2148174808,4,W
2148175064,4,R
2148175064,4,W
2148175320,4,R
2148175320,4,W
2148175576,4,R
2148175576,4,W
2148175832,4,R
2148175832,4,W
2148176088,4,R
2148176088,4,W
2148176344,4,R
2148176344,4,W
2148176600,4,R
2148176600,4,W
2148176856,4,R
2148176856,4,W
2148177112,4,R
2148177112,4,W
2148177368,4,R
2148177368,4,W
2148177624,4,R
2148177624,4,W
2148177880,4,R
2148177880,4,W
2148178136,4,R
2148178136,4,W
2148178392,4,R
2148178392,4,W
2148178648,4,R
2148178648,4,W
2148178904,4,R
2148178904,4,W
2148179160,4,R
2148179160,4,W
2148179416,4,R
2148179416,4,W
2148179672,4,R
2148179672,4,W
2148179928,4,R
2148179928,4,W
2148180184,4,R
2148180184,4,W
2148180440,4,R
2148180440,4,W
2148180696,4,R
2148180696,4,W
2148180952,4,R
2148180952,4,W
2148181208,4,R
2148181208,4,W
2148181464,4,R
2148181464,4,W
2148181720,4,R
2148181720,4,W
2148181976,4,R
2148181976,4,W
2148182232,4,R
2148182232,4,W
2148182488,4,R
2148182488,4,W
2148182744,4,R
2148182744,4,W
2148183000,4,R
2148183000,4,W
2148183256,4,R
2148183256,4,W
2148183512,4,R
2148183512,4,W
2148183768,4,R
2148183768,4,W
2148184024,4,R
2148184024,4,W
2148184280,4,R
2148184280,4,W
2148184536,4,R
2148184536,4,W
2148184792,4,R
2148184792,4,W
2148185048,4,R
2148185048,4,W
2148185304,4,R
2148185304,4,W
2148185560,4,R
2148185560,4,W
2148185816,4,R
2148185816,4,W
2148186072,4,R
2148186072,4,W
2148186328,4,R
2148186328,4,W
2148186584,4,R
2148186584,4,W
2148186840,4,R
2148186840,4,W
2148187096,4,R
2148187096,4,W
2148187352,4,R
2148187352,4,W
2148187608,4,R
2148187608,4,W
2148171484,4,R
2148171484,4,W
2148171740,4,R
2148171740,4,W
2148171996,4,R
2148171996,4,W
2148172252,4,R
2148172252,4,W
2148172508,4,R
2148172508,4,W
2148172764,4,R
2148172764,4,W
2148173020,4,R
2148173020,4,W
2148173276,4,R
2148173276,4,W
2148173532,4,R
2148173532,4,W
2148173788,4,R
2148173788,4,W
2148174044,4,R
2148174044,4,W
2148174300,4,R
2148174300,4,W
2148174556,4,R
2148174556,4,W
2148174812,4,R
2148174812,4,W
2148175068,4,R
2148175068,4,W
2148175324,4,R
2148175324,4,W
2148175580,4,R
2148175580,4,W
2148175836,4,R
2148175836,4,W
2148176092,4,R
2148176092,4,W
2148176348,4,R
2148176348,4,W
2148176604,4,R
2148176604,4,W
2148176860,4,R
2148176860,4,W
2148177116,4,R
2148177116,4,W
2148177372,4,R
2148177372,4,W
2148177628,4,R
2148177628,4,W
2148177884,4,R
2148177884,4,W
2148178140,4,R
2148178140,4,W
2148178396,4,R
2148178396,4,W
2148178652,4,R
2148178652,4,W
2148178908,4,R
2148178908,4,W
2148179164,4,R
2148179164,4,W
2148179420,4,R
2148179420,4,W
2148179676,4,R
2148179676,4,W
2148179932,4,R
2148179932,4,W
2148180188,4,R
2148180188,4,W
2148180444,4,R
2148180444,4,W
2148180700,4,R
2148180700,4,W
2148180956,4,R
2148180956,4,W
2148181212,4,R
2148181212,4,W
2148181468,4,R
2148181468,4,W
2148181724,4,R
2148181724,4,W
2148181980,4,R
2148181980,4,W
2148182236,4,R
2148182236,4,W
2148182492,4,R
2148182492,4,W
2148182748,4,R
2148182748,4,W
2148183004,4,R
2148183004,4,W
2148183260,4,R
2148183260,4,W
2148183516,4,R
2148183516,4,W
2148183772,4,R
2148183772,4,W
2148184028,4,R
2148184028,4,W
2148184284,4,R
2148184284,4,W
2148184540,4,R
2148184540,4,W
2148184796,4,R
2148184796,4,W
2148185052,4,R
2148185052,4,W
2148185308,4,R
2148185308,4,W
2148185564,4,R
2148185564,4,W
2148185820,4,R
2148185820,4,W
2148186076,4,R
2148186076,4,W
2148186332,4,R
2148186332,4,W
2148186588,4,R
2148186588,4,W
2148186844,4,R
2148186844,4,W
2148187100,4,R
2148187100,4,W
2148187356,4,R
2148187356,4,W
2148187612,4,R
2148187612,4,W
2148171488,4,R
2148171488,4,W
2148171744,4,R
2148171744,4,W
2148172000,4,R
2148172000,4,W
2148172256,4,R
2148172256,4,W
2148172512,4,R
2148172512,4,W
2148172768,4,R
2148172768,4,W
2148173024,4,R
2148173024,4,W
2148173280,4,R
2148173280,4,W
2148173536,4,R
2148173536,4,W
2148173792,4,R
2148173792,4,W
2148174048,4,R
2148174048,4,W
2148174304,4,R
2148174304,4,W
2148174560,4,R
2148174560,4,W
2148174816,4,R
2148174816,4,W
2148175072,4,R
2148175072,4,W
2148175328,4,R
2148175328,4,W
2148175584,4,R
2148175584,4,W
2148175840,4,R
2148175840,4,W
2148176096,4,R
2148176096,4,W
2148176352,4,R
2148176352,4,W
2148176608,4,R
2148176608,4,W
2148176864,4,R
2148176864,4,W
2148177120,4,R
2148177120,4,W
2148177376,4,R
2148177376,4,W
2148177632,4,R
2148177632,4,W
2148177888,4,R
2148177888,4,W
2148178144,4,R
2148178144,4,W
2148178400,4,R
2148178400,4,W
2148178656,4,R
2148178656,4,W
2148178912,4,R
2148178912,4,W
2148179168,4,R
2148179168,4,W
2148179424,4,R
2148179424,4,W
2148179680,4,R
2148179680,4,W
2148179936,4,R
2148179936,4,W
2148180192,4,R
2148180192,4,W
2148180448,4,R
2148180448,4,W
2148180704,4,R
2148180704,4,W
2148180960,4,R
2148180960,4,W
2148181216,4,R
2148181216,4,W
2148181472,4,R
2148181472,4,W
2148181728,4,R
2148181728,4,W
2148181984,4,R
2148181984,4,W
2148182240,4,R
2148182240,4,W
2148182496,4,R
2148182496,4,W
2148182752,4,R
2148182752,4,W
2148183008,4,R
2148183008,4,W
2148183264,4,R
2148183264,4,W
2148183520,4,R
2148183520,4,W
2148183776,4,R
2148183776,4,W
2148184032,4,R
2148184032,4,W
2148184288,4,R
2148184288,4,W
2148184544,4,R
2148184544,4,W
2148184800,4,R
2148184800,4,W
2148185056,4,R
2148185056,4,W
2148185312,4,R
2148185312,4,W
2148185568,4,R
2148185568,4,W
2148185824,4,R
2148185824,4,W
2148186080,4,R
2148186080,4,W
2148186336,4,R
2148186336,4,W
2148186592,4,R
2148186592,4,W
2148186848,4,R
2148186848,4,W
2148187104,4,R
2148187104,4,W
2148187360,4,R
2148187360,4,W
2148187616,4,R
2148187616,4,W
2148171492,4,R
2148171492,4,W
2148171748,4,R
2148171748,4,W
2148172004,4,R
2148172004,4,W
2148172260,4,R
2148172260,4,W
2148172516,4,R
2148172516,4,W
2148172772,4,R
2148172772,4,W
2148173028,4,R
2148173028,4,W
2148173284,4,R
2148173284,4,W
2148173540,4,R
2148173540,4,W
2148173796,4,R
2148173796,4,W
2148174052,4,R
2148174052,4,W
2148174308,4,R
2148174308,4,W
2148174564,4,R
2148174564,4,W
2148174820,4,R
2148174820,4,W
2148175076,4,R
2148175076,4,W
2148175332,4,R
2148175332,4,W
2148175588,4,R
2148175588,4,W
2148175844,4,R
2148175844,4,W
2148176100,4,R
2148176100,4,W
2148176356,4,R
2148176356,4,W
2148176612,4,R
2148176612,4,W
2148176868,4,R
2148176868,4,W
2148177124,4,R
2148177124,4,W
2148177380,4,R
2148177380,4,W
2148177636,4,R
2148177636,4,W
2148177892,4,R
2148177892,4,W
2148178148,4,R
2148178148,4,W
2148178404,4,R
2148178404,4,W
2148178660,4,R
2148178660,4,W
2148178916,4,R
2148178916,4,W
2148179172,4,R
2148179172,4,W
2148179428,4,R
2148179428,4,W
2148179684,4,R
2148179684,4,W
2148179940,4,R
2148179940,4,W
2148180196,4,R
2148180196,4,W
2148180452,4,R
2148180452,4,W
2148180708,4,R
2148180708,4,W
2148180964,4,R
2148180964,4,W
2148181220,4,R
2148181220,4,W
2148181476,4,R
2148181476,4,W
2148181732,4,R
2148181732,4,W
2148181988,4,R
2148181988,4,W
2148182244,4,R
2148182244,4,W
2148182500,4,R
2148182500,4,W
2148182756,4,R
2148182756,4,W
2148183012,4,R
2148183012,4,W
2148183268,4,R
2148183268,4,W
2148183524,4,R
2148183524,4,W
2148183780,4,R
2148183780,4,W
2148184036,4,R
2148184036,4,W
2148184292,4,R
2148184292,4,W
2148184548,4,R
2148184548,4,W
2148184804,4,R
2148184804,4,W
2148185060,4,R
2148185060,4,W
2148185316,4,R
2148185316,4,W
2148185572,4,R
2148185572,4,W
2148185828,4,R
2148185828,4,W
2148186084,4,R
2148186084,4,W
2148186340,4,R
2148186340,4,W
2148186596,4,R
2148186596,4,W
2148186852,4,R
2148186852,4,W
2148187108,4,R
2148187108,4,W
2148187364,4,R
2148187364,4,W
2148187620,4,R
2148187620,4,W
2148171496,4,R
2148171496,4,W
2148171752,4,R
2148171752,4,W
2148172008,4,R
2148172008,4,W
2148172264,4,R
2148172264,4,W
2148172520,4,R
2148172520,4,W
2148172776,4,R
2148172776,4,W
2148173032,4,R
2148173032,4,W
2148173288,4,R
2148173288,4,W
2148173544,4,R
2148173544,4,W
2148173800,4,R
2148173800,4,W
2148174056,4,R
2148174056,4,W
2148174312,4,R
2148174312,4,W
2148174568,4,R
2148174568,4,W
2148174824,4,R
2148174824,4,W
2148175080,4,R
2148175080,4,W
2148175336,4,R
2148175336,4,W
2148175592,4,R
2148175592,4,W
2148175848,4,R
2148175848,4,W
2148176104,4,R
2148176104,4,W
2148176360,4,R
2148176360,4,W
2148176616,4,R
2148176616,4,W
2148176872,4,R
2148176872,4,W
2148177128,4,R
2148177128,4,W
2148177384,4,R
2148177384,4,W
2148177640,4,R
2148177640,4,W
2148177896,4,R
2148177896,4,W
2148178152,4,R
2148178152,4,W
2148178408,4,R
2148178408,4,W
2148178664,4,R
2148178664,4,W
2148178920,4,R
2148178920,4,W
2148179176,4,R
2148179176,4,W
2148179432,4,R
2148179432,4,W
2148179688,4,R
2148179688,4,W
2148179944,4,R
2148179944,4,W
2148180200,4,R
2148180200,4,W
2148180456,4,R
2148180456,4,W
2148180712,4,R
2148180712,4,W
2148180968,4,R
2148180968,4,W
2148181224,4,R
2148181224,4,W
2148181480,4,R
2148181480,4,W
2148181736,4,R
2148181736,4,W
2148181992,4,R
2148181992,4,W
2148182248,4,R
2148182248,4,W
2148182504,4,R
2148182504,4,W
2148182760,4,R
2148182760,4,W
2148183016,4,R
2148183016,4,W
2148183272,4,R
2148183272,4,W
2148183528,4,R
2148183528,4,W
2148183784,4,R
2148183784,4,W
2148184040,4,R
2148184040,4,W
2148184296,4,R
2148184296,4,W
2148184552,4,R
2148184552,4,W
2148184808,4,R
2148184808,4,W
2148185064,4,R
2148185064,4,W
2148185320,4,R
2148185320,4,W
2148185576,4,R
2148185576,4,W
2148185832,4,R
2148185832,4,W
2148186088,4,R
2148186088,4,W
2148186344,4,R
2148186344,4,W
2148186600,4,R
2148186600,4,W
2148186856,4,R
2148186856,4,W
2148187112,4,R
2148187112,4,W
2148187368,4,R
2148187368,4,W
2148187624,4,R
2148187624,4,W
2148171500,4,R
2148171500,4,W
2148171756,4,R
2148171756,4,W
2148172012,4,R
2148172012,4,W
2148172268,4,R
2148172268,4,W
2148172524,4,R
2148172524,4,W
2148172780,4,R
2148172780,4,W
2148173036,4,R
2148173036,4,W
2148173292,4,R
2148173292,4,W
2148173548,4,R
2148173548,4,W
2148173804,4,R
2148173804,4,W
2148174060,4,R
2148174060,4,W
2148174316,4,R
2148174316,4,W
2148174572,4,R
2148174572,4,W
2148174828,4,R
2148174828,4,W
2148175084,4,R
2148175084,4,W
2148175340,4,R
2148175340,4,W
2148175596,4,R
2148175596,4,W
2148175852,4,R
2148175852,4,W
2148176108,4,R
2148176108,4,W
2148176364,4,R
2148176364,4,W
2148176620,4,R
2148176620,4,W
2148176876,4,R
2148176876,4,W
2148177132,4,R
2148177132,4,W
2148177388,4,R
2148177388,4,W
2148177644,4,R
2148177644,4,W
2148177900,4,R
2148177900,4,W
2148178156,4,R
2148178156,4,W
2148178412,4,R
2148178412,4,W
2148178668,4,R
2148178668,4,W
2148178924,4,R
2148178924,4,W
2148179180,4,R
2148179180,4,W
2148179436,4,R
2148179436,4,W
2148179692,4,R
2148179692,4,W
2148179948,4,R
2148179948,4,W
2148180204,4,R
2148180204,4,W
2148180460,4,R
2148180460,4,W
2148180716,4,R
2148180716,4,W
2148180972,4,R
2148180972,4,W
2148181228,4,R
2148181228,4,W
2148181484,4,R
2148181484,4,W
2148181740,4,R
2148181740,4,W
2148181996,4,R
2148181996,4,W
2148182252,4,R
2148182252,4,W
2148182508,4,R
2148182508,4,W
2148182764,4,R
2148182764,4,W
2148183020,4,R
2148183020,4,W
2148183276,4,R
2148183276,4,W
2148183532,4,R
2148183532,4,W
2148183788,4,R
2148183788,4,W
2148184044,4,R
2148184044,4,W
2148184300,4,R
2148184300,4,W
2148184556,4,R
2148184556,4,W
2148184812,4,R
2148184812,4,W
2148185068,4,R
2148185068,4,W
2148185324,4,R
2148185324,4,W
2148185580,4,R
2148185580,4,W
2148185836,4,R
2148185836,4,W
2148186092,4,R
2148186092,4,W
2148186348,4,R
2148186348,4,W
2148186604,4,R
2148186604,4,W
2148186860,4,R
2148186860,4,W
2148187116,4,R
2148187116,4,W
2148187372,4,R
2148187372,4,W
2148187628,4,R
2148187628,4,W
2148171504,4,R
2148171504,4,W
2148171760,4,R
2148171760,4,W
2148172016,4,R
2148172016,4,W
2148172272,4,R
2148172272,4,W
2148172528,4,R
2148172528,4,W
2148172784,4,R
2148172784,4,W
2148173040,4,R
2148173040,4,W
2148173296,4,R
2148173296,4,W
2148173552,4,R
2148173552,4,W
2148173808,4,R
2148173808,4,W
2148174064,4,R
2148174064,4,W
2148174320,4,R
2148174320,4,W
2148174576,4,R
2148174576,4,W
2148174832,4,R
2148174832,4,W
2148175088,4,R
2148175088,4,W
2148175344,4,R
2148175344,4,W
2148175600,4,R
2148175600,4,W
2148175856,4,R
2148175856,4,W
2148176112,4,R
2148176112,4,W
2148176368,4,R
2148176368,4,W
2148176624,4,R
2148176624,4,W
2148176880,4,R
2148176880,4,W
2148177136,4,R
2148177136,4,W
2148177392,4,R
2148177392,4,W
2148177648,4,R
2148177648,4,W
2148177904,4,R
2148177904,4,W
2148178160,4,R
2148178160,4,W
2148178416,4,R
2148178416,4,W
2148178672,4,R
2148178672,4,W
2148178928,4,R
2148178928,4,W
2148179184,4,R
2148179184,4,W
2148179440,4,R
2148179440,4,W
2148179696,4,R
2148179696,4,W
2148179952,4,R
2148179952,4,W
2148180208,4,R
2148180208,4,W
2148180464,4,R
2148180464,4,W
2148180720,4,R
2148180720,4,W
2148180976,4,R
2148180976,4,W
2148181232,4,R
2148181232,4,W
2148181488,4,R
2148181488,4,W
2148181744,4,R
2148181744,4,W
2148182000,4,R
2148182000,4,W
2148182256,4,R
2148182256,4,W
2148182512,4,R
2148182512,4,W
2148182768,4,R
2148182768,4,W
2148183024,4,R
2148183024,4,W
2148183280,4,R
2148183280,4,W
2148183536,4,R
2148183536,4,W
2148183792,4,R
2148183792,4,W
2148184048,4,R
2148184048,4,W
2148184304,4,R
2148184304,4,W
2148184560,4,R
2148184560,4,W
2148184816,4,R
2148184816,4,W
2148185072,4,R
2148185072,4,W
2148185328,4,R
2148185328,4,W
2148185584,4,R
2148185584,4,W
2148185840,4,R
2148185840,4,W
2148186096,4,R
2148186096,4,W
2148186352,4,R
2148186352,4,W
2148186608,4,R
2148186608,4,W
2148186864,4,R
2148186864,4,W
2148187120,4,R
2148187120,4,W
2148187376,4,R
2148187376,4,W
2148187632,4,R
2148187632,4,W
2148171508,4,R
2148171508,4,W
2148171764,4,R
2148171764,4,W
2148172020,4,R
2148172020,4,W
2148172276,4,R
2148172276,4,W
2148172532,4,R
2148172532,4,W
2148172788,4,R
2148172788,4,W
2148173044,4,R
2148173044,4,W
2148173300,4,R
2148173300,4,W
2148173556,4,R
2148173556,4,W
2148173812,4,R
2148173812,4,W
2148174068,4,R
2148174068,4,W
2148174324,4,R
2148174324,4,W
2148174580,4,R
2148174580,4,W
2148174836,4,R
2148174836,4,W
2148175092,4,R
2148175092,4,W
2148175348,4,R
2148175348,4,W
2148175604,4,R
2148175604,4,W
2148175860,4,R
2148175860,4,W
2148176116,4,R
2148176116,4,W
2148176372,4,R
2148176372,4,W
2148176628,4,R
2148176628,4,W
2148176884,4,R
2148176884,4,W
2148177140,4,R
2148177140,4,W
2148177396,4,R
2148177396,4,W
2148177652,4,R
2148177652,4,W
2148177908,4,R
2148177908,4,W
2148178164,4,R
2148178164,4,W
2148178420,4,R
2148178420,4,W
2148178676,4,R
2148178676,4,W
2148178932,4,R
2148178932,4,W
2148179188,4,R
2148179188,4,W
2148179444,4,R
2148179444,4,W
2148179700,4,R
2148179700,4,W
2148179956,4,R
2148179956,4,W
2148180212,4,R
2148180212,4,W
2148180468,4,R
2148180468,4,W
2148180724,4,R
2148180724,4,W
2148180980,4,R
2148180980,4,W
2148181236,4,R
2148181236,4,W
2148181492,4,R
2148181492,4,W
2148181748,4,R
2148181748,4,W
2148182004,4,R
2148182004,4,W
2148182260,4,R
2148182260,4,W
2148182516,4,R
2148182516,4,W
2148182772,4,R
2148182772,4,W
2148183028,4,R
2148183028,4,W
2148183284,4,R
2148183284,4,W
2148183540,4,R
2148183540,4,W
2148183796,4,R
2148183796,4,W
2148184052,4,R
2148184052,4,W
2148184308,4,R
2148184308,4,W
2148184564,4,R
2148184564,4,W
2148184820,4,R
2148184820,4,W
2148185076,4,R
2148185076,4,W
2148185332,4,R
2148185332,4,W
2148185588,4,R
2148185588,4,W
2148185844,4,R
2148185844,4,W
2148186100,4,R
2148186100,4,W
2148186356,4,R
2148186356,4,W
2148186612,4,R
2148186612,4,W
2148186868,4,R
2148186868,4,W
2148187124,4,R
2148187124,4,W
2148187380,4,R
2148187380,4,W
2148187636,4,R
2148187636,4,W
2148171512,4,R
2148171512,4,W
2148171768,4,R
2148171768,4,W
2148172024,4,R
2148172024,4,W
2148172280,4,R
2148172280,4,W
2148172536,4,R
2148172536,4,W
2148172792,4,R
2148172792,4,W
2148173048,4,R
2148173048,4,W
2148173304,4,R
2148173304,4,W
2148173560,4,R
2148173560,4,W
2148173816,4,R
2148173816,4,W
2148174072,4,R
2148174072,4,W
2148174328,4,R
2148174328,4,W
2148174584,4,R
2148174584,4,W
2148174840,4,R
2148174840,4,W
2148175096,4,R
2148175096,4,W
2148175352,4,R
2148175352,4,W
2148175608,4,R
2148175608,4,W
2148175864,4,R
2148175864,4,W
2148176120,4,R
2148176120,4,W
2148176376,4,R
2148176376,4,W
2148176632,4,R
2148176632,4,W
2148176888,4,R
2148176888,4,W
2148177144,4,R
2148177144,4,W
2148177400,4,R
2148177400,4,W
2148177656,4,R
2148177656,4,W
2148177912,4,R
2148177912,4,W
2148178168,4,R
2148178168,4,W
2148178424,4,R
2148178424,4,W
2148178680,4,R
2148178680,4,W
2148178936,4,R
2148178936,4,W
2148179192,4,R
2148179192,4,W
2148179448,4,R
2148179448,4,W
2148179704,4,R
2148179704,4,W
2148179960,4,R
2148179960,4,W
2148180216,4,R
2148180216,4,W
2148180472,4,R
2148180472,4,W
2148180728,4,R
2148180728,4,W
2148180984,4,R
2148180984,4,W
2148181240,4,R
2148181240,4,W
2148181496,4,R
2148181496,4,W
2148181752,4,R
2148181752,4,W
2148182008,4,R
2148182008,4,W
2148182264,4,R
2148182264,4,W
2148182520,4,R
2148182520,4,W
2148182776,4,R
2148182776,4,W
2148183032,4,R
2148183032,4,W
2148183288,4,R
2148183288,4,W
2148183544,4,R
2148183544,4,W
2148183800,4,R
2148183800,4,W
2148184056,4,R
2148184056,4,W
2148184312,4,R
2148184312,4,W
2148184568,4,R
2148184568,4,W
2148184824,4,R
2148184824,4,W
2148185080,4,R
2148185080,4,W
2148185336,4,R
2148185336,4,W
2148185592,4,R
2148185592,4,W
2148185848,4,R
2148185848,4,W
2148186104,4,R
2148186104,4,W
2148186360,4,R
2148186360,4,W
2148186616,4,R
2148186616,4,W
2148186872,4,R
2148186872,4,W
2148187128,4,R
2148187128,4,W
2148187384,4,R
2148187384,4,W
2148187640,4,R
2148187640,4,W
2148171516,4,R
2148171516,4,W
2148171772,4,R
2148171772,4,W
2148172028,4,R
2148172028,4,W
2148172284,4,R
2148172284,4,W
2148172540,4,R
2148172540,4,W
2148172796,4,R
2148172796,4,W
2148173052,4,R
2148173052,4,W
2148173308,4,R
2148173308,4,W
2148173564,4,R
2148173564,4,W
2148173820,4,R
2148173820,4,W
2148174076,4,R
2148174076,4,W
2148174332,4,R
2148174332,4,W
2148174588,4,R
2148174588,4,W
2148174844,4,R
2148174844,4,W
2148175100,4,R
2148175100,4,W
2148175356,4,R
2148175356,4,W
2148175612,4,R
2148175612,4,W
2148175868,4,R
2148175868,4,W
2148176124,4,R
2148176124,4,W
2148176380,4,R
2148176380,4,W
2148176636,4,R
2148176636,4,W
2148176892,4,R
2148176892,4,W
2148177148,4,R
2148177148,4,W
2148177404,4,R
2148177404,4,W
2148177660,4,R
2148177660,4,W
2148177916,4,R
2148177916,4,W
2148178172,4,R
2148178172,4,W
2148178428,4,R
2148178428,4,W
2148178684,4,R
2148178684,4,W
2148178940,4,R
2148178940,4,W
2148179196,4,R
2148179196,4,W
2148179452,4,R
2148179452,4,W
2148179708,4,R
2148179708,4,W
2148179964,4,R
2148179964,4,W
2148180220,4,R
2148180220,4,W
2148180476,4,R
2148180476,4,W
2148180732,4,R
2148180732,4,W
2148180988,4,R
2148180988,4,W
2148181244,4,R
2148181244,4,W
2148181500,4,R
2148181500,4,W
2148181756,4,R
2148181756,4,W
2148182012,4,R
2148182012,4,W
2148182268,4,R
2148182268,4,W
2148182524,4,R
2148182524,4,W
2148182780,4,R
2148182780,4,W
2148183036,4,R
2148183036,4,W
2148183292,4,R
2148183292,4,W
2148183548,4,R
2148183548,4,W
2148183804,4,R
2148183804,4,W
2148184060,4,R
2148184060,4,W
2148184316,4,R
2148184316,4,W
2148184572,4,R
2148184572,4,W
2148184828,4,R
2148184828,4,W
2148185084,4,R
2148185084,4,W
2148185340,4,R
2148185340,4,W
2148185596,4,R
2148185596,4,W
2148185852,4,R
2148185852,4,W
2148186108,4,R
2148186108,4,W
2148186364,4,R
2148186364,4,W
2148186620,4,R
2148186620,4,W
2148186876,4,R
2148186876,4,W
2148187132,4,R
2148187132,4,W
2148187388,4,R
2148187388,4,W
2148187644,4,R
2148187644,4,W
2148171520,4,R
2148171520,4,W
2148171776,4,R
2148171776,4,W
2148172032,4,R
2148172032,4,W
2148172288,4,R
2148172288,4,W
2148172544,4,R
2148172544,4,W
2148172800,4,R
2148172800,4,W
2148173056,4,R
2148173056,4,W
2148173312,4,R
2148173312,4,W
2148173568,4,R
2148173568,4,W
2148173824,4,R
2148173824,4,W
2148174080,4,R
2148174080,4,W
2148174336,4,R
2148174336,4,W
2148174592,4,R
2148174592,4,W
2148174848,4,R
2148174848,4,W
2148175104,4,R
2148175104,4,W
2148175360,4,R
2148175360,4,W
2148175616,4,R
2148175616,4,W
2148175872,4,R
2148175872,4,W
2148176128,4,R
2148176128,4,W
2148176384,4,R
2148176384,4,W
2148176640,4,R
2148176640,4,W
2148176896,4,R
2148176896,4,W
2148177152,4,R
2148177152,4,W
2148177408,4,R
2148177408,4,W
2148177664,4,R
2148177664,4,W
2148177920,4,R
2148177920,4,W
2148178176,4,R
2148178176,4,W
2148178432,4,R
2148178432,4,W
2148178688,4,R
2148178688,4,W
2148178944,4,R
2148178944,4,W
2148179200,4,R
2148179200,4,W
2148179456,4,R
2148179456,4,W
2148179712,4,R
2148179712,4,W
2148179968,4,R
2148179968,4,W
2148180224,4,R
2148180224,4,W
2148180480,4,R
2148180480,4,W
2148180736,4,R
2148180736,4,W
2148180992,4,R
2148180992,4,W
2148181248,4,R
2148181248,4,W
2148181504,4,R
2148181504,4,W
2148181760,4,R
2148181760,4,W
2148182016,4,R
2148182016,4,W
2148182272,4,R
2148182272,4,W
2148182528,4,R
2148182528,4,W
2148182784,4,R
2148182784,4,W
2148183040,4,R
2148183040,4,W
2148183296,4,R
2148183296,4,W
2148183552,4,R
2148183552,4,W
2148183808,4,R
2148183808,4,W
2148184064,4,R
2148184064,4,W
2148184320,4,R
2148184320,4,W
2148184576,4,R
2148184576,4,W
2148184832,4,R
2148184832,4,W
2148185088,4,R
2148185088,4,W
2148185344,4,R
2148185344,4,W
2148185600,4,R
2148185600,4,W
2148185856,4,R
2148185856,4,W
2148186112,4,R
2148186112,4,W
2148186368,4,R
2148186368,4,W
2148186624,4,R
2148186624,4,W
2148186880,4,R
2148186880,4,W
2148187136,4,R
2148187136,4,W
2148187392,4,R
2148187392,4,W
2148187648,4,R
2148187648,4,W
2148171524,4,R
2148171524,4,W
2148171780,4,R
2148171780,4,W
2148172036,4,R
2148172036,4,W
2148172292,4,R
2148172292,4,W
2148172548,4,R
2148172548,4,W
2148172804,4,R
2148172804,4,W
2148173060,4,R
2148173060,4,W
2148173316,4,R
2148173316,4,W
2148173572,4,R
2148173572,4,W
2148173828,4,R
2148173828,4,W
2148174084,4,R
2148174084,4,W
2148174340,4,R
2148174340,4,W
2148174596,4,R
2148174596,4,W
2148174852,4,R
2148174852,4,W
2148175108,4,R
2148175108,4,W
2148175364,4,R
2148175364,4,W
2148175620,4,R
2148175620,4,W
2148175876,4,R
2148175876,4,W
2148176132,4,R
2148176132,4,W
2148176388,4,R
2148176388,4,W
2148176644,4,R
2148176644,4,W
2148176900,4,R
2148176900,4,W
2148177156,4,R
2148177156,4,W
2148177412,4,R
2148177412,4,W
2148177668,4,R
2148177668,4,W
2148177924,4,R
2148177924,4,W
2148178180,4,R
2148178180,4,W
2148178436,4,R
2148178436,4,W
2148178692,4,R
2148178692,4,W
2148178948,4,R
2148178948,4,W
2148179204,4,R
2148179204,4,W
2148179460,4,R
2148179460,4,W
2148179716,4,R
2148179716,4,W
2148179972,4,R
2148179972,4,W
2148180228,4,R
2148180228,4,W
2148180484,4,R
2148180484,4,W
2148180740,4,R
2148180740,4,W
2148180996,4,R
2148180996,4,W
2148181252,4,R
2148181252,4,W
2148181508,4,R
2148181508,4,W
2148181764,4,R
2148181764,4,W
2148182020,4,R
2148182020,4,W
2148182276,4,R
2148182276,4,W
2148182532,4,R
2148182532,4,W
2148182788,4,R
2148182788,4,W
2148183044,4,R
2148183044,4,W
2148183300,4,R
2148183300,4,W
2148183556,4,R
2148183556,4,W
2148183812,4,R
2148183812,4,W
2148184068,4,R
2148184068,4,W
2148184324,4,R
2148184324,4,W
2148184580,4,R
2148184580,4,W
2148184836,4,R
2148184836,4,W
2148185092,4,R
2148185092,4,W
2148185348,4,R
2148185348,4,W
2148185604,4,R
2148185604,4,W
2148185860,4,R
2148185860,4,W
2148186116,4,R
2148186116,4,W
2148186372,4,R
2148186372,4,W
2148186628,4,R
2148186628,4,W
2148186884,4,R
2148186884,4,W
2148187140,4,R
2148187140,4,W
2148187396,4,R
2148187396,4,W
2148187652,4,R
2148187652,4,W
2148171528,4,R
2148171528,4,W
2148171784,4,R
2148171784,4,W
2148172040,4,R
2148172040,4,W
2148172296,4,R
2148172296,4,W
2148172552,4,R
2148172552,4,W
2148172808,4,R
2148172808,4,W
2148173064,4,R
2148173064,4,W
2148173320,4,R
2148173320,4,W
2148173576,4,R
2148173576,4,W
2148173832,4,R
2148173832,4,W
2148174088,4,R
2148174088,4,W
2148174344,4,R
2148174344,4,W
2148174600,4,R
2148174600,4,W
2148174856,4,R
2148174856,4,W
2148175112,4,R
2148175112,4,W
2148175368,4,R
2148175368,4,W
2148175624,4,R
2148175624,4,W
2148175880,4,R
2148175880,4,W
2148176136,4,R
2148176136,4,W
2148176392,4,R
2148176392,4,W
2148176648,4,R
2148176648,4,W
2148176904,4,R
2148176904,4,W
2148177160,4,R
2148177160,4,W
2148177416,4,R
2148177416,4,W
2148177672,4,R
2148177672,4,W
2148177928,4,R
2148177928,4,W
2148178184,4,R
2148178184,4,W
2148178440,4,R
2148178440,4,W
2148178696,4,R
2148178696,4,W
2148178952,4,R
2148178952,4,W
2148179208,4,R
2148179208,4,W
2148179464,4,R
2148179464,4,W
2148179720,4,R
2148179720,4,W
2148179976,4,R
2148179976,4,W
2148180232,4,R
2148180232,4,W
2148180488,4,R
2148180488,4,W
2148180744,4,R
2148180744,4,W
2148181000,4,R
2148181000,4,W
2148181256,4,R
2148181256,4,W
2148181512,4,R
2148181512,4,W
2148181768,4,R
2148181768,4,W
2148182024,4,R
2148182024,4,W
2148182280,4,R
2148182280,4,W
2148182536,4,R
2148182536,4,W
2148182792,4,R
2148182792,4,W
2148183048,4,R
2148183048,4,W
2148183304,4,R
2148183304,4,W
2148183560,4,R
2148183560,4,W
2148183816,4,R
2148183816,4,W
2148184072,4,R
2148184072,4,W
2148184328,4,R
2148184328,4,W
2148184584,4,R
2148184584,4,W
2148184840,4,R
2148184840,4,W
2148185096,4,R
2148185096,4,W
2148185352,4,R
2148185352,4,W
2148185608,4,R
2148185608,4,W
2148185864,4,R
2148185864,4,W
2148186120,4,R
2148186120,4,W
2148186376,4,R
2148186376,4,W
2148186632,4,R
2148186632,4,W
2148186888,4,R
2148186888,4,W
2148187144,4,R
2148187144,4,W
2148187400,4,R
2148187400,4,W
2148187656,4,R
2148187656,4,W
2148171532,4,R
2148171532,4,W
2148171788,4,R
2148171788,4,W
2148172044,4,R
2148172044,4,W
2148172300,4,R
2148172300,4,W
2148172556,4,R
2148172556,4,W
2148172812,4,R
2148172812,4,W
2148173068,4,R
2148173068,4,W
2148173324,4,R
2148173324,4,W
2148173580,4,R
2148173580,4,W
2148173836,4,R
2148173836,4,W
2148174092,4,R
2148174092,4,W
2148174348,4,R
2148174348,4,W
2148174604,4,R
2148174604,4,W
2148174860,4,R
2148174860,4,W
2148175116,4,R
2148175116,4,W
2148175372,4,R
2148175372,4,W
2148175628,4,R
2148175628,4,W
2148175884,4,R
2148175884,4,W
2148176140,4,R
2148176140,4,W
2148176396,4,R
2148176396,4,W
2148176652,4,R
2148176652,4,W
2148176908,4,R
2148176908,4,W
2148177164,4,R
2148177164,4,W
2148177420,4,R
2148177420,4,W
2148177676,4,R
2148177676,4,W
2148177932,4,R
2148177932,4,W
2148178188,4,R
2148178188,4,W
2148178444,4,R
2148178444,4,W
2148178700,4,R
2148178700,4,W
2148178956,4,R
2148178956,4,W
2148179212,4,R
2148179212,4,W
2148179468,4,R
2148179468,4,W
2148179724,4,R
2148179724,4,W
2148179980,4,R
2148179980,4,W
2148180236,4,R
2148180236,4,W
2148180492,4,R
2148180492,4,W
2148180748,4,R
2148180748,4,W
2148181004,4,R
2148181004,4,W
2148181260,4,R
2148181260,4,W
2148181516,4,R
2148181516,4,W
2148181772,4,R
2148181772,4,W
2148182028,4,R
2148182028,4,W
2148182284,4,R
2148182284,4,W
2148182540,4,R
2148182540,4,W
2148182796,4,R
2148182796,4,W
2148183052,4,R
2148183052,4,W
2148183308,4,R
2148183308,4,W
2148183564,4,R
2148183564,4,W
2148183820,4,R
2148183820,4,W
2148184076,4,R
2148184076,4,W
2148184332,4,R
2148184332,4,W
2148184588,4,R
2148184588,4,W
2148184844,4,R
2148184844,4,W
2148185100,4,R
2148185100,4,W
2148185356,4,R
2148185356,4,W
2148185612,4,R
2148185612,4,W
2148185868,4,R
2148185868,4,W
2148186124,4,R
2148186124,4,W
2148186380,4,R
2148186380,4,W
2148186636,4,R
2148186636,4,W
2148186892,4,R
2148186892,4,W
2148187148,4,R
2148187148,4,W
2148187404,4,R
2148187404,4,W
2148187660,4,R
2148187660,4,W
2148171536,4,R
2148171536,4,W
2148171792,4,R
2148171792,4,W
2148172048,4,R
2148172048,4,W
2148172304,4,R
2148172304,4,W
2148172560,4,R
2148172560,4,W
2148172816,4,R
2148172816,4,W
2148173072,4,R
2148173072,4,W
2148173328,4,R
2148173328,4,W
2148173584,4,R
2148173584,4,W
2148173840,4,R
2148173840,4,W
2148174096,4,R
2148174096,4,W
2148174352,4,R
2148174352,4,W
2148174608,4,R
2148174608,4,W
2148174864,4,R
2148174864,4,W
2148175120,4,R
2148175120,4,W
2148175376,4,R
2148175376,4,W
2148175632,4,R
2148175632,4,W
2148175888,4,R
2148175888,4,W
2148176144,4,R
2148176144,4,W
2148176400,4,R
2148176400,4,W
2148176656,4,R
2148176656,4,W
2148176912,4,R
2148176912,4,W
2148177168,4,R
2148177168,4,W
2148177424,4,R
2148177424,4,W
2148177680,4,R
2148177680,4,W
2148177936,4,R
2148177936,4,W
2148178192,4,R
2148178192,4,W
2148178448,4,R
2148178448,4,W
2148178704,4,R
2148178704,4,W
2148178960,4,R
2148178960,4,W
2148179216,4,R
2148179216,4,W
2148179472,4,R
2148179472,4,W
2148179728,4,R
2148179728,4,W
2148179984,4,R
2148179984,4,W
2148180240,4,R
2148180240,4,W
2148180496,4,R
2148180496,4,W
2148180752,4,R
2148180752,4,W
2148181008,4,R
2148181008,4,W
2148181264,4,R
2148181264,4,W
2148181520,4,R
2148181520,4,W
2148181776,4,R
2148181776,4,W
2148182032,4,R
2148182032,4,W
2148182288,4,R
2148182288,4,W
2148182544,4,R
2148182544,4,W
2148182800,4,R
2148182800,4,W
2148183056,4,R
2148183056,4,W
2148183312,4,R
2148183312,4,W
2148183568,4,R
2148183568,4,W
2148183824,4,R
2148183824,4,W
2148184080,4,R
2148184080,4,W
2148184336,4,R
2148184336,4,W
2148184592,4,R
2148184592,4,W
2148184848,4,R
2148184848,4,W
2148185104,4,R
2148185104,4,W
2148185360,4,R
2148185360,4,W
2148185616,4,R
2148185616,4,W
2148185872,4,R
2148185872,4,W
2148186128,4,R
2148186128,4,W
2148186384,4,R
2148186384,4,W
2148186640,4,R
2148186640,4,W
2148186896,4,R
2148186896,4,W
2148187152,4,R
2148187152,4,W
2148187408,4,R
2148187408,4,W
2148187664,4,R
2148187664,4,W
2148171540,4,R
2148171540,4,W
2148171796,4,R
2148171796,4,W
2148172052,4,R
2148172052,4,W
2148172308,4,R
2148172308,4,W
2148172564,4,R
2148172564,4,W
2148172820,4,R
2148172820,4,W
2148173076,4,R
2148173076,4,W
2148173332,4,R
2148173332,4,W
2148173588,4,R
2148173588,4,W
2148173844,4,R
2148173844,4,W
2148174100,4,R
2148174100,4,W
2148174356,4,R
2148174356,4,W
2148174612,4,R
2148174612,4,W
2148174868,4,R
2148174868,4,W
2148175124,4,R
2148175124,4,W
2148175380,4,R
2148175380,4,W
2148175636,4,R
2148175636,4,W
2148175892,4,R
2148175892,4,W
2148176148,4,R
2148176148,4,W
2148176404,4,R
2148176404,4,W
2148176660,4,R
2148176660,4,W
2148176916,4,R
2148176916,4,W
2148177172,4,R
2148177172,4,W
2148177428,4,R
2148177428,4,W
2148177684,4,R
2148177684,4,W
2148177940,4,R
2148177940,4,W
2148178196,4,R
2148178196,4,W
2148178452,4,R
2148178452,4,W
2148178708,4,R
2148178708,4,W
2148178964,4,R
2148178964,4,W
2148179220,4,R
2148179220,4,W
2148179476,4,R
2148179476,4,W
2148179732,4,R
2148179732,4,W
2148179988,4,R
2148179988,4,W
2148180244,4,R
2148180244,4,W
2148180500,4,R
2148180500,4,W
2148180756,4,R
2148180756,4,W
2148181012,4,R
2148181012,4,W
2148181268,4,R
2148181268,4,W
2148181524,4,R
2148181524,4,W
2148181780,4,R
2148181780,4,W
2148182036,4,R
2148182036,4,W
2148182292,4,R
2148182292,4,W
2148182548,4,R
2148182548,4,W
2148182804,4,R
2148182804,4,W
2148183060,4,R
2148183060,4,W
2148183316,4,R
2148183316,4,W
2148183572,4,R
2148183572,4,W
2148183828,4,R
2148183828,4,W
2148184084,4,R
2148184084,4,W
2148184340,4,R
2148184340,4,W
2148184596,4,R
2148184596,4,W
2148184852,4,R
2148184852,4,W
2148185108,4,R
2148185108,4,W
2148185364,4,R
2148185364,4,W
2148185620,4,R
2148185620,4,W
2148185876,4,R
2148185876,4,W
2148186132,4,R
2148186132,4,W
2148186388,4,R
2148186388,4,W
2148186644,4,R
2148186644,4,W
2148186900,4,R
2148186900,4,W
2148187156,4,R
2148187156,4,W
2148187412,4,R
2148187412,4,W
2148187668,4,R
2148187668,4,W
2148171544,4,R
2148171544,4,W
2148171800,4,R
2148171800,4,W
2148172056,4,R
2148172056,4,W
2148172312,4,R
2148172312,4,W
2148172568,4,R
2148172568,4,W
2148172824,4,R
2148172824,4,W
2148173080,4,R
2148173080,4,W
2148173336,4,R
2148173336,4,W
2148173592,4,R
2148173592,4,W
2148173848,4,R
2148173848,4,W
2148174104,4,R
2148174104,4,W
2148174360,4,R
2148174360,4,W
2148174616,4,R
2148174616,4,W
2148174872,4,R
2148174872,4,W
2148175128,4,R
2148175128,4,W
2148175384,4,R
2148175384,4,W
2148175640,4,R
2148175640,4,W
2148175896,4,R
2148175896,4,W
2148176152,4,R
2148176152,4,W
2148176408,4,R
2148176408,4,W
2148176664,4,R
2148176664,4,W
2148176920,4,R
2148176920,4,W
2148177176,4,R
2148177176,4,W
2148177432,4,R
2148177432,4,W
2148177688,4,R
2148177688,4,W
2148177944,4,R
2148177944,4,W
2148178200,4,R
2148178200,4,W
2148178456,4,R
2148178456,4,W
2148178712,4,R
2148178712,4,W
2148178968,4,R
2148178968,4,W
2148179224,4,R
2148179224,4,W
2148179480,4,R
2148179480,4,W
2148179736,4,R
2148179736,4,W
2148179992,4,R
2148179992,4,W
2148180248,4,R
2148180248,4,W
2148180504,4,R
2148180504,4,W
2148180760,4,R
2148180760,4,W
2148181016,4,R
2148181016,4,W
2148181272,4,R
2148181272,4,W
2148181528,4,R
2148181528,4,W
2148181784,4,R
2148181784,4,W
2148182040,4,R
2148182040,4,W
2148182296,4,R
2148182296,4,W
2148182552,4,R
2148182552,4,W
2148182808,4,R
2148182808,4,W
2148183064,4,R
2148183064,4,W
2148183320,4,R
2148183320,4,W
2148183576,4,R
2148183576,4,W
2148183832,4,R
2148183832,4,W
2148184088,4,R
2148184088,4,W
2148184344,4,R
2148184344,4,W
2148184600,4,R
2148184600,4,W
2148184856,4,R
2148184856,4,W
2148185112,4,R
2148185112,4,W
2148185368,4,R
2148185368,4,W
2148185624,4,R
2148185624,4,W
2148185880,4,R
2148185880,4,W
2148186136,4,R
2148186136,4,W
2148186392,4,R
2148186392,4,W
2148186648,4,R
2148186648,4,W
2148186904,4,R
2148186904,4,W
2148187160,4,R
2148187160,4,W
2148187416,4,R
2148187416,4,W
2148187672,4,R
2148187672,4,W
2148171548,4,R
2148171548,4,W
2148171804,4,R
2148171804,4,W
2148172060,4,R
2148172060,4,W
2148172316,4,R
2148172316,4,W
2148172572,4,R
2148172572,4,W
2148172828,4,R
2148172828,4,W
2148173084,4,R
2148173084,4,W
2148173340,4,R
2148173340,4,W
2148173596,4,R
2148173596,4,W
2148173852,4,R
2148173852,4,W
2148174108,4,R
2148174108,4,W
2148174364,4,R
2148174364,4,W
2148174620,4,R
2148174620,4,W
2148174876,4,R
2148174876,4,W
2148175132,4,R
2148175132,4,W
2148175388,4,R
2148175388,4,W
2148175644,4,R
2148175644,4,W
2148175900,4,R
2148175900,4,W
2148176156,4,R
2148176156,4,W
2148176412,4,R
2148176412,4,W
2148176668,4,R
2148176668,4,W
2148176924,4,R
2148176924,4,W
2148177180,4,R
2148177180,4,W
2148177436,4,R
2148177436,4,W
2148177692,4,R
2148177692,4,W
2148177948,4,R
2148177948,4,W
2148178204,4,R
2148178204,4,W
2148178460,4,R
2148178460,4,W
2148178716,4,R
2148178716,4,W
2148178972,4,R
2148178972,4,W
2148179228,4,R
2148179228,4,W
2148179484,4,R
2148179484,4,W
2148179740,4,R
2148179740,4,W
2148179996,4,R
2148179996,4,W
2148180252,4,R
2148180252,4,W
2148180508,4,R
2148180508,4,W
2148180764,4,R
2148180764,4,W
2148181020,4,R
2148181020,4,W
2148181276,4,R
2148181276,4,W
2148181532,4,R
2148181532,4,W
2148181788,4,R
2148181788,4,W
2148182044,4,R
2148182044,4,W
2148182300,4,R
2148182300,4,W
2148182556,4,R
2148182556,4,W
2148182812,4,R
2148182812,4,W
2148183068,4,R
2148183068,4,W
2148183324,4,R
2148183324,4,W
2148183580,4,R
2148183580,4,W
2148183836,4,R
2148183836,4,W
2148184092,4,R
2148184092,4,W
2148184348,4,R
2148184348,4,W
2148184604,4,R
2148184604,4,W
2148184860,4,R
2148184860,4,W
2148185116,4,R
2148185116,4,W
2148185372,4,R
2148185372,4,W
2148185628,4,R
2148185628,4,W
2148185884,4,R
2148185884,4,W
2148186140,4,R
2148186140,4,W
2148186396,4,R
2148186396,4,W
2148186652,4,R
2148186652,4,W
2148186908,4,R
2148186908,4,W
2148187164,4,R
2148187164,4,W
2148187420,4,R
2148187420,4,W
2148187676,4,R
2148187676,4,W
2148171552,4,R
2148171552,4,W
2148171808,4,R
2148171808,4,W
2148172064,4,R
2148172064,4,W
2148172320,4,R
2148172320,4,W
2148172576,4,R
2148172576,4,W
2148172832,4,R
2148172832,4,W
2148173088,4,R
2148173088,4,W
2148173344,4,R
2148173344,4,W
2148173600,4,R
2148173600,4,W
2148173856,4,R
2148173856,4,W
2148174112,4,R
2148174112,4,W
2148174368,4,R
2148174368,4,W
2148174624,4,R
2148174624,4,W
2148174880,4,R
2148174880,4,W
2148175136,4,R
2148175136,4,W
2148175392,4,R
2148175392,4,W
2148175648,4,R
2148175648,4,W
2148175904,4,R
2148175904,4,W
2148176160,4,R
2148176160,4,W
2148176416,4,R
2148176416,4,W
2148176672,4,R
2148176672,4,W
2148176928,4,R
2148176928,4,W
2148177184,4,R
2148177184,4,W
2148177440,4,R
2148177440,4,W
2148177696,4,R
2148177696,4,W
2148177952,4,R
2148177952,4,W
2148178208,4,R
2148178208,4,W
2148178464,4,R
2148178464,4,W
2148178720,4,R
2148178720,4,W
2148178976,4,R
2148178976,4,W
2148179232,4,R
2148179232,4,W
2148179488,4,R
2148179488,4,W
2148179744,4,R
2148179744,4,W
2148180000,4,R
2148180000,4,W
2148180256,4,R
2148180256,4,W
2148180512,4,R
2148180512,4,W
2148180768,4,R
2148180768,4,W
2148181024,4,R
2148181024,4,W
2148181280,4,R
2148181280,4,W
2148181536,4,R
2148181536,4,W
2148181792,4,R
2148181792,4,W
2148182048,4,R
2148182048,4,W
2148182304,4,R
2148182304,4,W
2148182560,4,R
2148182560,4,W
2148182816,4,R
2148182816,4,W
2148183072,4,R
2148183072,4,W
2148183328,4,R
2148183328,4,W
2148183584,4,R
2148183584,4,W
2148183840,4,R
2148183840,4,W
2148184096,4,R
2148184096,4,W
2148184352,4,R
2148184352,4,W
2148184608,4,R
2148184608,4,W
2148184864,4,R
2148184864,4,W
2148185120,4,R
2148185120,4,W
2148185376,4,R
2148185376,4,W
2148185632,4,R
2148185632,4,W
2148185888,4,R
2148185888,4,W
2148186144,4,R
2148186144,4,W
2148186400,4,R
2148186400,4,W
2148186656,4,R
2148186656,4,W
2148186912,4,R
2148186912,4,W
2148187168,4,R
2148187168,4,W
2148187424,4,R
2148187424,4,W
2148187680,4,R
2148187680,4,W
2148171556,4,R
2148171556,4,W
2148171812,4,R
2148171812,4,W
2148172068,4,R
2148172068,4,W
2148172324,4,R
2148172324,4,W
2148172580,4,R
2148172580,4,W
2148172836,4,R
2148172836,4,W
2148173092,4,R
2148173092,4,W
2148173348,4,R
2148173348,4,W
2148173604,4,R
2148173604,4,W
2148173860,4,R
2148173860,4,W
2148174116,4,R
2148174116,4,W
2148174372,4,R
2148174372,4,W
2148174628,4,R
2148174628,4,W
2148174884,4,R
2148174884,4,W
2148175140,4,R
2148175140,4,W
2148175396,4,R
2148175396,4,W
2148175652,4,R
2148175652,4,W
2148175908,4,R
2148175908,4,W
2148176164,4,R
2148176164,4,W
2148176420,4,R
2148176420,4,W
2148176676,4,R
2148176676,4,W
2148176932,4,R
2148176932,4,W
2148177188,4,R
2148177188,4,W
2148177444,4,R
2148177444,4,W
2148177700,4,R
2148177700,4,W
2148177956,4,R
2148177956,4,W
2148178212,4,R
2148178212,4,W
2148178468,4,R
2148178468,4,W
2148178724,4,R
2148178724,4,W
2148178980,4,R
2148178980,4,W
2148179236,4,R
2148179236,4,W
2148179492,4,R
2148179492,4,W
2148179748,4,R
2148179748,4,W
2148180004,4,R
2148180004,4,W
2148180260,4,R
2148180260,4,W
2148180516,4,R
2148180516,4,W
2148180772,4,R
2148180772,4,W
2148181028,4,R
2148181028,4,W
2148181284,4,R
2148181284,4,W
2148181540,4,R
2148181540,4,W
2148181796,4,R
2148181796,4,W
2148182052,4,R
2148182052,4,W
2148182308,4,R
2148182308,4,W
2148182564,4,R
2148182564,4,W
2148182820,4,R
2148182820,4,W
2148183076,4,R
2148183076,4,W
2148183332,4,R
2148183332,4,W
2148183588,4,R
2148183588,4,W
2148183844,4,R
2148183844,4,W
2148184100,4,R
2148184100,4,W
2148184356,4,R
2148184356,4,W
2148184612,4,R
2148184612,4,W
2148184868,4,R
2148184868,4,W
2148185124,4,R
2148185124,4,W
2148185380,4,R
2148185380,4,W
2148185636,4,R
2148185636,4,W
2148185892,4,R
2148185892,4,W
2148186148,4,R
2148186148,4,W
2148186404,4,R
2148186404,4,W
2148186660,4,R
2148186660,4,W
2148186916,4,R
2148186916,4,W
2148187172,4,R
2148187172,4,W
2148187428,4,R
2148187428,4,W
2148187684,4,R
2148187684,4,W
2148171560,4,R
2148171560,4,W
2148171816,4,R
2148171816,4,W
2148172072,4,R
2148172072,4,W
2148172328,4,R
2148172328,4,W
2148172584,4,R
2148172584,4,W
2148172840,4,R
2148172840,4,W
2148173096,4,R
2148173096,4,W
2148173352,4,R
2148173352,4,W
2148173608,4,R
2148173608,4,W
2148173864,4,R
2148173864,4,W
2148174120,4,R
2148174120,4,W
2148174376,4,R
2148174376,4,W
2148174632,4,R
2148174632,4,W
2148174888,4,R
2148174888,4,W
2148175144,4,R
2148175144,4,W
2148175400,4,R
2148175400,4,W
2148175656,4,R
2148175656,4,W
2148175912,4,R
2148175912,4,W
2148176168,4,R
2148176168,4,W
2148176424,4,R
2148176424,4,W
2148176680,4,R
2148176680,4,W
2148176936,4,R
2148176936,4,W
2148177192,4,R
2148177192,4,W
2148177448,4,R
2148177448,4,W
2148177704,4,R
2148177704,4,W
2148177960,4,R
2148177960,4,W
2148178216,4,R
2148178216,4,W
2148178472,4,R
2148178472,4,W
2148178728,4,R
2148178728,4,W
2148178984,4,R
2148178984,4,W
2148179240,4,R
2148179240,4,W
2148179496,4,R
2148179496,4,W
2148179752,4,R
2148179752,4,W
2148180008,4,R
2148180008,4,W
2148180264,4,R
2148180264,4,W
2148180520,4,R
2148180520,4,W
2148180776,4,R
2148180776,4,W
2148181032,4,R
2148181032,4,W
2148181288,4,R
2148181288,4,W
2148181544,4,R
2148181544,4,W
2148181800,4,R
2148181800,4,W
2148182056,4,R
2148182056,4,W
2148182312,4,R
2148182312,4,W
2148182568,4,R
2148182568,4,W
2148182824,4,R
2148182824,4,W
2148183080,4,R
2148183080,4,W
2148183336,4,R
2148183336,4,W
2148183592,4,R
2148183592,4,W
2148183848,4,R
2148183848,4,W
2148184104,4,R
2148184104,4,W
2148184360,4,R
2148184360,4,W
2148184616,4,R
2148184616,4,W
2148184872,4,R
2148184872,4,W
2148185128,4,R
2148185128,4,W
2148185384,4,R
2148185384,4,W
2148185640,4,R
2148185640,4,W
2148185896,4,R
2148185896,4,W
2148186152,4,R
2148186152,4,W
2148186408,4,R
2148186408,4,W
2148186664,4,R
2148186664,4,W
2148186920,4,R
2148186920,4,W
2148187176,4,R
2148187176,4,W
2148187432,4,R
2148187432,4,W
2148187688,4,R
2148187688,4,W
2148171564,4,R
2148171564,4,W
2148171820,4,R
2148171820,4,W
2148172076,4,R
2148172076,4,W
2148172332,4,R
2148172332,4,W
2148172588,4,R
2148172588,4,W
2148172844,4,R
2148172844,4,W
2148173100,4,R
2148173100,4,W
2148173356,4,R
2148173356,4,W
2148173612,4,R
2148173612,4,W
2148173868,4,R
2148173868,4,W
2148174124,4,R
2148174124,4,W
2148174380,4,R
2148174380,4,W
2148174636,4,R
2148174636,4,W
2148174892,4,R
2148174892,4,W
2148175148,4,R
2148175148,4,W
2148175404,4,R
2148175404,4,W
2148175660,4,R
2148175660,4,W
2148175916,4,R
2148175916,4,W
2148176172,4,R
2148176172,4,W
2148176428,4,R
2148176428,4,W
2148176684,4,R
2148176684,4,W
2148176940,4,R
2148176940,4,W
2148177196,4,R
2148177196,4,W
2148177452,4,R
2148177452,4,W
2148177708,4,R
2148177708,4,W
2148177964,4,R
2148177964,4,W
2148178220,4,R
2148178220,4,W
2148178476,4,R
2148178476,4,W
2148178732,4,R
2148178732,4,W
2148178988,4,R
2148178988,4,W
2148179244,4,R
2148179244,4,W
2148179500,4,R
2148179500,4,W
2148179756,4,R
2148179756,4,W
2148180012,4,R
2148180012,4,W
2148180268,4,R
2148180268,4,W
2148180524,4,R
2148180524,4,W
2148180780,4,R
2148180780,4,W
2148181036,4,R
2148181036,4,W
2148181292,4,R
2148181292,4,W
2148181548,4,R
2148181548,4,W
2148181804,4,R
2148181804,4,W
2148182060,4,R
2148182060,4,W
2148182316,4,R
2148182316,4,W
2148182572,4,R
2148182572,4,W
2148182828,4,R
2148182828,4,W
2148183084,4,R
2148183084,4,W
2148183340,4,R
2148183340,4,W
2148183596,4,R
2148183596,4,W
2148183852,4,R
2148183852,4,W
2148184108,4,R
2148184108,4,W
2148184364,4,R
2148184364,4,W
2148184620,4,R
2148184620,4,W
2148184876,4,R
2148184876,4,W
2148185132,4,R
2148185132,4,W
2148185388,4,R
2148185388,4,W
2148185644,4,R
2148185644,4,W
2148185900,4,R
2148185900,4,W
2148186156,4,R
2148186156,4,W
2148186412,4,R
2148186412,4,W
2148186668,4,R
2148186668,4,W
2148186924,4,R
2148186924,4,W
2148187180,4,R
2148187180,4,W
2148187436,4,R
2148187436,4,W
2148187692,4,R
2148187692,4,W
2148171568,4,R
2148171568,4,W
2148171824,4,R
2148171824,4,W
2148172080,4,R
2148172080,4,W
2148172336,4,R
2148172336,4,W
2148172592,4,R
2148172592,4,W
2148172848,4,R
2148172848,4,W
2148173104,4,R
2148173104,4,W
2148173360,4,R
2148173360,4,W
2148173616,4,R
2148173616,4,W
2148173872,4,R
2148173872,4,W
2148174128,4,R
2148174128,4,W
2148174384,4,R
2148174384,4,W
2148174640,4,R
2148174640,4,W
2148174896,4,R
2148174896,4,W
2148175152,4,R
2148175152,4,W
2148175408,4,R
2148175408,4,W
2148175664,4,R
2148175664,4,W
2148175920,4,R
2148175920,4,W
2148176176,4,R
2148176176,4,W
2148176432,4,R
2148176432,4,W
2148176688,4,R
2148176688,4,W
2148176944,4,R
2148176944,4,W
2148177200,4,R
2148177200,4,W
2148177456,4,R
2148177456,4,W
2148177712,4,R
2148177712,4,W
2148177968,4,R
2148177968,4,W
2148178224,4,R
2148178224,4,W
2148178480,4,R
2148178480,4,W
2148178736,4,R
2148178736,4,W
2148178992,4,R
2148178992,4,W
2148179248,4,R
2148179248,4,W
2148179504,4,R
2148179504,4,W
2148179760,4,R
2148179760,4,W
2148180016,4,R
2148180016,4,W
2148180272,4,R
2148180272,4,W
2148180528,4,R
2148180528,4,W
2148180784,4,R
2148180784,4,W
2148181040,4,R
2148181040,4,W
2148181296,4,R
2148181296,4,W
2148181552,4,R
2148181552,4,W
2148181808,4,R
2148181808,4,W
2148182064,4,R
2148182064,4,W
2148182320,4,R
2148182320,4,W
2148182576,4,R
2148182576,4,W
2148182832,4,R
2148182832,4,W
2148183088,4,R
2148183088,4,W
2148183344,4,R
2148183344,4,W
2148183600,4,R
2148183600,4,W
2148183856,4,R
2148183856,4,W
2148184112,4,R
2148184112,4,W
2148184368,4,R
2148184368,4,W
2148184624,4,R
2148184624,4,W
2148184880,4,R
2148184880,4,W
2148185136,4,R
2148185136,4,W
2148185392,4,R
2148185392,4,W
2148185648,4,R
2148185648,4,W
2148185904,4,R
2148185904,4,W
2148186160,4,R
2148186160,4,W
2148186416,4,R
2148186416,4,W
2148186672,4,R
2148186672,4,W
2148186928,4,R
2148186928,4,W
2148187184,4,R
2148187184,4,W
2148187440,4,R
2148187440,4,W
2148187696,4,R
2148187696,4,W
2148171572,4,R
2148171572,4,W
2148171828,4,R
2148171828,4,W
2148172084,4,R
2148172084,4,W
2148172340,4,R
2148172340,4,W
2148172596,4,R
2148172596,4,W
2148172852,4,R
2148172852,4,W
2148173108,4,R
2148173108,4,W
2148173364,4,R
2148173364,4,W
2148173620,4,R
2148173620,4,W
2148173876,4,R
2148173876,4,W
2148174132,4,R
2148174132,4,W
2148174388,4,R
2148174388,4,W
2148174644,4,R
2148174644,4,W
2148174900,4,R
2148174900,4,W
2148175156,4,R
2148175156,4,W
2148175412,4,R
2148175412,4,W
2148175668,4,R
2148175668,4,W
2148175924,4,R
2148175924,4,W
2148176180,4,R
2148176180,4,W
2148176436,4,R
2148176436,4,W
2148176692,4,R
2148176692,4,W
2148176948,4,R
2148176948,4,W
2148177204,4,R
2148177204,4,W
2148177460,4,R
2148177460,4,W
2148177716,4,R
2148177716,4,W
2148177972,4,R
2148177972,4,W
2148178228,4,R
2148178228,4,W
2148178484,4,R
2148178484,4,W
2148178740,4,R
2148178740,4,W
2148178996,4,R
2148178996,4,W
2148179252,4,R
2148179252,4,W
2148179508,4,R
2148179508,4,W
2148179764,4,R
2148179764,4,W
2148180020,4,R
2148180020,4,W
2148180276,4,R
2148180276,4,W
2148180532,4,R
2148180532,4,W
2148180788,4,R
2148180788,4,W
2148181044,4,R
2148181044,4,W
2148181300,4,R
2148181300,4,W
2148181556,4,R
2148181556,4,W
2148181812,4,R
2148181812,4,W
2148182068,4,R
2148182068,4,W
2148182324,4,R
2148182324,4,W
2148182580,4,R
2148182580,4,W
2148182836,4,R
2148182836,4,W
2148183092,4,R
2148183092,4,W
2148183348,4,R
2148183348,4,W
2148183604,4,R
2148183604,4,W
2148183860,4,R
2148183860,4,W
2148184116,4,R
2148184116,4,W
2148184372,4,R
2148184372,4,W
2148184628,4,R
2148184628,4,W
2148184884,4,R
2148184884,4,W
2148185140,4,R
2148185140,4,W
2148185396,4,R
2148185396,4,W
2148185652,4,R
2148185652,4,W
2148185908,4,R
2148185908,4,W
2148186164,4,R
2148186164,4,W
2148186420,4,R
2148186420,4,W
2148186676,4,R
2148186676,4,W
2148186932,4,R
2148186932,4,W
2148187188,4,R
2148187188,4,W
2148187444,4,R
2148187444,4,W
2148187700,4,R
2148187700,4,W
2148171576,4,R
2148171576,4,W
2148171832,4,R
2148171832,4,W
2148172088,4,R
2148172088,4,W
2148172344,4,R
2148172344,4,W
2148172600,4,R
2148172600,4,W
2148172856,4,R
2148172856,4,W
2148173112,4,R
2148173112,4,W
2148173368,4,R
2148173368,4,W
2148173624,4,R
2148173624,4,W
2148173880,4,R
2148173880,4,W
2148174136,4,R
2148174136,4,W
2148174392,4,R
2148174392,4,W
2148174648,4,R
2148174648,4,W
2148174904,4,R
2148174904,4,W
2148175160,4,R
2148175160,4,W
2148175416,4,R
2148175416,4,W
2148175672,4,R
2148175672,4,W
2148175928,4,R
2148175928,4,W
2148176184,4,R
2148176184,4,W
2148176440,4,R
2148176440,4,W
2148176696,4,R
2148176696,4,W
2148176952,4,R
2148176952,4,W
2148177208,4,R
2148177208,4,W
2148177464,4,R
2148177464,4,W
2148177720,4,R
2148177720,4,W
2148177976,4,R
2148177976,4,W
2148178232,4,R
2148178232,4,W
2148178488,4,R
2148178488,4,W
2148178744,4,R
2148178744,4,W
2148179000,4,R
2148179000,4,W
2148179256,4,R
2148179256,4,W
2148179512,4,R
2148179512,4,W
2148179768,4,R
2148179768,4,W
2148180024,4,R
2148180024,4,W
2148180280,4,R
2148180280,4,W
2148180536,4,R
2148180536,4,W
2148180792,4,R
2148180792,4,W
2148181048,4,R
2148181048,4,W
2148181304,4,R
2148181304,4,W
2148181560,4,R
2148181560,4,W
2148181816,4,R
2148181816,4,W
2148182072,4,R
2148182072,4,W
2148182328,4,R
2148182328,4,W
2148182584,4,R
2148182584,4,W
2148182840,4,R
2148182840,4,W
2148183096,4,R
2148183096,4,W
2148183352,4,R
2148183352,4,W
2148183608,4,R
2148183608,4,W
2148183864,4,R
2148183864,4,W
2148184120,4,R
2148184120,4,W
2148184376,4,R
2148184376,4,W
2148184632,4,R
2148184632,4,W
2148184888,4,R
2148184888,4,W
2148185144,4,R
2148185144,4,W
2148185400,4,R
2148185400,4,W
2148185656,4,R
2148185656,4,W
2148185912,4,R
2148185912,4,W
2148186168,4,R
2148186168,4,W
2148186424,4,R
2148186424,4,W
2148186680,4,R
2148186680,4,W
2148186936,4,R
2148186936,4,W
2148187192,4,R
2148187192,4,W
2148187448,4,R
2148187448,4,W
2148187704,4,R
2148187704,4,W
2148171580,4,R
2148171580,4,W
2148171836,4,R
2148171836,4,W
2148172092,4,R
2148172092,4,W
2148172348,4,R
2148172348,4,W
2148172604,4,R
2148172604,4,W
2148172860,4,R
2148172860,4,W
2148173116,4,R
2148173116,4,W
2148173372,4,R
2148173372,4,W
2148173628,4,R
2148173628,4,W
2148173884,4,R
2148173884,4,W
2148174140,4,R
2148174140,4,W
2148174396,4,R
2148174396,4,W
2148174652,4,R
2148174652,4,W
2148174908,4,R
2148174908,4,W
2148175164,4,R
2148175164,4,W
2148175420,4,R
2148175420,4,W
2148175676,4,R
2148175676,4,W
2148175932,4,R
2148175932,4,W
2148176188,4,R
2148176188,4,W
2148176444,4,R
2148176444,4,W
2148176700,4,R
2148176700,4,W
2148176956,4,R
2148176956,4,W
2148177212,4,R
2148177212,4,W
2148177468,4,R
2148177468,4,W
2148177724,4,R
2148177724,4,W
2148177980,4,R
2148177980,4,W
2148178236,4,R
2148178236,4,W
2148178492,4,R
2148178492,4,W
2148178748,4,R
2148178748,4,W
2148179004,4,R
2148179004,4,W
2148179260,4,R
2148179260,4,W
2148179516,4,R
2148179516,4,W
2148179772,4,R
2148179772,4,W
2148180028,4,R
2148180028,4,W
2148180284,4,R
2148180284,4,W
2148180540,4,R
2148180540,4,W
2148180796,4,R
2148180796,4,W
2148181052,4,R
2148181052,4,W
2148181308,4,R
2148181308,4,W
2148181564,4,R
2148181564,4,W
2148181820,4,R
2148181820,4,W
2148182076,4,R
2148182076,4,W
2148182332,4,R
2148182332,4,W
2148182588,4,R
2148182588,4,W
2148182844,4,R
2148182844,4,W
2148183100,4,R
2148183100,4,W
2148183356,4,R
2148183356,4,W
2148183612,4,R
2148183612,4,W
2148183868,4,R
2148183868,4,W
2148184124,4,R
2148184124,4,W
2148184380,4,R
2148184380,4,W
2148184636,4,R
2148184636,4,W
2148184892,4,R
2148184892,4,W
2148185148,4,R
2148185148,4,W
2148185404,4,R
2148185404,4,W
2148185660,4,R
2148185660,4,W
2148185916,4,R
2148185916,4,W
2148186172,4,R
2148186172,4,W
2148186428,4,R
2148186428,4,W
2148186684,4,R
2148186684,4,W
2148186940,4,R
2148186940,4,W
2148187196,4,R
2148187196,4,W
2148187452,4,R
2148187452,4,W
2148187708,4,R
2148187708,4,W
2148171584,4,R
2148171584,4,W
2148171840,4,R
2148171840,4,W
2148172096,4,R
2148172096,4,W
2148172352,4,R
2148172352,4,W
2148172608,4,R
2148172608,4,W
2148172864,4,R
2148172864,4,W
2148173120,4,R
2148173120,4,W
2148173376,4,R
2148173376,4,W
2148173632,4,R
2148173632,4,W
2148173888,4,R
2148173888,4,W
2148174144,4,R
2148174144,4,W
2148174400,4,R
2148174400,4,W
2148174656,4,R
2148174656,4,W
2148174912,4,R
2148174912,4,W
2148175168,4,R
2148175168,4,W
2148175424,4,R
2148175424,4,W
2148175680,4,R
2148175680,4,W
2148175936,4,R
2148175936,4,W
2148176192,4,R
2148176192,4,W
2148176448,4,R
2148176448,4,W
2148176704,4,R
2148176704,4,W
2148176960,4,R
2148176960,4,W
2148177216,4,R
2148177216,4,W
2148177472,4,R
2148177472,4,W
2148177728,4,R
2148177728,4,W
2148177984,4,R
2148177984,4,W
2148178240,4,R
2148178240,4,W
2148178496,4,R
2148178496,4,W
2148178752,4,R
2148178752,4,W
2148179008,4,R
2148179008,4,W
2148179264,4,R
2148179264,4,W
2148179520,4,R
2148179520,4,W
2148179776,4,R
2148179776,4,W
2148180032,4,R
2148180032,4,W
2148180288,4,R
2148180288,4,W
2148180544,4,R
2148180544,4,W
2148180800,4,R
2148180800,4,W
2148181056,4,R
2148181056,4,W
2148181312,4,R
2148181312,4,W
2148181568,4,R
2148181568,4,W
2148181824,4,R
2148181824,4,W
2148182080,4,R
2148182080,4,W
2148182336,4,R
2148182336,4,W
2148182592,4,R
2148182592,4,W
2148182848,4,R
2148182848,4,W
2148183104,4,R
2148183104,4,W
2148183360,4,R
2148183360,4,W
2148183616,4,R
2148183616,4,W
2148183872,4,R
2148183872,4,W
2148184128,4,R
2148184128,4,W
2148184384,4,R
2148184384,4,W
2148184640,4,R
2148184640,4,W
2148184896,4,R
2148184896,4,W
2148185152,4,R
2148185152,4,W
2148185408,4,R
2148185408,4,W
2148185664,4,R
2148185664,4,W
2148185920,4,R
2148185920,4,W
2148186176,4,R
2148186176,4,W
2148186432,4,R
2148186432,4,W
2148186688,4,R
2148186688,4,W
2148186944,4,R
2148186944,4,W
2148187200,4,R
2148187200,4,W
2148187456,4,R
2148187456,4,W
2148187712,4,R
2148187712,4,W
2148171588,4,R
2148171588,4,W
2148171844,4,R
2148171844,4,W
2148172100,4,R
2148172100,4,W
2148172356,4,R
2148172356,4,W
2148172612,4,R
2148172612,4,W
2148172868,4,R
2148172868,4,W
2148173124,4,R
2148173124,4,W
2148173380,4,R
2148173380,4,W
2148173636,4,R
2148173636,4,W
2148173892,4,R
2148173892,4,W
2148174148,4,R
2148174148,4,W
2148174404,4,R
2148174404,4,W
2148174660,4,R
2148174660,4,W
2148174916,4,R
2148174916,4,W
2148175172,4,R
2148175172,4,W
2148175428,4,R
2148175428,4,W
2148175684,4,R
2148175684,4,W
2148175940,4,R
2148175940,4,W
2148176196,4,R
2148176196,4,W
2148176452,4,R
2148176452,4,W
2148176708,4,R
2148176708,4,W
2148176964,4,R
2148176964,4,W
2148177220,4,R
2148177220,4,W
2148177476,4,R
2148177476,4,W
2148177732,4,R
2148177732,4,W
2148177988,4,R
2148177988,4,W
2148178244,4,R
2148178244,4,W
2148178500,4,R
2148178500,4,W
2148178756,4,R
2148178756,4,W
2148179012,4,R
2148179012,4,W
2148179268,4,R
2148179268,4,W
2148179524,4,R
2148179524,4,W
2148179780,4,R
2148179780,4,W
2148180036,4,R
2148180036,4,W
2148180292,4,R
2148180292,4,W
2148180548,4,R
2148180548,4,W
2148180804,4,R
2148180804,4,W
2148181060,4,R
2148181060,4,W
2148181316,4,R
2148181316,4,W
2148181572,4,R
2148181572,4,W
2148181828,4,R
2148181828,4,W
2148182084,4,R
2148182084,4,W
2148182340,4,R
2148182340,4,W
2148182596,4,R
2148182596,4,W
2148182852,4,R
2148182852,4,W
2148183108,4,R
2148183108,4,W
2148183364,4,R
2148183364,4,W
2148183620,4,R
2148183620,4,W
2148183876,4,R
2148183876,4,W
2148184132,4,R
2148184132,4,W
2148184388,4,R
2148184388,4,W
2148184644,4,R
2148184644,4,W
2148184900,4,R
2148184900,4,W
2148185156,4,R
2148185156,4,W
2148185412,4,R
2148185412,4,W
2148185668,4,R
2148185668,4,W
2148185924,4,R
2148185924,4,W
2148186180,4,R
2148186180,4,W
2148186436,4,R
2148186436,4,W
2148186692,4,R
2148186692,4,W
2148186948,4,R
2148186948,4,W
2148187204,4,R
2148187204,4,W
2148187460,4,R
2148187460,4,W
2148187716,4,R
2148187716,4,W
2148171592,4,R
2148171592,4,W
2148171848,4,R
2148171848,4,W
2148172104,4,R
2148172104,4,W
2148172360,4,R
2148172360,4,W
2148172616,4,R
2148172616,4,W
2148172872,4,R
2148172872,4,W
2148173128,4,R
2148173128,4,W
2148173384,4,R
2148173384,4,W
2148173640,4,R
2148173640,4,W
2148173896,4,R
2148173896,4,W
2148174152,4,R
2148174152,4,W
2148174408,4,R
2148174408,4,W
2148174664,4,R
2148174664,4,W
2148174920,4,R
2148174920,4,W
2148175176,4,R
2148175176,4,W
2148175432,4,R
2148175432,4,W
2148175688,4,R
2148175688,4,W
2148175944,4,R
2148175944,4,W
2148176200,4,R
2148176200,4,W
2148176456,4,R
2148176456,4,W
2148176712,4,R
2148176712,4,W
2148176968,4,R
2148176968,4,W
2148177224,4,R
2148177224,4,W
2148177480,4,R
2148177480,4,W
2148177736,4,R
2148177736,4,W
2148177992,4,R
2148177992,4,W
2148178248,4,R
2148178248,4,W
2148178504,4,R
2148178504,4,W
2148178760,4,R
2148178760,4,W
2148179016,4,R
2148179016,4,W
2148179272,4,R
2148179272,4,W
2148179528,4,R
2148179528,4,W
2148179784,4,R
2148179784,4,W
2148180040,4,R
2148180040,4,W
2148180296,4,R
2148180296,4,W
2148180552,4,R
2148180552,4,W
2148180808,4,R
2148180808,4,W
2148181064,4,R
2148181064,4,W
2148181320,4,R
2148181320,4,W
2148181576,4,R
2148181576,4,W
2148181832,4,R
2148181832,4,W
2148182088,4,R
2148182088,4,W
2148182344,4,R
2148182344,4,W
2148182600,4,R
2148182600,4,W
2148182856,4,R
2148182856,4,W
2148183112,4,R
2148183112,4,W
2148183368,4,R
2148183368,4,W
2148183624,4,R
2148183624,4,W
2148183880,4,R
2148183880,4,W
2148184136,4,R
2148184136,4,W
2148184392,4,R
2148184392,4,W
2148184648,4,R
2148184648,4,W
2148184904,4,R
2148184904,4,W
2148185160,4,R
2148185160,4,W
2148185416,4,R
2148185416,4,W
2148185672,4,R
2148185672,4,W
2148185928,4,R
2148185928,4,W
2148186184,4,R
2148186184,4,W
2148186440,4,R
2148186440,4,W
2148186696,4,R
2148186696,4,W
2148186952,4,R
2148186952,4,W
2148187208,4,R
2148187208,4,W
2148187464,4,R
2148187464,4,W
2148187720,4,R
2148187720,4,W
2148171596,4,R
2148171596,4,W
2148171852,4,R
2148171852,4,W
2148172108,4,R
2148172108,4,W
2148172364,4,R
2148172364,4,W
2148172620,4,R
2148172620,4,W
2148172876,4,R
2148172876,4,W
2148173132,4,R
2148173132,4,W
2148173388,4,R
2148173388,4,W
2148173644,4,R
2148173644,4,W
2148173900,4,R
2148173900,4,W
2148174156,4,R
2148174156,4,W
2148174412,4,R
2148174412,4,W
2148174668,4,R
2148174668,4,W
2148174924,4,R
2148174924,4,W
2148175180,4,R
2148175180,4,W
2148175436,4,R
2148175436,4,W
2148175692,4,R
2148175692,4,W
2148175948,4,R
2148175948,4,W
2148176204,4,R
2148176204,4,W
2148176460,4,R
2148176460,4,W
2148176716,4,R
2148176716,4,W
2148176972,4,R
2148176972,4,W
2148177228,4,R
2148177228,4,W
2148177484,4,R
2148177484,4,W
2148177740,4,R
2148177740,4,W
2148177996,4,R
2148177996,4,W
2148178252,4,R
2148178252,4,W
2148178508,4,R
2148178508,4,W
2148178764,4,R
2148178764,4,W
2148179020,4,R
2148179020,4,W
2148179276,4,R
2148179276,4,W
2148179532,4,R
2148179532,4,W
2148179788,4,R
2148179788,4,W
2148180044,4,R
2148180044,4,W
2148180300,4,R
2148180300,4,W
2148180556,4,R
2148180556,4,W
2148180812,4,R
2148180812,4,W
2148181068,4,R
2148181068,4,W
2148181324,4,R
2148181324,4,W
2148181580,4,R
2148181580,4,W
2148181836,4,R
2148181836,4,W
2148182092,4,R
2148182092,4,W
2148182348,4,R
2148182348,4,W
2148182604,4,R
2148182604,4,W
2148182860,4,R
2148182860,4,W
2148183116,4,R
2148183116,4,W
2148183372,4,R
2148183372,4,W
2148183628,4,R
2148183628,4,W
2148183884,4,R
2148183884,4,W
2148184140,4,R
2148184140,4,W
2148184396,4,R
2148184396,4,W
2148184652,4,R
2148184652,4,W
2148184908,4,R
2148184908,4,W
2148185164,4,R
2148185164,4,W
2148185420,4,R
2148185420,4,W
2148185676,4,R
2148185676,4,W
2148185932,4,R
2148185932,4,W
2148186188,4,R
2148186188,4,W
2148186444,4,R
2148186444,4,W
2148186700,4,R
2148186700,4,W
2148186956,4,R
2148186956,4,W
2148187212,4,R
2148187212,4,W
2148187468,4,R
2148187468,4,W
2148187724,4,R
2148187724,4,W
2148171600,4,R
2148171600,4,W
2148171856,4,R
2148171856,4,W
2148172112,4,R
2148172112,4,W
2148172368,4,R
2148172368,4,W
2148172624,4,R
2148172624,4,W
2148172880,4,R
2148172880,4,W
2148173136,4,R
2148173136,4,W
2148173392,4,R
2148173392,4,W
2148173648,4,R
2148173648,4,W
2148173904,4,R
2148173904,4,W
2148174160,4,R
2148174160,4,W
2148174416,4,R
2148174416,4,W
2148174672,4,R
2148174672,4,W
2148174928,4,R
2148174928,4,W
2148175184,4,R
2148175184,4,W
2148175440,4,R
2148175440,4,W
2148175696,4,R
2148175696,4,W
2148175952,4,R
2148175952,4,W
2148176208,4,R
2148176208,4,W
2148176464,4,R
2148176464,4,W
2148176720,4,R
2148176720,4,W
2148176976,4,R
2148176976,4,W
2148177232,4,R
2148177232,4,W
2148177488,4,R
2148177488,4,W
2148177744,4,R
2148177744,4,W
2148178000,4,R
2148178000,4,W
2148178256,4,R
2148178256,4,W
2148178512,4,R
2148178512,4,W
2148178768,4,R
2148178768,4,W
2148179024,4,R
2148179024,4,W
2148179280,4,R
2148179280,4,W
2148179536,4,R
2148179536,4,W
2148179792,4,R
2148179792,4,W
2148180048,4,R
2148180048,4,W
2148180304,4,R
2148180304,4,W
2148180560,4,R
2148180560,4,W
2148180816,4,R
2148180816,4,W
2148181072,4,R
2148181072,4,W
2148181328,4,R
2148181328,4,W
2148181584,4,R
2148181584,4,W
2148181840,4,R
2148181840,4,W
2148182096,4,R
2148182096,4,W
2148182352,4,R
2148182352,4,W
2148182608,4,R
2148182608,4,W
2148182864,4,R
2148182864,4,W
2148183120,4,R
2148183120,4,W
2148183376,4,R
2148183376,4,W
2148183632,4,R
2148183632,4,W
2148183888,4,R
2148183888,4,W
2148184144,4,R
2148184144,4,W
2148184400,4,R
2148184400,4,W
2148184656,4,R
2148184656,4,W
2148184912,4,R
2148184912,4,W
2148185168,4,R
2148185168,4,W
2148185424,4,R
2148185424,4,W
2148185680,4,R
2148185680,4,W
2148185936,4,R
2148185936,4,W
2148186192,4,R
2148186192,4,W
2148186448,4,R
2148186448,4,W
2148186704,4,R
2148186704,4,W
2148186960,4,R
2148186960,4,W
2148187216,4,R
2148187216,4,W
2148187472,4,R
2148187472,4,W
2148187728,4,R
2148187728,4,W
2148171604,4,R
2148171604,4,W
2148171860,4,R
2148171860,4,W
2148172116,4,R
2148172116,4,W
2148172372,4,R
2148172372,4,W
2148172628,4,R
2148172628,4,W
2148172884,4,R
2148172884,4,W
2148173140,4,R
2148173140,4,W
2148173396,4,R
2148173396,4,W
2148173652,4,R
2148173652,4,W
2148173908,4,R
2148173908,4,W
2148174164,4,R
2148174164,4,W
2148174420,4,R
2148174420,4,W
2148174676,4,R
2148174676,4,W
2148174932,4,R
2148174932,4,W
2148175188,4,R
2148175188,4,W
2148175444,4,R
2148175444,4,W
2148175700,4,R
2148175700,4,W
2148175956,4,R
2148175956,4,W
2148176212,4,R
2148176212,4,W
2148176468,4,R
2148176468,4,W
2148176724,4,R
2148176724,4,W
2148176980,4,R
2148176980,4,W
2148177236,4,R
2148177236,4,W
2148177492,4,R
2148177492,4,W
2148177748,4,R
2148177748,4,W
2148178004,4,R
2148178004,4,W
2148178260,4,R
2148178260,4,W
2148178516,4,R
2148178516,4,W
2148178772,4,R
2148178772,4,W
2148179028,4,R
2148179028,4,W
2148179284,4,R
2148179284,4,W
2148179540,4,R
2148179540,4,W
2148179796,4,R
2148179796,4,W
2148180052,4,R
2148180052,4,W
2148180308,4,R
2148180308,4,W
2148180564,4,R
2148180564,4,W
2148180820,4,R
2148180820,4,W
2148181076,4,R
2148181076,4,W
2148181332,4,R
2148181332,4,W
2148181588,4,R
2148181588,4,W
2148181844,4,R
2148181844,4,W
2148182100,4,R
2148182100,4,W
2148182356,4,R
2148182356,4,W
2148182612,4,R
2148182612,4,W
2148182868,4,R
2148182868,4,W
2148183124,4,R
2148183124,4,W
2148183380,4,R
2148183380,4,W
2148183636,4,R
2148183636,4,W
2148183892,4,R
2148183892,4,W
2148184148,4,R
2148184148,4,W
2148184404,4,R
2148184404,4,W
2148184660,4,R
2148184660,4,W
2148184916,4,R
2148184916,4,W
2148185172,4,R
2148185172,4,W
2148185428,4,R
2148185428,4,W
2148185684,4,R
2148185684,4,W
2148185940,4,R
2148185940,4,W
2148186196,4,R
2148186196,4,W
2148186452,4,R
2148186452,4,W
2148186708,4,R
2148186708,4,W
2148186964,4,R
2148186964,4,W
2148187220,4,R
2148187220,4,W
2148187476,4,R
2148187476,4,W
2148187732,4,R
2148187732,4,W
2148171608,4,R
2148171608,4,W
2148171864,4,R
2148171864,4,W
2148172120,4,R
2148172120,4,W
2148172376,4,R
2148172376,4,W
2148172632,4,R
2148172632,4,W
2148172888,4,R
2148172888,4,W
2148173144,4,R
2148173144,4,W
2148173400,4,R
2148173400,4,W
2148173656,4,R
2148173656,4,W
2148173912,4,R
2148173912,4,W
2148174168,4,R
2148174168,4,W
2148174424,4,R
2148174424,4,W
2148174680,4,R
2148174680,4,W
2148174936,4,R
2148174936,4,W
2148175192,4,R
2148175192,4,W
2148175448,4,R
2148175448,4,W
2148175704,4,R
2148175704,4,W
2148175960,4,R
2148175960,4,W
2148176216,4,R
2148176216,4,W
2148176472,4,R
2148176472,4,W
2148176728,4,R
2148176728,4,W
2148176984,4,R
2148176984,4,W
2148177240,4,R
2148177240,4,W
2148177496,4,R
2148177496,4,W
2148177752,4,R
2148177752,4,W
2148178008,4,R
2148178008,4,W
2148178264,4,R
2148178264,4,W
2148178520,4,R
2148178520,4,W
2148178776,4,R
2148178776,4,W
2148179032,4,R
2148179032,4,W
2148179288,4,R
2148179288,4,W
2148179544,4,R
2148179544,4,W
2148179800,4,R
2148179800,4,W
2148180056,4,R
2148180056,4,W
2148180312,4,R
2148180312,4,W
2148180568,4,R
2148180568,4,W
2148180824,4,R
2148180824,4,W
2148181080,4,R
2148181080,4,W
2148181336,4,R
2148181336,4,W
2148181592,4,R
2148181592,4,W
2148181848,4,R
2148181848,4,W
2148182104,4,R
2148182104,4,W
2148182360,4,R
2148182360,4,W
2148182616,4,R
2148182616,4,W
2148182872,4,R
2148182872,4,W
2148183128,4,R
2148183128,4,W
2148183384,4,R
2148183384,4,W
2148183640,4,R
2148183640,4,W
2148183896,4,R
2148183896,4,W
2148184152,4,R
2148184152,4,W
2148184408,4,R
2148184408,4,W
2148184664,4,R
2148184664,4,W
2148184920,4,R
2148184920,4,W
2148185176,4,R
2148185176,4,W
2148185432,4,R
2148185432,4,W
2148185688,4,R
2148185688,4,W
2148185944,4,R
2148185944,4,W
2148186200,4,R
2148186200,4,W
2148186456,4,R
2148186456,4,W
2148186712,4,R
2148186712,4,W
2148186968,4,R
2148186968,4,W
2148187224,4,R
2148187224,4,W
2148187480,4,R
2148187480,4,W
2148187736,4,R
2148187736,4,W
2148171612,4,R
2148171612,4,W
2148171868,4,R
2148171868,4,W
2148172124,4,R
2148172124,4,W
2148172380,4,R
2148172380,4,W
2148172636,4,R
2148172636,4,W
2148172892,4,R
2148172892,4,W
2148173148,4,R
2148173148,4,W
2148173404,4,R
2148173404,4,W
2148173660,4,R
2148173660,4,W
2148173916,4,R
2148173916,4,W
2148174172,4,R
2148174172,4,W
2148174428,4,R
2148174428,4,W
2148174684,4,R
2148174684,4,W
2148174940,4,R
2148174940,4,W
2148175196,4,R
2148175196,4,W
2148175452,4,R
2148175452,4,W
2148175708,4,R
2148175708,4,W
2148175964,4,R
2148175964,4,W
2148176220,4,R
2148176220,4,W
2148176476,4,R
2148176476,4,W
2148176732,4,R
2148176732,4,W
2148176988,4,R
2148176988,4,W
2148177244,4,R
2148177244,4,W
2148177500,4,R
2148177500,4,W
2148177756,4,R
2148177756,4,W
2148178012,4,R
2148178012,4,W
2148178268,4,R
2148178268,4,W
2148178524,4,R
2148178524,4,W
2148178780,4,R
2148178780,4,W
2148179036,4,R
2148179036,4,W
2148179292,4,R
2148179292,4,W
2148179548,4,R
2148179548,4,W
2148179804,4,R
2148179804,4,W
2148180060,4,R
2148180060,4,W
2148180316,4,R
2148180316,4,W
2148180572,4,R
2148180572,4,W
2148180828,4,R
2148180828,4,W
2148181084,4,R
2148181084,4,W
2148181340,4,R
2148181340,4,W
2148181596,4,R
2148181596,4,W
2148181852,4,R
2148181852,4,W
2148182108,4,R
2148182108,4,W
2148182364,4,R
2148182364,4,W
2148182620,4,R
2148182620,4,W
2148182876,4,R
2148182876,4,W
2148183132,4,R
2148183132,4,W
2148183388,4,R
2148183388,4,W
2148183644,4,R
2148183644,4,W
2148183900,4,R
2148183900,4,W
2148184156,4,R
2148184156,4,W
2148184412,4,R
2148184412,4,W
2148184668,4,R
2148184668,4,W
2148184924,4,R
2148184924,4,W
2148185180,4,R
2148185180,4,W
2148185436,4,R
2148185436,4,W
2148185692,4,R
2148185692,4,W
2148185948,4,R
2148185948,4,W
2148186204,4,R
2148186204,4,W
2148186460,4,R
2148186460,4,W
2148186716,4,R
2148186716,4,W
2148186972,4,R
2148186972,4,W
2148187228,4,R
2148187228,4,W
2148187484,4,R
2148187484,4,W
2148187740,4,R
2148187740,4,W
2148171616,4,R
2148171616,4,W
2148171872,4,R
2148171872,4,W
2148172128,4,R
2148172128,4,W
2148172384,4,R
2148172384,4,W
2148172640,4,R
2148172640,4,W
2148172896,4,R
2148172896,4,W
2148173152,4,R
2148173152,4,W
2148173408,4,R
2148173408,4,W
2148173664,4,R
2148173664,4,W
2148173920,4,R
2148173920,4,W
2148174176,4,R
2148174176,4,W
2148174432,4,R
2148174432,4,W
2148174688,4,R
2148174688,4,W
2148174944,4,R
2148174944,4,W
2148175200,4,R
2148175200,4,W
2148175456,4,R
2148175456,4,W
2148175712,4,R
2148175712,4,W
2148175968,4,R
2148175968,4,W
2148176224,4,R
2148176224,4,W
2148176480,4,R
2148176480,4,W
2148176736,4,R
2148176736,4,W
2148176992,4,R
2148176992,4,W
2148177248,4,R
2148177248,4,W
2148177504,4,R
2148177504,4,W
2148177760,4,R
2148177760,4,W
2148178016,4,R
2148178016,4,W
2148178272,4,R
2148178272,4,W
2148178528,4,R
2148178528,4,W
2148178784,4,R
2148178784,4,W
2148179040,4,R
2148179040,4,W
2148179296,4,R
2148179296,4,W
2148179552,4,R
2148179552,4,W
2148179808,4,R
2148179808,4,W
2148180064,4,R
2148180064,4,W
2148180320,4,R
2148180320,4,W
2148180576,4,R
2148180576,4,W
2148180832,4,R
2148180832,4,W
2148181088,4,R
2148181088,4,W
2148181344,4,R
2148181344,4,W
2148181600,4,R
2148181600,4,W
2148181856,4,R
2148181856,4,W
2148182112,4,R
2148182112,4,W
2148182368,4,R
2148182368,4,W
2148182624,4,R
2148182624,4,W
2148182880,4,R
2148182880,4,W
2148183136,4,R
2148183136,4,W
2148183392,4,R
2148183392,4,W
2148183648,4,R
2148183648,4,W
2148183904,4,R
2148183904,4,W
2148184160,4,R
2148184160,4,W
2148184416,4,R
2148184416,4,W
2148184672,4,R
2148184672,4,W
2148184928,4,R
2148184928,4,W
2148185184,4,R
2148185184,4,W
2148185440,4,R
2148185440,4,W
2148185696,4,R
2148185696,4,W
2148185952,4,R
2148185952,4,W
2148186208,4,R
2148186208,4,W
2148186464,4,R
2148186464,4,W
2148186720,4,R
2148186720,4,W
2148186976,4,R
2148186976,4,W
2148187232,4,R
2148187232,4,W
2148187488,4,R
2148187488,4,W
2148187744,4,R
2148187744,4,W
2148171620,4,R
2148171620,4,W
2148171876,4,R
2148171876,4,W
2148172132,4,R
2148172132,4,W
2148172388,4,R
2148172388,4,W
2148172644,4,R
2148172644,4,W
2148172900,4,R
2148172900,4,W
2148173156,4,R
2148173156,4,W
2148173412,4,R
2148173412,4,W
2148173668,4,R
2148173668,4,W
2148173924,4,R
2148173924,4,W
2148174180,4,R
2148174180,4,W
2148174436,4,R
2148174436,4,W
2148174692,4,R
2148174692,4,W
2148174948,4,R
2148174948,4,W
2148175204,4,R
2148175204,4,W
2148175460,4,R
2148175460,4,W
2148175716,4,R
2148175716,4,W
2148175972,4,R
2148175972,4,W
2148176228,4,R
2148176228,4,W
2148176484,4,R
2148176484,4,W
2148176740,4,R
2148176740,4,W
2148176996,4,R
2148176996,4,W
2148177252,4,R
2148177252,4,W
2148177508,4,R
2148177508,4,W
2148177764,4,R
2148177764,4,W
2148178020,4,R
2148178020,4,W
2148178276,4,R
2148178276,4,W
2148178532,4,R
2148178532,4,W
2148178788,4,R
2148178788,4,W
2148179044,4,R
2148179044,4,W
2148179300,4,R
2148179300,4,W
2148179556,4,R
2148179556,4,W
2148179812,4,R
2148179812,4,W
2148180068,4,R
2148180068,4,W
2148180324,4,R
2148180324,4,W
2148180580,4,R
2148180580,4,W
2148180836,4,R
2148180836,4,W
2148181092,4,R
2148181092,4,W
2148181348,4,R
2148181348,4,W
2148181604,4,R
2148181604,4,W
2148181860,4,R
2148181860,4,W
2148182116,4,R
2148182116,4,W
2148182372,4,R
2148182372,4,W
2148182628,4,R
2148182628,4,W
2148182884,4,R
2148182884,4,W
2148183140,4,R
2148183140,4,W
2148183396,4,R
2148183396,4,W
2148183652,4,R
2148183652,4,W
2148183908,4,R
2148183908,4,W
2148184164,4,R
2148184164,4,W
2148184420,4,R
2148184420,4,W
2148184676,4,R
2148184676,4,W
2148184932,4,R
2148184932,4,W
2148185188,4,R
2148185188,4,W
2148185444,4,R
2148185444,4,W
2148185700,4,R
2148185700,4,W
2148185956,4,R
2148185956,4,W
2148186212,4,R
2148186212,4,W
2148186468,4,R
2148186468,4,W
2148186724,4,R
2148186724,4,W
2148186980,4,R
2148186980,4,W
2148187236,4,R
2148187236,4,W
2148187492,4,R
2148187492,4,W
2148187748,4,R
2148187748,4,W
2148171624,4,R
2148171624,4,W
2148171880,4,R
2148171880,4,W
2148172136,4,R
2148172136,4,W
2148172392,4,R
2148172392,4,W
2148172648,4,R
2148172648,4,W
2148172904,4,R
2148172904,4,W
2148173160,4,R
2148173160,4,W
2148173416,4,R
2148173416,4,W
2148173672,4,R
2148173672,4,W
2148173928,4,R
2148173928,4,W
2148174184,4,R
2148174184,4,W
2148174440,4,R
2148174440,4,W
2148174696,4,R
2148174696,4,W
2148174952,4,R
2148174952,4,W
2148175208,4,R
2148175208,4,W
2148175464,4,R
2148175464,4,W
2148175720,4,R
2148175720,4,W
2148175976,4,R
2148175976,4,W
2148176232,4,R
2148176232,4,W
2148176488,4,R
2148176488,4,W
2148176744,4,R
2148176744,4,W
2148177000,4,R
2148177000,4,W
2148177256,4,R
2148177256,4,W
2148177512,4,R
2148177512,4,W
2148177768,4,R
2148177768,4,W
2148178024,4,R
2148178024,4,W
2148178280,4,R
2148178280,4,W
2148178536,4,R
2148178536,4,W
2148178792,4,R
2148178792,4,W
2148179048,4,R
2148179048,4,W
2148179304,4,R
2148179304,4,W
2148179560,4,R
2148179560,4,W
2148179816,4,R
2148179816,4,W
2148180072,4,R
2148180072,4,W
2148180328,4,R
2148180328,4,W
2148180584,4,R
2148180584,4,W
2148180840,4,R
2148180840,4,W
2148181096,4,R
2148181096,4,W
2148181352,4,R
2148181352,4,W
2148181608,4,R
2148181608,4,W
2148181864,4,R
2148181864,4,W
2148182120,4,R
2148182120,4,W
2148182376,4,R
2148182376,4,W
2148182632,4,R
2148182632,4,W
2148182888,4,R
2148182888,4,W
2148183144,4,R
2148183144,4,W
2148183400,4,R
2148183400,4,W
2148183656,4,R
2148183656,4,W
2148183912,4,R
2148183912,4,W
2148184168,4,R
2148184168,4,W
2148184424,4,R
2148184424,4,W
2148184680,4,R
2148184680,4,W
2148184936,4,R
2148184936,4,W
2148185192,4,R
2148185192,4,W
2148185448,4,R
2148185448,4,W
2148185704,4,R
2148185704,4,W
2148185960,4,R
2148185960,4,W
2148186216,4,R
2148186216,4,W
2148186472,4,R
2148186472,4,W
2148186728,4,R
2148186728,4,W
2148186984,4,R
2148186984,4,W
2148187240,4,R
2148187240,4,W
2148187496,4,R
2148187496,4,W
2148187752,4,R
2148187752,4,W
2148171628,4,R
2148171628,4,W
2148171884,4,R
2148171884,4,W
2148172140,4,R
2148172140,4,W
2148172396,4,R
2148172396,4,W
2148172652,4,R
2148172652,4,W
2148172908,4,R
2148172908,4,W
2148173164,4,R
2148173164,4,W
2148173420,4,R
2148173420,4,W
2148173676,4,R
2148173676,4,W
2148173932,4,R
2148173932,4,W
2148174188,4,R
2148174188,4,W
2148174444,4,R
2148174444,4,W
2148174700,4,R
2148174700,4,W
2148174956,4,R
2148174956,4,W
2148175212,4,R
2148175212,4,W
2148175468,4,R
2148175468,4,W
2148175724,4,R
2148175724,4,W
2148175980,4,R
2148175980,4,W
2148176236,4,R
2148176236,4,W
2148176492,4,R
2148176492,4,W
2148176748,4,R
2148176748,4,W
2148177004,4,R
2148177004,4,W
2148177260,4,R
2148177260,4,W
2148177516,4,R
2148177516,4,W
2148177772,4,R
2148177772,4,W
2148178028,4,R
2148178028,4,W
2148178284,4,R
2148178284,4,W
2148178540,4,R
2148178540,4,W
2148178796,4,R
2148178796,4,W
2148179052,4,R
2148179052,4,W
2148179308,4,R
2148179308,4,W
2148179564,4,R
2148179564,4,W
2148179820,4,R
2148179820,4,W
2148180076,4,R
2148180076,4,W
2148180332,4,R
2148180332,4,W
2148180588,4,R
2148180588,4,W
2148180844,4,R
2148180844,4,W
2148181100,4,R
2148181100,4,W
2148181356,4,R
2148181356,4,W
2148181612,4,R
2148181612,4,W
2148181868,4,R
2148181868,4,W
2148182124,4,R
2148182124,4,W
2148182380,4,R
2148182380,4,W
2148182636,4,R
2148182636,4,W
2148182892,4,R
2148182892,4,W
2148183148,4,R
2148183148,4,W
2148183404,4,R
2148183404,4,W
2148183660,4,R
2148183660,4,W
2148183916,4,R
2148183916,4,W
2148184172,4,R
2148184172,4,W
2148184428,4,R
2148184428,4,W
2148184684,4,R
2148184684,4,W
2148184940,4,R
2148184940,4,W
2148185196,4,R
2148185196,4,W
2148185452,4,R
2148185452,4,W
2148185708,4,R
2148185708,4,W
2148185964,4,R
2148185964,4,W
2148186220,4,R
2148186220,4,W
2148186476,4,R
2148186476,4,W
2148186732,4,R
2148186732,4,W
2148186988,4,R
2148186988,4,W
2148187244,4,R
2148187244,4,W
2148187500,4,R
2148187500,4,W
2148187756,4,R
2148187756,4,W
2148171632,4,R
2148171632,4,W
2148171888,4,R
2148171888,4,W
2148172144,4,R
2148172144,4,W
2148172400,4,R
2148172400,4,W
2148172656,4,R
2148172656,4,W
2148172912,4,R
2148172912,4,W
2148173168,4,R
2148173168,4,W
2148173424,4,R
2148173424,4,W
2148173680,4,R
2148173680,4,W
2148173936,4,R
2148173936,4,W
2148174192,4,R
2148174192,4,W
2148174448,4,R
2148174448,4,W
2148174704,4,R
2148174704,4,W
2148174960,4,R
2148174960,4,W
2148175216,4,R
2148175216,4,W
2148175472,4,R
2148175472,4,W
2148175728,4,R
2148175728,4,W
2148175984,4,R
2148175984,4,W
2148176240,4,R
2148176240,4,W
2148176496,4,R
2148176496,4,W
2148176752,4,R
2148176752,4,W
2148177008,4,R
2148177008,4,W
2148177264,4,R
2148177264,4,W
2148177520,4,R
2148177520,4,W
2148177776,4,R
2148177776,4,W
2148178032,4,R
2148178032,4,W
2148178288,4,R
2148178288,4,W
2148178544,4,R
2148178544,4,W
2148178800,4,R
2148178800,4,W
2148179056,4,R
2148179056,4,W
2148179312,4,R
2148179312,4,W
2148179568,4,R
2148179568,4,W
2148179824,4,R
2148179824,4,W
2148180080,4,R
2148180080,4,W
2148180336,4,R
2148180336,4,W
2148180592,4,R
2148180592,4,W
2148180848,4,R
2148180848,4,W
2148181104,4,R
2148181104,4,W
2148181360,4,R
2148181360,4,W
2148181616,4,R
2148181616,4,W
2148181872,4,R
2148181872,4,W
2148182128,4,R
2148182128,4,W
2148182384,4,R
2148182384,4,W
2148182640,4,R
2148182640,4,W
2148182896,4,R
2148182896,4,W
2148183152,4,R
2148183152,4,W
2148183408,4,R
2148183408,4,W
2148183664,4,R
2148183664,4,W
2148183920,4,R
2148183920,4,W
2148184176,4,R
2148184176,4,W
2148184432,4,R
2148184432,4,W
2148184688,4,R
2148184688,4,W
2148184944,4,R
2148184944,4,W
2148185200,4,R
2148185200,4,W
2148185456,4,R
2148185456,4,W
2148185712,4,R
2148185712,4,W
2148185968,4,R
2148185968,4,W
2148186224,4,R
2148186224,4,W
2148186480,4,R
2148186480,4,W
2148186736,4,R
2148186736,4,W
2148186992,4,R
2148186992,4,W
2148187248,4,R
2148187248,4,W
2148187504,4,R
2148187504,4,W
2148187760,4,R
2148187760,4,W
2148171636,4,R
2148171636,4,W
2148171892,4,R
2148171892,4,W
2148172148,4,R
2148172148,4,W
2148172404,4,R
2148172404,4,W
2148172660,4,R
2148172660,4,W
2148172916,4,R
2148172916,4,W
2148173172,4,R
2148173172,4,W
2148173428,4,R
2148173428,4,W
2148173684,4,R
2148173684,4,W
2148173940,4,R
2148173940,4,W
2148174196,4,R
2148174196,4,W
2148174452,4,R
2148174452,4,W
2148174708,4,R
2148174708,4,W
2148174964,4,R
2148174964,4,W
2148175220,4,R
2148175220,4,W
2148175476,4,R
2148175476,4,W
2148175732,4,R
2148175732,4,W
2148175988,4,R
2148175988,4,W
2148176244,4,R
2148176244,4,W
2148176500,4,R
2148176500,4,W
2148176756,4,R
2148176756,4,W
2148177012,4,R
2148177012,4,W
2148177268,4,R
2148177268,4,W
2148177524,4,R
2148177524,4,W
2148177780,4,R
2148177780,4,W
2148178036,4,R
2148178036,4,W
2148178292,4,R
2148178292,4,W
2148178548,4,R
2148178548,4,W
2148178804,4,R
2148178804,4,W
2148179060,4,R
2148179060,4,W
2148179316,4,R
2148179316,4,W
2148179572,4,R
2148179572,4,W
2148179828,4,R
2148179828,4,W
2148180084,4,R
2148180084,4,W
2148180340,4,R
2148180340,4,W
2148180596,4,R
2148180596,4,W
2148180852,4,R
2148180852,4,W
2148181108,4,R
2148181108,4,W
2148181364,4,R
2148181364,4,W
2148181620,4,R
2148181620,4,W
2148181876,4,R
2148181876,4,W
2148182132,4,R
2148182132,4,W
2148182388,4,R
2148182388,4,W
2148182644,4,R
2148182644,4,W
2148182900,4,R
2148182900,4,W
2148183156,4,R
2148183156,4,W
2148183412,4,R
2148183412,4,W
2148183668,4,R
2148183668,4,W
2148183924,4,R
2148183924,4,W
2148184180,4,R
2148184180,4,W
2148184436,4,R
2148184436,4,W
2148184692,4,R
2148184692,4,W
2148184948,4,R
2148184948,4,W
2148185204,4,R
2148185204,4,W
2148185460,4,R
2148185460,4,W
2148185716,4,R
2148185716,4,W
2148185972,4,R
2148185972,4,W
2148186228,4,R
2148186228,4,W
2148186484,4,R
2148186484,4,W
2148186740,4,R
2148186740,4,W
2148186996,4,R
2148186996,4,W
2148187252,4,R
2148187252,4,W
2148187508,4,R
2148187508,4,W
2148187764,4,R
2148187764,4,W
2148171640,4,R
2148171640,4,W
2148171896,4,R
2148171896,4,W
2148172152,4,R
2148172152,4,W
2148172408,4,R
2148172408,4,W
2148172664,4,R
2148172664,4,W
2148172920,4,R
2148172920,4,W
2148173176,4,R
2148173176,4,W
2148173432,4,R
2148173432,4,W
2148173688,4,R
2148173688,4,W
2148173944,4,R
2148173944,4,W
2148174200,4,R
2148174200,4,W
2148174456,4,R
2148174456,4,W
2148174712,4,R
2148174712,4,W
2148174968,4,R
2148174968,4,W
2148175224,4,R
2148175224,4,W
2148175480,4,R
2148175480,4,W
2148175736,4,R
2148175736,4,W
2148175992,4,R
2148175992,4,W
2148176248,4,R
2148176248,4,W
2148176504,4,R
2148176504,4,W
2148176760,4,R
2148176760,4,W
2148177016,4,R
2148177016,4,W
2148177272,4,R
2148177272,4,W
2148177528,4,R
2148177528,4,W
2148177784,4,R
2148177784,4,W
2148178040,4,R
2148178040,4,W
2148178296,4,R
2148178296,4,W
2148178552,4,R
2148178552,4,W
2148178808,4,R
2148178808,4,W
2148179064,4,R
2148179064,4,W
2148179320,4,R
2148179320,4,W
2148179576,4,R
2148179576,4,W
2148179832,4,R
2148179832,4,W
2148180088,4,R
2148180088,4,W
2148180344,4,R
2148180344,4,W
2148180600,4,R
2148180600,4,W
2148180856,4,R
2148180856,4,W
2148181112,4,R
2148181112,4,W
2148181368,4,R
2148181368,4,W
2148181624,4,R
2148181624,4,W
2148181880,4,R
2148181880,4,W
2148182136,4,R
2148182136,4,W
2148182392,4,R
2148182392,4,W
2148182648,4,R
2148182648,4,W
2148182904,4,R
2148182904,4,W
2148183160,4,R
2148183160,4,W
2148183416,4,R
2148183416,4,W
2148183672,4,R
2148183672,4,W
2148183928,4,R
2148183928,4,W
2148184184,4,R
2148184184,4,W
2148184440,4,R
2148184440,4,W
2148184696,4,R
2148184696,4,W
2148184952,4,R
2148184952,4,W
2148185208,4,R
2148185208,4,W
2148185464,4,R
2148185464,4,W
2148185720,4,R
2148185720,4,W
2148185976,4,R
2148185976,4,W
2148186232,4,R
2148186232,4,W
2148186488,4,R
2148186488,4,W
2148186744,4,R
2148186744,4,W
2148187000,4,R
2148187000,4,W
2148187256,4,R
2148187256,4,W
2148187512,4,R
2148187512,4,W
2148187768,4,R
2148187768,4,W
2148171644,4,R
2148171644,4,W
2148171900,4,R
2148171900,4,W
2148172156,4,R
2148172156,4,W
2148172412,4,R
2148172412,4,W
2148172668,4,R
2148172668,4,W
2148172924,4,R
2148172924,4,W
2148173180,4,R
2148173180,4,W
2148173436,4,R
2148173436,4,W
2148173692,4,R
2148173692,4,W
2148173948,4,R
2148173948,4,W
2148174204,4,R
2148174204,4,W
2148174460,4,R
2148174460,4,W
2148174716,4,R
2148174716,4,W
2148174972,4,R
2148174972,4,W
2148175228,4,R
2148175228,4,W
2148175484,4,R
2148175484,4,W
2148175740,4,R
2148175740,4,W
2148175996,4,R
2148175996,4,W
2148176252,4,R
2148176252,4,W
2148176508,4,R
2148176508,4,W
2148176764,4,R
2148176764,4,W
2148177020,4,R
2148177020,4,W
2148177276,4,R
2148177276,4,W
2148177532,4,R
2148177532,4,W
2148177788,4,R
2148177788,4,W
2148178044,4,R
2148178044,4,W
2148178300,4,R
2148178300,4,W
2148178556,4,R
2148178556,4,W
2148178812,4,R
2148178812,4,W
2148179068,4,R
2148179068,4,W
2148179324,4,R
2148179324,4,W
2148179580,4,R
2148179580,4,W
2148179836,4,R
2148179836,4,W
2148180092,4,R
2148180092,4,W
2148180348,4,R
2148180348,4,W
2148180604,4,R
2148180604,4,W
2148180860,4,R
2148180860,4,W
2148181116,4,R
2148181116,4,W
2148181372,4,R
2148181372,4,W
2148181628,4,R
2148181628,4,W
2148181884,4,R
2148181884,4,W
2148182140,4,R
2148182140,4,W
2148182396,4,R
2148182396,4,W
2148182652,4,R
2148182652,4,W
2148182908,4,R
2148182908,4,W
2148183164,4,R
2148183164,4,W
2148183420,4,R
2148183420,4,W
2148183676,4,R
2148183676,4,W
2148183932,4,R
2148183932,4,W
2148184188,4,R
2148184188,4,W
2148184444,4,R
2148184444,4,W
2148184700,4,R
2148184700,4,W
2148184956,4,R
2148184956,4,W
2148185212,4,R
2148185212,4,W
2148185468,4,R
2148185468,4,W
2148185724,4,R
2148185724,4,W
2148185980,4,R
2148185980,4,W
2148186236,4,R
2148186236,4,W
2148186492,4,R
2148186492,4,W
2148186748,4,R
2148186748,4,W
2148187004,4,R
2148187004,4,W
2148187260,4,R
2148187260,4,W
2148187516,4,R
2148187516,4,W
2148187772,4,R
2148187772,4,W
2148171648,4,R
2148171648,4,W
2148171904,4,R
2148171904,4,W
2148172160,4,R
2148172160,4,W
2148172416,4,R
2148172416,4,W
2148172672,4,R
2148172672,4,W
2148172928,4,R
2148172928,4,W
2148173184,4,R
2148173184,4,W
2148173440,4,R
2148173440,4,W
2148173696,4,R
2148173696,4,W
2148173952,4,R
2148173952,4,W
2148174208,4,R
2148174208,4,W
2148174464,4,R
2148174464,4,W
2148174720,4,R
2148174720,4,W
2148174976,4,R
2148174976,4,W
2148175232,4,R
2148175232,4,W
2148175488,4,R
2148175488,4,W
2148175744,4,R
2148175744,4,W
2148176000,4,R
2148176000,4,W
2148176256,4,R
2148176256,4,W
2148176512,4,R
2148176512,4,W
2148176768,4,R
2148176768,4,W
2148177024,4,R
2148177024,4,W
2148177280,4,R
2148177280,4,W
2148177536,4,R
2148177536,4,W
2148177792,4,R
2148177792,4,W
2148178048,4,R
2148178048,4,W
2148178304,4,R
2148178304,4,W
2148178560,4,R
2148178560,4,W
2148178816,4,R
2148178816,4,W
2148179072,4,R
2148179072,4,W
2148179328,4,R
2148179328,4,W
2148179584,4,R
2148179584,4,W
2148179840,4,R
2148179840,4,W
2148180096,4,R
2148180096,4,W
2148180352,4,R
2148180352,4,W
2148180608,4,R
2148180608,4,W
2148180864,4,R
2148180864,4,W
2148181120,4,R
2148181120,4,W
2148181376,4,R
2148181376,4,W
2148181632,4,R
2148181632,4,W
2148181888,4,R
2148181888,4,W
2148182144,4,R
2148182144,4,W
2148182400,4,R
2148182400,4,W
2148182656,4,R
2148182656,4,W
2148182912,4,R
2148182912,4,W
2148183168,4,R
2148183168,4,W
2148183424,4,R
2148183424,4,W
2148183680,4,R
2148183680,4,W
2148183936,4,R
2148183936,4,W
2148184192,4,R
2148184192,4,W
2148184448,4,R
2148184448,4,W
2148184704,4,R
2148184704,4,W
2148184960,4,R
2148184960,4,W
2148185216,4,R
2148185216,4,W
2148185472,4,R
2148185472,4,W
2148185728,4,R
2148185728,4,W
2148185984,4,R
2148185984,4,W
2148186240,4,R
2148186240,4,W
2148186496,4,R
2148186496,4,W
2148186752,4,R
2148186752,4,W
2148187008,4,R
2148187008,4,W
2148187264,4,R
2148187264,4,W
2148187520,4,R
2148187520,4,W
2148187776,4,R
2148187776,4,W
2148171652,4,R
2148171652,4,W
2148171908,4,R
2148171908,4,W
2148172164,4,R
2148172164,4,W
2148172420,4,R
2148172420,4,W
2148172676,4,R
2148172676,4,W
2148172932,4,R
2148172932,4,W
2148173188,4,R
2148173188,4,W
2148173444,4,R
2148173444,4,W
2148173700,4,R
2148173700,4,W
2148173956,4,R
2148173956,4,W
2148174212,4,R
2148174212,4,W
2148174468,4,R
2148174468,4,W
2148174724,4,R
2148174724,4,W
2148174980,4,R
2148174980,4,W
2148175236,4,R
2148175236,4,W
2148175492,4,R
2148175492,4,W
2148175748,4,R
2148175748,4,W
2148176004,4,R
2148176004,4,W
2148176260,4,R
2148176260,4,W
2148176516,4,R
2148176516,4,W
2148176772,4,R
2148176772,4,W
2148177028,4,R
2148177028,4,W
2148177284,4,R
2148177284,4,W
2148177540,4,R
2148177540,4,W
2148177796,4,R
2148177796,4,W
2148178052,4,R
2148178052,4,W
2148178308,4,R
2148178308,4,W
2148178564,4,R
2148178564,4,W
2148178820,4,R
2148178820,4,W
2148179076,4,R
2148179076,4,W
2148179332,4,R
2148179332,4,W
2148179588,4,R
2148179588,4,W
2148179844,4,R
2148179844,4,W
2148180100,4,R
2148180100,4,W
2148180356,4,R
2148180356,4,W
2148180612,4,R
2148180612,4,W
2148180868,4,R
2148180868,4,W
2148181124,4,R
2148181124,4,W
2148181380,4,R
2148181380,4,W
2148181636,4,R
2148181636,4,W
2148181892,4,R
2148181892,4,W
2148182148,4,R
2148182148,4,W
2148182404,4,R
2148182404,4,W
2148182660,4,R
2148182660,4,W
2148182916,4,R
2148182916,4,W
2148183172,4,R
2148183172,4,W
2148183428,4,R
2148183428,4,W
2148183684,4,R
2148183684,4,W
2148183940,4,R
2148183940,4,W
2148184196,4,R
2148184196,4,W
2148184452,4,R
2148184452,4,W
2148184708,4,R
2148184708,4,W
2148184964,4,R
2148184964,4,W
2148185220,4,R
2148185220,4,W
2148185476,4,R
2148185476,4,W
2148185732,4,R
2148185732,4,W
2148185988,4,R
2148185988,4,W
2148186244,4,R
2148186244,4,W
2148186500,4,R
2148186500,4,W
2148186756,4,R
2148186756,4,W
2148187012,4,R
2148187012,4,W
2148187268,4,R
2148187268,4,W
2148187524,4,R
2148187524,4,W
2148187780,4,R
2148187780,4,W
2148171656,4,R
2148171656,4,W
2148171912,4,R
2148171912,4,W
2148172168,4,R
2148172168,4,W
2148172424,4,R
2148172424,4,W
2148172680,4,R
2148172680,4,W
2148172936,4,R
2148172936,4,W
2148173192,4,R
2148173192,4,W
2148173448,4,R
2148173448,4,W
2148173704,4,R
2148173704,4,W
2148173960,4,R
2148173960,4,W
2148174216,4,R
2148174216,4,W
2148174472,4,R
2148174472,4,W
2148174728,4,R
2148174728,4,W
2148174984,4,R
2148174984,4,W
2148175240,4,R
2148175240,4,W
2148175496,4,R
2148175496,4,W
2148175752,4,R
2148175752,4,W
2148176008,4,R
2148176008,4,W
2148176264,4,R
2148176264,4,W
2148176520,4,R
2148176520,4,W
2148176776,4,R
2148176776,4,W
2148177032,4,R
2148177032,4,W
2148177288,4,R
2148177288,4,W
2148177544,4,R
2148177544,4,W
2148177800,4,R
2148177800,4,W
2148178056,4,R
2148178056,4,W
2148178312,4,R
2148178312,4,W
2148178568,4,R
2148178568,4,W
2148178824,4,R
2148178824,4,W
2148179080,4,R
2148179080,4,W
2148179336,4,R
2148179336,4,W
2148179592,4,R
2148179592,4,W
2148179848,4,R
2148179848,4,W
2148180104,4,R
2148180104,4,W
2148180360,4,R
2148180360,4,W
2148180616,4,R
2148180616,4,W
2148180872,4,R
2148180872,4,W
2148181128,4,R
2148181128,4,W
2148181384,4,R
2148181384,4,W
2148181640,4,R
2148181640,4,W
2148181896,4,R
2148181896,4,W
2148182152,4,R
2148182152,4,W
2148182408,4,R
2148182408,4,W
2148182664,4,R
2148182664,4,W
2148182920,4,R
2148182920,4,W
2148183176,4,R
2148183176,4,W
2148183432,4,R
2148183432,4,W
2148183688,4,R
2148183688,4,W
2148183944,4,R
2148183944,4,W
2148184200,4,R
2148184200,4,W
2148184456,4,R
2148184456,4,W
2148184712,4,R
2148184712,4,W
2148184968,4,R
2148184968,4,W
2148185224,4,R
2148185224,4,W
2148185480,4,R
2148185480,4,W
2148185736,4,R
2148185736,4,W
2148185992,4,R
2148185992,4,W
2148186248,4,R
2148186248,4,W
2148186504,4,R
2148186504,4,W
2148186760,4,R
2148186760,4,W
2148187016,4,R
2148187016,4,W
2148187272,4,R
2148187272,4,W
2148187528,4,R
2148187528,4,W
2148187784,4,R
2148187784,4,W
2148171660,4,R
2148171660,4,W
2148171916,4,R
2148171916,4,W
2148172172,4,R
2148172172,4,W
2148172428,4,R
2148172428,4,W
2148172684,4,R
2148172684,4,W
2148172940,4,R
2148172940,4,W
2148173196,4,R
2148173196,4,W
2148173452,4,R
2148173452,4,W
2148173708,4,R
2148173708,4,W
2148173964,4,R
2148173964,4,W
2148174220,4,R
2148174220,4,W
2148174476,4,R
2148174476,4,W
2148174732,4,R
2148174732,4,W
2148174988,4,R
2148174988,4,W
2148175244,4,R
2148175244,4,W
2148175500,4,R
2148175500,4,W
2148175756,4,R
2148175756,4,W
2148176012,4,R
2148176012,4,W
2148176268,4,R
2148176268,4,W
2148176524,4,R
2148176524,4,W
2148176780,4,R
2148176780,4,W
2148177036,4,R
2148177036,4,W
2148177292,4,R
2148177292,4,W
2148177548,4,R
2148177548,4,W
2148177804,4,R
2148177804,4,W
2148178060,4,R
2148178060,4,W
2148178316,4,R
2148178316,4,W
2148178572,4,R
2148178572,4,W
2148178828,4,R
2148178828,4,W
2148179084,4,R
2148179084,4,W
2148179340,4,R
2148179340,4,W
2148179596,4,R
2148179596,4,W
2148179852,4,R
2148179852,4,W
2148180108,4,R
2148180108,4,W
2148180364,4,R
2148180364,4,W
2148180620,4,R
2148180620,4,W
2148180876,4,R
2148180876,4,W
2148181132,4,R
2148181132,4,W
2148181388,4,R
2148181388,4,W
2148181644,4,R
2148181644,4,W
2148181900,4,R
2148181900,4,W
2148182156,4,R
2148182156,4,W
2148182412,4,R
2148182412,4,W
2148182668,4,R
2148182668,4,W
2148182924,4,R
2148182924,4,W
2148183180,4,R
2148183180,4,W
2148183436,4,R
2148183436,4,W
2148183692,4,R
2148183692,4,W
2148183948,4,R
2148183948,4,W
2148184204,4,R
2148184204,4,W
2148184460,4,R
2148184460,4,W
2148184716,4,R
2148184716,4,W
2148184972,4,R
2148184972,4,W
2148185228,4,R
2148185228,4,W
2148185484,4,R
2148185484,4,W
2148185740,4,R
2148185740,4,W
2148185996,4,R
2148185996,4,W
2148186252,4,R
2148186252,4,W
2148186508,4,R
2148186508,4,W
2148186764,4,R
2148186764,4,W
2148187020,4,R
2148187020,4,W
2148187276,4,R
2148187276,4,W
2148187532,4,R
2148187532,4,W
2148187788,4,R
2148187788,4,W
2148171664,4,R
2148171664,4,W
2148171920,4,R
2148171920,4,W
2148172176,4,R
2148172176,4,W
2148172432,4,R
2148172432,4,W
2148172688,4,R
2148172688,4,W
2148172944,4,R
2148172944,4,W
2148173200,4,R
2148173200,4,W
2148173456,4,R
2148173456,4,W
2148173712,4,R
2148173712,4,W
2148173968,4,R
2148173968,4,W
2148174224,4,R
2148174224,4,W
2148174480,4,R
2148174480,4,W
2148174736,4,R
2148174736,4,W
2148174992,4,R
2148174992,4,W
2148175248,4,R
2148175248,4,W
2148175504,4,R
2148175504,4,W
2148175760,4,R
2148175760,4,W
2148176016,4,R
2148176016,4,W
2148176272,4,R
2148176272,4,W
2148176528,4,R
2148176528,4,W
2148176784,4,R
2148176784,4,W
2148177040,4,R
2148177040,4,W
2148177296,4,R
2148177296,4,W
2148177552,4,R
2148177552,4,W
2148177808,4,R
2148177808,4,W
2148178064,4,R
2148178064,4,W
2148178320,4,R
2148178320,4,W
2148178576,4,R
2148178576,4,W
2148178832,4,R
2148178832,4,W
2148179088,4,R
2148179088,4,W
2148179344,4,R
2148179344,4,W
2148179600,4,R
2148179600,4,W
2148179856,4,R
2148179856,4,W
2148180112,4,R
2148180112,4,W
2148180368,4,R
2148180368,4,W
2148180624,4,R
2148180624,4,W
2148180880,4,R
2148180880,4,W
2148181136,4,R
2148181136,4,W
2148181392,4,R
2148181392,4,W
2148181648,4,R
2148181648,4,W
2148181904,4,R
2148181904,4,W
2148182160,4,R
2148182160,4,W
2148182416,4,R
2148182416,4,W
2148182672,4,R
2148182672,4,W
2148182928,4,R
2148182928,4,W
2148183184,4,R
2148183184,4,W
2148183440,4,R
2148183440,4,W
2148183696,4,R
2148183696,4,W
2148183952,4,R
2148183952,4,W
2148184208,4,R
2148184208,4,W
2148184464,4,R
2148184464,4,W
2148184720,4,R
2148184720,4,W
2148184976,4,R
2148184976,4,W
2148185232,4,R
2148185232,4,W
2148185488,4,R
2148185488,4,W
2148185744,4,R
2148185744,4,W
2148186000,4,R
2148186000,4,W
2148186256,4,R
2148186256,4,W
2148186512,4,R
2148186512,4,W
2148186768,4,R
2148186768,4,W
2148187024,4,R
2148187024,4,W
2148187280,4,R
2148187280,4,W
2148187536,4,R
2148187536,4,W
2148187792,4,R
2148187792,4,W
2148171668,4,R
2148171668,4,W
2148171924,4,R
2148171924,4,W
2148172180,4,R
2148172180,4,W
2148172436,4,R
2148172436,4,W
2148172692,4,R
2148172692,4,W
2148172948,4,R
2148172948,4,W
2148173204,4,R
2148173204,4,W
2148173460,4,R
2148173460,4,W
2148173716,4,R
2148173716,4,W
2148173972,4,R
2148173972,4,W
2148174228,4,R
2148174228,4,W
2148174484,4,R
2148174484,4,W
2148174740,4,R
2148174740,4,W
2148174996,4,R
2148174996,4,W
2148175252,4,R
2148175252,4,W
2148175508,4,R
2148175508,4,W
2148175764,4,R
2148175764,4,W
2148176020,4,R
2148176020,4,W
2148176276,4,R
2148176276,4,W
2148176532,4,R
2148176532,4,W
2148176788,4,R
2148176788,4,W
2148177044,4,R
2148177044,4,W
2148177300,4,R
2148177300,4,W
2148177556,4,R
2148177556,4,W
2148177812,4,R
2148177812,4,W
2148178068,4,R
2148178068,4,W
2148178324,4,R
2148178324,4,W
2148178580,4,R
2148178580,4,W
2148178836,4,R
2148178836,4,W
2148179092,4,R
2148179092,4,W
2148179348,4,R
2148179348,4,W
2148179604,4,R
2148179604,4,W
2148179860,4,R
2148179860,4,W
2148180116,4,R
2148180116,4,W
2148180372,4,R
2148180372,4,W
2148180628,4,R
2148180628,4,W
2148180884,4,R
2148180884,4,W
2148181140,4,R
2148181140,4,W
2148181396,4,R
2148181396,4,W
2148181652,4,R
2148181652,4,W
2148181908,4,R
2148181908,4,W
2148182164,4,R
2148182164,4,W
2148182420,4,R
2148182420,4,W
2148182676,4,R
2148182676,4,W
2148182932,4,R
2148182932,4,W
2148183188,4,R
2148183188,4,W
2148183444,4,R
2148183444,4,W
2148183700,4,R
2148183700,4,W
2148183956,4,R
2148183956,4,W
2148184212,4,R
2148184212,4,W
2148184468,4,R
2148184468,4,W
2148184724,4,R
2148184724,4,W
2148184980,4,R
2148184980,4,W
2148185236,4,R
2148185236,4,W
2148185492,4,R
2148185492,4,W
2148185748,4,R
2148185748,4,W
2148186004,4,R
2148186004,4,W
2148186260,4,R
2148186260,4,W
2148186516,4,R
2148186516,4,W
2148186772,4,R
2148186772,4,W
2148187028,4,R
2148187028,4,W
2148187284,4,R
2148187284,4,W
2148187540,4,R
2148187540,4,W
2148187796,4,R
2148187796,4,W
2148171672,4,R
2148171672,4,W
2148171928,4,R
2148171928,4,W
2148172184,4,R
2148172184,4,W
2148172440,4,R
2148172440,4,W
2148172696,4,R
2148172696,4,W
2148172952,4,R
2148172952,4,W
2148173208,4,R
2148173208,4,W
2148173464,4,R
2148173464,4,W
2148173720,4,R
2148173720,4,W
2148173976,4,R
2148173976,4,W
2148174232,4,R
2148174232,4,W
2148174488,4,R
2148174488,4,W
2148174744,4,R
2148174744,4,W
2148175000,4,R
2148175000,4,W
2148175256,4,R
2148175256,4,W
2148175512,4,R
2148175512,4,W
2148175768,4,R
2148175768,4,W
2148176024,4,R
2148176024,4,W
2148176280,4,R
2148176280,4,W
2148176536,4,R
2148176536,4,W
2148176792,4,R
2148176792,4,W
2148177048,4,R
2148177048,4,W
2148177304,4,R
2148177304,4,W
2148177560,4,R
2148177560,4,W
2148177816,4,R
2148177816,4,W
2148178072,4,R
2148178072,4,W
2148178328,4,R
2148178328,4,W
2148178584,4,R
2148178584,4,W
2148178840,4,R
2148178840,4,W
2148179096,4,R
2148179096,4,W
2148179352,4,R
2148179352,4,W
2148179608,4,R
2148179608,4,W
2148179864,4,R
2148179864,4,W
2148180120,4,R
2148180120,4,W
2148180376,4,R
2148180376,4,W
2148180632,4,R
2148180632,4,W
2148180888,4,R
2148180888,4,W
2148181144,4,R
2148181144,4,W
2148181400,4,R
2148181400,4,W
2148181656,4,R
2148181656,4,W
2148181912,4,R
2148181912,4,W
2148182168,4,R
2148182168,4,W
2148182424,4,R
2148182424,4,W
2148182680,4,R
2148182680,4,W
2148182936,4,R
2148182936,4,W
2148183192,4,R
2148183192,4,W
2148183448,4,R
2148183448,4,W
2148183704,4,R
2148183704,4,W
2148183960,4,R
2148183960,4,W
2148184216,4,R
2148184216,4,W
2148184472,4,R
2148184472,4,W
2148184728,4,R
2148184728,4,W
2148184984,4,R
2148184984,4,W
2148185240,4,R
2148185240,4,W
2148185496,4,R
2148185496,4,W
2148185752,4,R
2148185752,4,W
2148186008,4,R
2148186008,4,W
2148186264,4,R
2148186264,4,W
2148186520,4,R
2148186520,4,W
2148186776,4,R
2148186776,4,W
2148187032,4,R
2148187032,4,W
2148187288,4,R
2148187288,4,W
2148187544,4,R
2148187544,4,W
2148187800,4,R
2148187800,4,W
2148171676,4,R
2148171676,4,W
2148171932,4,R
2148171932,4,W
2148172188,4,R
2148172188,4,W
2148172444,4,R
2148172444,4,W
2148172700,4,R
2148172700,4,W
2148172956,4,R
2148172956,4,W
2148173212,4,R
2148173212,4,W
2148173468,4,R
2148173468,4,W
2148173724,4,R
2148173724,4,W
2148173980,4,R
2148173980,4,W
2148174236,4,R
2148174236,4,W
2148174492,4,R
2148174492,4,W
2148174748,4,R
2148174748,4,W
2148175004,4,R
2148175004,4,W
2148175260,4,R
2148175260,4,W
2148175516,4,R
2148175516,4,W
2148175772,4,R
2148175772,4,W
2148176028,4,R
2148176028,4,W
2148176284,4,R
2148176284,4,W
2148176540,4,R
2148176540,4,W
2148176796,4,R
2148176796,4,W
2148177052,4,R
2148177052,4,W
2148177308,4,R
2148177308,4,W
2148177564,4,R
2148177564,4,W
2148177820,4,R
2148177820,4,W
2148178076,4,R
2148178076,4,W
2148178332,4,R
2148178332,4,W
2148178588,4,R
2148178588,4,W
2148178844,4,R
2148178844,4,W
2148179100,4,R
2148179100,4,W
2148179356,4,R
2148179356,4,W
2148179612,4,R
2148179612,4,W
2148179868,4,R
2148179868,4,W
2148180124,4,R
2148180124,4,W
2148180380,4,R
2148180380,4,W
2148180636,4,R
2148180636,4,W
2148180892,4,R
2148180892,4,W
2148181148,4,R
2148181148,4,W
2148181404,4,R
2148181404,4,W
2148181660,4,R
2148181660,4,W
2148181916,4,R
2148181916,4,W
2148182172,4,R
2148182172,4,W
2148182428,4,R
2148182428,4,W
2148182684,4,R
2148182684,4,W
2148182940,4,R
2148182940,4,W
2148183196,4,R
2148183196,4,W
2148183452,4,R
2148183452,4,W
2148183708,4,R
2148183708,4,W
2148183964,4,R
2148183964,4,W
2148184220,4,R
2148184220,4,W
2148184476,4,R
2148184476,4,W
2148184732,4,R
2148184732,4,W
2148184988,4,R
2148184988,4,W
2148185244,4,R
2148185244,4,W
2148185500,4,R
2148185500,4,W
2148185756,4,R
2148185756,4,W
2148186012,4,R
2148186012,4,W
2148186268,4,R
2148186268,4,W
2148186524,4,R
2148186524,4,W
2148186780,4,R
2148186780,4,W
2148187036,4,R
2148187036,4,W
2148187292,4,R
2148187292,4,W
2148187548,4,R
2148187548,4,W
2148187804,4,R
2148187804,4,W
2148171680,4,R
2148171680,4,W
2148171936,4,R
2148171936,4,W
2148172192,4,R
2148172192,4,W
2148172448,4,R
2148172448,4,W
2148172704,4,R
2148172704,4,W
2148172960,4,R
2148172960,4,W
2148173216,4,R
2148173216,4,W
2148173472,4,R
2148173472,4,W
2148173728,4,R
2148173728,4,W
2148173984,4,R
2148173984,4,W
2148174240,4,R
2148174240,4,W
2148174496,4,R
2148174496,4,W
2148174752,4,R
2148174752,4,W
2148175008,4,R
2148175008,4,W
2148175264,4,R
2148175264,4,W
2148175520,4,R
2148175520,4,W
2148175776,4,R
2148175776,4,W
2148176032,4,R
2148176032,4,W
2148176288,4,R
2148176288,4,W
2148176544,4,R
2148176544,4,W
2148176800,4,R
2148176800,4,W
2148177056,4,R
2148177056,4,W
2148177312,4,R
2148177312,4,W
2148177568,4,R
2148177568,4,W
2148177824,4,R
2148177824,4,W
2148178080,4,R
2148178080,4,W
2148178336,4,R
2148178336,4,W
2148178592,4,R
2148178592,4,W
2148178848,4,R
2148178848,4,W
2148179104,4,R
2148179104,4,W
2148179360,4,R
2148179360,4,W
2148179616,4,R
2148179616,4,W
2148179872,4,R
2148179872,4,W
2148180128,4,R
2148180128,4,W
2148180384,4,R
2148180384,4,W
2148180640,4,R
2148180640,4,W
2148180896,4,R
2148180896,4,W
2148181152,4,R
2148181152,4,W
2148181408,4,R
2148181408,4,W
2148181664,4,R
2148181664,4,W
2148181920,4,R
2148181920,4,W
2148182176,4,R
2148182176,4,W
2148182432,4,R
2148182432,4,W
2148182688,4,R
2148182688,4,W
2148182944,4,R
2148182944,4,W
2148183200,4,R
2148183200,4,W
2148183456,4,R
2148183456,4,W
2148183712,4,R
2148183712,4,W
2148183968,4,R
2148183968,4,W
2148184224,4,R
2148184224,4,W
2148184480,4,R
2148184480,4,W
2148184736,4,R
2148184736,4,W
2148184992,4,R
2148184992,4,W
2148185248,4,R
2148185248,4,W
2148185504,4,R
2148185504,4,W
2148185760,4,R
2148185760,4,W
2148186016,4,R
2148186016,4,W
2148186272,4,R
2148186272,4,W
2148186528,4,R
2148186528,4,W
2148186784,4,R
2148186784,4,W
2148187040,4,R
2148187040,4,W
2148187296,4,R
2148187296,4,W
2148187552,4,R
2148187552,4,W
2148187808,4,R
2148187808,4,W
2148171684,4,R
2148171684,4,W
2148171940,4,R
2148171940,4,W
2148172196,4,R
2148172196,4,W
2148172452,4,R
2148172452,4,W
2148172708,4,R
2148172708,4,W
2148172964,4,R
2148172964,4,W
2148173220,4,R
2148173220,4,W
2148173476,4,R
2148173476,4,W
2148173732,4,R
2148173732,4,W
2148173988,4,R
2148173988,4,W
2148174244,4,R
2148174244,4,W
2148174500,4,R
2148174500,4,W
2148174756,4,R
2148174756,4,W
2148175012,4,R
2148175012,4,W
2148175268,4,R
2148175268,4,W
2148175524,4,R
2148175524,4,W
2148175780,4,R
2148175780,4,W
2148176036,4,R
2148176036,4,W
2148176292,4,R
2148176292,4,W
2148176548,4,R
2148176548,4,W
2148176804,4,R
2148176804,4,W
2148177060,4,R
2148177060,4,W
2148177316,4,R
2148177316,4,W
2148177572,4,R
2148177572,4,W
2148177828,4,R
2148177828,4,W
2148178084,4,R
2148178084,4,W
2148178340,4,R
2148178340,4,W
2148178596,4,R
2148178596,4,W
2148178852,4,R
2148178852,4,W
2148179108,4,R
2148179108,4,W
2148179364,4,R
2148179364,4,W
2148179620,4,R
2148179620,4,W
2148179876,4,R
2148179876,4,W
2148180132,4,R
2148180132,4,W
2148180388,4,R
2148180388,4,W
2148180644,4,R
2148180644,4,W
2148180900,4,R
2148180900,4,W
2148181156,4,R
2148181156,4,W
2148181412,4,R
2148181412,4,W
2148181668,4,R
2148181668,4,W
2148181924,4,R
2148181924,4,W
2148182180,4,R
2148182180,4,W
2148182436,4,R
2148182436,4,W
2148182692,4,R
2148182692,4,W
2148182948,4,R
2148182948,4,W
2148183204,4,R
2148183204,4,W
2148183460,4,R
2148183460,4,W
2148183716,4,R
2148183716,4,W
2148183972,4,R
2148183972,4,W
2148184228,4,R
2148184228,4,W
2148184484,4,R
2148184484,4,W
2148184740,4,R
2148184740,4,W
2148184996,4,R
2148184996,4,W
2148185252,4,R
2148185252,4,W
2148185508,4,R
2148185508,4,W
2148185764,4,R
2148185764,4,W
2148186020,4,R
2148186020,4,W
2148186276,4,R
2148186276,4,W
2148186532,4,R
2148186532,4,W
2148186788,4,R
2148186788,4,W
2148187044,4,R
2148187044,4,W
2148187300,4,R
2148187300,4,W
2148187556,4,R
2148187556,4,W
2148187812,4,R
2148187812,4,W
2148171688,4,R
2148171688,4,W
2148171944,4,R
2148171944,4,W
2148172200,4,R
2148172200,4,W
2148172456,4,R
2148172456,4,W
2148172712,4,R
2148172712,4,W
2148172968,4,R
2148172968,4,W
2148173224,4,R
2148173224,4,W
2148173480,4,R
2148173480,4,W
2148173736,4,R
2148173736,4,W
2148173992,4,R
2148173992,4,W
2148174248,4,R
2148174248,4,W
2148174504,4,R
2148174504,4,W
2148174760,4,R
2148174760,4,W
2148175016,4,R
2148175016,4,W
2148175272,4,R
2148175272,4,W
2148175528,4,R
2148175528,4,W
2148175784,4,R
2148175784,4,W
2148176040,4,R
2148176040,4,W
2148176296,4,R
2148176296,4,W
2148176552,4,R
2148176552,4,W
2148176808,4,R
2148176808,4,W
2148177064,4,R
2148177064,4,W
2148177320,4,R
2148177320,4,W
2148177576,4,R
2148177576,4,W
2148177832,4,R
2148177832,4,W
2148178088,4,R
2148178088,4,W
2148178344,4,R
2148178344,4,W
2148178600,4,R
2148178600,4,W
2148178856,4,R
2148178856,4,W
2148179112,4,R
2148179112,4,W
2148179368,4,R
2148179368,4,W
2148179624,4,R
2148179624,4,W
2148179880,4,R
2148179880,4,W
2148180136,4,R
2148180136,4,W
2148180392,4,R
2148180392,4,W
2148180648,4,R
2148180648,4,W
2148180904,4,R
2148180904,4,W
2148181160,4,R
2148181160,4,W
2148181416,4,R
2148181416,4,W
2148181672,4,R
2148181672,4,W
2148181928,4,R
2148181928,4,W
2148182184,4,R
2148182184,4,W
2148182440,4,R
2148182440,4,W
2148182696,4,R
2148182696,4,W
2148182952,4,R
2148182952,4,W
2148183208,4,R
2148183208,4,W
2148183464,4,R
2148183464,4,W
2148183720,4,R
2148183720,4,W
2148183976,4,R
2148183976,4,W
2148184232,4,R
2148184232,4,W
2148184488,4,R
2148184488,4,W
2148184744,4,R
2148184744,4,W
2148185000,4,R
2148185000,4,W
2148185256,4,R
2148185256,4,W
2148185512,4,R
2148185512,4,W
2148185768,4,R
2148185768,4,W
2148186024,4,R
2148186024,4,W
2148186280,4,R
2148186280,4,W
2148186536,4,R
2148186536,4,W
2148186792,4,R
2148186792,4,W
2148187048,4,R
2148187048,4,W
2148187304,4,R
2148187304,4,W
2148187560,4,R
2148187560,4,W
2148187816,4,R
2148187816,4,W
2148171692,4,R
2148171692,4,W
2148171948,4,R
2148171948,4,W
2148172204,4,R
2148172204,4,W
2148172460,4,R
2148172460,4,W
2148172716,4,R
2148172716,4,W
2148172972,4,R
2148172972,4,W
2148173228,4,R
2148173228,4,W
2148173484,4,R
2148173484,4,W
2148173740,4,R
2148173740,4,W
2148173996,4,R
2148173996,4,W
2148174252,4,R
2148174252,4,W
2148174508,4,R
2148174508,4,W
2148174764,4,R
2148174764,4,W
2148175020,4,R
2148175020,4,W
2148175276,4,R
2148175276,4,W
2148175532,4,R
2148175532,4,W
2148175788,4,R
2148175788,4,W
2148176044,4,R
2148176044,4,W
2148176300,4,R
2148176300,4,W
2148176556,4,R
2148176556,4,W
2148176812,4,R
2148176812,4,W
2148177068,4,R
2148177068,4,W
2148177324,4,R
2148177324,4,W
2148177580,4,R
2148177580,4,W
2148177836,4,R
2148177836,4,W
2148178092,4,R
2148178092,4,W
2148178348,4,R
2148178348,4,W
2148178604,4,R
2148178604,4,W
2148178860,4,R
2148178860,4,W
2148179116,4,R
2148179116,4,W
2148179372,4,R
2148179372,4,W
2148179628,4,R
2148179628,4,W
2148179884,4,R
2148179884,4,W
2148180140,4,R
2148180140,4,W
2148180396,4,R
2148180396,4,W
2148180652,4,R
2148180652,4,W
2148180908,4,R
2148180908,4,W
2148181164,4,R
2148181164,4,W
2148181420,4,R
2148181420,4,W
2148181676,4,R
2148181676,4,W
2148181932,4,R
2148181932,4,W
2148182188,4,R
2148182188,4,W
2148182444,4,R
2148182444,4,W
2148182700,4,R
2148182700,4,W
2148182956,4,R
2148182956,4,W
2148183212,4,R
2148183212,4,W
2148183468,4,R
2148183468,4,W
2148183724,4,R
2148183724,4,W
2148183980,4,R
2148183980,4,W
2148184236,4,R
2148184236,4,W
2148184492,4,R
2148184492,4,W
2148184748,4,R
2148184748,4,W
2148185004,4,R
2148185004,4,W
2148185260,4,R
2148185260,4,W
2148185516,4,R
2148185516,4,W
2148185772,4,R
2148185772,4,W
2148186028,4,R
2148186028,4,W
2148186284,4,R
2148186284,4,W
2148186540,4,R
2148186540,4,W
2148186796,4,R
2148186796,4,W
2148187052,4,R
2148187052,4,W
2148187308,4,R
2148187308,4,W
2148187564,4,R
2148187564,4,W
2148187820,4,R
2148187820,4,W
2148171696,4,R
2148171696,4,W
2148171952,4,R
2148171952,4,W
2148172208,4,R
2148172208,4,W
2148172464,4,R
2148172464,4,W
2148172720,4,R
2148172720,4,W
2148172976,4,R
2148172976,4,W
2148173232,4,R
2148173232,4,W
2148173488,4,R
2148173488,4,W
2148173744,4,R
2148173744,4,W
2148174000,4,R
2148174000,4,W
2148174256,4,R
2148174256,4,W
2148174512,4,R
2148174512,4,W
2148174768,4,R
2148174768,4,W
2148175024,4,R
2148175024,4,W
2148175280,4,R
2148175280,4,W
2148175536,4,R
2148175536,4,W
2148175792,4,R
2148175792,4,W
2148176048,4,R
2148176048,4,W
2148176304,4,R
2148176304,4,W
2148176560,4,R
2148176560,4,W
2148176816,4,R
2148176816,4,W
2148177072,4,R
2148177072,4,W
2148177328,4,R
2148177328,4,W
2148177584,4,R
2148177584,4,W
2148177840,4,R
2148177840,4,W
2148178096,4,R
2148178096,4,W
2148178352,4,R
2148178352,4,W
2148178608,4,R
2148178608,4,W
2148178864,4,R
2148178864,4,W
2148179120,4,R
2148179120,4,W
2148179376,4,R
2148179376,4,W
2148179632,4,R
2148179632,4,W
2148179888,4,R
2148179888,4,W
2148180144,4,R
2148180144,4,W
2148180400,4,R
2148180400,4,W
2148180656,4,R
2148180656,4,W
2148180912,4,R
2148180912,4,W
2148181168,4,R
2148181168,4,W
2148181424,4,R
2148181424,4,W
2148181680,4,R
2148181680,4,W
2148181936,4,R
2148181936,4,W
2148182192,4,R
2148182192,4,W
2148182448,4,R
2148182448,4,W
2148182704,4,R
2148182704,4,W
2148182960,4,R
2148182960,4,W
2148183216,4,R
2148183216,4,W
2148183472,4,R
2148183472,4,W
2148183728,4,R
2148183728,4,W
2148183984,4,R
2148183984,4,W
2148184240,4,R
2148184240,4,W
2148184496,4,R
2148184496,4,W
2148184752,4,R
2148184752,4,W
2148185008,4,R
2148185008,4,W
2148185264,4,R
2148185264,4,W
2148185520,4,R
2148185520,4,W
2148185776,4,R
2148185776,4,W
2148186032,4,R
2148186032,4,W
2148186288,4,R
2148186288,4,W
2148186544,4,R
2148186544,4,W
2148186800,4,R
2148186800,4,W
2148187056,4,R
2148187056,4,W
2148187312,4,R
2148187312,4,W
2148187568,4,R
2148187568,4,W
2148187824,4,R
2148187824,4,W
2148171700,4,R
2148171700,4,W
2148171956,4,R
2148171956,4,W
2148172212,4,R
2148172212,4,W
2148172468,4,R
2148172468,4,W
2148172724,4,R
2148172724,4,W
2148172980,4,R
2148172980,4,W
2148173236,4,R
2148173236,4,W
2148173492,4,R
2148173492,4,W
2148173748,4,R
2148173748,4,W
2148174004,4,R
2148174004,4,W
2148174260,4,R
2148174260,4,W
2148174516,4,R
2148174516,4,W
2148174772,4,R
2148174772,4,W
2148175028,4,R
2148175028,4,W
2148175284,4,R
2148175284,4,W
2148175540,4,R
2148175540,4,W
2148175796,4,R
2148175796,4,W
2148176052,4,R
2148176052,4,W
2148176308,4,R
2148176308,4,W
2148176564,4,R
2148176564,4,W
2148176820,4,R
2148176820,4,W
2148177076,4,R
2148177076,4,W
2148177332,4,R
2148177332,4,W
2148177588,4,R
2148177588,4,W
2148177844,4,R
2148177844,4,W
2148178100,4,R
2148178100,4,W
2148178356,4,R
2148178356,4,W
2148178612,4,R
2148178612,4,W
2148178868,4,R
2148178868,4,W
2148179124,4,R
2148179124,4,W
2148179380,4,R
2148179380,4,W
2148179636,4,R
2148179636,4,W
2148179892,4,R
2148179892,4,W
2148180148,4,R
2148180148,4,W
2148180404,4,R
2148180404,4,W
2148180660,4,R
2148180660,4,W
2148180916,4,R
2148180916,4,W
2148181172,4,R
2148181172,4,W
2148181428,4,R
2148181428,4,W
2148181684,4,R
2148181684,4,W
2148181940,4,R
2148181940,4,W
2148182196,4,R
2148182196,4,W
2148182452,4,R
2148182452,4,W
2148182708,4,R
2148182708,4,W
2148182964,4,R
2148182964,4,W
2148183220,4,R
2148183220,4,W
2148183476,4,R
2148183476,4,W
2148183732,4,R
2148183732,4,W
2148183988,4,R
2148183988,4,W
2148184244,4,R
2148184244,4,W
2148184500,4,R
2148184500,4,W
2148184756,4,R
2148184756,4,W
2148185012,4,R
2148185012,4,W
2148185268,4,R
2148185268,4,W
2148185524,4,R
2148185524,4,W
2148185780,4,R
2148185780,4,W
2148186036,4,R
2148186036,4,W
2148186292,4,R
2148186292,4,W
2148186548,4,R
2148186548,4,W
2148186804,4,R
2148186804,4,W
2148187060,4,R
2148187060,4,W
2148187316,4,R
2148187316,4,W
2148187572,4,R
2148187572,4,W
2148187828,4,R
2148187828,4,W
2148171704,4,R
2148171704,4,W
2148171960,4,R
2148171960,4,W
2148172216,4,R
2148172216,4,W
2148172472,4,R
2148172472,4,W
2148172728,4,R
2148172728,4,W
2148172984,4,R
2148172984,4,W
2148173240,4,R
2148173240,4,W
2148173496,4,R
2148173496,4,W
2148173752,4,R
2148173752,4,W
2148174008,4,R
2148174008,4,W
2148174264,4,R
2148174264,4,W
2148174520,4,R
2148174520,4,W
2148174776,4,R
2148174776,4,W
2148175032,4,R
2148175032,4,W
2148175288,4,R
2148175288,4,W
2148175544,4,R
2148175544,4,W
2148175800,4,R
2148175800,4,W
2148176056,4,R
2148176056,4,W
2148176312,4,R
2148176312,4,W
2148176568,4,R
2148176568,4,W
2148176824,4,R
2148176824,4,W
2148177080,4,R
2148177080,4,W
2148177336,4,R
2148177336,4,W
2148177592,4,R
2148177592,4,W
2148177848,4,R
2148177848,4,W
2148178104,4,R
2148178104,4,W
2148178360,4,R
2148178360,4,W
2148178616,4,R
2148178616,4,W
2148178872,4,R
2148178872,4,W
2148179128,4,R
2148179128,4,W
2148179384,4,R
2148179384,4,W
2148179640,4,R
2148179640,4,W
2148179896,4,R
2148179896,4,W
2148180152,4,R
2148180152,4,W
2148180408,4,R
2148180408,4,W
2148180664,4,R
2148180664,4,W
2148180920,4,R
2148180920,4,W
2148181176,4,R
2148181176,4,W
2148181432,4,R
2148181432,4,W
2148181688,4,R
2148181688,4,W
2148181944,4,R
2148181944,4,W
2148182200,4,R
2148182200,4,W
2148182456,4,R
2148182456,4,W
2148182712,4,R
2148182712,4,W
2148182968,4,R
2148182968,4,W
2148183224,4,R
2148183224,4,W
2148183480,4,R
2148183480,4,W
2148183736,4,R
2148183736,4,W
2148183992,4,R
2148183992,4,W
2148184248,4,R
2148184248,4,W
2148184504,4,R
2148184504,4,W
2148184760,4,R
2148184760,4,W
2148185016,4,R
2148185016,4,W
2148185272,4,R
2148185272,4,W
2148185528,4,R
2148185528,4,W
2148185784,4,R
2148185784,4,W
2148186040,4,R
2148186040,4,W
2148186296,4,R
2148186296,4,W
2148186552,4,R
2148186552,4,W
2148186808,4,R
2148186808,4,W
2148187064,4,R
2148187064,4,W
2148187320,4,R
2148187320,4,W
2148187576,4,R
2148187576,4,W
2148187832,4,R
2148187832,4,W
2148171708,4,R
2148171708,4,W
2148171964,4,R
2148171964,4,W
2148172220,4,R
2148172220,4,W
2148172476,4,R
2148172476,4,W
2148172732,4,R
2148172732,4,W
2148172988,4,R
2148172988,4,W
2148173244,4,R
2148173244,4,W
2148173500,4,R
2148173500,4,W
2148173756,4,R
2148173756,4,W
2148174012,4,R
2148174012,4,W
2148174268,4,R
2148174268,4,W
2148174524,4,R
2148174524,4,W
2148174780,4,R
2148174780,4,W
2148175036,4,R
2148175036,4,W
2148175292,4,R
2148175292,4,W
2148175548,4,R
2148175548,4,W
2148175804,4,R
2148175804,4,W
2148176060,4,R
2148176060,4,W
2148176316,4,R
2148176316,4,W
2148176572,4,R
2148176572,4,W
2148176828,4,R
2148176828,4,W
2148177084,4,R
2148177084,4,W
2148177340,4,R
2148177340,4,W
2148177596,4,R
2148177596,4,W
2148177852,4,R
2148177852,4,W
2148178108,4,R
2148178108,4,W
2148178364,4,R
2148178364,4,W
2148178620,4,R
2148178620,4,W
2148178876,4,R
2148178876,4,W
2148179132,4,R
2148179132,4,W
2148179388,4,R
2148179388,4,W
2148179644,4,R
2148179644,4,W
2148179900,4,R
2148179900,4,W
2148180156,4,R
2148180156,4,W
2148180412,4,R
2148180412,4,W
2148180668,4,R
2148180668,4,W
2148180924,4,R
2148180924,4,W
2148181180,4,R
2148181180,4,W
2148181436,4,R
2148181436,4,W
2148181692,4,R
2148181692,4,W
2148181948,4,R
2148181948,4,W
2148182204,4,R
2148182204,4,W
2148182460,4,R
2148182460,4,W
2148182716,4,R
2148182716,4,W
2148182972,4,R
2148182972,4,W
2148183228,4,R
2148183228,4,W
2148183484,4,R
2148183484,4,W
2148183740,4,R
2148183740,4,W
2148183996,4,R
2148183996,4,W
2148184252,4,R
2148184252,4,W
2148184508,4,R
2148184508,4,W
2148184764,4,R
2148184764,4,W
2148185020,4,R
2148185020,4,W
2148185276,4,R
2148185276,4,W
2148185532,4,R
2148185532,4,W
2148185788,4,R
2148185788,4,W
2148186044,4,R
2148186044,4,W
2148186300,4,R
2148186300,4,W
2148186556,4,R
2148186556,4,W
2148186812,4,R
2148186812,4,W
2148187068,4,R
2148187068,4,W
2148187324,4,R
2148187324,4,W
2148187580,4,R
2148187580,4,W
2148187836,4,R
2148187836,4,W
2148171456,4,R
2148171456,4,W
2148171712,4,R
2148171712,4,W
2148171968,4,R
2148171968,4,W
2148172224,4,R
2148172224,4,W
2148172480,4,R
2148172480,4,W
2148172736,4,R
2148172736,4,W
2148172992,4,R
2148172992,4,W
2148173248,4,R
2148173248,4,W
2148173504,4,R
2148173504,4,W
2148173760,4,R
2148173760,4,W
2148174016,4,R
2148174016,4,W
2148174272,4,R
2148174272,4,W
2148174528,4,R
2148174528,4,W
2148174784,4,R
2148174784,4,W
2148175040,4,R
2148175040,4,W
2148175296,4,R
2148175296,4,W
2148175552,4,R
2148175552,4,W
2148175808,4,R
2148175808,4,W
2148176064,4,R
2148176064,4,W
2148176320,4,R
2148176320,4,W
2148176576,4,R
2148176576,4,W
2148176832,4,R
2148176832,4,W
2148177088,4,R
2148177088,4,W
2148177344,4,R
2148177344,4,W
2148177600,4,R
2148177600,4,W
2148177856,4,R
2148177856,4,W
2148178112,4,R
2148178112,4,W
2148178368,4,R
2148178368,4,W
2148178624,4,R
2148178624,4,W
2148178880,4,R
2148178880,4,W
2148179136,4,R
2148179136,4,W
2148179392,4,R
2148179392,4,W
2148179648,4,R
2148179648,4,W
2148179904,4,R
2148179904,4,W
2148180160,4,R
2148180160,4,W
2148180416,4,R
2148180416,4,W
2148180672,4,R
2148180672,4,W
2148180928,4,R
2148180928,4,W
2148181184,4,R
2148181184,4,W
2148181440,4,R
2148181440,4,W
2148181696,4,R
2148181696,4,W
2148181952,4,R
2148181952,4,W
2148182208,4,R
2148182208,4,W
2148182464,4,R
2148182464,4,W
2148182720,4,R
2148182720,4,W
2148182976,4,R
2148182976,4,W
2148183232,4,R
2148183232,4,W
2148183488,4,R
2148183488,4,W
2148183744,4,R
2148183744,4,W
2148184000,4,R
2148184000,4,W
2148184256,4,R
2148184256,4,W
2148184512,4,R
2148184512,4,W
2148184768,4,R
2148184768,4,W
2148185024,4,R
2148185024,4,W
2148185280,4,R
2148185280,4,W
2148185536,4,R
2148185536,4,W
2148185792,4,R
2148185792,4,W
2148186048,4,R
2148186048,4,W
2148186304,4,R
2148186304,4,W
2148186560,4,R
2148186560,4,W
2148186816,4,R
2148186816,4,W
2148187072,4,R
2148187072,4,W
2148187328,4,R
2148187328,4,W
2148187584,4,R
2148187584,4,W
2148171460,4,R
2148171460,4,W
2148171716,4,R
2148171716,4,W
2148171972,4,R
2148171972,4,W
2148172228,4,R
2148172228,4,W
2148172484,4,R
2148172484,4,W
2148172740,4,R
2148172740,4,W
2148172996,4,R
2148172996,4,W
2148173252,4,R
2148173252,4,W
2148173508,4,R
2148173508,4,W
2148173764,4,R
2148173764,4,W
2148174020,4,R
2148174020,4,W
2148174276,4,R
2148174276,4,W
2148174532,4,R
2148174532,4,W
2148174788,4,R
2148174788,4,W
2148175044,4,R
2148175044,4,W
2148175300,4,R
2148175300,4,W
2148175556,4,R
2148175556,4,W
2148175812,4,R
2148175812,4,W
2148176068,4,R
2148176068,4,W
2148176324,4,R
2148176324,4,W
2148176580,4,R
2148176580,4,W
2148176836,4,R
2148176836,4,W
2148177092,4,R
2148177092,4,W
2148177348,4,R
2148177348,4,W
2148177604,4,R
2148177604,4,W
2148177860,4,R
2148177860,4,W
2148178116,4,R
2148178116,4,W
2148178372,4,R
2148178372,4,W
2148178628,4,R
2148178628,4,W
2148178884,4,R
2148178884,4,W
2148179140,4,R
2148179140,4,W
2148179396,4,R
2148179396,4,W
2148179652,4,R
2148179652,4,W
2148179908,4,R
2148179908,4,W
2148180164,4,R
2148180164,4,W
2148180420,4,R
2148180420,4,W
2148180676,4,R
2148180676,4,W
2148180932,4,R
2148180932,4,W
2148181188,4,R
2148181188,4,W
2148181444,4,R
2148181444,4,W
2148181700,4,R
2148181700,4,W
2148181956,4,R
2148181956,4,W
2148182212,4,R
2148182212,4,W
2148182468,4,R
2148182468,4,W
2148182724,4,R
2148182724,4,W
2148182980,4,R
2148182980,4,W
2148183236,4,R
2148183236,4,W
2148183492,4,R
2148183492,4,W
2148183748,4,R
2148183748,4,W
2148184004,4,R
2148184004,4,W
2148184260,4,R
2148184260,4,W
2148184516,4,R
2148184516,4,W
2148184772,4,R
2148184772,4,W
2148185028,4,R
2148185028,4,W
2148185284,4,R
2148185284,4,W
2148185540,4,R
2148185540,4,W
2148185796,4,R
2148185796,4,W
2148186052,4,R
2148186052,4,W
2148186308,4,R
2148186308,4,W
2148186564,4,R
2148186564,4,W
2148186820,4,R
2148186820,4,W
2148187076,4,R
2148187076,4,W
2148187332,4,R
2148187332,4,W
2148187588,4,R
2148187588,4,W
2148171464,4,R
2148171464,4,W
2148171720,4,R
2148171720,4,W
2148171976,4,R
2148171976,4,W
2148172232,4,R
2148172232,4,W
2148172488,4,R
2148172488,4,W
2148172744,4,R
2148172744,4,W
2148173000,4,R
2148173000,4,W
2148173256,4,R
2148173256,4,W
2148173512,4,R
2148173512,4,W
2148173768,4,R
2148173768,4,W
2148174024,4,R
2148174024,4,W
2148174280,4,R
2148174280,4,W
2148174536,4,R
2148174536,4,W
2148174792,4,R
2148174792,4,W
2148175048,4,R
2148175048,4,W
2148175304,4,R
2148175304,4,W
2148175560,4,R
2148175560,4,W
2148175816,4,R
2148175816,4,W
2148176072,4,R
2148176072,4,W
2148176328,4,R
2148176328,4,W
2148176584,4,R
2148176584,4,W
2148176840,4,R
2148176840,4,W
2148177096,4,R
2148177096,4,W
2148177352,4,R
2148177352,4,W
2148177608,4,R
2148177608,4,W
2148177864,4,R
2148177864,4,W
2148178120,4,R
2148178120,4,W
2148178376,4,R
2148178376,4,W
2148178632,4,R
2148178632,4,W
2148178888,4,R
2148178888,4,W
2148179144,4,R
2148179144,4,W
2148179400,4,R
2148179400,4,W
2148179656,4,R
2148179656,4,W
2148179912,4,R
2148179912,4,W
2148180168,4,R
2148180168,4,W
2148180424,4,R
2148180424,4,W
2148180680,4,R
2148180680,4,W
2148180936,4,R
2148180936,4,W
2148181192,4,R
2148181192,4,W
2148181448,4,R
2148181448,4,W
2148181704,4,R
2148181704,4,W
2148181960,4,R
2148181960,4,W
2148182216,4,R
2148182216,4,W
2148182472,4,R
2148182472,4,W
2148182728,4,R
2148182728,4,W
2148182984,4,R
2148182984,4,W
2148183240,4,R
2148183240,4,W
2148183496,4,R
2148183496,4,W
2148183752,4,R
2148183752,4,W
2148184008,4,R
2148184008,4,W
2148184264,4,R
2148184264,4,W
2148184520,4,R
2148184520,4,W
2148184776,4,R
2148184776,4,W
2148185032,4,R
2148185032,4,W
2148185288,4,R
2148185288,4,W
2148185544,4,R
2148185544,4,W
2148185800,4,R
2148185800,4,W
2148186056,4,R
2148186056,4,W
2148186312,4,R
2148186312,4,W
2148186568,4,R
2148186568,4,W
2148186824,4,R
2148186824,4,W
2148187080,4,R
2148187080,4,W
2148187336,4,R
2148187336,4,W
2148187592,4,R
2148187592,4,W
2148171468,4,R
2148171468,4,W
2148171724,4,R
2148171724,4,W
2148171980,4,R
2148171980,4,W
2148172236,4,R
2148172236,4,W
2148172492,4,R
2148172492,4,W
2148172748,4,R
2148172748,4,W
2148173004,4,R
2148173004,4,W
2148173260,4,R
2148173260,4,W
2148173516,4,R
2148173516,4,W
2148173772,4,R
2148173772,4,W
2148174028,4,R
2148174028,4,W
2148174284,4,R
2148174284,4,W
2148174540,4,R
2148174540,4,W
2148174796,4,R
2148174796,4,W
2148175052,4,R
2148175052,4,W
2148175308,4,R
2148175308,4,W
2148175564,4,R
2148175564,4,W
2148175820,4,R
2148175820,4,W
2148176076,4,R
2148176076,4,W
2148176332,4,R
2148176332,4,W
2148176588,4,R
2148176588,4,W
2148176844,4,R
2148176844,4,W
2148177100,4,R
2148177100,4,W
2148177356,4,R
2148177356,4,W
2148177612,4,R
2148177612,4,W
2148177868,4,R
2148177868,4,W
2148178124,4,R
2148178124,4,W
2148178380,4,R
2148178380,4,W
2148178636,4,R
2148178636,4,W
2148178892,4,R
2148178892,4,W
2148179148,4,R
2148179148,4,W
2148179404,4,R
2148179404,4,W
2148179660,4,R
2148179660,4,W
2148179916,4,R
2148179916,4,W
2148180172,4,R
2148180172,4,W
2148180428,4,R
2148180428,4,W
2148180684,4,R
2148180684,4,W
2148180940,4,R
2148180940,4,W
2148181196,4,R
2148181196,4,W
2148181452,4,R
2148181452,4,W
2148181708,4,R
2148181708,4,W
2148181964,4,R
2148181964,4,W
2148182220,4,R
2148182220,4,W
2148182476,4,R
2148182476,4,W
2148182732,4,R
2148182732,4,W
2148182988,4,R
2148182988,4,W
2148183244,4,R
2148183244,4,W
2148183500,4,R
2148183500,4,W
2148183756,4,R
2148183756,4,W
2148184012,4,R
2148184012,4,W
2148184268,4,R
2148184268,4,W
2148184524,4,R
2148184524,4,W
2148184780,4,R
2148184780,4,W
2148185036,4,R
2148185036,4,W
2148185292,4,R
2148185292,4,W
2148185548,4,R
2148185548,4,W
2148185804,4,R
2148185804,4,W
2148186060,4,R
2148186060,4,W
2148186316,4,R
2148186316,4,W
2148186572,4,R
2148186572,4,W
2148186828,4,R
2148186828,4,W
2148187084,4,R
2148187084,4,W
2148187340,4,R
2148187340,4,W
2148187596,4,R
2148187596,4,W
2148171472,4,R
2148171472,4,W
2148171728,4,R
2148171728,4,W
2148171984,4,R
2148171984,4,W
2148172240,4,R
2148172240,4,W
2148172496,4,R
2148172496,4,W
2148172752,4,R
2148172752,4,W
2148173008,4,R
2148173008,4,W
2148173264,4,R
2148173264,4,W
2148173520,4,R
2148173520,4,W
2148173776,4,R
2148173776,4,W
2148174032,4,R
2148174032,4,W
2148174288,4,R
2148174288,4,W
2148174544,4,R
2148174544,4,W
2148174800,4,R
2148174800,4,W
2148175056,4,R
2148175056,4,W
2148175312,4,R
2148175312,4,W
2148175568,4,R
2148175568,4,W
2148175824,4,R
2148175824,4,W
2148176080,4,R
2148176080,4,W
2148176336,4,R
2148176336,4,W
2148176592,4,R
2148176592,4,W
2148176848,4,R
2148176848,4,W
2148177104,4,R
2148177104,4,W
2148177360,4,R
2148177360,4,W
2148177616,4,R
2148177616,4,W
2148177872,4,R
2148177872,4,W
2148178128,4,R
2148178128,4,W
2148178384,4,R
2148178384,4,W
2148178640,4,R
2148178640,4,W
2148178896,4,R
2148178896,4,W
2148179152,4,R
2148179152,4,W
2148179408,4,R
2148179408,4,W
2148179664,4,R
2148179664,4,W
2148179920,4,R
2148179920,4,W
2148180176,4,R
2148180176,4,W
2148180432,4,R
2148180432,4,W
2148180688,4,R
2148180688,4,W
2148180944,4,R
2148180944,4,W
2148181200,4,R
2148181200,4,W
2148181456,4,R
2148181456,4,W
2148181712,4,R
2148181712,4,W
2148181968,4,R
2148181968,4,W
2148182224,4,R
2148182224,4,W
2148182480,4,R
2148182480,4,W
2148182736,4,R
2148182736,4,W
2148182992,4,R
2148182992,4,W
2148183248,4,R
2148183248,4,W
2148183504,4,R
2148183504,4,W
2148183760,4,R
2148183760,4,W
2148184016,4,R
2148184016,4,W
2148184272,4,R
2148184272,4,W
2148184528,4,R
2148184528,4,W
2148184784,4,R
2148184784,4,W
2148185040,4,R
2148185040,4,W
2148185296,4,R
2148185296,4,W
2148185552,4,R
2148185552,4,W
2148185808,4,R
2148185808,4,W
2148186064,4,R
2148186064,4,W
2148186320,4,R
2148186320,4,W
2148186576,4,R
2148186576,4,W
2148186832,4,R
2148186832,4,W
2148187088,4,R
2148187088,4,W
2148187344,4,R
2148187344,4,W
2148187600,4,R
2148187600,4,W
2148171476,4,R
2148171476,4,W
2148171732,4,R
2148171732,4,W
2148171988,4,R
2148171988,4,W
2148172244,4,R
2148172244,4,W
2148172500,4,R
2148172500,4,W
2148172756,4,R
2148172756,4,W
2148173012,4,R
2148173012,4,W
2148173268,4,R
2148173268,4,W
2148173524,4,R
2148173524,4,W
2148173780,4,R
2148173780,4,W
2148174036,4,R
2148174036,4,W
2148174292,4,R
2148174292,4,W
2148174548,4,R
2148174548,4,W
2148174804,4,R
2148174804,4,W
2148175060,4,R
2148175060,4,W
2148175316,4,R
2148175316,4,W
2148175572,4,R
2148175572,4,W
2148175828,4,R
2148175828,4,W
2148176084,4,R
2148176084,4,W
2148176340,4,R
2148176340,4,W
2148176596,4,R
2148176596,4,W
2148176852,4,R
2148176852,4,W
2148177108,4,R
2148177108,4,W
2148177364,4,R
2148177364,4,W
2148177620,4,R
2148177620,4,W
2148177876,4,R
2148177876,4,W
2148178132,4,R
2148178132,4,W
2148178388,4,R
2148178388,4,W
2148178644,4,R
2148178644,4,W
2148178900,4,R
2148178900,4,W
2148179156,4,R
2148179156,4,W
2148179412,4,R
2148179412,4,W
2148179668,4,R
2148179668,4,W
2148179924,4,R
2148179924,4,W
2148180180,4,R
2148180180,4,W
2148180436,4,R
2148180436,4,W
2148180692,4,R
2148180692,4,W
2148180948,4,R
2148180948,4,W
2148181204,4,R
2148181204,4,W
2148181460,4,R
2148181460,4,W
2148181716,4,R
2148181716,4,W
2148181972,4,R
2148181972,4,W
2148182228,4,R
2148182228,4,W
2148182484,4,R
2148182484,4,W
2148182740,4,R
2148182740,4,W
2148182996,4,R
2148182996,4,W
2148183252,4,R
2148183252,4,W
2148183508,4,R
2148183508,4,W
2148183764,4,R
2148183764,4,W
2148184020,4,R
2148184020,4,W
2148184276,4,R
2148184276,4,W
2148184532,4,R
2148184532,4,W
2148184788,4,R
2148184788,4,W
2148185044,4,R
2148185044,4,W
2148185300,4,R
2148185300,4,W
2148185556,4,R
2148185556,4,W
2148185812,4,R
2148185812,4,W
2148186068,4,R
2148186068,4,W
2148186324,4,R
2148186324,4,W
2148186580,4,R
2148186580,4,W
2148186836,4,R
2148186836,4,W
2148187092,4,R
2148187092,4,W
2148187348,4,R
2148187348,4,W
2148187604,4,R
2148187604,4,W
2148171480,4,R
2148171480,4,W
2148171736,4,R
2148171736,4,W
2148171992,4,R
2148171992,4,W
2148172248,4,R
2148172248,4,W
2148172504,4,R
2148172504,4,W
2148172760,4,R
2148172760,4,W
2148173016,4,R
2148173016,4,W
2148173272,4,R
2148173272,4,W
2148173528,4,R
2148173528,4,W
2148173784,4,R
2148173784,4,W
2148174040,4,R
2148174040,4,W
2148174296,4,R
2148174296,4,W
2148174552,4,R
2148174552,4,W
2148174808,4,R
2148174808,4,W
2148175064,4,R
2148175064,4,W
2148175320,4,R
2148175320,4,W
2148175576,4,R
2148175576,4,W
2148175832,4,R
2148175832,4,W
2148176088,4,R
2148176088,4,W
2148176344,4,R
2148176344,4,W
2148176600,4,R
2148176600,4,W
2148176856,4,R
2148176856,4,W
2148177112,4,R
2148177112,4,W
2148177368,4,R
2148177368,4,W
2148177624,4,R
2148177624,4,W
2148177880,4,R
2148177880,4,W
2148178136,4,R
2148178136,4,W
2148178392,4,R
2148178392,4,W
2148178648,4,R
2148178648,4,W
2148178904,4,R
2148178904,4,W
2148179160,4,R
2148179160,4,W
2148179416,4,R
2148179416,4,W
2148179672,4,R
2148179672,4,W
2148179928,4,R
2148179928,4,W
2148180184,4,R
2148180184,4,W
2148180440,4,R
2148180440,4,W
2148180696,4,R
2148180696,4,W
2148180952,4,R
2148180952,4,W
2148181208,4,R
2148181208,4,W
2148181464,4,R
2148181464,4,W
2148181720,4,R
2148181720,4,W
2148181976,4,R
2148181976,4,W
2148182232,4,R
2148182232,4,W
2148182488,4,R
2148182488,4,W
2148182744,4,R
2148182744,4,W
2148183000,4,R
2148183000,4,W
2148183256,4,R
2148183256,4,W
2148183512,4,R
2148183512,4,W
2148183768,4,R
2148183768,4,W
2148184024,4,R
2148184024,4,W
2148184280,4,R
2148184280,4,W
2148184536,4,R
2148184536,4,W
2148184792,4,R
2148184792,4,W
2148185048,4,R
2148185048,4,W
2148185304,4,R
2148185304,4,W
2148185560,4,R
2148185560,4,W
2148185816,4,R
2148185816,4,W
2148186072,4,R
2148186072,4,W
2148186328,4,R
2148186328,4,W
2148186584,4,R
2148186584,4,W
2148186840,4,R
2148186840,4,W
2148187096,4,R
2148187096,4,W
2148187352,4,R
2148187352,4,W
2148187608,4,R
2148187608,4,W
2148171484,4,R
2148171484,4,W
2148171740,4,R
2148171740,4,W
2148171996,4,R
2148171996,4,W
2148172252,4,R
2148172252,4,W
2148172508,4,R
2148172508,4,W
2148172764,4,R
2148172764,4,W
2148173020,4,R
2148173020,4,W
2148173276,4,R
2148173276,4,W
2148173532,4,R
2148173532,4,W
2148173788,4,R
2148173788,4,W
2148174044,4,R
2148174044,4,W
2148174300,4,R
2148174300,4,W
2148174556,4,R
2148174556,4,W
2148174812,4,R
2148174812,4,W
2148175068,4,R
2148175068,4,W
2148175324,4,R
2148175324,4,W
2148175580,4,R
2148175580,4,W
2148175836,4,R
2148175836,4,W
2148176092,4,R
2148176092,4,W
2148176348,4,R
2148176348,4,W
2148176604,4,R
2148176604,4,W
2148176860,4,R
2148176860,4,W
2148177116,4,R
2148177116,4,W
2148177372,4,R
2148177372,4,W
2148177628,4,R
2148177628,4,W
2148177884,4,R
2148177884,4,W
2148178140,4,R
2148178140,4,W
2148178396,4,R
2148178396,4,W
2148178652,4,R
2148178652,4,W
2148178908,4,R
2148178908,4,W
2148179164,4,R
2148179164,4,W
2148179420,4,R
2148179420,4,W
2148179676,4,R
2148179676,4,W
2148179932,4,R
2148179932,4,W
2148180188,4,R
2148180188,4,W
2148180444,4,R
2148180444,4,W
2148180700,4,R
2148180700,4,W
2148180956,4,R
2148180956,4,W
2148181212,4,R
2148181212,4,W
2148181468,4,R
2148181468,4,W
2148181724,4,R
2148181724,4,W
2148181980,4,R
2148181980,4,W
2148182236,4,R
2148182236,4,W
2148182492,4,R
2148182492,4,W
2148182748,4,R
2148182748,4,W
2148183004,4,R
2148183004,4,W
2148183260,4,R
2148183260,4,W
2148183516,4,R
2148183516,4,W
2148183772,4,R
2148183772,4,W
2148184028,4,R
2148184028,4,W
2148184284,4,R
2148184284,4,W
2148184540,4,R
2148184540,4,W
2148184796,4,R
2148184796,4,W
2148185052,4,R
2148185052,4,W
2148185308,4,R
2148185308,4,W
2148185564,4,R
2148185564,4,W
2148185820,4,R
2148185820,4,W
2148186076,4,R
2148186076,4,W
2148186332,4,R
2148186332,4,W
2148186588,4,R
2148186588,4,W
2148186844,4,R
2148186844,4,W
2148187100,4,R
2148187100,4,W
2148187356,4,R
2148187356,4,W
2148187612,4,R
2148187612,4,W
2148171488,4,R
2148171488,4,W
2148171744,4,R
2148171744,4,W
2148172000,4,R
2148172000,4,W
2148172256,4,R
2148172256,4,W
2148172512,4,R
2148172512,4,W
2148172768,4,R
2148172768,4,W
2148173024,4,R
2148173024,4,W
2148173280,4,R
2148173280,4,W
2148173536,4,R
2148173536,4,W
2148173792,4,R
2148173792,4,W
2148174048,4,R
2148174048,4,W
2148174304,4,R
2148174304,4,W
2148174560,4,R
2148174560,4,W
2148174816,4,R
2148174816,4,W
2148175072,4,R
2148175072,4,W
2148175328,4,R
2148175328,4,W
2148175584,4,R
2148175584,4,W
2148175840,4,R
2148175840,4,W
2148176096,4,R
2148176096,4,W
2148176352,4,R
2148176352,4,W
2148176608,4,R
2148176608,4,W
2148176864,4,R
2148176864,4,W
2148177120,4,R
2148177120,4,W
2148177376,4,R
2148177376,4,W
2148177632,4,R
2148177632,4,W
2148177888,4,R
2148177888,4,W
2148178144,4,R
2148178144,4,W
2148178400,4,R
2148178400,4,W
2148178656,4,R
2148178656,4,W
2148178912,4,R
2148178912,4,W
2148179168,4,R
2148179168,4,W
2148179424,4,R
2148179424,4,W
2148179680,4,R
2148179680,4,W
2148179936,4,R
2148179936,4,W
2148180192,4,R
2148180192,4,W
2148180448,4,R
2148180448,4,W
2148180704,4,R
2148180704,4,W
2148180960,4,R
2148180960,4,W
2148181216,4,R
2148181216,4,W
2148181472,4,R
2148181472,4,W
2148181728,4,R
2148181728,4,W
2148181984,4,R
2148181984,4,W
2148182240,4,R
2148182240,4,W
2148182496,4,R
2148182496,4,W
2148182752,4,R
2148182752,4,W
2148183008,4,R
2148183008,4,W
2148183264,4,R
2148183264,4,W
2148183520,4,R
2148183520,4,W
2148183776,4,R
2148183776,4,W
2148184032,4,R
2148184032,4,W
2148184288,4,R
2148184288,4,W
2148184544,4,R
2148184544,4,W
2148184800,4,R
2148184800,4,W
2148185056,4,R
2148185056,4,W
2148185312,4,R
2148185312,4,W
2148185568,4,R
2148185568,4,W
2148185824,4,R
2148185824,4,W
2148186080,4,R
2148186080,4,W
2148186336,4,R
2148186336,4,W
2148186592,4,R
2148186592,4,W
2148186848,4,R
2148186848,4,W
2148187104,4,R
2148187104,4,W
2148187360,4,R
2148187360,4,W
2148187616,4,R
2148187616,4,W
2148171492,4,R
2148171492,4,W
2148171748,4,R
2148171748,4,W
2148172004,4,R
2148172004,4,W
2148172260,4,R
2148172260,4,W
2148172516,4,R
2148172516,4,W
2148172772,4,R
2148172772,4,W
2148173028,4,R
2148173028,4,W
2148173284,4,R
2148173284,4,W
2148173540,4,R
2148173540,4,W
2148173796,4,R
2148173796,4,W
2148174052,4,R
2148174052,4,W
2148174308,4,R
2148174308,4,W
2148174564,4,R
2148174564,4,W
2148174820,4,R
2148174820,4,W
2148175076,4,R
2148175076,4,W
2148175332,4,R
2148175332,4,W
2148175588,4,R
2148175588,4,W
2148175844,4,R
2148175844,4,W
2148176100,4,R
2148176100,4,W
2148176356,4,R
2148176356,4,W
2148176612,4,R
2148176612,4,W
2148176868,4,R
2148176868,4,W
2148177124,4,R
2148177124,4,W
2148177380,4,R
2148177380,4,W
2148177636,4,R
2148177636,4,W
2148177892,4,R
2148177892,4,W
2148178148,4,R
2148178148,4,W
2148178404,4,R
2148178404,4,W
2148178660,4,R
2148178660,4,W
2148178916,4,R
2148178916,4,W
2148179172,4,R
2148179172,4,W
2148179428,4,R
2148179428,4,W
2148179684,4,R
2148179684,4,W
2148179940,4,R
2148179940,4,W
2148180196,4,R
2148180196,4,W
2148180452,4,R
2148180452,4,W
2148180708,4,R
2148180708,4,W
2148180964,4,R
2148180964,4,W
2148181220,4,R
2148181220,4,W
2148181476,4,R
2148181476,4,W
2148181732,4,R
2148181732,4,W
2148181988,4,R
2148181988,4,W
2148182244,4,R
2148182244,4,W
2148182500,4,R
2148182500,4,W
2148182756,4,R
2148182756,4,W
2148183012,4,R
2148183012,4,W
2148183268,4,R
2148183268,4,W
2148183524,4,R
2148183524,4,W
2148183780,4,R
2148183780,4,W
2148184036,4,R
2148184036,4,W
2148184292,4,R
2148184292,4,W
2148184548,4,R
2148184548,4,W
2148184804,4,R
2148184804,4,W
2148185060,4,R
2148185060,4,W
2148185316,4,R
2148185316,4,W
2148185572,4,R
2148185572,4,W
2148185828,4,R
2148185828,4,W
2148186084,4,R
2148186084,4,W
2148186340,4,R
2148186340,4,W
2148186596,4,R
2148186596,4,W
2148186852,4,R
2148186852,4,W
2148187108,4,R
2148187108,4,W
2148187364,4,R
2148187364,4,W
2148187620,4,R
2148187620,4,W
2148171496,4,R
2148171496,4,W
2148171752,4,R
2148171752,4,W
2148172008,4,R
2148172008,4,W
2148172264,4,R
2148172264,4,W
2148172520,4,R
2148172520,4,W
2148172776,4,R
2148172776,4,W
2148173032,4,R
2148173032,4,W
2148173288,4,R
2148173288,4,W
2148173544,4,R
2148173544,4,W
2148173800,4,R
2148173800,4,W
2148174056,4,R
2148174056,4,W
2148174312,4,R
2148174312,4,W
2148174568,4,R
2148174568,4,W
2148174824,4,R
2148174824,4,W
2148175080,4,R
2148175080,4,W
2148175336,4,R
2148175336,4,W
2148175592,4,R
2148175592,4,W
2148175848,4,R
2148175848,4,W
2148176104,4,R
2148176104,4,W
2148176360,4,R
2148176360,4,W
2148176616,4,R
2148176616,4,W
2148176872,4,R
2148176872,4,W
2148177128,4,R
2148177128,4,W
2148177384,4,R
2148177384,4,W
2148177640,4,R
2148177640,4,W
2148177896,4,R
2148177896,4,W
2148178152,4,R
2148178152,4,W
2148178408,4,R
2148178408,4,W
2148178664,4,R
2148178664,4,W
2148178920,4,R
2148178920,4,W
2148179176,4,R
2148179176,4,W
2148179432,4,R
2148179432,4,W
2148179688,4,R
2148179688,4,W
2148179944,4,R
2148179944,4,W
2148180200,4,R
2148180200,4,W
2148180456,4,R
2148180456,4,W
2148180712,4,R
2148180712,4,W
2148180968,4,R
2148180968,4,W
2148181224,4,R
2148181224,4,W
2148181480,4,R
2148181480,4,W
2148181736,4,R
2148181736,4,W
2148181992,4,R
2148181992,4,W
2148182248,4,R
2148182248,4,W
2148182504,4,R
2148182504,4,W
2148182760,4,R
2148182760,4,W
2148183016,4,R
2148183016,4,W
2148183272,4,R
2148183272,4,W
2148183528,4,R
2148183528,4,W
2148183784,4,R
2148183784,4,W
2148184040,4,R
2148184040,4,W
2148184296,4,R
2148184296,4,W
2148184552,4,R
2148184552,4,W
2148184808,4,R
2148184808,4,W
2148185064,4,R
2148185064,4,W
2148185320,4,R
2148185320,4,W
2148185576,4,R
2148185576,4,W
2148185832,4,R
2148185832,4,W
2148186088,4,R
2148186088,4,W
2148186344,4,R
2148186344,4,W
2148186600,4,R
2148186600,4,W
2148186856,4,R
2148186856,4,W
2148187112,4,R
2148187112,4,W
2148187368,4,R
2148187368,4,W
2148187624,4,R
2148187624,4,W
2148171500,4,R
2148171500,4,W
2148171756,4,R
2148171756,4,W
2148172012,4,R
2148172012,4,W
2148172268,4,R
2148172268,4,W
2148172524,4,R
2148172524,4,W
2148172780,4,R
2148172780,4,W
2148173036,4,R
2148173036,4,W
2148173292,4,R
2148173292,4,W
2148173548,4,R
2148173548,4,W
2148173804,4,R
2148173804,4,W
2148174060,4,R
2148174060,4,W
2148174316,4,R
2148174316,4,W
2148174572,4,R
2148174572,4,W
2148174828,4,R
2148174828,4,W
2148175084,4,R
2148175084,4,W
2148175340,4,R
2148175340,4,W
2148175596,4,R
2148175596,4,W
2148175852,4,R
2148175852,4,W
2148176108,4,R
2148176108,4,W
2148176364,4,R
2148176364,4,W
2148176620,4,R
2148176620,4,W
2148176876,4,R
2148176876,4,W
2148177132,4,R
2148177132,4,W
2148177388,4,R
2148177388,4,W
2148177644,4,R
2148177644,4,W
2148177900,4,R
2148177900,4,W
2148178156,4,R
2148178156,4,W
2148178412,4,R
2148178412,4,W
2148178668,4,R
2148178668,4,W
2148178924,4,R
2148178924,4,W
2148179180,4,R
2148179180,4,W
2148179436,4,R
2148179436,4,W
2148179692,4,R
2148179692,4,W
2148179948,4,R
2148179948,4,W
2148180204,4,R
2148180204,4,W
2148180460,4,R
2148180460,4,W
2148180716,4,R
2148180716,4,W
2148180972,4,R
2148180972,4,W
2148181228,4,R
2148181228,4,W
2148181484,4,R
2148181484,4,W
2148181740,4,R
2148181740,4,W
2148181996,4,R
2148181996,4,W
2148182252,4,R
2148182252,4,W
2148182508,4,R
2148182508,4,W
2148182764,4,R
2148182764,4,W
2148183020,4,R
2148183020,4,W
2148183276,4,R
2148183276,4,W
2148183532,4,R
2148183532,4,W
2148183788,4,R
2148183788,4,W
2148184044,4,R
2148184044,4,W
2148184300,4,R
2148184300,4,W
2148184556,4,R
2148184556,4,W
2148184812,4,R
2148184812,4,W
2148185068,4,R
2148185068,4,W
2148185324,4,R
2148185324,4,W
2148185580,4,R
2148185580,4,W
2148185836,4,R
2148185836,4,W
2148186092,4,R
2148186092,4,W
2148186348,4,R
2148186348,4,W
2148186604,4,R
2148186604,4,W
2148186860,4,R
2148186860,4,W
2148187116,4,R
2148187116,4,W
2148187372,4,R
2148187372,4,W
2148187628,4,R
2148187628,4,W
2148171504,4,R
2148171504,4,W
2148171760,4,R
2148171760,4,W
2148172016,4,R
2148172016,4,W
2148172272,4,R
2148172272,4,W
2148172528,4,R
2148172528,4,W
2148172784,4,R
2148172784,4,W
2148173040,4,R
2148173040,4,W
2148173296,4,R
2148173296,4,W
2148173552,4,R
2148173552,4,W
2148173808,4,R
2148173808,4,W
2148174064,4,R
2148174064,4,W
2148174320,4,R
2148174320,4,W
2148174576,4,R
2148174576,4,W
2148174832,4,R
2148174832,4,W
2148175088,4,R
2148175088,4,W
2148175344,4,R
2148175344,4,W
2148175600,4,R
2148175600,4,W
2148175856,4,R
2148175856,4,W
2148176112,4,R
2148176112,4,W
2148176368,4,R
2148176368,4,W
2148176624,4,R
2148176624,4,W
2148176880,4,R
2148176880,4,W
2148177136,4,R
2148177136,4,W
2148177392,4,R
2148177392,4,W
2148177648,4,R
2148177648,4,W
2148177904,4,R
2148177904,4,W
2148178160,4,R
2148178160,4,W
2148178416,4,R
2148178416,4,W
2148178672,4,R
2148178672,4,W
2148178928,4,R
2148178928,4,W
2148179184,4,R
2148179184,4,W
2148179440,4,R
2148179440,4,W
2148179696,4,R
2148179696,4,W
2148179952,4,R
2148179952,4,W
2148180208,4,R
2148180208,4,W
2148180464,4,R
2148180464,4,W
2148180720,4,R
2148180720,4,W
2148180976,4,R
2148180976,4,W
2148181232,4,R
2148181232,4,W
2148181488,4,R
2148181488,4,W
2148181744,4,R
2148181744,4,W
2148182000,4,R
2148182000,4,W
2148182256,4,R
2148182256,4,W
2148182512,4,R
2148182512,4,W
2148182768,4,R
2148182768,4,W
2148183024,4,R
2148183024,4,W
2148183280,4,R
2148183280,4,W
2148183536,4,R
2148183536,4,W
2148183792,4,R
2148183792,4,W
2148184048,4,R
2148184048,4,W
2148184304,4,R
2148184304,4,W
2148184560,4,R
2148184560,4,W
2148184816,4,R
2148184816,4,W
2148185072,4,R
2148185072,4,W
2148185328,4,R
2148185328,4,W
2148185584,4,R
2148185584,4,W
2148185840,4,R
2148185840,4,W
2148186096,4,R
2148186096,4,W
2148186352,4,R
2148186352,4,W
2148186608,4,R
2148186608,4,W
2148186864,4,R
2148186864,4,W
2148187120,4,R
2148187120,4,W
2148187376,4,R
2148187376,4,W
2148187632,4,R
2148187632,4,W
2148171508,4,R
2148171508,4,W
2148171764,4,R
2148171764,4,W
2148172020,4,R
2148172020,4,W
2148172276,4,R
2148172276,4,W
2148172532,4,R
2148172532,4,W
2148172788,4,R
2148172788,4,W
2148173044,4,R
2148173044,4,W
2148173300,4,R
2148173300,4,W
2148173556,4,R
2148173556,4,W
2148173812,4,R
2148173812,4,W
2148174068,4,R
2148174068,4,W
2148174324,4,R
2148174324,4,W
2148174580,4,R
2148174580,4,W
2148174836,4,R
2148174836,4,W
2148175092,4,R
2148175092,4,W
2148175348,4,R
2148175348,4,W
2148175604,4,R
2148175604,4,W
2148175860,4,R
2148175860,4,W
2148176116,4,R
2148176116,4,W
2148176372,4,R
2148176372,4,W
2148176628,4,R
2148176628,4,W
2148176884,4,R
2148176884,4,W
2148177140,4,R
2148177140,4,W
2148177396,4,R
2148177396,4,W
2148177652,4,R
2148177652,4,W
2148177908,4,R
2148177908,4,W
2148178164,4,R
2148178164,4,W
2148178420,4,R
2148178420,4,W
2148178676,4,R
2148178676,4,W
2148178932,4,R
2148178932,4,W
2148179188,4,R
2148179188,4,W
2148179444,4,R
2148179444,4,W
2148179700,4,R
2148179700,4,W
2148179956,4,R
2148179956,4,W
2148180212,4,R
2148180212,4,W
2148180468,4,R
2148180468,4,W
2148180724,4,R
2148180724,4,W
2148180980,4,R
2148180980,4,W
2148181236,4,R
2148181236,4,W
2148181492,4,R
2148181492,4,W
2148181748,4,R
2148181748,4,W
2148182004,4,R
2148182004,4,W
2148182260,4,R
2148182260,4,W
2148182516,4,R
2148182516,4,W
2148182772,4,R
2148182772,4,W
2148183028,4,R
2148183028,4,W
2148183284,4,R
2148183284,4,W
2148183540,4,R
2148183540,4,W
2148183796,4,R
2148183796,4,W
2148184052,4,R
2148184052,4,W
2148184308,4,R
2148184308,4,W
2148184564,4,R
2148184564,4,W
2148184820,4,R
2148184820,4,W
2148185076,4,R
2148185076,4,W
2148185332,4,R
2148185332,4,W
2148185588,4,R
2148185588,4,W
2148185844,4,R
2148185844,4,W
2148186100,4,R
2148186100,4,W
2148186356,4,R
2148186356,4,W
2148186612,4,R
2148186612,4,W
2148186868,4,R
2148186868,4,W
2148187124,4,R
2148187124,4,W
2148187380,4,R
2148187380,4,W
2148187636,4,R
2148187636,4,W
2148171512,4,R
2148171512,4,W
2148171768,4,R
2148171768,4,W
2148172024,4,R
2148172024,4,W
2148172280,4,R
2148172280,4,W
2148172536,4,R
2148172536,4,W
2148172792,4,R
2148172792,4,W
2148173048,4,R
2148173048,4,W
2148173304,4,R
2148173304,4,W
2148173560,4,R
2148173560,4,W
2148173816,4,R
2148173816,4,W
2148174072,4,R
2148174072,4,W
2148174328,4,R
2148174328,4,W
2148174584,4,R
2148174584,4,W
2148174840,4,R
2148174840,4,W
2148175096,4,R
2148175096,4,W
2148175352,4,R
2148175352,4,W
2148175608,4,R
2148175608,4,W
2148175864,4,R
2148175864,4,W
2148176120,4,R
2148176120,4,W
2148176376,4,R
2148176376,4,W
2148176632,4,R
2148176632,4,W
2148176888,4,R
2148176888,4,W
2148177144,4,R
2148177144,4,W
2148177400,4,R
2148177400,4,W
2148177656,4,R
2148177656,4,W
2148177912,4,R
2148177912,4,W
2148178168,4,R
2148178168,4,W
2148178424,4,R
2148178424,4,W
2148178680,4,R
2148178680,4,W
2148178936,4,R
2148178936,4,W
2148179192,4,R
2148179192,4,W
2148179448,4,R
2148179448,4,W
2148179704,4,R
2148179704,4,W
2148179960,4,R
2148179960,4,W
2148180216,4,R
2148180216,4,W
2148180472,4,R
2148180472,4,W
2148180728,4,R
2148180728,4,W
2148180984,4,R
2148180984,4,W
2148181240,4,R
2148181240,4,W
2148181496,4,R
2148181496,4,W
2148181752,4,R
2148181752,4,W
2148182008,4,R
2148182008,4,W
2148182264,4,R
2148182264,4,W
2148182520,4,R
2148182520,4,W
2148182776,4,R
2148182776,4,W
2148183032,4,R
2148183032,4,W
2148183288,4,R
2148183288,4,W
2148183544,4,R
2148183544,4,W
2148183800,4,R
2148183800,4,W
2148184056,4,R
2148184056,4,W
2148184312,4,R
2148184312,4,W
2148184568,4,R
2148184568,4,W
2148184824,4,R
2148184824,4,W
2148185080,4,R
2148185080,4,W
2148185336,4,R
2148185336,4,W
2148185592,4,R
2148185592,4,W
2148185848,4,R
2148185848,4,W
2148186104,4,R
2148186104,4,W
2148186360,4,R
2148186360,4,W
2148186616,4,R
2148186616,4,W
2148186872,4,R
2148186872,4,W
2148187128,4,R
2148187128,4,W
2148187384,4,R
2148187384,4,W
2148187640,4,R
2148187640,4,W
2148171516,4,R
2148171516,4,W
2148171772,4,R
2148171772,4,W
2148172028,4,R
2148172028,4,W
2148172284,4,R
2148172284,4,W
2148172540,4,R
2148172540,4,W
2148172796,4,R
2148172796,4,W
2148173052,4,R
2148173052,4,W
2148173308,4,R
2148173308,4,W
2148173564,4,R
2148173564,4,W
2148173820,4,R
2148173820,4,W
2148174076,4,R
2148174076,4,W
2148174332,4,R
2148174332,4,W
2148174588,4,R
2148174588,4,W
2148174844,4,R
2148174844,4,W
2148175100,4,R
2148175100,4,W
2148175356,4,R
2148175356,4,W
2148175612,4,R
2148175612,4,W
2148175868,4,R
2148175868,4,W
2148176124,4,R
2148176124,4,W
2148176380,4,R
2148176380,4,W
2148176636,4,R
2148176636,4,W
2148176892,4,R
2148176892,4,W
2148177148,4,R
2148177148,4,W
2148177404,4,R
2148177404,4,W
2148177660,4,R
2148177660,4,W
2148177916,4,R
2148177916,4,W
2148178172,4,R
2148178172,4,W
2148178428,4,R
2148178428,4,W
2148178684,4,R
2148178684,4,W
2148178940,4,R
2148178940,4,W
2148179196,4,R
2148179196,4,W
2148179452,4,R
2148179452,4,W
2148179708,4,R
2148179708,4,W
2148179964,4,R
2148179964,4,W
2148180220,4,R
2148180220,4,W
2148180476,4,R
2148180476,4,W
2148180732,4,R
2148180732,4,W
2148180988,4,R
2148180988,4,W
2148181244,4,R
2148181244,4,W
2148181500,4,R
2148181500,4,W
2148181756,4,R
2148181756,4,W
2148182012,4,R
2148182012,4,W
2148182268,4,R
2148182268,4,W
2148182524,4,R
2148182524,4,W
2148182780,4,R
2148182780,4,W
2148183036,4,R
2148183036,4,W
2148183292,4,R
2148183292,4,W
2148183548,4,R
2148183548,4,W
2148183804,4,R
2148183804,4,W
2148184060,4,R
2148184060,4,W
2148184316,4,R
2148184316,4,W
2148184572,4,R
2148184572,4,W
2148184828,4,R
2148184828,4,W
2148185084,4,R
2148185084,4,W
2148185340,4,R
2148185340,4,W
2148185596,4,R
2148185596,4,W
2148185852,4,R
2148185852,4,W
2148186108,4,R
2148186108,4,W
2148186364,4,R
2148186364,4,W
2148186620,4,R
2148186620,4,W
2148186876,4,R
2148186876,4,W
2148187132,4,R
2148187132,4,W
2148187388,4,R
2148187388,4,W
2148187644,4,R
2148187644,4,W
2148171520,4,R
2148171520,4,W
2148171776,4,R
2148171776,4,W
2148172032,4,R
2148172032,4,W
2148172288,4,R
2148172288,4,W
2148172544,4,R
2148172544,4,W
2148172800,4,R
2148172800,4,W
2148173056,4,R
2148173056,4,W
2148173312,4,R
2148173312,4,W
2148173568,4,R
2148173568,4,W
2148173824,4,R
2148173824,4,W
2148174080,4,R
2148174080,4,W
2148174336,4,R
2148174336,4,W
2148174592,4,R
2148174592,4,W
2148174848,4,R
2148174848,4,W
2148175104,4,R
2148175104,4,W
2148175360,4,R
2148175360,4,W
2148175616,4,R
2148175616,4,W
2148175872,4,R
2148175872,4,W
2148176128,4,R
2148176128,4,W
2148176384,4,R
2148176384,4,W
2148176640,4,R
2148176640,4,W
2148176896,4,R
2148176896,4,W
2148177152,4,R
2148177152,4,W
2148177408,4,R
2148177408,4,W
2148177664,4,R
2148177664,4,W
2148177920,4,R
2148177920,4,W
2148178176,4,R
2148178176,4,W
2148178432,4,R
2148178432,4,W
2148178688,4,R
2148178688,4,W
2148178944,4,R
2148178944,4,W
2148179200,4,R
2148179200,4,W
2148179456,4,R
2148179456,4,W
2148179712,4,R
2148179712,4,W
2148179968,4,R
2148179968,4,W
2148180224,4,R
2148180224,4,W
2148180480,4,R
2148180480,4,W
2148180736,4,R
2148180736,4,W
2148180992,4,R
2148180992,4,W
2148181248,4,R
2148181248,4,W
2148181504,4,R
2148181504,4,W
2148181760,4,R
2148181760,4,W
2148182016,4,R
2148182016,4,W
2148182272,4,R
2148182272,4,W
2148182528,4,R
2148182528,4,W
2148182784,4,R
2148182784,4,W
2148183040,4,R
2148183040,4,W
2148183296,4,R
2148183296,4,W
2148183552,4,R
2148183552,4,W
2148183808,4,R
2148183808,4,W
2148184064,4,R
2148184064,4,W
2148184320,4,R
2148184320,4,W
2148184576,4,R
2148184576,4,W
2148184832,4,R
2148184832,4,W
2148185088,4,R
2148185088,4,W
2148185344,4,R
2148185344,4,W
2148185600,4,R
2148185600,4,W
2148185856,4,R
2148185856,4,W
2148186112,4,R
2148186112,4,W
2148186368,4,R
2148186368,4,W
2148186624,4,R
2148186624,4,W
2148186880,4,R
2148186880,4,W
2148187136,4,R
2148187136,4,W
2148187392,4,R
2148187392,4,W
2148187648,4,R
2148187648,4,W
2148171524,4,R
2148171524,4,W
2148171780,4,R
2148171780,4,W
2148172036,4,R
2148172036,4,W
2148172292,4,R
2148172292,4,W
2148172548,4,R
2148172548,4,W
2148172804,4,R
2148172804,4,W
2148173060,4,R
2148173060,4,W
2148173316,4,R
2148173316,4,W
2148173572,4,R
2148173572,4,W
2148173828,4,R
2148173828,4,W
2148174084,4,R
2148174084,4,W
2148174340,4,R
2148174340,4,W
2148174596,4,R
2148174596,4,W
2148174852,4,R
2148174852,4,W
2148175108,4,R
2148175108,4,W
2148175364,4,R
2148175364,4,W
2148175620,4,R
2148175620,4,W
2148175876,4,R
2148175876,4,W
2148176132,4,R
2148176132,4,W
2148176388,4,R
2148176388,4,W
2148176644,4,R
2148176644,4,W
2148176900,4,R
2148176900,4,W
2148177156,4,R
2148177156,4,W
2148177412,4,R
2148177412,4,W
2148177668,4,R
2148177668,4,W
2148177924,4,R
2148177924,4,W
2148178180,4,R
2148178180,4,W
2148178436,4,R
2148178436,4,W
2148178692,4,R
2148178692,4,W
2148178948,4,R
2148178948,4,W
2148179204,4,R
2148179204,4,W
2148179460,4,R
2148179460,4,W
2148179716,4,R
2148179716,4,W
2148179972,4,R
2148179972,4,W
2148180228,4,R
2148180228,4,W
2148180484,4,R
2148180484,4,W
2148180740,4,R
2148180740,4,W
2148180996,4,R
2148180996,4,W
2148181252,4,R
2148181252,4,W
2148181508,4,R
2148181508,4,W
2148181764,4,R
2148181764,4,W
2148182020,4,R
2148182020,4,W
2148182276,4,R
2148182276,4,W
2148182532,4,R
2148182532,4,W
2148182788,4,R
2148182788,4,W
2148183044,4,R
2148183044,4,W
2148183300,4,R
2148183300,4,W
2148183556,4,R
2148183556,4,W
2148183812,4,R
2148183812,4,W
2148184068,4,R
2148184068,4,W
2148184324,4,R
2148184324,4,W
2148184580,4,R
2148184580,4,W
2148184836,4,R
2148184836,4,W
2148185092,4,R
2148185092,4,W
2148185348,4,R
2148185348,4,W
2148185604,4,R
2148185604,4,W
2148185860,4,R
2148185860,4,W
2148186116,4,R
2148186116,4,W
2148186372,4,R
2148186372,4,W
2148186628,4,R
2148186628,4,W
2148186884,4,R
2148186884,4,W
2148187140,4,R
2148187140,4,W
2148187396,4,R
2148187396,4,W
2148187652,4,R
2148187652,4,W
2148171528,4,R
2148171528,4,W
2148171784,4,R
2148171784,4,W
2148172040,4,R
2148172040,4,W
2148172296,4,R
2148172296,4,W
2148172552,4,R
2148172552,4,W
2148172808,4,R
2148172808,4,W
2148173064,4,R
2148173064,4,W
2148173320,4,R
2148173320,4,W
2148173576,4,R
2148173576,4,W
2148173832,4,R
2148173832,4,W
2148174088,4,R
2148174088,4,W
2148174344,4,R
2148174344,4,W
2148174600,4,R
2148174600,4,W
2148174856,4,R
2148174856,4,W
2148175112,4,R
2148175112,4,W
2148175368,4,R
2148175368,4,W
2148175624,4,R
2148175624,4,W
2148175880,4,R
2148175880,4,W
2148176136,4,R
2148176136,4,W
2148176392,4,R
2148176392,4,W
2148176648,4,R
2148176648,4,W
2148176904,4,R
2148176904,4,W
2148177160,4,R
2148177160,4,W
2148177416,4,R
2148177416,4,W
2148177672,4,R
2148177672,4,W
2148177928,4,R
2148177928,4,W
2148178184,4,R
2148178184,4,W
2148178440,4,R
2148178440,4,W
2148178696,4,R
2148178696,4,W
2148178952,4,R
2148178952,4,W
2148179208,4,R
2148179208,4,W
2148179464,4,R
2148179464,4,W
2148179720,4,R
2148179720,4,W
2148179976,4,R
2148179976,4,W
2148180232,4,R
2148180232,4,W
2148180488,4,R
2148180488,4,W
2148180744,4,R
2148180744,4,W
2148181000,4,R
2148181000,4,W
2148181256,4,R
2148181256,4,W
2148181512,4,R
2148181512,4,W
2148181768,4,R
2148181768,4,W
2148182024,4,R
2148182024,4,W
2148182280,4,R
2148182280,4,W
2148182536,4,R
2148182536,4,W
2148182792,4,R
2148182792,4,W
2148183048,4,R
2148183048,4,W
2148183304,4,R
2148183304,4,W
2148183560,4,R
2148183560,4,W
2148183816,4,R
2148183816,4,W
2148184072,4,R
2148184072,4,W
2148184328,4,R
2148184328,4,W
2148184584,4,R
2148184584,4,W
2148184840,4,R
2148184840,4,W
2148185096,4,R
2148185096,4,W
2148185352,4,R
2148185352,4,W
2148185608,4,R
2148185608,4,W
2148185864,4,R
2148185864,4,W
2148186120,4,R
2148186120,4,W
2148186376,4,R
2148186376,4,W
2148186632,4,R
2148186632,4,W
2148186888,4,R
2148186888,4,W
2148187144,4,R
2148187144,4,W
2148187400,4,R
2148187400,4,W
2148187656,4,R
2148187656,4,W
2148171532,4,R
2148171532,4,W
2148171788,4,R
2148171788,4,W
2148172044,4,R
2148172044,4,W
2148172300,4,R
2148172300,4,W
2148172556,4,R
2148172556,4,W
2148172812,4,R
2148172812,4,W
2148173068,4,R
2148173068,4,W
2148173324,4,R
2148173324,4,W
2148173580,4,R
2148173580,4,W
2148173836,4,R
2148173836,4,W
2148174092,4,R
2148174092,4,W
2148174348,4,R
2148174348,4,W
2148174604,4,R
2148174604,4,W
2148174860,4,R
2148174860,4,W
2148175116,4,R
2148175116,4,W
2148175372,4,R
2148175372,4,W
2148175628,4,R
2148175628,4,W
2148175884,4,R
2148175884,4,W
2148176140,4,R
2148176140,4,W
2148176396,4,R
2148176396,4,W
2148176652,4,R
2148176652,4,W
2148176908,4,R
2148176908,4,W
2148177164,4,R
2148177164,4,W
2148177420,4,R
2148177420,4,W
2148177676,4,R
2148177676,4,W
2148177932,4,R
2148177932,4,W
2148178188,4,R
2148178188,4,W
2148178444,4,R
2148178444,4,W
2148178700,4,R
2148178700,4,W
2148178956,4,R
2148178956,4,W
2148179212,4,R
2148179212,4,W
2148179468,4,R
2148179468,4,W
2148179724,4,R
2148179724,4,W
2148179980,4,R
2148179980,4,W
2148180236,4,R
2148180236,4,W
2148180492,4,R
2148180492,4,W
2148180748,4,R
2148180748,4,W
2148181004,4,R
2148181004,4,W
2148181260,4,R
2148181260,4,W
2148181516,4,R
2148181516,4,W
2148181772,4,R
2148181772,4,W
2148182028,4,R
2148182028,4,W
2148182284,4,R
2148182284,4,W
2148182540,4,R
2148182540,4,W
2148182796,4,R
2148182796,4,W
2148183052,4,R
2148183052,4,W
2148183308,4,R
2148183308,4,W
2148183564,4,R
2148183564,4,W
2148183820,4,R
2148183820,4,W
2148184076,4,R
2148184076,4,W
2148184332,4,R
2148184332,4,W
2148184588,4,R
2148184588,4,W
2148184844,4,R
2148184844,4,W
2148185100,4,R
2148185100,4,W
2148185356,4,R
2148185356,4,W
2148185612,4,R
2148185612,4,W
2148185868,4,R
2148185868,4,W
2148186124,4,R
2148186124,4,W
2148186380,4,R
2148186380,4,W
2148186636,4,R
2148186636,4,W
2148186892,4,R
2148186892,4,W
2148187148,4,R
2148187148,4,W
2148187404,4,R
2148187404,4,W
2148187660,4,R
2148187660,4,W
2148171536,4,R
2148171536,4,W
2148171792,4,R
2148171792,4,W
2148172048,4,R
2148172048,4,W
2148172304,4,R
2148172304,4,W
2148172560,4,R
2148172560,4,W
2148172816,4,R
2148172816,4,W
2148173072,4,R
2148173072,4,W
2148173328,4,R
2148173328,4,W
2148173584,4,R
2148173584,4,W
2148173840,4,R
2148173840,4,W
2148174096,4,R
2148174096,4,W
2148174352,4,R
2148174352,4,W
2148174608,4,R
2148174608,4,W
2148174864,4,R
2148174864,4,W
2148175120,4,R
2148175120,4,W
2148175376,4,R
2148175376,4,W
2148175632,4,R
2148175632,4,W
2148175888,4,R
2148175888,4,W
2148176144,4,R
2148176144,4,W
2148176400,4,R
2148176400,4,W
2148176656,4,R
2148176656,4,W
2148176912,4,R
2148176912,4,W
2148177168,4,R
2148177168,4,W
2148177424,4,R
2148177424,4,W
2148177680,4,R
2148177680,4,W
2148177936,4,R
2148177936,4,W
2148178192,4,R
2148178192,4,W
2148178448,4,R
2148178448,4,W
2148178704,4,R
2148178704,4,W
2148178960,4,R
2148178960,4,W
2148179216,4,R
2148179216,4,W
2148179472,4,R
2148179472,4,W
2148179728,4,R
2148179728,4,W
2148179984,4,R
2148179984,4,W
2148180240,4,R
2148180240,4,W
2148180496,4,R
2148180496,4,W
2148180752,4,R
2148180752,4,W
2148181008,4,R
2148181008,4,W
2148181264,4,R
2148181264,4,W
2148181520,4,R
2148181520,4,W
2148181776,4,R
2148181776,4,W
2148182032,4,R
2148182032,4,W
2148182288,4,R
2148182288,4,W
2148182544,4,R
2148182544,4,W
2148182800,4,R
2148182800,4,W
2148183056,4,R
2148183056,4,W
2148183312,4,R
2148183312,4,W
2148183568,4,R
2148183568,4,W
2148183824,4,R
2148183824,4,W
2148184080,4,R
2148184080,4,W
2148184336,4,R
2148184336,4,W
2148184592,4,R
2148184592,4,W
2148184848,4,R
2148184848,4,W
2148185104,4,R
2148185104,4,W
2148185360,4,R
2148185360,4,W
2148185616,4,R
2148185616,4,W
2148185872,4,R
2148185872,4,W
2148186128,4,R
2148186128,4,W
2148186384,4,R
2148186384,4,W
2148186640,4,R
2148186640,4,W
2148186896,4,R
2148186896,4,W
2148187152,4,R
2148187152,4,W
2148187408,4,R
2148187408,4,W
2148187664,4,R
2148187664,4,W
2148171540,4,R
2148171540,4,W
2148171796,4,R
2148171796,4,W
2148172052,4,R
2148172052,4,W
2148172308,4,R
2148172308,4,W
2148172564,4,R
2148172564,4,W
2148172820,4,R
2148172820,4,W
2148173076,4,R
2148173076,4,W
2148173332,4,R
2148173332,4,W
2148173588,4,R
2148173588,4,W
2148173844,4,R
2148173844,4,W
2148174100,4,R
2148174100,4,W
2148174356,4,R
2148174356,4,W
2148174612,4,R
2148174612,4,W
2148174868,4,R
2148174868,4,W
2148175124,4,R
2148175124,4,W
2148175380,4,R
2148175380,4,W
2148175636,4,R
2148175636,4,W
2148175892,4,R
2148175892,4,W
2148176148,4,R
2148176148,4,W
2148176404,4,R
2148176404,4,W
2148176660,4,R
2148176660,4,W
2148176916,4,R
2148176916,4,W
2148177172,4,R
2148177172,4,W
2148177428,4,R
2148177428,4,W
2148177684,4,R
2148177684,4,W
2148177940,4,R
2148177940,4,W
2148178196,4,R
2148178196,4,W
2148178452,4,R
2148178452,4,W
2148178708,4,R
2148178708,4,W
2148178964,4,R
2148178964,4,W
2148179220,4,R
2148179220,4,W
2148179476,4,R
2148179476,4,W
2148179732,4,R
2148179732,4,W
2148179988,4,R
2148179988,4,W
2148180244,4,R
2148180244,4,W
2148180500,4,R
2148180500,4,W
2148180756,4,R
2148180756,4,W
2148181012,4,R
2148181012,4,W
2148181268,4,R
2148181268,4,W
2148181524,4,R
2148181524,4,W
2148181780,4,R
2148181780,4,W
2148182036,4,R
2148182036,4,W
2148182292,4,R
2148182292,4,W
2148182548,4,R
2148182548,4,W
2148182804,4,R
2148182804,4,W
2148183060,4,R
2148183060,4,W
2148183316,4,R
2148183316,4,W
2148183572,4,R
2148183572,4,W
2148183828,4,R
2148183828,4,W
2148184084,4,R
2148184084,4,W
2148184340,4,R
2148184340,4,W
2148184596,4,R
2148184596,4,W
2148184852,4,R
2148184852,4,W
2148185108,4,R
2148185108,4,W
2148185364,4,R
2148185364,4,W
2148185620,4,R
2148185620,4,W
2148185876,4,R
2148185876,4,W
2148186132,4,R
2148186132,4,W
2148186388,4,R
2148186388,4,W
2148186644,4,R
2148186644,4,W
2148186900,4,R
2148186900,4,W
2148187156,4,R
2148187156,4,W
2148187412,4,R
2148187412,4,W
2148187668,4,R
2148187668,4,W
2148171544,4,R
2148171544,4,W
2148171800,4,R
2148171800,4,W
2148172056,4,R
2148172056,4,W
2148172312,4,R
2148172312,4,W
2148172568,4,R
2148172568,4,W
2148172824,4,R
2148172824,4,W
2148173080,4,R
2148173080,4,W
2148173336,4,R
2148173336,4,W
2148173592,4,R
2148173592,4,W
2148173848,4,R
2148173848,4,W
2148174104,4,R
2148174104,4,W
2148174360,4,R
2148174360,4,W
2148174616,4,R
2148174616,4,W
2148174872,4,R
2148174872,4,W
2148175128,4,R
2148175128,4,W
2148175384,4,R
2148175384,4,W
2148175640,4,R
2148175640,4,W
2148175896,4,R
2148175896,4,W
2148176152,4,R
2148176152,4,W
2148176408,4,R
2148176408,4,W
2148176664,4,R
2148176664,4,W
2148176920,4,R
2148176920,4,W
2148177176,4,R
2148177176,4,W
2148177432,4,R
2148177432,4,W
2148177688,4,R
2148177688,4,W
2148177944,4,R
2148177944,4,W
2148178200,4,R
2148178200,4,W
2148178456,4,R
2148178456,4,W
2148178712,4,R
2148178712,4,W
2148178968,4,R
2148178968,4,W
2148179224,4,R
2148179224,4,W
2148179480,4,R
2148179480,4,W
2148179736,4,R
2148179736,4,W
2148179992,4,R
2148179992,4,W
2148180248,4,R
2148180248,4,W
2148180504,4,R
2148180504,4,W
2148180760,4,R
2148180760,4,W
2148181016,4,R
2148181016,4,W
2148181272,4,R
2148181272,4,W
2148181528,4,R
2148181528,4,W
2148181784,4,R
2148181784,4,W
2148182040,4,R
2148182040,4,W
2148182296,4,R
2148182296,4,W
2148182552,4,R
2148182552,4,W
2148182808,4,R
2148182808,4,W
2148183064,4,R
2148183064,4,W
2148183320,4,R
2148183320,4,W
2148183576,4,R
2148183576,4,W
2148183832,4,R
2148183832,4,W
2148184088,4,R
2148184088,4,W
2148184344,4,R
2148184344,4,W
2148184600,4,R
2148184600,4,W
2148184856,4,R
2148184856,4,W
2148185112,4,R
2148185112,4,W
2148185368,4,R
2148185368,4,W
2148185624,4,R
2148185624,4,W
2148185880,4,R
2148185880,4,W
2148186136,4,R
2148186136,4,W
2148186392,4,R
2148186392,4,W
2148186648,4,R
2148186648,4,W
2148186904,4,R
2148186904,4,W
2148187160,4,R
2148187160,4,W
2148187416,4,R
2148187416,4,W
2148187672,4,R
2148187672,4,W
2148171548,4,R
2148171548,4,W
2148171804,4,R
2148171804,4,W
2148172060,4,R
2148172060,4,W
2148172316,4,R
2148172316,4,W
2148172572,4,R
2148172572,4,W
2148172828,4,R
2148172828,4,W
2148173084,4,R
2148173084,4,W
2148173340,4,R
2148173340,4,W
2148173596,4,R
2148173596,4,W
2148173852,4,R
2148173852,4,W
2148174108,4,R
2148174108,4,W
2148174364,4,R
2148174364,4,W
2148174620,4,R
2148174620,4,W
2148174876,4,R
2148174876,4,W
2148175132,4,R
2148175132,4,W
2148175388,4,R
2148175388,4,W
2148175644,4,R
2148175644,4,W
2148175900,4,R
2148175900,4,W
2148176156,4,R
2148176156,4,W
2148176412,4,R
2148176412,4,W
2148176668,4,R
2148176668,4,W
2148176924,4,R
2148176924,4,W
2148177180,4,R
2148177180,4,W
2148177436,4,R
2148177436,4,W
2148177692,4,R
2148177692,4,W
2148177948,4,R
2148177948,4,W
2148178204,4,R
2148178204,4,W
2148178460,4,R
2148178460,4,W
2148178716,4,R
2148178716,4,W
2148178972,4,R
2148178972,4,W
2148179228,4,R
2148179228,4,W
2148179484,4,R
2148179484,4,W
2148179740,4,R
2148179740,4,W
2148179996,4,R
2148179996,4,W
2148180252,4,R
2148180252,4,W
2148180508,4,R
2148180508,4,W
2148180764,4,R
2148180764,4,W
2148181020,4,R
2148181020,4,W
2148181276,4,R
2148181276,4,W
2148181532,4,R
2148181532,4,W
2148181788,4,R
2148181788,4,W
2148182044,4,R
2148182044,4,W
2148182300,4,R
2148182300,4,W
2148182556,4,R
2148182556,4,W
2148182812,4,R
2148182812,4,W
2148183068,4,R
2148183068,4,W
2148183324,4,R
2148183324,4,W
2148183580,4,R
2148183580,4,W
2148183836,4,R
2148183836,4,W
2148184092,4,R
2148184092,4,W
2148184348,4,R
2148184348,4,W
2148184604,4,R
2148184604,4,W
2148184860,4,R
2148184860,4,W
2148185116,4,R
2148185116,4,W
2148185372,4,R
2148185372,4,W
2148185628,4,R
2148185628,4,W
2148185884,4,R
2148185884,4,W
2148186140,4,R
2148186140,4,W
2148186396,4,R
2148186396,4,W
2148186652,4,R
2148186652,4,W
2148186908,4,R
2148186908,4,W
2148187164,4,R
2148187164,4,W
2148187420,4,R
2148187420,4,W
2148187676,4,R
2148187676,4,W
2148171552,4,R
2148171552,4,W
2148171808,4,R
2148171808,4,W
2148172064,4,R
2148172064,4,W
2148172320,4,R
2148172320,4,W
2148172576,4,R
2148172576,4,W
2148172832,4,R
2148172832,4,W
2148173088,4,R
2148173088,4,W
2148173344,4,R
2148173344,4,W
2148173600,4,R
2148173600,4,W
2148173856,4,R
2148173856,4,W
2148174112,4,R
2148174112,4,W
2148174368,4,R
2148174368,4,W
2148174624,4,R
2148174624,4,W
2148174880,4,R
2148174880,4,W
2148175136,4,R
2148175136,4,W
2148175392,4,R
2148175392,4,W
2148175648,4,R
2148175648,4,W
2148175904,4,R
2148175904,4,W
2148176160,4,R
2148176160,4,W
2148176416,4,R
2148176416,4,W
2148176672,4,R
2148176672,4,W
2148176928,4,R
2148176928,4,W
2148177184,4,R
2148177184,4,W
2148177440,4,R
2148177440,4,W
2148177696,4,R
2148177696,4,W
2148177952,4,R
2148177952,4,W
2148178208,4,R
2148178208,4,W
2148178464,4,R
2148178464,4,W
2148178720,4,R
2148178720,4,W
2148178976,4,R
2148178976,4,W
2148179232,4,R
2148179232,4,W
2148179488,4,R
2148179488,4,W
2148179744,4,R
2148179744,4,W
2148180000,4,R
2148180000,4,W
2148180256,4,R
2148180256,4,W
2148180512,4,R
2148180512,4,W
2148180768,4,R
2148180768,4,W
2148181024,4,R
2148181024,4,W
2148181280,4,R
2148181280,4,W
2148181536,4,R
2148181536,4,W
2148181792,4,R
2148181792,4,W
2148182048,4,R
2148182048,4,W
2148182304,4,R
2148182304,4,W
2148182560,4,R
2148182560,4,W
2148182816,4,R
2148182816,4,W
2148183072,4,R
2148183072,4,W
2148183328,4,R
2148183328,4,W
2148183584,4,R
2148183584,4,W
2148183840,4,R
2148183840,4,W
2148184096,4,R
2148184096,4,W
2148184352,4,R
2148184352,4,W
2148184608,4,R
2148184608,4,W
2148184864,4,R
2148184864,4,W
2148185120,4,R
2148185120,4,W
2148185376,4,R
2148185376,4,W
2148185632,4,R
2148185632,4,W
2148185888,4,R
2148185888,4,W
2148186144,4,R
2148186144,4,W
2148186400,4,R
2148186400,4,W
2148186656,4,R
2148186656,4,W
2148186912,4,R
2148186912,4,W
2148187168,4,R
2148187168,4,W
2148187424,4,R
2148187424,4,W
2148187680,4,R
2148187680,4,W
2148171556,4,R
2148171556,4,W
2148171812,4,R
2148171812,4,W
2148172068,4,R
2148172068,4,W
2148172324,4,R
2148172324,4,W
2148172580,4,R
2148172580,4,W
2148172836,4,R
2148172836,4,W
2148173092,4,R
2148173092,4,W
2148173348,4,R
2148173348,4,W
2148173604,4,R
2148173604,4,W
2148173860,4,R
2148173860,4,W
2148174116,4,R
2148174116,4,W
2148174372,4,R
2148174372,4,W
2148174628,4,R
2148174628,4,W
2148174884,4,R
2148174884,4,W
2148175140,4,R
2148175140,4,W
2148175396,4,R
2148175396,4,W
2148175652,4,R
2148175652,4,W
2148175908,4,R
2148175908,4,W
2148176164,4,R
2148176164,4,W
2148176420,4,R
2148176420,4,W
2148176676,4,R
2148176676,4,W
2148176932,4,R
2148176932,4,W
2148177188,4,R
2148177188,4,W
2148177444,4,R
2148177444,4,W
2148177700,4,R
2148177700,4,W
2148177956,4,R
2148177956,4,W
2148178212,4,R
2148178212,4,W
2148178468,4,R
2148178468,4,W
2148178724,4,R
2148178724,4,W
2148178980,4,R
2148178980,4,W
2148179236,4,R
2148179236,4,W
2148179492,4,R
2148179492,4,W
2148179748,4,R
2148179748,4,W
2148180004,4,R
2148180004,4,W
2148180260,4,R
2148180260,4,W
2148180516,4,R
2148180516,4,W
2148180772,4,R
2148180772,4,W
2148181028,4,R
2148181028,4,W
2148181284,4,R
2148181284,4,W
2148181540,4,R
2148181540,4,W
2148181796,4,R
2148181796,4,W
2148182052,4,R
2148182052,4,W
2148182308,4,R
2148182308,4,W
2148182564,4,R
2148182564,4,W
2148182820,4,R
2148182820,4,W
2148183076,4,R
2148183076,4,W
2148183332,4,R
2148183332,4,W
2148183588,4,R
2148183588,4,W
2148183844,4,R
2148183844,4,W
2148184100,4,R
2148184100,4,W
2148184356,4,R
2148184356,4,W
2148184612,4,R
2148184612,4,W
2148184868,4,R
2148184868,4,W
2148185124,4,R
2148185124,4,W
2148185380,4,R
2148185380,4,W
2148185636,4,R
2148185636,4,W
2148185892,4,R
2148185892,4,W
2148186148,4,R
2148186148,4,W
2148186404,4,R
2148186404,4,W
2148186660,4,R
2148186660,4,W
2148186916,4,R
2148186916,4,W
2148187172,4,R
2148187172,4,W
2148187428,4,R
2148187428,4,W
2148187684,4,R
2148187684,4,W
2148171560,4,R
2148171560,4,W
2148171816,4,R
2148171816,4,W
2148172072,4,R
2148172072,4,W
2148172328,4,R
2148172328,4,W
2148172584,4,R
2148172584,4,W
2148172840,4,R
2148172840,4,W
2148173096,4,R
2148173096,4,W
2148173352,4,R
2148173352,4,W
2148173608,4,R
2148173608,4,W
2148173864,4,R
2148173864,4,W
2148174120,4,R
2148174120,4,W
2148174376,4,R
2148174376,4,W
2148174632,4,R
2148174632,4,W
2148174888,4,R
2148174888,4,W
2148175144,4,R
2148175144,4,W
2148175400,4,R
2148175400,4,W
2148175656,4,R
2148175656,4,W
2148175912,4,R
2148175912,4,W
2148176168,4,R
2148176168,4,W
2148176424,4,R
2148176424,4,W
2148176680,4,R
2148176680,4,W
2148176936,4,R
2148176936,4,W
2148177192,4,R
2148177192,4,W
2148177448,4,R
2148177448,4,W
2148177704,4,R
2148177704,4,W
2148177960,4,R
2148177960,4,W
2148178216,4,R
2148178216,4,W
2148178472,4,R
2148178472,4,W
2148178728,4,R
2148178728,4,W
2148178984,4,R
2148178984,4,W
2148179240,4,R
2148179240,4,W
2148179496,4,R
2148179496,4,W
2148179752,4,R
2148179752,4,W
2148180008,4,R
2148180008,4,W
2148180264,4,R
2148180264,4,W
2148180520,4,R
2148180520,4,W
2148180776,4,R
2148180776,4,W
2148181032,4,R
2148181032,4,W
2148181288,4,R
2148181288,4,W
2148181544,4,R
2148181544,4,W
2148181800,4,R
2148181800,4,W
2148182056,4,R
2148182056,4,W
2148182312,4,R
2148182312,4,W
2148182568,4,R
2148182568,4,W
2148182824,4,R
2148182824,4,W
2148183080,4,R
2148183080,4,W
2148183336,4,R
2148183336,4,W
2148183592,4,R
2148183592,4,W
2148183848,4,R
2148183848,4,W
2148184104,4,R
2148184104,4,W
2148184360,4,R
2148184360,4,W
2148184616,4,R
2148184616,4,W
2148184872,4,R
2148184872,4,W
2148185128,4,R
2148185128,4,W
2148185384,4,R
2148185384,4,W
2148185640,4,R
2148185640,4,W
2148185896,4,R
2148185896,4,W
2148186152,4,R
2148186152,4,W
2148186408,4,R
2148186408,4,W
2148186664,4,R
2148186664,4,W
2148186920,4,R
2148186920,4,W
2148187176,4,R
2148187176,4,W
2148187432,4,R
2148187432,4,W
2148187688,4,R
2148187688,4,W
2148171564,4,R
2148171564,4,W
2148171820,4,R
2148171820,4,W
2148172076,4,R
2148172076,4,W
2148172332,4,R
2148172332,4,W
2148172588,4,R
2148172588,4,W
2148172844,4,R
2148172844,4,W
2148173100,4,R
2148173100,4,W
2148173356,4,R
2148173356,4,W
2148173612,4,R
2148173612,4,W
2148173868,4,R
2148173868,4,W
2148174124,4,R
2148174124,4,W
2148174380,4,R
2148174380,4,W
2148174636,4,R
2148174636,4,W
2148174892,4,R
2148174892,4,W
2148175148,4,R
2148175148,4,W
2148175404,4,R
2148175404,4,W
2148175660,4,R
2148175660,4,W
2148175916,4,R
2148175916,4,W
2148176172,4,R
2148176172,4,W
2148176428,4,R
2148176428,4,W
2148176684,4,R
2148176684,4,W
2148176940,4,R
2148176940,4,W
2148177196,4,R
2148177196,4,W
2148177452,4,R
2148177452,4,W
2148177708,4,R
2148177708,4,W
2148177964,4,R
2148177964,4,W
2148178220,4,R
2148178220,4,W
2148178476,4,R
2148178476,4,W
2148178732,4,R
2148178732,4,W
2148178988,4,R
2148178988,4,W
2148179244,4,R
2148179244,4,W
2148179500,4,R
2148179500,4,W
2148179756,4,R
2148179756,4,W
2148180012,4,R
2148180012,4,W
2148180268,4,R
2148180268,4,W
2148180524,4,R
2148180524,4,W
2148180780,4,R
2148180780,4,W
2148181036,4,R
2148181036,4,W
2148181292,4,R
2148181292,4,W
2148181548,4,R
2148181548,4,W
2148181804,4,R
2148181804,4,W
2148182060,4,R
2148182060,4,W
2148182316,4,R
2148182316,4,W
2148182572,4,R
2148182572,4,W
2148182828,4,R
2148182828,4,W
2148183084,4,R
2148183084,4,W
2148183340,4,R
2148183340,4,W
2148183596,4,R
2148183596,4,W
2148183852,4,R
2148183852,4,W
2148184108,4,R
2148184108,4,W
2148184364,4,R
2148184364,4,W
2148184620,4,R
2148184620,4,W
2148184876,4,R
2148184876,4,W
2148185132,4,R
2148185132,4,W
2148185388,4,R
2148185388,4,W
2148185644,4,R
2148185644,4,W
2148185900,4,R
2148185900,4,W
2148186156,4,R
2148186156,4,W
2148186412,4,R
2148186412,4,W
2148186668,4,R
2148186668,4,W
2148186924,4,R
2148186924,4,W
2148187180,4,R
2148187180,4,W
2148187436,4,R
2148187436,4,W
2148187692,4,R
2148187692,4,W
2148171568,4,R
2148171568,4,W
2148171824,4,R
2148171824,4,W
2148172080,4,R
2148172080,4,W
2148172336,4,R
2148172336,4,W
2148172592,4,R
2148172592,4,W
2148172848,4,R
2148172848,4,W
2148173104,4,R
2148173104,4,W
2148173360,4,R
2148173360,4,W
2148173616,4,R
2148173616,4,W
2148173872,4,R
2148173872,4,W
2148174128,4,R
2148174128,4,W
2148174384,4,R
2148174384,4,W
2148174640,4,R
2148174640,4,W
2148174896,4,R
2148174896,4,W
2148175152,4,R
2148175152,4,W
2148175408,4,R
2148175408,4,W
2148175664,4,R
2148175664,4,W
2148175920,4,R
2148175920,4,W
2148176176,4,R
2148176176,4,W
2148176432,4,R
2148176432,4,W
2148176688,4,R
2148176688,4,W
2148176944,4,R
2148176944,4,W
2148177200,4,R
2148177200,4,W
2148177456,4,R
2148177456,4,W
2148177712,4,R
2148177712,4,W
2148177968,4,R
2148177968,4,W
2148178224,4,R
2148178224,4,W
2148178480,4,R
2148178480,4,W
2148178736,4,R
2148178736,4,W
2148178992,4,R
2148178992,4,W
2148179248,4,R
2148179248,4,W
2148179504,4,R
2148179504,4,W
2148179760,4,R
2148179760,4,W
2148180016,4,R
2148180016,4,W
2148180272,4,R
2148180272,4,W
2148180528,4,R
2148180528,4,W
2148180784,4,R
2148180784,4,W
2148181040,4,R
2148181040,4,W
2148181296,4,R
2148181296,4,W
2148181552,4,R
2148181552,4,W
2148181808,4,R
2148181808,4,W
2148182064,4,R
2148182064,4,W
2148182320,4,R
2148182320,4,W
2148182576,4,R
2148182576,4,W
2148182832,4,R
2148182832,4,W
2148183088,4,R
2148183088,4,W
2148183344,4,R
2148183344,4,W
2148183600,4,R
2148183600,4,W
2148183856,4,R
2148183856,4,W
2148184112,4,R
2148184112,4,W
2148184368,4,R
2148184368,4,W
2148184624,4,R
2148184624,4,W
2148184880,4,R
2148184880,4,W
2148185136,4,R
2148185136,4,W
2148185392,4,R
2148185392,4,W
2148185648,4,R
2148185648,4,W
2148185904,4,R
2148185904,4,W
2148186160,4,R
2148186160,4,W
2148186416,4,R
2148186416,4,W
2148186672,4,R
2148186672,4,W
2148186928,4,R
2148186928,4,W
2148187184,4,R
2148187184,4,W
2148187440,4,R
2148187440,4,W
2148187696,4,R
2148187696,4,W
2148171572,4,R
2148171572,4,W
2148171828,4,R
2148171828,4,W
2148172084,4,R
2148172084,4,W
2148172340,4,R
2148172340,4,W
2148172596,4,R
2148172596,4,W
2148172852,4,R
2148172852,4,W
2148173108,4,R
2148173108,4,W
2148173364,4,R
2148173364,4,W
2148173620,4,R
2148173620,4,W
2148173876,4,R
2148173876,4,W
2148174132,4,R
2148174132,4,W
2148174388,4,R
2148174388,4,W
2148174644,4,R
2148174644,4,W
2148174900,4,R
2148174900,4,W
2148175156,4,R
2148175156,4,W
2148175412,4,R
2148175412,4,W
2148175668,4,R
2148175668,4,W
2148175924,4,R
2148175924,4,W
2148176180,4,R
2148176180,4,W
2148176436,4,R
2148176436,4,W
2148176692,4,R
2148176692,4,W
2148176948,4,R
2148176948,4,W
2148177204,4,R
2148177204,4,W
2148177460,4,R
2148177460,4,W
2148177716,4,R
2148177716,4,W
2148177972,4,R
2148177972,4,W
2148178228,4,R
2148178228,4,W
2148178484,4,R
2148178484,4,W
2148178740,4,R
2148178740,4,W
2148178996,4,R
2148178996,4,W
2148179252,4,R
2148179252,4,W
2148179508,4,R
2148179508,4,W
2148179764,4,R
2148179764,4,W
2148180020,4,R
2148180020,4,W
2148180276,4,R
2148180276,4,W
2148180532,4,R
2148180532,4,W
2148180788,4,R
2148180788,4,W
2148181044,4,R
2148181044,4,W
2148181300,4,R
2148181300,4,W
2148181556,4,R
2148181556,4,W
2148181812,4,R
2148181812,4,W
2148182068,4,R
2148182068,4,W
2148182324,4,R
2148182324,4,W
2148182580,4,R
2148182580,4,W
2148182836,4,R
2148182836,4,W
2148183092,4,R
2148183092,4,W
2148183348,4,R
2148183348,4,W
2148183604,4,R
2148183604,4,W
2148183860,4,R
2148183860,4,W
2148184116,4,R
2148184116,4,W
2148184372,4,R
2148184372,4,W
2148184628,4,R
2148184628,4,W
2148184884,4,R
2148184884,4,W
2148185140,4,R
2148185140,4,W
2148185396,4,R
2148185396,4,W
2148185652,4,R
2148185652,4,W
2148185908,4,R
2148185908,4,W
2148186164,4,R
2148186164,4,W
2148186420,4,R
2148186420,4,W
2148186676,4,R
2148186676,4,W
2148186932,4,R
2148186932,4,W
2148187188,4,R
2148187188,4,W
2148187444,4,R
2148187444,4,W
2148187700,4,R
2148187700,4,W
2148171576,4,R
2148171576,4,W
2148171832,4,R
2148171832,4,W
2148172088,4,R
2148172088,4,W
2148172344,4,R
2148172344,4,W
2148172600,4,R
2148172600,4,W
2148172856,4,R
2148172856,4,W
2148173112,4,R
2148173112,4,W
2148173368,4,R
2148173368,4,W
2148173624,4,R
2148173624,4,W
2148173880,4,R
2148173880,4,W
2148174136,4,R
2148174136,4,W
2148174392,4,R
2148174392,4,W
2148174648,4,R
2148174648,4,W
2148174904,4,R
2148174904,4,W
2148175160,4,R
2148175160,4,W
2148175416,4,R
2148175416,4,W
2148175672,4,R
2148175672,4,W
2148175928,4,R
2148175928,4,W
2148176184,4,R
2148176184,4,W
2148176440,4,R
2148176440,4,W
2148176696,4,R
2148176696,4,W
2148176952,4,R
2148176952,4,W
2148177208,4,R
2148177208,4,W
2148177464,4,R
2148177464,4,W
2148177720,4,R
2148177720,4,W
2148177976,4,R
2148177976,4,W
2148178232,4,R
2148178232,4,W
2148178488,4,R
2148178488,4,W
2148178744,4,R
2148178744,4,W
2148179000,4,R
2148179000,4,W
2148179256,4,R
2148179256,4,W
2148179512,4,R
2148179512,4,W
2148179768,4,R
2148179768,4,W
2148180024,4,R
2148180024,4,W
2148180280,4,R
2148180280,4,W
2148180536,4,R
2148180536,4,W
2148180792,4,R
2148180792,4,W
2148181048,4,R
2148181048,4,W
2148181304,4,R
2148181304,4,W
2148181560,4,R
2148181560,4,W
2148181816,4,R
2148181816,4,W
2148182072,4,R
2148182072,4,W
2148182328,4,R
2148182328,4,W
2148182584,4,R
2148182584,4,W
2148182840,4,R
2148182840,4,W
2148183096,4,R
2148183096,4,W
2148183352,4,R
2148183352,4,W
2148183608,4,R
2148183608,4,W
2148183864,4,R
2148183864,4,W
2148184120,4,R
2148184120,4,W
2148184376,4,R
2148184376,4,W
2148184632,4,R
2148184632,4,W
2148184888,4,R
2148184888,4,W
2148185144,4,R
2148185144,4,W
2148185400,4,R
2148185400,4,W
2148185656,4,R
2148185656,4,W
2148185912,4,R
2148185912,4,W
2148186168,4,R
2148186168,4,W
2148186424,4,R
2148186424,4,W
2148186680,4,R
2148186680,4,W
2148186936,4,R
2148186936,4,W
2148187192,4,R
2148187192,4,W
2148187448,4,R
2148187448,4,W
2148187704,4,R
2148187704,4,W
2148171580,4,R
2148171580,4,W
2148171836,4,R
2148171836,4,W
2148172092,4,R
2148172092,4,W
2148172348,4,R
2148172348,4,W
2148172604,4,R
2148172604,4,W
2148172860,4,R
2148172860,4,W
2148173116,4,R
2148173116,4,W
2148173372,4,R
2148173372,4,W
2148173628,4,R
2148173628,4,W
2148173884,4,R
2148173884,4,W
2148174140,4,R
2148174140,4,W
2148174396,4,R
2148174396,4,W
2148174652,4,R
2148174652,4,W
2148174908,4,R
2148174908,4,W
2148175164,4,R
2148175164,4,W
2148175420,4,R
2148175420,4,W
2148175676,4,R
2148175676,4,W
2148175932,4,R
2148175932,4,W
2148176188,4,R
2148176188,4,W
2148176444,4,R
2148176444,4,W
2148176700,4,R
2148176700,4,W
2148176956,4,R
2148176956,4,W
2148177212,4,R
2148177212,4,W
2148177468,4,R
2148177468,4,W
2148177724,4,R
2148177724,4,W
2148177980,4,R
2148177980,4,W
2148178236,4,R
2148178236,4,W
2148178492,4,R
2148178492,4,W
2148178748,4,R
2148178748,4,W
2148179004,4,R
2148179004,4,W
2148179260,4,R
2148179260,4,W
2148179516,4,R
2148179516,4,W
2148179772,4,R
2148179772,4,W
2148180028,4,R
2148180028,4,W
2148180284,4,R
2148180284,4,W
2148180540,4,R
2148180540,4,W
2148180796,4,R
2148180796,4,W
2148181052,4,R
2148181052,4,W
2148181308,4,R
2148181308,4,W
2148181564,4,R
2148181564,4,W
2148181820,4,R
2148181820,4,W
2148182076,4,R
2148182076,4,W
2148182332,4,R
2148182332,4,W
2148182588,4,R
2148182588,4,W
2148182844,4,R
2148182844,4,W
2148183100,4,R
2148183100,4,W
2148183356,4,R
2148183356,4,W
2148183612,4,R
2148183612,4,W
2148183868,4,R
2148183868,4,W
2148184124,4,R
2148184124,4,W
2148184380,4,R
2148184380,4,W
2148184636,4,R
2148184636,4,W
2148184892,4,R
2148184892,4,W
2148185148,4,R
2148185148,4,W
2148185404,4,R
2148185404,4,W
2148185660,4,R
2148185660,4,W
2148185916,4,R
2148185916,4,W
2148186172,4,R
2148186172,4,W
2148186428,4,R
2148186428,4,W
2148186684,4,R
2148186684,4,W
2148186940,4,R
2148186940,4,W
2148187196,4,R
2148187196,4,W
2148187452,4,R
2148187452,4,W
2148187708,4,R
2148187708,4,W
2148171584,4,R
2148171584,4,W
2148171840,4,R
2148171840,4,W
2148172096,4,R
2148172096,4,W
2148172352,4,R
2148172352,4,W
2148172608,4,R
2148172608,4,W
2148172864,4,R
2148172864,4,W
2148173120,4,R
2148173120,4,W
2148173376,4,R
2148173376,4,W
2148173632,4,R
2148173632,4,W
2148173888,4,R
2148173888,4,W
2148174144,4,R
2148174144,4,W
2148174400,4,R
2148174400,4,W
2148174656,4,R
2148174656,4,W
2148174912,4,R
2148174912,4,W
2148175168,4,R
2148175168,4,W
2148175424,4,R
2148175424,4,W
2148175680,4,R
2148175680,4,W
2148175936,4,R
2148175936,4,W
2148176192,4,R
2148176192,4,W
2148176448,4,R
2148176448,4,W
2148176704,4,R
2148176704,4,W
2148176960,4,R
2148176960,4,W
2148177216,4,R
2148177216,4,W
2148177472,4,R
2148177472,4,W
2148177728,4,R
2148177728,4,W
2148177984,4,R
2148177984,4,W
2148178240,4,R
2148178240,4,W
2148178496,4,R
2148178496,4,W
2148178752,4,R
2148178752,4,W
2148179008,4,R
2148179008,4,W
2148179264,4,R
2148179264,4,W
2148179520,4,R
2148179520,4,W
2148179776,4,R
2148179776,4,W
2148180032,4,R
2148180032,4,W
2148180288,4,R
2148180288,4,W
2148180544,4,R
2148180544,4,W
2148180800,4,R
2148180800,4,W
2148181056,4,R
2148181056,4,W
2148181312,4,R
2148181312,4,W
2148181568,4,R
2148181568,4,W
2148181824,4,R
2148181824,4,W
2148182080,4,R
2148182080,4,W
2148182336,4,R
2148182336,4,W
2148182592,4,R
2148182592,4,W
2148182848,4,R
2148182848,4,W
2148183104,4,R
2148183104,4,W
2148183360,4,R
2148183360,4,W
2148183616,4,R
2148183616,4,W
2148183872,4,R
2148183872,4,W
2148184128,4,R
2148184128,4,W
2148184384,4,R
2148184384,4,W
2148184640,4,R
2148184640,4,W
2148184896,4,R
2148184896,4,W
2148185152,4,R
2148185152,4,W
2148185408,4,R
2148185408,4,W
2148185664,4,R
2148185664,4,W
2148185920,4,R
2148185920,4,W
2148186176,4,R
2148186176,4,W
2148186432,4,R
2148186432,4,W
2148186688,4,R
2148186688,4,W
2148186944,4,R
2148186944,4,W
2148187200,4,R
2148187200,4,W
2148187456,4,R
2148187456,4,W
2148187712,4,R
2148187712,4,W
2148171588,4,R
2148171588,4,W
2148171844,4,R
2148171844,4,W
2148172100,4,R
2148172100,4,W
2148172356,4,R
2148172356,4,W
2148172612,4,R
2148172612,4,W
2148172868,4,R
2148172868,4,W
2148173124,4,R
2148173124,4,W
2148173380,4,R
2148173380,4,W
2148173636,4,R
2148173636,4,W
2148173892,4,R
2148173892,4,W
2148174148,4,R
2148174148,4,W
2148174404,4,R
2148174404,4,W
2148174660,4,R
2148174660,4,W
2148174916,4,R
2148174916,4,W
2148175172,4,R
2148175172,4,W
2148175428,4,R
2148175428,4,W
2148175684,4,R
2148175684,4,W
2148175940,4,R
2148175940,4,W
2148176196,4,R
2148176196,4,W
2148176452,4,R
2148176452,4,W
2148176708,4,R
2148176708,4,W
2148176964,4,R
2148176964,4,W
2148177220,4,R
2148177220,4,W
2148177476,4,R
2148177476,4,W
2148177732,4,R
2148177732,4,W
2148177988,4,R
2148177988,4,W
2148178244,4,R
2148178244,4,W
2148178500,4,R
2148178500,4,W
2148178756,4,R
2148178756,4,W
2148179012,4,R
2148179012,4,W
2148179268,4,R
2148179268,4,W
2148179524,4,R
2148179524,4,W
2148179780,4,R
2148179780,4,W
2148180036,4,R
2148180036,4,W
2148180292,4,R
2148180292,4,W
2148180548,4,R
2148180548,4,W
2148180804,4,R
2148180804,4,W
2148181060,4,R
2148181060,4,W
2148181316,4,R
2148181316,4,W
2148181572,4,R
2148181572,4,W
2148181828,4,R
2148181828,4,W
2148182084,4,R
2148182084,4,W
2148182340,4,R
2148182340,4,W
2148182596,4,R
2148182596,4,W
2148182852,4,R
2148182852,4,W
2148183108,4,R
2148183108,4,W
2148183364,4,R
2148183364,4,W
2148183620,4,R
2148183620,4,W
2148183876,4,R
2148183876,4,W
2148184132,4,R
2148184132,4,W
2148184388,4,R
2148184388,4,W
2148184644,4,R
2148184644,4,W
2148184900,4,R
2148184900,4,W
2148185156,4,R
2148185156,4,W
2148185412,4,R
2148185412,4,W
2148185668,4,R
2148185668,4,W
2148185924,4,R
2148185924,4,W
2148186180,4,R
2148186180,4,W
2148186436,4,R
2148186436,4,W
2148186692,4,R
2148186692,4,W
2148186948,4,R
2148186948,4,W
2148187204,4,R
2148187204,4,W
2148187460,4,R
2148187460,4,W
2148187716,4,R
2148187716,4,W
2148171592,4,R
2148171592,4,W
2148171848,4,R
2148171848,4,W
2148172104,4,R
2148172104,4,W
2148172360,4,R
2148172360,4,W
2148172616,4,R
2148172616,4,W
2148172872,4,R
2148172872,4,W
2148173128,4,R
2148173128,4,W
2148173384,4,R
2148173384,4,W
2148173640,4,R
2148173640,4,W
2148173896,4,R
2148173896,4,W
2148174152,4,R
2148174152,4,W
2148174408,4,R
2148174408,4,W
2148174664,4,R
2148174664,4,W
2148174920,4,R
2148174920,4,W
2148175176,4,R
2148175176,4,W
2148175432,4,R
2148175432,4,W
2148175688,4,R
2148175688,4,W
2148175944,4,R
2148175944,4,W
2148176200,4,R
2148176200,4,W
2148176456,4,R
2148176456,4,W
2148176712,4,R
2148176712,4,W
2148176968,4,R
2148176968,4,W
2148177224,4,R
2148177224,4,W
2148177480,4,R
2148177480,4,W
2148177736,4,R
2148177736,4,W
2148177992,4,R
2148177992,4,W
2148178248,4,R
2148178248,4,W
2148178504,4,R
2148178504,4,W
2148178760,4,R
2148178760,4,W
2148179016,4,R
2148179016,4,W
2148179272,4,R
2148179272,4,W
2148179528,4,R
2148179528,4,W
2148179784,4,R
2148179784,4,W
2148180040,4,R
2148180040,4,W
2148180296,4,R
2148180296,4,W
2148180552,4,R
2148180552,4,W
2148180808,4,R
2148180808,4,W
2148181064,4,R
2148181064,4,W
2148181320,4,R
2148181320,4,W
2148181576,4,R
2148181576,4,W
2148181832,4,R
2148181832,4,W
2148182088,4,R
2148182088,4,W
2148182344,4,R
2148182344,4,W
2148182600,4,R
2148182600,4,W
2148182856,4,R
2148182856,4,W
2148183112,4,R
2148183112,4,W
2148183368,4,R
2148183368,4,W
2148183624,4,R
2148183624,4,W
2148183880,4,R
2148183880,4,W
2148184136,4,R
2148184136,4,W
2148184392,4,R
2148184392,4,W
2148184648,4,R
2148184648,4,W
2148184904,4,R
2148184904,4,W
2148185160,4,R
2148185160,4,W
2148185416,4,R
2148185416,4,W
2148185672,4,R
2148185672,4,W
2148185928,4,R
2148185928,4,W
2148186184,4,R
2148186184,4,W
2148186440,4,R
2148186440,4,W
2148186696,4,R
2148186696,4,W
2148186952,4,R
2148186952,4,W
2148187208,4,R
2148187208,4,W
2148187464,4,R
2148187464,4,W
2148187720,4,R
2148187720,4,W
2148171596,4,R
2148171596,4,W
2148171852,4,R
2148171852,4,W
2148172108,4,R
2148172108,4,W
2148172364,4,R
2148172364,4,W
2148172620,4,R
2148172620,4,W
2148172876,4,R
2148172876,4,W
2148173132,4,R
2148173132,4,W
2148173388,4,R
2148173388,4,W
2148173644,4,R
2148173644,4,W
2148173900,4,R
2148173900,4,W
2148174156,4,R
2148174156,4,W
2148174412,4,R
2148174412,4,W
2148174668,4,R
2148174668,4,W
2148174924,4,R
2148174924,4,W
2148175180,4,R
2148175180,4,W
2148175436,4,R
2148175436,4,W
2148175692,4,R
2148175692,4,W
2148175948,4,R
2148175948,4,W
2148176204,4,R
2148176204,4,W
2148176460,4,R
2148176460,4,W
2148176716,4,R
2148176716,4,W
2148176972,4,R
2148176972,4,W
2148177228,4,R
2148177228,4,W
2148177484,4,R
2148177484,4,W
2148177740,4,R
2148177740,4,W
2148177996,4,R
2148177996,4,W
2148178252,4,R
2148178252,4,W
2148178508,4,R
2148178508,4,W
2148178764,4,R
2148178764,4,W
2148179020,4,R
2148179020,4,W
2148179276,4,R
2148179276,4,W
2148179532,4,R
2148179532,4,W
2148179788,4,R
2148179788,4,W
2148180044,4,R
2148180044,4,W
2148180300,4,R
2148180300,4,W
2148180556,4,R
2148180556,4,W
2148180812,4,R
2148180812,4,W
2148181068,4,R
2148181068,4,W
2148181324,4,R
2148181324,4,W
2148181580,4,R
2148181580,4,W
2148181836,4,R
2148181836,4,W
2148182092,4,R
2148182092,4,W
2148182348,4,R
2148182348,4,W
2148182604,4,R
2148182604,4,W
2148182860,4,R
2148182860,4,W
2148183116,4,R
2148183116,4,W
2148183372,4,R
2148183372,4,W
2148183628,4,R
2148183628,4,W
2148183884,4,R
2148183884,4,W
2148184140,4,R
2148184140,4,W
2148184396,4,R
2148184396,4,W
2148184652,4,R
2148184652,4,W
2148184908,4,R
2148184908,4,W
2148185164,4,R
2148185164,4,W
2148185420,4,R
2148185420,4,W
2148185676,4,R
2148185676,4,W
2148185932,4,R
2148185932,4,W
2148186188,4,R
2148186188,4,W
2148186444,4,R
2148186444,4,W
2148186700,4,R
2148186700,4,W
2148186956,4,R
2148186956,4,W
2148187212,4,R
2148187212,4,W
2148187468,4,R
2148187468,4,W
2148187724,4,R
2148187724,4,W
2148171600,4,R
2148171600,4,W
2148171856,4,R
2148171856,4,W
2148172112,4,R
2148172112,4,W
2148172368,4,R
2148172368,4,W
2148172624,4,R
2148172624,4,W
2148172880,4,R
2148172880,4,W
2148173136,4,R
2148173136,4,W
2148173392,4,R
2148173392,4,W
2148173648,4,R
2148173648,4,W
2148173904,4,R
2148173904,4,W
2148174160,4,R
2148174160,4,W
2148174416,4,R
2148174416,4,W
2148174672,4,R
2148174672,4,W
2148174928,4,R
2148174928,4,W
2148175184,4,R
2148175184,4,W
2148175440,4,R
2148175440,4,W
2148175696,4,R
2148175696,4,W
2148175952,4,R
2148175952,4,W
2148176208,4,R
2148176208,4,W
2148176464,4,R
2148176464,4,W
2148176720,4,R
2148176720,4,W
2148176976,4,R
2148176976,4,W
2148177232,4,R
2148177232,4,W
2148177488,4,R
2148177488,4,W
2148177744,4,R
2148177744,4,W
2148178000,4,R
2148178000,4,W
2148178256,4,R
2148178256,4,W
2148178512,4,R
2148178512,4,W
2148178768,4,R
2148178768,4,W
2148179024,4,R
2148179024,4,W
2148179280,4,R
2148179280,4,W
2148179536,4,R
2148179536,4,W
2148179792,4,R
2148179792,4,W
2148180048,4,R
2148180048,4,W
2148180304,4,R
2148180304,4,W
2148180560,4,R
2148180560,4,W
2148180816,4,R
2148180816,4,W
2148181072,4,R
2148181072,4,W
2148181328,4,R
2148181328,4,W
2148181584,4,R
2148181584,4,W
2148181840,4,R
2148181840,4,W
2148182096,4,R
2148182096,4,W
2148182352,4,R
2148182352,4,W
2148182608,4,R
2148182608,4,W
2148182864,4,R
2148182864,4,W
2148183120,4,R
2148183120,4,W
2148183376,4,R
2148183376,4,W
2148183632,4,R
2148183632,4,W
2148183888,4,R
2148183888,4,W
2148184144,4,R
2148184144,4,W
2148184400,4,R
2148184400,4,W
2148184656,4,R
2148184656,4,W
2148184912,4,R
2148184912,4,W
2148185168,4,R
2148185168,4,W
2148185424,4,R
2148185424,4,W
2148185680,4,R
2148185680,4,W
2148185936,4,R
2148185936,4,W
2148186192,4,R
2148186192,4,W
2148186448,4,R
2148186448,4,W
2148186704,4,R
2148186704,4,W
2148186960,4,R
2148186960,4,W
2148187216,4,R
2148187216,4,W
2148187472,4,R
2148187472,4,W
2148187728,4,R
2148187728,4,W
2148171604,4,R
2148171604,4,W
2148171860,4,R
2148171860,4,W
2148172116,4,R
2148172116,4,W
2148172372,4,R
2148172372,4,W
2148172628,4,R
2148172628,4,W
2148172884,4,R
2148172884,4,W
2148173140,4,R
2148173140,4,W
2148173396,4,R
2148173396,4,W
2148173652,4,R
2148173652,4,W
2148173908,4,R
2148173908,4,W
2148174164,4,R
2148174164,4,W
2148174420,4,R
2148174420,4,W
2148174676,4,R
2148174676,4,W
2148174932,4,R
2148174932,4,W
2148175188,4,R
2148175188,4,W
2148175444,4,R
2148175444,4,W
2148175700,4,R
2148175700,4,W
2148175956,4,R
2148175956,4,W
2148176212,4,R
2148176212,4,W
2148176468,4,R
2148176468,4,W
2148176724,4,R
2148176724,4,W
2148176980,4,R
2148176980,4,W
2148177236,4,R
2148177236,4,W
2148177492,4,R
2148177492,4,W
2148177748,4,R
2148177748,4,W
2148178004,4,R
2148178004,4,W
2148178260,4,R
2148178260,4,W
2148178516,4,R
2148178516,4,W
2148178772,4,R
2148178772,4,W
2148179028,4,R
2148179028,4,W
2148179284,4,R
2148179284,4,W
2148179540,4,R
2148179540,4,W
2148179796,4,R
2148179796,4,W
2148180052,4,R
2148180052,4,W
2148180308,4,R
2148180308,4,W
2148180564,4,R
2148180564,4,W
2148180820,4,R
2148180820,4,W
2148181076,4,R
2148181076,4,W
2148181332,4,R
2148181332,4,W
2148181588,4,R
2148181588,4,W
2148181844,4,R
2148181844,4,W
2148182100,4,R
2148182100,4,W
2148182356,4,R
2148182356,4,W
2148182612,4,R
2148182612,4,W
2148182868,4,R
2148182868,4,W
2148183124,4,R
2148183124,4,W
2148183380,4,R
2148183380,4,W
2148183636,4,R
2148183636,4,W
2148183892,4,R
2148183892,4,W
2148184148,4,R
2148184148,4,W
2148184404,4,R
2148184404,4,W
2148184660,4,R
2148184660,4,W
2148184916,4,R
2148184916,4,W
2148185172,4,R
2148185172,4,W
2148185428,4,R
2148185428,4,W
2148185684,4,R
2148185684,4,W
2148185940,4,R
2148185940,4,W
2148186196,4,R
2148186196,4,W
2148186452,4,R
2148186452,4,W
2148186708,4,R
2148186708,4,W
2148186964,4,R
2148186964,4,W
2148187220,4,R
2148187220,4,W
2148187476,4,R
2148187476,4,W
2148187732,4,R
2148187732,4,W
2148171608,4,R
2148171608,4,W
2148171864,4,R
2148171864,4,W
2148172120,4,R
2148172120,4,W
2148172376,4,R
2148172376,4,W
2148172632,4,R
2148172632,4,W
2148172888,4,R
2148172888,4,W
2148173144,4,R
2148173144,4,W
2148173400,4,R
2148173400,4,W
2148173656,4,R
2148173656,4,W
2148173912,4,R
2148173912,4,W
2148174168,4,R
2148174168,4,W
2148174424,4,R
2148174424,4,W
2148174680,4,R
2148174680,4,W
2148174936,4,R
2148174936,4,W
2148175192,4,R
2148175192,4,W
2148175448,4,R
2148175448,4,W
2148175704,4,R
2148175704,4,W
2148175960,4,R
2148175960,4,W
2148176216,4,R
2148176216,4,W
2148176472,4,R
2148176472,4,W
2148176728,4,R
2148176728,4,W
2148176984,4,R
2148176984,4,W
2148177240,4,R
2148177240,4,W
2148177496,4,R
2148177496,4,W
2148177752,4,R
2148177752,4,W
2148178008,4,R
2148178008,4,W
2148178264,4,R
2148178264,4,W
2148178520,4,R
2148178520,4,W
2148178776,4,R
2148178776,4,W
2148179032,4,R
2148179032,4,W
2148179288,4,R
2148179288,4,W
2148179544,4,R
2148179544,4,W
2148179800,4,R
2148179800,4,W
2148180056,4,R
2148180056,4,W
2148180312,4,R
2148180312,4,W
2148180568,4,R
2148180568,4,W
2148180824,4,R
2148180824,4,W
2148181080,4,R
2148181080,4,W
2148181336,4,R
2148181336,4,W
2148181592,4,R
2148181592,4,W
2148181848,4,R
2148181848,4,W
2148182104,4,R
2148182104,4,W
2148182360,4,R
2148182360,4,W
2148182616,4,R
2148182616,4,W
2148182872,4,R
2148182872,4,W
2148183128,4,R
2148183128,4,W
2148183384,4,R
2148183384,4,W
2148183640,4,R
2148183640,4,W
2148183896,4,R
2148183896,4,W
2148184152,4,R
2148184152,4,W
2148184408,4,R
2148184408,4,W
2148184664,4,R
2148184664,4,W
2148184920,4,R
2148184920,4,W
2148185176,4,R
2148185176,4,W
2148185432,4,R
2148185432,4,W
2148185688,4,R
2148185688,4,W
2148185944,4,R
2148185944,4,W
2148186200,4,R
2148186200,4,W
2148186456,4,R
2148186456,4,W
2148186712,4,R
2148186712,4,W
2148186968,4,R
2148186968,4,W
2148187224,4,R
2148187224,4,W
2148187480,4,R
2148187480,4,W
2148187736,4,R
2148187736,4,W
2148171612,4,R
2148171612,4,W
2148171868,4,R
2148171868,4,W
2148172124,4,R
2148172124,4,W
2148172380,4,R
2148172380,4,W
2148172636,4,R
2148172636,4,W
2148172892,4,R
2148172892,4,W
2148173148,4,R
2148173148,4,W
2148173404,4,R
2148173404,4,W
2148173660,4,R
2148173660,4,W
2148173916,4,R
2148173916,4,W
2148174172,4,R
2148174172,4,W
2148174428,4,R
2148174428,4,W
2148174684,4,R
2148174684,4,W
2148174940,4,R
2148174940,4,W
2148175196,4,R
2148175196,4,W
2148175452,4,R
2148175452,4,W
2148175708,4,R
2148175708,4,W
2148175964,4,R
2148175964,4,W
2148176220,4,R
2148176220,4,W
2148176476,4,R
2148176476,4,W
2148176732,4,R
2148176732,4,W
2148176988,4,R
2148176988,4,W
2148177244,4,R
2148177244,4,W
2148177500,4,R
2148177500,4,W
2148177756,4,R
2148177756,4,W
2148178012,4,R
2148178012,4,W
2148178268,4,R
2148178268,4,W
2148178524,4,R
2148178524,4,W
2148178780,4,R
2148178780,4,W
2148179036,4,R
2148179036,4,W
2148179292,4,R
2148179292,4,W
2148179548,4,R
2148179548,4,W
2148179804,4,R
2148179804,4,W
2148180060,4,R
2148180060,4,W
2148180316,4,R
2148180316,4,W
2148180572,4,R
2148180572,4,W
2148180828,4,R
2148180828,4,W
2148181084,4,R
2148181084,4,W
2148181340,4,R
2148181340,4,W
2148181596,4,R
2148181596,4,W
2148181852,4,R
2148181852,4,W
2148182108,4,R
2148182108,4,W
2148182364,4,R
2148182364,4,W
2148182620,4,R
2148182620,4,W
2148182876,4,R
2148182876,4,W
2148183132,4,R
2148183132,4,W
2148183388,4,R
2148183388,4,W
2148183644,4,R
2148183644,4,W
2148183900,4,R
2148183900,4,W
2148184156,4,R
2148184156,4,W
2148184412,4,R
2148184412,4,W
2148184668,4,R
2148184668,4,W
2148184924,4,R
2148184924,4,W
2148185180,4,R
2148185180,4,W
2148185436,4,R
2148185436,4,W
2148185692,4,R
2148185692,4,W
2148185948,4,R
2148185948,4,W
2148186204,4,R
2148186204,4,W
2148186460,4,R
2148186460,4,W
2148186716,4,R
2148186716,4,W
2148186972,4,R
2148186972,4,W
2148187228,4,R
2148187228,4,W
2148187484,4,R
2148187484,4,W
2148187740,4,R
2148187740,4,W
2148171616,4,R
2148171616,4,W
2148171872,4,R
2148171872,4,W
2148172128,4,R
2148172128,4,W
2148172384,4,R
2148172384,4,W
2148172640,4,R
2148172640,4,W
2148172896,4,R
2148172896,4,W
2148173152,4,R
2148173152,4,W
2148173408,4,R
2148173408,4,W
2148173664,4,R
2148173664,4,W
2148173920,4,R
2148173920,4,W
2148174176,4,R
2148174176,4,W
2148174432,4,R
2148174432,4,W
2148174688,4,R
2148174688,4,W
2148174944,4,R
2148174944,4,W
2148175200,4,R
2148175200,4,W
2148175456,4,R
2148175456,4,W
2148175712,4,R
2148175712,4,W
2148175968,4,R
2148175968,4,W
2148176224,4,R
2148176224,4,W
2148176480,4,R
2148176480,4,W
2148176736,4,R
2148176736,4,W
2148176992,4,R
2148176992,4,W
2148177248,4,R
2148177248,4,W
2148177504,4,R
2148177504,4,W
2148177760,4,R
2148177760,4,W
2148178016,4,R
2148178016,4,W
2148178272,4,R
2148178272,4,W
2148178528,4,R
2148178528,4,W
2148178784,4,R
2148178784,4,W
2148179040,4,R
2148179040,4,W
2148179296,4,R
2148179296,4,W
2148179552,4,R
2148179552,4,W
2148179808,4,R
2148179808,4,W
2148180064,4,R
2148180064,4,W
2148180320,4,R
2148180320,4,W
2148180576,4,R
2148180576,4,W
2148180832,4,R
2148180832,4,W
2148181088,4,R
2148181088,4,W
2148181344,4,R
2148181344,4,W
2148181600,4,R
2148181600,4,W
2148181856,4,R
2148181856,4,W
2148182112,4,R
2148182112,4,W
2148182368,4,R
2148182368,4,W
2148182624,4,R
2148182624,4,W
2148182880,4,R
2148182880,4,W
2148183136,4,R
2148183136,4,W
2148183392,4,R
2148183392,4,W
2148183648,4,R
2148183648,4,W
2148183904,4,R
2148183904,4,W
2148184160,4,R
2148184160,4,W
2148184416,4,R
2148184416,4,W
2148184672,4,R
2148184672,4,W
2148184928,4,R
2148184928,4,W
2148185184,4,R
2148185184,4,W
2148185440,4,R
2148185440,4,W
2148185696,4,R
2148185696,4,W
2148185952,4,R
2148185952,4,W
2148186208,4,R
2148186208,4,W
2148186464,4,R
2148186464,4,W
2148186720,4,R
2148186720,4,W
2148186976,4,R
2148186976,4,W
2148187232,4,R
2148187232,4,W
2148187488,4,R
2148187488,4,W
2148187744,4,R
2148187744,4,W
2148171620,4,R
2148171620,4,W
2148171876,4,R
2148171876,4,W
2148172132,4,R
2148172132,4,W
2148172388,4,R
2148172388,4,W
2148172644,4,R
2148172644,4,W
2148172900,4,R
2148172900,4,W
2148173156,4,R
2148173156,4,W
2148173412,4,R
2148173412,4,W
2148173668,4,R
2148173668,4,W
2148173924,4,R
2148173924,4,W
2148174180,4,R
2148174180,4,W
2148174436,4,R
2148174436,4,W
2148174692,4,R
2148174692,4,W
2148174948,4,R
2148174948,4,W
2148175204,4,R
2148175204,4,W
2148175460,4,R
2148175460,4,W
2148175716,4,R
2148175716,4,W
2148175972,4,R
2148175972,4,W
2148176228,4,R
2148176228,4,W
2148176484,4,R
2148176484,4,W
2148176740,4,R
2148176740,4,W
2148176996,4,R
2148176996,4,W
2148177252,4,R
2148177252,4,W
2148177508,4,R
2148177508,4,W
2148177764,4,R
2148177764,4,W
2148178020,4,R
2148178020,4,W
2148178276,4,R
2148178276,4,W
2148178532,4,R
2148178532,4,W
2148178788,4,R
2148178788,4,W
2148179044,4,R
2148179044,4,W
2148179300,4,R
2148179300,4,W
2148179556,4,R
2148179556,4,W
2148179812,4,R
2148179812,4,W
2148180068,4,R
2148180068,4,W
2148180324,4,R
2148180324,4,W
2148180580,4,R
2148180580,4,W
2148180836,4,R
2148180836,4,W
2148181092,4,R
2148181092,4,W
2148181348,4,R
2148181348,4,W
2148181604,4,R
2148181604,4,W
2148181860,4,R
2148181860,4,W
2148182116,4,R
2148182116,4,W
2148182372,4,R
2148182372,4,W
2148182628,4,R
2148182628,4,W
2148182884,4,R
2148182884,4,W
2148183140,4,R
2148183140,4,W
2148183396,4,R
2148183396,4,W
2148183652,4,R
2148183652,4,W
2148183908,4,R
2148183908,4,W
2148184164,4,R
2148184164,4,W
2148184420,4,R
2148184420,4,W
2148184676,4,R
2148184676,4,W
2148184932,4,R
2148184932,4,W
2148185188,4,R
2148185188,4,W
2148185444,4,R
2148185444,4,W
2148185700,4,R
2148185700,4,W
2148185956,4,R
2148185956,4,W
2148186212,4,R
2148186212,4,W
2148186468,4,R
2148186468,4,W
2148186724,4,R
2148186724,4,W
2148186980,4,R
2148186980,4,W
2148187236,4,R
2148187236,4,W
2148187492,4,R
2148187492,4,W
2148187748,4,R
2148187748,4,W
2148171624,4,R
2148171624,4,W
2148171880,4,R
2148171880,4,W
2148172136,4,R
2148172136,4,W
2148172392,4,R
2148172392,4,W
2148172648,4,R
2148172648,4,W
2148172904,4,R
2148172904,4,W
2148173160,4,R
2148173160,4,W
2148173416,4,R
2148173416,4,W
2148173672,4,R
2148173672,4,W
2148173928,4,R
2148173928,4,W
2148174184,4,R
2148174184,4,W
2148174440,4,R
2148174440,4,W
2148174696,4,R
2148174696,4,W
2148174952,4,R
2148174952,4,W
2148175208,4,R
2148175208,4,W
2148175464,4,R
2148175464,4,W
2148175720,4,R
2148175720,4,W
2148175976,4,R
2148175976,4,W
2148176232,4,R
2148176232,4,W
2148176488,4,R
2148176488,4,W
2148176744,4,R
2148176744,4,W
2148177000,4,R
2148177000,4,W
2148177256,4,R
2148177256,4,W
2148177512,4,R
2148177512,4,W
2148177768,4,R
2148177768,4,W
2148178024,4,R
2148178024,4,W
2148178280,4,R
2148178280,4,W
2148178536,4,R
2148178536,4,W
2148178792,4,R
2148178792,4,W
2148179048,4,R
2148179048,4,W
2148179304,4,R
2148179304,4,W
2148179560,4,R
2148179560,4,W
2148179816,4,R
2148179816,4,W
2148180072,4,R
2148180072,4,W
2148180328,4,R
2148180328,4,W
2148180584,4,R
2148180584,4,W
2148180840,4,R
2148180840,4,W
2148181096,4,R
2148181096,4,W
2148181352,4,R
2148181352,4,W
2148181608,4,R
2148181608,4,W
2148181864,4,R
2148181864,4,W
2148182120,4,R
2148182120,4,W
2148182376,4,R
2148182376,4,W
2148182632,4,R
2148182632,4,W
2148182888,4,R
2148182888,4,W
2148183144,4,R
2148183144,4,W
2148183400,4,R
2148183400,4,W
2148183656,4,R
2148183656,4,W
2148183912,4,R
2148183912,4,W
2148184168,4,R
2148184168,4,W
2148184424,4,R
2148184424,4,W
2148184680,4,R
2148184680,4,W
2148184936,4,R
2148184936,4,W
2148185192,4,R
2148185192,4,W
2148185448,4,R
2148185448,4,W
2148185704,4,R
2148185704,4,W
2148185960,4,R
2148185960,4,W
2148186216,4,R
2148186216,4,W
2148186472,4,R
2148186472,4,W
2148186728,4,R
2148186728,4,W
2148186984,4,R
2148186984,4,W
2148187240,4,R
2148187240,4,W
2148187496,4,R
2148187496,4,W
2148187752,4,R
2148187752,4,W
2148171628,4,R
2148171628,4,W
2148171884,4,R
2148171884,4,W
2148172140,4,R
2148172140,4,W
2148172396,4,R
2148172396,4,W
2148172652,4,R
2148172652,4,W
2148172908,4,R
2148172908,4,W
2148173164,4,R
2148173164,4,W
2148173420,4,R
2148173420,4,W
2148173676,4,R
2148173676,4,W
2148173932,4,R
2148173932,4,W
2148174188,4,R
2148174188,4,W
2148174444,4,R
2148174444,4,W
2148174700,4,R
2148174700,4,W
2148174956,4,R
2148174956,4,W
2148175212,4,R
2148175212,4,W
2148175468,4,R
2148175468,4,W
2148175724,4,R
2148175724,4,W
2148175980,4,R
2148175980,4,W
2148176236,4,R
2148176236,4,W
2148176492,4,R
2148176492,4,W
2148176748,4,R
2148176748,4,W
2148177004,4,R
2148177004,4,W
2148177260,4,R
2148177260,4,W
2148177516,4,R
2148177516,4,W
2148177772,4,R
2148177772,4,W
2148178028,4,R
2148178028,4,W
2148178284,4,R
2148178284,4,W
2148178540,4,R
2148178540,4,W
2148178796,4,R
2148178796,4,W
2148179052,4,R
2148179052,4,W
2148179308,4,R
2148179308,4,W
2148179564,4,R
2148179564,4,W
2148179820,4,R
2148179820,4,W
2148180076,4,R
2148180076,4,W
2148180332,4,R
2148180332,4,W
2148180588,4,R
2148180588,4,W
2148180844,4,R
2148180844,4,W
2148181100,4,R
2148181100,4,W
2148181356,4,R
2148181356,4,W
2148181612,4,R
2148181612,4,W
2148181868,4,R
2148181868,4,W
2148182124,4,R
2148182124,4,W
2148182380,4,R
2148182380,4,W
2148182636,4,R
2148182636,4,W
2148182892,4,R
2148182892,4,W
2148183148,4,R
2148183148,4,W
2148183404,4,R
2148183404,4,W
2148183660,4,R
2148183660,4,W
2148183916,4,R
2148183916,4,W
2148184172,4,R
2148184172,4,W
2148184428,4,R
2148184428,4,W
2148184684,4,R
2148184684,4,W
2148184940,4,R
2148184940,4,W
2148185196,4,R
2148185196,4,W
2148185452,4,R
2148185452,4,W
2148185708,4,R
2148185708,4,W
2148185964,4,R
2148185964,4,W
2148186220,4,R
2148186220,4,W
2148186476,4,R
2148186476,4,W
2148186732,4,R
2148186732,4,W
2148186988,4,R
2148186988,4,W
2148187244,4,R
2148187244,4,W
2148187500,4,R
2148187500,4,W
2148187756,4,R
2148187756,4,W
2148171632,4,R
2148171632,4,W
2148171888,4,R
2148171888,4,W
2148172144,4,R
2148172144,4,W
2148172400,4,R
2148172400,4,W
2148172656,4,R
2148172656,4,W
2148172912,4,R
2148172912,4,W
2148173168,4,R
2148173168,4,W
2148173424,4,R
2148173424,4,W
2148173680,4,R
2148173680,4,W
2148173936,4,R
2148173936,4,W
2148174192,4,R
2148174192,4,W
2148174448,4,R
2148174448,4,W
2148174704,4,R
2148174704,4,W
2148174960,4,R
2148174960,4,W
2148175216,4,R
2148175216,4,W
2148175472,4,R
2148175472,4,W
2148175728,4,R
2148175728,4,W
2148175984,4,R
2148175984,4,W
2148176240,4,R
2148176240,4,W
2148176496,4,R
2148176496,4,W
2148176752,4,R
2148176752,4,W
2148177008,4,R
2148177008,4,W
2148177264,4,R
2148177264,4,W
2148177520,4,R
2148177520,4,W
2148177776,4,R
2148177776,4,W
2148178032,4,R
2148178032,4,W
2148178288,4,R
2148178288,4,W
2148178544,4,R
2148178544,4,W
2148178800,4,R
2148178800,4,W
2148179056,4,R
2148179056,4,W
2148179312,4,R
2148179312,4,W
2148179568,4,R
2148179568,4,W
2148179824,4,R
2148179824,4,W
2148180080,4,R
2148180080,4,W
2148180336,4,R
2148180336,4,W
2148180592,4,R
2148180592,4,W
2148180848,4,R
2148180848,4,W
2148181104,4,R
2148181104,4,W
2148181360,4,R
2148181360,4,W
2148181616,4,R
2148181616,4,W
2148181872,4,R
2148181872,4,W
2148182128,4,R
2148182128,4,W
2148182384,4,R
2148182384,4,W
2148182640,4,R
2148182640,4,W
2148182896,4,R
2148182896,4,W
2148183152,4,R
2148183152,4,W
2148183408,4,R
2148183408,4,W
2148183664,4,R
2148183664,4,W
2148183920,4,R
2148183920,4,W
2148184176,4,R
2148184176,4,W
2148184432,4,R
2148184432,4,W
2148184688,4,R
2148184688,4,W
2148184944,4,R
2148184944,4,W
2148185200,4,R
2148185200,4,W
2148185456,4,R
2148185456,4,W
2148185712,4,R
2148185712,4,W
2148185968,4,R
2148185968,4,W
2148186224,4,R
2148186224,4,W
2148186480,4,R
2148186480,4,W
2148186736,4,R
2148186736,4,W
2148186992,4,R
2148186992,4,W
2148187248,4,R
2148187248,4,W
2148187504,4,R
2148187504,4,W
2148187760,4,R
2148187760,4,W
2148171636,4,R
2148171636,4,W
2148171892,4,R
2148171892,4,W
2148172148,4,R
2148172148,4,W
2148172404,4,R
2148172404,4,W
2148172660,4,R
2148172660,4,W
2148172916,4,R
2148172916,4,W
2148173172,4,R
2148173172,4,W
2148173428,4,R
2148173428,4,W
2148173684,4,R
2148173684,4,W
2148173940,4,R
2148173940,4,W
2148174196,4,R
2148174196,4,W
2148174452,4,R
2148174452,4,W
2148174708,4,R
2148174708,4,W
2148174964,4,R
2148174964,4,W
2148175220,4,R
2148175220,4,W
2148175476,4,R
2148175476,4,W
2148175732,4,R
2148175732,4,W
2148175988,4,R
2148175988,4,W
2148176244,4,R
2148176244,4,W
2148176500,4,R
2148176500,4,W
2148176756,4,R
2148176756,4,W
2148177012,4,R
2148177012,4,W
2148177268,4,R
2148177268,4,W
2148177524,4,R
2148177524,4,W
2148177780,4,R
2148177780,4,W
2148178036,4,R
2148178036,4,W
2148178292,4,R
2148178292,4,W
2148178548,4,R
2148178548,4,W
2148178804,4,R
2148178804,4,W
2148179060,4,R
2148179060,4,W
2148179316,4,R
2148179316,4,W
2148179572,4,R
2148179572,4,W
2148179828,4,R
2148179828,4,W
2148180084,4,R
2148180084,4,W
2148180340,4,R
2148180340,4,W
2148180596,4,R
2148180596,4,W
2148180852,4,R
2148180852,4,W
2148181108,4,R
2148181108,4,W
2148181364,4,R
2148181364,4,W
2148181620,4,R
2148181620,4,W
2148181876,4,R
2148181876,4,W
2148182132,4,R
2148182132,4,W
2148182388,4,R
2148182388,4,W
2148182644,4,R
2148182644,4,W
2148182900,4,R
2148182900,4,W
2148183156,4,R
2148183156,4,W
2148183412,4,R
2148183412,4,W
2148183668,4,R
2148183668,4,W
2148183924,4,R
2148183924,4,W
2148184180,4,R
2148184180,4,W
2148184436,4,R
2148184436,4,W
2148184692,4,R
2148184692,4,W
2148184948,4,R
2148184948,4,W
2148185204,4,R
2148185204,4,W
2148185460,4,R
2148185460,4,W
2148185716,4,R
2148185716,4,W
2148185972,4,R
2148185972,4,W
2148186228,4,R
2148186228,4,W
2148186484,4,R
2148186484,4,W
2148186740,4,R
2148186740,4,W
2148186996,4,R
2148186996,4,W
2148187252,4,R
2148187252,4,W
2148187508,4,R
2148187508,4,W
2148187764,4,R
2148187764,4,W
2148171640,4,R
2148171640,4,W
2148171896,4,R
2148171896,4,W
2148172152,4,R
2148172152,4,W
2148172408,4,R
2148172408,4,W
2148172664,4,R
2148172664,4,W
2148172920,4,R
2148172920,4,W
2148173176,4,R
2148173176,4,W
2148173432,4,R
2148173432,4,W
2148173688,4,R
2148173688,4,W
2148173944,4,R
2148173944,4,W
2148174200,4,R
2148174200,4,W
2148174456,4,R
2148174456,4,W
2148174712,4,R
2148174712,4,W
2148174968,4,R
2148174968,4,W
2148175224,4,R
2148175224,4,W
2148175480,4,R
2148175480,4,W
2148175736,4,R
2148175736,4,W
2148175992,4,R
2148175992,4,W
2148176248,4,R
2148176248,4,W
2148176504,4,R
2148176504,4,W
2148176760,4,R
2148176760,4,W
2148177016,4,R
2148177016,4,W
2148177272,4,R
2148177272,4,W
2148177528,4,R
2148177528,4,W
2148177784,4,R
2148177784,4,W
2148178040,4,R
2148178040,4,W
2148178296,4,R
2148178296,4,W
2148178552,4,R
2148178552,4,W
2148178808,4,R
2148178808,4,W
2148179064,4,R
2148179064,4,W
2148179320,4,R
2148179320,4,W
2148179576,4,R
2148179576,4,W
2148179832,4,R
2148179832,4,W
2148180088,4,R
2148180088,4,W
2148180344,4,R
2148180344,4,W
2148180600,4,R
2148180600,4,W
2148180856,4,R
2148180856,4,W
2148181112,4,R
2148181112,4,W
2148181368,4,R
2148181368,4,W
2148181624,4,R
2148181624,4,W
2148181880,4,R
2148181880,4,W
2148182136,4,R
2148182136,4,W
2148182392,4,R
2148182392,4,W
2148182648,4,R
2148182648,4,W
2148182904,4,R
2148182904,4,W
2148183160,4,R
2148183160,4,W
2148183416,4,R
2148183416,4,W
2148183672,4,R
2148183672,4,W
2148183928,4,R
2148183928,4,W
2148184184,4,R
2148184184,4,W
2148184440,4,R
2148184440,4,W
2148184696,4,R
2148184696,4,W
2148184952,4,R
2148184952,4,W
2148185208,4,R
2148185208,4,W
2148185464,4,R
2148185464,4,W
2148185720,4,R
2148185720,4,W
2148185976,4,R
2148185976,4,W
2148186232,4,R
2148186232,4,W
2148186488,4,R
2148186488,4,W
2148186744,4,R
2148186744,4,W
2148187000,4,R
2148187000,4,W
2148187256,4,R
2148187256,4,W
2148187512,4,R
2148187512,4,W
2148187768,4,R
2148187768,4,W
2148171644,4,R
2148171644,4,W
2148171900,4,R
2148171900,4,W
2148172156,4,R
2148172156,4,W
2148172412,4,R
2148172412,4,W
2148172668,4,R
2148172668,4,W
2148172924,4,R
2148172924,4,W
2148173180,4,R
2148173180,4,W
2148173436,4,R
2148173436,4,W
2148173692,4,R
2148173692,4,W
2148173948,4,R
2148173948,4,W
2148174204,4,R
2148174204,4,W
2148174460,4,R
2148174460,4,W
2148174716,4,R
2148174716,4,W
2148174972,4,R
2148174972,4,W
2148175228,4,R
2148175228,4,W
2148175484,4,R
2148175484,4,W
2148175740,4,R
2148175740,4,W
2148175996,4,R
2148175996,4,W
2148176252,4,R
2148176252,4,W
2148176508,4,R
2148176508,4,W
2148176764,4,R
2148176764,4,W
2148177020,4,R
2148177020,4,W
2148177276,4,R
2148177276,4,W
2148177532,4,R
2148177532,4,W
2148177788,4,R
2148177788,4,W
2148178044,4,R
2148178044,4,W
2148178300,4,R
2148178300,4,W
2148178556,4,R
2148178556,4,W
2148178812,4,R
2148178812,4,W
2148179068,4,R
2148179068,4,W
2148179324,4,R
2148179324,4,W
2148179580,4,R
2148179580,4,W
2148179836,4,R
2148179836,4,W
2148180092,4,R
2148180092,4,W
2148180348,4,R
2148180348,4,W
2148180604,4,R
2148180604,4,W
2148180860,4,R
2148180860,4,W
2148181116,4,R
2148181116,4,W
2148181372,4,R
2148181372,4,W
2148181628,4,R
2148181628,4,W
2148181884,4,R
2148181884,4,W
2148182140,4,R
2148182140,4,W
2148182396,4,R
2148182396,4,W
2148182652,4,R
2148182652,4,W
2148182908,4,R
2148182908,4,W
2148183164,4,R
2148183164,4,W
2148183420,4,R
2148183420,4,W
2148183676,4,R
2148183676,4,W
2148183932,4,R
2148183932,4,W
2148184188,4,R
2148184188,4,W
2148184444,4,R
2148184444,4,W
2148184700,4,R
2148184700,4,W
2148184956,4,R
2148184956,4,W
2148185212,4,R
2148185212,4,W
2148185468,4,R
2148185468,4,W
2148185724,4,R
2148185724,4,W
2148185980,4,R
2148185980,4,W
2148186236,4,R
2148186236,4,W
2148186492,4,R
2148186492,4,W
2148186748,4,R
2148186748,4,W
2148187004,4,R
2148187004,4,W
2148187260,4,R
2148187260,4,W
2148187516,4,R
2148187516,4,W
2148187772,4,R
2148187772,4,W
2148171648,4,R
2148171648,4,W
2148171904,4,R
2148171904,4,W
2148172160,4,R
2148172160,4,W
2148172416,4,R
2148172416,4,W
2148172672,4,R
2148172672,4,W
2148172928,4,R
2148172928,4,W
2148173184,4,R
2148173184,4,W
2148173440,4,R
2148173440,4,W
2148173696,4,R
2148173696,4,W
2148173952,4,R
2148173952,4,W
2148174208,4,R
2148174208,4,W
2148174464,4,R
2148174464,4,W
2148174720,4,R
2148174720,4,W
2148174976,4,R
2148174976,4,W
2148175232,4,R
2148175232,4,W
2148175488,4,R
2148175488,4,W
2148175744,4,R
2148175744,4,W
2148176000,4,R
2148176000,4,W
2148176256,4,R
2148176256,4,W
2148176512,4,R
2148176512,4,W
2148176768,4,R
2148176768,4,W
2148177024,4,R
2148177024,4,W
2148177280,4,R
2148177280,4,W
2148177536,4,R
2148177536,4,W
2148177792,4,R
2148177792,4,W
2148178048,4,R
2148178048,4,W
2148178304,4,R
2148178304,4,W
2148178560,4,R
2148178560,4,W
2148178816,4,R
2148178816,4,W
2148179072,4,R
2148179072,4,W
2148179328,4,R
2148179328,4,W
2148179584,4,R
2148179584,4,W
2148179840,4,R
2148179840,4,W
2148180096,4,R
2148180096,4,W
2148180352,4,R
2148180352,4,W
2148180608,4,R
2148180608,4,W
2148180864,4,R
2148180864,4,W
2148181120,4,R
2148181120,4,W
2148181376,4,R
2148181376,4,W
2148181632,4,R
2148181632,4,W
2148181888,4,R
2148181888,4,W
2148182144,4,R
2148182144,4,W
2148182400,4,R
2148182400,4,W
2148182656,4,R
2148182656,4,W
2148182912,4,R
2148182912,4,W
2148183168,4,R
2148183168,4,W
2148183424,4,R
2148183424,4,W
2148183680,4,R
2148183680,4,W
2148183936,4,R
2148183936,4,W
2148184192,4,R
2148184192,4,W
2148184448,4,R
2148184448,4,W
2148184704,4,R
2148184704,4,W
2148184960,4,R
2148184960,4,W
2148185216,4,R
2148185216,4,W
2148185472,4,R
2148185472,4,W
2148185728,4,R
2148185728,4,W
2148185984,4,R
2148185984,4,W
2148186240,4,R
2148186240,4,W
2148186496,4,R
2148186496,4,W
2148186752,4,R
2148186752,4,W
2148187008,4,R
2148187008,4,W
2148187264,4,R
2148187264,4,W
2148187520,4,R
2148187520,4,W
2148187776,4,R
2148187776,4,W
2148171652,4,R
2148171652,4,W
2148171908,4,R
2148171908,4,W
2148172164,4,R
2148172164,4,W
2148172420,4,R
2148172420,4,W
2148172676,4,R
2148172676,4,W
2148172932,4,R
2148172932,4,W
2148173188,4,R
2148173188,4,W
2148173444,4,R
2148173444,4,W
2148173700,4,R
2148173700,4,W
2148173956,4,R
2148173956,4,W
2148174212,4,R
2148174212,4,W
2148174468,4,R
2148174468,4,W
2148174724,4,R
2148174724,4,W
2148174980,4,R
2148174980,4,W
2148175236,4,R
2148175236,4,W
2148175492,4,R
2148175492,4,W
2148175748,4,R
2148175748,4,W
2148176004,4,R
2148176004,4,W
2148176260,4,R
2148176260,4,W
2148176516,4,R
2148176516,4,W
2148176772,4,R
2148176772,4,W
2148177028,4,R
2148177028,4,W
2148177284,4,R
2148177284,4,W
2148177540,4,R
2148177540,4,W
2148177796,4,R
2148177796,4,W
2148178052,4,R
2148178052,4,W
2148178308,4,R
2148178308,4,W
2148178564,4,R
2148178564,4,W
2148178820,4,R
2148178820,4,W
2148179076,4,R
2148179076,4,W
2148179332,4,R
2148179332,4,W
2148179588,4,R
2148179588,4,W
2148179844,4,R
2148179844,4,W
2148180100,4,R
2148180100,4,W
2148180356,4,R
2148180356,4,W
2148180612,4,R
2148180612,4,W
2148180868,4,R
2148180868,4,W
2148181124,4,R
2148181124,4,W
2148181380,4,R
2148181380,4,W
2148181636,4,R
2148181636,4,W
2148181892,4,R
2148181892,4,W
2148182148,4,R
2148182148,4,W
2148182404,4,R
2148182404,4,W
2148182660,4,R
2148182660,4,W
2148182916,4,R
2148182916,4,W
2148183172,4,R
2148183172,4,W
2148183428,4,R
2148183428,4,W
2148183684,4,R
2148183684,4,W
2148183940,4,R
2148183940,4,W
2148184196,4,R
2148184196,4,W
2148184452,4,R
2148184452,4,W
2148184708,4,R
2148184708,4,W
2148184964,4,R
2148184964,4,W
2148185220,4,R
2148185220,4,W
2148185476,4,R
2148185476,4,W
2148185732,4,R
2148185732,4,W
2148185988,4,R
2148185988,4,W
2148186244,4,R
2148186244,4,W
2148186500,4,R
2148186500,4,W
2148186756,4,R
2148186756,4,W
2148187012,4,R
2148187012,4,W
2148187268,4,R
2148187268,4,W
2148187524,4,R
2148187524,4,W
2148187780,4,R
2148187780,4,W
2148171656,4,R
2148171656,4,W
2148171912,4,R
2148171912,4,W
2148172168,4,R
2148172168,4,W
2148172424,4,R
2148172424,4,W
2148172680,4,R
2148172680,4,W
2148172936,4,R
2148172936,4,W
2148173192,4,R
2148173192,4,W
2148173448,4,R
2148173448,4,W
2148173704,4,R
2148173704,4,W
2148173960,4,R
2148173960,4,W
2148174216,4,R
2148174216,4,W
2148174472,4,R
2148174472,4,W
2148174728,4,R
2148174728,4,W
2148174984,4,R
2148174984,4,W
2148175240,4,R
2148175240,4,W
2148175496,4,R
2148175496,4,W
2148175752,4,R
2148175752,4,W
2148176008,4,R
2148176008,4,W
2148176264,4,R
2148176264,4,W
2148176520,4,R
2148176520,4,W
2148176776,4,R
2148176776,4,W
2148177032,4,R
2148177032,4,W
2148177288,4,R
2148177288,4,W
2148177544,4,R
2148177544,4,W
2148177800,4,R
2148177800,4,W
2148178056,4,R
2148178056,4,W
2148178312,4,R
2148178312,4,W
2148178568,4,R
2148178568,4,W
2148178824,4,R
2148178824,4,W
2148179080,4,R
2148179080,4,W
2148179336,4,R
2148179336,4,W
2148179592,4,R
2148179592,4,W
2148179848,4,R
2148179848,4,W
2148180104,4,R
2148180104,4,W
2148180360,4,R
2148180360,4,W
2148180616,4,R
2148180616,4,W
2148180872,4,R
2148180872,4,W
2148181128,4,R
2148181128,4,W
2148181384,4,R
2148181384,4,W
2148181640,4,R
2148181640,4,W
2148181896,4,R
2148181896,4,W
2148182152,4,R
2148182152,4,W
2148182408,4,R
2148182408,4,W
2148182664,4,R
2148182664,4,W
2148182920,4,R
2148182920,4,W
2148183176,4,R
2148183176,4,W
2148183432,4,R
2148183432,4,W
2148183688,4,R
2148183688,4,W
2148183944,4,R
2148183944,4,W
2148184200,4,R
2148184200,4,W
2148184456,4,R
2148184456,4,W
2148184712,4,R
2148184712,4,W
2148184968,4,R
2148184968,4,W
2148185224,4,R
2148185224,4,W
2148185480,4,R
2148185480,4,W
2148185736,4,R
2148185736,4,W
2148185992,4,R
2148185992,4,W
2148186248,4,R
2148186248,4,W
2148186504,4,R
2148186504,4,W
2148186760,4,R
2148186760,4,W
2148187016,4,R
2148187016,4,W
2148187272,4,R
2148187272,4,W
2148187528,4,R
2148187528,4,W
2148187784,4,R
2148187784,4,W
2148171660,4,R
2148171660,4,W
2148171916,4,R
2148171916,4,W
2148172172,4,R
2148172172,4,W
2148172428,4,R
2148172428,4,W
2148172684,4,R
2148172684,4,W
2148172940,4,R
2148172940,4,W
2148173196,4,R
2148173196,4,W
2148173452,4,R
2148173452,4,W
2148173708,4,R
2148173708,4,W
2148173964,4,R
2148173964,4,W
2148174220,4,R
2148174220,4,W
2148174476,4,R
2148174476,4,W
2148174732,4,R
2148174732,4,W
2148174988,4,R
2148174988,4,W
2148175244,4,R
2148175244,4,W
2148175500,4,R
2148175500,4,W
2148175756,4,R
2148175756,4,W
2148176012,4,R
2148176012,4,W
2148176268,4,R
2148176268,4,W
2148176524,4,R
2148176524,4,W
2148176780,4,R
2148176780,4,W
2148177036,4,R
2148177036,4,W
2148177292,4,R
2148177292,4,W
2148177548,4,R
2148177548,4,W
2148177804,4,R
2148177804,4,W
2148178060,4,R
2148178060,4,W
2148178316,4,R
2148178316,4,W
2148178572,4,R
2148178572,4,W
2148178828,4,R
2148178828,4,W
2148179084,4,R
2148179084,4,W
2148179340,4,R
2148179340,4,W
2148179596,4,R
2148179596,4,W
2148179852,4,R
2148179852,4,W
2148180108,4,R
2148180108,4,W
2148180364,4,R
2148180364,4,W
2148180620,4,R
2148180620,4,W
2148180876,4,R
2148180876,4,W
2148181132,4,R
2148181132,4,W
2148181388,4,R
2148181388,4,W
2148181644,4,R
2148181644,4,W
2148181900,4,R
2148181900,4,W
2148182156,4,R
2148182156,4,W
2148182412,4,R
2148182412,4,W
2148182668,4,R
2148182668,4,W
2148182924,4,R
2148182924,4,W
2148183180,4,R
2148183180,4,W
2148183436,4,R
2148183436,4,W
2148183692,4,R
2148183692,4,W
2148183948,4,R
2148183948,4,W
2148184204,4,R
2148184204,4,W
2148184460,4,R
2148184460,4,W
2148184716,4,R
2148184716,4,W
2148184972,4,R
2148184972,4,W
2148185228,4,R
2148185228,4,W
2148185484,4,R
2148185484,4,W
2148185740,4,R
2148185740,4,W
2148185996,4,R
2148185996,4,W
2148186252,4,R
2148186252,4,W
2148186508,4,R
2148186508,4,W
2148186764,4,R
2148186764,4,W
2148187020,4,R
2148187020,4,W
2148187276,4,R
2148187276,4,W
2148187532,4,R
2148187532,4,W
2148187788,4,R
2148187788,4,W
2148171664,4,R
2148171664,4,W
2148171920,4,R
2148171920,4,W
2148172176,4,R
2148172176,4,W
2148172432,4,R
2148172432,4,W
2148172688,4,R
2148172688,4,W
2148172944,4,R
2148172944,4,W
2148173200,4,R
2148173200,4,W
2148173456,4,R
2148173456,4,W
2148173712,4,R
2148173712,4,W
2148173968,4,R
2148173968,4,W
2148174224,4,R
2148174224,4,W
2148174480,4,R
2148174480,4,W
2148174736,4,R
2148174736,4,W
2148174992,4,R
2148174992,4,W
2148175248,4,R
2148175248,4,W
2148175504,4,R
2148175504,4,W
2148175760,4,R
2148175760,4,W
2148176016,4,R
2148176016,4,W
2148176272,4,R
2148176272,4,W
2148176528,4,R
2148176528,4,W
2148176784,4,R
2148176784,4,W
2148177040,4,R
2148177040,4,W
2148177296,4,R
2148177296,4,W
2148177552,4,R
2148177552,4,W
2148177808,4,R
2148177808,4,W
2148178064,4,R
2148178064,4,W
2148178320,4,R
2148178320,4,W
2148178576,4,R
2148178576,4,W
2148178832,4,R
2148178832,4,W
2148179088,4,R
2148179088,4,W
2148179344,4,R
2148179344,4,W
2148179600,4,R
2148179600,4,W
2148179856,4,R
2148179856,4,W
2148180112,4,R
2148180112,4,W
2148180368,4,R
2148180368,4,W
2148180624,4,R
2148180624,4,W
2148180880,4,R
2148180880,4,W
2148181136,4,R
2148181136,4,W
2148181392,4,R
2148181392,4,W
2148181648,4,R
2148181648,4,W
2148181904,4,R
2148181904,4,W
2148182160,4,R
2148182160,4,W
2148182416,4,R
2148182416,4,W
2148182672,4,R
2148182672,4,W
2148182928,4,R
2148182928,4,W
2148183184,4,R
2148183184,4,W
2148183440,4,R
2148183440,4,W
2148183696,4,R
2148183696,4,W
2148183952,4,R
2148183952,4,W
2148184208,4,R
2148184208,4,W
2148184464,4,R
2148184464,4,W
2148184720,4,R
2148184720,4,W
2148184976,4,R
2148184976,4,W
2148185232,4,R
2148185232,4,W
2148185488,4,R
2148185488,4,W
2148185744,4,R
2148185744,4,W
2148186000,4,R
2148186000,4,W
2148186256,4,R
2148186256,4,W
2148186512,4,R
2148186512,4,W
2148186768,4,R
2148186768,4,W
2148187024,4,R
2148187024,4,W
2148187280,4,R
2148187280,4,W
2148187536,4,R
2148187536,4,W
2148187792,4,R
2148187792,4,W
2148171668,4,R
2148171668,4,W
2148171924,4,R
2148171924,4,W
2148172180,4,R
2148172180,4,W
2148172436,4,R
2148172436,4,W
2148172692,4,R
2148172692,4,W
2148172948,4,R
2148172948,4,W
2148173204,4,R
2148173204,4,W
2148173460,4,R
2148173460,4,W
2148173716,4,R
2148173716,4,W
2148173972,4,R
2148173972,4,W
2148174228,4,R
2148174228,4,W
2148174484,4,R
2148174484,4,W
2148174740,4,R
2148174740,4,W
2148174996,4,R
2148174996,4,W
2148175252,4,R
2148175252,4,W
2148175508,4,R
2148175508,4,W
2148175764,4,R
2148175764,4,W
2148176020,4,R
2148176020,4,W
2148176276,4,R
2148176276,4,W
2148176532,4,R
2148176532,4,W
2148176788,4,R
2148176788,4,W
2148177044,4,R
2148177044,4,W
2148177300,4,R
2148177300,4,W
2148177556,4,R
2148177556,4,W
2148177812,4,R
2148177812,4,W
2148178068,4,R
2148178068,4,W
2148178324,4,R
2148178324,4,W
2148178580,4,R
2148178580,4,W
2148178836,4,R
2148178836,4,W
2148179092,4,R
2148179092,4,W
2148179348,4,R
2148179348,4,W
2148179604,4,R
2148179604,4,W
2148179860,4,R
2148179860,4,W
2148180116,4,R
2148180116,4,W
2148180372,4,R
2148180372,4,W
2148180628,4,R
2148180628,4,W
2148180884,4,R
2148180884,4,W
2148181140,4,R
2148181140,4,W
2148181396,4,R
2148181396,4,W
2148181652,4,R
2148181652,4,W
2148181908,4,R
2148181908,4,W
2148182164,4,R
2148182164,4,W
2148182420,4,R
2148182420,4,W
2148182676,4,R
2148182676,4,W
2148182932,4,R
2148182932,4,W
2148183188,4,R
2148183188,4,W
2148183444,4,R
2148183444,4,W
2148183700,4,R
2148183700,4,W
2148183956,4,R
2148183956,4,W
2148184212,4,R
2148184212,4,W
2148184468,4,R
2148184468,4,W
2148184724,4,R
2148184724,4,W
2148184980,4,R
2148184980,4,W
2148185236,4,R
2148185236,4,W
2148185492,4,R
2148185492,4,W
2148185748,4,R
2148185748,4,W
2148186004,4,R
2148186004,4,W
2148186260,4,R
2148186260,4,W
2148186516,4,R
2148186516,4,W
2148186772,4,R
2148186772,4,W
2148187028,4,R
2148187028,4,W
2148187284,4,R
2148187284,4,W
2148187540,4,R
2148187540,4,W
2148187796,4,R
2148187796,4,W
2148171672,4,R
2148171672,4,W
2148171928,4,R
2148171928,4,W
2148172184,4,R
2148172184,4,W
2148172440,4,R
2148172440,4,W
2148172696,4,R
2148172696,4,W
2148172952,4,R
2148172952,4,W
2148173208,4,R
2148173208,4,W
2148173464,4,R
2148173464,4,W
2148173720,4,R
2148173720,4,W
2148173976,4,R
2148173976,4,W
2148174232,4,R
2148174232,4,W
2148174488,4,R
2148174488,4,W
2148174744,4,R
2148174744,4,W
2148175000,4,R
2148175000,4,W
2148175256,4,R
2148175256,4,W
2148175512,4,R
2148175512,4,W
2148175768,4,R
2148175768,4,W
2148176024,4,R
2148176024,4,W
2148176280,4,R
2148176280,4,W
2148176536,4,R
2148176536,4,W
2148176792,4,R
2148176792,4,W
2148177048,4,R
2148177048,4,W
2148177304,4,R
2148177304,4,W
2148177560,4,R
2148177560,4,W
2148177816,4,R
2148177816,4,W
2148178072,4,R
2148178072,4,W
2148178328,4,R
2148178328,4,W
2148178584,4,R
2148178584,4,W
2148178840,4,R
2148178840,4,W
2148179096,4,R
2148179096,4,W
2148179352,4,R
2148179352,4,W
2148179608,4,R
2148179608,4,W
2148179864,4,R
2148179864,4,W
2148180120,4,R
2148180120,4,W
2148180376,4,R
2148180376,4,W
2148180632,4,R
2148180632,4,W
2148180888,4,R
2148180888,4,W
2148181144,4,R
2148181144,4,W
2148181400,4,R
2148181400,4,W
2148181656,4,R
2148181656,4,W
2148181912,4,R
2148181912,4,W
2148182168,4,R
2148182168,4,W
2148182424,4,R
2148182424,4,W
2148182680,4,R
2148182680,4,W
2148182936,4,R
2148182936,4,W
2148183192,4,R
2148183192,4,W
2148183448,4,R
2148183448,4,W
2148183704,4,R
2148183704,4,W
2148183960,4,R
2148183960,4,W
2148184216,4,R
2148184216,4,W
2148184472,4,R
2148184472,4,W
2148184728,4,R
2148184728,4,W
2148184984,4,R
2148184984,4,W
2148185240,4,R
2148185240,4,W
2148185496,4,R
2148185496,4,W
2148185752,4,R
2148185752,4,W
2148186008,4,R
2148186008,4,W
2148186264,4,R
2148186264,4,W
2148186520,4,R
2148186520,4,W
2148186776,4,R
2148186776,4,W
2148187032,4,R
2148187032,4,W
2148187288,4,R
2148187288,4,W
2148187544,4,R
2148187544,4,W
2148187800,4,R
2148187800,4,W
2148171676,4,R
2148171676,4,W
2148171932,4,R
2148171932,4,W
2148172188,4,R
2148172188,4,W
2148172444,4,R
2148172444,4,W
2148172700,4,R
2148172700,4,W
2148172956,4,R
2148172956,4,W
2148173212,4,R
2148173212,4,W
2148173468,4,R
2148173468,4,W
2148173724,4,R
2148173724,4,W
2148173980,4,R
2148173980,4,W
2148174236,4,R
2148174236,4,W
2148174492,4,R
2148174492,4,W
2148174748,4,R
2148174748,4,W
2148175004,4,R
2148175004,4,W
2148175260,4,R
2148175260,4,W
2148175516,4,R
2148175516,4,W
2148175772,4,R
2148175772,4,W
2148176028,4,R
2148176028,4,W
2148176284,4,R
2148176284,4,W
2148176540,4,R
2148176540,4,W
2148176796,4,R
2148176796,4,W
2148177052,4,R
2148177052,4,W
2148177308,4,R
2148177308,4,W
2148177564,4,R
2148177564,4,W
2148177820,4,R
2148177820,4,W
2148178076,4,R
2148178076,4,W
2148178332,4,R
2148178332,4,W
2148178588,4,R
2148178588,4,W
2148178844,4,R
2148178844,4,W
2148179100,4,R
2148179100,4,W
2148179356,4,R
2148179356,4,W
2148179612,4,R
2148179612,4,W
2148179868,4,R
2148179868,4,W
2148180124,4,R
2148180124,4,W
2148180380,4,R
2148180380,4,W
2148180636,4,R
2148180636,4,W
2148180892,4,R
2148180892,4,W
2148181148,4,R
2148181148,4,W
2148181404,4,R
2148181404,4,W
2148181660,4,R
2148181660,4,W
2148181916,4,R
2148181916,4,W
2148182172,4,R
2148182172,4,W
2148182428,4,R
2148182428,4,W
2148182684,4,R
2148182684,4,W
2148182940,4,R
2148182940,4,W
2148183196,4,R
2148183196,4,W
2148183452,4,R
2148183452,4,W
2148183708,4,R
2148183708,4,W
2148183964,4,R
2148183964,4,W
2148184220,4,R
2148184220,4,W
2148184476,4,R
2148184476,4,W
2148184732,4,R
2148184732,4,W
2148184988,4,R
2148184988,4,W
2148185244,4,R
2148185244,4,W
2148185500,4,R
2148185500,4,W
2148185756,4,R
2148185756,4,W
2148186012,4,R
2148186012,4,W
2148186268,4,R
2148186268,4,W
2148186524,4,R
2148186524,4,W
2148186780,4,R
2148186780,4,W
2148187036,4,R
2148187036,4,W
2148187292,4,R
2148187292,4,W
2148187548,4,R
2148187548,4,W
2148187804,4,R
2148187804,4,W
2148171680,4,R
2148171680,4,W
2148171936,4,R
2148171936,4,W
2148172192,4,R
2148172192,4,W
2148172448,4,R
2148172448,4,W
2148172704,4,R
2148172704,4,W
2148172960,4,R
2148172960,4,W
2148173216,4,R
2148173216,4,W
2148173472,4,R
2148173472,4,W
2148173728,4,R
2148173728,4,W
2148173984,4,R
2148173984,4,W
2148174240,4,R
2148174240,4,W
2148174496,4,R
2148174496,4,W
2148174752,4,R
2148174752,4,W
2148175008,4,R
2148175008,4,W
2148175264,4,R
2148175264,4,W
2148175520,4,R
2148175520,4,W
2148175776,4,R
2148175776,4,W
2148176032,4,R
2148176032,4,W
2148176288,4,R
2148176288,4,W
2148176544,4,R
2148176544,4,W
2148176800,4,R
2148176800,4,W
2148177056,4,R
2148177056,4,W
2148177312,4,R
2148177312,4,W
2148177568,4,R
2148177568,4,W
2148177824,4,R
2148177824,4,W
2148178080,4,R
2148178080,4,W
2148178336,4,R
2148178336,4,W
2148178592,4,R
2148178592,4,W
2148178848,4,R
2148178848,4,W
2148179104,4,R
2148179104,4,W
2148179360,4,R
2148179360,4,W
2148179616,4,R
2148179616,4,W
2148179872,4,R
2148179872,4,W
2148180128,4,R
2148180128,4,W
2148180384,4,R
2148180384,4,W
2148180640,4,R
2148180640,4,W
2148180896,4,R
2148180896,4,W
2148181152,4,R
2148181152,4,W
2148181408,4,R
2148181408,4,W
2148181664,4,R
2148181664,4,W
2148181920,4,R
2148181920,4,W
2148182176,4,R
2148182176,4,W
2148182432,4,R
2148182432,4,W
2148182688,4,R
2148182688,4,W
2148182944,4,R
2148182944,4,W
2148183200,4,R
2148183200,4,W
2148183456,4,R
2148183456,4,W
2148183712,4,R
2148183712,4,W
2148183968,4,R
2148183968,4,W
2148184224,4,R
2148184224,4,W
2148184480,4,R
2148184480,4,W
2148184736,4,R
2148184736,4,W
2148184992,4,R
2148184992,4,W
2148185248,4,R
2148185248,4,W
2148185504,4,R
2148185504,4,W
2148185760,4,R
2148185760,4,W
2148186016,4,R
2148186016,4,W
2148186272,4,R
2148186272,4,W
2148186528,4,R
2148186528,4,W
2148186784,4,R
2148186784,4,W
2148187040,4,R
2148187040,4,W
2148187296,4,R
2148187296,4,W
2148187552,4,R
2148187552,4,W
2148187808,4,R
2148187808,4,W
2148171684,4,R
2148171684,4,W
2148171940,4,R
2148171940,4,W
2148172196,4,R
2148172196,4,W
2148172452,4,R
2148172452,4,W
2148172708,4,R
2148172708,4,W
2148172964,4,R
2148172964,4,W
2148173220,4,R
2148173220,4,W
2148173476,4,R
2148173476,4,W
2148173732,4,R
2148173732,4,W
2148173988,4,R
2148173988,4,W
2148174244,4,R
2148174244,4,W
2148174500,4,R
2148174500,4,W
2148174756,4,R
2148174756,4,W
2148175012,4,R
2148175012,4,W
2148175268,4,R
2148175268,4,W
2148175524,4,R
2148175524,4,W
2148175780,4,R
2148175780,4,W
2148176036,4,R
2148176036,4,W
2148176292,4,R
2148176292,4,W
2148176548,4,R
2148176548,4,W
2148176804,4,R
2148176804,4,W
2148177060,4,R
2148177060,4,W
2148177316,4,R
2148177316,4,W
2148177572,4,R
2148177572,4,W
2148177828,4,R
2148177828,4,W
2148178084,4,R
2148178084,4,W
2148178340,4,R
2148178340,4,W
2148178596,4,R
2148178596,4,W
2148178852,4,R
2148178852,4,W
2148179108,4,R
2148179108,4,W
2148179364,4,R
2148179364,4,W
2148179620,4,R
2148179620,4,W
2148179876,4,R
2148179876,4,W
2148180132,4,R
2148180132,4,W
2148180388,4,R
2148180388,4,W
2148180644,4,R
2148180644,4,W
2148180900,4,R
2148180900,4,W
2148181156,4,R
2148181156,4,W
2148181412,4,R
2148181412,4,W
2148181668,4,R
2148181668,4,W
2148181924,4,R
2148181924,4,W
2148182180,4,R
2148182180,4,W
2148182436,4,R
2148182436,4,W
2148182692,4,R
2148182692,4,W
2148182948,4,R
2148182948,4,W
2148183204,4,R
2148183204,4,W
2148183460,4,R
2148183460,4,W
2148183716,4,R
2148183716,4,W
2148183972,4,R
2148183972,4,W
2148184228,4,R
2148184228,4,W
2148184484,4,R
2148184484,4,W
2148184740,4,R
2148184740,4,W
2148184996,4,R
2148184996,4,W
2148185252,4,R
2148185252,4,W
2148185508,4,R
2148185508,4,W
2148185764,4,R
2148185764,4,W
2148186020,4,R
2148186020,4,W
2148186276,4,R
2148186276,4,W
2148186532,4,R
2148186532,4,W
2148186788,4,R
2148186788,4,W
2148187044,4,R
2148187044,4,W
2148187300,4,R
2148187300,4,W
2148187556,4,R
2148187556,4,W
2148187812,4,R
2148187812,4,W
2148171688,4,R
2148171688,4,W
2148171944,4,R
2148171944,4,W
2148172200,4,R
2148172200,4,W
2148172456,4,R
2148172456,4,W
2148172712,4,R
2148172712,4,W
2148172968,4,R
2148172968,4,W
2148173224,4,R
2148173224,4,W
2148173480,4,R
2148173480,4,W
2148173736,4,R
2148173736,4,W
2148173992,4,R
2148173992,4,W
2148174248,4,R
2148174248,4,W
2148174504,4,R
2148174504,4,W
2148174760,4,R
2148174760,4,W
2148175016,4,R
2148175016,4,W
2148175272,4,R
2148175272,4,W
2148175528,4,R
2148175528,4,W
2148175784,4,R
2148175784,4,W
2148176040,4,R
2148176040,4,W
2148176296,4,R
2148176296,4,W
2148176552,4,R
2148176552,4,W
2148176808,4,R
2148176808,4,W
2148177064,4,R
2148177064,4,W
2148177320,4,R
2148177320,4,W
2148177576,4,R
2148177576,4,W
2148177832,4,R
2148177832,4,W
2148178088,4,R
2148178088,4,W
2148178344,4,R
2148178344,4,W
2148178600,4,R
2148178600,4,W
2148178856,4,R
2148178856,4,W
2148179112,4,R
2148179112,4,W
2148179368,4,R
2148179368,4,W
2148179624,4,R
2148179624,4,W
2148179880,4,R
2148179880,4,W
2148180136,4,R
2148180136,4,W
2148180392,4,R
2148180392,4,W
2148180648,4,R
2148180648,4,W
2148180904,4,R
2148180904,4,W
2148181160,4,R
2148181160,4,W
2148181416,4,R
2148181416,4,W
2148181672,4,R
2148181672,4,W
2148181928,4,R
2148181928,4,W
2148182184,4,R
2148182184,4,W
2148182440,4,R
2148182440,4,W
2148182696,4,R
2148182696,4,W
2148182952,4,R
2148182952,4,W
2148183208,4,R
2148183208,4,W
2148183464,4,R
2148183464,4,W
2148183720,4,R
2148183720,4,W
2148183976,4,R
2148183976,4,W
2148184232,4,R
2148184232,4,W
2148184488,4,R
2148184488,4,W
2148184744,4,R
2148184744,4,W
2148185000,4,R
2148185000,4,W
2148185256,4,R
2148185256,4,W
2148185512,4,R
2148185512,4,W
2148185768,4,R
2148185768,4,W
2148186024,4,R
2148186024,4,W
2148186280,4,R
2148186280,4,W
2148186536,4,R
2148186536,4,W
2148186792,4,R
2148186792,4,W
2148187048,4,R
2148187048,4,W
2148187304,4,R
2148187304,4,W
2148187560,4,R
2148187560,4,W
2148187816,4,R
2148187816,4,W
2148171692,4,R
2148171692,4,W
2148171948,4,R
2148171948,4,W
2148172204,4,R
2148172204,4,W
2148172460,4,R
2148172460,4,W
2148172716,4,R
2148172716,4,W
2148172972,4,R
2148172972,4,W
2148173228,4,R
2148173228,4,W
2148173484,4,R
2148173484,4,W
2148173740,4,R
2148173740,4,W
2148173996,4,R
2148173996,4,W
2148174252,4,R
2148174252,4,W
2148174508,4,R
2148174508,4,W
2148174764,4,R
2148174764,4,W
2148175020,4,R
2148175020,4,W
2148175276,4,R
2148175276,4,W
2148175532,4,R
2148175532,4,W
2148175788,4,R
2148175788,4,W
2148176044,4,R
2148176044,4,W
2148176300,4,R
2148176300,4,W
2148176556,4,R
2148176556,4,W
2148176812,4,R
2148176812,4,W
2148177068,4,R
2148177068,4,W
2148177324,4,R
2148177324,4,W
2148177580,4,R
2148177580,4,W
2148177836,4,R
2148177836,4,W
2148178092,4,R
2148178092,4,W
2148178348,4,R
2148178348,4,W
2148178604,4,R
2148178604,4,W
2148178860,4,R
2148178860,4,W
2148179116,4,R
2148179116,4,W
2148179372,4,R
2148179372,4,W
2148179628,4,R
2148179628,4,W
2148179884,4,R
2148179884,4,W
2148180140,4,R
2148180140,4,W
2148180396,4,R
2148180396,4,W
2148180652,4,R
2148180652,4,W
2148180908,4,R
2148180908,4,W
2148181164,4,R
2148181164,4,W
2148181420,4,R
2148181420,4,W
2148181676,4,R
2148181676,4,W
2148181932,4,R
2148181932,4,W
2148182188,4,R
2148182188,4,W
2148182444,4,R
2148182444,4,W
2148182700,4,R
2148182700,4,W
2148182956,4,R
2148182956,4,W
2148183212,4,R
2148183212,4,W
2148183468,4,R
2148183468,4,W
2148183724,4,R
2148183724,4,W
2148183980,4,R
2148183980,4,W
2148184236,4,R
2148184236,4,W
2148184492,4,R
2148184492,4,W
2148184748,4,R
2148184748,4,W
2148185004,4,R
2148185004,4,W
2148185260,4,R
2148185260,4,W
2148185516,4,R
2148185516,4,W
2148185772,4,R
2148185772,4,W
2148186028,4,R
2148186028,4,W
2148186284,4,R
2148186284,4,W
2148186540,4,R
2148186540,4,W
2148186796,4,R
2148186796,4,W
2148187052,4,R
2148187052,4,W
2148187308,4,R
2148187308,4,W
2148187564,4,R
2148187564,4,W
2148187820,4,R
2148187820,4,W
2148171696,4,R
2148171696,4,W
2148171952,4,R
2148171952,4,W
2148172208,4,R
2148172208,4,W
2148172464,4,R
2148172464,4,W
2148172720,4,R
2148172720,4,W
2148172976,4,R
2148172976,4,W
2148173232,4,R
2148173232,4,W
2148173488,4,R
2148173488,4,W
2148173744,4,R
2148173744,4,W
2148174000,4,R
2148174000,4,W
2148174256,4,R
2148174256,4,W
2148174512,4,R
2148174512,4,W
2148174768,4,R
2148174768,4,W
2148175024,4,R
2148175024,4,W
2148175280,4,R
2148175280,4,W
2148175536,4,R
2148175536,4,W
2148175792,4,R
2148175792,4,W
2148176048,4,R
2148176048,4,W
2148176304,4,R
2148176304,4,W
2148176560,4,R
2148176560,4,W
2148176816,4,R
2148176816,4,W
2148177072,4,R
2148177072,4,W
2148177328,4,R
2148177328,4,W
2148177584,4,R
2148177584,4,W
2148177840,4,R
2148177840,4,W
2148178096,4,R
2148178096,4,W
2148178352,4,R
2148178352,4,W
2148178608,4,R
2148178608,4,W
2148178864,4,R
2148178864,4,W
2148179120,4,R
2148179120,4,W
2148179376,4,R
2148179376,4,W
2148179632,4,R
2148179632,4,W
2148179888,4,R
2148179888,4,W
2148180144,4,R
2148180144,4,W
2148180400,4,R
2148180400,4,W
2148180656,4,R
2148180656,4,W
2148180912,4,R
2148180912,4,W
2148181168,4,R
2148181168,4,W
2148181424,4,R
2148181424,4,W
2148181680,4,R
2148181680,4,W
2148181936,4,R
2148181936,4,W
2148182192,4,R
2148182192,4,W
2148182448,4,R
2148182448,4,W
2148182704,4,R
2148182704,4,W
2148182960,4,R
2148182960,4,W
2148183216,4,R
2148183216,4,W
2148183472,4,R
2148183472,4,W
2148183728,4,R
2148183728,4,W
2148183984,4,R
2148183984,4,W
2148184240,4,R
2148184240,4,W
2148184496,4,R
2148184496,4,W
2148184752,4,R
2148184752,4,W
2148185008,4,R
2148185008,4,W
2148185264,4,R
2148185264,4,W
2148185520,4,R
2148185520,4,W
2148185776,4,R
2148185776,4,W
2148186032,4,R
2148186032,4,W
2148186288,4,R
2148186288,4,W
2148186544,4,R
2148186544,4,W
2148186800,4,R
2148186800,4,W
2148187056,4,R
2148187056,4,W
2148187312,4,R
2148187312,4,W
2148187568,4,R
2148187568,4,W
2148187824,4,R
2148187824,4,W
2148171700,4,R
2148171700,4,W
2148171956,4,R
2148171956,4,W
2148172212,4,R
2148172212,4,W
2148172468,4,R
2148172468,4,W
2148172724,4,R
2148172724,4,W
2148172980,4,R
2148172980,4,W
2148173236,4,R
2148173236,4,W
2148173492,4,R
2148173492,4,W
2148173748,4,R
2148173748,4,W
2148174004,4,R
2148174004,4,W
2148174260,4,R
2148174260,4,W
2148174516,4,R
2148174516,4,W
2148174772,4,R
2148174772,4,W
2148175028,4,R
2148175028,4,W
2148175284,4,R
2148175284,4,W
2148175540,4,R
2148175540,4,W
2148175796,4,R
2148175796,4,W
2148176052,4,R
2148176052,4,W
2148176308,4,R
2148176308,4,W
2148176564,4,R
2148176564,4,W
2148176820,4,R
2148176820,4,W
2148177076,4,R
2148177076,4,W
2148177332,4,R
2148177332,4,W
2148177588,4,R
2148177588,4,W
2148177844,4,R
2148177844,4,W
2148178100,4,R
2148178100,4,W
2148178356,4,R
2148178356,4,W
2148178612,4,R
2148178612,4,W
2148178868,4,R
2148178868,4,W
2148179124,4,R
2148179124,4,W
2148179380,4,R
2148179380,4,W
2148179636,4,R
2148179636,4,W
2148179892,4,R
2148179892,4,W
2148180148,4,R
2148180148,4,W
2148180404,4,R
2148180404,4,W
2148180660,4,R
2148180660,4,W
2148180916,4,R
2148180916,4,W
2148181172,4,R
2148181172,4,W
2148181428,4,R
2148181428,4,W
2148181684,4,R
2148181684,4,W
2148181940,4,R
2148181940,4,W
2148182196,4,R
2148182196,4,W
2148182452,4,R
2148182452,4,W
2148182708,4,R
2148182708,4,W
2148182964,4,R
2148182964,4,W
2148183220,4,R
2148183220,4,W
2148183476,4,R
2148183476,4,W
2148183732,4,R
2148183732,4,W
2148183988,4,R
2148183988,4,W
2148184244,4,R
2148184244,4,W
2148184500,4,R
2148184500,4,W
2148184756,4,R
2148184756,4,W
2148185012,4,R
2148185012,4,W
2148185268,4,R
2148185268,4,W
2148185524,4,R
2148185524,4,W
2148185780,4,R
2148185780,4,W
2148186036,4,R
2148186036,4,W
2148186292,4,R
2148186292,4,W
2148186548,4,R
2148186548,4,W
2148186804,4,R
2148186804,4,W
2148187060,4,R
2148187060,4,W
2148187316,4,R
2148187316,4,W
2148187572,4,R
2148187572,4,W
2148187828,4,R
2148187828,4,W
2148171704,4,R
2148171704,4,W
2148171960,4,R
2148171960,4,W
2148172216,4,R
2148172216,4,W
2148172472,4,R
2148172472,4,W
2148172728,4,R
2148172728,4,W
2148172984,4,R
2148172984,4,W
2148173240,4,R
2148173240,4,W
2148173496,4,R
2148173496,4,W
2148173752,4,R
2148173752,4,W
2148174008,4,R
2148174008,4,W
2148174264,4,R
2148174264,4,W
2148174520,4,R
2148174520,4,W
2148174776,4,R
2148174776,4,W
2148175032,4,R
2148175032,4,W
2148175288,4,R
2148175288,4,W
2148175544,4,R
2148175544,4,W
2148175800,4,R
2148175800,4,W
2148176056,4,R
2148176056,4,W
2148176312,4,R
2148176312,4,W
2148176568,4,R
2148176568,4,W
2148176824,4,R
2148176824,4,W
2148177080,4,R
2148177080,4,W
2148177336,4,R
2148177336,4,W
2148177592,4,R
2148177592,4,W
2148177848,4,R
2148177848,4,W
2148178104,4,R
2148178104,4,W
2148178360,4,R
2148178360,4,W
2148178616,4,R
2148178616,4,W
2148178872,4,R
2148178872,4,W
2148179128,4,R
2148179128,4,W
2148179384,4,R
2148179384,4,W
2148179640,4,R
2148179640,4,W
2148179896,4,R
2148179896,4,W
2148180152,4,R
2148180152,4,W
2148180408,4,R
2148180408,4,W
2148180664,4,R
2148180664,4,W
2148180920,4,R
2148180920,4,W
2148181176,4,R
2148181176,4,W
2148181432,4,R
2148181432,4,W
2148181688,4,R
2148181688,4,W
2148181944,4,R
2148181944,4,W
2148182200,4,R
2148182200,4,W
2148182456,4,R
2148182456,4,W
2148182712,4,R
2148182712,4,W
2148182968,4,R
2148182968,4,W
2148183224,4,R
2148183224,4,W
2148183480,4,R
2148183480,4,W
2148183736,4,R
2148183736,4,W
2148183992,4,R
2148183992,4,W
2148184248,4,R
2148184248,4,W
2148184504,4,R
2148184504,4,W
2148184760,4,R
2148184760,4,W
2148185016,4,R
2148185016,4,W
2148185272,4,R
2148185272,4,W
2148185528,4,R
2148185528,4,W
2148185784,4,R
2148185784,4,W
2148186040,4,R
2148186040,4,W
2148186296,4,R
2148186296,4,W
2148186552,4,R
2148186552,4,W
2148186808,4,R
2148186808,4,W
2148187064,4,R
2148187064,4,W
2148187320,4,R
2148187320,4,W
2148187576,4,R
2148187576,4,W
2148187832,4,R
2148187832,4,W
2148171708,4,R
2148171708,4,W
2148171964,4,R
2148171964,4,W
2148172220,4,R
2148172220,4,W
2148172476,4,R
2148172476,4,W
2148172732,4,R
2148172732,4,W
2148172988,4,R
2148172988,4,W
2148173244,4,R
2148173244,4,W
2148173500,4,R
2148173500,4,W
2148173756,4,R
2148173756,4,W
2148174012,4,R
2148174012,4,W
2148174268,4,R
2148174268,4,W
2148174524,4,R
2148174524,4,W
2148174780,4,R
2148174780,4,W
2148175036,4,R
2148175036,4,W
2148175292,4,R
2148175292,4,W
2148175548,4,R
2148175548,4,W
2148175804,4,R
2148175804,4,W
2148176060,4,R
2148176060,4,W
2148176316,4,R
2148176316,4,W
2148176572,4,R
2148176572,4,W
2148176828,4,R
2148176828,4,W
2148177084,4,R
2148177084,4,W
2148177340,4,R
2148177340,4,W
2148177596,4,R
2148177596,4,W
2148177852,4,R
2148177852,4,W
2148178108,4,R
2148178108,4,W
2148178364,4,R
2148178364,4,W
2148178620,4,R
2148178620,4,W
2148178876,4,R
2148178876,4,W
2148179132,4,R
2148179132,4,W
2148179388,4,R
2148179388,4,W
2148179644,4,R
2148179644,4,W
2148179900,4,R
2148179900,4,W
2148180156,4,R
2148180156,4,W
2148180412,4,R
2148180412,4,W
2148180668,4,R
2148180668,4,W
2148180924,4,R
2148180924,4,W
2148181180,4,R
2148181180,4,W
2148181436,4,R
2148181436,4,W
2148181692,4,R
2148181692,4,W
2148181948,4,R
2148181948,4,W
2148182204,4,R
2148182204,4,W
2148182460,4,R
2148182460,4,W
2148182716,4,R
2148182716,4,W
2148182972,4,R
2148182972,4,W
2148183228,4,R
2148183228,4,W
2148183484,4,R
2148183484,4,W
2148183740,4,R
2148183740,4,W
2148183996,4,R
2148183996,4,W
2148184252,4,R
2148184252,4,W
2148184508,4,R
2148184508,4,W
2148184764,4,R
2148184764,4,W
2148185020,4,R
2148185020,4,W
2148185276,4,R
2148185276,4,W
2148185532,4,R
2148185532,4,W
2148185788,4,R
2148185788,4,W
2148186044,4,R
2148186044,4,W
2148186300,4,R
2148186300,4,W
2148186556,4,R
2148186556,4,W
2148186812,4,R
2148186812,4,W
2148187068,4,R
2148187068,4,W
2148187324,4,R
2148187324,4,W
2148187580,4,R
2148187580,4,W
2148187836,4,R
2148187836,4,W
