dimension,key,instructions,memory_cycles,model_service_ns,accounted_model_ns,l1i,l1d,l2,ram_read,ram_write,function,object,reason
by_role,application_harness,114102,383790,767580,881682,114309,14607,107712,2160,145002,,,
by_role,lwip,57247,178854,357708,414955,57871,15354,47912,5148,52569,,,
by_role,runtime_library,165975,493905,987810,1153785,165982,51057,114840,4968,157058,,,
by_role,kernel_port,706,5807,11614,12320,709,445,1856,828,1969,,,
by_role,recorder,1102,4994,9988,11090,1103,368,1424,504,1595,,,
by_role,observer_entry,14,84,168,182,14,5,32,0,33,,,
by_function,/Users/swchen.tw/git/percepio/poc/runs/tcp-workload-matrix-v1/A04-pbuf/build/tcp_request_response_irq.o:2147496106:2147496110:tcp_capture_begin,2,28,56,58,2,0,8,18,0,tcp_capture_begin,/Users/swchen.tw/git/percepio/poc/runs/tcp-workload-matrix-v1/A04-pbuf/build/tcp_request_response_irq.o,
by_function,/Users/swchen.tw/git/percepio/poc/runs/tcp-workload-matrix-v1/A04-pbuf/build/tcp_request_response_irq.o:2147496870:2147499288:session_task,106717,345426,690852,797569,106866,12003,95288,864,130405,session_task,/Users/swchen.tw/git/percepio/poc/runs/tcp-workload-matrix-v1/A04-pbuf/build/tcp_request_response_irq.o,
by_function,/Users/swchen.tw/git/percepio/poc/runs/tcp-workload-matrix-v1/A04-pbuf/build/tcp_request_response_irq.o:2147496114:2147496118:z0_stack_begin,54,54,108,162,54,0,0,0,0,z0_stack_begin,/Users/swchen.tw/git/percepio/poc/runs/tcp-workload-matrix-v1/A04-pbuf/build/tcp_request_response_irq.o,
by_function,/Users/swchen.tw/git/percepio/poc/runs/tcp-workload-matrix-v1/A04-pbuf/build/tcp.o:2147504618:2147504626:tcp_new,2,28,56,58,2,0,8,18,0,tcp_new,/Users/swchen.tw/git/percepio/poc/runs/tcp-workload-matrix-v1/A04-pbuf/build/tcp.o,
by_function,/Users/swchen.tw/git/percepio/poc/runs/tcp-workload-matrix-v1/A04-pbuf/build/tcp.o:2147504182:2147504618:tcp_alloc,100,902,1804,1904,102,44,296,108,352,tcp_alloc,/Users/swchen.tw/git/percepio/poc/runs/tcp-workload-matrix-v1/A04-pbuf/build/tcp.o,
by_function,/Users/swchen.tw/git/percepio/poc/runs/tcp-workload-matrix-v1/A04-pbuf/build/memp.o:2147501062:2147501090:memp_malloc,168,339,678,846,168,21,96,54,0,memp_malloc,/Users/swchen.tw/git/percepio/poc/runs/tcp-workload-matrix-v1/A04-pbuf/build/memp.o,
by_function,/Users/swchen.tw/git/percepio/poc/runs/tcp-workload-matrix-v1/A04-pbuf/build/memp.o:2147500886:2147500944:do_memp_malloc_pool,319,1877,3754,4073,319,214,568,270,506,do_memp_malloc_pool,/Users/swchen.tw/git/percepio/poc/runs/tcp-workload-matrix-v1/A04-pbuf/build/memp.o,
by_function,/Users/swchen.tw/git/percepio/poc/.tools/xpack-riscv-none-elf-gcc-15.2.0-1/bin/../lib/gcc/riscv-none-elf/15.2.0/../../../../riscv-none-elf/lib/libg_nano.a(libc_a-memset.o):2147520098:2147520114:memset,4104,24496,48992,53096,4104,1014,8152,72,11154,memset,/Users/swchen.tw/git/percepio/poc/.tools/xpack-riscv-none-elf-gcc-15.2.0-1/bin/../lib/gcc/riscv-none-elf/15.2.0/../../../../riscv-none-elf/lib/libg_nano.a(libc_a-memset.o),
by_function,/Users/swchen.tw/git/percepio/poc/runs/tcp-workload-matrix-v1/A04-pbuf/build/tcp.o:2147502836:2147502968:tcp_bind,49,266,532,581,49,18,72,72,55,tcp_bind,/Users/swchen.tw/git/percepio/poc/runs/tcp-workload-matrix-v1/A04-pbuf/build/tcp.o,
by_function,/Users/swchen.tw/git/percepio/poc/runs/tcp-workload-matrix-v1/A04-pbuf/build/timeouts.o:2147516856:2147516858:tcp_timer_needed,3,29,58,61,3,0,8,18,0,tcp_timer_needed,/Users/swchen.tw/git/percepio/poc/runs/tcp-workload-matrix-v1/A04-pbuf/build/timeouts.o,
by_function,/Users/swchen.tw/git/percepio/poc/runs/tcp-workload-matrix-v1/A04-pbuf/build/tcp.o:2147503166:2147503172:tcp_listen_with_backlog,2,54,108,110,2,0,16,36,0,tcp_listen_with_backlog,/Users/swchen.tw/git/percepio/poc/runs/tcp-workload-matrix-v1/A04-pbuf/build/tcp.o,
by_function,/Users/swchen.tw/git/percepio/poc/runs/tcp-workload-matrix-v1/A04-pbuf/build/tcp.o:2147502968:2147503166:tcp_listen_with_backlog_and_err,60,489,978,1038,60,35,160,36,198,tcp_listen_with_backlog_and_err,/Users/swchen.tw/git/percepio/poc/runs/tcp-workload-matrix-v1/A04-pbuf/build/tcp.o,
by_function,/Users/swchen.tw/git/percepio/poc/runs/tcp-workload-matrix-v1/A04-pbuf/build/tcp.o:2147502828:2147502836:tcp_free,6,6,12,18,6,0,0,0,0,tcp_free,/Users/swchen.tw/git/percepio/poc/runs/tcp-workload-matrix-v1/A04-pbuf/build/tcp.o,
by_function,/Users/swchen.tw/git/percepio/poc/runs/tcp-workload-matrix-v1/A04-pbuf/build/memp.o:2147501090:2147501136:memp_free,378,1906,3812,4190,378,189,592,54,693,memp_free,/Users/swchen.tw/git/percepio/poc/runs/tcp-workload-matrix-v1/A04-pbuf/build/memp.o,
by_function,/Users/swchen.tw/git/percepio/poc/runs/tcp-workload-matrix-v1/A04-pbuf/build/tcp.o:2147503452:2147503466:tcp_accept,6,53,106,112,6,2,16,18,11,tcp_accept,/Users/swchen.tw/git/percepio/poc/runs/tcp-workload-matrix-v1/A04-pbuf/build/tcp.o,
by_function,/Users/swchen.tw/git/percepio/poc/runs/tcp-workload-matrix-v1/A04-pbuf/build/tcp_request_response_irq.o:2147496122:2147496222:phase,837,5616,11232,12069,837,405,1800,198,2376,phase,/Users/swchen.tw/git/percepio/poc/runs/tcp-workload-matrix-v1/A04-pbuf/build/tcp_request_response_irq.o,
by_function,/Users/swchen.tw/git/percepio/poc/runs/tcp-workload-matrix-v1/A04-pbuf/build/tcp_request_response_irq.o:2147496118:2147496122:z0_stack_end,54,54,108,162,54,0,0,0,0,z0_stack_end,/Users/swchen.tw/git/percepio/poc/runs/tcp-workload-matrix-v1/A04-pbuf/build/tcp_request_response_irq.o,
by_function,/Users/swchen.tw/git/percepio/poc/runs/tcp-workload-matrix-v1/A04-pbuf/build/tcp_request_response_irq.o:2147496222:2147496870:inject,2494,16915,33830,36324,2523,970,5888,252,7282,inject,/Users/swchen.tw/git/percepio/poc/runs/tcp-workload-matrix-v1/A04-pbuf/build/tcp_request_response_irq.o,
by_function,/Users/swchen.tw/git/percepio/poc/runs/tcp-workload-matrix-v1/A04-pbuf/build/pbuf.o:2147501856:2147502132:pbuf_alloc,1466,9097,18194,19660,1466,587,3056,72,3916,pbuf_alloc,/Users/swchen.tw/git/percepio/poc/runs/tcp-workload-matrix-v1/A04-pbuf/build/pbuf.o,
by_function,/Users/swchen.tw/git/percepio/poc/runs/tcp-workload-matrix-v1/A04-pbuf/build/mem.o:2147500586:2147500886:mem_malloc,1548,5898,11796,13344,1598,473,1744,180,1903,mem_malloc,/Users/swchen.tw/git/percepio/poc/runs/tcp-workload-matrix-v1/A04-pbuf/build/mem.o,
by_function,/Users/swchen.tw/git/percepio/poc/runs/tcp-workload-matrix-v1/A04-pbuf/build/def.o:2147499408:2147499422:lwip_htons,2460,2494,4988,7448,2460,0,16,18,0,lwip_htons,/Users/swchen.tw/git/percepio/poc/runs/tcp-workload-matrix-v1/A04-pbuf/build/def.o,
by_function,/Users/swchen.tw/git/percepio/poc/runs/tcp-workload-matrix-v1/A04-pbuf/build/inet_chksum.o:2147499828:2147499850:inet_chksum,252,1024,2048,2300,280,56,344,36,308,inet_chksum,/Users/swchen.tw/git/percepio/poc/runs/tcp-workload-matrix-v1/A04-pbuf/build/inet_chksum.o,
by_function,/Users/swchen.tw/git/percepio/poc/runs/tcp-workload-matrix-v1/A04-pbuf/build/inet_chksum.o:2147499458:2147499622:lwip_standard_chksum,22488,26255,52510,74998,22661,3404,136,54,0,lwip_standard_chksum,/Users/swchen.tw/git/percepio/poc/runs/tcp-workload-matrix-v1/A04-pbuf/build/inet_chksum.o,
by_function,/Users/swchen.tw/git/percepio/poc/runs/tcp-workload-matrix-v1/A04-pbuf/build/pbuf.o:2147501678:2147501736:pbuf_remove_header,840,3630,7260,8100,882,252,1056,54,1386,pbuf_remove_header,/Users/swchen.tw/git/percepio/poc/runs/tcp-workload-matrix-v1/A04-pbuf/build/pbuf.o,
by_function,/Users/swchen.tw/git/percepio/poc/runs/tcp-workload-matrix-v1/A04-pbuf/build/def.o:2147499422:2147499458:lwip_htonl,2093,2133,4266,6359,2093,0,40,0,0,lwip_htonl,/Users/swchen.tw/git/percepio/poc/runs/tcp-workload-matrix-v1/A04-pbuf/build/def.o,
by_function,/Users/swchen.tw/git/percepio/poc/runs/tcp-workload-matrix-v1/A04-pbuf/build/inet_chksum.o:2147499622:2147499824:inet_chksum_pseudo,3011,9323,18646,21657,3011,781,2368,72,3091,inet_chksum_pseudo,/Users/swchen.tw/git/percepio/poc/runs/tcp-workload-matrix-v1/A04-pbuf/build/inet_chksum.o,
by_function,/Users/swchen.tw/git/percepio/poc/runs/tcp-workload-matrix-v1/A04-pbuf/build/pbuf.o:2147501672:2147501678:pbuf_add_header,70,70,140,210,70,0,0,0,0,pbuf_add_header,/Users/swchen.tw/git/percepio/poc/runs/tcp-workload-matrix-v1/A04-pbuf/build/pbuf.o,
by_function,/Users/swchen.tw/git/percepio/poc/runs/tcp-workload-matrix-v1/A04-pbuf/build/pbuf.o:2147501518:2147501612:pbuf_add_header_impl,945,3399,6798,7743,945,245,1000,54,1155,pbuf_add_header_impl,/Users/swchen.tw/git/percepio/poc/runs/tcp-workload-matrix-v1/A04-pbuf/build/pbuf.o,
by_function,/Users/swchen.tw/git/percepio/poc/runs/tcp-workload-matrix-v1/A04-pbuf/build/tcp_request_response_irq.o:2147495094:2147495252:snapshot,1100,5212,10424,11524,1100,425,1600,162,1925,snapshot,/Users/swchen.tw/git/percepio/poc/runs/tcp-workload-matrix-v1/A04-pbuf/build/tcp_request_response_irq.o,
by_function,/Users/swchen.tw/git/percepio/poc/runs/tcp-workload-matrix-v1/A04-pbuf/build/pbuf.o:2147502542:2147502662:pbuf_copy_partial,1416,5001,10002,11418,1416,415,1360,72,1738,pbuf_copy_partial,/Users/swchen.tw/git/percepio/poc/runs/tcp-workload-matrix-v1/A04-pbuf/build/pbuf.o,
by_function,/Users/swchen.tw/git/percepio/poc/.tools/xpack-riscv-none-elf-gcc-15.2.0-1/bin/../lib/gcc/riscv-none-elf/15.2.0/../../../../riscv-none-elf/lib/libg_nano.a(libc_a-memcpy-asm.o):2147520114:2147520136:memcpy,78084,355356,710712,788796,78084,25992,104184,4140,142956,memcpy,/Users/swchen.tw/git/percepio/poc/.tools/xpack-riscv-none-elf-gcc-15.2.0-1/bin/../lib/gcc/riscv-none-elf/15.2.0/../../../../riscv-none-elf/lib/libg_nano.a(libc_a-memcpy-asm.o),
by_function,/Users/swchen.tw/git/percepio/poc/runs/tcp-workload-matrix-v1/A04-pbuf/build/ip4.o:2147517852:2147518552:ip4_input,1806,9270,18540,20346,1848,714,3168,306,3234,ip4_input,/Users/swchen.tw/git/percepio/poc/runs/tcp-workload-matrix-v1/A04-pbuf/build/ip4.o,
by_function,/Users/swchen.tw/git/percepio/poc/runs/tcp-workload-matrix-v1/A04-pbuf/build/ip4.o:2147517688:2147517740:ip4_input_accept,182,416,832,1014,182,42,120,72,0,ip4_input_accept,/Users/swchen.tw/git/percepio/poc/runs/tcp-workload-matrix-v1/A04-pbuf/build/ip4.o,
by_function,/Users/swchen.tw/git/percepio/poc/runs/tcp-workload-matrix-v1/A04-pbuf/build/ip4_addr.o:2147518956:2147519010:ip4_addr_isbroadcast_u32,224,434,868,1092,224,28,128,54,0,ip4_addr_isbroadcast_u32,/Users/swchen.tw/git/percepio/poc/runs/tcp-workload-matrix-v1/A04-pbuf/build/ip4_addr.o,
by_function,/Users/swchen.tw/git/percepio/poc/runs/tcp-workload-matrix-v1/A04-pbuf/build/tcp_in.o:2147509266:2147512318:tcp_input,3817,21290,42580,46397,3913,1742,7320,846,7469,tcp_input,/Users/swchen.tw/git/percepio/poc/runs/tcp-workload-matrix-v1/A04-pbuf/build/tcp_in.o,
by_function,/Users/swchen.tw/git/percepio/poc/runs/tcp-workload-matrix-v1/A04-pbuf/build/inet_chksum.o:2147499824:2147499828:ip_chksum_pseudo,25,89,178,203,25,0,64,0,0,ip_chksum_pseudo,/Users/swchen.tw/git/percepio/poc/runs/tcp-workload-matrix-v1/A04-pbuf/build/inet_chksum.o,
by_function,/Users/swchen.tw/git/percepio/poc/runs/tcp-workload-matrix-v1/A04-pbuf/build/tcp.o:2147503466:2147503482:tcp_next_iss,6,54,108,114,6,3,16,18,11,tcp_next_iss,/Users/swchen.tw/git/percepio/poc/runs/tcp-workload-matrix-v1/A04-pbuf/build/tcp.o,
by_function,/Users/swchen.tw/git/percepio/poc/runs/tcp-workload-matrix-v1/A04-pbuf/build/tcp_in.o:2147506476:2147506620:tcp_parseopt.part.0,43,271,542,585,43,17,80,54,77,tcp_parseopt.part.0,/Users/swchen.tw/git/percepio/poc/runs/tcp-workload-matrix-v1/A04-pbuf/build/tcp_in.o,
by_function,/Users/swchen.tw/git/percepio/poc/runs/tcp-workload-matrix-v1/A04-pbuf/build/tcp_in.o:2147506204:2147506256:tcp_get_next_optbyte,36,184,368,404,36,20,48,36,44,tcp_get_next_optbyte,/Users/swchen.tw/git/percepio/poc/runs/tcp-workload-matrix-v1/A04-pbuf/build/tcp_in.o,
by_function,/Users/swchen.tw/git/percepio/poc/runs/tcp-workload-matrix-v1/A04-pbuf/build/ip4.o:2147517740:2147517852:ip4_route,204,426,852,1056,204,60,144,18,0,ip4_route,/Users/swchen.tw/git/percepio/poc/runs/tcp-workload-matrix-v1/A04-pbuf/build/ip4.o,
by_function,/Users/swchen.tw/git/percepio/poc/runs/tcp-workload-matrix-v1/A04-pbuf/build/tcp.o:2147503482:2147503522:tcp_eff_send_mss_netif,28,56,112,140,28,2,8,18,0,tcp_eff_send_mss_netif,/Users/swchen.tw/git/percepio/poc/runs/tcp-workload-matrix-v1/A04-pbuf/build/tcp.o,
by_function,/Users/swchen.tw/git/percepio/poc/runs/tcp-workload-matrix-v1/A04-pbuf/build/tcp_out.o:2147514298:2147514458:tcp_enqueue_flags,89,592,1184,1273,91,34,176,126,165,tcp_enqueue_flags,/Users/swchen.tw/git/percepio/poc/runs/tcp-workload-matrix-v1/A04-pbuf/build/tcp_out.o,
by_function,/Users/swchen.tw/git/percepio/poc/runs/tcp-workload-matrix-v1/A04-pbuf/build/tcp_out.o:2147512332:2147512592:tcp_create_segment,780,6330,12660,13440,780,420,2272,108,2750,tcp_create_segment,/Users/swchen.tw/git/percepio/poc/runs/tcp-workload-matrix-v1/A04-pbuf/build/tcp_out.o,
by_function,/Users/swchen.tw/git/percepio/poc/runs/tcp-workload-matrix-v1/A04-pbuf/build/pbuf.o:2147502244:2147502266:pbuf_clen,296,392,784,1080,296,36,24,36,0,pbuf_clen,/Users/swchen.tw/git/percepio/poc/runs/tcp-workload-matrix-v1/A04-pbuf/build/pbuf.o,
by_function,/Users/swchen.tw/git/percepio/poc/runs/tcp-workload-matrix-v1/A04-pbuf/build/tcp_out.o:2147515338:2147516456:tcp_output,3005,17023,34046,37051,3065,1706,5672,288,6292,tcp_output,/Users/swchen.tw/git/percepio/poc/runs/tcp-workload-matrix-v1/A04-pbuf/build/tcp_out.o,
by_function,/Users/swchen.tw/git/percepio/poc/runs/tcp-workload-matrix-v1/A04-pbuf/build/ip4.o:2147518936:2147518956:ip4_output_if,55,66,132,187,55,11,0,0,0,ip4_output_if,/Users/swchen.tw/git/percepio/poc/runs/tcp-workload-matrix-v1/A04-pbuf/build/ip4.o,
by_function,/Users/swchen.tw/git/percepio/poc/runs/tcp-workload-matrix-v1/A04-pbuf/build/ip4.o:2147518552:2147518936:ip4_output_if_src,1177,8610,17220,18397,1199,528,3024,108,3751,ip4_output_if_src,/Users/swchen.tw/git/percepio/poc/runs/tcp-workload-matrix-v1/A04-pbuf/build/ip4.o,
by_function,/Users/swchen.tw/git/percepio/poc/runs/tcp-workload-matrix-v1/A04-pbuf/build/tcp_request_response_irq.o:2147495040:2147495094:output_packet,187,1135,2270,2457,187,88,376,0,484,output_packet,/Users/swchen.tw/git/percepio/poc/runs/tcp-workload-matrix-v1/A04-pbuf/build/tcp_request_response_irq.o,
by_function,/Users/swchen.tw/git/percepio/poc/runs/tcp-workload-matrix-v1/A04-pbuf/build/pbuf.o:2147502266:2147502280:pbuf_ref,55,320,640,695,55,22,104,18,121,pbuf_ref,/Users/swchen.tw/git/percepio/poc/runs/tcp-workload-matrix-v1/A04-pbuf/build/pbuf.o,
by_function,/Users/swchen.tw/git/percepio/poc/runs/tcp-workload-matrix-v1/A04-pbuf/build/pbuf.o:2147501754:2147501856:pbuf_free,1369,6265,12530,13899,1369,514,1864,54,2464,pbuf_free,/Users/swchen.tw/git/percepio/poc/runs/tcp-workload-matrix-v1/A04-pbuf/build/pbuf.o,
by_function,/Users/swchen.tw/git/percepio/poc/runs/tcp-workload-matrix-v1/A04-pbuf/build/mem.o:2147500040:2147500296:mem_free,1314,3855,7710,9024,1364,434,952,126,979,mem_free,/Users/swchen.tw/git/percepio/poc/runs/tcp-workload-matrix-v1/A04-pbuf/build/mem.o,
by_function,/Users/swchen.tw/git/percepio/poc/runs/tcp-workload-matrix-v1/A04-pbuf/build/tcp_request_response_irq.o:2147495252:2147495566:consume,786,3125,6250,7036,797,271,1120,90,847,consume,/Users/swchen.tw/git/percepio/poc/runs/tcp-workload-matrix-v1/A04-pbuf/build/tcp_request_response_irq.o,
by_function,/Users/swchen.tw/git/percepio/poc/runs/tcp-workload-matrix-v1/A04-pbuf/build/tcp_request_response_irq.o:2147494960:2147495040:on_accept,22,157,314,336,22,7,48,36,44,on_accept,/Users/swchen.tw/git/percepio/poc/runs/tcp-workload-matrix-v1/A04-pbuf/build/tcp_request_response_irq.o,
by_function,/Users/swchen.tw/git/percepio/poc/runs/tcp-workload-matrix-v1/A04-pbuf/build/tcp.o:2147503444:2147503452:tcp_sent,3,31,62,65,3,1,16,0,11,tcp_sent,/Users/swchen.tw/git/percepio/poc/runs/tcp-workload-matrix-v1/A04-pbuf/build/tcp.o,
by_function,/Users/swchen.tw/git/percepio/poc/runs/tcp-workload-matrix-v1/A04-pbuf/build/tcp.o:2147503436:2147503444:tcp_recv,3,23,46,49,3,1,8,0,11,tcp_recv,/Users/swchen.tw/git/percepio/poc/runs/tcp-workload-matrix-v1/A04-pbuf/build/tcp.o,
by_function,/Users/swchen.tw/git/percepio/poc/runs/tcp-workload-matrix-v1/A04-pbuf/build/tcp_in.o:2147506852:2147509266:tcp_receive,1641,8921,17842,19483,1670,797,3104,468,2882,tcp_receive,/Users/swchen.tw/git/percepio/poc/runs/tcp-workload-matrix-v1/A04-pbuf/build/tcp_in.o,
by_function,/Users/swchen.tw/git/percepio/poc/runs/tcp-workload-matrix-v1/A04-pbuf/build/tcp_in.o:2147506686:2147506852:tcp_free_acked_segments.isra.0,840,4644,9288,10128,860,450,1520,54,1760,tcp_free_acked_segments.isra.0,/Users/swchen.tw/git/percepio/poc/runs/tcp-workload-matrix-v1/A04-pbuf/build/tcp_in.o,
by_function,/Users/swchen.tw/git/percepio/poc/runs/tcp-workload-matrix-v1/A04-pbuf/build/tcp.o:2147503330:2147503366:tcp_seg_free,130,658,1316,1446,130,50,240,18,220,tcp_seg_free,/Users/swchen.tw/git/percepio/poc/runs/tcp-workload-matrix-v1/A04-pbuf/build/tcp.o,
by_function,/Users/swchen.tw/git/percepio/poc/runs/tcp-workload-matrix-v1/A04-pbuf/build/tcp_in.o:2147506620:2147506686:tcp_input_delayed_close,140,240,480,620,140,30,48,0,22,tcp_input_delayed_close,/Users/swchen.tw/git/percepio/poc/runs/tcp-workload-matrix-v1/A04-pbuf/build/tcp_in.o,
by_function,/Users/swchen.tw/git/percepio/poc/runs/tcp-workload-matrix-v1/A04-pbuf/build/tcp.o:2147503172:2147503240:tcp_update_rcv_ann_wnd,100,286,572,672,100,25,88,18,55,tcp_update_rcv_ann_wnd,/Users/swchen.tw/git/percepio/poc/runs/tcp-workload-matrix-v1/A04-pbuf/build/tcp.o,
by_function,/Users/swchen.tw/git/percepio/poc/runs/tcp-workload-matrix-v1/A04-pbuf/build/tcp_request_response_irq.o:2147495736:2147496106:on_recv,1242,2467,4934,6176,1244,221,408,198,396,on_recv,/Users/swchen.tw/git/percepio/poc/runs/tcp-workload-matrix-v1/A04-pbuf/build/tcp_request_response_irq.o,
by_function,/Users/swchen.tw/git/percepio/poc/runs/tcp-workload-matrix-v1/A04-pbuf/build/tcp.o:2147503240:2147503330:tcp_recved,42,184,368,410,42,12,64,0,66,tcp_recved,/Users/swchen.tw/git/percepio/poc/runs/tcp-workload-matrix-v1/A04-pbuf/build/tcp.o,
by_function,/Users/swchen.tw/git/percepio/poc/runs/tcp-workload-matrix-v1/A04-pbuf/build/tcp_out.o:2147513074:2147513882:tcp_write,1232,6640,13280,14512,1232,456,2376,288,2288,tcp_write,/Users/swchen.tw/git/percepio/poc/runs/tcp-workload-matrix-v1/A04-pbuf/build/tcp_out.o,
by_function,/Users/swchen.tw/git/percepio/poc/runs/tcp-workload-matrix-v1/A04-pbuf/build/pbuf.o:2147501612:2147501672:pbuf_alloc_reference,184,2028,4056,4240,184,120,720,36,968,pbuf_alloc_reference,/Users/swchen.tw/git/percepio/poc/runs/tcp-workload-matrix-v1/A04-pbuf/build/pbuf.o,
by_function,/Users/swchen.tw/git/percepio/poc/runs/tcp-workload-matrix-v1/A04-pbuf/build/pbuf.o:2147502280:2147502310:pbuf_cat,80,432,864,944,80,40,136,0,176,pbuf_cat,/Users/swchen.tw/git/percepio/poc/runs/tcp-workload-matrix-v1/A04-pbuf/build/pbuf.o,
by_function,/Users/swchen.tw/git/percepio/poc/.tools/xpack-riscv-none-elf-gcc-15.2.0-1/bin/../lib/gcc/riscv-none-elf/15.2.0/../../../../riscv-none-elf/lib/libg_nano.a(libc_a-memcmp.o):2147520016:2147520054:memcmp,81792,105250,210500,292292,81792,23360,80,18,0,memcmp,/Users/swchen.tw/git/percepio/poc/.tools/xpack-riscv-none-elf-gcc-15.2.0-1/bin/../lib/gcc/riscv-none-elf/15.2.0/../../../../riscv-none-elf/lib/libg_nano.a(libc_a-memcmp.o),
by_function,/Users/swchen.tw/git/percepio/poc/runs/tcp-workload-matrix-v1/A04-pbuf/build/tcp_request_response_irq.o:2147494898:2147494960:on_sent,144,978,1956,2100,152,72,384,18,352,on_sent,/Users/swchen.tw/git/percepio/poc/runs/tcp-workload-matrix-v1/A04-pbuf/build/tcp_request_response_irq.o,
by_function,/Users/swchen.tw/git/percepio/poc/runs/tcp-workload-matrix-v1/A04-pbuf/build/portASM.o:2147519232:2147519698:unresolved@/Users/swchen.tw/git/percepio/poc/runs/tcp-workload-matrix-v1/A04-pbuf/build/portASM.o:2147519232,293,2826,5652,5945,295,224,976,198,1133,unresolved@/Users/swchen.tw/git/percepio/poc/runs/tcp-workload-matrix-v1/A04-pbuf/build/portASM.o:2147519232,/Users/swchen.tw/git/percepio/poc/runs/tcp-workload-matrix-v1/A04-pbuf/build/portASM.o,
by_function,/Users/swchen.tw/git/percepio/poc/runs/tcp-workload-matrix-v1/A04-pbuf/build/tasks.o:2147485004:2147485444:xTaskIncrementTick,194,1560,3120,3314,195,112,464,360,429,xTaskIncrementTick,/Users/swchen.tw/git/percepio/poc/runs/tcp-workload-matrix-v1/A04-pbuf/build/tasks.o,
by_function,/Users/swchen.tw/git/percepio/poc/runs/tcp-workload-matrix-v1/A04-pbuf/build/trcEvent.o:2147488492:2147488636:xTraceEventCreate1,220,1356,2712,2932,220,112,432,108,484,xTraceEventCreate1,/Users/swchen.tw/git/percepio/poc/runs/tcp-workload-matrix-v1/A04-pbuf/build/trcEvent.o,
by_function,/Users/swchen.tw/git/percepio/poc/runs/tcp-workload-matrix-v1/A04-pbuf/build/clock.o:2147493400:2147493424:poc_mtime,81,133,266,347,81,0,16,36,0,poc_mtime,/Users/swchen.tw/git/percepio/poc/runs/tcp-workload-matrix-v1/A04-pbuf/build/clock.o,
by_function,/Users/swchen.tw/git/percepio/poc/runs/tcp-workload-matrix-v1/A04-pbuf/build/trcStreamPort.o:2147493810:2147493862:xTraceStreamPortWriteData,140,998,1996,2136,140,63,320,90,385,xTraceStreamPortWriteData,/Users/swchen.tw/git/percepio/poc/runs/tcp-workload-matrix-v1/A04-pbuf/build/trcStreamPort.o,
by_function,/Users/swchen.tw/git/percepio/poc/runs/tcp-workload-matrix-v1/A04-pbuf/build/stream_io.o:2147493576:2147493642:poc_write_all,203,1024,2048,2251,203,70,312,54,385,poc_write_all,/Users/swchen.tw/git/percepio/poc/runs/tcp-workload-matrix-v1/A04-pbuf/build/stream_io.o,
by_function,/Users/swchen.tw/git/percepio/poc/runs/tcp-workload-matrix-v1/A04-pbuf/build/semihost.o:2147493552:2147493576:poc_sh_write,77,721,1442,1519,84,35,240,54,308,poc_sh_write,/Users/swchen.tw/git/percepio/poc/runs/tcp-workload-matrix-v1/A04-pbuf/build/semihost.o,
by_function,/Users/swchen.tw/git/percepio/poc/runs/tcp-workload-matrix-v1/A04-pbuf/build/semihost.o:2147493488:2147493502:call,28,80,160,188,28,0,16,36,0,call,/Users/swchen.tw/git/percepio/poc/runs/tcp-workload-matrix-v1/A04-pbuf/build/semihost.o,
by_function,/Users/swchen.tw/git/percepio/poc/runs/tcp-workload-matrix-v1/A04-pbuf/build/trcEvent.o:2147488452:2147488468:poc_irq_restore,28,28,56,84,28,0,0,0,0,poc_irq_restore,/Users/swchen.tw/git/percepio/poc/runs/tcp-workload-matrix-v1/A04-pbuf/build/trcEvent.o,
by_function,/Users/swchen.tw/git/percepio/poc/runs/tcp-workload-matrix-v1/A04-pbuf/build/tcp.o:2147505138:2147505282:tcp_fasttmr,64,446,892,956,64,34,144,72,132,tcp_fasttmr,/Users/swchen.tw/git/percepio/poc/runs/tcp-workload-matrix-v1/A04-pbuf/build/tcp.o,
by_function,/Users/swchen.tw/git/percepio/poc/runs/tcp-workload-matrix-v1/A04-pbuf/build/tcp.o:2147505282:2147506204:tcp_slowtmr,204,1390,2780,2984,206,102,448,216,418,tcp_slowtmr,/Users/swchen.tw/git/percepio/poc/runs/tcp-workload-matrix-v1/A04-pbuf/build/tcp.o,
by_function,/Users/swchen.tw/git/percepio/poc/runs/tcp-workload-matrix-v1/A04-pbuf/build/tasks.o:2147485872:2147486056:vTaskSwitchContext,110,635,1270,1380,110,58,176,126,165,vTaskSwitchContext,/Users/swchen.tw/git/percepio/poc/runs/tcp-workload-matrix-v1/A04-pbuf/build/tasks.o,
by_function,/Users/swchen.tw/git/percepio/poc/.tools/xpack-riscv-none-elf-gcc-15.2.0-1/bin/../lib/gcc/riscv-none-elf/15.2.0/libgcc.a(_clzsi2.o):2147519698:2147519808:__clzsi2,28,82,164,192,28,2,16,36,0,__clzsi2,/Users/swchen.tw/git/percepio/poc/.tools/xpack-riscv-none-elf-gcc-15.2.0-1/bin/../lib/gcc/riscv-none-elf/15.2.0/libgcc.a(_clzsi2.o),
by_function,/Users/swchen.tw/git/percepio/poc/runs/tcp-workload-matrix-v1/A04-pbuf/build/trcTask.o:2147493112:2147493208:xTraceTaskSwitch,66,400,800,866,66,28,120,54,132,xTraceTaskSwitch,/Users/swchen.tw/git/percepio/poc/runs/tcp-workload-matrix-v1/A04-pbuf/build/trcTask.o,
by_function,/Users/swchen.tw/git/percepio/poc/runs/tcp-workload-matrix-v1/A04-pbuf/build/trcEvent.o:2147488636:2147488790:xTraceEventCreate2,118,752,1504,1622,118,62,232,54,286,xTraceEventCreate2,/Users/swchen.tw/git/percepio/poc/runs/tcp-workload-matrix-v1/A04-pbuf/build/trcEvent.o,
by_function,/Users/swchen.tw/git/percepio/poc/runs/tcp-workload-matrix-v1/A04-pbuf/build/tasks.o:2147485792:2147485872:vTaskDelay,4,6,12,16,4,2,0,0,0,vTaskDelay,/Users/swchen.tw/git/percepio/poc/runs/tcp-workload-matrix-v1/A04-pbuf/build/tasks.o,
by_function,/Users/swchen.tw/git/percepio/poc/runs/tcp-workload-matrix-v1/A04-pbuf/build/tcp_request_response_irq.o:2147495678:2147495736:timing_observer,14,84,168,182,14,5,32,0,33,timing_observer,/Users/swchen.tw/git/percepio/poc/runs/tcp-workload-matrix-v1/A04-pbuf/build/tcp_request_response_irq.o,
by_function,/Users/swchen.tw/git/percepio/poc/runs/tcp-workload-matrix-v1/A04-pbuf/build/tasks.o:2147484998:2147485004:xTaskGetTickCount,2,3,6,8,2,1,0,0,0,xTaskGetTickCount,/Users/swchen.tw/git/percepio/poc/runs/tcp-workload-matrix-v1/A04-pbuf/build/tasks.o,
by_function,/Users/swchen.tw/git/percepio/poc/runs/tcp-workload-matrix-v1/A04-pbuf/build/main.o:2147493908:2147493984:poc_mark,23,139,278,301,23,7,40,36,33,poc_mark,/Users/swchen.tw/git/percepio/poc/runs/tcp-workload-matrix-v1/A04-pbuf/build/main.o,
by_function,/Users/swchen.tw/git/percepio/poc/runs/tcp-workload-matrix-v1/A04-pbuf/build/oracle.o:2147494034:2147494130:poc_oracle_record,31,288,576,607,31,16,88,54,99,poc_oracle_record,/Users/swchen.tw/git/percepio/poc/runs/tcp-workload-matrix-v1/A04-pbuf/build/oracle.o,
by_function,/Users/swchen.tw/git/percepio/poc/.tools/xpack-riscv-none-elf-gcc-15.2.0-1/bin/../lib/gcc/riscv-none-elf/15.2.0/../../../../riscv-none-elf/lib/libg_nano.a(libc_a-snprintf.o):2147519808:2147519912:sniprintf,38,451,902,940,38,21,144,72,176,sniprintf,/Users/swchen.tw/git/percepio/poc/.tools/xpack-riscv-none-elf-gcc-15.2.0-1/bin/../lib/gcc/riscv-none-elf/15.2.0/../../../../riscv-none-elf/lib/libg_nano.a(libc_a-snprintf.o),
by_function,/Users/swchen.tw/git/percepio/poc/.tools/xpack-riscv-none-elf-gcc-15.2.0-1/bin/../lib/gcc/riscv-none-elf/15.2.0/../../../../riscv-none-elf/lib/libg_nano.a(libc_a-nano-svfprintf.o):2147520418:2147521038:_svfiprintf_r,360,1715,3430,3790,366,109,464,270,506,_svfiprintf_r,/Users/swchen.tw/git/percepio/poc/.tools/xpack-riscv-none-elf-gcc-15.2.0-1/bin/../lib/gcc/riscv-none-elf/15.2.0/../../../../riscv-none-elf/lib/libg_nano.a(libc_a-nano-svfprintf.o),
by_function,/Users/swchen.tw/git/percepio/poc/.tools/xpack-riscv-none-elf-gcc-15.2.0-1/bin/../lib/gcc/riscv-none-elf/15.2.0/../../../../riscv-none-elf/lib/libg_nano.a(libc_a-nano-svfprintf.o):2147520178:2147520418:__ssputs_r,370,2542,5084,5454,370,220,816,36,1100,__ssputs_r,/Users/swchen.tw/git/percepio/poc/.tools/xpack-riscv-none-elf-gcc-15.2.0-1/bin/../lib/gcc/riscv-none-elf/15.2.0/../../../../riscv-none-elf/lib/libg_nano.a(libc_a-nano-svfprintf.o),
by_function,/Users/swchen.tw/git/percepio/poc/.tools/xpack-riscv-none-elf-gcc-15.2.0-1/bin/../lib/gcc/riscv-none-elf/15.2.0/../../../../riscv-none-elf/lib/libg_nano.a(libc_a-memmove.o):2147520060:2147520098:memmove,333,1265,2530,2863,333,88,360,0,484,memmove,/Users/swchen.tw/git/percepio/poc/.tools/xpack-riscv-none-elf-gcc-15.2.0-1/bin/../lib/gcc/riscv-none-elf/15.2.0/../../../../riscv-none-elf/lib/libg_nano.a(libc_a-memmove.o),
by_function,/Users/swchen.tw/git/percepio/poc/.tools/xpack-riscv-none-elf-gcc-15.2.0-1/bin/../lib/gcc/riscv-none-elf/15.2.0/../../../../riscv-none-elf/lib/libg_nano.a(libc_a-memchr.o):2147522410:2147522436:memchr,447,631,1262,1709,447,80,32,72,0,memchr,/Users/swchen.tw/git/percepio/poc/.tools/xpack-riscv-none-elf-gcc-15.2.0-1/bin/../lib/gcc/riscv-none-elf/15.2.0/../../../../riscv-none-elf/lib/libg_nano.a(libc_a-memchr.o),
by_function,/Users/swchen.tw/git/percepio/poc/.tools/xpack-riscv-none-elf-gcc-15.2.0-1/bin/../lib/gcc/riscv-none-elf/15.2.0/../../../../riscv-none-elf/lib/libg_nano.a(libc_a-nano-vfprintf_i.o):2147521674:2147522290:_printf_i,212,1081,2162,2374,213,78,312,126,352,_printf_i,/Users/swchen.tw/git/percepio/poc/.tools/xpack-riscv-none-elf-gcc-15.2.0-1/bin/../lib/gcc/riscv-none-elf/15.2.0/../../../../riscv-none-elf/lib/libg_nano.a(libc_a-nano-vfprintf_i.o),
by_function,/Users/swchen.tw/git/percepio/poc/.tools/xpack-riscv-none-elf-gcc-15.2.0-1/bin/../lib/gcc/riscv-none-elf/15.2.0/../../../../riscv-none-elf/lib/libg_nano.a(libc_a-nano-vfprintf_i.o):2147521400:2147521674:_printf_common,207,1036,2072,2279,207,93,280,126,330,_printf_common,/Users/swchen.tw/git/percepio/poc/.tools/xpack-riscv-none-elf-gcc-15.2.0-1/bin/../lib/gcc/riscv-none-elf/15.2.0/../../../../riscv-none-elf/lib/libg_nano.a(libc_a-nano-vfprintf_i.o),
by_function,/Users/swchen.tw/git/percepio/poc/runs/tcp-workload-matrix-v1/A04-pbuf/build/trcPrint.o:2147491812:2147491858:xTracePrintF,18,232,464,482,18,10,80,36,88,xTracePrintF,/Users/swchen.tw/git/percepio/poc/runs/tcp-workload-matrix-v1/A04-pbuf/build/trcPrint.o,
by_function,/Users/swchen.tw/git/percepio/poc/runs/tcp-workload-matrix-v1/A04-pbuf/build/trcPrint.o:2147491720:2147491812:xTraceVPrintF,406,478,956,1362,406,46,8,18,0,xTraceVPrintF,/Users/swchen.tw/git/percepio/poc/runs/tcp-workload-matrix-v1/A04-pbuf/build/trcPrint.o,
by_function,/Users/swchen.tw/git/percepio/poc/runs/tcp-workload-matrix-v1/A04-pbuf/build/trcPrint.o:2147491266:2147491630:prvTraceVPrintF,32,225,450,482,32,12,72,54,55,prvTraceVPrintF,/Users/swchen.tw/git/percepio/poc/runs/tcp-workload-matrix-v1/A04-pbuf/build/trcPrint.o,
by_function,/Users/swchen.tw/git/percepio/poc/runs/tcp-workload-matrix-v1/A04-pbuf/build/trcEvent.o:2147489598:2147489806:xTraceEventCreateData2,74,525,1050,1124,75,35,160,90,165,xTraceEventCreateData2,/Users/swchen.tw/git/percepio/poc/runs/tcp-workload-matrix-v1/A04-pbuf/build/trcEvent.o,
by_function,/Users/swchen.tw/git/percepio/poc/runs/tcp-workload-matrix-v1/A04-pbuf/build/tasks.o:2147486056:2147486324:vTaskSuspend,70,414,828,898,70,24,120,90,110,vTaskSuspend,/Users/swchen.tw/git/percepio/poc/runs/tcp-workload-matrix-v1/A04-pbuf/build/tasks.o,
by_function,/Users/swchen.tw/git/percepio/poc/runs/tcp-workload-matrix-v1/A04-pbuf/build/list.o:2147486418:2147486452:uxListRemove,15,148,296,311,15,12,48,18,55,uxListRemove,/Users/swchen.tw/git/percepio/poc/runs/tcp-workload-matrix-v1/A04-pbuf/build/list.o,
by_function,/Users/swchen.tw/git/percepio/poc/runs/tcp-workload-matrix-v1/A04-pbuf/build/list.o:2147486350:2147486372:vListInsertEnd,11,160,320,331,11,9,56,18,66,vListInsertEnd,/Users/swchen.tw/git/percepio/poc/runs/tcp-workload-matrix-v1/A04-pbuf/build/list.o,
by_function,/Users/swchen.tw/git/percepio/poc/runs/tcp-workload-matrix-v1/A04-pbuf/build/tasks.o:2147484174:2147484200:prvResetNextTaskUnblockTime,7,55,110,117,7,3,16,18,11,prvResetNextTaskUnblockTime,/Users/swchen.tw/git/percepio/poc/runs/tcp-workload-matrix-v1/A04-pbuf/build/tasks.o,
by_function,/Users/swchen.tw/git/percepio/poc/runs/tcp-workload-matrix-v1/A04-pbuf/build/tcp_out.o:2147515260:2147515338:tcp_send_empty_ack,24,141,282,306,25,7,40,36,33,tcp_send_empty_ack,/Users/swchen.tw/git/percepio/poc/runs/tcp-workload-matrix-v1/A04-pbuf/build/tcp_out.o,
by_function,/Users/swchen.tw/git/percepio/poc/runs/tcp-workload-matrix-v1/A04-pbuf/build/tcp_out.o:2147512940:2147512988:tcp_output_alloc_header.constprop.0,19,139,278,297,19,11,40,36,33,tcp_output_alloc_header.constprop.0,/Users/swchen.tw/git/percepio/poc/runs/tcp-workload-matrix-v1/A04-pbuf/build/tcp_out.o,
by_function,/Users/swchen.tw/git/percepio/poc/runs/tcp-workload-matrix-v1/A04-pbuf/build/tcp_out.o:2147512722:2147512940:tcp_output_alloc_header_common.constprop.0,76,746,1492,1568,78,39,256,54,319,tcp_output_alloc_header_common.constprop.0,/Users/swchen.tw/git/percepio/poc/runs/tcp-workload-matrix-v1/A04-pbuf/build/tcp_out.o,
by_function,/Users/swchen.tw/git/percepio/poc/runs/tcp-workload-matrix-v1/A04-pbuf/build/tcp_out.o:2147512988:2147513074:tcp_output_control_segment,23,137,274,297,23,11,48,0,55,tcp_output_control_segment,/Users/swchen.tw/git/percepio/poc/runs/tcp-workload-matrix-v1/A04-pbuf/build/tcp_out.o,
by_function,/Users/swchen.tw/git/percepio/poc/runs/tcp-workload-matrix-v1/A04-pbuf/build/tcp_out.o:2147512592:2147512722:tcp_output_control_segment_netif,48,294,588,636,48,22,96,18,110,tcp_output_control_segment_netif,/Users/swchen.tw/git/percepio/poc/runs/tcp-workload-matrix-v1/A04-pbuf/build/tcp_out.o,
by_function,/Users/swchen.tw/git/percepio/poc/runs/tcp-workload-matrix-v1/A04-pbuf/build/tcp.o:2147504920:2147504952:tcp_close,15,72,144,159,15,4,24,18,11,tcp_close,/Users/swchen.tw/git/percepio/poc/runs/tcp-workload-matrix-v1/A04-pbuf/build/tcp.o,
by_function,/Users/swchen.tw/git/percepio/poc/runs/tcp-workload-matrix-v1/A04-pbuf/build/tcp.o:2147504626:2147504920:tcp_close_shutdown,68,352,704,772,70,22,104,90,66,tcp_close_shutdown,/Users/swchen.tw/git/percepio/poc/runs/tcp-workload-matrix-v1/A04-pbuf/build/tcp.o,
by_function,/Users/swchen.tw/git/percepio/poc/runs/tcp-workload-matrix-v1/A04-pbuf/build/tcp.o:2147502744:2147502826:tcp_close_shutdown_fin,20,135,270,290,20,6,40,36,33,tcp_close_shutdown_fin,/Users/swchen.tw/git/percepio/poc/runs/tcp-workload-matrix-v1/A04-pbuf/build/tcp.o,
by_function,/Users/swchen.tw/git/percepio/poc/runs/tcp-workload-matrix-v1/A04-pbuf/build/tcp_out.o:2147514458:2147514588:tcp_send_fin,16,153,306,322,16,9,48,36,44,tcp_send_fin,/Users/swchen.tw/git/percepio/poc/runs/tcp-workload-matrix-v1/A04-pbuf/build/tcp_out.o,
by_function,/Users/swchen.tw/git/percepio/poc/runs/tcp-workload-matrix-v1/A04-pbuf/build/tcp.o:2147503636:2147503732:tcp_pcb_remove,45,348,696,741,45,23,112,36,132,tcp_pcb_remove,/Users/swchen.tw/git/percepio/poc/runs/tcp-workload-matrix-v1/A04-pbuf/build/tcp.o,
by_function,/Users/swchen.tw/git/percepio/poc/runs/tcp-workload-matrix-v1/A04-pbuf/build/tcp.o:2147503554:2147503636:tcp_pcb_purge,33,168,336,369,34,13,48,18,55,tcp_pcb_purge,/Users/swchen.tw/git/percepio/poc/runs/tcp-workload-matrix-v1/A04-pbuf/build/tcp.o,
by_function,/Users/swchen.tw/git/percepio/poc/runs/tcp-workload-matrix-v1/A04-pbuf/build/tcp.o:2147503366:2147503394:tcp_segs_free,4,30,60,64,4,0,8,18,0,tcp_segs_free,/Users/swchen.tw/git/percepio/poc/runs/tcp-workload-matrix-v1/A04-pbuf/build/tcp.o,
by_function,/Users/swchen.tw/git/percepio/poc/runs/tcp-workload-matrix-v1/A04-pbuf/build/tcp_request_response_irq.o:2147494842:2147494898:resources,20,238,476,496,21,17,80,54,66,resources,/Users/swchen.tw/git/percepio/poc/runs/tcp-workload-matrix-v1/A04-pbuf/build/tcp_request_response_irq.o,
by_pc,2147496106,1,27,54,55,1,0,8,18,0,tcp_capture_begin,/Users/swchen.tw/git/percepio/poc/runs/tcp-workload-matrix-v1/A04-pbuf/build/tcp_request_response_irq.o,
by_pc,2147496108,1,1,2,3,1,0,0,0,0,tcp_capture_begin,/Users/swchen.tw/git/percepio/poc/runs/tcp-workload-matrix-v1/A04-pbuf/build/tcp_request_response_irq.o,
by_pc,2147497082,1,54,108,109,1,1,16,36,0,session_task,/Users/swchen.tw/git/percepio/poc/runs/tcp-workload-matrix-v1/A04-pbuf/build/tcp_request_response_irq.o,
by_pc,2147497086,1,28,56,57,2,0,8,18,0,session_task,/Users/swchen.tw/git/percepio/poc/runs/tcp-workload-matrix-v1/A04-pbuf/build/tcp_request_response_irq.o,
by_pc,2147497090,1,1,2,3,1,0,0,0,0,session_task,/Users/swchen.tw/git/percepio/poc/runs/tcp-workload-matrix-v1/A04-pbuf/build/tcp_request_response_irq.o,
by_pc,2147497092,1,21,42,43,1,1,8,0,11,session_task,/Users/swchen.tw/git/percepio/poc/runs/tcp-workload-matrix-v1/A04-pbuf/build/tcp_request_response_irq.o,
by_pc,2147497096,1,1,2,3,1,0,0,0,0,session_task,/Users/swchen.tw/git/percepio/poc/runs/tcp-workload-matrix-v1/A04-pbuf/build/tcp_request_response_irq.o,
by_pc,2147497100,1,1,2,3,1,0,0,0,0,session_task,/Users/swchen.tw/git/percepio/poc/runs/tcp-workload-matrix-v1/A04-pbuf/build/tcp_request_response_irq.o,
by_pc,2147497104,1,1,2,3,1,0,0,0,0,session_task,/Users/swchen.tw/git/percepio/poc/runs/tcp-workload-matrix-v1/A04-pbuf/build/tcp_request_response_irq.o,
by_pc,2147496114,27,27,54,81,27,0,0,0,0,z0_stack_begin,/Users/swchen.tw/git/percepio/poc/runs/tcp-workload-matrix-v1/A04-pbuf/build/tcp_request_response_irq.o,
by_pc,2147496116,27,27,54,81,27,0,0,0,0,z0_stack_begin,/Users/swchen.tw/git/percepio/poc/runs/tcp-workload-matrix-v1/A04-pbuf/build/tcp_request_response_irq.o,
by_pc,2147497108,1,1,2,3,1,0,0,0,0,session_task,/Users/swchen.tw/git/percepio/poc/runs/tcp-workload-matrix-v1/A04-pbuf/build/tcp_request_response_irq.o,
by_pc,2147497112,1,1,2,3,1,0,0,0,0,session_task,/Users/swchen.tw/git/percepio/poc/runs/tcp-workload-matrix-v1/A04-pbuf/build/tcp_request_response_irq.o,
by_pc,2147504618,1,27,54,55,1,0,8,18,0,tcp_new,/Users/swchen.tw/git/percepio/poc/runs/tcp-workload-matrix-v1/A04-pbuf/build/tcp.o,
by_pc,2147504622,1,1,2,3,1,0,0,0,0,tcp_new,/Users/swchen.tw/git/percepio/poc/runs/tcp-workload-matrix-v1/A04-pbuf/build/tcp.o,
by_pc,2147504182,2,28,56,58,2,0,8,18,0,tcp_alloc,/Users/swchen.tw/git/percepio/poc/runs/tcp-workload-matrix-v1/A04-pbuf/build/tcp.o,
by_pc,2147504184,2,60,120,122,2,2,16,18,22,tcp_alloc,/Users/swchen.tw/git/percepio/poc/runs/tcp-workload-matrix-v1/A04-pbuf/build/tcp.o,
by_pc,2147504186,2,2,4,6,2,0,0,0,0,tcp_alloc,/Users/swchen.tw/git/percepio/poc/runs/tcp-workload-matrix-v1/A04-pbuf/build/tcp.o,
by_pc,2147504188,2,2,4,6,2,0,0,0,0,tcp_alloc,/Users/swchen.tw/git/percepio/poc/runs/tcp-workload-matrix-v1/A04-pbuf/build/tcp.o,
by_pc,2147504190,2,42,84,86,2,2,16,0,22,tcp_alloc,/Users/swchen.tw/git/percepio/poc/runs/tcp-workload-matrix-v1/A04-pbuf/build/tcp.o,
by_pc,2147504192,2,68,136,138,2,2,24,18,22,tcp_alloc,/Users/swchen.tw/git/percepio/poc/runs/tcp-workload-matrix-v1/A04-pbuf/build/tcp.o,
by_pc,2147504194,2,42,84,86,2,2,16,0,22,tcp_alloc,/Users/swchen.tw/git/percepio/poc/runs/tcp-workload-matrix-v1/A04-pbuf/build/tcp.o,
by_pc,2147504196,2,2,4,6,2,0,0,0,0,tcp_alloc,/Users/swchen.tw/git/percepio/poc/runs/tcp-workload-matrix-v1/A04-pbuf/build/tcp.o,
by_pc,2147501062,21,119,238,259,21,0,80,18,0,memp_malloc,/Users/swchen.tw/git/percepio/poc/runs/tcp-workload-matrix-v1/A04-pbuf/build/memp.o,
by_pc,2147501064,21,21,42,63,21,0,0,0,0,memp_malloc,/Users/swchen.tw/git/percepio/poc/runs/tcp-workload-matrix-v1/A04-pbuf/build/memp.o,
by_pc,2147501068,21,21,42,63,21,0,0,0,0,memp_malloc,/Users/swchen.tw/git/percepio/poc/runs/tcp-workload-matrix-v1/A04-pbuf/build/memp.o,
by_pc,2147501070,21,21,42,63,21,0,0,0,0,memp_malloc,/Users/swchen.tw/git/percepio/poc/runs/tcp-workload-matrix-v1/A04-pbuf/build/memp.o,
by_pc,2147501074,21,21,42,63,21,0,0,0,0,memp_malloc,/Users/swchen.tw/git/percepio/poc/runs/tcp-workload-matrix-v1/A04-pbuf/build/memp.o,
by_pc,2147501078,21,21,42,63,21,0,0,0,0,memp_malloc,/Users/swchen.tw/git/percepio/poc/runs/tcp-workload-matrix-v1/A04-pbuf/build/memp.o,
by_pc,2147501080,21,94,188,209,21,21,16,36,0,memp_malloc,/Users/swchen.tw/git/percepio/poc/runs/tcp-workload-matrix-v1/A04-pbuf/build/memp.o,
by_pc,2147501082,21,21,42,63,21,0,0,0,0,memp_malloc,/Users/swchen.tw/git/percepio/poc/runs/tcp-workload-matrix-v1/A04-pbuf/build/memp.o,
by_pc,2147500886,21,128,256,277,21,21,32,54,0,do_memp_malloc_pool,/Users/swchen.tw/git/percepio/poc/runs/tcp-workload-matrix-v1/A04-pbuf/build/memp.o,
by_pc,2147500888,21,21,42,63,21,0,0,0,0,do_memp_malloc_pool,/Users/swchen.tw/git/percepio/poc/runs/tcp-workload-matrix-v1/A04-pbuf/build/memp.o,
by_pc,2147500890,21,94,188,209,21,21,16,36,0,do_memp_malloc_pool,/Users/swchen.tw/git/percepio/poc/runs/tcp-workload-matrix-v1/A04-pbuf/build/memp.o,
by_pc,2147500892,21,21,42,63,21,0,0,0,0,do_memp_malloc_pool,/Users/swchen.tw/git/percepio/poc/runs/tcp-workload-matrix-v1/A04-pbuf/build/memp.o,
by_pc,2147500894,21,146,292,313,21,21,32,72,0,do_memp_malloc_pool,/Users/swchen.tw/git/percepio/poc/runs/tcp-workload-matrix-v1/A04-pbuf/build/memp.o,
by_pc,2147500896,21,441,882,903,21,21,168,0,231,do_memp_malloc_pool,/Users/swchen.tw/git/percepio/poc/runs/tcp-workload-matrix-v1/A04-pbuf/build/memp.o,
by_pc,2147500898,21,68,136,157,21,21,8,18,0,do_memp_malloc_pool,/Users/swchen.tw/git/percepio/poc/runs/tcp-workload-matrix-v1/A04-pbuf/build/memp.o,
by_pc,2147500900,21,146,292,313,21,21,32,72,0,do_memp_malloc_pool,/Users/swchen.tw/git/percepio/poc/runs/tcp-workload-matrix-v1/A04-pbuf/build/memp.o,
by_pc,2147500904,21,21,42,63,21,0,0,0,0,do_memp_malloc_pool,/Users/swchen.tw/git/percepio/poc/runs/tcp-workload-matrix-v1/A04-pbuf/build/memp.o,
by_pc,2147500906,21,441,882,903,21,21,168,0,231,do_memp_malloc_pool,/Users/swchen.tw/git/percepio/poc/runs/tcp-workload-matrix-v1/A04-pbuf/build/memp.o,
by_pc,2147500910,21,42,84,105,21,21,0,0,0,do_memp_malloc_pool,/Users/swchen.tw/git/percepio/poc/runs/tcp-workload-matrix-v1/A04-pbuf/build/memp.o,
by_pc,2147500912,21,42,84,105,21,21,0,0,0,do_memp_malloc_pool,/Users/swchen.tw/git/percepio/poc/runs/tcp-workload-matrix-v1/A04-pbuf/build/memp.o,
by_pc,2147500916,21,42,84,105,21,21,0,0,0,do_memp_malloc_pool,/Users/swchen.tw/git/percepio/poc/runs/tcp-workload-matrix-v1/A04-pbuf/build/memp.o,
by_pc,2147500920,21,21,42,63,21,0,0,0,0,do_memp_malloc_pool,/Users/swchen.tw/git/percepio/poc/runs/tcp-workload-matrix-v1/A04-pbuf/build/memp.o,
by_pc,2147500924,4,84,168,172,4,4,32,0,44,do_memp_malloc_pool,/Users/swchen.tw/git/percepio/poc/runs/tcp-workload-matrix-v1/A04-pbuf/build/memp.o,
by_pc,2147500928,4,38,76,80,4,0,16,18,0,do_memp_malloc_pool,/Users/swchen.tw/git/percepio/poc/runs/tcp-workload-matrix-v1/A04-pbuf/build/memp.o,
by_pc,2147504200,2,2,4,6,2,0,0,0,0,tcp_alloc,/Users/swchen.tw/git/percepio/poc/runs/tcp-workload-matrix-v1/A04-pbuf/build/tcp.o,
by_pc,2147504202,2,2,4,6,2,0,0,0,0,tcp_alloc,/Users/swchen.tw/git/percepio/poc/runs/tcp-workload-matrix-v1/A04-pbuf/build/tcp.o,
by_pc,2147504378,2,28,56,58,2,0,8,18,0,tcp_alloc,/Users/swchen.tw/git/percepio/poc/runs/tcp-workload-matrix-v1/A04-pbuf/build/tcp.o,
by_pc,2147504380,2,2,4,6,2,0,0,0,0,tcp_alloc,/Users/swchen.tw/git/percepio/poc/runs/tcp-workload-matrix-v1/A04-pbuf/build/tcp.o,
by_pc,2147504384,2,28,56,58,2,0,8,18,0,tcp_alloc,/Users/swchen.tw/git/percepio/poc/runs/tcp-workload-matrix-v1/A04-pbuf/build/tcp.o,
by_pc,2147504386,2,2,4,6,2,0,0,0,0,tcp_alloc,/Users/swchen.tw/git/percepio/poc/runs/tcp-workload-matrix-v1/A04-pbuf/build/tcp.o,
by_pc,2147520098,16,74,148,164,16,0,40,18,0,memset,/Users/swchen.tw/git/percepio/poc/.tools/xpack-riscv-none-elf-gcc-15.2.0-1/bin/../lib/gcc/riscv-none-elf/15.2.0/../../../../riscv-none-elf/lib/libg_nano.a(libc_a-memset.o),
by_pc,2147520100,16,16,32,48,16,0,0,0,0,memset,/Users/swchen.tw/git/percepio/poc/.tools/xpack-riscv-none-elf-gcc-15.2.0-1/bin/../lib/gcc/riscv-none-elf/15.2.0/../../../../riscv-none-elf/lib/libg_nano.a(libc_a-memset.o),
by_pc,2147520102,1014,21348,42696,43710,1014,1014,8112,54,11154,memset,/Users/swchen.tw/git/percepio/poc/.tools/xpack-riscv-none-elf-gcc-15.2.0-1/bin/../lib/gcc/riscv-none-elf/15.2.0/../../../../riscv-none-elf/lib/libg_nano.a(libc_a-memset.o),
by_pc,2147520106,1014,1014,2028,3042,1014,0,0,0,0,memset,/Users/swchen.tw/git/percepio/poc/.tools/xpack-riscv-none-elf-gcc-15.2.0-1/bin/../lib/gcc/riscv-none-elf/15.2.0/../../../../riscv-none-elf/lib/libg_nano.a(libc_a-memset.o),
by_pc,2147520108,1014,1014,2028,3042,1014,0,0,0,0,memset,/Users/swchen.tw/git/percepio/poc/.tools/xpack-riscv-none-elf-gcc-15.2.0-1/bin/../lib/gcc/riscv-none-elf/15.2.0/../../../../riscv-none-elf/lib/libg_nano.a(libc_a-memset.o),
by_pc,2147520110,1014,1014,2028,3042,1014,0,0,0,0,memset,/Users/swchen.tw/git/percepio/poc/.tools/xpack-riscv-none-elf-gcc-15.2.0-1/bin/../lib/gcc/riscv-none-elf/15.2.0/../../../../riscv-none-elf/lib/libg_nano.a(libc_a-memset.o),
by_pc,2147520112,16,16,32,48,16,0,0,0,0,memset,/Users/swchen.tw/git/percepio/poc/.tools/xpack-riscv-none-elf-gcc-15.2.0-1/bin/../lib/gcc/riscv-none-elf/15.2.0/../../../../riscv-none-elf/lib/libg_nano.a(libc_a-memset.o),
by_pc,2147504390,2,2,4,6,2,0,0,0,0,tcp_alloc,/Users/swchen.tw/git/percepio/poc/runs/tcp-workload-matrix-v1/A04-pbuf/build/tcp.o,
by_pc,2147504392,2,2,4,6,2,0,0,0,0,tcp_alloc,/Users/swchen.tw/git/percepio/poc/runs/tcp-workload-matrix-v1/A04-pbuf/build/tcp.o,
by_pc,2147504396,2,42,84,86,2,2,16,0,22,tcp_alloc,/Users/swchen.tw/git/percepio/poc/runs/tcp-workload-matrix-v1/A04-pbuf/build/tcp.o,
by_pc,2147504400,2,2,4,6,2,0,0,0,0,tcp_alloc,/Users/swchen.tw/git/percepio/poc/runs/tcp-workload-matrix-v1/A04-pbuf/build/tcp.o,
by_pc,2147504404,2,2,4,6,2,0,0,0,0,tcp_alloc,/Users/swchen.tw/git/percepio/poc/runs/tcp-workload-matrix-v1/A04-pbuf/build/tcp.o,
by_pc,2147504408,2,42,84,86,2,2,16,0,22,tcp_alloc,/Users/swchen.tw/git/percepio/poc/runs/tcp-workload-matrix-v1/A04-pbuf/build/tcp.o,
by_pc,2147504410,2,2,4,6,2,0,0,0,0,tcp_alloc,/Users/swchen.tw/git/percepio/poc/runs/tcp-workload-matrix-v1/A04-pbuf/build/tcp.o,
by_pc,2147504412,2,42,84,86,2,2,16,0,22,tcp_alloc,/Users/swchen.tw/git/percepio/poc/runs/tcp-workload-matrix-v1/A04-pbuf/build/tcp.o,
by_pc,2147504416,2,2,4,6,2,0,0,0,0,tcp_alloc,/Users/swchen.tw/git/percepio/poc/runs/tcp-workload-matrix-v1/A04-pbuf/build/tcp.o,
by_pc,2147504418,2,42,84,86,2,2,16,0,22,tcp_alloc,/Users/swchen.tw/git/percepio/poc/runs/tcp-workload-matrix-v1/A04-pbuf/build/tcp.o,
by_pc,2147504422,2,42,84,86,2,2,16,0,22,tcp_alloc,/Users/swchen.tw/git/percepio/poc/runs/tcp-workload-matrix-v1/A04-pbuf/build/tcp.o,
by_pc,2147504426,2,2,4,6,2,0,0,0,0,tcp_alloc,/Users/swchen.tw/git/percepio/poc/runs/tcp-workload-matrix-v1/A04-pbuf/build/tcp.o,
by_pc,2147504430,2,2,4,6,2,0,0,0,0,tcp_alloc,/Users/swchen.tw/git/percepio/poc/runs/tcp-workload-matrix-v1/A04-pbuf/build/tcp.o,
by_pc,2147504432,2,42,84,86,2,2,16,0,22,tcp_alloc,/Users/swchen.tw/git/percepio/poc/runs/tcp-workload-matrix-v1/A04-pbuf/build/tcp.o,
by_pc,2147504434,2,4,8,10,2,2,0,0,0,tcp_alloc,/Users/swchen.tw/git/percepio/poc/runs/tcp-workload-matrix-v1/A04-pbuf/build/tcp.o,
by_pc,2147504438,2,2,4,6,2,0,0,0,0,tcp_alloc,/Users/swchen.tw/git/percepio/poc/runs/tcp-workload-matrix-v1/A04-pbuf/build/tcp.o,
by_pc,2147504440,2,42,84,86,2,2,16,0,22,tcp_alloc,/Users/swchen.tw/git/percepio/poc/runs/tcp-workload-matrix-v1/A04-pbuf/build/tcp.o,
by_pc,2147504444,2,42,84,86,2,2,16,0,22,tcp_alloc,/Users/swchen.tw/git/percepio/poc/runs/tcp-workload-matrix-v1/A04-pbuf/build/tcp.o,
by_pc,2147504446,2,32,64,66,4,2,8,18,0,tcp_alloc,/Users/swchen.tw/git/percepio/poc/runs/tcp-workload-matrix-v1/A04-pbuf/build/tcp.o,
by_pc,2147504450,2,42,84,86,2,2,16,0,22,tcp_alloc,/Users/swchen.tw/git/percepio/poc/runs/tcp-workload-matrix-v1/A04-pbuf/build/tcp.o,
by_pc,2147504454,2,2,4,6,2,0,0,0,0,tcp_alloc,/Users/swchen.tw/git/percepio/poc/runs/tcp-workload-matrix-v1/A04-pbuf/build/tcp.o,
by_pc,2147504458,2,2,4,6,2,0,0,0,0,tcp_alloc,/Users/swchen.tw/git/percepio/poc/runs/tcp-workload-matrix-v1/A04-pbuf/build/tcp.o,
by_pc,2147504460,2,42,84,86,2,2,16,0,22,tcp_alloc,/Users/swchen.tw/git/percepio/poc/runs/tcp-workload-matrix-v1/A04-pbuf/build/tcp.o,
by_pc,2147504462,2,2,4,6,2,0,0,0,0,tcp_alloc,/Users/swchen.tw/git/percepio/poc/runs/tcp-workload-matrix-v1/A04-pbuf/build/tcp.o,
by_pc,2147504466,2,2,4,6,2,0,0,0,0,tcp_alloc,/Users/swchen.tw/git/percepio/poc/runs/tcp-workload-matrix-v1/A04-pbuf/build/tcp.o,
by_pc,2147504470,2,42,84,86,2,2,16,0,22,tcp_alloc,/Users/swchen.tw/git/percepio/poc/runs/tcp-workload-matrix-v1/A04-pbuf/build/tcp.o,
by_pc,2147504474,2,2,4,6,2,0,0,0,0,tcp_alloc,/Users/swchen.tw/git/percepio/poc/runs/tcp-workload-matrix-v1/A04-pbuf/build/tcp.o,
by_pc,2147504478,2,2,4,6,2,0,0,0,0,tcp_alloc,/Users/swchen.tw/git/percepio/poc/runs/tcp-workload-matrix-v1/A04-pbuf/build/tcp.o,
by_pc,2147504482,2,42,84,86,2,2,16,0,22,tcp_alloc,/Users/swchen.tw/git/percepio/poc/runs/tcp-workload-matrix-v1/A04-pbuf/build/tcp.o,
by_pc,2147504486,2,4,8,10,2,2,0,0,0,tcp_alloc,/Users/swchen.tw/git/percepio/poc/runs/tcp-workload-matrix-v1/A04-pbuf/build/tcp.o,
by_pc,2147504488,2,4,8,10,2,2,0,0,0,tcp_alloc,/Users/swchen.tw/git/percepio/poc/runs/tcp-workload-matrix-v1/A04-pbuf/build/tcp.o,
by_pc,2147504490,2,4,8,10,2,2,0,0,0,tcp_alloc,/Users/swchen.tw/git/percepio/poc/runs/tcp-workload-matrix-v1/A04-pbuf/build/tcp.o,
by_pc,2147504492,2,4,8,10,2,2,0,0,0,tcp_alloc,/Users/swchen.tw/git/percepio/poc/runs/tcp-workload-matrix-v1/A04-pbuf/build/tcp.o,
by_pc,2147504494,2,2,4,6,2,0,0,0,0,tcp_alloc,/Users/swchen.tw/git/percepio/poc/runs/tcp-workload-matrix-v1/A04-pbuf/build/tcp.o,
by_pc,2147504496,2,2,4,6,2,0,0,0,0,tcp_alloc,/Users/swchen.tw/git/percepio/poc/runs/tcp-workload-matrix-v1/A04-pbuf/build/tcp.o,
by_pc,2147504498,2,2,4,6,2,0,0,0,0,tcp_alloc,/Users/swchen.tw/git/percepio/poc/runs/tcp-workload-matrix-v1/A04-pbuf/build/tcp.o,
by_pc,2147497116,1,1,2,3,1,0,0,0,0,session_task,/Users/swchen.tw/git/percepio/poc/runs/tcp-workload-matrix-v1/A04-pbuf/build/tcp_request_response_irq.o,
by_pc,2147497118,1,1,2,3,1,0,0,0,0,session_task,/Users/swchen.tw/git/percepio/poc/runs/tcp-workload-matrix-v1/A04-pbuf/build/tcp_request_response_irq.o,
by_pc,2147497136,1,1,2,3,1,0,0,0,0,session_task,/Users/swchen.tw/git/percepio/poc/runs/tcp-workload-matrix-v1/A04-pbuf/build/tcp_request_response_irq.o,
by_pc,2147497140,1,1,2,3,1,0,0,0,0,session_task,/Users/swchen.tw/git/percepio/poc/runs/tcp-workload-matrix-v1/A04-pbuf/build/tcp_request_response_irq.o,
by_pc,2147497144,1,1,2,3,1,0,0,0,0,session_task,/Users/swchen.tw/git/percepio/poc/runs/tcp-workload-matrix-v1/A04-pbuf/build/tcp_request_response_irq.o,
by_pc,2147497146,1,1,2,3,1,0,0,0,0,session_task,/Users/swchen.tw/git/percepio/poc/runs/tcp-workload-matrix-v1/A04-pbuf/build/tcp_request_response_irq.o,
by_pc,2147502836,1,27,54,55,1,0,8,18,0,tcp_bind,/Users/swchen.tw/git/percepio/poc/runs/tcp-workload-matrix-v1/A04-pbuf/build/tcp.o,
by_pc,2147502838,1,21,42,43,1,1,8,0,11,tcp_bind,/Users/swchen.tw/git/percepio/poc/runs/tcp-workload-matrix-v1/A04-pbuf/build/tcp.o,
by_pc,2147502840,1,21,42,43,1,1,8,0,11,tcp_bind,/Users/swchen.tw/git/percepio/poc/runs/tcp-workload-matrix-v1/A04-pbuf/build/tcp.o,
by_pc,2147502842,1,1,2,3,1,0,0,0,0,tcp_bind,/Users/swchen.tw/git/percepio/poc/runs/tcp-workload-matrix-v1/A04-pbuf/build/tcp.o,
by_pc,2147502844,1,1,2,3,1,0,0,0,0,tcp_bind,/Users/swchen.tw/git/percepio/poc/runs/tcp-workload-matrix-v1/A04-pbuf/build/tcp.o,
by_pc,2147502850,1,27,54,55,1,0,8,18,0,tcp_bind,/Users/swchen.tw/git/percepio/poc/runs/tcp-workload-matrix-v1/A04-pbuf/build/tcp.o,
by_pc,2147502852,1,1,2,3,1,0,0,0,0,tcp_bind,/Users/swchen.tw/git/percepio/poc/runs/tcp-workload-matrix-v1/A04-pbuf/build/tcp.o,
by_pc,2147502854,1,2,4,5,1,1,0,0,0,tcp_bind,/Users/swchen.tw/git/percepio/poc/runs/tcp-workload-matrix-v1/A04-pbuf/build/tcp.o,
by_pc,2147502856,1,1,2,3,1,0,0,0,0,tcp_bind,/Users/swchen.tw/git/percepio/poc/runs/tcp-workload-matrix-v1/A04-pbuf/build/tcp.o,
by_pc,2147502858,1,1,2,3,1,0,0,0,0,tcp_bind,/Users/swchen.tw/git/percepio/poc/runs/tcp-workload-matrix-v1/A04-pbuf/build/tcp.o,
by_pc,2147502860,1,1,2,3,1,0,0,0,0,tcp_bind,/Users/swchen.tw/git/percepio/poc/runs/tcp-workload-matrix-v1/A04-pbuf/build/tcp.o,
by_pc,2147502884,1,1,2,3,1,0,0,0,0,tcp_bind,/Users/swchen.tw/git/percepio/poc/runs/tcp-workload-matrix-v1/A04-pbuf/build/tcp.o,
by_pc,2147502888,1,1,2,3,1,0,0,0,0,tcp_bind,/Users/swchen.tw/git/percepio/poc/runs/tcp-workload-matrix-v1/A04-pbuf/build/tcp.o,
by_pc,2147502892,1,1,2,3,1,0,0,0,0,tcp_bind,/Users/swchen.tw/git/percepio/poc/runs/tcp-workload-matrix-v1/A04-pbuf/build/tcp.o,
by_pc,2147502896,1,1,2,3,1,0,0,0,0,tcp_bind,/Users/swchen.tw/git/percepio/poc/runs/tcp-workload-matrix-v1/A04-pbuf/build/tcp.o,
by_pc,2147502900,4,8,16,20,4,4,0,0,0,tcp_bind,/Users/swchen.tw/git/percepio/poc/runs/tcp-workload-matrix-v1/A04-pbuf/build/tcp.o,
by_pc,2147502902,4,8,16,20,4,4,0,0,0,tcp_bind,/Users/swchen.tw/git/percepio/poc/runs/tcp-workload-matrix-v1/A04-pbuf/build/tcp.o,
by_pc,2147502904,4,4,8,12,4,0,0,0,0,tcp_bind,/Users/swchen.tw/git/percepio/poc/runs/tcp-workload-matrix-v1/A04-pbuf/build/tcp.o,
by_pc,2147502906,4,4,8,12,4,0,0,0,0,tcp_bind,/Users/swchen.tw/git/percepio/poc/runs/tcp-workload-matrix-v1/A04-pbuf/build/tcp.o,
by_pc,2147502908,4,4,8,12,4,0,0,0,0,tcp_bind,/Users/swchen.tw/git/percepio/poc/runs/tcp-workload-matrix-v1/A04-pbuf/build/tcp.o,
by_pc,2147502912,1,54,108,109,1,1,16,36,0,tcp_bind,/Users/swchen.tw/git/percepio/poc/runs/tcp-workload-matrix-v1/A04-pbuf/build/tcp.o,
by_pc,2147502914,1,1,2,3,1,0,0,0,0,tcp_bind,/Users/swchen.tw/git/percepio/poc/runs/tcp-workload-matrix-v1/A04-pbuf/build/tcp.o,
by_pc,2147502918,1,1,2,3,1,0,0,0,0,tcp_bind,/Users/swchen.tw/git/percepio/poc/runs/tcp-workload-matrix-v1/A04-pbuf/build/tcp.o,
by_pc,2147502922,1,2,4,5,1,1,0,0,0,tcp_bind,/Users/swchen.tw/git/percepio/poc/runs/tcp-workload-matrix-v1/A04-pbuf/build/tcp.o,
by_pc,2147502924,1,21,42,43,1,1,8,0,11,tcp_bind,/Users/swchen.tw/git/percepio/poc/runs/tcp-workload-matrix-v1/A04-pbuf/build/tcp.o,
by_pc,2147502928,1,21,42,43,1,1,8,0,11,tcp_bind,/Users/swchen.tw/git/percepio/poc/runs/tcp-workload-matrix-v1/A04-pbuf/build/tcp.o,
by_pc,2147502930,1,21,42,43,1,1,8,0,11,tcp_bind,/Users/swchen.tw/git/percepio/poc/runs/tcp-workload-matrix-v1/A04-pbuf/build/tcp.o,
by_pc,2147502932,1,1,2,3,1,0,0,0,0,tcp_bind,/Users/swchen.tw/git/percepio/poc/runs/tcp-workload-matrix-v1/A04-pbuf/build/tcp.o,
by_pc,2147516856,3,29,58,61,3,0,8,18,0,tcp_timer_needed,/Users/swchen.tw/git/percepio/poc/runs/tcp-workload-matrix-v1/A04-pbuf/build/timeouts.o,
by_pc,2147502936,1,1,2,3,1,0,0,0,0,tcp_bind,/Users/swchen.tw/git/percepio/poc/runs/tcp-workload-matrix-v1/A04-pbuf/build/tcp.o,
by_pc,2147502938,1,1,2,3,1,0,0,0,0,tcp_bind,/Users/swchen.tw/git/percepio/poc/runs/tcp-workload-matrix-v1/A04-pbuf/build/tcp.o,
by_pc,2147502876,1,2,4,5,1,1,0,0,0,tcp_bind,/Users/swchen.tw/git/percepio/poc/runs/tcp-workload-matrix-v1/A04-pbuf/build/tcp.o,
by_pc,2147502878,1,2,4,5,1,1,0,0,0,tcp_bind,/Users/swchen.tw/git/percepio/poc/runs/tcp-workload-matrix-v1/A04-pbuf/build/tcp.o,
by_pc,2147502880,1,1,2,3,1,0,0,0,0,tcp_bind,/Users/swchen.tw/git/percepio/poc/runs/tcp-workload-matrix-v1/A04-pbuf/build/tcp.o,
by_pc,2147502882,1,1,2,3,1,0,0,0,0,tcp_bind,/Users/swchen.tw/git/percepio/poc/runs/tcp-workload-matrix-v1/A04-pbuf/build/tcp.o,
by_pc,2147497150,1,1,2,3,1,0,0,0,0,session_task,/Users/swchen.tw/git/percepio/poc/runs/tcp-workload-matrix-v1/A04-pbuf/build/tcp_request_response_irq.o,
by_pc,2147497168,1,27,54,55,1,0,8,18,0,session_task,/Users/swchen.tw/git/percepio/poc/runs/tcp-workload-matrix-v1/A04-pbuf/build/tcp_request_response_irq.o,
by_pc,2147497172,1,1,2,3,1,0,0,0,0,session_task,/Users/swchen.tw/git/percepio/poc/runs/tcp-workload-matrix-v1/A04-pbuf/build/tcp_request_response_irq.o,
by_pc,2147497174,1,1,2,3,1,0,0,0,0,session_task,/Users/swchen.tw/git/percepio/poc/runs/tcp-workload-matrix-v1/A04-pbuf/build/tcp_request_response_irq.o,
by_pc,2147503166,1,27,54,55,1,0,8,18,0,tcp_listen_with_backlog,/Users/swchen.tw/git/percepio/poc/runs/tcp-workload-matrix-v1/A04-pbuf/build/tcp.o,
by_pc,2147503168,1,27,54,55,1,0,8,18,0,tcp_listen_with_backlog,/Users/swchen.tw/git/percepio/poc/runs/tcp-workload-matrix-v1/A04-pbuf/build/tcp.o,
by_pc,2147502968,1,1,2,3,1,0,0,0,0,tcp_listen_with_backlog_and_err,/Users/swchen.tw/git/percepio/poc/runs/tcp-workload-matrix-v1/A04-pbuf/build/tcp.o,
by_pc,2147502970,1,21,42,43,1,1,8,0,11,tcp_listen_with_backlog_and_err,/Users/swchen.tw/git/percepio/poc/runs/tcp-workload-matrix-v1/A04-pbuf/build/tcp.o,
by_pc,2147502972,1,21,42,43,1,1,8,0,11,tcp_listen_with_backlog_and_err,/Users/swchen.tw/git/percepio/poc/runs/tcp-workload-matrix-v1/A04-pbuf/build/tcp.o,
by_pc,2147502974,1,21,42,43,1,1,8,0,11,tcp_listen_with_backlog_and_err,/Users/swchen.tw/git/percepio/poc/runs/tcp-workload-matrix-v1/A04-pbuf/build/tcp.o,
by_pc,2147502976,1,47,94,95,1,1,16,18,11,tcp_listen_with_backlog_and_err,/Users/swchen.tw/git/percepio/poc/runs/tcp-workload-matrix-v1/A04-pbuf/build/tcp.o,
by_pc,2147502978,1,1,2,3,1,0,0,0,0,tcp_listen_with_backlog_and_err,/Users/swchen.tw/git/percepio/poc/runs/tcp-workload-matrix-v1/A04-pbuf/build/tcp.o,
by_pc,2147502980,1,1,2,3,1,0,0,0,0,tcp_listen_with_backlog_and_err,/Users/swchen.tw/git/percepio/poc/runs/tcp-workload-matrix-v1/A04-pbuf/build/tcp.o,
by_pc,2147502982,1,2,4,5,1,1,0,0,0,tcp_listen_with_backlog_and_err,/Users/swchen.tw/git/percepio/poc/runs/tcp-workload-matrix-v1/A04-pbuf/build/tcp.o,
by_pc,2147502984,1,1,2,3,1,0,0,0,0,tcp_listen_with_backlog_and_err,/Users/swchen.tw/git/percepio/poc/runs/tcp-workload-matrix-v1/A04-pbuf/build/tcp.o,
by_pc,2147502986,1,1,2,3,1,0,0,0,0,tcp_listen_with_backlog_and_err,/Users/swchen.tw/git/percepio/poc/runs/tcp-workload-matrix-v1/A04-pbuf/build/tcp.o,
by_pc,2147502988,1,1,2,3,1,0,0,0,0,tcp_listen_with_backlog_and_err,/Users/swchen.tw/git/percepio/poc/runs/tcp-workload-matrix-v1/A04-pbuf/build/tcp.o,
by_pc,2147502990,1,1,2,3,1,0,0,0,0,tcp_listen_with_backlog_and_err,/Users/swchen.tw/git/percepio/poc/runs/tcp-workload-matrix-v1/A04-pbuf/build/tcp.o,
by_pc,2147502994,1,1,2,3,1,0,0,0,0,tcp_listen_with_backlog_and_err,/Users/swchen.tw/git/percepio/poc/runs/tcp-workload-matrix-v1/A04-pbuf/build/tcp.o,
by_pc,2147502996,1,1,2,3,1,0,0,0,0,tcp_listen_with_backlog_and_err,/Users/swchen.tw/git/percepio/poc/runs/tcp-workload-matrix-v1/A04-pbuf/build/tcp.o,
by_pc,2147502998,1,1,2,3,1,0,0,0,0,tcp_listen_with_backlog_and_err,/Users/swchen.tw/git/percepio/poc/runs/tcp-workload-matrix-v1/A04-pbuf/build/tcp.o,
by_pc,2147503000,1,2,4,5,1,1,0,0,0,tcp_listen_with_backlog_and_err,/Users/swchen.tw/git/percepio/poc/runs/tcp-workload-matrix-v1/A04-pbuf/build/tcp.o,
by_pc,2147503002,1,21,42,43,1,1,8,0,11,tcp_listen_with_backlog_and_err,/Users/swchen.tw/git/percepio/poc/runs/tcp-workload-matrix-v1/A04-pbuf/build/tcp.o,
by_pc,2147503004,1,2,4,5,1,1,0,0,0,tcp_listen_with_backlog_and_err,/Users/swchen.tw/git/percepio/poc/runs/tcp-workload-matrix-v1/A04-pbuf/build/tcp.o,
by_pc,2147503008,1,21,42,43,1,1,8,0,11,tcp_listen_with_backlog_and_err,/Users/swchen.tw/git/percepio/poc/runs/tcp-workload-matrix-v1/A04-pbuf/build/tcp.o,
by_pc,2147503012,1,1,2,3,1,0,0,0,0,tcp_listen_with_backlog_and_err,/Users/swchen.tw/git/percepio/poc/runs/tcp-workload-matrix-v1/A04-pbuf/build/tcp.o,
by_pc,2147503014,1,21,42,43,1,1,8,0,11,tcp_listen_with_backlog_and_err,/Users/swchen.tw/git/percepio/poc/runs/tcp-workload-matrix-v1/A04-pbuf/build/tcp.o,
by_pc,2147503016,1,2,4,5,1,1,0,0,0,tcp_listen_with_backlog_and_err,/Users/swchen.tw/git/percepio/poc/runs/tcp-workload-matrix-v1/A04-pbuf/build/tcp.o,
by_pc,2147503020,1,21,42,43,1,1,8,0,11,tcp_listen_with_backlog_and_err,/Users/swchen.tw/git/percepio/poc/runs/tcp-workload-matrix-v1/A04-pbuf/build/tcp.o,
by_pc,2147503024,1,2,4,5,1,1,0,0,0,tcp_listen_with_backlog_and_err,/Users/swchen.tw/git/percepio/poc/runs/tcp-workload-matrix-v1/A04-pbuf/build/tcp.o,
by_pc,2147503028,1,21,42,43,1,1,8,0,11,tcp_listen_with_backlog_and_err,/Users/swchen.tw/git/percepio/poc/runs/tcp-workload-matrix-v1/A04-pbuf/build/tcp.o,
by_pc,2147503032,1,2,4,5,1,1,0,0,0,tcp_listen_with_backlog_and_err,/Users/swchen.tw/git/percepio/poc/runs/tcp-workload-matrix-v1/A04-pbuf/build/tcp.o,
by_pc,2147503036,1,21,42,43,1,1,8,0,11,tcp_listen_with_backlog_and_err,/Users/swchen.tw/git/percepio/poc/runs/tcp-workload-matrix-v1/A04-pbuf/build/tcp.o,
by_pc,2147503040,1,28,56,57,1,1,8,18,0,tcp_listen_with_backlog_and_err,/Users/swchen.tw/git/percepio/poc/runs/tcp-workload-matrix-v1/A04-pbuf/build/tcp.o,
by_pc,2147503044,1,21,42,43,1,1,8,0,11,tcp_listen_with_backlog_and_err,/Users/swchen.tw/git/percepio/poc/runs/tcp-workload-matrix-v1/A04-pbuf/build/tcp.o,
by_pc,2147503048,1,2,4,5,1,1,0,0,0,tcp_listen_with_backlog_and_err,/Users/swchen.tw/git/percepio/poc/runs/tcp-workload-matrix-v1/A04-pbuf/build/tcp.o,
by_pc,2147503052,1,21,42,43,1,1,8,0,11,tcp_listen_with_backlog_and_err,/Users/swchen.tw/git/percepio/poc/runs/tcp-workload-matrix-v1/A04-pbuf/build/tcp.o,
by_pc,2147503056,1,2,4,5,1,1,0,0,0,tcp_listen_with_backlog_and_err,/Users/swchen.tw/git/percepio/poc/runs/tcp-workload-matrix-v1/A04-pbuf/build/tcp.o,
by_pc,2147503058,1,21,42,43,1,1,8,0,11,tcp_listen_with_backlog_and_err,/Users/swchen.tw/git/percepio/poc/runs/tcp-workload-matrix-v1/A04-pbuf/build/tcp.o,
by_pc,2147503060,1,2,4,5,1,1,0,0,0,tcp_listen_with_backlog_and_err,/Users/swchen.tw/git/percepio/poc/runs/tcp-workload-matrix-v1/A04-pbuf/build/tcp.o,
by_pc,2147503064,1,1,2,3,1,0,0,0,0,tcp_listen_with_backlog_and_err,/Users/swchen.tw/git/percepio/poc/runs/tcp-workload-matrix-v1/A04-pbuf/build/tcp.o,
by_pc,2147503066,1,1,2,3,1,0,0,0,0,tcp_listen_with_backlog_and_err,/Users/swchen.tw/git/percepio/poc/runs/tcp-workload-matrix-v1/A04-pbuf/build/tcp.o,
by_pc,2147503070,1,2,4,5,1,1,0,0,0,tcp_listen_with_backlog_and_err,/Users/swchen.tw/git/percepio/poc/runs/tcp-workload-matrix-v1/A04-pbuf/build/tcp.o,
by_pc,2147503072,1,1,2,3,1,0,0,0,0,tcp_listen_with_backlog_and_err,/Users/swchen.tw/git/percepio/poc/runs/tcp-workload-matrix-v1/A04-pbuf/build/tcp.o,
by_pc,2147503076,1,2,4,5,1,1,0,0,0,tcp_listen_with_backlog_and_err,/Users/swchen.tw/git/percepio/poc/runs/tcp-workload-matrix-v1/A04-pbuf/build/tcp.o,
by_pc,2147503078,1,21,42,43,1,1,8,0,11,tcp_listen_with_backlog_and_err,/Users/swchen.tw/git/percepio/poc/runs/tcp-workload-matrix-v1/A04-pbuf/build/tcp.o,
by_pc,2147503080,1,21,42,43,1,1,8,0,11,tcp_listen_with_backlog_and_err,/Users/swchen.tw/git/percepio/poc/runs/tcp-workload-matrix-v1/A04-pbuf/build/tcp.o,
by_pc,2147503084,1,1,2,3,1,0,0,0,0,tcp_listen_with_backlog_and_err,/Users/swchen.tw/git/percepio/poc/runs/tcp-workload-matrix-v1/A04-pbuf/build/tcp.o,
by_pc,2147503086,1,1,2,3,1,0,0,0,0,tcp_listen_with_backlog_and_err,/Users/swchen.tw/git/percepio/poc/runs/tcp-workload-matrix-v1/A04-pbuf/build/tcp.o,
by_pc,2147502828,2,2,4,6,2,0,0,0,0,tcp_free,/Users/swchen.tw/git/percepio/poc/runs/tcp-workload-matrix-v1/A04-pbuf/build/tcp.o,
by_pc,2147502830,2,2,4,6,2,0,0,0,0,tcp_free,/Users/swchen.tw/git/percepio/poc/runs/tcp-workload-matrix-v1/A04-pbuf/build/tcp.o,
by_pc,2147502832,2,2,4,6,2,0,0,0,0,tcp_free,/Users/swchen.tw/git/percepio/poc/runs/tcp-workload-matrix-v1/A04-pbuf/build/tcp.o,
by_pc,2147501090,21,29,58,79,21,0,8,0,0,memp_free,/Users/swchen.tw/git/percepio/poc/runs/tcp-workload-matrix-v1/A04-pbuf/build/memp.o,
by_pc,2147501092,21,21,42,63,21,0,0,0,0,memp_free,/Users/swchen.tw/git/percepio/poc/runs/tcp-workload-matrix-v1/A04-pbuf/build/memp.o,
by_pc,2147501096,21,21,42,63,21,0,0,0,0,memp_free,/Users/swchen.tw/git/percepio/poc/runs/tcp-workload-matrix-v1/A04-pbuf/build/memp.o,
by_pc,2147501098,21,21,42,63,21,0,0,0,0,memp_free,/Users/swchen.tw/git/percepio/poc/runs/tcp-workload-matrix-v1/A04-pbuf/build/memp.o,
by_pc,2147501100,21,21,42,63,21,0,0,0,0,memp_free,/Users/swchen.tw/git/percepio/poc/runs/tcp-workload-matrix-v1/A04-pbuf/build/memp.o,
by_pc,2147501104,21,21,42,63,21,0,0,0,0,memp_free,/Users/swchen.tw/git/percepio/poc/runs/tcp-workload-matrix-v1/A04-pbuf/build/memp.o,
by_pc,2147501108,21,21,42,63,21,0,0,0,0,memp_free,/Users/swchen.tw/git/percepio/poc/runs/tcp-workload-matrix-v1/A04-pbuf/build/memp.o,
by_pc,2147501110,21,50,100,121,21,21,8,0,0,memp_free,/Users/swchen.tw/git/percepio/poc/runs/tcp-workload-matrix-v1/A04-pbuf/build/memp.o,
by_pc,2147501112,21,68,136,157,21,21,8,18,0,memp_free,/Users/swchen.tw/git/percepio/poc/runs/tcp-workload-matrix-v1/A04-pbuf/build/memp.o,
by_pc,2147501114,21,84,168,189,21,21,24,18,0,memp_free,/Users/swchen.tw/git/percepio/poc/runs/tcp-workload-matrix-v1/A04-pbuf/build/memp.o,
by_pc,2147501118,21,21,42,63,21,0,0,0,0,memp_free,/Users/swchen.tw/git/percepio/poc/runs/tcp-workload-matrix-v1/A04-pbuf/build/memp.o,
by_pc,2147501120,21,499,998,1019,21,21,208,18,231,memp_free,/Users/swchen.tw/git/percepio/poc/runs/tcp-workload-matrix-v1/A04-pbuf/build/memp.o,
by_pc,2147501124,21,42,84,105,21,21,0,0,0,memp_free,/Users/swchen.tw/git/percepio/poc/runs/tcp-workload-matrix-v1/A04-pbuf/build/memp.o,
by_pc,2147501126,21,42,84,105,21,21,0,0,0,memp_free,/Users/swchen.tw/git/percepio/poc/runs/tcp-workload-matrix-v1/A04-pbuf/build/memp.o,
by_pc,2147501128,21,441,882,903,21,21,168,0,231,memp_free,/Users/swchen.tw/git/percepio/poc/runs/tcp-workload-matrix-v1/A04-pbuf/build/memp.o,
by_pc,2147501130,21,42,84,105,21,21,0,0,0,memp_free,/Users/swchen.tw/git/percepio/poc/runs/tcp-workload-matrix-v1/A04-pbuf/build/memp.o,
by_pc,2147501132,21,441,882,903,21,21,168,0,231,memp_free,/Users/swchen.tw/git/percepio/poc/runs/tcp-workload-matrix-v1/A04-pbuf/build/memp.o,
by_pc,2147501134,21,21,42,63,21,0,0,0,0,memp_free,/Users/swchen.tw/git/percepio/poc/runs/tcp-workload-matrix-v1/A04-pbuf/build/memp.o,
by_pc,2147503090,1,1,2,3,1,0,0,0,0,tcp_listen_with_backlog_and_err,/Users/swchen.tw/git/percepio/poc/runs/tcp-workload-matrix-v1/A04-pbuf/build/tcp.o,
by_pc,2147503094,1,1,2,3,1,0,0,0,0,tcp_listen_with_backlog_and_err,/Users/swchen.tw/git/percepio/poc/runs/tcp-workload-matrix-v1/A04-pbuf/build/tcp.o,
by_pc,2147503098,1,21,42,43,1,1,8,0,11,tcp_listen_with_backlog_and_err,/Users/swchen.tw/git/percepio/poc/runs/tcp-workload-matrix-v1/A04-pbuf/build/tcp.o,
by_pc,2147503100,1,1,2,3,1,0,0,0,0,tcp_listen_with_backlog_and_err,/Users/swchen.tw/git/percepio/poc/runs/tcp-workload-matrix-v1/A04-pbuf/build/tcp.o,
by_pc,2147503104,1,2,4,5,1,1,0,0,0,tcp_listen_with_backlog_and_err,/Users/swchen.tw/git/percepio/poc/runs/tcp-workload-matrix-v1/A04-pbuf/build/tcp.o,
by_pc,2147503106,1,21,42,43,1,1,8,0,11,tcp_listen_with_backlog_and_err,/Users/swchen.tw/git/percepio/poc/runs/tcp-workload-matrix-v1/A04-pbuf/build/tcp.o,
by_pc,2147503108,1,21,42,43,1,1,8,0,11,tcp_listen_with_backlog_and_err,/Users/swchen.tw/git/percepio/poc/runs/tcp-workload-matrix-v1/A04-pbuf/build/tcp.o,
by_pc,2147503110,1,1,2,3,1,0,0,0,0,tcp_listen_with_backlog_and_err,/Users/swchen.tw/git/percepio/poc/runs/tcp-workload-matrix-v1/A04-pbuf/build/tcp.o,
by_pc,2147503114,1,1,2,3,1,0,0,0,0,tcp_listen_with_backlog_and_err,/Users/swchen.tw/git/percepio/poc/runs/tcp-workload-matrix-v1/A04-pbuf/build/tcp.o,
by_pc,2147503116,1,1,2,3,1,0,0,0,0,tcp_listen_with_backlog_and_err,/Users/swchen.tw/git/percepio/poc/runs/tcp-workload-matrix-v1/A04-pbuf/build/tcp.o,
by_pc,2147503124,1,2,4,5,1,1,0,0,0,tcp_listen_with_backlog_and_err,/Users/swchen.tw/git/percepio/poc/runs/tcp-workload-matrix-v1/A04-pbuf/build/tcp.o,
by_pc,2147503126,1,1,2,3,1,0,0,0,0,tcp_listen_with_backlog_and_err,/Users/swchen.tw/git/percepio/poc/runs/tcp-workload-matrix-v1/A04-pbuf/build/tcp.o,
by_pc,2147503128,1,2,4,5,1,1,0,0,0,tcp_listen_with_backlog_and_err,/Users/swchen.tw/git/percepio/poc/runs/tcp-workload-matrix-v1/A04-pbuf/build/tcp.o,
by_pc,2147503130,1,2,4,5,1,1,0,0,0,tcp_listen_with_backlog_and_err,/Users/swchen.tw/git/percepio/poc/runs/tcp-workload-matrix-v1/A04-pbuf/build/tcp.o,
by_pc,2147503132,1,2,4,5,1,1,0,0,0,tcp_listen_with_backlog_and_err,/Users/swchen.tw/git/percepio/poc/runs/tcp-workload-matrix-v1/A04-pbuf/build/tcp.o,
by_pc,2147503134,1,1,2,3,1,0,0,0,0,tcp_listen_with_backlog_and_err,/Users/swchen.tw/git/percepio/poc/runs/tcp-workload-matrix-v1/A04-pbuf/build/tcp.o,
by_pc,2147503136,1,1,2,3,1,0,0,0,0,tcp_listen_with_backlog_and_err,/Users/swchen.tw/git/percepio/poc/runs/tcp-workload-matrix-v1/A04-pbuf/build/tcp.o,
by_pc,2147497178,1,21,42,43,1,1,8,0,11,session_task,/Users/swchen.tw/git/percepio/poc/runs/tcp-workload-matrix-v1/A04-pbuf/build/tcp_request_response_irq.o,
by_pc,2147497180,1,1,2,3,1,0,0,0,0,session_task,/Users/swchen.tw/git/percepio/poc/runs/tcp-workload-matrix-v1/A04-pbuf/build/tcp_request_response_irq.o,
by_pc,2147497198,1,2,4,5,1,1,0,0,0,session_task,/Users/swchen.tw/git/percepio/poc/runs/tcp-workload-matrix-v1/A04-pbuf/build/tcp_request_response_irq.o,
by_pc,2147497200,1,1,2,3,1,0,0,0,0,session_task,/Users/swchen.tw/git/percepio/poc/runs/tcp-workload-matrix-v1/A04-pbuf/build/tcp_request_response_irq.o,
by_pc,2147497204,1,1,2,3,1,0,0,0,0,session_task,/Users/swchen.tw/git/percepio/poc/runs/tcp-workload-matrix-v1/A04-pbuf/build/tcp_request_response_irq.o,
by_pc,2147497208,1,1,2,3,1,0,0,0,0,session_task,/Users/swchen.tw/git/percepio/poc/runs/tcp-workload-matrix-v1/A04-pbuf/build/tcp_request_response_irq.o,
by_pc,2147497212,1,1,2,3,1,0,0,0,0,session_task,/Users/swchen.tw/git/percepio/poc/runs/tcp-workload-matrix-v1/A04-pbuf/build/tcp_request_response_irq.o,
by_pc,2147503452,1,27,54,55,1,0,8,18,0,tcp_accept,/Users/swchen.tw/git/percepio/poc/runs/tcp-workload-matrix-v1/A04-pbuf/build/tcp.o,
by_pc,2147503454,1,2,4,5,1,1,0,0,0,tcp_accept,/Users/swchen.tw/git/percepio/poc/runs/tcp-workload-matrix-v1/A04-pbuf/build/tcp.o,
by_pc,2147503456,1,1,2,3,1,0,0,0,0,tcp_accept,/Users/swchen.tw/git/percepio/poc/runs/tcp-workload-matrix-v1/A04-pbuf/build/tcp.o,
by_pc,2147503458,1,1,2,3,1,0,0,0,0,tcp_accept,/Users/swchen.tw/git/percepio/poc/runs/tcp-workload-matrix-v1/A04-pbuf/build/tcp.o,
by_pc,2147503462,1,21,42,43,1,1,8,0,11,tcp_accept,/Users/swchen.tw/git/percepio/poc/runs/tcp-workload-matrix-v1/A04-pbuf/build/tcp.o,
by_pc,2147503464,1,1,2,3,1,0,0,0,0,tcp_accept,/Users/swchen.tw/git/percepio/poc/runs/tcp-workload-matrix-v1/A04-pbuf/build/tcp.o,
by_pc,2147497216,1,27,54,55,1,0,8,18,0,session_task,/Users/swchen.tw/git/percepio/poc/runs/tcp-workload-matrix-v1/A04-pbuf/build/tcp_request_response_irq.o,
by_pc,2147497218,1,1,2,3,1,0,0,0,0,session_task,/Users/swchen.tw/git/percepio/poc/runs/tcp-workload-matrix-v1/A04-pbuf/build/tcp_request_response_irq.o,
by_pc,2147497222,1,1,2,3,1,0,0,0,0,session_task,/Users/swchen.tw/git/percepio/poc/runs/tcp-workload-matrix-v1/A04-pbuf/build/tcp_request_response_irq.o,
by_pc,2147497226,1,1,2,3,1,0,0,0,0,session_task,/Users/swchen.tw/git/percepio/poc/runs/tcp-workload-matrix-v1/A04-pbuf/build/tcp_request_response_irq.o,
by_pc,2147496122,27,61,122,149,27,0,16,18,0,phase,/Users/swchen.tw/git/percepio/poc/runs/tcp-workload-matrix-v1/A04-pbuf/build/tcp_request_response_irq.o,
by_pc,2147496124,27,567,1134,1161,27,27,216,0,297,phase,/Users/swchen.tw/git/percepio/poc/runs/tcp-workload-matrix-v1/A04-pbuf/build/tcp_request_response_irq.o,
by_pc,2147496126,27,567,1134,1161,27,27,216,0,297,phase,/Users/swchen.tw/git/percepio/poc/runs/tcp-workload-matrix-v1/A04-pbuf/build/tcp_request_response_irq.o,
by_pc,2147496128,27,635,1270,1297,27,27,248,36,297,phase,/Users/swchen.tw/git/percepio/poc/runs/tcp-workload-matrix-v1/A04-pbuf/build/tcp_request_response_irq.o,
by_pc,2147496130,27,567,1134,1161,27,27,216,0,297,phase,/Users/swchen.tw/git/percepio/poc/runs/tcp-workload-matrix-v1/A04-pbuf/build/tcp_request_response_irq.o,
by_pc,2147496132,27,27,54,81,27,0,0,0,0,phase,/Users/swchen.tw/git/percepio/poc/runs/tcp-workload-matrix-v1/A04-pbuf/build/tcp_request_response_irq.o,
by_pc,2147496134,27,27,54,81,27,0,0,0,0,phase,/Users/swchen.tw/git/percepio/poc/runs/tcp-workload-matrix-v1/A04-pbuf/build/tcp_request_response_irq.o,
by_pc,2147496138,27,27,54,81,27,0,0,0,0,phase,/Users/swchen.tw/git/percepio/poc/runs/tcp-workload-matrix-v1/A04-pbuf/build/tcp_request_response_irq.o,
by_pc,2147496142,27,27,54,81,27,0,0,0,0,phase,/Users/swchen.tw/git/percepio/poc/runs/tcp-workload-matrix-v1/A04-pbuf/build/tcp_request_response_irq.o,
by_pc,2147496144,27,27,54,81,27,0,0,0,0,phase,/Users/swchen.tw/git/percepio/poc/runs/tcp-workload-matrix-v1/A04-pbuf/build/tcp_request_response_irq.o,
by_pc,2147496118,27,27,54,81,27,0,0,0,0,z0_stack_end,/Users/swchen.tw/git/percepio/poc/runs/tcp-workload-matrix-v1/A04-pbuf/build/tcp_request_response_irq.o,
by_pc,2147496120,27,27,54,81,27,0,0,0,0,z0_stack_end,/Users/swchen.tw/git/percepio/poc/runs/tcp-workload-matrix-v1/A04-pbuf/build/tcp_request_response_irq.o,
by_pc,2147496148,27,54,108,135,27,27,0,0,0,phase,/Users/swchen.tw/git/percepio/poc/runs/tcp-workload-matrix-v1/A04-pbuf/build/tcp_request_response_irq.o,
by_pc,2147496150,27,27,54,81,27,0,0,0,0,phase,/Users/swchen.tw/git/percepio/poc/runs/tcp-workload-matrix-v1/A04-pbuf/build/tcp_request_response_irq.o,
by_pc,2147496154,27,27,54,81,27,0,0,0,0,phase,/Users/swchen.tw/git/percepio/poc/runs/tcp-workload-matrix-v1/A04-pbuf/build/tcp_request_response_irq.o,
by_pc,2147496174,27,54,108,135,27,27,0,0,0,phase,/Users/swchen.tw/git/percepio/poc/runs/tcp-workload-matrix-v1/A04-pbuf/build/tcp_request_response_irq.o,
by_pc,2147496176,27,54,108,135,27,27,0,0,0,phase,/Users/swchen.tw/git/percepio/poc/runs/tcp-workload-matrix-v1/A04-pbuf/build/tcp_request_response_irq.o,
by_pc,2147496180,27,27,54,81,27,0,0,0,0,phase,/Users/swchen.tw/git/percepio/poc/runs/tcp-workload-matrix-v1/A04-pbuf/build/tcp_request_response_irq.o,
by_pc,2147496184,27,567,1134,1161,27,27,216,0,297,phase,/Users/swchen.tw/git/percepio/poc/runs/tcp-workload-matrix-v1/A04-pbuf/build/tcp_request_response_irq.o,
by_pc,2147496186,27,27,54,81,27,0,0,0,0,phase,/Users/swchen.tw/git/percepio/poc/runs/tcp-workload-matrix-v1/A04-pbuf/build/tcp_request_response_irq.o,
by_pc,2147496188,27,27,54,81,27,0,0,0,0,phase,/Users/swchen.tw/git/percepio/poc/runs/tcp-workload-matrix-v1/A04-pbuf/build/tcp_request_response_irq.o,
by_pc,2147496192,27,87,174,201,27,0,24,36,0,phase,/Users/swchen.tw/git/percepio/poc/runs/tcp-workload-matrix-v1/A04-pbuf/build/tcp_request_response_irq.o,
by_pc,2147496196,27,27,54,81,27,0,0,0,0,phase,/Users/swchen.tw/git/percepio/poc/runs/tcp-workload-matrix-v1/A04-pbuf/build/tcp_request_response_irq.o,
by_pc,2147496200,27,27,54,81,27,0,0,0,0,phase,/Users/swchen.tw/git/percepio/poc/runs/tcp-workload-matrix-v1/A04-pbuf/build/tcp_request_response_irq.o,
by_pc,2147496202,27,621,1242,1269,27,27,216,54,297,phase,/Users/swchen.tw/git/percepio/poc/runs/tcp-workload-matrix-v1/A04-pbuf/build/tcp_request_response_irq.o,
by_pc,2147496206,27,603,1206,1233,27,27,216,36,297,phase,/Users/swchen.tw/git/percepio/poc/runs/tcp-workload-matrix-v1/A04-pbuf/build/tcp_request_response_irq.o,
by_pc,2147496208,27,585,1170,1197,27,27,216,18,297,phase,/Users/swchen.tw/git/percepio/poc/runs/tcp-workload-matrix-v1/A04-pbuf/build/tcp_request_response_irq.o,
by_pc,2147496210,27,54,108,135,27,27,0,0,0,phase,/Users/swchen.tw/git/percepio/poc/runs/tcp-workload-matrix-v1/A04-pbuf/build/tcp_request_response_irq.o,
by_pc,2147496212,27,54,108,135,27,27,0,0,0,phase,/Users/swchen.tw/git/percepio/poc/runs/tcp-workload-matrix-v1/A04-pbuf/build/tcp_request_response_irq.o,
by_pc,2147496214,27,54,108,135,27,27,0,0,0,phase,/Users/swchen.tw/git/percepio/poc/runs/tcp-workload-matrix-v1/A04-pbuf/build/tcp_request_response_irq.o,
by_pc,2147496216,27,54,108,135,27,27,0,0,0,phase,/Users/swchen.tw/git/percepio/poc/runs/tcp-workload-matrix-v1/A04-pbuf/build/tcp_request_response_irq.o,
by_pc,2147496218,27,27,54,81,27,0,0,0,0,phase,/Users/swchen.tw/git/percepio/poc/runs/tcp-workload-matrix-v1/A04-pbuf/build/tcp_request_response_irq.o,
by_pc,2147496220,27,27,54,81,27,0,0,0,0,phase,/Users/swchen.tw/git/percepio/poc/runs/tcp-workload-matrix-v1/A04-pbuf/build/tcp_request_response_irq.o,
by_pc,2147497230,1,1,2,3,1,0,0,0,0,session_task,/Users/swchen.tw/git/percepio/poc/runs/tcp-workload-matrix-v1/A04-pbuf/build/tcp_request_response_irq.o,
by_pc,2147497234,1,1,2,3,1,0,0,0,0,session_task,/Users/swchen.tw/git/percepio/poc/runs/tcp-workload-matrix-v1/A04-pbuf/build/tcp_request_response_irq.o,
by_pc,2147497238,1,1,2,3,1,0,0,0,0,session_task,/Users/swchen.tw/git/percepio/poc/runs/tcp-workload-matrix-v1/A04-pbuf/build/tcp_request_response_irq.o,
by_pc,2147497240,1,1,2,3,1,0,0,0,0,session_task,/Users/swchen.tw/git/percepio/poc/runs/tcp-workload-matrix-v1/A04-pbuf/build/tcp_request_response_irq.o,
by_pc,2147497242,1,1,2,3,1,0,0,0,0,session_task,/Users/swchen.tw/git/percepio/poc/runs/tcp-workload-matrix-v1/A04-pbuf/build/tcp_request_response_irq.o,
by_pc,2147497244,1,1,2,3,1,0,0,0,0,session_task,/Users/swchen.tw/git/percepio/poc/runs/tcp-workload-matrix-v1/A04-pbuf/build/tcp_request_response_irq.o,
by_pc,2147497246,1,1,2,3,1,0,0,0,0,session_task,/Users/swchen.tw/git/percepio/poc/runs/tcp-workload-matrix-v1/A04-pbuf/build/tcp_request_response_irq.o,
by_pc,2147497250,1,1,2,3,1,0,0,0,0,session_task,/Users/swchen.tw/git/percepio/poc/runs/tcp-workload-matrix-v1/A04-pbuf/build/tcp_request_response_irq.o,
by_pc,2147496222,14,14,28,42,14,0,0,0,0,inject,/Users/swchen.tw/git/percepio/poc/runs/tcp-workload-matrix-v1/A04-pbuf/build/tcp_request_response_irq.o,
by_pc,2147496224,14,294,588,602,14,14,112,0,154,inject,/Users/swchen.tw/git/percepio/poc/runs/tcp-workload-matrix-v1/A04-pbuf/build/tcp_request_response_irq.o,
by_pc,2147496226,14,14,28,42,14,0,0,0,0,inject,/Users/swchen.tw/git/percepio/poc/runs/tcp-workload-matrix-v1/A04-pbuf/build/tcp_request_response_irq.o,
by_pc,2147496230,14,294,588,602,14,14,112,0,154,inject,/Users/swchen.tw/git/percepio/poc/runs/tcp-workload-matrix-v1/A04-pbuf/build/tcp_request_response_irq.o,
by_pc,2147496232,14,14,28,42,14,0,0,0,0,inject,/Users/swchen.tw/git/percepio/poc/runs/tcp-workload-matrix-v1/A04-pbuf/build/tcp_request_response_irq.o,
by_pc,2147496236,14,14,28,42,14,0,0,0,0,inject,/Users/swchen.tw/git/percepio/poc/runs/tcp-workload-matrix-v1/A04-pbuf/build/tcp_request_response_irq.o,
by_pc,2147496240,14,14,28,42,14,0,0,0,0,inject,/Users/swchen.tw/git/percepio/poc/runs/tcp-workload-matrix-v1/A04-pbuf/build/tcp_request_response_irq.o,
by_pc,2147496244,14,312,624,638,14,14,112,18,154,inject,/Users/swchen.tw/git/percepio/poc/runs/tcp-workload-matrix-v1/A04-pbuf/build/tcp_request_response_irq.o,
by_pc,2147496246,14,14,28,42,14,0,0,0,0,inject,/Users/swchen.tw/git/percepio/poc/runs/tcp-workload-matrix-v1/A04-pbuf/build/tcp_request_response_irq.o,
by_pc,2147496248,14,14,28,42,14,0,0,0,0,inject,/Users/swchen.tw/git/percepio/poc/runs/tcp-workload-matrix-v1/A04-pbuf/build/tcp_request_response_irq.o,
by_pc,2147496250,14,14,28,42,14,0,0,0,0,inject,/Users/swchen.tw/git/percepio/poc/runs/tcp-workload-matrix-v1/A04-pbuf/build/tcp_request_response_irq.o,
by_pc,2147496254,14,14,28,42,14,0,0,0,0,inject,/Users/swchen.tw/git/percepio/poc/runs/tcp-workload-matrix-v1/A04-pbuf/build/tcp_request_response_irq.o,
by_pc,2147496256,14,48,96,110,14,0,16,18,0,inject,/Users/swchen.tw/git/percepio/poc/runs/tcp-workload-matrix-v1/A04-pbuf/build/tcp_request_response_irq.o,
by_pc,2147496258,14,294,588,602,14,14,112,0,154,inject,/Users/swchen.tw/git/percepio/poc/runs/tcp-workload-matrix-v1/A04-pbuf/build/tcp_request_response_irq.o,
by_pc,2147496260,14,294,588,602,14,14,112,0,154,inject,/Users/swchen.tw/git/percepio/poc/runs/tcp-workload-matrix-v1/A04-pbuf/build/tcp_request_response_irq.o,
by_pc,2147496262,14,14,28,42,14,0,0,0,0,inject,/Users/swchen.tw/git/percepio/poc/runs/tcp-workload-matrix-v1/A04-pbuf/build/tcp_request_response_irq.o,
by_pc,2147496264,14,14,28,42,14,0,0,0,0,inject,/Users/swchen.tw/git/percepio/poc/runs/tcp-workload-matrix-v1/A04-pbuf/build/tcp_request_response_irq.o,
by_pc,2147496266,14,14,28,42,14,0,0,0,0,inject,/Users/swchen.tw/git/percepio/poc/runs/tcp-workload-matrix-v1/A04-pbuf/build/tcp_request_response_irq.o,
by_pc,2147496270,14,14,28,42,14,0,0,0,0,inject,/Users/swchen.tw/git/percepio/poc/runs/tcp-workload-matrix-v1/A04-pbuf/build/tcp_request_response_irq.o,
by_pc,2147496272,14,14,28,42,14,0,0,0,0,inject,/Users/swchen.tw/git/percepio/poc/runs/tcp-workload-matrix-v1/A04-pbuf/build/tcp_request_response_irq.o,
by_pc,2147496274,14,294,588,602,14,14,112,0,154,inject,/Users/swchen.tw/git/percepio/poc/runs/tcp-workload-matrix-v1/A04-pbuf/build/tcp_request_response_irq.o,
by_pc,2147496276,14,294,588,602,14,14,112,0,154,inject,/Users/swchen.tw/git/percepio/poc/runs/tcp-workload-matrix-v1/A04-pbuf/build/tcp_request_response_irq.o,
by_pc,2147496278,14,294,588,602,14,14,112,0,154,inject,/Users/swchen.tw/git/percepio/poc/runs/tcp-workload-matrix-v1/A04-pbuf/build/tcp_request_response_irq.o,
by_pc,2147496280,14,294,588,602,14,14,112,0,154,inject,/Users/swchen.tw/git/percepio/poc/runs/tcp-workload-matrix-v1/A04-pbuf/build/tcp_request_response_irq.o,
by_pc,2147496282,14,294,588,602,14,14,112,0,154,inject,/Users/swchen.tw/git/percepio/poc/runs/tcp-workload-matrix-v1/A04-pbuf/build/tcp_request_response_irq.o,
by_pc,2147496284,14,294,588,602,14,14,112,0,154,inject,/Users/swchen.tw/git/percepio/poc/runs/tcp-workload-matrix-v1/A04-pbuf/build/tcp_request_response_irq.o,
by_pc,2147496286,14,294,588,602,14,14,112,0,154,inject,/Users/swchen.tw/git/percepio/poc/runs/tcp-workload-matrix-v1/A04-pbuf/build/tcp_request_response_irq.o,
by_pc,2147496288,14,14,28,42,14,0,0,0,0,inject,/Users/swchen.tw/git/percepio/poc/runs/tcp-workload-matrix-v1/A04-pbuf/build/tcp_request_response_irq.o,
by_pc,2147496290,14,14,28,42,14,0,0,0,0,inject,/Users/swchen.tw/git/percepio/poc/runs/tcp-workload-matrix-v1/A04-pbuf/build/tcp_request_response_irq.o,
by_pc,2147496292,14,14,28,42,14,0,0,0,0,inject,/Users/swchen.tw/git/percepio/poc/runs/tcp-workload-matrix-v1/A04-pbuf/build/tcp_request_response_irq.o,
by_pc,2147496294,14,14,28,42,14,0,0,0,0,inject,/Users/swchen.tw/git/percepio/poc/runs/tcp-workload-matrix-v1/A04-pbuf/build/tcp_request_response_irq.o,
by_pc,2147501856,33,67,134,167,33,0,16,18,0,pbuf_alloc,/Users/swchen.tw/git/percepio/poc/runs/tcp-workload-matrix-v1/A04-pbuf/build/pbuf.o,
by_pc,2147501858,33,693,1386,1419,33,33,264,0,363,pbuf_alloc,/Users/swchen.tw/git/percepio/poc/runs/tcp-workload-matrix-v1/A04-pbuf/build/pbuf.o,
by_pc,2147501860,33,693,1386,1419,33,33,264,0,363,pbuf_alloc,/Users/swchen.tw/git/percepio/poc/runs/tcp-workload-matrix-v1/A04-pbuf/build/pbuf.o,
by_pc,2147501862,33,33,66,99,33,0,0,0,0,pbuf_alloc,/Users/swchen.tw/git/percepio/poc/runs/tcp-workload-matrix-v1/A04-pbuf/build/pbuf.o,
by_pc,2147501866,33,693,1386,1419,33,33,264,0,363,pbuf_alloc,/Users/swchen.tw/git/percepio/poc/runs/tcp-workload-matrix-v1/A04-pbuf/build/pbuf.o,
by_pc,2147501868,33,693,1386,1419,33,33,264,0,363,pbuf_alloc,/Users/swchen.tw/git/percepio/poc/runs/tcp-workload-matrix-v1/A04-pbuf/build/pbuf.o,
by_pc,2147501870,33,693,1386,1419,33,33,264,0,363,pbuf_alloc,/Users/swchen.tw/git/percepio/poc/runs/tcp-workload-matrix-v1/A04-pbuf/build/pbuf.o,
by_pc,2147501872,33,693,1386,1419,33,33,264,0,363,pbuf_alloc,/Users/swchen.tw/git/percepio/poc/runs/tcp-workload-matrix-v1/A04-pbuf/build/pbuf.o,
by_pc,2147501874,33,693,1386,1419,33,33,264,0,363,pbuf_alloc,/Users/swchen.tw/git/percepio/poc/runs/tcp-workload-matrix-v1/A04-pbuf/build/pbuf.o,
by_pc,2147501876,33,33,66,99,33,0,0,0,0,pbuf_alloc,/Users/swchen.tw/git/percepio/poc/runs/tcp-workload-matrix-v1/A04-pbuf/build/pbuf.o,
by_pc,2147501880,33,33,66,99,33,0,0,0,0,pbuf_alloc,/Users/swchen.tw/git/percepio/poc/runs/tcp-workload-matrix-v1/A04-pbuf/build/pbuf.o,
by_pc,2147501882,33,33,66,99,33,0,0,0,0,pbuf_alloc,/Users/swchen.tw/git/percepio/poc/runs/tcp-workload-matrix-v1/A04-pbuf/build/pbuf.o,
by_pc,2147501884,33,33,66,99,33,0,0,0,0,pbuf_alloc,/Users/swchen.tw/git/percepio/poc/runs/tcp-workload-matrix-v1/A04-pbuf/build/pbuf.o,
by_pc,2147501888,33,163,326,359,33,0,112,18,0,pbuf_alloc,/Users/swchen.tw/git/percepio/poc/runs/tcp-workload-matrix-v1/A04-pbuf/build/pbuf.o,
by_pc,2147501924,25,25,50,75,25,0,0,0,0,pbuf_alloc,/Users/swchen.tw/git/percepio/poc/runs/tcp-workload-matrix-v1/A04-pbuf/build/pbuf.o,
by_pc,2147501928,25,25,50,75,25,0,0,0,0,pbuf_alloc,/Users/swchen.tw/git/percepio/poc/runs/tcp-workload-matrix-v1/A04-pbuf/build/pbuf.o,
by_pc,2147502064,25,91,182,207,25,0,48,18,0,pbuf_alloc,/Users/swchen.tw/git/percepio/poc/runs/tcp-workload-matrix-v1/A04-pbuf/build/pbuf.o,
by_pc,2147502068,25,25,50,75,25,0,0,0,0,pbuf_alloc,/Users/swchen.tw/git/percepio/poc/runs/tcp-workload-matrix-v1/A04-pbuf/build/pbuf.o,
by_pc,2147502070,25,25,50,75,25,0,0,0,0,pbuf_alloc,/Users/swchen.tw/git/percepio/poc/runs/tcp-workload-matrix-v1/A04-pbuf/build/pbuf.o,
by_pc,2147502072,25,25,50,75,25,0,0,0,0,pbuf_alloc,/Users/swchen.tw/git/percepio/poc/runs/tcp-workload-matrix-v1/A04-pbuf/build/pbuf.o,
by_pc,2147502076,25,25,50,75,25,0,0,0,0,pbuf_alloc,/Users/swchen.tw/git/percepio/poc/runs/tcp-workload-matrix-v1/A04-pbuf/build/pbuf.o,
by_pc,2147502078,25,25,50,75,25,0,0,0,0,pbuf_alloc,/Users/swchen.tw/git/percepio/poc/runs/tcp-workload-matrix-v1/A04-pbuf/build/pbuf.o,
by_pc,2147502080,25,75,150,175,25,0,32,18,0,pbuf_alloc,/Users/swchen.tw/git/percepio/poc/runs/tcp-workload-matrix-v1/A04-pbuf/build/pbuf.o,
by_pc,2147502082,25,25,50,75,25,0,0,0,0,pbuf_alloc,/Users/swchen.tw/git/percepio/poc/runs/tcp-workload-matrix-v1/A04-pbuf/build/pbuf.o,
by_pc,2147502088,25,25,50,75,25,0,0,0,0,pbuf_alloc,/Users/swchen.tw/git/percepio/poc/runs/tcp-workload-matrix-v1/A04-pbuf/build/pbuf.o,
by_pc,2147502090,25,25,50,75,25,0,0,0,0,pbuf_alloc,/Users/swchen.tw/git/percepio/poc/runs/tcp-workload-matrix-v1/A04-pbuf/build/pbuf.o,
by_pc,2147502092,25,25,50,75,25,0,0,0,0,pbuf_alloc,/Users/swchen.tw/git/percepio/poc/runs/tcp-workload-matrix-v1/A04-pbuf/build/pbuf.o,
by_pc,2147502096,25,25,50,75,25,0,0,0,0,pbuf_alloc,/Users/swchen.tw/git/percepio/poc/runs/tcp-workload-matrix-v1/A04-pbuf/build/pbuf.o,
by_pc,2147500586,25,155,310,335,25,0,112,18,0,mem_malloc,/Users/swchen.tw/git/percepio/poc/runs/tcp-workload-matrix-v1/A04-pbuf/build/mem.o,
by_pc,2147500588,25,25,50,75,25,0,0,0,0,mem_malloc,/Users/swchen.tw/git/percepio/poc/runs/tcp-workload-matrix-v1/A04-pbuf/build/mem.o,
by_pc,2147500590,25,25,50,75,25,0,0,0,0,mem_malloc,/Users/swchen.tw/git/percepio/poc/runs/tcp-workload-matrix-v1/A04-pbuf/build/mem.o,
by_pc,2147500594,25,25,50,75,25,0,0,0,0,mem_malloc,/Users/swchen.tw/git/percepio/poc/runs/tcp-workload-matrix-v1/A04-pbuf/build/mem.o,
by_pc,2147500596,25,25,50,75,25,0,0,0,0,mem_malloc,/Users/swchen.tw/git/percepio/poc/runs/tcp-workload-matrix-v1/A04-pbuf/build/mem.o,
by_pc,2147500606,25,124,248,273,50,0,56,18,0,mem_malloc,/Users/swchen.tw/git/percepio/poc/runs/tcp-workload-matrix-v1/A04-pbuf/build/mem.o,
by_pc,2147500610,25,50,100,125,25,25,0,0,0,mem_malloc,/Users/swchen.tw/git/percepio/poc/runs/tcp-workload-matrix-v1/A04-pbuf/build/mem.o,
by_pc,2147500614,25,50,100,125,25,25,0,0,0,mem_malloc,/Users/swchen.tw/git/percepio/poc/runs/tcp-workload-matrix-v1/A04-pbuf/build/mem.o,
by_pc,2147500618,25,25,50,75,25,0,0,0,0,mem_malloc,/Users/swchen.tw/git/percepio/poc/runs/tcp-workload-matrix-v1/A04-pbuf/build/mem.o,
by_pc,2147500620,25,25,50,75,25,0,0,0,0,mem_malloc,/Users/swchen.tw/git/percepio/poc/runs/tcp-workload-matrix-v1/A04-pbuf/build/mem.o,
by_pc,2147500624,25,25,50,75,25,0,0,0,0,mem_malloc,/Users/swchen.tw/git/percepio/poc/runs/tcp-workload-matrix-v1/A04-pbuf/build/mem.o,
by_pc,2147500628,25,25,50,75,25,0,0,0,0,mem_malloc,/Users/swchen.tw/git/percepio/poc/runs/tcp-workload-matrix-v1/A04-pbuf/build/mem.o,
by_pc,2147500630,25,25,50,75,25,0,0,0,0,mem_malloc,/Users/swchen.tw/git/percepio/poc/runs/tcp-workload-matrix-v1/A04-pbuf/build/mem.o,
by_pc,2147500632,25,25,50,75,25,0,0,0,0,mem_malloc,/Users/swchen.tw/git/percepio/poc/runs/tcp-workload-matrix-v1/A04-pbuf/build/mem.o,
by_pc,2147500634,25,25,50,75,25,0,0,0,0,mem_malloc,/Users/swchen.tw/git/percepio/poc/runs/tcp-workload-matrix-v1/A04-pbuf/build/mem.o,
by_pc,2147500658,25,25,50,75,25,0,0,0,0,mem_malloc,/Users/swchen.tw/git/percepio/poc/runs/tcp-workload-matrix-v1/A04-pbuf/build/mem.o,
by_pc,2147500662,25,76,152,177,25,25,8,18,0,mem_malloc,/Users/swchen.tw/git/percepio/poc/runs/tcp-workload-matrix-v1/A04-pbuf/build/mem.o,
by_pc,2147500666,25,76,152,177,25,25,8,18,0,mem_malloc,/Users/swchen.tw/git/percepio/poc/runs/tcp-workload-matrix-v1/A04-pbuf/build/mem.o,
by_pc,2147500670,25,76,152,177,50,0,8,18,0,mem_malloc,/Users/swchen.tw/git/percepio/poc/runs/tcp-workload-matrix-v1/A04-pbuf/build/mem.o,
by_pc,2147500674,25,25,50,75,25,0,0,0,0,mem_malloc,/Users/swchen.tw/git/percepio/poc/runs/tcp-workload-matrix-v1/A04-pbuf/build/mem.o,
by_pc,2147500678,25,25,50,75,25,0,0,0,0,mem_malloc,/Users/swchen.tw/git/percepio/poc/runs/tcp-workload-matrix-v1/A04-pbuf/build/mem.o,
by_pc,2147500680,25,25,50,75,25,0,0,0,0,mem_malloc,/Users/swchen.tw/git/percepio/poc/runs/tcp-workload-matrix-v1/A04-pbuf/build/mem.o,
by_pc,2147500684,25,25,50,75,25,0,0,0,0,mem_malloc,/Users/swchen.tw/git/percepio/poc/runs/tcp-workload-matrix-v1/A04-pbuf/build/mem.o,
by_pc,2147500688,25,25,50,75,25,0,0,0,0,mem_malloc,/Users/swchen.tw/git/percepio/poc/runs/tcp-workload-matrix-v1/A04-pbuf/build/mem.o,
by_pc,2147500692,24,24,48,72,24,0,0,0,0,mem_malloc,/Users/swchen.tw/git/percepio/poc/runs/tcp-workload-matrix-v1/A04-pbuf/build/mem.o,
by_pc,2147500696,24,24,48,72,24,0,0,0,0,mem_malloc,/Users/swchen.tw/git/percepio/poc/runs/tcp-workload-matrix-v1/A04-pbuf/build/mem.o,
by_pc,2147500698,24,24,48,72,24,0,0,0,0,mem_malloc,/Users/swchen.tw/git/percepio/poc/runs/tcp-workload-matrix-v1/A04-pbuf/build/mem.o,
by_pc,2147500700,24,24,48,72,24,0,0,0,0,mem_malloc,/Users/swchen.tw/git/percepio/poc/runs/tcp-workload-matrix-v1/A04-pbuf/build/mem.o,
by_pc,2147500702,24,24,48,72,24,0,0,0,0,mem_malloc,/Users/swchen.tw/git/percepio/poc/runs/tcp-workload-matrix-v1/A04-pbuf/build/mem.o,
by_pc,2147500706,24,540,1080,1104,24,24,192,36,264,mem_malloc,/Users/swchen.tw/git/percepio/poc/runs/tcp-workload-matrix-v1/A04-pbuf/build/mem.o,
by_pc,2147500710,24,48,96,120,24,24,0,0,0,mem_malloc,/Users/swchen.tw/git/percepio/poc/runs/tcp-workload-matrix-v1/A04-pbuf/build/mem.o,
by_pc,2147500714,24,504,1008,1032,24,24,192,0,264,mem_malloc,/Users/swchen.tw/git/percepio/poc/runs/tcp-workload-matrix-v1/A04-pbuf/build/mem.o,
by_pc,2147500718,24,24,48,72,24,0,0,0,0,mem_malloc,/Users/swchen.tw/git/percepio/poc/runs/tcp-workload-matrix-v1/A04-pbuf/build/mem.o,
by_pc,2147500720,24,504,1008,1032,24,24,192,0,264,mem_malloc,/Users/swchen.tw/git/percepio/poc/runs/tcp-workload-matrix-v1/A04-pbuf/build/mem.o,
by_pc,2147500724,24,504,1008,1032,24,24,192,0,264,mem_malloc,/Users/swchen.tw/git/percepio/poc/runs/tcp-workload-matrix-v1/A04-pbuf/build/mem.o,
by_pc,2147500728,24,504,1008,1032,24,24,192,0,264,mem_malloc,/Users/swchen.tw/git/percepio/poc/runs/tcp-workload-matrix-v1/A04-pbuf/build/mem.o,
by_pc,2147500732,24,48,96,120,24,24,0,0,0,mem_malloc,/Users/swchen.tw/git/percepio/poc/runs/tcp-workload-matrix-v1/A04-pbuf/build/mem.o,
by_pc,2147500736,24,98,196,220,24,0,56,18,0,mem_malloc,/Users/swchen.tw/git/percepio/poc/runs/tcp-workload-matrix-v1/A04-pbuf/build/mem.o,
by_pc,2147500746,24,24,48,72,24,0,0,0,0,mem_malloc,/Users/swchen.tw/git/percepio/poc/runs/tcp-workload-matrix-v1/A04-pbuf/build/mem.o,
by_pc,2147500750,24,82,164,188,24,24,16,18,0,mem_malloc,/Users/swchen.tw/git/percepio/poc/runs/tcp-workload-matrix-v1/A04-pbuf/build/mem.o,
by_pc,2147500754,24,24,48,72,24,0,0,0,0,mem_malloc,/Users/swchen.tw/git/percepio/poc/runs/tcp-workload-matrix-v1/A04-pbuf/build/mem.o,
by_pc,2147500756,24,24,48,72,24,0,0,0,0,mem_malloc,/Users/swchen.tw/git/percepio/poc/runs/tcp-workload-matrix-v1/A04-pbuf/build/mem.o,
by_pc,2147500758,24,24,48,72,24,0,0,0,0,mem_malloc,/Users/swchen.tw/git/percepio/poc/runs/tcp-workload-matrix-v1/A04-pbuf/build/mem.o,
by_pc,2147500762,24,24,48,72,24,0,0,0,0,mem_malloc,/Users/swchen.tw/git/percepio/poc/runs/tcp-workload-matrix-v1/A04-pbuf/build/mem.o,
by_pc,2147500764,24,24,48,72,24,0,0,0,0,mem_malloc,/Users/swchen.tw/git/percepio/poc/runs/tcp-workload-matrix-v1/A04-pbuf/build/mem.o,
by_pc,2147500768,24,504,1008,1032,24,24,192,0,264,mem_malloc,/Users/swchen.tw/git/percepio/poc/runs/tcp-workload-matrix-v1/A04-pbuf/build/mem.o,
by_pc,2147500772,24,24,48,72,24,0,0,0,0,mem_malloc,/Users/swchen.tw/git/percepio/poc/runs/tcp-workload-matrix-v1/A04-pbuf/build/mem.o,
by_pc,2147500776,24,48,96,120,24,24,0,0,0,mem_malloc,/Users/swchen.tw/git/percepio/poc/runs/tcp-workload-matrix-v1/A04-pbuf/build/mem.o,
by_pc,2147500780,24,24,48,72,24,0,0,0,0,mem_malloc,/Users/swchen.tw/git/percepio/poc/runs/tcp-workload-matrix-v1/A04-pbuf/build/mem.o,
by_pc,2147500784,2,2,4,6,2,0,0,0,0,mem_malloc,/Users/swchen.tw/git/percepio/poc/runs/tcp-workload-matrix-v1/A04-pbuf/build/mem.o,
by_pc,2147500788,2,42,84,86,2,2,16,0,22,mem_malloc,/Users/swchen.tw/git/percepio/poc/runs/tcp-workload-matrix-v1/A04-pbuf/build/mem.o,
by_pc,2147500792,25,25,50,75,25,0,0,0,0,mem_malloc,/Users/swchen.tw/git/percepio/poc/runs/tcp-workload-matrix-v1/A04-pbuf/build/mem.o,
by_pc,2147500796,25,50,100,125,25,25,0,0,0,mem_malloc,/Users/swchen.tw/git/percepio/poc/runs/tcp-workload-matrix-v1/A04-pbuf/build/mem.o,
by_pc,2147500800,51,208,416,467,51,51,88,18,0,mem_malloc,/Users/swchen.tw/git/percepio/poc/runs/tcp-workload-matrix-v1/A04-pbuf/build/mem.o,
by_pc,2147500804,51,51,102,153,51,0,0,0,0,mem_malloc,/Users/swchen.tw/git/percepio/poc/runs/tcp-workload-matrix-v1/A04-pbuf/build/mem.o,
by_pc,2147500806,26,26,52,78,26,0,0,0,0,mem_malloc,/Users/swchen.tw/git/percepio/poc/runs/tcp-workload-matrix-v1/A04-pbuf/build/mem.o,
by_pc,2147500874,26,60,120,146,26,26,8,0,0,mem_malloc,/Users/swchen.tw/git/percepio/poc/runs/tcp-workload-matrix-v1/A04-pbuf/build/mem.o,
by_pc,2147500878,26,26,52,78,26,0,0,0,0,mem_malloc,/Users/swchen.tw/git/percepio/poc/runs/tcp-workload-matrix-v1/A04-pbuf/build/mem.o,
by_pc,2147500880,26,26,52,78,26,0,0,0,0,mem_malloc,/Users/swchen.tw/git/percepio/poc/runs/tcp-workload-matrix-v1/A04-pbuf/build/mem.o,
by_pc,2147500810,25,525,1050,1075,25,25,200,0,275,mem_malloc,/Users/swchen.tw/git/percepio/poc/runs/tcp-workload-matrix-v1/A04-pbuf/build/mem.o,
by_pc,2147500814,25,25,50,75,25,0,0,0,0,mem_malloc,/Users/swchen.tw/git/percepio/poc/runs/tcp-workload-matrix-v1/A04-pbuf/build/mem.o,
by_pc,2147500818,25,25,50,75,25,0,0,0,0,mem_malloc,/Users/swchen.tw/git/percepio/poc/runs/tcp-workload-matrix-v1/A04-pbuf/build/mem.o,
by_pc,2147502100,25,25,50,75,25,0,0,0,0,pbuf_alloc,/Users/swchen.tw/git/percepio/poc/runs/tcp-workload-matrix-v1/A04-pbuf/build/pbuf.o,
by_pc,2147502102,25,25,50,75,25,0,0,0,0,pbuf_alloc,/Users/swchen.tw/git/percepio/poc/runs/tcp-workload-matrix-v1/A04-pbuf/build/pbuf.o,
by_pc,2147502104,25,25,50,75,25,0,0,0,0,pbuf_alloc,/Users/swchen.tw/git/percepio/poc/runs/tcp-workload-matrix-v1/A04-pbuf/build/pbuf.o,
by_pc,2147502106,25,25,50,75,25,0,0,0,0,pbuf_alloc,/Users/swchen.tw/git/percepio/poc/runs/tcp-workload-matrix-v1/A04-pbuf/build/pbuf.o,
by_pc,2147502108,25,25,50,75,25,0,0,0,0,pbuf_alloc,/Users/swchen.tw/git/percepio/poc/runs/tcp-workload-matrix-v1/A04-pbuf/build/pbuf.o,
by_pc,2147502110,25,25,50,75,25,0,0,0,0,pbuf_alloc,/Users/swchen.tw/git/percepio/poc/runs/tcp-workload-matrix-v1/A04-pbuf/build/pbuf.o,
by_pc,2147502114,25,525,1050,1075,25,25,200,0,275,pbuf_alloc,/Users/swchen.tw/git/percepio/poc/runs/tcp-workload-matrix-v1/A04-pbuf/build/pbuf.o,
by_pc,2147502118,25,525,1050,1075,25,25,200,0,275,pbuf_alloc,/Users/swchen.tw/git/percepio/poc/runs/tcp-workload-matrix-v1/A04-pbuf/build/pbuf.o,
by_pc,2147502120,25,525,1050,1075,25,25,200,0,275,pbuf_alloc,/Users/swchen.tw/git/percepio/poc/runs/tcp-workload-matrix-v1/A04-pbuf/build/pbuf.o,
by_pc,2147502124,25,525,1050,1075,25,25,200,0,275,pbuf_alloc,/Users/swchen.tw/git/percepio/poc/runs/tcp-workload-matrix-v1/A04-pbuf/build/pbuf.o,
by_pc,2147502128,25,525,1050,1075,25,25,200,0,275,pbuf_alloc,/Users/swchen.tw/git/percepio/poc/runs/tcp-workload-matrix-v1/A04-pbuf/build/pbuf.o,
by_pc,2147502130,25,25,50,75,25,0,0,0,0,pbuf_alloc,/Users/swchen.tw/git/percepio/poc/runs/tcp-workload-matrix-v1/A04-pbuf/build/pbuf.o,
by_pc,2147502040,25,50,100,125,25,25,0,0,0,pbuf_alloc,/Users/swchen.tw/git/percepio/poc/runs/tcp-workload-matrix-v1/A04-pbuf/build/pbuf.o,
by_pc,2147502042,25,25,50,75,25,0,0,0,0,pbuf_alloc,/Users/swchen.tw/git/percepio/poc/runs/tcp-workload-matrix-v1/A04-pbuf/build/pbuf.o,
by_pc,2147502044,25,50,100,125,25,25,0,0,0,pbuf_alloc,/Users/swchen.tw/git/percepio/poc/runs/tcp-workload-matrix-v1/A04-pbuf/build/pbuf.o,
by_pc,2147502046,25,50,100,125,25,25,0,0,0,pbuf_alloc,/Users/swchen.tw/git/percepio/poc/runs/tcp-workload-matrix-v1/A04-pbuf/build/pbuf.o,
by_pc,2147502048,25,50,100,125,25,25,0,0,0,pbuf_alloc,/Users/swchen.tw/git/percepio/poc/runs/tcp-workload-matrix-v1/A04-pbuf/build/pbuf.o,
by_pc,2147502050,25,50,100,125,25,25,0,0,0,pbuf_alloc,/Users/swchen.tw/git/percepio/poc/runs/tcp-workload-matrix-v1/A04-pbuf/build/pbuf.o,
by_pc,2147502052,25,50,100,125,25,25,0,0,0,pbuf_alloc,/Users/swchen.tw/git/percepio/poc/runs/tcp-workload-matrix-v1/A04-pbuf/build/pbuf.o,
by_pc,2147502054,25,50,100,125,25,25,0,0,0,pbuf_alloc,/Users/swchen.tw/git/percepio/poc/runs/tcp-workload-matrix-v1/A04-pbuf/build/pbuf.o,
by_pc,2147502056,25,25,50,75,25,0,0,0,0,pbuf_alloc,/Users/swchen.tw/git/percepio/poc/runs/tcp-workload-matrix-v1/A04-pbuf/build/pbuf.o,
by_pc,2147502058,25,25,50,75,25,0,0,0,0,pbuf_alloc,/Users/swchen.tw/git/percepio/poc/runs/tcp-workload-matrix-v1/A04-pbuf/build/pbuf.o,
by_pc,2147496298,14,14,28,42,14,0,0,0,0,inject,/Users/swchen.tw/git/percepio/poc/runs/tcp-workload-matrix-v1/A04-pbuf/build/tcp_request_response_irq.o,
by_pc,2147496300,14,14,28,42,14,0,0,0,0,inject,/Users/swchen.tw/git/percepio/poc/runs/tcp-workload-matrix-v1/A04-pbuf/build/tcp_request_response_irq.o,
by_pc,2147496302,14,14,28,42,14,0,0,0,0,inject,/Users/swchen.tw/git/percepio/poc/runs/tcp-workload-matrix-v1/A04-pbuf/build/tcp_request_response_irq.o,
by_pc,2147496320,14,112,224,238,14,14,48,36,0,inject,/Users/swchen.tw/git/percepio/poc/runs/tcp-workload-matrix-v1/A04-pbuf/build/tcp_request_response_irq.o,
by_pc,2147496324,14,28,56,70,14,14,0,0,0,inject,/Users/swchen.tw/git/percepio/poc/runs/tcp-workload-matrix-v1/A04-pbuf/build/tcp_request_response_irq.o,
by_pc,2147496326,14,14,28,42,14,0,0,0,0,inject,/Users/swchen.tw/git/percepio/poc/runs/tcp-workload-matrix-v1/A04-pbuf/build/tcp_request_response_irq.o,
by_pc,2147496328,14,14,28,42,14,0,0,0,0,inject,/Users/swchen.tw/git/percepio/poc/runs/tcp-workload-matrix-v1/A04-pbuf/build/tcp_request_response_irq.o,
by_pc,2147496332,14,28,56,70,14,14,0,0,0,inject,/Users/swchen.tw/git/percepio/poc/runs/tcp-workload-matrix-v1/A04-pbuf/build/tcp_request_response_irq.o,
by_pc,2147496334,14,14,28,42,14,0,0,0,0,inject,/Users/swchen.tw/git/percepio/poc/runs/tcp-workload-matrix-v1/A04-pbuf/build/tcp_request_response_irq.o,
by_pc,2147496338,14,294,588,602,14,14,112,0,154,inject,/Users/swchen.tw/git/percepio/poc/runs/tcp-workload-matrix-v1/A04-pbuf/build/tcp_request_response_irq.o,
by_pc,2147496342,14,28,56,70,14,14,0,0,0,inject,/Users/swchen.tw/git/percepio/poc/runs/tcp-workload-matrix-v1/A04-pbuf/build/tcp_request_response_irq.o,
by_pc,2147496346,14,14,28,42,14,0,0,0,0,inject,/Users/swchen.tw/git/percepio/poc/runs/tcp-workload-matrix-v1/A04-pbuf/build/tcp_request_response_irq.o,
by_pc,2147499408,410,444,888,1298,410,0,16,18,0,lwip_htons,/Users/swchen.tw/git/percepio/poc/runs/tcp-workload-matrix-v1/A04-pbuf/build/def.o,
by_pc,2147499412,410,410,820,1230,410,0,0,0,0,lwip_htons,/Users/swchen.tw/git/percepio/poc/runs/tcp-workload-matrix-v1/A04-pbuf/build/def.o,
by_pc,2147499414,410,410,820,1230,410,0,0,0,0,lwip_htons,/Users/swchen.tw/git/percepio/poc/runs/tcp-workload-matrix-v1/A04-pbuf/build/def.o,
by_pc,2147499416,410,410,820,1230,410,0,0,0,0,lwip_htons,/Users/swchen.tw/git/percepio/poc/runs/tcp-workload-matrix-v1/A04-pbuf/build/def.o,
by_pc,2147499418,410,410,820,1230,410,0,0,0,0,lwip_htons,/Users/swchen.tw/git/percepio/poc/runs/tcp-workload-matrix-v1/A04-pbuf/build/def.o,
by_pc,2147499420,410,410,820,1230,410,0,0,0,0,lwip_htons,/Users/swchen.tw/git/percepio/poc/runs/tcp-workload-matrix-v1/A04-pbuf/build/def.o,
by_pc,2147496350,14,294,588,602,14,14,112,0,154,inject,/Users/swchen.tw/git/percepio/poc/runs/tcp-workload-matrix-v1/A04-pbuf/build/tcp_request_response_irq.o,
by_pc,2147496354,14,14,28,42,14,0,0,0,0,inject,/Users/swchen.tw/git/percepio/poc/runs/tcp-workload-matrix-v1/A04-pbuf/build/tcp_request_response_irq.o,
by_pc,2147496358,14,14,28,42,14,0,0,0,0,inject,/Users/swchen.tw/git/percepio/poc/runs/tcp-workload-matrix-v1/A04-pbuf/build/tcp_request_response_irq.o,
by_pc,2147496360,14,294,588,602,14,14,112,0,154,inject,/Users/swchen.tw/git/percepio/poc/runs/tcp-workload-matrix-v1/A04-pbuf/build/tcp_request_response_irq.o,
by_pc,2147496364,14,294,588,602,14,14,112,0,154,inject,/Users/swchen.tw/git/percepio/poc/runs/tcp-workload-matrix-v1/A04-pbuf/build/tcp_request_response_irq.o,
by_pc,2147496368,14,14,28,42,14,0,0,0,0,inject,/Users/swchen.tw/git/percepio/poc/runs/tcp-workload-matrix-v1/A04-pbuf/build/tcp_request_response_irq.o,
by_pc,2147496370,14,294,588,602,14,14,112,0,154,inject,/Users/swchen.tw/git/percepio/poc/runs/tcp-workload-matrix-v1/A04-pbuf/build/tcp_request_response_irq.o,
by_pc,2147496374,14,28,56,70,14,14,0,0,0,inject,/Users/swchen.tw/git/percepio/poc/runs/tcp-workload-matrix-v1/A04-pbuf/build/tcp_request_response_irq.o,
by_pc,2147496378,14,14,28,42,14,0,0,0,0,inject,/Users/swchen.tw/git/percepio/poc/runs/tcp-workload-matrix-v1/A04-pbuf/build/tcp_request_response_irq.o,
by_pc,2147496380,14,14,28,42,14,0,0,0,0,inject,/Users/swchen.tw/git/percepio/poc/runs/tcp-workload-matrix-v1/A04-pbuf/build/tcp_request_response_irq.o,
by_pc,2147496382,14,126,252,266,28,0,80,18,0,inject,/Users/swchen.tw/git/percepio/poc/runs/tcp-workload-matrix-v1/A04-pbuf/build/tcp_request_response_irq.o,
by_pc,2147496386,14,294,588,602,14,14,112,0,154,inject,/Users/swchen.tw/git/percepio/poc/runs/tcp-workload-matrix-v1/A04-pbuf/build/tcp_request_response_irq.o,
by_pc,2147496390,14,294,588,602,14,14,112,0,154,inject,/Users/swchen.tw/git/percepio/poc/runs/tcp-workload-matrix-v1/A04-pbuf/build/tcp_request_response_irq.o,
by_pc,2147496394,14,14,28,42,14,0,0,0,0,inject,/Users/swchen.tw/git/percepio/poc/runs/tcp-workload-matrix-v1/A04-pbuf/build/tcp_request_response_irq.o,
by_pc,2147496398,14,14,28,42,14,0,0,0,0,inject,/Users/swchen.tw/git/percepio/poc/runs/tcp-workload-matrix-v1/A04-pbuf/build/tcp_request_response_irq.o,
by_pc,2147496400,14,294,588,602,14,14,112,0,154,inject,/Users/swchen.tw/git/percepio/poc/runs/tcp-workload-matrix-v1/A04-pbuf/build/tcp_request_response_irq.o,
by_pc,2147496404,14,28,56,70,14,14,0,0,0,inject,/Users/swchen.tw/git/percepio/poc/runs/tcp-workload-matrix-v1/A04-pbuf/build/tcp_request_response_irq.o,
by_pc,2147496408,14,294,588,602,14,14,112,0,154,inject,/Users/swchen.tw/git/percepio/poc/runs/tcp-workload-matrix-v1/A04-pbuf/build/tcp_request_response_irq.o,
by_pc,2147496412,14,14,28,42,14,0,0,0,0,inject,/Users/swchen.tw/git/percepio/poc/runs/tcp-workload-matrix-v1/A04-pbuf/build/tcp_request_response_irq.o,
by_pc,2147496416,14,294,588,602,14,14,112,0,154,inject,/Users/swchen.tw/git/percepio/poc/runs/tcp-workload-matrix-v1/A04-pbuf/build/tcp_request_response_irq.o,
by_pc,2147496420,14,294,588,602,14,14,112,0,154,inject,/Users/swchen.tw/git/percepio/poc/runs/tcp-workload-matrix-v1/A04-pbuf/build/tcp_request_response_irq.o,
by_pc,2147496424,14,14,28,42,14,0,0,0,0,inject,/Users/swchen.tw/git/percepio/poc/runs/tcp-workload-matrix-v1/A04-pbuf/build/tcp_request_response_irq.o,
by_pc,2147496428,14,14,28,42,14,0,0,0,0,inject,/Users/swchen.tw/git/percepio/poc/runs/tcp-workload-matrix-v1/A04-pbuf/build/tcp_request_response_irq.o,
by_pc,2147496430,14,294,588,602,14,14,112,0,154,inject,/Users/swchen.tw/git/percepio/poc/runs/tcp-workload-matrix-v1/A04-pbuf/build/tcp_request_response_irq.o,
by_pc,2147496434,14,294,588,602,14,14,112,0,154,inject,/Users/swchen.tw/git/percepio/poc/runs/tcp-workload-matrix-v1/A04-pbuf/build/tcp_request_response_irq.o,
by_pc,2147496438,14,14,28,42,14,0,0,0,0,inject,/Users/swchen.tw/git/percepio/poc/runs/tcp-workload-matrix-v1/A04-pbuf/build/tcp_request_response_irq.o,
by_pc,2147499828,28,62,124,152,28,0,16,18,0,inet_chksum,/Users/swchen.tw/git/percepio/poc/runs/tcp-workload-matrix-v1/A04-pbuf/build/inet_chksum.o,
by_pc,2147499830,28,588,1176,1204,28,28,224,0,308,inet_chksum,/Users/swchen.tw/git/percepio/poc/runs/tcp-workload-matrix-v1/A04-pbuf/build/inet_chksum.o,
by_pc,2147499832,28,28,56,84,28,0,0,0,0,inet_chksum,/Users/swchen.tw/git/percepio/poc/runs/tcp-workload-matrix-v1/A04-pbuf/build/inet_chksum.o,
by_pc,2147499458,75,101,202,277,75,0,8,18,0,lwip_standard_chksum,/Users/swchen.tw/git/percepio/poc/runs/tcp-workload-matrix-v1/A04-pbuf/build/inet_chksum.o,
by_pc,2147499460,75,75,150,225,75,0,0,0,0,lwip_standard_chksum,/Users/swchen.tw/git/percepio/poc/runs/tcp-workload-matrix-v1/A04-pbuf/build/inet_chksum.o,
by_pc,2147499464,75,75,150,225,75,0,0,0,0,lwip_standard_chksum,/Users/swchen.tw/git/percepio/poc/runs/tcp-workload-matrix-v1/A04-pbuf/build/inet_chksum.o,
by_pc,2147499468,75,75,150,225,75,0,0,0,0,lwip_standard_chksum,/Users/swchen.tw/git/percepio/poc/runs/tcp-workload-matrix-v1/A04-pbuf/build/inet_chksum.o,
by_pc,2147499480,75,75,150,225,75,0,0,0,0,lwip_standard_chksum,/Users/swchen.tw/git/percepio/poc/runs/tcp-workload-matrix-v1/A04-pbuf/build/inet_chksum.o,
by_pc,2147499484,75,75,150,225,75,0,0,0,0,lwip_standard_chksum,/Users/swchen.tw/git/percepio/poc/runs/tcp-workload-matrix-v1/A04-pbuf/build/inet_chksum.o,
by_pc,2147499486,58,58,116,174,58,0,0,0,0,lwip_standard_chksum,/Users/swchen.tw/git/percepio/poc/runs/tcp-workload-matrix-v1/A04-pbuf/build/inet_chksum.o,
by_pc,2147499490,58,58,116,174,58,0,0,0,0,lwip_standard_chksum,/Users/swchen.tw/git/percepio/poc/runs/tcp-workload-matrix-v1/A04-pbuf/build/inet_chksum.o,
by_pc,2147499492,58,116,232,290,58,58,0,0,0,lwip_standard_chksum,/Users/swchen.tw/git/percepio/poc/runs/tcp-workload-matrix-v1/A04-pbuf/build/inet_chksum.o,
by_pc,2147499496,58,58,116,174,58,0,0,0,0,lwip_standard_chksum,/Users/swchen.tw/git/percepio/poc/runs/tcp-workload-matrix-v1/A04-pbuf/build/inet_chksum.o,
by_pc,2147499498,58,58,116,174,58,0,0,0,0,lwip_standard_chksum,/Users/swchen.tw/git/percepio/poc/runs/tcp-workload-matrix-v1/A04-pbuf/build/inet_chksum.o,
by_pc,2147499500,75,75,150,225,75,0,0,0,0,lwip_standard_chksum,/Users/swchen.tw/git/percepio/poc/runs/tcp-workload-matrix-v1/A04-pbuf/build/inet_chksum.o,
by_pc,2147499502,1697,1697,3394,5091,1697,0,0,0,0,lwip_standard_chksum,/Users/swchen.tw/git/percepio/poc/runs/tcp-workload-matrix-v1/A04-pbuf/build/inet_chksum.o,
by_pc,2147499582,1622,3278,6556,8178,1622,1622,16,18,0,lwip_standard_chksum,/Users/swchen.tw/git/percepio/poc/runs/tcp-workload-matrix-v1/A04-pbuf/build/inet_chksum.o,
by_pc,2147499584,1622,1680,3360,4982,1622,0,40,18,0,lwip_standard_chksum,/Users/swchen.tw/git/percepio/poc/runs/tcp-workload-matrix-v1/A04-pbuf/build/inet_chksum.o,
by_pc,2147499586,1622,1622,3244,4866,1622,0,0,0,0,lwip_standard_chksum,/Users/swchen.tw/git/percepio/poc/runs/tcp-workload-matrix-v1/A04-pbuf/build/inet_chksum.o,
by_pc,2147499588,1622,1622,3244,4866,1622,0,0,0,0,lwip_standard_chksum,/Users/swchen.tw/git/percepio/poc/runs/tcp-workload-matrix-v1/A04-pbuf/build/inet_chksum.o,
by_pc,2147499590,1622,1622,3244,4866,1622,0,0,0,0,lwip_standard_chksum,/Users/swchen.tw/git/percepio/poc/runs/tcp-workload-matrix-v1/A04-pbuf/build/inet_chksum.o,
by_pc,2147499594,1622,1622,3244,4866,1622,0,0,0,0,lwip_standard_chksum,/Users/swchen.tw/git/percepio/poc/runs/tcp-workload-matrix-v1/A04-pbuf/build/inet_chksum.o,
by_pc,2147499596,1622,3244,6488,8110,1622,1622,0,0,0,lwip_standard_chksum,/Users/swchen.tw/git/percepio/poc/runs/tcp-workload-matrix-v1/A04-pbuf/build/inet_chksum.o,
by_pc,2147499600,1622,1622,3244,4866,1622,0,0,0,0,lwip_standard_chksum,/Users/swchen.tw/git/percepio/poc/runs/tcp-workload-matrix-v1/A04-pbuf/build/inet_chksum.o,
by_pc,2147499602,1622,1622,3244,4866,1622,0,0,0,0,lwip_standard_chksum,/Users/swchen.tw/git/percepio/poc/runs/tcp-workload-matrix-v1/A04-pbuf/build/inet_chksum.o,
by_pc,2147499606,1622,1622,3244,4866,1622,0,0,0,0,lwip_standard_chksum,/Users/swchen.tw/git/percepio/poc/runs/tcp-workload-matrix-v1/A04-pbuf/build/inet_chksum.o,
by_pc,2147499608,1622,1622,3244,4866,1622,0,0,0,0,lwip_standard_chksum,/Users/swchen.tw/git/percepio/poc/runs/tcp-workload-matrix-v1/A04-pbuf/build/inet_chksum.o,
by_pc,2147499506,75,75,150,225,75,0,0,0,0,lwip_standard_chksum,/Users/swchen.tw/git/percepio/poc/runs/tcp-workload-matrix-v1/A04-pbuf/build/inet_chksum.o,
by_pc,2147499510,75,75,150,225,75,0,0,0,0,lwip_standard_chksum,/Users/swchen.tw/git/percepio/poc/runs/tcp-workload-matrix-v1/A04-pbuf/build/inet_chksum.o,
by_pc,2147499512,75,75,150,225,75,0,0,0,0,lwip_standard_chksum,/Users/swchen.tw/git/percepio/poc/runs/tcp-workload-matrix-v1/A04-pbuf/build/inet_chksum.o,
by_pc,2147499514,75,75,150,225,75,0,0,0,0,lwip_standard_chksum,/Users/swchen.tw/git/percepio/poc/runs/tcp-workload-matrix-v1/A04-pbuf/build/inet_chksum.o,
by_pc,2147499516,75,75,150,225,75,0,0,0,0,lwip_standard_chksum,/Users/swchen.tw/git/percepio/poc/runs/tcp-workload-matrix-v1/A04-pbuf/build/inet_chksum.o,
by_pc,2147499518,173,346,692,865,346,0,0,0,0,lwip_standard_chksum,/Users/swchen.tw/git/percepio/poc/runs/tcp-workload-matrix-v1/A04-pbuf/build/inet_chksum.o,
by_pc,2147499610,98,196,392,490,98,98,0,0,0,lwip_standard_chksum,/Users/swchen.tw/git/percepio/poc/runs/tcp-workload-matrix-v1/A04-pbuf/build/inet_chksum.o,
by_pc,2147499614,98,98,196,294,98,0,0,0,0,lwip_standard_chksum,/Users/swchen.tw/git/percepio/poc/runs/tcp-workload-matrix-v1/A04-pbuf/build/inet_chksum.o,
by_pc,2147499616,98,98,196,294,98,0,0,0,0,lwip_standard_chksum,/Users/swchen.tw/git/percepio/poc/runs/tcp-workload-matrix-v1/A04-pbuf/build/inet_chksum.o,
by_pc,2147499618,98,98,196,294,98,0,0,0,0,lwip_standard_chksum,/Users/swchen.tw/git/percepio/poc/runs/tcp-workload-matrix-v1/A04-pbuf/build/inet_chksum.o,
by_pc,2147499620,98,98,196,294,98,0,0,0,0,lwip_standard_chksum,/Users/swchen.tw/git/percepio/poc/runs/tcp-workload-matrix-v1/A04-pbuf/build/inet_chksum.o,
by_pc,2147499522,75,75,150,225,75,0,0,0,0,lwip_standard_chksum,/Users/swchen.tw/git/percepio/poc/runs/tcp-workload-matrix-v1/A04-pbuf/build/inet_chksum.o,
by_pc,2147499536,75,75,150,225,75,0,0,0,0,lwip_standard_chksum,/Users/swchen.tw/git/percepio/poc/runs/tcp-workload-matrix-v1/A04-pbuf/build/inet_chksum.o,
by_pc,2147499538,75,75,150,225,75,0,0,0,0,lwip_standard_chksum,/Users/swchen.tw/git/percepio/poc/runs/tcp-workload-matrix-v1/A04-pbuf/build/inet_chksum.o,
by_pc,2147499542,75,75,150,225,75,0,0,0,0,lwip_standard_chksum,/Users/swchen.tw/git/percepio/poc/runs/tcp-workload-matrix-v1/A04-pbuf/build/inet_chksum.o,
by_pc,2147499544,75,75,150,225,75,0,0,0,0,lwip_standard_chksum,/Users/swchen.tw/git/percepio/poc/runs/tcp-workload-matrix-v1/A04-pbuf/build/inet_chksum.o,
by_pc,2147499546,75,75,150,225,75,0,0,0,0,lwip_standard_chksum,/Users/swchen.tw/git/percepio/poc/runs/tcp-workload-matrix-v1/A04-pbuf/build/inet_chksum.o,
by_pc,2147499548,75,75,150,225,75,0,0,0,0,lwip_standard_chksum,/Users/swchen.tw/git/percepio/poc/runs/tcp-workload-matrix-v1/A04-pbuf/build/inet_chksum.o,
by_pc,2147499552,75,75,150,225,75,0,0,0,0,lwip_standard_chksum,/Users/swchen.tw/git/percepio/poc/runs/tcp-workload-matrix-v1/A04-pbuf/build/inet_chksum.o,
by_pc,2147499554,75,75,150,225,75,0,0,0,0,lwip_standard_chksum,/Users/swchen.tw/git/percepio/poc/runs/tcp-workload-matrix-v1/A04-pbuf/build/inet_chksum.o,
by_pc,2147499556,75,75,150,225,75,0,0,0,0,lwip_standard_chksum,/Users/swchen.tw/git/percepio/poc/runs/tcp-workload-matrix-v1/A04-pbuf/build/inet_chksum.o,
by_pc,2147499558,75,75,150,225,75,0,0,0,0,lwip_standard_chksum,/Users/swchen.tw/git/percepio/poc/runs/tcp-workload-matrix-v1/A04-pbuf/build/inet_chksum.o,
by_pc,2147499572,75,75,150,225,75,0,0,0,0,lwip_standard_chksum,/Users/swchen.tw/git/percepio/poc/runs/tcp-workload-matrix-v1/A04-pbuf/build/inet_chksum.o,
by_pc,2147499574,75,75,150,225,75,0,0,0,0,lwip_standard_chksum,/Users/swchen.tw/git/percepio/poc/runs/tcp-workload-matrix-v1/A04-pbuf/build/inet_chksum.o,
by_pc,2147499576,75,75,150,225,75,0,0,0,0,lwip_standard_chksum,/Users/swchen.tw/git/percepio/poc/runs/tcp-workload-matrix-v1/A04-pbuf/build/inet_chksum.o,
by_pc,2147499836,28,56,112,140,28,28,0,0,0,inet_chksum,/Users/swchen.tw/git/percepio/poc/runs/tcp-workload-matrix-v1/A04-pbuf/build/inet_chksum.o,
by_pc,2147499838,28,178,356,384,56,0,104,18,0,inet_chksum,/Users/swchen.tw/git/percepio/poc/runs/tcp-workload-matrix-v1/A04-pbuf/build/inet_chksum.o,
by_pc,2147499842,28,28,56,84,28,0,0,0,0,inet_chksum,/Users/swchen.tw/git/percepio/poc/runs/tcp-workload-matrix-v1/A04-pbuf/build/inet_chksum.o,
by_pc,2147499844,28,28,56,84,28,0,0,0,0,inet_chksum,/Users/swchen.tw/git/percepio/poc/runs/tcp-workload-matrix-v1/A04-pbuf/build/inet_chksum.o,
by_pc,2147499846,28,28,56,84,28,0,0,0,0,inet_chksum,/Users/swchen.tw/git/percepio/poc/runs/tcp-workload-matrix-v1/A04-pbuf/build/inet_chksum.o,
by_pc,2147499848,28,28,56,84,28,0,0,0,0,inet_chksum,/Users/swchen.tw/git/percepio/poc/runs/tcp-workload-matrix-v1/A04-pbuf/build/inet_chksum.o,
by_pc,2147496442,14,294,588,602,14,14,112,0,154,inject,/Users/swchen.tw/git/percepio/poc/runs/tcp-workload-matrix-v1/A04-pbuf/build/tcp_request_response_irq.o,
by_pc,2147496446,14,14,28,42,14,0,0,0,0,inject,/Users/swchen.tw/git/percepio/poc/runs/tcp-workload-matrix-v1/A04-pbuf/build/tcp_request_response_irq.o,
by_pc,2147496448,14,424,848,862,14,14,224,18,154,inject,/Users/swchen.tw/git/percepio/poc/runs/tcp-workload-matrix-v1/A04-pbuf/build/tcp_request_response_irq.o,
by_pc,2147496452,14,14,28,42,14,0,0,0,0,inject,/Users/swchen.tw/git/percepio/poc/runs/tcp-workload-matrix-v1/A04-pbuf/build/tcp_request_response_irq.o,
by_pc,2147496454,14,14,28,42,14,0,0,0,0,inject,/Users/swchen.tw/git/percepio/poc/runs/tcp-workload-matrix-v1/A04-pbuf/build/tcp_request_response_irq.o,
by_pc,2147496456,14,14,28,42,14,0,0,0,0,inject,/Users/swchen.tw/git/percepio/poc/runs/tcp-workload-matrix-v1/A04-pbuf/build/tcp_request_response_irq.o,
by_pc,2147501678,42,118,236,278,42,0,40,36,0,pbuf_remove_header,/Users/swchen.tw/git/percepio/poc/runs/tcp-workload-matrix-v1/A04-pbuf/build/pbuf.o,
by_pc,2147501680,42,42,84,126,42,0,0,0,0,pbuf_remove_header,/Users/swchen.tw/git/percepio/poc/runs/tcp-workload-matrix-v1/A04-pbuf/build/pbuf.o,
by_pc,2147501682,42,42,84,126,42,0,0,0,0,pbuf_remove_header,/Users/swchen.tw/git/percepio/poc/runs/tcp-workload-matrix-v1/A04-pbuf/build/pbuf.o,
by_pc,2147501686,42,42,84,126,42,0,0,0,0,pbuf_remove_header,/Users/swchen.tw/git/percepio/poc/runs/tcp-workload-matrix-v1/A04-pbuf/build/pbuf.o,
by_pc,2147501688,42,42,84,126,42,0,0,0,0,pbuf_remove_header,/Users/swchen.tw/git/percepio/poc/runs/tcp-workload-matrix-v1/A04-pbuf/build/pbuf.o,
by_pc,2147501690,42,84,168,210,42,42,0,0,0,pbuf_remove_header,/Users/swchen.tw/git/percepio/poc/runs/tcp-workload-matrix-v1/A04-pbuf/build/pbuf.o,
by_pc,2147501694,42,110,220,262,84,0,8,18,0,pbuf_remove_header,/Users/swchen.tw/git/percepio/poc/runs/tcp-workload-matrix-v1/A04-pbuf/build/pbuf.o,
by_pc,2147501698,42,42,84,126,42,0,0,0,0,pbuf_remove_header,/Users/swchen.tw/git/percepio/poc/runs/tcp-workload-matrix-v1/A04-pbuf/build/pbuf.o,
by_pc,2147501700,42,42,84,126,42,0,0,0,0,pbuf_remove_header,/Users/swchen.tw/git/percepio/poc/runs/tcp-workload-matrix-v1/A04-pbuf/build/pbuf.o,
by_pc,2147501702,42,42,84,126,42,0,0,0,0,pbuf_remove_header,/Users/swchen.tw/git/percepio/poc/runs/tcp-workload-matrix-v1/A04-pbuf/build/pbuf.o,
by_pc,2147501706,42,42,84,126,42,0,0,0,0,pbuf_remove_header,/Users/swchen.tw/git/percepio/poc/runs/tcp-workload-matrix-v1/A04-pbuf/build/pbuf.o,
by_pc,2147501708,42,84,168,210,42,42,0,0,0,pbuf_remove_header,/Users/swchen.tw/git/percepio/poc/runs/tcp-workload-matrix-v1/A04-pbuf/build/pbuf.o,
by_pc,2147501710,42,882,1764,1806,42,42,336,0,462,pbuf_remove_header,/Users/swchen.tw/git/percepio/poc/runs/tcp-workload-matrix-v1/A04-pbuf/build/pbuf.o,
by_pc,2147501714,42,84,168,210,42,42,0,0,0,pbuf_remove_header,/Users/swchen.tw/git/percepio/poc/runs/tcp-workload-matrix-v1/A04-pbuf/build/pbuf.o,
by_pc,2147501718,42,42,84,126,42,0,0,0,0,pbuf_remove_header,/Users/swchen.tw/git/percepio/poc/runs/tcp-workload-matrix-v1/A04-pbuf/build/pbuf.o,
by_pc,2147501720,42,882,1764,1806,42,42,336,0,462,pbuf_remove_header,/Users/swchen.tw/git/percepio/poc/runs/tcp-workload-matrix-v1/A04-pbuf/build/pbuf.o,
by_pc,2147501722,42,42,84,126,42,0,0,0,0,pbuf_remove_header,/Users/swchen.tw/git/percepio/poc/runs/tcp-workload-matrix-v1/A04-pbuf/build/pbuf.o,
by_pc,2147501724,42,882,1764,1806,42,42,336,0,462,pbuf_remove_header,/Users/swchen.tw/git/percepio/poc/runs/tcp-workload-matrix-v1/A04-pbuf/build/pbuf.o,
by_pc,2147501728,42,42,84,126,42,0,0,0,0,pbuf_remove_header,/Users/swchen.tw/git/percepio/poc/runs/tcp-workload-matrix-v1/A04-pbuf/build/pbuf.o,
by_pc,2147501730,42,42,84,126,42,0,0,0,0,pbuf_remove_header,/Users/swchen.tw/git/percepio/poc/runs/tcp-workload-matrix-v1/A04-pbuf/build/pbuf.o,
by_pc,2147496460,14,14,28,42,14,0,0,0,0,inject,/Users/swchen.tw/git/percepio/poc/runs/tcp-workload-matrix-v1/A04-pbuf/build/tcp_request_response_irq.o,
by_pc,2147496478,14,28,56,70,14,14,0,0,0,inject,/Users/swchen.tw/git/percepio/poc/runs/tcp-workload-matrix-v1/A04-pbuf/build/tcp_request_response_irq.o,
by_pc,2147496480,14,14,28,42,14,0,0,0,0,inject,/Users/swchen.tw/git/percepio/poc/runs/tcp-workload-matrix-v1/A04-pbuf/build/tcp_request_response_irq.o,
by_pc,2147496482,14,14,28,42,14,0,0,0,0,inject,/Users/swchen.tw/git/percepio/poc/runs/tcp-workload-matrix-v1/A04-pbuf/build/tcp_request_response_irq.o,
by_pc,2147496486,14,14,28,42,14,0,0,0,0,inject,/Users/swchen.tw/git/percepio/poc/runs/tcp-workload-matrix-v1/A04-pbuf/build/tcp_request_response_irq.o,
by_pc,2147496490,14,294,588,602,14,14,112,0,154,inject,/Users/swchen.tw/git/percepio/poc/runs/tcp-workload-matrix-v1/A04-pbuf/build/tcp_request_response_irq.o,
by_pc,2147496494,14,14,28,42,14,0,0,0,0,inject,/Users/swchen.tw/git/percepio/poc/runs/tcp-workload-matrix-v1/A04-pbuf/build/tcp_request_response_irq.o,
by_pc,2147496496,14,294,588,602,14,14,112,0,154,inject,/Users/swchen.tw/git/percepio/poc/runs/tcp-workload-matrix-v1/A04-pbuf/build/tcp_request_response_irq.o,
by_pc,2147496500,14,14,28,42,14,0,0,0,0,inject,/Users/swchen.tw/git/percepio/poc/runs/tcp-workload-matrix-v1/A04-pbuf/build/tcp_request_response_irq.o,
by_pc,2147496504,14,14,28,42,14,0,0,0,0,inject,/Users/swchen.tw/git/percepio/poc/runs/tcp-workload-matrix-v1/A04-pbuf/build/tcp_request_response_irq.o,
by_pc,2147496508,14,294,588,602,14,14,112,0,154,inject,/Users/swchen.tw/git/percepio/poc/runs/tcp-workload-matrix-v1/A04-pbuf/build/tcp_request_response_irq.o,
by_pc,2147496512,14,88,176,190,14,0,56,18,0,inject,/Users/swchen.tw/git/percepio/poc/runs/tcp-workload-matrix-v1/A04-pbuf/build/tcp_request_response_irq.o,
by_pc,2147496514,14,294,588,602,14,14,112,0,154,inject,/Users/swchen.tw/git/percepio/poc/runs/tcp-workload-matrix-v1/A04-pbuf/build/tcp_request_response_irq.o,
by_pc,2147496518,14,14,28,42,14,0,0,0,0,inject,/Users/swchen.tw/git/percepio/poc/runs/tcp-workload-matrix-v1/A04-pbuf/build/tcp_request_response_irq.o,
by_pc,2147496520,14,14,28,42,14,0,0,0,0,inject,/Users/swchen.tw/git/percepio/poc/runs/tcp-workload-matrix-v1/A04-pbuf/build/tcp_request_response_irq.o,
by_pc,2147499422,161,161,322,483,161,0,0,0,0,lwip_htonl,/Users/swchen.tw/git/percepio/poc/runs/tcp-workload-matrix-v1/A04-pbuf/build/def.o,
by_pc,2147499426,161,161,322,483,161,0,0,0,0,lwip_htonl,/Users/swchen.tw/git/percepio/poc/runs/tcp-workload-matrix-v1/A04-pbuf/build/def.o,
by_pc,2147499430,161,161,322,483,161,0,0,0,0,lwip_htonl,/Users/swchen.tw/git/percepio/poc/runs/tcp-workload-matrix-v1/A04-pbuf/build/def.o,
by_pc,2147499432,161,161,322,483,161,0,0,0,0,lwip_htonl,/Users/swchen.tw/git/percepio/poc/runs/tcp-workload-matrix-v1/A04-pbuf/build/def.o,
by_pc,2147499436,161,161,322,483,161,0,0,0,0,lwip_htonl,/Users/swchen.tw/git/percepio/poc/runs/tcp-workload-matrix-v1/A04-pbuf/build/def.o,
by_pc,2147499440,161,161,322,483,161,0,0,0,0,lwip_htonl,/Users/swchen.tw/git/percepio/poc/runs/tcp-workload-matrix-v1/A04-pbuf/build/def.o,
by_pc,2147499442,161,161,322,483,161,0,0,0,0,lwip_htonl,/Users/swchen.tw/git/percepio/poc/runs/tcp-workload-matrix-v1/A04-pbuf/build/def.o,
by_pc,2147499444,161,161,322,483,161,0,0,0,0,lwip_htonl,/Users/swchen.tw/git/percepio/poc/runs/tcp-workload-matrix-v1/A04-pbuf/build/def.o,
by_pc,2147499446,161,161,322,483,161,0,0,0,0,lwip_htonl,/Users/swchen.tw/git/percepio/poc/runs/tcp-workload-matrix-v1/A04-pbuf/build/def.o,
by_pc,2147499450,161,161,322,483,161,0,0,0,0,lwip_htonl,/Users/swchen.tw/git/percepio/poc/runs/tcp-workload-matrix-v1/A04-pbuf/build/def.o,
by_pc,2147499452,161,161,322,483,161,0,0,0,0,lwip_htonl,/Users/swchen.tw/git/percepio/poc/runs/tcp-workload-matrix-v1/A04-pbuf/build/def.o,
by_pc,2147499454,161,161,322,483,161,0,0,0,0,lwip_htonl,/Users/swchen.tw/git/percepio/poc/runs/tcp-workload-matrix-v1/A04-pbuf/build/def.o,
by_pc,2147499456,161,201,402,563,161,0,40,0,0,lwip_htonl,/Users/swchen.tw/git/percepio/poc/runs/tcp-workload-matrix-v1/A04-pbuf/build/def.o,
by_pc,2147496524,14,14,28,42,14,0,0,0,0,inject,/Users/swchen.tw/git/percepio/poc/runs/tcp-workload-matrix-v1/A04-pbuf/build/tcp_request_response_irq.o,
by_pc,2147496528,14,294,588,602,14,14,112,0,154,inject,/Users/swchen.tw/git/percepio/poc/runs/tcp-workload-matrix-v1/A04-pbuf/build/tcp_request_response_irq.o,
by_pc,2147496532,14,294,588,602,14,14,112,0,154,inject,/Users/swchen.tw/git/percepio/poc/runs/tcp-workload-matrix-v1/A04-pbuf/build/tcp_request_response_irq.o,
by_pc,2147496536,14,14,28,42,14,0,0,0,0,inject,/Users/swchen.tw/git/percepio/poc/runs/tcp-workload-matrix-v1/A04-pbuf/build/tcp_request_response_irq.o,
by_pc,2147496540,14,14,28,42,14,0,0,0,0,inject,/Users/swchen.tw/git/percepio/poc/runs/tcp-workload-matrix-v1/A04-pbuf/build/tcp_request_response_irq.o,
by_pc,2147496542,14,294,588,602,14,14,112,0,154,inject,/Users/swchen.tw/git/percepio/poc/runs/tcp-workload-matrix-v1/A04-pbuf/build/tcp_request_response_irq.o,
by_pc,2147496546,14,294,588,602,14,14,112,0,154,inject,/Users/swchen.tw/git/percepio/poc/runs/tcp-workload-matrix-v1/A04-pbuf/build/tcp_request_response_irq.o,
by_pc,2147496550,14,14,28,42,14,0,0,0,0,inject,/Users/swchen.tw/git/percepio/poc/runs/tcp-workload-matrix-v1/A04-pbuf/build/tcp_request_response_irq.o,
by_pc,2147496552,14,14,28,42,14,0,0,0,0,inject,/Users/swchen.tw/git/percepio/poc/runs/tcp-workload-matrix-v1/A04-pbuf/build/tcp_request_response_irq.o,
by_pc,2147496556,14,14,28,42,14,0,0,0,0,inject,/Users/swchen.tw/git/percepio/poc/runs/tcp-workload-matrix-v1/A04-pbuf/build/tcp_request_response_irq.o,
by_pc,2147496560,14,294,588,602,14,14,112,0,154,inject,/Users/swchen.tw/git/percepio/poc/runs/tcp-workload-matrix-v1/A04-pbuf/build/tcp_request_response_irq.o,
by_pc,2147496564,14,14,28,42,14,0,0,0,0,inject,/Users/swchen.tw/git/percepio/poc/runs/tcp-workload-matrix-v1/A04-pbuf/build/tcp_request_response_irq.o,
by_pc,2147496568,14,294,588,602,14,14,112,0,154,inject,/Users/swchen.tw/git/percepio/poc/runs/tcp-workload-matrix-v1/A04-pbuf/build/tcp_request_response_irq.o,
by_pc,2147496572,14,294,588,602,14,14,112,0,154,inject,/Users/swchen.tw/git/percepio/poc/runs/tcp-workload-matrix-v1/A04-pbuf/build/tcp_request_response_irq.o,
by_pc,2147496576,14,56,112,126,14,0,24,18,0,inject,/Users/swchen.tw/git/percepio/poc/runs/tcp-workload-matrix-v1/A04-pbuf/build/tcp_request_response_irq.o,
by_pc,2147496578,14,28,56,70,14,14,0,0,0,inject,/Users/swchen.tw/git/percepio/poc/runs/tcp-workload-matrix-v1/A04-pbuf/build/tcp_request_response_irq.o,
by_pc,2147496582,14,294,588,602,14,14,112,0,154,inject,/Users/swchen.tw/git/percepio/poc/runs/tcp-workload-matrix-v1/A04-pbuf/build/tcp_request_response_irq.o,
by_pc,2147496586,14,28,56,70,14,14,0,0,0,inject,/Users/swchen.tw/git/percepio/poc/runs/tcp-workload-matrix-v1/A04-pbuf/build/tcp_request_response_irq.o,
by_pc,2147496590,14,14,28,42,14,0,0,0,0,inject,/Users/swchen.tw/git/percepio/poc/runs/tcp-workload-matrix-v1/A04-pbuf/build/tcp_request_response_irq.o,
by_pc,2147496592,14,14,28,42,14,0,0,0,0,inject,/Users/swchen.tw/git/percepio/poc/runs/tcp-workload-matrix-v1/A04-pbuf/build/tcp_request_response_irq.o,
by_pc,2147496596,14,14,28,42,14,0,0,0,0,inject,/Users/swchen.tw/git/percepio/poc/runs/tcp-workload-matrix-v1/A04-pbuf/build/tcp_request_response_irq.o,
by_pc,2147496598,14,14,28,42,14,0,0,0,0,inject,/Users/swchen.tw/git/percepio/poc/runs/tcp-workload-matrix-v1/A04-pbuf/build/tcp_request_response_irq.o,
by_pc,2147496602,14,14,28,42,14,0,0,0,0,inject,/Users/swchen.tw/git/percepio/poc/runs/tcp-workload-matrix-v1/A04-pbuf/build/tcp_request_response_irq.o,
by_pc,2147496604,14,14,28,42,14,0,0,0,0,inject,/Users/swchen.tw/git/percepio/poc/runs/tcp-workload-matrix-v1/A04-pbuf/build/tcp_request_response_irq.o,
by_pc,2147496608,14,14,28,42,14,0,0,0,0,inject,/Users/swchen.tw/git/percepio/poc/runs/tcp-workload-matrix-v1/A04-pbuf/build/tcp_request_response_irq.o,
by_pc,2147496612,14,14,28,42,14,0,0,0,0,inject,/Users/swchen.tw/git/percepio/poc/runs/tcp-workload-matrix-v1/A04-pbuf/build/tcp_request_response_irq.o,
by_pc,2147496616,14,14,28,42,14,0,0,0,0,inject,/Users/swchen.tw/git/percepio/poc/runs/tcp-workload-matrix-v1/A04-pbuf/build/tcp_request_response_irq.o,
by_pc,2147496620,14,14,28,42,14,0,0,0,0,inject,/Users/swchen.tw/git/percepio/poc/runs/tcp-workload-matrix-v1/A04-pbuf/build/tcp_request_response_irq.o,
by_pc,2147496622,14,294,588,602,14,14,112,0,154,inject,/Users/swchen.tw/git/percepio/poc/runs/tcp-workload-matrix-v1/A04-pbuf/build/tcp_request_response_irq.o,
by_pc,2147496626,14,14,28,42,14,0,0,0,0,inject,/Users/swchen.tw/git/percepio/poc/runs/tcp-workload-matrix-v1/A04-pbuf/build/tcp_request_response_irq.o,
by_pc,2147496630,14,294,588,602,14,14,112,0,154,inject,/Users/swchen.tw/git/percepio/poc/runs/tcp-workload-matrix-v1/A04-pbuf/build/tcp_request_response_irq.o,
by_pc,2147496634,14,14,28,42,14,0,0,0,0,inject,/Users/swchen.tw/git/percepio/poc/runs/tcp-workload-matrix-v1/A04-pbuf/build/tcp_request_response_irq.o,
by_pc,2147496636,14,14,28,42,14,0,0,0,0,inject,/Users/swchen.tw/git/percepio/poc/runs/tcp-workload-matrix-v1/A04-pbuf/build/tcp_request_response_irq.o,
by_pc,2147496640,14,114,228,242,14,0,64,36,0,inject,/Users/swchen.tw/git/percepio/poc/runs/tcp-workload-matrix-v1/A04-pbuf/build/tcp_request_response_irq.o,
by_pc,2147496642,14,14,28,42,14,0,0,0,0,inject,/Users/swchen.tw/git/percepio/poc/runs/tcp-workload-matrix-v1/A04-pbuf/build/tcp_request_response_irq.o,
by_pc,2147496646,14,14,28,42,14,0,0,0,0,inject,/Users/swchen.tw/git/percepio/poc/runs/tcp-workload-matrix-v1/A04-pbuf/build/tcp_request_response_irq.o,
by_pc,2147496650,14,14,28,42,14,0,0,0,0,inject,/Users/swchen.tw/git/percepio/poc/runs/tcp-workload-matrix-v1/A04-pbuf/build/tcp_request_response_irq.o,
by_pc,2147496654,14,294,588,602,14,14,112,0,154,inject,/Users/swchen.tw/git/percepio/poc/runs/tcp-workload-matrix-v1/A04-pbuf/build/tcp_request_response_irq.o,
by_pc,2147496658,14,14,28,42,14,0,0,0,0,inject,/Users/swchen.tw/git/percepio/poc/runs/tcp-workload-matrix-v1/A04-pbuf/build/tcp_request_response_irq.o,
by_pc,2147496660,14,294,588,602,14,14,112,0,154,inject,/Users/swchen.tw/git/percepio/poc/runs/tcp-workload-matrix-v1/A04-pbuf/build/tcp_request_response_irq.o,
by_pc,2147496664,14,14,28,42,14,0,0,0,0,inject,/Users/swchen.tw/git/percepio/poc/runs/tcp-workload-matrix-v1/A04-pbuf/build/tcp_request_response_irq.o,
by_pc,2147496666,14,14,28,42,14,0,0,0,0,inject,/Users/swchen.tw/git/percepio/poc/runs/tcp-workload-matrix-v1/A04-pbuf/build/tcp_request_response_irq.o,
by_pc,2147496670,14,14,28,42,14,0,0,0,0,inject,/Users/swchen.tw/git/percepio/poc/runs/tcp-workload-matrix-v1/A04-pbuf/build/tcp_request_response_irq.o,
by_pc,2147496674,14,294,588,602,14,14,112,0,154,inject,/Users/swchen.tw/git/percepio/poc/runs/tcp-workload-matrix-v1/A04-pbuf/build/tcp_request_response_irq.o,
by_pc,2147496678,14,14,28,42,14,0,0,0,0,inject,/Users/swchen.tw/git/percepio/poc/runs/tcp-workload-matrix-v1/A04-pbuf/build/tcp_request_response_irq.o,
by_pc,2147496680,14,294,588,602,14,14,112,0,154,inject,/Users/swchen.tw/git/percepio/poc/runs/tcp-workload-matrix-v1/A04-pbuf/build/tcp_request_response_irq.o,
by_pc,2147496684,14,14,28,42,14,0,0,0,0,inject,/Users/swchen.tw/git/percepio/poc/runs/tcp-workload-matrix-v1/A04-pbuf/build/tcp_request_response_irq.o,
by_pc,2147496688,1,1,2,3,1,0,0,0,0,inject,/Users/swchen.tw/git/percepio/poc/runs/tcp-workload-matrix-v1/A04-pbuf/build/tcp_request_response_irq.o,
by_pc,2147496690,1,21,42,43,1,1,8,0,11,inject,/Users/swchen.tw/git/percepio/poc/runs/tcp-workload-matrix-v1/A04-pbuf/build/tcp_request_response_irq.o,
by_pc,2147496694,1,1,2,3,1,0,0,0,0,inject,/Users/swchen.tw/git/percepio/poc/runs/tcp-workload-matrix-v1/A04-pbuf/build/tcp_request_response_irq.o,
by_pc,2147496696,1,21,42,43,1,1,8,0,11,inject,/Users/swchen.tw/git/percepio/poc/runs/tcp-workload-matrix-v1/A04-pbuf/build/tcp_request_response_irq.o,
by_pc,2147496700,1,1,2,3,1,0,0,0,0,inject,/Users/swchen.tw/git/percepio/poc/runs/tcp-workload-matrix-v1/A04-pbuf/build/tcp_request_response_irq.o,
by_pc,2147496702,1,48,96,97,2,1,16,18,11,inject,/Users/swchen.tw/git/percepio/poc/runs/tcp-workload-matrix-v1/A04-pbuf/build/tcp_request_response_irq.o,
by_pc,2147496706,1,1,2,3,1,0,0,0,0,inject,/Users/swchen.tw/git/percepio/poc/runs/tcp-workload-matrix-v1/A04-pbuf/build/tcp_request_response_irq.o,
by_pc,2147496710,1,21,42,43,1,1,8,0,11,inject,/Users/swchen.tw/git/percepio/poc/runs/tcp-workload-matrix-v1/A04-pbuf/build/tcp_request_response_irq.o,
by_pc,2147496714,14,102,204,218,14,0,88,0,0,inject,/Users/swchen.tw/git/percepio/poc/runs/tcp-workload-matrix-v1/A04-pbuf/build/tcp_request_response_irq.o,
by_pc,2147496732,14,28,56,70,14,14,0,0,0,inject,/Users/swchen.tw/git/percepio/poc/runs/tcp-workload-matrix-v1/A04-pbuf/build/tcp_request_response_irq.o,
by_pc,2147496736,14,14,28,42,14,0,0,0,0,inject,/Users/swchen.tw/git/percepio/poc/runs/tcp-workload-matrix-v1/A04-pbuf/build/tcp_request_response_irq.o,
by_pc,2147496738,14,14,28,42,14,0,0,0,0,inject,/Users/swchen.tw/git/percepio/poc/runs/tcp-workload-matrix-v1/A04-pbuf/build/tcp_request_response_irq.o,
by_pc,2147496742,14,14,28,42,14,0,0,0,0,inject,/Users/swchen.tw/git/percepio/poc/runs/tcp-workload-matrix-v1/A04-pbuf/build/tcp_request_response_irq.o,
by_pc,2147496746,14,14,28,42,14,0,0,0,0,inject,/Users/swchen.tw/git/percepio/poc/runs/tcp-workload-matrix-v1/A04-pbuf/build/tcp_request_response_irq.o,
by_pc,2147496748,14,14,28,42,14,0,0,0,0,inject,/Users/swchen.tw/git/percepio/poc/runs/tcp-workload-matrix-v1/A04-pbuf/build/tcp_request_response_irq.o,
by_pc,2147499622,39,103,206,245,39,0,64,0,0,inet_chksum_pseudo,/Users/swchen.tw/git/percepio/poc/runs/tcp-workload-matrix-v1/A04-pbuf/build/inet_chksum.o,
by_pc,2147499624,39,819,1638,1677,39,39,312,0,429,inet_chksum_pseudo,/Users/swchen.tw/git/percepio/poc/runs/tcp-workload-matrix-v1/A04-pbuf/build/inet_chksum.o,
by_pc,2147499626,39,819,1638,1677,39,39,312,0,429,inet_chksum_pseudo,/Users/swchen.tw/git/percepio/poc/runs/tcp-workload-matrix-v1/A04-pbuf/build/inet_chksum.o,
by_pc,2147499628,39,819,1638,1677,39,39,312,0,429,inet_chksum_pseudo,/Users/swchen.tw/git/percepio/poc/runs/tcp-workload-matrix-v1/A04-pbuf/build/inet_chksum.o,
by_pc,2147499630,39,837,1674,1713,39,39,312,18,429,inet_chksum_pseudo,/Users/swchen.tw/git/percepio/poc/runs/tcp-workload-matrix-v1/A04-pbuf/build/inet_chksum.o,
by_pc,2147499632,39,819,1638,1677,39,39,312,0,429,inet_chksum_pseudo,/Users/swchen.tw/git/percepio/poc/runs/tcp-workload-matrix-v1/A04-pbuf/build/inet_chksum.o,
by_pc,2147499634,39,819,1638,1677,39,39,312,0,429,inet_chksum_pseudo,/Users/swchen.tw/git/percepio/poc/runs/tcp-workload-matrix-v1/A04-pbuf/build/inet_chksum.o,
by_pc,2147499636,39,78,156,195,39,39,0,0,0,inet_chksum_pseudo,/Users/swchen.tw/git/percepio/poc/runs/tcp-workload-matrix-v1/A04-pbuf/build/inet_chksum.o,
by_pc,2147499638,39,78,156,195,39,39,0,0,0,inet_chksum_pseudo,/Users/swchen.tw/git/percepio/poc/runs/tcp-workload-matrix-v1/A04-pbuf/build/inet_chksum.o,
by_pc,2147499640,39,39,78,117,39,0,0,0,0,inet_chksum_pseudo,/Users/swchen.tw/git/percepio/poc/runs/tcp-workload-matrix-v1/A04-pbuf/build/inet_chksum.o,
by_pc,2147499642,39,39,78,117,39,0,0,0,0,inet_chksum_pseudo,/Users/swchen.tw/git/percepio/poc/runs/tcp-workload-matrix-v1/A04-pbuf/build/inet_chksum.o,
by_pc,2147499644,39,39,78,117,39,0,0,0,0,inet_chksum_pseudo,/Users/swchen.tw/git/percepio/poc/runs/tcp-workload-matrix-v1/A04-pbuf/build/inet_chksum.o,
by_pc,2147499648,39,89,178,217,39,0,32,18,0,inet_chksum_pseudo,/Users/swchen.tw/git/percepio/poc/runs/tcp-workload-matrix-v1/A04-pbuf/build/inet_chksum.o,
by_pc,2147499650,39,39,78,117,39,0,0,0,0,inet_chksum_pseudo,/Users/swchen.tw/git/percepio/poc/runs/tcp-workload-matrix-v1/A04-pbuf/build/inet_chksum.o,
by_pc,2147499652,39,39,78,117,39,0,0,0,0,inet_chksum_pseudo,/Users/swchen.tw/git/percepio/poc/runs/tcp-workload-matrix-v1/A04-pbuf/build/inet_chksum.o,
by_pc,2147499654,39,39,78,117,39,0,0,0,0,inet_chksum_pseudo,/Users/swchen.tw/git/percepio/poc/runs/tcp-workload-matrix-v1/A04-pbuf/build/inet_chksum.o,
by_pc,2147499658,39,39,78,117,39,0,0,0,0,inet_chksum_pseudo,/Users/swchen.tw/git/percepio/poc/runs/tcp-workload-matrix-v1/A04-pbuf/build/inet_chksum.o,
by_pc,2147499660,39,39,78,117,39,0,0,0,0,inet_chksum_pseudo,/Users/swchen.tw/git/percepio/poc/runs/tcp-workload-matrix-v1/A04-pbuf/build/inet_chksum.o,
by_pc,2147499662,39,39,78,117,39,0,0,0,0,inet_chksum_pseudo,/Users/swchen.tw/git/percepio/poc/runs/tcp-workload-matrix-v1/A04-pbuf/build/inet_chksum.o,
by_pc,2147499664,39,39,78,117,39,0,0,0,0,inet_chksum_pseudo,/Users/swchen.tw/git/percepio/poc/runs/tcp-workload-matrix-v1/A04-pbuf/build/inet_chksum.o,
by_pc,2147499666,39,39,78,117,39,0,0,0,0,inet_chksum_pseudo,/Users/swchen.tw/git/percepio/poc/runs/tcp-workload-matrix-v1/A04-pbuf/build/inet_chksum.o,
by_pc,2147499670,39,39,78,117,39,0,0,0,0,inet_chksum_pseudo,/Users/swchen.tw/git/percepio/poc/runs/tcp-workload-matrix-v1/A04-pbuf/build/inet_chksum.o,
by_pc,2147499672,39,39,78,117,39,0,0,0,0,inet_chksum_pseudo,/Users/swchen.tw/git/percepio/poc/runs/tcp-workload-matrix-v1/A04-pbuf/build/inet_chksum.o,
by_pc,2147499674,39,39,78,117,39,0,0,0,0,inet_chksum_pseudo,/Users/swchen.tw/git/percepio/poc/runs/tcp-workload-matrix-v1/A04-pbuf/build/inet_chksum.o,
by_pc,2147499676,39,39,78,117,39,0,0,0,0,inet_chksum_pseudo,/Users/swchen.tw/git/percepio/poc/runs/tcp-workload-matrix-v1/A04-pbuf/build/inet_chksum.o,
by_pc,2147499680,39,39,78,117,39,0,0,0,0,inet_chksum_pseudo,/Users/swchen.tw/git/percepio/poc/runs/tcp-workload-matrix-v1/A04-pbuf/build/inet_chksum.o,
by_pc,2147499682,39,39,78,117,39,0,0,0,0,inet_chksum_pseudo,/Users/swchen.tw/git/percepio/poc/runs/tcp-workload-matrix-v1/A04-pbuf/build/inet_chksum.o,
by_pc,2147499684,39,39,78,117,39,0,0,0,0,inet_chksum_pseudo,/Users/swchen.tw/git/percepio/poc/runs/tcp-workload-matrix-v1/A04-pbuf/build/inet_chksum.o,
by_pc,2147499686,39,39,78,117,39,0,0,0,0,inet_chksum_pseudo,/Users/swchen.tw/git/percepio/poc/runs/tcp-workload-matrix-v1/A04-pbuf/build/inet_chksum.o,
by_pc,2147499688,39,39,78,117,39,0,0,0,0,inet_chksum_pseudo,/Users/swchen.tw/git/percepio/poc/runs/tcp-workload-matrix-v1/A04-pbuf/build/inet_chksum.o,
by_pc,2147499690,86,86,172,258,86,0,0,0,0,inet_chksum_pseudo,/Users/swchen.tw/git/percepio/poc/runs/tcp-workload-matrix-v1/A04-pbuf/build/inet_chksum.o,
by_pc,2147499772,47,136,272,319,47,47,24,18,0,inet_chksum_pseudo,/Users/swchen.tw/git/percepio/poc/runs/tcp-workload-matrix-v1/A04-pbuf/build/inet_chksum.o,
by_pc,2147499776,47,94,188,235,47,47,0,0,0,inet_chksum_pseudo,/Users/swchen.tw/git/percepio/poc/runs/tcp-workload-matrix-v1/A04-pbuf/build/inet_chksum.o,
by_pc,2147499778,47,1005,2010,2057,47,47,376,18,517,inet_chksum_pseudo,/Users/swchen.tw/git/percepio/poc/runs/tcp-workload-matrix-v1/A04-pbuf/build/inet_chksum.o,
by_pc,2147499780,47,47,94,141,47,0,0,0,0,inet_chksum_pseudo,/Users/swchen.tw/git/percepio/poc/runs/tcp-workload-matrix-v1/A04-pbuf/build/inet_chksum.o,
by_pc,2147499784,47,94,188,235,47,47,0,0,0,inet_chksum_pseudo,/Users/swchen.tw/git/percepio/poc/runs/tcp-workload-matrix-v1/A04-pbuf/build/inet_chksum.o,
by_pc,2147499786,47,47,94,141,47,0,0,0,0,inet_chksum_pseudo,/Users/swchen.tw/git/percepio/poc/runs/tcp-workload-matrix-v1/A04-pbuf/build/inet_chksum.o,
by_pc,2147499788,47,47,94,141,47,0,0,0,0,inet_chksum_pseudo,/Users/swchen.tw/git/percepio/poc/runs/tcp-workload-matrix-v1/A04-pbuf/build/inet_chksum.o,
by_pc,2147499792,47,47,94,141,47,0,0,0,0,inet_chksum_pseudo,/Users/swchen.tw/git/percepio/poc/runs/tcp-workload-matrix-v1/A04-pbuf/build/inet_chksum.o,
by_pc,2147499794,47,47,94,141,47,0,0,0,0,inet_chksum_pseudo,/Users/swchen.tw/git/percepio/poc/runs/tcp-workload-matrix-v1/A04-pbuf/build/inet_chksum.o,
by_pc,2147499796,47,47,94,141,47,0,0,0,0,inet_chksum_pseudo,/Users/swchen.tw/git/percepio/poc/runs/tcp-workload-matrix-v1/A04-pbuf/build/inet_chksum.o,
by_pc,2147499798,47,47,94,141,47,0,0,0,0,inet_chksum_pseudo,/Users/swchen.tw/git/percepio/poc/runs/tcp-workload-matrix-v1/A04-pbuf/build/inet_chksum.o,
by_pc,2147499800,47,47,94,141,47,0,0,0,0,inet_chksum_pseudo,/Users/swchen.tw/git/percepio/poc/runs/tcp-workload-matrix-v1/A04-pbuf/build/inet_chksum.o,
by_pc,2147499820,47,94,188,235,47,47,0,0,0,inet_chksum_pseudo,/Users/swchen.tw/git/percepio/poc/runs/tcp-workload-matrix-v1/A04-pbuf/build/inet_chksum.o,
by_pc,2147499822,47,47,94,141,47,0,0,0,0,inet_chksum_pseudo,/Users/swchen.tw/git/percepio/poc/runs/tcp-workload-matrix-v1/A04-pbuf/build/inet_chksum.o,
by_pc,2147499692,39,39,78,117,39,0,0,0,0,inet_chksum_pseudo,/Users/swchen.tw/git/percepio/poc/runs/tcp-workload-matrix-v1/A04-pbuf/build/inet_chksum.o,
by_pc,2147499710,39,39,78,117,39,0,0,0,0,inet_chksum_pseudo,/Users/swchen.tw/git/percepio/poc/runs/tcp-workload-matrix-v1/A04-pbuf/build/inet_chksum.o,
by_pc,2147499712,39,39,78,117,39,0,0,0,0,inet_chksum_pseudo,/Users/swchen.tw/git/percepio/poc/runs/tcp-workload-matrix-v1/A04-pbuf/build/inet_chksum.o,
by_pc,2147499716,39,39,78,117,39,0,0,0,0,inet_chksum_pseudo,/Users/swchen.tw/git/percepio/poc/runs/tcp-workload-matrix-v1/A04-pbuf/build/inet_chksum.o,
by_pc,2147499718,39,39,78,117,39,0,0,0,0,inet_chksum_pseudo,/Users/swchen.tw/git/percepio/poc/runs/tcp-workload-matrix-v1/A04-pbuf/build/inet_chksum.o,
by_pc,2147499720,39,39,78,117,39,0,0,0,0,inet_chksum_pseudo,/Users/swchen.tw/git/percepio/poc/runs/tcp-workload-matrix-v1/A04-pbuf/build/inet_chksum.o,
by_pc,2147499724,39,39,78,117,39,0,0,0,0,inet_chksum_pseudo,/Users/swchen.tw/git/percepio/poc/runs/tcp-workload-matrix-v1/A04-pbuf/build/inet_chksum.o,
by_pc,2147499726,39,39,78,117,39,0,0,0,0,inet_chksum_pseudo,/Users/swchen.tw/git/percepio/poc/runs/tcp-workload-matrix-v1/A04-pbuf/build/inet_chksum.o,
by_pc,2147499728,39,39,78,117,39,0,0,0,0,inet_chksum_pseudo,/Users/swchen.tw/git/percepio/poc/runs/tcp-workload-matrix-v1/A04-pbuf/build/inet_chksum.o,
by_pc,2147499732,39,39,78,117,39,0,0,0,0,inet_chksum_pseudo,/Users/swchen.tw/git/percepio/poc/runs/tcp-workload-matrix-v1/A04-pbuf/build/inet_chksum.o,
by_pc,2147499734,39,39,78,117,39,0,0,0,0,inet_chksum_pseudo,/Users/swchen.tw/git/percepio/poc/runs/tcp-workload-matrix-v1/A04-pbuf/build/inet_chksum.o,
by_pc,2147499736,39,39,78,117,39,0,0,0,0,inet_chksum_pseudo,/Users/swchen.tw/git/percepio/poc/runs/tcp-workload-matrix-v1/A04-pbuf/build/inet_chksum.o,
by_pc,2147499738,39,39,78,117,39,0,0,0,0,inet_chksum_pseudo,/Users/swchen.tw/git/percepio/poc/runs/tcp-workload-matrix-v1/A04-pbuf/build/inet_chksum.o,
by_pc,2147499742,39,39,78,117,39,0,0,0,0,inet_chksum_pseudo,/Users/swchen.tw/git/percepio/poc/runs/tcp-workload-matrix-v1/A04-pbuf/build/inet_chksum.o,
by_pc,2147499744,39,39,78,117,39,0,0,0,0,inet_chksum_pseudo,/Users/swchen.tw/git/percepio/poc/runs/tcp-workload-matrix-v1/A04-pbuf/build/inet_chksum.o,
by_pc,2147499746,39,78,156,195,39,39,0,0,0,inet_chksum_pseudo,/Users/swchen.tw/git/percepio/poc/runs/tcp-workload-matrix-v1/A04-pbuf/build/inet_chksum.o,
by_pc,2147499748,39,78,156,195,39,39,0,0,0,inet_chksum_pseudo,/Users/swchen.tw/git/percepio/poc/runs/tcp-workload-matrix-v1/A04-pbuf/build/inet_chksum.o,
by_pc,2147499750,39,39,78,117,39,0,0,0,0,inet_chksum_pseudo,/Users/swchen.tw/git/percepio/poc/runs/tcp-workload-matrix-v1/A04-pbuf/build/inet_chksum.o,
by_pc,2147499752,39,39,78,117,39,0,0,0,0,inet_chksum_pseudo,/Users/swchen.tw/git/percepio/poc/runs/tcp-workload-matrix-v1/A04-pbuf/build/inet_chksum.o,
by_pc,2147499756,39,39,78,117,39,0,0,0,0,inet_chksum_pseudo,/Users/swchen.tw/git/percepio/poc/runs/tcp-workload-matrix-v1/A04-pbuf/build/inet_chksum.o,
by_pc,2147499758,39,78,156,195,39,39,0,0,0,inet_chksum_pseudo,/Users/swchen.tw/git/percepio/poc/runs/tcp-workload-matrix-v1/A04-pbuf/build/inet_chksum.o,
by_pc,2147499760,39,78,156,195,39,39,0,0,0,inet_chksum_pseudo,/Users/swchen.tw/git/percepio/poc/runs/tcp-workload-matrix-v1/A04-pbuf/build/inet_chksum.o,
by_pc,2147499762,39,78,156,195,39,39,0,0,0,inet_chksum_pseudo,/Users/swchen.tw/git/percepio/poc/runs/tcp-workload-matrix-v1/A04-pbuf/build/inet_chksum.o,
by_pc,2147499764,39,78,156,195,39,39,0,0,0,inet_chksum_pseudo,/Users/swchen.tw/git/percepio/poc/runs/tcp-workload-matrix-v1/A04-pbuf/build/inet_chksum.o,
by_pc,2147499766,39,39,78,117,39,0,0,0,0,inet_chksum_pseudo,/Users/swchen.tw/git/percepio/poc/runs/tcp-workload-matrix-v1/A04-pbuf/build/inet_chksum.o,
by_pc,2147499768,39,39,78,117,39,0,0,0,0,inet_chksum_pseudo,/Users/swchen.tw/git/percepio/poc/runs/tcp-workload-matrix-v1/A04-pbuf/build/inet_chksum.o,
by_pc,2147499770,39,39,78,117,39,0,0,0,0,inet_chksum_pseudo,/Users/swchen.tw/git/percepio/poc/runs/tcp-workload-matrix-v1/A04-pbuf/build/inet_chksum.o,
by_pc,2147496752,14,294,588,602,14,14,112,0,154,inject,/Users/swchen.tw/git/percepio/poc/runs/tcp-workload-matrix-v1/A04-pbuf/build/tcp_request_response_irq.o,
by_pc,2147496756,14,14,28,42,14,0,0,0,0,inject,/Users/swchen.tw/git/percepio/poc/runs/tcp-workload-matrix-v1/A04-pbuf/build/tcp_request_response_irq.o,
by_pc,2147496758,14,294,588,602,14,14,112,0,154,inject,/Users/swchen.tw/git/percepio/poc/runs/tcp-workload-matrix-v1/A04-pbuf/build/tcp_request_response_irq.o,
by_pc,2147496762,14,14,28,42,14,0,0,0,0,inject,/Users/swchen.tw/git/percepio/poc/runs/tcp-workload-matrix-v1/A04-pbuf/build/tcp_request_response_irq.o,
by_pc,2147496764,14,14,28,42,14,0,0,0,0,inject,/Users/swchen.tw/git/percepio/poc/runs/tcp-workload-matrix-v1/A04-pbuf/build/tcp_request_response_irq.o,
by_pc,2147496766,14,70,140,154,28,0,24,18,0,inject,/Users/swchen.tw/git/percepio/poc/runs/tcp-workload-matrix-v1/A04-pbuf/build/tcp_request_response_irq.o,
by_pc,2147501672,35,35,70,105,35,0,0,0,0,pbuf_add_header,/Users/swchen.tw/git/percepio/poc/runs/tcp-workload-matrix-v1/A04-pbuf/build/pbuf.o,
by_pc,2147501674,35,35,70,105,35,0,0,0,0,pbuf_add_header,/Users/swchen.tw/git/percepio/poc/runs/tcp-workload-matrix-v1/A04-pbuf/build/pbuf.o,
by_pc,2147501518,35,181,362,397,35,0,128,18,0,pbuf_add_header_impl,/Users/swchen.tw/git/percepio/poc/runs/tcp-workload-matrix-v1/A04-pbuf/build/pbuf.o,
by_pc,2147501520,35,35,70,105,35,0,0,0,0,pbuf_add_header_impl,/Users/swchen.tw/git/percepio/poc/runs/tcp-workload-matrix-v1/A04-pbuf/build/pbuf.o,
by_pc,2147501522,35,35,70,105,35,0,0,0,0,pbuf_add_header_impl,/Users/swchen.tw/git/percepio/poc/runs/tcp-workload-matrix-v1/A04-pbuf/build/pbuf.o,
by_pc,2147501526,35,35,70,105,35,0,0,0,0,pbuf_add_header_impl,/Users/swchen.tw/git/percepio/poc/runs/tcp-workload-matrix-v1/A04-pbuf/build/pbuf.o,
by_pc,2147501528,35,35,70,105,35,0,0,0,0,pbuf_add_header_impl,/Users/swchen.tw/git/percepio/poc/runs/tcp-workload-matrix-v1/A04-pbuf/build/pbuf.o,
by_pc,2147501530,35,70,140,175,35,35,0,0,0,pbuf_add_header_impl,/Users/swchen.tw/git/percepio/poc/runs/tcp-workload-matrix-v1/A04-pbuf/build/pbuf.o,
by_pc,2147501534,35,35,70,105,35,0,0,0,0,pbuf_add_header_impl,/Users/swchen.tw/git/percepio/poc/runs/tcp-workload-matrix-v1/A04-pbuf/build/pbuf.o,
by_pc,2147501538,35,35,70,105,35,0,0,0,0,pbuf_add_header_impl,/Users/swchen.tw/git/percepio/poc/runs/tcp-workload-matrix-v1/A04-pbuf/build/pbuf.o,
by_pc,2147501540,35,35,70,105,35,0,0,0,0,pbuf_add_header_impl,/Users/swchen.tw/git/percepio/poc/runs/tcp-workload-matrix-v1/A04-pbuf/build/pbuf.o,
by_pc,2147501542,35,35,70,105,35,0,0,0,0,pbuf_add_header_impl,/Users/swchen.tw/git/percepio/poc/runs/tcp-workload-matrix-v1/A04-pbuf/build/pbuf.o,
by_pc,2147501544,35,35,70,105,35,0,0,0,0,pbuf_add_header_impl,/Users/swchen.tw/git/percepio/poc/runs/tcp-workload-matrix-v1/A04-pbuf/build/pbuf.o,
by_pc,2147501546,35,35,70,105,35,0,0,0,0,pbuf_add_header_impl,/Users/swchen.tw/git/percepio/poc/runs/tcp-workload-matrix-v1/A04-pbuf/build/pbuf.o,
by_pc,2147501548,35,35,70,105,35,0,0,0,0,pbuf_add_header_impl,/Users/swchen.tw/git/percepio/poc/runs/tcp-workload-matrix-v1/A04-pbuf/build/pbuf.o,
by_pc,2147501552,35,70,140,175,35,35,0,0,0,pbuf_add_header_impl,/Users/swchen.tw/git/percepio/poc/runs/tcp-workload-matrix-v1/A04-pbuf/build/pbuf.o,
by_pc,2147501556,35,35,70,105,35,0,0,0,0,pbuf_add_header_impl,/Users/swchen.tw/git/percepio/poc/runs/tcp-workload-matrix-v1/A04-pbuf/build/pbuf.o,
by_pc,2147501560,35,70,140,175,35,35,0,0,0,pbuf_add_header_impl,/Users/swchen.tw/git/percepio/poc/runs/tcp-workload-matrix-v1/A04-pbuf/build/pbuf.o,
by_pc,2147501562,35,35,70,105,35,0,0,0,0,pbuf_add_header_impl,/Users/swchen.tw/git/percepio/poc/runs/tcp-workload-matrix-v1/A04-pbuf/build/pbuf.o,
by_pc,2147501564,35,35,70,105,35,0,0,0,0,pbuf_add_header_impl,/Users/swchen.tw/git/percepio/poc/runs/tcp-workload-matrix-v1/A04-pbuf/build/pbuf.o,
by_pc,2147501568,35,103,206,241,35,0,32,36,0,pbuf_add_header_impl,/Users/swchen.tw/git/percepio/poc/runs/tcp-workload-matrix-v1/A04-pbuf/build/pbuf.o,
by_pc,2147501572,35,35,70,105,35,0,0,0,0,pbuf_add_header_impl,/Users/swchen.tw/git/percepio/poc/runs/tcp-workload-matrix-v1/A04-pbuf/build/pbuf.o,
by_pc,2147501588,35,70,140,175,35,35,0,0,0,pbuf_add_header_impl,/Users/swchen.tw/git/percepio/poc/runs/tcp-workload-matrix-v1/A04-pbuf/build/pbuf.o,
by_pc,2147501592,35,735,1470,1505,35,35,280,0,385,pbuf_add_header_impl,/Users/swchen.tw/git/percepio/poc/runs/tcp-workload-matrix-v1/A04-pbuf/build/pbuf.o,
by_pc,2147501594,35,735,1470,1505,35,35,280,0,385,pbuf_add_header_impl,/Users/swchen.tw/git/percepio/poc/runs/tcp-workload-matrix-v1/A04-pbuf/build/pbuf.o,
by_pc,2147501598,35,35,70,105,35,0,0,0,0,pbuf_add_header_impl,/Users/swchen.tw/git/percepio/poc/runs/tcp-workload-matrix-v1/A04-pbuf/build/pbuf.o,
by_pc,2147501600,35,735,1470,1505,35,35,280,0,385,pbuf_add_header_impl,/Users/swchen.tw/git/percepio/poc/runs/tcp-workload-matrix-v1/A04-pbuf/build/pbuf.o,
by_pc,2147501604,35,35,70,105,35,0,0,0,0,pbuf_add_header_impl,/Users/swchen.tw/git/percepio/poc/runs/tcp-workload-matrix-v1/A04-pbuf/build/pbuf.o,
by_pc,2147501606,35,35,70,105,35,0,0,0,0,pbuf_add_header_impl,/Users/swchen.tw/git/percepio/poc/runs/tcp-workload-matrix-v1/A04-pbuf/build/pbuf.o,
by_pc,2147496770,14,14,28,42,14,0,0,0,0,inject,/Users/swchen.tw/git/percepio/poc/runs/tcp-workload-matrix-v1/A04-pbuf/build/tcp_request_response_irq.o,
by_pc,2147496788,14,14,28,42,14,0,0,0,0,inject,/Users/swchen.tw/git/percepio/poc/runs/tcp-workload-matrix-v1/A04-pbuf/build/tcp_request_response_irq.o,
by_pc,2147496790,14,14,28,42,14,0,0,0,0,inject,/Users/swchen.tw/git/percepio/poc/runs/tcp-workload-matrix-v1/A04-pbuf/build/tcp_request_response_irq.o,
by_pc,2147496792,14,14,28,42,14,0,0,0,0,inject,/Users/swchen.tw/git/percepio/poc/runs/tcp-workload-matrix-v1/A04-pbuf/build/tcp_request_response_irq.o,
by_pc,2147495094,25,51,102,127,25,0,8,18,0,snapshot,/Users/swchen.tw/git/percepio/poc/runs/tcp-workload-matrix-v1/A04-pbuf/build/tcp_request_response_irq.o,
by_pc,2147495096,25,525,1050,1075,25,25,200,0,275,snapshot,/Users/swchen.tw/git/percepio/poc/runs/tcp-workload-matrix-v1/A04-pbuf/build/tcp_request_response_irq.o,
by_pc,2147495098,25,525,1050,1075,25,25,200,0,275,snapshot,/Users/swchen.tw/git/percepio/poc/runs/tcp-workload-matrix-v1/A04-pbuf/build/tcp_request_response_irq.o,
by_pc,2147495100,25,525,1050,1075,25,25,200,0,275,snapshot,/Users/swchen.tw/git/percepio/poc/runs/tcp-workload-matrix-v1/A04-pbuf/build/tcp_request_response_irq.o,
by_pc,2147495102,25,525,1050,1075,25,25,200,0,275,snapshot,/Users/swchen.tw/git/percepio/poc/runs/tcp-workload-matrix-v1/A04-pbuf/build/tcp_request_response_irq.o,
by_pc,2147495104,25,139,278,303,25,0,96,18,0,snapshot,/Users/swchen.tw/git/percepio/poc/runs/tcp-workload-matrix-v1/A04-pbuf/build/tcp_request_response_irq.o,
by_pc,2147495108,25,50,100,125,25,25,0,0,0,snapshot,/Users/swchen.tw/git/percepio/poc/runs/tcp-workload-matrix-v1/A04-pbuf/build/tcp_request_response_irq.o,
by_pc,2147495110,25,25,50,75,25,0,0,0,0,snapshot,/Users/swchen.tw/git/percepio/poc/runs/tcp-workload-matrix-v1/A04-pbuf/build/tcp_request_response_irq.o,
by_pc,2147495112,25,25,50,75,25,0,0,0,0,snapshot,/Users/swchen.tw/git/percepio/poc/runs/tcp-workload-matrix-v1/A04-pbuf/build/tcp_request_response_irq.o,
by_pc,2147495114,25,25,50,75,25,0,0,0,0,snapshot,/Users/swchen.tw/git/percepio/poc/runs/tcp-workload-matrix-v1/A04-pbuf/build/tcp_request_response_irq.o,
by_pc,2147495116,25,25,50,75,25,0,0,0,0,snapshot,/Users/swchen.tw/git/percepio/poc/runs/tcp-workload-matrix-v1/A04-pbuf/build/tcp_request_response_irq.o,
by_pc,2147495120,25,50,100,125,25,25,0,0,0,snapshot,/Users/swchen.tw/git/percepio/poc/runs/tcp-workload-matrix-v1/A04-pbuf/build/tcp_request_response_irq.o,
by_pc,2147495124,25,25,50,75,25,0,0,0,0,snapshot,/Users/swchen.tw/git/percepio/poc/runs/tcp-workload-matrix-v1/A04-pbuf/build/tcp_request_response_irq.o,
by_pc,2147495128,25,25,50,75,25,0,0,0,0,snapshot,/Users/swchen.tw/git/percepio/poc/runs/tcp-workload-matrix-v1/A04-pbuf/build/tcp_request_response_irq.o,
by_pc,2147495148,25,50,100,125,25,25,0,0,0,snapshot,/Users/swchen.tw/git/percepio/poc/runs/tcp-workload-matrix-v1/A04-pbuf/build/tcp_request_response_irq.o,
by_pc,2147495150,25,50,100,125,25,25,0,0,0,snapshot,/Users/swchen.tw/git/percepio/poc/runs/tcp-workload-matrix-v1/A04-pbuf/build/tcp_request_response_irq.o,
by_pc,2147495154,25,25,50,75,25,0,0,0,0,snapshot,/Users/swchen.tw/git/percepio/poc/runs/tcp-workload-matrix-v1/A04-pbuf/build/tcp_request_response_irq.o,
by_pc,2147495158,25,25,50,75,25,0,0,0,0,snapshot,/Users/swchen.tw/git/percepio/poc/runs/tcp-workload-matrix-v1/A04-pbuf/build/tcp_request_response_irq.o,
by_pc,2147495162,25,25,50,75,25,0,0,0,0,snapshot,/Users/swchen.tw/git/percepio/poc/runs/tcp-workload-matrix-v1/A04-pbuf/build/tcp_request_response_irq.o,
by_pc,2147495166,25,25,50,75,25,0,0,0,0,snapshot,/Users/swchen.tw/git/percepio/poc/runs/tcp-workload-matrix-v1/A04-pbuf/build/tcp_request_response_irq.o,
by_pc,2147495168,25,659,1318,1343,25,25,280,54,275,snapshot,/Users/swchen.tw/git/percepio/poc/runs/tcp-workload-matrix-v1/A04-pbuf/build/tcp_request_response_irq.o,
by_pc,2147495170,25,25,50,75,25,0,0,0,0,snapshot,/Users/swchen.tw/git/percepio/poc/runs/tcp-workload-matrix-v1/A04-pbuf/build/tcp_request_response_irq.o,
by_pc,2147495174,25,25,50,75,25,0,0,0,0,snapshot,/Users/swchen.tw/git/percepio/poc/runs/tcp-workload-matrix-v1/A04-pbuf/build/tcp_request_response_irq.o,
by_pc,2147495178,25,25,50,75,25,0,0,0,0,snapshot,/Users/swchen.tw/git/percepio/poc/runs/tcp-workload-matrix-v1/A04-pbuf/build/tcp_request_response_irq.o,
by_pc,2147495180,25,579,1158,1183,25,25,200,54,275,snapshot,/Users/swchen.tw/git/percepio/poc/runs/tcp-workload-matrix-v1/A04-pbuf/build/tcp_request_response_irq.o,
by_pc,2147495184,25,25,50,75,25,0,0,0,0,snapshot,/Users/swchen.tw/git/percepio/poc/runs/tcp-workload-matrix-v1/A04-pbuf/build/tcp_request_response_irq.o,
by_pc,2147495188,25,25,50,75,25,0,0,0,0,snapshot,/Users/swchen.tw/git/percepio/poc/runs/tcp-workload-matrix-v1/A04-pbuf/build/tcp_request_response_irq.o,
by_pc,2147495192,25,25,50,75,25,0,0,0,0,snapshot,/Users/swchen.tw/git/percepio/poc/runs/tcp-workload-matrix-v1/A04-pbuf/build/tcp_request_response_irq.o,
by_pc,2147495196,25,25,50,75,25,0,0,0,0,snapshot,/Users/swchen.tw/git/percepio/poc/runs/tcp-workload-matrix-v1/A04-pbuf/build/tcp_request_response_irq.o,
by_pc,2147495200,25,25,50,75,25,0,0,0,0,snapshot,/Users/swchen.tw/git/percepio/poc/runs/tcp-workload-matrix-v1/A04-pbuf/build/tcp_request_response_irq.o,
by_pc,2147495202,25,25,50,75,25,0,0,0,0,snapshot,/Users/swchen.tw/git/percepio/poc/runs/tcp-workload-matrix-v1/A04-pbuf/build/tcp_request_response_irq.o,
by_pc,2147495204,25,25,50,75,25,0,0,0,0,snapshot,/Users/swchen.tw/git/percepio/poc/runs/tcp-workload-matrix-v1/A04-pbuf/build/tcp_request_response_irq.o,
by_pc,2147495206,25,25,50,75,25,0,0,0,0,snapshot,/Users/swchen.tw/git/percepio/poc/runs/tcp-workload-matrix-v1/A04-pbuf/build/tcp_request_response_irq.o,
by_pc,2147502542,25,51,102,127,25,0,8,18,0,pbuf_copy_partial,/Users/swchen.tw/git/percepio/poc/runs/tcp-workload-matrix-v1/A04-pbuf/build/pbuf.o,
by_pc,2147502544,25,525,1050,1075,25,25,200,0,275,pbuf_copy_partial,/Users/swchen.tw/git/percepio/poc/runs/tcp-workload-matrix-v1/A04-pbuf/build/pbuf.o,
by_pc,2147502546,25,525,1050,1075,25,25,200,0,275,pbuf_copy_partial,/Users/swchen.tw/git/percepio/poc/runs/tcp-workload-matrix-v1/A04-pbuf/build/pbuf.o,
by_pc,2147502548,25,525,1050,1075,25,25,200,0,275,pbuf_copy_partial,/Users/swchen.tw/git/percepio/poc/runs/tcp-workload-matrix-v1/A04-pbuf/build/pbuf.o,
by_pc,2147502550,25,525,1050,1075,25,25,200,0,275,pbuf_copy_partial,/Users/swchen.tw/git/percepio/poc/runs/tcp-workload-matrix-v1/A04-pbuf/build/pbuf.o,
by_pc,2147502552,25,525,1050,1075,25,25,200,0,275,pbuf_copy_partial,/Users/swchen.tw/git/percepio/poc/runs/tcp-workload-matrix-v1/A04-pbuf/build/pbuf.o,
by_pc,2147502554,25,25,50,75,25,0,0,0,0,pbuf_copy_partial,/Users/swchen.tw/git/percepio/poc/runs/tcp-workload-matrix-v1/A04-pbuf/build/pbuf.o,
by_pc,2147502556,25,25,50,75,25,0,0,0,0,pbuf_copy_partial,/Users/swchen.tw/git/percepio/poc/runs/tcp-workload-matrix-v1/A04-pbuf/build/pbuf.o,
by_pc,2147502558,25,25,50,75,25,0,0,0,0,pbuf_copy_partial,/Users/swchen.tw/git/percepio/poc/runs/tcp-workload-matrix-v1/A04-pbuf/build/pbuf.o,
by_pc,2147502560,25,25,50,75,25,0,0,0,0,pbuf_copy_partial,/Users/swchen.tw/git/percepio/poc/runs/tcp-workload-matrix-v1/A04-pbuf/build/pbuf.o,
by_pc,2147502562,25,25,50,75,25,0,0,0,0,pbuf_copy_partial,/Users/swchen.tw/git/percepio/poc/runs/tcp-workload-matrix-v1/A04-pbuf/build/pbuf.o,
by_pc,2147502564,25,25,50,75,25,0,0,0,0,pbuf_copy_partial,/Users/swchen.tw/git/percepio/poc/runs/tcp-workload-matrix-v1/A04-pbuf/build/pbuf.o,
by_pc,2147502566,58,58,116,174,58,0,0,0,0,pbuf_copy_partial,/Users/swchen.tw/git/percepio/poc/runs/tcp-workload-matrix-v1/A04-pbuf/build/pbuf.o,
by_pc,2147502568,33,33,66,99,33,0,0,0,0,pbuf_copy_partial,/Users/swchen.tw/git/percepio/poc/runs/tcp-workload-matrix-v1/A04-pbuf/build/pbuf.o,
by_pc,2147502586,33,66,132,165,33,33,0,0,0,pbuf_copy_partial,/Users/swchen.tw/git/percepio/poc/runs/tcp-workload-matrix-v1/A04-pbuf/build/pbuf.o,
by_pc,2147502590,33,33,66,99,33,0,0,0,0,pbuf_copy_partial,/Users/swchen.tw/git/percepio/poc/runs/tcp-workload-matrix-v1/A04-pbuf/build/pbuf.o,
by_pc,2147502606,33,131,262,295,33,0,80,18,0,pbuf_copy_partial,/Users/swchen.tw/git/percepio/poc/runs/tcp-workload-matrix-v1/A04-pbuf/build/pbuf.o,
by_pc,2147502608,33,33,66,99,33,0,0,0,0,pbuf_copy_partial,/Users/swchen.tw/git/percepio/poc/runs/tcp-workload-matrix-v1/A04-pbuf/build/pbuf.o,
by_pc,2147502610,33,33,66,99,33,0,0,0,0,pbuf_copy_partial,/Users/swchen.tw/git/percepio/poc/runs/tcp-workload-matrix-v1/A04-pbuf/build/pbuf.o,
by_pc,2147502612,33,33,66,99,33,0,0,0,0,pbuf_copy_partial,/Users/swchen.tw/git/percepio/poc/runs/tcp-workload-matrix-v1/A04-pbuf/build/pbuf.o,
by_pc,2147502614,33,33,66,99,33,0,0,0,0,pbuf_copy_partial,/Users/swchen.tw/git/percepio/poc/runs/tcp-workload-matrix-v1/A04-pbuf/build/pbuf.o,
by_pc,2147502620,33,66,132,165,33,33,0,0,0,pbuf_copy_partial,/Users/swchen.tw/git/percepio/poc/runs/tcp-workload-matrix-v1/A04-pbuf/build/pbuf.o,
by_pc,2147502622,33,33,66,99,33,0,0,0,0,pbuf_copy_partial,/Users/swchen.tw/git/percepio/poc/runs/tcp-workload-matrix-v1/A04-pbuf/build/pbuf.o,
by_pc,2147502624,33,33,66,99,33,0,0,0,0,pbuf_copy_partial,/Users/swchen.tw/git/percepio/poc/runs/tcp-workload-matrix-v1/A04-pbuf/build/pbuf.o,
by_pc,2147502626,33,33,66,99,33,0,0,0,0,pbuf_copy_partial,/Users/swchen.tw/git/percepio/poc/runs/tcp-workload-matrix-v1/A04-pbuf/build/pbuf.o,
by_pc,2147502628,33,33,66,99,33,0,0,0,0,pbuf_copy_partial,/Users/swchen.tw/git/percepio/poc/runs/tcp-workload-matrix-v1/A04-pbuf/build/pbuf.o,
by_pc,2147502632,33,711,1422,1455,33,33,264,18,363,pbuf_copy_partial,/Users/swchen.tw/git/percepio/poc/runs/tcp-workload-matrix-v1/A04-pbuf/build/pbuf.o,
by_pc,2147502634,33,33,66,99,33,0,0,0,0,pbuf_copy_partial,/Users/swchen.tw/git/percepio/poc/runs/tcp-workload-matrix-v1/A04-pbuf/build/pbuf.o,
by_pc,2147520114,36,116,232,268,36,0,80,0,0,memcpy,/Users/swchen.tw/git/percepio/poc/.tools/xpack-riscv-none-elf-gcc-15.2.0-1/bin/../lib/gcc/riscv-none-elf/15.2.0/../../../../riscv-none-elf/lib/libg_nano.a(libc_a-memcpy-asm.o),
by_pc,2147520116,36,36,72,108,36,0,0,0,0,memcpy,/Users/swchen.tw/git/percepio/poc/.tools/xpack-riscv-none-elf-gcc-15.2.0-1/bin/../lib/gcc/riscv-none-elf/15.2.0/../../../../riscv-none-elf/lib/libg_nano.a(libc_a-memcpy-asm.o),
by_pc,2147520118,12996,26016,52032,65028,12996,12996,24,0,0,memcpy,/Users/swchen.tw/git/percepio/poc/.tools/xpack-riscv-none-elf-gcc-15.2.0-1/bin/../lib/gcc/riscv-none-elf/15.2.0/../../../../riscv-none-elf/lib/libg_nano.a(libc_a-memcpy-asm.o),
by_pc,2147520122,12996,277038,554076,567072,12996,12996,103968,4122,142956,memcpy,/Users/swchen.tw/git/percepio/poc/.tools/xpack-riscv-none-elf-gcc-15.2.0-1/bin/../lib/gcc/riscv-none-elf/15.2.0/../../../../riscv-none-elf/lib/libg_nano.a(libc_a-memcpy-asm.o),
by_pc,2147520126,12996,12996,25992,38988,12996,0,0,0,0,memcpy,/Users/swchen.tw/git/percepio/poc/.tools/xpack-riscv-none-elf-gcc-15.2.0-1/bin/../lib/gcc/riscv-none-elf/15.2.0/../../../../riscv-none-elf/lib/libg_nano.a(libc_a-memcpy-asm.o),
by_pc,2147520128,12996,13126,26252,39248,12996,0,112,18,0,memcpy,/Users/swchen.tw/git/percepio/poc/.tools/xpack-riscv-none-elf-gcc-15.2.0-1/bin/../lib/gcc/riscv-none-elf/15.2.0/../../../../riscv-none-elf/lib/libg_nano.a(libc_a-memcpy-asm.o),
by_pc,2147520130,12996,12996,25992,38988,12996,0,0,0,0,memcpy,/Users/swchen.tw/git/percepio/poc/.tools/xpack-riscv-none-elf-gcc-15.2.0-1/bin/../lib/gcc/riscv-none-elf/15.2.0/../../../../riscv-none-elf/lib/libg_nano.a(libc_a-memcpy-asm.o),
by_pc,2147520132,12996,12996,25992,38988,12996,0,0,0,0,memcpy,/Users/swchen.tw/git/percepio/poc/.tools/xpack-riscv-none-elf-gcc-15.2.0-1/bin/../lib/gcc/riscv-none-elf/15.2.0/../../../../riscv-none-elf/lib/libg_nano.a(libc_a-memcpy-asm.o),
by_pc,2147520134,36,36,72,108,36,0,0,0,0,memcpy,/Users/swchen.tw/git/percepio/poc/.tools/xpack-riscv-none-elf-gcc-15.2.0-1/bin/../lib/gcc/riscv-none-elf/15.2.0/../../../../riscv-none-elf/lib/libg_nano.a(libc_a-memcpy-asm.o),
by_pc,2147502638,33,66,132,165,33,33,0,0,0,pbuf_copy_partial,/Users/swchen.tw/git/percepio/poc/runs/tcp-workload-matrix-v1/A04-pbuf/build/pbuf.o,
by_pc,2147502640,33,33,66,99,33,0,0,0,0,pbuf_copy_partial,/Users/swchen.tw/git/percepio/poc/runs/tcp-workload-matrix-v1/A04-pbuf/build/pbuf.o,
by_pc,2147502642,33,33,66,99,33,0,0,0,0,pbuf_copy_partial,/Users/swchen.tw/git/percepio/poc/runs/tcp-workload-matrix-v1/A04-pbuf/build/pbuf.o,
by_pc,2147502644,33,33,66,99,33,0,0,0,0,pbuf_copy_partial,/Users/swchen.tw/git/percepio/poc/runs/tcp-workload-matrix-v1/A04-pbuf/build/pbuf.o,
by_pc,2147502646,33,33,66,99,33,0,0,0,0,pbuf_copy_partial,/Users/swchen.tw/git/percepio/poc/runs/tcp-workload-matrix-v1/A04-pbuf/build/pbuf.o,
by_pc,2147502648,33,33,66,99,33,0,0,0,0,pbuf_copy_partial,/Users/swchen.tw/git/percepio/poc/runs/tcp-workload-matrix-v1/A04-pbuf/build/pbuf.o,
by_pc,2147502650,33,33,66,99,33,0,0,0,0,pbuf_copy_partial,/Users/swchen.tw/git/percepio/poc/runs/tcp-workload-matrix-v1/A04-pbuf/build/pbuf.o,
by_pc,2147502654,33,33,66,99,33,0,0,0,0,pbuf_copy_partial,/Users/swchen.tw/git/percepio/poc/runs/tcp-workload-matrix-v1/A04-pbuf/build/pbuf.o,
by_pc,2147502656,33,59,118,151,33,0,8,18,0,pbuf_copy_partial,/Users/swchen.tw/git/percepio/poc/runs/tcp-workload-matrix-v1/A04-pbuf/build/pbuf.o,
by_pc,2147502602,33,66,132,165,33,33,0,0,0,pbuf_copy_partial,/Users/swchen.tw/git/percepio/poc/runs/tcp-workload-matrix-v1/A04-pbuf/build/pbuf.o,
by_pc,2147502604,33,33,66,99,33,0,0,0,0,pbuf_copy_partial,/Users/swchen.tw/git/percepio/poc/runs/tcp-workload-matrix-v1/A04-pbuf/build/pbuf.o,
by_pc,2147502570,25,50,100,125,25,25,0,0,0,pbuf_copy_partial,/Users/swchen.tw/git/percepio/poc/runs/tcp-workload-matrix-v1/A04-pbuf/build/pbuf.o,
by_pc,2147502572,25,50,100,125,25,25,0,0,0,pbuf_copy_partial,/Users/swchen.tw/git/percepio/poc/runs/tcp-workload-matrix-v1/A04-pbuf/build/pbuf.o,
by_pc,2147502574,25,50,100,125,25,25,0,0,0,pbuf_copy_partial,/Users/swchen.tw/git/percepio/poc/runs/tcp-workload-matrix-v1/A04-pbuf/build/pbuf.o,
by_pc,2147502576,25,50,100,125,25,25,0,0,0,pbuf_copy_partial,/Users/swchen.tw/git/percepio/poc/runs/tcp-workload-matrix-v1/A04-pbuf/build/pbuf.o,
by_pc,2147502578,25,25,50,75,25,0,0,0,0,pbuf_copy_partial,/Users/swchen.tw/git/percepio/poc/runs/tcp-workload-matrix-v1/A04-pbuf/build/pbuf.o,
by_pc,2147502580,25,50,100,125,25,25,0,0,0,pbuf_copy_partial,/Users/swchen.tw/git/percepio/poc/runs/tcp-workload-matrix-v1/A04-pbuf/build/pbuf.o,
by_pc,2147502582,25,25,50,75,25,0,0,0,0,pbuf_copy_partial,/Users/swchen.tw/git/percepio/poc/runs/tcp-workload-matrix-v1/A04-pbuf/build/pbuf.o,
by_pc,2147502584,25,25,50,75,25,0,0,0,0,pbuf_copy_partial,/Users/swchen.tw/git/percepio/poc/runs/tcp-workload-matrix-v1/A04-pbuf/build/pbuf.o,
by_pc,2147495210,25,50,100,125,25,25,0,0,0,snapshot,/Users/swchen.tw/git/percepio/poc/runs/tcp-workload-matrix-v1/A04-pbuf/build/tcp_request_response_irq.o,
by_pc,2147495214,25,25,50,75,25,0,0,0,0,snapshot,/Users/swchen.tw/git/percepio/poc/runs/tcp-workload-matrix-v1/A04-pbuf/build/tcp_request_response_irq.o,
by_pc,2147495234,25,84,168,193,25,25,16,18,0,snapshot,/Users/swchen.tw/git/percepio/poc/runs/tcp-workload-matrix-v1/A04-pbuf/build/tcp_request_response_irq.o,
by_pc,2147495236,25,25,50,75,25,0,0,0,0,snapshot,/Users/swchen.tw/git/percepio/poc/runs/tcp-workload-matrix-v1/A04-pbuf/build/tcp_request_response_irq.o,
by_pc,2147495238,25,525,1050,1075,25,25,200,0,275,snapshot,/Users/swchen.tw/git/percepio/poc/runs/tcp-workload-matrix-v1/A04-pbuf/build/tcp_request_response_irq.o,
by_pc,2147495240,25,50,100,125,25,25,0,0,0,snapshot,/Users/swchen.tw/git/percepio/poc/runs/tcp-workload-matrix-v1/A04-pbuf/build/tcp_request_response_irq.o,
by_pc,2147495242,25,50,100,125,25,25,0,0,0,snapshot,/Users/swchen.tw/git/percepio/poc/runs/tcp-workload-matrix-v1/A04-pbuf/build/tcp_request_response_irq.o,
by_pc,2147495244,25,50,100,125,25,25,0,0,0,snapshot,/Users/swchen.tw/git/percepio/poc/runs/tcp-workload-matrix-v1/A04-pbuf/build/tcp_request_response_irq.o,
by_pc,2147495246,25,50,100,125,25,25,0,0,0,snapshot,/Users/swchen.tw/git/percepio/poc/runs/tcp-workload-matrix-v1/A04-pbuf/build/tcp_request_response_irq.o,
by_pc,2147495248,25,25,50,75,25,0,0,0,0,snapshot,/Users/swchen.tw/git/percepio/poc/runs/tcp-workload-matrix-v1/A04-pbuf/build/tcp_request_response_irq.o,
by_pc,2147495250,25,25,50,75,25,0,0,0,0,snapshot,/Users/swchen.tw/git/percepio/poc/runs/tcp-workload-matrix-v1/A04-pbuf/build/tcp_request_response_irq.o,
by_pc,2147496796,14,14,28,42,14,0,0,0,0,inject,/Users/swchen.tw/git/percepio/poc/runs/tcp-workload-matrix-v1/A04-pbuf/build/tcp_request_response_irq.o,
by_pc,2147496800,14,14,28,42,14,0,0,0,0,inject,/Users/swchen.tw/git/percepio/poc/runs/tcp-workload-matrix-v1/A04-pbuf/build/tcp_request_response_irq.o,
by_pc,2147496804,14,14,28,42,14,0,0,0,0,inject,/Users/swchen.tw/git/percepio/poc/runs/tcp-workload-matrix-v1/A04-pbuf/build/tcp_request_response_irq.o,
by_pc,2147496808,14,14,28,42,14,0,0,0,0,inject,/Users/swchen.tw/git/percepio/poc/runs/tcp-workload-matrix-v1/A04-pbuf/build/tcp_request_response_irq.o,
by_pc,2147496812,14,14,28,42,14,0,0,0,0,inject,/Users/swchen.tw/git/percepio/poc/runs/tcp-workload-matrix-v1/A04-pbuf/build/tcp_request_response_irq.o,
by_pc,2147496814,14,14,28,42,14,0,0,0,0,inject,/Users/swchen.tw/git/percepio/poc/runs/tcp-workload-matrix-v1/A04-pbuf/build/tcp_request_response_irq.o,
by_pc,2147517852,14,80,160,174,14,0,48,18,0,ip4_input,/Users/swchen.tw/git/percepio/poc/runs/tcp-workload-matrix-v1/A04-pbuf/build/ip4.o,
by_pc,2147517856,14,36,72,86,14,14,8,0,0,ip4_input,/Users/swchen.tw/git/percepio/poc/runs/tcp-workload-matrix-v1/A04-pbuf/build/ip4.o,
by_pc,2147517860,14,14,28,42,14,0,0,0,0,ip4_input,/Users/swchen.tw/git/percepio/poc/runs/tcp-workload-matrix-v1/A04-pbuf/build/ip4.o,
by_pc,2147517862,14,294,588,602,14,14,112,0,154,ip4_input,/Users/swchen.tw/git/percepio/poc/runs/tcp-workload-matrix-v1/A04-pbuf/build/ip4.o,
by_pc,2147517864,14,14,28,42,14,0,0,0,0,ip4_input,/Users/swchen.tw/git/percepio/poc/runs/tcp-workload-matrix-v1/A04-pbuf/build/ip4.o,
by_pc,2147517866,14,14,28,42,14,0,0,0,0,ip4_input,/Users/swchen.tw/git/percepio/poc/runs/tcp-workload-matrix-v1/A04-pbuf/build/ip4.o,
by_pc,2147517870,14,294,588,602,14,14,112,0,154,ip4_input,/Users/swchen.tw/git/percepio/poc/runs/tcp-workload-matrix-v1/A04-pbuf/build/ip4.o,
by_pc,2147517874,14,294,588,602,14,14,112,0,154,ip4_input,/Users/swchen.tw/git/percepio/poc/runs/tcp-workload-matrix-v1/A04-pbuf/build/ip4.o,
by_pc,2147517876,14,294,588,602,14,14,112,0,154,ip4_input,/Users/swchen.tw/git/percepio/poc/runs/tcp-workload-matrix-v1/A04-pbuf/build/ip4.o,
by_pc,2147517878,14,294,588,602,14,14,112,0,154,ip4_input,/Users/swchen.tw/git/percepio/poc/runs/tcp-workload-matrix-v1/A04-pbuf/build/ip4.o,
by_pc,2147517880,14,294,588,602,14,14,112,0,154,ip4_input,/Users/swchen.tw/git/percepio/poc/runs/tcp-workload-matrix-v1/A04-pbuf/build/ip4.o,
by_pc,2147517882,14,294,588,602,14,14,112,0,154,ip4_input,/Users/swchen.tw/git/percepio/poc/runs/tcp-workload-matrix-v1/A04-pbuf/build/ip4.o,
by_pc,2147517884,14,294,588,602,14,14,112,0,154,ip4_input,/Users/swchen.tw/git/percepio/poc/runs/tcp-workload-matrix-v1/A04-pbuf/build/ip4.o,
by_pc,2147517886,14,294,588,602,14,14,112,0,154,ip4_input,/Users/swchen.tw/git/percepio/poc/runs/tcp-workload-matrix-v1/A04-pbuf/build/ip4.o,
by_pc,2147517888,14,144,288,302,14,14,80,36,0,ip4_input,/Users/swchen.tw/git/percepio/poc/runs/tcp-workload-matrix-v1/A04-pbuf/build/ip4.o,
by_pc,2147517890,14,14,28,42,14,0,0,0,0,ip4_input,/Users/swchen.tw/git/percepio/poc/runs/tcp-workload-matrix-v1/A04-pbuf/build/ip4.o,
by_pc,2147517892,14,28,56,70,14,14,0,0,0,ip4_input,/Users/swchen.tw/git/percepio/poc/runs/tcp-workload-matrix-v1/A04-pbuf/build/ip4.o,
by_pc,2147517896,14,14,28,42,14,0,0,0,0,ip4_input,/Users/swchen.tw/git/percepio/poc/runs/tcp-workload-matrix-v1/A04-pbuf/build/ip4.o,
by_pc,2147517900,14,14,28,42,14,0,0,0,0,ip4_input,/Users/swchen.tw/git/percepio/poc/runs/tcp-workload-matrix-v1/A04-pbuf/build/ip4.o,
by_pc,2147517966,14,162,324,338,14,14,80,54,0,ip4_input,/Users/swchen.tw/git/percepio/poc/runs/tcp-workload-matrix-v1/A04-pbuf/build/ip4.o,
by_pc,2147517970,14,14,28,42,14,0,0,0,0,ip4_input,/Users/swchen.tw/git/percepio/poc/runs/tcp-workload-matrix-v1/A04-pbuf/build/ip4.o,
by_pc,2147517972,14,28,56,70,14,14,0,0,0,ip4_input,/Users/swchen.tw/git/percepio/poc/runs/tcp-workload-matrix-v1/A04-pbuf/build/ip4.o,
by_pc,2147517976,14,14,28,42,14,0,0,0,0,ip4_input,/Users/swchen.tw/git/percepio/poc/runs/tcp-workload-matrix-v1/A04-pbuf/build/ip4.o,
by_pc,2147517978,14,14,28,42,14,0,0,0,0,ip4_input,/Users/swchen.tw/git/percepio/poc/runs/tcp-workload-matrix-v1/A04-pbuf/build/ip4.o,
by_pc,2147517980,14,14,28,42,14,0,0,0,0,ip4_input,/Users/swchen.tw/git/percepio/poc/runs/tcp-workload-matrix-v1/A04-pbuf/build/ip4.o,
by_pc,2147517982,14,14,28,42,14,0,0,0,0,ip4_input,/Users/swchen.tw/git/percepio/poc/runs/tcp-workload-matrix-v1/A04-pbuf/build/ip4.o,
by_pc,2147517986,14,28,56,70,14,14,0,0,0,ip4_input,/Users/swchen.tw/git/percepio/poc/runs/tcp-workload-matrix-v1/A04-pbuf/build/ip4.o,
by_pc,2147517990,14,14,28,42,14,0,0,0,0,ip4_input,/Users/swchen.tw/git/percepio/poc/runs/tcp-workload-matrix-v1/A04-pbuf/build/ip4.o,
by_pc,2147517994,14,14,28,42,14,0,0,0,0,ip4_input,/Users/swchen.tw/git/percepio/poc/runs/tcp-workload-matrix-v1/A04-pbuf/build/ip4.o,
by_pc,2147517996,14,14,28,42,14,0,0,0,0,ip4_input,/Users/swchen.tw/git/percepio/poc/runs/tcp-workload-matrix-v1/A04-pbuf/build/ip4.o,
by_pc,2147517998,14,14,28,42,14,0,0,0,0,ip4_input,/Users/swchen.tw/git/percepio/poc/runs/tcp-workload-matrix-v1/A04-pbuf/build/ip4.o,
by_pc,2147518010,14,28,56,70,14,14,0,0,0,ip4_input,/Users/swchen.tw/git/percepio/poc/runs/tcp-workload-matrix-v1/A04-pbuf/build/ip4.o,
by_pc,2147518014,14,194,388,402,28,0,112,54,0,ip4_input,/Users/swchen.tw/git/percepio/poc/runs/tcp-workload-matrix-v1/A04-pbuf/build/ip4.o,
by_pc,2147518018,14,28,56,70,14,14,0,0,0,ip4_input,/Users/swchen.tw/git/percepio/poc/runs/tcp-workload-matrix-v1/A04-pbuf/build/ip4.o,
by_pc,2147518022,14,14,28,42,14,0,0,0,0,ip4_input,/Users/swchen.tw/git/percepio/poc/runs/tcp-workload-matrix-v1/A04-pbuf/build/ip4.o,
by_pc,2147518026,14,14,28,42,14,0,0,0,0,ip4_input,/Users/swchen.tw/git/percepio/poc/runs/tcp-workload-matrix-v1/A04-pbuf/build/ip4.o,
by_pc,2147518030,14,14,28,42,14,0,0,0,0,ip4_input,/Users/swchen.tw/git/percepio/poc/runs/tcp-workload-matrix-v1/A04-pbuf/build/ip4.o,
by_pc,2147518058,14,14,28,42,14,0,0,0,0,ip4_input,/Users/swchen.tw/git/percepio/poc/runs/tcp-workload-matrix-v1/A04-pbuf/build/ip4.o,
by_pc,2147518060,14,14,28,42,14,0,0,0,0,ip4_input,/Users/swchen.tw/git/percepio/poc/runs/tcp-workload-matrix-v1/A04-pbuf/build/ip4.o,
by_pc,2147518062,14,14,28,42,14,0,0,0,0,ip4_input,/Users/swchen.tw/git/percepio/poc/runs/tcp-workload-matrix-v1/A04-pbuf/build/ip4.o,
by_pc,2147518066,14,14,28,42,14,0,0,0,0,ip4_input,/Users/swchen.tw/git/percepio/poc/runs/tcp-workload-matrix-v1/A04-pbuf/build/ip4.o,
by_pc,2147518094,14,158,316,330,14,14,112,18,0,ip4_input,/Users/swchen.tw/git/percepio/poc/runs/tcp-workload-matrix-v1/A04-pbuf/build/ip4.o,
by_pc,2147518098,14,28,56,70,14,14,0,0,0,ip4_input,/Users/swchen.tw/git/percepio/poc/runs/tcp-workload-matrix-v1/A04-pbuf/build/ip4.o,
by_pc,2147518102,14,14,28,42,14,0,0,0,0,ip4_input,/Users/swchen.tw/git/percepio/poc/runs/tcp-workload-matrix-v1/A04-pbuf/build/ip4.o,
by_pc,2147518106,14,14,28,42,14,0,0,0,0,ip4_input,/Users/swchen.tw/git/percepio/poc/runs/tcp-workload-matrix-v1/A04-pbuf/build/ip4.o,
by_pc,2147518110,14,14,28,42,14,0,0,0,0,ip4_input,/Users/swchen.tw/git/percepio/poc/runs/tcp-workload-matrix-v1/A04-pbuf/build/ip4.o,
by_pc,2147518112,14,14,28,42,14,0,0,0,0,ip4_input,/Users/swchen.tw/git/percepio/poc/runs/tcp-workload-matrix-v1/A04-pbuf/build/ip4.o,
by_pc,2147518114,14,28,56,70,14,14,0,0,0,ip4_input,/Users/swchen.tw/git/percepio/poc/runs/tcp-workload-matrix-v1/A04-pbuf/build/ip4.o,
by_pc,2147518118,14,14,28,42,14,0,0,0,0,ip4_input,/Users/swchen.tw/git/percepio/poc/runs/tcp-workload-matrix-v1/A04-pbuf/build/ip4.o,
by_pc,2147518120,14,14,28,42,14,0,0,0,0,ip4_input,/Users/swchen.tw/git/percepio/poc/runs/tcp-workload-matrix-v1/A04-pbuf/build/ip4.o,
by_pc,2147518122,14,28,56,70,14,14,0,0,0,ip4_input,/Users/swchen.tw/git/percepio/poc/runs/tcp-workload-matrix-v1/A04-pbuf/build/ip4.o,
by_pc,2147518126,14,14,28,42,14,0,0,0,0,ip4_input,/Users/swchen.tw/git/percepio/poc/runs/tcp-workload-matrix-v1/A04-pbuf/build/ip4.o,
by_pc,2147518128,14,14,28,42,14,0,0,0,0,ip4_input,/Users/swchen.tw/git/percepio/poc/runs/tcp-workload-matrix-v1/A04-pbuf/build/ip4.o,
by_pc,2147518130,14,294,588,602,14,14,112,0,154,ip4_input,/Users/swchen.tw/git/percepio/poc/runs/tcp-workload-matrix-v1/A04-pbuf/build/ip4.o,
by_pc,2147518134,14,28,56,70,14,14,0,0,0,ip4_input,/Users/swchen.tw/git/percepio/poc/runs/tcp-workload-matrix-v1/A04-pbuf/build/ip4.o,
by_pc,2147518138,14,28,56,70,14,14,0,0,0,ip4_input,/Users/swchen.tw/git/percepio/poc/runs/tcp-workload-matrix-v1/A04-pbuf/build/ip4.o,
by_pc,2147518142,14,102,204,218,28,0,56,18,0,ip4_input,/Users/swchen.tw/git/percepio/poc/runs/tcp-workload-matrix-v1/A04-pbuf/build/ip4.o,
by_pc,2147518146,14,14,28,42,14,0,0,0,0,ip4_input,/Users/swchen.tw/git/percepio/poc/runs/tcp-workload-matrix-v1/A04-pbuf/build/ip4.o,
by_pc,2147518148,14,14,28,42,14,0,0,0,0,ip4_input,/Users/swchen.tw/git/percepio/poc/runs/tcp-workload-matrix-v1/A04-pbuf/build/ip4.o,
by_pc,2147518150,14,28,56,70,14,14,0,0,0,ip4_input,/Users/swchen.tw/git/percepio/poc/runs/tcp-workload-matrix-v1/A04-pbuf/build/ip4.o,
by_pc,2147518154,14,14,28,42,14,0,0,0,0,ip4_input,/Users/swchen.tw/git/percepio/poc/runs/tcp-workload-matrix-v1/A04-pbuf/build/ip4.o,
by_pc,2147518156,14,14,28,42,14,0,0,0,0,ip4_input,/Users/swchen.tw/git/percepio/poc/runs/tcp-workload-matrix-v1/A04-pbuf/build/ip4.o,
by_pc,2147518158,14,28,56,70,14,14,0,0,0,ip4_input,/Users/swchen.tw/git/percepio/poc/runs/tcp-workload-matrix-v1/A04-pbuf/build/ip4.o,
by_pc,2147518162,14,14,28,42,14,0,0,0,0,ip4_input,/Users/swchen.tw/git/percepio/poc/runs/tcp-workload-matrix-v1/A04-pbuf/build/ip4.o,
by_pc,2147518164,14,14,28,42,14,0,0,0,0,ip4_input,/Users/swchen.tw/git/percepio/poc/runs/tcp-workload-matrix-v1/A04-pbuf/build/ip4.o,
by_pc,2147518166,14,294,588,602,14,14,112,0,154,ip4_input,/Users/swchen.tw/git/percepio/poc/runs/tcp-workload-matrix-v1/A04-pbuf/build/ip4.o,
by_pc,2147518170,14,14,28,42,14,0,0,0,0,ip4_input,/Users/swchen.tw/git/percepio/poc/runs/tcp-workload-matrix-v1/A04-pbuf/build/ip4.o,
by_pc,2147518174,14,14,28,42,14,0,0,0,0,ip4_input,/Users/swchen.tw/git/percepio/poc/runs/tcp-workload-matrix-v1/A04-pbuf/build/ip4.o,
by_pc,2147518228,14,136,272,286,14,0,104,18,0,ip4_input,/Users/swchen.tw/git/percepio/poc/runs/tcp-workload-matrix-v1/A04-pbuf/build/ip4.o,
by_pc,2147518230,14,14,28,42,14,0,0,0,0,ip4_input,/Users/swchen.tw/git/percepio/poc/runs/tcp-workload-matrix-v1/A04-pbuf/build/ip4.o,
by_pc,2147517688,14,142,284,298,14,14,96,18,0,ip4_input_accept,/Users/swchen.tw/git/percepio/poc/runs/tcp-workload-matrix-v1/A04-pbuf/build/ip4.o,
by_pc,2147517692,14,14,28,42,14,0,0,0,0,ip4_input_accept,/Users/swchen.tw/git/percepio/poc/runs/tcp-workload-matrix-v1/A04-pbuf/build/ip4.o,
by_pc,2147517694,14,14,28,42,14,0,0,0,0,ip4_input_accept,/Users/swchen.tw/git/percepio/poc/runs/tcp-workload-matrix-v1/A04-pbuf/build/ip4.o,
by_pc,2147517696,14,106,212,226,14,14,24,54,0,ip4_input_accept,/Users/swchen.tw/git/percepio/poc/runs/tcp-workload-matrix-v1/A04-pbuf/build/ip4.o,
by_pc,2147517698,14,14,28,42,14,0,0,0,0,ip4_input_accept,/Users/swchen.tw/git/percepio/poc/runs/tcp-workload-matrix-v1/A04-pbuf/build/ip4.o,
by_pc,2147517700,14,14,28,42,14,0,0,0,0,ip4_input_accept,/Users/swchen.tw/git/percepio/poc/runs/tcp-workload-matrix-v1/A04-pbuf/build/ip4.o,
by_pc,2147517702,14,14,28,42,14,0,0,0,0,ip4_input_accept,/Users/swchen.tw/git/percepio/poc/runs/tcp-workload-matrix-v1/A04-pbuf/build/ip4.o,
by_pc,2147517704,14,14,28,42,14,0,0,0,0,ip4_input_accept,/Users/swchen.tw/git/percepio/poc/runs/tcp-workload-matrix-v1/A04-pbuf/build/ip4.o,
by_pc,2147517708,14,28,56,70,14,14,0,0,0,ip4_input_accept,/Users/swchen.tw/git/percepio/poc/runs/tcp-workload-matrix-v1/A04-pbuf/build/ip4.o,
by_pc,2147517712,14,14,28,42,14,0,0,0,0,ip4_input_accept,/Users/swchen.tw/git/percepio/poc/runs/tcp-workload-matrix-v1/A04-pbuf/build/ip4.o,
by_pc,2147517714,14,14,28,42,14,0,0,0,0,ip4_input_accept,/Users/swchen.tw/git/percepio/poc/runs/tcp-workload-matrix-v1/A04-pbuf/build/ip4.o,
by_pc,2147517736,14,14,28,42,14,0,0,0,0,ip4_input_accept,/Users/swchen.tw/git/percepio/poc/runs/tcp-workload-matrix-v1/A04-pbuf/build/ip4.o,
by_pc,2147517738,14,14,28,42,14,0,0,0,0,ip4_input_accept,/Users/swchen.tw/git/percepio/poc/runs/tcp-workload-matrix-v1/A04-pbuf/build/ip4.o,
by_pc,2147518234,14,14,28,42,14,0,0,0,0,ip4_input,/Users/swchen.tw/git/percepio/poc/runs/tcp-workload-matrix-v1/A04-pbuf/build/ip4.o,
by_pc,2147518192,14,14,28,42,14,0,0,0,0,ip4_input,/Users/swchen.tw/git/percepio/poc/runs/tcp-workload-matrix-v1/A04-pbuf/build/ip4.o,
by_pc,2147518194,14,28,56,70,14,14,0,0,0,ip4_input,/Users/swchen.tw/git/percepio/poc/runs/tcp-workload-matrix-v1/A04-pbuf/build/ip4.o,
by_pc,2147518198,14,14,28,42,14,0,0,0,0,ip4_input,/Users/swchen.tw/git/percepio/poc/runs/tcp-workload-matrix-v1/A04-pbuf/build/ip4.o,
by_pc,2147518200,14,14,28,42,14,0,0,0,0,ip4_input,/Users/swchen.tw/git/percepio/poc/runs/tcp-workload-matrix-v1/A04-pbuf/build/ip4.o,
by_pc,2147518956,28,80,160,188,28,0,16,36,0,ip4_addr_isbroadcast_u32,/Users/swchen.tw/git/percepio/poc/runs/tcp-workload-matrix-v1/A04-pbuf/build/ip4_addr.o,
by_pc,2147518960,28,28,56,84,28,0,0,0,0,ip4_addr_isbroadcast_u32,/Users/swchen.tw/git/percepio/poc/runs/tcp-workload-matrix-v1/A04-pbuf/build/ip4_addr.o,
by_pc,2147518962,28,28,56,84,28,0,0,0,0,ip4_addr_isbroadcast_u32,/Users/swchen.tw/git/percepio/poc/runs/tcp-workload-matrix-v1/A04-pbuf/build/ip4_addr.o,
by_pc,2147518966,28,56,112,140,28,28,0,0,0,ip4_addr_isbroadcast_u32,/Users/swchen.tw/git/percepio/poc/runs/tcp-workload-matrix-v1/A04-pbuf/build/ip4_addr.o,
by_pc,2147518970,28,28,56,84,28,0,0,0,0,ip4_addr_isbroadcast_u32,/Users/swchen.tw/git/percepio/poc/runs/tcp-workload-matrix-v1/A04-pbuf/build/ip4_addr.o,
by_pc,2147518972,28,28,56,84,28,0,0,0,0,ip4_addr_isbroadcast_u32,/Users/swchen.tw/git/percepio/poc/runs/tcp-workload-matrix-v1/A04-pbuf/build/ip4_addr.o,
by_pc,2147519002,28,158,316,344,28,0,112,18,0,ip4_addr_isbroadcast_u32,/Users/swchen.tw/git/percepio/poc/runs/tcp-workload-matrix-v1/A04-pbuf/build/ip4_addr.o,
by_pc,2147519004,28,28,56,84,28,0,0,0,0,ip4_addr_isbroadcast_u32,/Users/swchen.tw/git/percepio/poc/runs/tcp-workload-matrix-v1/A04-pbuf/build/ip4_addr.o,
by_pc,2147518202,14,14,28,42,14,0,0,0,0,ip4_input,/Users/swchen.tw/git/percepio/poc/runs/tcp-workload-matrix-v1/A04-pbuf/build/ip4.o,
by_pc,2147518204,14,28,56,70,14,14,0,0,0,ip4_input,/Users/swchen.tw/git/percepio/poc/runs/tcp-workload-matrix-v1/A04-pbuf/build/ip4.o,
by_pc,2147518208,14,14,28,42,14,0,0,0,0,ip4_input,/Users/swchen.tw/git/percepio/poc/runs/tcp-workload-matrix-v1/A04-pbuf/build/ip4.o,
by_pc,2147518212,14,14,28,42,14,0,0,0,0,ip4_input,/Users/swchen.tw/git/percepio/poc/runs/tcp-workload-matrix-v1/A04-pbuf/build/ip4.o,
by_pc,2147518216,14,14,28,42,14,0,0,0,0,ip4_input,/Users/swchen.tw/git/percepio/poc/runs/tcp-workload-matrix-v1/A04-pbuf/build/ip4.o,
by_pc,2147518280,14,136,272,286,14,0,104,18,0,ip4_input,/Users/swchen.tw/git/percepio/poc/runs/tcp-workload-matrix-v1/A04-pbuf/build/ip4.o,
by_pc,2147518310,14,28,56,70,14,14,0,0,0,ip4_input,/Users/swchen.tw/git/percepio/poc/runs/tcp-workload-matrix-v1/A04-pbuf/build/ip4.o,
by_pc,2147518314,14,28,56,70,14,14,0,0,0,ip4_input,/Users/swchen.tw/git/percepio/poc/runs/tcp-workload-matrix-v1/A04-pbuf/build/ip4.o,
by_pc,2147518318,14,14,28,42,14,0,0,0,0,ip4_input,/Users/swchen.tw/git/percepio/poc/runs/tcp-workload-matrix-v1/A04-pbuf/build/ip4.o,
by_pc,2147518322,14,14,28,42,14,0,0,0,0,ip4_input,/Users/swchen.tw/git/percepio/poc/runs/tcp-workload-matrix-v1/A04-pbuf/build/ip4.o,
by_pc,2147518324,14,14,28,42,14,0,0,0,0,ip4_input,/Users/swchen.tw/git/percepio/poc/runs/tcp-workload-matrix-v1/A04-pbuf/build/ip4.o,
by_pc,2147518326,14,14,28,42,14,0,0,0,0,ip4_input,/Users/swchen.tw/git/percepio/poc/runs/tcp-workload-matrix-v1/A04-pbuf/build/ip4.o,
by_pc,2147518354,14,360,720,734,14,14,160,18,154,ip4_input,/Users/swchen.tw/git/percepio/poc/runs/tcp-workload-matrix-v1/A04-pbuf/build/ip4.o,
by_pc,2147518358,14,294,588,602,14,14,112,0,154,ip4_input,/Users/swchen.tw/git/percepio/poc/runs/tcp-workload-matrix-v1/A04-pbuf/build/ip4.o,
by_pc,2147518362,14,294,588,602,14,14,112,0,154,ip4_input,/Users/swchen.tw/git/percepio/poc/runs/tcp-workload-matrix-v1/A04-pbuf/build/ip4.o,
by_pc,2147518366,14,28,56,70,14,14,0,0,0,ip4_input,/Users/swchen.tw/git/percepio/poc/runs/tcp-workload-matrix-v1/A04-pbuf/build/ip4.o,
by_pc,2147518370,14,14,28,42,14,0,0,0,0,ip4_input,/Users/swchen.tw/git/percepio/poc/runs/tcp-workload-matrix-v1/A04-pbuf/build/ip4.o,
by_pc,2147518372,14,14,28,42,14,0,0,0,0,ip4_input,/Users/swchen.tw/git/percepio/poc/runs/tcp-workload-matrix-v1/A04-pbuf/build/ip4.o,
by_pc,2147518374,14,14,28,42,14,0,0,0,0,ip4_input,/Users/swchen.tw/git/percepio/poc/runs/tcp-workload-matrix-v1/A04-pbuf/build/ip4.o,
by_pc,2147518376,14,14,28,42,14,0,0,0,0,ip4_input,/Users/swchen.tw/git/percepio/poc/runs/tcp-workload-matrix-v1/A04-pbuf/build/ip4.o,
by_pc,2147518378,14,294,588,602,14,14,112,0,154,ip4_input,/Users/swchen.tw/git/percepio/poc/runs/tcp-workload-matrix-v1/A04-pbuf/build/ip4.o,
by_pc,2147518382,14,14,28,42,14,0,0,0,0,ip4_input,/Users/swchen.tw/git/percepio/poc/runs/tcp-workload-matrix-v1/A04-pbuf/build/ip4.o,
by_pc,2147518386,14,28,56,70,14,14,0,0,0,ip4_input,/Users/swchen.tw/git/percepio/poc/runs/tcp-workload-matrix-v1/A04-pbuf/build/ip4.o,
by_pc,2147518390,14,14,28,42,14,0,0,0,0,ip4_input,/Users/swchen.tw/git/percepio/poc/runs/tcp-workload-matrix-v1/A04-pbuf/build/ip4.o,
by_pc,2147518392,14,14,28,42,14,0,0,0,0,ip4_input,/Users/swchen.tw/git/percepio/poc/runs/tcp-workload-matrix-v1/A04-pbuf/build/ip4.o,
by_pc,2147518396,14,14,28,42,14,0,0,0,0,ip4_input,/Users/swchen.tw/git/percepio/poc/runs/tcp-workload-matrix-v1/A04-pbuf/build/ip4.o,
by_pc,2147518398,14,80,160,174,28,0,16,36,0,ip4_input,/Users/swchen.tw/git/percepio/poc/runs/tcp-workload-matrix-v1/A04-pbuf/build/ip4.o,
by_pc,2147518402,14,14,28,42,14,0,0,0,0,ip4_input,/Users/swchen.tw/git/percepio/poc/runs/tcp-workload-matrix-v1/A04-pbuf/build/ip4.o,
by_pc,2147518404,14,14,28,42,14,0,0,0,0,ip4_input,/Users/swchen.tw/git/percepio/poc/runs/tcp-workload-matrix-v1/A04-pbuf/build/ip4.o,
by_pc,2147518406,14,14,28,42,14,0,0,0,0,ip4_input,/Users/swchen.tw/git/percepio/poc/runs/tcp-workload-matrix-v1/A04-pbuf/build/ip4.o,
by_pc,2147509266,14,104,208,222,14,0,72,18,0,tcp_input,/Users/swchen.tw/git/percepio/poc/runs/tcp-workload-matrix-v1/A04-pbuf/build/tcp_in.o,
by_pc,2147509270,14,28,56,70,14,14,0,0,0,tcp_input,/Users/swchen.tw/git/percepio/poc/runs/tcp-workload-matrix-v1/A04-pbuf/build/tcp_in.o,
by_pc,2147509274,14,14,28,42,14,0,0,0,0,tcp_input,/Users/swchen.tw/git/percepio/poc/runs/tcp-workload-matrix-v1/A04-pbuf/build/tcp_in.o,
by_pc,2147509276,14,294,588,602,14,14,112,0,154,tcp_input,/Users/swchen.tw/git/percepio/poc/runs/tcp-workload-matrix-v1/A04-pbuf/build/tcp_in.o,
by_pc,2147509278,14,14,28,42,14,0,0,0,0,tcp_input,/Users/swchen.tw/git/percepio/poc/runs/tcp-workload-matrix-v1/A04-pbuf/build/tcp_in.o,
by_pc,2147509280,14,294,588,602,14,14,112,0,154,tcp_input,/Users/swchen.tw/git/percepio/poc/runs/tcp-workload-matrix-v1/A04-pbuf/build/tcp_in.o,
by_pc,2147509282,14,294,588,602,14,14,112,0,154,tcp_input,/Users/swchen.tw/git/percepio/poc/runs/tcp-workload-matrix-v1/A04-pbuf/build/tcp_in.o,
by_pc,2147509284,14,294,588,602,14,14,112,0,154,tcp_input,/Users/swchen.tw/git/percepio/poc/runs/tcp-workload-matrix-v1/A04-pbuf/build/tcp_in.o,
by_pc,2147509286,14,294,588,602,14,14,112,0,154,tcp_input,/Users/swchen.tw/git/percepio/poc/runs/tcp-workload-matrix-v1/A04-pbuf/build/tcp_in.o,
by_pc,2147509288,14,294,588,602,14,14,112,0,154,tcp_input,/Users/swchen.tw/git/percepio/poc/runs/tcp-workload-matrix-v1/A04-pbuf/build/tcp_in.o,
by_pc,2147509290,14,294,588,602,14,14,112,0,154,tcp_input,/Users/swchen.tw/git/percepio/poc/runs/tcp-workload-matrix-v1/A04-pbuf/build/tcp_in.o,
by_pc,2147509292,14,294,588,602,14,14,112,0,154,tcp_input,/Users/swchen.tw/git/percepio/poc/runs/tcp-workload-matrix-v1/A04-pbuf/build/tcp_in.o,
by_pc,2147509294,14,294,588,602,14,14,112,0,154,tcp_input,/Users/swchen.tw/git/percepio/poc/runs/tcp-workload-matrix-v1/A04-pbuf/build/tcp_in.o,
by_pc,2147509296,14,14,28,42,14,0,0,0,0,tcp_input,/Users/swchen.tw/git/percepio/poc/runs/tcp-workload-matrix-v1/A04-pbuf/build/tcp_in.o,
by_pc,2147509300,14,294,588,602,14,14,112,0,154,tcp_input,/Users/swchen.tw/git/percepio/poc/runs/tcp-workload-matrix-v1/A04-pbuf/build/tcp_in.o,
by_pc,2147509304,14,28,56,70,14,14,0,0,0,tcp_input,/Users/swchen.tw/git/percepio/poc/runs/tcp-workload-matrix-v1/A04-pbuf/build/tcp_in.o,
by_pc,2147509306,14,14,28,42,14,0,0,0,0,tcp_input,/Users/swchen.tw/git/percepio/poc/runs/tcp-workload-matrix-v1/A04-pbuf/build/tcp_in.o,
by_pc,2147509310,14,14,28,42,14,0,0,0,0,tcp_input,/Users/swchen.tw/git/percepio/poc/runs/tcp-workload-matrix-v1/A04-pbuf/build/tcp_in.o,
by_pc,2147509312,14,362,724,738,14,14,144,36,154,tcp_input,/Users/swchen.tw/git/percepio/poc/runs/tcp-workload-matrix-v1/A04-pbuf/build/tcp_in.o,
by_pc,2147509316,14,28,56,70,14,14,0,0,0,tcp_input,/Users/swchen.tw/git/percepio/poc/runs/tcp-workload-matrix-v1/A04-pbuf/build/tcp_in.o,
by_pc,2147509320,14,14,28,42,14,0,0,0,0,tcp_input,/Users/swchen.tw/git/percepio/poc/runs/tcp-workload-matrix-v1/A04-pbuf/build/tcp_in.o,
by_pc,2147509322,14,14,28,42,14,0,0,0,0,tcp_input,/Users/swchen.tw/git/percepio/poc/runs/tcp-workload-matrix-v1/A04-pbuf/build/tcp_in.o,
by_pc,2147509346,14,14,28,42,14,0,0,0,0,tcp_input,/Users/swchen.tw/git/percepio/poc/runs/tcp-workload-matrix-v1/A04-pbuf/build/tcp_in.o,
by_pc,2147509350,14,14,28,42,14,0,0,0,0,tcp_input,/Users/swchen.tw/git/percepio/poc/runs/tcp-workload-matrix-v1/A04-pbuf/build/tcp_in.o,
by_pc,2147509354,14,28,56,70,14,14,0,0,0,tcp_input,/Users/swchen.tw/git/percepio/poc/runs/tcp-workload-matrix-v1/A04-pbuf/build/tcp_in.o,
by_pc,2147509358,14,28,56,70,14,14,0,0,0,tcp_input,/Users/swchen.tw/git/percepio/poc/runs/tcp-workload-matrix-v1/A04-pbuf/build/tcp_in.o,
by_pc,2147509362,14,14,28,42,14,0,0,0,0,tcp_input,/Users/swchen.tw/git/percepio/poc/runs/tcp-workload-matrix-v1/A04-pbuf/build/tcp_in.o,
by_pc,2147509366,14,14,28,42,14,0,0,0,0,tcp_input,/Users/swchen.tw/git/percepio/poc/runs/tcp-workload-matrix-v1/A04-pbuf/build/tcp_in.o,
by_pc,2147509368,14,28,56,70,14,14,0,0,0,tcp_input,/Users/swchen.tw/git/percepio/poc/runs/tcp-workload-matrix-v1/A04-pbuf/build/tcp_in.o,
by_pc,2147509372,14,14,28,42,14,0,0,0,0,tcp_input,/Users/swchen.tw/git/percepio/poc/runs/tcp-workload-matrix-v1/A04-pbuf/build/tcp_in.o,
by_pc,2147509376,14,72,144,158,14,0,40,18,0,tcp_input,/Users/swchen.tw/git/percepio/poc/runs/tcp-workload-matrix-v1/A04-pbuf/build/tcp_in.o,
by_pc,2147509380,14,14,28,42,14,0,0,0,0,tcp_input,/Users/swchen.tw/git/percepio/poc/runs/tcp-workload-matrix-v1/A04-pbuf/build/tcp_in.o,
by_pc,2147509422,14,28,56,70,14,14,0,0,0,tcp_input,/Users/swchen.tw/git/percepio/poc/runs/tcp-workload-matrix-v1/A04-pbuf/build/tcp_in.o,
by_pc,2147509426,14,14,28,42,14,0,0,0,0,tcp_input,/Users/swchen.tw/git/percepio/poc/runs/tcp-workload-matrix-v1/A04-pbuf/build/tcp_in.o,
by_pc,2147509430,14,14,28,42,14,0,0,0,0,tcp_input,/Users/swchen.tw/git/percepio/poc/runs/tcp-workload-matrix-v1/A04-pbuf/build/tcp_in.o,
by_pc,2147509434,14,14,28,42,14,0,0,0,0,tcp_input,/Users/swchen.tw/git/percepio/poc/runs/tcp-workload-matrix-v1/A04-pbuf/build/tcp_in.o,
by_pc,2147509438,14,142,284,298,28,0,96,18,0,tcp_input,/Users/swchen.tw/git/percepio/poc/runs/tcp-workload-matrix-v1/A04-pbuf/build/tcp_in.o,
by_pc,2147509442,14,14,28,42,14,0,0,0,0,tcp_input,/Users/swchen.tw/git/percepio/poc/runs/tcp-workload-matrix-v1/A04-pbuf/build/tcp_in.o,
by_pc,2147509444,14,14,28,42,14,0,0,0,0,tcp_input,/Users/swchen.tw/git/percepio/poc/runs/tcp-workload-matrix-v1/A04-pbuf/build/tcp_in.o,
by_pc,2147509446,14,14,28,42,14,0,0,0,0,tcp_input,/Users/swchen.tw/git/percepio/poc/runs/tcp-workload-matrix-v1/A04-pbuf/build/tcp_in.o,
by_pc,2147499824,25,89,178,203,25,0,64,0,0,ip_chksum_pseudo,/Users/swchen.tw/git/percepio/poc/runs/tcp-workload-matrix-v1/A04-pbuf/build/inet_chksum.o,
by_pc,2147509450,14,14,28,42,14,0,0,0,0,tcp_input,/Users/swchen.tw/git/percepio/poc/runs/tcp-workload-matrix-v1/A04-pbuf/build/tcp_in.o,
by_pc,2147509472,14,28,56,70,14,14,0,0,0,tcp_input,/Users/swchen.tw/git/percepio/poc/runs/tcp-workload-matrix-v1/A04-pbuf/build/tcp_in.o,
by_pc,2147509476,14,28,56,70,14,14,0,0,0,tcp_input,/Users/swchen.tw/git/percepio/poc/runs/tcp-workload-matrix-v1/A04-pbuf/build/tcp_in.o,
by_pc,2147509480,14,28,56,70,14,14,0,0,0,tcp_input,/Users/swchen.tw/git/percepio/poc/runs/tcp-workload-matrix-v1/A04-pbuf/build/tcp_in.o,
by_pc,2147509484,14,14,28,42,14,0,0,0,0,tcp_input,/Users/swchen.tw/git/percepio/poc/runs/tcp-workload-matrix-v1/A04-pbuf/build/tcp_in.o,
by_pc,2147509486,14,14,28,42,14,0,0,0,0,tcp_input,/Users/swchen.tw/git/percepio/poc/runs/tcp-workload-matrix-v1/A04-pbuf/build/tcp_in.o,
by_pc,2147509488,14,14,28,42,14,0,0,0,0,tcp_input,/Users/swchen.tw/git/percepio/poc/runs/tcp-workload-matrix-v1/A04-pbuf/build/tcp_in.o,
by_pc,2147509492,14,14,28,42,14,0,0,0,0,tcp_input,/Users/swchen.tw/git/percepio/poc/runs/tcp-workload-matrix-v1/A04-pbuf/build/tcp_in.o,
by_pc,2147509496,14,14,28,42,14,0,0,0,0,tcp_input,/Users/swchen.tw/git/percepio/poc/runs/tcp-workload-matrix-v1/A04-pbuf/build/tcp_in.o,
by_pc,2147509500,14,14,28,42,14,0,0,0,0,tcp_input,/Users/swchen.tw/git/percepio/poc/runs/tcp-workload-matrix-v1/A04-pbuf/build/tcp_in.o,
by_pc,2147509504,14,126,252,266,14,14,80,18,0,tcp_input,/Users/swchen.tw/git/percepio/poc/runs/tcp-workload-matrix-v1/A04-pbuf/build/tcp_in.o,
by_pc,2147509508,14,14,28,42,14,0,0,0,0,tcp_input,/Users/swchen.tw/git/percepio/poc/runs/tcp-workload-matrix-v1/A04-pbuf/build/tcp_in.o,
by_pc,2147509512,14,14,28,42,14,0,0,0,0,tcp_input,/Users/swchen.tw/git/percepio/poc/runs/tcp-workload-matrix-v1/A04-pbuf/build/tcp_in.o,
by_pc,2147509516,14,294,588,602,14,14,112,0,154,tcp_input,/Users/swchen.tw/git/percepio/poc/runs/tcp-workload-matrix-v1/A04-pbuf/build/tcp_in.o,
by_pc,2147509520,14,294,588,602,14,14,112,0,154,tcp_input,/Users/swchen.tw/git/percepio/poc/runs/tcp-workload-matrix-v1/A04-pbuf/build/tcp_in.o,
by_pc,2147509524,14,28,56,70,14,14,0,0,0,tcp_input,/Users/swchen.tw/git/percepio/poc/runs/tcp-workload-matrix-v1/A04-pbuf/build/tcp_in.o,
by_pc,2147509528,14,14,28,42,14,0,0,0,0,tcp_input,/Users/swchen.tw/git/percepio/poc/runs/tcp-workload-matrix-v1/A04-pbuf/build/tcp_in.o,
by_pc,2147509532,14,14,28,42,14,0,0,0,0,tcp_input,/Users/swchen.tw/git/percepio/poc/runs/tcp-workload-matrix-v1/A04-pbuf/build/tcp_in.o,
by_pc,2147509534,14,294,588,602,14,14,112,0,154,tcp_input,/Users/swchen.tw/git/percepio/poc/runs/tcp-workload-matrix-v1/A04-pbuf/build/tcp_in.o,
by_pc,2147509538,14,14,28,42,14,0,0,0,0,tcp_input,/Users/swchen.tw/git/percepio/poc/runs/tcp-workload-matrix-v1/A04-pbuf/build/tcp_in.o,
by_pc,2147509542,14,28,56,70,14,14,0,0,0,tcp_input,/Users/swchen.tw/git/percepio/poc/runs/tcp-workload-matrix-v1/A04-pbuf/build/tcp_in.o,
by_pc,2147509546,14,14,28,42,14,0,0,0,0,tcp_input,/Users/swchen.tw/git/percepio/poc/runs/tcp-workload-matrix-v1/A04-pbuf/build/tcp_in.o,
by_pc,2147509550,14,14,28,42,14,0,0,0,0,tcp_input,/Users/swchen.tw/git/percepio/poc/runs/tcp-workload-matrix-v1/A04-pbuf/build/tcp_in.o,
by_pc,2147509554,14,28,56,70,14,14,0,0,0,tcp_input,/Users/swchen.tw/git/percepio/poc/runs/tcp-workload-matrix-v1/A04-pbuf/build/tcp_in.o,
by_pc,2147509558,14,28,56,70,14,14,0,0,0,tcp_input,/Users/swchen.tw/git/percepio/poc/runs/tcp-workload-matrix-v1/A04-pbuf/build/tcp_in.o,
by_pc,2147509562,14,14,28,42,14,0,0,0,0,tcp_input,/Users/swchen.tw/git/percepio/poc/runs/tcp-workload-matrix-v1/A04-pbuf/build/tcp_in.o,
by_pc,2147509564,14,14,28,42,14,0,0,0,0,tcp_input,/Users/swchen.tw/git/percepio/poc/runs/tcp-workload-matrix-v1/A04-pbuf/build/tcp_in.o,
by_pc,2147509566,14,142,284,298,28,0,96,18,0,tcp_input,/Users/swchen.tw/git/percepio/poc/runs/tcp-workload-matrix-v1/A04-pbuf/build/tcp_in.o,
by_pc,2147509570,14,294,588,602,14,14,112,0,154,tcp_input,/Users/swchen.tw/git/percepio/poc/runs/tcp-workload-matrix-v1/A04-pbuf/build/tcp_in.o,
by_pc,2147509574,14,14,28,42,14,0,0,0,0,tcp_input,/Users/swchen.tw/git/percepio/poc/runs/tcp-workload-matrix-v1/A04-pbuf/build/tcp_in.o,
by_pc,2147509576,14,294,588,602,14,14,112,0,154,tcp_input,/Users/swchen.tw/git/percepio/poc/runs/tcp-workload-matrix-v1/A04-pbuf/build/tcp_in.o,
by_pc,2147509580,14,28,56,70,14,14,0,0,0,tcp_input,/Users/swchen.tw/git/percepio/poc/runs/tcp-workload-matrix-v1/A04-pbuf/build/tcp_in.o,
by_pc,2147509584,14,28,56,70,14,14,0,0,0,tcp_input,/Users/swchen.tw/git/percepio/poc/runs/tcp-workload-matrix-v1/A04-pbuf/build/tcp_in.o,
by_pc,2147509588,14,28,56,70,14,14,0,0,0,tcp_input,/Users/swchen.tw/git/percepio/poc/runs/tcp-workload-matrix-v1/A04-pbuf/build/tcp_in.o,
by_pc,2147509592,14,14,28,42,14,0,0,0,0,tcp_input,/Users/swchen.tw/git/percepio/poc/runs/tcp-workload-matrix-v1/A04-pbuf/build/tcp_in.o,
by_pc,2147509594,14,14,28,42,14,0,0,0,0,tcp_input,/Users/swchen.tw/git/percepio/poc/runs/tcp-workload-matrix-v1/A04-pbuf/build/tcp_in.o,
by_pc,2147509596,14,14,28,42,14,0,0,0,0,tcp_input,/Users/swchen.tw/git/percepio/poc/runs/tcp-workload-matrix-v1/A04-pbuf/build/tcp_in.o,
by_pc,2147509600,14,294,588,602,14,14,112,0,154,tcp_input,/Users/swchen.tw/git/percepio/poc/runs/tcp-workload-matrix-v1/A04-pbuf/build/tcp_in.o,
by_pc,2147509604,14,14,28,42,14,0,0,0,0,tcp_input,/Users/swchen.tw/git/percepio/poc/runs/tcp-workload-matrix-v1/A04-pbuf/build/tcp_in.o,
by_pc,2147509606,14,294,588,602,14,14,112,0,154,tcp_input,/Users/swchen.tw/git/percepio/poc/runs/tcp-workload-matrix-v1/A04-pbuf/build/tcp_in.o,
by_pc,2147509610,14,28,56,70,14,14,0,0,0,tcp_input,/Users/swchen.tw/git/percepio/poc/runs/tcp-workload-matrix-v1/A04-pbuf/build/tcp_in.o,
by_pc,2147509614,14,28,56,70,14,14,0,0,0,tcp_input,/Users/swchen.tw/git/percepio/poc/runs/tcp-workload-matrix-v1/A04-pbuf/build/tcp_in.o,
by_pc,2147509618,14,28,56,70,14,14,0,0,0,tcp_input,/Users/swchen.tw/git/percepio/poc/runs/tcp-workload-matrix-v1/A04-pbuf/build/tcp_in.o,
by_pc,2147509622,14,28,56,70,14,14,0,0,0,tcp_input,/Users/swchen.tw/git/percepio/poc/runs/tcp-workload-matrix-v1/A04-pbuf/build/tcp_in.o,
by_pc,2147509626,14,14,28,42,14,0,0,0,0,tcp_input,/Users/swchen.tw/git/percepio/poc/runs/tcp-workload-matrix-v1/A04-pbuf/build/tcp_in.o,
by_pc,2147509628,14,14,28,42,14,0,0,0,0,tcp_input,/Users/swchen.tw/git/percepio/poc/runs/tcp-workload-matrix-v1/A04-pbuf/build/tcp_in.o,
by_pc,2147509630,14,172,344,358,28,14,112,18,0,tcp_input,/Users/swchen.tw/git/percepio/poc/runs/tcp-workload-matrix-v1/A04-pbuf/build/tcp_in.o,
by_pc,2147509634,14,14,28,42,14,0,0,0,0,tcp_input,/Users/swchen.tw/git/percepio/poc/runs/tcp-workload-matrix-v1/A04-pbuf/build/tcp_in.o,
by_pc,2147509636,14,14,28,42,14,0,0,0,0,tcp_input,/Users/swchen.tw/git/percepio/poc/runs/tcp-workload-matrix-v1/A04-pbuf/build/tcp_in.o,
by_pc,2147509638,14,14,28,42,14,0,0,0,0,tcp_input,/Users/swchen.tw/git/percepio/poc/runs/tcp-workload-matrix-v1/A04-pbuf/build/tcp_in.o,
by_pc,2147509640,14,14,28,42,14,0,0,0,0,tcp_input,/Users/swchen.tw/git/percepio/poc/runs/tcp-workload-matrix-v1/A04-pbuf/build/tcp_in.o,
by_pc,2147509642,14,14,28,42,14,0,0,0,0,tcp_input,/Users/swchen.tw/git/percepio/poc/runs/tcp-workload-matrix-v1/A04-pbuf/build/tcp_in.o,
by_pc,2147509646,14,14,28,42,14,0,0,0,0,tcp_input,/Users/swchen.tw/git/percepio/poc/runs/tcp-workload-matrix-v1/A04-pbuf/build/tcp_in.o,
by_pc,2147509650,14,294,588,602,14,14,112,0,154,tcp_input,/Users/swchen.tw/git/percepio/poc/runs/tcp-workload-matrix-v1/A04-pbuf/build/tcp_in.o,
by_pc,2147509654,14,14,28,42,14,0,0,0,0,tcp_input,/Users/swchen.tw/git/percepio/poc/runs/tcp-workload-matrix-v1/A04-pbuf/build/tcp_in.o,
by_pc,2147509658,14,294,588,602,14,14,112,0,154,tcp_input,/Users/swchen.tw/git/percepio/poc/runs/tcp-workload-matrix-v1/A04-pbuf/build/tcp_in.o,
by_pc,2147509662,14,14,28,42,14,0,0,0,0,tcp_input,/Users/swchen.tw/git/percepio/poc/runs/tcp-workload-matrix-v1/A04-pbuf/build/tcp_in.o,
by_pc,2147509666,14,294,588,602,14,14,112,0,154,tcp_input,/Users/swchen.tw/git/percepio/poc/runs/tcp-workload-matrix-v1/A04-pbuf/build/tcp_in.o,
by_pc,2147509670,14,294,588,602,14,14,112,0,154,tcp_input,/Users/swchen.tw/git/percepio/poc/runs/tcp-workload-matrix-v1/A04-pbuf/build/tcp_in.o,
by_pc,2147509674,14,28,56,70,14,14,0,0,0,tcp_input,/Users/swchen.tw/git/percepio/poc/runs/tcp-workload-matrix-v1/A04-pbuf/build/tcp_in.o,
by_pc,2147509678,14,294,588,602,14,14,112,0,154,tcp_input,/Users/swchen.tw/git/percepio/poc/runs/tcp-workload-matrix-v1/A04-pbuf/build/tcp_in.o,
by_pc,2147509682,14,28,56,70,14,14,0,0,0,tcp_input,/Users/swchen.tw/git/percepio/poc/runs/tcp-workload-matrix-v1/A04-pbuf/build/tcp_in.o,
by_pc,2147509686,14,28,56,70,14,14,0,0,0,tcp_input,/Users/swchen.tw/git/percepio/poc/runs/tcp-workload-matrix-v1/A04-pbuf/build/tcp_in.o,
by_pc,2147509690,14,28,56,70,14,14,0,0,0,tcp_input,/Users/swchen.tw/git/percepio/poc/runs/tcp-workload-matrix-v1/A04-pbuf/build/tcp_in.o,
by_pc,2147509694,14,14,28,42,14,0,0,0,0,tcp_input,/Users/swchen.tw/git/percepio/poc/runs/tcp-workload-matrix-v1/A04-pbuf/build/tcp_in.o,
by_pc,2147509696,14,154,308,322,14,0,104,36,0,tcp_input,/Users/swchen.tw/git/percepio/poc/runs/tcp-workload-matrix-v1/A04-pbuf/build/tcp_in.o,
by_pc,2147509698,14,28,56,70,14,14,0,0,0,tcp_input,/Users/swchen.tw/git/percepio/poc/runs/tcp-workload-matrix-v1/A04-pbuf/build/tcp_in.o,
by_pc,2147509702,14,14,28,42,14,0,0,0,0,tcp_input,/Users/swchen.tw/git/percepio/poc/runs/tcp-workload-matrix-v1/A04-pbuf/build/tcp_in.o,
by_pc,2147509704,14,14,28,42,14,0,0,0,0,tcp_input,/Users/swchen.tw/git/percepio/poc/runs/tcp-workload-matrix-v1/A04-pbuf/build/tcp_in.o,
by_pc,2147509706,14,14,28,42,14,0,0,0,0,tcp_input,/Users/swchen.tw/git/percepio/poc/runs/tcp-workload-matrix-v1/A04-pbuf/build/tcp_in.o,
by_pc,2147509708,14,14,28,42,14,0,0,0,0,tcp_input,/Users/swchen.tw/git/percepio/poc/runs/tcp-workload-matrix-v1/A04-pbuf/build/tcp_in.o,
by_pc,2147509710,14,14,28,42,14,0,0,0,0,tcp_input,/Users/swchen.tw/git/percepio/poc/runs/tcp-workload-matrix-v1/A04-pbuf/build/tcp_in.o,
by_pc,2147509714,14,14,28,42,14,0,0,0,0,tcp_input,/Users/swchen.tw/git/percepio/poc/runs/tcp-workload-matrix-v1/A04-pbuf/build/tcp_in.o,
by_pc,2147509718,14,294,588,602,14,14,112,0,154,tcp_input,/Users/swchen.tw/git/percepio/poc/runs/tcp-workload-matrix-v1/A04-pbuf/build/tcp_in.o,
by_pc,2147509722,14,14,28,42,14,0,0,0,0,tcp_input,/Users/swchen.tw/git/percepio/poc/runs/tcp-workload-matrix-v1/A04-pbuf/build/tcp_in.o,
by_pc,2147509726,14,294,588,602,14,14,112,0,154,tcp_input,/Users/swchen.tw/git/percepio/poc/runs/tcp-workload-matrix-v1/A04-pbuf/build/tcp_in.o,
by_pc,2147509730,14,14,28,42,14,0,0,0,0,tcp_input,/Users/swchen.tw/git/percepio/poc/runs/tcp-workload-matrix-v1/A04-pbuf/build/tcp_in.o,
by_pc,2147509734,14,294,588,602,14,14,112,0,154,tcp_input,/Users/swchen.tw/git/percepio/poc/runs/tcp-workload-matrix-v1/A04-pbuf/build/tcp_in.o,
by_pc,2147509738,14,294,588,602,14,14,112,0,154,tcp_input,/Users/swchen.tw/git/percepio/poc/runs/tcp-workload-matrix-v1/A04-pbuf/build/tcp_in.o,
by_pc,2147509742,14,28,56,70,14,14,0,0,0,tcp_input,/Users/swchen.tw/git/percepio/poc/runs/tcp-workload-matrix-v1/A04-pbuf/build/tcp_in.o,
by_pc,2147509746,14,294,588,602,14,14,112,0,154,tcp_input,/Users/swchen.tw/git/percepio/poc/runs/tcp-workload-matrix-v1/A04-pbuf/build/tcp_in.o,
by_pc,2147509750,14,28,56,70,14,14,0,0,0,tcp_input,/Users/swchen.tw/git/percepio/poc/runs/tcp-workload-matrix-v1/A04-pbuf/build/tcp_in.o,
by_pc,2147509754,14,28,56,70,14,14,0,0,0,tcp_input,/Users/swchen.tw/git/percepio/poc/runs/tcp-workload-matrix-v1/A04-pbuf/build/tcp_in.o,
by_pc,2147509758,14,14,28,42,14,0,0,0,0,tcp_input,/Users/swchen.tw/git/percepio/poc/runs/tcp-workload-matrix-v1/A04-pbuf/build/tcp_in.o,
by_pc,2147509760,14,172,344,358,14,0,104,54,0,tcp_input,/Users/swchen.tw/git/percepio/poc/runs/tcp-workload-matrix-v1/A04-pbuf/build/tcp_in.o,
by_pc,2147509762,14,14,28,42,14,0,0,0,0,tcp_input,/Users/swchen.tw/git/percepio/poc/runs/tcp-workload-matrix-v1/A04-pbuf/build/tcp_in.o,
by_pc,2147509766,14,28,56,70,14,14,0,0,0,tcp_input,/Users/swchen.tw/git/percepio/poc/runs/tcp-workload-matrix-v1/A04-pbuf/build/tcp_in.o,
by_pc,2147509770,14,294,588,602,14,14,112,0,154,tcp_input,/Users/swchen.tw/git/percepio/poc/runs/tcp-workload-matrix-v1/A04-pbuf/build/tcp_in.o,
by_pc,2147509774,14,14,28,42,14,0,0,0,0,tcp_input,/Users/swchen.tw/git/percepio/poc/runs/tcp-workload-matrix-v1/A04-pbuf/build/tcp_in.o,
by_pc,2147509776,14,294,588,602,14,14,112,0,154,tcp_input,/Users/swchen.tw/git/percepio/poc/runs/tcp-workload-matrix-v1/A04-pbuf/build/tcp_in.o,
by_pc,2147509780,14,28,56,70,14,14,0,0,0,tcp_input,/Users/swchen.tw/git/percepio/poc/runs/tcp-workload-matrix-v1/A04-pbuf/build/tcp_in.o,
by_pc,2147509784,14,28,56,70,14,14,0,0,0,tcp_input,/Users/swchen.tw/git/percepio/poc/runs/tcp-workload-matrix-v1/A04-pbuf/build/tcp_in.o,
by_pc,2147509788,14,14,28,42,14,0,0,0,0,tcp_input,/Users/swchen.tw/git/percepio/poc/runs/tcp-workload-matrix-v1/A04-pbuf/build/tcp_in.o,
by_pc,2147509790,14,14,28,42,14,0,0,0,0,tcp_input,/Users/swchen.tw/git/percepio/poc/runs/tcp-workload-matrix-v1/A04-pbuf/build/tcp_in.o,
by_pc,2147509792,14,14,28,42,14,0,0,0,0,tcp_input,/Users/swchen.tw/git/percepio/poc/runs/tcp-workload-matrix-v1/A04-pbuf/build/tcp_in.o,
by_pc,2147509796,14,14,28,42,14,0,0,0,0,tcp_input,/Users/swchen.tw/git/percepio/poc/runs/tcp-workload-matrix-v1/A04-pbuf/build/tcp_in.o,
by_pc,2147509800,14,294,588,602,14,14,112,0,154,tcp_input,/Users/swchen.tw/git/percepio/poc/runs/tcp-workload-matrix-v1/A04-pbuf/build/tcp_in.o,
by_pc,2147509804,14,14,28,42,14,0,0,0,0,tcp_input,/Users/swchen.tw/git/percepio/poc/runs/tcp-workload-matrix-v1/A04-pbuf/build/tcp_in.o,
by_pc,2147509808,14,28,56,70,14,14,0,0,0,tcp_input,/Users/swchen.tw/git/percepio/poc/runs/tcp-workload-matrix-v1/A04-pbuf/build/tcp_in.o,
by_pc,2147509812,14,14,28,42,14,0,0,0,0,tcp_input,/Users/swchen.tw/git/percepio/poc/runs/tcp-workload-matrix-v1/A04-pbuf/build/tcp_in.o,
by_pc,2147509816,2,2,4,6,2,0,0,0,0,tcp_input,/Users/swchen.tw/git/percepio/poc/runs/tcp-workload-matrix-v1/A04-pbuf/build/tcp_in.o,
by_pc,2147509820,2,2,4,6,2,0,0,0,0,tcp_input,/Users/swchen.tw/git/percepio/poc/runs/tcp-workload-matrix-v1/A04-pbuf/build/tcp_in.o,
by_pc,2147509822,2,2,4,6,2,0,0,0,0,tcp_input,/Users/swchen.tw/git/percepio/poc/runs/tcp-workload-matrix-v1/A04-pbuf/build/tcp_in.o,
by_pc,2147509824,2,76,152,154,2,2,32,18,22,tcp_input,/Users/swchen.tw/git/percepio/poc/runs/tcp-workload-matrix-v1/A04-pbuf/build/tcp_in.o,
by_pc,2147509828,2,2,4,6,2,0,0,0,0,tcp_input,/Users/swchen.tw/git/percepio/poc/runs/tcp-workload-matrix-v1/A04-pbuf/build/tcp_in.o,
by_pc,2147509832,14,146,292,306,14,0,96,36,0,tcp_input,/Users/swchen.tw/git/percepio/poc/runs/tcp-workload-matrix-v1/A04-pbuf/build/tcp_in.o,
by_pc,2147509836,14,28,56,70,14,14,0,0,0,tcp_input,/Users/swchen.tw/git/percepio/poc/runs/tcp-workload-matrix-v1/A04-pbuf/build/tcp_in.o,
by_pc,2147509840,14,28,56,70,14,14,0,0,0,tcp_input,/Users/swchen.tw/git/percepio/poc/runs/tcp-workload-matrix-v1/A04-pbuf/build/tcp_in.o,
by_pc,2147509844,14,28,56,70,14,14,0,0,0,tcp_input,/Users/swchen.tw/git/percepio/poc/runs/tcp-workload-matrix-v1/A04-pbuf/build/tcp_in.o,
by_pc,2147509848,14,28,56,70,14,14,0,0,0,tcp_input,/Users/swchen.tw/git/percepio/poc/runs/tcp-workload-matrix-v1/A04-pbuf/build/tcp_in.o,
by_pc,2147509852,14,14,28,42,14,0,0,0,0,tcp_input,/Users/swchen.tw/git/percepio/poc/runs/tcp-workload-matrix-v1/A04-pbuf/build/tcp_in.o,
by_pc,2147509854,14,14,28,42,14,0,0,0,0,tcp_input,/Users/swchen.tw/git/percepio/poc/runs/tcp-workload-matrix-v1/A04-pbuf/build/tcp_in.o,
by_pc,2147509856,14,14,28,42,14,0,0,0,0,tcp_input,/Users/swchen.tw/git/percepio/poc/runs/tcp-workload-matrix-v1/A04-pbuf/build/tcp_in.o,
by_pc,2147509860,1,2,4,5,1,1,0,0,0,tcp_input,/Users/swchen.tw/git/percepio/poc/runs/tcp-workload-matrix-v1/A04-pbuf/build/tcp_in.o,
by_pc,2147509864,1,1,2,3,1,0,0,0,0,tcp_input,/Users/swchen.tw/git/percepio/poc/runs/tcp-workload-matrix-v1/A04-pbuf/build/tcp_in.o,
by_pc,2147509868,1,1,2,3,1,0,0,0,0,tcp_input,/Users/swchen.tw/git/percepio/poc/runs/tcp-workload-matrix-v1/A04-pbuf/build/tcp_in.o,
by_pc,2147509872,1,2,4,5,1,1,0,0,0,tcp_input,/Users/swchen.tw/git/percepio/poc/runs/tcp-workload-matrix-v1/A04-pbuf/build/tcp_in.o,
by_pc,2147509874,1,2,4,5,1,1,0,0,0,tcp_input,/Users/swchen.tw/git/percepio/poc/runs/tcp-workload-matrix-v1/A04-pbuf/build/tcp_in.o,
by_pc,2147509878,1,1,2,3,1,0,0,0,0,tcp_input,/Users/swchen.tw/git/percepio/poc/runs/tcp-workload-matrix-v1/A04-pbuf/build/tcp_in.o,
by_pc,2147509880,1,1,2,3,1,0,0,0,0,tcp_input,/Users/swchen.tw/git/percepio/poc/runs/tcp-workload-matrix-v1/A04-pbuf/build/tcp_in.o,
by_pc,2147510600,1,28,56,57,1,1,8,18,0,tcp_input,/Users/swchen.tw/git/percepio/poc/runs/tcp-workload-matrix-v1/A04-pbuf/build/tcp_in.o,
by_pc,2147510604,1,1,2,3,1,0,0,0,0,tcp_input,/Users/swchen.tw/git/percepio/poc/runs/tcp-workload-matrix-v1/A04-pbuf/build/tcp_in.o,
by_pc,2147510620,1,2,4,5,1,1,0,0,0,tcp_input,/Users/swchen.tw/git/percepio/poc/runs/tcp-workload-matrix-v1/A04-pbuf/build/tcp_in.o,
by_pc,2147510624,1,2,4,5,1,1,0,0,0,tcp_input,/Users/swchen.tw/git/percepio/poc/runs/tcp-workload-matrix-v1/A04-pbuf/build/tcp_in.o,
by_pc,2147510628,1,2,4,5,1,1,0,0,0,tcp_input,/Users/swchen.tw/git/percepio/poc/runs/tcp-workload-matrix-v1/A04-pbuf/build/tcp_in.o,
by_pc,2147510632,1,1,2,3,1,0,0,0,0,tcp_input,/Users/swchen.tw/git/percepio/poc/runs/tcp-workload-matrix-v1/A04-pbuf/build/tcp_in.o,
by_pc,2147510634,1,1,2,3,1,0,0,0,0,tcp_input,/Users/swchen.tw/git/percepio/poc/runs/tcp-workload-matrix-v1/A04-pbuf/build/tcp_in.o,
by_pc,2147510638,1,1,2,3,1,0,0,0,0,tcp_input,/Users/swchen.tw/git/percepio/poc/runs/tcp-workload-matrix-v1/A04-pbuf/build/tcp_in.o,
by_pc,2147510642,1,2,4,5,1,1,0,0,0,tcp_input,/Users/swchen.tw/git/percepio/poc/runs/tcp-workload-matrix-v1/A04-pbuf/build/tcp_in.o,
by_pc,2147510646,1,1,2,3,1,0,0,0,0,tcp_input,/Users/swchen.tw/git/percepio/poc/runs/tcp-workload-matrix-v1/A04-pbuf/build/tcp_in.o,
by_pc,2147510650,1,1,2,3,1,0,0,0,0,tcp_input,/Users/swchen.tw/git/percepio/poc/runs/tcp-workload-matrix-v1/A04-pbuf/build/tcp_in.o,
by_pc,2147510660,1,27,54,55,1,0,8,18,0,tcp_input,/Users/swchen.tw/git/percepio/poc/runs/tcp-workload-matrix-v1/A04-pbuf/build/tcp_in.o,
by_pc,2147510756,1,27,54,55,1,0,8,18,0,tcp_input,/Users/swchen.tw/git/percepio/poc/runs/tcp-workload-matrix-v1/A04-pbuf/build/tcp_in.o,
by_pc,2147510760,1,2,4,5,1,1,0,0,0,tcp_input,/Users/swchen.tw/git/percepio/poc/runs/tcp-workload-matrix-v1/A04-pbuf/build/tcp_in.o,
by_pc,2147510764,1,1,2,3,1,0,0,0,0,tcp_input,/Users/swchen.tw/git/percepio/poc/runs/tcp-workload-matrix-v1/A04-pbuf/build/tcp_in.o,
by_pc,2147510766,1,1,2,3,1,0,0,0,0,tcp_input,/Users/swchen.tw/git/percepio/poc/runs/tcp-workload-matrix-v1/A04-pbuf/build/tcp_in.o,
by_pc,2147510770,1,21,42,43,1,1,8,0,11,tcp_input,/Users/swchen.tw/git/percepio/poc/runs/tcp-workload-matrix-v1/A04-pbuf/build/tcp_in.o,
by_pc,2147510774,1,1,2,3,1,0,0,0,0,tcp_input,/Users/swchen.tw/git/percepio/poc/runs/tcp-workload-matrix-v1/A04-pbuf/build/tcp_in.o,
by_pc,2147510680,1,1,2,3,1,0,0,0,0,tcp_input,/Users/swchen.tw/git/percepio/poc/runs/tcp-workload-matrix-v1/A04-pbuf/build/tcp_in.o,
by_pc,2147510684,1,1,2,3,1,0,0,0,0,tcp_input,/Users/swchen.tw/git/percepio/poc/runs/tcp-workload-matrix-v1/A04-pbuf/build/tcp_in.o,
by_pc,2147510686,1,1,2,3,1,0,0,0,0,tcp_input,/Users/swchen.tw/git/percepio/poc/runs/tcp-workload-matrix-v1/A04-pbuf/build/tcp_in.o,
by_pc,2147510690,1,1,2,3,1,0,0,0,0,tcp_input,/Users/swchen.tw/git/percepio/poc/runs/tcp-workload-matrix-v1/A04-pbuf/build/tcp_in.o,
by_pc,2147510776,1,1,2,3,1,0,0,0,0,tcp_input,/Users/swchen.tw/git/percepio/poc/runs/tcp-workload-matrix-v1/A04-pbuf/build/tcp_in.o,
by_pc,2147510778,1,1,2,3,1,0,0,0,0,tcp_input,/Users/swchen.tw/git/percepio/poc/runs/tcp-workload-matrix-v1/A04-pbuf/build/tcp_in.o,
by_pc,2147510782,1,29,58,59,2,1,8,18,0,tcp_input,/Users/swchen.tw/git/percepio/poc/runs/tcp-workload-matrix-v1/A04-pbuf/build/tcp_in.o,
by_pc,2147510786,1,1,2,3,1,0,0,0,0,tcp_input,/Users/swchen.tw/git/percepio/poc/runs/tcp-workload-matrix-v1/A04-pbuf/build/tcp_in.o,
by_pc,2147500942,17,81,162,179,17,0,64,0,0,do_memp_malloc_pool,/Users/swchen.tw/git/percepio/poc/runs/tcp-workload-matrix-v1/A04-pbuf/build/memp.o,
by_pc,2147510790,1,1,2,3,1,0,0,0,0,tcp_input,/Users/swchen.tw/git/percepio/poc/runs/tcp-workload-matrix-v1/A04-pbuf/build/tcp_in.o,
by_pc,2147510792,1,1,2,3,1,0,0,0,0,tcp_input,/Users/swchen.tw/git/percepio/poc/runs/tcp-workload-matrix-v1/A04-pbuf/build/tcp_in.o,
by_pc,2147510832,1,2,4,5,1,1,0,0,0,tcp_input,/Users/swchen.tw/git/percepio/poc/runs/tcp-workload-matrix-v1/A04-pbuf/build/tcp_in.o,
by_pc,2147510836,1,21,42,43,1,1,8,0,11,tcp_input,/Users/swchen.tw/git/percepio/poc/runs/tcp-workload-matrix-v1/A04-pbuf/build/tcp_in.o,
by_pc,2147510838,1,2,4,5,1,1,0,0,0,tcp_input,/Users/swchen.tw/git/percepio/poc/runs/tcp-workload-matrix-v1/A04-pbuf/build/tcp_in.o,
by_pc,2147510842,1,21,42,43,1,1,8,0,11,tcp_input,/Users/swchen.tw/git/percepio/poc/runs/tcp-workload-matrix-v1/A04-pbuf/build/tcp_in.o,
by_pc,2147510844,1,2,4,5,1,1,0,0,0,tcp_input,/Users/swchen.tw/git/percepio/poc/runs/tcp-workload-matrix-v1/A04-pbuf/build/tcp_in.o,
by_pc,2147510848,1,47,94,95,1,1,16,18,11,tcp_input,/Users/swchen.tw/git/percepio/poc/runs/tcp-workload-matrix-v1/A04-pbuf/build/tcp_in.o,
by_pc,2147510852,1,2,4,5,1,1,0,0,0,tcp_input,/Users/swchen.tw/git/percepio/poc/runs/tcp-workload-matrix-v1/A04-pbuf/build/tcp_in.o,
by_pc,2147510856,1,2,4,5,1,1,0,0,0,tcp_input,/Users/swchen.tw/git/percepio/poc/runs/tcp-workload-matrix-v1/A04-pbuf/build/tcp_in.o,
by_pc,2147510860,1,2,4,5,1,1,0,0,0,tcp_input,/Users/swchen.tw/git/percepio/poc/runs/tcp-workload-matrix-v1/A04-pbuf/build/tcp_in.o,
by_pc,2147510864,1,1,2,3,1,0,0,0,0,tcp_input,/Users/swchen.tw/git/percepio/poc/runs/tcp-workload-matrix-v1/A04-pbuf/build/tcp_in.o,
by_pc,2147510866,1,1,2,3,1,0,0,0,0,tcp_input,/Users/swchen.tw/git/percepio/poc/runs/tcp-workload-matrix-v1/A04-pbuf/build/tcp_in.o,
by_pc,2147510868,1,21,42,43,1,1,8,0,11,tcp_input,/Users/swchen.tw/git/percepio/poc/runs/tcp-workload-matrix-v1/A04-pbuf/build/tcp_in.o,
by_pc,2147510872,1,1,2,3,1,0,0,0,0,tcp_input,/Users/swchen.tw/git/percepio/poc/runs/tcp-workload-matrix-v1/A04-pbuf/build/tcp_in.o,
by_pc,2147510874,1,21,42,43,1,1,8,0,11,tcp_input,/Users/swchen.tw/git/percepio/poc/runs/tcp-workload-matrix-v1/A04-pbuf/build/tcp_in.o,
by_pc,2147510876,1,2,4,5,1,1,0,0,0,tcp_input,/Users/swchen.tw/git/percepio/poc/runs/tcp-workload-matrix-v1/A04-pbuf/build/tcp_in.o,
by_pc,2147510880,1,1,2,3,1,0,0,0,0,tcp_input,/Users/swchen.tw/git/percepio/poc/runs/tcp-workload-matrix-v1/A04-pbuf/build/tcp_in.o,
by_pc,2147510882,1,21,42,43,1,1,8,0,11,tcp_input,/Users/swchen.tw/git/percepio/poc/runs/tcp-workload-matrix-v1/A04-pbuf/build/tcp_in.o,
by_pc,2147510884,1,21,42,43,1,1,8,0,11,tcp_input,/Users/swchen.tw/git/percepio/poc/runs/tcp-workload-matrix-v1/A04-pbuf/build/tcp_in.o,
by_pc,2147510886,1,1,2,3,1,0,0,0,0,tcp_input,/Users/swchen.tw/git/percepio/poc/runs/tcp-workload-matrix-v1/A04-pbuf/build/tcp_in.o,
by_pc,2147503466,1,1,2,3,1,0,0,0,0,tcp_next_iss,/Users/swchen.tw/git/percepio/poc/runs/tcp-workload-matrix-v1/A04-pbuf/build/tcp.o,
by_pc,2147503470,1,28,56,57,1,1,8,18,0,tcp_next_iss,/Users/swchen.tw/git/percepio/poc/runs/tcp-workload-matrix-v1/A04-pbuf/build/tcp.o,
by_pc,2147503472,1,2,4,5,1,1,0,0,0,tcp_next_iss,/Users/swchen.tw/git/percepio/poc/runs/tcp-workload-matrix-v1/A04-pbuf/build/tcp.o,
by_pc,2147503476,1,1,2,3,1,0,0,0,0,tcp_next_iss,/Users/swchen.tw/git/percepio/poc/runs/tcp-workload-matrix-v1/A04-pbuf/build/tcp.o,
by_pc,2147503478,1,21,42,43,1,1,8,0,11,tcp_next_iss,/Users/swchen.tw/git/percepio/poc/runs/tcp-workload-matrix-v1/A04-pbuf/build/tcp.o,
by_pc,2147503480,1,1,2,3,1,0,0,0,0,tcp_next_iss,/Users/swchen.tw/git/percepio/poc/runs/tcp-workload-matrix-v1/A04-pbuf/build/tcp.o,
by_pc,2147510890,1,2,4,5,1,1,0,0,0,tcp_input,/Users/swchen.tw/git/percepio/poc/runs/tcp-workload-matrix-v1/A04-pbuf/build/tcp_in.o,
by_pc,2147510894,1,21,42,43,1,1,8,0,11,tcp_input,/Users/swchen.tw/git/percepio/poc/runs/tcp-workload-matrix-v1/A04-pbuf/build/tcp_in.o,
by_pc,2147510896,1,21,42,43,1,1,8,0,11,tcp_input,/Users/swchen.tw/git/percepio/poc/runs/tcp-workload-matrix-v1/A04-pbuf/build/tcp_in.o,
by_pc,2147510898,1,1,2,3,1,0,0,0,0,tcp_input,/Users/swchen.tw/git/percepio/poc/runs/tcp-workload-matrix-v1/A04-pbuf/build/tcp_in.o,
by_pc,2147510900,1,21,42,43,1,1,8,0,11,tcp_input,/Users/swchen.tw/git/percepio/poc/runs/tcp-workload-matrix-v1/A04-pbuf/build/tcp_in.o,
by_pc,2147510902,1,21,42,43,1,1,8,0,11,tcp_input,/Users/swchen.tw/git/percepio/poc/runs/tcp-workload-matrix-v1/A04-pbuf/build/tcp_in.o,
by_pc,2147510904,1,21,42,43,1,1,8,0,11,tcp_input,/Users/swchen.tw/git/percepio/poc/runs/tcp-workload-matrix-v1/A04-pbuf/build/tcp_in.o,
by_pc,2147510906,1,2,4,5,1,1,0,0,0,tcp_input,/Users/swchen.tw/git/percepio/poc/runs/tcp-workload-matrix-v1/A04-pbuf/build/tcp_in.o,
by_pc,2147510910,1,48,96,97,2,1,16,18,11,tcp_input,/Users/swchen.tw/git/percepio/poc/runs/tcp-workload-matrix-v1/A04-pbuf/build/tcp_in.o,
by_pc,2147510914,1,21,42,43,1,1,8,0,11,tcp_input,/Users/swchen.tw/git/percepio/poc/runs/tcp-workload-matrix-v1/A04-pbuf/build/tcp_in.o,
by_pc,2147510916,1,2,4,5,1,1,0,0,0,tcp_input,/Users/swchen.tw/git/percepio/poc/runs/tcp-workload-matrix-v1/A04-pbuf/build/tcp_in.o,
by_pc,2147510920,1,1,2,3,1,0,0,0,0,tcp_input,/Users/swchen.tw/git/percepio/poc/runs/tcp-workload-matrix-v1/A04-pbuf/build/tcp_in.o,
by_pc,2147510922,1,21,42,43,1,1,8,0,11,tcp_input,/Users/swchen.tw/git/percepio/poc/runs/tcp-workload-matrix-v1/A04-pbuf/build/tcp_in.o,
by_pc,2147510926,1,2,4,5,1,1,0,0,0,tcp_input,/Users/swchen.tw/git/percepio/poc/runs/tcp-workload-matrix-v1/A04-pbuf/build/tcp_in.o,
by_pc,2147510930,1,21,42,43,1,1,8,0,11,tcp_input,/Users/swchen.tw/git/percepio/poc/runs/tcp-workload-matrix-v1/A04-pbuf/build/tcp_in.o,
by_pc,2147510934,1,2,4,5,1,1,0,0,0,tcp_input,/Users/swchen.tw/git/percepio/poc/runs/tcp-workload-matrix-v1/A04-pbuf/build/tcp_in.o,
by_pc,2147510938,1,21,42,43,1,1,8,0,11,tcp_input,/Users/swchen.tw/git/percepio/poc/runs/tcp-workload-matrix-v1/A04-pbuf/build/tcp_in.o,
by_pc,2147510942,1,21,42,43,1,1,8,0,11,tcp_input,/Users/swchen.tw/git/percepio/poc/runs/tcp-workload-matrix-v1/A04-pbuf/build/tcp_in.o,
by_pc,2147510944,1,1,2,3,1,0,0,0,0,tcp_input,/Users/swchen.tw/git/percepio/poc/runs/tcp-workload-matrix-v1/A04-pbuf/build/tcp_in.o,
by_pc,2147510948,1,1,2,3,1,0,0,0,0,tcp_input,/Users/swchen.tw/git/percepio/poc/runs/tcp-workload-matrix-v1/A04-pbuf/build/tcp_in.o,
by_pc,2147510950,1,21,42,43,1,1,8,0,11,tcp_input,/Users/swchen.tw/git/percepio/poc/runs/tcp-workload-matrix-v1/A04-pbuf/build/tcp_in.o,
by_pc,2147510954,1,2,4,5,1,1,0,0,0,tcp_input,/Users/swchen.tw/git/percepio/poc/runs/tcp-workload-matrix-v1/A04-pbuf/build/tcp_in.o,
by_pc,2147510958,1,1,2,3,1,0,0,0,0,tcp_input,/Users/swchen.tw/git/percepio/poc/runs/tcp-workload-matrix-v1/A04-pbuf/build/tcp_in.o,
by_pc,2147510960,1,1,2,3,1,0,0,0,0,tcp_input,/Users/swchen.tw/git/percepio/poc/runs/tcp-workload-matrix-v1/A04-pbuf/build/tcp_in.o,
by_pc,2147510962,1,1,2,3,1,0,0,0,0,tcp_input,/Users/swchen.tw/git/percepio/poc/runs/tcp-workload-matrix-v1/A04-pbuf/build/tcp_in.o,
by_pc,2147506476,1,27,54,55,1,0,8,18,0,tcp_parseopt.part.0,/Users/swchen.tw/git/percepio/poc/runs/tcp-workload-matrix-v1/A04-pbuf/build/tcp_in.o,
by_pc,2147506478,1,21,42,43,1,1,8,0,11,tcp_parseopt.part.0,/Users/swchen.tw/git/percepio/poc/runs/tcp-workload-matrix-v1/A04-pbuf/build/tcp_in.o,
by_pc,2147506480,1,21,42,43,1,1,8,0,11,tcp_parseopt.part.0,/Users/swchen.tw/git/percepio/poc/runs/tcp-workload-matrix-v1/A04-pbuf/build/tcp_in.o,
by_pc,2147506482,1,21,42,43,1,1,8,0,11,tcp_parseopt.part.0,/Users/swchen.tw/git/percepio/poc/runs/tcp-workload-matrix-v1/A04-pbuf/build/tcp_in.o,
by_pc,2147506484,1,21,42,43,1,1,8,0,11,tcp_parseopt.part.0,/Users/swchen.tw/git/percepio/poc/runs/tcp-workload-matrix-v1/A04-pbuf/build/tcp_in.o,
by_pc,2147506486,1,21,42,43,1,1,8,0,11,tcp_parseopt.part.0,/Users/swchen.tw/git/percepio/poc/runs/tcp-workload-matrix-v1/A04-pbuf/build/tcp_in.o,
by_pc,2147506488,1,1,2,3,1,0,0,0,0,tcp_parseopt.part.0,/Users/swchen.tw/git/percepio/poc/runs/tcp-workload-matrix-v1/A04-pbuf/build/tcp_in.o,
by_pc,2147506490,1,21,42,43,1,1,8,0,11,tcp_parseopt.part.0,/Users/swchen.tw/git/percepio/poc/runs/tcp-workload-matrix-v1/A04-pbuf/build/tcp_in.o,
by_pc,2147506494,1,1,2,3,1,0,0,0,0,tcp_parseopt.part.0,/Users/swchen.tw/git/percepio/poc/runs/tcp-workload-matrix-v1/A04-pbuf/build/tcp_in.o,
by_pc,2147506496,1,27,54,55,1,0,8,18,0,tcp_parseopt.part.0,/Users/swchen.tw/git/percepio/poc/runs/tcp-workload-matrix-v1/A04-pbuf/build/tcp_in.o,
by_pc,2147506498,2,4,8,10,2,2,0,0,0,tcp_parseopt.part.0,/Users/swchen.tw/git/percepio/poc/runs/tcp-workload-matrix-v1/A04-pbuf/build/tcp_in.o,
by_pc,2147506502,2,4,8,10,2,2,0,0,0,tcp_parseopt.part.0,/Users/swchen.tw/git/percepio/poc/runs/tcp-workload-matrix-v1/A04-pbuf/build/tcp_in.o,
by_pc,2147506506,2,2,4,6,2,0,0,0,0,tcp_parseopt.part.0,/Users/swchen.tw/git/percepio/poc/runs/tcp-workload-matrix-v1/A04-pbuf/build/tcp_in.o,
by_pc,2147506524,1,1,2,3,1,0,0,0,0,tcp_parseopt.part.0,/Users/swchen.tw/git/percepio/poc/runs/tcp-workload-matrix-v1/A04-pbuf/build/tcp_in.o,
by_pc,2147506204,4,34,68,72,4,4,8,18,0,tcp_get_next_optbyte,/Users/swchen.tw/git/percepio/poc/runs/tcp-workload-matrix-v1/A04-pbuf/build/tcp_in.o,
by_pc,2147506208,4,4,8,12,4,0,0,0,0,tcp_get_next_optbyte,/Users/swchen.tw/git/percepio/poc/runs/tcp-workload-matrix-v1/A04-pbuf/build/tcp_in.o,
by_pc,2147506212,4,84,168,172,4,4,32,0,44,tcp_get_next_optbyte,/Users/swchen.tw/git/percepio/poc/runs/tcp-workload-matrix-v1/A04-pbuf/build/tcp_in.o,
by_pc,2147506216,4,8,16,20,4,4,0,0,0,tcp_get_next_optbyte,/Users/swchen.tw/git/percepio/poc/runs/tcp-workload-matrix-v1/A04-pbuf/build/tcp_in.o,
by_pc,2147506220,4,4,8,12,4,0,0,0,0,tcp_get_next_optbyte,/Users/swchen.tw/git/percepio/poc/runs/tcp-workload-matrix-v1/A04-pbuf/build/tcp_in.o,
by_pc,2147506230,4,8,16,20,4,4,0,0,0,tcp_get_next_optbyte,/Users/swchen.tw/git/percepio/poc/runs/tcp-workload-matrix-v1/A04-pbuf/build/tcp_in.o,
by_pc,2147506234,4,4,8,12,4,0,0,0,0,tcp_get_next_optbyte,/Users/swchen.tw/git/percepio/poc/runs/tcp-workload-matrix-v1/A04-pbuf/build/tcp_in.o,
by_pc,2147506236,4,8,16,20,4,4,0,0,0,tcp_get_next_optbyte,/Users/swchen.tw/git/percepio/poc/runs/tcp-workload-matrix-v1/A04-pbuf/build/tcp_in.o,
by_pc,2147506240,4,30,60,64,4,0,8,18,0,tcp_get_next_optbyte,/Users/swchen.tw/git/percepio/poc/runs/tcp-workload-matrix-v1/A04-pbuf/build/tcp_in.o,
by_pc,2147506528,1,1,2,3,1,0,0,0,0,tcp_parseopt.part.0,/Users/swchen.tw/git/percepio/poc/runs/tcp-workload-matrix-v1/A04-pbuf/build/tcp_in.o,
by_pc,2147506532,1,1,2,3,1,0,0,0,0,tcp_parseopt.part.0,/Users/swchen.tw/git/percepio/poc/runs/tcp-workload-matrix-v1/A04-pbuf/build/tcp_in.o,
by_pc,2147506560,1,27,54,55,1,0,8,18,0,tcp_parseopt.part.0,/Users/swchen.tw/git/percepio/poc/runs/tcp-workload-matrix-v1/A04-pbuf/build/tcp_in.o,
by_pc,2147506564,1,1,2,3,1,0,0,0,0,tcp_parseopt.part.0,/Users/swchen.tw/git/percepio/poc/runs/tcp-workload-matrix-v1/A04-pbuf/build/tcp_in.o,
by_pc,2147506566,1,1,2,3,1,0,0,0,0,tcp_parseopt.part.0,/Users/swchen.tw/git/percepio/poc/runs/tcp-workload-matrix-v1/A04-pbuf/build/tcp_in.o,
by_pc,2147506570,1,2,4,5,1,1,0,0,0,tcp_parseopt.part.0,/Users/swchen.tw/git/percepio/poc/runs/tcp-workload-matrix-v1/A04-pbuf/build/tcp_in.o,
by_pc,2147506574,1,1,2,3,1,0,0,0,0,tcp_parseopt.part.0,/Users/swchen.tw/git/percepio/poc/runs/tcp-workload-matrix-v1/A04-pbuf/build/tcp_in.o,
by_pc,2147506576,1,1,2,3,1,0,0,0,0,tcp_parseopt.part.0,/Users/swchen.tw/git/percepio/poc/runs/tcp-workload-matrix-v1/A04-pbuf/build/tcp_in.o,
by_pc,2147506580,1,1,2,3,1,0,0,0,0,tcp_parseopt.part.0,/Users/swchen.tw/git/percepio/poc/runs/tcp-workload-matrix-v1/A04-pbuf/build/tcp_in.o,
by_pc,2147506584,1,1,2,3,1,0,0,0,0,tcp_parseopt.part.0,/Users/swchen.tw/git/percepio/poc/runs/tcp-workload-matrix-v1/A04-pbuf/build/tcp_in.o,
by_pc,2147506588,1,1,2,3,1,0,0,0,0,tcp_parseopt.part.0,/Users/swchen.tw/git/percepio/poc/runs/tcp-workload-matrix-v1/A04-pbuf/build/tcp_in.o,
by_pc,2147506592,1,1,2,3,1,0,0,0,0,tcp_parseopt.part.0,/Users/swchen.tw/git/percepio/poc/runs/tcp-workload-matrix-v1/A04-pbuf/build/tcp_in.o,
by_pc,2147506594,1,1,2,3,1,0,0,0,0,tcp_parseopt.part.0,/Users/swchen.tw/git/percepio/poc/runs/tcp-workload-matrix-v1/A04-pbuf/build/tcp_in.o,
by_pc,2147506598,1,1,2,3,1,0,0,0,0,tcp_parseopt.part.0,/Users/swchen.tw/git/percepio/poc/runs/tcp-workload-matrix-v1/A04-pbuf/build/tcp_in.o,
by_pc,2147506600,1,1,2,3,1,0,0,0,0,tcp_parseopt.part.0,/Users/swchen.tw/git/percepio/poc/runs/tcp-workload-matrix-v1/A04-pbuf/build/tcp_in.o,
by_pc,2147506602,1,1,2,3,1,0,0,0,0,tcp_parseopt.part.0,/Users/swchen.tw/git/percepio/poc/runs/tcp-workload-matrix-v1/A04-pbuf/build/tcp_in.o,
by_pc,2147506606,1,1,2,3,1,0,0,0,0,tcp_parseopt.part.0,/Users/swchen.tw/git/percepio/poc/runs/tcp-workload-matrix-v1/A04-pbuf/build/tcp_in.o,
by_pc,2147506614,1,21,42,43,1,1,8,0,11,tcp_parseopt.part.0,/Users/swchen.tw/git/percepio/poc/runs/tcp-workload-matrix-v1/A04-pbuf/build/tcp_in.o,
by_pc,2147506618,1,1,2,3,1,0,0,0,0,tcp_parseopt.part.0,/Users/swchen.tw/git/percepio/poc/runs/tcp-workload-matrix-v1/A04-pbuf/build/tcp_in.o,
by_pc,2147506510,1,2,4,5,1,1,0,0,0,tcp_parseopt.part.0,/Users/swchen.tw/git/percepio/poc/runs/tcp-workload-matrix-v1/A04-pbuf/build/tcp_in.o,
by_pc,2147506512,1,2,4,5,1,1,0,0,0,tcp_parseopt.part.0,/Users/swchen.tw/git/percepio/poc/runs/tcp-workload-matrix-v1/A04-pbuf/build/tcp_in.o,
by_pc,2147506514,1,2,4,5,1,1,0,0,0,tcp_parseopt.part.0,/Users/swchen.tw/git/percepio/poc/runs/tcp-workload-matrix-v1/A04-pbuf/build/tcp_in.o,
by_pc,2147506516,1,2,4,5,1,1,0,0,0,tcp_parseopt.part.0,/Users/swchen.tw/git/percepio/poc/runs/tcp-workload-matrix-v1/A04-pbuf/build/tcp_in.o,
by_pc,2147506518,1,2,4,5,1,1,0,0,0,tcp_parseopt.part.0,/Users/swchen.tw/git/percepio/poc/runs/tcp-workload-matrix-v1/A04-pbuf/build/tcp_in.o,
by_pc,2147506520,1,1,2,3,1,0,0,0,0,tcp_parseopt.part.0,/Users/swchen.tw/git/percepio/poc/runs/tcp-workload-matrix-v1/A04-pbuf/build/tcp_in.o,
by_pc,2147506522,1,1,2,3,1,0,0,0,0,tcp_parseopt.part.0,/Users/swchen.tw/git/percepio/poc/runs/tcp-workload-matrix-v1/A04-pbuf/build/tcp_in.o,
by_pc,2147510966,1,2,4,5,1,1,0,0,0,tcp_input,/Users/swchen.tw/git/percepio/poc/runs/tcp-workload-matrix-v1/A04-pbuf/build/tcp_in.o,
by_pc,2147510970,1,1,2,3,1,0,0,0,0,tcp_input,/Users/swchen.tw/git/percepio/poc/runs/tcp-workload-matrix-v1/A04-pbuf/build/tcp_in.o,
by_pc,2147510974,1,1,2,3,1,0,0,0,0,tcp_input,/Users/swchen.tw/git/percepio/poc/runs/tcp-workload-matrix-v1/A04-pbuf/build/tcp_in.o,
by_pc,2147510976,1,28,56,57,1,1,8,18,0,tcp_input,/Users/swchen.tw/git/percepio/poc/runs/tcp-workload-matrix-v1/A04-pbuf/build/tcp_in.o,
by_pc,2147510980,1,2,4,5,1,1,0,0,0,tcp_input,/Users/swchen.tw/git/percepio/poc/runs/tcp-workload-matrix-v1/A04-pbuf/build/tcp_in.o,
by_pc,2147510984,1,2,4,5,1,1,0,0,0,tcp_input,/Users/swchen.tw/git/percepio/poc/runs/tcp-workload-matrix-v1/A04-pbuf/build/tcp_in.o,
by_pc,2147510988,1,21,42,43,1,1,8,0,11,tcp_input,/Users/swchen.tw/git/percepio/poc/runs/tcp-workload-matrix-v1/A04-pbuf/build/tcp_in.o,
by_pc,2147510990,1,1,2,3,1,0,0,0,0,tcp_input,/Users/swchen.tw/git/percepio/poc/runs/tcp-workload-matrix-v1/A04-pbuf/build/tcp_in.o,
by_pc,2147510992,1,1,2,3,1,0,0,0,0,tcp_input,/Users/swchen.tw/git/percepio/poc/runs/tcp-workload-matrix-v1/A04-pbuf/build/tcp_in.o,
by_pc,2147510994,1,21,42,43,1,1,8,0,11,tcp_input,/Users/swchen.tw/git/percepio/poc/runs/tcp-workload-matrix-v1/A04-pbuf/build/tcp_in.o,
by_pc,2147510998,1,21,42,43,1,1,8,0,11,tcp_input,/Users/swchen.tw/git/percepio/poc/runs/tcp-workload-matrix-v1/A04-pbuf/build/tcp_in.o,
by_pc,2147511002,1,1,2,3,1,0,0,0,0,tcp_input,/Users/swchen.tw/git/percepio/poc/runs/tcp-workload-matrix-v1/A04-pbuf/build/tcp_in.o,
by_pc,2147517740,12,24,48,60,12,12,0,0,0,ip4_route,/Users/swchen.tw/git/percepio/poc/runs/tcp-workload-matrix-v1/A04-pbuf/build/ip4.o,
by_pc,2147517744,12,12,24,36,12,0,0,0,0,ip4_route,/Users/swchen.tw/git/percepio/poc/runs/tcp-workload-matrix-v1/A04-pbuf/build/ip4.o,
by_pc,2147517802,12,122,244,256,12,12,80,18,0,ip4_route,/Users/swchen.tw/git/percepio/poc/runs/tcp-workload-matrix-v1/A04-pbuf/build/ip4.o,
by_pc,2147517806,12,12,24,36,12,0,0,0,0,ip4_route,/Users/swchen.tw/git/percepio/poc/runs/tcp-workload-matrix-v1/A04-pbuf/build/ip4.o,
by_pc,2147517810,12,12,24,36,12,0,0,0,0,ip4_route,/Users/swchen.tw/git/percepio/poc/runs/tcp-workload-matrix-v1/A04-pbuf/build/ip4.o,
by_pc,2147517812,12,12,24,36,12,0,0,0,0,ip4_route,/Users/swchen.tw/git/percepio/poc/runs/tcp-workload-matrix-v1/A04-pbuf/build/ip4.o,
by_pc,2147517816,12,12,24,36,12,0,0,0,0,ip4_route,/Users/swchen.tw/git/percepio/poc/runs/tcp-workload-matrix-v1/A04-pbuf/build/ip4.o,
by_pc,2147517818,12,12,24,36,12,0,0,0,0,ip4_route,/Users/swchen.tw/git/percepio/poc/runs/tcp-workload-matrix-v1/A04-pbuf/build/ip4.o,
by_pc,2147517820,12,24,48,60,12,12,0,0,0,ip4_route,/Users/swchen.tw/git/percepio/poc/runs/tcp-workload-matrix-v1/A04-pbuf/build/ip4.o,
by_pc,2147517822,12,12,24,36,12,0,0,0,0,ip4_route,/Users/swchen.tw/git/percepio/poc/runs/tcp-workload-matrix-v1/A04-pbuf/build/ip4.o,
by_pc,2147517824,12,88,176,188,12,12,64,0,0,ip4_route,/Users/swchen.tw/git/percepio/poc/runs/tcp-workload-matrix-v1/A04-pbuf/build/ip4.o,
by_pc,2147517826,12,24,48,60,12,12,0,0,0,ip4_route,/Users/swchen.tw/git/percepio/poc/runs/tcp-workload-matrix-v1/A04-pbuf/build/ip4.o,
by_pc,2147517828,12,12,24,36,12,0,0,0,0,ip4_route,/Users/swchen.tw/git/percepio/poc/runs/tcp-workload-matrix-v1/A04-pbuf/build/ip4.o,
by_pc,2147517830,12,12,24,36,12,0,0,0,0,ip4_route,/Users/swchen.tw/git/percepio/poc/runs/tcp-workload-matrix-v1/A04-pbuf/build/ip4.o,
by_pc,2147517832,12,12,24,36,12,0,0,0,0,ip4_route,/Users/swchen.tw/git/percepio/poc/runs/tcp-workload-matrix-v1/A04-pbuf/build/ip4.o,
by_pc,2147517798,12,12,24,36,12,0,0,0,0,ip4_route,/Users/swchen.tw/git/percepio/poc/runs/tcp-workload-matrix-v1/A04-pbuf/build/ip4.o,
by_pc,2147517800,12,12,24,36,12,0,0,0,0,ip4_route,/Users/swchen.tw/git/percepio/poc/runs/tcp-workload-matrix-v1/A04-pbuf/build/ip4.o,
by_pc,2147511006,1,2,4,5,1,1,0,0,0,tcp_input,/Users/swchen.tw/git/percepio/poc/runs/tcp-workload-matrix-v1/A04-pbuf/build/tcp_in.o,
by_pc,2147511008,1,1,2,3,1,0,0,0,0,tcp_input,/Users/swchen.tw/git/percepio/poc/runs/tcp-workload-matrix-v1/A04-pbuf/build/tcp_in.o,
by_pc,2147511010,1,1,2,3,1,0,0,0,0,tcp_input,/Users/swchen.tw/git/percepio/poc/runs/tcp-workload-matrix-v1/A04-pbuf/build/tcp_in.o,
by_pc,2147511012,1,1,2,3,1,0,0,0,0,tcp_input,/Users/swchen.tw/git/percepio/poc/runs/tcp-workload-matrix-v1/A04-pbuf/build/tcp_in.o,
by_pc,2147503482,2,2,4,6,2,0,0,0,0,tcp_eff_send_mss_netif,/Users/swchen.tw/git/percepio/poc/runs/tcp-workload-matrix-v1/A04-pbuf/build/tcp.o,
by_pc,2147503484,2,4,8,10,2,2,0,0,0,tcp_eff_send_mss_netif,/Users/swchen.tw/git/percepio/poc/runs/tcp-workload-matrix-v1/A04-pbuf/build/tcp.o,
by_pc,2147503488,2,28,56,58,2,0,8,18,0,tcp_eff_send_mss_netif,/Users/swchen.tw/git/percepio/poc/runs/tcp-workload-matrix-v1/A04-pbuf/build/tcp.o,
by_pc,2147503490,2,2,4,6,2,0,0,0,0,tcp_eff_send_mss_netif,/Users/swchen.tw/git/percepio/poc/runs/tcp-workload-matrix-v1/A04-pbuf/build/tcp.o,
by_pc,2147503494,2,2,4,6,2,0,0,0,0,tcp_eff_send_mss_netif,/Users/swchen.tw/git/percepio/poc/runs/tcp-workload-matrix-v1/A04-pbuf/build/tcp.o,
by_pc,2147503498,2,2,4,6,2,0,0,0,0,tcp_eff_send_mss_netif,/Users/swchen.tw/git/percepio/poc/runs/tcp-workload-matrix-v1/A04-pbuf/build/tcp.o,
by_pc,2147503500,2,2,4,6,2,0,0,0,0,tcp_eff_send_mss_netif,/Users/swchen.tw/git/percepio/poc/runs/tcp-workload-matrix-v1/A04-pbuf/build/tcp.o,
by_pc,2147503502,2,2,4,6,2,0,0,0,0,tcp_eff_send_mss_netif,/Users/swchen.tw/git/percepio/poc/runs/tcp-workload-matrix-v1/A04-pbuf/build/tcp.o,
by_pc,2147503504,2,2,4,6,2,0,0,0,0,tcp_eff_send_mss_netif,/Users/swchen.tw/git/percepio/poc/runs/tcp-workload-matrix-v1/A04-pbuf/build/tcp.o,
by_pc,2147503506,2,2,4,6,2,0,0,0,0,tcp_eff_send_mss_netif,/Users/swchen.tw/git/percepio/poc/runs/tcp-workload-matrix-v1/A04-pbuf/build/tcp.o,
by_pc,2147503508,2,2,4,6,2,0,0,0,0,tcp_eff_send_mss_netif,/Users/swchen.tw/git/percepio/poc/runs/tcp-workload-matrix-v1/A04-pbuf/build/tcp.o,
by_pc,2147503514,2,2,4,6,2,0,0,0,0,tcp_eff_send_mss_netif,/Users/swchen.tw/git/percepio/poc/runs/tcp-workload-matrix-v1/A04-pbuf/build/tcp.o,
by_pc,2147503518,2,2,4,6,2,0,0,0,0,tcp_eff_send_mss_netif,/Users/swchen.tw/git/percepio/poc/runs/tcp-workload-matrix-v1/A04-pbuf/build/tcp.o,
by_pc,2147503520,2,2,4,6,2,0,0,0,0,tcp_eff_send_mss_netif,/Users/swchen.tw/git/percepio/poc/runs/tcp-workload-matrix-v1/A04-pbuf/build/tcp.o,
by_pc,2147511016,1,21,42,43,1,1,8,0,11,tcp_input,/Users/swchen.tw/git/percepio/poc/runs/tcp-workload-matrix-v1/A04-pbuf/build/tcp_in.o,
by_pc,2147511020,1,1,2,3,1,0,0,0,0,tcp_input,/Users/swchen.tw/git/percepio/poc/runs/tcp-workload-matrix-v1/A04-pbuf/build/tcp_in.o,
by_pc,2147511022,1,1,2,3,1,0,0,0,0,tcp_input,/Users/swchen.tw/git/percepio/poc/runs/tcp-workload-matrix-v1/A04-pbuf/build/tcp_in.o,
by_pc,2147511024,1,1,2,3,1,0,0,0,0,tcp_input,/Users/swchen.tw/git/percepio/poc/runs/tcp-workload-matrix-v1/A04-pbuf/build/tcp_in.o,
by_pc,2147514298,2,54,108,110,2,0,16,36,0,tcp_enqueue_flags,/Users/swchen.tw/git/percepio/poc/runs/tcp-workload-matrix-v1/A04-pbuf/build/tcp_out.o,
by_pc,2147514302,2,2,4,6,2,0,0,0,0,tcp_enqueue_flags,/Users/swchen.tw/git/percepio/poc/runs/tcp-workload-matrix-v1/A04-pbuf/build/tcp_out.o,
by_pc,2147514304,2,54,108,110,2,0,16,36,0,tcp_enqueue_flags,/Users/swchen.tw/git/percepio/poc/runs/tcp-workload-matrix-v1/A04-pbuf/build/tcp_out.o,
by_pc,2147514306,2,42,84,86,2,2,16,0,22,tcp_enqueue_flags,/Users/swchen.tw/git/percepio/poc/runs/tcp-workload-matrix-v1/A04-pbuf/build/tcp_out.o,
by_pc,2147514308,2,42,84,86,2,2,16,0,22,tcp_enqueue_flags,/Users/swchen.tw/git/percepio/poc/runs/tcp-workload-matrix-v1/A04-pbuf/build/tcp_out.o,
by_pc,2147514310,2,2,4,6,2,0,0,0,0,tcp_enqueue_flags,/Users/swchen.tw/git/percepio/poc/runs/tcp-workload-matrix-v1/A04-pbuf/build/tcp_out.o,
by_pc,2147514312,2,2,4,6,2,0,0,0,0,tcp_enqueue_flags,/Users/swchen.tw/git/percepio/poc/runs/tcp-workload-matrix-v1/A04-pbuf/build/tcp_out.o,
by_pc,2147514314,2,2,4,6,2,0,0,0,0,tcp_enqueue_flags,/Users/swchen.tw/git/percepio/poc/runs/tcp-workload-matrix-v1/A04-pbuf/build/tcp_out.o,
by_pc,2147514318,2,2,4,6,2,0,0,0,0,tcp_enqueue_flags,/Users/swchen.tw/git/percepio/poc/runs/tcp-workload-matrix-v1/A04-pbuf/build/tcp_out.o,
by_pc,2147514322,2,2,4,6,2,0,0,0,0,tcp_enqueue_flags,/Users/swchen.tw/git/percepio/poc/runs/tcp-workload-matrix-v1/A04-pbuf/build/tcp_out.o,
by_pc,2147514326,2,42,84,86,2,2,16,0,22,tcp_enqueue_flags,/Users/swchen.tw/git/percepio/poc/runs/tcp-workload-matrix-v1/A04-pbuf/build/tcp_out.o,
by_pc,2147514328,2,42,84,86,2,2,16,0,22,tcp_enqueue_flags,/Users/swchen.tw/git/percepio/poc/runs/tcp-workload-matrix-v1/A04-pbuf/build/tcp_out.o,
by_pc,2147514330,2,2,4,6,2,0,0,0,0,tcp_enqueue_flags,/Users/swchen.tw/git/percepio/poc/runs/tcp-workload-matrix-v1/A04-pbuf/build/tcp_out.o,
by_pc,2147514334,2,4,8,10,2,2,0,0,0,tcp_enqueue_flags,/Users/swchen.tw/git/percepio/poc/runs/tcp-workload-matrix-v1/A04-pbuf/build/tcp_out.o,
by_pc,2147514336,2,2,4,6,2,0,0,0,0,tcp_enqueue_flags,/Users/swchen.tw/git/percepio/poc/runs/tcp-workload-matrix-v1/A04-pbuf/build/tcp_out.o,
by_pc,2147514380,2,56,112,114,2,2,16,36,0,tcp_enqueue_flags,/Users/swchen.tw/git/percepio/poc/runs/tcp-workload-matrix-v1/A04-pbuf/build/tcp_out.o,
by_pc,2147514382,2,2,4,6,2,0,0,0,0,tcp_enqueue_flags,/Users/swchen.tw/git/percepio/poc/runs/tcp-workload-matrix-v1/A04-pbuf/build/tcp_out.o,
by_pc,2147514384,2,2,4,6,2,0,0,0,0,tcp_enqueue_flags,/Users/swchen.tw/git/percepio/poc/runs/tcp-workload-matrix-v1/A04-pbuf/build/tcp_out.o,
by_pc,2147514386,2,2,4,6,2,0,0,0,0,tcp_enqueue_flags,/Users/swchen.tw/git/percepio/poc/runs/tcp-workload-matrix-v1/A04-pbuf/build/tcp_out.o,
by_pc,2147514388,2,2,4,6,2,0,0,0,0,tcp_enqueue_flags,/Users/swchen.tw/git/percepio/poc/runs/tcp-workload-matrix-v1/A04-pbuf/build/tcp_out.o,
by_pc,2147512332,10,68,136,146,10,0,40,18,0,tcp_create_segment,/Users/swchen.tw/git/percepio/poc/runs/tcp-workload-matrix-v1/A04-pbuf/build/tcp_out.o,
by_pc,2147512334,10,210,420,430,10,10,80,0,110,tcp_create_segment,/Users/swchen.tw/git/percepio/poc/runs/tcp-workload-matrix-v1/A04-pbuf/build/tcp_out.o,
by_pc,2147512336,10,10,20,30,10,0,0,0,0,tcp_create_segment,/Users/swchen.tw/git/percepio/poc/runs/tcp-workload-matrix-v1/A04-pbuf/build/tcp_out.o,
by_pc,2147512338,10,10,20,30,10,0,0,0,0,tcp_create_segment,/Users/swchen.tw/git/percepio/poc/runs/tcp-workload-matrix-v1/A04-pbuf/build/tcp_out.o,
by_pc,2147512340,10,210,420,430,10,10,80,0,110,tcp_create_segment,/Users/swchen.tw/git/percepio/poc/runs/tcp-workload-matrix-v1/A04-pbuf/build/tcp_out.o,
by_pc,2147512342,10,210,420,430,10,10,80,0,110,tcp_create_segment,/Users/swchen.tw/git/percepio/poc/runs/tcp-workload-matrix-v1/A04-pbuf/build/tcp_out.o,
by_pc,2147512344,10,210,420,430,10,10,80,0,110,tcp_create_segment,/Users/swchen.tw/git/percepio/poc/runs/tcp-workload-matrix-v1/A04-pbuf/build/tcp_out.o,
by_pc,2147512346,10,210,420,430,10,10,80,0,110,tcp_create_segment,/Users/swchen.tw/git/percepio/poc/runs/tcp-workload-matrix-v1/A04-pbuf/build/tcp_out.o,
by_pc,2147512348,10,210,420,430,10,10,80,0,110,tcp_create_segment,/Users/swchen.tw/git/percepio/poc/runs/tcp-workload-matrix-v1/A04-pbuf/build/tcp_out.o,
by_pc,2147512350,10,210,420,430,10,10,80,0,110,tcp_create_segment,/Users/swchen.tw/git/percepio/poc/runs/tcp-workload-matrix-v1/A04-pbuf/build/tcp_out.o,
by_pc,2147512352,10,210,420,430,10,10,80,0,110,tcp_create_segment,/Users/swchen.tw/git/percepio/poc/runs/tcp-workload-matrix-v1/A04-pbuf/build/tcp_out.o,
by_pc,2147512354,10,10,20,30,10,0,0,0,0,tcp_create_segment,/Users/swchen.tw/git/percepio/poc/runs/tcp-workload-matrix-v1/A04-pbuf/build/tcp_out.o,
by_pc,2147512356,10,10,20,30,10,0,0,0,0,tcp_create_segment,/Users/swchen.tw/git/percepio/poc/runs/tcp-workload-matrix-v1/A04-pbuf/build/tcp_out.o,
by_pc,2147512358,10,10,20,30,10,0,0,0,0,tcp_create_segment,/Users/swchen.tw/git/percepio/poc/runs/tcp-workload-matrix-v1/A04-pbuf/build/tcp_out.o,
by_pc,2147512360,10,10,20,30,10,0,0,0,0,tcp_create_segment,/Users/swchen.tw/git/percepio/poc/runs/tcp-workload-matrix-v1/A04-pbuf/build/tcp_out.o,
by_pc,2147512364,10,20,40,50,10,10,0,0,0,tcp_create_segment,/Users/swchen.tw/git/percepio/poc/runs/tcp-workload-matrix-v1/A04-pbuf/build/tcp_out.o,
by_pc,2147512366,10,10,20,30,10,0,0,0,0,tcp_create_segment,/Users/swchen.tw/git/percepio/poc/runs/tcp-workload-matrix-v1/A04-pbuf/build/tcp_out.o,
by_pc,2147512396,10,268,536,546,10,10,120,18,110,tcp_create_segment,/Users/swchen.tw/git/percepio/poc/runs/tcp-workload-matrix-v1/A04-pbuf/build/tcp_out.o,
by_pc,2147512400,10,210,420,430,10,10,80,0,110,tcp_create_segment,/Users/swchen.tw/git/percepio/poc/runs/tcp-workload-matrix-v1/A04-pbuf/build/tcp_out.o,
by_pc,2147512404,10,210,420,430,10,10,80,0,110,tcp_create_segment,/Users/swchen.tw/git/percepio/poc/runs/tcp-workload-matrix-v1/A04-pbuf/build/tcp_out.o,
by_pc,2147512408,10,20,40,50,10,10,0,0,0,tcp_create_segment,/Users/swchen.tw/git/percepio/poc/runs/tcp-workload-matrix-v1/A04-pbuf/build/tcp_out.o,
by_pc,2147512412,10,10,20,30,10,0,0,0,0,tcp_create_segment,/Users/swchen.tw/git/percepio/poc/runs/tcp-workload-matrix-v1/A04-pbuf/build/tcp_out.o,
by_pc,2147512416,10,10,20,30,10,0,0,0,0,tcp_create_segment,/Users/swchen.tw/git/percepio/poc/runs/tcp-workload-matrix-v1/A04-pbuf/build/tcp_out.o,
by_pc,2147512418,10,10,20,30,10,0,0,0,0,tcp_create_segment,/Users/swchen.tw/git/percepio/poc/runs/tcp-workload-matrix-v1/A04-pbuf/build/tcp_out.o,
by_pc,2147512420,10,10,20,30,10,0,0,0,0,tcp_create_segment,/Users/swchen.tw/git/percepio/poc/runs/tcp-workload-matrix-v1/A04-pbuf/build/tcp_out.o,
by_pc,2147512422,10,210,420,430,10,10,80,0,110,tcp_create_segment,/Users/swchen.tw/git/percepio/poc/runs/tcp-workload-matrix-v1/A04-pbuf/build/tcp_out.o,
by_pc,2147512426,10,10,20,30,10,0,0,0,0,tcp_create_segment,/Users/swchen.tw/git/percepio/poc/runs/tcp-workload-matrix-v1/A04-pbuf/build/tcp_out.o,
by_pc,2147512428,10,10,20,30,10,0,0,0,0,tcp_create_segment,/Users/swchen.tw/git/percepio/poc/runs/tcp-workload-matrix-v1/A04-pbuf/build/tcp_out.o,
by_pc,2147512430,10,10,20,30,10,0,0,0,0,tcp_create_segment,/Users/swchen.tw/git/percepio/poc/runs/tcp-workload-matrix-v1/A04-pbuf/build/tcp_out.o,
by_pc,2147512434,10,10,20,30,10,0,0,0,0,tcp_create_segment,/Users/swchen.tw/git/percepio/poc/runs/tcp-workload-matrix-v1/A04-pbuf/build/tcp_out.o,
by_pc,2147512462,10,118,236,246,10,10,80,18,0,tcp_create_segment,/Users/swchen.tw/git/percepio/poc/runs/tcp-workload-matrix-v1/A04-pbuf/build/tcp_out.o,
by_pc,2147512464,10,20,40,50,10,10,0,0,0,tcp_create_segment,/Users/swchen.tw/git/percepio/poc/runs/tcp-workload-matrix-v1/A04-pbuf/build/tcp_out.o,
by_pc,2147512468,10,210,420,430,10,10,80,0,110,tcp_create_segment,/Users/swchen.tw/git/percepio/poc/runs/tcp-workload-matrix-v1/A04-pbuf/build/tcp_out.o,
by_pc,2147512472,10,20,40,50,10,10,0,0,0,tcp_create_segment,/Users/swchen.tw/git/percepio/poc/runs/tcp-workload-matrix-v1/A04-pbuf/build/tcp_out.o,
by_pc,2147512476,10,10,20,30,10,0,0,0,0,tcp_create_segment,/Users/swchen.tw/git/percepio/poc/runs/tcp-workload-matrix-v1/A04-pbuf/build/tcp_out.o,
by_pc,2147512480,10,210,420,430,10,10,80,0,110,tcp_create_segment,/Users/swchen.tw/git/percepio/poc/runs/tcp-workload-matrix-v1/A04-pbuf/build/tcp_out.o,
by_pc,2147512484,10,10,20,30,10,0,0,0,0,tcp_create_segment,/Users/swchen.tw/git/percepio/poc/runs/tcp-workload-matrix-v1/A04-pbuf/build/tcp_out.o,
by_pc,2147512486,10,210,420,430,10,10,80,0,110,tcp_create_segment,/Users/swchen.tw/git/percepio/poc/runs/tcp-workload-matrix-v1/A04-pbuf/build/tcp_out.o,
by_pc,2147512490,10,20,40,50,10,10,0,0,0,tcp_create_segment,/Users/swchen.tw/git/percepio/poc/runs/tcp-workload-matrix-v1/A04-pbuf/build/tcp_out.o,
by_pc,2147512494,10,20,40,50,10,10,0,0,0,tcp_create_segment,/Users/swchen.tw/git/percepio/poc/runs/tcp-workload-matrix-v1/A04-pbuf/build/tcp_out.o,
by_pc,2147512498,10,10,20,30,10,0,0,0,0,tcp_create_segment,/Users/swchen.tw/git/percepio/poc/runs/tcp-workload-matrix-v1/A04-pbuf/build/tcp_out.o,
by_pc,2147512502,10,210,420,430,10,10,80,0,110,tcp_create_segment,/Users/swchen.tw/git/percepio/poc/runs/tcp-workload-matrix-v1/A04-pbuf/build/tcp_out.o,
by_pc,2147512506,10,10,20,30,10,0,0,0,0,tcp_create_segment,/Users/swchen.tw/git/percepio/poc/runs/tcp-workload-matrix-v1/A04-pbuf/build/tcp_out.o,
by_pc,2147512508,10,210,420,430,10,10,80,0,110,tcp_create_segment,/Users/swchen.tw/git/percepio/poc/runs/tcp-workload-matrix-v1/A04-pbuf/build/tcp_out.o,
by_pc,2147512512,10,136,272,282,10,10,80,36,0,tcp_create_segment,/Users/swchen.tw/git/percepio/poc/runs/tcp-workload-matrix-v1/A04-pbuf/build/tcp_out.o,
by_pc,2147512516,10,10,20,30,10,0,0,0,0,tcp_create_segment,/Users/swchen.tw/git/percepio/poc/runs/tcp-workload-matrix-v1/A04-pbuf/build/tcp_out.o,
by_pc,2147512518,10,10,20,30,10,0,0,0,0,tcp_create_segment,/Users/swchen.tw/git/percepio/poc/runs/tcp-workload-matrix-v1/A04-pbuf/build/tcp_out.o,
by_pc,2147512522,10,10,20,30,10,0,0,0,0,tcp_create_segment,/Users/swchen.tw/git/percepio/poc/runs/tcp-workload-matrix-v1/A04-pbuf/build/tcp_out.o,
by_pc,2147512526,10,210,420,430,10,10,80,0,110,tcp_create_segment,/Users/swchen.tw/git/percepio/poc/runs/tcp-workload-matrix-v1/A04-pbuf/build/tcp_out.o,
by_pc,2147512530,10,210,420,430,10,10,80,0,110,tcp_create_segment,/Users/swchen.tw/git/percepio/poc/runs/tcp-workload-matrix-v1/A04-pbuf/build/tcp_out.o,
by_pc,2147512534,10,10,20,30,10,0,0,0,0,tcp_create_segment,/Users/swchen.tw/git/percepio/poc/runs/tcp-workload-matrix-v1/A04-pbuf/build/tcp_out.o,
by_pc,2147512538,10,10,20,30,10,0,0,0,0,tcp_create_segment,/Users/swchen.tw/git/percepio/poc/runs/tcp-workload-matrix-v1/A04-pbuf/build/tcp_out.o,
by_pc,2147512540,10,210,420,430,10,10,80,0,110,tcp_create_segment,/Users/swchen.tw/git/percepio/poc/runs/tcp-workload-matrix-v1/A04-pbuf/build/tcp_out.o,
by_pc,2147512544,10,10,20,30,10,0,0,0,0,tcp_create_segment,/Users/swchen.tw/git/percepio/poc/runs/tcp-workload-matrix-v1/A04-pbuf/build/tcp_out.o,
by_pc,2147512548,10,10,20,30,10,0,0,0,0,tcp_create_segment,/Users/swchen.tw/git/percepio/poc/runs/tcp-workload-matrix-v1/A04-pbuf/build/tcp_out.o,
by_pc,2147512550,10,210,420,430,10,10,80,0,110,tcp_create_segment,/Users/swchen.tw/git/percepio/poc/runs/tcp-workload-matrix-v1/A04-pbuf/build/tcp_out.o,
by_pc,2147512554,10,10,20,30,10,0,0,0,0,tcp_create_segment,/Users/swchen.tw/git/percepio/poc/runs/tcp-workload-matrix-v1/A04-pbuf/build/tcp_out.o,
by_pc,2147512556,10,20,40,50,10,10,0,0,0,tcp_create_segment,/Users/swchen.tw/git/percepio/poc/runs/tcp-workload-matrix-v1/A04-pbuf/build/tcp_out.o,
by_pc,2147512560,10,10,20,30,10,0,0,0,0,tcp_create_segment,/Users/swchen.tw/git/percepio/poc/runs/tcp-workload-matrix-v1/A04-pbuf/build/tcp_out.o,
by_pc,2147512562,10,10,20,30,10,0,0,0,0,tcp_create_segment,/Users/swchen.tw/git/percepio/poc/runs/tcp-workload-matrix-v1/A04-pbuf/build/tcp_out.o,
by_pc,2147512566,10,10,20,30,10,0,0,0,0,tcp_create_segment,/Users/swchen.tw/git/percepio/poc/runs/tcp-workload-matrix-v1/A04-pbuf/build/tcp_out.o,
by_pc,2147512570,10,210,420,430,10,10,80,0,110,tcp_create_segment,/Users/swchen.tw/git/percepio/poc/runs/tcp-workload-matrix-v1/A04-pbuf/build/tcp_out.o,
by_pc,2147512574,10,10,20,30,10,0,0,0,0,tcp_create_segment,/Users/swchen.tw/git/percepio/poc/runs/tcp-workload-matrix-v1/A04-pbuf/build/tcp_out.o,
by_pc,2147512576,10,260,520,530,10,10,112,18,110,tcp_create_segment,/Users/swchen.tw/git/percepio/poc/runs/tcp-workload-matrix-v1/A04-pbuf/build/tcp_out.o,
by_pc,2147512580,10,20,40,50,10,10,0,0,0,tcp_create_segment,/Users/swchen.tw/git/percepio/poc/runs/tcp-workload-matrix-v1/A04-pbuf/build/tcp_out.o,
by_pc,2147512582,10,210,420,430,10,10,80,0,110,tcp_create_segment,/Users/swchen.tw/git/percepio/poc/runs/tcp-workload-matrix-v1/A04-pbuf/build/tcp_out.o,
by_pc,2147512586,10,210,420,430,10,10,80,0,110,tcp_create_segment,/Users/swchen.tw/git/percepio/poc/runs/tcp-workload-matrix-v1/A04-pbuf/build/tcp_out.o,
by_pc,2147512590,10,10,20,30,10,0,0,0,0,tcp_create_segment,/Users/swchen.tw/git/percepio/poc/runs/tcp-workload-matrix-v1/A04-pbuf/build/tcp_out.o,
by_pc,2147512376,10,20,40,50,10,10,0,0,0,tcp_create_segment,/Users/swchen.tw/git/percepio/poc/runs/tcp-workload-matrix-v1/A04-pbuf/build/tcp_out.o,
by_pc,2147512378,10,10,20,30,10,0,0,0,0,tcp_create_segment,/Users/swchen.tw/git/percepio/poc/runs/tcp-workload-matrix-v1/A04-pbuf/build/tcp_out.o,
by_pc,2147512380,10,20,40,50,10,10,0,0,0,tcp_create_segment,/Users/swchen.tw/git/percepio/poc/runs/tcp-workload-matrix-v1/A04-pbuf/build/tcp_out.o,
by_pc,2147512382,10,20,40,50,10,10,0,0,0,tcp_create_segment,/Users/swchen.tw/git/percepio/poc/runs/tcp-workload-matrix-v1/A04-pbuf/build/tcp_out.o,
by_pc,2147512384,10,20,40,50,10,10,0,0,0,tcp_create_segment,/Users/swchen.tw/git/percepio/poc/runs/tcp-workload-matrix-v1/A04-pbuf/build/tcp_out.o,
by_pc,2147512386,10,20,40,50,10,10,0,0,0,tcp_create_segment,/Users/swchen.tw/git/percepio/poc/runs/tcp-workload-matrix-v1/A04-pbuf/build/tcp_out.o,
by_pc,2147512388,10,20,40,50,10,10,0,0,0,tcp_create_segment,/Users/swchen.tw/git/percepio/poc/runs/tcp-workload-matrix-v1/A04-pbuf/build/tcp_out.o,
by_pc,2147512390,10,20,40,50,10,10,0,0,0,tcp_create_segment,/Users/swchen.tw/git/percepio/poc/runs/tcp-workload-matrix-v1/A04-pbuf/build/tcp_out.o,
by_pc,2147512392,10,10,20,30,10,0,0,0,0,tcp_create_segment,/Users/swchen.tw/git/percepio/poc/runs/tcp-workload-matrix-v1/A04-pbuf/build/tcp_out.o,
by_pc,2147512394,10,10,20,30,10,0,0,0,0,tcp_create_segment,/Users/swchen.tw/git/percepio/poc/runs/tcp-workload-matrix-v1/A04-pbuf/build/tcp_out.o,
by_pc,2147514392,2,2,4,6,2,0,0,0,0,tcp_enqueue_flags,/Users/swchen.tw/git/percepio/poc/runs/tcp-workload-matrix-v1/A04-pbuf/build/tcp_out.o,
by_pc,2147514394,2,4,8,10,2,2,0,0,0,tcp_enqueue_flags,/Users/swchen.tw/git/percepio/poc/runs/tcp-workload-matrix-v1/A04-pbuf/build/tcp_out.o,
by_pc,2147514396,2,2,4,6,2,0,0,0,0,tcp_enqueue_flags,/Users/swchen.tw/git/percepio/poc/runs/tcp-workload-matrix-v1/A04-pbuf/build/tcp_out.o,
by_pc,2147514398,2,42,84,86,2,2,16,0,22,tcp_enqueue_flags,/Users/swchen.tw/git/percepio/poc/runs/tcp-workload-matrix-v1/A04-pbuf/build/tcp_out.o,
by_pc,2147514400,2,2,4,6,2,0,0,0,0,tcp_enqueue_flags,/Users/swchen.tw/git/percepio/poc/runs/tcp-workload-matrix-v1/A04-pbuf/build/tcp_out.o,
by_pc,2147514404,2,2,4,6,2,0,0,0,0,tcp_enqueue_flags,/Users/swchen.tw/git/percepio/poc/runs/tcp-workload-matrix-v1/A04-pbuf/build/tcp_out.o,
by_pc,2147514406,2,4,8,10,2,2,0,0,0,tcp_enqueue_flags,/Users/swchen.tw/git/percepio/poc/runs/tcp-workload-matrix-v1/A04-pbuf/build/tcp_out.o,
by_pc,2147514408,2,2,4,6,2,0,0,0,0,tcp_enqueue_flags,/Users/swchen.tw/git/percepio/poc/runs/tcp-workload-matrix-v1/A04-pbuf/build/tcp_out.o,
by_pc,2147514410,2,2,4,6,2,0,0,0,0,tcp_enqueue_flags,/Users/swchen.tw/git/percepio/poc/runs/tcp-workload-matrix-v1/A04-pbuf/build/tcp_out.o,
by_pc,2147514412,2,42,84,86,2,2,16,0,22,tcp_enqueue_flags,/Users/swchen.tw/git/percepio/poc/runs/tcp-workload-matrix-v1/A04-pbuf/build/tcp_out.o,
by_pc,2147514414,2,2,4,6,2,0,0,0,0,tcp_enqueue_flags,/Users/swchen.tw/git/percepio/poc/runs/tcp-workload-matrix-v1/A04-pbuf/build/tcp_out.o,
by_pc,2147514428,2,4,8,10,2,2,0,0,0,tcp_enqueue_flags,/Users/swchen.tw/git/percepio/poc/runs/tcp-workload-matrix-v1/A04-pbuf/build/tcp_out.o,
by_pc,2147514430,2,30,60,62,4,0,8,18,0,tcp_enqueue_flags,/Users/swchen.tw/git/percepio/poc/runs/tcp-workload-matrix-v1/A04-pbuf/build/tcp_out.o,
by_pc,2147502244,20,80,160,180,20,0,24,36,0,pbuf_clen,/Users/swchen.tw/git/percepio/poc/runs/tcp-workload-matrix-v1/A04-pbuf/build/pbuf.o,
by_pc,2147502246,20,20,40,60,20,0,0,0,0,pbuf_clen,/Users/swchen.tw/git/percepio/poc/runs/tcp-workload-matrix-v1/A04-pbuf/build/pbuf.o,
by_pc,2147502248,56,56,112,168,56,0,0,0,0,pbuf_clen,/Users/swchen.tw/git/percepio/poc/runs/tcp-workload-matrix-v1/A04-pbuf/build/pbuf.o,
by_pc,2147502252,36,36,72,108,36,0,0,0,0,pbuf_clen,/Users/swchen.tw/git/percepio/poc/runs/tcp-workload-matrix-v1/A04-pbuf/build/pbuf.o,
by_pc,2147502256,36,36,72,108,36,0,0,0,0,pbuf_clen,/Users/swchen.tw/git/percepio/poc/runs/tcp-workload-matrix-v1/A04-pbuf/build/pbuf.o,
by_pc,2147502260,36,72,144,180,36,36,0,0,0,pbuf_clen,/Users/swchen.tw/git/percepio/poc/runs/tcp-workload-matrix-v1/A04-pbuf/build/pbuf.o,
by_pc,2147502262,36,36,72,108,36,0,0,0,0,pbuf_clen,/Users/swchen.tw/git/percepio/poc/runs/tcp-workload-matrix-v1/A04-pbuf/build/pbuf.o,
by_pc,2147502264,36,36,72,108,36,0,0,0,0,pbuf_clen,/Users/swchen.tw/git/percepio/poc/runs/tcp-workload-matrix-v1/A04-pbuf/build/pbuf.o,
by_pc,2147502250,20,20,40,60,20,0,0,0,0,pbuf_clen,/Users/swchen.tw/git/percepio/poc/runs/tcp-workload-matrix-v1/A04-pbuf/build/pbuf.o,
by_pc,2147514434,2,4,8,10,2,2,0,0,0,tcp_enqueue_flags,/Users/swchen.tw/git/percepio/poc/runs/tcp-workload-matrix-v1/A04-pbuf/build/tcp_out.o,
by_pc,2147514438,2,2,4,6,2,0,0,0,0,tcp_enqueue_flags,/Users/swchen.tw/git/percepio/poc/runs/tcp-workload-matrix-v1/A04-pbuf/build/tcp_out.o,
by_pc,2147514440,2,42,84,86,2,2,16,0,22,tcp_enqueue_flags,/Users/swchen.tw/git/percepio/poc/runs/tcp-workload-matrix-v1/A04-pbuf/build/tcp_out.o,
by_pc,2147514444,2,2,4,6,2,0,0,0,0,tcp_enqueue_flags,/Users/swchen.tw/git/percepio/poc/runs/tcp-workload-matrix-v1/A04-pbuf/build/tcp_out.o,
by_pc,2147514446,2,2,4,6,2,0,0,0,0,tcp_enqueue_flags,/Users/swchen.tw/git/percepio/poc/runs/tcp-workload-matrix-v1/A04-pbuf/build/tcp_out.o,
by_pc,2147514370,2,4,8,10,2,2,0,0,0,tcp_enqueue_flags,/Users/swchen.tw/git/percepio/poc/runs/tcp-workload-matrix-v1/A04-pbuf/build/tcp_out.o,
by_pc,2147514372,2,4,8,10,2,2,0,0,0,tcp_enqueue_flags,/Users/swchen.tw/git/percepio/poc/runs/tcp-workload-matrix-v1/A04-pbuf/build/tcp_out.o,
by_pc,2147514374,2,4,8,10,2,2,0,0,0,tcp_enqueue_flags,/Users/swchen.tw/git/percepio/poc/runs/tcp-workload-matrix-v1/A04-pbuf/build/tcp_out.o,
by_pc,2147514376,2,2,4,6,2,0,0,0,0,tcp_enqueue_flags,/Users/swchen.tw/git/percepio/poc/runs/tcp-workload-matrix-v1/A04-pbuf/build/tcp_out.o,
by_pc,2147514378,2,2,4,6,2,0,0,0,0,tcp_enqueue_flags,/Users/swchen.tw/git/percepio/poc/runs/tcp-workload-matrix-v1/A04-pbuf/build/tcp_out.o,
by_pc,2147511028,1,1,2,3,1,0,0,0,0,tcp_input,/Users/swchen.tw/git/percepio/poc/runs/tcp-workload-matrix-v1/A04-pbuf/build/tcp_in.o,
by_pc,2147511040,1,27,54,55,1,0,8,18,0,tcp_input,/Users/swchen.tw/git/percepio/poc/runs/tcp-workload-matrix-v1/A04-pbuf/build/tcp_in.o,
by_pc,2147511042,1,1,2,3,1,0,0,0,0,tcp_input,/Users/swchen.tw/git/percepio/poc/runs/tcp-workload-matrix-v1/A04-pbuf/build/tcp_in.o,
by_pc,2147510588,1,27,54,55,1,0,8,18,0,tcp_input,/Users/swchen.tw/git/percepio/poc/runs/tcp-workload-matrix-v1/A04-pbuf/build/tcp_in.o,
by_pc,2147515338,24,138,276,300,24,24,72,18,0,tcp_output,/Users/swchen.tw/git/percepio/poc/runs/tcp-workload-matrix-v1/A04-pbuf/build/tcp_out.o,
by_pc,2147515342,24,24,48,72,24,0,0,0,0,tcp_output,/Users/swchen.tw/git/percepio/poc/runs/tcp-workload-matrix-v1/A04-pbuf/build/tcp_out.o,
by_pc,2147515346,24,24,48,72,24,0,0,0,0,tcp_output,/Users/swchen.tw/git/percepio/poc/runs/tcp-workload-matrix-v1/A04-pbuf/build/tcp_out.o,
by_pc,2147515348,24,504,1008,1032,24,24,192,0,264,tcp_output,/Users/swchen.tw/git/percepio/poc/runs/tcp-workload-matrix-v1/A04-pbuf/build/tcp_out.o,
by_pc,2147515350,24,504,1008,1032,24,24,192,0,264,tcp_output,/Users/swchen.tw/git/percepio/poc/runs/tcp-workload-matrix-v1/A04-pbuf/build/tcp_out.o,
by_pc,2147515352,24,504,1008,1032,24,24,192,0,264,tcp_output,/Users/swchen.tw/git/percepio/poc/runs/tcp-workload-matrix-v1/A04-pbuf/build/tcp_out.o,
by_pc,2147515354,24,504,1008,1032,24,24,192,0,264,tcp_output,/Users/swchen.tw/git/percepio/poc/runs/tcp-workload-matrix-v1/A04-pbuf/build/tcp_out.o,
by_pc,2147515356,24,504,1008,1032,24,24,192,0,264,tcp_output,/Users/swchen.tw/git/percepio/poc/runs/tcp-workload-matrix-v1/A04-pbuf/build/tcp_out.o,
by_pc,2147515358,24,504,1008,1032,24,24,192,0,264,tcp_output,/Users/swchen.tw/git/percepio/poc/runs/tcp-workload-matrix-v1/A04-pbuf/build/tcp_out.o,
by_pc,2147515360,24,504,1008,1032,24,24,192,0,264,tcp_output,/Users/swchen.tw/git/percepio/poc/runs/tcp-workload-matrix-v1/A04-pbuf/build/tcp_out.o,
by_pc,2147515362,24,504,1008,1032,24,24,192,0,264,tcp_output,/Users/swchen.tw/git/percepio/poc/runs/tcp-workload-matrix-v1/A04-pbuf/build/tcp_out.o,
by_pc,2147515364,24,504,1008,1032,24,24,192,0,264,tcp_output,/Users/swchen.tw/git/percepio/poc/runs/tcp-workload-matrix-v1/A04-pbuf/build/tcp_out.o,
by_pc,2147515366,24,504,1008,1032,24,24,192,0,264,tcp_output,/Users/swchen.tw/git/percepio/poc/runs/tcp-workload-matrix-v1/A04-pbuf/build/tcp_out.o,
by_pc,2147515368,24,504,1008,1032,24,24,192,0,264,tcp_output,/Users/swchen.tw/git/percepio/poc/runs/tcp-workload-matrix-v1/A04-pbuf/build/tcp_out.o,
by_pc,2147515370,24,504,1008,1032,24,24,192,0,264,tcp_output,/Users/swchen.tw/git/percepio/poc/runs/tcp-workload-matrix-v1/A04-pbuf/build/tcp_out.o,
by_pc,2147515372,24,48,96,120,24,24,0,0,0,tcp_output,/Users/swchen.tw/git/percepio/poc/runs/tcp-workload-matrix-v1/A04-pbuf/build/tcp_out.o,
by_pc,2147515374,24,24,48,72,24,0,0,0,0,tcp_output,/Users/swchen.tw/git/percepio/poc/runs/tcp-workload-matrix-v1/A04-pbuf/build/tcp_out.o,
by_pc,2147515376,24,24,48,72,24,0,0,0,0,tcp_output,/Users/swchen.tw/git/percepio/poc/runs/tcp-workload-matrix-v1/A04-pbuf/build/tcp_out.o,
by_pc,2147515428,10,46,92,102,10,10,8,18,0,tcp_output,/Users/swchen.tw/git/percepio/poc/runs/tcp-workload-matrix-v1/A04-pbuf/build/tcp_out.o,
by_pc,2147515432,10,20,40,50,10,10,0,0,0,tcp_output,/Users/swchen.tw/git/percepio/poc/runs/tcp-workload-matrix-v1/A04-pbuf/build/tcp_out.o,
by_pc,2147515436,10,20,40,50,10,10,0,0,0,tcp_output,/Users/swchen.tw/git/percepio/poc/runs/tcp-workload-matrix-v1/A04-pbuf/build/tcp_out.o,
by_pc,2147515440,10,10,20,30,10,0,0,0,0,tcp_output,/Users/swchen.tw/git/percepio/poc/runs/tcp-workload-matrix-v1/A04-pbuf/build/tcp_out.o,
by_pc,2147515594,10,100,200,210,10,0,72,18,0,tcp_output,/Users/swchen.tw/git/percepio/poc/runs/tcp-workload-matrix-v1/A04-pbuf/build/tcp_out.o,
by_pc,2147515598,10,10,20,30,10,0,0,0,0,tcp_output,/Users/swchen.tw/git/percepio/poc/runs/tcp-workload-matrix-v1/A04-pbuf/build/tcp_out.o,
by_pc,2147515602,10,10,20,30,10,0,0,0,0,tcp_output,/Users/swchen.tw/git/percepio/poc/runs/tcp-workload-matrix-v1/A04-pbuf/build/tcp_out.o,
by_pc,2147515446,10,10,20,30,10,0,0,0,0,tcp_output,/Users/swchen.tw/git/percepio/poc/runs/tcp-workload-matrix-v1/A04-pbuf/build/tcp_out.o,
by_pc,2147515448,10,10,20,30,10,0,0,0,0,tcp_output,/Users/swchen.tw/git/percepio/poc/runs/tcp-workload-matrix-v1/A04-pbuf/build/tcp_out.o,
by_pc,2147515452,10,10,20,30,10,0,0,0,0,tcp_output,/Users/swchen.tw/git/percepio/poc/runs/tcp-workload-matrix-v1/A04-pbuf/build/tcp_out.o,
by_pc,2147515454,10,78,156,166,20,0,40,18,0,tcp_output,/Users/swchen.tw/git/percepio/poc/runs/tcp-workload-matrix-v1/A04-pbuf/build/tcp_out.o,
by_pc,2147515460,10,20,40,50,10,10,0,0,0,tcp_output,/Users/swchen.tw/git/percepio/poc/runs/tcp-workload-matrix-v1/A04-pbuf/build/tcp_out.o,
by_pc,2147515462,10,10,20,30,10,0,0,0,0,tcp_output,/Users/swchen.tw/git/percepio/poc/runs/tcp-workload-matrix-v1/A04-pbuf/build/tcp_out.o,
by_pc,2147515464,10,10,20,30,10,0,0,0,0,tcp_output,/Users/swchen.tw/git/percepio/poc/runs/tcp-workload-matrix-v1/A04-pbuf/build/tcp_out.o,
by_pc,2147515468,10,10,20,30,10,0,0,0,0,tcp_output,/Users/swchen.tw/git/percepio/poc/runs/tcp-workload-matrix-v1/A04-pbuf/build/tcp_out.o,
by_pc,2147515476,10,20,40,50,10,10,0,0,0,tcp_output,/Users/swchen.tw/git/percepio/poc/runs/tcp-workload-matrix-v1/A04-pbuf/build/tcp_out.o,
by_pc,2147515478,10,20,40,50,10,10,0,0,0,tcp_output,/Users/swchen.tw/git/percepio/poc/runs/tcp-workload-matrix-v1/A04-pbuf/build/tcp_out.o,
by_pc,2147515482,10,20,40,50,10,10,0,0,0,tcp_output,/Users/swchen.tw/git/percepio/poc/runs/tcp-workload-matrix-v1/A04-pbuf/build/tcp_out.o,
by_pc,2147515486,10,20,40,50,10,10,0,0,0,tcp_output,/Users/swchen.tw/git/percepio/poc/runs/tcp-workload-matrix-v1/A04-pbuf/build/tcp_out.o,
by_pc,2147515490,10,10,20,30,10,0,0,0,0,tcp_output,/Users/swchen.tw/git/percepio/poc/runs/tcp-workload-matrix-v1/A04-pbuf/build/tcp_out.o,
by_pc,2147515492,10,10,20,30,10,0,0,0,0,tcp_output,/Users/swchen.tw/git/percepio/poc/runs/tcp-workload-matrix-v1/A04-pbuf/build/tcp_out.o,
by_pc,2147515494,10,20,40,50,10,10,0,0,0,tcp_output,/Users/swchen.tw/git/percepio/poc/runs/tcp-workload-matrix-v1/A04-pbuf/build/tcp_out.o,
by_pc,2147515498,10,10,20,30,10,0,0,0,0,tcp_output,/Users/swchen.tw/git/percepio/poc/runs/tcp-workload-matrix-v1/A04-pbuf/build/tcp_out.o,
by_pc,2147515500,10,10,20,30,10,0,0,0,0,tcp_output,/Users/swchen.tw/git/percepio/poc/runs/tcp-workload-matrix-v1/A04-pbuf/build/tcp_out.o,
by_pc,2147515502,10,10,20,30,10,0,0,0,0,tcp_output,/Users/swchen.tw/git/percepio/poc/runs/tcp-workload-matrix-v1/A04-pbuf/build/tcp_out.o,
by_pc,2147515504,10,10,20,30,10,0,0,0,0,tcp_output,/Users/swchen.tw/git/percepio/poc/runs/tcp-workload-matrix-v1/A04-pbuf/build/tcp_out.o,
by_pc,2147515506,10,10,20,30,10,0,0,0,0,tcp_output,/Users/swchen.tw/git/percepio/poc/runs/tcp-workload-matrix-v1/A04-pbuf/build/tcp_out.o,
by_pc,2147515510,10,20,40,50,10,10,0,0,0,tcp_output,/Users/swchen.tw/git/percepio/poc/runs/tcp-workload-matrix-v1/A04-pbuf/build/tcp_out.o,
by_pc,2147515514,10,20,40,50,10,10,0,0,0,tcp_output,/Users/swchen.tw/git/percepio/poc/runs/tcp-workload-matrix-v1/A04-pbuf/build/tcp_out.o,
by_pc,2147515516,10,10,20,30,10,0,0,0,0,tcp_output,/Users/swchen.tw/git/percepio/poc/runs/tcp-workload-matrix-v1/A04-pbuf/build/tcp_out.o,
by_pc,2147515518,10,10,20,30,10,0,0,0,0,tcp_output,/Users/swchen.tw/git/percepio/poc/runs/tcp-workload-matrix-v1/A04-pbuf/build/tcp_out.o,
by_pc,2147515520,10,60,120,130,10,0,32,18,0,tcp_output,/Users/swchen.tw/git/percepio/poc/runs/tcp-workload-matrix-v1/A04-pbuf/build/tcp_out.o,
by_pc,2147515604,10,20,40,50,10,10,0,0,0,tcp_output,/Users/swchen.tw/git/percepio/poc/runs/tcp-workload-matrix-v1/A04-pbuf/build/tcp_out.o,
by_pc,2147515608,10,210,420,430,10,10,80,0,110,tcp_output,/Users/swchen.tw/git/percepio/poc/runs/tcp-workload-matrix-v1/A04-pbuf/build/tcp_out.o,
by_pc,2147515612,10,10,20,30,10,0,0,0,0,tcp_output,/Users/swchen.tw/git/percepio/poc/runs/tcp-workload-matrix-v1/A04-pbuf/build/tcp_out.o,
by_pc,2147515628,10,10,20,30,10,0,0,0,0,tcp_output,/Users/swchen.tw/git/percepio/poc/runs/tcp-workload-matrix-v1/A04-pbuf/build/tcp_out.o,
by_pc,2147515630,10,10,20,30,10,0,0,0,0,tcp_output,/Users/swchen.tw/git/percepio/poc/runs/tcp-workload-matrix-v1/A04-pbuf/build/tcp_out.o,
by_pc,2147515632,10,10,20,30,10,0,0,0,0,tcp_output,/Users/swchen.tw/git/percepio/poc/runs/tcp-workload-matrix-v1/A04-pbuf/build/tcp_out.o,
by_pc,2147515886,10,118,236,246,10,10,80,18,0,tcp_output,/Users/swchen.tw/git/percepio/poc/runs/tcp-workload-matrix-v1/A04-pbuf/build/tcp_out.o,
by_pc,2147515888,10,20,40,50,10,10,0,0,0,tcp_output,/Users/swchen.tw/git/percepio/poc/runs/tcp-workload-matrix-v1/A04-pbuf/build/tcp_out.o,
by_pc,2147515892,10,20,40,50,10,10,0,0,0,tcp_output,/Users/swchen.tw/git/percepio/poc/runs/tcp-workload-matrix-v1/A04-pbuf/build/tcp_out.o,
by_pc,2147515896,10,20,40,50,10,10,0,0,0,tcp_output,/Users/swchen.tw/git/percepio/poc/runs/tcp-workload-matrix-v1/A04-pbuf/build/tcp_out.o,
by_pc,2147515900,10,10,20,30,10,0,0,0,0,tcp_output,/Users/swchen.tw/git/percepio/poc/runs/tcp-workload-matrix-v1/A04-pbuf/build/tcp_out.o,
by_pc,2147515902,10,10,20,30,10,0,0,0,0,tcp_output,/Users/swchen.tw/git/percepio/poc/runs/tcp-workload-matrix-v1/A04-pbuf/build/tcp_out.o,
by_pc,2147515904,10,118,236,246,10,10,80,18,0,tcp_output,/Users/swchen.tw/git/percepio/poc/runs/tcp-workload-matrix-v1/A04-pbuf/build/tcp_out.o,
by_pc,2147515908,10,10,20,30,10,0,0,0,0,tcp_output,/Users/swchen.tw/git/percepio/poc/runs/tcp-workload-matrix-v1/A04-pbuf/build/tcp_out.o,
by_pc,2147515910,10,10,20,30,10,0,0,0,0,tcp_output,/Users/swchen.tw/git/percepio/poc/runs/tcp-workload-matrix-v1/A04-pbuf/build/tcp_out.o,
by_pc,2147515912,10,10,20,30,10,0,0,0,0,tcp_output,/Users/swchen.tw/git/percepio/poc/runs/tcp-workload-matrix-v1/A04-pbuf/build/tcp_out.o,
by_pc,2147515914,10,10,20,30,10,0,0,0,0,tcp_output,/Users/swchen.tw/git/percepio/poc/runs/tcp-workload-matrix-v1/A04-pbuf/build/tcp_out.o,
by_pc,2147515916,10,10,20,30,10,0,0,0,0,tcp_output,/Users/swchen.tw/git/percepio/poc/runs/tcp-workload-matrix-v1/A04-pbuf/build/tcp_out.o,
by_pc,2147515920,10,20,40,50,10,10,0,0,0,tcp_output,/Users/swchen.tw/git/percepio/poc/runs/tcp-workload-matrix-v1/A04-pbuf/build/tcp_out.o,
by_pc,2147515922,10,10,20,30,10,0,0,0,0,tcp_output,/Users/swchen.tw/git/percepio/poc/runs/tcp-workload-matrix-v1/A04-pbuf/build/tcp_out.o,
by_pc,2147515924,10,20,40,50,10,10,0,0,0,tcp_output,/Users/swchen.tw/git/percepio/poc/runs/tcp-workload-matrix-v1/A04-pbuf/build/tcp_out.o,
by_pc,2147515928,10,10,20,30,10,0,0,0,0,tcp_output,/Users/swchen.tw/git/percepio/poc/runs/tcp-workload-matrix-v1/A04-pbuf/build/tcp_out.o,
by_pc,2147515930,10,10,20,30,10,0,0,0,0,tcp_output,/Users/swchen.tw/git/percepio/poc/runs/tcp-workload-matrix-v1/A04-pbuf/build/tcp_out.o,
by_pc,2147515934,10,20,40,50,10,10,0,0,0,tcp_output,/Users/swchen.tw/git/percepio/poc/runs/tcp-workload-matrix-v1/A04-pbuf/build/tcp_out.o,
by_pc,2147515936,10,10,20,30,10,0,0,0,0,tcp_output,/Users/swchen.tw/git/percepio/poc/runs/tcp-workload-matrix-v1/A04-pbuf/build/tcp_out.o,
by_pc,2147515992,10,118,236,246,10,10,80,18,0,tcp_output,/Users/swchen.tw/git/percepio/poc/runs/tcp-workload-matrix-v1/A04-pbuf/build/tcp_out.o,
by_pc,2147515994,10,10,20,30,10,0,0,0,0,tcp_output,/Users/swchen.tw/git/percepio/poc/runs/tcp-workload-matrix-v1/A04-pbuf/build/tcp_out.o,
by_pc,2147515998,10,20,40,50,10,10,0,0,0,tcp_output,/Users/swchen.tw/git/percepio/poc/runs/tcp-workload-matrix-v1/A04-pbuf/build/tcp_out.o,
by_pc,2147516000,10,10,20,30,10,0,0,0,0,tcp_output,/Users/swchen.tw/git/percepio/poc/runs/tcp-workload-matrix-v1/A04-pbuf/build/tcp_out.o,
by_pc,2147516002,10,20,40,50,10,10,0,0,0,tcp_output,/Users/swchen.tw/git/percepio/poc/runs/tcp-workload-matrix-v1/A04-pbuf/build/tcp_out.o,
by_pc,2147516006,10,20,40,50,10,10,0,0,0,tcp_output,/Users/swchen.tw/git/percepio/poc/runs/tcp-workload-matrix-v1/A04-pbuf/build/tcp_out.o,
by_pc,2147516010,10,10,20,30,10,0,0,0,0,tcp_output,/Users/swchen.tw/git/percepio/poc/runs/tcp-workload-matrix-v1/A04-pbuf/build/tcp_out.o,
by_pc,2147516012,10,10,20,30,10,0,0,0,0,tcp_output,/Users/swchen.tw/git/percepio/poc/runs/tcp-workload-matrix-v1/A04-pbuf/build/tcp_out.o,
by_pc,2147516016,10,10,20,30,10,0,0,0,0,tcp_output,/Users/swchen.tw/git/percepio/poc/runs/tcp-workload-matrix-v1/A04-pbuf/build/tcp_out.o,
by_pc,2147516020,10,20,40,50,10,10,0,0,0,tcp_output,/Users/swchen.tw/git/percepio/poc/runs/tcp-workload-matrix-v1/A04-pbuf/build/tcp_out.o,
by_pc,2147516022,10,10,20,30,10,0,0,0,0,tcp_output,/Users/swchen.tw/git/percepio/poc/runs/tcp-workload-matrix-v1/A04-pbuf/build/tcp_out.o,
by_pc,2147516026,10,210,420,430,10,10,80,0,110,tcp_output,/Users/swchen.tw/git/percepio/poc/runs/tcp-workload-matrix-v1/A04-pbuf/build/tcp_out.o,
by_pc,2147516030,10,10,20,30,10,0,0,0,0,tcp_output,/Users/swchen.tw/git/percepio/poc/runs/tcp-workload-matrix-v1/A04-pbuf/build/tcp_out.o,
by_pc,2147516032,10,308,616,626,10,10,160,18,110,tcp_output,/Users/swchen.tw/git/percepio/poc/runs/tcp-workload-matrix-v1/A04-pbuf/build/tcp_out.o,
by_pc,2147516036,10,20,40,50,10,10,0,0,0,tcp_output,/Users/swchen.tw/git/percepio/poc/runs/tcp-workload-matrix-v1/A04-pbuf/build/tcp_out.o,
by_pc,2147516038,10,20,40,50,10,10,0,0,0,tcp_output,/Users/swchen.tw/git/percepio/poc/runs/tcp-workload-matrix-v1/A04-pbuf/build/tcp_out.o,
by_pc,2147516042,10,10,20,30,10,0,0,0,0,tcp_output,/Users/swchen.tw/git/percepio/poc/runs/tcp-workload-matrix-v1/A04-pbuf/build/tcp_out.o,
by_pc,2147516046,10,20,40,50,10,10,0,0,0,tcp_output,/Users/swchen.tw/git/percepio/poc/runs/tcp-workload-matrix-v1/A04-pbuf/build/tcp_out.o,
by_pc,2147516048,10,20,40,50,10,10,0,0,0,tcp_output,/Users/swchen.tw/git/percepio/poc/runs/tcp-workload-matrix-v1/A04-pbuf/build/tcp_out.o,
by_pc,2147516052,10,10,20,30,10,0,0,0,0,tcp_output,/Users/swchen.tw/git/percepio/poc/runs/tcp-workload-matrix-v1/A04-pbuf/build/tcp_out.o,
by_pc,2147516056,10,10,20,30,10,0,0,0,0,tcp_output,/Users/swchen.tw/git/percepio/poc/runs/tcp-workload-matrix-v1/A04-pbuf/build/tcp_out.o,
by_pc,2147516060,10,210,420,430,10,10,80,0,110,tcp_output,/Users/swchen.tw/git/percepio/poc/runs/tcp-workload-matrix-v1/A04-pbuf/build/tcp_out.o,
by_pc,2147516064,10,210,420,430,10,10,80,0,110,tcp_output,/Users/swchen.tw/git/percepio/poc/runs/tcp-workload-matrix-v1/A04-pbuf/build/tcp_out.o,
by_pc,2147516068,10,10,20,30,10,0,0,0,0,tcp_output,/Users/swchen.tw/git/percepio/poc/runs/tcp-workload-matrix-v1/A04-pbuf/build/tcp_out.o,
by_pc,2147516072,10,10,20,30,10,0,0,0,0,tcp_output,/Users/swchen.tw/git/percepio/poc/runs/tcp-workload-matrix-v1/A04-pbuf/build/tcp_out.o,
by_pc,2147516074,10,210,420,430,10,10,80,0,110,tcp_output,/Users/swchen.tw/git/percepio/poc/runs/tcp-workload-matrix-v1/A04-pbuf/build/tcp_out.o,
by_pc,2147516078,10,210,420,430,10,10,80,0,110,tcp_output,/Users/swchen.tw/git/percepio/poc/runs/tcp-workload-matrix-v1/A04-pbuf/build/tcp_out.o,
by_pc,2147516082,10,20,40,50,10,10,0,0,0,tcp_output,/Users/swchen.tw/git/percepio/poc/runs/tcp-workload-matrix-v1/A04-pbuf/build/tcp_out.o,
by_pc,2147516086,10,20,40,50,10,10,0,0,0,tcp_output,/Users/swchen.tw/git/percepio/poc/runs/tcp-workload-matrix-v1/A04-pbuf/build/tcp_out.o,
by_pc,2147516090,10,10,20,30,10,0,0,0,0,tcp_output,/Users/swchen.tw/git/percepio/poc/runs/tcp-workload-matrix-v1/A04-pbuf/build/tcp_out.o,
by_pc,2147516094,10,318,636,646,20,10,160,18,110,tcp_output,/Users/swchen.tw/git/percepio/poc/runs/tcp-workload-matrix-v1/A04-pbuf/build/tcp_out.o,
by_pc,2147516098,10,10,20,30,10,0,0,0,0,tcp_output,/Users/swchen.tw/git/percepio/poc/runs/tcp-workload-matrix-v1/A04-pbuf/build/tcp_out.o,
by_pc,2147516100,10,210,420,430,10,10,80,0,110,tcp_output,/Users/swchen.tw/git/percepio/poc/runs/tcp-workload-matrix-v1/A04-pbuf/build/tcp_out.o,
by_pc,2147516104,10,20,40,50,10,10,0,0,0,tcp_output,/Users/swchen.tw/git/percepio/poc/runs/tcp-workload-matrix-v1/A04-pbuf/build/tcp_out.o,
by_pc,2147516108,10,20,40,50,10,10,0,0,0,tcp_output,/Users/swchen.tw/git/percepio/poc/runs/tcp-workload-matrix-v1/A04-pbuf/build/tcp_out.o,
by_pc,2147516110,10,10,20,30,10,0,0,0,0,tcp_output,/Users/swchen.tw/git/percepio/poc/runs/tcp-workload-matrix-v1/A04-pbuf/build/tcp_out.o,
by_pc,2147516112,10,210,420,430,10,10,80,0,110,tcp_output,/Users/swchen.tw/git/percepio/poc/runs/tcp-workload-matrix-v1/A04-pbuf/build/tcp_out.o,
by_pc,2147516114,10,20,40,50,10,10,0,0,0,tcp_output,/Users/swchen.tw/git/percepio/poc/runs/tcp-workload-matrix-v1/A04-pbuf/build/tcp_out.o,
by_pc,2147516118,10,10,20,30,10,0,0,0,0,tcp_output,/Users/swchen.tw/git/percepio/poc/runs/tcp-workload-matrix-v1/A04-pbuf/build/tcp_out.o,
by_pc,2147516120,10,10,20,30,10,0,0,0,0,tcp_output,/Users/swchen.tw/git/percepio/poc/runs/tcp-workload-matrix-v1/A04-pbuf/build/tcp_out.o,
by_pc,2147516122,1,1,2,3,1,0,0,0,0,tcp_output,/Users/swchen.tw/git/percepio/poc/runs/tcp-workload-matrix-v1/A04-pbuf/build/tcp_out.o,
by_pc,2147516126,1,1,2,3,1,0,0,0,0,tcp_output,/Users/swchen.tw/git/percepio/poc/runs/tcp-workload-matrix-v1/A04-pbuf/build/tcp_out.o,
by_pc,2147516128,1,1,2,3,1,0,0,0,0,tcp_output,/Users/swchen.tw/git/percepio/poc/runs/tcp-workload-matrix-v1/A04-pbuf/build/tcp_out.o,
by_pc,2147516132,1,2,4,5,1,1,0,0,0,tcp_output,/Users/swchen.tw/git/percepio/poc/runs/tcp-workload-matrix-v1/A04-pbuf/build/tcp_out.o,
by_pc,2147516136,1,1,2,3,1,0,0,0,0,tcp_output,/Users/swchen.tw/git/percepio/poc/runs/tcp-workload-matrix-v1/A04-pbuf/build/tcp_out.o,
by_pc,2147516140,1,1,2,3,1,0,0,0,0,tcp_output,/Users/swchen.tw/git/percepio/poc/runs/tcp-workload-matrix-v1/A04-pbuf/build/tcp_out.o,
by_pc,2147516144,1,1,2,3,1,0,0,0,0,tcp_output,/Users/swchen.tw/git/percepio/poc/runs/tcp-workload-matrix-v1/A04-pbuf/build/tcp_out.o,
by_pc,2147516146,1,1,2,3,1,0,0,0,0,tcp_output,/Users/swchen.tw/git/percepio/poc/runs/tcp-workload-matrix-v1/A04-pbuf/build/tcp_out.o,
by_pc,2147516150,1,21,42,43,1,1,8,0,11,tcp_output,/Users/swchen.tw/git/percepio/poc/runs/tcp-workload-matrix-v1/A04-pbuf/build/tcp_out.o,
by_pc,2147516154,10,20,40,50,10,10,0,0,0,tcp_output,/Users/swchen.tw/git/percepio/poc/runs/tcp-workload-matrix-v1/A04-pbuf/build/tcp_out.o,
by_pc,2147516158,10,118,236,246,20,0,80,18,0,tcp_output,/Users/swchen.tw/git/percepio/poc/runs/tcp-workload-matrix-v1/A04-pbuf/build/tcp_out.o,
by_pc,2147516162,10,210,420,430,10,10,80,0,110,tcp_output,/Users/swchen.tw/git/percepio/poc/runs/tcp-workload-matrix-v1/A04-pbuf/build/tcp_out.o,
by_pc,2147516166,10,20,40,50,10,10,0,0,0,tcp_output,/Users/swchen.tw/git/percepio/poc/runs/tcp-workload-matrix-v1/A04-pbuf/build/tcp_out.o,
by_pc,2147516168,10,10,20,30,10,0,0,0,0,tcp_output,/Users/swchen.tw/git/percepio/poc/runs/tcp-workload-matrix-v1/A04-pbuf/build/tcp_out.o,
by_pc,2147516170,10,20,40,50,10,10,0,0,0,tcp_output,/Users/swchen.tw/git/percepio/poc/runs/tcp-workload-matrix-v1/A04-pbuf/build/tcp_out.o,
by_pc,2147516174,10,210,420,430,10,10,80,0,110,tcp_output,/Users/swchen.tw/git/percepio/poc/runs/tcp-workload-matrix-v1/A04-pbuf/build/tcp_out.o,
by_pc,2147516176,10,20,40,50,10,10,0,0,0,tcp_output,/Users/swchen.tw/git/percepio/poc/runs/tcp-workload-matrix-v1/A04-pbuf/build/tcp_out.o,
by_pc,2147516178,10,20,40,50,10,10,0,0,0,tcp_output,/Users/swchen.tw/git/percepio/poc/runs/tcp-workload-matrix-v1/A04-pbuf/build/tcp_out.o,
by_pc,2147516182,10,20,40,50,10,10,0,0,0,tcp_output,/Users/swchen.tw/git/percepio/poc/runs/tcp-workload-matrix-v1/A04-pbuf/build/tcp_out.o,
by_pc,2147516186,10,20,40,50,10,10,0,0,0,tcp_output,/Users/swchen.tw/git/percepio/poc/runs/tcp-workload-matrix-v1/A04-pbuf/build/tcp_out.o,
by_pc,2147516190,10,10,20,30,10,0,0,0,0,tcp_output,/Users/swchen.tw/git/percepio/poc/runs/tcp-workload-matrix-v1/A04-pbuf/build/tcp_out.o,
by_pc,2147516192,10,10,20,30,10,0,0,0,0,tcp_output,/Users/swchen.tw/git/percepio/poc/runs/tcp-workload-matrix-v1/A04-pbuf/build/tcp_out.o,
by_pc,2147516194,10,20,40,50,10,10,0,0,0,tcp_output,/Users/swchen.tw/git/percepio/poc/runs/tcp-workload-matrix-v1/A04-pbuf/build/tcp_out.o,
by_pc,2147516198,10,10,20,30,10,0,0,0,0,tcp_output,/Users/swchen.tw/git/percepio/poc/runs/tcp-workload-matrix-v1/A04-pbuf/build/tcp_out.o,
by_pc,2147516200,10,10,20,30,10,0,0,0,0,tcp_output,/Users/swchen.tw/git/percepio/poc/runs/tcp-workload-matrix-v1/A04-pbuf/build/tcp_out.o,
by_pc,2147516202,10,10,20,30,10,0,0,0,0,tcp_output,/Users/swchen.tw/git/percepio/poc/runs/tcp-workload-matrix-v1/A04-pbuf/build/tcp_out.o,
by_pc,2147516204,10,10,20,30,10,0,0,0,0,tcp_output,/Users/swchen.tw/git/percepio/poc/runs/tcp-workload-matrix-v1/A04-pbuf/build/tcp_out.o,
by_pc,2147516206,10,10,20,30,10,0,0,0,0,tcp_output,/Users/swchen.tw/git/percepio/poc/runs/tcp-workload-matrix-v1/A04-pbuf/build/tcp_out.o,
by_pc,2147516210,10,210,420,430,10,10,80,0,110,tcp_output,/Users/swchen.tw/git/percepio/poc/runs/tcp-workload-matrix-v1/A04-pbuf/build/tcp_out.o,
by_pc,2147516212,10,20,40,50,10,10,0,0,0,tcp_output,/Users/swchen.tw/git/percepio/poc/runs/tcp-workload-matrix-v1/A04-pbuf/build/tcp_out.o,
by_pc,2147516214,10,20,40,50,10,10,0,0,0,tcp_output,/Users/swchen.tw/git/percepio/poc/runs/tcp-workload-matrix-v1/A04-pbuf/build/tcp_out.o,
by_pc,2147516216,10,10,20,30,10,0,0,0,0,tcp_output,/Users/swchen.tw/git/percepio/poc/runs/tcp-workload-matrix-v1/A04-pbuf/build/tcp_out.o,
by_pc,2147516218,10,20,40,50,10,10,0,0,0,tcp_output,/Users/swchen.tw/git/percepio/poc/runs/tcp-workload-matrix-v1/A04-pbuf/build/tcp_out.o,
by_pc,2147516220,10,10,20,30,10,0,0,0,0,tcp_output,/Users/swchen.tw/git/percepio/poc/runs/tcp-workload-matrix-v1/A04-pbuf/build/tcp_out.o,
by_pc,2147516222,10,128,256,266,20,10,80,18,0,tcp_output,/Users/swchen.tw/git/percepio/poc/runs/tcp-workload-matrix-v1/A04-pbuf/build/tcp_out.o,
by_pc,2147516226,10,10,20,30,10,0,0,0,0,tcp_output,/Users/swchen.tw/git/percepio/poc/runs/tcp-workload-matrix-v1/A04-pbuf/build/tcp_out.o,
by_pc,2147516228,10,210,420,430,10,10,80,0,110,tcp_output,/Users/swchen.tw/git/percepio/poc/runs/tcp-workload-matrix-v1/A04-pbuf/build/tcp_out.o,
by_pc,2147516232,10,20,40,50,10,10,0,0,0,tcp_output,/Users/swchen.tw/git/percepio/poc/runs/tcp-workload-matrix-v1/A04-pbuf/build/tcp_out.o,
by_pc,2147516234,10,20,40,50,10,10,0,0,0,tcp_output,/Users/swchen.tw/git/percepio/poc/runs/tcp-workload-matrix-v1/A04-pbuf/build/tcp_out.o,
by_pc,2147516238,10,10,20,30,10,0,0,0,0,tcp_output,/Users/swchen.tw/git/percepio/poc/runs/tcp-workload-matrix-v1/A04-pbuf/build/tcp_out.o,
by_pc,2147516242,10,210,420,430,10,10,80,0,110,tcp_output,/Users/swchen.tw/git/percepio/poc/runs/tcp-workload-matrix-v1/A04-pbuf/build/tcp_out.o,
by_pc,2147516246,10,20,40,50,10,10,0,0,0,tcp_output,/Users/swchen.tw/git/percepio/poc/runs/tcp-workload-matrix-v1/A04-pbuf/build/tcp_out.o,
by_pc,2147516248,10,20,40,50,10,10,0,0,0,tcp_output,/Users/swchen.tw/git/percepio/poc/runs/tcp-workload-matrix-v1/A04-pbuf/build/tcp_out.o,
by_pc,2147516250,10,10,20,30,10,0,0,0,0,tcp_output,/Users/swchen.tw/git/percepio/poc/runs/tcp-workload-matrix-v1/A04-pbuf/build/tcp_out.o,
by_pc,2147516252,10,210,420,430,10,10,80,0,110,tcp_output,/Users/swchen.tw/git/percepio/poc/runs/tcp-workload-matrix-v1/A04-pbuf/build/tcp_out.o,
by_pc,2147516254,10,210,420,430,10,10,80,0,110,tcp_output,/Users/swchen.tw/git/percepio/poc/runs/tcp-workload-matrix-v1/A04-pbuf/build/tcp_out.o,
by_pc,2147516258,10,210,420,430,10,10,80,0,110,tcp_output,/Users/swchen.tw/git/percepio/poc/runs/tcp-workload-matrix-v1/A04-pbuf/build/tcp_out.o,
by_pc,2147516262,10,20,40,50,10,10,0,0,0,tcp_output,/Users/swchen.tw/git/percepio/poc/runs/tcp-workload-matrix-v1/A04-pbuf/build/tcp_out.o,
by_pc,2147516264,10,20,40,50,10,10,0,0,0,tcp_output,/Users/swchen.tw/git/percepio/poc/runs/tcp-workload-matrix-v1/A04-pbuf/build/tcp_out.o,
by_pc,2147516268,10,10,20,30,10,0,0,0,0,tcp_output,/Users/swchen.tw/git/percepio/poc/runs/tcp-workload-matrix-v1/A04-pbuf/build/tcp_out.o,
by_pc,2147516272,10,20,40,50,10,10,0,0,0,tcp_output,/Users/swchen.tw/git/percepio/poc/runs/tcp-workload-matrix-v1/A04-pbuf/build/tcp_out.o,
by_pc,2147516276,10,10,20,30,10,0,0,0,0,tcp_output,/Users/swchen.tw/git/percepio/poc/runs/tcp-workload-matrix-v1/A04-pbuf/build/tcp_out.o,
by_pc,2147516280,10,210,420,430,10,10,80,0,110,tcp_output,/Users/swchen.tw/git/percepio/poc/runs/tcp-workload-matrix-v1/A04-pbuf/build/tcp_out.o,
by_pc,2147516284,10,10,20,30,10,0,0,0,0,tcp_output,/Users/swchen.tw/git/percepio/poc/runs/tcp-workload-matrix-v1/A04-pbuf/build/tcp_out.o,
by_pc,2147516286,10,286,572,582,20,10,128,18,110,tcp_output,/Users/swchen.tw/git/percepio/poc/runs/tcp-workload-matrix-v1/A04-pbuf/build/tcp_out.o,
by_pc,2147516290,10,10,20,30,10,0,0,0,0,tcp_output,/Users/swchen.tw/git/percepio/poc/runs/tcp-workload-matrix-v1/A04-pbuf/build/tcp_out.o,
by_pc,2147516294,10,20,40,50,10,10,0,0,0,tcp_output,/Users/swchen.tw/git/percepio/poc/runs/tcp-workload-matrix-v1/A04-pbuf/build/tcp_out.o,
by_pc,2147516298,10,10,20,30,10,0,0,0,0,tcp_output,/Users/swchen.tw/git/percepio/poc/runs/tcp-workload-matrix-v1/A04-pbuf/build/tcp_out.o,
by_pc,2147516300,10,10,20,30,10,0,0,0,0,tcp_output,/Users/swchen.tw/git/percepio/poc/runs/tcp-workload-matrix-v1/A04-pbuf/build/tcp_out.o,
by_pc,2147516304,10,10,20,30,10,0,0,0,0,tcp_output,/Users/swchen.tw/git/percepio/poc/runs/tcp-workload-matrix-v1/A04-pbuf/build/tcp_out.o,
by_pc,2147516306,10,10,20,30,10,0,0,0,0,tcp_output,/Users/swchen.tw/git/percepio/poc/runs/tcp-workload-matrix-v1/A04-pbuf/build/tcp_out.o,
by_pc,2147516310,10,210,420,430,10,10,80,0,110,tcp_output,/Users/swchen.tw/git/percepio/poc/runs/tcp-workload-matrix-v1/A04-pbuf/build/tcp_out.o,
by_pc,2147516314,10,20,40,50,10,10,0,0,0,tcp_output,/Users/swchen.tw/git/percepio/poc/runs/tcp-workload-matrix-v1/A04-pbuf/build/tcp_out.o,
by_pc,2147516318,10,20,40,50,10,10,0,0,0,tcp_output,/Users/swchen.tw/git/percepio/poc/runs/tcp-workload-matrix-v1/A04-pbuf/build/tcp_out.o,
by_pc,2147516322,10,20,40,50,10,10,0,0,0,tcp_output,/Users/swchen.tw/git/percepio/poc/runs/tcp-workload-matrix-v1/A04-pbuf/build/tcp_out.o,
by_pc,2147516324,10,10,20,30,10,0,0,0,0,tcp_output,/Users/swchen.tw/git/percepio/poc/runs/tcp-workload-matrix-v1/A04-pbuf/build/tcp_out.o,
by_pc,2147516326,10,10,20,30,10,0,0,0,0,tcp_output,/Users/swchen.tw/git/percepio/poc/runs/tcp-workload-matrix-v1/A04-pbuf/build/tcp_out.o,
by_pc,2147516328,10,10,20,30,10,0,0,0,0,tcp_output,/Users/swchen.tw/git/percepio/poc/runs/tcp-workload-matrix-v1/A04-pbuf/build/tcp_out.o,
by_pc,2147518936,11,11,22,33,11,0,0,0,0,ip4_output_if,/Users/swchen.tw/git/percepio/poc/runs/tcp-workload-matrix-v1/A04-pbuf/build/ip4.o,
by_pc,2147518938,11,11,22,33,11,0,0,0,0,ip4_output_if,/Users/swchen.tw/git/percepio/poc/runs/tcp-workload-matrix-v1/A04-pbuf/build/ip4.o,
by_pc,2147518940,11,22,44,55,11,11,0,0,0,ip4_output_if,/Users/swchen.tw/git/percepio/poc/runs/tcp-workload-matrix-v1/A04-pbuf/build/ip4.o,
by_pc,2147518944,11,11,22,33,11,0,0,0,0,ip4_output_if,/Users/swchen.tw/git/percepio/poc/runs/tcp-workload-matrix-v1/A04-pbuf/build/ip4.o,
by_pc,2147518952,11,11,22,33,11,0,0,0,0,ip4_output_if,/Users/swchen.tw/git/percepio/poc/runs/tcp-workload-matrix-v1/A04-pbuf/build/ip4.o,
by_pc,2147518552,11,69,138,149,11,0,40,18,0,ip4_output_if_src,/Users/swchen.tw/git/percepio/poc/runs/tcp-workload-matrix-v1/A04-pbuf/build/ip4.o,
by_pc,2147518554,11,231,462,473,11,11,88,0,121,ip4_output_if_src,/Users/swchen.tw/git/percepio/poc/runs/tcp-workload-matrix-v1/A04-pbuf/build/ip4.o,
by_pc,2147518556,11,231,462,473,11,11,88,0,121,ip4_output_if_src,/Users/swchen.tw/git/percepio/poc/runs/tcp-workload-matrix-v1/A04-pbuf/build/ip4.o,
by_pc,2147518558,11,231,462,473,11,11,88,0,121,ip4_output_if_src,/Users/swchen.tw/git/percepio/poc/runs/tcp-workload-matrix-v1/A04-pbuf/build/ip4.o,
by_pc,2147518560,11,231,462,473,11,11,88,0,121,ip4_output_if_src,/Users/swchen.tw/git/percepio/poc/runs/tcp-workload-matrix-v1/A04-pbuf/build/ip4.o,
by_pc,2147518562,11,231,462,473,11,11,88,0,121,ip4_output_if_src,/Users/swchen.tw/git/percepio/poc/runs/tcp-workload-matrix-v1/A04-pbuf/build/ip4.o,
by_pc,2147518564,11,231,462,473,11,11,88,0,121,ip4_output_if_src,/Users/swchen.tw/git/percepio/poc/runs/tcp-workload-matrix-v1/A04-pbuf/build/ip4.o,
by_pc,2147518566,11,231,462,473,11,11,88,0,121,ip4_output_if_src,/Users/swchen.tw/git/percepio/poc/runs/tcp-workload-matrix-v1/A04-pbuf/build/ip4.o,
by_pc,2147518568,11,11,22,33,11,0,0,0,0,ip4_output_if_src,/Users/swchen.tw/git/percepio/poc/runs/tcp-workload-matrix-v1/A04-pbuf/build/ip4.o,
by_pc,2147518570,11,11,22,33,11,0,0,0,0,ip4_output_if_src,/Users/swchen.tw/git/percepio/poc/runs/tcp-workload-matrix-v1/A04-pbuf/build/ip4.o,
by_pc,2147518572,11,11,22,33,11,0,0,0,0,ip4_output_if_src,/Users/swchen.tw/git/percepio/poc/runs/tcp-workload-matrix-v1/A04-pbuf/build/ip4.o,
by_pc,2147518576,11,11,22,33,11,0,0,0,0,ip4_output_if_src,/Users/swchen.tw/git/percepio/poc/runs/tcp-workload-matrix-v1/A04-pbuf/build/ip4.o,
by_pc,2147518578,11,11,22,33,11,0,0,0,0,ip4_output_if_src,/Users/swchen.tw/git/percepio/poc/runs/tcp-workload-matrix-v1/A04-pbuf/build/ip4.o,
by_pc,2147518580,11,231,462,473,11,11,88,0,121,ip4_output_if_src,/Users/swchen.tw/git/percepio/poc/runs/tcp-workload-matrix-v1/A04-pbuf/build/ip4.o,
by_pc,2147518582,11,231,462,473,11,11,88,0,121,ip4_output_if_src,/Users/swchen.tw/git/percepio/poc/runs/tcp-workload-matrix-v1/A04-pbuf/build/ip4.o,
by_pc,2147518584,11,11,22,33,11,0,0,0,0,ip4_output_if_src,/Users/swchen.tw/git/percepio/poc/runs/tcp-workload-matrix-v1/A04-pbuf/build/ip4.o,
by_pc,2147518586,11,11,22,33,11,0,0,0,0,ip4_output_if_src,/Users/swchen.tw/git/percepio/poc/runs/tcp-workload-matrix-v1/A04-pbuf/build/ip4.o,
by_pc,2147518588,11,11,22,33,11,0,0,0,0,ip4_output_if_src,/Users/swchen.tw/git/percepio/poc/runs/tcp-workload-matrix-v1/A04-pbuf/build/ip4.o,
by_pc,2147518592,11,120,240,251,11,11,80,18,0,ip4_output_if_src,/Users/swchen.tw/git/percepio/poc/runs/tcp-workload-matrix-v1/A04-pbuf/build/ip4.o,
by_pc,2147518594,11,22,44,55,11,11,0,0,0,ip4_output_if_src,/Users/swchen.tw/git/percepio/poc/runs/tcp-workload-matrix-v1/A04-pbuf/build/ip4.o,
by_pc,2147518596,11,11,22,33,11,0,0,0,0,ip4_output_if_src,/Users/swchen.tw/git/percepio/poc/runs/tcp-workload-matrix-v1/A04-pbuf/build/ip4.o,
by_pc,2147518636,11,22,44,55,11,11,0,0,0,ip4_output_if_src,/Users/swchen.tw/git/percepio/poc/runs/tcp-workload-matrix-v1/A04-pbuf/build/ip4.o,
by_pc,2147518640,11,231,462,473,11,11,88,0,121,ip4_output_if_src,/Users/swchen.tw/git/percepio/poc/runs/tcp-workload-matrix-v1/A04-pbuf/build/ip4.o,
by_pc,2147518644,11,231,462,473,11,11,88,0,121,ip4_output_if_src,/Users/swchen.tw/git/percepio/poc/runs/tcp-workload-matrix-v1/A04-pbuf/build/ip4.o,
by_pc,2147518648,11,22,44,55,11,11,0,0,0,ip4_output_if_src,/Users/swchen.tw/git/percepio/poc/runs/tcp-workload-matrix-v1/A04-pbuf/build/ip4.o,
by_pc,2147518652,11,231,462,473,11,11,88,0,121,ip4_output_if_src,/Users/swchen.tw/git/percepio/poc/runs/tcp-workload-matrix-v1/A04-pbuf/build/ip4.o,
by_pc,2147518656,11,109,218,229,11,0,80,18,0,ip4_output_if_src,/Users/swchen.tw/git/percepio/poc/runs/tcp-workload-matrix-v1/A04-pbuf/build/ip4.o,
by_pc,2147518658,11,11,22,33,11,0,0,0,0,ip4_output_if_src,/Users/swchen.tw/git/percepio/poc/runs/tcp-workload-matrix-v1/A04-pbuf/build/ip4.o,
by_pc,2147518662,11,11,22,33,11,0,0,0,0,ip4_output_if_src,/Users/swchen.tw/git/percepio/poc/runs/tcp-workload-matrix-v1/A04-pbuf/build/ip4.o,
by_pc,2147518666,11,231,462,473,11,11,88,0,121,ip4_output_if_src,/Users/swchen.tw/git/percepio/poc/runs/tcp-workload-matrix-v1/A04-pbuf/build/ip4.o,
by_pc,2147518670,11,231,462,473,11,11,88,0,121,ip4_output_if_src,/Users/swchen.tw/git/percepio/poc/runs/tcp-workload-matrix-v1/A04-pbuf/build/ip4.o,
by_pc,2147518674,11,11,22,33,11,0,0,0,0,ip4_output_if_src,/Users/swchen.tw/git/percepio/poc/runs/tcp-workload-matrix-v1/A04-pbuf/build/ip4.o,
by_pc,2147518678,11,11,22,33,11,0,0,0,0,ip4_output_if_src,/Users/swchen.tw/git/percepio/poc/runs/tcp-workload-matrix-v1/A04-pbuf/build/ip4.o,
by_pc,2147518682,11,231,462,473,11,11,88,0,121,ip4_output_if_src,/Users/swchen.tw/git/percepio/poc/runs/tcp-workload-matrix-v1/A04-pbuf/build/ip4.o,
by_pc,2147518686,11,231,462,473,11,11,88,0,121,ip4_output_if_src,/Users/swchen.tw/git/percepio/poc/runs/tcp-workload-matrix-v1/A04-pbuf/build/ip4.o,
by_pc,2147518690,11,231,462,473,11,11,88,0,121,ip4_output_if_src,/Users/swchen.tw/git/percepio/poc/runs/tcp-workload-matrix-v1/A04-pbuf/build/ip4.o,
by_pc,2147518694,11,11,22,33,11,0,0,0,0,ip4_output_if_src,/Users/swchen.tw/git/percepio/poc/runs/tcp-workload-matrix-v1/A04-pbuf/build/ip4.o,
by_pc,2147518696,11,11,22,33,11,0,0,0,0,ip4_output_if_src,/Users/swchen.tw/git/percepio/poc/runs/tcp-workload-matrix-v1/A04-pbuf/build/ip4.o,
by_pc,2147518698,11,11,22,33,11,0,0,0,0,ip4_output_if_src,/Users/swchen.tw/git/percepio/poc/runs/tcp-workload-matrix-v1/A04-pbuf/build/ip4.o,
by_pc,2147518700,11,22,44,55,11,11,0,0,0,ip4_output_if_src,/Users/swchen.tw/git/percepio/poc/runs/tcp-workload-matrix-v1/A04-pbuf/build/ip4.o,
by_pc,2147518704,11,11,22,33,11,0,0,0,0,ip4_output_if_src,/Users/swchen.tw/git/percepio/poc/runs/tcp-workload-matrix-v1/A04-pbuf/build/ip4.o,
by_pc,2147518706,11,11,22,33,11,0,0,0,0,ip4_output_if_src,/Users/swchen.tw/git/percepio/poc/runs/tcp-workload-matrix-v1/A04-pbuf/build/ip4.o,
by_pc,2147518708,11,11,22,33,11,0,0,0,0,ip4_output_if_src,/Users/swchen.tw/git/percepio/poc/runs/tcp-workload-matrix-v1/A04-pbuf/build/ip4.o,
by_pc,2147518710,11,11,22,33,11,0,0,0,0,ip4_output_if_src,/Users/swchen.tw/git/percepio/poc/runs/tcp-workload-matrix-v1/A04-pbuf/build/ip4.o,
by_pc,2147518712,11,11,22,33,11,0,0,0,0,ip4_output_if_src,/Users/swchen.tw/git/percepio/poc/runs/tcp-workload-matrix-v1/A04-pbuf/build/ip4.o,
by_pc,2147518714,11,11,22,33,11,0,0,0,0,ip4_output_if_src,/Users/swchen.tw/git/percepio/poc/runs/tcp-workload-matrix-v1/A04-pbuf/build/ip4.o,
by_pc,2147518716,11,11,22,33,11,0,0,0,0,ip4_output_if_src,/Users/swchen.tw/git/percepio/poc/runs/tcp-workload-matrix-v1/A04-pbuf/build/ip4.o,
by_pc,2147518718,11,80,160,171,22,0,40,18,0,ip4_output_if_src,/Users/swchen.tw/git/percepio/poc/runs/tcp-workload-matrix-v1/A04-pbuf/build/ip4.o,
by_pc,2147518722,11,11,22,33,11,0,0,0,0,ip4_output_if_src,/Users/swchen.tw/git/percepio/poc/runs/tcp-workload-matrix-v1/A04-pbuf/build/ip4.o,
by_pc,2147518726,11,231,462,473,11,11,88,0,121,ip4_output_if_src,/Users/swchen.tw/git/percepio/poc/runs/tcp-workload-matrix-v1/A04-pbuf/build/ip4.o,
by_pc,2147518730,11,11,22,33,11,0,0,0,0,ip4_output_if_src,/Users/swchen.tw/git/percepio/poc/runs/tcp-workload-matrix-v1/A04-pbuf/build/ip4.o,
by_pc,2147518732,11,22,44,55,11,11,0,0,0,ip4_output_if_src,/Users/swchen.tw/git/percepio/poc/runs/tcp-workload-matrix-v1/A04-pbuf/build/ip4.o,
by_pc,2147518736,11,231,462,473,11,11,88,0,121,ip4_output_if_src,/Users/swchen.tw/git/percepio/poc/runs/tcp-workload-matrix-v1/A04-pbuf/build/ip4.o,
by_pc,2147518740,11,231,462,473,11,11,88,0,121,ip4_output_if_src,/Users/swchen.tw/git/percepio/poc/runs/tcp-workload-matrix-v1/A04-pbuf/build/ip4.o,
by_pc,2147518744,11,231,462,473,11,11,88,0,121,ip4_output_if_src,/Users/swchen.tw/git/percepio/poc/runs/tcp-workload-matrix-v1/A04-pbuf/build/ip4.o,
by_pc,2147518748,11,11,22,33,11,0,0,0,0,ip4_output_if_src,/Users/swchen.tw/git/percepio/poc/runs/tcp-workload-matrix-v1/A04-pbuf/build/ip4.o,
by_pc,2147518752,11,11,22,33,11,0,0,0,0,ip4_output_if_src,/Users/swchen.tw/git/percepio/poc/runs/tcp-workload-matrix-v1/A04-pbuf/build/ip4.o,
by_pc,2147518756,11,231,462,473,11,11,88,0,121,ip4_output_if_src,/Users/swchen.tw/git/percepio/poc/runs/tcp-workload-matrix-v1/A04-pbuf/build/ip4.o,
by_pc,2147518760,11,22,44,55,11,11,0,0,0,ip4_output_if_src,/Users/swchen.tw/git/percepio/poc/runs/tcp-workload-matrix-v1/A04-pbuf/build/ip4.o,
by_pc,2147518764,11,231,462,473,11,11,88,0,121,ip4_output_if_src,/Users/swchen.tw/git/percepio/poc/runs/tcp-workload-matrix-v1/A04-pbuf/build/ip4.o,
by_pc,2147518768,11,11,22,33,11,0,0,0,0,ip4_output_if_src,/Users/swchen.tw/git/percepio/poc/runs/tcp-workload-matrix-v1/A04-pbuf/build/ip4.o,
by_pc,2147518770,11,11,22,33,11,0,0,0,0,ip4_output_if_src,/Users/swchen.tw/git/percepio/poc/runs/tcp-workload-matrix-v1/A04-pbuf/build/ip4.o,
by_pc,2147518772,11,231,462,473,11,11,88,0,121,ip4_output_if_src,/Users/swchen.tw/git/percepio/poc/runs/tcp-workload-matrix-v1/A04-pbuf/build/ip4.o,
by_pc,2147518776,11,11,22,33,11,0,0,0,0,ip4_output_if_src,/Users/swchen.tw/git/percepio/poc/runs/tcp-workload-matrix-v1/A04-pbuf/build/ip4.o,
by_pc,2147518882,11,80,160,171,11,11,40,18,0,ip4_output_if_src,/Users/swchen.tw/git/percepio/poc/runs/tcp-workload-matrix-v1/A04-pbuf/build/ip4.o,
by_pc,2147518886,11,11,22,33,11,0,0,0,0,ip4_output_if_src,/Users/swchen.tw/git/percepio/poc/runs/tcp-workload-matrix-v1/A04-pbuf/build/ip4.o,
by_pc,2147518784,11,45,90,101,11,0,16,18,0,ip4_output_if_src,/Users/swchen.tw/git/percepio/poc/runs/tcp-workload-matrix-v1/A04-pbuf/build/ip4.o,
by_pc,2147518788,11,11,22,33,11,0,0,0,0,ip4_output_if_src,/Users/swchen.tw/git/percepio/poc/runs/tcp-workload-matrix-v1/A04-pbuf/build/ip4.o,
by_pc,2147518792,11,231,462,473,11,11,88,0,121,ip4_output_if_src,/Users/swchen.tw/git/percepio/poc/runs/tcp-workload-matrix-v1/A04-pbuf/build/ip4.o,
by_pc,2147518796,11,231,462,473,11,11,88,0,121,ip4_output_if_src,/Users/swchen.tw/git/percepio/poc/runs/tcp-workload-matrix-v1/A04-pbuf/build/ip4.o,
by_pc,2147518800,11,11,22,33,11,0,0,0,0,ip4_output_if_src,/Users/swchen.tw/git/percepio/poc/runs/tcp-workload-matrix-v1/A04-pbuf/build/ip4.o,
by_pc,2147518804,11,11,22,33,11,0,0,0,0,ip4_output_if_src,/Users/swchen.tw/git/percepio/poc/runs/tcp-workload-matrix-v1/A04-pbuf/build/ip4.o,
by_pc,2147518806,11,11,22,33,11,0,0,0,0,ip4_output_if_src,/Users/swchen.tw/git/percepio/poc/runs/tcp-workload-matrix-v1/A04-pbuf/build/ip4.o,
by_pc,2147518808,11,11,22,33,11,0,0,0,0,ip4_output_if_src,/Users/swchen.tw/git/percepio/poc/runs/tcp-workload-matrix-v1/A04-pbuf/build/ip4.o,
by_pc,2147518810,11,11,22,33,11,0,0,0,0,ip4_output_if_src,/Users/swchen.tw/git/percepio/poc/runs/tcp-workload-matrix-v1/A04-pbuf/build/ip4.o,
by_pc,2147518812,11,231,462,473,11,11,88,0,121,ip4_output_if_src,/Users/swchen.tw/git/percepio/poc/runs/tcp-workload-matrix-v1/A04-pbuf/build/ip4.o,
by_pc,2147518816,11,11,22,33,11,0,0,0,0,ip4_output_if_src,/Users/swchen.tw/git/percepio/poc/runs/tcp-workload-matrix-v1/A04-pbuf/build/ip4.o,
by_pc,2147518820,11,11,22,33,11,0,0,0,0,ip4_output_if_src,/Users/swchen.tw/git/percepio/poc/runs/tcp-workload-matrix-v1/A04-pbuf/build/ip4.o,
by_pc,2147518822,11,11,22,33,11,0,0,0,0,ip4_output_if_src,/Users/swchen.tw/git/percepio/poc/runs/tcp-workload-matrix-v1/A04-pbuf/build/ip4.o,
by_pc,2147518824,11,11,22,33,11,0,0,0,0,ip4_output_if_src,/Users/swchen.tw/git/percepio/poc/runs/tcp-workload-matrix-v1/A04-pbuf/build/ip4.o,
by_pc,2147518826,11,11,22,33,11,0,0,0,0,ip4_output_if_src,/Users/swchen.tw/git/percepio/poc/runs/tcp-workload-matrix-v1/A04-pbuf/build/ip4.o,
by_pc,2147518830,11,11,22,33,11,0,0,0,0,ip4_output_if_src,/Users/swchen.tw/git/percepio/poc/runs/tcp-workload-matrix-v1/A04-pbuf/build/ip4.o,
by_pc,2147518832,11,11,22,33,11,0,0,0,0,ip4_output_if_src,/Users/swchen.tw/git/percepio/poc/runs/tcp-workload-matrix-v1/A04-pbuf/build/ip4.o,
by_pc,2147518836,11,231,462,473,11,11,88,0,121,ip4_output_if_src,/Users/swchen.tw/git/percepio/poc/runs/tcp-workload-matrix-v1/A04-pbuf/build/ip4.o,
by_pc,2147518840,11,11,22,33,11,0,0,0,0,ip4_output_if_src,/Users/swchen.tw/git/percepio/poc/runs/tcp-workload-matrix-v1/A04-pbuf/build/ip4.o,
by_pc,2147518842,11,231,462,473,11,11,88,0,121,ip4_output_if_src,/Users/swchen.tw/git/percepio/poc/runs/tcp-workload-matrix-v1/A04-pbuf/build/ip4.o,
by_pc,2147518846,11,242,484,495,22,11,88,0,121,ip4_output_if_src,/Users/swchen.tw/git/percepio/poc/runs/tcp-workload-matrix-v1/A04-pbuf/build/ip4.o,
by_pc,2147518850,11,11,22,33,11,0,0,0,0,ip4_output_if_src,/Users/swchen.tw/git/percepio/poc/runs/tcp-workload-matrix-v1/A04-pbuf/build/ip4.o,
by_pc,2147518854,11,22,44,55,11,11,0,0,0,ip4_output_if_src,/Users/swchen.tw/git/percepio/poc/runs/tcp-workload-matrix-v1/A04-pbuf/build/ip4.o,
by_pc,2147518858,11,11,22,33,11,0,0,0,0,ip4_output_if_src,/Users/swchen.tw/git/percepio/poc/runs/tcp-workload-matrix-v1/A04-pbuf/build/ip4.o,
by_pc,2147518860,11,11,22,33,11,0,0,0,0,ip4_output_if_src,/Users/swchen.tw/git/percepio/poc/runs/tcp-workload-matrix-v1/A04-pbuf/build/ip4.o,
by_pc,2147518862,11,11,22,33,11,0,0,0,0,ip4_output_if_src,/Users/swchen.tw/git/percepio/poc/runs/tcp-workload-matrix-v1/A04-pbuf/build/ip4.o,
by_pc,2147518864,11,11,22,33,11,0,0,0,0,ip4_output_if_src,/Users/swchen.tw/git/percepio/poc/runs/tcp-workload-matrix-v1/A04-pbuf/build/ip4.o,
by_pc,2147518868,11,231,462,473,11,11,88,0,121,ip4_output_if_src,/Users/swchen.tw/git/percepio/poc/runs/tcp-workload-matrix-v1/A04-pbuf/build/ip4.o,
by_pc,2147518872,11,22,44,55,11,11,0,0,0,ip4_output_if_src,/Users/swchen.tw/git/percepio/poc/runs/tcp-workload-matrix-v1/A04-pbuf/build/ip4.o,
by_pc,2147518876,11,11,22,33,11,0,0,0,0,ip4_output_if_src,/Users/swchen.tw/git/percepio/poc/runs/tcp-workload-matrix-v1/A04-pbuf/build/ip4.o,
by_pc,2147518878,11,11,22,33,11,0,0,0,0,ip4_output_if_src,/Users/swchen.tw/git/percepio/poc/runs/tcp-workload-matrix-v1/A04-pbuf/build/ip4.o,
by_pc,2147495040,11,35,70,81,11,0,24,0,0,output_packet,/Users/swchen.tw/git/percepio/poc/runs/tcp-workload-matrix-v1/A04-pbuf/build/tcp_request_response_irq.o,
by_pc,2147495042,11,231,462,473,11,11,88,0,121,output_packet,/Users/swchen.tw/git/percepio/poc/runs/tcp-workload-matrix-v1/A04-pbuf/build/tcp_request_response_irq.o,
by_pc,2147495044,11,231,462,473,11,11,88,0,121,output_packet,/Users/swchen.tw/git/percepio/poc/runs/tcp-workload-matrix-v1/A04-pbuf/build/tcp_request_response_irq.o,
by_pc,2147495046,11,231,462,473,11,11,88,0,121,output_packet,/Users/swchen.tw/git/percepio/poc/runs/tcp-workload-matrix-v1/A04-pbuf/build/tcp_request_response_irq.o,
by_pc,2147495048,11,11,22,33,11,0,0,0,0,output_packet,/Users/swchen.tw/git/percepio/poc/runs/tcp-workload-matrix-v1/A04-pbuf/build/tcp_request_response_irq.o,
by_pc,2147495052,11,22,44,55,11,11,0,0,0,output_packet,/Users/swchen.tw/git/percepio/poc/runs/tcp-workload-matrix-v1/A04-pbuf/build/tcp_request_response_irq.o,
by_pc,2147495054,11,11,22,33,11,0,0,0,0,output_packet,/Users/swchen.tw/git/percepio/poc/runs/tcp-workload-matrix-v1/A04-pbuf/build/tcp_request_response_irq.o,
by_pc,2147495056,11,11,22,33,11,0,0,0,0,output_packet,/Users/swchen.tw/git/percepio/poc/runs/tcp-workload-matrix-v1/A04-pbuf/build/tcp_request_response_irq.o,
by_pc,2147495074,11,11,22,33,11,0,0,0,0,output_packet,/Users/swchen.tw/git/percepio/poc/runs/tcp-workload-matrix-v1/A04-pbuf/build/tcp_request_response_irq.o,
by_pc,2147495076,11,11,22,33,11,0,0,0,0,output_packet,/Users/swchen.tw/git/percepio/poc/runs/tcp-workload-matrix-v1/A04-pbuf/build/tcp_request_response_irq.o,
by_pc,2147502266,11,11,22,33,11,0,0,0,0,pbuf_ref,/Users/swchen.tw/git/percepio/poc/runs/tcp-workload-matrix-v1/A04-pbuf/build/pbuf.o,
by_pc,2147502268,11,22,44,55,11,11,0,0,0,pbuf_ref,/Users/swchen.tw/git/percepio/poc/runs/tcp-workload-matrix-v1/A04-pbuf/build/pbuf.o,
by_pc,2147502272,11,45,90,101,11,0,16,18,0,pbuf_ref,/Users/swchen.tw/git/percepio/poc/runs/tcp-workload-matrix-v1/A04-pbuf/build/pbuf.o,
by_pc,2147502274,11,231,462,473,11,11,88,0,121,pbuf_ref,/Users/swchen.tw/git/percepio/poc/runs/tcp-workload-matrix-v1/A04-pbuf/build/pbuf.o,
by_pc,2147502278,11,11,22,33,11,0,0,0,0,pbuf_ref,/Users/swchen.tw/git/percepio/poc/runs/tcp-workload-matrix-v1/A04-pbuf/build/pbuf.o,
by_pc,2147495080,11,231,462,473,11,11,88,0,121,output_packet,/Users/swchen.tw/git/percepio/poc/runs/tcp-workload-matrix-v1/A04-pbuf/build/tcp_request_response_irq.o,
by_pc,2147495082,11,22,44,55,11,11,0,0,0,output_packet,/Users/swchen.tw/git/percepio/poc/runs/tcp-workload-matrix-v1/A04-pbuf/build/tcp_request_response_irq.o,
by_pc,2147495084,11,22,44,55,11,11,0,0,0,output_packet,/Users/swchen.tw/git/percepio/poc/runs/tcp-workload-matrix-v1/A04-pbuf/build/tcp_request_response_irq.o,
by_pc,2147495086,11,22,44,55,11,11,0,0,0,output_packet,/Users/swchen.tw/git/percepio/poc/runs/tcp-workload-matrix-v1/A04-pbuf/build/tcp_request_response_irq.o,
by_pc,2147495088,11,11,22,33,11,0,0,0,0,output_packet,/Users/swchen.tw/git/percepio/poc/runs/tcp-workload-matrix-v1/A04-pbuf/build/tcp_request_response_irq.o,
by_pc,2147495090,11,11,22,33,11,0,0,0,0,output_packet,/Users/swchen.tw/git/percepio/poc/runs/tcp-workload-matrix-v1/A04-pbuf/build/tcp_request_response_irq.o,
by_pc,2147495092,11,11,22,33,11,0,0,0,0,output_packet,/Users/swchen.tw/git/percepio/poc/runs/tcp-workload-matrix-v1/A04-pbuf/build/tcp_request_response_irq.o,
by_pc,2147518880,11,11,22,33,11,0,0,0,0,ip4_output_if_src,/Users/swchen.tw/git/percepio/poc/runs/tcp-workload-matrix-v1/A04-pbuf/build/ip4.o,
by_pc,2147518618,11,22,44,55,11,11,0,0,0,ip4_output_if_src,/Users/swchen.tw/git/percepio/poc/runs/tcp-workload-matrix-v1/A04-pbuf/build/ip4.o,
by_pc,2147518620,11,22,44,55,11,11,0,0,0,ip4_output_if_src,/Users/swchen.tw/git/percepio/poc/runs/tcp-workload-matrix-v1/A04-pbuf/build/ip4.o,
by_pc,2147518622,11,22,44,55,11,11,0,0,0,ip4_output_if_src,/Users/swchen.tw/git/percepio/poc/runs/tcp-workload-matrix-v1/A04-pbuf/build/ip4.o,
by_pc,2147518624,11,22,44,55,11,11,0,0,0,ip4_output_if_src,/Users/swchen.tw/git/percepio/poc/runs/tcp-workload-matrix-v1/A04-pbuf/build/ip4.o,
by_pc,2147518626,11,22,44,55,11,11,0,0,0,ip4_output_if_src,/Users/swchen.tw/git/percepio/poc/runs/tcp-workload-matrix-v1/A04-pbuf/build/ip4.o,
by_pc,2147518628,11,22,44,55,11,11,0,0,0,ip4_output_if_src,/Users/swchen.tw/git/percepio/poc/runs/tcp-workload-matrix-v1/A04-pbuf/build/ip4.o,
by_pc,2147518630,11,22,44,55,11,11,0,0,0,ip4_output_if_src,/Users/swchen.tw/git/percepio/poc/runs/tcp-workload-matrix-v1/A04-pbuf/build/ip4.o,
by_pc,2147518632,11,11,22,33,11,0,0,0,0,ip4_output_if_src,/Users/swchen.tw/git/percepio/poc/runs/tcp-workload-matrix-v1/A04-pbuf/build/ip4.o,
by_pc,2147518634,11,11,22,33,11,0,0,0,0,ip4_output_if_src,/Users/swchen.tw/git/percepio/poc/runs/tcp-workload-matrix-v1/A04-pbuf/build/ip4.o,
by_pc,2147516332,10,10,20,30,10,0,0,0,0,tcp_output,/Users/swchen.tw/git/percepio/poc/runs/tcp-workload-matrix-v1/A04-pbuf/build/tcp_out.o,
by_pc,2147515634,10,20,40,50,10,10,0,0,0,tcp_output,/Users/swchen.tw/git/percepio/poc/runs/tcp-workload-matrix-v1/A04-pbuf/build/tcp_out.o,
by_pc,2147515636,10,210,420,430,10,10,80,0,110,tcp_output,/Users/swchen.tw/git/percepio/poc/runs/tcp-workload-matrix-v1/A04-pbuf/build/tcp_out.o,
by_pc,2147515638,10,20,40,50,10,10,0,0,0,tcp_output,/Users/swchen.tw/git/percepio/poc/runs/tcp-workload-matrix-v1/A04-pbuf/build/tcp_out.o,
by_pc,2147515640,10,10,20,30,10,0,0,0,0,tcp_output,/Users/swchen.tw/git/percepio/poc/runs/tcp-workload-matrix-v1/A04-pbuf/build/tcp_out.o,
by_pc,2147515644,10,20,40,50,10,10,0,0,0,tcp_output,/Users/swchen.tw/git/percepio/poc/runs/tcp-workload-matrix-v1/A04-pbuf/build/tcp_out.o,
by_pc,2147515648,10,108,216,226,10,0,80,18,0,tcp_output,/Users/swchen.tw/git/percepio/poc/runs/tcp-workload-matrix-v1/A04-pbuf/build/tcp_out.o,
by_pc,2147515650,10,210,420,430,10,10,80,0,110,tcp_output,/Users/swchen.tw/git/percepio/poc/runs/tcp-workload-matrix-v1/A04-pbuf/build/tcp_out.o,
by_pc,2147515654,10,20,40,50,10,10,0,0,0,tcp_output,/Users/swchen.tw/git/percepio/poc/runs/tcp-workload-matrix-v1/A04-pbuf/build/tcp_out.o,
by_pc,2147515656,10,20,40,50,10,10,0,0,0,tcp_output,/Users/swchen.tw/git/percepio/poc/runs/tcp-workload-matrix-v1/A04-pbuf/build/tcp_out.o,
by_pc,2147515660,10,20,40,50,10,10,0,0,0,tcp_output,/Users/swchen.tw/git/percepio/poc/runs/tcp-workload-matrix-v1/A04-pbuf/build/tcp_out.o,
by_pc,2147515664,10,20,40,50,10,10,0,0,0,tcp_output,/Users/swchen.tw/git/percepio/poc/runs/tcp-workload-matrix-v1/A04-pbuf/build/tcp_out.o,
by_pc,2147515668,10,10,20,30,10,0,0,0,0,tcp_output,/Users/swchen.tw/git/percepio/poc/runs/tcp-workload-matrix-v1/A04-pbuf/build/tcp_out.o,
by_pc,2147515670,10,10,20,30,10,0,0,0,0,tcp_output,/Users/swchen.tw/git/percepio/poc/runs/tcp-workload-matrix-v1/A04-pbuf/build/tcp_out.o,
by_pc,2147515672,10,20,40,50,10,10,0,0,0,tcp_output,/Users/swchen.tw/git/percepio/poc/runs/tcp-workload-matrix-v1/A04-pbuf/build/tcp_out.o,
by_pc,2147515676,10,10,20,30,10,0,0,0,0,tcp_output,/Users/swchen.tw/git/percepio/poc/runs/tcp-workload-matrix-v1/A04-pbuf/build/tcp_out.o,
by_pc,2147515678,10,10,20,30,10,0,0,0,0,tcp_output,/Users/swchen.tw/git/percepio/poc/runs/tcp-workload-matrix-v1/A04-pbuf/build/tcp_out.o,
by_pc,2147515680,10,10,20,30,10,0,0,0,0,tcp_output,/Users/swchen.tw/git/percepio/poc/runs/tcp-workload-matrix-v1/A04-pbuf/build/tcp_out.o,
by_pc,2147515682,10,10,20,30,10,0,0,0,0,tcp_output,/Users/swchen.tw/git/percepio/poc/runs/tcp-workload-matrix-v1/A04-pbuf/build/tcp_out.o,
by_pc,2147515684,10,10,20,30,10,0,0,0,0,tcp_output,/Users/swchen.tw/git/percepio/poc/runs/tcp-workload-matrix-v1/A04-pbuf/build/tcp_out.o,
by_pc,2147515688,10,20,40,50,10,10,0,0,0,tcp_output,/Users/swchen.tw/git/percepio/poc/runs/tcp-workload-matrix-v1/A04-pbuf/build/tcp_out.o,
by_pc,2147515690,10,20,40,50,10,10,0,0,0,tcp_output,/Users/swchen.tw/git/percepio/poc/runs/tcp-workload-matrix-v1/A04-pbuf/build/tcp_out.o,
by_pc,2147515694,10,10,20,30,10,0,0,0,0,tcp_output,/Users/swchen.tw/git/percepio/poc/runs/tcp-workload-matrix-v1/A04-pbuf/build/tcp_out.o,
by_pc,2147515698,10,20,40,50,10,10,0,0,0,tcp_output,/Users/swchen.tw/git/percepio/poc/runs/tcp-workload-matrix-v1/A04-pbuf/build/tcp_out.o,
by_pc,2147515702,10,20,40,50,10,10,0,0,0,tcp_output,/Users/swchen.tw/git/percepio/poc/runs/tcp-workload-matrix-v1/A04-pbuf/build/tcp_out.o,
by_pc,2147515706,10,10,20,30,10,0,0,0,0,tcp_output,/Users/swchen.tw/git/percepio/poc/runs/tcp-workload-matrix-v1/A04-pbuf/build/tcp_out.o,
by_pc,2147515708,10,10,20,30,10,0,0,0,0,tcp_output,/Users/swchen.tw/git/percepio/poc/runs/tcp-workload-matrix-v1/A04-pbuf/build/tcp_out.o,
by_pc,2147515710,10,118,236,246,20,0,80,18,0,tcp_output,/Users/swchen.tw/git/percepio/poc/runs/tcp-workload-matrix-v1/A04-pbuf/build/tcp_out.o,
by_pc,2147515714,10,20,40,50,10,10,0,0,0,tcp_output,/Users/swchen.tw/git/percepio/poc/runs/tcp-workload-matrix-v1/A04-pbuf/build/tcp_out.o,
by_pc,2147515716,10,10,20,30,10,0,0,0,0,tcp_output,/Users/swchen.tw/git/percepio/poc/runs/tcp-workload-matrix-v1/A04-pbuf/build/tcp_out.o,
by_pc,2147515718,10,10,20,30,10,0,0,0,0,tcp_output,/Users/swchen.tw/git/percepio/poc/runs/tcp-workload-matrix-v1/A04-pbuf/build/tcp_out.o,
by_pc,2147515722,10,10,20,30,10,0,0,0,0,tcp_output,/Users/swchen.tw/git/percepio/poc/runs/tcp-workload-matrix-v1/A04-pbuf/build/tcp_out.o,
by_pc,2147515724,10,10,20,30,10,0,0,0,0,tcp_output,/Users/swchen.tw/git/percepio/poc/runs/tcp-workload-matrix-v1/A04-pbuf/build/tcp_out.o,
by_pc,2147515726,10,10,20,30,10,0,0,0,0,tcp_output,/Users/swchen.tw/git/percepio/poc/runs/tcp-workload-matrix-v1/A04-pbuf/build/tcp_out.o,
by_pc,2147515730,10,210,420,430,10,10,80,0,110,tcp_output,/Users/swchen.tw/git/percepio/poc/runs/tcp-workload-matrix-v1/A04-pbuf/build/tcp_out.o,
by_pc,2147515732,10,20,40,50,10,10,0,0,0,tcp_output,/Users/swchen.tw/git/percepio/poc/runs/tcp-workload-matrix-v1/A04-pbuf/build/tcp_out.o,
by_pc,2147515734,10,20,40,50,10,10,0,0,0,tcp_output,/Users/swchen.tw/git/percepio/poc/runs/tcp-workload-matrix-v1/A04-pbuf/build/tcp_out.o,
by_pc,2147515738,10,20,40,50,10,10,0,0,0,tcp_output,/Users/swchen.tw/git/percepio/poc/runs/tcp-workload-matrix-v1/A04-pbuf/build/tcp_out.o,
by_pc,2147515742,10,20,40,50,10,10,0,0,0,tcp_output,/Users/swchen.tw/git/percepio/poc/runs/tcp-workload-matrix-v1/A04-pbuf/build/tcp_out.o,
by_pc,2147515746,10,10,20,30,10,0,0,0,0,tcp_output,/Users/swchen.tw/git/percepio/poc/runs/tcp-workload-matrix-v1/A04-pbuf/build/tcp_out.o,
by_pc,2147515748,10,10,20,30,10,0,0,0,0,tcp_output,/Users/swchen.tw/git/percepio/poc/runs/tcp-workload-matrix-v1/A04-pbuf/build/tcp_out.o,
by_pc,2147515750,10,10,20,30,10,0,0,0,0,tcp_output,/Users/swchen.tw/git/percepio/poc/runs/tcp-workload-matrix-v1/A04-pbuf/build/tcp_out.o,
by_pc,2147515754,10,10,20,30,10,0,0,0,0,tcp_output,/Users/swchen.tw/git/percepio/poc/runs/tcp-workload-matrix-v1/A04-pbuf/build/tcp_out.o,
by_pc,2147515756,10,10,20,30,10,0,0,0,0,tcp_output,/Users/swchen.tw/git/percepio/poc/runs/tcp-workload-matrix-v1/A04-pbuf/build/tcp_out.o,
by_pc,2147515760,10,10,20,30,10,0,0,0,0,tcp_output,/Users/swchen.tw/git/percepio/poc/runs/tcp-workload-matrix-v1/A04-pbuf/build/tcp_out.o,
by_pc,2147515764,10,210,420,430,10,10,80,0,110,tcp_output,/Users/swchen.tw/git/percepio/poc/runs/tcp-workload-matrix-v1/A04-pbuf/build/tcp_out.o,
by_pc,2147515768,10,20,40,50,10,10,0,0,0,tcp_output,/Users/swchen.tw/git/percepio/poc/runs/tcp-workload-matrix-v1/A04-pbuf/build/tcp_out.o,
by_pc,2147515770,10,10,20,30,10,0,0,0,0,tcp_output,/Users/swchen.tw/git/percepio/poc/runs/tcp-workload-matrix-v1/A04-pbuf/build/tcp_out.o,
by_pc,2147515772,10,210,420,430,10,10,80,0,110,tcp_output,/Users/swchen.tw/git/percepio/poc/runs/tcp-workload-matrix-v1/A04-pbuf/build/tcp_out.o,
by_pc,2147515774,10,10,20,30,10,0,0,0,0,tcp_output,/Users/swchen.tw/git/percepio/poc/runs/tcp-workload-matrix-v1/A04-pbuf/build/tcp_out.o,
by_pc,2147515776,10,108,216,226,10,0,80,18,0,tcp_output,/Users/swchen.tw/git/percepio/poc/runs/tcp-workload-matrix-v1/A04-pbuf/build/tcp_out.o,
by_pc,2147515880,10,20,40,50,10,10,0,0,0,tcp_output,/Users/swchen.tw/git/percepio/poc/runs/tcp-workload-matrix-v1/A04-pbuf/build/tcp_out.o,
by_pc,2147515882,10,10,20,30,10,0,0,0,0,tcp_output,/Users/swchen.tw/git/percepio/poc/runs/tcp-workload-matrix-v1/A04-pbuf/build/tcp_out.o,
by_pc,2147515386,23,46,92,115,23,23,0,0,0,tcp_output,/Users/swchen.tw/git/percepio/poc/runs/tcp-workload-matrix-v1/A04-pbuf/build/tcp_out.o,
by_pc,2147515390,23,23,46,69,23,0,0,0,0,tcp_output,/Users/swchen.tw/git/percepio/poc/runs/tcp-workload-matrix-v1/A04-pbuf/build/tcp_out.o,
by_pc,2147515392,23,31,62,85,23,0,8,0,0,tcp_output,/Users/swchen.tw/git/percepio/poc/runs/tcp-workload-matrix-v1/A04-pbuf/build/tcp_out.o,
by_pc,2147515396,23,483,966,989,23,23,184,0,253,tcp_output,/Users/swchen.tw/git/percepio/poc/runs/tcp-workload-matrix-v1/A04-pbuf/build/tcp_out.o,
by_pc,2147515400,23,46,92,115,23,23,0,0,0,tcp_output,/Users/swchen.tw/git/percepio/poc/runs/tcp-workload-matrix-v1/A04-pbuf/build/tcp_out.o,
by_pc,2147515402,23,46,92,115,23,23,0,0,0,tcp_output,/Users/swchen.tw/git/percepio/poc/runs/tcp-workload-matrix-v1/A04-pbuf/build/tcp_out.o,
by_pc,2147515404,23,46,92,115,23,23,0,0,0,tcp_output,/Users/swchen.tw/git/percepio/poc/runs/tcp-workload-matrix-v1/A04-pbuf/build/tcp_out.o,
by_pc,2147515406,23,46,92,115,23,23,0,0,0,tcp_output,/Users/swchen.tw/git/percepio/poc/runs/tcp-workload-matrix-v1/A04-pbuf/build/tcp_out.o,
by_pc,2147515408,23,46,92,115,23,23,0,0,0,tcp_output,/Users/swchen.tw/git/percepio/poc/runs/tcp-workload-matrix-v1/A04-pbuf/build/tcp_out.o,
by_pc,2147515410,23,46,92,115,23,23,0,0,0,tcp_output,/Users/swchen.tw/git/percepio/poc/runs/tcp-workload-matrix-v1/A04-pbuf/build/tcp_out.o,
by_pc,2147515412,23,46,92,115,23,23,0,0,0,tcp_output,/Users/swchen.tw/git/percepio/poc/runs/tcp-workload-matrix-v1/A04-pbuf/build/tcp_out.o,
by_pc,2147515414,23,46,92,115,23,23,0,0,0,tcp_output,/Users/swchen.tw/git/percepio/poc/runs/tcp-workload-matrix-v1/A04-pbuf/build/tcp_out.o,
by_pc,2147515416,23,46,92,115,23,23,0,0,0,tcp_output,/Users/swchen.tw/git/percepio/poc/runs/tcp-workload-matrix-v1/A04-pbuf/build/tcp_out.o,
by_pc,2147515418,23,46,92,115,23,23,0,0,0,tcp_output,/Users/swchen.tw/git/percepio/poc/runs/tcp-workload-matrix-v1/A04-pbuf/build/tcp_out.o,
by_pc,2147515420,23,46,92,115,23,23,0,0,0,tcp_output,/Users/swchen.tw/git/percepio/poc/runs/tcp-workload-matrix-v1/A04-pbuf/build/tcp_out.o,
by_pc,2147515422,23,46,92,115,23,23,0,0,0,tcp_output,/Users/swchen.tw/git/percepio/poc/runs/tcp-workload-matrix-v1/A04-pbuf/build/tcp_out.o,
by_pc,2147515424,23,23,46,69,23,0,0,0,0,tcp_output,/Users/swchen.tw/git/percepio/poc/runs/tcp-workload-matrix-v1/A04-pbuf/build/tcp_out.o,
by_pc,2147515426,23,23,46,69,23,0,0,0,0,tcp_output,/Users/swchen.tw/git/percepio/poc/runs/tcp-workload-matrix-v1/A04-pbuf/build/tcp_out.o,
by_pc,2147510592,1,1,2,3,1,0,0,0,0,tcp_input,/Users/swchen.tw/git/percepio/poc/runs/tcp-workload-matrix-v1/A04-pbuf/build/tcp_in.o,
by_pc,2147510534,1,2,4,5,1,1,0,0,0,tcp_input,/Users/swchen.tw/git/percepio/poc/runs/tcp-workload-matrix-v1/A04-pbuf/build/tcp_in.o,
by_pc,2147510536,1,2,4,5,1,1,0,0,0,tcp_input,/Users/swchen.tw/git/percepio/poc/runs/tcp-workload-matrix-v1/A04-pbuf/build/tcp_in.o,
by_pc,2147510538,1,2,4,5,1,1,0,0,0,tcp_input,/Users/swchen.tw/git/percepio/poc/runs/tcp-workload-matrix-v1/A04-pbuf/build/tcp_in.o,
by_pc,2147510540,1,2,4,5,1,1,0,0,0,tcp_input,/Users/swchen.tw/git/percepio/poc/runs/tcp-workload-matrix-v1/A04-pbuf/build/tcp_in.o,
by_pc,2147510542,1,2,4,5,1,1,0,0,0,tcp_input,/Users/swchen.tw/git/percepio/poc/runs/tcp-workload-matrix-v1/A04-pbuf/build/tcp_in.o,
by_pc,2147510544,1,2,4,5,1,1,0,0,0,tcp_input,/Users/swchen.tw/git/percepio/poc/runs/tcp-workload-matrix-v1/A04-pbuf/build/tcp_in.o,
by_pc,2147510546,1,2,4,5,1,1,0,0,0,tcp_input,/Users/swchen.tw/git/percepio/poc/runs/tcp-workload-matrix-v1/A04-pbuf/build/tcp_in.o,
by_pc,2147510548,1,2,4,5,1,1,0,0,0,tcp_input,/Users/swchen.tw/git/percepio/poc/runs/tcp-workload-matrix-v1/A04-pbuf/build/tcp_in.o,
by_pc,2147510550,1,1,2,3,1,0,0,0,0,tcp_input,/Users/swchen.tw/git/percepio/poc/runs/tcp-workload-matrix-v1/A04-pbuf/build/tcp_in.o,
by_pc,2147510552,1,2,4,5,1,1,0,0,0,tcp_input,/Users/swchen.tw/git/percepio/poc/runs/tcp-workload-matrix-v1/A04-pbuf/build/tcp_in.o,
by_pc,2147510554,1,1,2,3,1,0,0,0,0,tcp_input,/Users/swchen.tw/git/percepio/poc/runs/tcp-workload-matrix-v1/A04-pbuf/build/tcp_in.o,
by_pc,2147510556,1,1,2,3,1,0,0,0,0,tcp_input,/Users/swchen.tw/git/percepio/poc/runs/tcp-workload-matrix-v1/A04-pbuf/build/tcp_in.o,
by_pc,2147501754,36,78,156,192,36,0,24,18,0,pbuf_free,/Users/swchen.tw/git/percepio/poc/runs/tcp-workload-matrix-v1/A04-pbuf/build/pbuf.o,
by_pc,2147501756,36,756,1512,1548,36,36,288,0,396,pbuf_free,/Users/swchen.tw/git/percepio/poc/runs/tcp-workload-matrix-v1/A04-pbuf/build/pbuf.o,
by_pc,2147501758,36,756,1512,1548,36,36,288,0,396,pbuf_free,/Users/swchen.tw/git/percepio/poc/runs/tcp-workload-matrix-v1/A04-pbuf/build/pbuf.o,
by_pc,2147501760,36,816,1632,1668,36,36,312,36,396,pbuf_free,/Users/swchen.tw/git/percepio/poc/runs/tcp-workload-matrix-v1/A04-pbuf/build/pbuf.o,
by_pc,2147501762,36,756,1512,1548,36,36,288,0,396,pbuf_free,/Users/swchen.tw/git/percepio/poc/runs/tcp-workload-matrix-v1/A04-pbuf/build/pbuf.o,
by_pc,2147501764,36,756,1512,1548,36,36,288,0,396,pbuf_free,/Users/swchen.tw/git/percepio/poc/runs/tcp-workload-matrix-v1/A04-pbuf/build/pbuf.o,
by_pc,2147501766,36,36,72,108,36,0,0,0,0,pbuf_free,/Users/swchen.tw/git/percepio/poc/runs/tcp-workload-matrix-v1/A04-pbuf/build/pbuf.o,
by_pc,2147501768,36,36,72,108,36,0,0,0,0,pbuf_free,/Users/swchen.tw/git/percepio/poc/runs/tcp-workload-matrix-v1/A04-pbuf/build/pbuf.o,
by_pc,2147501770,36,36,72,108,36,0,0,0,0,pbuf_free,/Users/swchen.tw/git/percepio/poc/runs/tcp-workload-matrix-v1/A04-pbuf/build/pbuf.o,
by_pc,2147501772,36,36,72,108,36,0,0,0,0,pbuf_free,/Users/swchen.tw/git/percepio/poc/runs/tcp-workload-matrix-v1/A04-pbuf/build/pbuf.o,
by_pc,2147501774,36,36,72,108,36,0,0,0,0,pbuf_free,/Users/swchen.tw/git/percepio/poc/runs/tcp-workload-matrix-v1/A04-pbuf/build/pbuf.o,
by_pc,2147501776,36,36,72,108,36,0,0,0,0,pbuf_free,/Users/swchen.tw/git/percepio/poc/runs/tcp-workload-matrix-v1/A04-pbuf/build/pbuf.o,
by_pc,2147501778,44,88,176,220,44,44,0,0,0,pbuf_free,/Users/swchen.tw/git/percepio/poc/runs/tcp-workload-matrix-v1/A04-pbuf/build/pbuf.o,
by_pc,2147501782,44,44,88,132,44,0,0,0,0,pbuf_free,/Users/swchen.tw/git/percepio/poc/runs/tcp-workload-matrix-v1/A04-pbuf/build/pbuf.o,
by_pc,2147501784,44,44,88,132,44,0,0,0,0,pbuf_free,/Users/swchen.tw/git/percepio/poc/runs/tcp-workload-matrix-v1/A04-pbuf/build/pbuf.o,
by_pc,2147501788,44,924,1848,1892,44,44,352,0,484,pbuf_free,/Users/swchen.tw/git/percepio/poc/runs/tcp-workload-matrix-v1/A04-pbuf/build/pbuf.o,
by_pc,2147501792,44,44,88,132,44,0,0,0,0,pbuf_free,/Users/swchen.tw/git/percepio/poc/runs/tcp-workload-matrix-v1/A04-pbuf/build/pbuf.o,
by_pc,2147501794,33,66,132,165,33,33,0,0,0,pbuf_free,/Users/swchen.tw/git/percepio/poc/runs/tcp-workload-matrix-v1/A04-pbuf/build/pbuf.o,
by_pc,2147501798,33,66,132,165,33,33,0,0,0,pbuf_free,/Users/swchen.tw/git/percepio/poc/runs/tcp-workload-matrix-v1/A04-pbuf/build/pbuf.o,
by_pc,2147501800,33,33,66,99,33,0,0,0,0,pbuf_free,/Users/swchen.tw/git/percepio/poc/runs/tcp-workload-matrix-v1/A04-pbuf/build/pbuf.o,
by_pc,2147501802,33,33,66,99,33,0,0,0,0,pbuf_free,/Users/swchen.tw/git/percepio/poc/runs/tcp-workload-matrix-v1/A04-pbuf/build/pbuf.o,
by_pc,2147501804,33,33,66,99,33,0,0,0,0,pbuf_free,/Users/swchen.tw/git/percepio/poc/runs/tcp-workload-matrix-v1/A04-pbuf/build/pbuf.o,
by_pc,2147501808,33,33,66,99,33,0,0,0,0,pbuf_free,/Users/swchen.tw/git/percepio/poc/runs/tcp-workload-matrix-v1/A04-pbuf/build/pbuf.o,
by_pc,2147501846,25,41,82,107,25,0,16,0,0,pbuf_free,/Users/swchen.tw/git/percepio/poc/runs/tcp-workload-matrix-v1/A04-pbuf/build/pbuf.o,
by_pc,2147501848,25,25,50,75,25,0,0,0,0,pbuf_free,/Users/swchen.tw/git/percepio/poc/runs/tcp-workload-matrix-v1/A04-pbuf/build/pbuf.o,
by_pc,2147501850,25,25,50,75,25,0,0,0,0,pbuf_free,/Users/swchen.tw/git/percepio/poc/runs/tcp-workload-matrix-v1/A04-pbuf/build/pbuf.o,
by_pc,2147500040,25,75,150,175,25,0,32,18,0,mem_free,/Users/swchen.tw/git/percepio/poc/runs/tcp-workload-matrix-v1/A04-pbuf/build/mem.o,
by_pc,2147500042,25,50,100,125,25,25,0,0,0,mem_free,/Users/swchen.tw/git/percepio/poc/runs/tcp-workload-matrix-v1/A04-pbuf/build/mem.o,
by_pc,2147500046,25,25,50,75,25,0,0,0,0,mem_free,/Users/swchen.tw/git/percepio/poc/runs/tcp-workload-matrix-v1/A04-pbuf/build/mem.o,
by_pc,2147500050,25,25,50,75,25,0,0,0,0,mem_free,/Users/swchen.tw/git/percepio/poc/runs/tcp-workload-matrix-v1/A04-pbuf/build/mem.o,
by_pc,2147500054,25,50,100,125,25,25,0,0,0,mem_free,/Users/swchen.tw/git/percepio/poc/runs/tcp-workload-matrix-v1/A04-pbuf/build/mem.o,
by_pc,2147500058,25,25,50,75,25,0,0,0,0,mem_free,/Users/swchen.tw/git/percepio/poc/runs/tcp-workload-matrix-v1/A04-pbuf/build/mem.o,
by_pc,2147500062,25,25,50,75,25,0,0,0,0,mem_free,/Users/swchen.tw/git/percepio/poc/runs/tcp-workload-matrix-v1/A04-pbuf/build/mem.o,
by_pc,2147500086,25,50,100,125,25,25,0,0,0,mem_free,/Users/swchen.tw/git/percepio/poc/runs/tcp-workload-matrix-v1/A04-pbuf/build/mem.o,
by_pc,2147500090,25,25,50,75,25,0,0,0,0,mem_free,/Users/swchen.tw/git/percepio/poc/runs/tcp-workload-matrix-v1/A04-pbuf/build/mem.o,
by_pc,2147500092,25,50,100,125,25,25,0,0,0,mem_free,/Users/swchen.tw/git/percepio/poc/runs/tcp-workload-matrix-v1/A04-pbuf/build/mem.o,
by_pc,2147500096,25,85,170,195,25,0,24,36,0,mem_free,/Users/swchen.tw/git/percepio/poc/runs/tcp-workload-matrix-v1/A04-pbuf/build/mem.o,
by_pc,2147500098,25,25,50,75,25,0,0,0,0,mem_free,/Users/swchen.tw/git/percepio/poc/runs/tcp-workload-matrix-v1/A04-pbuf/build/mem.o,
by_pc,2147500100,25,50,100,125,25,25,0,0,0,mem_free,/Users/swchen.tw/git/percepio/poc/runs/tcp-workload-matrix-v1/A04-pbuf/build/mem.o,
by_pc,2147500104,25,25,50,75,25,0,0,0,0,mem_free,/Users/swchen.tw/git/percepio/poc/runs/tcp-workload-matrix-v1/A04-pbuf/build/mem.o,
by_pc,2147500108,25,25,50,75,25,0,0,0,0,mem_free,/Users/swchen.tw/git/percepio/poc/runs/tcp-workload-matrix-v1/A04-pbuf/build/mem.o,
by_pc,2147500112,25,25,50,75,25,0,0,0,0,mem_free,/Users/swchen.tw/git/percepio/poc/runs/tcp-workload-matrix-v1/A04-pbuf/build/mem.o,
by_pc,2147500116,25,25,50,75,25,0,0,0,0,mem_free,/Users/swchen.tw/git/percepio/poc/runs/tcp-workload-matrix-v1/A04-pbuf/build/mem.o,
by_pc,2147500118,25,25,50,75,25,0,0,0,0,mem_free,/Users/swchen.tw/git/percepio/poc/runs/tcp-workload-matrix-v1/A04-pbuf/build/mem.o,
by_pc,2147500120,25,25,50,75,25,0,0,0,0,mem_free,/Users/swchen.tw/git/percepio/poc/runs/tcp-workload-matrix-v1/A04-pbuf/build/mem.o,
by_pc,2147500124,25,25,50,75,25,0,0,0,0,mem_free,/Users/swchen.tw/git/percepio/poc/runs/tcp-workload-matrix-v1/A04-pbuf/build/mem.o,
by_pc,2147500128,25,25,50,75,25,0,0,0,0,mem_free,/Users/swchen.tw/git/percepio/poc/runs/tcp-workload-matrix-v1/A04-pbuf/build/mem.o,
by_pc,2147500286,25,233,466,491,50,25,104,54,0,mem_free,/Users/swchen.tw/git/percepio/poc/runs/tcp-workload-matrix-v1/A04-pbuf/build/mem.o,
by_pc,2147500290,25,25,50,75,25,0,0,0,0,mem_free,/Users/swchen.tw/git/percepio/poc/runs/tcp-workload-matrix-v1/A04-pbuf/build/mem.o,
by_pc,2147500294,25,25,50,75,25,0,0,0,0,mem_free,/Users/swchen.tw/git/percepio/poc/runs/tcp-workload-matrix-v1/A04-pbuf/build/mem.o,
by_pc,2147500132,25,25,50,75,25,0,0,0,0,mem_free,/Users/swchen.tw/git/percepio/poc/runs/tcp-workload-matrix-v1/A04-pbuf/build/mem.o,
by_pc,2147500136,25,50,100,125,25,25,0,0,0,mem_free,/Users/swchen.tw/git/percepio/poc/runs/tcp-workload-matrix-v1/A04-pbuf/build/mem.o,
by_pc,2147500138,25,525,1050,1075,25,25,200,0,275,mem_free,/Users/swchen.tw/git/percepio/poc/runs/tcp-workload-matrix-v1/A04-pbuf/build/mem.o,
by_pc,2147500142,25,25,50,75,25,0,0,0,0,mem_free,/Users/swchen.tw/git/percepio/poc/runs/tcp-workload-matrix-v1/A04-pbuf/build/mem.o,
by_pc,2147500146,15,315,630,645,15,15,120,0,165,mem_free,/Users/swchen.tw/git/percepio/poc/runs/tcp-workload-matrix-v1/A04-pbuf/build/mem.o,
by_pc,2147500148,25,25,50,75,25,0,0,0,0,mem_free,/Users/swchen.tw/git/percepio/poc/runs/tcp-workload-matrix-v1/A04-pbuf/build/mem.o,
by_pc,2147500152,25,50,100,125,25,25,0,0,0,mem_free,/Users/swchen.tw/git/percepio/poc/runs/tcp-workload-matrix-v1/A04-pbuf/build/mem.o,
by_pc,2147500156,25,25,50,75,25,0,0,0,0,mem_free,/Users/swchen.tw/git/percepio/poc/runs/tcp-workload-matrix-v1/A04-pbuf/build/mem.o,
by_pc,2147500160,25,123,246,271,25,0,80,18,0,mem_free,/Users/swchen.tw/git/percepio/poc/runs/tcp-workload-matrix-v1/A04-pbuf/build/mem.o,
by_pc,2147500162,25,25,50,75,25,0,0,0,0,mem_free,/Users/swchen.tw/git/percepio/poc/runs/tcp-workload-matrix-v1/A04-pbuf/build/mem.o,
by_pc,2147500166,25,525,1050,1075,25,25,200,0,275,mem_free,/Users/swchen.tw/git/percepio/poc/runs/tcp-workload-matrix-v1/A04-pbuf/build/mem.o,
by_pc,2147500170,25,50,100,125,25,25,0,0,0,mem_free,/Users/swchen.tw/git/percepio/poc/runs/tcp-workload-matrix-v1/A04-pbuf/build/mem.o,
by_pc,2147500174,25,25,50,75,25,0,0,0,0,mem_free,/Users/swchen.tw/git/percepio/poc/runs/tcp-workload-matrix-v1/A04-pbuf/build/mem.o,
by_pc,2147500176,25,25,50,75,25,0,0,0,0,mem_free,/Users/swchen.tw/git/percepio/poc/runs/tcp-workload-matrix-v1/A04-pbuf/build/mem.o,
by_pc,2147500180,25,50,100,125,25,25,0,0,0,mem_free,/Users/swchen.tw/git/percepio/poc/runs/tcp-workload-matrix-v1/A04-pbuf/build/mem.o,
by_pc,2147500184,25,25,50,75,25,0,0,0,0,mem_free,/Users/swchen.tw/git/percepio/poc/runs/tcp-workload-matrix-v1/A04-pbuf/build/mem.o,
by_pc,2147500222,25,75,150,175,50,25,0,0,0,mem_free,/Users/swchen.tw/git/percepio/poc/runs/tcp-workload-matrix-v1/A04-pbuf/build/mem.o,
by_pc,2147500226,25,25,50,75,25,0,0,0,0,mem_free,/Users/swchen.tw/git/percepio/poc/runs/tcp-workload-matrix-v1/A04-pbuf/build/mem.o,
by_pc,2147500230,25,25,50,75,25,0,0,0,0,mem_free,/Users/swchen.tw/git/percepio/poc/runs/tcp-workload-matrix-v1/A04-pbuf/build/mem.o,
by_pc,2147500272,25,25,50,75,25,0,0,0,0,mem_free,/Users/swchen.tw/git/percepio/poc/runs/tcp-workload-matrix-v1/A04-pbuf/build/mem.o,
by_pc,2147501854,25,25,50,75,25,0,0,0,0,pbuf_free,/Users/swchen.tw/git/percepio/poc/runs/tcp-workload-matrix-v1/A04-pbuf/build/pbuf.o,
by_pc,2147501818,33,33,66,99,33,0,0,0,0,pbuf_free,/Users/swchen.tw/git/percepio/poc/runs/tcp-workload-matrix-v1/A04-pbuf/build/pbuf.o,
by_pc,2147501820,33,33,66,99,33,0,0,0,0,pbuf_free,/Users/swchen.tw/git/percepio/poc/runs/tcp-workload-matrix-v1/A04-pbuf/build/pbuf.o,
by_pc,2147501824,33,33,66,99,33,0,0,0,0,pbuf_free,/Users/swchen.tw/git/percepio/poc/runs/tcp-workload-matrix-v1/A04-pbuf/build/pbuf.o,
by_pc,2147501826,36,80,160,196,36,36,8,0,0,pbuf_free,/Users/swchen.tw/git/percepio/poc/runs/tcp-workload-matrix-v1/A04-pbuf/build/pbuf.o,
by_pc,2147501828,36,36,72,108,36,0,0,0,0,pbuf_free,/Users/swchen.tw/git/percepio/poc/runs/tcp-workload-matrix-v1/A04-pbuf/build/pbuf.o,
by_pc,2147501830,36,72,144,180,36,36,0,0,0,pbuf_free,/Users/swchen.tw/git/percepio/poc/runs/tcp-workload-matrix-v1/A04-pbuf/build/pbuf.o,
by_pc,2147501832,36,72,144,180,36,36,0,0,0,pbuf_free,/Users/swchen.tw/git/percepio/poc/runs/tcp-workload-matrix-v1/A04-pbuf/build/pbuf.o,
by_pc,2147501834,36,72,144,180,36,36,0,0,0,pbuf_free,/Users/swchen.tw/git/percepio/poc/runs/tcp-workload-matrix-v1/A04-pbuf/build/pbuf.o,
by_pc,2147501836,36,72,144,180,36,36,0,0,0,pbuf_free,/Users/swchen.tw/git/percepio/poc/runs/tcp-workload-matrix-v1/A04-pbuf/build/pbuf.o,
by_pc,2147501838,36,36,72,108,36,0,0,0,0,pbuf_free,/Users/swchen.tw/git/percepio/poc/runs/tcp-workload-matrix-v1/A04-pbuf/build/pbuf.o,
by_pc,2147501840,36,36,72,108,36,0,0,0,0,pbuf_free,/Users/swchen.tw/git/percepio/poc/runs/tcp-workload-matrix-v1/A04-pbuf/build/pbuf.o,
by_pc,2147518410,14,56,112,126,14,0,24,18,0,ip4_input,/Users/swchen.tw/git/percepio/poc/runs/tcp-workload-matrix-v1/A04-pbuf/build/ip4.o,
by_pc,2147518414,14,294,588,602,14,14,112,0,154,ip4_input,/Users/swchen.tw/git/percepio/poc/runs/tcp-workload-matrix-v1/A04-pbuf/build/ip4.o,
by_pc,2147518418,14,14,28,42,14,0,0,0,0,ip4_input,/Users/swchen.tw/git/percepio/poc/runs/tcp-workload-matrix-v1/A04-pbuf/build/ip4.o,
by_pc,2147518422,14,294,588,602,14,14,112,0,154,ip4_input,/Users/swchen.tw/git/percepio/poc/runs/tcp-workload-matrix-v1/A04-pbuf/build/ip4.o,
by_pc,2147518426,14,14,28,42,14,0,0,0,0,ip4_input,/Users/swchen.tw/git/percepio/poc/runs/tcp-workload-matrix-v1/A04-pbuf/build/ip4.o,
by_pc,2147518430,14,294,588,602,14,14,112,0,154,ip4_input,/Users/swchen.tw/git/percepio/poc/runs/tcp-workload-matrix-v1/A04-pbuf/build/ip4.o,
by_pc,2147518434,14,14,28,42,14,0,0,0,0,ip4_input,/Users/swchen.tw/git/percepio/poc/runs/tcp-workload-matrix-v1/A04-pbuf/build/ip4.o,
by_pc,2147518438,14,294,588,602,14,14,112,0,154,ip4_input,/Users/swchen.tw/git/percepio/poc/runs/tcp-workload-matrix-v1/A04-pbuf/build/ip4.o,
by_pc,2147518442,14,14,28,42,14,0,0,0,0,ip4_input,/Users/swchen.tw/git/percepio/poc/runs/tcp-workload-matrix-v1/A04-pbuf/build/ip4.o,
by_pc,2147518446,14,294,588,602,14,14,112,0,154,ip4_input,/Users/swchen.tw/git/percepio/poc/runs/tcp-workload-matrix-v1/A04-pbuf/build/ip4.o,
by_pc,2147518450,14,14,28,42,14,0,0,0,0,ip4_input,/Users/swchen.tw/git/percepio/poc/runs/tcp-workload-matrix-v1/A04-pbuf/build/ip4.o,
by_pc,2147518454,14,294,588,602,14,14,112,0,154,ip4_input,/Users/swchen.tw/git/percepio/poc/runs/tcp-workload-matrix-v1/A04-pbuf/build/ip4.o,
by_pc,2147518458,14,14,28,42,14,0,0,0,0,ip4_input,/Users/swchen.tw/git/percepio/poc/runs/tcp-workload-matrix-v1/A04-pbuf/build/ip4.o,
by_pc,2147517944,14,44,88,102,14,14,16,0,0,ip4_input,/Users/swchen.tw/git/percepio/poc/runs/tcp-workload-matrix-v1/A04-pbuf/build/ip4.o,
by_pc,2147517946,14,28,56,70,14,14,0,0,0,ip4_input,/Users/swchen.tw/git/percepio/poc/runs/tcp-workload-matrix-v1/A04-pbuf/build/ip4.o,
by_pc,2147517948,14,28,56,70,14,14,0,0,0,ip4_input,/Users/swchen.tw/git/percepio/poc/runs/tcp-workload-matrix-v1/A04-pbuf/build/ip4.o,
by_pc,2147517950,14,28,56,70,14,14,0,0,0,ip4_input,/Users/swchen.tw/git/percepio/poc/runs/tcp-workload-matrix-v1/A04-pbuf/build/ip4.o,
by_pc,2147517952,14,36,72,86,14,14,8,0,0,ip4_input,/Users/swchen.tw/git/percepio/poc/runs/tcp-workload-matrix-v1/A04-pbuf/build/ip4.o,
by_pc,2147517954,14,28,56,70,14,14,0,0,0,ip4_input,/Users/swchen.tw/git/percepio/poc/runs/tcp-workload-matrix-v1/A04-pbuf/build/ip4.o,
by_pc,2147517956,14,28,56,70,14,14,0,0,0,ip4_input,/Users/swchen.tw/git/percepio/poc/runs/tcp-workload-matrix-v1/A04-pbuf/build/ip4.o,
by_pc,2147517958,14,28,56,70,14,14,0,0,0,ip4_input,/Users/swchen.tw/git/percepio/poc/runs/tcp-workload-matrix-v1/A04-pbuf/build/ip4.o,
by_pc,2147517960,14,14,28,42,14,0,0,0,0,ip4_input,/Users/swchen.tw/git/percepio/poc/runs/tcp-workload-matrix-v1/A04-pbuf/build/ip4.o,
by_pc,2147517962,14,14,28,42,14,0,0,0,0,ip4_input,/Users/swchen.tw/git/percepio/poc/runs/tcp-workload-matrix-v1/A04-pbuf/build/ip4.o,
by_pc,2147517964,14,14,28,42,14,0,0,0,0,ip4_input,/Users/swchen.tw/git/percepio/poc/runs/tcp-workload-matrix-v1/A04-pbuf/build/ip4.o,
by_pc,2147496818,14,14,28,42,14,0,0,0,0,inject,/Users/swchen.tw/git/percepio/poc/runs/tcp-workload-matrix-v1/A04-pbuf/build/tcp_request_response_irq.o,
by_pc,2147496836,14,122,244,258,14,0,72,36,0,inject,/Users/swchen.tw/git/percepio/poc/runs/tcp-workload-matrix-v1/A04-pbuf/build/tcp_request_response_irq.o,
by_pc,2147496838,14,28,56,70,14,14,0,0,0,inject,/Users/swchen.tw/git/percepio/poc/runs/tcp-workload-matrix-v1/A04-pbuf/build/tcp_request_response_irq.o,
by_pc,2147496840,14,28,56,70,14,14,0,0,0,inject,/Users/swchen.tw/git/percepio/poc/runs/tcp-workload-matrix-v1/A04-pbuf/build/tcp_request_response_irq.o,
by_pc,2147496842,14,28,56,70,14,14,0,0,0,inject,/Users/swchen.tw/git/percepio/poc/runs/tcp-workload-matrix-v1/A04-pbuf/build/tcp_request_response_irq.o,
by_pc,2147496844,14,28,56,70,14,14,0,0,0,inject,/Users/swchen.tw/git/percepio/poc/runs/tcp-workload-matrix-v1/A04-pbuf/build/tcp_request_response_irq.o,
by_pc,2147496846,14,28,56,70,14,14,0,0,0,inject,/Users/swchen.tw/git/percepio/poc/runs/tcp-workload-matrix-v1/A04-pbuf/build/tcp_request_response_irq.o,
by_pc,2147496848,14,28,56,70,14,14,0,0,0,inject,/Users/swchen.tw/git/percepio/poc/runs/tcp-workload-matrix-v1/A04-pbuf/build/tcp_request_response_irq.o,
by_pc,2147496850,14,28,56,70,14,14,0,0,0,inject,/Users/swchen.tw/git/percepio/poc/runs/tcp-workload-matrix-v1/A04-pbuf/build/tcp_request_response_irq.o,
by_pc,2147496852,14,28,56,70,14,14,0,0,0,inject,/Users/swchen.tw/git/percepio/poc/runs/tcp-workload-matrix-v1/A04-pbuf/build/tcp_request_response_irq.o,
by_pc,2147496854,14,28,56,70,14,14,0,0,0,inject,/Users/swchen.tw/git/percepio/poc/runs/tcp-workload-matrix-v1/A04-pbuf/build/tcp_request_response_irq.o,
by_pc,2147496856,14,28,56,70,14,14,0,0,0,inject,/Users/swchen.tw/git/percepio/poc/runs/tcp-workload-matrix-v1/A04-pbuf/build/tcp_request_response_irq.o,
by_pc,2147496858,14,28,56,70,14,14,0,0,0,inject,/Users/swchen.tw/git/percepio/poc/runs/tcp-workload-matrix-v1/A04-pbuf/build/tcp_request_response_irq.o,
by_pc,2147496860,14,14,28,42,14,0,0,0,0,inject,/Users/swchen.tw/git/percepio/poc/runs/tcp-workload-matrix-v1/A04-pbuf/build/tcp_request_response_irq.o,
by_pc,2147496862,14,28,56,70,14,14,0,0,0,inject,/Users/swchen.tw/git/percepio/poc/runs/tcp-workload-matrix-v1/A04-pbuf/build/tcp_request_response_irq.o,
by_pc,2147496864,14,14,28,42,14,0,0,0,0,inject,/Users/swchen.tw/git/percepio/poc/runs/tcp-workload-matrix-v1/A04-pbuf/build/tcp_request_response_irq.o,
by_pc,2147496866,14,14,28,42,14,0,0,0,0,inject,/Users/swchen.tw/git/percepio/poc/runs/tcp-workload-matrix-v1/A04-pbuf/build/tcp_request_response_irq.o,
by_pc,2147497254,1,9,18,19,1,0,8,0,0,session_task,/Users/swchen.tw/git/percepio/poc/runs/tcp-workload-matrix-v1/A04-pbuf/build/tcp_request_response_irq.o,
by_pc,2147497256,1,1,2,3,1,0,0,0,0,session_task,/Users/swchen.tw/git/percepio/poc/runs/tcp-workload-matrix-v1/A04-pbuf/build/tcp_request_response_irq.o,
by_pc,2147497258,1,1,2,3,1,0,0,0,0,session_task,/Users/swchen.tw/git/percepio/poc/runs/tcp-workload-matrix-v1/A04-pbuf/build/tcp_request_response_irq.o,
by_pc,2147497260,1,1,2,3,1,0,0,0,0,session_task,/Users/swchen.tw/git/percepio/poc/runs/tcp-workload-matrix-v1/A04-pbuf/build/tcp_request_response_irq.o,
by_pc,2147495252,11,83,166,177,11,0,72,0,0,consume,/Users/swchen.tw/git/percepio/poc/runs/tcp-workload-matrix-v1/A04-pbuf/build/tcp_request_response_irq.o,
by_pc,2147495254,11,231,462,473,11,11,88,0,121,consume,/Users/swchen.tw/git/percepio/poc/runs/tcp-workload-matrix-v1/A04-pbuf/build/tcp_request_response_irq.o,
by_pc,2147495256,11,231,462,473,11,11,88,0,121,consume,/Users/swchen.tw/git/percepio/poc/runs/tcp-workload-matrix-v1/A04-pbuf/build/tcp_request_response_irq.o,
by_pc,2147495258,11,231,462,473,11,11,88,0,121,consume,/Users/swchen.tw/git/percepio/poc/runs/tcp-workload-matrix-v1/A04-pbuf/build/tcp_request_response_irq.o,
by_pc,2147495260,11,231,462,473,11,11,88,0,121,consume,/Users/swchen.tw/git/percepio/poc/runs/tcp-workload-matrix-v1/A04-pbuf/build/tcp_request_response_irq.o,
by_pc,2147495262,11,231,462,473,11,11,88,0,121,consume,/Users/swchen.tw/git/percepio/poc/runs/tcp-workload-matrix-v1/A04-pbuf/build/tcp_request_response_irq.o,
by_pc,2147495264,11,231,462,473,11,11,88,0,121,consume,/Users/swchen.tw/git/percepio/poc/runs/tcp-workload-matrix-v1/A04-pbuf/build/tcp_request_response_irq.o,
by_pc,2147495266,11,11,22,33,11,0,0,0,0,consume,/Users/swchen.tw/git/percepio/poc/runs/tcp-workload-matrix-v1/A04-pbuf/build/tcp_request_response_irq.o,
by_pc,2147495270,11,22,44,55,11,11,0,0,0,consume,/Users/swchen.tw/git/percepio/poc/runs/tcp-workload-matrix-v1/A04-pbuf/build/tcp_request_response_irq.o,
by_pc,2147495272,11,11,22,33,11,0,0,0,0,consume,/Users/swchen.tw/git/percepio/poc/runs/tcp-workload-matrix-v1/A04-pbuf/build/tcp_request_response_irq.o,
by_pc,2147495274,11,11,22,33,11,0,0,0,0,consume,/Users/swchen.tw/git/percepio/poc/runs/tcp-workload-matrix-v1/A04-pbuf/build/tcp_request_response_irq.o,
by_pc,2147495276,11,11,22,33,11,0,0,0,0,consume,/Users/swchen.tw/git/percepio/poc/runs/tcp-workload-matrix-v1/A04-pbuf/build/tcp_request_response_irq.o,
by_pc,2147495278,11,11,22,33,11,0,0,0,0,consume,/Users/swchen.tw/git/percepio/poc/runs/tcp-workload-matrix-v1/A04-pbuf/build/tcp_request_response_irq.o,
by_pc,2147495296,11,120,240,251,11,11,80,18,0,consume,/Users/swchen.tw/git/percepio/poc/runs/tcp-workload-matrix-v1/A04-pbuf/build/tcp_request_response_irq.o,
by_pc,2147495298,11,11,22,33,11,0,0,0,0,consume,/Users/swchen.tw/git/percepio/poc/runs/tcp-workload-matrix-v1/A04-pbuf/build/tcp_request_response_irq.o,
by_pc,2147495300,11,11,22,33,11,0,0,0,0,consume,/Users/swchen.tw/git/percepio/poc/runs/tcp-workload-matrix-v1/A04-pbuf/build/tcp_request_response_irq.o,
by_pc,2147495304,11,22,44,55,11,11,0,0,0,consume,/Users/swchen.tw/git/percepio/poc/runs/tcp-workload-matrix-v1/A04-pbuf/build/tcp_request_response_irq.o,
by_pc,2147495306,11,11,22,33,11,0,0,0,0,consume,/Users/swchen.tw/git/percepio/poc/runs/tcp-workload-matrix-v1/A04-pbuf/build/tcp_request_response_irq.o,
by_pc,2147495310,11,11,22,33,11,0,0,0,0,consume,/Users/swchen.tw/git/percepio/poc/runs/tcp-workload-matrix-v1/A04-pbuf/build/tcp_request_response_irq.o,
by_pc,2147495314,11,231,462,473,11,11,88,0,121,consume,/Users/swchen.tw/git/percepio/poc/runs/tcp-workload-matrix-v1/A04-pbuf/build/tcp_request_response_irq.o,
by_pc,2147495318,11,22,44,55,11,11,0,0,0,consume,/Users/swchen.tw/git/percepio/poc/runs/tcp-workload-matrix-v1/A04-pbuf/build/tcp_request_response_irq.o,
by_pc,2147495322,11,11,22,33,11,0,0,0,0,consume,/Users/swchen.tw/git/percepio/poc/runs/tcp-workload-matrix-v1/A04-pbuf/build/tcp_request_response_irq.o,
by_pc,2147495326,11,11,22,33,11,0,0,0,0,consume,/Users/swchen.tw/git/percepio/poc/runs/tcp-workload-matrix-v1/A04-pbuf/build/tcp_request_response_irq.o,
by_pc,2147495330,11,11,22,33,11,0,0,0,0,consume,/Users/swchen.tw/git/percepio/poc/runs/tcp-workload-matrix-v1/A04-pbuf/build/tcp_request_response_irq.o,
by_pc,2147495332,11,11,22,33,11,0,0,0,0,consume,/Users/swchen.tw/git/percepio/poc/runs/tcp-workload-matrix-v1/A04-pbuf/build/tcp_request_response_irq.o,
by_pc,2147495336,11,11,22,33,11,0,0,0,0,consume,/Users/swchen.tw/git/percepio/poc/runs/tcp-workload-matrix-v1/A04-pbuf/build/tcp_request_response_irq.o,
by_pc,2147495338,11,11,22,33,11,0,0,0,0,consume,/Users/swchen.tw/git/percepio/poc/runs/tcp-workload-matrix-v1/A04-pbuf/build/tcp_request_response_irq.o,
by_pc,2147495340,11,22,44,55,11,11,0,0,0,consume,/Users/swchen.tw/git/percepio/poc/runs/tcp-workload-matrix-v1/A04-pbuf/build/tcp_request_response_irq.o,
by_pc,2147495344,11,11,22,33,11,0,0,0,0,consume,/Users/swchen.tw/git/percepio/poc/runs/tcp-workload-matrix-v1/A04-pbuf/build/tcp_request_response_irq.o,
by_pc,2147495348,11,11,22,33,11,0,0,0,0,consume,/Users/swchen.tw/git/percepio/poc/runs/tcp-workload-matrix-v1/A04-pbuf/build/tcp_request_response_irq.o,
by_pc,2147495352,11,11,22,33,11,0,0,0,0,consume,/Users/swchen.tw/git/percepio/poc/runs/tcp-workload-matrix-v1/A04-pbuf/build/tcp_request_response_irq.o,
by_pc,2147495354,11,22,44,55,11,11,0,0,0,consume,/Users/swchen.tw/git/percepio/poc/runs/tcp-workload-matrix-v1/A04-pbuf/build/tcp_request_response_irq.o,
by_pc,2147495358,11,128,256,267,22,0,88,18,0,consume,/Users/swchen.tw/git/percepio/poc/runs/tcp-workload-matrix-v1/A04-pbuf/build/tcp_request_response_irq.o,
by_pc,2147495362,11,11,22,33,11,0,0,0,0,consume,/Users/swchen.tw/git/percepio/poc/runs/tcp-workload-matrix-v1/A04-pbuf/build/tcp_request_response_irq.o,
by_pc,2147495366,11,11,22,33,11,0,0,0,0,consume,/Users/swchen.tw/git/percepio/poc/runs/tcp-workload-matrix-v1/A04-pbuf/build/tcp_request_response_irq.o,
by_pc,2147495368,11,11,22,33,11,0,0,0,0,consume,/Users/swchen.tw/git/percepio/poc/runs/tcp-workload-matrix-v1/A04-pbuf/build/tcp_request_response_irq.o,
by_pc,2147495370,11,11,22,33,11,0,0,0,0,consume,/Users/swchen.tw/git/percepio/poc/runs/tcp-workload-matrix-v1/A04-pbuf/build/tcp_request_response_irq.o,
by_pc,2147495372,11,11,22,33,11,0,0,0,0,consume,/Users/swchen.tw/git/percepio/poc/runs/tcp-workload-matrix-v1/A04-pbuf/build/tcp_request_response_irq.o,
by_pc,2147495374,11,11,22,33,11,0,0,0,0,consume,/Users/swchen.tw/git/percepio/poc/runs/tcp-workload-matrix-v1/A04-pbuf/build/tcp_request_response_irq.o,
by_pc,2147495376,11,11,22,33,11,0,0,0,0,consume,/Users/swchen.tw/git/percepio/poc/runs/tcp-workload-matrix-v1/A04-pbuf/build/tcp_request_response_irq.o,
by_pc,2147495396,11,22,44,55,11,11,0,0,0,consume,/Users/swchen.tw/git/percepio/poc/runs/tcp-workload-matrix-v1/A04-pbuf/build/tcp_request_response_irq.o,
by_pc,2147495400,11,11,22,33,11,0,0,0,0,consume,/Users/swchen.tw/git/percepio/poc/runs/tcp-workload-matrix-v1/A04-pbuf/build/tcp_request_response_irq.o,
by_pc,2147495404,11,11,22,33,11,0,0,0,0,consume,/Users/swchen.tw/git/percepio/poc/runs/tcp-workload-matrix-v1/A04-pbuf/build/tcp_request_response_irq.o,
by_pc,2147495406,11,11,22,33,11,0,0,0,0,consume,/Users/swchen.tw/git/percepio/poc/runs/tcp-workload-matrix-v1/A04-pbuf/build/tcp_request_response_irq.o,
by_pc,2147495426,11,128,256,267,11,11,88,18,0,consume,/Users/swchen.tw/git/percepio/poc/runs/tcp-workload-matrix-v1/A04-pbuf/build/tcp_request_response_irq.o,
by_pc,2147495428,11,11,22,33,11,0,0,0,0,consume,/Users/swchen.tw/git/percepio/poc/runs/tcp-workload-matrix-v1/A04-pbuf/build/tcp_request_response_irq.o,
by_pc,2147495432,11,22,44,55,11,11,0,0,0,consume,/Users/swchen.tw/git/percepio/poc/runs/tcp-workload-matrix-v1/A04-pbuf/build/tcp_request_response_irq.o,
by_pc,2147495436,11,11,22,33,11,0,0,0,0,consume,/Users/swchen.tw/git/percepio/poc/runs/tcp-workload-matrix-v1/A04-pbuf/build/tcp_request_response_irq.o,
by_pc,2147495456,11,11,22,33,11,0,0,0,0,consume,/Users/swchen.tw/git/percepio/poc/runs/tcp-workload-matrix-v1/A04-pbuf/build/tcp_request_response_irq.o,
by_pc,2147495458,11,11,22,33,11,0,0,0,0,consume,/Users/swchen.tw/git/percepio/poc/runs/tcp-workload-matrix-v1/A04-pbuf/build/tcp_request_response_irq.o,
by_pc,2147495488,11,117,234,245,11,0,88,18,0,consume,/Users/swchen.tw/git/percepio/poc/runs/tcp-workload-matrix-v1/A04-pbuf/build/tcp_request_response_irq.o,
by_pc,2147495546,11,22,44,55,11,11,0,0,0,consume,/Users/swchen.tw/git/percepio/poc/runs/tcp-workload-matrix-v1/A04-pbuf/build/tcp_request_response_irq.o,
by_pc,2147495548,11,22,44,55,11,11,0,0,0,consume,/Users/swchen.tw/git/percepio/poc/runs/tcp-workload-matrix-v1/A04-pbuf/build/tcp_request_response_irq.o,
by_pc,2147495550,11,22,44,55,11,11,0,0,0,consume,/Users/swchen.tw/git/percepio/poc/runs/tcp-workload-matrix-v1/A04-pbuf/build/tcp_request_response_irq.o,
by_pc,2147495552,11,128,256,267,11,11,88,18,0,consume,/Users/swchen.tw/git/percepio/poc/runs/tcp-workload-matrix-v1/A04-pbuf/build/tcp_request_response_irq.o,
by_pc,2147495554,11,22,44,55,11,11,0,0,0,consume,/Users/swchen.tw/git/percepio/poc/runs/tcp-workload-matrix-v1/A04-pbuf/build/tcp_request_response_irq.o,
by_pc,2147495556,11,22,44,55,11,11,0,0,0,consume,/Users/swchen.tw/git/percepio/poc/runs/tcp-workload-matrix-v1/A04-pbuf/build/tcp_request_response_irq.o,
by_pc,2147495558,11,22,44,55,11,11,0,0,0,consume,/Users/swchen.tw/git/percepio/poc/runs/tcp-workload-matrix-v1/A04-pbuf/build/tcp_request_response_irq.o,
by_pc,2147495560,11,11,22,33,11,0,0,0,0,consume,/Users/swchen.tw/git/percepio/poc/runs/tcp-workload-matrix-v1/A04-pbuf/build/tcp_request_response_irq.o,
by_pc,2147495562,11,11,22,33,11,0,0,0,0,consume,/Users/swchen.tw/git/percepio/poc/runs/tcp-workload-matrix-v1/A04-pbuf/build/tcp_request_response_irq.o,
by_pc,2147497264,1,1,2,3,1,0,0,0,0,session_task,/Users/swchen.tw/git/percepio/poc/runs/tcp-workload-matrix-v1/A04-pbuf/build/tcp_request_response_irq.o,
by_pc,2147497268,1,1,2,3,1,0,0,0,0,session_task,/Users/swchen.tw/git/percepio/poc/runs/tcp-workload-matrix-v1/A04-pbuf/build/tcp_request_response_irq.o,
by_pc,2147497272,1,2,4,5,1,1,0,0,0,session_task,/Users/swchen.tw/git/percepio/poc/runs/tcp-workload-matrix-v1/A04-pbuf/build/tcp_request_response_irq.o,
by_pc,2147497274,1,1,2,3,1,0,0,0,0,session_task,/Users/swchen.tw/git/percepio/poc/runs/tcp-workload-matrix-v1/A04-pbuf/build/tcp_request_response_irq.o,
by_pc,2147497278,1,28,56,57,2,0,8,18,0,session_task,/Users/swchen.tw/git/percepio/poc/runs/tcp-workload-matrix-v1/A04-pbuf/build/tcp_request_response_irq.o,
by_pc,2147497282,1,1,2,3,1,0,0,0,0,session_task,/Users/swchen.tw/git/percepio/poc/runs/tcp-workload-matrix-v1/A04-pbuf/build/tcp_request_response_irq.o,
by_pc,2147497284,1,1,2,3,1,0,0,0,0,session_task,/Users/swchen.tw/git/percepio/poc/runs/tcp-workload-matrix-v1/A04-pbuf/build/tcp_request_response_irq.o,
by_pc,2147497286,1,1,2,3,1,0,0,0,0,session_task,/Users/swchen.tw/git/percepio/poc/runs/tcp-workload-matrix-v1/A04-pbuf/build/tcp_request_response_irq.o,
by_pc,2147497288,1,21,42,43,1,1,8,0,11,session_task,/Users/swchen.tw/git/percepio/poc/runs/tcp-workload-matrix-v1/A04-pbuf/build/tcp_request_response_irq.o,
by_pc,2147497290,1,1,2,3,1,0,0,0,0,session_task,/Users/swchen.tw/git/percepio/poc/runs/tcp-workload-matrix-v1/A04-pbuf/build/tcp_request_response_irq.o,
by_pc,2147497294,1,1,2,3,1,0,0,0,0,session_task,/Users/swchen.tw/git/percepio/poc/runs/tcp-workload-matrix-v1/A04-pbuf/build/tcp_request_response_irq.o,
by_pc,2147500820,1,1,2,3,1,0,0,0,0,mem_malloc,/Users/swchen.tw/git/percepio/poc/runs/tcp-workload-matrix-v1/A04-pbuf/build/mem.o,
by_pc,2147500822,1,21,42,43,1,1,8,0,11,mem_malloc,/Users/swchen.tw/git/percepio/poc/runs/tcp-workload-matrix-v1/A04-pbuf/build/mem.o,
by_pc,2147500826,1,1,2,3,1,0,0,0,0,mem_malloc,/Users/swchen.tw/git/percepio/poc/runs/tcp-workload-matrix-v1/A04-pbuf/build/mem.o,
by_pc,2147500830,1,2,4,5,1,1,0,0,0,mem_malloc,/Users/swchen.tw/git/percepio/poc/runs/tcp-workload-matrix-v1/A04-pbuf/build/mem.o,
by_pc,2147500834,1,1,2,3,1,0,0,0,0,mem_malloc,/Users/swchen.tw/git/percepio/poc/runs/tcp-workload-matrix-v1/A04-pbuf/build/mem.o,
by_pc,2147500838,1,1,2,3,1,0,0,0,0,mem_malloc,/Users/swchen.tw/git/percepio/poc/runs/tcp-workload-matrix-v1/A04-pbuf/build/mem.o,
by_pc,2147500840,1,1,2,3,1,0,0,0,0,mem_malloc,/Users/swchen.tw/git/percepio/poc/runs/tcp-workload-matrix-v1/A04-pbuf/build/mem.o,
by_pc,2147500842,1,1,2,3,1,0,0,0,0,mem_malloc,/Users/swchen.tw/git/percepio/poc/runs/tcp-workload-matrix-v1/A04-pbuf/build/mem.o,
by_pc,2147500844,1,1,2,3,1,0,0,0,0,mem_malloc,/Users/swchen.tw/git/percepio/poc/runs/tcp-workload-matrix-v1/A04-pbuf/build/mem.o,
by_pc,2147500848,1,21,42,43,1,1,8,0,11,mem_malloc,/Users/swchen.tw/git/percepio/poc/runs/tcp-workload-matrix-v1/A04-pbuf/build/mem.o,
by_pc,2147500852,1,1,2,3,1,0,0,0,0,mem_malloc,/Users/swchen.tw/git/percepio/poc/runs/tcp-workload-matrix-v1/A04-pbuf/build/mem.o,
by_pc,2147500856,1,2,4,5,1,1,0,0,0,mem_malloc,/Users/swchen.tw/git/percepio/poc/runs/tcp-workload-matrix-v1/A04-pbuf/build/mem.o,
by_pc,2147500860,1,1,2,3,1,0,0,0,0,mem_malloc,/Users/swchen.tw/git/percepio/poc/runs/tcp-workload-matrix-v1/A04-pbuf/build/mem.o,
by_pc,2147510084,12,366,732,744,12,12,192,18,132,tcp_input,/Users/swchen.tw/git/percepio/poc/runs/tcp-workload-matrix-v1/A04-pbuf/build/tcp_in.o,
by_pc,2147510088,12,12,24,36,12,0,0,0,0,tcp_input,/Users/swchen.tw/git/percepio/poc/runs/tcp-workload-matrix-v1/A04-pbuf/build/tcp_in.o,
by_pc,2147510090,13,60,120,133,13,13,16,18,0,tcp_input,/Users/swchen.tw/git/percepio/poc/runs/tcp-workload-matrix-v1/A04-pbuf/build/tcp_in.o,
by_pc,2147510094,13,13,26,39,13,0,0,0,0,tcp_input,/Users/swchen.tw/git/percepio/poc/runs/tcp-workload-matrix-v1/A04-pbuf/build/tcp_in.o,
by_pc,2147510112,13,26,52,65,13,13,0,0,0,tcp_input,/Users/swchen.tw/git/percepio/poc/runs/tcp-workload-matrix-v1/A04-pbuf/build/tcp_in.o,
by_pc,2147510116,13,26,52,65,13,13,0,0,0,tcp_input,/Users/swchen.tw/git/percepio/poc/runs/tcp-workload-matrix-v1/A04-pbuf/build/tcp_in.o,
by_pc,2147510120,13,52,104,117,13,13,8,18,0,tcp_input,/Users/swchen.tw/git/percepio/poc/runs/tcp-workload-matrix-v1/A04-pbuf/build/tcp_in.o,
by_pc,2147510124,13,13,26,39,13,0,0,0,0,tcp_input,/Users/swchen.tw/git/percepio/poc/runs/tcp-workload-matrix-v1/A04-pbuf/build/tcp_in.o,
by_pc,2147510126,13,13,26,39,13,0,0,0,0,tcp_input,/Users/swchen.tw/git/percepio/poc/runs/tcp-workload-matrix-v1/A04-pbuf/build/tcp_in.o,
by_pc,2147510130,13,13,26,39,13,0,0,0,0,tcp_input,/Users/swchen.tw/git/percepio/poc/runs/tcp-workload-matrix-v1/A04-pbuf/build/tcp_in.o,
by_pc,2147510134,13,26,52,65,13,13,0,0,0,tcp_input,/Users/swchen.tw/git/percepio/poc/runs/tcp-workload-matrix-v1/A04-pbuf/build/tcp_in.o,
by_pc,2147510138,13,26,52,65,13,13,0,0,0,tcp_input,/Users/swchen.tw/git/percepio/poc/runs/tcp-workload-matrix-v1/A04-pbuf/build/tcp_in.o,
by_pc,2147510142,13,105,210,223,26,13,48,18,0,tcp_input,/Users/swchen.tw/git/percepio/poc/runs/tcp-workload-matrix-v1/A04-pbuf/build/tcp_in.o,
by_pc,2147510146,13,13,26,39,13,0,0,0,0,tcp_input,/Users/swchen.tw/git/percepio/poc/runs/tcp-workload-matrix-v1/A04-pbuf/build/tcp_in.o,
by_pc,2147510148,13,13,26,39,13,0,0,0,0,tcp_input,/Users/swchen.tw/git/percepio/poc/runs/tcp-workload-matrix-v1/A04-pbuf/build/tcp_in.o,
by_pc,2147510152,13,13,26,39,13,0,0,0,0,tcp_input,/Users/swchen.tw/git/percepio/poc/runs/tcp-workload-matrix-v1/A04-pbuf/build/tcp_in.o,
by_pc,2147510156,13,26,52,65,13,13,0,0,0,tcp_input,/Users/swchen.tw/git/percepio/poc/runs/tcp-workload-matrix-v1/A04-pbuf/build/tcp_in.o,
by_pc,2147510158,13,13,26,39,13,0,0,0,0,tcp_input,/Users/swchen.tw/git/percepio/poc/runs/tcp-workload-matrix-v1/A04-pbuf/build/tcp_in.o,
by_pc,2147510162,13,26,52,65,13,13,0,0,0,tcp_input,/Users/swchen.tw/git/percepio/poc/runs/tcp-workload-matrix-v1/A04-pbuf/build/tcp_in.o,
by_pc,2147510166,13,26,52,65,13,13,0,0,0,tcp_input,/Users/swchen.tw/git/percepio/poc/runs/tcp-workload-matrix-v1/A04-pbuf/build/tcp_in.o,
by_pc,2147510170,13,13,26,39,13,0,0,0,0,tcp_input,/Users/swchen.tw/git/percepio/poc/runs/tcp-workload-matrix-v1/A04-pbuf/build/tcp_in.o,
by_pc,2147510174,13,13,26,39,13,0,0,0,0,tcp_input,/Users/swchen.tw/git/percepio/poc/runs/tcp-workload-matrix-v1/A04-pbuf/build/tcp_in.o,
by_pc,2147510356,13,55,110,123,13,0,24,18,0,tcp_input,/Users/swchen.tw/git/percepio/poc/runs/tcp-workload-matrix-v1/A04-pbuf/build/tcp_in.o,
by_pc,2147510360,13,26,52,65,13,13,0,0,0,tcp_input,/Users/swchen.tw/git/percepio/poc/runs/tcp-workload-matrix-v1/A04-pbuf/build/tcp_in.o,
by_pc,2147510364,13,13,26,39,13,0,0,0,0,tcp_input,/Users/swchen.tw/git/percepio/poc/runs/tcp-workload-matrix-v1/A04-pbuf/build/tcp_in.o,
by_pc,2147510366,13,13,26,39,13,0,0,0,0,tcp_input,/Users/swchen.tw/git/percepio/poc/runs/tcp-workload-matrix-v1/A04-pbuf/build/tcp_in.o,
by_pc,2147510370,13,273,546,559,13,13,104,0,143,tcp_input,/Users/swchen.tw/git/percepio/poc/runs/tcp-workload-matrix-v1/A04-pbuf/build/tcp_in.o,
by_pc,2147510374,13,13,26,39,13,0,0,0,0,tcp_input,/Users/swchen.tw/git/percepio/poc/runs/tcp-workload-matrix-v1/A04-pbuf/build/tcp_in.o,
by_pc,2147510186,13,13,26,39,13,0,0,0,0,tcp_input,/Users/swchen.tw/git/percepio/poc/runs/tcp-workload-matrix-v1/A04-pbuf/build/tcp_in.o,
by_pc,2147510190,13,291,582,595,13,13,104,18,143,tcp_input,/Users/swchen.tw/git/percepio/poc/runs/tcp-workload-matrix-v1/A04-pbuf/build/tcp_in.o,
by_pc,2147510194,13,26,52,65,13,13,0,0,0,tcp_input,/Users/swchen.tw/git/percepio/poc/runs/tcp-workload-matrix-v1/A04-pbuf/build/tcp_in.o,
by_pc,2147510198,13,13,26,39,13,0,0,0,0,tcp_input,/Users/swchen.tw/git/percepio/poc/runs/tcp-workload-matrix-v1/A04-pbuf/build/tcp_in.o,
by_pc,2147510202,13,13,26,39,13,0,0,0,0,tcp_input,/Users/swchen.tw/git/percepio/poc/runs/tcp-workload-matrix-v1/A04-pbuf/build/tcp_in.o,
by_pc,2147510206,13,370,740,753,26,13,152,36,143,tcp_input,/Users/swchen.tw/git/percepio/poc/runs/tcp-workload-matrix-v1/A04-pbuf/build/tcp_in.o,
by_pc,2147510210,13,273,546,559,13,13,104,0,143,tcp_input,/Users/swchen.tw/git/percepio/poc/runs/tcp-workload-matrix-v1/A04-pbuf/build/tcp_in.o,
by_pc,2147510214,13,273,546,559,13,13,104,0,143,tcp_input,/Users/swchen.tw/git/percepio/poc/runs/tcp-workload-matrix-v1/A04-pbuf/build/tcp_in.o,
by_pc,2147510218,13,273,546,559,13,13,104,0,143,tcp_input,/Users/swchen.tw/git/percepio/poc/runs/tcp-workload-matrix-v1/A04-pbuf/build/tcp_in.o,
by_pc,2147510222,13,273,546,559,13,13,104,0,143,tcp_input,/Users/swchen.tw/git/percepio/poc/runs/tcp-workload-matrix-v1/A04-pbuf/build/tcp_in.o,
by_pc,2147510226,13,273,546,559,13,13,104,0,143,tcp_input,/Users/swchen.tw/git/percepio/poc/runs/tcp-workload-matrix-v1/A04-pbuf/build/tcp_in.o,
by_pc,2147510230,13,13,26,39,13,0,0,0,0,tcp_input,/Users/swchen.tw/git/percepio/poc/runs/tcp-workload-matrix-v1/A04-pbuf/build/tcp_in.o,
by_pc,2147510232,13,13,26,39,13,0,0,0,0,tcp_input,/Users/swchen.tw/git/percepio/poc/runs/tcp-workload-matrix-v1/A04-pbuf/build/tcp_in.o,
by_pc,2147510246,13,34,68,81,13,13,8,0,0,tcp_input,/Users/swchen.tw/git/percepio/poc/runs/tcp-workload-matrix-v1/A04-pbuf/build/tcp_in.o,
by_pc,2147510248,13,13,26,39,13,0,0,0,0,tcp_input,/Users/swchen.tw/git/percepio/poc/runs/tcp-workload-matrix-v1/A04-pbuf/build/tcp_in.o,
by_pc,2147511044,13,42,84,97,13,13,16,0,0,tcp_input,/Users/swchen.tw/git/percepio/poc/runs/tcp-workload-matrix-v1/A04-pbuf/build/tcp_in.o,
by_pc,2147511048,13,273,546,559,13,13,104,0,143,tcp_input,/Users/swchen.tw/git/percepio/poc/runs/tcp-workload-matrix-v1/A04-pbuf/build/tcp_in.o,
by_pc,2147511052,13,13,26,39,13,0,0,0,0,tcp_input,/Users/swchen.tw/git/percepio/poc/runs/tcp-workload-matrix-v1/A04-pbuf/build/tcp_in.o,
by_pc,2147511056,13,13,26,39,13,0,0,0,0,tcp_input,/Users/swchen.tw/git/percepio/poc/runs/tcp-workload-matrix-v1/A04-pbuf/build/tcp_in.o,
by_pc,2147511174,13,111,222,235,13,0,80,18,0,tcp_input,/Users/swchen.tw/git/percepio/poc/runs/tcp-workload-matrix-v1/A04-pbuf/build/tcp_in.o,
by_pc,2147511178,13,26,52,65,13,13,0,0,0,tcp_input,/Users/swchen.tw/git/percepio/poc/runs/tcp-workload-matrix-v1/A04-pbuf/build/tcp_in.o,
by_pc,2147511182,13,13,26,39,13,0,0,0,0,tcp_input,/Users/swchen.tw/git/percepio/poc/runs/tcp-workload-matrix-v1/A04-pbuf/build/tcp_in.o,
by_pc,2147511202,13,13,26,39,13,0,0,0,0,tcp_input,/Users/swchen.tw/git/percepio/poc/runs/tcp-workload-matrix-v1/A04-pbuf/build/tcp_in.o,
by_pc,2147511204,13,13,26,39,13,0,0,0,0,tcp_input,/Users/swchen.tw/git/percepio/poc/runs/tcp-workload-matrix-v1/A04-pbuf/build/tcp_in.o,
by_pc,2147511206,12,24,48,60,12,12,0,0,0,tcp_input,/Users/swchen.tw/git/percepio/poc/runs/tcp-workload-matrix-v1/A04-pbuf/build/tcp_in.o,
by_pc,2147511210,12,252,504,516,12,12,96,0,132,tcp_input,/Users/swchen.tw/git/percepio/poc/runs/tcp-workload-matrix-v1/A04-pbuf/build/tcp_in.o,
by_pc,2147511212,13,26,52,65,13,13,0,0,0,tcp_input,/Users/swchen.tw/git/percepio/poc/runs/tcp-workload-matrix-v1/A04-pbuf/build/tcp_in.o,
by_pc,2147511216,13,273,546,559,13,13,104,0,143,tcp_input,/Users/swchen.tw/git/percepio/poc/runs/tcp-workload-matrix-v1/A04-pbuf/build/tcp_in.o,
by_pc,2147511220,13,13,26,39,13,0,0,0,0,tcp_input,/Users/swchen.tw/git/percepio/poc/runs/tcp-workload-matrix-v1/A04-pbuf/build/tcp_in.o,
by_pc,2147511228,13,26,52,65,13,13,0,0,0,tcp_input,/Users/swchen.tw/git/percepio/poc/runs/tcp-workload-matrix-v1/A04-pbuf/build/tcp_in.o,
by_pc,2147511230,13,116,232,245,26,0,72,18,0,tcp_input,/Users/swchen.tw/git/percepio/poc/runs/tcp-workload-matrix-v1/A04-pbuf/build/tcp_in.o,
by_pc,2147511234,13,13,26,39,13,0,0,0,0,tcp_input,/Users/swchen.tw/git/percepio/poc/runs/tcp-workload-matrix-v1/A04-pbuf/build/tcp_in.o,
by_pc,2147512294,13,79,158,171,13,0,48,18,0,tcp_input,/Users/swchen.tw/git/percepio/poc/runs/tcp-workload-matrix-v1/A04-pbuf/build/tcp_in.o,
by_pc,2147512296,13,13,26,39,13,0,0,0,0,tcp_input,/Users/swchen.tw/git/percepio/poc/runs/tcp-workload-matrix-v1/A04-pbuf/build/tcp_in.o,
by_pc,2147512300,13,13,26,39,13,0,0,0,0,tcp_input,/Users/swchen.tw/git/percepio/poc/runs/tcp-workload-matrix-v1/A04-pbuf/build/tcp_in.o,
by_pc,2147512304,13,13,26,39,13,0,0,0,0,tcp_input,/Users/swchen.tw/git/percepio/poc/runs/tcp-workload-matrix-v1/A04-pbuf/build/tcp_in.o,
by_pc,2147512308,13,13,26,39,13,0,0,0,0,tcp_input,/Users/swchen.tw/git/percepio/poc/runs/tcp-workload-matrix-v1/A04-pbuf/build/tcp_in.o,
by_pc,2147512310,13,13,26,39,13,0,0,0,0,tcp_input,/Users/swchen.tw/git/percepio/poc/runs/tcp-workload-matrix-v1/A04-pbuf/build/tcp_in.o,
by_pc,2147512312,13,60,120,133,13,13,16,18,0,tcp_input,/Users/swchen.tw/git/percepio/poc/runs/tcp-workload-matrix-v1/A04-pbuf/build/tcp_in.o,
by_pc,2147512314,13,13,26,39,13,0,0,0,0,tcp_input,/Users/swchen.tw/git/percepio/poc/runs/tcp-workload-matrix-v1/A04-pbuf/build/tcp_in.o,
by_pc,2147512316,13,13,26,39,13,0,0,0,0,tcp_input,/Users/swchen.tw/git/percepio/poc/runs/tcp-workload-matrix-v1/A04-pbuf/build/tcp_in.o,
by_pc,2147511558,1,27,54,55,1,0,8,18,0,tcp_input,/Users/swchen.tw/git/percepio/poc/runs/tcp-workload-matrix-v1/A04-pbuf/build/tcp_in.o,
by_pc,2147511560,1,1,2,3,1,0,0,0,0,tcp_input,/Users/swchen.tw/git/percepio/poc/runs/tcp-workload-matrix-v1/A04-pbuf/build/tcp_in.o,
by_pc,2147511564,1,2,4,5,1,1,0,0,0,tcp_input,/Users/swchen.tw/git/percepio/poc/runs/tcp-workload-matrix-v1/A04-pbuf/build/tcp_in.o,
by_pc,2147511568,1,2,4,5,1,1,0,0,0,tcp_input,/Users/swchen.tw/git/percepio/poc/runs/tcp-workload-matrix-v1/A04-pbuf/build/tcp_in.o,
by_pc,2147511570,1,1,2,3,1,0,0,0,0,tcp_input,/Users/swchen.tw/git/percepio/poc/runs/tcp-workload-matrix-v1/A04-pbuf/build/tcp_in.o,
by_pc,2147511574,1,1,2,3,1,0,0,0,0,tcp_input,/Users/swchen.tw/git/percepio/poc/runs/tcp-workload-matrix-v1/A04-pbuf/build/tcp_in.o,
by_pc,2147511576,1,1,2,3,1,0,0,0,0,tcp_input,/Users/swchen.tw/git/percepio/poc/runs/tcp-workload-matrix-v1/A04-pbuf/build/tcp_in.o,
by_pc,2147511580,1,2,4,5,1,1,0,0,0,tcp_input,/Users/swchen.tw/git/percepio/poc/runs/tcp-workload-matrix-v1/A04-pbuf/build/tcp_in.o,
by_pc,2147511582,1,1,2,3,1,0,0,0,0,tcp_input,/Users/swchen.tw/git/percepio/poc/runs/tcp-workload-matrix-v1/A04-pbuf/build/tcp_in.o,
by_pc,2147511584,1,1,2,3,1,0,0,0,0,tcp_input,/Users/swchen.tw/git/percepio/poc/runs/tcp-workload-matrix-v1/A04-pbuf/build/tcp_in.o,
by_pc,2147511588,1,1,2,3,1,0,0,0,0,tcp_input,/Users/swchen.tw/git/percepio/poc/runs/tcp-workload-matrix-v1/A04-pbuf/build/tcp_in.o,
by_pc,2147511590,1,21,42,43,1,1,8,0,11,tcp_input,/Users/swchen.tw/git/percepio/poc/runs/tcp-workload-matrix-v1/A04-pbuf/build/tcp_in.o,
by_pc,2147511592,1,2,4,5,1,1,0,0,0,tcp_input,/Users/swchen.tw/git/percepio/poc/runs/tcp-workload-matrix-v1/A04-pbuf/build/tcp_in.o,
by_pc,2147511596,1,1,2,3,1,0,0,0,0,tcp_input,/Users/swchen.tw/git/percepio/poc/runs/tcp-workload-matrix-v1/A04-pbuf/build/tcp_in.o,
by_pc,2147511606,1,2,4,5,1,1,0,0,0,tcp_input,/Users/swchen.tw/git/percepio/poc/runs/tcp-workload-matrix-v1/A04-pbuf/build/tcp_in.o,
by_pc,2147511608,1,1,2,3,1,0,0,0,0,tcp_input,/Users/swchen.tw/git/percepio/poc/runs/tcp-workload-matrix-v1/A04-pbuf/build/tcp_in.o,
by_pc,2147511610,1,2,4,5,1,1,0,0,0,tcp_input,/Users/swchen.tw/git/percepio/poc/runs/tcp-workload-matrix-v1/A04-pbuf/build/tcp_in.o,
by_pc,2147511612,1,1,2,3,1,0,0,0,0,tcp_input,/Users/swchen.tw/git/percepio/poc/runs/tcp-workload-matrix-v1/A04-pbuf/build/tcp_in.o,
by_pc,2147511614,1,1,2,3,1,0,0,0,0,tcp_input,/Users/swchen.tw/git/percepio/poc/runs/tcp-workload-matrix-v1/A04-pbuf/build/tcp_in.o,
by_pc,2147511616,1,27,54,55,1,0,8,18,0,tcp_input,/Users/swchen.tw/git/percepio/poc/runs/tcp-workload-matrix-v1/A04-pbuf/build/tcp_in.o,
by_pc,2147494960,1,27,54,55,1,0,8,18,0,on_accept,/Users/swchen.tw/git/percepio/poc/runs/tcp-workload-matrix-v1/A04-pbuf/build/tcp_request_response_irq.o,
by_pc,2147494962,1,21,42,43,1,1,8,0,11,on_accept,/Users/swchen.tw/git/percepio/poc/runs/tcp-workload-matrix-v1/A04-pbuf/build/tcp_request_response_irq.o,
by_pc,2147494964,1,21,42,43,1,1,8,0,11,on_accept,/Users/swchen.tw/git/percepio/poc/runs/tcp-workload-matrix-v1/A04-pbuf/build/tcp_request_response_irq.o,
by_pc,2147494966,1,1,2,3,1,0,0,0,0,on_accept,/Users/swchen.tw/git/percepio/poc/runs/tcp-workload-matrix-v1/A04-pbuf/build/tcp_request_response_irq.o,
by_pc,2147494968,1,1,2,3,1,0,0,0,0,on_accept,/Users/swchen.tw/git/percepio/poc/runs/tcp-workload-matrix-v1/A04-pbuf/build/tcp_request_response_irq.o,
by_pc,2147494986,1,27,54,55,1,0,8,18,0,on_accept,/Users/swchen.tw/git/percepio/poc/runs/tcp-workload-matrix-v1/A04-pbuf/build/tcp_request_response_irq.o,
by_pc,2147494988,1,1,2,3,1,0,0,0,0,on_accept,/Users/swchen.tw/git/percepio/poc/runs/tcp-workload-matrix-v1/A04-pbuf/build/tcp_request_response_irq.o,
by_pc,2147494992,1,1,2,3,1,0,0,0,0,on_accept,/Users/swchen.tw/git/percepio/poc/runs/tcp-workload-matrix-v1/A04-pbuf/build/tcp_request_response_irq.o,
by_pc,2147494996,1,21,42,43,1,1,8,0,11,on_accept,/Users/swchen.tw/git/percepio/poc/runs/tcp-workload-matrix-v1/A04-pbuf/build/tcp_request_response_irq.o,
by_pc,2147495000,1,1,2,3,1,0,0,0,0,on_accept,/Users/swchen.tw/git/percepio/poc/runs/tcp-workload-matrix-v1/A04-pbuf/build/tcp_request_response_irq.o,
by_pc,2147503444,1,9,18,19,1,0,8,0,0,tcp_sent,/Users/swchen.tw/git/percepio/poc/runs/tcp-workload-matrix-v1/A04-pbuf/build/tcp.o,
by_pc,2147503446,1,21,42,43,1,1,8,0,11,tcp_sent,/Users/swchen.tw/git/percepio/poc/runs/tcp-workload-matrix-v1/A04-pbuf/build/tcp.o,
by_pc,2147503450,1,1,2,3,1,0,0,0,0,tcp_sent,/Users/swchen.tw/git/percepio/poc/runs/tcp-workload-matrix-v1/A04-pbuf/build/tcp.o,
by_pc,2147495004,1,1,2,3,1,0,0,0,0,on_accept,/Users/swchen.tw/git/percepio/poc/runs/tcp-workload-matrix-v1/A04-pbuf/build/tcp_request_response_irq.o,
by_pc,2147495006,1,1,2,3,1,0,0,0,0,on_accept,/Users/swchen.tw/git/percepio/poc/runs/tcp-workload-matrix-v1/A04-pbuf/build/tcp_request_response_irq.o,
by_pc,2147495010,1,1,2,3,1,0,0,0,0,on_accept,/Users/swchen.tw/git/percepio/poc/runs/tcp-workload-matrix-v1/A04-pbuf/build/tcp_request_response_irq.o,
by_pc,2147495014,1,1,2,3,1,0,0,0,0,on_accept,/Users/swchen.tw/git/percepio/poc/runs/tcp-workload-matrix-v1/A04-pbuf/build/tcp_request_response_irq.o,
by_pc,2147503436,1,1,2,3,1,0,0,0,0,tcp_recv,/Users/swchen.tw/git/percepio/poc/runs/tcp-workload-matrix-v1/A04-pbuf/build/tcp.o,
by_pc,2147503438,1,21,42,43,1,1,8,0,11,tcp_recv,/Users/swchen.tw/git/percepio/poc/runs/tcp-workload-matrix-v1/A04-pbuf/build/tcp.o,
by_pc,2147503442,1,1,2,3,1,0,0,0,0,tcp_recv,/Users/swchen.tw/git/percepio/poc/runs/tcp-workload-matrix-v1/A04-pbuf/build/tcp.o,
by_pc,2147495018,1,2,4,5,1,1,0,0,0,on_accept,/Users/swchen.tw/git/percepio/poc/runs/tcp-workload-matrix-v1/A04-pbuf/build/tcp_request_response_irq.o,
by_pc,2147495022,1,1,2,3,1,0,0,0,0,on_accept,/Users/swchen.tw/git/percepio/poc/runs/tcp-workload-matrix-v1/A04-pbuf/build/tcp_request_response_irq.o,
by_pc,2147495024,1,1,2,3,1,0,0,0,0,on_accept,/Users/swchen.tw/git/percepio/poc/runs/tcp-workload-matrix-v1/A04-pbuf/build/tcp_request_response_irq.o,
by_pc,2147495028,1,21,42,43,1,1,8,0,11,on_accept,/Users/swchen.tw/git/percepio/poc/runs/tcp-workload-matrix-v1/A04-pbuf/build/tcp_request_response_irq.o,
by_pc,2147495032,1,2,4,5,1,1,0,0,0,on_accept,/Users/swchen.tw/git/percepio/poc/runs/tcp-workload-matrix-v1/A04-pbuf/build/tcp_request_response_irq.o,
by_pc,2147495034,1,2,4,5,1,1,0,0,0,on_accept,/Users/swchen.tw/git/percepio/poc/runs/tcp-workload-matrix-v1/A04-pbuf/build/tcp_request_response_irq.o,
by_pc,2147495036,1,1,2,3,1,0,0,0,0,on_accept,/Users/swchen.tw/git/percepio/poc/runs/tcp-workload-matrix-v1/A04-pbuf/build/tcp_request_response_irq.o,
by_pc,2147495038,1,1,2,3,1,0,0,0,0,on_accept,/Users/swchen.tw/git/percepio/poc/runs/tcp-workload-matrix-v1/A04-pbuf/build/tcp_request_response_irq.o,
by_pc,2147511618,1,1,2,3,1,0,0,0,0,tcp_input,/Users/swchen.tw/git/percepio/poc/runs/tcp-workload-matrix-v1/A04-pbuf/build/tcp_in.o,
by_pc,2147511628,1,1,2,3,1,0,0,0,0,tcp_input,/Users/swchen.tw/git/percepio/poc/runs/tcp-workload-matrix-v1/A04-pbuf/build/tcp_in.o,
by_pc,2147511630,1,1,2,3,1,0,0,0,0,tcp_input,/Users/swchen.tw/git/percepio/poc/runs/tcp-workload-matrix-v1/A04-pbuf/build/tcp_in.o,
by_pc,2147506852,13,68,136,149,13,13,24,18,0,tcp_receive,/Users/swchen.tw/git/percepio/poc/runs/tcp-workload-matrix-v1/A04-pbuf/build/tcp_in.o,
by_pc,2147506856,13,13,26,39,13,0,0,0,0,tcp_receive,/Users/swchen.tw/git/percepio/poc/runs/tcp-workload-matrix-v1/A04-pbuf/build/tcp_in.o,
by_pc,2147506858,13,273,546,559,13,13,104,0,143,tcp_receive,/Users/swchen.tw/git/percepio/poc/runs/tcp-workload-matrix-v1/A04-pbuf/build/tcp_in.o,
by_pc,2147506860,13,273,546,559,13,13,104,0,143,tcp_receive,/Users/swchen.tw/git/percepio/poc/runs/tcp-workload-matrix-v1/A04-pbuf/build/tcp_in.o,
by_pc,2147506862,13,273,546,559,13,13,104,0,143,tcp_receive,/Users/swchen.tw/git/percepio/poc/runs/tcp-workload-matrix-v1/A04-pbuf/build/tcp_in.o,
by_pc,2147506864,13,273,546,559,13,13,104,0,143,tcp_receive,/Users/swchen.tw/git/percepio/poc/runs/tcp-workload-matrix-v1/A04-pbuf/build/tcp_in.o,
by_pc,2147506866,13,273,546,559,13,13,104,0,143,tcp_receive,/Users/swchen.tw/git/percepio/poc/runs/tcp-workload-matrix-v1/A04-pbuf/build/tcp_in.o,
by_pc,2147506868,13,273,546,559,13,13,104,0,143,tcp_receive,/Users/swchen.tw/git/percepio/poc/runs/tcp-workload-matrix-v1/A04-pbuf/build/tcp_in.o,
by_pc,2147506870,13,273,546,559,13,13,104,0,143,tcp_receive,/Users/swchen.tw/git/percepio/poc/runs/tcp-workload-matrix-v1/A04-pbuf/build/tcp_in.o,
by_pc,2147506872,13,273,546,559,13,13,104,0,143,tcp_receive,/Users/swchen.tw/git/percepio/poc/runs/tcp-workload-matrix-v1/A04-pbuf/build/tcp_in.o,
by_pc,2147506874,13,13,26,39,13,0,0,0,0,tcp_receive,/Users/swchen.tw/git/percepio/poc/runs/tcp-workload-matrix-v1/A04-pbuf/build/tcp_in.o,
by_pc,2147506876,13,13,26,39,13,0,0,0,0,tcp_receive,/Users/swchen.tw/git/percepio/poc/runs/tcp-workload-matrix-v1/A04-pbuf/build/tcp_in.o,
by_pc,2147506878,13,108,216,229,26,0,64,18,0,tcp_receive,/Users/swchen.tw/git/percepio/poc/runs/tcp-workload-matrix-v1/A04-pbuf/build/tcp_in.o,
by_pc,2147506882,13,13,26,39,13,0,0,0,0,tcp_receive,/Users/swchen.tw/git/percepio/poc/runs/tcp-workload-matrix-v1/A04-pbuf/build/tcp_in.o,
by_pc,2147506886,13,26,52,65,13,13,0,0,0,tcp_receive,/Users/swchen.tw/git/percepio/poc/runs/tcp-workload-matrix-v1/A04-pbuf/build/tcp_in.o,
by_pc,2147506890,13,26,52,65,13,13,0,0,0,tcp_receive,/Users/swchen.tw/git/percepio/poc/runs/tcp-workload-matrix-v1/A04-pbuf/build/tcp_in.o,
by_pc,2147506892,13,26,52,65,13,13,0,0,0,tcp_receive,/Users/swchen.tw/git/percepio/poc/runs/tcp-workload-matrix-v1/A04-pbuf/build/tcp_in.o,
by_pc,2147506896,13,26,52,65,13,13,0,0,0,tcp_receive,/Users/swchen.tw/git/percepio/poc/runs/tcp-workload-matrix-v1/A04-pbuf/build/tcp_in.o,
by_pc,2147506898,13,13,26,39,13,0,0,0,0,tcp_receive,/Users/swchen.tw/git/percepio/poc/runs/tcp-workload-matrix-v1/A04-pbuf/build/tcp_in.o,
by_pc,2147506902,13,13,26,39,13,0,0,0,0,tcp_receive,/Users/swchen.tw/git/percepio/poc/runs/tcp-workload-matrix-v1/A04-pbuf/build/tcp_in.o,
by_pc,2147506906,13,26,52,65,13,13,0,0,0,tcp_receive,/Users/swchen.tw/git/percepio/poc/runs/tcp-workload-matrix-v1/A04-pbuf/build/tcp_in.o,
by_pc,2147506908,13,13,26,39,13,0,0,0,0,tcp_receive,/Users/swchen.tw/git/percepio/poc/runs/tcp-workload-matrix-v1/A04-pbuf/build/tcp_in.o,
by_pc,2147506948,10,118,236,246,10,10,80,18,0,tcp_receive,/Users/swchen.tw/git/percepio/poc/runs/tcp-workload-matrix-v1/A04-pbuf/build/tcp_in.o,
by_pc,2147506952,10,20,40,50,10,10,0,0,0,tcp_receive,/Users/swchen.tw/git/percepio/poc/runs/tcp-workload-matrix-v1/A04-pbuf/build/tcp_in.o,
by_pc,2147506956,10,20,40,50,10,10,0,0,0,tcp_receive,/Users/swchen.tw/git/percepio/poc/runs/tcp-workload-matrix-v1/A04-pbuf/build/tcp_in.o,
by_pc,2147506960,10,10,20,30,10,0,0,0,0,tcp_receive,/Users/swchen.tw/git/percepio/poc/runs/tcp-workload-matrix-v1/A04-pbuf/build/tcp_in.o,
by_pc,2147506962,10,10,20,30,10,0,0,0,0,tcp_receive,/Users/swchen.tw/git/percepio/poc/runs/tcp-workload-matrix-v1/A04-pbuf/build/tcp_in.o,
by_pc,2147506964,10,20,40,50,10,10,0,0,0,tcp_receive,/Users/swchen.tw/git/percepio/poc/runs/tcp-workload-matrix-v1/A04-pbuf/build/tcp_in.o,
by_pc,2147506968,10,210,420,430,10,10,80,0,110,tcp_receive,/Users/swchen.tw/git/percepio/poc/runs/tcp-workload-matrix-v1/A04-pbuf/build/tcp_in.o,
by_pc,2147506972,10,10,20,30,10,0,0,0,0,tcp_receive,/Users/swchen.tw/git/percepio/poc/runs/tcp-workload-matrix-v1/A04-pbuf/build/tcp_in.o,
by_pc,2147506980,10,210,420,430,10,10,80,0,110,tcp_receive,/Users/swchen.tw/git/percepio/poc/runs/tcp-workload-matrix-v1/A04-pbuf/build/tcp_in.o,
by_pc,2147506982,10,210,420,430,10,10,80,0,110,tcp_receive,/Users/swchen.tw/git/percepio/poc/runs/tcp-workload-matrix-v1/A04-pbuf/build/tcp_in.o,
by_pc,2147506984,13,26,52,65,13,13,0,0,0,tcp_receive,/Users/swchen.tw/git/percepio/poc/runs/tcp-workload-matrix-v1/A04-pbuf/build/tcp_in.o,
by_pc,2147506986,13,13,26,39,13,0,0,0,0,tcp_receive,/Users/swchen.tw/git/percepio/poc/runs/tcp-workload-matrix-v1/A04-pbuf/build/tcp_in.o,
by_pc,2147506990,13,13,26,39,13,0,0,0,0,tcp_receive,/Users/swchen.tw/git/percepio/poc/runs/tcp-workload-matrix-v1/A04-pbuf/build/tcp_in.o,
by_pc,2147507776,10,108,216,226,10,0,80,18,0,tcp_receive,/Users/swchen.tw/git/percepio/poc/runs/tcp-workload-matrix-v1/A04-pbuf/build/tcp_in.o,
by_pc,2147507780,10,10,20,30,10,0,0,0,0,tcp_receive,/Users/swchen.tw/git/percepio/poc/runs/tcp-workload-matrix-v1/A04-pbuf/build/tcp_in.o,
by_pc,2147507782,10,10,20,30,10,0,0,0,0,tcp_receive,/Users/swchen.tw/git/percepio/poc/runs/tcp-workload-matrix-v1/A04-pbuf/build/tcp_in.o,
by_pc,2147507786,10,20,40,50,10,10,0,0,0,tcp_receive,/Users/swchen.tw/git/percepio/poc/runs/tcp-workload-matrix-v1/A04-pbuf/build/tcp_in.o,
by_pc,2147507788,10,10,20,30,10,0,0,0,0,tcp_receive,/Users/swchen.tw/git/percepio/poc/runs/tcp-workload-matrix-v1/A04-pbuf/build/tcp_in.o,
by_pc,2147507790,10,10,20,30,10,0,0,0,0,tcp_receive,/Users/swchen.tw/git/percepio/poc/runs/tcp-workload-matrix-v1/A04-pbuf/build/tcp_in.o,
by_pc,2147507794,10,20,40,50,10,10,0,0,0,tcp_receive,/Users/swchen.tw/git/percepio/poc/runs/tcp-workload-matrix-v1/A04-pbuf/build/tcp_in.o,
by_pc,2147507798,10,10,20,30,10,0,0,0,0,tcp_receive,/Users/swchen.tw/git/percepio/poc/runs/tcp-workload-matrix-v1/A04-pbuf/build/tcp_in.o,
by_pc,2147507802,10,10,20,30,10,0,0,0,0,tcp_receive,/Users/swchen.tw/git/percepio/poc/runs/tcp-workload-matrix-v1/A04-pbuf/build/tcp_in.o,
by_pc,2147507822,10,20,40,50,10,10,0,0,0,tcp_receive,/Users/swchen.tw/git/percepio/poc/runs/tcp-workload-matrix-v1/A04-pbuf/build/tcp_in.o,
by_pc,2147507826,10,20,40,50,10,10,0,0,0,tcp_receive,/Users/swchen.tw/git/percepio/poc/runs/tcp-workload-matrix-v1/A04-pbuf/build/tcp_in.o,
by_pc,2147507830,10,210,420,430,10,10,80,0,110,tcp_receive,/Users/swchen.tw/git/percepio/poc/runs/tcp-workload-matrix-v1/A04-pbuf/build/tcp_in.o,
by_pc,2147507834,10,10,20,30,10,0,0,0,0,tcp_receive,/Users/swchen.tw/git/percepio/poc/runs/tcp-workload-matrix-v1/A04-pbuf/build/tcp_in.o,
by_pc,2147507836,10,10,20,30,10,0,0,0,0,tcp_receive,/Users/swchen.tw/git/percepio/poc/runs/tcp-workload-matrix-v1/A04-pbuf/build/tcp_in.o,
by_pc,2147507838,10,20,40,50,10,10,0,0,0,tcp_receive,/Users/swchen.tw/git/percepio/poc/runs/tcp-workload-matrix-v1/A04-pbuf/build/tcp_in.o,
by_pc,2147507840,10,308,616,626,10,10,160,18,110,tcp_receive,/Users/swchen.tw/git/percepio/poc/runs/tcp-workload-matrix-v1/A04-pbuf/build/tcp_in.o,
by_pc,2147507844,10,210,420,430,10,10,80,0,110,tcp_receive,/Users/swchen.tw/git/percepio/poc/runs/tcp-workload-matrix-v1/A04-pbuf/build/tcp_in.o,
by_pc,2147507846,10,10,20,30,10,0,0,0,0,tcp_receive,/Users/swchen.tw/git/percepio/poc/runs/tcp-workload-matrix-v1/A04-pbuf/build/tcp_in.o,
by_pc,2147507848,10,10,20,30,10,0,0,0,0,tcp_receive,/Users/swchen.tw/git/percepio/poc/runs/tcp-workload-matrix-v1/A04-pbuf/build/tcp_in.o,
by_pc,2147507852,10,20,40,50,10,10,0,0,0,tcp_receive,/Users/swchen.tw/git/percepio/poc/runs/tcp-workload-matrix-v1/A04-pbuf/build/tcp_in.o,
by_pc,2147507856,10,20,40,50,10,10,0,0,0,tcp_receive,/Users/swchen.tw/git/percepio/poc/runs/tcp-workload-matrix-v1/A04-pbuf/build/tcp_in.o,
by_pc,2147507860,10,10,20,30,10,0,0,0,0,tcp_receive,/Users/swchen.tw/git/percepio/poc/runs/tcp-workload-matrix-v1/A04-pbuf/build/tcp_in.o,
by_pc,2147507862,10,10,20,30,10,0,0,0,0,tcp_receive,/Users/swchen.tw/git/percepio/poc/runs/tcp-workload-matrix-v1/A04-pbuf/build/tcp_in.o,
by_pc,2147507864,10,10,20,30,10,0,0,0,0,tcp_receive,/Users/swchen.tw/git/percepio/poc/runs/tcp-workload-matrix-v1/A04-pbuf/build/tcp_in.o,
by_pc,2147507866,10,10,20,30,10,0,0,0,0,tcp_receive,/Users/swchen.tw/git/percepio/poc/runs/tcp-workload-matrix-v1/A04-pbuf/build/tcp_in.o,
by_pc,2147507870,2,4,8,10,2,2,0,0,0,tcp_receive,/Users/swchen.tw/git/percepio/poc/runs/tcp-workload-matrix-v1/A04-pbuf/build/tcp_in.o,
by_pc,2147507874,2,4,8,10,2,2,0,0,0,tcp_receive,/Users/swchen.tw/git/percepio/poc/runs/tcp-workload-matrix-v1/A04-pbuf/build/tcp_in.o,
by_pc,2147507878,2,2,4,6,2,0,0,0,0,tcp_receive,/Users/swchen.tw/git/percepio/poc/runs/tcp-workload-matrix-v1/A04-pbuf/build/tcp_in.o,
by_pc,2147507880,2,2,4,6,2,0,0,0,0,tcp_receive,/Users/swchen.tw/git/percepio/poc/runs/tcp-workload-matrix-v1/A04-pbuf/build/tcp_in.o,
by_pc,2147507882,2,2,4,6,2,0,0,0,0,tcp_receive,/Users/swchen.tw/git/percepio/poc/runs/tcp-workload-matrix-v1/A04-pbuf/build/tcp_in.o,
by_pc,2147507886,2,2,4,6,2,0,0,0,0,tcp_receive,/Users/swchen.tw/git/percepio/poc/runs/tcp-workload-matrix-v1/A04-pbuf/build/tcp_in.o,
by_pc,2147507888,2,2,4,6,2,0,0,0,0,tcp_receive,/Users/swchen.tw/git/percepio/poc/runs/tcp-workload-matrix-v1/A04-pbuf/build/tcp_in.o,
by_pc,2147507892,2,2,4,6,2,0,0,0,0,tcp_receive,/Users/swchen.tw/git/percepio/poc/runs/tcp-workload-matrix-v1/A04-pbuf/build/tcp_in.o,
by_pc,2147507894,2,2,4,6,2,0,0,0,0,tcp_receive,/Users/swchen.tw/git/percepio/poc/runs/tcp-workload-matrix-v1/A04-pbuf/build/tcp_in.o,
by_pc,2147507896,2,2,4,6,2,0,0,0,0,tcp_receive,/Users/swchen.tw/git/percepio/poc/runs/tcp-workload-matrix-v1/A04-pbuf/build/tcp_in.o,
by_pc,2147507898,2,2,4,6,2,0,0,0,0,tcp_receive,/Users/swchen.tw/git/percepio/poc/runs/tcp-workload-matrix-v1/A04-pbuf/build/tcp_in.o,
by_pc,2147507902,2,2,4,6,2,0,0,0,0,tcp_receive,/Users/swchen.tw/git/percepio/poc/runs/tcp-workload-matrix-v1/A04-pbuf/build/tcp_in.o,
by_pc,2147507904,2,36,72,74,2,0,16,18,0,tcp_receive,/Users/swchen.tw/git/percepio/poc/runs/tcp-workload-matrix-v1/A04-pbuf/build/tcp_in.o,
by_pc,2147507908,3,3,6,9,3,0,0,0,0,tcp_receive,/Users/swchen.tw/git/percepio/poc/runs/tcp-workload-matrix-v1/A04-pbuf/build/tcp_in.o,
by_pc,2147507910,3,3,6,9,3,0,0,0,0,tcp_receive,/Users/swchen.tw/git/percepio/poc/runs/tcp-workload-matrix-v1/A04-pbuf/build/tcp_in.o,
by_pc,2147507912,3,3,6,9,3,0,0,0,0,tcp_receive,/Users/swchen.tw/git/percepio/poc/runs/tcp-workload-matrix-v1/A04-pbuf/build/tcp_in.o,
by_pc,2147507918,3,63,126,129,3,3,24,0,33,tcp_receive,/Users/swchen.tw/git/percepio/poc/runs/tcp-workload-matrix-v1/A04-pbuf/build/tcp_in.o,
by_pc,2147507922,3,3,6,9,3,0,0,0,0,tcp_receive,/Users/swchen.tw/git/percepio/poc/runs/tcp-workload-matrix-v1/A04-pbuf/build/tcp_in.o,
by_pc,2147507946,10,20,40,50,10,10,0,0,0,tcp_receive,/Users/swchen.tw/git/percepio/poc/runs/tcp-workload-matrix-v1/A04-pbuf/build/tcp_in.o,
by_pc,2147507948,10,10,20,30,10,0,0,0,0,tcp_receive,/Users/swchen.tw/git/percepio/poc/runs/tcp-workload-matrix-v1/A04-pbuf/build/tcp_in.o,
by_pc,2147507950,10,10,20,30,10,0,0,0,0,tcp_receive,/Users/swchen.tw/git/percepio/poc/runs/tcp-workload-matrix-v1/A04-pbuf/build/tcp_in.o,
by_pc,2147506686,20,118,236,256,20,0,80,18,0,tcp_free_acked_segments.isra.0,/Users/swchen.tw/git/percepio/poc/runs/tcp-workload-matrix-v1/A04-pbuf/build/tcp_in.o,
by_pc,2147506688,20,518,1036,1056,20,20,240,18,220,tcp_free_acked_segments.isra.0,/Users/swchen.tw/git/percepio/poc/runs/tcp-workload-matrix-v1/A04-pbuf/build/tcp_in.o,
by_pc,2147506690,20,420,840,860,20,20,160,0,220,tcp_free_acked_segments.isra.0,/Users/swchen.tw/git/percepio/poc/runs/tcp-workload-matrix-v1/A04-pbuf/build/tcp_in.o,
by_pc,2147506692,20,420,840,860,20,20,160,0,220,tcp_free_acked_segments.isra.0,/Users/swchen.tw/git/percepio/poc/runs/tcp-workload-matrix-v1/A04-pbuf/build/tcp_in.o,
by_pc,2147506694,20,420,840,860,20,20,160,0,220,tcp_free_acked_segments.isra.0,/Users/swchen.tw/git/percepio/poc/runs/tcp-workload-matrix-v1/A04-pbuf/build/tcp_in.o,
by_pc,2147506696,20,420,840,860,20,20,160,0,220,tcp_free_acked_segments.isra.0,/Users/swchen.tw/git/percepio/poc/runs/tcp-workload-matrix-v1/A04-pbuf/build/tcp_in.o,
by_pc,2147506698,20,420,840,860,20,20,160,0,220,tcp_free_acked_segments.isra.0,/Users/swchen.tw/git/percepio/poc/runs/tcp-workload-matrix-v1/A04-pbuf/build/tcp_in.o,
by_pc,2147506700,20,420,840,860,20,20,160,0,220,tcp_free_acked_segments.isra.0,/Users/swchen.tw/git/percepio/poc/runs/tcp-workload-matrix-v1/A04-pbuf/build/tcp_in.o,
by_pc,2147506702,20,20,40,60,20,0,0,0,0,tcp_free_acked_segments.isra.0,/Users/swchen.tw/git/percepio/poc/runs/tcp-workload-matrix-v1/A04-pbuf/build/tcp_in.o,
by_pc,2147506704,20,20,40,60,20,0,0,0,0,tcp_free_acked_segments.isra.0,/Users/swchen.tw/git/percepio/poc/runs/tcp-workload-matrix-v1/A04-pbuf/build/tcp_in.o,
by_pc,2147506706,30,30,60,90,30,0,0,0,0,tcp_free_acked_segments.isra.0,/Users/swchen.tw/git/percepio/poc/runs/tcp-workload-matrix-v1/A04-pbuf/build/tcp_in.o,
by_pc,2147506708,10,20,40,50,10,10,0,0,0,tcp_free_acked_segments.isra.0,/Users/swchen.tw/git/percepio/poc/runs/tcp-workload-matrix-v1/A04-pbuf/build/tcp_in.o,
by_pc,2147506710,10,20,40,50,10,10,0,0,0,tcp_free_acked_segments.isra.0,/Users/swchen.tw/git/percepio/poc/runs/tcp-workload-matrix-v1/A04-pbuf/build/tcp_in.o,
by_pc,2147506714,10,20,40,50,10,10,0,0,0,tcp_free_acked_segments.isra.0,/Users/swchen.tw/git/percepio/poc/runs/tcp-workload-matrix-v1/A04-pbuf/build/tcp_in.o,
by_pc,2147506718,10,20,40,50,10,10,0,0,0,tcp_free_acked_segments.isra.0,/Users/swchen.tw/git/percepio/poc/runs/tcp-workload-matrix-v1/A04-pbuf/build/tcp_in.o,
by_pc,2147506722,10,20,40,50,10,10,0,0,0,tcp_free_acked_segments.isra.0,/Users/swchen.tw/git/percepio/poc/runs/tcp-workload-matrix-v1/A04-pbuf/build/tcp_in.o,
by_pc,2147506726,10,10,20,30,10,0,0,0,0,tcp_free_acked_segments.isra.0,/Users/swchen.tw/git/percepio/poc/runs/tcp-workload-matrix-v1/A04-pbuf/build/tcp_in.o,
by_pc,2147506728,10,10,20,30,10,0,0,0,0,tcp_free_acked_segments.isra.0,/Users/swchen.tw/git/percepio/poc/runs/tcp-workload-matrix-v1/A04-pbuf/build/tcp_in.o,
by_pc,2147506730,10,20,40,50,10,10,0,0,0,tcp_free_acked_segments.isra.0,/Users/swchen.tw/git/percepio/poc/runs/tcp-workload-matrix-v1/A04-pbuf/build/tcp_in.o,
by_pc,2147506734,10,10,20,30,10,0,0,0,0,tcp_free_acked_segments.isra.0,/Users/swchen.tw/git/percepio/poc/runs/tcp-workload-matrix-v1/A04-pbuf/build/tcp_in.o,
by_pc,2147506736,10,10,20,30,10,0,0,0,0,tcp_free_acked_segments.isra.0,/Users/swchen.tw/git/percepio/poc/runs/tcp-workload-matrix-v1/A04-pbuf/build/tcp_in.o,
by_pc,2147506738,10,10,20,30,10,0,0,0,0,tcp_free_acked_segments.isra.0,/Users/swchen.tw/git/percepio/poc/runs/tcp-workload-matrix-v1/A04-pbuf/build/tcp_in.o,
by_pc,2147506740,10,10,20,30,10,0,0,0,0,tcp_free_acked_segments.isra.0,/Users/swchen.tw/git/percepio/poc/runs/tcp-workload-matrix-v1/A04-pbuf/build/tcp_in.o,
by_pc,2147506742,10,10,20,30,10,0,0,0,0,tcp_free_acked_segments.isra.0,/Users/swchen.tw/git/percepio/poc/runs/tcp-workload-matrix-v1/A04-pbuf/build/tcp_in.o,
by_pc,2147506746,10,20,40,50,10,10,0,0,0,tcp_free_acked_segments.isra.0,/Users/swchen.tw/git/percepio/poc/runs/tcp-workload-matrix-v1/A04-pbuf/build/tcp_in.o,
by_pc,2147506748,10,10,20,30,10,0,0,0,0,tcp_free_acked_segments.isra.0,/Users/swchen.tw/git/percepio/poc/runs/tcp-workload-matrix-v1/A04-pbuf/build/tcp_in.o,
by_pc,2147506750,10,128,256,266,20,10,80,18,0,tcp_free_acked_segments.isra.0,/Users/swchen.tw/git/percepio/poc/runs/tcp-workload-matrix-v1/A04-pbuf/build/tcp_in.o,
by_pc,2147506754,10,20,40,50,10,10,0,0,0,tcp_free_acked_segments.isra.0,/Users/swchen.tw/git/percepio/poc/runs/tcp-workload-matrix-v1/A04-pbuf/build/tcp_in.o,
by_pc,2147506758,10,20,40,50,10,10,0,0,0,tcp_free_acked_segments.isra.0,/Users/swchen.tw/git/percepio/poc/runs/tcp-workload-matrix-v1/A04-pbuf/build/tcp_in.o,
by_pc,2147506762,10,10,20,30,10,0,0,0,0,tcp_free_acked_segments.isra.0,/Users/swchen.tw/git/percepio/poc/runs/tcp-workload-matrix-v1/A04-pbuf/build/tcp_in.o,
by_pc,2147506766,10,10,20,30,10,0,0,0,0,tcp_free_acked_segments.isra.0,/Users/swchen.tw/git/percepio/poc/runs/tcp-workload-matrix-v1/A04-pbuf/build/tcp_in.o,
by_pc,2147506770,10,10,20,30,10,0,0,0,0,tcp_free_acked_segments.isra.0,/Users/swchen.tw/git/percepio/poc/runs/tcp-workload-matrix-v1/A04-pbuf/build/tcp_in.o,
by_pc,2147506772,10,10,20,30,10,0,0,0,0,tcp_free_acked_segments.isra.0,/Users/swchen.tw/git/percepio/poc/runs/tcp-workload-matrix-v1/A04-pbuf/build/tcp_in.o,
by_pc,2147506774,10,10,20,30,10,0,0,0,0,tcp_free_acked_segments.isra.0,/Users/swchen.tw/git/percepio/poc/runs/tcp-workload-matrix-v1/A04-pbuf/build/tcp_in.o,
by_pc,2147506778,10,10,20,30,10,0,0,0,0,tcp_free_acked_segments.isra.0,/Users/swchen.tw/git/percepio/poc/runs/tcp-workload-matrix-v1/A04-pbuf/build/tcp_in.o,
by_pc,2147506780,10,10,20,30,10,0,0,0,0,tcp_free_acked_segments.isra.0,/Users/swchen.tw/git/percepio/poc/runs/tcp-workload-matrix-v1/A04-pbuf/build/tcp_in.o,
by_pc,2147506784,10,10,20,30,10,0,0,0,0,tcp_free_acked_segments.isra.0,/Users/swchen.tw/git/percepio/poc/runs/tcp-workload-matrix-v1/A04-pbuf/build/tcp_in.o,
by_pc,2147506786,10,10,20,30,10,0,0,0,0,tcp_free_acked_segments.isra.0,/Users/swchen.tw/git/percepio/poc/runs/tcp-workload-matrix-v1/A04-pbuf/build/tcp_in.o,
by_pc,2147506810,10,20,40,50,10,10,0,0,0,tcp_free_acked_segments.isra.0,/Users/swchen.tw/git/percepio/poc/runs/tcp-workload-matrix-v1/A04-pbuf/build/tcp_in.o,
by_pc,2147506812,10,20,40,50,10,10,0,0,0,tcp_free_acked_segments.isra.0,/Users/swchen.tw/git/percepio/poc/runs/tcp-workload-matrix-v1/A04-pbuf/build/tcp_in.o,
by_pc,2147506814,10,20,40,50,20,0,0,0,0,tcp_free_acked_segments.isra.0,/Users/swchen.tw/git/percepio/poc/runs/tcp-workload-matrix-v1/A04-pbuf/build/tcp_in.o,
by_pc,2147506818,10,20,40,50,10,10,0,0,0,tcp_free_acked_segments.isra.0,/Users/swchen.tw/git/percepio/poc/runs/tcp-workload-matrix-v1/A04-pbuf/build/tcp_in.o,
by_pc,2147506822,10,20,40,50,10,10,0,0,0,tcp_free_acked_segments.isra.0,/Users/swchen.tw/git/percepio/poc/runs/tcp-workload-matrix-v1/A04-pbuf/build/tcp_in.o,
by_pc,2147506826,10,10,20,30,10,0,0,0,0,tcp_free_acked_segments.isra.0,/Users/swchen.tw/git/percepio/poc/runs/tcp-workload-matrix-v1/A04-pbuf/build/tcp_in.o,
by_pc,2147506828,10,210,420,430,10,10,80,0,110,tcp_free_acked_segments.isra.0,/Users/swchen.tw/git/percepio/poc/runs/tcp-workload-matrix-v1/A04-pbuf/build/tcp_in.o,
by_pc,2147506832,10,20,40,50,10,10,0,0,0,tcp_free_acked_segments.isra.0,/Users/swchen.tw/git/percepio/poc/runs/tcp-workload-matrix-v1/A04-pbuf/build/tcp_in.o,
by_pc,2147506836,10,10,20,30,10,0,0,0,0,tcp_free_acked_segments.isra.0,/Users/swchen.tw/git/percepio/poc/runs/tcp-workload-matrix-v1/A04-pbuf/build/tcp_in.o,
by_pc,2147506838,10,10,20,30,10,0,0,0,0,tcp_free_acked_segments.isra.0,/Users/swchen.tw/git/percepio/poc/runs/tcp-workload-matrix-v1/A04-pbuf/build/tcp_in.o,
by_pc,2147506840,10,10,20,30,10,0,0,0,0,tcp_free_acked_segments.isra.0,/Users/swchen.tw/git/percepio/poc/runs/tcp-workload-matrix-v1/A04-pbuf/build/tcp_in.o,
by_pc,2147506842,10,210,420,430,10,10,80,0,110,tcp_free_acked_segments.isra.0,/Users/swchen.tw/git/percepio/poc/runs/tcp-workload-matrix-v1/A04-pbuf/build/tcp_in.o,
by_pc,2147506846,10,10,20,30,10,0,0,0,0,tcp_free_acked_segments.isra.0,/Users/swchen.tw/git/percepio/poc/runs/tcp-workload-matrix-v1/A04-pbuf/build/tcp_in.o,
by_pc,2147503330,10,108,216,226,10,0,80,18,0,tcp_seg_free,/Users/swchen.tw/git/percepio/poc/runs/tcp-workload-matrix-v1/A04-pbuf/build/tcp.o,
by_pc,2147503332,10,10,20,30,10,0,0,0,0,tcp_seg_free,/Users/swchen.tw/git/percepio/poc/runs/tcp-workload-matrix-v1/A04-pbuf/build/tcp.o,
by_pc,2147503334,10,20,40,50,10,10,0,0,0,tcp_seg_free,/Users/swchen.tw/git/percepio/poc/runs/tcp-workload-matrix-v1/A04-pbuf/build/tcp.o,
by_pc,2147503336,10,10,20,30,10,0,0,0,0,tcp_seg_free,/Users/swchen.tw/git/percepio/poc/runs/tcp-workload-matrix-v1/A04-pbuf/build/tcp.o,
by_pc,2147503338,10,10,20,30,10,0,0,0,0,tcp_seg_free,/Users/swchen.tw/git/percepio/poc/runs/tcp-workload-matrix-v1/A04-pbuf/build/tcp.o,
by_pc,2147503340,10,210,420,430,10,10,80,0,110,tcp_seg_free,/Users/swchen.tw/git/percepio/poc/runs/tcp-workload-matrix-v1/A04-pbuf/build/tcp.o,
by_pc,2147503342,10,210,420,430,10,10,80,0,110,tcp_seg_free,/Users/swchen.tw/git/percepio/poc/runs/tcp-workload-matrix-v1/A04-pbuf/build/tcp.o,
by_pc,2147503344,10,10,20,30,10,0,0,0,0,tcp_seg_free,/Users/swchen.tw/git/percepio/poc/runs/tcp-workload-matrix-v1/A04-pbuf/build/tcp.o,
by_pc,2147500274,11,11,22,33,11,0,0,0,0,mem_free,/Users/swchen.tw/git/percepio/poc/runs/tcp-workload-matrix-v1/A04-pbuf/build/mem.o,
by_pc,2147500276,11,22,44,55,11,11,0,0,0,mem_free,/Users/swchen.tw/git/percepio/poc/runs/tcp-workload-matrix-v1/A04-pbuf/build/mem.o,
by_pc,2147500280,11,11,22,33,11,0,0,0,0,mem_free,/Users/swchen.tw/git/percepio/poc/runs/tcp-workload-matrix-v1/A04-pbuf/build/mem.o,
by_pc,2147500284,11,11,22,33,11,0,0,0,0,mem_free,/Users/swchen.tw/git/percepio/poc/runs/tcp-workload-matrix-v1/A04-pbuf/build/mem.o,
by_pc,2147500188,14,14,28,42,14,0,0,0,0,mem_free,/Users/swchen.tw/git/percepio/poc/runs/tcp-workload-matrix-v1/A04-pbuf/build/mem.o,
by_pc,2147500192,14,28,56,70,14,14,0,0,0,mem_free,/Users/swchen.tw/git/percepio/poc/runs/tcp-workload-matrix-v1/A04-pbuf/build/mem.o,
by_pc,2147500196,14,14,28,42,14,0,0,0,0,mem_free,/Users/swchen.tw/git/percepio/poc/runs/tcp-workload-matrix-v1/A04-pbuf/build/mem.o,
by_pc,2147500202,14,28,56,70,14,14,0,0,0,mem_free,/Users/swchen.tw/git/percepio/poc/runs/tcp-workload-matrix-v1/A04-pbuf/build/mem.o,
by_pc,2147500206,14,14,28,42,14,0,0,0,0,mem_free,/Users/swchen.tw/git/percepio/poc/runs/tcp-workload-matrix-v1/A04-pbuf/build/mem.o,
by_pc,2147500208,14,294,588,602,14,14,112,0,154,mem_free,/Users/swchen.tw/git/percepio/poc/runs/tcp-workload-matrix-v1/A04-pbuf/build/mem.o,
by_pc,2147500212,14,14,28,42,14,0,0,0,0,mem_free,/Users/swchen.tw/git/percepio/poc/runs/tcp-workload-matrix-v1/A04-pbuf/build/mem.o,
by_pc,2147500234,11,22,44,55,11,11,0,0,0,mem_free,/Users/swchen.tw/git/percepio/poc/runs/tcp-workload-matrix-v1/A04-pbuf/build/mem.o,
by_pc,2147500238,11,11,22,33,11,0,0,0,0,mem_free,/Users/swchen.tw/git/percepio/poc/runs/tcp-workload-matrix-v1/A04-pbuf/build/mem.o,
by_pc,2147503348,10,20,40,50,10,10,0,0,0,tcp_seg_free,/Users/swchen.tw/git/percepio/poc/runs/tcp-workload-matrix-v1/A04-pbuf/build/tcp.o,
by_pc,2147503350,10,20,40,50,10,10,0,0,0,tcp_seg_free,/Users/swchen.tw/git/percepio/poc/runs/tcp-workload-matrix-v1/A04-pbuf/build/tcp.o,
by_pc,2147503352,10,10,20,30,10,0,0,0,0,tcp_seg_free,/Users/swchen.tw/git/percepio/poc/runs/tcp-workload-matrix-v1/A04-pbuf/build/tcp.o,
by_pc,2147503354,10,10,20,30,10,0,0,0,0,tcp_seg_free,/Users/swchen.tw/git/percepio/poc/runs/tcp-workload-matrix-v1/A04-pbuf/build/tcp.o,
by_pc,2147503356,10,10,20,30,10,0,0,0,0,tcp_seg_free,/Users/swchen.tw/git/percepio/poc/runs/tcp-workload-matrix-v1/A04-pbuf/build/tcp.o,
by_pc,2147506850,10,10,20,30,10,0,0,0,0,tcp_free_acked_segments.isra.0,/Users/swchen.tw/git/percepio/poc/runs/tcp-workload-matrix-v1/A04-pbuf/build/tcp_in.o,
by_pc,2147506790,20,40,80,100,20,20,0,0,0,tcp_free_acked_segments.isra.0,/Users/swchen.tw/git/percepio/poc/runs/tcp-workload-matrix-v1/A04-pbuf/build/tcp_in.o,
by_pc,2147506792,20,20,40,60,20,0,0,0,0,tcp_free_acked_segments.isra.0,/Users/swchen.tw/git/percepio/poc/runs/tcp-workload-matrix-v1/A04-pbuf/build/tcp_in.o,
by_pc,2147506794,20,40,80,100,20,20,0,0,0,tcp_free_acked_segments.isra.0,/Users/swchen.tw/git/percepio/poc/runs/tcp-workload-matrix-v1/A04-pbuf/build/tcp_in.o,
by_pc,2147506796,20,40,80,100,20,20,0,0,0,tcp_free_acked_segments.isra.0,/Users/swchen.tw/git/percepio/poc/runs/tcp-workload-matrix-v1/A04-pbuf/build/tcp_in.o,
by_pc,2147506798,20,40,80,100,20,20,0,0,0,tcp_free_acked_segments.isra.0,/Users/swchen.tw/git/percepio/poc/runs/tcp-workload-matrix-v1/A04-pbuf/build/tcp_in.o,
by_pc,2147506800,20,40,80,100,20,20,0,0,0,tcp_free_acked_segments.isra.0,/Users/swchen.tw/git/percepio/poc/runs/tcp-workload-matrix-v1/A04-pbuf/build/tcp_in.o,
by_pc,2147506802,20,40,80,100,20,20,0,0,0,tcp_free_acked_segments.isra.0,/Users/swchen.tw/git/percepio/poc/runs/tcp-workload-matrix-v1/A04-pbuf/build/tcp_in.o,
by_pc,2147506804,20,40,80,100,20,20,0,0,0,tcp_free_acked_segments.isra.0,/Users/swchen.tw/git/percepio/poc/runs/tcp-workload-matrix-v1/A04-pbuf/build/tcp_in.o,
by_pc,2147506806,20,20,40,60,20,0,0,0,0,tcp_free_acked_segments.isra.0,/Users/swchen.tw/git/percepio/poc/runs/tcp-workload-matrix-v1/A04-pbuf/build/tcp_in.o,
by_pc,2147506808,20,20,40,60,20,0,0,0,0,tcp_free_acked_segments.isra.0,/Users/swchen.tw/git/percepio/poc/runs/tcp-workload-matrix-v1/A04-pbuf/build/tcp_in.o,
by_pc,2147507954,10,20,40,50,10,10,0,0,0,tcp_receive,/Users/swchen.tw/git/percepio/poc/runs/tcp-workload-matrix-v1/A04-pbuf/build/tcp_in.o,
by_pc,2147507956,10,210,420,430,10,10,80,0,110,tcp_receive,/Users/swchen.tw/git/percepio/poc/runs/tcp-workload-matrix-v1/A04-pbuf/build/tcp_in.o,
by_pc,2147507958,10,10,20,30,10,0,0,0,0,tcp_receive,/Users/swchen.tw/git/percepio/poc/runs/tcp-workload-matrix-v1/A04-pbuf/build/tcp_in.o,
by_pc,2147507960,10,10,20,30,10,0,0,0,0,tcp_receive,/Users/swchen.tw/git/percepio/poc/runs/tcp-workload-matrix-v1/A04-pbuf/build/tcp_in.o,
by_pc,2147507964,10,20,40,50,10,10,0,0,0,tcp_receive,/Users/swchen.tw/git/percepio/poc/runs/tcp-workload-matrix-v1/A04-pbuf/build/tcp_in.o,
by_pc,2147507966,10,128,256,266,20,10,80,18,0,tcp_receive,/Users/swchen.tw/git/percepio/poc/runs/tcp-workload-matrix-v1/A04-pbuf/build/tcp_in.o,
by_pc,2147507970,10,210,420,430,10,10,80,0,110,tcp_receive,/Users/swchen.tw/git/percepio/poc/runs/tcp-workload-matrix-v1/A04-pbuf/build/tcp_in.o,
by_pc,2147507972,10,10,20,30,10,0,0,0,0,tcp_receive,/Users/swchen.tw/git/percepio/poc/runs/tcp-workload-matrix-v1/A04-pbuf/build/tcp_in.o,
by_pc,2147507976,10,10,20,30,10,0,0,0,0,tcp_receive,/Users/swchen.tw/git/percepio/poc/runs/tcp-workload-matrix-v1/A04-pbuf/build/tcp_in.o,
by_pc,2147507980,10,210,420,430,10,10,80,0,110,tcp_receive,/Users/swchen.tw/git/percepio/poc/runs/tcp-workload-matrix-v1/A04-pbuf/build/tcp_in.o,
by_pc,2147507984,10,20,40,50,10,10,0,0,0,tcp_receive,/Users/swchen.tw/git/percepio/poc/runs/tcp-workload-matrix-v1/A04-pbuf/build/tcp_in.o,
by_pc,2147507988,10,210,420,430,10,10,80,0,110,tcp_receive,/Users/swchen.tw/git/percepio/poc/runs/tcp-workload-matrix-v1/A04-pbuf/build/tcp_in.o,
by_pc,2147507992,10,10,20,30,10,0,0,0,0,tcp_receive,/Users/swchen.tw/git/percepio/poc/runs/tcp-workload-matrix-v1/A04-pbuf/build/tcp_in.o,
by_pc,2147507994,10,210,420,430,10,10,80,0,110,tcp_receive,/Users/swchen.tw/git/percepio/poc/runs/tcp-workload-matrix-v1/A04-pbuf/build/tcp_in.o,
by_pc,2147507998,10,20,40,50,10,10,0,0,0,tcp_receive,/Users/swchen.tw/git/percepio/poc/runs/tcp-workload-matrix-v1/A04-pbuf/build/tcp_in.o,
by_pc,2147508002,10,10,20,30,10,0,0,0,0,tcp_receive,/Users/swchen.tw/git/percepio/poc/runs/tcp-workload-matrix-v1/A04-pbuf/build/tcp_in.o,
by_pc,2147508006,10,10,20,30,10,0,0,0,0,tcp_receive,/Users/swchen.tw/git/percepio/poc/runs/tcp-workload-matrix-v1/A04-pbuf/build/tcp_in.o,
by_pc,2147507098,13,124,248,261,13,13,80,18,0,tcp_receive,/Users/swchen.tw/git/percepio/poc/runs/tcp-workload-matrix-v1/A04-pbuf/build/tcp_in.o,
by_pc,2147507100,13,13,26,39,13,0,0,0,0,tcp_receive,/Users/swchen.tw/git/percepio/poc/runs/tcp-workload-matrix-v1/A04-pbuf/build/tcp_in.o,
by_pc,2147507182,13,92,184,197,13,13,48,18,0,tcp_receive,/Users/swchen.tw/git/percepio/poc/runs/tcp-workload-matrix-v1/A04-pbuf/build/tcp_in.o,
by_pc,2147507186,13,26,52,65,13,13,0,0,0,tcp_receive,/Users/swchen.tw/git/percepio/poc/runs/tcp-workload-matrix-v1/A04-pbuf/build/tcp_in.o,
by_pc,2147507190,13,26,52,65,13,13,0,0,0,tcp_receive,/Users/swchen.tw/git/percepio/poc/runs/tcp-workload-matrix-v1/A04-pbuf/build/tcp_in.o,
by_pc,2147507192,13,13,26,39,13,0,0,0,0,tcp_receive,/Users/swchen.tw/git/percepio/poc/runs/tcp-workload-matrix-v1/A04-pbuf/build/tcp_in.o,
by_pc,2147509238,10,100,200,210,10,0,72,18,0,tcp_receive,/Users/swchen.tw/git/percepio/poc/runs/tcp-workload-matrix-v1/A04-pbuf/build/tcp_in.o,
by_pc,2147509242,10,10,20,30,10,0,0,0,0,tcp_receive,/Users/swchen.tw/git/percepio/poc/runs/tcp-workload-matrix-v1/A04-pbuf/build/tcp_in.o,
by_pc,2147509246,10,10,20,30,10,0,0,0,0,tcp_receive,/Users/swchen.tw/git/percepio/poc/runs/tcp-workload-matrix-v1/A04-pbuf/build/tcp_in.o,
by_pc,2147509248,10,20,40,50,10,10,0,0,0,tcp_receive,/Users/swchen.tw/git/percepio/poc/runs/tcp-workload-matrix-v1/A04-pbuf/build/tcp_in.o,
by_pc,2147509252,10,10,20,30,10,0,0,0,0,tcp_receive,/Users/swchen.tw/git/percepio/poc/runs/tcp-workload-matrix-v1/A04-pbuf/build/tcp_in.o,
by_pc,2147509254,10,10,20,30,10,0,0,0,0,tcp_receive,/Users/swchen.tw/git/percepio/poc/runs/tcp-workload-matrix-v1/A04-pbuf/build/tcp_in.o,
by_pc,2147509256,10,10,20,30,10,0,0,0,0,tcp_receive,/Users/swchen.tw/git/percepio/poc/runs/tcp-workload-matrix-v1/A04-pbuf/build/tcp_in.o,
by_pc,2147508614,13,84,168,181,13,13,40,18,0,tcp_receive,/Users/swchen.tw/git/percepio/poc/runs/tcp-workload-matrix-v1/A04-pbuf/build/tcp_in.o,
by_pc,2147508616,13,26,52,65,13,13,0,0,0,tcp_receive,/Users/swchen.tw/git/percepio/poc/runs/tcp-workload-matrix-v1/A04-pbuf/build/tcp_in.o,
by_pc,2147508618,13,26,52,65,13,13,0,0,0,tcp_receive,/Users/swchen.tw/git/percepio/poc/runs/tcp-workload-matrix-v1/A04-pbuf/build/tcp_in.o,
by_pc,2147508620,13,26,52,65,13,13,0,0,0,tcp_receive,/Users/swchen.tw/git/percepio/poc/runs/tcp-workload-matrix-v1/A04-pbuf/build/tcp_in.o,
by_pc,2147508622,13,26,52,65,13,13,0,0,0,tcp_receive,/Users/swchen.tw/git/percepio/poc/runs/tcp-workload-matrix-v1/A04-pbuf/build/tcp_in.o,
by_pc,2147508624,13,26,52,65,13,13,0,0,0,tcp_receive,/Users/swchen.tw/git/percepio/poc/runs/tcp-workload-matrix-v1/A04-pbuf/build/tcp_in.o,
by_pc,2147508626,13,26,52,65,13,13,0,0,0,tcp_receive,/Users/swchen.tw/git/percepio/poc/runs/tcp-workload-matrix-v1/A04-pbuf/build/tcp_in.o,
by_pc,2147508628,13,26,52,65,13,13,0,0,0,tcp_receive,/Users/swchen.tw/git/percepio/poc/runs/tcp-workload-matrix-v1/A04-pbuf/build/tcp_in.o,
by_pc,2147508630,13,13,26,39,13,0,0,0,0,tcp_receive,/Users/swchen.tw/git/percepio/poc/runs/tcp-workload-matrix-v1/A04-pbuf/build/tcp_in.o,
by_pc,2147508632,13,13,26,39,13,0,0,0,0,tcp_receive,/Users/swchen.tw/git/percepio/poc/runs/tcp-workload-matrix-v1/A04-pbuf/build/tcp_in.o,
by_pc,2147511634,1,2,4,5,1,1,0,0,0,tcp_input,/Users/swchen.tw/git/percepio/poc/runs/tcp-workload-matrix-v1/A04-pbuf/build/tcp_in.o,
by_pc,2147511638,1,1,2,3,1,0,0,0,0,tcp_input,/Users/swchen.tw/git/percepio/poc/runs/tcp-workload-matrix-v1/A04-pbuf/build/tcp_in.o,
by_pc,2147511646,1,2,4,5,1,1,0,0,0,tcp_input,/Users/swchen.tw/git/percepio/poc/runs/tcp-workload-matrix-v1/A04-pbuf/build/tcp_in.o,
by_pc,2147511650,1,1,2,3,1,0,0,0,0,tcp_input,/Users/swchen.tw/git/percepio/poc/runs/tcp-workload-matrix-v1/A04-pbuf/build/tcp_in.o,
by_pc,2147511652,1,1,2,3,1,0,0,0,0,tcp_input,/Users/swchen.tw/git/percepio/poc/runs/tcp-workload-matrix-v1/A04-pbuf/build/tcp_in.o,
by_pc,2147511656,1,1,2,3,1,0,0,0,0,tcp_input,/Users/swchen.tw/git/percepio/poc/runs/tcp-workload-matrix-v1/A04-pbuf/build/tcp_in.o,
by_pc,2147511660,1,1,2,3,1,0,0,0,0,tcp_input,/Users/swchen.tw/git/percepio/poc/runs/tcp-workload-matrix-v1/A04-pbuf/build/tcp_in.o,
by_pc,2147511662,1,1,2,3,1,0,0,0,0,tcp_input,/Users/swchen.tw/git/percepio/poc/runs/tcp-workload-matrix-v1/A04-pbuf/build/tcp_in.o,
by_pc,2147511664,1,1,2,3,1,0,0,0,0,tcp_input,/Users/swchen.tw/git/percepio/poc/runs/tcp-workload-matrix-v1/A04-pbuf/build/tcp_in.o,
by_pc,2147511668,1,1,2,3,1,0,0,0,0,tcp_input,/Users/swchen.tw/git/percepio/poc/runs/tcp-workload-matrix-v1/A04-pbuf/build/tcp_in.o,
by_pc,2147511670,1,1,2,3,1,0,0,0,0,tcp_input,/Users/swchen.tw/git/percepio/poc/runs/tcp-workload-matrix-v1/A04-pbuf/build/tcp_in.o,
by_pc,2147511674,1,1,2,3,1,0,0,0,0,tcp_input,/Users/swchen.tw/git/percepio/poc/runs/tcp-workload-matrix-v1/A04-pbuf/build/tcp_in.o,
by_pc,2147511676,1,1,2,3,1,0,0,0,0,tcp_input,/Users/swchen.tw/git/percepio/poc/runs/tcp-workload-matrix-v1/A04-pbuf/build/tcp_in.o,
by_pc,2147511680,1,27,54,55,1,0,8,18,0,tcp_input,/Users/swchen.tw/git/percepio/poc/runs/tcp-workload-matrix-v1/A04-pbuf/build/tcp_in.o,
by_pc,2147511686,1,21,42,43,1,1,8,0,11,tcp_input,/Users/swchen.tw/git/percepio/poc/runs/tcp-workload-matrix-v1/A04-pbuf/build/tcp_in.o,
by_pc,2147511690,12,112,224,236,12,12,88,0,0,tcp_input,/Users/swchen.tw/git/percepio/poc/runs/tcp-workload-matrix-v1/A04-pbuf/build/tcp_in.o,
by_pc,2147511694,12,12,24,36,12,0,0,0,0,tcp_input,/Users/swchen.tw/git/percepio/poc/runs/tcp-workload-matrix-v1/A04-pbuf/build/tcp_in.o,
by_pc,2147511698,12,12,24,36,12,0,0,0,0,tcp_input,/Users/swchen.tw/git/percepio/poc/runs/tcp-workload-matrix-v1/A04-pbuf/build/tcp_in.o,
by_pc,2147511098,13,26,52,65,13,13,0,0,0,tcp_input,/Users/swchen.tw/git/percepio/poc/runs/tcp-workload-matrix-v1/A04-pbuf/build/tcp_in.o,
by_pc,2147511102,13,13,26,39,13,0,0,0,0,tcp_input,/Users/swchen.tw/git/percepio/poc/runs/tcp-workload-matrix-v1/A04-pbuf/build/tcp_in.o,
by_pc,2147511104,13,55,110,123,13,0,24,18,0,tcp_input,/Users/swchen.tw/git/percepio/poc/runs/tcp-workload-matrix-v1/A04-pbuf/build/tcp_in.o,
by_pc,2147512100,13,116,232,245,13,13,72,18,0,tcp_input,/Users/swchen.tw/git/percepio/poc/runs/tcp-workload-matrix-v1/A04-pbuf/build/tcp_in.o,
by_pc,2147512104,13,13,26,39,13,0,0,0,0,tcp_input,/Users/swchen.tw/git/percepio/poc/runs/tcp-workload-matrix-v1/A04-pbuf/build/tcp_in.o,
by_pc,2147512116,13,13,26,39,13,0,0,0,0,tcp_input,/Users/swchen.tw/git/percepio/poc/runs/tcp-workload-matrix-v1/A04-pbuf/build/tcp_in.o,
by_pc,2147512118,13,13,26,39,13,0,0,0,0,tcp_input,/Users/swchen.tw/git/percepio/poc/runs/tcp-workload-matrix-v1/A04-pbuf/build/tcp_in.o,
by_pc,2147506620,25,82,164,189,25,25,32,0,0,tcp_input_delayed_close,/Users/swchen.tw/git/percepio/poc/runs/tcp-workload-matrix-v1/A04-pbuf/build/tcp_in.o,
by_pc,2147506624,25,25,50,75,25,0,0,0,0,tcp_input_delayed_close,/Users/swchen.tw/git/percepio/poc/runs/tcp-workload-matrix-v1/A04-pbuf/build/tcp_in.o,
by_pc,2147506626,25,25,50,75,25,0,0,0,0,tcp_input_delayed_close,/Users/swchen.tw/git/percepio/poc/runs/tcp-workload-matrix-v1/A04-pbuf/build/tcp_in.o,
by_pc,2147506682,24,24,48,72,24,0,0,0,0,tcp_input_delayed_close,/Users/swchen.tw/git/percepio/poc/runs/tcp-workload-matrix-v1/A04-pbuf/build/tcp_in.o,
by_pc,2147506684,24,24,48,72,24,0,0,0,0,tcp_input_delayed_close,/Users/swchen.tw/git/percepio/poc/runs/tcp-workload-matrix-v1/A04-pbuf/build/tcp_in.o,
by_pc,2147512122,13,13,26,39,13,0,0,0,0,tcp_input,/Users/swchen.tw/git/percepio/poc/runs/tcp-workload-matrix-v1/A04-pbuf/build/tcp_in.o,
by_pc,2147512126,12,74,148,160,24,0,32,18,0,tcp_input,/Users/swchen.tw/git/percepio/poc/runs/tcp-workload-matrix-v1/A04-pbuf/build/tcp_in.o,
by_pc,2147512130,12,24,48,60,12,12,0,0,0,tcp_input,/Users/swchen.tw/git/percepio/poc/runs/tcp-workload-matrix-v1/A04-pbuf/build/tcp_in.o,
by_pc,2147512132,12,12,24,36,12,0,0,0,0,tcp_input,/Users/swchen.tw/git/percepio/poc/runs/tcp-workload-matrix-v1/A04-pbuf/build/tcp_in.o,
by_pc,2147512192,12,82,164,176,12,12,40,18,0,tcp_input,/Users/swchen.tw/git/percepio/poc/runs/tcp-workload-matrix-v1/A04-pbuf/build/tcp_in.o,
by_pc,2147512196,12,12,24,36,12,0,0,0,0,tcp_input,/Users/swchen.tw/git/percepio/poc/runs/tcp-workload-matrix-v1/A04-pbuf/build/tcp_in.o,
by_pc,2147512200,12,12,24,36,12,0,0,0,0,tcp_input,/Users/swchen.tw/git/percepio/poc/runs/tcp-workload-matrix-v1/A04-pbuf/build/tcp_in.o,
by_pc,2147512218,12,12,24,36,12,0,0,0,0,tcp_input,/Users/swchen.tw/git/percepio/poc/runs/tcp-workload-matrix-v1/A04-pbuf/build/tcp_in.o,
by_pc,2147512220,12,252,504,516,12,12,96,0,132,tcp_input,/Users/swchen.tw/git/percepio/poc/runs/tcp-workload-matrix-v1/A04-pbuf/build/tcp_in.o,
by_pc,2147512224,12,12,24,36,12,0,0,0,0,tcp_input,/Users/swchen.tw/git/percepio/poc/runs/tcp-workload-matrix-v1/A04-pbuf/build/tcp_in.o,
by_pc,2147512228,12,12,24,36,12,0,0,0,0,tcp_input,/Users/swchen.tw/git/percepio/poc/runs/tcp-workload-matrix-v1/A04-pbuf/build/tcp_in.o,
by_pc,2147512232,12,12,24,36,12,0,0,0,0,tcp_input,/Users/swchen.tw/git/percepio/poc/runs/tcp-workload-matrix-v1/A04-pbuf/build/tcp_in.o,
by_pc,2147512234,12,12,24,36,12,0,0,0,0,tcp_input,/Users/swchen.tw/git/percepio/poc/runs/tcp-workload-matrix-v1/A04-pbuf/build/tcp_in.o,
by_pc,2147515378,14,28,56,70,14,14,0,0,0,tcp_output,/Users/swchen.tw/git/percepio/poc/runs/tcp-workload-matrix-v1/A04-pbuf/build/tcp_out.o,
by_pc,2147515382,14,14,28,42,14,0,0,0,0,tcp_output,/Users/swchen.tw/git/percepio/poc/runs/tcp-workload-matrix-v1/A04-pbuf/build/tcp_out.o,
by_pc,2147515384,14,14,28,42,14,0,0,0,0,tcp_output,/Users/swchen.tw/git/percepio/poc/runs/tcp-workload-matrix-v1/A04-pbuf/build/tcp_out.o,
by_pc,2147512238,12,12,24,36,12,0,0,0,0,tcp_input,/Users/swchen.tw/git/percepio/poc/runs/tcp-workload-matrix-v1/A04-pbuf/build/tcp_in.o,
by_pc,2147510308,13,84,168,181,13,13,40,18,0,tcp_input,/Users/swchen.tw/git/percepio/poc/runs/tcp-workload-matrix-v1/A04-pbuf/build/tcp_in.o,
by_pc,2147510312,13,273,546,559,13,13,104,0,143,tcp_input,/Users/swchen.tw/git/percepio/poc/runs/tcp-workload-matrix-v1/A04-pbuf/build/tcp_in.o,
by_pc,2147510316,13,273,546,559,13,13,104,0,143,tcp_input,/Users/swchen.tw/git/percepio/poc/runs/tcp-workload-matrix-v1/A04-pbuf/build/tcp_in.o,
by_pc,2147510320,13,13,26,39,13,0,0,0,0,tcp_input,/Users/swchen.tw/git/percepio/poc/runs/tcp-workload-matrix-v1/A04-pbuf/build/tcp_in.o,
by_pc,2147510322,11,11,22,33,11,0,0,0,0,tcp_input,/Users/swchen.tw/git/percepio/poc/runs/tcp-workload-matrix-v1/A04-pbuf/build/tcp_in.o,
by_pc,2147510326,11,11,22,33,11,0,0,0,0,tcp_input,/Users/swchen.tw/git/percepio/poc/runs/tcp-workload-matrix-v1/A04-pbuf/build/tcp_in.o,
by_pc,2147510330,11,231,462,473,11,11,88,0,121,tcp_input,/Users/swchen.tw/git/percepio/poc/runs/tcp-workload-matrix-v1/A04-pbuf/build/tcp_in.o,
by_pc,2147510334,13,26,52,65,13,13,0,0,0,tcp_input,/Users/swchen.tw/git/percepio/poc/runs/tcp-workload-matrix-v1/A04-pbuf/build/tcp_in.o,
by_pc,2147510336,13,26,52,65,13,13,0,0,0,tcp_input,/Users/swchen.tw/git/percepio/poc/runs/tcp-workload-matrix-v1/A04-pbuf/build/tcp_in.o,
by_pc,2147510338,13,26,52,65,13,13,0,0,0,tcp_input,/Users/swchen.tw/git/percepio/poc/runs/tcp-workload-matrix-v1/A04-pbuf/build/tcp_in.o,
by_pc,2147510340,13,26,52,65,13,13,0,0,0,tcp_input,/Users/swchen.tw/git/percepio/poc/runs/tcp-workload-matrix-v1/A04-pbuf/build/tcp_in.o,
by_pc,2147510342,13,26,52,65,13,13,0,0,0,tcp_input,/Users/swchen.tw/git/percepio/poc/runs/tcp-workload-matrix-v1/A04-pbuf/build/tcp_in.o,
by_pc,2147510344,13,26,52,65,13,13,0,0,0,tcp_input,/Users/swchen.tw/git/percepio/poc/runs/tcp-workload-matrix-v1/A04-pbuf/build/tcp_in.o,
by_pc,2147510346,13,26,52,65,13,13,0,0,0,tcp_input,/Users/swchen.tw/git/percepio/poc/runs/tcp-workload-matrix-v1/A04-pbuf/build/tcp_in.o,
by_pc,2147510348,13,26,52,65,13,13,0,0,0,tcp_input,/Users/swchen.tw/git/percepio/poc/runs/tcp-workload-matrix-v1/A04-pbuf/build/tcp_in.o,
by_pc,2147510350,13,26,52,65,13,13,0,0,0,tcp_input,/Users/swchen.tw/git/percepio/poc/runs/tcp-workload-matrix-v1/A04-pbuf/build/tcp_in.o,
by_pc,2147510352,13,13,26,39,13,0,0,0,0,tcp_input,/Users/swchen.tw/git/percepio/poc/runs/tcp-workload-matrix-v1/A04-pbuf/build/tcp_in.o,
by_pc,2147510354,13,13,26,39,13,0,0,0,0,tcp_input,/Users/swchen.tw/git/percepio/poc/runs/tcp-workload-matrix-v1/A04-pbuf/build/tcp_in.o,
by_pc,2147497298,1,10,20,21,1,1,8,0,0,session_task,/Users/swchen.tw/git/percepio/poc/runs/tcp-workload-matrix-v1/A04-pbuf/build/tcp_request_response_irq.o,
by_pc,2147497302,1,1,2,3,1,0,0,0,0,session_task,/Users/swchen.tw/git/percepio/poc/runs/tcp-workload-matrix-v1/A04-pbuf/build/tcp_request_response_irq.o,
by_pc,2147497304,1,2,4,5,1,1,0,0,0,session_task,/Users/swchen.tw/git/percepio/poc/runs/tcp-workload-matrix-v1/A04-pbuf/build/tcp_request_response_irq.o,
by_pc,2147497306,1,1,2,3,1,0,0,0,0,session_task,/Users/swchen.tw/git/percepio/poc/runs/tcp-workload-matrix-v1/A04-pbuf/build/tcp_request_response_irq.o,
by_pc,2147497308,1,1,2,3,1,0,0,0,0,session_task,/Users/swchen.tw/git/percepio/poc/runs/tcp-workload-matrix-v1/A04-pbuf/build/tcp_request_response_irq.o,
by_pc,2147497312,1,2,4,5,1,1,0,0,0,session_task,/Users/swchen.tw/git/percepio/poc/runs/tcp-workload-matrix-v1/A04-pbuf/build/tcp_request_response_irq.o,
by_pc,2147497316,1,1,2,3,1,0,0,0,0,session_task,/Users/swchen.tw/git/percepio/poc/runs/tcp-workload-matrix-v1/A04-pbuf/build/tcp_request_response_irq.o,
by_pc,2147497334,1,1,2,3,1,0,0,0,0,session_task,/Users/swchen.tw/git/percepio/poc/runs/tcp-workload-matrix-v1/A04-pbuf/build/tcp_request_response_irq.o,
by_pc,2147497336,1,1,2,3,1,0,0,0,0,session_task,/Users/swchen.tw/git/percepio/poc/runs/tcp-workload-matrix-v1/A04-pbuf/build/tcp_request_response_irq.o,
by_pc,2147497340,1,1,2,3,1,0,0,0,0,session_task,/Users/swchen.tw/git/percepio/poc/runs/tcp-workload-matrix-v1/A04-pbuf/build/tcp_request_response_irq.o,
by_pc,2147497344,3,123,246,249,3,3,48,36,33,session_task,/Users/swchen.tw/git/percepio/poc/runs/tcp-workload-matrix-v1/A04-pbuf/build/tcp_request_response_irq.o,
by_pc,2147497348,3,3,6,9,3,0,0,0,0,session_task,/Users/swchen.tw/git/percepio/poc/runs/tcp-workload-matrix-v1/A04-pbuf/build/tcp_request_response_irq.o,
by_pc,2147497350,3,3,6,9,3,0,0,0,0,session_task,/Users/swchen.tw/git/percepio/poc/runs/tcp-workload-matrix-v1/A04-pbuf/build/tcp_request_response_irq.o,
by_pc,2147498350,2,28,56,58,2,0,8,18,0,session_task,/Users/swchen.tw/git/percepio/poc/runs/tcp-workload-matrix-v1/A04-pbuf/build/tcp_request_response_irq.o,
by_pc,2147498352,130,130,260,390,130,0,0,0,0,session_task,/Users/swchen.tw/git/percepio/poc/runs/tcp-workload-matrix-v1/A04-pbuf/build/tcp_request_response_irq.o,
by_pc,2147498356,130,130,260,390,130,0,0,0,0,session_task,/Users/swchen.tw/git/percepio/poc/runs/tcp-workload-matrix-v1/A04-pbuf/build/tcp_request_response_irq.o,
by_pc,2147498360,130,130,260,390,130,0,0,0,0,session_task,/Users/swchen.tw/git/percepio/poc/runs/tcp-workload-matrix-v1/A04-pbuf/build/tcp_request_response_irq.o,
by_pc,2147498362,130,130,260,390,130,0,0,0,0,session_task,/Users/swchen.tw/git/percepio/poc/runs/tcp-workload-matrix-v1/A04-pbuf/build/tcp_request_response_irq.o,
by_pc,2147498366,130,2948,5896,6026,260,130,1056,72,1430,session_task,/Users/swchen.tw/git/percepio/poc/runs/tcp-workload-matrix-v1/A04-pbuf/build/tcp_request_response_irq.o,
by_pc,2147498370,130,130,260,390,130,0,0,0,0,session_task,/Users/swchen.tw/git/percepio/poc/runs/tcp-workload-matrix-v1/A04-pbuf/build/tcp_request_response_irq.o,
by_pc,2147498372,130,130,260,390,130,0,0,0,0,session_task,/Users/swchen.tw/git/percepio/poc/runs/tcp-workload-matrix-v1/A04-pbuf/build/tcp_request_response_irq.o,
by_pc,2147498376,2,4,8,10,2,2,0,0,0,session_task,/Users/swchen.tw/git/percepio/poc/runs/tcp-workload-matrix-v1/A04-pbuf/build/tcp_request_response_irq.o,
by_pc,2147498378,2,4,8,10,2,2,0,0,0,session_task,/Users/swchen.tw/git/percepio/poc/runs/tcp-workload-matrix-v1/A04-pbuf/build/tcp_request_response_irq.o,
by_pc,2147498380,2,2,4,6,2,0,0,0,0,session_task,/Users/swchen.tw/git/percepio/poc/runs/tcp-workload-matrix-v1/A04-pbuf/build/tcp_request_response_irq.o,
by_pc,2147498384,2,2,4,6,2,0,0,0,0,session_task,/Users/swchen.tw/git/percepio/poc/runs/tcp-workload-matrix-v1/A04-pbuf/build/tcp_request_response_irq.o,
by_pc,2147498388,2,2,4,6,2,0,0,0,0,session_task,/Users/swchen.tw/git/percepio/poc/runs/tcp-workload-matrix-v1/A04-pbuf/build/tcp_request_response_irq.o,
by_pc,2147498392,2,2,4,6,2,0,0,0,0,session_task,/Users/swchen.tw/git/percepio/poc/runs/tcp-workload-matrix-v1/A04-pbuf/build/tcp_request_response_irq.o,
by_pc,2147498396,2,2,4,6,2,0,0,0,0,session_task,/Users/swchen.tw/git/percepio/poc/runs/tcp-workload-matrix-v1/A04-pbuf/build/tcp_request_response_irq.o,
by_pc,2147498398,2,2,4,6,2,0,0,0,0,session_task,/Users/swchen.tw/git/percepio/poc/runs/tcp-workload-matrix-v1/A04-pbuf/build/tcp_request_response_irq.o,
by_pc,2147496718,2,2,4,6,2,0,0,0,0,inject,/Users/swchen.tw/git/percepio/poc/runs/tcp-workload-matrix-v1/A04-pbuf/build/tcp_request_response_irq.o,
by_pc,2147496722,2,2,4,6,2,0,0,0,0,inject,/Users/swchen.tw/git/percepio/poc/runs/tcp-workload-matrix-v1/A04-pbuf/build/tcp_request_response_irq.o,
by_pc,2147496724,2,2,4,6,2,0,0,0,0,inject,/Users/swchen.tw/git/percepio/poc/runs/tcp-workload-matrix-v1/A04-pbuf/build/tcp_request_response_irq.o,
by_pc,2147496728,2,2,4,6,2,0,0,0,0,inject,/Users/swchen.tw/git/percepio/poc/runs/tcp-workload-matrix-v1/A04-pbuf/build/tcp_request_response_irq.o,
by_pc,2147499526,4,8,16,20,4,4,0,0,0,lwip_standard_chksum,/Users/swchen.tw/git/percepio/poc/runs/tcp-workload-matrix-v1/A04-pbuf/build/inet_chksum.o,
by_pc,2147499530,4,4,8,12,4,0,0,0,0,lwip_standard_chksum,/Users/swchen.tw/git/percepio/poc/runs/tcp-workload-matrix-v1/A04-pbuf/build/inet_chksum.o,
by_pc,2147499534,4,4,8,12,4,0,0,0,0,lwip_standard_chksum,/Users/swchen.tw/git/percepio/poc/runs/tcp-workload-matrix-v1/A04-pbuf/build/inet_chksum.o,
by_pc,2147499802,4,4,8,12,4,0,0,0,0,inet_chksum_pseudo,/Users/swchen.tw/git/percepio/poc/runs/tcp-workload-matrix-v1/A04-pbuf/build/inet_chksum.o,
by_pc,2147499806,4,4,8,12,4,0,0,0,0,inet_chksum_pseudo,/Users/swchen.tw/git/percepio/poc/runs/tcp-workload-matrix-v1/A04-pbuf/build/inet_chksum.o,
by_pc,2147499808,4,4,8,12,4,0,0,0,0,inet_chksum_pseudo,/Users/swchen.tw/git/percepio/poc/runs/tcp-workload-matrix-v1/A04-pbuf/build/inet_chksum.o,
by_pc,2147499810,4,4,8,12,4,0,0,0,0,inet_chksum_pseudo,/Users/swchen.tw/git/percepio/poc/runs/tcp-workload-matrix-v1/A04-pbuf/build/inet_chksum.o,
by_pc,2147499814,4,4,8,12,4,0,0,0,0,inet_chksum_pseudo,/Users/swchen.tw/git/percepio/poc/runs/tcp-workload-matrix-v1/A04-pbuf/build/inet_chksum.o,
by_pc,2147499818,4,4,8,12,4,0,0,0,0,inet_chksum_pseudo,/Users/swchen.tw/git/percepio/poc/runs/tcp-workload-matrix-v1/A04-pbuf/build/inet_chksum.o,
by_pc,2147499696,4,4,8,12,4,0,0,0,0,inet_chksum_pseudo,/Users/swchen.tw/git/percepio/poc/runs/tcp-workload-matrix-v1/A04-pbuf/build/inet_chksum.o,
by_pc,2147499700,4,4,8,12,4,0,0,0,0,inet_chksum_pseudo,/Users/swchen.tw/git/percepio/poc/runs/tcp-workload-matrix-v1/A04-pbuf/build/inet_chksum.o,
by_pc,2147499702,4,4,8,12,4,0,0,0,0,inet_chksum_pseudo,/Users/swchen.tw/git/percepio/poc/runs/tcp-workload-matrix-v1/A04-pbuf/build/inet_chksum.o,
by_pc,2147499704,4,4,8,12,4,0,0,0,0,inet_chksum_pseudo,/Users/swchen.tw/git/percepio/poc/runs/tcp-workload-matrix-v1/A04-pbuf/build/inet_chksum.o,
by_pc,2147499708,4,4,8,12,4,0,0,0,0,inet_chksum_pseudo,/Users/swchen.tw/git/percepio/poc/runs/tcp-workload-matrix-v1/A04-pbuf/build/inet_chksum.o,
by_pc,2147510234,2,4,8,10,2,2,0,0,0,tcp_input,/Users/swchen.tw/git/percepio/poc/runs/tcp-workload-matrix-v1/A04-pbuf/build/tcp_in.o,
by_pc,2147510238,2,2,4,6,2,0,0,0,0,tcp_input,/Users/swchen.tw/git/percepio/poc/runs/tcp-workload-matrix-v1/A04-pbuf/build/tcp_in.o,
by_pc,2147510242,2,42,84,86,2,2,16,0,22,tcp_input,/Users/swchen.tw/git/percepio/poc/runs/tcp-workload-matrix-v1/A04-pbuf/build/tcp_in.o,
by_pc,2147511786,11,117,234,245,11,0,88,18,0,tcp_input,/Users/swchen.tw/git/percepio/poc/runs/tcp-workload-matrix-v1/A04-pbuf/build/tcp_in.o,
by_pc,2147511788,11,11,22,33,11,0,0,0,0,tcp_input,/Users/swchen.tw/git/percepio/poc/runs/tcp-workload-matrix-v1/A04-pbuf/build/tcp_in.o,
by_pc,2147506912,9,9,18,27,9,0,0,0,0,tcp_receive,/Users/swchen.tw/git/percepio/poc/runs/tcp-workload-matrix-v1/A04-pbuf/build/tcp_in.o,
by_pc,2147506916,9,9,18,27,9,0,0,0,0,tcp_receive,/Users/swchen.tw/git/percepio/poc/runs/tcp-workload-matrix-v1/A04-pbuf/build/tcp_in.o,
by_pc,2147506920,9,9,18,27,9,0,0,0,0,tcp_receive,/Users/swchen.tw/git/percepio/poc/runs/tcp-workload-matrix-v1/A04-pbuf/build/tcp_in.o,
by_pc,2147506924,3,3,6,9,3,0,0,0,0,tcp_receive,/Users/swchen.tw/git/percepio/poc/runs/tcp-workload-matrix-v1/A04-pbuf/build/tcp_in.o,
by_pc,2147506928,3,6,12,15,3,3,0,0,0,tcp_receive,/Users/swchen.tw/git/percepio/poc/runs/tcp-workload-matrix-v1/A04-pbuf/build/tcp_in.o,
by_pc,2147506932,3,6,12,15,3,3,0,0,0,tcp_receive,/Users/swchen.tw/git/percepio/poc/runs/tcp-workload-matrix-v1/A04-pbuf/build/tcp_in.o,
by_pc,2147506936,3,6,12,15,3,3,0,0,0,tcp_receive,/Users/swchen.tw/git/percepio/poc/runs/tcp-workload-matrix-v1/A04-pbuf/build/tcp_in.o,
by_pc,2147506940,3,3,6,9,3,0,0,0,0,tcp_receive,/Users/swchen.tw/git/percepio/poc/runs/tcp-workload-matrix-v1/A04-pbuf/build/tcp_in.o,
by_pc,2147506942,3,3,6,9,3,0,0,0,0,tcp_receive,/Users/swchen.tw/git/percepio/poc/runs/tcp-workload-matrix-v1/A04-pbuf/build/tcp_in.o,
by_pc,2147506944,3,19,38,41,3,0,16,0,0,tcp_receive,/Users/swchen.tw/git/percepio/poc/runs/tcp-workload-matrix-v1/A04-pbuf/build/tcp_in.o,
by_pc,2147506994,3,6,12,15,3,3,0,0,0,tcp_receive,/Users/swchen.tw/git/percepio/poc/runs/tcp-workload-matrix-v1/A04-pbuf/build/tcp_in.o,
by_pc,2147506998,3,3,6,9,3,0,0,0,0,tcp_receive,/Users/swchen.tw/git/percepio/poc/runs/tcp-workload-matrix-v1/A04-pbuf/build/tcp_in.o,
by_pc,2147507196,3,6,12,15,3,3,0,0,0,tcp_receive,/Users/swchen.tw/git/percepio/poc/runs/tcp-workload-matrix-v1/A04-pbuf/build/tcp_in.o,
by_pc,2147507198,3,3,6,9,3,0,0,0,0,tcp_receive,/Users/swchen.tw/git/percepio/poc/runs/tcp-workload-matrix-v1/A04-pbuf/build/tcp_in.o,
by_pc,2147507200,3,45,90,93,3,0,24,18,0,tcp_receive,/Users/swchen.tw/git/percepio/poc/runs/tcp-workload-matrix-v1/A04-pbuf/build/tcp_in.o,
by_pc,2147507204,3,3,6,9,3,0,0,0,0,tcp_receive,/Users/swchen.tw/git/percepio/poc/runs/tcp-workload-matrix-v1/A04-pbuf/build/tcp_in.o,
by_pc,2147507208,3,3,6,9,3,0,0,0,0,tcp_receive,/Users/swchen.tw/git/percepio/poc/runs/tcp-workload-matrix-v1/A04-pbuf/build/tcp_in.o,
by_pc,2147507212,3,3,6,9,3,0,0,0,0,tcp_receive,/Users/swchen.tw/git/percepio/poc/runs/tcp-workload-matrix-v1/A04-pbuf/build/tcp_in.o,
by_pc,2147508124,3,45,90,93,3,0,24,18,0,tcp_receive,/Users/swchen.tw/git/percepio/poc/runs/tcp-workload-matrix-v1/A04-pbuf/build/tcp_in.o,
by_pc,2147508128,3,3,6,9,3,0,0,0,0,tcp_receive,/Users/swchen.tw/git/percepio/poc/runs/tcp-workload-matrix-v1/A04-pbuf/build/tcp_in.o,
by_pc,2147507310,3,48,96,99,3,3,24,18,0,tcp_receive,/Users/swchen.tw/git/percepio/poc/runs/tcp-workload-matrix-v1/A04-pbuf/build/tcp_in.o,
by_pc,2147507312,3,3,6,9,3,0,0,0,0,tcp_receive,/Users/swchen.tw/git/percepio/poc/runs/tcp-workload-matrix-v1/A04-pbuf/build/tcp_in.o,
by_pc,2147507316,3,3,6,9,3,0,0,0,0,tcp_receive,/Users/swchen.tw/git/percepio/poc/runs/tcp-workload-matrix-v1/A04-pbuf/build/tcp_in.o,
by_pc,2147507320,3,6,12,15,3,3,0,0,0,tcp_receive,/Users/swchen.tw/git/percepio/poc/runs/tcp-workload-matrix-v1/A04-pbuf/build/tcp_in.o,
by_pc,2147507324,3,3,6,9,3,0,0,0,0,tcp_receive,/Users/swchen.tw/git/percepio/poc/runs/tcp-workload-matrix-v1/A04-pbuf/build/tcp_in.o,
by_pc,2147507328,3,45,90,93,3,0,24,18,0,tcp_receive,/Users/swchen.tw/git/percepio/poc/runs/tcp-workload-matrix-v1/A04-pbuf/build/tcp_in.o,
by_pc,2147507330,3,3,6,9,3,0,0,0,0,tcp_receive,/Users/swchen.tw/git/percepio/poc/runs/tcp-workload-matrix-v1/A04-pbuf/build/tcp_in.o,
by_pc,2147507332,3,3,6,9,3,0,0,0,0,tcp_receive,/Users/swchen.tw/git/percepio/poc/runs/tcp-workload-matrix-v1/A04-pbuf/build/tcp_in.o,
by_pc,2147507336,3,3,6,9,3,0,0,0,0,tcp_receive,/Users/swchen.tw/git/percepio/poc/runs/tcp-workload-matrix-v1/A04-pbuf/build/tcp_in.o,
by_pc,2147507340,3,3,6,9,3,0,0,0,0,tcp_receive,/Users/swchen.tw/git/percepio/poc/runs/tcp-workload-matrix-v1/A04-pbuf/build/tcp_in.o,
by_pc,2147507344,3,3,6,9,3,0,0,0,0,tcp_receive,/Users/swchen.tw/git/percepio/poc/runs/tcp-workload-matrix-v1/A04-pbuf/build/tcp_in.o,
by_pc,2147507348,3,6,12,15,3,3,0,0,0,tcp_receive,/Users/swchen.tw/git/percepio/poc/runs/tcp-workload-matrix-v1/A04-pbuf/build/tcp_in.o,
by_pc,2147507350,3,3,6,9,3,0,0,0,0,tcp_receive,/Users/swchen.tw/git/percepio/poc/runs/tcp-workload-matrix-v1/A04-pbuf/build/tcp_in.o,
by_pc,2147507354,3,6,12,15,3,3,0,0,0,tcp_receive,/Users/swchen.tw/git/percepio/poc/runs/tcp-workload-matrix-v1/A04-pbuf/build/tcp_in.o,
by_pc,2147507358,3,6,12,15,3,3,0,0,0,tcp_receive,/Users/swchen.tw/git/percepio/poc/runs/tcp-workload-matrix-v1/A04-pbuf/build/tcp_in.o,
by_pc,2147507362,3,6,12,15,3,3,0,0,0,tcp_receive,/Users/swchen.tw/git/percepio/poc/runs/tcp-workload-matrix-v1/A04-pbuf/build/tcp_in.o,
by_pc,2147507366,3,3,6,9,3,0,0,0,0,tcp_receive,/Users/swchen.tw/git/percepio/poc/runs/tcp-workload-matrix-v1/A04-pbuf/build/tcp_in.o,
by_pc,2147507368,3,3,6,9,3,0,0,0,0,tcp_receive,/Users/swchen.tw/git/percepio/poc/runs/tcp-workload-matrix-v1/A04-pbuf/build/tcp_in.o,
by_pc,2147507370,3,3,6,9,3,0,0,0,0,tcp_receive,/Users/swchen.tw/git/percepio/poc/runs/tcp-workload-matrix-v1/A04-pbuf/build/tcp_in.o,
by_pc,2147507374,3,3,6,9,3,0,0,0,0,tcp_receive,/Users/swchen.tw/git/percepio/poc/runs/tcp-workload-matrix-v1/A04-pbuf/build/tcp_in.o,
by_pc,2147507376,3,3,6,9,3,0,0,0,0,tcp_receive,/Users/swchen.tw/git/percepio/poc/runs/tcp-workload-matrix-v1/A04-pbuf/build/tcp_in.o,
by_pc,2147507380,3,3,6,9,3,0,0,0,0,tcp_receive,/Users/swchen.tw/git/percepio/poc/runs/tcp-workload-matrix-v1/A04-pbuf/build/tcp_in.o,
by_pc,2147507384,3,3,6,9,3,0,0,0,0,tcp_receive,/Users/swchen.tw/git/percepio/poc/runs/tcp-workload-matrix-v1/A04-pbuf/build/tcp_in.o,
by_pc,2147507386,3,3,6,9,3,0,0,0,0,tcp_receive,/Users/swchen.tw/git/percepio/poc/runs/tcp-workload-matrix-v1/A04-pbuf/build/tcp_in.o,
by_pc,2147507388,3,63,126,129,3,3,24,0,33,tcp_receive,/Users/swchen.tw/git/percepio/poc/runs/tcp-workload-matrix-v1/A04-pbuf/build/tcp_in.o,
by_pc,2147507392,3,48,96,99,3,3,24,18,0,tcp_receive,/Users/swchen.tw/git/percepio/poc/runs/tcp-workload-matrix-v1/A04-pbuf/build/tcp_in.o,
by_pc,2147507396,3,3,6,9,3,0,0,0,0,tcp_receive,/Users/swchen.tw/git/percepio/poc/runs/tcp-workload-matrix-v1/A04-pbuf/build/tcp_in.o,
by_pc,2147507574,3,48,96,99,3,3,24,18,0,tcp_receive,/Users/swchen.tw/git/percepio/poc/runs/tcp-workload-matrix-v1/A04-pbuf/build/tcp_in.o,
by_pc,2147507576,3,3,6,9,3,0,0,0,0,tcp_receive,/Users/swchen.tw/git/percepio/poc/runs/tcp-workload-matrix-v1/A04-pbuf/build/tcp_in.o,
by_pc,2147508158,3,51,102,105,6,3,24,18,0,tcp_receive,/Users/swchen.tw/git/percepio/poc/runs/tcp-workload-matrix-v1/A04-pbuf/build/tcp_in.o,
by_pc,2147508162,3,6,12,15,3,3,0,0,0,tcp_receive,/Users/swchen.tw/git/percepio/poc/runs/tcp-workload-matrix-v1/A04-pbuf/build/tcp_in.o,
by_pc,2147508166,3,3,6,9,3,0,0,0,0,tcp_receive,/Users/swchen.tw/git/percepio/poc/runs/tcp-workload-matrix-v1/A04-pbuf/build/tcp_in.o,
by_pc,2147508168,3,3,6,9,3,0,0,0,0,tcp_receive,/Users/swchen.tw/git/percepio/poc/runs/tcp-workload-matrix-v1/A04-pbuf/build/tcp_in.o,
by_pc,2147508170,3,63,126,129,3,3,24,0,33,tcp_receive,/Users/swchen.tw/git/percepio/poc/runs/tcp-workload-matrix-v1/A04-pbuf/build/tcp_in.o,
by_pc,2147508172,3,6,12,15,3,3,0,0,0,tcp_receive,/Users/swchen.tw/git/percepio/poc/runs/tcp-workload-matrix-v1/A04-pbuf/build/tcp_in.o,
by_pc,2147508176,3,3,6,9,3,0,0,0,0,tcp_receive,/Users/swchen.tw/git/percepio/poc/runs/tcp-workload-matrix-v1/A04-pbuf/build/tcp_in.o,
by_pc,2147508178,3,63,126,129,3,3,24,0,33,tcp_receive,/Users/swchen.tw/git/percepio/poc/runs/tcp-workload-matrix-v1/A04-pbuf/build/tcp_in.o,
by_pc,2147508182,3,3,6,9,3,0,0,0,0,tcp_receive,/Users/swchen.tw/git/percepio/poc/runs/tcp-workload-matrix-v1/A04-pbuf/build/tcp_in.o,
by_pc,2147503172,5,34,68,73,5,5,24,0,0,tcp_update_rcv_ann_wnd,/Users/swchen.tw/git/percepio/poc/runs/tcp-workload-matrix-v1/A04-pbuf/build/tcp.o,
by_pc,2147503176,5,10,20,25,5,5,0,0,0,tcp_update_rcv_ann_wnd,/Users/swchen.tw/git/percepio/poc/runs/tcp-workload-matrix-v1/A04-pbuf/build/tcp.o,
by_pc,2147503180,5,10,20,25,5,5,0,0,0,tcp_update_rcv_ann_wnd,/Users/swchen.tw/git/percepio/poc/runs/tcp-workload-matrix-v1/A04-pbuf/build/tcp.o,
by_pc,2147503182,5,10,20,25,5,5,0,0,0,tcp_update_rcv_ann_wnd,/Users/swchen.tw/git/percepio/poc/runs/tcp-workload-matrix-v1/A04-pbuf/build/tcp.o,
by_pc,2147503186,5,5,10,15,5,0,0,0,0,tcp_update_rcv_ann_wnd,/Users/swchen.tw/git/percepio/poc/runs/tcp-workload-matrix-v1/A04-pbuf/build/tcp.o,
by_pc,2147503188,5,5,10,15,5,0,0,0,0,tcp_update_rcv_ann_wnd,/Users/swchen.tw/git/percepio/poc/runs/tcp-workload-matrix-v1/A04-pbuf/build/tcp.o,
by_pc,2147503192,5,5,10,15,5,0,0,0,0,tcp_update_rcv_ann_wnd,/Users/swchen.tw/git/percepio/poc/runs/tcp-workload-matrix-v1/A04-pbuf/build/tcp.o,
by_pc,2147503196,5,5,10,15,5,0,0,0,0,tcp_update_rcv_ann_wnd,/Users/swchen.tw/git/percepio/poc/runs/tcp-workload-matrix-v1/A04-pbuf/build/tcp.o,
by_pc,2147503198,5,5,10,15,5,0,0,0,0,tcp_update_rcv_ann_wnd,/Users/swchen.tw/git/percepio/poc/runs/tcp-workload-matrix-v1/A04-pbuf/build/tcp.o,
by_pc,2147503200,5,5,10,15,5,0,0,0,0,tcp_update_rcv_ann_wnd,/Users/swchen.tw/git/percepio/poc/runs/tcp-workload-matrix-v1/A04-pbuf/build/tcp.o,
by_pc,2147503206,5,5,10,15,5,0,0,0,0,tcp_update_rcv_ann_wnd,/Users/swchen.tw/git/percepio/poc/runs/tcp-workload-matrix-v1/A04-pbuf/build/tcp.o,
by_pc,2147503208,5,5,10,15,5,0,0,0,0,tcp_update_rcv_ann_wnd,/Users/swchen.tw/git/percepio/poc/runs/tcp-workload-matrix-v1/A04-pbuf/build/tcp.o,
by_pc,2147503210,5,5,10,15,5,0,0,0,0,tcp_update_rcv_ann_wnd,/Users/swchen.tw/git/percepio/poc/runs/tcp-workload-matrix-v1/A04-pbuf/build/tcp.o,
by_pc,2147503214,5,5,10,15,5,0,0,0,0,tcp_update_rcv_ann_wnd,/Users/swchen.tw/git/percepio/poc/runs/tcp-workload-matrix-v1/A04-pbuf/build/tcp.o,
by_pc,2147503218,5,5,10,15,5,0,0,0,0,tcp_update_rcv_ann_wnd,/Users/swchen.tw/git/percepio/poc/runs/tcp-workload-matrix-v1/A04-pbuf/build/tcp.o,
by_pc,2147503222,5,5,10,15,5,0,0,0,0,tcp_update_rcv_ann_wnd,/Users/swchen.tw/git/percepio/poc/runs/tcp-workload-matrix-v1/A04-pbuf/build/tcp.o,
by_pc,2147503226,5,5,10,15,5,0,0,0,0,tcp_update_rcv_ann_wnd,/Users/swchen.tw/git/percepio/poc/runs/tcp-workload-matrix-v1/A04-pbuf/build/tcp.o,
by_pc,2147503228,5,105,210,215,5,5,40,0,55,tcp_update_rcv_ann_wnd,/Users/swchen.tw/git/percepio/poc/runs/tcp-workload-matrix-v1/A04-pbuf/build/tcp.o,
by_pc,2147503232,5,47,94,99,5,0,24,18,0,tcp_update_rcv_ann_wnd,/Users/swchen.tw/git/percepio/poc/runs/tcp-workload-matrix-v1/A04-pbuf/build/tcp.o,
by_pc,2147503234,5,5,10,15,5,0,0,0,0,tcp_update_rcv_ann_wnd,/Users/swchen.tw/git/percepio/poc/runs/tcp-workload-matrix-v1/A04-pbuf/build/tcp.o,
by_pc,2147508186,3,6,12,15,3,3,0,0,0,tcp_receive,/Users/swchen.tw/git/percepio/poc/runs/tcp-workload-matrix-v1/A04-pbuf/build/tcp_in.o,
by_pc,2147508188,3,6,12,15,3,3,0,0,0,tcp_receive,/Users/swchen.tw/git/percepio/poc/runs/tcp-workload-matrix-v1/A04-pbuf/build/tcp_in.o,
by_pc,2147508192,3,3,6,9,3,0,0,0,0,tcp_receive,/Users/swchen.tw/git/percepio/poc/runs/tcp-workload-matrix-v1/A04-pbuf/build/tcp_in.o,
by_pc,2147508194,2,42,84,86,2,2,16,0,22,tcp_receive,/Users/swchen.tw/git/percepio/poc/runs/tcp-workload-matrix-v1/A04-pbuf/build/tcp_in.o,
by_pc,2147508198,2,2,4,6,2,0,0,0,0,tcp_receive,/Users/swchen.tw/git/percepio/poc/runs/tcp-workload-matrix-v1/A04-pbuf/build/tcp_in.o,
by_pc,2147508202,2,42,84,86,2,2,16,0,22,tcp_receive,/Users/swchen.tw/git/percepio/poc/runs/tcp-workload-matrix-v1/A04-pbuf/build/tcp_in.o,
by_pc,2147508206,3,6,12,15,3,3,0,0,0,tcp_receive,/Users/swchen.tw/git/percepio/poc/runs/tcp-workload-matrix-v1/A04-pbuf/build/tcp_in.o,
by_pc,2147508208,3,6,12,15,3,3,0,0,0,tcp_receive,/Users/swchen.tw/git/percepio/poc/runs/tcp-workload-matrix-v1/A04-pbuf/build/tcp_in.o,
by_pc,2147508212,3,6,12,15,3,3,0,0,0,tcp_receive,/Users/swchen.tw/git/percepio/poc/runs/tcp-workload-matrix-v1/A04-pbuf/build/tcp_in.o,
by_pc,2147508216,3,3,6,9,3,0,0,0,0,tcp_receive,/Users/swchen.tw/git/percepio/poc/runs/tcp-workload-matrix-v1/A04-pbuf/build/tcp_in.o,
by_pc,2147508218,3,3,6,9,3,0,0,0,0,tcp_receive,/Users/swchen.tw/git/percepio/poc/runs/tcp-workload-matrix-v1/A04-pbuf/build/tcp_in.o,
by_pc,2147508220,3,3,6,9,3,0,0,0,0,tcp_receive,/Users/swchen.tw/git/percepio/poc/runs/tcp-workload-matrix-v1/A04-pbuf/build/tcp_in.o,
by_pc,2147508224,3,63,126,129,3,0,24,36,0,tcp_receive,/Users/swchen.tw/git/percepio/poc/runs/tcp-workload-matrix-v1/A04-pbuf/build/tcp_in.o,
by_pc,2147508226,3,3,6,9,3,0,0,0,0,tcp_receive,/Users/swchen.tw/git/percepio/poc/runs/tcp-workload-matrix-v1/A04-pbuf/build/tcp_in.o,
by_pc,2147508240,3,3,6,9,3,0,0,0,0,tcp_receive,/Users/swchen.tw/git/percepio/poc/runs/tcp-workload-matrix-v1/A04-pbuf/build/tcp_in.o,
by_pc,2147508244,3,3,6,9,3,0,0,0,0,tcp_receive,/Users/swchen.tw/git/percepio/poc/runs/tcp-workload-matrix-v1/A04-pbuf/build/tcp_in.o,
by_pc,2147508246,3,3,6,9,3,0,0,0,0,tcp_receive,/Users/swchen.tw/git/percepio/poc/runs/tcp-workload-matrix-v1/A04-pbuf/build/tcp_in.o,
by_pc,2147508248,3,3,6,9,3,0,0,0,0,tcp_receive,/Users/swchen.tw/git/percepio/poc/runs/tcp-workload-matrix-v1/A04-pbuf/build/tcp_in.o,
by_pc,2147508542,3,84,168,171,3,3,24,54,0,tcp_receive,/Users/swchen.tw/git/percepio/poc/runs/tcp-workload-matrix-v1/A04-pbuf/build/tcp_in.o,
by_pc,2147508544,3,55,110,113,3,0,16,36,0,tcp_receive,/Users/swchen.tw/git/percepio/poc/runs/tcp-workload-matrix-v1/A04-pbuf/build/tcp_in.o,
by_pc,2147508582,3,6,12,15,3,3,0,0,0,tcp_receive,/Users/swchen.tw/git/percepio/poc/runs/tcp-workload-matrix-v1/A04-pbuf/build/tcp_in.o,
by_pc,2147508586,3,3,6,9,3,0,0,0,0,tcp_receive,/Users/swchen.tw/git/percepio/poc/runs/tcp-workload-matrix-v1/A04-pbuf/build/tcp_in.o,
by_pc,2147508590,3,3,6,9,3,0,0,0,0,tcp_receive,/Users/swchen.tw/git/percepio/poc/runs/tcp-workload-matrix-v1/A04-pbuf/build/tcp_in.o,
by_pc,2147508606,3,6,12,15,6,0,0,0,0,tcp_receive,/Users/swchen.tw/git/percepio/poc/runs/tcp-workload-matrix-v1/A04-pbuf/build/tcp_in.o,
by_pc,2147508610,3,63,126,129,3,3,24,0,33,tcp_receive,/Users/swchen.tw/git/percepio/poc/runs/tcp-workload-matrix-v1/A04-pbuf/build/tcp_in.o,
by_pc,2147511792,11,11,22,33,11,0,0,0,0,tcp_input,/Users/swchen.tw/git/percepio/poc/runs/tcp-workload-matrix-v1/A04-pbuf/build/tcp_in.o,
by_pc,2147512134,2,4,8,10,2,2,0,0,0,tcp_input,/Users/swchen.tw/git/percepio/poc/runs/tcp-workload-matrix-v1/A04-pbuf/build/tcp_in.o,
by_pc,2147512138,2,2,4,6,2,0,0,0,0,tcp_input,/Users/swchen.tw/git/percepio/poc/runs/tcp-workload-matrix-v1/A04-pbuf/build/tcp_in.o,
by_pc,2147512140,2,2,4,6,2,0,0,0,0,tcp_input,/Users/swchen.tw/git/percepio/poc/runs/tcp-workload-matrix-v1/A04-pbuf/build/tcp_in.o,
by_pc,2147512166,2,4,8,10,2,2,0,0,0,tcp_input,/Users/swchen.tw/git/percepio/poc/runs/tcp-workload-matrix-v1/A04-pbuf/build/tcp_in.o,
by_pc,2147512170,2,2,4,6,2,0,0,0,0,tcp_input,/Users/swchen.tw/git/percepio/poc/runs/tcp-workload-matrix-v1/A04-pbuf/build/tcp_in.o,
by_pc,2147512172,2,2,4,6,2,0,0,0,0,tcp_input,/Users/swchen.tw/git/percepio/poc/runs/tcp-workload-matrix-v1/A04-pbuf/build/tcp_in.o,
by_pc,2147512174,2,2,4,6,2,0,0,0,0,tcp_input,/Users/swchen.tw/git/percepio/poc/runs/tcp-workload-matrix-v1/A04-pbuf/build/tcp_in.o,
by_pc,2147512176,2,4,8,10,2,2,0,0,0,tcp_input,/Users/swchen.tw/git/percepio/poc/runs/tcp-workload-matrix-v1/A04-pbuf/build/tcp_in.o,
by_pc,2147512178,2,2,4,6,2,0,0,0,0,tcp_input,/Users/swchen.tw/git/percepio/poc/runs/tcp-workload-matrix-v1/A04-pbuf/build/tcp_in.o,
by_pc,2147495736,3,45,90,93,3,0,24,18,0,on_recv,/Users/swchen.tw/git/percepio/poc/runs/tcp-workload-matrix-v1/A04-pbuf/build/tcp_request_response_irq.o,
by_pc,2147495738,3,63,126,129,3,3,24,0,33,on_recv,/Users/swchen.tw/git/percepio/poc/runs/tcp-workload-matrix-v1/A04-pbuf/build/tcp_request_response_irq.o,
by_pc,2147495740,3,63,126,129,3,3,24,0,33,on_recv,/Users/swchen.tw/git/percepio/poc/runs/tcp-workload-matrix-v1/A04-pbuf/build/tcp_request_response_irq.o,
by_pc,2147495742,3,63,126,129,3,3,24,0,33,on_recv,/Users/swchen.tw/git/percepio/poc/runs/tcp-workload-matrix-v1/A04-pbuf/build/tcp_request_response_irq.o,
by_pc,2147495744,3,123,246,249,3,3,48,36,33,on_recv,/Users/swchen.tw/git/percepio/poc/runs/tcp-workload-matrix-v1/A04-pbuf/build/tcp_request_response_irq.o,
by_pc,2147495746,3,63,126,129,3,3,24,0,33,on_recv,/Users/swchen.tw/git/percepio/poc/runs/tcp-workload-matrix-v1/A04-pbuf/build/tcp_request_response_irq.o,
by_pc,2147495748,3,63,126,129,3,3,24,0,33,on_recv,/Users/swchen.tw/git/percepio/poc/runs/tcp-workload-matrix-v1/A04-pbuf/build/tcp_request_response_irq.o,
by_pc,2147495750,3,63,126,129,3,3,24,0,33,on_recv,/Users/swchen.tw/git/percepio/poc/runs/tcp-workload-matrix-v1/A04-pbuf/build/tcp_request_response_irq.o,
by_pc,2147495752,3,63,126,129,3,3,24,0,33,on_recv,/Users/swchen.tw/git/percepio/poc/runs/tcp-workload-matrix-v1/A04-pbuf/build/tcp_request_response_irq.o,
by_pc,2147495754,3,63,126,129,3,3,24,0,33,on_recv,/Users/swchen.tw/git/percepio/poc/runs/tcp-workload-matrix-v1/A04-pbuf/build/tcp_request_response_irq.o,
by_pc,2147495756,3,3,6,9,3,0,0,0,0,on_recv,/Users/swchen.tw/git/percepio/poc/runs/tcp-workload-matrix-v1/A04-pbuf/build/tcp_request_response_irq.o,
by_pc,2147495758,3,3,6,9,3,0,0,0,0,on_recv,/Users/swchen.tw/git/percepio/poc/runs/tcp-workload-matrix-v1/A04-pbuf/build/tcp_request_response_irq.o,
by_pc,2147495760,3,3,6,9,3,0,0,0,0,on_recv,/Users/swchen.tw/git/percepio/poc/runs/tcp-workload-matrix-v1/A04-pbuf/build/tcp_request_response_irq.o,
by_pc,2147495778,3,3,6,9,3,0,0,0,0,on_recv,/Users/swchen.tw/git/percepio/poc/runs/tcp-workload-matrix-v1/A04-pbuf/build/tcp_request_response_irq.o,
by_pc,2147495810,2,38,76,78,2,2,16,18,0,on_recv,/Users/swchen.tw/git/percepio/poc/runs/tcp-workload-matrix-v1/A04-pbuf/build/tcp_request_response_irq.o,
by_pc,2147495814,2,2,4,6,2,0,0,0,0,on_recv,/Users/swchen.tw/git/percepio/poc/runs/tcp-workload-matrix-v1/A04-pbuf/build/tcp_request_response_irq.o,
by_pc,2147495818,2,2,4,6,2,0,0,0,0,on_recv,/Users/swchen.tw/git/percepio/poc/runs/tcp-workload-matrix-v1/A04-pbuf/build/tcp_request_response_irq.o,
by_pc,2147495838,2,2,4,6,2,0,0,0,0,on_recv,/Users/swchen.tw/git/percepio/poc/runs/tcp-workload-matrix-v1/A04-pbuf/build/tcp_request_response_irq.o,
by_pc,2147495842,2,4,8,10,2,2,0,0,0,on_recv,/Users/swchen.tw/git/percepio/poc/runs/tcp-workload-matrix-v1/A04-pbuf/build/tcp_request_response_irq.o,
by_pc,2147495846,2,2,4,6,2,0,0,0,0,on_recv,/Users/swchen.tw/git/percepio/poc/runs/tcp-workload-matrix-v1/A04-pbuf/build/tcp_request_response_irq.o,
by_pc,2147495848,2,2,4,6,2,0,0,0,0,on_recv,/Users/swchen.tw/git/percepio/poc/runs/tcp-workload-matrix-v1/A04-pbuf/build/tcp_request_response_irq.o,
by_pc,2147495868,2,2,4,6,2,0,0,0,0,on_recv,/Users/swchen.tw/git/percepio/poc/runs/tcp-workload-matrix-v1/A04-pbuf/build/tcp_request_response_irq.o,
by_pc,2147495870,2,2,4,6,2,0,0,0,0,on_recv,/Users/swchen.tw/git/percepio/poc/runs/tcp-workload-matrix-v1/A04-pbuf/build/tcp_request_response_irq.o,
by_pc,2147495872,2,36,72,74,2,0,16,18,0,on_recv,/Users/swchen.tw/git/percepio/poc/runs/tcp-workload-matrix-v1/A04-pbuf/build/tcp_request_response_irq.o,
by_pc,2147495876,2,2,4,6,2,0,0,0,0,on_recv,/Users/swchen.tw/git/percepio/poc/runs/tcp-workload-matrix-v1/A04-pbuf/build/tcp_request_response_irq.o,
by_pc,2147495880,2,2,4,6,2,0,0,0,0,on_recv,/Users/swchen.tw/git/percepio/poc/runs/tcp-workload-matrix-v1/A04-pbuf/build/tcp_request_response_irq.o,
by_pc,2147495884,2,2,4,6,2,0,0,0,0,on_recv,/Users/swchen.tw/git/percepio/poc/runs/tcp-workload-matrix-v1/A04-pbuf/build/tcp_request_response_irq.o,
by_pc,2147495888,2,2,4,6,2,0,0,0,0,on_recv,/Users/swchen.tw/git/percepio/poc/runs/tcp-workload-matrix-v1/A04-pbuf/build/tcp_request_response_irq.o,
by_pc,2147495892,2,2,4,6,2,0,0,0,0,on_recv,/Users/swchen.tw/git/percepio/poc/runs/tcp-workload-matrix-v1/A04-pbuf/build/tcp_request_response_irq.o,
by_pc,2147495896,2,4,8,10,2,2,0,0,0,on_recv,/Users/swchen.tw/git/percepio/poc/runs/tcp-workload-matrix-v1/A04-pbuf/build/tcp_request_response_irq.o,
by_pc,2147495900,2,4,8,10,2,2,0,0,0,on_recv,/Users/swchen.tw/git/percepio/poc/runs/tcp-workload-matrix-v1/A04-pbuf/build/tcp_request_response_irq.o,
by_pc,2147495904,2,2,4,6,2,0,0,0,0,on_recv,/Users/swchen.tw/git/percepio/poc/runs/tcp-workload-matrix-v1/A04-pbuf/build/tcp_request_response_irq.o,
by_pc,2147495906,2,2,4,6,2,0,0,0,0,on_recv,/Users/swchen.tw/git/percepio/poc/runs/tcp-workload-matrix-v1/A04-pbuf/build/tcp_request_response_irq.o,
by_pc,2147495908,2,2,4,6,2,0,0,0,0,on_recv,/Users/swchen.tw/git/percepio/poc/runs/tcp-workload-matrix-v1/A04-pbuf/build/tcp_request_response_irq.o,
by_pc,2147495910,2,2,4,6,2,0,0,0,0,on_recv,/Users/swchen.tw/git/percepio/poc/runs/tcp-workload-matrix-v1/A04-pbuf/build/tcp_request_response_irq.o,
by_pc,2147495914,2,60,120,122,2,2,16,18,22,on_recv,/Users/swchen.tw/git/percepio/poc/runs/tcp-workload-matrix-v1/A04-pbuf/build/tcp_request_response_irq.o,
by_pc,2147495916,2,4,8,10,2,2,0,0,0,on_recv,/Users/swchen.tw/git/percepio/poc/runs/tcp-workload-matrix-v1/A04-pbuf/build/tcp_request_response_irq.o,
by_pc,2147495920,2,2,4,6,2,0,0,0,0,on_recv,/Users/swchen.tw/git/percepio/poc/runs/tcp-workload-matrix-v1/A04-pbuf/build/tcp_request_response_irq.o,
by_pc,2147495924,2,2,4,6,2,0,0,0,0,on_recv,/Users/swchen.tw/git/percepio/poc/runs/tcp-workload-matrix-v1/A04-pbuf/build/tcp_request_response_irq.o,
by_pc,2147495926,2,60,120,122,2,2,16,18,22,on_recv,/Users/swchen.tw/git/percepio/poc/runs/tcp-workload-matrix-v1/A04-pbuf/build/tcp_request_response_irq.o,
by_pc,2147495928,2,4,8,10,2,2,0,0,0,on_recv,/Users/swchen.tw/git/percepio/poc/runs/tcp-workload-matrix-v1/A04-pbuf/build/tcp_request_response_irq.o,
by_pc,2147495930,2,4,8,10,2,2,0,0,0,on_recv,/Users/swchen.tw/git/percepio/poc/runs/tcp-workload-matrix-v1/A04-pbuf/build/tcp_request_response_irq.o,
by_pc,2147495932,2,2,4,6,2,0,0,0,0,on_recv,/Users/swchen.tw/git/percepio/poc/runs/tcp-workload-matrix-v1/A04-pbuf/build/tcp_request_response_irq.o,
by_pc,2147495934,2,60,120,122,2,2,16,18,22,on_recv,/Users/swchen.tw/git/percepio/poc/runs/tcp-workload-matrix-v1/A04-pbuf/build/tcp_request_response_irq.o,
by_pc,2147495936,2,36,72,74,2,0,16,18,0,on_recv,/Users/swchen.tw/git/percepio/poc/runs/tcp-workload-matrix-v1/A04-pbuf/build/tcp_request_response_irq.o,
by_pc,2147495956,2,2,4,6,2,0,0,0,0,on_recv,/Users/swchen.tw/git/percepio/poc/runs/tcp-workload-matrix-v1/A04-pbuf/build/tcp_request_response_irq.o,
by_pc,2147495958,2,2,4,6,2,0,0,0,0,on_recv,/Users/swchen.tw/git/percepio/poc/runs/tcp-workload-matrix-v1/A04-pbuf/build/tcp_request_response_irq.o,
by_pc,2147495978,2,4,8,10,2,2,0,0,0,on_recv,/Users/swchen.tw/git/percepio/poc/runs/tcp-workload-matrix-v1/A04-pbuf/build/tcp_request_response_irq.o,
by_pc,2147495982,2,2,4,6,2,0,0,0,0,on_recv,/Users/swchen.tw/git/percepio/poc/runs/tcp-workload-matrix-v1/A04-pbuf/build/tcp_request_response_irq.o,
by_pc,2147495986,2,2,4,6,2,0,0,0,0,on_recv,/Users/swchen.tw/git/percepio/poc/runs/tcp-workload-matrix-v1/A04-pbuf/build/tcp_request_response_irq.o,
by_pc,2147495990,2,4,8,10,2,2,0,0,0,on_recv,/Users/swchen.tw/git/percepio/poc/runs/tcp-workload-matrix-v1/A04-pbuf/build/tcp_request_response_irq.o,
by_pc,2147495994,2,2,4,6,2,0,0,0,0,on_recv,/Users/swchen.tw/git/percepio/poc/runs/tcp-workload-matrix-v1/A04-pbuf/build/tcp_request_response_irq.o,
by_pc,2147495996,2,2,4,6,2,0,0,0,0,on_recv,/Users/swchen.tw/git/percepio/poc/runs/tcp-workload-matrix-v1/A04-pbuf/build/tcp_request_response_irq.o,
by_pc,2147495998,2,40,80,82,4,2,16,18,0,on_recv,/Users/swchen.tw/git/percepio/poc/runs/tcp-workload-matrix-v1/A04-pbuf/build/tcp_request_response_irq.o,
by_pc,2147496002,2,2,4,6,2,0,0,0,0,on_recv,/Users/swchen.tw/git/percepio/poc/runs/tcp-workload-matrix-v1/A04-pbuf/build/tcp_request_response_irq.o,
by_pc,2147496006,2,2,4,6,2,0,0,0,0,on_recv,/Users/swchen.tw/git/percepio/poc/runs/tcp-workload-matrix-v1/A04-pbuf/build/tcp_request_response_irq.o,
by_pc,2147496010,2,4,8,10,2,2,0,0,0,on_recv,/Users/swchen.tw/git/percepio/poc/runs/tcp-workload-matrix-v1/A04-pbuf/build/tcp_request_response_irq.o,
by_pc,2147496014,2,2,4,6,2,0,0,0,0,on_recv,/Users/swchen.tw/git/percepio/poc/runs/tcp-workload-matrix-v1/A04-pbuf/build/tcp_request_response_irq.o,
by_pc,2147496016,2,2,4,6,2,0,0,0,0,on_recv,/Users/swchen.tw/git/percepio/poc/runs/tcp-workload-matrix-v1/A04-pbuf/build/tcp_request_response_irq.o,
by_pc,2147496020,132,132,264,396,132,0,0,0,0,on_recv,/Users/swchen.tw/git/percepio/poc/runs/tcp-workload-matrix-v1/A04-pbuf/build/tcp_request_response_irq.o,
by_pc,2147496082,130,130,260,390,130,0,0,0,0,on_recv,/Users/swchen.tw/git/percepio/poc/runs/tcp-workload-matrix-v1/A04-pbuf/build/tcp_request_response_irq.o,
by_pc,2147496086,130,260,520,650,130,130,0,0,0,on_recv,/Users/swchen.tw/git/percepio/poc/runs/tcp-workload-matrix-v1/A04-pbuf/build/tcp_request_response_irq.o,
by_pc,2147496090,130,130,260,390,130,0,0,0,0,on_recv,/Users/swchen.tw/git/percepio/poc/runs/tcp-workload-matrix-v1/A04-pbuf/build/tcp_request_response_irq.o,
by_pc,2147496094,130,130,260,390,130,0,0,0,0,on_recv,/Users/swchen.tw/git/percepio/poc/runs/tcp-workload-matrix-v1/A04-pbuf/build/tcp_request_response_irq.o,
by_pc,2147496098,130,130,260,390,130,0,0,0,0,on_recv,/Users/swchen.tw/git/percepio/poc/runs/tcp-workload-matrix-v1/A04-pbuf/build/tcp_request_response_irq.o,
by_pc,2147496102,130,130,260,390,130,0,0,0,0,on_recv,/Users/swchen.tw/git/percepio/poc/runs/tcp-workload-matrix-v1/A04-pbuf/build/tcp_request_response_irq.o,
by_pc,2147496104,130,130,260,390,130,0,0,0,0,on_recv,/Users/swchen.tw/git/percepio/poc/runs/tcp-workload-matrix-v1/A04-pbuf/build/tcp_request_response_irq.o,
by_pc,2147496024,2,4,8,10,2,2,0,0,0,on_recv,/Users/swchen.tw/git/percepio/poc/runs/tcp-workload-matrix-v1/A04-pbuf/build/tcp_request_response_irq.o,
by_pc,2147496026,2,2,4,6,2,0,0,0,0,on_recv,/Users/swchen.tw/git/percepio/poc/runs/tcp-workload-matrix-v1/A04-pbuf/build/tcp_request_response_irq.o,
by_pc,2147496028,2,2,4,6,2,0,0,0,0,on_recv,/Users/swchen.tw/git/percepio/poc/runs/tcp-workload-matrix-v1/A04-pbuf/build/tcp_request_response_irq.o,
by_pc,2147496030,2,2,4,6,2,0,0,0,0,on_recv,/Users/swchen.tw/git/percepio/poc/runs/tcp-workload-matrix-v1/A04-pbuf/build/tcp_request_response_irq.o,
by_pc,2147496034,2,2,4,6,2,0,0,0,0,on_recv,/Users/swchen.tw/git/percepio/poc/runs/tcp-workload-matrix-v1/A04-pbuf/build/tcp_request_response_irq.o,
by_pc,2147496054,2,2,4,6,2,0,0,0,0,on_recv,/Users/swchen.tw/git/percepio/poc/runs/tcp-workload-matrix-v1/A04-pbuf/build/tcp_request_response_irq.o,
by_pc,2147496058,2,4,8,10,2,2,0,0,0,on_recv,/Users/swchen.tw/git/percepio/poc/runs/tcp-workload-matrix-v1/A04-pbuf/build/tcp_request_response_irq.o,
by_pc,2147496060,2,4,8,10,2,2,0,0,0,on_recv,/Users/swchen.tw/git/percepio/poc/runs/tcp-workload-matrix-v1/A04-pbuf/build/tcp_request_response_irq.o,
by_pc,2147496064,2,2,4,6,2,0,0,0,0,on_recv,/Users/swchen.tw/git/percepio/poc/runs/tcp-workload-matrix-v1/A04-pbuf/build/tcp_request_response_irq.o,
by_pc,2147496066,2,2,4,6,2,0,0,0,0,on_recv,/Users/swchen.tw/git/percepio/poc/runs/tcp-workload-matrix-v1/A04-pbuf/build/tcp_request_response_irq.o,
by_pc,2147496068,2,42,84,86,2,2,16,0,22,on_recv,/Users/swchen.tw/git/percepio/poc/runs/tcp-workload-matrix-v1/A04-pbuf/build/tcp_request_response_irq.o,
by_pc,2147496070,2,2,4,6,2,0,0,0,0,on_recv,/Users/swchen.tw/git/percepio/poc/runs/tcp-workload-matrix-v1/A04-pbuf/build/tcp_request_response_irq.o,
by_pc,2147503240,2,2,4,6,2,0,0,0,0,tcp_recved,/Users/swchen.tw/git/percepio/poc/runs/tcp-workload-matrix-v1/A04-pbuf/build/tcp.o,
by_pc,2147503242,2,2,4,6,2,0,0,0,0,tcp_recved,/Users/swchen.tw/git/percepio/poc/runs/tcp-workload-matrix-v1/A04-pbuf/build/tcp.o,
by_pc,2147503244,2,42,84,86,2,2,16,0,22,tcp_recved,/Users/swchen.tw/git/percepio/poc/runs/tcp-workload-matrix-v1/A04-pbuf/build/tcp.o,
by_pc,2147503246,2,42,84,86,2,2,16,0,22,tcp_recved,/Users/swchen.tw/git/percepio/poc/runs/tcp-workload-matrix-v1/A04-pbuf/build/tcp.o,
by_pc,2147503248,2,4,8,10,2,2,0,0,0,tcp_recved,/Users/swchen.tw/git/percepio/poc/runs/tcp-workload-matrix-v1/A04-pbuf/build/tcp.o,
by_pc,2147503252,2,2,4,6,2,0,0,0,0,tcp_recved,/Users/swchen.tw/git/percepio/poc/runs/tcp-workload-matrix-v1/A04-pbuf/build/tcp.o,
by_pc,2147503254,2,2,4,6,2,0,0,0,0,tcp_recved,/Users/swchen.tw/git/percepio/poc/runs/tcp-workload-matrix-v1/A04-pbuf/build/tcp.o,
by_pc,2147503256,2,2,4,6,2,0,0,0,0,tcp_recved,/Users/swchen.tw/git/percepio/poc/runs/tcp-workload-matrix-v1/A04-pbuf/build/tcp.o,
by_pc,2147503258,2,2,4,6,2,0,0,0,0,tcp_recved,/Users/swchen.tw/git/percepio/poc/runs/tcp-workload-matrix-v1/A04-pbuf/build/tcp.o,
by_pc,2147503262,2,2,4,6,2,0,0,0,0,tcp_recved,/Users/swchen.tw/git/percepio/poc/runs/tcp-workload-matrix-v1/A04-pbuf/build/tcp.o,
by_pc,2147503264,2,2,4,6,2,0,0,0,0,tcp_recved,/Users/swchen.tw/git/percepio/poc/runs/tcp-workload-matrix-v1/A04-pbuf/build/tcp.o,
by_pc,2147503268,2,2,4,6,2,0,0,0,0,tcp_recved,/Users/swchen.tw/git/percepio/poc/runs/tcp-workload-matrix-v1/A04-pbuf/build/tcp.o,
by_pc,2147503278,2,42,84,86,2,2,16,0,22,tcp_recved,/Users/swchen.tw/git/percepio/poc/runs/tcp-workload-matrix-v1/A04-pbuf/build/tcp.o,
by_pc,2147503282,2,2,4,6,2,0,0,0,0,tcp_recved,/Users/swchen.tw/git/percepio/poc/runs/tcp-workload-matrix-v1/A04-pbuf/build/tcp.o,
by_pc,2147503284,2,2,4,6,2,0,0,0,0,tcp_recved,/Users/swchen.tw/git/percepio/poc/runs/tcp-workload-matrix-v1/A04-pbuf/build/tcp.o,
by_pc,2147503288,2,2,4,6,2,0,0,0,0,tcp_recved,/Users/swchen.tw/git/percepio/poc/runs/tcp-workload-matrix-v1/A04-pbuf/build/tcp.o,
by_pc,2147503292,2,2,4,6,2,0,0,0,0,tcp_recved,/Users/swchen.tw/git/percepio/poc/runs/tcp-workload-matrix-v1/A04-pbuf/build/tcp.o,
by_pc,2147503320,2,20,40,42,2,2,16,0,0,tcp_recved,/Users/swchen.tw/git/percepio/poc/runs/tcp-workload-matrix-v1/A04-pbuf/build/tcp.o,
by_pc,2147503322,2,4,8,10,2,2,0,0,0,tcp_recved,/Users/swchen.tw/git/percepio/poc/runs/tcp-workload-matrix-v1/A04-pbuf/build/tcp.o,
by_pc,2147503324,2,2,4,6,2,0,0,0,0,tcp_recved,/Users/swchen.tw/git/percepio/poc/runs/tcp-workload-matrix-v1/A04-pbuf/build/tcp.o,
by_pc,2147503326,2,2,4,6,2,0,0,0,0,tcp_recved,/Users/swchen.tw/git/percepio/poc/runs/tcp-workload-matrix-v1/A04-pbuf/build/tcp.o,
by_pc,2147496074,2,2,4,6,2,0,0,0,0,on_recv,/Users/swchen.tw/git/percepio/poc/runs/tcp-workload-matrix-v1/A04-pbuf/build/tcp_request_response_irq.o,
by_pc,2147496076,2,2,4,6,2,0,0,0,0,on_recv,/Users/swchen.tw/git/percepio/poc/runs/tcp-workload-matrix-v1/A04-pbuf/build/tcp_request_response_irq.o,
by_pc,2147496080,2,2,4,6,2,0,0,0,0,on_recv,/Users/swchen.tw/git/percepio/poc/runs/tcp-workload-matrix-v1/A04-pbuf/build/tcp_request_response_irq.o,
by_pc,2147495786,3,6,12,15,3,3,0,0,0,on_recv,/Users/swchen.tw/git/percepio/poc/runs/tcp-workload-matrix-v1/A04-pbuf/build/tcp_request_response_irq.o,
by_pc,2147495788,3,6,12,15,3,3,0,0,0,on_recv,/Users/swchen.tw/git/percepio/poc/runs/tcp-workload-matrix-v1/A04-pbuf/build/tcp_request_response_irq.o,
by_pc,2147495790,3,6,12,15,3,3,0,0,0,on_recv,/Users/swchen.tw/git/percepio/poc/runs/tcp-workload-matrix-v1/A04-pbuf/build/tcp_request_response_irq.o,
by_pc,2147495792,3,6,12,15,3,3,0,0,0,on_recv,/Users/swchen.tw/git/percepio/poc/runs/tcp-workload-matrix-v1/A04-pbuf/build/tcp_request_response_irq.o,
by_pc,2147495794,3,6,12,15,3,3,0,0,0,on_recv,/Users/swchen.tw/git/percepio/poc/runs/tcp-workload-matrix-v1/A04-pbuf/build/tcp_request_response_irq.o,
by_pc,2147495796,3,6,12,15,3,3,0,0,0,on_recv,/Users/swchen.tw/git/percepio/poc/runs/tcp-workload-matrix-v1/A04-pbuf/build/tcp_request_response_irq.o,
by_pc,2147495798,3,6,12,15,3,3,0,0,0,on_recv,/Users/swchen.tw/git/percepio/poc/runs/tcp-workload-matrix-v1/A04-pbuf/build/tcp_request_response_irq.o,
by_pc,2147495800,3,6,12,15,3,3,0,0,0,on_recv,/Users/swchen.tw/git/percepio/poc/runs/tcp-workload-matrix-v1/A04-pbuf/build/tcp_request_response_irq.o,
by_pc,2147495802,3,6,12,15,3,3,0,0,0,on_recv,/Users/swchen.tw/git/percepio/poc/runs/tcp-workload-matrix-v1/A04-pbuf/build/tcp_request_response_irq.o,
by_pc,2147495804,3,3,6,9,3,0,0,0,0,on_recv,/Users/swchen.tw/git/percepio/poc/runs/tcp-workload-matrix-v1/A04-pbuf/build/tcp_request_response_irq.o,
by_pc,2147495806,3,3,6,9,3,0,0,0,0,on_recv,/Users/swchen.tw/git/percepio/poc/runs/tcp-workload-matrix-v1/A04-pbuf/build/tcp_request_response_irq.o,
by_pc,2147495808,3,29,58,61,3,0,8,18,0,on_recv,/Users/swchen.tw/git/percepio/poc/runs/tcp-workload-matrix-v1/A04-pbuf/build/tcp_request_response_irq.o,
by_pc,2147512180,2,2,4,6,2,0,0,0,0,tcp_input,/Users/swchen.tw/git/percepio/poc/runs/tcp-workload-matrix-v1/A04-pbuf/build/tcp_in.o,
by_pc,2147512182,2,2,4,6,2,0,0,0,0,tcp_input,/Users/swchen.tw/git/percepio/poc/runs/tcp-workload-matrix-v1/A04-pbuf/build/tcp_in.o,
by_pc,2147512186,2,2,4,6,2,0,0,0,0,tcp_input,/Users/swchen.tw/git/percepio/poc/runs/tcp-workload-matrix-v1/A04-pbuf/build/tcp_in.o,
by_pc,2147498402,2,4,8,10,2,2,0,0,0,session_task,/Users/swchen.tw/git/percepio/poc/runs/tcp-workload-matrix-v1/A04-pbuf/build/tcp_request_response_irq.o,
by_pc,2147498404,2,4,8,10,2,2,0,0,0,session_task,/Users/swchen.tw/git/percepio/poc/runs/tcp-workload-matrix-v1/A04-pbuf/build/tcp_request_response_irq.o,
by_pc,2147498408,2,2,4,6,2,0,0,0,0,session_task,/Users/swchen.tw/git/percepio/poc/runs/tcp-workload-matrix-v1/A04-pbuf/build/tcp_request_response_irq.o,
by_pc,2147498412,2,42,84,86,2,2,16,0,22,session_task,/Users/swchen.tw/git/percepio/poc/runs/tcp-workload-matrix-v1/A04-pbuf/build/tcp_request_response_irq.o,
by_pc,2147498414,2,4,8,10,2,2,0,0,0,session_task,/Users/swchen.tw/git/percepio/poc/runs/tcp-workload-matrix-v1/A04-pbuf/build/tcp_request_response_irq.o,
by_pc,2147498418,2,2,4,6,2,0,0,0,0,session_task,/Users/swchen.tw/git/percepio/poc/runs/tcp-workload-matrix-v1/A04-pbuf/build/tcp_request_response_irq.o,
by_pc,2147498420,2,2,4,6,2,0,0,0,0,session_task,/Users/swchen.tw/git/percepio/poc/runs/tcp-workload-matrix-v1/A04-pbuf/build/tcp_request_response_irq.o,
by_pc,2147498424,2,2,4,6,2,0,0,0,0,session_task,/Users/swchen.tw/git/percepio/poc/runs/tcp-workload-matrix-v1/A04-pbuf/build/tcp_request_response_irq.o,
by_pc,2147498444,2,36,72,74,2,0,16,18,0,session_task,/Users/swchen.tw/git/percepio/poc/runs/tcp-workload-matrix-v1/A04-pbuf/build/tcp_request_response_irq.o,
by_pc,2147498448,2,4,8,10,2,2,0,0,0,session_task,/Users/swchen.tw/git/percepio/poc/runs/tcp-workload-matrix-v1/A04-pbuf/build/tcp_request_response_irq.o,
by_pc,2147498452,2,2,4,6,2,0,0,0,0,session_task,/Users/swchen.tw/git/percepio/poc/runs/tcp-workload-matrix-v1/A04-pbuf/build/tcp_request_response_irq.o,
by_pc,2147498464,2,2,4,6,2,0,0,0,0,session_task,/Users/swchen.tw/git/percepio/poc/runs/tcp-workload-matrix-v1/A04-pbuf/build/tcp_request_response_irq.o,
by_pc,2147498466,2,2,4,6,2,0,0,0,0,session_task,/Users/swchen.tw/git/percepio/poc/runs/tcp-workload-matrix-v1/A04-pbuf/build/tcp_request_response_irq.o,
by_pc,2147498470,2,2,4,6,2,0,0,0,0,session_task,/Users/swchen.tw/git/percepio/poc/runs/tcp-workload-matrix-v1/A04-pbuf/build/tcp_request_response_irq.o,
by_pc,2147498474,8,64,128,136,8,8,48,0,0,session_task,/Users/swchen.tw/git/percepio/poc/runs/tcp-workload-matrix-v1/A04-pbuf/build/tcp_request_response_irq.o,
by_pc,2147498478,8,8,16,24,8,0,0,0,0,session_task,/Users/swchen.tw/git/percepio/poc/runs/tcp-workload-matrix-v1/A04-pbuf/build/tcp_request_response_irq.o,
by_pc,2147498496,8,98,196,204,8,8,64,18,0,session_task,/Users/swchen.tw/git/percepio/poc/runs/tcp-workload-matrix-v1/A04-pbuf/build/tcp_request_response_irq.o,
by_pc,2147498500,8,8,16,24,8,0,0,0,0,session_task,/Users/swchen.tw/git/percepio/poc/runs/tcp-workload-matrix-v1/A04-pbuf/build/tcp_request_response_irq.o,
by_pc,2147498502,8,8,16,24,8,0,0,0,0,session_task,/Users/swchen.tw/git/percepio/poc/runs/tcp-workload-matrix-v1/A04-pbuf/build/tcp_request_response_irq.o,
by_pc,2147498504,11680,11680,23360,35040,11680,0,0,0,0,session_task,/Users/swchen.tw/git/percepio/poc/runs/tcp-workload-matrix-v1/A04-pbuf/build/tcp_request_response_irq.o,
by_pc,2147498508,11680,11680,23360,35040,11680,0,0,0,0,session_task,/Users/swchen.tw/git/percepio/poc/runs/tcp-workload-matrix-v1/A04-pbuf/build/tcp_request_response_irq.o,
by_pc,2147498512,11680,11680,23360,35040,11680,0,0,0,0,session_task,/Users/swchen.tw/git/percepio/poc/runs/tcp-workload-matrix-v1/A04-pbuf/build/tcp_request_response_irq.o,
by_pc,2147498516,11680,11680,23360,35040,11680,0,0,0,0,session_task,/Users/swchen.tw/git/percepio/poc/runs/tcp-workload-matrix-v1/A04-pbuf/build/tcp_request_response_irq.o,
by_pc,2147498518,11680,11680,23360,35040,11680,0,0,0,0,session_task,/Users/swchen.tw/git/percepio/poc/runs/tcp-workload-matrix-v1/A04-pbuf/build/tcp_request_response_irq.o,
by_pc,2147498522,11680,11680,23360,35040,11680,0,0,0,0,session_task,/Users/swchen.tw/git/percepio/poc/runs/tcp-workload-matrix-v1/A04-pbuf/build/tcp_request_response_irq.o,
by_pc,2147498524,11680,11680,23360,35040,11680,0,0,0,0,session_task,/Users/swchen.tw/git/percepio/poc/runs/tcp-workload-matrix-v1/A04-pbuf/build/tcp_request_response_irq.o,
by_pc,2147498526,11680,245694,491388,503068,11680,11680,93440,414,128480,session_task,/Users/swchen.tw/git/percepio/poc/runs/tcp-workload-matrix-v1/A04-pbuf/build/tcp_request_response_irq.o,
by_pc,2147498530,11680,11680,23360,35040,11680,0,0,0,0,session_task,/Users/swchen.tw/git/percepio/poc/runs/tcp-workload-matrix-v1/A04-pbuf/build/tcp_request_response_irq.o,
by_pc,2147498534,8,8,16,24,8,0,0,0,0,session_task,/Users/swchen.tw/git/percepio/poc/runs/tcp-workload-matrix-v1/A04-pbuf/build/tcp_request_response_irq.o,
by_pc,2147498538,8,8,16,24,8,0,0,0,0,session_task,/Users/swchen.tw/git/percepio/poc/runs/tcp-workload-matrix-v1/A04-pbuf/build/tcp_request_response_irq.o,
by_pc,2147498542,8,16,32,40,8,8,0,0,0,session_task,/Users/swchen.tw/git/percepio/poc/runs/tcp-workload-matrix-v1/A04-pbuf/build/tcp_request_response_irq.o,
by_pc,2147498546,8,8,16,24,8,0,0,0,0,session_task,/Users/swchen.tw/git/percepio/poc/runs/tcp-workload-matrix-v1/A04-pbuf/build/tcp_request_response_irq.o,
by_pc,2147498548,8,8,16,24,8,0,0,0,0,session_task,/Users/swchen.tw/git/percepio/poc/runs/tcp-workload-matrix-v1/A04-pbuf/build/tcp_request_response_irq.o,
by_pc,2147498550,8,8,16,24,8,0,0,0,0,session_task,/Users/swchen.tw/git/percepio/poc/runs/tcp-workload-matrix-v1/A04-pbuf/build/tcp_request_response_irq.o,
by_pc,2147498554,8,8,16,24,8,0,0,0,0,session_task,/Users/swchen.tw/git/percepio/poc/runs/tcp-workload-matrix-v1/A04-pbuf/build/tcp_request_response_irq.o,
by_pc,2147498558,8,168,336,344,8,8,64,0,88,session_task,/Users/swchen.tw/git/percepio/poc/runs/tcp-workload-matrix-v1/A04-pbuf/build/tcp_request_response_irq.o,
by_pc,2147498560,8,250,500,508,8,8,128,18,88,session_task,/Users/swchen.tw/git/percepio/poc/runs/tcp-workload-matrix-v1/A04-pbuf/build/tcp_request_response_irq.o,
by_pc,2147498564,8,168,336,344,8,8,64,0,88,session_task,/Users/swchen.tw/git/percepio/poc/runs/tcp-workload-matrix-v1/A04-pbuf/build/tcp_request_response_irq.o,
by_pc,2147498568,8,8,16,24,8,0,0,0,0,session_task,/Users/swchen.tw/git/percepio/poc/runs/tcp-workload-matrix-v1/A04-pbuf/build/tcp_request_response_irq.o,
by_pc,2147513074,8,108,216,224,8,0,64,36,0,tcp_write,/Users/swchen.tw/git/percepio/poc/runs/tcp-workload-matrix-v1/A04-pbuf/build/tcp_out.o,
by_pc,2147513078,8,8,16,24,8,0,0,0,0,tcp_write,/Users/swchen.tw/git/percepio/poc/runs/tcp-workload-matrix-v1/A04-pbuf/build/tcp_out.o,
by_pc,2147513080,8,168,336,344,8,8,64,0,88,tcp_write,/Users/swchen.tw/git/percepio/poc/runs/tcp-workload-matrix-v1/A04-pbuf/build/tcp_out.o,
by_pc,2147513082,8,168,336,344,8,8,64,0,88,tcp_write,/Users/swchen.tw/git/percepio/poc/runs/tcp-workload-matrix-v1/A04-pbuf/build/tcp_out.o,
by_pc,2147513084,8,168,336,344,8,8,64,0,88,tcp_write,/Users/swchen.tw/git/percepio/poc/runs/tcp-workload-matrix-v1/A04-pbuf/build/tcp_out.o,
by_pc,2147513086,8,168,336,344,8,8,64,0,88,tcp_write,/Users/swchen.tw/git/percepio/poc/runs/tcp-workload-matrix-v1/A04-pbuf/build/tcp_out.o,
by_pc,2147513088,8,250,500,508,8,8,128,18,88,tcp_write,/Users/swchen.tw/git/percepio/poc/runs/tcp-workload-matrix-v1/A04-pbuf/build/tcp_out.o,
by_pc,2147513090,8,168,336,344,8,8,64,0,88,tcp_write,/Users/swchen.tw/git/percepio/poc/runs/tcp-workload-matrix-v1/A04-pbuf/build/tcp_out.o,
by_pc,2147513092,8,168,336,344,8,8,64,0,88,tcp_write,/Users/swchen.tw/git/percepio/poc/runs/tcp-workload-matrix-v1/A04-pbuf/build/tcp_out.o,
by_pc,2147513094,8,168,336,344,8,8,64,0,88,tcp_write,/Users/swchen.tw/git/percepio/poc/runs/tcp-workload-matrix-v1/A04-pbuf/build/tcp_out.o,
by_pc,2147513096,8,168,336,344,8,8,64,0,88,tcp_write,/Users/swchen.tw/git/percepio/poc/runs/tcp-workload-matrix-v1/A04-pbuf/build/tcp_out.o,
by_pc,2147513098,8,168,336,344,8,8,64,0,88,tcp_write,/Users/swchen.tw/git/percepio/poc/runs/tcp-workload-matrix-v1/A04-pbuf/build/tcp_out.o,
by_pc,2147513100,8,168,336,344,8,8,64,0,88,tcp_write,/Users/swchen.tw/git/percepio/poc/runs/tcp-workload-matrix-v1/A04-pbuf/build/tcp_out.o,
by_pc,2147513102,8,168,336,344,8,8,64,0,88,tcp_write,/Users/swchen.tw/git/percepio/poc/runs/tcp-workload-matrix-v1/A04-pbuf/build/tcp_out.o,
by_pc,2147513104,8,168,336,344,8,8,64,0,88,tcp_write,/Users/swchen.tw/git/percepio/poc/runs/tcp-workload-matrix-v1/A04-pbuf/build/tcp_out.o,
by_pc,2147513106,8,16,32,40,8,8,0,0,0,tcp_write,/Users/swchen.tw/git/percepio/poc/runs/tcp-workload-matrix-v1/A04-pbuf/build/tcp_out.o,
by_pc,2147513110,8,16,32,40,8,8,0,0,0,tcp_write,/Users/swchen.tw/git/percepio/poc/runs/tcp-workload-matrix-v1/A04-pbuf/build/tcp_out.o,
by_pc,2147513114,8,8,16,24,8,0,0,0,0,tcp_write,/Users/swchen.tw/git/percepio/poc/runs/tcp-workload-matrix-v1/A04-pbuf/build/tcp_out.o,
by_pc,2147513116,8,8,16,24,8,0,0,0,0,tcp_write,/Users/swchen.tw/git/percepio/poc/runs/tcp-workload-matrix-v1/A04-pbuf/build/tcp_out.o,
by_pc,2147513118,8,8,16,24,8,0,0,0,0,tcp_write,/Users/swchen.tw/git/percepio/poc/runs/tcp-workload-matrix-v1/A04-pbuf/build/tcp_out.o,
by_pc,2147513120,8,8,16,24,8,0,0,0,0,tcp_write,/Users/swchen.tw/git/percepio/poc/runs/tcp-workload-matrix-v1/A04-pbuf/build/tcp_out.o,
by_pc,2147513124,8,8,16,24,8,0,0,0,0,tcp_write,/Users/swchen.tw/git/percepio/poc/runs/tcp-workload-matrix-v1/A04-pbuf/build/tcp_out.o,
by_pc,2147513126,8,8,16,24,8,0,0,0,0,tcp_write,/Users/swchen.tw/git/percepio/poc/runs/tcp-workload-matrix-v1/A04-pbuf/build/tcp_out.o,
by_pc,2147513128,8,8,16,24,8,0,0,0,0,tcp_write,/Users/swchen.tw/git/percepio/poc/runs/tcp-workload-matrix-v1/A04-pbuf/build/tcp_out.o,
by_pc,2147513130,8,8,16,24,8,0,0,0,0,tcp_write,/Users/swchen.tw/git/percepio/poc/runs/tcp-workload-matrix-v1/A04-pbuf/build/tcp_out.o,
by_pc,2147513132,8,8,16,24,8,0,0,0,0,tcp_write,/Users/swchen.tw/git/percepio/poc/runs/tcp-workload-matrix-v1/A04-pbuf/build/tcp_out.o,
by_pc,2147513134,8,8,16,24,8,0,0,0,0,tcp_write,/Users/swchen.tw/git/percepio/poc/runs/tcp-workload-matrix-v1/A04-pbuf/build/tcp_out.o,
by_pc,2147513136,8,8,16,24,8,0,0,0,0,tcp_write,/Users/swchen.tw/git/percepio/poc/runs/tcp-workload-matrix-v1/A04-pbuf/build/tcp_out.o,
by_pc,2147513138,8,16,32,40,8,8,0,0,0,tcp_write,/Users/swchen.tw/git/percepio/poc/runs/tcp-workload-matrix-v1/A04-pbuf/build/tcp_out.o,
by_pc,2147513140,8,8,16,24,8,0,0,0,0,tcp_write,/Users/swchen.tw/git/percepio/poc/runs/tcp-workload-matrix-v1/A04-pbuf/build/tcp_out.o,
by_pc,2147513144,8,8,16,24,8,0,0,0,0,tcp_write,/Users/swchen.tw/git/percepio/poc/runs/tcp-workload-matrix-v1/A04-pbuf/build/tcp_out.o,
by_pc,2147513148,8,8,16,24,8,0,0,0,0,tcp_write,/Users/swchen.tw/git/percepio/poc/runs/tcp-workload-matrix-v1/A04-pbuf/build/tcp_out.o,
by_pc,2147513156,8,68,136,144,8,0,24,36,0,tcp_write,/Users/swchen.tw/git/percepio/poc/runs/tcp-workload-matrix-v1/A04-pbuf/build/tcp_out.o,
by_pc,2147513158,8,16,32,40,8,8,0,0,0,tcp_write,/Users/swchen.tw/git/percepio/poc/runs/tcp-workload-matrix-v1/A04-pbuf/build/tcp_out.o,
by_pc,2147513162,8,8,16,24,8,0,0,0,0,tcp_write,/Users/swchen.tw/git/percepio/poc/runs/tcp-workload-matrix-v1/A04-pbuf/build/tcp_out.o,
by_pc,2147513210,8,16,32,40,8,8,0,0,0,tcp_write,/Users/swchen.tw/git/percepio/poc/runs/tcp-workload-matrix-v1/A04-pbuf/build/tcp_out.o,
by_pc,2147513214,8,8,16,24,8,0,0,0,0,tcp_write,/Users/swchen.tw/git/percepio/poc/runs/tcp-workload-matrix-v1/A04-pbuf/build/tcp_out.o,
by_pc,2147513216,8,108,216,224,8,0,64,36,0,tcp_write,/Users/swchen.tw/git/percepio/poc/runs/tcp-workload-matrix-v1/A04-pbuf/build/tcp_out.o,
by_pc,2147513240,8,16,32,40,8,8,0,0,0,tcp_write,/Users/swchen.tw/git/percepio/poc/runs/tcp-workload-matrix-v1/A04-pbuf/build/tcp_out.o,
by_pc,2147513244,8,16,32,40,8,8,0,0,0,tcp_write,/Users/swchen.tw/git/percepio/poc/runs/tcp-workload-matrix-v1/A04-pbuf/build/tcp_out.o,
by_pc,2147513248,8,8,16,24,8,0,0,0,0,tcp_write,/Users/swchen.tw/git/percepio/poc/runs/tcp-workload-matrix-v1/A04-pbuf/build/tcp_out.o,
by_pc,2147513250,8,8,16,24,8,0,0,0,0,tcp_write,/Users/swchen.tw/git/percepio/poc/runs/tcp-workload-matrix-v1/A04-pbuf/build/tcp_out.o,
by_pc,2147513252,8,8,16,24,8,0,0,0,0,tcp_write,/Users/swchen.tw/git/percepio/poc/runs/tcp-workload-matrix-v1/A04-pbuf/build/tcp_out.o,
by_pc,2147513254,8,8,16,24,8,0,0,0,0,tcp_write,/Users/swchen.tw/git/percepio/poc/runs/tcp-workload-matrix-v1/A04-pbuf/build/tcp_out.o,
by_pc,2147513720,8,90,180,188,8,0,64,18,0,tcp_write,/Users/swchen.tw/git/percepio/poc/runs/tcp-workload-matrix-v1/A04-pbuf/build/tcp_out.o,
by_pc,2147513722,8,8,16,24,8,0,0,0,0,tcp_write,/Users/swchen.tw/git/percepio/poc/runs/tcp-workload-matrix-v1/A04-pbuf/build/tcp_out.o,
by_pc,2147513724,8,8,16,24,8,0,0,0,0,tcp_write,/Users/swchen.tw/git/percepio/poc/runs/tcp-workload-matrix-v1/A04-pbuf/build/tcp_out.o,
by_pc,2147513726,8,8,16,24,8,0,0,0,0,tcp_write,/Users/swchen.tw/git/percepio/poc/runs/tcp-workload-matrix-v1/A04-pbuf/build/tcp_out.o,
by_pc,2147513728,8,90,180,188,8,0,64,18,0,tcp_write,/Users/swchen.tw/git/percepio/poc/runs/tcp-workload-matrix-v1/A04-pbuf/build/tcp_out.o,
by_pc,2147513370,8,90,180,188,8,0,64,18,0,tcp_write,/Users/swchen.tw/git/percepio/poc/runs/tcp-workload-matrix-v1/A04-pbuf/build/tcp_out.o,
by_pc,2147513374,8,8,16,24,8,0,0,0,0,tcp_write,/Users/swchen.tw/git/percepio/poc/runs/tcp-workload-matrix-v1/A04-pbuf/build/tcp_out.o,
by_pc,2147513376,8,168,336,344,8,8,64,0,88,tcp_write,/Users/swchen.tw/git/percepio/poc/runs/tcp-workload-matrix-v1/A04-pbuf/build/tcp_out.o,
by_pc,2147513378,8,168,336,344,8,8,64,0,88,tcp_write,/Users/swchen.tw/git/percepio/poc/runs/tcp-workload-matrix-v1/A04-pbuf/build/tcp_out.o,
by_pc,2147513382,8,168,336,344,8,8,64,0,88,tcp_write,/Users/swchen.tw/git/percepio/poc/runs/tcp-workload-matrix-v1/A04-pbuf/build/tcp_out.o,
by_pc,2147513384,8,8,16,24,8,0,0,0,0,tcp_write,/Users/swchen.tw/git/percepio/poc/runs/tcp-workload-matrix-v1/A04-pbuf/build/tcp_out.o,
by_pc,2147513680,16,16,32,48,16,0,0,0,0,tcp_write,/Users/swchen.tw/git/percepio/poc/runs/tcp-workload-matrix-v1/A04-pbuf/build/tcp_out.o,
by_pc,2147513442,8,50,100,108,8,0,24,18,0,tcp_write,/Users/swchen.tw/git/percepio/poc/runs/tcp-workload-matrix-v1/A04-pbuf/build/tcp_out.o,
by_pc,2147513446,8,8,16,24,8,0,0,0,0,tcp_write,/Users/swchen.tw/git/percepio/poc/runs/tcp-workload-matrix-v1/A04-pbuf/build/tcp_out.o,
by_pc,2147513448,8,8,16,24,8,0,0,0,0,tcp_write,/Users/swchen.tw/git/percepio/poc/runs/tcp-workload-matrix-v1/A04-pbuf/build/tcp_out.o,
by_pc,2147513450,8,8,16,24,8,0,0,0,0,tcp_write,/Users/swchen.tw/git/percepio/poc/runs/tcp-workload-matrix-v1/A04-pbuf/build/tcp_out.o,
by_pc,2147513452,8,8,16,24,8,0,0,0,0,tcp_write,/Users/swchen.tw/git/percepio/poc/runs/tcp-workload-matrix-v1/A04-pbuf/build/tcp_out.o,
by_pc,2147513460,8,8,16,24,8,0,0,0,0,tcp_write,/Users/swchen.tw/git/percepio/poc/runs/tcp-workload-matrix-v1/A04-pbuf/build/tcp_out.o,
by_pc,2147513464,8,8,16,24,8,0,0,0,0,tcp_write,/Users/swchen.tw/git/percepio/poc/runs/tcp-workload-matrix-v1/A04-pbuf/build/tcp_out.o,
by_pc,2147513466,8,168,336,344,8,8,64,0,88,tcp_write,/Users/swchen.tw/git/percepio/poc/runs/tcp-workload-matrix-v1/A04-pbuf/build/tcp_out.o,
by_pc,2147513468,8,16,32,40,8,8,0,0,0,tcp_write,/Users/swchen.tw/git/percepio/poc/runs/tcp-workload-matrix-v1/A04-pbuf/build/tcp_out.o,
by_pc,2147513470,8,8,16,24,8,0,0,0,0,tcp_write,/Users/swchen.tw/git/percepio/poc/runs/tcp-workload-matrix-v1/A04-pbuf/build/tcp_out.o,
by_pc,2147513528,8,58,116,124,8,8,24,18,0,tcp_write,/Users/swchen.tw/git/percepio/poc/runs/tcp-workload-matrix-v1/A04-pbuf/build/tcp_out.o,
by_pc,2147513530,8,8,16,24,8,0,0,0,0,tcp_write,/Users/swchen.tw/git/percepio/poc/runs/tcp-workload-matrix-v1/A04-pbuf/build/tcp_out.o,
by_pc,2147513532,8,8,16,24,8,0,0,0,0,tcp_write,/Users/swchen.tw/git/percepio/poc/runs/tcp-workload-matrix-v1/A04-pbuf/build/tcp_out.o,
by_pc,2147513536,8,90,180,188,8,0,64,18,0,tcp_write,/Users/swchen.tw/git/percepio/poc/runs/tcp-workload-matrix-v1/A04-pbuf/build/tcp_out.o,
by_pc,2147501892,8,8,16,24,8,0,0,0,0,pbuf_alloc,/Users/swchen.tw/git/percepio/poc/runs/tcp-workload-matrix-v1/A04-pbuf/build/pbuf.o,
by_pc,2147501896,8,8,16,24,8,0,0,0,0,pbuf_alloc,/Users/swchen.tw/git/percepio/poc/runs/tcp-workload-matrix-v1/A04-pbuf/build/pbuf.o,
by_pc,2147501898,8,8,16,24,8,0,0,0,0,pbuf_alloc,/Users/swchen.tw/git/percepio/poc/runs/tcp-workload-matrix-v1/A04-pbuf/build/pbuf.o,
by_pc,2147501902,8,16,32,40,8,8,0,0,0,pbuf_alloc,/Users/swchen.tw/git/percepio/poc/runs/tcp-workload-matrix-v1/A04-pbuf/build/pbuf.o,
by_pc,2147501904,8,16,32,40,8,8,0,0,0,pbuf_alloc,/Users/swchen.tw/git/percepio/poc/runs/tcp-workload-matrix-v1/A04-pbuf/build/pbuf.o,
by_pc,2147501906,8,16,32,40,8,8,0,0,0,pbuf_alloc,/Users/swchen.tw/git/percepio/poc/runs/tcp-workload-matrix-v1/A04-pbuf/build/pbuf.o,
by_pc,2147501908,8,16,32,40,8,8,0,0,0,pbuf_alloc,/Users/swchen.tw/git/percepio/poc/runs/tcp-workload-matrix-v1/A04-pbuf/build/pbuf.o,
by_pc,2147501910,8,16,32,40,8,8,0,0,0,pbuf_alloc,/Users/swchen.tw/git/percepio/poc/runs/tcp-workload-matrix-v1/A04-pbuf/build/pbuf.o,
by_pc,2147501912,8,16,32,40,8,8,0,0,0,pbuf_alloc,/Users/swchen.tw/git/percepio/poc/runs/tcp-workload-matrix-v1/A04-pbuf/build/pbuf.o,
by_pc,2147501914,8,16,32,40,8,8,0,0,0,pbuf_alloc,/Users/swchen.tw/git/percepio/poc/runs/tcp-workload-matrix-v1/A04-pbuf/build/pbuf.o,
by_pc,2147501916,8,8,16,24,8,0,0,0,0,pbuf_alloc,/Users/swchen.tw/git/percepio/poc/runs/tcp-workload-matrix-v1/A04-pbuf/build/pbuf.o,
by_pc,2147501918,8,8,16,24,8,0,0,0,0,pbuf_alloc,/Users/swchen.tw/git/percepio/poc/runs/tcp-workload-matrix-v1/A04-pbuf/build/pbuf.o,
by_pc,2147501920,8,8,16,24,8,0,0,0,0,pbuf_alloc,/Users/swchen.tw/git/percepio/poc/runs/tcp-workload-matrix-v1/A04-pbuf/build/pbuf.o,
by_pc,2147501612,8,34,68,76,8,0,8,18,0,pbuf_alloc_reference,/Users/swchen.tw/git/percepio/poc/runs/tcp-workload-matrix-v1/A04-pbuf/build/pbuf.o,
by_pc,2147501614,8,168,336,344,8,8,64,0,88,pbuf_alloc_reference,/Users/swchen.tw/git/percepio/poc/runs/tcp-workload-matrix-v1/A04-pbuf/build/pbuf.o,
by_pc,2147501616,8,8,16,24,8,0,0,0,0,pbuf_alloc_reference,/Users/swchen.tw/git/percepio/poc/runs/tcp-workload-matrix-v1/A04-pbuf/build/pbuf.o,
by_pc,2147501618,8,8,16,24,8,0,0,0,0,pbuf_alloc_reference,/Users/swchen.tw/git/percepio/poc/runs/tcp-workload-matrix-v1/A04-pbuf/build/pbuf.o,
by_pc,2147501620,8,168,336,344,8,8,64,0,88,pbuf_alloc_reference,/Users/swchen.tw/git/percepio/poc/runs/tcp-workload-matrix-v1/A04-pbuf/build/pbuf.o,
by_pc,2147501622,8,168,336,344,8,8,64,0,88,pbuf_alloc_reference,/Users/swchen.tw/git/percepio/poc/runs/tcp-workload-matrix-v1/A04-pbuf/build/pbuf.o,
by_pc,2147501624,8,168,336,344,8,8,64,0,88,pbuf_alloc_reference,/Users/swchen.tw/git/percepio/poc/runs/tcp-workload-matrix-v1/A04-pbuf/build/pbuf.o,
by_pc,2147501626,8,8,16,24,8,0,0,0,0,pbuf_alloc_reference,/Users/swchen.tw/git/percepio/poc/runs/tcp-workload-matrix-v1/A04-pbuf/build/pbuf.o,
by_pc,2147501630,8,8,16,24,8,0,0,0,0,pbuf_alloc_reference,/Users/swchen.tw/git/percepio/poc/runs/tcp-workload-matrix-v1/A04-pbuf/build/pbuf.o,
by_pc,2147501632,8,42,84,92,8,8,8,18,0,pbuf_alloc_reference,/Users/swchen.tw/git/percepio/poc/runs/tcp-workload-matrix-v1/A04-pbuf/build/pbuf.o,
by_pc,2147501634,8,16,32,40,8,8,0,0,0,pbuf_alloc_reference,/Users/swchen.tw/git/percepio/poc/runs/tcp-workload-matrix-v1/A04-pbuf/build/pbuf.o,
by_pc,2147501636,8,8,16,24,8,0,0,0,0,pbuf_alloc_reference,/Users/swchen.tw/git/percepio/poc/runs/tcp-workload-matrix-v1/A04-pbuf/build/pbuf.o,
by_pc,2147501638,8,168,336,344,8,8,64,0,88,pbuf_alloc_reference,/Users/swchen.tw/git/percepio/poc/runs/tcp-workload-matrix-v1/A04-pbuf/build/pbuf.o,
by_pc,2147501642,8,168,336,344,8,8,64,0,88,pbuf_alloc_reference,/Users/swchen.tw/git/percepio/poc/runs/tcp-workload-matrix-v1/A04-pbuf/build/pbuf.o,
by_pc,2147501644,8,168,336,344,8,8,64,0,88,pbuf_alloc_reference,/Users/swchen.tw/git/percepio/poc/runs/tcp-workload-matrix-v1/A04-pbuf/build/pbuf.o,
by_pc,2147501648,8,168,336,344,8,8,64,0,88,pbuf_alloc_reference,/Users/swchen.tw/git/percepio/poc/runs/tcp-workload-matrix-v1/A04-pbuf/build/pbuf.o,
by_pc,2147501652,8,168,336,344,8,8,64,0,88,pbuf_alloc_reference,/Users/swchen.tw/git/percepio/poc/runs/tcp-workload-matrix-v1/A04-pbuf/build/pbuf.o,
by_pc,2147501656,8,168,336,344,8,8,64,0,88,pbuf_alloc_reference,/Users/swchen.tw/git/percepio/poc/runs/tcp-workload-matrix-v1/A04-pbuf/build/pbuf.o,
by_pc,2147501660,8,168,336,344,8,8,64,0,88,pbuf_alloc_reference,/Users/swchen.tw/git/percepio/poc/runs/tcp-workload-matrix-v1/A04-pbuf/build/pbuf.o,
by_pc,2147501664,8,16,32,40,8,8,0,0,0,pbuf_alloc_reference,/Users/swchen.tw/git/percepio/poc/runs/tcp-workload-matrix-v1/A04-pbuf/build/pbuf.o,
by_pc,2147501666,8,16,32,40,8,8,0,0,0,pbuf_alloc_reference,/Users/swchen.tw/git/percepio/poc/runs/tcp-workload-matrix-v1/A04-pbuf/build/pbuf.o,
by_pc,2147501668,8,8,16,24,8,0,0,0,0,pbuf_alloc_reference,/Users/swchen.tw/git/percepio/poc/runs/tcp-workload-matrix-v1/A04-pbuf/build/pbuf.o,
by_pc,2147501670,8,8,16,24,8,0,0,0,0,pbuf_alloc_reference,/Users/swchen.tw/git/percepio/poc/runs/tcp-workload-matrix-v1/A04-pbuf/build/pbuf.o,
by_pc,2147513540,8,8,16,24,8,0,0,0,0,tcp_write,/Users/swchen.tw/git/percepio/poc/runs/tcp-workload-matrix-v1/A04-pbuf/build/tcp_out.o,
by_pc,2147513542,8,8,16,24,8,0,0,0,0,tcp_write,/Users/swchen.tw/git/percepio/poc/runs/tcp-workload-matrix-v1/A04-pbuf/build/tcp_out.o,
by_pc,2147513546,8,168,336,344,8,8,64,0,88,tcp_write,/Users/swchen.tw/git/percepio/poc/runs/tcp-workload-matrix-v1/A04-pbuf/build/tcp_out.o,
by_pc,2147513548,8,168,336,344,8,8,64,0,88,tcp_write,/Users/swchen.tw/git/percepio/poc/runs/tcp-workload-matrix-v1/A04-pbuf/build/tcp_out.o,
by_pc,2147513550,8,8,16,24,8,0,0,0,0,tcp_write,/Users/swchen.tw/git/percepio/poc/runs/tcp-workload-matrix-v1/A04-pbuf/build/tcp_out.o,
by_pc,2147513554,8,8,16,24,8,0,0,0,0,tcp_write,/Users/swchen.tw/git/percepio/poc/runs/tcp-workload-matrix-v1/A04-pbuf/build/tcp_out.o,
by_pc,2147513556,8,8,16,24,8,0,0,0,0,tcp_write,/Users/swchen.tw/git/percepio/poc/runs/tcp-workload-matrix-v1/A04-pbuf/build/tcp_out.o,
by_pc,2147513560,8,8,16,24,8,0,0,0,0,tcp_write,/Users/swchen.tw/git/percepio/poc/runs/tcp-workload-matrix-v1/A04-pbuf/build/tcp_out.o,
by_pc,2147513564,8,16,32,40,8,8,0,0,0,tcp_write,/Users/swchen.tw/git/percepio/poc/runs/tcp-workload-matrix-v1/A04-pbuf/build/tcp_out.o,
by_pc,2147513566,8,8,16,24,8,0,0,0,0,tcp_write,/Users/swchen.tw/git/percepio/poc/runs/tcp-workload-matrix-v1/A04-pbuf/build/tcp_out.o,
by_pc,2147513568,8,8,16,24,8,0,0,0,0,tcp_write,/Users/swchen.tw/git/percepio/poc/runs/tcp-workload-matrix-v1/A04-pbuf/build/tcp_out.o,
by_pc,2147513630,8,90,180,188,8,0,64,18,0,tcp_write,/Users/swchen.tw/git/percepio/poc/runs/tcp-workload-matrix-v1/A04-pbuf/build/tcp_out.o,
by_pc,2147513632,8,8,16,24,8,0,0,0,0,tcp_write,/Users/swchen.tw/git/percepio/poc/runs/tcp-workload-matrix-v1/A04-pbuf/build/tcp_out.o,
by_pc,2147502280,8,16,32,40,8,0,8,0,0,pbuf_cat,/Users/swchen.tw/git/percepio/poc/runs/tcp-workload-matrix-v1/A04-pbuf/build/pbuf.o,
by_pc,2147502282,8,8,16,24,8,0,0,0,0,pbuf_cat,/Users/swchen.tw/git/percepio/poc/runs/tcp-workload-matrix-v1/A04-pbuf/build/pbuf.o,
by_pc,2147502288,8,16,32,40,8,8,0,0,0,pbuf_cat,/Users/swchen.tw/git/percepio/poc/runs/tcp-workload-matrix-v1/A04-pbuf/build/pbuf.o,
by_pc,2147502292,8,16,32,40,8,8,0,0,0,pbuf_cat,/Users/swchen.tw/git/percepio/poc/runs/tcp-workload-matrix-v1/A04-pbuf/build/pbuf.o,
by_pc,2147502296,8,16,32,40,8,8,0,0,0,pbuf_cat,/Users/swchen.tw/git/percepio/poc/runs/tcp-workload-matrix-v1/A04-pbuf/build/pbuf.o,
by_pc,2147502298,8,8,16,24,8,0,0,0,0,pbuf_cat,/Users/swchen.tw/git/percepio/poc/runs/tcp-workload-matrix-v1/A04-pbuf/build/pbuf.o,
by_pc,2147502300,8,168,336,344,8,8,64,0,88,pbuf_cat,/Users/swchen.tw/git/percepio/poc/runs/tcp-workload-matrix-v1/A04-pbuf/build/pbuf.o,
by_pc,2147502304,8,8,16,24,8,0,0,0,0,pbuf_cat,/Users/swchen.tw/git/percepio/poc/runs/tcp-workload-matrix-v1/A04-pbuf/build/pbuf.o,
by_pc,2147502306,8,168,336,344,8,8,64,0,88,pbuf_cat,/Users/swchen.tw/git/percepio/poc/runs/tcp-workload-matrix-v1/A04-pbuf/build/pbuf.o,
by_pc,2147502308,8,8,16,24,8,0,0,0,0,pbuf_cat,/Users/swchen.tw/git/percepio/poc/runs/tcp-workload-matrix-v1/A04-pbuf/build/pbuf.o,
by_pc,2147513636,8,8,16,24,8,0,0,0,0,tcp_write,/Users/swchen.tw/git/percepio/poc/runs/tcp-workload-matrix-v1/A04-pbuf/build/tcp_out.o,
by_pc,2147513502,8,8,16,24,8,0,0,0,0,tcp_write,/Users/swchen.tw/git/percepio/poc/runs/tcp-workload-matrix-v1/A04-pbuf/build/tcp_out.o,
by_pc,2147513504,8,8,16,24,8,0,0,0,0,tcp_write,/Users/swchen.tw/git/percepio/poc/runs/tcp-workload-matrix-v1/A04-pbuf/build/tcp_out.o,
by_pc,2147513508,8,8,16,24,8,0,0,0,0,tcp_write,/Users/swchen.tw/git/percepio/poc/runs/tcp-workload-matrix-v1/A04-pbuf/build/tcp_out.o,
by_pc,2147513510,8,8,16,24,8,0,0,0,0,tcp_write,/Users/swchen.tw/git/percepio/poc/runs/tcp-workload-matrix-v1/A04-pbuf/build/tcp_out.o,
by_pc,2147513514,8,8,16,24,8,0,0,0,0,tcp_write,/Users/swchen.tw/git/percepio/poc/runs/tcp-workload-matrix-v1/A04-pbuf/build/tcp_out.o,
by_pc,2147513518,8,8,16,24,8,0,0,0,0,tcp_write,/Users/swchen.tw/git/percepio/poc/runs/tcp-workload-matrix-v1/A04-pbuf/build/tcp_out.o,
by_pc,2147513520,8,8,16,24,8,0,0,0,0,tcp_write,/Users/swchen.tw/git/percepio/poc/runs/tcp-workload-matrix-v1/A04-pbuf/build/tcp_out.o,
by_pc,2147513638,8,16,32,40,8,8,0,0,0,tcp_write,/Users/swchen.tw/git/percepio/poc/runs/tcp-workload-matrix-v1/A04-pbuf/build/tcp_out.o,
by_pc,2147513640,8,8,16,24,8,0,0,0,0,tcp_write,/Users/swchen.tw/git/percepio/poc/runs/tcp-workload-matrix-v1/A04-pbuf/build/tcp_out.o,
by_pc,2147513642,8,8,16,24,8,0,0,0,0,tcp_write,/Users/swchen.tw/git/percepio/poc/runs/tcp-workload-matrix-v1/A04-pbuf/build/tcp_out.o,
by_pc,2147513644,8,8,16,24,8,0,0,0,0,tcp_write,/Users/swchen.tw/git/percepio/poc/runs/tcp-workload-matrix-v1/A04-pbuf/build/tcp_out.o,
by_pc,2147513646,8,8,16,24,8,0,0,0,0,tcp_write,/Users/swchen.tw/git/percepio/poc/runs/tcp-workload-matrix-v1/A04-pbuf/build/tcp_out.o,
by_pc,2147513648,8,8,16,24,8,0,0,0,0,tcp_write,/Users/swchen.tw/git/percepio/poc/runs/tcp-workload-matrix-v1/A04-pbuf/build/tcp_out.o,
by_pc,2147513650,8,8,16,24,8,0,0,0,0,tcp_write,/Users/swchen.tw/git/percepio/poc/runs/tcp-workload-matrix-v1/A04-pbuf/build/tcp_out.o,
by_pc,2147513654,8,8,16,24,8,0,0,0,0,tcp_write,/Users/swchen.tw/git/percepio/poc/runs/tcp-workload-matrix-v1/A04-pbuf/build/tcp_out.o,
by_pc,2147513656,8,8,16,24,8,0,0,0,0,tcp_write,/Users/swchen.tw/git/percepio/poc/runs/tcp-workload-matrix-v1/A04-pbuf/build/tcp_out.o,
by_pc,2147513658,8,8,16,24,8,0,0,0,0,tcp_write,/Users/swchen.tw/git/percepio/poc/runs/tcp-workload-matrix-v1/A04-pbuf/build/tcp_out.o,
by_pc,2147513716,8,8,16,24,8,0,0,0,0,tcp_write,/Users/swchen.tw/git/percepio/poc/runs/tcp-workload-matrix-v1/A04-pbuf/build/tcp_out.o,
by_pc,2147513718,8,8,16,24,8,0,0,0,0,tcp_write,/Users/swchen.tw/git/percepio/poc/runs/tcp-workload-matrix-v1/A04-pbuf/build/tcp_out.o,
by_pc,2147513666,8,16,32,40,8,8,0,0,0,tcp_write,/Users/swchen.tw/git/percepio/poc/runs/tcp-workload-matrix-v1/A04-pbuf/build/tcp_out.o,
by_pc,2147513668,8,168,336,344,8,8,64,0,88,tcp_write,/Users/swchen.tw/git/percepio/poc/runs/tcp-workload-matrix-v1/A04-pbuf/build/tcp_out.o,
by_pc,2147513670,8,8,16,24,8,0,0,0,0,tcp_write,/Users/swchen.tw/git/percepio/poc/runs/tcp-workload-matrix-v1/A04-pbuf/build/tcp_out.o,
by_pc,2147513672,8,8,16,24,8,0,0,0,0,tcp_write,/Users/swchen.tw/git/percepio/poc/runs/tcp-workload-matrix-v1/A04-pbuf/build/tcp_out.o,
by_pc,2147513676,8,8,16,24,8,0,0,0,0,tcp_write,/Users/swchen.tw/git/percepio/poc/runs/tcp-workload-matrix-v1/A04-pbuf/build/tcp_out.o,
by_pc,2147513684,8,8,16,24,8,0,0,0,0,tcp_write,/Users/swchen.tw/git/percepio/poc/runs/tcp-workload-matrix-v1/A04-pbuf/build/tcp_out.o,
by_pc,2147513736,8,8,16,24,8,0,0,0,0,tcp_write,/Users/swchen.tw/git/percepio/poc/runs/tcp-workload-matrix-v1/A04-pbuf/build/tcp_out.o,
by_pc,2147513784,8,8,16,24,8,0,0,0,0,tcp_write,/Users/swchen.tw/git/percepio/poc/runs/tcp-workload-matrix-v1/A04-pbuf/build/tcp_out.o,
by_pc,2147513788,8,168,336,344,8,8,64,0,88,tcp_write,/Users/swchen.tw/git/percepio/poc/runs/tcp-workload-matrix-v1/A04-pbuf/build/tcp_out.o,
by_pc,2147513792,8,98,196,204,8,8,64,18,0,tcp_write,/Users/swchen.tw/git/percepio/poc/runs/tcp-workload-matrix-v1/A04-pbuf/build/tcp_out.o,
by_pc,2147513794,8,168,336,344,8,8,64,0,88,tcp_write,/Users/swchen.tw/git/percepio/poc/runs/tcp-workload-matrix-v1/A04-pbuf/build/tcp_out.o,
by_pc,2147513798,8,8,16,24,8,0,0,0,0,tcp_write,/Users/swchen.tw/git/percepio/poc/runs/tcp-workload-matrix-v1/A04-pbuf/build/tcp_out.o,
by_pc,2147513800,8,168,336,344,8,8,64,0,88,tcp_write,/Users/swchen.tw/git/percepio/poc/runs/tcp-workload-matrix-v1/A04-pbuf/build/tcp_out.o,
by_pc,2147513802,8,16,32,40,8,8,0,0,0,tcp_write,/Users/swchen.tw/git/percepio/poc/runs/tcp-workload-matrix-v1/A04-pbuf/build/tcp_out.o,
by_pc,2147513806,8,8,16,24,8,0,0,0,0,tcp_write,/Users/swchen.tw/git/percepio/poc/runs/tcp-workload-matrix-v1/A04-pbuf/build/tcp_out.o,
by_pc,2147513810,8,168,336,344,8,8,64,0,88,tcp_write,/Users/swchen.tw/git/percepio/poc/runs/tcp-workload-matrix-v1/A04-pbuf/build/tcp_out.o,
by_pc,2147513814,8,8,16,24,8,0,0,0,0,tcp_write,/Users/swchen.tw/git/percepio/poc/runs/tcp-workload-matrix-v1/A04-pbuf/build/tcp_out.o,
by_pc,2147513818,8,16,32,40,8,8,0,0,0,tcp_write,/Users/swchen.tw/git/percepio/poc/runs/tcp-workload-matrix-v1/A04-pbuf/build/tcp_out.o,
by_pc,2147513822,8,8,16,24,8,0,0,0,0,tcp_write,/Users/swchen.tw/git/percepio/poc/runs/tcp-workload-matrix-v1/A04-pbuf/build/tcp_out.o,
by_pc,2147513828,8,8,16,24,8,0,0,0,0,tcp_write,/Users/swchen.tw/git/percepio/poc/runs/tcp-workload-matrix-v1/A04-pbuf/build/tcp_out.o,
by_pc,2147513832,8,8,16,24,8,0,0,0,0,tcp_write,/Users/swchen.tw/git/percepio/poc/runs/tcp-workload-matrix-v1/A04-pbuf/build/tcp_out.o,
by_pc,2147513836,8,16,32,40,8,8,0,0,0,tcp_write,/Users/swchen.tw/git/percepio/poc/runs/tcp-workload-matrix-v1/A04-pbuf/build/tcp_out.o,
by_pc,2147513840,8,16,32,40,8,8,0,0,0,tcp_write,/Users/swchen.tw/git/percepio/poc/runs/tcp-workload-matrix-v1/A04-pbuf/build/tcp_out.o,
by_pc,2147513844,8,8,16,24,8,0,0,0,0,tcp_write,/Users/swchen.tw/git/percepio/poc/runs/tcp-workload-matrix-v1/A04-pbuf/build/tcp_out.o,
by_pc,2147513846,8,8,16,24,8,0,0,0,0,tcp_write,/Users/swchen.tw/git/percepio/poc/runs/tcp-workload-matrix-v1/A04-pbuf/build/tcp_out.o,
by_pc,2147513850,8,8,16,24,8,0,0,0,0,tcp_write,/Users/swchen.tw/git/percepio/poc/runs/tcp-workload-matrix-v1/A04-pbuf/build/tcp_out.o,
by_pc,2147513852,8,8,16,24,8,0,0,0,0,tcp_write,/Users/swchen.tw/git/percepio/poc/runs/tcp-workload-matrix-v1/A04-pbuf/build/tcp_out.o,
by_pc,2147513856,8,98,196,204,8,8,64,18,0,tcp_write,/Users/swchen.tw/git/percepio/poc/runs/tcp-workload-matrix-v1/A04-pbuf/build/tcp_out.o,
by_pc,2147513860,8,8,16,24,8,0,0,0,0,tcp_write,/Users/swchen.tw/git/percepio/poc/runs/tcp-workload-matrix-v1/A04-pbuf/build/tcp_out.o,
by_pc,2147513862,8,168,336,344,8,8,64,0,88,tcp_write,/Users/swchen.tw/git/percepio/poc/runs/tcp-workload-matrix-v1/A04-pbuf/build/tcp_out.o,
by_pc,2147513866,8,8,16,24,8,0,0,0,0,tcp_write,/Users/swchen.tw/git/percepio/poc/runs/tcp-workload-matrix-v1/A04-pbuf/build/tcp_out.o,
by_pc,2147513868,8,168,336,344,8,8,64,0,88,tcp_write,/Users/swchen.tw/git/percepio/poc/runs/tcp-workload-matrix-v1/A04-pbuf/build/tcp_out.o,
by_pc,2147513872,8,8,16,24,8,0,0,0,0,tcp_write,/Users/swchen.tw/git/percepio/poc/runs/tcp-workload-matrix-v1/A04-pbuf/build/tcp_out.o,
by_pc,2147513824,8,8,16,24,8,0,0,0,0,tcp_write,/Users/swchen.tw/git/percepio/poc/runs/tcp-workload-matrix-v1/A04-pbuf/build/tcp_out.o,
by_pc,2147513826,8,8,16,24,8,0,0,0,0,tcp_write,/Users/swchen.tw/git/percepio/poc/runs/tcp-workload-matrix-v1/A04-pbuf/build/tcp_out.o,
by_pc,2147513180,8,16,32,40,8,8,0,0,0,tcp_write,/Users/swchen.tw/git/percepio/poc/runs/tcp-workload-matrix-v1/A04-pbuf/build/tcp_out.o,
by_pc,2147513182,8,16,32,40,8,8,0,0,0,tcp_write,/Users/swchen.tw/git/percepio/poc/runs/tcp-workload-matrix-v1/A04-pbuf/build/tcp_out.o,
by_pc,2147513184,8,16,32,40,8,8,0,0,0,tcp_write,/Users/swchen.tw/git/percepio/poc/runs/tcp-workload-matrix-v1/A04-pbuf/build/tcp_out.o,
by_pc,2147513186,8,16,32,40,8,8,0,0,0,tcp_write,/Users/swchen.tw/git/percepio/poc/runs/tcp-workload-matrix-v1/A04-pbuf/build/tcp_out.o,
by_pc,2147513188,8,16,32,40,8,8,0,0,0,tcp_write,/Users/swchen.tw/git/percepio/poc/runs/tcp-workload-matrix-v1/A04-pbuf/build/tcp_out.o,
by_pc,2147513190,8,16,32,40,8,8,0,0,0,tcp_write,/Users/swchen.tw/git/percepio/poc/runs/tcp-workload-matrix-v1/A04-pbuf/build/tcp_out.o,
by_pc,2147513192,8,16,32,40,8,8,0,0,0,tcp_write,/Users/swchen.tw/git/percepio/poc/runs/tcp-workload-matrix-v1/A04-pbuf/build/tcp_out.o,
by_pc,2147513194,8,16,32,40,8,8,0,0,0,tcp_write,/Users/swchen.tw/git/percepio/poc/runs/tcp-workload-matrix-v1/A04-pbuf/build/tcp_out.o,
by_pc,2147513196,8,16,32,40,8,8,0,0,0,tcp_write,/Users/swchen.tw/git/percepio/poc/runs/tcp-workload-matrix-v1/A04-pbuf/build/tcp_out.o,
by_pc,2147513198,8,16,32,40,8,8,0,0,0,tcp_write,/Users/swchen.tw/git/percepio/poc/runs/tcp-workload-matrix-v1/A04-pbuf/build/tcp_out.o,
by_pc,2147513200,8,16,32,40,8,8,0,0,0,tcp_write,/Users/swchen.tw/git/percepio/poc/runs/tcp-workload-matrix-v1/A04-pbuf/build/tcp_out.o,
by_pc,2147513202,8,16,32,40,8,8,0,0,0,tcp_write,/Users/swchen.tw/git/percepio/poc/runs/tcp-workload-matrix-v1/A04-pbuf/build/tcp_out.o,
by_pc,2147513204,8,16,32,40,8,8,0,0,0,tcp_write,/Users/swchen.tw/git/percepio/poc/runs/tcp-workload-matrix-v1/A04-pbuf/build/tcp_out.o,
by_pc,2147513206,8,8,16,24,8,0,0,0,0,tcp_write,/Users/swchen.tw/git/percepio/poc/runs/tcp-workload-matrix-v1/A04-pbuf/build/tcp_out.o,
by_pc,2147513208,8,8,16,24,8,0,0,0,0,tcp_write,/Users/swchen.tw/git/percepio/poc/runs/tcp-workload-matrix-v1/A04-pbuf/build/tcp_out.o,
by_pc,2147498572,8,8,16,24,8,0,0,0,0,session_task,/Users/swchen.tw/git/percepio/poc/runs/tcp-workload-matrix-v1/A04-pbuf/build/tcp_request_response_irq.o,
by_pc,2147498590,8,16,32,40,8,8,0,0,0,session_task,/Users/swchen.tw/git/percepio/poc/runs/tcp-workload-matrix-v1/A04-pbuf/build/tcp_request_response_irq.o,
by_pc,2147498594,8,8,16,24,8,0,0,0,0,session_task,/Users/swchen.tw/git/percepio/poc/runs/tcp-workload-matrix-v1/A04-pbuf/build/tcp_request_response_irq.o,
by_pc,2147499578,17,89,178,195,17,0,72,0,0,lwip_standard_chksum,/Users/swchen.tw/git/percepio/poc/runs/tcp-workload-matrix-v1/A04-pbuf/build/inet_chksum.o,
by_pc,2147499580,17,17,34,51,17,0,0,0,0,lwip_standard_chksum,/Users/swchen.tw/git/percepio/poc/runs/tcp-workload-matrix-v1/A04-pbuf/build/inet_chksum.o,
by_pc,2147498598,8,8,16,24,8,0,0,0,0,session_task,/Users/swchen.tw/git/percepio/poc/runs/tcp-workload-matrix-v1/A04-pbuf/build/tcp_request_response_irq.o,
by_pc,2147498616,8,16,32,40,8,8,0,0,0,session_task,/Users/swchen.tw/git/percepio/poc/runs/tcp-workload-matrix-v1/A04-pbuf/build/tcp_request_response_irq.o,
by_pc,2147498618,8,8,16,24,8,0,0,0,0,session_task,/Users/swchen.tw/git/percepio/poc/runs/tcp-workload-matrix-v1/A04-pbuf/build/tcp_request_response_irq.o,
by_pc,2147498622,8,42,84,92,16,0,8,18,0,session_task,/Users/swchen.tw/git/percepio/poc/runs/tcp-workload-matrix-v1/A04-pbuf/build/tcp_request_response_irq.o,
by_pc,2147498626,8,8,16,24,8,0,0,0,0,session_task,/Users/swchen.tw/git/percepio/poc/runs/tcp-workload-matrix-v1/A04-pbuf/build/tcp_request_response_irq.o,
by_pc,2147498630,8,16,32,40,8,8,0,0,0,session_task,/Users/swchen.tw/git/percepio/poc/runs/tcp-workload-matrix-v1/A04-pbuf/build/tcp_request_response_irq.o,
by_pc,2147498632,8,8,16,24,8,0,0,0,0,session_task,/Users/swchen.tw/git/percepio/poc/runs/tcp-workload-matrix-v1/A04-pbuf/build/tcp_request_response_irq.o,
by_pc,2147498634,8,8,16,24,8,0,0,0,0,session_task,/Users/swchen.tw/git/percepio/poc/runs/tcp-workload-matrix-v1/A04-pbuf/build/tcp_request_response_irq.o,
by_pc,2147498638,8,8,16,24,8,0,0,0,0,session_task,/Users/swchen.tw/git/percepio/poc/runs/tcp-workload-matrix-v1/A04-pbuf/build/tcp_request_response_irq.o,
by_pc,2147495462,10,20,40,50,10,10,0,0,0,consume,/Users/swchen.tw/git/percepio/poc/runs/tcp-workload-matrix-v1/A04-pbuf/build/tcp_request_response_irq.o,
by_pc,2147495464,10,10,20,30,10,0,0,0,0,consume,/Users/swchen.tw/git/percepio/poc/runs/tcp-workload-matrix-v1/A04-pbuf/build/tcp_request_response_irq.o,
by_pc,2147495468,10,10,20,30,10,0,0,0,0,consume,/Users/swchen.tw/git/percepio/poc/runs/tcp-workload-matrix-v1/A04-pbuf/build/tcp_request_response_irq.o,
by_pc,2147495490,8,16,32,40,8,8,0,0,0,consume,/Users/swchen.tw/git/percepio/poc/runs/tcp-workload-matrix-v1/A04-pbuf/build/tcp_request_response_irq.o,
by_pc,2147495494,8,8,16,24,8,0,0,0,0,consume,/Users/swchen.tw/git/percepio/poc/runs/tcp-workload-matrix-v1/A04-pbuf/build/tcp_request_response_irq.o,
by_pc,2147495498,8,8,16,24,8,0,0,0,0,consume,/Users/swchen.tw/git/percepio/poc/runs/tcp-workload-matrix-v1/A04-pbuf/build/tcp_request_response_irq.o,
by_pc,2147495502,8,8,16,24,8,0,0,0,0,consume,/Users/swchen.tw/git/percepio/poc/runs/tcp-workload-matrix-v1/A04-pbuf/build/tcp_request_response_irq.o,
by_pc,2147495506,8,8,16,24,8,0,0,0,0,consume,/Users/swchen.tw/git/percepio/poc/runs/tcp-workload-matrix-v1/A04-pbuf/build/tcp_request_response_irq.o,
by_pc,2147495508,8,8,16,24,8,0,0,0,0,consume,/Users/swchen.tw/git/percepio/poc/runs/tcp-workload-matrix-v1/A04-pbuf/build/tcp_request_response_irq.o,
by_pc,2147495510,8,8,16,24,8,0,0,0,0,consume,/Users/swchen.tw/git/percepio/poc/runs/tcp-workload-matrix-v1/A04-pbuf/build/tcp_request_response_irq.o,
by_pc,2147495514,8,8,16,24,8,0,0,0,0,consume,/Users/swchen.tw/git/percepio/poc/runs/tcp-workload-matrix-v1/A04-pbuf/build/tcp_request_response_irq.o,
by_pc,2147495518,8,8,16,24,8,0,0,0,0,consume,/Users/swchen.tw/git/percepio/poc/runs/tcp-workload-matrix-v1/A04-pbuf/build/tcp_request_response_irq.o,
by_pc,2147495522,8,8,16,24,8,0,0,0,0,consume,/Users/swchen.tw/git/percepio/poc/runs/tcp-workload-matrix-v1/A04-pbuf/build/tcp_request_response_irq.o,
by_pc,2147495524,8,8,16,24,8,0,0,0,0,consume,/Users/swchen.tw/git/percepio/poc/runs/tcp-workload-matrix-v1/A04-pbuf/build/tcp_request_response_irq.o,
by_pc,2147520016,8,82,164,172,8,0,56,18,0,memcmp,/Users/swchen.tw/git/percepio/poc/.tools/xpack-riscv-none-elf-gcc-15.2.0-1/bin/../lib/gcc/riscv-none-elf/15.2.0/../../../../riscv-none-elf/lib/libg_nano.a(libc_a-memcmp.o),
by_pc,2147520018,11688,11688,23376,35064,11688,0,0,0,0,memcmp,/Users/swchen.tw/git/percepio/poc/.tools/xpack-riscv-none-elf-gcc-15.2.0-1/bin/../lib/gcc/riscv-none-elf/15.2.0/../../../../riscv-none-elf/lib/libg_nano.a(libc_a-memcmp.o),
by_pc,2147520026,11680,11680,23360,35040,11680,0,0,0,0,memcmp,/Users/swchen.tw/git/percepio/poc/.tools/xpack-riscv-none-elf-gcc-15.2.0-1/bin/../lib/gcc/riscv-none-elf/15.2.0/../../../../riscv-none-elf/lib/libg_nano.a(libc_a-memcmp.o),
by_pc,2147520030,11680,11680,23360,35040,11680,0,0,0,0,memcmp,/Users/swchen.tw/git/percepio/poc/.tools/xpack-riscv-none-elf-gcc-15.2.0-1/bin/../lib/gcc/riscv-none-elf/15.2.0/../../../../riscv-none-elf/lib/libg_nano.a(libc_a-memcmp.o),
by_pc,2147520032,11680,11680,23360,35040,11680,0,0,0,0,memcmp,/Users/swchen.tw/git/percepio/poc/.tools/xpack-riscv-none-elf-gcc-15.2.0-1/bin/../lib/gcc/riscv-none-elf/15.2.0/../../../../riscv-none-elf/lib/libg_nano.a(libc_a-memcmp.o),
by_pc,2147520036,11680,23384,46768,58448,11680,11680,24,0,0,memcmp,/Users/swchen.tw/git/percepio/poc/.tools/xpack-riscv-none-elf-gcc-15.2.0-1/bin/../lib/gcc/riscv-none-elf/15.2.0/../../../../riscv-none-elf/lib/libg_nano.a(libc_a-memcmp.o),
by_pc,2147520040,11680,23360,46720,58400,11680,11680,0,0,0,memcmp,/Users/swchen.tw/git/percepio/poc/.tools/xpack-riscv-none-elf-gcc-15.2.0-1/bin/../lib/gcc/riscv-none-elf/15.2.0/../../../../riscv-none-elf/lib/libg_nano.a(libc_a-memcmp.o),
by_pc,2147520044,11680,11680,23360,35040,11680,0,0,0,0,memcmp,/Users/swchen.tw/git/percepio/poc/.tools/xpack-riscv-none-elf-gcc-15.2.0-1/bin/../lib/gcc/riscv-none-elf/15.2.0/../../../../riscv-none-elf/lib/libg_nano.a(libc_a-memcmp.o),
by_pc,2147520022,8,8,16,24,8,0,0,0,0,memcmp,/Users/swchen.tw/git/percepio/poc/.tools/xpack-riscv-none-elf-gcc-15.2.0-1/bin/../lib/gcc/riscv-none-elf/15.2.0/../../../../riscv-none-elf/lib/libg_nano.a(libc_a-memcmp.o),
by_pc,2147520024,8,8,16,24,8,0,0,0,0,memcmp,/Users/swchen.tw/git/percepio/poc/.tools/xpack-riscv-none-elf-gcc-15.2.0-1/bin/../lib/gcc/riscv-none-elf/15.2.0/../../../../riscv-none-elf/lib/libg_nano.a(libc_a-memcmp.o),
by_pc,2147495528,8,8,16,24,8,0,0,0,0,consume,/Users/swchen.tw/git/percepio/poc/runs/tcp-workload-matrix-v1/A04-pbuf/build/tcp_request_response_irq.o,
by_pc,2147498642,8,16,32,40,8,8,0,0,0,session_task,/Users/swchen.tw/git/percepio/poc/runs/tcp-workload-matrix-v1/A04-pbuf/build/tcp_request_response_irq.o,
by_pc,2147498644,8,16,32,40,8,8,0,0,0,session_task,/Users/swchen.tw/git/percepio/poc/runs/tcp-workload-matrix-v1/A04-pbuf/build/tcp_request_response_irq.o,
by_pc,2147498646,8,8,16,24,8,0,0,0,0,session_task,/Users/swchen.tw/git/percepio/poc/runs/tcp-workload-matrix-v1/A04-pbuf/build/tcp_request_response_irq.o,
by_pc,2147498650,8,8,16,24,8,0,0,0,0,session_task,/Users/swchen.tw/git/percepio/poc/runs/tcp-workload-matrix-v1/A04-pbuf/build/tcp_request_response_irq.o,
by_pc,2147498654,8,8,16,24,8,0,0,0,0,session_task,/Users/swchen.tw/git/percepio/poc/runs/tcp-workload-matrix-v1/A04-pbuf/build/tcp_request_response_irq.o,
by_pc,2147498658,8,8,16,24,8,0,0,0,0,session_task,/Users/swchen.tw/git/percepio/poc/runs/tcp-workload-matrix-v1/A04-pbuf/build/tcp_request_response_irq.o,
by_pc,2147498660,8,8,16,24,8,0,0,0,0,session_task,/Users/swchen.tw/git/percepio/poc/runs/tcp-workload-matrix-v1/A04-pbuf/build/tcp_request_response_irq.o,
by_pc,2147498662,8,8,16,24,8,0,0,0,0,session_task,/Users/swchen.tw/git/percepio/poc/runs/tcp-workload-matrix-v1/A04-pbuf/build/tcp_request_response_irq.o,
by_pc,2147498664,8,168,336,344,8,8,64,0,88,session_task,/Users/swchen.tw/git/percepio/poc/runs/tcp-workload-matrix-v1/A04-pbuf/build/tcp_request_response_irq.o,
by_pc,2147498666,8,8,16,24,8,0,0,0,0,session_task,/Users/swchen.tw/git/percepio/poc/runs/tcp-workload-matrix-v1/A04-pbuf/build/tcp_request_response_irq.o,
by_pc,2147501842,8,8,16,24,8,0,0,0,0,pbuf_free,/Users/swchen.tw/git/percepio/poc/runs/tcp-workload-matrix-v1/A04-pbuf/build/pbuf.o,
by_pc,2147501844,8,8,16,24,8,0,0,0,0,pbuf_free,/Users/swchen.tw/git/percepio/poc/runs/tcp-workload-matrix-v1/A04-pbuf/build/pbuf.o,
by_pc,2147501812,8,8,16,24,8,0,0,0,0,pbuf_free,/Users/swchen.tw/git/percepio/poc/runs/tcp-workload-matrix-v1/A04-pbuf/build/pbuf.o,
by_pc,2147501814,8,8,16,24,8,0,0,0,0,pbuf_free,/Users/swchen.tw/git/percepio/poc/runs/tcp-workload-matrix-v1/A04-pbuf/build/pbuf.o,
by_pc,2147512106,8,16,32,40,8,8,0,0,0,tcp_input,/Users/swchen.tw/git/percepio/poc/runs/tcp-workload-matrix-v1/A04-pbuf/build/tcp_in.o,
by_pc,2147512110,8,8,16,24,8,0,0,0,0,tcp_input,/Users/swchen.tw/git/percepio/poc/runs/tcp-workload-matrix-v1/A04-pbuf/build/tcp_in.o,
by_pc,2147512150,8,80,160,168,8,8,64,0,0,tcp_input,/Users/swchen.tw/git/percepio/poc/runs/tcp-workload-matrix-v1/A04-pbuf/build/tcp_in.o,
by_pc,2147512152,8,8,16,24,8,0,0,0,0,tcp_input,/Users/swchen.tw/git/percepio/poc/runs/tcp-workload-matrix-v1/A04-pbuf/build/tcp_in.o,
by_pc,2147512154,8,8,16,24,8,0,0,0,0,tcp_input,/Users/swchen.tw/git/percepio/poc/runs/tcp-workload-matrix-v1/A04-pbuf/build/tcp_in.o,
by_pc,2147494898,8,90,180,188,8,0,64,18,0,on_sent,/Users/swchen.tw/git/percepio/poc/runs/tcp-workload-matrix-v1/A04-pbuf/build/tcp_request_response_irq.o,
by_pc,2147494900,8,168,336,344,8,8,64,0,88,on_sent,/Users/swchen.tw/git/percepio/poc/runs/tcp-workload-matrix-v1/A04-pbuf/build/tcp_request_response_irq.o,
by_pc,2147494902,8,168,336,344,8,8,64,0,88,on_sent,/Users/swchen.tw/git/percepio/poc/runs/tcp-workload-matrix-v1/A04-pbuf/build/tcp_request_response_irq.o,
by_pc,2147494904,8,8,16,24,8,0,0,0,0,on_sent,/Users/swchen.tw/git/percepio/poc/runs/tcp-workload-matrix-v1/A04-pbuf/build/tcp_request_response_irq.o,
by_pc,2147494908,8,16,32,40,8,8,0,0,0,on_sent,/Users/swchen.tw/git/percepio/poc/runs/tcp-workload-matrix-v1/A04-pbuf/build/tcp_request_response_irq.o,
by_pc,2147494910,8,80,160,168,16,0,64,0,0,on_sent,/Users/swchen.tw/git/percepio/poc/runs/tcp-workload-matrix-v1/A04-pbuf/build/tcp_request_response_irq.o,
by_pc,2147494934,8,16,32,40,8,8,0,0,0,on_sent,/Users/swchen.tw/git/percepio/poc/runs/tcp-workload-matrix-v1/A04-pbuf/build/tcp_request_response_irq.o,
by_pc,2147494936,8,8,16,24,8,0,0,0,0,on_sent,/Users/swchen.tw/git/percepio/poc/runs/tcp-workload-matrix-v1/A04-pbuf/build/tcp_request_response_irq.o,
by_pc,2147494940,8,8,16,24,8,0,0,0,0,on_sent,/Users/swchen.tw/git/percepio/poc/runs/tcp-workload-matrix-v1/A04-pbuf/build/tcp_request_response_irq.o,
by_pc,2147494942,8,8,16,24,8,0,0,0,0,on_sent,/Users/swchen.tw/git/percepio/poc/runs/tcp-workload-matrix-v1/A04-pbuf/build/tcp_request_response_irq.o,
by_pc,2147494944,8,168,336,344,8,8,64,0,88,on_sent,/Users/swchen.tw/git/percepio/poc/runs/tcp-workload-matrix-v1/A04-pbuf/build/tcp_request_response_irq.o,
by_pc,2147494946,8,16,32,40,8,8,0,0,0,on_sent,/Users/swchen.tw/git/percepio/poc/runs/tcp-workload-matrix-v1/A04-pbuf/build/tcp_request_response_irq.o,
by_pc,2147494948,8,8,16,24,8,0,0,0,0,on_sent,/Users/swchen.tw/git/percepio/poc/runs/tcp-workload-matrix-v1/A04-pbuf/build/tcp_request_response_irq.o,
by_pc,2147494950,8,168,336,344,8,8,64,0,88,on_sent,/Users/swchen.tw/git/percepio/poc/runs/tcp-workload-matrix-v1/A04-pbuf/build/tcp_request_response_irq.o,
by_pc,2147494952,8,16,32,40,8,8,0,0,0,on_sent,/Users/swchen.tw/git/percepio/poc/runs/tcp-workload-matrix-v1/A04-pbuf/build/tcp_request_response_irq.o,
by_pc,2147494954,8,16,32,40,8,8,0,0,0,on_sent,/Users/swchen.tw/git/percepio/poc/runs/tcp-workload-matrix-v1/A04-pbuf/build/tcp_request_response_irq.o,
by_pc,2147494956,8,8,16,24,8,0,0,0,0,on_sent,/Users/swchen.tw/git/percepio/poc/runs/tcp-workload-matrix-v1/A04-pbuf/build/tcp_request_response_irq.o,
by_pc,2147494958,8,8,16,24,8,0,0,0,0,on_sent,/Users/swchen.tw/git/percepio/poc/runs/tcp-workload-matrix-v1/A04-pbuf/build/tcp_request_response_irq.o,
by_pc,2147512156,8,8,16,24,8,0,0,0,0,tcp_input,/Users/swchen.tw/git/percepio/poc/runs/tcp-workload-matrix-v1/A04-pbuf/build/tcp_in.o,
by_pc,2147512158,8,8,16,24,8,0,0,0,0,tcp_input,/Users/swchen.tw/git/percepio/poc/runs/tcp-workload-matrix-v1/A04-pbuf/build/tcp_in.o,
by_pc,2147512112,8,168,336,344,8,8,64,0,88,tcp_input,/Users/swchen.tw/git/percepio/poc/runs/tcp-workload-matrix-v1/A04-pbuf/build/tcp_in.o,
by_pc,2147500242,10,20,40,50,10,10,0,0,0,mem_free,/Users/swchen.tw/git/percepio/poc/runs/tcp-workload-matrix-v1/A04-pbuf/build/mem.o,
by_pc,2147500246,10,10,20,30,10,0,0,0,0,mem_free,/Users/swchen.tw/git/percepio/poc/runs/tcp-workload-matrix-v1/A04-pbuf/build/mem.o,
by_pc,2147500252,10,20,40,50,10,10,0,0,0,mem_free,/Users/swchen.tw/git/percepio/poc/runs/tcp-workload-matrix-v1/A04-pbuf/build/mem.o,
by_pc,2147500256,10,210,420,430,10,10,80,0,110,mem_free,/Users/swchen.tw/git/percepio/poc/runs/tcp-workload-matrix-v1/A04-pbuf/build/mem.o,
by_pc,2147500260,10,10,20,30,10,0,0,0,0,mem_free,/Users/swchen.tw/git/percepio/poc/runs/tcp-workload-matrix-v1/A04-pbuf/build/mem.o,
by_pc,2147500262,10,10,20,30,10,0,0,0,0,mem_free,/Users/swchen.tw/git/percepio/poc/runs/tcp-workload-matrix-v1/A04-pbuf/build/mem.o,
by_pc,2147498670,8,16,32,40,8,8,0,0,0,session_task,/Users/swchen.tw/git/percepio/poc/runs/tcp-workload-matrix-v1/A04-pbuf/build/tcp_request_response_irq.o,
by_pc,2147498674,8,8,16,24,8,0,0,0,0,session_task,/Users/swchen.tw/git/percepio/poc/runs/tcp-workload-matrix-v1/A04-pbuf/build/tcp_request_response_irq.o,
by_pc,2147498676,8,16,32,40,8,8,0,0,0,session_task,/Users/swchen.tw/git/percepio/poc/runs/tcp-workload-matrix-v1/A04-pbuf/build/tcp_request_response_irq.o,
by_pc,2147498680,8,8,16,24,8,0,0,0,0,session_task,/Users/swchen.tw/git/percepio/poc/runs/tcp-workload-matrix-v1/A04-pbuf/build/tcp_request_response_irq.o,
by_pc,2147498682,8,16,32,40,8,8,0,0,0,session_task,/Users/swchen.tw/git/percepio/poc/runs/tcp-workload-matrix-v1/A04-pbuf/build/tcp_request_response_irq.o,
by_pc,2147498686,8,98,196,204,16,0,64,18,0,session_task,/Users/swchen.tw/git/percepio/poc/runs/tcp-workload-matrix-v1/A04-pbuf/build/tcp_request_response_irq.o,
by_pc,2147498690,8,8,16,24,8,0,0,0,0,session_task,/Users/swchen.tw/git/percepio/poc/runs/tcp-workload-matrix-v1/A04-pbuf/build/tcp_request_response_irq.o,
by_pc,2147498692,8,8,16,24,8,0,0,0,0,session_task,/Users/swchen.tw/git/percepio/poc/runs/tcp-workload-matrix-v1/A04-pbuf/build/tcp_request_response_irq.o,
by_pc,2147498694,8,8,16,24,8,0,0,0,0,session_task,/Users/swchen.tw/git/percepio/poc/runs/tcp-workload-matrix-v1/A04-pbuf/build/tcp_request_response_irq.o,
by_pc,2147498696,8,8,16,24,8,0,0,0,0,session_task,/Users/swchen.tw/git/percepio/poc/runs/tcp-workload-matrix-v1/A04-pbuf/build/tcp_request_response_irq.o,
by_pc,2147498700,8,16,32,40,8,8,0,0,0,session_task,/Users/swchen.tw/git/percepio/poc/runs/tcp-workload-matrix-v1/A04-pbuf/build/tcp_request_response_irq.o,
by_pc,2147498704,8,8,16,24,8,0,0,0,0,session_task,/Users/swchen.tw/git/percepio/poc/runs/tcp-workload-matrix-v1/A04-pbuf/build/tcp_request_response_irq.o,
by_pc,2147498724,8,8,16,24,8,0,0,0,0,session_task,/Users/swchen.tw/git/percepio/poc/runs/tcp-workload-matrix-v1/A04-pbuf/build/tcp_request_response_irq.o,
by_pc,2147498726,8,8,16,24,8,0,0,0,0,session_task,/Users/swchen.tw/git/percepio/poc/runs/tcp-workload-matrix-v1/A04-pbuf/build/tcp_request_response_irq.o,
by_pc,2147498728,8,8,16,24,8,0,0,0,0,session_task,/Users/swchen.tw/git/percepio/poc/runs/tcp-workload-matrix-v1/A04-pbuf/build/tcp_request_response_irq.o,
by_pc,2147507924,8,80,160,168,8,8,64,0,0,tcp_receive,/Users/swchen.tw/git/percepio/poc/runs/tcp-workload-matrix-v1/A04-pbuf/build/tcp_in.o,
by_pc,2147507928,8,8,16,24,8,0,0,0,0,tcp_receive,/Users/swchen.tw/git/percepio/poc/runs/tcp-workload-matrix-v1/A04-pbuf/build/tcp_in.o,
by_pc,2147507930,8,8,16,24,8,0,0,0,0,tcp_receive,/Users/swchen.tw/git/percepio/poc/runs/tcp-workload-matrix-v1/A04-pbuf/build/tcp_in.o,
by_pc,2147507932,8,8,16,24,8,0,0,0,0,tcp_receive,/Users/swchen.tw/git/percepio/poc/runs/tcp-workload-matrix-v1/A04-pbuf/build/tcp_in.o,
by_pc,2147507934,8,8,16,24,8,0,0,0,0,tcp_receive,/Users/swchen.tw/git/percepio/poc/runs/tcp-workload-matrix-v1/A04-pbuf/build/tcp_in.o,
by_pc,2147507938,8,8,16,24,8,0,0,0,0,tcp_receive,/Users/swchen.tw/git/percepio/poc/runs/tcp-workload-matrix-v1/A04-pbuf/build/tcp_in.o,
by_pc,2147507942,7,147,294,301,7,7,56,0,77,tcp_receive,/Users/swchen.tw/git/percepio/poc/runs/tcp-workload-matrix-v1/A04-pbuf/build/tcp_in.o,
by_pc,2147519232,3,37,74,77,3,0,16,18,0,unresolved@/Users/swchen.tw/git/percepio/poc/runs/tcp-workload-matrix-v1/A04-pbuf/build/portASM.o:2147519232,/Users/swchen.tw/git/percepio/poc/runs/tcp-workload-matrix-v1/A04-pbuf/build/portASM.o,
by_pc,2147519236,3,63,126,129,3,3,24,0,33,unresolved@/Users/swchen.tw/git/percepio/poc/runs/tcp-workload-matrix-v1/A04-pbuf/build/portASM.o:2147519232,/Users/swchen.tw/git/percepio/poc/runs/tcp-workload-matrix-v1/A04-pbuf/build/portASM.o,
by_pc,2147519238,3,63,126,129,3,3,24,0,33,unresolved@/Users/swchen.tw/git/percepio/poc/runs/tcp-workload-matrix-v1/A04-pbuf/build/portASM.o:2147519232,/Users/swchen.tw/git/percepio/poc/runs/tcp-workload-matrix-v1/A04-pbuf/build/portASM.o,
by_pc,2147519240,3,63,126,129,3,3,24,0,33,unresolved@/Users/swchen.tw/git/percepio/poc/runs/tcp-workload-matrix-v1/A04-pbuf/build/portASM.o:2147519232,/Users/swchen.tw/git/percepio/poc/runs/tcp-workload-matrix-v1/A04-pbuf/build/portASM.o,
by_pc,2147519242,3,63,126,129,3,3,24,0,33,unresolved@/Users/swchen.tw/git/percepio/poc/runs/tcp-workload-matrix-v1/A04-pbuf/build/portASM.o:2147519232,/Users/swchen.tw/git/percepio/poc/runs/tcp-workload-matrix-v1/A04-pbuf/build/portASM.o,
by_pc,2147519244,3,63,126,129,3,3,24,0,33,unresolved@/Users/swchen.tw/git/percepio/poc/runs/tcp-workload-matrix-v1/A04-pbuf/build/portASM.o:2147519232,/Users/swchen.tw/git/percepio/poc/runs/tcp-workload-matrix-v1/A04-pbuf/build/portASM.o,
by_pc,2147519246,3,63,126,129,3,3,24,0,33,unresolved@/Users/swchen.tw/git/percepio/poc/runs/tcp-workload-matrix-v1/A04-pbuf/build/portASM.o:2147519232,/Users/swchen.tw/git/percepio/poc/runs/tcp-workload-matrix-v1/A04-pbuf/build/portASM.o,
by_pc,2147519248,3,63,126,129,3,3,24,0,33,unresolved@/Users/swchen.tw/git/percepio/poc/runs/tcp-workload-matrix-v1/A04-pbuf/build/portASM.o:2147519232,/Users/swchen.tw/git/percepio/poc/runs/tcp-workload-matrix-v1/A04-pbuf/build/portASM.o,
by_pc,2147519250,3,63,126,129,3,3,24,0,33,unresolved@/Users/swchen.tw/git/percepio/poc/runs/tcp-workload-matrix-v1/A04-pbuf/build/portASM.o:2147519232,/Users/swchen.tw/git/percepio/poc/runs/tcp-workload-matrix-v1/A04-pbuf/build/portASM.o,
by_pc,2147519252,3,63,126,129,3,3,24,0,33,unresolved@/Users/swchen.tw/git/percepio/poc/runs/tcp-workload-matrix-v1/A04-pbuf/build/portASM.o:2147519232,/Users/swchen.tw/git/percepio/poc/runs/tcp-workload-matrix-v1/A04-pbuf/build/portASM.o,
by_pc,2147519254,3,63,126,129,3,3,24,0,33,unresolved@/Users/swchen.tw/git/percepio/poc/runs/tcp-workload-matrix-v1/A04-pbuf/build/portASM.o:2147519232,/Users/swchen.tw/git/percepio/poc/runs/tcp-workload-matrix-v1/A04-pbuf/build/portASM.o,
by_pc,2147519256,3,63,126,129,3,3,24,0,33,unresolved@/Users/swchen.tw/git/percepio/poc/runs/tcp-workload-matrix-v1/A04-pbuf/build/portASM.o:2147519232,/Users/swchen.tw/git/percepio/poc/runs/tcp-workload-matrix-v1/A04-pbuf/build/portASM.o,
by_pc,2147519258,3,63,126,129,3,3,24,0,33,unresolved@/Users/swchen.tw/git/percepio/poc/runs/tcp-workload-matrix-v1/A04-pbuf/build/portASM.o:2147519232,/Users/swchen.tw/git/percepio/poc/runs/tcp-workload-matrix-v1/A04-pbuf/build/portASM.o,
by_pc,2147519260,3,63,126,129,3,3,24,0,33,unresolved@/Users/swchen.tw/git/percepio/poc/runs/tcp-workload-matrix-v1/A04-pbuf/build/portASM.o:2147519232,/Users/swchen.tw/git/percepio/poc/runs/tcp-workload-matrix-v1/A04-pbuf/build/portASM.o,
by_pc,2147519262,3,63,126,129,3,3,24,0,33,unresolved@/Users/swchen.tw/git/percepio/poc/runs/tcp-workload-matrix-v1/A04-pbuf/build/portASM.o:2147519232,/Users/swchen.tw/git/percepio/poc/runs/tcp-workload-matrix-v1/A04-pbuf/build/portASM.o,
by_pc,2147519264,3,63,126,129,3,3,24,0,33,unresolved@/Users/swchen.tw/git/percepio/poc/runs/tcp-workload-matrix-v1/A04-pbuf/build/portASM.o:2147519232,/Users/swchen.tw/git/percepio/poc/runs/tcp-workload-matrix-v1/A04-pbuf/build/portASM.o,
by_pc,2147519266,3,63,126,129,3,3,24,0,33,unresolved@/Users/swchen.tw/git/percepio/poc/runs/tcp-workload-matrix-v1/A04-pbuf/build/portASM.o:2147519232,/Users/swchen.tw/git/percepio/poc/runs/tcp-workload-matrix-v1/A04-pbuf/build/portASM.o,
by_pc,2147519268,3,63,126,129,3,3,24,0,33,unresolved@/Users/swchen.tw/git/percepio/poc/runs/tcp-workload-matrix-v1/A04-pbuf/build/portASM.o:2147519232,/Users/swchen.tw/git/percepio/poc/runs/tcp-workload-matrix-v1/A04-pbuf/build/portASM.o,
by_pc,2147519270,3,63,126,129,3,3,24,0,33,unresolved@/Users/swchen.tw/git/percepio/poc/runs/tcp-workload-matrix-v1/A04-pbuf/build/portASM.o:2147519232,/Users/swchen.tw/git/percepio/poc/runs/tcp-workload-matrix-v1/A04-pbuf/build/portASM.o,
by_pc,2147519272,3,63,126,129,3,3,24,0,33,unresolved@/Users/swchen.tw/git/percepio/poc/runs/tcp-workload-matrix-v1/A04-pbuf/build/portASM.o:2147519232,/Users/swchen.tw/git/percepio/poc/runs/tcp-workload-matrix-v1/A04-pbuf/build/portASM.o,
by_pc,2147519274,3,63,126,129,3,3,24,0,33,unresolved@/Users/swchen.tw/git/percepio/poc/runs/tcp-workload-matrix-v1/A04-pbuf/build/portASM.o:2147519232,/Users/swchen.tw/git/percepio/poc/runs/tcp-workload-matrix-v1/A04-pbuf/build/portASM.o,
by_pc,2147519276,3,63,126,129,3,3,24,0,33,unresolved@/Users/swchen.tw/git/percepio/poc/runs/tcp-workload-matrix-v1/A04-pbuf/build/portASM.o:2147519232,/Users/swchen.tw/git/percepio/poc/runs/tcp-workload-matrix-v1/A04-pbuf/build/portASM.o,
by_pc,2147519278,3,63,126,129,3,3,24,0,33,unresolved@/Users/swchen.tw/git/percepio/poc/runs/tcp-workload-matrix-v1/A04-pbuf/build/portASM.o:2147519232,/Users/swchen.tw/git/percepio/poc/runs/tcp-workload-matrix-v1/A04-pbuf/build/portASM.o,
by_pc,2147519280,3,63,126,129,3,3,24,0,33,unresolved@/Users/swchen.tw/git/percepio/poc/runs/tcp-workload-matrix-v1/A04-pbuf/build/portASM.o:2147519232,/Users/swchen.tw/git/percepio/poc/runs/tcp-workload-matrix-v1/A04-pbuf/build/portASM.o,
by_pc,2147519282,3,63,126,129,3,3,24,0,33,unresolved@/Users/swchen.tw/git/percepio/poc/runs/tcp-workload-matrix-v1/A04-pbuf/build/portASM.o:2147519232,/Users/swchen.tw/git/percepio/poc/runs/tcp-workload-matrix-v1/A04-pbuf/build/portASM.o,
by_pc,2147519284,3,63,126,129,3,3,24,0,33,unresolved@/Users/swchen.tw/git/percepio/poc/runs/tcp-workload-matrix-v1/A04-pbuf/build/portASM.o:2147519232,/Users/swchen.tw/git/percepio/poc/runs/tcp-workload-matrix-v1/A04-pbuf/build/portASM.o,
by_pc,2147519286,3,63,126,129,3,3,24,0,33,unresolved@/Users/swchen.tw/git/percepio/poc/runs/tcp-workload-matrix-v1/A04-pbuf/build/portASM.o:2147519232,/Users/swchen.tw/git/percepio/poc/runs/tcp-workload-matrix-v1/A04-pbuf/build/portASM.o,
by_pc,2147519288,3,63,126,129,3,3,24,0,33,unresolved@/Users/swchen.tw/git/percepio/poc/runs/tcp-workload-matrix-v1/A04-pbuf/build/portASM.o:2147519232,/Users/swchen.tw/git/percepio/poc/runs/tcp-workload-matrix-v1/A04-pbuf/build/portASM.o,
by_pc,2147519290,3,63,126,129,3,3,24,0,33,unresolved@/Users/swchen.tw/git/percepio/poc/runs/tcp-workload-matrix-v1/A04-pbuf/build/portASM.o:2147519232,/Users/swchen.tw/git/percepio/poc/runs/tcp-workload-matrix-v1/A04-pbuf/build/portASM.o,
by_pc,2147519292,3,3,6,9,3,0,0,0,0,unresolved@/Users/swchen.tw/git/percepio/poc/runs/tcp-workload-matrix-v1/A04-pbuf/build/portASM.o:2147519232,/Users/swchen.tw/git/percepio/poc/runs/tcp-workload-matrix-v1/A04-pbuf/build/portASM.o,
by_pc,2147519296,3,40,80,83,3,3,16,18,0,unresolved@/Users/swchen.tw/git/percepio/poc/runs/tcp-workload-matrix-v1/A04-pbuf/build/portASM.o:2147519232,/Users/swchen.tw/git/percepio/poc/runs/tcp-workload-matrix-v1/A04-pbuf/build/portASM.o,
by_pc,2147519300,3,63,126,129,3,3,24,0,33,unresolved@/Users/swchen.tw/git/percepio/poc/runs/tcp-workload-matrix-v1/A04-pbuf/build/portASM.o:2147519232,/Users/swchen.tw/git/percepio/poc/runs/tcp-workload-matrix-v1/A04-pbuf/build/portASM.o,
by_pc,2147519302,3,3,6,9,3,0,0,0,0,unresolved@/Users/swchen.tw/git/percepio/poc/runs/tcp-workload-matrix-v1/A04-pbuf/build/portASM.o:2147519232,/Users/swchen.tw/git/percepio/poc/runs/tcp-workload-matrix-v1/A04-pbuf/build/portASM.o,
by_pc,2147519306,3,63,126,129,3,3,24,0,33,unresolved@/Users/swchen.tw/git/percepio/poc/runs/tcp-workload-matrix-v1/A04-pbuf/build/portASM.o:2147519232,/Users/swchen.tw/git/percepio/poc/runs/tcp-workload-matrix-v1/A04-pbuf/build/portASM.o,
by_pc,2147519308,3,40,80,83,3,3,16,18,0,unresolved@/Users/swchen.tw/git/percepio/poc/runs/tcp-workload-matrix-v1/A04-pbuf/build/portASM.o:2147519232,/Users/swchen.tw/git/percepio/poc/runs/tcp-workload-matrix-v1/A04-pbuf/build/portASM.o,
by_pc,2147519312,3,81,162,165,3,3,24,18,33,unresolved@/Users/swchen.tw/git/percepio/poc/runs/tcp-workload-matrix-v1/A04-pbuf/build/portASM.o:2147519232,/Users/swchen.tw/git/percepio/poc/runs/tcp-workload-matrix-v1/A04-pbuf/build/portASM.o,
by_pc,2147519316,3,3,6,9,3,0,0,0,0,unresolved@/Users/swchen.tw/git/percepio/poc/runs/tcp-workload-matrix-v1/A04-pbuf/build/portASM.o:2147519232,/Users/swchen.tw/git/percepio/poc/runs/tcp-workload-matrix-v1/A04-pbuf/build/portASM.o,
by_pc,2147519320,3,3,6,9,3,0,0,0,0,unresolved@/Users/swchen.tw/git/percepio/poc/runs/tcp-workload-matrix-v1/A04-pbuf/build/portASM.o:2147519232,/Users/swchen.tw/git/percepio/poc/runs/tcp-workload-matrix-v1/A04-pbuf/build/portASM.o,
by_pc,2147519324,3,3,6,9,3,0,0,0,0,unresolved@/Users/swchen.tw/git/percepio/poc/runs/tcp-workload-matrix-v1/A04-pbuf/build/portASM.o:2147519232,/Users/swchen.tw/git/percepio/poc/runs/tcp-workload-matrix-v1/A04-pbuf/build/portASM.o,
by_pc,2147519328,2,42,84,86,2,2,16,0,22,unresolved@/Users/swchen.tw/git/percepio/poc/runs/tcp-workload-matrix-v1/A04-pbuf/build/portASM.o:2147519232,/Users/swchen.tw/git/percepio/poc/runs/tcp-workload-matrix-v1/A04-pbuf/build/portASM.o,
by_pc,2147519330,2,20,40,42,2,2,16,0,0,unresolved@/Users/swchen.tw/git/percepio/poc/runs/tcp-workload-matrix-v1/A04-pbuf/build/portASM.o:2147519232,/Users/swchen.tw/git/percepio/poc/runs/tcp-workload-matrix-v1/A04-pbuf/build/portASM.o,
by_pc,2147519334,2,2,4,6,2,0,0,0,0,unresolved@/Users/swchen.tw/git/percepio/poc/runs/tcp-workload-matrix-v1/A04-pbuf/build/portASM.o:2147519232,/Users/swchen.tw/git/percepio/poc/runs/tcp-workload-matrix-v1/A04-pbuf/build/portASM.o,
by_pc,2147519346,2,2,4,6,2,0,0,0,0,unresolved@/Users/swchen.tw/git/percepio/poc/runs/tcp-workload-matrix-v1/A04-pbuf/build/portASM.o:2147519232,/Users/swchen.tw/git/percepio/poc/runs/tcp-workload-matrix-v1/A04-pbuf/build/portASM.o,
by_pc,2147519348,2,2,4,6,2,0,0,0,0,unresolved@/Users/swchen.tw/git/percepio/poc/runs/tcp-workload-matrix-v1/A04-pbuf/build/portASM.o:2147519232,/Users/swchen.tw/git/percepio/poc/runs/tcp-workload-matrix-v1/A04-pbuf/build/portASM.o,
by_pc,2147519350,2,2,4,6,2,0,0,0,0,unresolved@/Users/swchen.tw/git/percepio/poc/runs/tcp-workload-matrix-v1/A04-pbuf/build/portASM.o:2147519232,/Users/swchen.tw/git/percepio/poc/runs/tcp-workload-matrix-v1/A04-pbuf/build/portASM.o,
by_pc,2147519354,2,2,4,6,2,0,0,0,0,unresolved@/Users/swchen.tw/git/percepio/poc/runs/tcp-workload-matrix-v1/A04-pbuf/build/portASM.o:2147519232,/Users/swchen.tw/git/percepio/poc/runs/tcp-workload-matrix-v1/A04-pbuf/build/portASM.o,
by_pc,2147519358,2,74,148,150,4,2,32,36,0,unresolved@/Users/swchen.tw/git/percepio/poc/runs/tcp-workload-matrix-v1/A04-pbuf/build/portASM.o:2147519232,/Users/swchen.tw/git/percepio/poc/runs/tcp-workload-matrix-v1/A04-pbuf/build/portASM.o,
by_pc,2147519362,2,4,8,10,2,2,0,0,0,unresolved@/Users/swchen.tw/git/percepio/poc/runs/tcp-workload-matrix-v1/A04-pbuf/build/portASM.o:2147519232,/Users/swchen.tw/git/percepio/poc/runs/tcp-workload-matrix-v1/A04-pbuf/build/portASM.o,
by_pc,2147519366,2,2,4,6,2,0,0,0,0,unresolved@/Users/swchen.tw/git/percepio/poc/runs/tcp-workload-matrix-v1/A04-pbuf/build/portASM.o:2147519232,/Users/swchen.tw/git/percepio/poc/runs/tcp-workload-matrix-v1/A04-pbuf/build/portASM.o,
by_pc,2147519368,2,4,8,10,2,2,0,0,0,unresolved@/Users/swchen.tw/git/percepio/poc/runs/tcp-workload-matrix-v1/A04-pbuf/build/portASM.o:2147519232,/Users/swchen.tw/git/percepio/poc/runs/tcp-workload-matrix-v1/A04-pbuf/build/portASM.o,
by_pc,2147519370,2,4,8,10,2,2,0,0,0,unresolved@/Users/swchen.tw/git/percepio/poc/runs/tcp-workload-matrix-v1/A04-pbuf/build/portASM.o:2147519232,/Users/swchen.tw/git/percepio/poc/runs/tcp-workload-matrix-v1/A04-pbuf/build/portASM.o,
by_pc,2147519372,2,2,4,6,2,0,0,0,0,unresolved@/Users/swchen.tw/git/percepio/poc/runs/tcp-workload-matrix-v1/A04-pbuf/build/portASM.o:2147519232,/Users/swchen.tw/git/percepio/poc/runs/tcp-workload-matrix-v1/A04-pbuf/build/portASM.o,
by_pc,2147519374,2,2,4,6,2,0,0,0,0,unresolved@/Users/swchen.tw/git/percepio/poc/runs/tcp-workload-matrix-v1/A04-pbuf/build/portASM.o:2147519232,/Users/swchen.tw/git/percepio/poc/runs/tcp-workload-matrix-v1/A04-pbuf/build/portASM.o,
by_pc,2147519376,2,2,4,6,2,0,0,0,0,unresolved@/Users/swchen.tw/git/percepio/poc/runs/tcp-workload-matrix-v1/A04-pbuf/build/portASM.o:2147519232,/Users/swchen.tw/git/percepio/poc/runs/tcp-workload-matrix-v1/A04-pbuf/build/portASM.o,
by_pc,2147519378,2,4,8,10,2,2,0,0,0,unresolved@/Users/swchen.tw/git/percepio/poc/runs/tcp-workload-matrix-v1/A04-pbuf/build/portASM.o:2147519232,/Users/swchen.tw/git/percepio/poc/runs/tcp-workload-matrix-v1/A04-pbuf/build/portASM.o,
by_pc,2147519382,2,2,4,6,2,0,0,0,0,unresolved@/Users/swchen.tw/git/percepio/poc/runs/tcp-workload-matrix-v1/A04-pbuf/build/portASM.o:2147519232,/Users/swchen.tw/git/percepio/poc/runs/tcp-workload-matrix-v1/A04-pbuf/build/portASM.o,
by_pc,2147519386,2,2,4,6,2,0,0,0,0,unresolved@/Users/swchen.tw/git/percepio/poc/runs/tcp-workload-matrix-v1/A04-pbuf/build/portASM.o:2147519232,/Users/swchen.tw/git/percepio/poc/runs/tcp-workload-matrix-v1/A04-pbuf/build/portASM.o,
by_pc,2147519390,2,2,4,6,2,0,0,0,0,unresolved@/Users/swchen.tw/git/percepio/poc/runs/tcp-workload-matrix-v1/A04-pbuf/build/portASM.o:2147519232,/Users/swchen.tw/git/percepio/poc/runs/tcp-workload-matrix-v1/A04-pbuf/build/portASM.o,
by_pc,2147519394,2,42,84,86,2,2,16,0,22,unresolved@/Users/swchen.tw/git/percepio/poc/runs/tcp-workload-matrix-v1/A04-pbuf/build/portASM.o:2147519232,/Users/swchen.tw/git/percepio/poc/runs/tcp-workload-matrix-v1/A04-pbuf/build/portASM.o,
by_pc,2147519396,2,42,84,86,2,2,16,0,22,unresolved@/Users/swchen.tw/git/percepio/poc/runs/tcp-workload-matrix-v1/A04-pbuf/build/portASM.o:2147519232,/Users/swchen.tw/git/percepio/poc/runs/tcp-workload-matrix-v1/A04-pbuf/build/portASM.o,
by_pc,2147519400,2,2,4,6,2,0,0,0,0,unresolved@/Users/swchen.tw/git/percepio/poc/runs/tcp-workload-matrix-v1/A04-pbuf/build/portASM.o:2147519232,/Users/swchen.tw/git/percepio/poc/runs/tcp-workload-matrix-v1/A04-pbuf/build/portASM.o,
by_pc,2147485004,2,54,108,110,2,0,16,36,0,xTaskIncrementTick,/Users/swchen.tw/git/percepio/poc/runs/tcp-workload-matrix-v1/A04-pbuf/build/tasks.o,
by_pc,2147485006,2,60,120,122,2,2,16,18,22,xTaskIncrementTick,/Users/swchen.tw/git/percepio/poc/runs/tcp-workload-matrix-v1/A04-pbuf/build/tasks.o,
by_pc,2147485008,2,42,84,86,2,2,16,0,22,xTaskIncrementTick,/Users/swchen.tw/git/percepio/poc/runs/tcp-workload-matrix-v1/A04-pbuf/build/tasks.o,
by_pc,2147485010,2,42,84,86,2,2,16,0,22,xTaskIncrementTick,/Users/swchen.tw/git/percepio/poc/runs/tcp-workload-matrix-v1/A04-pbuf/build/tasks.o,
by_pc,2147485012,2,42,84,86,2,2,16,0,22,xTaskIncrementTick,/Users/swchen.tw/git/percepio/poc/runs/tcp-workload-matrix-v1/A04-pbuf/build/tasks.o,
by_pc,2147485014,2,42,84,86,2,2,16,0,22,xTaskIncrementTick,/Users/swchen.tw/git/percepio/poc/runs/tcp-workload-matrix-v1/A04-pbuf/build/tasks.o,
by_pc,2147485016,2,42,84,86,2,2,16,0,22,xTaskIncrementTick,/Users/swchen.tw/git/percepio/poc/runs/tcp-workload-matrix-v1/A04-pbuf/build/tasks.o,
by_pc,2147485018,2,42,84,86,2,2,16,0,22,xTaskIncrementTick,/Users/swchen.tw/git/percepio/poc/runs/tcp-workload-matrix-v1/A04-pbuf/build/tasks.o,
by_pc,2147485020,2,42,84,86,2,2,16,0,22,xTaskIncrementTick,/Users/swchen.tw/git/percepio/poc/runs/tcp-workload-matrix-v1/A04-pbuf/build/tasks.o,
by_pc,2147485022,2,42,84,86,2,2,16,0,22,xTaskIncrementTick,/Users/swchen.tw/git/percepio/poc/runs/tcp-workload-matrix-v1/A04-pbuf/build/tasks.o,
by_pc,2147485024,2,42,84,86,2,2,16,0,22,xTaskIncrementTick,/Users/swchen.tw/git/percepio/poc/runs/tcp-workload-matrix-v1/A04-pbuf/build/tasks.o,
by_pc,2147485026,2,42,84,86,2,2,16,0,22,xTaskIncrementTick,/Users/swchen.tw/git/percepio/poc/runs/tcp-workload-matrix-v1/A04-pbuf/build/tasks.o,
by_pc,2147485028,2,2,4,6,2,0,0,0,0,xTaskIncrementTick,/Users/swchen.tw/git/percepio/poc/runs/tcp-workload-matrix-v1/A04-pbuf/build/tasks.o,
by_pc,2147485032,2,4,8,10,2,2,0,0,0,xTaskIncrementTick,/Users/swchen.tw/git/percepio/poc/runs/tcp-workload-matrix-v1/A04-pbuf/build/tasks.o,
by_pc,2147485034,2,2,4,6,2,0,0,0,0,xTaskIncrementTick,/Users/swchen.tw/git/percepio/poc/runs/tcp-workload-matrix-v1/A04-pbuf/build/tasks.o,
by_pc,2147485036,2,2,4,6,2,0,0,0,0,xTaskIncrementTick,/Users/swchen.tw/git/percepio/poc/runs/tcp-workload-matrix-v1/A04-pbuf/build/tasks.o,
by_pc,2147485040,2,4,8,10,2,2,0,0,0,xTaskIncrementTick,/Users/swchen.tw/git/percepio/poc/runs/tcp-workload-matrix-v1/A04-pbuf/build/tasks.o,
by_pc,2147485044,2,2,4,6,2,0,0,0,0,xTaskIncrementTick,/Users/swchen.tw/git/percepio/poc/runs/tcp-workload-matrix-v1/A04-pbuf/build/tasks.o,
by_pc,2147485046,2,4,8,10,2,2,0,0,0,xTaskIncrementTick,/Users/swchen.tw/git/percepio/poc/runs/tcp-workload-matrix-v1/A04-pbuf/build/tasks.o,
by_pc,2147485050,2,38,76,78,2,2,16,18,0,xTaskIncrementTick,/Users/swchen.tw/git/percepio/poc/runs/tcp-workload-matrix-v1/A04-pbuf/build/tasks.o,
by_pc,2147485054,2,2,4,6,2,0,0,0,0,xTaskIncrementTick,/Users/swchen.tw/git/percepio/poc/runs/tcp-workload-matrix-v1/A04-pbuf/build/tasks.o,
by_pc,2147485056,2,112,224,226,2,2,32,54,22,xTaskIncrementTick,/Users/swchen.tw/git/percepio/poc/runs/tcp-workload-matrix-v1/A04-pbuf/build/tasks.o,
by_pc,2147485058,2,4,8,10,2,2,0,0,0,xTaskIncrementTick,/Users/swchen.tw/git/percepio/poc/runs/tcp-workload-matrix-v1/A04-pbuf/build/tasks.o,
by_pc,2147485060,2,2,4,6,2,0,0,0,0,xTaskIncrementTick,/Users/swchen.tw/git/percepio/poc/runs/tcp-workload-matrix-v1/A04-pbuf/build/tasks.o,
by_pc,2147485062,2,4,8,10,2,2,0,0,0,xTaskIncrementTick,/Users/swchen.tw/git/percepio/poc/runs/tcp-workload-matrix-v1/A04-pbuf/build/tasks.o,
by_pc,2147485066,2,2,4,6,2,0,0,0,0,xTaskIncrementTick,/Users/swchen.tw/git/percepio/poc/runs/tcp-workload-matrix-v1/A04-pbuf/build/tasks.o,
by_pc,2147485070,2,2,4,6,2,0,0,0,0,xTaskIncrementTick,/Users/swchen.tw/git/percepio/poc/runs/tcp-workload-matrix-v1/A04-pbuf/build/tasks.o,
by_pc,2147485072,2,2,4,6,2,0,0,0,0,xTaskIncrementTick,/Users/swchen.tw/git/percepio/poc/runs/tcp-workload-matrix-v1/A04-pbuf/build/tasks.o,
by_pc,2147488492,4,42,84,88,4,4,16,18,0,xTraceEventCreate1,/Users/swchen.tw/git/percepio/poc/runs/tcp-workload-matrix-v1/A04-pbuf/build/trcEvent.o,
by_pc,2147488496,4,4,8,12,4,0,0,0,0,xTraceEventCreate1,/Users/swchen.tw/git/percepio/poc/runs/tcp-workload-matrix-v1/A04-pbuf/build/trcEvent.o,
by_pc,2147488498,4,102,204,208,4,4,32,18,44,xTraceEventCreate1,/Users/swchen.tw/git/percepio/poc/runs/tcp-workload-matrix-v1/A04-pbuf/build/trcEvent.o,
by_pc,2147488500,4,84,168,172,4,4,32,0,44,xTraceEventCreate1,/Users/swchen.tw/git/percepio/poc/runs/tcp-workload-matrix-v1/A04-pbuf/build/trcEvent.o,
by_pc,2147488502,4,84,168,172,4,4,32,0,44,xTraceEventCreate1,/Users/swchen.tw/git/percepio/poc/runs/tcp-workload-matrix-v1/A04-pbuf/build/trcEvent.o,
by_pc,2147488504,4,84,168,172,4,4,32,0,44,xTraceEventCreate1,/Users/swchen.tw/git/percepio/poc/runs/tcp-workload-matrix-v1/A04-pbuf/build/trcEvent.o,
by_pc,2147488506,4,84,168,172,4,4,32,0,44,xTraceEventCreate1,/Users/swchen.tw/git/percepio/poc/runs/tcp-workload-matrix-v1/A04-pbuf/build/trcEvent.o,
by_pc,2147488508,4,4,8,12,4,0,0,0,0,xTraceEventCreate1,/Users/swchen.tw/git/percepio/poc/runs/tcp-workload-matrix-v1/A04-pbuf/build/trcEvent.o,
by_pc,2147488510,4,4,8,12,4,0,0,0,0,xTraceEventCreate1,/Users/swchen.tw/git/percepio/poc/runs/tcp-workload-matrix-v1/A04-pbuf/build/trcEvent.o,
by_pc,2147488512,4,42,84,88,4,4,16,18,0,xTraceEventCreate1,/Users/swchen.tw/git/percepio/poc/runs/tcp-workload-matrix-v1/A04-pbuf/build/trcEvent.o,
by_pc,2147488516,4,8,16,20,4,4,0,0,0,xTraceEventCreate1,/Users/swchen.tw/git/percepio/poc/runs/tcp-workload-matrix-v1/A04-pbuf/build/trcEvent.o,
by_pc,2147488518,4,4,8,12,4,0,0,0,0,xTraceEventCreate1,/Users/swchen.tw/git/percepio/poc/runs/tcp-workload-matrix-v1/A04-pbuf/build/trcEvent.o,
by_pc,2147488520,4,4,8,12,4,0,0,0,0,xTraceEventCreate1,/Users/swchen.tw/git/percepio/poc/runs/tcp-workload-matrix-v1/A04-pbuf/build/trcEvent.o,
by_pc,2147488522,4,4,8,12,4,0,0,0,0,xTraceEventCreate1,/Users/swchen.tw/git/percepio/poc/runs/tcp-workload-matrix-v1/A04-pbuf/build/trcEvent.o,
by_pc,2147488526,4,4,8,12,4,0,0,0,0,xTraceEventCreate1,/Users/swchen.tw/git/percepio/poc/runs/tcp-workload-matrix-v1/A04-pbuf/build/trcEvent.o,
by_pc,2147488530,4,8,16,20,4,4,0,0,0,xTraceEventCreate1,/Users/swchen.tw/git/percepio/poc/runs/tcp-workload-matrix-v1/A04-pbuf/build/trcEvent.o,
by_pc,2147488532,4,4,8,12,4,0,0,0,0,xTraceEventCreate1,/Users/swchen.tw/git/percepio/poc/runs/tcp-workload-matrix-v1/A04-pbuf/build/trcEvent.o,
by_pc,2147488534,4,42,84,88,4,4,16,18,0,xTraceEventCreate1,/Users/swchen.tw/git/percepio/poc/runs/tcp-workload-matrix-v1/A04-pbuf/build/trcEvent.o,
by_pc,2147488536,4,4,8,12,4,0,0,0,0,xTraceEventCreate1,/Users/swchen.tw/git/percepio/poc/runs/tcp-workload-matrix-v1/A04-pbuf/build/trcEvent.o,
by_pc,2147488538,4,84,168,172,4,4,32,0,44,xTraceEventCreate1,/Users/swchen.tw/git/percepio/poc/runs/tcp-workload-matrix-v1/A04-pbuf/build/trcEvent.o,
by_pc,2147488540,4,8,16,20,4,4,0,0,0,xTraceEventCreate1,/Users/swchen.tw/git/percepio/poc/runs/tcp-workload-matrix-v1/A04-pbuf/build/trcEvent.o,
by_pc,2147488544,4,8,16,20,4,4,0,0,0,xTraceEventCreate1,/Users/swchen.tw/git/percepio/poc/runs/tcp-workload-matrix-v1/A04-pbuf/build/trcEvent.o,
by_pc,2147488548,4,42,84,88,4,4,16,18,0,xTraceEventCreate1,/Users/swchen.tw/git/percepio/poc/runs/tcp-workload-matrix-v1/A04-pbuf/build/trcEvent.o,
by_pc,2147488550,4,4,8,12,4,0,0,0,0,xTraceEventCreate1,/Users/swchen.tw/git/percepio/poc/runs/tcp-workload-matrix-v1/A04-pbuf/build/trcEvent.o,
by_pc,2147488552,4,4,8,12,4,0,0,0,0,xTraceEventCreate1,/Users/swchen.tw/git/percepio/poc/runs/tcp-workload-matrix-v1/A04-pbuf/build/trcEvent.o,
by_pc,2147488554,4,4,8,12,4,0,0,0,0,xTraceEventCreate1,/Users/swchen.tw/git/percepio/poc/runs/tcp-workload-matrix-v1/A04-pbuf/build/trcEvent.o,
by_pc,2147488556,4,4,8,12,4,0,0,0,0,xTraceEventCreate1,/Users/swchen.tw/git/percepio/poc/runs/tcp-workload-matrix-v1/A04-pbuf/build/trcEvent.o,
by_pc,2147488558,4,4,8,12,4,0,0,0,0,xTraceEventCreate1,/Users/swchen.tw/git/percepio/poc/runs/tcp-workload-matrix-v1/A04-pbuf/build/trcEvent.o,
by_pc,2147488560,4,84,168,172,4,4,32,0,44,xTraceEventCreate1,/Users/swchen.tw/git/percepio/poc/runs/tcp-workload-matrix-v1/A04-pbuf/build/trcEvent.o,
by_pc,2147488564,4,8,16,20,4,4,0,0,0,xTraceEventCreate1,/Users/swchen.tw/git/percepio/poc/runs/tcp-workload-matrix-v1/A04-pbuf/build/trcEvent.o,
by_pc,2147488566,4,8,16,20,4,4,0,0,0,xTraceEventCreate1,/Users/swchen.tw/git/percepio/poc/runs/tcp-workload-matrix-v1/A04-pbuf/build/trcEvent.o,
by_pc,2147488568,4,84,168,172,4,4,32,0,44,xTraceEventCreate1,/Users/swchen.tw/git/percepio/poc/runs/tcp-workload-matrix-v1/A04-pbuf/build/trcEvent.o,
by_pc,2147488572,4,4,8,12,4,0,0,0,0,xTraceEventCreate1,/Users/swchen.tw/git/percepio/poc/runs/tcp-workload-matrix-v1/A04-pbuf/build/trcEvent.o,
by_pc,2147493400,9,61,122,131,9,0,16,36,0,poc_mtime,/Users/swchen.tw/git/percepio/poc/runs/tcp-workload-matrix-v1/A04-pbuf/build/clock.o,
by_pc,2147493404,9,9,18,27,9,0,0,0,0,poc_mtime,/Users/swchen.tw/git/percepio/poc/runs/tcp-workload-matrix-v1/A04-pbuf/build/clock.o,
by_pc,2147493408,9,9,18,27,9,0,0,0,0,poc_mtime,/Users/swchen.tw/git/percepio/poc/runs/tcp-workload-matrix-v1/A04-pbuf/build/clock.o,
by_pc,2147493410,9,9,18,27,9,0,0,0,0,poc_mtime,/Users/swchen.tw/git/percepio/poc/runs/tcp-workload-matrix-v1/A04-pbuf/build/clock.o,
by_pc,2147493412,9,9,18,27,9,0,0,0,0,poc_mtime,/Users/swchen.tw/git/percepio/poc/runs/tcp-workload-matrix-v1/A04-pbuf/build/clock.o,
by_pc,2147493414,9,9,18,27,9,0,0,0,0,poc_mtime,/Users/swchen.tw/git/percepio/poc/runs/tcp-workload-matrix-v1/A04-pbuf/build/clock.o,
by_pc,2147493416,9,9,18,27,9,0,0,0,0,poc_mtime,/Users/swchen.tw/git/percepio/poc/runs/tcp-workload-matrix-v1/A04-pbuf/build/clock.o,
by_pc,2147493418,9,9,18,27,9,0,0,0,0,poc_mtime,/Users/swchen.tw/git/percepio/poc/runs/tcp-workload-matrix-v1/A04-pbuf/build/clock.o,
by_pc,2147493422,9,9,18,27,9,0,0,0,0,poc_mtime,/Users/swchen.tw/git/percepio/poc/runs/tcp-workload-matrix-v1/A04-pbuf/build/clock.o,
by_pc,2147488576,4,42,84,88,4,4,16,18,0,xTraceEventCreate1,/Users/swchen.tw/git/percepio/poc/runs/tcp-workload-matrix-v1/A04-pbuf/build/trcEvent.o,
by_pc,2147488580,4,84,168,172,4,4,32,0,44,xTraceEventCreate1,/Users/swchen.tw/git/percepio/poc/runs/tcp-workload-matrix-v1/A04-pbuf/build/trcEvent.o,
by_pc,2147488582,4,8,16,20,4,4,0,0,0,xTraceEventCreate1,/Users/swchen.tw/git/percepio/poc/runs/tcp-workload-matrix-v1/A04-pbuf/build/trcEvent.o,
by_pc,2147488584,4,4,8,12,4,0,0,0,0,xTraceEventCreate1,/Users/swchen.tw/git/percepio/poc/runs/tcp-workload-matrix-v1/A04-pbuf/build/trcEvent.o,
by_pc,2147488594,4,8,16,20,4,4,0,0,0,xTraceEventCreate1,/Users/swchen.tw/git/percepio/poc/runs/tcp-workload-matrix-v1/A04-pbuf/build/trcEvent.o,
by_pc,2147488596,4,4,8,12,4,0,0,0,0,xTraceEventCreate1,/Users/swchen.tw/git/percepio/poc/runs/tcp-workload-matrix-v1/A04-pbuf/build/trcEvent.o,
by_pc,2147488598,4,4,8,12,4,0,0,0,0,xTraceEventCreate1,/Users/swchen.tw/git/percepio/poc/runs/tcp-workload-matrix-v1/A04-pbuf/build/trcEvent.o,
by_pc,2147488600,4,84,168,172,4,4,32,0,44,xTraceEventCreate1,/Users/swchen.tw/git/percepio/poc/runs/tcp-workload-matrix-v1/A04-pbuf/build/trcEvent.o,
by_pc,2147488602,4,4,8,12,4,0,0,0,0,xTraceEventCreate1,/Users/swchen.tw/git/percepio/poc/runs/tcp-workload-matrix-v1/A04-pbuf/build/trcEvent.o,
by_pc,2147488604,4,84,168,172,4,4,32,0,44,xTraceEventCreate1,/Users/swchen.tw/git/percepio/poc/runs/tcp-workload-matrix-v1/A04-pbuf/build/trcEvent.o,
by_pc,2147488606,4,4,8,12,4,0,0,0,0,xTraceEventCreate1,/Users/swchen.tw/git/percepio/poc/runs/tcp-workload-matrix-v1/A04-pbuf/build/trcEvent.o,
by_pc,2147488608,4,4,8,12,4,0,0,0,0,xTraceEventCreate1,/Users/swchen.tw/git/percepio/poc/runs/tcp-workload-matrix-v1/A04-pbuf/build/trcEvent.o,
by_pc,2147493810,7,67,134,141,7,0,24,36,0,xTraceStreamPortWriteData,/Users/swchen.tw/git/percepio/poc/runs/tcp-workload-matrix-v1/A04-pbuf/build/trcStreamPort.o,
by_pc,2147493812,7,147,294,301,7,7,56,0,77,xTraceStreamPortWriteData,/Users/swchen.tw/git/percepio/poc/runs/tcp-workload-matrix-v1/A04-pbuf/build/trcStreamPort.o,
by_pc,2147493814,7,147,294,301,7,7,56,0,77,xTraceStreamPortWriteData,/Users/swchen.tw/git/percepio/poc/runs/tcp-workload-matrix-v1/A04-pbuf/build/trcStreamPort.o,
by_pc,2147493816,7,147,294,301,7,7,56,0,77,xTraceStreamPortWriteData,/Users/swchen.tw/git/percepio/poc/runs/tcp-workload-matrix-v1/A04-pbuf/build/trcStreamPort.o,
by_pc,2147493820,7,7,14,21,7,0,0,0,0,xTraceStreamPortWriteData,/Users/swchen.tw/git/percepio/poc/runs/tcp-workload-matrix-v1/A04-pbuf/build/trcStreamPort.o,
by_pc,2147493826,7,66,132,139,7,7,16,36,0,xTraceStreamPortWriteData,/Users/swchen.tw/git/percepio/poc/runs/tcp-workload-matrix-v1/A04-pbuf/build/trcStreamPort.o,
by_pc,2147493830,7,7,14,21,7,0,0,0,0,xTraceStreamPortWriteData,/Users/swchen.tw/git/percepio/poc/runs/tcp-workload-matrix-v1/A04-pbuf/build/trcStreamPort.o,
by_pc,2147493834,7,7,14,21,7,0,0,0,0,xTraceStreamPortWriteData,/Users/swchen.tw/git/percepio/poc/runs/tcp-workload-matrix-v1/A04-pbuf/build/trcStreamPort.o,
by_pc,2147493836,7,7,14,21,7,0,0,0,0,xTraceStreamPortWriteData,/Users/swchen.tw/git/percepio/poc/runs/tcp-workload-matrix-v1/A04-pbuf/build/trcStreamPort.o,
by_pc,2147493838,7,7,14,21,7,0,0,0,0,xTraceStreamPortWriteData,/Users/swchen.tw/git/percepio/poc/runs/tcp-workload-matrix-v1/A04-pbuf/build/trcStreamPort.o,
by_pc,2147493840,7,7,14,21,7,0,0,0,0,xTraceStreamPortWriteData,/Users/swchen.tw/git/percepio/poc/runs/tcp-workload-matrix-v1/A04-pbuf/build/trcStreamPort.o,
by_pc,2147493842,7,165,330,337,7,7,56,18,77,xTraceStreamPortWriteData,/Users/swchen.tw/git/percepio/poc/runs/tcp-workload-matrix-v1/A04-pbuf/build/trcStreamPort.o,
by_pc,2147493844,7,7,14,21,7,0,0,0,0,xTraceStreamPortWriteData,/Users/swchen.tw/git/percepio/poc/runs/tcp-workload-matrix-v1/A04-pbuf/build/trcStreamPort.o,
by_pc,2147493576,7,41,82,89,7,0,16,18,0,poc_write_all,/Users/swchen.tw/git/percepio/poc/runs/tcp-workload-matrix-v1/A04-pbuf/build/stream_io.o,
by_pc,2147493578,7,147,294,301,7,7,56,0,77,poc_write_all,/Users/swchen.tw/git/percepio/poc/runs/tcp-workload-matrix-v1/A04-pbuf/build/stream_io.o,
by_pc,2147493580,7,147,294,301,7,7,56,0,77,poc_write_all,/Users/swchen.tw/git/percepio/poc/runs/tcp-workload-matrix-v1/A04-pbuf/build/stream_io.o,
by_pc,2147493582,7,147,294,301,7,7,56,0,77,poc_write_all,/Users/swchen.tw/git/percepio/poc/runs/tcp-workload-matrix-v1/A04-pbuf/build/stream_io.o,
by_pc,2147493584,7,7,14,21,7,0,0,0,0,poc_write_all,/Users/swchen.tw/git/percepio/poc/runs/tcp-workload-matrix-v1/A04-pbuf/build/stream_io.o,
by_pc,2147493586,7,7,14,21,7,0,0,0,0,poc_write_all,/Users/swchen.tw/git/percepio/poc/runs/tcp-workload-matrix-v1/A04-pbuf/build/stream_io.o,
by_pc,2147493590,14,14,28,42,14,0,0,0,0,poc_write_all,/Users/swchen.tw/git/percepio/poc/runs/tcp-workload-matrix-v1/A04-pbuf/build/stream_io.o,
by_pc,2147493596,7,7,14,21,7,0,0,0,0,poc_write_all,/Users/swchen.tw/git/percepio/poc/runs/tcp-workload-matrix-v1/A04-pbuf/build/stream_io.o,
by_pc,2147493598,7,7,14,21,7,0,0,0,0,poc_write_all,/Users/swchen.tw/git/percepio/poc/runs/tcp-workload-matrix-v1/A04-pbuf/build/stream_io.o,
by_pc,2147493612,7,7,14,21,7,0,0,0,0,poc_write_all,/Users/swchen.tw/git/percepio/poc/runs/tcp-workload-matrix-v1/A04-pbuf/build/stream_io.o,
by_pc,2147493614,7,147,294,301,7,7,56,0,77,poc_write_all,/Users/swchen.tw/git/percepio/poc/runs/tcp-workload-matrix-v1/A04-pbuf/build/stream_io.o,
by_pc,2147493616,7,147,294,301,7,7,56,0,77,poc_write_all,/Users/swchen.tw/git/percepio/poc/runs/tcp-workload-matrix-v1/A04-pbuf/build/stream_io.o,
by_pc,2147493618,7,7,14,21,7,0,0,0,0,poc_write_all,/Users/swchen.tw/git/percepio/poc/runs/tcp-workload-matrix-v1/A04-pbuf/build/stream_io.o,
by_pc,2147493552,7,59,118,125,7,0,16,36,0,poc_sh_write,/Users/swchen.tw/git/percepio/poc/runs/tcp-workload-matrix-v1/A04-pbuf/build/semihost.o,
by_pc,2147493554,7,165,330,337,7,7,56,18,77,poc_sh_write,/Users/swchen.tw/git/percepio/poc/runs/tcp-workload-matrix-v1/A04-pbuf/build/semihost.o,
by_pc,2147493556,7,147,294,301,7,7,56,0,77,poc_sh_write,/Users/swchen.tw/git/percepio/poc/runs/tcp-workload-matrix-v1/A04-pbuf/build/semihost.o,
by_pc,2147493558,7,7,14,21,7,0,0,0,0,poc_sh_write,/Users/swchen.tw/git/percepio/poc/runs/tcp-workload-matrix-v1/A04-pbuf/build/semihost.o,
by_pc,2147493560,7,7,14,21,7,0,0,0,0,poc_sh_write,/Users/swchen.tw/git/percepio/poc/runs/tcp-workload-matrix-v1/A04-pbuf/build/semihost.o,
by_pc,2147493562,7,147,294,301,7,7,56,0,77,poc_sh_write,/Users/swchen.tw/git/percepio/poc/runs/tcp-workload-matrix-v1/A04-pbuf/build/semihost.o,
by_pc,2147493564,7,147,294,301,7,7,56,0,77,poc_sh_write,/Users/swchen.tw/git/percepio/poc/runs/tcp-workload-matrix-v1/A04-pbuf/build/semihost.o,
by_pc,2147493566,7,14,28,35,14,0,0,0,0,poc_sh_write,/Users/swchen.tw/git/percepio/poc/runs/tcp-workload-matrix-v1/A04-pbuf/build/semihost.o,
by_pc,2147493488,7,59,118,125,7,0,16,36,0,call,/Users/swchen.tw/git/percepio/poc/runs/tcp-workload-matrix-v1/A04-pbuf/build/semihost.o,
by_pc,2147493492,7,7,14,21,7,0,0,0,0,call,/Users/swchen.tw/git/percepio/poc/runs/tcp-workload-matrix-v1/A04-pbuf/build/semihost.o,
by_pc,2147493496,7,7,14,21,7,0,0,0,0,call,/Users/swchen.tw/git/percepio/poc/runs/tcp-workload-matrix-v1/A04-pbuf/build/semihost.o,
by_pc,2147493500,7,7,14,21,7,0,0,0,0,call,/Users/swchen.tw/git/percepio/poc/runs/tcp-workload-matrix-v1/A04-pbuf/build/semihost.o,
by_pc,2147493570,7,14,28,35,7,7,0,0,0,poc_sh_write,/Users/swchen.tw/git/percepio/poc/runs/tcp-workload-matrix-v1/A04-pbuf/build/semihost.o,
by_pc,2147493572,7,7,14,21,7,0,0,0,0,poc_sh_write,/Users/swchen.tw/git/percepio/poc/runs/tcp-workload-matrix-v1/A04-pbuf/build/semihost.o,
by_pc,2147493574,7,7,14,21,7,0,0,0,0,poc_sh_write,/Users/swchen.tw/git/percepio/poc/runs/tcp-workload-matrix-v1/A04-pbuf/build/semihost.o,
by_pc,2147493622,7,14,28,35,7,7,0,0,0,poc_write_all,/Users/swchen.tw/git/percepio/poc/runs/tcp-workload-matrix-v1/A04-pbuf/build/stream_io.o,
by_pc,2147493624,7,7,14,21,7,0,0,0,0,poc_write_all,/Users/swchen.tw/git/percepio/poc/runs/tcp-workload-matrix-v1/A04-pbuf/build/stream_io.o,
by_pc,2147493628,7,7,14,21,7,0,0,0,0,poc_write_all,/Users/swchen.tw/git/percepio/poc/runs/tcp-workload-matrix-v1/A04-pbuf/build/stream_io.o,
by_pc,2147493632,7,66,132,139,7,7,16,36,0,poc_write_all,/Users/swchen.tw/git/percepio/poc/runs/tcp-workload-matrix-v1/A04-pbuf/build/stream_io.o,
by_pc,2147493634,7,7,14,21,7,0,0,0,0,poc_write_all,/Users/swchen.tw/git/percepio/poc/runs/tcp-workload-matrix-v1/A04-pbuf/build/stream_io.o,
by_pc,2147493636,7,7,14,21,7,0,0,0,0,poc_write_all,/Users/swchen.tw/git/percepio/poc/runs/tcp-workload-matrix-v1/A04-pbuf/build/stream_io.o,
by_pc,2147493638,7,7,14,21,7,0,0,0,0,poc_write_all,/Users/swchen.tw/git/percepio/poc/runs/tcp-workload-matrix-v1/A04-pbuf/build/stream_io.o,
by_pc,2147493640,7,7,14,21,7,0,0,0,0,poc_write_all,/Users/swchen.tw/git/percepio/poc/runs/tcp-workload-matrix-v1/A04-pbuf/build/stream_io.o,
by_pc,2147493592,7,7,14,21,7,0,0,0,0,poc_write_all,/Users/swchen.tw/git/percepio/poc/runs/tcp-workload-matrix-v1/A04-pbuf/build/stream_io.o,
by_pc,2147493594,7,7,14,21,7,0,0,0,0,poc_write_all,/Users/swchen.tw/git/percepio/poc/runs/tcp-workload-matrix-v1/A04-pbuf/build/stream_io.o,
by_pc,2147493602,7,14,28,35,7,7,0,0,0,poc_write_all,/Users/swchen.tw/git/percepio/poc/runs/tcp-workload-matrix-v1/A04-pbuf/build/stream_io.o,
by_pc,2147493604,7,14,28,35,7,7,0,0,0,poc_write_all,/Users/swchen.tw/git/percepio/poc/runs/tcp-workload-matrix-v1/A04-pbuf/build/stream_io.o,
by_pc,2147493606,7,14,28,35,7,7,0,0,0,poc_write_all,/Users/swchen.tw/git/percepio/poc/runs/tcp-workload-matrix-v1/A04-pbuf/build/stream_io.o,
by_pc,2147493608,7,7,14,21,7,0,0,0,0,poc_write_all,/Users/swchen.tw/git/percepio/poc/runs/tcp-workload-matrix-v1/A04-pbuf/build/stream_io.o,
by_pc,2147493610,7,7,14,21,7,0,0,0,0,poc_write_all,/Users/swchen.tw/git/percepio/poc/runs/tcp-workload-matrix-v1/A04-pbuf/build/stream_io.o,
by_pc,2147493848,7,7,14,21,7,0,0,0,0,xTraceStreamPortWriteData,/Users/swchen.tw/git/percepio/poc/runs/tcp-workload-matrix-v1/A04-pbuf/build/trcStreamPort.o,
by_pc,2147493850,7,14,28,35,7,7,0,0,0,xTraceStreamPortWriteData,/Users/swchen.tw/git/percepio/poc/runs/tcp-workload-matrix-v1/A04-pbuf/build/trcStreamPort.o,
by_pc,2147493852,7,147,294,301,7,7,56,0,77,xTraceStreamPortWriteData,/Users/swchen.tw/git/percepio/poc/runs/tcp-workload-matrix-v1/A04-pbuf/build/trcStreamPort.o,
by_pc,2147493854,7,14,28,35,7,7,0,0,0,xTraceStreamPortWriteData,/Users/swchen.tw/git/percepio/poc/runs/tcp-workload-matrix-v1/A04-pbuf/build/trcStreamPort.o,
by_pc,2147493856,7,14,28,35,7,7,0,0,0,xTraceStreamPortWriteData,/Users/swchen.tw/git/percepio/poc/runs/tcp-workload-matrix-v1/A04-pbuf/build/trcStreamPort.o,
by_pc,2147493858,7,7,14,21,7,0,0,0,0,xTraceStreamPortWriteData,/Users/swchen.tw/git/percepio/poc/runs/tcp-workload-matrix-v1/A04-pbuf/build/trcStreamPort.o,
by_pc,2147493860,7,7,14,21,7,0,0,0,0,xTraceStreamPortWriteData,/Users/swchen.tw/git/percepio/poc/runs/tcp-workload-matrix-v1/A04-pbuf/build/trcStreamPort.o,
by_pc,2147488612,4,4,8,12,4,0,0,0,0,xTraceEventCreate1,/Users/swchen.tw/git/percepio/poc/runs/tcp-workload-matrix-v1/A04-pbuf/build/trcEvent.o,
by_pc,2147488614,4,4,8,12,4,0,0,0,0,xTraceEventCreate1,/Users/swchen.tw/git/percepio/poc/runs/tcp-workload-matrix-v1/A04-pbuf/build/trcEvent.o,
by_pc,2147488452,7,7,14,21,7,0,0,0,0,poc_irq_restore,/Users/swchen.tw/git/percepio/poc/runs/tcp-workload-matrix-v1/A04-pbuf/build/trcEvent.o,
by_pc,2147488454,7,7,14,21,7,0,0,0,0,poc_irq_restore,/Users/swchen.tw/git/percepio/poc/runs/tcp-workload-matrix-v1/A04-pbuf/build/trcEvent.o,
by_pc,2147488462,6,6,12,18,6,0,0,0,0,poc_irq_restore,/Users/swchen.tw/git/percepio/poc/runs/tcp-workload-matrix-v1/A04-pbuf/build/trcEvent.o,
by_pc,2147488466,6,6,12,18,6,0,0,0,0,poc_irq_restore,/Users/swchen.tw/git/percepio/poc/runs/tcp-workload-matrix-v1/A04-pbuf/build/trcEvent.o,
by_pc,2147488616,4,4,8,12,4,0,0,0,0,xTraceEventCreate1,/Users/swchen.tw/git/percepio/poc/runs/tcp-workload-matrix-v1/A04-pbuf/build/trcEvent.o,
by_pc,2147488618,4,8,16,20,4,4,0,0,0,xTraceEventCreate1,/Users/swchen.tw/git/percepio/poc/runs/tcp-workload-matrix-v1/A04-pbuf/build/trcEvent.o,
by_pc,2147488620,4,8,16,20,4,4,0,0,0,xTraceEventCreate1,/Users/swchen.tw/git/percepio/poc/runs/tcp-workload-matrix-v1/A04-pbuf/build/trcEvent.o,
by_pc,2147488622,4,8,16,20,4,4,0,0,0,xTraceEventCreate1,/Users/swchen.tw/git/percepio/poc/runs/tcp-workload-matrix-v1/A04-pbuf/build/trcEvent.o,
by_pc,2147488624,4,8,16,20,4,4,0,0,0,xTraceEventCreate1,/Users/swchen.tw/git/percepio/poc/runs/tcp-workload-matrix-v1/A04-pbuf/build/trcEvent.o,
by_pc,2147488626,4,4,8,12,4,0,0,0,0,xTraceEventCreate1,/Users/swchen.tw/git/percepio/poc/runs/tcp-workload-matrix-v1/A04-pbuf/build/trcEvent.o,
by_pc,2147488628,4,4,8,12,4,0,0,0,0,xTraceEventCreate1,/Users/swchen.tw/git/percepio/poc/runs/tcp-workload-matrix-v1/A04-pbuf/build/trcEvent.o,
by_pc,2147488630,4,4,8,12,4,0,0,0,0,xTraceEventCreate1,/Users/swchen.tw/git/percepio/poc/runs/tcp-workload-matrix-v1/A04-pbuf/build/trcEvent.o,
by_pc,2147485076,2,4,8,10,2,2,0,0,0,xTaskIncrementTick,/Users/swchen.tw/git/percepio/poc/runs/tcp-workload-matrix-v1/A04-pbuf/build/tasks.o,
by_pc,2147485078,2,2,4,6,2,0,0,0,0,xTaskIncrementTick,/Users/swchen.tw/git/percepio/poc/runs/tcp-workload-matrix-v1/A04-pbuf/build/tasks.o,
by_pc,2147485082,2,2,4,6,2,0,0,0,0,xTaskIncrementTick,/Users/swchen.tw/git/percepio/poc/runs/tcp-workload-matrix-v1/A04-pbuf/build/tasks.o,
by_pc,2147485086,2,4,8,10,2,2,0,0,0,xTaskIncrementTick,/Users/swchen.tw/git/percepio/poc/runs/tcp-workload-matrix-v1/A04-pbuf/build/tasks.o,
by_pc,2147485088,2,2,4,6,2,0,0,0,0,xTaskIncrementTick,/Users/swchen.tw/git/percepio/poc/runs/tcp-workload-matrix-v1/A04-pbuf/build/tasks.o,
by_pc,2147485090,2,42,84,86,2,2,16,0,22,xTaskIncrementTick,/Users/swchen.tw/git/percepio/poc/runs/tcp-workload-matrix-v1/A04-pbuf/build/tasks.o,
by_pc,2147485092,2,2,4,6,2,0,0,0,0,xTaskIncrementTick,/Users/swchen.tw/git/percepio/poc/runs/tcp-workload-matrix-v1/A04-pbuf/build/tasks.o,
by_pc,2147485146,2,54,108,110,2,0,16,36,0,xTaskIncrementTick,/Users/swchen.tw/git/percepio/poc/runs/tcp-workload-matrix-v1/A04-pbuf/build/tasks.o,
by_pc,2147485150,2,4,8,10,2,2,0,0,0,xTaskIncrementTick,/Users/swchen.tw/git/percepio/poc/runs/tcp-workload-matrix-v1/A04-pbuf/build/tasks.o,
by_pc,2147485154,2,2,4,6,2,0,0,0,0,xTaskIncrementTick,/Users/swchen.tw/git/percepio/poc/runs/tcp-workload-matrix-v1/A04-pbuf/build/tasks.o,
by_pc,2147485158,2,2,4,6,2,0,0,0,0,xTaskIncrementTick,/Users/swchen.tw/git/percepio/poc/runs/tcp-workload-matrix-v1/A04-pbuf/build/tasks.o,
by_pc,2147485162,2,2,4,6,2,0,0,0,0,xTaskIncrementTick,/Users/swchen.tw/git/percepio/poc/runs/tcp-workload-matrix-v1/A04-pbuf/build/tasks.o,
by_pc,2147485164,2,2,4,6,2,0,0,0,0,xTaskIncrementTick,/Users/swchen.tw/git/percepio/poc/runs/tcp-workload-matrix-v1/A04-pbuf/build/tasks.o,
by_pc,2147485194,2,30,60,62,2,2,8,18,0,xTaskIncrementTick,/Users/swchen.tw/git/percepio/poc/runs/tcp-workload-matrix-v1/A04-pbuf/build/tasks.o,
by_pc,2147485198,2,2,4,6,2,0,0,0,0,xTaskIncrementTick,/Users/swchen.tw/git/percepio/poc/runs/tcp-workload-matrix-v1/A04-pbuf/build/tasks.o,
by_pc,2147485200,2,4,8,10,2,2,0,0,0,xTaskIncrementTick,/Users/swchen.tw/git/percepio/poc/runs/tcp-workload-matrix-v1/A04-pbuf/build/tasks.o,
by_pc,2147485204,2,4,8,10,2,2,0,0,0,xTaskIncrementTick,/Users/swchen.tw/git/percepio/poc/runs/tcp-workload-matrix-v1/A04-pbuf/build/tasks.o,
by_pc,2147485206,2,2,4,6,2,0,0,0,0,xTaskIncrementTick,/Users/swchen.tw/git/percepio/poc/runs/tcp-workload-matrix-v1/A04-pbuf/build/tasks.o,
by_pc,2147485210,2,2,4,6,2,0,0,0,0,xTaskIncrementTick,/Users/swchen.tw/git/percepio/poc/runs/tcp-workload-matrix-v1/A04-pbuf/build/tasks.o,
by_pc,2147485214,2,2,4,6,2,0,0,0,0,xTaskIncrementTick,/Users/swchen.tw/git/percepio/poc/runs/tcp-workload-matrix-v1/A04-pbuf/build/tasks.o,
by_pc,2147485216,2,30,60,62,2,2,8,18,0,xTaskIncrementTick,/Users/swchen.tw/git/percepio/poc/runs/tcp-workload-matrix-v1/A04-pbuf/build/tasks.o,
by_pc,2147485218,2,2,4,6,2,0,0,0,0,xTaskIncrementTick,/Users/swchen.tw/git/percepio/poc/runs/tcp-workload-matrix-v1/A04-pbuf/build/tasks.o,
by_pc,2147485222,2,2,4,6,2,0,0,0,0,xTaskIncrementTick,/Users/swchen.tw/git/percepio/poc/runs/tcp-workload-matrix-v1/A04-pbuf/build/tasks.o,
by_pc,2147485226,2,2,4,6,2,0,0,0,0,xTaskIncrementTick,/Users/swchen.tw/git/percepio/poc/runs/tcp-workload-matrix-v1/A04-pbuf/build/tasks.o,
by_pc,2147485228,2,2,4,6,2,0,0,0,0,xTaskIncrementTick,/Users/swchen.tw/git/percepio/poc/runs/tcp-workload-matrix-v1/A04-pbuf/build/tasks.o,
by_pc,2147485232,2,4,8,10,2,2,0,0,0,xTaskIncrementTick,/Users/swchen.tw/git/percepio/poc/runs/tcp-workload-matrix-v1/A04-pbuf/build/tasks.o,
by_pc,2147485234,2,4,8,10,2,2,0,0,0,xTaskIncrementTick,/Users/swchen.tw/git/percepio/poc/runs/tcp-workload-matrix-v1/A04-pbuf/build/tasks.o,
by_pc,2147485236,2,4,8,10,2,2,0,0,0,xTaskIncrementTick,/Users/swchen.tw/git/percepio/poc/runs/tcp-workload-matrix-v1/A04-pbuf/build/tasks.o,
by_pc,2147485238,2,4,8,10,2,2,0,0,0,xTaskIncrementTick,/Users/swchen.tw/git/percepio/poc/runs/tcp-workload-matrix-v1/A04-pbuf/build/tasks.o,
by_pc,2147485240,2,4,8,10,2,2,0,0,0,xTaskIncrementTick,/Users/swchen.tw/git/percepio/poc/runs/tcp-workload-matrix-v1/A04-pbuf/build/tasks.o,
by_pc,2147485242,2,4,8,10,2,2,0,0,0,xTaskIncrementTick,/Users/swchen.tw/git/percepio/poc/runs/tcp-workload-matrix-v1/A04-pbuf/build/tasks.o,
by_pc,2147485244,2,4,8,10,2,2,0,0,0,xTaskIncrementTick,/Users/swchen.tw/git/percepio/poc/runs/tcp-workload-matrix-v1/A04-pbuf/build/tasks.o,
by_pc,2147485246,2,4,8,10,2,2,0,0,0,xTaskIncrementTick,/Users/swchen.tw/git/percepio/poc/runs/tcp-workload-matrix-v1/A04-pbuf/build/tasks.o,
by_pc,2147485248,2,30,60,62,2,2,8,18,0,xTaskIncrementTick,/Users/swchen.tw/git/percepio/poc/runs/tcp-workload-matrix-v1/A04-pbuf/build/tasks.o,
by_pc,2147485250,2,4,8,10,2,2,0,0,0,xTaskIncrementTick,/Users/swchen.tw/git/percepio/poc/runs/tcp-workload-matrix-v1/A04-pbuf/build/tasks.o,
by_pc,2147485252,2,4,8,10,2,2,0,0,0,xTaskIncrementTick,/Users/swchen.tw/git/percepio/poc/runs/tcp-workload-matrix-v1/A04-pbuf/build/tasks.o,
by_pc,2147485254,2,2,4,6,2,0,0,0,0,xTaskIncrementTick,/Users/swchen.tw/git/percepio/poc/runs/tcp-workload-matrix-v1/A04-pbuf/build/tasks.o,
by_pc,2147485256,2,2,4,6,2,0,0,0,0,xTaskIncrementTick,/Users/swchen.tw/git/percepio/poc/runs/tcp-workload-matrix-v1/A04-pbuf/build/tasks.o,
by_pc,2147519404,2,2,4,6,2,0,0,0,0,unresolved@/Users/swchen.tw/git/percepio/poc/runs/tcp-workload-matrix-v1/A04-pbuf/build/portASM.o:2147519232,/Users/swchen.tw/git/percepio/poc/runs/tcp-workload-matrix-v1/A04-pbuf/build/portASM.o,
by_pc,2147519436,3,40,80,83,3,3,16,18,0,unresolved@/Users/swchen.tw/git/percepio/poc/runs/tcp-workload-matrix-v1/A04-pbuf/build/portASM.o:2147519232,/Users/swchen.tw/git/percepio/poc/runs/tcp-workload-matrix-v1/A04-pbuf/build/portASM.o,
by_pc,2147519440,3,6,12,15,3,3,0,0,0,unresolved@/Users/swchen.tw/git/percepio/poc/runs/tcp-workload-matrix-v1/A04-pbuf/build/portASM.o:2147519232,/Users/swchen.tw/git/percepio/poc/runs/tcp-workload-matrix-v1/A04-pbuf/build/portASM.o,
by_pc,2147519444,3,32,64,67,3,3,8,18,0,unresolved@/Users/swchen.tw/git/percepio/poc/runs/tcp-workload-matrix-v1/A04-pbuf/build/portASM.o:2147519232,/Users/swchen.tw/git/percepio/poc/runs/tcp-workload-matrix-v1/A04-pbuf/build/portASM.o,
by_pc,2147519446,3,3,6,9,3,0,0,0,0,unresolved@/Users/swchen.tw/git/percepio/poc/runs/tcp-workload-matrix-v1/A04-pbuf/build/portASM.o:2147519232,/Users/swchen.tw/git/percepio/poc/runs/tcp-workload-matrix-v1/A04-pbuf/build/portASM.o,
by_pc,2147519450,3,32,64,67,3,3,8,18,0,unresolved@/Users/swchen.tw/git/percepio/poc/runs/tcp-workload-matrix-v1/A04-pbuf/build/portASM.o:2147519232,/Users/swchen.tw/git/percepio/poc/runs/tcp-workload-matrix-v1/A04-pbuf/build/portASM.o,
by_pc,2147519452,3,3,6,9,3,0,0,0,0,unresolved@/Users/swchen.tw/git/percepio/poc/runs/tcp-workload-matrix-v1/A04-pbuf/build/portASM.o:2147519232,/Users/swchen.tw/git/percepio/poc/runs/tcp-workload-matrix-v1/A04-pbuf/build/portASM.o,
by_pc,2147519456,3,6,12,15,3,3,0,0,0,unresolved@/Users/swchen.tw/git/percepio/poc/runs/tcp-workload-matrix-v1/A04-pbuf/build/portASM.o:2147519232,/Users/swchen.tw/git/percepio/poc/runs/tcp-workload-matrix-v1/A04-pbuf/build/portASM.o,
by_pc,2147519458,3,3,6,9,3,0,0,0,0,unresolved@/Users/swchen.tw/git/percepio/poc/runs/tcp-workload-matrix-v1/A04-pbuf/build/portASM.o:2147519232,/Users/swchen.tw/git/percepio/poc/runs/tcp-workload-matrix-v1/A04-pbuf/build/portASM.o,
by_pc,2147519462,3,6,12,15,3,3,0,0,0,unresolved@/Users/swchen.tw/git/percepio/poc/runs/tcp-workload-matrix-v1/A04-pbuf/build/portASM.o:2147519232,/Users/swchen.tw/git/percepio/poc/runs/tcp-workload-matrix-v1/A04-pbuf/build/portASM.o,
by_pc,2147519466,3,63,126,129,3,3,24,0,33,unresolved@/Users/swchen.tw/git/percepio/poc/runs/tcp-workload-matrix-v1/A04-pbuf/build/portASM.o:2147519232,/Users/swchen.tw/git/percepio/poc/runs/tcp-workload-matrix-v1/A04-pbuf/build/portASM.o,
by_pc,2147519470,3,6,12,15,3,3,0,0,0,unresolved@/Users/swchen.tw/git/percepio/poc/runs/tcp-workload-matrix-v1/A04-pbuf/build/portASM.o:2147519232,/Users/swchen.tw/git/percepio/poc/runs/tcp-workload-matrix-v1/A04-pbuf/build/portASM.o,
by_pc,2147519472,3,6,12,15,3,3,0,0,0,unresolved@/Users/swchen.tw/git/percepio/poc/runs/tcp-workload-matrix-v1/A04-pbuf/build/portASM.o:2147519232,/Users/swchen.tw/git/percepio/poc/runs/tcp-workload-matrix-v1/A04-pbuf/build/portASM.o,
by_pc,2147519474,3,6,12,15,3,3,0,0,0,unresolved@/Users/swchen.tw/git/percepio/poc/runs/tcp-workload-matrix-v1/A04-pbuf/build/portASM.o:2147519232,/Users/swchen.tw/git/percepio/poc/runs/tcp-workload-matrix-v1/A04-pbuf/build/portASM.o,
by_pc,2147519476,3,6,12,15,3,3,0,0,0,unresolved@/Users/swchen.tw/git/percepio/poc/runs/tcp-workload-matrix-v1/A04-pbuf/build/portASM.o:2147519232,/Users/swchen.tw/git/percepio/poc/runs/tcp-workload-matrix-v1/A04-pbuf/build/portASM.o,
by_pc,2147519478,3,6,12,15,3,3,0,0,0,unresolved@/Users/swchen.tw/git/percepio/poc/runs/tcp-workload-matrix-v1/A04-pbuf/build/portASM.o:2147519232,/Users/swchen.tw/git/percepio/poc/runs/tcp-workload-matrix-v1/A04-pbuf/build/portASM.o,
by_pc,2147519480,3,6,12,15,3,3,0,0,0,unresolved@/Users/swchen.tw/git/percepio/poc/runs/tcp-workload-matrix-v1/A04-pbuf/build/portASM.o:2147519232,/Users/swchen.tw/git/percepio/poc/runs/tcp-workload-matrix-v1/A04-pbuf/build/portASM.o,
by_pc,2147519482,3,6,12,15,3,3,0,0,0,unresolved@/Users/swchen.tw/git/percepio/poc/runs/tcp-workload-matrix-v1/A04-pbuf/build/portASM.o:2147519232,/Users/swchen.tw/git/percepio/poc/runs/tcp-workload-matrix-v1/A04-pbuf/build/portASM.o,
by_pc,2147519484,3,6,12,15,3,3,0,0,0,unresolved@/Users/swchen.tw/git/percepio/poc/runs/tcp-workload-matrix-v1/A04-pbuf/build/portASM.o:2147519232,/Users/swchen.tw/git/percepio/poc/runs/tcp-workload-matrix-v1/A04-pbuf/build/portASM.o,
by_pc,2147519486,3,6,12,15,3,3,0,0,0,unresolved@/Users/swchen.tw/git/percepio/poc/runs/tcp-workload-matrix-v1/A04-pbuf/build/portASM.o:2147519232,/Users/swchen.tw/git/percepio/poc/runs/tcp-workload-matrix-v1/A04-pbuf/build/portASM.o,
by_pc,2147519488,3,40,80,83,3,3,16,18,0,unresolved@/Users/swchen.tw/git/percepio/poc/runs/tcp-workload-matrix-v1/A04-pbuf/build/portASM.o:2147519232,/Users/swchen.tw/git/percepio/poc/runs/tcp-workload-matrix-v1/A04-pbuf/build/portASM.o,
by_pc,2147519490,3,32,64,67,3,3,8,18,0,unresolved@/Users/swchen.tw/git/percepio/poc/runs/tcp-workload-matrix-v1/A04-pbuf/build/portASM.o:2147519232,/Users/swchen.tw/git/percepio/poc/runs/tcp-workload-matrix-v1/A04-pbuf/build/portASM.o,
by_pc,2147519492,3,6,12,15,3,3,0,0,0,unresolved@/Users/swchen.tw/git/percepio/poc/runs/tcp-workload-matrix-v1/A04-pbuf/build/portASM.o:2147519232,/Users/swchen.tw/git/percepio/poc/runs/tcp-workload-matrix-v1/A04-pbuf/build/portASM.o,
by_pc,2147519494,3,6,12,15,3,3,0,0,0,unresolved@/Users/swchen.tw/git/percepio/poc/runs/tcp-workload-matrix-v1/A04-pbuf/build/portASM.o:2147519232,/Users/swchen.tw/git/percepio/poc/runs/tcp-workload-matrix-v1/A04-pbuf/build/portASM.o,
by_pc,2147519496,3,6,12,15,3,3,0,0,0,unresolved@/Users/swchen.tw/git/percepio/poc/runs/tcp-workload-matrix-v1/A04-pbuf/build/portASM.o:2147519232,/Users/swchen.tw/git/percepio/poc/runs/tcp-workload-matrix-v1/A04-pbuf/build/portASM.o,
by_pc,2147519498,3,6,12,15,3,3,0,0,0,unresolved@/Users/swchen.tw/git/percepio/poc/runs/tcp-workload-matrix-v1/A04-pbuf/build/portASM.o:2147519232,/Users/swchen.tw/git/percepio/poc/runs/tcp-workload-matrix-v1/A04-pbuf/build/portASM.o,
by_pc,2147519500,3,6,12,15,3,3,0,0,0,unresolved@/Users/swchen.tw/git/percepio/poc/runs/tcp-workload-matrix-v1/A04-pbuf/build/portASM.o:2147519232,/Users/swchen.tw/git/percepio/poc/runs/tcp-workload-matrix-v1/A04-pbuf/build/portASM.o,
by_pc,2147519502,3,6,12,15,3,3,0,0,0,unresolved@/Users/swchen.tw/git/percepio/poc/runs/tcp-workload-matrix-v1/A04-pbuf/build/portASM.o:2147519232,/Users/swchen.tw/git/percepio/poc/runs/tcp-workload-matrix-v1/A04-pbuf/build/portASM.o,
by_pc,2147519504,3,6,12,15,3,3,0,0,0,unresolved@/Users/swchen.tw/git/percepio/poc/runs/tcp-workload-matrix-v1/A04-pbuf/build/portASM.o:2147519232,/Users/swchen.tw/git/percepio/poc/runs/tcp-workload-matrix-v1/A04-pbuf/build/portASM.o,
by_pc,2147519506,3,6,12,15,3,3,0,0,0,unresolved@/Users/swchen.tw/git/percepio/poc/runs/tcp-workload-matrix-v1/A04-pbuf/build/portASM.o:2147519232,/Users/swchen.tw/git/percepio/poc/runs/tcp-workload-matrix-v1/A04-pbuf/build/portASM.o,
by_pc,2147519508,3,6,12,15,3,3,0,0,0,unresolved@/Users/swchen.tw/git/percepio/poc/runs/tcp-workload-matrix-v1/A04-pbuf/build/portASM.o:2147519232,/Users/swchen.tw/git/percepio/poc/runs/tcp-workload-matrix-v1/A04-pbuf/build/portASM.o,
by_pc,2147519510,3,6,12,15,3,3,0,0,0,unresolved@/Users/swchen.tw/git/percepio/poc/runs/tcp-workload-matrix-v1/A04-pbuf/build/portASM.o:2147519232,/Users/swchen.tw/git/percepio/poc/runs/tcp-workload-matrix-v1/A04-pbuf/build/portASM.o,
by_pc,2147519512,3,6,12,15,3,3,0,0,0,unresolved@/Users/swchen.tw/git/percepio/poc/runs/tcp-workload-matrix-v1/A04-pbuf/build/portASM.o:2147519232,/Users/swchen.tw/git/percepio/poc/runs/tcp-workload-matrix-v1/A04-pbuf/build/portASM.o,
by_pc,2147519514,3,6,12,15,3,3,0,0,0,unresolved@/Users/swchen.tw/git/percepio/poc/runs/tcp-workload-matrix-v1/A04-pbuf/build/portASM.o:2147519232,/Users/swchen.tw/git/percepio/poc/runs/tcp-workload-matrix-v1/A04-pbuf/build/portASM.o,
by_pc,2147519516,3,6,12,15,3,3,0,0,0,unresolved@/Users/swchen.tw/git/percepio/poc/runs/tcp-workload-matrix-v1/A04-pbuf/build/portASM.o:2147519232,/Users/swchen.tw/git/percepio/poc/runs/tcp-workload-matrix-v1/A04-pbuf/build/portASM.o,
by_pc,2147519518,3,6,12,15,3,3,0,0,0,unresolved@/Users/swchen.tw/git/percepio/poc/runs/tcp-workload-matrix-v1/A04-pbuf/build/portASM.o:2147519232,/Users/swchen.tw/git/percepio/poc/runs/tcp-workload-matrix-v1/A04-pbuf/build/portASM.o,
by_pc,2147519520,3,6,12,15,3,3,0,0,0,unresolved@/Users/swchen.tw/git/percepio/poc/runs/tcp-workload-matrix-v1/A04-pbuf/build/portASM.o:2147519232,/Users/swchen.tw/git/percepio/poc/runs/tcp-workload-matrix-v1/A04-pbuf/build/portASM.o,
by_pc,2147519522,3,6,12,15,3,3,0,0,0,unresolved@/Users/swchen.tw/git/percepio/poc/runs/tcp-workload-matrix-v1/A04-pbuf/build/portASM.o:2147519232,/Users/swchen.tw/git/percepio/poc/runs/tcp-workload-matrix-v1/A04-pbuf/build/portASM.o,
by_pc,2147519524,3,6,12,15,3,3,0,0,0,unresolved@/Users/swchen.tw/git/percepio/poc/runs/tcp-workload-matrix-v1/A04-pbuf/build/portASM.o:2147519232,/Users/swchen.tw/git/percepio/poc/runs/tcp-workload-matrix-v1/A04-pbuf/build/portASM.o,
by_pc,2147519526,3,3,6,9,3,0,0,0,0,unresolved@/Users/swchen.tw/git/percepio/poc/runs/tcp-workload-matrix-v1/A04-pbuf/build/portASM.o:2147519232,/Users/swchen.tw/git/percepio/poc/runs/tcp-workload-matrix-v1/A04-pbuf/build/portASM.o,
by_pc,2147519530,3,3,6,9,3,0,0,0,0,unresolved@/Users/swchen.tw/git/percepio/poc/runs/tcp-workload-matrix-v1/A04-pbuf/build/portASM.o:2147519232,/Users/swchen.tw/git/percepio/poc/runs/tcp-workload-matrix-v1/A04-pbuf/build/portASM.o,
by_pc,2147498732,2,2,4,6,2,0,0,0,0,session_task,/Users/swchen.tw/git/percepio/poc/runs/tcp-workload-matrix-v1/A04-pbuf/build/tcp_request_response_irq.o,
by_pc,2147498736,2,2,4,6,2,0,0,0,0,session_task,/Users/swchen.tw/git/percepio/poc/runs/tcp-workload-matrix-v1/A04-pbuf/build/tcp_request_response_irq.o,
by_pc,2147498740,2,42,84,86,2,2,16,0,22,session_task,/Users/swchen.tw/git/percepio/poc/runs/tcp-workload-matrix-v1/A04-pbuf/build/tcp_request_response_irq.o,
by_pc,2147498742,2,2,4,6,2,0,0,0,0,session_task,/Users/swchen.tw/git/percepio/poc/runs/tcp-workload-matrix-v1/A04-pbuf/build/tcp_request_response_irq.o,
by_pc,2147505138,2,38,76,78,2,2,16,18,0,tcp_fasttmr,/Users/swchen.tw/git/percepio/poc/runs/tcp-workload-matrix-v1/A04-pbuf/build/tcp.o,
by_pc,2147505142,2,2,4,6,2,0,0,0,0,tcp_fasttmr,/Users/swchen.tw/git/percepio/poc/runs/tcp-workload-matrix-v1/A04-pbuf/build/tcp.o,
by_pc,2147505144,2,42,84,86,2,2,16,0,22,tcp_fasttmr,/Users/swchen.tw/git/percepio/poc/runs/tcp-workload-matrix-v1/A04-pbuf/build/tcp.o,
by_pc,2147505146,2,2,4,6,2,0,0,0,0,tcp_fasttmr,/Users/swchen.tw/git/percepio/poc/runs/tcp-workload-matrix-v1/A04-pbuf/build/tcp.o,
by_pc,2147505148,2,42,84,86,2,2,16,0,22,tcp_fasttmr,/Users/swchen.tw/git/percepio/poc/runs/tcp-workload-matrix-v1/A04-pbuf/build/tcp.o,
by_pc,2147505150,2,42,84,86,2,2,16,0,22,tcp_fasttmr,/Users/swchen.tw/git/percepio/poc/runs/tcp-workload-matrix-v1/A04-pbuf/build/tcp.o,
by_pc,2147505152,2,94,188,190,2,2,32,36,22,tcp_fasttmr,/Users/swchen.tw/git/percepio/poc/runs/tcp-workload-matrix-v1/A04-pbuf/build/tcp.o,
by_pc,2147505154,2,42,84,86,2,2,16,0,22,tcp_fasttmr,/Users/swchen.tw/git/percepio/poc/runs/tcp-workload-matrix-v1/A04-pbuf/build/tcp.o,
by_pc,2147505158,2,2,4,6,2,0,0,0,0,tcp_fasttmr,/Users/swchen.tw/git/percepio/poc/runs/tcp-workload-matrix-v1/A04-pbuf/build/tcp.o,
by_pc,2147505162,2,4,8,10,2,2,0,0,0,tcp_fasttmr,/Users/swchen.tw/git/percepio/poc/runs/tcp-workload-matrix-v1/A04-pbuf/build/tcp.o,
by_pc,2147505164,4,4,8,12,4,0,0,0,0,tcp_fasttmr,/Users/swchen.tw/git/percepio/poc/runs/tcp-workload-matrix-v1/A04-pbuf/build/tcp.o,
by_pc,2147505178,2,4,8,10,2,2,0,0,0,tcp_fasttmr,/Users/swchen.tw/git/percepio/poc/runs/tcp-workload-matrix-v1/A04-pbuf/build/tcp.o,
by_pc,2147505182,2,4,8,10,2,2,0,0,0,tcp_fasttmr,/Users/swchen.tw/git/percepio/poc/runs/tcp-workload-matrix-v1/A04-pbuf/build/tcp.o,
by_pc,2147505186,2,2,4,6,2,0,0,0,0,tcp_fasttmr,/Users/swchen.tw/git/percepio/poc/runs/tcp-workload-matrix-v1/A04-pbuf/build/tcp.o,
by_pc,2147505190,2,42,84,86,2,2,16,0,22,tcp_fasttmr,/Users/swchen.tw/git/percepio/poc/runs/tcp-workload-matrix-v1/A04-pbuf/build/tcp.o,
by_pc,2147505194,2,4,8,10,2,2,0,0,0,tcp_fasttmr,/Users/swchen.tw/git/percepio/poc/runs/tcp-workload-matrix-v1/A04-pbuf/build/tcp.o,
by_pc,2147505198,2,2,4,6,2,0,0,0,0,tcp_fasttmr,/Users/swchen.tw/git/percepio/poc/runs/tcp-workload-matrix-v1/A04-pbuf/build/tcp.o,
by_pc,2147505202,2,2,4,6,2,0,0,0,0,tcp_fasttmr,/Users/swchen.tw/git/percepio/poc/runs/tcp-workload-matrix-v1/A04-pbuf/build/tcp.o,
by_pc,2147505232,2,36,72,74,2,0,16,18,0,tcp_fasttmr,/Users/swchen.tw/git/percepio/poc/runs/tcp-workload-matrix-v1/A04-pbuf/build/tcp.o,
by_pc,2147505236,2,2,4,6,2,0,0,0,0,tcp_fasttmr,/Users/swchen.tw/git/percepio/poc/runs/tcp-workload-matrix-v1/A04-pbuf/build/tcp.o,
by_pc,2147505250,2,4,8,10,2,2,0,0,0,tcp_fasttmr,/Users/swchen.tw/git/percepio/poc/runs/tcp-workload-matrix-v1/A04-pbuf/build/tcp.o,
by_pc,2147505252,2,4,8,10,2,2,0,0,0,tcp_fasttmr,/Users/swchen.tw/git/percepio/poc/runs/tcp-workload-matrix-v1/A04-pbuf/build/tcp.o,
by_pc,2147505256,2,2,4,6,2,0,0,0,0,tcp_fasttmr,/Users/swchen.tw/git/percepio/poc/runs/tcp-workload-matrix-v1/A04-pbuf/build/tcp.o,
by_pc,2147505274,2,2,4,6,2,0,0,0,0,tcp_fasttmr,/Users/swchen.tw/git/percepio/poc/runs/tcp-workload-matrix-v1/A04-pbuf/build/tcp.o,
by_pc,2147505276,2,2,4,6,2,0,0,0,0,tcp_fasttmr,/Users/swchen.tw/git/percepio/poc/runs/tcp-workload-matrix-v1/A04-pbuf/build/tcp.o,
by_pc,2147505166,2,4,8,10,2,2,0,0,0,tcp_fasttmr,/Users/swchen.tw/git/percepio/poc/runs/tcp-workload-matrix-v1/A04-pbuf/build/tcp.o,
by_pc,2147505168,2,4,8,10,2,2,0,0,0,tcp_fasttmr,/Users/swchen.tw/git/percepio/poc/runs/tcp-workload-matrix-v1/A04-pbuf/build/tcp.o,
by_pc,2147505170,2,4,8,10,2,2,0,0,0,tcp_fasttmr,/Users/swchen.tw/git/percepio/poc/runs/tcp-workload-matrix-v1/A04-pbuf/build/tcp.o,
by_pc,2147505172,2,4,8,10,2,2,0,0,0,tcp_fasttmr,/Users/swchen.tw/git/percepio/poc/runs/tcp-workload-matrix-v1/A04-pbuf/build/tcp.o,
by_pc,2147505174,2,2,4,6,2,0,0,0,0,tcp_fasttmr,/Users/swchen.tw/git/percepio/poc/runs/tcp-workload-matrix-v1/A04-pbuf/build/tcp.o,
by_pc,2147505176,2,2,4,6,2,0,0,0,0,tcp_fasttmr,/Users/swchen.tw/git/percepio/poc/runs/tcp-workload-matrix-v1/A04-pbuf/build/tcp.o,
by_pc,2147498746,2,2,4,6,2,0,0,0,0,session_task,/Users/swchen.tw/git/percepio/poc/runs/tcp-workload-matrix-v1/A04-pbuf/build/tcp_request_response_irq.o,
by_pc,2147505282,2,36,72,74,2,0,16,18,0,tcp_slowtmr,/Users/swchen.tw/git/percepio/poc/runs/tcp-workload-matrix-v1/A04-pbuf/build/tcp.o,
by_pc,2147505284,2,42,84,86,2,2,16,0,22,tcp_slowtmr,/Users/swchen.tw/git/percepio/poc/runs/tcp-workload-matrix-v1/A04-pbuf/build/tcp.o,
by_pc,2147505286,2,42,84,86,2,2,16,0,22,tcp_slowtmr,/Users/swchen.tw/git/percepio/poc/runs/tcp-workload-matrix-v1/A04-pbuf/build/tcp.o,
by_pc,2147505288,2,42,84,86,2,2,16,0,22,tcp_slowtmr,/Users/swchen.tw/git/percepio/poc/runs/tcp-workload-matrix-v1/A04-pbuf/build/tcp.o,
by_pc,2147505290,2,42,84,86,2,2,16,0,22,tcp_slowtmr,/Users/swchen.tw/git/percepio/poc/runs/tcp-workload-matrix-v1/A04-pbuf/build/tcp.o,
by_pc,2147505292,2,42,84,86,2,2,16,0,22,tcp_slowtmr,/Users/swchen.tw/git/percepio/poc/runs/tcp-workload-matrix-v1/A04-pbuf/build/tcp.o,
by_pc,2147505294,2,42,84,86,2,2,16,0,22,tcp_slowtmr,/Users/swchen.tw/git/percepio/poc/runs/tcp-workload-matrix-v1/A04-pbuf/build/tcp.o,
by_pc,2147505296,2,42,84,86,2,2,16,0,22,tcp_slowtmr,/Users/swchen.tw/git/percepio/poc/runs/tcp-workload-matrix-v1/A04-pbuf/build/tcp.o,
by_pc,2147505298,2,42,84,86,2,2,16,0,22,tcp_slowtmr,/Users/swchen.tw/git/percepio/poc/runs/tcp-workload-matrix-v1/A04-pbuf/build/tcp.o,
by_pc,2147505300,2,42,84,86,2,2,16,0,22,tcp_slowtmr,/Users/swchen.tw/git/percepio/poc/runs/tcp-workload-matrix-v1/A04-pbuf/build/tcp.o,
by_pc,2147505302,2,42,84,86,2,2,16,0,22,tcp_slowtmr,/Users/swchen.tw/git/percepio/poc/runs/tcp-workload-matrix-v1/A04-pbuf/build/tcp.o,
by_pc,2147505304,2,42,84,86,2,2,16,0,22,tcp_slowtmr,/Users/swchen.tw/git/percepio/poc/runs/tcp-workload-matrix-v1/A04-pbuf/build/tcp.o,
by_pc,2147505306,2,42,84,86,2,2,16,0,22,tcp_slowtmr,/Users/swchen.tw/git/percepio/poc/runs/tcp-workload-matrix-v1/A04-pbuf/build/tcp.o,
by_pc,2147505308,2,42,84,86,2,2,16,0,22,tcp_slowtmr,/Users/swchen.tw/git/percepio/poc/runs/tcp-workload-matrix-v1/A04-pbuf/build/tcp.o,
by_pc,2147505310,2,2,4,6,2,0,0,0,0,tcp_slowtmr,/Users/swchen.tw/git/percepio/poc/runs/tcp-workload-matrix-v1/A04-pbuf/build/tcp.o,
by_pc,2147505314,2,4,8,10,2,2,0,0,0,tcp_slowtmr,/Users/swchen.tw/git/percepio/poc/runs/tcp-workload-matrix-v1/A04-pbuf/build/tcp.o,
by_pc,2147505316,2,2,4,6,2,0,0,0,0,tcp_slowtmr,/Users/swchen.tw/git/percepio/poc/runs/tcp-workload-matrix-v1/A04-pbuf/build/tcp.o,
by_pc,2147505320,2,2,4,6,2,0,0,0,0,tcp_slowtmr,/Users/swchen.tw/git/percepio/poc/runs/tcp-workload-matrix-v1/A04-pbuf/build/tcp.o,
by_pc,2147505322,2,2,4,6,2,0,0,0,0,tcp_slowtmr,/Users/swchen.tw/git/percepio/poc/runs/tcp-workload-matrix-v1/A04-pbuf/build/tcp.o,
by_pc,2147505324,2,42,84,86,2,2,16,0,22,tcp_slowtmr,/Users/swchen.tw/git/percepio/poc/runs/tcp-workload-matrix-v1/A04-pbuf/build/tcp.o,
by_pc,2147505326,2,4,8,10,2,2,0,0,0,tcp_slowtmr,/Users/swchen.tw/git/percepio/poc/runs/tcp-workload-matrix-v1/A04-pbuf/build/tcp.o,
by_pc,2147505330,2,2,4,6,2,0,0,0,0,tcp_slowtmr,/Users/swchen.tw/git/percepio/poc/runs/tcp-workload-matrix-v1/A04-pbuf/build/tcp.o,
by_pc,2147505332,2,2,4,6,2,0,0,0,0,tcp_slowtmr,/Users/swchen.tw/git/percepio/poc/runs/tcp-workload-matrix-v1/A04-pbuf/build/tcp.o,
by_pc,2147505336,2,2,4,6,2,0,0,0,0,tcp_slowtmr,/Users/swchen.tw/git/percepio/poc/runs/tcp-workload-matrix-v1/A04-pbuf/build/tcp.o,
by_pc,2147505338,2,42,84,86,2,2,16,0,22,tcp_slowtmr,/Users/swchen.tw/git/percepio/poc/runs/tcp-workload-matrix-v1/A04-pbuf/build/tcp.o,
by_pc,2147505342,2,40,80,82,4,2,16,18,0,tcp_slowtmr,/Users/swchen.tw/git/percepio/poc/runs/tcp-workload-matrix-v1/A04-pbuf/build/tcp.o,
by_pc,2147505346,2,2,4,6,2,0,0,0,0,tcp_slowtmr,/Users/swchen.tw/git/percepio/poc/runs/tcp-workload-matrix-v1/A04-pbuf/build/tcp.o,
by_pc,2147505348,2,2,4,6,2,0,0,0,0,tcp_slowtmr,/Users/swchen.tw/git/percepio/poc/runs/tcp-workload-matrix-v1/A04-pbuf/build/tcp.o,
by_pc,2147505350,2,2,4,6,2,0,0,0,0,tcp_slowtmr,/Users/swchen.tw/git/percepio/poc/runs/tcp-workload-matrix-v1/A04-pbuf/build/tcp.o,
by_pc,2147505352,2,2,4,6,2,0,0,0,0,tcp_slowtmr,/Users/swchen.tw/git/percepio/poc/runs/tcp-workload-matrix-v1/A04-pbuf/build/tcp.o,
by_pc,2147505356,4,4,8,12,4,0,0,0,0,tcp_slowtmr,/Users/swchen.tw/git/percepio/poc/runs/tcp-workload-matrix-v1/A04-pbuf/build/tcp.o,
by_pc,2147505404,2,4,8,10,2,2,0,0,0,tcp_slowtmr,/Users/swchen.tw/git/percepio/poc/runs/tcp-workload-matrix-v1/A04-pbuf/build/tcp.o,
by_pc,2147505408,2,38,76,78,2,2,16,18,0,tcp_slowtmr,/Users/swchen.tw/git/percepio/poc/runs/tcp-workload-matrix-v1/A04-pbuf/build/tcp.o,
by_pc,2147505412,2,2,4,6,2,0,0,0,0,tcp_slowtmr,/Users/swchen.tw/git/percepio/poc/runs/tcp-workload-matrix-v1/A04-pbuf/build/tcp.o,
by_pc,2147505426,2,4,8,10,2,2,0,0,0,tcp_slowtmr,/Users/swchen.tw/git/percepio/poc/runs/tcp-workload-matrix-v1/A04-pbuf/build/tcp.o,
by_pc,2147505430,2,42,84,86,2,2,16,0,22,tcp_slowtmr,/Users/swchen.tw/git/percepio/poc/runs/tcp-workload-matrix-v1/A04-pbuf/build/tcp.o,
by_pc,2147505434,2,4,8,10,2,2,0,0,0,tcp_slowtmr,/Users/swchen.tw/git/percepio/poc/runs/tcp-workload-matrix-v1/A04-pbuf/build/tcp.o,
by_pc,2147505438,2,2,4,6,2,0,0,0,0,tcp_slowtmr,/Users/swchen.tw/git/percepio/poc/runs/tcp-workload-matrix-v1/A04-pbuf/build/tcp.o,
by_pc,2147505512,2,36,72,74,2,0,16,18,0,tcp_slowtmr,/Users/swchen.tw/git/percepio/poc/runs/tcp-workload-matrix-v1/A04-pbuf/build/tcp.o,
by_pc,2147505514,2,2,4,6,2,0,0,0,0,tcp_slowtmr,/Users/swchen.tw/git/percepio/poc/runs/tcp-workload-matrix-v1/A04-pbuf/build/tcp.o,
by_pc,2147505444,2,2,4,6,2,0,0,0,0,tcp_slowtmr,/Users/swchen.tw/git/percepio/poc/runs/tcp-workload-matrix-v1/A04-pbuf/build/tcp.o,
by_pc,2147505446,2,2,4,6,2,0,0,0,0,tcp_slowtmr,/Users/swchen.tw/git/percepio/poc/runs/tcp-workload-matrix-v1/A04-pbuf/build/tcp.o,
by_pc,2147505450,2,4,8,10,2,2,0,0,0,tcp_slowtmr,/Users/swchen.tw/git/percepio/poc/runs/tcp-workload-matrix-v1/A04-pbuf/build/tcp.o,
by_pc,2147505454,2,2,4,6,2,0,0,0,0,tcp_slowtmr,/Users/swchen.tw/git/percepio/poc/runs/tcp-workload-matrix-v1/A04-pbuf/build/tcp.o,
by_pc,2147505714,2,38,76,78,2,2,16,18,0,tcp_slowtmr,/Users/swchen.tw/git/percepio/poc/runs/tcp-workload-matrix-v1/A04-pbuf/build/tcp.o,
by_pc,2147505718,2,2,4,6,2,0,0,0,0,tcp_slowtmr,/Users/swchen.tw/git/percepio/poc/runs/tcp-workload-matrix-v1/A04-pbuf/build/tcp.o,
by_pc,2147505720,2,2,4,6,2,0,0,0,0,tcp_slowtmr,/Users/swchen.tw/git/percepio/poc/runs/tcp-workload-matrix-v1/A04-pbuf/build/tcp.o,
by_pc,2147505722,2,2,4,6,2,0,0,0,0,tcp_slowtmr,/Users/swchen.tw/git/percepio/poc/runs/tcp-workload-matrix-v1/A04-pbuf/build/tcp.o,
by_pc,2147505726,2,2,4,6,2,0,0,0,0,tcp_slowtmr,/Users/swchen.tw/git/percepio/poc/runs/tcp-workload-matrix-v1/A04-pbuf/build/tcp.o,
by_pc,2147505728,2,36,72,74,2,0,16,18,0,tcp_slowtmr,/Users/swchen.tw/git/percepio/poc/runs/tcp-workload-matrix-v1/A04-pbuf/build/tcp.o,
by_pc,2147505744,2,4,8,10,2,2,0,0,0,tcp_slowtmr,/Users/swchen.tw/git/percepio/poc/runs/tcp-workload-matrix-v1/A04-pbuf/build/tcp.o,
by_pc,2147505748,2,2,4,6,2,0,0,0,0,tcp_slowtmr,/Users/swchen.tw/git/percepio/poc/runs/tcp-workload-matrix-v1/A04-pbuf/build/tcp.o,
by_pc,2147505530,2,2,4,6,2,0,0,0,0,tcp_slowtmr,/Users/swchen.tw/git/percepio/poc/runs/tcp-workload-matrix-v1/A04-pbuf/build/tcp.o,
by_pc,2147505532,2,4,8,10,2,2,0,0,0,tcp_slowtmr,/Users/swchen.tw/git/percepio/poc/runs/tcp-workload-matrix-v1/A04-pbuf/build/tcp.o,
by_pc,2147505536,2,54,108,110,2,0,16,36,0,tcp_slowtmr,/Users/swchen.tw/git/percepio/poc/runs/tcp-workload-matrix-v1/A04-pbuf/build/tcp.o,
by_pc,2147505566,2,4,8,10,2,2,0,0,0,tcp_slowtmr,/Users/swchen.tw/git/percepio/poc/runs/tcp-workload-matrix-v1/A04-pbuf/build/tcp.o,
by_pc,2147505570,2,2,4,6,2,0,0,0,0,tcp_slowtmr,/Users/swchen.tw/git/percepio/poc/runs/tcp-workload-matrix-v1/A04-pbuf/build/tcp.o,
by_pc,2147505572,2,2,4,6,2,0,0,0,0,tcp_slowtmr,/Users/swchen.tw/git/percepio/poc/runs/tcp-workload-matrix-v1/A04-pbuf/build/tcp.o,
by_pc,2147505576,2,2,4,6,2,0,0,0,0,tcp_slowtmr,/Users/swchen.tw/git/percepio/poc/runs/tcp-workload-matrix-v1/A04-pbuf/build/tcp.o,
by_pc,2147505578,2,4,8,10,2,2,0,0,0,tcp_slowtmr,/Users/swchen.tw/git/percepio/poc/runs/tcp-workload-matrix-v1/A04-pbuf/build/tcp.o,
by_pc,2147505582,2,2,4,6,2,0,0,0,0,tcp_slowtmr,/Users/swchen.tw/git/percepio/poc/runs/tcp-workload-matrix-v1/A04-pbuf/build/tcp.o,
by_pc,2147505610,2,56,112,114,2,2,16,36,0,tcp_slowtmr,/Users/swchen.tw/git/percepio/poc/runs/tcp-workload-matrix-v1/A04-pbuf/build/tcp.o,
by_pc,2147505614,2,2,4,6,2,0,0,0,0,tcp_slowtmr,/Users/swchen.tw/git/percepio/poc/runs/tcp-workload-matrix-v1/A04-pbuf/build/tcp.o,
by_pc,2147506018,2,54,108,110,2,0,16,36,0,tcp_slowtmr,/Users/swchen.tw/git/percepio/poc/runs/tcp-workload-matrix-v1/A04-pbuf/build/tcp.o,
by_pc,2147505630,2,2,4,6,2,0,0,0,0,tcp_slowtmr,/Users/swchen.tw/git/percepio/poc/runs/tcp-workload-matrix-v1/A04-pbuf/build/tcp.o,
by_pc,2147505634,2,4,8,10,2,2,0,0,0,tcp_slowtmr,/Users/swchen.tw/git/percepio/poc/runs/tcp-workload-matrix-v1/A04-pbuf/build/tcp.o,
by_pc,2147505638,2,4,8,10,2,2,0,0,0,tcp_slowtmr,/Users/swchen.tw/git/percepio/poc/runs/tcp-workload-matrix-v1/A04-pbuf/build/tcp.o,
by_pc,2147505642,2,4,8,10,2,2,0,0,0,tcp_slowtmr,/Users/swchen.tw/git/percepio/poc/runs/tcp-workload-matrix-v1/A04-pbuf/build/tcp.o,
by_pc,2147505646,2,2,4,6,2,0,0,0,0,tcp_slowtmr,/Users/swchen.tw/git/percepio/poc/runs/tcp-workload-matrix-v1/A04-pbuf/build/tcp.o,
by_pc,2147505648,2,2,4,6,2,0,0,0,0,tcp_slowtmr,/Users/swchen.tw/git/percepio/poc/runs/tcp-workload-matrix-v1/A04-pbuf/build/tcp.o,
by_pc,2147505652,2,42,84,86,2,2,16,0,22,tcp_slowtmr,/Users/swchen.tw/git/percepio/poc/runs/tcp-workload-matrix-v1/A04-pbuf/build/tcp.o,
by_pc,2147505656,2,2,4,6,2,0,0,0,0,tcp_slowtmr,/Users/swchen.tw/git/percepio/poc/runs/tcp-workload-matrix-v1/A04-pbuf/build/tcp.o,
by_pc,2147505660,2,42,84,86,2,2,16,0,22,tcp_slowtmr,/Users/swchen.tw/git/percepio/poc/runs/tcp-workload-matrix-v1/A04-pbuf/build/tcp.o,
by_pc,2147505664,2,4,8,10,2,2,0,0,0,tcp_slowtmr,/Users/swchen.tw/git/percepio/poc/runs/tcp-workload-matrix-v1/A04-pbuf/build/tcp.o,
by_pc,2147505668,2,42,84,86,2,2,16,0,22,tcp_slowtmr,/Users/swchen.tw/git/percepio/poc/runs/tcp-workload-matrix-v1/A04-pbuf/build/tcp.o,
by_pc,2147505672,2,2,4,6,2,0,0,0,0,tcp_slowtmr,/Users/swchen.tw/git/percepio/poc/runs/tcp-workload-matrix-v1/A04-pbuf/build/tcp.o,
by_pc,2147505676,2,2,4,6,2,0,0,0,0,tcp_slowtmr,/Users/swchen.tw/git/percepio/poc/runs/tcp-workload-matrix-v1/A04-pbuf/build/tcp.o,
by_pc,2147505678,2,2,4,6,2,0,0,0,0,tcp_slowtmr,/Users/swchen.tw/git/percepio/poc/runs/tcp-workload-matrix-v1/A04-pbuf/build/tcp.o,
by_pc,2147505682,2,2,4,6,2,0,0,0,0,tcp_slowtmr,/Users/swchen.tw/git/percepio/poc/runs/tcp-workload-matrix-v1/A04-pbuf/build/tcp.o,
by_pc,2147505420,2,2,4,6,2,0,0,0,0,tcp_slowtmr,/Users/swchen.tw/git/percepio/poc/runs/tcp-workload-matrix-v1/A04-pbuf/build/tcp.o,
by_pc,2147505422,2,2,4,6,2,0,0,0,0,tcp_slowtmr,/Users/swchen.tw/git/percepio/poc/runs/tcp-workload-matrix-v1/A04-pbuf/build/tcp.o,
by_pc,2147505424,2,2,4,6,2,0,0,0,0,tcp_slowtmr,/Users/swchen.tw/git/percepio/poc/runs/tcp-workload-matrix-v1/A04-pbuf/build/tcp.o,
by_pc,2147505360,2,2,4,6,2,0,0,0,0,tcp_slowtmr,/Users/swchen.tw/git/percepio/poc/runs/tcp-workload-matrix-v1/A04-pbuf/build/tcp.o,
by_pc,2147505364,2,4,8,10,2,2,0,0,0,tcp_slowtmr,/Users/swchen.tw/git/percepio/poc/runs/tcp-workload-matrix-v1/A04-pbuf/build/tcp.o,
by_pc,2147505366,2,2,4,6,2,0,0,0,0,tcp_slowtmr,/Users/swchen.tw/git/percepio/poc/runs/tcp-workload-matrix-v1/A04-pbuf/build/tcp.o,
by_pc,2147505370,2,2,4,6,2,0,0,0,0,tcp_slowtmr,/Users/swchen.tw/git/percepio/poc/runs/tcp-workload-matrix-v1/A04-pbuf/build/tcp.o,
by_pc,2147505374,2,4,8,10,2,2,0,0,0,tcp_slowtmr,/Users/swchen.tw/git/percepio/poc/runs/tcp-workload-matrix-v1/A04-pbuf/build/tcp.o,
by_pc,2147505376,2,4,8,10,2,2,0,0,0,tcp_slowtmr,/Users/swchen.tw/git/percepio/poc/runs/tcp-workload-matrix-v1/A04-pbuf/build/tcp.o,
by_pc,2147505378,2,4,8,10,2,2,0,0,0,tcp_slowtmr,/Users/swchen.tw/git/percepio/poc/runs/tcp-workload-matrix-v1/A04-pbuf/build/tcp.o,
by_pc,2147505380,2,4,8,10,2,2,0,0,0,tcp_slowtmr,/Users/swchen.tw/git/percepio/poc/runs/tcp-workload-matrix-v1/A04-pbuf/build/tcp.o,
by_pc,2147505382,2,4,8,10,2,2,0,0,0,tcp_slowtmr,/Users/swchen.tw/git/percepio/poc/runs/tcp-workload-matrix-v1/A04-pbuf/build/tcp.o,
by_pc,2147505384,2,4,8,10,2,2,0,0,0,tcp_slowtmr,/Users/swchen.tw/git/percepio/poc/runs/tcp-workload-matrix-v1/A04-pbuf/build/tcp.o,
by_pc,2147505386,2,4,8,10,2,2,0,0,0,tcp_slowtmr,/Users/swchen.tw/git/percepio/poc/runs/tcp-workload-matrix-v1/A04-pbuf/build/tcp.o,
by_pc,2147505388,2,4,8,10,2,2,0,0,0,tcp_slowtmr,/Users/swchen.tw/git/percepio/poc/runs/tcp-workload-matrix-v1/A04-pbuf/build/tcp.o,
by_pc,2147505390,2,4,8,10,2,2,0,0,0,tcp_slowtmr,/Users/swchen.tw/git/percepio/poc/runs/tcp-workload-matrix-v1/A04-pbuf/build/tcp.o,
by_pc,2147505392,2,4,8,10,2,2,0,0,0,tcp_slowtmr,/Users/swchen.tw/git/percepio/poc/runs/tcp-workload-matrix-v1/A04-pbuf/build/tcp.o,
by_pc,2147505394,2,4,8,10,2,2,0,0,0,tcp_slowtmr,/Users/swchen.tw/git/percepio/poc/runs/tcp-workload-matrix-v1/A04-pbuf/build/tcp.o,
by_pc,2147505396,2,4,8,10,2,2,0,0,0,tcp_slowtmr,/Users/swchen.tw/git/percepio/poc/runs/tcp-workload-matrix-v1/A04-pbuf/build/tcp.o,
by_pc,2147505398,2,4,8,10,2,2,0,0,0,tcp_slowtmr,/Users/swchen.tw/git/percepio/poc/runs/tcp-workload-matrix-v1/A04-pbuf/build/tcp.o,
by_pc,2147505400,2,2,4,6,2,0,0,0,0,tcp_slowtmr,/Users/swchen.tw/git/percepio/poc/runs/tcp-workload-matrix-v1/A04-pbuf/build/tcp.o,
by_pc,2147505402,2,2,4,6,2,0,0,0,0,tcp_slowtmr,/Users/swchen.tw/git/percepio/poc/runs/tcp-workload-matrix-v1/A04-pbuf/build/tcp.o,
by_pc,2147498750,2,4,8,10,2,2,0,0,0,session_task,/Users/swchen.tw/git/percepio/poc/runs/tcp-workload-matrix-v1/A04-pbuf/build/tcp_request_response_irq.o,
by_pc,2147498752,2,54,108,110,2,0,16,36,0,session_task,/Users/swchen.tw/git/percepio/poc/runs/tcp-workload-matrix-v1/A04-pbuf/build/tcp_request_response_irq.o,
by_pc,2147498756,2,2,4,6,2,0,0,0,0,session_task,/Users/swchen.tw/git/percepio/poc/runs/tcp-workload-matrix-v1/A04-pbuf/build/tcp_request_response_irq.o,
by_pc,2147498760,2,2,4,6,2,0,0,0,0,session_task,/Users/swchen.tw/git/percepio/poc/runs/tcp-workload-matrix-v1/A04-pbuf/build/tcp_request_response_irq.o,
by_pc,2147498764,2,4,8,10,2,2,0,0,0,session_task,/Users/swchen.tw/git/percepio/poc/runs/tcp-workload-matrix-v1/A04-pbuf/build/tcp_request_response_irq.o,
by_pc,2147498768,2,2,4,6,2,0,0,0,0,session_task,/Users/swchen.tw/git/percepio/poc/runs/tcp-workload-matrix-v1/A04-pbuf/build/tcp_request_response_irq.o,
by_pc,2147498786,2,4,8,10,2,2,0,0,0,session_task,/Users/swchen.tw/git/percepio/poc/runs/tcp-workload-matrix-v1/A04-pbuf/build/tcp_request_response_irq.o,
by_pc,2147498790,2,2,4,6,2,0,0,0,0,session_task,/Users/swchen.tw/git/percepio/poc/runs/tcp-workload-matrix-v1/A04-pbuf/build/tcp_request_response_irq.o,
by_pc,2147498792,2,2,4,6,2,0,0,0,0,session_task,/Users/swchen.tw/git/percepio/poc/runs/tcp-workload-matrix-v1/A04-pbuf/build/tcp_request_response_irq.o,
by_pc,2147508036,1,27,54,55,1,0,8,18,0,tcp_receive,/Users/swchen.tw/git/percepio/poc/runs/tcp-workload-matrix-v1/A04-pbuf/build/tcp_in.o,
by_pc,2147508038,1,21,42,43,1,1,8,0,11,tcp_receive,/Users/swchen.tw/git/percepio/poc/runs/tcp-workload-matrix-v1/A04-pbuf/build/tcp_in.o,
by_pc,2147508042,1,2,4,5,1,1,0,0,0,tcp_receive,/Users/swchen.tw/git/percepio/poc/runs/tcp-workload-matrix-v1/A04-pbuf/build/tcp_in.o,
by_pc,2147508046,1,1,2,3,1,0,0,0,0,tcp_receive,/Users/swchen.tw/git/percepio/poc/runs/tcp-workload-matrix-v1/A04-pbuf/build/tcp_in.o,
by_pc,2147508048,1,1,2,3,1,0,0,0,0,tcp_receive,/Users/swchen.tw/git/percepio/poc/runs/tcp-workload-matrix-v1/A04-pbuf/build/tcp_in.o,
by_pc,2147507102,5,10,20,25,5,5,0,0,0,tcp_receive,/Users/swchen.tw/git/percepio/poc/runs/tcp-workload-matrix-v1/A04-pbuf/build/tcp_in.o,
by_pc,2147507104,5,10,20,25,5,5,0,0,0,tcp_receive,/Users/swchen.tw/git/percepio/poc/runs/tcp-workload-matrix-v1/A04-pbuf/build/tcp_in.o,
by_pc,2147507106,5,5,10,15,5,0,0,0,0,tcp_receive,/Users/swchen.tw/git/percepio/poc/runs/tcp-workload-matrix-v1/A04-pbuf/build/tcp_in.o,
by_pc,2147507108,5,5,10,15,5,0,0,0,0,tcp_receive,/Users/swchen.tw/git/percepio/poc/runs/tcp-workload-matrix-v1/A04-pbuf/build/tcp_in.o,
by_pc,2147507112,5,10,20,25,5,5,0,0,0,tcp_receive,/Users/swchen.tw/git/percepio/poc/runs/tcp-workload-matrix-v1/A04-pbuf/build/tcp_in.o,
by_pc,2147507116,5,10,20,25,5,5,0,0,0,tcp_receive,/Users/swchen.tw/git/percepio/poc/runs/tcp-workload-matrix-v1/A04-pbuf/build/tcp_in.o,
by_pc,2147507120,5,5,10,15,5,0,0,0,0,tcp_receive,/Users/swchen.tw/git/percepio/poc/runs/tcp-workload-matrix-v1/A04-pbuf/build/tcp_in.o,
by_pc,2147507124,5,5,10,15,5,0,0,0,0,tcp_receive,/Users/swchen.tw/git/percepio/poc/runs/tcp-workload-matrix-v1/A04-pbuf/build/tcp_in.o,
by_pc,2147507128,5,5,10,15,5,0,0,0,0,tcp_receive,/Users/swchen.tw/git/percepio/poc/runs/tcp-workload-matrix-v1/A04-pbuf/build/tcp_in.o,
by_pc,2147507130,5,5,10,15,5,0,0,0,0,tcp_receive,/Users/swchen.tw/git/percepio/poc/runs/tcp-workload-matrix-v1/A04-pbuf/build/tcp_in.o,
by_pc,2147507132,5,5,10,15,5,0,0,0,0,tcp_receive,/Users/swchen.tw/git/percepio/poc/runs/tcp-workload-matrix-v1/A04-pbuf/build/tcp_in.o,
by_pc,2147507134,5,5,10,15,5,0,0,0,0,tcp_receive,/Users/swchen.tw/git/percepio/poc/runs/tcp-workload-matrix-v1/A04-pbuf/build/tcp_in.o,
by_pc,2147507136,5,129,258,263,5,5,64,0,55,tcp_receive,/Users/swchen.tw/git/percepio/poc/runs/tcp-workload-matrix-v1/A04-pbuf/build/tcp_in.o,
by_pc,2147507140,5,5,10,15,5,0,0,0,0,tcp_receive,/Users/swchen.tw/git/percepio/poc/runs/tcp-workload-matrix-v1/A04-pbuf/build/tcp_in.o,
by_pc,2147507144,5,5,10,15,5,0,0,0,0,tcp_receive,/Users/swchen.tw/git/percepio/poc/runs/tcp-workload-matrix-v1/A04-pbuf/build/tcp_in.o,
by_pc,2147507154,5,10,20,25,5,5,0,0,0,tcp_receive,/Users/swchen.tw/git/percepio/poc/runs/tcp-workload-matrix-v1/A04-pbuf/build/tcp_in.o,
by_pc,2147507158,5,5,10,15,5,0,0,0,0,tcp_receive,/Users/swchen.tw/git/percepio/poc/runs/tcp-workload-matrix-v1/A04-pbuf/build/tcp_in.o,
by_pc,2147507160,5,105,210,215,5,5,40,0,55,tcp_receive,/Users/swchen.tw/git/percepio/poc/runs/tcp-workload-matrix-v1/A04-pbuf/build/tcp_in.o,
by_pc,2147507164,5,5,10,15,5,0,0,0,0,tcp_receive,/Users/swchen.tw/git/percepio/poc/runs/tcp-workload-matrix-v1/A04-pbuf/build/tcp_in.o,
by_pc,2147507168,5,5,10,15,5,0,0,0,0,tcp_receive,/Users/swchen.tw/git/percepio/poc/runs/tcp-workload-matrix-v1/A04-pbuf/build/tcp_in.o,
by_pc,2147507170,5,5,10,15,5,0,0,0,0,tcp_receive,/Users/swchen.tw/git/percepio/poc/runs/tcp-workload-matrix-v1/A04-pbuf/build/tcp_in.o,
by_pc,2147507172,5,105,210,215,5,5,40,0,55,tcp_receive,/Users/swchen.tw/git/percepio/poc/runs/tcp-workload-matrix-v1/A04-pbuf/build/tcp_in.o,
by_pc,2147507176,5,5,10,15,5,0,0,0,0,tcp_receive,/Users/swchen.tw/git/percepio/poc/runs/tcp-workload-matrix-v1/A04-pbuf/build/tcp_in.o,
by_pc,2147507178,5,105,210,215,5,5,40,0,55,tcp_receive,/Users/swchen.tw/git/percepio/poc/runs/tcp-workload-matrix-v1/A04-pbuf/build/tcp_in.o,
by_pc,2147515458,4,4,8,12,4,0,0,0,0,tcp_output,/Users/swchen.tw/git/percepio/poc/runs/tcp-workload-matrix-v1/A04-pbuf/build/tcp_out.o,
by_pc,2147485168,1,1,2,3,1,0,0,0,0,xTaskIncrementTick,/Users/swchen.tw/git/percepio/poc/runs/tcp-workload-matrix-v1/A04-pbuf/build/tasks.o,
by_pc,2147485172,1,1,2,3,1,0,0,0,0,xTaskIncrementTick,/Users/swchen.tw/git/percepio/poc/runs/tcp-workload-matrix-v1/A04-pbuf/build/tasks.o,
by_pc,2147485176,1,1,2,3,1,0,0,0,0,xTaskIncrementTick,/Users/swchen.tw/git/percepio/poc/runs/tcp-workload-matrix-v1/A04-pbuf/build/tasks.o,
by_pc,2147485178,1,1,2,3,1,0,0,0,0,xTaskIncrementTick,/Users/swchen.tw/git/percepio/poc/runs/tcp-workload-matrix-v1/A04-pbuf/build/tasks.o,
by_pc,2147485180,2,4,8,10,2,2,0,0,0,xTaskIncrementTick,/Users/swchen.tw/git/percepio/poc/runs/tcp-workload-matrix-v1/A04-pbuf/build/tasks.o,
by_pc,2147485184,2,56,112,114,2,2,16,36,0,xTaskIncrementTick,/Users/swchen.tw/git/percepio/poc/runs/tcp-workload-matrix-v1/A04-pbuf/build/tasks.o,
by_pc,2147485186,2,2,4,6,2,0,0,0,0,xTaskIncrementTick,/Users/swchen.tw/git/percepio/poc/runs/tcp-workload-matrix-v1/A04-pbuf/build/tasks.o,
by_pc,2147485258,1,28,56,57,1,1,8,18,0,xTaskIncrementTick,/Users/swchen.tw/git/percepio/poc/runs/tcp-workload-matrix-v1/A04-pbuf/build/tasks.o,
by_pc,2147485262,1,28,56,57,1,1,8,18,0,xTaskIncrementTick,/Users/swchen.tw/git/percepio/poc/runs/tcp-workload-matrix-v1/A04-pbuf/build/tasks.o,
by_pc,2147485264,1,28,56,57,1,1,8,18,0,xTaskIncrementTick,/Users/swchen.tw/git/percepio/poc/runs/tcp-workload-matrix-v1/A04-pbuf/build/tasks.o,
by_pc,2147485266,1,2,4,5,1,1,0,0,0,xTaskIncrementTick,/Users/swchen.tw/git/percepio/poc/runs/tcp-workload-matrix-v1/A04-pbuf/build/tasks.o,
by_pc,2147485268,1,1,2,3,1,0,0,0,0,xTaskIncrementTick,/Users/swchen.tw/git/percepio/poc/runs/tcp-workload-matrix-v1/A04-pbuf/build/tasks.o,
by_pc,2147485272,1,2,4,5,1,1,0,0,0,xTaskIncrementTick,/Users/swchen.tw/git/percepio/poc/runs/tcp-workload-matrix-v1/A04-pbuf/build/tasks.o,
by_pc,2147485274,1,2,4,5,1,1,0,0,0,xTaskIncrementTick,/Users/swchen.tw/git/percepio/poc/runs/tcp-workload-matrix-v1/A04-pbuf/build/tasks.o,
by_pc,2147485276,1,2,4,5,1,1,0,0,0,xTaskIncrementTick,/Users/swchen.tw/git/percepio/poc/runs/tcp-workload-matrix-v1/A04-pbuf/build/tasks.o,
by_pc,2147485278,1,1,2,3,1,0,0,0,0,xTaskIncrementTick,/Users/swchen.tw/git/percepio/poc/runs/tcp-workload-matrix-v1/A04-pbuf/build/tasks.o,
by_pc,2147485282,1,21,42,43,1,1,8,0,11,xTaskIncrementTick,/Users/swchen.tw/git/percepio/poc/runs/tcp-workload-matrix-v1/A04-pbuf/build/tasks.o,
by_pc,2147485284,1,2,4,5,1,1,0,0,0,xTaskIncrementTick,/Users/swchen.tw/git/percepio/poc/runs/tcp-workload-matrix-v1/A04-pbuf/build/tasks.o,
by_pc,2147485286,1,21,42,43,1,1,8,0,11,xTaskIncrementTick,/Users/swchen.tw/git/percepio/poc/runs/tcp-workload-matrix-v1/A04-pbuf/build/tasks.o,
by_pc,2147485288,1,2,4,5,1,1,0,0,0,xTaskIncrementTick,/Users/swchen.tw/git/percepio/poc/runs/tcp-workload-matrix-v1/A04-pbuf/build/tasks.o,
by_pc,2147485290,1,1,2,3,1,0,0,0,0,xTaskIncrementTick,/Users/swchen.tw/git/percepio/poc/runs/tcp-workload-matrix-v1/A04-pbuf/build/tasks.o,
by_pc,2147485298,1,21,42,43,1,1,8,0,11,xTaskIncrementTick,/Users/swchen.tw/git/percepio/poc/runs/tcp-workload-matrix-v1/A04-pbuf/build/tasks.o,
by_pc,2147485302,1,2,4,5,1,1,0,0,0,xTaskIncrementTick,/Users/swchen.tw/git/percepio/poc/runs/tcp-workload-matrix-v1/A04-pbuf/build/tasks.o,
by_pc,2147485304,1,1,2,3,1,0,0,0,0,xTaskIncrementTick,/Users/swchen.tw/git/percepio/poc/runs/tcp-workload-matrix-v1/A04-pbuf/build/tasks.o,
by_pc,2147485306,1,21,42,43,1,1,8,0,11,xTaskIncrementTick,/Users/swchen.tw/git/percepio/poc/runs/tcp-workload-matrix-v1/A04-pbuf/build/tasks.o,
by_pc,2147485308,1,2,4,5,1,1,0,0,0,xTaskIncrementTick,/Users/swchen.tw/git/percepio/poc/runs/tcp-workload-matrix-v1/A04-pbuf/build/tasks.o,
by_pc,2147485310,1,1,2,3,1,0,0,0,0,xTaskIncrementTick,/Users/swchen.tw/git/percepio/poc/runs/tcp-workload-matrix-v1/A04-pbuf/build/tasks.o,
by_pc,2147485346,1,27,54,55,1,0,8,18,0,xTaskIncrementTick,/Users/swchen.tw/git/percepio/poc/runs/tcp-workload-matrix-v1/A04-pbuf/build/tasks.o,
by_pc,2147485350,1,21,42,43,1,1,8,0,11,xTaskIncrementTick,/Users/swchen.tw/git/percepio/poc/runs/tcp-workload-matrix-v1/A04-pbuf/build/tasks.o,
by_pc,2147485352,1,1,2,3,1,0,0,0,0,xTaskIncrementTick,/Users/swchen.tw/git/percepio/poc/runs/tcp-workload-matrix-v1/A04-pbuf/build/tasks.o,
by_pc,2147485356,1,2,4,5,1,1,0,0,0,xTaskIncrementTick,/Users/swchen.tw/git/percepio/poc/runs/tcp-workload-matrix-v1/A04-pbuf/build/tasks.o,
by_pc,2147485358,1,2,4,5,1,1,0,0,0,xTaskIncrementTick,/Users/swchen.tw/git/percepio/poc/runs/tcp-workload-matrix-v1/A04-pbuf/build/tasks.o,
by_pc,2147485362,1,2,4,5,1,1,0,0,0,xTaskIncrementTick,/Users/swchen.tw/git/percepio/poc/runs/tcp-workload-matrix-v1/A04-pbuf/build/tasks.o,
by_pc,2147485364,1,1,2,3,1,0,0,0,0,xTaskIncrementTick,/Users/swchen.tw/git/percepio/poc/runs/tcp-workload-matrix-v1/A04-pbuf/build/tasks.o,
by_pc,2147485368,1,1,2,3,1,0,0,0,0,xTaskIncrementTick,/Users/swchen.tw/git/percepio/poc/runs/tcp-workload-matrix-v1/A04-pbuf/build/tasks.o,
by_pc,2147485372,1,1,2,3,1,0,0,0,0,xTaskIncrementTick,/Users/swchen.tw/git/percepio/poc/runs/tcp-workload-matrix-v1/A04-pbuf/build/tasks.o,
by_pc,2147485374,1,48,96,97,2,1,16,18,11,xTaskIncrementTick,/Users/swchen.tw/git/percepio/poc/runs/tcp-workload-matrix-v1/A04-pbuf/build/tasks.o,
by_pc,2147485378,1,1,2,3,1,0,0,0,0,xTaskIncrementTick,/Users/swchen.tw/git/percepio/poc/runs/tcp-workload-matrix-v1/A04-pbuf/build/tasks.o,
by_pc,2147485380,1,28,56,57,1,1,8,18,0,xTaskIncrementTick,/Users/swchen.tw/git/percepio/poc/runs/tcp-workload-matrix-v1/A04-pbuf/build/tasks.o,
by_pc,2147485382,1,21,42,43,1,1,8,0,11,xTaskIncrementTick,/Users/swchen.tw/git/percepio/poc/runs/tcp-workload-matrix-v1/A04-pbuf/build/tasks.o,
by_pc,2147485384,1,2,4,5,1,1,0,0,0,xTaskIncrementTick,/Users/swchen.tw/git/percepio/poc/runs/tcp-workload-matrix-v1/A04-pbuf/build/tasks.o,
by_pc,2147485386,1,21,42,43,1,1,8,0,11,xTaskIncrementTick,/Users/swchen.tw/git/percepio/poc/runs/tcp-workload-matrix-v1/A04-pbuf/build/tasks.o,
by_pc,2147485388,1,21,42,43,1,1,8,0,11,xTaskIncrementTick,/Users/swchen.tw/git/percepio/poc/runs/tcp-workload-matrix-v1/A04-pbuf/build/tasks.o,
by_pc,2147485392,1,21,42,43,1,1,8,0,11,xTaskIncrementTick,/Users/swchen.tw/git/percepio/poc/runs/tcp-workload-matrix-v1/A04-pbuf/build/tasks.o,
by_pc,2147485396,1,2,4,5,1,1,0,0,0,xTaskIncrementTick,/Users/swchen.tw/git/percepio/poc/runs/tcp-workload-matrix-v1/A04-pbuf/build/tasks.o,
by_pc,2147485398,1,1,2,3,1,0,0,0,0,xTaskIncrementTick,/Users/swchen.tw/git/percepio/poc/runs/tcp-workload-matrix-v1/A04-pbuf/build/tasks.o,
by_pc,2147485402,1,1,2,3,1,0,0,0,0,xTaskIncrementTick,/Users/swchen.tw/git/percepio/poc/runs/tcp-workload-matrix-v1/A04-pbuf/build/tasks.o,
by_pc,2147485404,1,21,42,43,1,1,8,0,11,xTaskIncrementTick,/Users/swchen.tw/git/percepio/poc/runs/tcp-workload-matrix-v1/A04-pbuf/build/tasks.o,
by_pc,2147485406,1,2,4,5,1,1,0,0,0,xTaskIncrementTick,/Users/swchen.tw/git/percepio/poc/runs/tcp-workload-matrix-v1/A04-pbuf/build/tasks.o,
by_pc,2147485408,1,1,2,3,1,0,0,0,0,xTaskIncrementTick,/Users/swchen.tw/git/percepio/poc/runs/tcp-workload-matrix-v1/A04-pbuf/build/tasks.o,
by_pc,2147485410,1,21,42,43,1,1,8,0,11,xTaskIncrementTick,/Users/swchen.tw/git/percepio/poc/runs/tcp-workload-matrix-v1/A04-pbuf/build/tasks.o,
by_pc,2147485412,1,2,4,5,1,1,0,0,0,xTaskIncrementTick,/Users/swchen.tw/git/percepio/poc/runs/tcp-workload-matrix-v1/A04-pbuf/build/tasks.o,
by_pc,2147485416,1,2,4,5,1,1,0,0,0,xTaskIncrementTick,/Users/swchen.tw/git/percepio/poc/runs/tcp-workload-matrix-v1/A04-pbuf/build/tasks.o,
by_pc,2147485418,1,2,4,5,1,1,0,0,0,xTaskIncrementTick,/Users/swchen.tw/git/percepio/poc/runs/tcp-workload-matrix-v1/A04-pbuf/build/tasks.o,
by_pc,2147485420,1,1,2,3,1,0,0,0,0,xTaskIncrementTick,/Users/swchen.tw/git/percepio/poc/runs/tcp-workload-matrix-v1/A04-pbuf/build/tasks.o,
by_pc,2147485424,1,1,2,3,1,0,0,0,0,xTaskIncrementTick,/Users/swchen.tw/git/percepio/poc/runs/tcp-workload-matrix-v1/A04-pbuf/build/tasks.o,
by_pc,2147485428,1,1,2,3,1,0,0,0,0,xTaskIncrementTick,/Users/swchen.tw/git/percepio/poc/runs/tcp-workload-matrix-v1/A04-pbuf/build/tasks.o,
by_pc,2147485188,1,1,2,3,1,0,0,0,0,xTaskIncrementTick,/Users/swchen.tw/git/percepio/poc/runs/tcp-workload-matrix-v1/A04-pbuf/build/tasks.o,
by_pc,2147485190,1,21,42,43,1,1,8,0,11,xTaskIncrementTick,/Users/swchen.tw/git/percepio/poc/runs/tcp-workload-matrix-v1/A04-pbuf/build/tasks.o,
by_pc,2147519406,1,1,2,3,1,0,0,0,0,unresolved@/Users/swchen.tw/git/percepio/poc/runs/tcp-workload-matrix-v1/A04-pbuf/build/portASM.o:2147519232,/Users/swchen.tw/git/percepio/poc/runs/tcp-workload-matrix-v1/A04-pbuf/build/portASM.o,
by_pc,2147485872,2,30,60,62,2,2,8,18,0,vTaskSwitchContext,/Users/swchen.tw/git/percepio/poc/runs/tcp-workload-matrix-v1/A04-pbuf/build/tasks.o,
by_pc,2147485876,2,2,4,6,2,0,0,0,0,vTaskSwitchContext,/Users/swchen.tw/git/percepio/poc/runs/tcp-workload-matrix-v1/A04-pbuf/build/tasks.o,
by_pc,2147485886,2,2,4,6,2,0,0,0,0,vTaskSwitchContext,/Users/swchen.tw/git/percepio/poc/runs/tcp-workload-matrix-v1/A04-pbuf/build/tasks.o,
by_pc,2147485888,2,68,136,138,2,2,24,18,22,vTaskSwitchContext,/Users/swchen.tw/git/percepio/poc/runs/tcp-workload-matrix-v1/A04-pbuf/build/tasks.o,
by_pc,2147485890,2,42,84,86,2,2,16,0,22,vTaskSwitchContext,/Users/swchen.tw/git/percepio/poc/runs/tcp-workload-matrix-v1/A04-pbuf/build/tasks.o,
by_pc,2147485892,2,42,84,86,2,2,16,0,22,vTaskSwitchContext,/Users/swchen.tw/git/percepio/poc/runs/tcp-workload-matrix-v1/A04-pbuf/build/tasks.o,
by_pc,2147485894,2,42,84,86,2,2,16,0,22,vTaskSwitchContext,/Users/swchen.tw/git/percepio/poc/runs/tcp-workload-matrix-v1/A04-pbuf/build/tasks.o,
by_pc,2147485896,2,42,84,86,2,2,16,0,22,vTaskSwitchContext,/Users/swchen.tw/git/percepio/poc/runs/tcp-workload-matrix-v1/A04-pbuf/build/tasks.o,
by_pc,2147485900,2,2,4,6,2,0,0,0,0,vTaskSwitchContext,/Users/swchen.tw/git/percepio/poc/runs/tcp-workload-matrix-v1/A04-pbuf/build/tasks.o,
by_pc,2147485904,2,4,8,10,2,2,0,0,0,vTaskSwitchContext,/Users/swchen.tw/git/percepio/poc/runs/tcp-workload-matrix-v1/A04-pbuf/build/tasks.o,
by_pc,2147485906,2,4,8,10,2,2,0,0,0,vTaskSwitchContext,/Users/swchen.tw/git/percepio/poc/runs/tcp-workload-matrix-v1/A04-pbuf/build/tasks.o,
by_pc,2147485908,2,2,4,6,2,0,0,0,0,vTaskSwitchContext,/Users/swchen.tw/git/percepio/poc/runs/tcp-workload-matrix-v1/A04-pbuf/build/tasks.o,
by_pc,2147485912,2,2,4,6,2,0,0,0,0,vTaskSwitchContext,/Users/swchen.tw/git/percepio/poc/runs/tcp-workload-matrix-v1/A04-pbuf/build/tasks.o,
by_pc,2147485916,2,30,60,62,2,2,8,18,0,vTaskSwitchContext,/Users/swchen.tw/git/percepio/poc/runs/tcp-workload-matrix-v1/A04-pbuf/build/tasks.o,
by_pc,2147485918,2,56,112,114,2,2,16,36,0,vTaskSwitchContext,/Users/swchen.tw/git/percepio/poc/runs/tcp-workload-matrix-v1/A04-pbuf/build/tasks.o,
by_pc,2147485920,2,2,4,6,2,0,0,0,0,vTaskSwitchContext,/Users/swchen.tw/git/percepio/poc/runs/tcp-workload-matrix-v1/A04-pbuf/build/tasks.o,
by_pc,2147485924,2,4,8,10,2,2,0,0,0,vTaskSwitchContext,/Users/swchen.tw/git/percepio/poc/runs/tcp-workload-matrix-v1/A04-pbuf/build/tasks.o,
by_pc,2147485926,2,2,4,6,2,0,0,0,0,vTaskSwitchContext,/Users/swchen.tw/git/percepio/poc/runs/tcp-workload-matrix-v1/A04-pbuf/build/tasks.o,
by_pc,2147485930,2,4,8,10,2,2,0,0,0,vTaskSwitchContext,/Users/swchen.tw/git/percepio/poc/runs/tcp-workload-matrix-v1/A04-pbuf/build/tasks.o,
by_pc,2147485932,2,2,4,6,2,0,0,0,0,vTaskSwitchContext,/Users/swchen.tw/git/percepio/poc/runs/tcp-workload-matrix-v1/A04-pbuf/build/tasks.o,
by_pc,2147485936,2,4,8,10,2,2,0,0,0,vTaskSwitchContext,/Users/swchen.tw/git/percepio/poc/runs/tcp-workload-matrix-v1/A04-pbuf/build/tasks.o,
by_pc,2147485938,2,2,4,6,2,0,0,0,0,vTaskSwitchContext,/Users/swchen.tw/git/percepio/poc/runs/tcp-workload-matrix-v1/A04-pbuf/build/tasks.o,
by_pc,2147485954,2,30,60,62,2,2,8,18,0,vTaskSwitchContext,/Users/swchen.tw/git/percepio/poc/runs/tcp-workload-matrix-v1/A04-pbuf/build/tasks.o,
by_pc,2147485958,2,2,4,6,2,0,0,0,0,vTaskSwitchContext,/Users/swchen.tw/git/percepio/poc/runs/tcp-workload-matrix-v1/A04-pbuf/build/tasks.o,
by_pc,2147485960,2,2,4,6,2,0,0,0,0,vTaskSwitchContext,/Users/swchen.tw/git/percepio/poc/runs/tcp-workload-matrix-v1/A04-pbuf/build/tasks.o,
by_pc,2147485964,2,2,4,6,2,0,0,0,0,vTaskSwitchContext,/Users/swchen.tw/git/percepio/poc/runs/tcp-workload-matrix-v1/A04-pbuf/build/tasks.o,
by_pc,2147519698,2,28,56,58,2,0,8,18,0,__clzsi2,/Users/swchen.tw/git/percepio/poc/.tools/xpack-riscv-none-elf-gcc-15.2.0-1/bin/../lib/gcc/riscv-none-elf/15.2.0/libgcc.a(_clzsi2.o),
by_pc,2147519700,2,2,4,6,2,0,0,0,0,__clzsi2,/Users/swchen.tw/git/percepio/poc/.tools/xpack-riscv-none-elf-gcc-15.2.0-1/bin/../lib/gcc/riscv-none-elf/15.2.0/libgcc.a(_clzsi2.o),
by_pc,2147519704,2,2,4,6,2,0,0,0,0,__clzsi2,/Users/swchen.tw/git/percepio/poc/.tools/xpack-riscv-none-elf-gcc-15.2.0-1/bin/../lib/gcc/riscv-none-elf/15.2.0/libgcc.a(_clzsi2.o),
by_pc,2147519708,2,2,4,6,2,0,0,0,0,__clzsi2,/Users/swchen.tw/git/percepio/poc/.tools/xpack-riscv-none-elf-gcc-15.2.0-1/bin/../lib/gcc/riscv-none-elf/15.2.0/libgcc.a(_clzsi2.o),
by_pc,2147519712,2,2,4,6,2,0,0,0,0,__clzsi2,/Users/swchen.tw/git/percepio/poc/.tools/xpack-riscv-none-elf-gcc-15.2.0-1/bin/../lib/gcc/riscv-none-elf/15.2.0/libgcc.a(_clzsi2.o),
by_pc,2147519714,2,2,4,6,2,0,0,0,0,__clzsi2,/Users/swchen.tw/git/percepio/poc/.tools/xpack-riscv-none-elf-gcc-15.2.0-1/bin/../lib/gcc/riscv-none-elf/15.2.0/libgcc.a(_clzsi2.o),
by_pc,2147519718,2,2,4,6,2,0,0,0,0,__clzsi2,/Users/swchen.tw/git/percepio/poc/.tools/xpack-riscv-none-elf-gcc-15.2.0-1/bin/../lib/gcc/riscv-none-elf/15.2.0/libgcc.a(_clzsi2.o),
by_pc,2147519720,2,2,4,6,2,0,0,0,0,__clzsi2,/Users/swchen.tw/git/percepio/poc/.tools/xpack-riscv-none-elf-gcc-15.2.0-1/bin/../lib/gcc/riscv-none-elf/15.2.0/libgcc.a(_clzsi2.o),
by_pc,2147519724,2,2,4,6,2,0,0,0,0,__clzsi2,/Users/swchen.tw/git/percepio/poc/.tools/xpack-riscv-none-elf-gcc-15.2.0-1/bin/../lib/gcc/riscv-none-elf/15.2.0/libgcc.a(_clzsi2.o),
by_pc,2147519728,2,2,4,6,2,0,0,0,0,__clzsi2,/Users/swchen.tw/git/percepio/poc/.tools/xpack-riscv-none-elf-gcc-15.2.0-1/bin/../lib/gcc/riscv-none-elf/15.2.0/libgcc.a(_clzsi2.o),
by_pc,2147519732,2,2,4,6,2,0,0,0,0,__clzsi2,/Users/swchen.tw/git/percepio/poc/.tools/xpack-riscv-none-elf-gcc-15.2.0-1/bin/../lib/gcc/riscv-none-elf/15.2.0/libgcc.a(_clzsi2.o),
by_pc,2147519734,2,30,60,62,2,2,8,18,0,__clzsi2,/Users/swchen.tw/git/percepio/poc/.tools/xpack-riscv-none-elf-gcc-15.2.0-1/bin/../lib/gcc/riscv-none-elf/15.2.0/libgcc.a(_clzsi2.o),
by_pc,2147519738,2,2,4,6,2,0,0,0,0,__clzsi2,/Users/swchen.tw/git/percepio/poc/.tools/xpack-riscv-none-elf-gcc-15.2.0-1/bin/../lib/gcc/riscv-none-elf/15.2.0/libgcc.a(_clzsi2.o),
by_pc,2147519742,2,2,4,6,2,0,0,0,0,__clzsi2,/Users/swchen.tw/git/percepio/poc/.tools/xpack-riscv-none-elf-gcc-15.2.0-1/bin/../lib/gcc/riscv-none-elf/15.2.0/libgcc.a(_clzsi2.o),
by_pc,2147485968,2,2,4,6,2,0,0,0,0,vTaskSwitchContext,/Users/swchen.tw/git/percepio/poc/runs/tcp-workload-matrix-v1/A04-pbuf/build/tasks.o,
by_pc,2147485970,2,2,4,6,2,0,0,0,0,vTaskSwitchContext,/Users/swchen.tw/git/percepio/poc/runs/tcp-workload-matrix-v1/A04-pbuf/build/tasks.o,
by_pc,2147485972,2,2,4,6,2,0,0,0,0,vTaskSwitchContext,/Users/swchen.tw/git/percepio/poc/runs/tcp-workload-matrix-v1/A04-pbuf/build/tasks.o,
by_pc,2147485976,2,2,4,6,2,0,0,0,0,vTaskSwitchContext,/Users/swchen.tw/git/percepio/poc/runs/tcp-workload-matrix-v1/A04-pbuf/build/tasks.o,
by_pc,2147485978,2,4,8,10,2,2,0,0,0,vTaskSwitchContext,/Users/swchen.tw/git/percepio/poc/runs/tcp-workload-matrix-v1/A04-pbuf/build/tasks.o,
by_pc,2147485980,2,2,4,6,2,0,0,0,0,vTaskSwitchContext,/Users/swchen.tw/git/percepio/poc/runs/tcp-workload-matrix-v1/A04-pbuf/build/tasks.o,
by_pc,2147486000,2,2,4,6,2,0,0,0,0,vTaskSwitchContext,/Users/swchen.tw/git/percepio/poc/runs/tcp-workload-matrix-v1/A04-pbuf/build/tasks.o,
by_pc,2147486002,2,2,4,6,2,0,0,0,0,vTaskSwitchContext,/Users/swchen.tw/git/percepio/poc/runs/tcp-workload-matrix-v1/A04-pbuf/build/tasks.o,
by_pc,2147486006,2,2,4,6,2,0,0,0,0,vTaskSwitchContext,/Users/swchen.tw/git/percepio/poc/runs/tcp-workload-matrix-v1/A04-pbuf/build/tasks.o,
by_pc,2147486010,2,4,8,10,2,2,0,0,0,vTaskSwitchContext,/Users/swchen.tw/git/percepio/poc/runs/tcp-workload-matrix-v1/A04-pbuf/build/tasks.o,
by_pc,2147486012,2,2,4,6,2,0,0,0,0,vTaskSwitchContext,/Users/swchen.tw/git/percepio/poc/runs/tcp-workload-matrix-v1/A04-pbuf/build/tasks.o,
by_pc,2147486014,2,2,4,6,2,0,0,0,0,vTaskSwitchContext,/Users/swchen.tw/git/percepio/poc/runs/tcp-workload-matrix-v1/A04-pbuf/build/tasks.o,
by_pc,2147486016,2,30,60,62,2,2,8,18,0,vTaskSwitchContext,/Users/swchen.tw/git/percepio/poc/runs/tcp-workload-matrix-v1/A04-pbuf/build/tasks.o,
by_pc,2147486018,2,42,84,86,2,2,16,0,22,vTaskSwitchContext,/Users/swchen.tw/git/percepio/poc/runs/tcp-workload-matrix-v1/A04-pbuf/build/tasks.o,
by_pc,2147486020,2,2,4,6,2,0,0,0,0,vTaskSwitchContext,/Users/swchen.tw/git/percepio/poc/runs/tcp-workload-matrix-v1/A04-pbuf/build/tasks.o,
by_pc,2147486028,2,4,8,10,2,2,0,0,0,vTaskSwitchContext,/Users/swchen.tw/git/percepio/poc/runs/tcp-workload-matrix-v1/A04-pbuf/build/tasks.o,
by_pc,2147486030,2,42,84,86,2,2,16,0,22,vTaskSwitchContext,/Users/swchen.tw/git/percepio/poc/runs/tcp-workload-matrix-v1/A04-pbuf/build/tasks.o,
by_pc,2147486032,2,4,8,10,2,2,0,0,0,vTaskSwitchContext,/Users/swchen.tw/git/percepio/poc/runs/tcp-workload-matrix-v1/A04-pbuf/build/tasks.o,
by_pc,2147486034,2,4,8,10,2,2,0,0,0,vTaskSwitchContext,/Users/swchen.tw/git/percepio/poc/runs/tcp-workload-matrix-v1/A04-pbuf/build/tasks.o,
by_pc,2147486036,2,4,8,10,2,2,0,0,0,vTaskSwitchContext,/Users/swchen.tw/git/percepio/poc/runs/tcp-workload-matrix-v1/A04-pbuf/build/tasks.o,
by_pc,2147486038,2,2,4,6,2,0,0,0,0,vTaskSwitchContext,/Users/swchen.tw/git/percepio/poc/runs/tcp-workload-matrix-v1/A04-pbuf/build/tasks.o,
by_pc,2147493112,2,30,60,62,2,2,8,18,0,xTraceTaskSwitch,/Users/swchen.tw/git/percepio/poc/runs/tcp-workload-matrix-v1/A04-pbuf/build/trcTask.o,
by_pc,2147493116,2,2,4,6,2,0,0,0,0,xTraceTaskSwitch,/Users/swchen.tw/git/percepio/poc/runs/tcp-workload-matrix-v1/A04-pbuf/build/trcTask.o,
by_pc,2147493118,2,2,4,6,2,0,0,0,0,xTraceTaskSwitch,/Users/swchen.tw/git/percepio/poc/runs/tcp-workload-matrix-v1/A04-pbuf/build/trcTask.o,
by_pc,2147493120,2,28,56,58,2,0,8,18,0,xTraceTaskSwitch,/Users/swchen.tw/git/percepio/poc/runs/tcp-workload-matrix-v1/A04-pbuf/build/trcTask.o,
by_pc,2147493122,2,42,84,86,2,2,16,0,22,xTraceTaskSwitch,/Users/swchen.tw/git/percepio/poc/runs/tcp-workload-matrix-v1/A04-pbuf/build/trcTask.o,
by_pc,2147493124,2,42,84,86,2,2,16,0,22,xTraceTaskSwitch,/Users/swchen.tw/git/percepio/poc/runs/tcp-workload-matrix-v1/A04-pbuf/build/trcTask.o,
by_pc,2147493126,2,42,84,86,2,2,16,0,22,xTraceTaskSwitch,/Users/swchen.tw/git/percepio/poc/runs/tcp-workload-matrix-v1/A04-pbuf/build/trcTask.o,
by_pc,2147493128,2,2,4,6,2,0,0,0,0,xTraceTaskSwitch,/Users/swchen.tw/git/percepio/poc/runs/tcp-workload-matrix-v1/A04-pbuf/build/trcTask.o,
by_pc,2147493132,2,4,8,10,2,2,0,0,0,xTraceTaskSwitch,/Users/swchen.tw/git/percepio/poc/runs/tcp-workload-matrix-v1/A04-pbuf/build/trcTask.o,
by_pc,2147493134,2,2,4,6,2,0,0,0,0,xTraceTaskSwitch,/Users/swchen.tw/git/percepio/poc/runs/tcp-workload-matrix-v1/A04-pbuf/build/trcTask.o,
by_pc,2147493138,2,4,8,10,2,2,0,0,0,xTraceTaskSwitch,/Users/swchen.tw/git/percepio/poc/runs/tcp-workload-matrix-v1/A04-pbuf/build/trcTask.o,
by_pc,2147493140,2,2,4,6,2,0,0,0,0,xTraceTaskSwitch,/Users/swchen.tw/git/percepio/poc/runs/tcp-workload-matrix-v1/A04-pbuf/build/trcTask.o,
by_pc,2147493158,2,2,4,6,2,0,0,0,0,xTraceTaskSwitch,/Users/swchen.tw/git/percepio/poc/runs/tcp-workload-matrix-v1/A04-pbuf/build/trcTask.o,
by_pc,2147493160,2,2,4,6,2,0,0,0,0,xTraceTaskSwitch,/Users/swchen.tw/git/percepio/poc/runs/tcp-workload-matrix-v1/A04-pbuf/build/trcTask.o,
by_pc,2147493162,2,42,84,86,2,2,16,0,22,xTraceTaskSwitch,/Users/swchen.tw/git/percepio/poc/runs/tcp-workload-matrix-v1/A04-pbuf/build/trcTask.o,
by_pc,2147493164,2,2,4,6,2,0,0,0,0,xTraceTaskSwitch,/Users/swchen.tw/git/percepio/poc/runs/tcp-workload-matrix-v1/A04-pbuf/build/trcTask.o,
by_pc,2147493166,2,2,4,6,2,0,0,0,0,xTraceTaskSwitch,/Users/swchen.tw/git/percepio/poc/runs/tcp-workload-matrix-v1/A04-pbuf/build/trcTask.o,
by_pc,2147493170,2,4,8,10,2,2,0,0,0,xTraceTaskSwitch,/Users/swchen.tw/git/percepio/poc/runs/tcp-workload-matrix-v1/A04-pbuf/build/trcTask.o,
by_pc,2147493172,2,2,4,6,2,0,0,0,0,xTraceTaskSwitch,/Users/swchen.tw/git/percepio/poc/runs/tcp-workload-matrix-v1/A04-pbuf/build/trcTask.o,
by_pc,2147493174,2,42,84,86,2,2,16,0,22,xTraceTaskSwitch,/Users/swchen.tw/git/percepio/poc/runs/tcp-workload-matrix-v1/A04-pbuf/build/trcTask.o,
by_pc,2147493176,2,2,4,6,2,0,0,0,0,xTraceTaskSwitch,/Users/swchen.tw/git/percepio/poc/runs/tcp-workload-matrix-v1/A04-pbuf/build/trcTask.o,
by_pc,2147493180,2,2,4,6,2,0,0,0,0,xTraceTaskSwitch,/Users/swchen.tw/git/percepio/poc/runs/tcp-workload-matrix-v1/A04-pbuf/build/trcTask.o,
by_pc,2147488636,2,4,8,10,2,2,0,0,0,xTraceEventCreate2,/Users/swchen.tw/git/percepio/poc/runs/tcp-workload-matrix-v1/A04-pbuf/build/trcEvent.o,
by_pc,2147488640,2,28,56,58,2,0,8,18,0,xTraceEventCreate2,/Users/swchen.tw/git/percepio/poc/runs/tcp-workload-matrix-v1/A04-pbuf/build/trcEvent.o,
by_pc,2147488642,2,42,84,86,2,2,16,0,22,xTraceEventCreate2,/Users/swchen.tw/git/percepio/poc/runs/tcp-workload-matrix-v1/A04-pbuf/build/trcEvent.o,
by_pc,2147488644,2,42,84,86,2,2,16,0,22,xTraceEventCreate2,/Users/swchen.tw/git/percepio/poc/runs/tcp-workload-matrix-v1/A04-pbuf/build/trcEvent.o,
by_pc,2147488646,2,42,84,86,2,2,16,0,22,xTraceEventCreate2,/Users/swchen.tw/git/percepio/poc/runs/tcp-workload-matrix-v1/A04-pbuf/build/trcEvent.o,
by_pc,2147488648,2,42,84,86,2,2,16,0,22,xTraceEventCreate2,/Users/swchen.tw/git/percepio/poc/runs/tcp-workload-matrix-v1/A04-pbuf/build/trcEvent.o,
by_pc,2147488650,2,42,84,86,2,2,16,0,22,xTraceEventCreate2,/Users/swchen.tw/git/percepio/poc/runs/tcp-workload-matrix-v1/A04-pbuf/build/trcEvent.o,
by_pc,2147488652,2,42,84,86,2,2,16,0,22,xTraceEventCreate2,/Users/swchen.tw/git/percepio/poc/runs/tcp-workload-matrix-v1/A04-pbuf/build/trcEvent.o,
by_pc,2147488654,2,2,4,6,2,0,0,0,0,xTraceEventCreate2,/Users/swchen.tw/git/percepio/poc/runs/tcp-workload-matrix-v1/A04-pbuf/build/trcEvent.o,
by_pc,2147488656,2,2,4,6,2,0,0,0,0,xTraceEventCreate2,/Users/swchen.tw/git/percepio/poc/runs/tcp-workload-matrix-v1/A04-pbuf/build/trcEvent.o,
by_pc,2147488658,2,4,8,10,2,2,0,0,0,xTraceEventCreate2,/Users/swchen.tw/git/percepio/poc/runs/tcp-workload-matrix-v1/A04-pbuf/build/trcEvent.o,
by_pc,2147488662,2,4,8,10,2,2,0,0,0,xTraceEventCreate2,/Users/swchen.tw/git/percepio/poc/runs/tcp-workload-matrix-v1/A04-pbuf/build/trcEvent.o,
by_pc,2147488664,2,2,4,6,2,0,0,0,0,xTraceEventCreate2,/Users/swchen.tw/git/percepio/poc/runs/tcp-workload-matrix-v1/A04-pbuf/build/trcEvent.o,
by_pc,2147488666,2,2,4,6,2,0,0,0,0,xTraceEventCreate2,/Users/swchen.tw/git/percepio/poc/runs/tcp-workload-matrix-v1/A04-pbuf/build/trcEvent.o,
by_pc,2147488668,2,2,4,6,2,0,0,0,0,xTraceEventCreate2,/Users/swchen.tw/git/percepio/poc/runs/tcp-workload-matrix-v1/A04-pbuf/build/trcEvent.o,
by_pc,2147488670,2,2,4,6,2,0,0,0,0,xTraceEventCreate2,/Users/swchen.tw/git/percepio/poc/runs/tcp-workload-matrix-v1/A04-pbuf/build/trcEvent.o,
by_pc,2147488674,2,2,4,6,2,0,0,0,0,xTraceEventCreate2,/Users/swchen.tw/git/percepio/poc/runs/tcp-workload-matrix-v1/A04-pbuf/build/trcEvent.o,
by_pc,2147488678,2,4,8,10,2,2,0,0,0,xTraceEventCreate2,/Users/swchen.tw/git/percepio/poc/runs/tcp-workload-matrix-v1/A04-pbuf/build/trcEvent.o,
by_pc,2147488680,2,2,4,6,2,0,0,0,0,xTraceEventCreate2,/Users/swchen.tw/git/percepio/poc/runs/tcp-workload-matrix-v1/A04-pbuf/build/trcEvent.o,
by_pc,2147488682,2,4,8,10,2,2,0,0,0,xTraceEventCreate2,/Users/swchen.tw/git/percepio/poc/runs/tcp-workload-matrix-v1/A04-pbuf/build/trcEvent.o,
by_pc,2147488684,2,2,4,6,2,0,0,0,0,xTraceEventCreate2,/Users/swchen.tw/git/percepio/poc/runs/tcp-workload-matrix-v1/A04-pbuf/build/trcEvent.o,
by_pc,2147488686,2,42,84,86,2,2,16,0,22,xTraceEventCreate2,/Users/swchen.tw/git/percepio/poc/runs/tcp-workload-matrix-v1/A04-pbuf/build/trcEvent.o,
by_pc,2147488688,2,4,8,10,2,2,0,0,0,xTraceEventCreate2,/Users/swchen.tw/git/percepio/poc/runs/tcp-workload-matrix-v1/A04-pbuf/build/trcEvent.o,
by_pc,2147488692,2,4,8,10,2,2,0,0,0,xTraceEventCreate2,/Users/swchen.tw/git/percepio/poc/runs/tcp-workload-matrix-v1/A04-pbuf/build/trcEvent.o,
by_pc,2147488696,2,4,8,10,2,2,0,0,0,xTraceEventCreate2,/Users/swchen.tw/git/percepio/poc/runs/tcp-workload-matrix-v1/A04-pbuf/build/trcEvent.o,
by_pc,2147488698,2,2,4,6,2,0,0,0,0,xTraceEventCreate2,/Users/swchen.tw/git/percepio/poc/runs/tcp-workload-matrix-v1/A04-pbuf/build/trcEvent.o,
by_pc,2147488700,2,2,4,6,2,0,0,0,0,xTraceEventCreate2,/Users/swchen.tw/git/percepio/poc/runs/tcp-workload-matrix-v1/A04-pbuf/build/trcEvent.o,
by_pc,2147488702,2,2,4,6,2,0,0,0,0,xTraceEventCreate2,/Users/swchen.tw/git/percepio/poc/runs/tcp-workload-matrix-v1/A04-pbuf/build/trcEvent.o,
by_pc,2147488704,2,28,56,58,2,0,8,18,0,xTraceEventCreate2,/Users/swchen.tw/git/percepio/poc/runs/tcp-workload-matrix-v1/A04-pbuf/build/trcEvent.o,
by_pc,2147488706,2,2,4,6,2,0,0,0,0,xTraceEventCreate2,/Users/swchen.tw/git/percepio/poc/runs/tcp-workload-matrix-v1/A04-pbuf/build/trcEvent.o,
by_pc,2147488708,2,42,84,86,2,2,16,0,22,xTraceEventCreate2,/Users/swchen.tw/git/percepio/poc/runs/tcp-workload-matrix-v1/A04-pbuf/build/trcEvent.o,
by_pc,2147488712,2,4,8,10,2,2,0,0,0,xTraceEventCreate2,/Users/swchen.tw/git/percepio/poc/runs/tcp-workload-matrix-v1/A04-pbuf/build/trcEvent.o,
by_pc,2147488714,2,4,8,10,2,2,0,0,0,xTraceEventCreate2,/Users/swchen.tw/git/percepio/poc/runs/tcp-workload-matrix-v1/A04-pbuf/build/trcEvent.o,
by_pc,2147488716,2,42,84,86,2,2,16,0,22,xTraceEventCreate2,/Users/swchen.tw/git/percepio/poc/runs/tcp-workload-matrix-v1/A04-pbuf/build/trcEvent.o,
by_pc,2147488720,2,2,4,6,2,0,0,0,0,xTraceEventCreate2,/Users/swchen.tw/git/percepio/poc/runs/tcp-workload-matrix-v1/A04-pbuf/build/trcEvent.o,
by_pc,2147488724,2,4,8,10,2,2,0,0,0,xTraceEventCreate2,/Users/swchen.tw/git/percepio/poc/runs/tcp-workload-matrix-v1/A04-pbuf/build/trcEvent.o,
by_pc,2147488728,2,42,84,86,2,2,16,0,22,xTraceEventCreate2,/Users/swchen.tw/git/percepio/poc/runs/tcp-workload-matrix-v1/A04-pbuf/build/trcEvent.o,
by_pc,2147488730,2,4,8,10,2,2,0,0,0,xTraceEventCreate2,/Users/swchen.tw/git/percepio/poc/runs/tcp-workload-matrix-v1/A04-pbuf/build/trcEvent.o,
by_pc,2147488732,2,2,4,6,2,0,0,0,0,xTraceEventCreate2,/Users/swchen.tw/git/percepio/poc/runs/tcp-workload-matrix-v1/A04-pbuf/build/trcEvent.o,
by_pc,2147488742,2,4,8,10,2,2,0,0,0,xTraceEventCreate2,/Users/swchen.tw/git/percepio/poc/runs/tcp-workload-matrix-v1/A04-pbuf/build/trcEvent.o,
by_pc,2147488744,2,2,4,6,2,0,0,0,0,xTraceEventCreate2,/Users/swchen.tw/git/percepio/poc/runs/tcp-workload-matrix-v1/A04-pbuf/build/trcEvent.o,
by_pc,2147488746,2,2,4,6,2,0,0,0,0,xTraceEventCreate2,/Users/swchen.tw/git/percepio/poc/runs/tcp-workload-matrix-v1/A04-pbuf/build/trcEvent.o,
by_pc,2147488748,2,42,84,86,2,2,16,0,22,xTraceEventCreate2,/Users/swchen.tw/git/percepio/poc/runs/tcp-workload-matrix-v1/A04-pbuf/build/trcEvent.o,
by_pc,2147488750,2,2,4,6,2,0,0,0,0,xTraceEventCreate2,/Users/swchen.tw/git/percepio/poc/runs/tcp-workload-matrix-v1/A04-pbuf/build/trcEvent.o,
by_pc,2147488752,2,42,84,86,2,2,16,0,22,xTraceEventCreate2,/Users/swchen.tw/git/percepio/poc/runs/tcp-workload-matrix-v1/A04-pbuf/build/trcEvent.o,
by_pc,2147488756,2,42,84,86,2,2,16,0,22,xTraceEventCreate2,/Users/swchen.tw/git/percepio/poc/runs/tcp-workload-matrix-v1/A04-pbuf/build/trcEvent.o,
by_pc,2147488758,2,2,4,6,2,0,0,0,0,xTraceEventCreate2,/Users/swchen.tw/git/percepio/poc/runs/tcp-workload-matrix-v1/A04-pbuf/build/trcEvent.o,
by_pc,2147488760,2,2,4,6,2,0,0,0,0,xTraceEventCreate2,/Users/swchen.tw/git/percepio/poc/runs/tcp-workload-matrix-v1/A04-pbuf/build/trcEvent.o,
by_pc,2147488764,2,2,4,6,2,0,0,0,0,xTraceEventCreate2,/Users/swchen.tw/git/percepio/poc/runs/tcp-workload-matrix-v1/A04-pbuf/build/trcEvent.o,
by_pc,2147488766,2,2,4,6,2,0,0,0,0,xTraceEventCreate2,/Users/swchen.tw/git/percepio/poc/runs/tcp-workload-matrix-v1/A04-pbuf/build/trcEvent.o,
by_pc,2147488768,2,28,56,58,2,0,8,18,0,xTraceEventCreate2,/Users/swchen.tw/git/percepio/poc/runs/tcp-workload-matrix-v1/A04-pbuf/build/trcEvent.o,
by_pc,2147488770,2,4,8,10,2,2,0,0,0,xTraceEventCreate2,/Users/swchen.tw/git/percepio/poc/runs/tcp-workload-matrix-v1/A04-pbuf/build/trcEvent.o,
by_pc,2147488772,2,4,8,10,2,2,0,0,0,xTraceEventCreate2,/Users/swchen.tw/git/percepio/poc/runs/tcp-workload-matrix-v1/A04-pbuf/build/trcEvent.o,
by_pc,2147488774,2,4,8,10,2,2,0,0,0,xTraceEventCreate2,/Users/swchen.tw/git/percepio/poc/runs/tcp-workload-matrix-v1/A04-pbuf/build/trcEvent.o,
by_pc,2147488776,2,4,8,10,2,2,0,0,0,xTraceEventCreate2,/Users/swchen.tw/git/percepio/poc/runs/tcp-workload-matrix-v1/A04-pbuf/build/trcEvent.o,
by_pc,2147488778,2,4,8,10,2,2,0,0,0,xTraceEventCreate2,/Users/swchen.tw/git/percepio/poc/runs/tcp-workload-matrix-v1/A04-pbuf/build/trcEvent.o,
by_pc,2147488780,2,2,4,6,2,0,0,0,0,xTraceEventCreate2,/Users/swchen.tw/git/percepio/poc/runs/tcp-workload-matrix-v1/A04-pbuf/build/trcEvent.o,
by_pc,2147488782,2,2,4,6,2,0,0,0,0,xTraceEventCreate2,/Users/swchen.tw/git/percepio/poc/runs/tcp-workload-matrix-v1/A04-pbuf/build/trcEvent.o,
by_pc,2147488784,2,2,4,6,2,0,0,0,0,xTraceEventCreate2,/Users/swchen.tw/git/percepio/poc/runs/tcp-workload-matrix-v1/A04-pbuf/build/trcEvent.o,
by_pc,2147493184,2,30,60,62,2,2,8,18,0,xTraceTaskSwitch,/Users/swchen.tw/git/percepio/poc/runs/tcp-workload-matrix-v1/A04-pbuf/build/trcTask.o,
by_pc,2147493186,2,2,4,6,2,0,0,0,0,xTraceTaskSwitch,/Users/swchen.tw/git/percepio/poc/runs/tcp-workload-matrix-v1/A04-pbuf/build/trcTask.o,
by_pc,2147493188,2,42,84,86,2,2,16,0,22,xTraceTaskSwitch,/Users/swchen.tw/git/percepio/poc/runs/tcp-workload-matrix-v1/A04-pbuf/build/trcTask.o,
by_pc,2147493190,2,2,4,6,2,0,0,0,0,xTraceTaskSwitch,/Users/swchen.tw/git/percepio/poc/runs/tcp-workload-matrix-v1/A04-pbuf/build/trcTask.o,
by_pc,2147493198,2,2,4,6,2,0,0,0,0,xTraceTaskSwitch,/Users/swchen.tw/git/percepio/poc/runs/tcp-workload-matrix-v1/A04-pbuf/build/trcTask.o,
by_pc,2147493202,2,2,4,6,2,0,0,0,0,xTraceTaskSwitch,/Users/swchen.tw/git/percepio/poc/runs/tcp-workload-matrix-v1/A04-pbuf/build/trcTask.o,
by_pc,2147493148,2,4,8,10,2,2,0,0,0,xTraceTaskSwitch,/Users/swchen.tw/git/percepio/poc/runs/tcp-workload-matrix-v1/A04-pbuf/build/trcTask.o,
by_pc,2147493150,2,4,8,10,2,2,0,0,0,xTraceTaskSwitch,/Users/swchen.tw/git/percepio/poc/runs/tcp-workload-matrix-v1/A04-pbuf/build/trcTask.o,
by_pc,2147493152,2,4,8,10,2,2,0,0,0,xTraceTaskSwitch,/Users/swchen.tw/git/percepio/poc/runs/tcp-workload-matrix-v1/A04-pbuf/build/trcTask.o,
by_pc,2147493154,2,2,4,6,2,0,0,0,0,xTraceTaskSwitch,/Users/swchen.tw/git/percepio/poc/runs/tcp-workload-matrix-v1/A04-pbuf/build/trcTask.o,
by_pc,2147493156,2,2,4,6,2,0,0,0,0,xTraceTaskSwitch,/Users/swchen.tw/git/percepio/poc/runs/tcp-workload-matrix-v1/A04-pbuf/build/trcTask.o,
by_pc,2147486042,2,4,8,10,2,2,0,0,0,vTaskSwitchContext,/Users/swchen.tw/git/percepio/poc/runs/tcp-workload-matrix-v1/A04-pbuf/build/tasks.o,
by_pc,2147486044,2,4,8,10,2,2,0,0,0,vTaskSwitchContext,/Users/swchen.tw/git/percepio/poc/runs/tcp-workload-matrix-v1/A04-pbuf/build/tasks.o,
by_pc,2147486046,2,4,8,10,2,2,0,0,0,vTaskSwitchContext,/Users/swchen.tw/git/percepio/poc/runs/tcp-workload-matrix-v1/A04-pbuf/build/tasks.o,
by_pc,2147486048,2,4,8,10,2,2,0,0,0,vTaskSwitchContext,/Users/swchen.tw/git/percepio/poc/runs/tcp-workload-matrix-v1/A04-pbuf/build/tasks.o,
by_pc,2147486050,2,4,8,10,2,2,0,0,0,vTaskSwitchContext,/Users/swchen.tw/git/percepio/poc/runs/tcp-workload-matrix-v1/A04-pbuf/build/tasks.o,
by_pc,2147486052,2,2,4,6,2,0,0,0,0,vTaskSwitchContext,/Users/swchen.tw/git/percepio/poc/runs/tcp-workload-matrix-v1/A04-pbuf/build/tasks.o,
by_pc,2147486054,2,2,4,6,2,0,0,0,0,vTaskSwitchContext,/Users/swchen.tw/git/percepio/poc/runs/tcp-workload-matrix-v1/A04-pbuf/build/tasks.o,
by_pc,2147519410,1,1,2,3,1,0,0,0,0,unresolved@/Users/swchen.tw/git/percepio/poc/runs/tcp-workload-matrix-v1/A04-pbuf/build/portASM.o:2147519232,/Users/swchen.tw/git/percepio/poc/runs/tcp-workload-matrix-v1/A04-pbuf/build/portASM.o,
by_pc,2147485864,1,2,4,5,1,1,0,0,0,vTaskDelay,/Users/swchen.tw/git/percepio/poc/runs/tcp-workload-matrix-v1/A04-pbuf/build/tasks.o,
by_pc,2147485866,1,2,4,5,1,1,0,0,0,vTaskDelay,/Users/swchen.tw/git/percepio/poc/runs/tcp-workload-matrix-v1/A04-pbuf/build/tasks.o,
by_pc,2147485868,1,1,2,3,1,0,0,0,0,vTaskDelay,/Users/swchen.tw/git/percepio/poc/runs/tcp-workload-matrix-v1/A04-pbuf/build/tasks.o,
by_pc,2147485870,1,1,2,3,1,0,0,0,0,vTaskDelay,/Users/swchen.tw/git/percepio/poc/runs/tcp-workload-matrix-v1/A04-pbuf/build/tasks.o,
by_pc,2147495688,1,9,18,19,1,0,8,0,0,timing_observer,/Users/swchen.tw/git/percepio/poc/runs/tcp-workload-matrix-v1/A04-pbuf/build/tcp_request_response_irq.o,
by_pc,2147484998,1,2,4,5,1,1,0,0,0,xTaskGetTickCount,/Users/swchen.tw/git/percepio/poc/runs/tcp-workload-matrix-v1/A04-pbuf/build/tasks.o,
by_pc,2147485002,1,1,2,3,1,0,0,0,0,xTaskGetTickCount,/Users/swchen.tw/git/percepio/poc/runs/tcp-workload-matrix-v1/A04-pbuf/build/tasks.o,
by_pc,2147495692,1,21,42,43,1,1,8,0,11,timing_observer,/Users/swchen.tw/git/percepio/poc/runs/tcp-workload-matrix-v1/A04-pbuf/build/tcp_request_response_irq.o,
by_pc,2147495696,1,1,2,3,1,0,0,0,0,timing_observer,/Users/swchen.tw/git/percepio/poc/runs/tcp-workload-matrix-v1/A04-pbuf/build/tcp_request_response_irq.o,
by_pc,2147495700,1,21,42,43,1,1,8,0,11,timing_observer,/Users/swchen.tw/git/percepio/poc/runs/tcp-workload-matrix-v1/A04-pbuf/build/tcp_request_response_irq.o,
by_pc,2147495704,1,1,2,3,1,0,0,0,0,timing_observer,/Users/swchen.tw/git/percepio/poc/runs/tcp-workload-matrix-v1/A04-pbuf/build/tcp_request_response_irq.o,
by_pc,2147495706,1,21,42,43,1,1,8,0,11,timing_observer,/Users/swchen.tw/git/percepio/poc/runs/tcp-workload-matrix-v1/A04-pbuf/build/tcp_request_response_irq.o,
by_pc,2147495710,1,2,4,5,1,1,0,0,0,timing_observer,/Users/swchen.tw/git/percepio/poc/runs/tcp-workload-matrix-v1/A04-pbuf/build/tcp_request_response_irq.o,
by_pc,2147495714,1,1,2,3,1,0,0,0,0,timing_observer,/Users/swchen.tw/git/percepio/poc/runs/tcp-workload-matrix-v1/A04-pbuf/build/tcp_request_response_irq.o,
by_pc,2147495718,1,1,2,3,1,0,0,0,0,timing_observer,/Users/swchen.tw/git/percepio/poc/runs/tcp-workload-matrix-v1/A04-pbuf/build/tcp_request_response_irq.o,
by_pc,2147495722,1,1,2,3,1,0,0,0,0,timing_observer,/Users/swchen.tw/git/percepio/poc/runs/tcp-workload-matrix-v1/A04-pbuf/build/tcp_request_response_irq.o,
by_pc,2147493908,1,27,54,55,1,0,8,18,0,poc_mark,/Users/swchen.tw/git/percepio/poc/runs/tcp-workload-matrix-v1/A04-pbuf/build/main.o,
by_pc,2147493910,1,21,42,43,1,1,8,0,11,poc_mark,/Users/swchen.tw/git/percepio/poc/runs/tcp-workload-matrix-v1/A04-pbuf/build/main.o,
by_pc,2147493912,1,21,42,43,1,1,8,0,11,poc_mark,/Users/swchen.tw/git/percepio/poc/runs/tcp-workload-matrix-v1/A04-pbuf/build/main.o,
by_pc,2147493914,1,21,42,43,1,1,8,0,11,poc_mark,/Users/swchen.tw/git/percepio/poc/runs/tcp-workload-matrix-v1/A04-pbuf/build/main.o,
by_pc,2147493916,1,1,2,3,1,0,0,0,0,poc_mark,/Users/swchen.tw/git/percepio/poc/runs/tcp-workload-matrix-v1/A04-pbuf/build/main.o,
by_pc,2147493918,1,1,2,3,1,0,0,0,0,poc_mark,/Users/swchen.tw/git/percepio/poc/runs/tcp-workload-matrix-v1/A04-pbuf/build/main.o,
by_pc,2147494034,1,27,54,55,1,0,8,18,0,poc_oracle_record,/Users/swchen.tw/git/percepio/poc/runs/tcp-workload-matrix-v1/A04-pbuf/build/oracle.o,
by_pc,2147494036,1,21,42,43,1,1,8,0,11,poc_oracle_record,/Users/swchen.tw/git/percepio/poc/runs/tcp-workload-matrix-v1/A04-pbuf/build/oracle.o,
by_pc,2147494038,1,21,42,43,1,1,8,0,11,poc_oracle_record,/Users/swchen.tw/git/percepio/poc/runs/tcp-workload-matrix-v1/A04-pbuf/build/oracle.o,
by_pc,2147494040,1,21,42,43,1,1,8,0,11,poc_oracle_record,/Users/swchen.tw/git/percepio/poc/runs/tcp-workload-matrix-v1/A04-pbuf/build/oracle.o,
by_pc,2147494042,1,21,42,43,1,1,8,0,11,poc_oracle_record,/Users/swchen.tw/git/percepio/poc/runs/tcp-workload-matrix-v1/A04-pbuf/build/oracle.o,
by_pc,2147494044,1,21,42,43,1,1,8,0,11,poc_oracle_record,/Users/swchen.tw/git/percepio/poc/runs/tcp-workload-matrix-v1/A04-pbuf/build/oracle.o,
by_pc,2147494046,1,1,2,3,1,0,0,0,0,poc_oracle_record,/Users/swchen.tw/git/percepio/poc/runs/tcp-workload-matrix-v1/A04-pbuf/build/oracle.o,
by_pc,2147494050,1,2,4,5,1,1,0,0,0,poc_oracle_record,/Users/swchen.tw/git/percepio/poc/runs/tcp-workload-matrix-v1/A04-pbuf/build/oracle.o,
by_pc,2147494052,1,1,2,3,1,0,0,0,0,poc_oracle_record,/Users/swchen.tw/git/percepio/poc/runs/tcp-workload-matrix-v1/A04-pbuf/build/oracle.o,
by_pc,2147494056,1,1,2,3,1,0,0,0,0,poc_oracle_record,/Users/swchen.tw/git/percepio/poc/runs/tcp-workload-matrix-v1/A04-pbuf/build/oracle.o,
by_pc,2147494058,1,1,2,3,1,0,0,0,0,poc_oracle_record,/Users/swchen.tw/git/percepio/poc/runs/tcp-workload-matrix-v1/A04-pbuf/build/oracle.o,
by_pc,2147494060,1,1,2,3,1,0,0,0,0,poc_oracle_record,/Users/swchen.tw/git/percepio/poc/runs/tcp-workload-matrix-v1/A04-pbuf/build/oracle.o,
by_pc,2147494078,1,2,4,5,1,1,0,0,0,poc_oracle_record,/Users/swchen.tw/git/percepio/poc/runs/tcp-workload-matrix-v1/A04-pbuf/build/oracle.o,
by_pc,2147494080,1,27,54,55,1,0,8,18,0,poc_oracle_record,/Users/swchen.tw/git/percepio/poc/runs/tcp-workload-matrix-v1/A04-pbuf/build/oracle.o,
by_pc,2147494084,1,21,42,43,1,1,8,0,11,poc_oracle_record,/Users/swchen.tw/git/percepio/poc/runs/tcp-workload-matrix-v1/A04-pbuf/build/oracle.o,
by_pc,2147494086,1,1,2,3,1,0,0,0,0,poc_oracle_record,/Users/swchen.tw/git/percepio/poc/runs/tcp-workload-matrix-v1/A04-pbuf/build/oracle.o,
by_pc,2147494090,1,1,2,3,1,0,0,0,0,poc_oracle_record,/Users/swchen.tw/git/percepio/poc/runs/tcp-workload-matrix-v1/A04-pbuf/build/oracle.o,
by_pc,2147494092,1,1,2,3,1,0,0,0,0,poc_oracle_record,/Users/swchen.tw/git/percepio/poc/runs/tcp-workload-matrix-v1/A04-pbuf/build/oracle.o,
by_pc,2147494096,1,1,2,3,1,0,0,0,0,poc_oracle_record,/Users/swchen.tw/git/percepio/poc/runs/tcp-workload-matrix-v1/A04-pbuf/build/oracle.o,
by_pc,2147494100,1,1,2,3,1,0,0,0,0,poc_oracle_record,/Users/swchen.tw/git/percepio/poc/runs/tcp-workload-matrix-v1/A04-pbuf/build/oracle.o,
by_pc,2147494104,1,1,2,3,1,0,0,0,0,poc_oracle_record,/Users/swchen.tw/git/percepio/poc/runs/tcp-workload-matrix-v1/A04-pbuf/build/oracle.o,
by_pc,2147494106,1,39,78,79,1,1,8,18,11,poc_oracle_record,/Users/swchen.tw/git/percepio/poc/runs/tcp-workload-matrix-v1/A04-pbuf/build/oracle.o,
by_pc,2147494110,1,21,42,43,1,1,8,0,11,poc_oracle_record,/Users/swchen.tw/git/percepio/poc/runs/tcp-workload-matrix-v1/A04-pbuf/build/oracle.o,
by_pc,2147494114,1,21,42,43,1,1,8,0,11,poc_oracle_record,/Users/swchen.tw/git/percepio/poc/runs/tcp-workload-matrix-v1/A04-pbuf/build/oracle.o,
by_pc,2147494116,1,2,4,5,1,1,0,0,0,poc_oracle_record,/Users/swchen.tw/git/percepio/poc/runs/tcp-workload-matrix-v1/A04-pbuf/build/oracle.o,
by_pc,2147494118,1,2,4,5,1,1,0,0,0,poc_oracle_record,/Users/swchen.tw/git/percepio/poc/runs/tcp-workload-matrix-v1/A04-pbuf/build/oracle.o,
by_pc,2147494120,1,2,4,5,1,1,0,0,0,poc_oracle_record,/Users/swchen.tw/git/percepio/poc/runs/tcp-workload-matrix-v1/A04-pbuf/build/oracle.o,
by_pc,2147494122,1,2,4,5,1,1,0,0,0,poc_oracle_record,/Users/swchen.tw/git/percepio/poc/runs/tcp-workload-matrix-v1/A04-pbuf/build/oracle.o,
by_pc,2147494124,1,2,4,5,1,1,0,0,0,poc_oracle_record,/Users/swchen.tw/git/percepio/poc/runs/tcp-workload-matrix-v1/A04-pbuf/build/oracle.o,
by_pc,2147494126,1,1,2,3,1,0,0,0,0,poc_oracle_record,/Users/swchen.tw/git/percepio/poc/runs/tcp-workload-matrix-v1/A04-pbuf/build/oracle.o,
by_pc,2147494128,1,1,2,3,1,0,0,0,0,poc_oracle_record,/Users/swchen.tw/git/percepio/poc/runs/tcp-workload-matrix-v1/A04-pbuf/build/oracle.o,
by_pc,2147493920,1,2,4,5,1,1,0,0,0,poc_mark,/Users/swchen.tw/git/percepio/poc/runs/tcp-workload-matrix-v1/A04-pbuf/build/main.o,
by_pc,2147493922,1,1,2,3,1,0,0,0,0,poc_mark,/Users/swchen.tw/git/percepio/poc/runs/tcp-workload-matrix-v1/A04-pbuf/build/main.o,
by_pc,2147493926,1,1,2,3,1,0,0,0,0,poc_mark,/Users/swchen.tw/git/percepio/poc/runs/tcp-workload-matrix-v1/A04-pbuf/build/main.o,
by_pc,2147493930,1,1,2,3,1,0,0,0,0,poc_mark,/Users/swchen.tw/git/percepio/poc/runs/tcp-workload-matrix-v1/A04-pbuf/build/main.o,
by_pc,2147493934,1,1,2,3,1,0,0,0,0,poc_mark,/Users/swchen.tw/git/percepio/poc/runs/tcp-workload-matrix-v1/A04-pbuf/build/main.o,
by_pc,2147493938,1,1,2,3,1,0,0,0,0,poc_mark,/Users/swchen.tw/git/percepio/poc/runs/tcp-workload-matrix-v1/A04-pbuf/build/main.o,
by_pc,2147493942,1,1,2,3,1,0,0,0,0,poc_mark,/Users/swchen.tw/git/percepio/poc/runs/tcp-workload-matrix-v1/A04-pbuf/build/main.o,
by_pc,2147493944,1,1,2,3,1,0,0,0,0,poc_mark,/Users/swchen.tw/git/percepio/poc/runs/tcp-workload-matrix-v1/A04-pbuf/build/main.o,
by_pc,2147519808,1,27,54,55,1,0,8,18,0,sniprintf,/Users/swchen.tw/git/percepio/poc/.tools/xpack-riscv-none-elf-gcc-15.2.0-1/bin/../lib/gcc/riscv-none-elf/15.2.0/../../../../riscv-none-elf/lib/libg_nano.a(libc_a-snprintf.o),
by_pc,2147519810,1,21,42,43,1,1,8,0,11,sniprintf,/Users/swchen.tw/git/percepio/poc/.tools/xpack-riscv-none-elf-gcc-15.2.0-1/bin/../lib/gcc/riscv-none-elf/15.2.0/../../../../riscv-none-elf/lib/libg_nano.a(libc_a-snprintf.o),
by_pc,2147519812,1,21,42,43,1,1,8,0,11,sniprintf,/Users/swchen.tw/git/percepio/poc/.tools/xpack-riscv-none-elf-gcc-15.2.0-1/bin/../lib/gcc/riscv-none-elf/15.2.0/../../../../riscv-none-elf/lib/libg_nano.a(libc_a-snprintf.o),
by_pc,2147519814,1,21,42,43,1,1,8,0,11,sniprintf,/Users/swchen.tw/git/percepio/poc/.tools/xpack-riscv-none-elf-gcc-15.2.0-1/bin/../lib/gcc/riscv-none-elf/15.2.0/../../../../riscv-none-elf/lib/libg_nano.a(libc_a-snprintf.o),
by_pc,2147519816,1,21,42,43,1,1,8,0,11,sniprintf,/Users/swchen.tw/git/percepio/poc/.tools/xpack-riscv-none-elf-gcc-15.2.0-1/bin/../lib/gcc/riscv-none-elf/15.2.0/../../../../riscv-none-elf/lib/libg_nano.a(libc_a-snprintf.o),
by_pc,2147519818,1,21,42,43,1,1,8,0,11,sniprintf,/Users/swchen.tw/git/percepio/poc/.tools/xpack-riscv-none-elf-gcc-15.2.0-1/bin/../lib/gcc/riscv-none-elf/15.2.0/../../../../riscv-none-elf/lib/libg_nano.a(libc_a-snprintf.o),
by_pc,2147519820,1,21,42,43,1,1,8,0,11,sniprintf,/Users/swchen.tw/git/percepio/poc/.tools/xpack-riscv-none-elf-gcc-15.2.0-1/bin/../lib/gcc/riscv-none-elf/15.2.0/../../../../riscv-none-elf/lib/libg_nano.a(libc_a-snprintf.o),
by_pc,2147519822,1,21,42,43,1,1,8,0,11,sniprintf,/Users/swchen.tw/git/percepio/poc/.tools/xpack-riscv-none-elf-gcc-15.2.0-1/bin/../lib/gcc/riscv-none-elf/15.2.0/../../../../riscv-none-elf/lib/libg_nano.a(libc_a-snprintf.o),
by_pc,2147519824,1,21,42,43,1,1,8,0,11,sniprintf,/Users/swchen.tw/git/percepio/poc/.tools/xpack-riscv-none-elf-gcc-15.2.0-1/bin/../lib/gcc/riscv-none-elf/15.2.0/../../../../riscv-none-elf/lib/libg_nano.a(libc_a-snprintf.o),
by_pc,2147519826,1,2,4,5,1,1,0,0,0,sniprintf,/Users/swchen.tw/git/percepio/poc/.tools/xpack-riscv-none-elf-gcc-15.2.0-1/bin/../lib/gcc/riscv-none-elf/15.2.0/../../../../riscv-none-elf/lib/libg_nano.a(libc_a-snprintf.o),
by_pc,2147519830,1,1,2,3,1,0,0,0,0,sniprintf,/Users/swchen.tw/git/percepio/poc/.tools/xpack-riscv-none-elf-gcc-15.2.0-1/bin/../lib/gcc/riscv-none-elf/15.2.0/../../../../riscv-none-elf/lib/libg_nano.a(libc_a-snprintf.o),
by_pc,2147519852,1,1,2,3,1,0,0,0,0,sniprintf,/Users/swchen.tw/git/percepio/poc/.tools/xpack-riscv-none-elf-gcc-15.2.0-1/bin/../lib/gcc/riscv-none-elf/15.2.0/../../../../riscv-none-elf/lib/libg_nano.a(libc_a-snprintf.o),
by_pc,2147519856,1,1,2,3,1,0,0,0,0,sniprintf,/Users/swchen.tw/git/percepio/poc/.tools/xpack-riscv-none-elf-gcc-15.2.0-1/bin/../lib/gcc/riscv-none-elf/15.2.0/../../../../riscv-none-elf/lib/libg_nano.a(libc_a-snprintf.o),
by_pc,2147519860,1,39,78,79,1,1,8,18,11,sniprintf,/Users/swchen.tw/git/percepio/poc/.tools/xpack-riscv-none-elf-gcc-15.2.0-1/bin/../lib/gcc/riscv-none-elf/15.2.0/../../../../riscv-none-elf/lib/libg_nano.a(libc_a-snprintf.o),
by_pc,2147519862,1,21,42,43,1,1,8,0,11,sniprintf,/Users/swchen.tw/git/percepio/poc/.tools/xpack-riscv-none-elf-gcc-15.2.0-1/bin/../lib/gcc/riscv-none-elf/15.2.0/../../../../riscv-none-elf/lib/libg_nano.a(libc_a-snprintf.o),
by_pc,2147519864,1,1,2,3,1,0,0,0,0,sniprintf,/Users/swchen.tw/git/percepio/poc/.tools/xpack-riscv-none-elf-gcc-15.2.0-1/bin/../lib/gcc/riscv-none-elf/15.2.0/../../../../riscv-none-elf/lib/libg_nano.a(libc_a-snprintf.o),
by_pc,2147519866,1,1,2,3,1,0,0,0,0,sniprintf,/Users/swchen.tw/git/percepio/poc/.tools/xpack-riscv-none-elf-gcc-15.2.0-1/bin/../lib/gcc/riscv-none-elf/15.2.0/../../../../riscv-none-elf/lib/libg_nano.a(libc_a-snprintf.o),
by_pc,2147519870,1,21,42,43,1,1,8,0,11,sniprintf,/Users/swchen.tw/git/percepio/poc/.tools/xpack-riscv-none-elf-gcc-15.2.0-1/bin/../lib/gcc/riscv-none-elf/15.2.0/../../../../riscv-none-elf/lib/libg_nano.a(libc_a-snprintf.o),
by_pc,2147519872,1,47,94,95,1,1,16,18,11,sniprintf,/Users/swchen.tw/git/percepio/poc/.tools/xpack-riscv-none-elf-gcc-15.2.0-1/bin/../lib/gcc/riscv-none-elf/15.2.0/../../../../riscv-none-elf/lib/libg_nano.a(libc_a-snprintf.o),
by_pc,2147519874,1,1,2,3,1,0,0,0,0,sniprintf,/Users/swchen.tw/git/percepio/poc/.tools/xpack-riscv-none-elf-gcc-15.2.0-1/bin/../lib/gcc/riscv-none-elf/15.2.0/../../../../riscv-none-elf/lib/libg_nano.a(libc_a-snprintf.o),
by_pc,2147519876,1,1,2,3,1,0,0,0,0,sniprintf,/Users/swchen.tw/git/percepio/poc/.tools/xpack-riscv-none-elf-gcc-15.2.0-1/bin/../lib/gcc/riscv-none-elf/15.2.0/../../../../riscv-none-elf/lib/libg_nano.a(libc_a-snprintf.o),
by_pc,2147519878,1,1,2,3,1,0,0,0,0,sniprintf,/Users/swchen.tw/git/percepio/poc/.tools/xpack-riscv-none-elf-gcc-15.2.0-1/bin/../lib/gcc/riscv-none-elf/15.2.0/../../../../riscv-none-elf/lib/libg_nano.a(libc_a-snprintf.o),
by_pc,2147519880,1,1,2,3,1,0,0,0,0,sniprintf,/Users/swchen.tw/git/percepio/poc/.tools/xpack-riscv-none-elf-gcc-15.2.0-1/bin/../lib/gcc/riscv-none-elf/15.2.0/../../../../riscv-none-elf/lib/libg_nano.a(libc_a-snprintf.o),
by_pc,2147519882,1,21,42,43,1,1,8,0,11,sniprintf,/Users/swchen.tw/git/percepio/poc/.tools/xpack-riscv-none-elf-gcc-15.2.0-1/bin/../lib/gcc/riscv-none-elf/15.2.0/../../../../riscv-none-elf/lib/libg_nano.a(libc_a-snprintf.o),
by_pc,2147519884,1,39,78,79,1,1,8,18,11,sniprintf,/Users/swchen.tw/git/percepio/poc/.tools/xpack-riscv-none-elf-gcc-15.2.0-1/bin/../lib/gcc/riscv-none-elf/15.2.0/../../../../riscv-none-elf/lib/libg_nano.a(libc_a-snprintf.o),
by_pc,2147519886,1,21,42,43,1,1,8,0,11,sniprintf,/Users/swchen.tw/git/percepio/poc/.tools/xpack-riscv-none-elf-gcc-15.2.0-1/bin/../lib/gcc/riscv-none-elf/15.2.0/../../../../riscv-none-elf/lib/libg_nano.a(libc_a-snprintf.o),
by_pc,2147519888,1,1,2,3,1,0,0,0,0,sniprintf,/Users/swchen.tw/git/percepio/poc/.tools/xpack-riscv-none-elf-gcc-15.2.0-1/bin/../lib/gcc/riscv-none-elf/15.2.0/../../../../riscv-none-elf/lib/libg_nano.a(libc_a-snprintf.o),
by_pc,2147520418,1,28,56,57,1,1,8,18,0,_svfiprintf_r,/Users/swchen.tw/git/percepio/poc/.tools/xpack-riscv-none-elf-gcc-15.2.0-1/bin/../lib/gcc/riscv-none-elf/15.2.0/../../../../riscv-none-elf/lib/libg_nano.a(libc_a-nano-svfprintf.o),
by_pc,2147520422,1,1,2,3,1,0,0,0,0,_svfiprintf_r,/Users/swchen.tw/git/percepio/poc/.tools/xpack-riscv-none-elf-gcc-15.2.0-1/bin/../lib/gcc/riscv-none-elf/15.2.0/../../../../riscv-none-elf/lib/libg_nano.a(libc_a-nano-svfprintf.o),
by_pc,2147520424,1,21,42,43,1,1,8,0,11,_svfiprintf_r,/Users/swchen.tw/git/percepio/poc/.tools/xpack-riscv-none-elf-gcc-15.2.0-1/bin/../lib/gcc/riscv-none-elf/15.2.0/../../../../riscv-none-elf/lib/libg_nano.a(libc_a-nano-svfprintf.o),
by_pc,2147520426,1,39,78,79,1,1,8,18,11,_svfiprintf_r,/Users/swchen.tw/git/percepio/poc/.tools/xpack-riscv-none-elf-gcc-15.2.0-1/bin/../lib/gcc/riscv-none-elf/15.2.0/../../../../riscv-none-elf/lib/libg_nano.a(libc_a-nano-svfprintf.o),
by_pc,2147520428,1,21,42,43,1,1,8,0,11,_svfiprintf_r,/Users/swchen.tw/git/percepio/poc/.tools/xpack-riscv-none-elf-gcc-15.2.0-1/bin/../lib/gcc/riscv-none-elf/15.2.0/../../../../riscv-none-elf/lib/libg_nano.a(libc_a-nano-svfprintf.o),
by_pc,2147520430,1,21,42,43,1,1,8,0,11,_svfiprintf_r,/Users/swchen.tw/git/percepio/poc/.tools/xpack-riscv-none-elf-gcc-15.2.0-1/bin/../lib/gcc/riscv-none-elf/15.2.0/../../../../riscv-none-elf/lib/libg_nano.a(libc_a-nano-svfprintf.o),
by_pc,2147520432,1,21,42,43,1,1,8,0,11,_svfiprintf_r,/Users/swchen.tw/git/percepio/poc/.tools/xpack-riscv-none-elf-gcc-15.2.0-1/bin/../lib/gcc/riscv-none-elf/15.2.0/../../../../riscv-none-elf/lib/libg_nano.a(libc_a-nano-svfprintf.o),
by_pc,2147520434,1,21,42,43,1,1,8,0,11,_svfiprintf_r,/Users/swchen.tw/git/percepio/poc/.tools/xpack-riscv-none-elf-gcc-15.2.0-1/bin/../lib/gcc/riscv-none-elf/15.2.0/../../../../riscv-none-elf/lib/libg_nano.a(libc_a-nano-svfprintf.o),
by_pc,2147520436,1,21,42,43,1,1,8,0,11,_svfiprintf_r,/Users/swchen.tw/git/percepio/poc/.tools/xpack-riscv-none-elf-gcc-15.2.0-1/bin/../lib/gcc/riscv-none-elf/15.2.0/../../../../riscv-none-elf/lib/libg_nano.a(libc_a-nano-svfprintf.o),
by_pc,2147520438,1,21,42,43,1,1,8,0,11,_svfiprintf_r,/Users/swchen.tw/git/percepio/poc/.tools/xpack-riscv-none-elf-gcc-15.2.0-1/bin/../lib/gcc/riscv-none-elf/15.2.0/../../../../riscv-none-elf/lib/libg_nano.a(libc_a-nano-svfprintf.o),
by_pc,2147520440,1,21,42,43,1,1,8,0,11,_svfiprintf_r,/Users/swchen.tw/git/percepio/poc/.tools/xpack-riscv-none-elf-gcc-15.2.0-1/bin/../lib/gcc/riscv-none-elf/15.2.0/../../../../riscv-none-elf/lib/libg_nano.a(libc_a-nano-svfprintf.o),
by_pc,2147520442,1,21,42,43,1,1,8,0,11,_svfiprintf_r,/Users/swchen.tw/git/percepio/poc/.tools/xpack-riscv-none-elf-gcc-15.2.0-1/bin/../lib/gcc/riscv-none-elf/15.2.0/../../../../riscv-none-elf/lib/libg_nano.a(libc_a-nano-svfprintf.o),
by_pc,2147520444,1,1,2,3,1,0,0,0,0,_svfiprintf_r,/Users/swchen.tw/git/percepio/poc/.tools/xpack-riscv-none-elf-gcc-15.2.0-1/bin/../lib/gcc/riscv-none-elf/15.2.0/../../../../riscv-none-elf/lib/libg_nano.a(libc_a-nano-svfprintf.o),
by_pc,2147520448,1,27,54,55,1,0,8,18,0,_svfiprintf_r,/Users/swchen.tw/git/percepio/poc/.tools/xpack-riscv-none-elf-gcc-15.2.0-1/bin/../lib/gcc/riscv-none-elf/15.2.0/../../../../riscv-none-elf/lib/libg_nano.a(libc_a-nano-svfprintf.o),
by_pc,2147520450,1,1,2,3,1,0,0,0,0,_svfiprintf_r,/Users/swchen.tw/git/percepio/poc/.tools/xpack-riscv-none-elf-gcc-15.2.0-1/bin/../lib/gcc/riscv-none-elf/15.2.0/../../../../riscv-none-elf/lib/libg_nano.a(libc_a-nano-svfprintf.o),
by_pc,2147520452,1,1,2,3,1,0,0,0,0,_svfiprintf_r,/Users/swchen.tw/git/percepio/poc/.tools/xpack-riscv-none-elf-gcc-15.2.0-1/bin/../lib/gcc/riscv-none-elf/15.2.0/../../../../riscv-none-elf/lib/libg_nano.a(libc_a-nano-svfprintf.o),
by_pc,2147520516,1,27,54,55,1,0,8,18,0,_svfiprintf_r,/Users/swchen.tw/git/percepio/poc/.tools/xpack-riscv-none-elf-gcc-15.2.0-1/bin/../lib/gcc/riscv-none-elf/15.2.0/../../../../riscv-none-elf/lib/libg_nano.a(libc_a-nano-svfprintf.o),
by_pc,2147520520,1,39,78,79,1,1,8,18,11,_svfiprintf_r,/Users/swchen.tw/git/percepio/poc/.tools/xpack-riscv-none-elf-gcc-15.2.0-1/bin/../lib/gcc/riscv-none-elf/15.2.0/../../../../riscv-none-elf/lib/libg_nano.a(libc_a-nano-svfprintf.o),
by_pc,2147520524,1,1,2,3,1,0,0,0,0,_svfiprintf_r,/Users/swchen.tw/git/percepio/poc/.tools/xpack-riscv-none-elf-gcc-15.2.0-1/bin/../lib/gcc/riscv-none-elf/15.2.0/../../../../riscv-none-elf/lib/libg_nano.a(libc_a-nano-svfprintf.o),
by_pc,2147520528,1,21,42,43,1,1,8,0,11,_svfiprintf_r,/Users/swchen.tw/git/percepio/poc/.tools/xpack-riscv-none-elf-gcc-15.2.0-1/bin/../lib/gcc/riscv-none-elf/15.2.0/../../../../riscv-none-elf/lib/libg_nano.a(libc_a-nano-svfprintf.o),
by_pc,2147520530,1,21,42,43,1,1,8,0,11,_svfiprintf_r,/Users/swchen.tw/git/percepio/poc/.tools/xpack-riscv-none-elf-gcc-15.2.0-1/bin/../lib/gcc/riscv-none-elf/15.2.0/../../../../riscv-none-elf/lib/libg_nano.a(libc_a-nano-svfprintf.o),
by_pc,2147520534,1,39,78,79,1,1,8,18,11,_svfiprintf_r,/Users/swchen.tw/git/percepio/poc/.tools/xpack-riscv-none-elf-gcc-15.2.0-1/bin/../lib/gcc/riscv-none-elf/15.2.0/../../../../riscv-none-elf/lib/libg_nano.a(libc_a-nano-svfprintf.o),
by_pc,2147520536,1,1,2,3,1,0,0,0,0,_svfiprintf_r,/Users/swchen.tw/git/percepio/poc/.tools/xpack-riscv-none-elf-gcc-15.2.0-1/bin/../lib/gcc/riscv-none-elf/15.2.0/../../../../riscv-none-elf/lib/libg_nano.a(libc_a-nano-svfprintf.o),
by_pc,2147520538,1,1,2,3,1,0,0,0,0,_svfiprintf_r,/Users/swchen.tw/git/percepio/poc/.tools/xpack-riscv-none-elf-gcc-15.2.0-1/bin/../lib/gcc/riscv-none-elf/15.2.0/../../../../riscv-none-elf/lib/libg_nano.a(libc_a-nano-svfprintf.o),
by_pc,2147520542,1,1,2,3,1,0,0,0,0,_svfiprintf_r,/Users/swchen.tw/git/percepio/poc/.tools/xpack-riscv-none-elf-gcc-15.2.0-1/bin/../lib/gcc/riscv-none-elf/15.2.0/../../../../riscv-none-elf/lib/libg_nano.a(libc_a-nano-svfprintf.o),
by_pc,2147520546,1,1,2,3,1,0,0,0,0,_svfiprintf_r,/Users/swchen.tw/git/percepio/poc/.tools/xpack-riscv-none-elf-gcc-15.2.0-1/bin/../lib/gcc/riscv-none-elf/15.2.0/../../../../riscv-none-elf/lib/libg_nano.a(libc_a-nano-svfprintf.o),
by_pc,2147520548,1,1,2,3,1,0,0,0,0,_svfiprintf_r,/Users/swchen.tw/git/percepio/poc/.tools/xpack-riscv-none-elf-gcc-15.2.0-1/bin/../lib/gcc/riscv-none-elf/15.2.0/../../../../riscv-none-elf/lib/libg_nano.a(libc_a-nano-svfprintf.o),
by_pc,2147520550,4,4,8,12,4,0,0,0,0,_svfiprintf_r,/Users/swchen.tw/git/percepio/poc/.tools/xpack-riscv-none-elf-gcc-15.2.0-1/bin/../lib/gcc/riscv-none-elf/15.2.0/../../../../riscv-none-elf/lib/libg_nano.a(libc_a-nano-svfprintf.o),
by_pc,2147520552,11,48,96,107,11,11,8,18,0,_svfiprintf_r,/Users/swchen.tw/git/percepio/poc/.tools/xpack-riscv-none-elf-gcc-15.2.0-1/bin/../lib/gcc/riscv-none-elf/15.2.0/../../../../riscv-none-elf/lib/libg_nano.a(libc_a-nano-svfprintf.o),
by_pc,2147520556,11,11,22,33,11,0,0,0,0,_svfiprintf_r,/Users/swchen.tw/git/percepio/poc/.tools/xpack-riscv-none-elf-gcc-15.2.0-1/bin/../lib/gcc/riscv-none-elf/15.2.0/../../../../riscv-none-elf/lib/libg_nano.a(libc_a-nano-svfprintf.o),
by_pc,2147520560,11,11,22,33,11,0,0,0,0,_svfiprintf_r,/Users/swchen.tw/git/percepio/poc/.tools/xpack-riscv-none-elf-gcc-15.2.0-1/bin/../lib/gcc/riscv-none-elf/15.2.0/../../../../riscv-none-elf/lib/libg_nano.a(libc_a-nano-svfprintf.o),
by_pc,2147520564,11,11,22,33,11,0,0,0,0,_svfiprintf_r,/Users/swchen.tw/git/percepio/poc/.tools/xpack-riscv-none-elf-gcc-15.2.0-1/bin/../lib/gcc/riscv-none-elf/15.2.0/../../../../riscv-none-elf/lib/libg_nano.a(libc_a-nano-svfprintf.o),
by_pc,2147520568,11,11,22,33,11,0,0,0,0,_svfiprintf_r,/Users/swchen.tw/git/percepio/poc/.tools/xpack-riscv-none-elf-gcc-15.2.0-1/bin/../lib/gcc/riscv-none-elf/15.2.0/../../../../riscv-none-elf/lib/libg_nano.a(libc_a-nano-svfprintf.o),
by_pc,2147520572,11,11,22,33,11,0,0,0,0,_svfiprintf_r,/Users/swchen.tw/git/percepio/poc/.tools/xpack-riscv-none-elf-gcc-15.2.0-1/bin/../lib/gcc/riscv-none-elf/15.2.0/../../../../riscv-none-elf/lib/libg_nano.a(libc_a-nano-svfprintf.o),
by_pc,2147520720,7,33,66,73,7,0,8,18,0,_svfiprintf_r,/Users/swchen.tw/git/percepio/poc/.tools/xpack-riscv-none-elf-gcc-15.2.0-1/bin/../lib/gcc/riscv-none-elf/15.2.0/../../../../riscv-none-elf/lib/libg_nano.a(libc_a-nano-svfprintf.o),
by_pc,2147520722,7,7,14,21,7,0,0,0,0,_svfiprintf_r,/Users/swchen.tw/git/percepio/poc/.tools/xpack-riscv-none-elf-gcc-15.2.0-1/bin/../lib/gcc/riscv-none-elf/15.2.0/../../../../riscv-none-elf/lib/libg_nano.a(libc_a-nano-svfprintf.o),
by_pc,2147520576,4,30,60,64,4,0,8,18,0,_svfiprintf_r,/Users/swchen.tw/git/percepio/poc/.tools/xpack-riscv-none-elf-gcc-15.2.0-1/bin/../lib/gcc/riscv-none-elf/15.2.0/../../../../riscv-none-elf/lib/libg_nano.a(libc_a-nano-svfprintf.o),
by_pc,2147520580,4,4,8,12,4,0,0,0,0,_svfiprintf_r,/Users/swchen.tw/git/percepio/poc/.tools/xpack-riscv-none-elf-gcc-15.2.0-1/bin/../lib/gcc/riscv-none-elf/15.2.0/../../../../riscv-none-elf/lib/libg_nano.a(libc_a-nano-svfprintf.o),
by_pc,2147520584,4,4,8,12,4,0,0,0,0,_svfiprintf_r,/Users/swchen.tw/git/percepio/poc/.tools/xpack-riscv-none-elf-gcc-15.2.0-1/bin/../lib/gcc/riscv-none-elf/15.2.0/../../../../riscv-none-elf/lib/libg_nano.a(libc_a-nano-svfprintf.o),
by_pc,2147520586,4,4,8,12,4,0,0,0,0,_svfiprintf_r,/Users/swchen.tw/git/percepio/poc/.tools/xpack-riscv-none-elf-gcc-15.2.0-1/bin/../lib/gcc/riscv-none-elf/15.2.0/../../../../riscv-none-elf/lib/libg_nano.a(libc_a-nano-svfprintf.o),
by_pc,2147520588,4,84,168,172,4,4,32,0,44,_svfiprintf_r,/Users/swchen.tw/git/percepio/poc/.tools/xpack-riscv-none-elf-gcc-15.2.0-1/bin/../lib/gcc/riscv-none-elf/15.2.0/../../../../riscv-none-elf/lib/libg_nano.a(libc_a-nano-svfprintf.o),
by_pc,2147520590,4,4,8,12,4,0,0,0,0,_svfiprintf_r,/Users/swchen.tw/git/percepio/poc/.tools/xpack-riscv-none-elf-gcc-15.2.0-1/bin/../lib/gcc/riscv-none-elf/15.2.0/../../../../riscv-none-elf/lib/libg_nano.a(libc_a-nano-svfprintf.o),
by_pc,2147520178,10,10,20,30,10,0,0,0,0,__ssputs_r,/Users/swchen.tw/git/percepio/poc/.tools/xpack-riscv-none-elf-gcc-15.2.0-1/bin/../lib/gcc/riscv-none-elf/15.2.0/../../../../riscv-none-elf/lib/libg_nano.a(libc_a-nano-svfprintf.o),
by_pc,2147520180,10,210,420,430,10,10,80,0,110,__ssputs_r,/Users/swchen.tw/git/percepio/poc/.tools/xpack-riscv-none-elf-gcc-15.2.0-1/bin/../lib/gcc/riscv-none-elf/15.2.0/../../../../riscv-none-elf/lib/libg_nano.a(libc_a-nano-svfprintf.o),
by_pc,2147520182,10,20,40,50,10,10,0,0,0,__ssputs_r,/Users/swchen.tw/git/percepio/poc/.tools/xpack-riscv-none-elf-gcc-15.2.0-1/bin/../lib/gcc/riscv-none-elf/15.2.0/../../../../riscv-none-elf/lib/libg_nano.a(libc_a-nano-svfprintf.o),
by_pc,2147520186,10,210,420,430,10,10,80,0,110,__ssputs_r,/Users/swchen.tw/git/percepio/poc/.tools/xpack-riscv-none-elf-gcc-15.2.0-1/bin/../lib/gcc/riscv-none-elf/15.2.0/../../../../riscv-none-elf/lib/libg_nano.a(libc_a-nano-svfprintf.o),
by_pc,2147520188,10,210,420,430,10,10,80,0,110,__ssputs_r,/Users/swchen.tw/git/percepio/poc/.tools/xpack-riscv-none-elf-gcc-15.2.0-1/bin/../lib/gcc/riscv-none-elf/15.2.0/../../../../riscv-none-elf/lib/libg_nano.a(libc_a-nano-svfprintf.o),
by_pc,2147520190,10,210,420,430,10,10,80,0,110,__ssputs_r,/Users/swchen.tw/git/percepio/poc/.tools/xpack-riscv-none-elf-gcc-15.2.0-1/bin/../lib/gcc/riscv-none-elf/15.2.0/../../../../riscv-none-elf/lib/libg_nano.a(libc_a-nano-svfprintf.o),
by_pc,2147520192,10,236,472,482,10,10,88,18,110,__ssputs_r,/Users/swchen.tw/git/percepio/poc/.tools/xpack-riscv-none-elf-gcc-15.2.0-1/bin/../lib/gcc/riscv-none-elf/15.2.0/../../../../riscv-none-elf/lib/libg_nano.a(libc_a-nano-svfprintf.o),
by_pc,2147520194,10,210,420,430,10,10,80,0,110,__ssputs_r,/Users/swchen.tw/git/percepio/poc/.tools/xpack-riscv-none-elf-gcc-15.2.0-1/bin/../lib/gcc/riscv-none-elf/15.2.0/../../../../riscv-none-elf/lib/libg_nano.a(libc_a-nano-svfprintf.o),
by_pc,2147520196,10,210,420,430,10,10,80,0,110,__ssputs_r,/Users/swchen.tw/git/percepio/poc/.tools/xpack-riscv-none-elf-gcc-15.2.0-1/bin/../lib/gcc/riscv-none-elf/15.2.0/../../../../riscv-none-elf/lib/libg_nano.a(libc_a-nano-svfprintf.o),
by_pc,2147520198,10,210,420,430,10,10,80,0,110,__ssputs_r,/Users/swchen.tw/git/percepio/poc/.tools/xpack-riscv-none-elf-gcc-15.2.0-1/bin/../lib/gcc/riscv-none-elf/15.2.0/../../../../riscv-none-elf/lib/libg_nano.a(libc_a-nano-svfprintf.o),
by_pc,2147520200,10,10,20,30,10,0,0,0,0,__ssputs_r,/Users/swchen.tw/git/percepio/poc/.tools/xpack-riscv-none-elf-gcc-15.2.0-1/bin/../lib/gcc/riscv-none-elf/15.2.0/../../../../riscv-none-elf/lib/libg_nano.a(libc_a-nano-svfprintf.o),
by_pc,2147520202,10,10,20,30,10,0,0,0,0,__ssputs_r,/Users/swchen.tw/git/percepio/poc/.tools/xpack-riscv-none-elf-gcc-15.2.0-1/bin/../lib/gcc/riscv-none-elf/15.2.0/../../../../riscv-none-elf/lib/libg_nano.a(libc_a-nano-svfprintf.o),
by_pc,2147520204,10,10,20,30,10,0,0,0,0,__ssputs_r,/Users/swchen.tw/git/percepio/poc/.tools/xpack-riscv-none-elf-gcc-15.2.0-1/bin/../lib/gcc/riscv-none-elf/15.2.0/../../../../riscv-none-elf/lib/libg_nano.a(libc_a-nano-svfprintf.o),
by_pc,2147520206,10,10,20,30,10,0,0,0,0,__ssputs_r,/Users/swchen.tw/git/percepio/poc/.tools/xpack-riscv-none-elf-gcc-15.2.0-1/bin/../lib/gcc/riscv-none-elf/15.2.0/../../../../riscv-none-elf/lib/libg_nano.a(libc_a-nano-svfprintf.o),
by_pc,2147520414,10,10,20,30,10,0,0,0,0,__ssputs_r,/Users/swchen.tw/git/percepio/poc/.tools/xpack-riscv-none-elf-gcc-15.2.0-1/bin/../lib/gcc/riscv-none-elf/15.2.0/../../../../riscv-none-elf/lib/libg_nano.a(libc_a-nano-svfprintf.o),
by_pc,2147520416,10,10,20,30,10,0,0,0,0,__ssputs_r,/Users/swchen.tw/git/percepio/poc/.tools/xpack-riscv-none-elf-gcc-15.2.0-1/bin/../lib/gcc/riscv-none-elf/15.2.0/../../../../riscv-none-elf/lib/libg_nano.a(libc_a-nano-svfprintf.o),
by_pc,2147520328,10,46,92,102,10,10,8,18,0,__ssputs_r,/Users/swchen.tw/git/percepio/poc/.tools/xpack-riscv-none-elf-gcc-15.2.0-1/bin/../lib/gcc/riscv-none-elf/15.2.0/../../../../riscv-none-elf/lib/libg_nano.a(libc_a-nano-svfprintf.o),
by_pc,2147520330,10,10,20,30,10,0,0,0,0,__ssputs_r,/Users/swchen.tw/git/percepio/poc/.tools/xpack-riscv-none-elf-gcc-15.2.0-1/bin/../lib/gcc/riscv-none-elf/15.2.0/../../../../riscv-none-elf/lib/libg_nano.a(libc_a-nano-svfprintf.o),
by_pc,2147520332,10,10,20,30,10,0,0,0,0,__ssputs_r,/Users/swchen.tw/git/percepio/poc/.tools/xpack-riscv-none-elf-gcc-15.2.0-1/bin/../lib/gcc/riscv-none-elf/15.2.0/../../../../riscv-none-elf/lib/libg_nano.a(libc_a-nano-svfprintf.o),
by_pc,2147520334,10,10,20,30,10,0,0,0,0,__ssputs_r,/Users/swchen.tw/git/percepio/poc/.tools/xpack-riscv-none-elf-gcc-15.2.0-1/bin/../lib/gcc/riscv-none-elf/15.2.0/../../../../riscv-none-elf/lib/libg_nano.a(libc_a-nano-svfprintf.o),
by_pc,2147520060,10,18,36,46,10,0,8,0,0,memmove,/Users/swchen.tw/git/percepio/poc/.tools/xpack-riscv-none-elf-gcc-15.2.0-1/bin/../lib/gcc/riscv-none-elf/15.2.0/../../../../riscv-none-elf/lib/libg_nano.a(libc_a-memmove.o),
by_pc,2147520062,7,7,14,21,7,0,0,0,0,memmove,/Users/swchen.tw/git/percepio/poc/.tools/xpack-riscv-none-elf-gcc-15.2.0-1/bin/../lib/gcc/riscv-none-elf/15.2.0/../../../../riscv-none-elf/lib/libg_nano.a(libc_a-memmove.o),
by_pc,2147520064,7,7,14,21,7,0,0,0,0,memmove,/Users/swchen.tw/git/percepio/poc/.tools/xpack-riscv-none-elf-gcc-15.2.0-1/bin/../lib/gcc/riscv-none-elf/15.2.0/../../../../riscv-none-elf/lib/libg_nano.a(libc_a-memmove.o),
by_pc,2147520066,7,7,14,21,7,0,0,0,0,memmove,/Users/swchen.tw/git/percepio/poc/.tools/xpack-riscv-none-elf-gcc-15.2.0-1/bin/../lib/gcc/riscv-none-elf/15.2.0/../../../../riscv-none-elf/lib/libg_nano.a(libc_a-memmove.o),
by_pc,2147520070,7,7,14,21,7,0,0,0,0,memmove,/Users/swchen.tw/git/percepio/poc/.tools/xpack-riscv-none-elf-gcc-15.2.0-1/bin/../lib/gcc/riscv-none-elf/15.2.0/../../../../riscv-none-elf/lib/libg_nano.a(libc_a-memmove.o),
by_pc,2147520072,7,7,14,21,7,0,0,0,0,memmove,/Users/swchen.tw/git/percepio/poc/.tools/xpack-riscv-none-elf-gcc-15.2.0-1/bin/../lib/gcc/riscv-none-elf/15.2.0/../../../../riscv-none-elf/lib/libg_nano.a(libc_a-memmove.o),
by_pc,2147520076,7,7,14,21,7,0,0,0,0,memmove,/Users/swchen.tw/git/percepio/poc/.tools/xpack-riscv-none-elf-gcc-15.2.0-1/bin/../lib/gcc/riscv-none-elf/15.2.0/../../../../riscv-none-elf/lib/libg_nano.a(libc_a-memmove.o),
by_pc,2147520078,7,7,14,21,7,0,0,0,0,memmove,/Users/swchen.tw/git/percepio/poc/.tools/xpack-riscv-none-elf-gcc-15.2.0-1/bin/../lib/gcc/riscv-none-elf/15.2.0/../../../../riscv-none-elf/lib/libg_nano.a(libc_a-memmove.o),
by_pc,2147520080,44,88,176,220,44,44,0,0,0,memmove,/Users/swchen.tw/git/percepio/poc/.tools/xpack-riscv-none-elf-gcc-15.2.0-1/bin/../lib/gcc/riscv-none-elf/15.2.0/../../../../riscv-none-elf/lib/libg_nano.a(libc_a-memmove.o),
by_pc,2147520084,44,924,1848,1892,44,44,352,0,484,memmove,/Users/swchen.tw/git/percepio/poc/.tools/xpack-riscv-none-elf-gcc-15.2.0-1/bin/../lib/gcc/riscv-none-elf/15.2.0/../../../../riscv-none-elf/lib/libg_nano.a(libc_a-memmove.o),
by_pc,2147520088,44,44,88,132,44,0,0,0,0,memmove,/Users/swchen.tw/git/percepio/poc/.tools/xpack-riscv-none-elf-gcc-15.2.0-1/bin/../lib/gcc/riscv-none-elf/15.2.0/../../../../riscv-none-elf/lib/libg_nano.a(libc_a-memmove.o),
by_pc,2147520090,44,44,88,132,44,0,0,0,0,memmove,/Users/swchen.tw/git/percepio/poc/.tools/xpack-riscv-none-elf-gcc-15.2.0-1/bin/../lib/gcc/riscv-none-elf/15.2.0/../../../../riscv-none-elf/lib/libg_nano.a(libc_a-memmove.o),
by_pc,2147520092,44,44,88,132,44,0,0,0,0,memmove,/Users/swchen.tw/git/percepio/poc/.tools/xpack-riscv-none-elf-gcc-15.2.0-1/bin/../lib/gcc/riscv-none-elf/15.2.0/../../../../riscv-none-elf/lib/libg_nano.a(libc_a-memmove.o),
by_pc,2147520094,44,44,88,132,44,0,0,0,0,memmove,/Users/swchen.tw/git/percepio/poc/.tools/xpack-riscv-none-elf-gcc-15.2.0-1/bin/../lib/gcc/riscv-none-elf/15.2.0/../../../../riscv-none-elf/lib/libg_nano.a(libc_a-memmove.o),
by_pc,2147520096,10,10,20,30,10,0,0,0,0,memmove,/Users/swchen.tw/git/percepio/poc/.tools/xpack-riscv-none-elf-gcc-15.2.0-1/bin/../lib/gcc/riscv-none-elf/15.2.0/../../../../riscv-none-elf/lib/libg_nano.a(libc_a-memmove.o),
by_pc,2147520338,10,20,40,50,10,10,0,0,0,__ssputs_r,/Users/swchen.tw/git/percepio/poc/.tools/xpack-riscv-none-elf-gcc-15.2.0-1/bin/../lib/gcc/riscv-none-elf/15.2.0/../../../../riscv-none-elf/lib/libg_nano.a(libc_a-nano-svfprintf.o),
by_pc,2147520340,10,10,20,30,10,0,0,0,0,__ssputs_r,/Users/swchen.tw/git/percepio/poc/.tools/xpack-riscv-none-elf-gcc-15.2.0-1/bin/../lib/gcc/riscv-none-elf/15.2.0/../../../../riscv-none-elf/lib/libg_nano.a(libc_a-nano-svfprintf.o),
by_pc,2147520342,10,10,20,30,10,0,0,0,0,__ssputs_r,/Users/swchen.tw/git/percepio/poc/.tools/xpack-riscv-none-elf-gcc-15.2.0-1/bin/../lib/gcc/riscv-none-elf/15.2.0/../../../../riscv-none-elf/lib/libg_nano.a(libc_a-nano-svfprintf.o),
by_pc,2147520346,10,210,420,430,10,10,80,0,110,__ssputs_r,/Users/swchen.tw/git/percepio/poc/.tools/xpack-riscv-none-elf-gcc-15.2.0-1/bin/../lib/gcc/riscv-none-elf/15.2.0/../../../../riscv-none-elf/lib/libg_nano.a(libc_a-nano-svfprintf.o),
by_pc,2147520348,10,20,40,50,10,10,0,0,0,__ssputs_r,/Users/swchen.tw/git/percepio/poc/.tools/xpack-riscv-none-elf-gcc-15.2.0-1/bin/../lib/gcc/riscv-none-elf/15.2.0/../../../../riscv-none-elf/lib/libg_nano.a(libc_a-nano-svfprintf.o),
by_pc,2147520350,10,10,20,30,10,0,0,0,0,__ssputs_r,/Users/swchen.tw/git/percepio/poc/.tools/xpack-riscv-none-elf-gcc-15.2.0-1/bin/../lib/gcc/riscv-none-elf/15.2.0/../../../../riscv-none-elf/lib/libg_nano.a(libc_a-nano-svfprintf.o),
by_pc,2147520352,10,210,420,430,10,10,80,0,110,__ssputs_r,/Users/swchen.tw/git/percepio/poc/.tools/xpack-riscv-none-elf-gcc-15.2.0-1/bin/../lib/gcc/riscv-none-elf/15.2.0/../../../../riscv-none-elf/lib/libg_nano.a(libc_a-nano-svfprintf.o),
by_pc,2147520354,10,20,40,50,10,10,0,0,0,__ssputs_r,/Users/swchen.tw/git/percepio/poc/.tools/xpack-riscv-none-elf-gcc-15.2.0-1/bin/../lib/gcc/riscv-none-elf/15.2.0/../../../../riscv-none-elf/lib/libg_nano.a(libc_a-nano-svfprintf.o),
by_pc,2147520356,10,20,40,50,10,10,0,0,0,__ssputs_r,/Users/swchen.tw/git/percepio/poc/.tools/xpack-riscv-none-elf-gcc-15.2.0-1/bin/../lib/gcc/riscv-none-elf/15.2.0/../../../../riscv-none-elf/lib/libg_nano.a(libc_a-nano-svfprintf.o),
by_pc,2147520358,10,20,40,50,10,10,0,0,0,__ssputs_r,/Users/swchen.tw/git/percepio/poc/.tools/xpack-riscv-none-elf-gcc-15.2.0-1/bin/../lib/gcc/riscv-none-elf/15.2.0/../../../../riscv-none-elf/lib/libg_nano.a(libc_a-nano-svfprintf.o),
by_pc,2147520360,10,20,40,50,10,10,0,0,0,__ssputs_r,/Users/swchen.tw/git/percepio/poc/.tools/xpack-riscv-none-elf-gcc-15.2.0-1/bin/../lib/gcc/riscv-none-elf/15.2.0/../../../../riscv-none-elf/lib/libg_nano.a(libc_a-nano-svfprintf.o),
by_pc,2147520362,10,20,40,50,10,10,0,0,0,__ssputs_r,/Users/swchen.tw/git/percepio/poc/.tools/xpack-riscv-none-elf-gcc-15.2.0-1/bin/../lib/gcc/riscv-none-elf/15.2.0/../../../../riscv-none-elf/lib/libg_nano.a(libc_a-nano-svfprintf.o),
by_pc,2147520364,10,20,40,50,10,10,0,0,0,__ssputs_r,/Users/swchen.tw/git/percepio/poc/.tools/xpack-riscv-none-elf-gcc-15.2.0-1/bin/../lib/gcc/riscv-none-elf/15.2.0/../../../../riscv-none-elf/lib/libg_nano.a(libc_a-nano-svfprintf.o),
by_pc,2147520366,10,20,40,50,10,10,0,0,0,__ssputs_r,/Users/swchen.tw/git/percepio/poc/.tools/xpack-riscv-none-elf-gcc-15.2.0-1/bin/../lib/gcc/riscv-none-elf/15.2.0/../../../../riscv-none-elf/lib/libg_nano.a(libc_a-nano-svfprintf.o),
by_pc,2147520368,10,20,40,50,10,10,0,0,0,__ssputs_r,/Users/swchen.tw/git/percepio/poc/.tools/xpack-riscv-none-elf-gcc-15.2.0-1/bin/../lib/gcc/riscv-none-elf/15.2.0/../../../../riscv-none-elf/lib/libg_nano.a(libc_a-nano-svfprintf.o),
by_pc,2147520370,10,10,20,30,10,0,0,0,0,__ssputs_r,/Users/swchen.tw/git/percepio/poc/.tools/xpack-riscv-none-elf-gcc-15.2.0-1/bin/../lib/gcc/riscv-none-elf/15.2.0/../../../../riscv-none-elf/lib/libg_nano.a(libc_a-nano-svfprintf.o),
by_pc,2147520372,10,10,20,30,10,0,0,0,0,__ssputs_r,/Users/swchen.tw/git/percepio/poc/.tools/xpack-riscv-none-elf-gcc-15.2.0-1/bin/../lib/gcc/riscv-none-elf/15.2.0/../../../../riscv-none-elf/lib/libg_nano.a(libc_a-nano-svfprintf.o),
by_pc,2147520594,4,4,8,12,4,0,0,0,0,_svfiprintf_r,/Users/swchen.tw/git/percepio/poc/.tools/xpack-riscv-none-elf-gcc-15.2.0-1/bin/../lib/gcc/riscv-none-elf/15.2.0/../../../../riscv-none-elf/lib/libg_nano.a(libc_a-nano-svfprintf.o),
by_pc,2147520598,4,8,16,20,4,4,0,0,0,_svfiprintf_r,/Users/swchen.tw/git/percepio/poc/.tools/xpack-riscv-none-elf-gcc-15.2.0-1/bin/../lib/gcc/riscv-none-elf/15.2.0/../../../../riscv-none-elf/lib/libg_nano.a(libc_a-nano-svfprintf.o),
by_pc,2147520600,4,8,16,20,4,4,0,0,0,_svfiprintf_r,/Users/swchen.tw/git/percepio/poc/.tools/xpack-riscv-none-elf-gcc-15.2.0-1/bin/../lib/gcc/riscv-none-elf/15.2.0/../../../../riscv-none-elf/lib/libg_nano.a(libc_a-nano-svfprintf.o),
by_pc,2147520602,4,4,8,12,4,0,0,0,0,_svfiprintf_r,/Users/swchen.tw/git/percepio/poc/.tools/xpack-riscv-none-elf-gcc-15.2.0-1/bin/../lib/gcc/riscv-none-elf/15.2.0/../../../../riscv-none-elf/lib/libg_nano.a(libc_a-nano-svfprintf.o),
by_pc,2147520604,4,84,168,172,4,4,32,0,44,_svfiprintf_r,/Users/swchen.tw/git/percepio/poc/.tools/xpack-riscv-none-elf-gcc-15.2.0-1/bin/../lib/gcc/riscv-none-elf/15.2.0/../../../../riscv-none-elf/lib/libg_nano.a(libc_a-nano-svfprintf.o),
by_pc,2147520606,4,8,16,20,4,4,0,0,0,_svfiprintf_r,/Users/swchen.tw/git/percepio/poc/.tools/xpack-riscv-none-elf-gcc-15.2.0-1/bin/../lib/gcc/riscv-none-elf/15.2.0/../../../../riscv-none-elf/lib/libg_nano.a(libc_a-nano-svfprintf.o),
by_pc,2147520610,4,4,8,12,4,0,0,0,0,_svfiprintf_r,/Users/swchen.tw/git/percepio/poc/.tools/xpack-riscv-none-elf-gcc-15.2.0-1/bin/../lib/gcc/riscv-none-elf/15.2.0/../../../../riscv-none-elf/lib/libg_nano.a(libc_a-nano-svfprintf.o),
by_pc,2147520614,3,3,6,9,3,0,0,0,0,_svfiprintf_r,/Users/swchen.tw/git/percepio/poc/.tools/xpack-riscv-none-elf-gcc-15.2.0-1/bin/../lib/gcc/riscv-none-elf/15.2.0/../../../../riscv-none-elf/lib/libg_nano.a(libc_a-nano-svfprintf.o),
by_pc,2147520616,3,63,126,129,3,3,24,0,33,_svfiprintf_r,/Users/swchen.tw/git/percepio/poc/.tools/xpack-riscv-none-elf-gcc-15.2.0-1/bin/../lib/gcc/riscv-none-elf/15.2.0/../../../../riscv-none-elf/lib/libg_nano.a(libc_a-nano-svfprintf.o),
by_pc,2147520618,3,63,126,129,3,3,24,0,33,_svfiprintf_r,/Users/swchen.tw/git/percepio/poc/.tools/xpack-riscv-none-elf-gcc-15.2.0-1/bin/../lib/gcc/riscv-none-elf/15.2.0/../../../../riscv-none-elf/lib/libg_nano.a(libc_a-nano-svfprintf.o),
by_pc,2147520620,3,63,126,129,3,3,24,0,33,_svfiprintf_r,/Users/swchen.tw/git/percepio/poc/.tools/xpack-riscv-none-elf-gcc-15.2.0-1/bin/../lib/gcc/riscv-none-elf/15.2.0/../../../../riscv-none-elf/lib/libg_nano.a(libc_a-nano-svfprintf.o),
by_pc,2147520622,3,63,126,129,3,3,24,0,33,_svfiprintf_r,/Users/swchen.tw/git/percepio/poc/.tools/xpack-riscv-none-elf-gcc-15.2.0-1/bin/../lib/gcc/riscv-none-elf/15.2.0/../../../../riscv-none-elf/lib/libg_nano.a(libc_a-nano-svfprintf.o),
by_pc,2147520624,3,63,126,129,3,3,24,0,33,_svfiprintf_r,/Users/swchen.tw/git/percepio/poc/.tools/xpack-riscv-none-elf-gcc-15.2.0-1/bin/../lib/gcc/riscv-none-elf/15.2.0/../../../../riscv-none-elf/lib/libg_nano.a(libc_a-nano-svfprintf.o),
by_pc,2147520628,3,63,126,129,3,3,24,0,33,_svfiprintf_r,/Users/swchen.tw/git/percepio/poc/.tools/xpack-riscv-none-elf-gcc-15.2.0-1/bin/../lib/gcc/riscv-none-elf/15.2.0/../../../../riscv-none-elf/lib/libg_nano.a(libc_a-nano-svfprintf.o),
by_pc,2147520630,3,6,12,15,3,3,0,0,0,_svfiprintf_r,/Users/swchen.tw/git/percepio/poc/.tools/xpack-riscv-none-elf-gcc-15.2.0-1/bin/../lib/gcc/riscv-none-elf/15.2.0/../../../../riscv-none-elf/lib/libg_nano.a(libc_a-nano-svfprintf.o),
by_pc,2147520634,3,3,6,9,3,0,0,0,0,_svfiprintf_r,/Users/swchen.tw/git/percepio/poc/.tools/xpack-riscv-none-elf-gcc-15.2.0-1/bin/../lib/gcc/riscv-none-elf/15.2.0/../../../../riscv-none-elf/lib/libg_nano.a(libc_a-nano-svfprintf.o),
by_pc,2147520636,3,3,6,9,3,0,0,0,0,_svfiprintf_r,/Users/swchen.tw/git/percepio/poc/.tools/xpack-riscv-none-elf-gcc-15.2.0-1/bin/../lib/gcc/riscv-none-elf/15.2.0/../../../../riscv-none-elf/lib/libg_nano.a(libc_a-nano-svfprintf.o),
by_pc,2147520640,3,29,58,61,3,0,8,18,0,_svfiprintf_r,/Users/swchen.tw/git/percepio/poc/.tools/xpack-riscv-none-elf-gcc-15.2.0-1/bin/../lib/gcc/riscv-none-elf/15.2.0/../../../../riscv-none-elf/lib/libg_nano.a(libc_a-nano-svfprintf.o),
by_pc,2147520644,3,3,6,9,3,0,0,0,0,_svfiprintf_r,/Users/swchen.tw/git/percepio/poc/.tools/xpack-riscv-none-elf-gcc-15.2.0-1/bin/../lib/gcc/riscv-none-elf/15.2.0/../../../../riscv-none-elf/lib/libg_nano.a(libc_a-nano-svfprintf.o),
by_pc,2147522410,11,37,74,85,11,0,8,18,0,memchr,/Users/swchen.tw/git/percepio/poc/.tools/xpack-riscv-none-elf-gcc-15.2.0-1/bin/../lib/gcc/riscv-none-elf/15.2.0/../../../../riscv-none-elf/lib/libg_nano.a(libc_a-memchr.o),
by_pc,2147522414,11,11,22,33,11,0,0,0,0,memchr,/Users/swchen.tw/git/percepio/poc/.tools/xpack-riscv-none-elf-gcc-15.2.0-1/bin/../lib/gcc/riscv-none-elf/15.2.0/../../../../riscv-none-elf/lib/libg_nano.a(libc_a-memchr.o),
by_pc,2147522416,89,89,178,267,89,0,0,0,0,memchr,/Users/swchen.tw/git/percepio/poc/.tools/xpack-riscv-none-elf-gcc-15.2.0-1/bin/../lib/gcc/riscv-none-elf/15.2.0/../../../../riscv-none-elf/lib/libg_nano.a(libc_a-memchr.o),
by_pc,2147522424,80,212,424,504,80,80,16,36,0,memchr,/Users/swchen.tw/git/percepio/poc/.tools/xpack-riscv-none-elf-gcc-15.2.0-1/bin/../lib/gcc/riscv-none-elf/15.2.0/../../../../riscv-none-elf/lib/libg_nano.a(libc_a-memchr.o),
by_pc,2147522428,80,80,160,240,80,0,0,0,0,memchr,/Users/swchen.tw/git/percepio/poc/.tools/xpack-riscv-none-elf-gcc-15.2.0-1/bin/../lib/gcc/riscv-none-elf/15.2.0/../../../../riscv-none-elf/lib/libg_nano.a(libc_a-memchr.o),
by_pc,2147522432,78,104,208,286,78,0,8,18,0,memchr,/Users/swchen.tw/git/percepio/poc/.tools/xpack-riscv-none-elf-gcc-15.2.0-1/bin/../lib/gcc/riscv-none-elf/15.2.0/../../../../riscv-none-elf/lib/libg_nano.a(libc_a-memchr.o),
by_pc,2147522434,78,78,156,234,78,0,0,0,0,memchr,/Users/swchen.tw/git/percepio/poc/.tools/xpack-riscv-none-elf-gcc-15.2.0-1/bin/../lib/gcc/riscv-none-elf/15.2.0/../../../../riscv-none-elf/lib/libg_nano.a(libc_a-memchr.o),
by_pc,2147522420,9,9,18,27,9,0,0,0,0,memchr,/Users/swchen.tw/git/percepio/poc/.tools/xpack-riscv-none-elf-gcc-15.2.0-1/bin/../lib/gcc/riscv-none-elf/15.2.0/../../../../riscv-none-elf/lib/libg_nano.a(libc_a-memchr.o),
by_pc,2147522422,11,11,22,33,11,0,0,0,0,memchr,/Users/swchen.tw/git/percepio/poc/.tools/xpack-riscv-none-elf-gcc-15.2.0-1/bin/../lib/gcc/riscv-none-elf/15.2.0/../../../../riscv-none-elf/lib/libg_nano.a(libc_a-memchr.o),
by_pc,2147520648,3,6,12,15,3,3,0,0,0,_svfiprintf_r,/Users/swchen.tw/git/percepio/poc/.tools/xpack-riscv-none-elf-gcc-15.2.0-1/bin/../lib/gcc/riscv-none-elf/15.2.0/../../../../riscv-none-elf/lib/libg_nano.a(libc_a-nano-svfprintf.o),
by_pc,2147520650,3,3,6,9,3,0,0,0,0,_svfiprintf_r,/Users/swchen.tw/git/percepio/poc/.tools/xpack-riscv-none-elf-gcc-15.2.0-1/bin/../lib/gcc/riscv-none-elf/15.2.0/../../../../riscv-none-elf/lib/libg_nano.a(libc_a-nano-svfprintf.o),
by_pc,2147520654,3,3,6,9,3,0,0,0,0,_svfiprintf_r,/Users/swchen.tw/git/percepio/poc/.tools/xpack-riscv-none-elf-gcc-15.2.0-1/bin/../lib/gcc/riscv-none-elf/15.2.0/../../../../riscv-none-elf/lib/libg_nano.a(libc_a-nano-svfprintf.o),
by_pc,2147520656,3,3,6,9,3,0,0,0,0,_svfiprintf_r,/Users/swchen.tw/git/percepio/poc/.tools/xpack-riscv-none-elf-gcc-15.2.0-1/bin/../lib/gcc/riscv-none-elf/15.2.0/../../../../riscv-none-elf/lib/libg_nano.a(libc_a-nano-svfprintf.o),
by_pc,2147520660,3,3,6,9,3,0,0,0,0,_svfiprintf_r,/Users/swchen.tw/git/percepio/poc/.tools/xpack-riscv-none-elf-gcc-15.2.0-1/bin/../lib/gcc/riscv-none-elf/15.2.0/../../../../riscv-none-elf/lib/libg_nano.a(libc_a-nano-svfprintf.o),
by_pc,2147520670,3,3,6,9,3,0,0,0,0,_svfiprintf_r,/Users/swchen.tw/git/percepio/poc/.tools/xpack-riscv-none-elf-gcc-15.2.0-1/bin/../lib/gcc/riscv-none-elf/15.2.0/../../../../riscv-none-elf/lib/libg_nano.a(libc_a-nano-svfprintf.o),
by_pc,2147520674,3,3,6,9,3,0,0,0,0,_svfiprintf_r,/Users/swchen.tw/git/percepio/poc/.tools/xpack-riscv-none-elf-gcc-15.2.0-1/bin/../lib/gcc/riscv-none-elf/15.2.0/../../../../riscv-none-elf/lib/libg_nano.a(libc_a-nano-svfprintf.o),
by_pc,2147520684,3,6,12,15,3,3,0,0,0,_svfiprintf_r,/Users/swchen.tw/git/percepio/poc/.tools/xpack-riscv-none-elf-gcc-15.2.0-1/bin/../lib/gcc/riscv-none-elf/15.2.0/../../../../riscv-none-elf/lib/libg_nano.a(libc_a-nano-svfprintf.o),
by_pc,2147520688,3,3,6,9,3,0,0,0,0,_svfiprintf_r,/Users/swchen.tw/git/percepio/poc/.tools/xpack-riscv-none-elf-gcc-15.2.0-1/bin/../lib/gcc/riscv-none-elf/15.2.0/../../../../riscv-none-elf/lib/libg_nano.a(libc_a-nano-svfprintf.o),
by_pc,2147520692,3,3,6,9,3,0,0,0,0,_svfiprintf_r,/Users/swchen.tw/git/percepio/poc/.tools/xpack-riscv-none-elf-gcc-15.2.0-1/bin/../lib/gcc/riscv-none-elf/15.2.0/../../../../riscv-none-elf/lib/libg_nano.a(libc_a-nano-svfprintf.o),
by_pc,2147520696,3,6,12,15,3,3,0,0,0,_svfiprintf_r,/Users/swchen.tw/git/percepio/poc/.tools/xpack-riscv-none-elf-gcc-15.2.0-1/bin/../lib/gcc/riscv-none-elf/15.2.0/../../../../riscv-none-elf/lib/libg_nano.a(libc_a-nano-svfprintf.o),
by_pc,2147520698,3,3,6,9,3,0,0,0,0,_svfiprintf_r,/Users/swchen.tw/git/percepio/poc/.tools/xpack-riscv-none-elf-gcc-15.2.0-1/bin/../lib/gcc/riscv-none-elf/15.2.0/../../../../riscv-none-elf/lib/libg_nano.a(libc_a-nano-svfprintf.o),
by_pc,2147520700,3,3,6,9,3,0,0,0,0,_svfiprintf_r,/Users/swchen.tw/git/percepio/poc/.tools/xpack-riscv-none-elf-gcc-15.2.0-1/bin/../lib/gcc/riscv-none-elf/15.2.0/../../../../riscv-none-elf/lib/libg_nano.a(libc_a-nano-svfprintf.o),
by_pc,2147520702,3,9,18,21,6,3,0,0,0,_svfiprintf_r,/Users/swchen.tw/git/percepio/poc/.tools/xpack-riscv-none-elf-gcc-15.2.0-1/bin/../lib/gcc/riscv-none-elf/15.2.0/../../../../riscv-none-elf/lib/libg_nano.a(libc_a-nano-svfprintf.o),
by_pc,2147520706,3,3,6,9,3,0,0,0,0,_svfiprintf_r,/Users/swchen.tw/git/percepio/poc/.tools/xpack-riscv-none-elf-gcc-15.2.0-1/bin/../lib/gcc/riscv-none-elf/15.2.0/../../../../riscv-none-elf/lib/libg_nano.a(libc_a-nano-svfprintf.o),
by_pc,2147520710,3,3,6,9,3,0,0,0,0,_svfiprintf_r,/Users/swchen.tw/git/percepio/poc/.tools/xpack-riscv-none-elf-gcc-15.2.0-1/bin/../lib/gcc/riscv-none-elf/15.2.0/../../../../riscv-none-elf/lib/libg_nano.a(libc_a-nano-svfprintf.o),
by_pc,2147520714,3,3,6,9,3,0,0,0,0,_svfiprintf_r,/Users/swchen.tw/git/percepio/poc/.tools/xpack-riscv-none-elf-gcc-15.2.0-1/bin/../lib/gcc/riscv-none-elf/15.2.0/../../../../riscv-none-elf/lib/libg_nano.a(libc_a-nano-svfprintf.o),
by_pc,2147520758,3,6,12,15,3,3,0,0,0,_svfiprintf_r,/Users/swchen.tw/git/percepio/poc/.tools/xpack-riscv-none-elf-gcc-15.2.0-1/bin/../lib/gcc/riscv-none-elf/15.2.0/../../../../riscv-none-elf/lib/libg_nano.a(libc_a-nano-svfprintf.o),
by_pc,2147520762,3,3,6,9,3,0,0,0,0,_svfiprintf_r,/Users/swchen.tw/git/percepio/poc/.tools/xpack-riscv-none-elf-gcc-15.2.0-1/bin/../lib/gcc/riscv-none-elf/15.2.0/../../../../riscv-none-elf/lib/libg_nano.a(libc_a-nano-svfprintf.o),
by_pc,2147520766,3,32,64,67,6,0,8,18,0,_svfiprintf_r,/Users/swchen.tw/git/percepio/poc/.tools/xpack-riscv-none-elf-gcc-15.2.0-1/bin/../lib/gcc/riscv-none-elf/15.2.0/../../../../riscv-none-elf/lib/libg_nano.a(libc_a-nano-svfprintf.o),
by_pc,2147520854,3,32,64,67,3,3,8,18,0,_svfiprintf_r,/Users/swchen.tw/git/percepio/poc/.tools/xpack-riscv-none-elf-gcc-15.2.0-1/bin/../lib/gcc/riscv-none-elf/15.2.0/../../../../riscv-none-elf/lib/libg_nano.a(libc_a-nano-svfprintf.o),
by_pc,2147520858,3,3,6,9,3,0,0,0,0,_svfiprintf_r,/Users/swchen.tw/git/percepio/poc/.tools/xpack-riscv-none-elf-gcc-15.2.0-1/bin/../lib/gcc/riscv-none-elf/15.2.0/../../../../riscv-none-elf/lib/libg_nano.a(libc_a-nano-svfprintf.o),
by_pc,2147520860,3,3,6,9,3,0,0,0,0,_svfiprintf_r,/Users/swchen.tw/git/percepio/poc/.tools/xpack-riscv-none-elf-gcc-15.2.0-1/bin/../lib/gcc/riscv-none-elf/15.2.0/../../../../riscv-none-elf/lib/libg_nano.a(libc_a-nano-svfprintf.o),
by_pc,2147520864,3,3,6,9,3,0,0,0,0,_svfiprintf_r,/Users/swchen.tw/git/percepio/poc/.tools/xpack-riscv-none-elf-gcc-15.2.0-1/bin/../lib/gcc/riscv-none-elf/15.2.0/../../../../riscv-none-elf/lib/libg_nano.a(libc_a-nano-svfprintf.o),
by_pc,2147520868,3,3,6,9,3,0,0,0,0,_svfiprintf_r,/Users/swchen.tw/git/percepio/poc/.tools/xpack-riscv-none-elf-gcc-15.2.0-1/bin/../lib/gcc/riscv-none-elf/15.2.0/../../../../riscv-none-elf/lib/libg_nano.a(libc_a-nano-svfprintf.o),
by_pc,2147520870,3,3,6,9,3,0,0,0,0,_svfiprintf_r,/Users/swchen.tw/git/percepio/poc/.tools/xpack-riscv-none-elf-gcc-15.2.0-1/bin/../lib/gcc/riscv-none-elf/15.2.0/../../../../riscv-none-elf/lib/libg_nano.a(libc_a-nano-svfprintf.o),
by_pc,2147520898,3,32,64,67,3,3,8,18,0,_svfiprintf_r,/Users/swchen.tw/git/percepio/poc/.tools/xpack-riscv-none-elf-gcc-15.2.0-1/bin/../lib/gcc/riscv-none-elf/15.2.0/../../../../riscv-none-elf/lib/libg_nano.a(libc_a-nano-svfprintf.o),
by_pc,2147520902,3,3,6,9,3,0,0,0,0,_svfiprintf_r,/Users/swchen.tw/git/percepio/poc/.tools/xpack-riscv-none-elf-gcc-15.2.0-1/bin/../lib/gcc/riscv-none-elf/15.2.0/../../../../riscv-none-elf/lib/libg_nano.a(libc_a-nano-svfprintf.o),
by_pc,2147520904,3,3,6,9,3,0,0,0,0,_svfiprintf_r,/Users/swchen.tw/git/percepio/poc/.tools/xpack-riscv-none-elf-gcc-15.2.0-1/bin/../lib/gcc/riscv-none-elf/15.2.0/../../../../riscv-none-elf/lib/libg_nano.a(libc_a-nano-svfprintf.o),
by_pc,2147520908,3,3,6,9,3,0,0,0,0,_svfiprintf_r,/Users/swchen.tw/git/percepio/poc/.tools/xpack-riscv-none-elf-gcc-15.2.0-1/bin/../lib/gcc/riscv-none-elf/15.2.0/../../../../riscv-none-elf/lib/libg_nano.a(libc_a-nano-svfprintf.o),
by_pc,2147520912,3,63,126,129,3,3,24,0,33,_svfiprintf_r,/Users/swchen.tw/git/percepio/poc/.tools/xpack-riscv-none-elf-gcc-15.2.0-1/bin/../lib/gcc/riscv-none-elf/15.2.0/../../../../riscv-none-elf/lib/libg_nano.a(libc_a-nano-svfprintf.o),
by_pc,2147520916,3,3,6,9,3,0,0,0,0,_svfiprintf_r,/Users/swchen.tw/git/percepio/poc/.tools/xpack-riscv-none-elf-gcc-15.2.0-1/bin/../lib/gcc/riscv-none-elf/15.2.0/../../../../riscv-none-elf/lib/libg_nano.a(libc_a-nano-svfprintf.o),
by_pc,2147520918,3,3,6,9,3,0,0,0,0,_svfiprintf_r,/Users/swchen.tw/git/percepio/poc/.tools/xpack-riscv-none-elf-gcc-15.2.0-1/bin/../lib/gcc/riscv-none-elf/15.2.0/../../../../riscv-none-elf/lib/libg_nano.a(libc_a-nano-svfprintf.o),
by_pc,2147521018,3,29,58,61,3,0,8,18,0,_svfiprintf_r,/Users/swchen.tw/git/percepio/poc/.tools/xpack-riscv-none-elf-gcc-15.2.0-1/bin/../lib/gcc/riscv-none-elf/15.2.0/../../../../riscv-none-elf/lib/libg_nano.a(libc_a-nano-svfprintf.o),
by_pc,2147521020,3,3,6,9,3,0,0,0,0,_svfiprintf_r,/Users/swchen.tw/git/percepio/poc/.tools/xpack-riscv-none-elf-gcc-15.2.0-1/bin/../lib/gcc/riscv-none-elf/15.2.0/../../../../riscv-none-elf/lib/libg_nano.a(libc_a-nano-svfprintf.o),
by_pc,2147521024,3,29,58,61,3,0,8,18,0,_svfiprintf_r,/Users/swchen.tw/git/percepio/poc/.tools/xpack-riscv-none-elf-gcc-15.2.0-1/bin/../lib/gcc/riscv-none-elf/15.2.0/../../../../riscv-none-elf/lib/libg_nano.a(libc_a-nano-svfprintf.o),
by_pc,2147521028,3,3,6,9,3,0,0,0,0,_svfiprintf_r,/Users/swchen.tw/git/percepio/poc/.tools/xpack-riscv-none-elf-gcc-15.2.0-1/bin/../lib/gcc/riscv-none-elf/15.2.0/../../../../riscv-none-elf/lib/libg_nano.a(libc_a-nano-svfprintf.o),
by_pc,2147521030,3,3,6,9,3,0,0,0,0,_svfiprintf_r,/Users/swchen.tw/git/percepio/poc/.tools/xpack-riscv-none-elf-gcc-15.2.0-1/bin/../lib/gcc/riscv-none-elf/15.2.0/../../../../riscv-none-elf/lib/libg_nano.a(libc_a-nano-svfprintf.o),
by_pc,2147521032,3,3,6,9,3,0,0,0,0,_svfiprintf_r,/Users/swchen.tw/git/percepio/poc/.tools/xpack-riscv-none-elf-gcc-15.2.0-1/bin/../lib/gcc/riscv-none-elf/15.2.0/../../../../riscv-none-elf/lib/libg_nano.a(libc_a-nano-svfprintf.o),
by_pc,2147521034,3,3,6,9,3,0,0,0,0,_svfiprintf_r,/Users/swchen.tw/git/percepio/poc/.tools/xpack-riscv-none-elf-gcc-15.2.0-1/bin/../lib/gcc/riscv-none-elf/15.2.0/../../../../riscv-none-elf/lib/libg_nano.a(libc_a-nano-svfprintf.o),
by_pc,2147521674,3,29,58,61,3,0,8,18,0,_printf_i,/Users/swchen.tw/git/percepio/poc/.tools/xpack-riscv-none-elf-gcc-15.2.0-1/bin/../lib/gcc/riscv-none-elf/15.2.0/../../../../riscv-none-elf/lib/libg_nano.a(libc_a-nano-vfprintf_i.o),
by_pc,2147521676,3,63,126,129,3,3,24,0,33,_printf_i,/Users/swchen.tw/git/percepio/poc/.tools/xpack-riscv-none-elf-gcc-15.2.0-1/bin/../lib/gcc/riscv-none-elf/15.2.0/../../../../riscv-none-elf/lib/libg_nano.a(libc_a-nano-vfprintf_i.o),
by_pc,2147521678,3,63,126,129,3,3,24,0,33,_printf_i,/Users/swchen.tw/git/percepio/poc/.tools/xpack-riscv-none-elf-gcc-15.2.0-1/bin/../lib/gcc/riscv-none-elf/15.2.0/../../../../riscv-none-elf/lib/libg_nano.a(libc_a-nano-vfprintf_i.o),
by_pc,2147521680,3,63,126,129,3,3,24,0,33,_printf_i,/Users/swchen.tw/git/percepio/poc/.tools/xpack-riscv-none-elf-gcc-15.2.0-1/bin/../lib/gcc/riscv-none-elf/15.2.0/../../../../riscv-none-elf/lib/libg_nano.a(libc_a-nano-vfprintf_i.o),
by_pc,2147521682,3,63,126,129,3,3,24,0,33,_printf_i,/Users/swchen.tw/git/percepio/poc/.tools/xpack-riscv-none-elf-gcc-15.2.0-1/bin/../lib/gcc/riscv-none-elf/15.2.0/../../../../riscv-none-elf/lib/libg_nano.a(libc_a-nano-vfprintf_i.o),
by_pc,2147521684,3,63,126,129,3,3,24,0,33,_printf_i,/Users/swchen.tw/git/percepio/poc/.tools/xpack-riscv-none-elf-gcc-15.2.0-1/bin/../lib/gcc/riscv-none-elf/15.2.0/../../../../riscv-none-elf/lib/libg_nano.a(libc_a-nano-vfprintf_i.o),
by_pc,2147521686,3,63,126,129,3,3,24,0,33,_printf_i,/Users/swchen.tw/git/percepio/poc/.tools/xpack-riscv-none-elf-gcc-15.2.0-1/bin/../lib/gcc/riscv-none-elf/15.2.0/../../../../riscv-none-elf/lib/libg_nano.a(libc_a-nano-vfprintf_i.o),
by_pc,2147521688,3,63,126,129,3,3,24,0,33,_printf_i,/Users/swchen.tw/git/percepio/poc/.tools/xpack-riscv-none-elf-gcc-15.2.0-1/bin/../lib/gcc/riscv-none-elf/15.2.0/../../../../riscv-none-elf/lib/libg_nano.a(libc_a-nano-vfprintf_i.o),
by_pc,2147521690,3,6,12,15,3,3,0,0,0,_printf_i,/Users/swchen.tw/git/percepio/poc/.tools/xpack-riscv-none-elf-gcc-15.2.0-1/bin/../lib/gcc/riscv-none-elf/15.2.0/../../../../riscv-none-elf/lib/libg_nano.a(libc_a-nano-vfprintf_i.o),
by_pc,2147521694,3,3,6,9,3,0,0,0,0,_printf_i,/Users/swchen.tw/git/percepio/poc/.tools/xpack-riscv-none-elf-gcc-15.2.0-1/bin/../lib/gcc/riscv-none-elf/15.2.0/../../../../riscv-none-elf/lib/libg_nano.a(libc_a-nano-vfprintf_i.o),
by_pc,2147521696,3,3,6,9,3,0,0,0,0,_printf_i,/Users/swchen.tw/git/percepio/poc/.tools/xpack-riscv-none-elf-gcc-15.2.0-1/bin/../lib/gcc/riscv-none-elf/15.2.0/../../../../riscv-none-elf/lib/libg_nano.a(libc_a-nano-vfprintf_i.o),
by_pc,2147521700,3,3,6,9,3,0,0,0,0,_printf_i,/Users/swchen.tw/git/percepio/poc/.tools/xpack-riscv-none-elf-gcc-15.2.0-1/bin/../lib/gcc/riscv-none-elf/15.2.0/../../../../riscv-none-elf/lib/libg_nano.a(libc_a-nano-vfprintf_i.o),
by_pc,2147521702,3,3,6,9,3,0,0,0,0,_printf_i,/Users/swchen.tw/git/percepio/poc/.tools/xpack-riscv-none-elf-gcc-15.2.0-1/bin/../lib/gcc/riscv-none-elf/15.2.0/../../../../riscv-none-elf/lib/libg_nano.a(libc_a-nano-vfprintf_i.o),
by_pc,2147521704,3,3,6,9,3,0,0,0,0,_printf_i,/Users/swchen.tw/git/percepio/poc/.tools/xpack-riscv-none-elf-gcc-15.2.0-1/bin/../lib/gcc/riscv-none-elf/15.2.0/../../../../riscv-none-elf/lib/libg_nano.a(libc_a-nano-vfprintf_i.o),
by_pc,2147521706,3,3,6,9,3,0,0,0,0,_printf_i,/Users/swchen.tw/git/percepio/poc/.tools/xpack-riscv-none-elf-gcc-15.2.0-1/bin/../lib/gcc/riscv-none-elf/15.2.0/../../../../riscv-none-elf/lib/libg_nano.a(libc_a-nano-vfprintf_i.o),
by_pc,2147521710,3,3,6,9,3,0,0,0,0,_printf_i,/Users/swchen.tw/git/percepio/poc/.tools/xpack-riscv-none-elf-gcc-15.2.0-1/bin/../lib/gcc/riscv-none-elf/15.2.0/../../../../riscv-none-elf/lib/libg_nano.a(libc_a-nano-vfprintf_i.o),
by_pc,2147521714,3,3,6,9,3,0,0,0,0,_printf_i,/Users/swchen.tw/git/percepio/poc/.tools/xpack-riscv-none-elf-gcc-15.2.0-1/bin/../lib/gcc/riscv-none-elf/15.2.0/../../../../riscv-none-elf/lib/libg_nano.a(libc_a-nano-vfprintf_i.o),
by_pc,2147521718,3,3,6,9,3,0,0,0,0,_printf_i,/Users/swchen.tw/git/percepio/poc/.tools/xpack-riscv-none-elf-gcc-15.2.0-1/bin/../lib/gcc/riscv-none-elf/15.2.0/../../../../riscv-none-elf/lib/libg_nano.a(libc_a-nano-vfprintf_i.o),
by_pc,2147521748,2,28,56,58,2,0,8,18,0,_printf_i,/Users/swchen.tw/git/percepio/poc/.tools/xpack-riscv-none-elf-gcc-15.2.0-1/bin/../lib/gcc/riscv-none-elf/15.2.0/../../../../riscv-none-elf/lib/libg_nano.a(libc_a-nano-vfprintf_i.o),
by_pc,2147521752,2,2,4,6,2,0,0,0,0,_printf_i,/Users/swchen.tw/git/percepio/poc/.tools/xpack-riscv-none-elf-gcc-15.2.0-1/bin/../lib/gcc/riscv-none-elf/15.2.0/../../../../riscv-none-elf/lib/libg_nano.a(libc_a-nano-vfprintf_i.o),
by_pc,2147521756,2,2,4,6,2,0,0,0,0,_printf_i,/Users/swchen.tw/git/percepio/poc/.tools/xpack-riscv-none-elf-gcc-15.2.0-1/bin/../lib/gcc/riscv-none-elf/15.2.0/../../../../riscv-none-elf/lib/libg_nano.a(libc_a-nano-vfprintf_i.o),
by_pc,2147521758,2,2,4,6,2,0,0,0,0,_printf_i,/Users/swchen.tw/git/percepio/poc/.tools/xpack-riscv-none-elf-gcc-15.2.0-1/bin/../lib/gcc/riscv-none-elf/15.2.0/../../../../riscv-none-elf/lib/libg_nano.a(libc_a-nano-vfprintf_i.o),
by_pc,2147521762,2,2,4,6,2,0,0,0,0,_printf_i,/Users/swchen.tw/git/percepio/poc/.tools/xpack-riscv-none-elf-gcc-15.2.0-1/bin/../lib/gcc/riscv-none-elf/15.2.0/../../../../riscv-none-elf/lib/libg_nano.a(libc_a-nano-vfprintf_i.o),
by_pc,2147521766,2,2,4,6,2,0,0,0,0,_printf_i,/Users/swchen.tw/git/percepio/poc/.tools/xpack-riscv-none-elf-gcc-15.2.0-1/bin/../lib/gcc/riscv-none-elf/15.2.0/../../../../riscv-none-elf/lib/libg_nano.a(libc_a-nano-vfprintf_i.o),
by_pc,2147521770,2,2,4,6,2,0,0,0,0,_printf_i,/Users/swchen.tw/git/percepio/poc/.tools/xpack-riscv-none-elf-gcc-15.2.0-1/bin/../lib/gcc/riscv-none-elf/15.2.0/../../../../riscv-none-elf/lib/libg_nano.a(libc_a-nano-vfprintf_i.o),
by_pc,2147521772,2,2,4,6,2,0,0,0,0,_printf_i,/Users/swchen.tw/git/percepio/poc/.tools/xpack-riscv-none-elf-gcc-15.2.0-1/bin/../lib/gcc/riscv-none-elf/15.2.0/../../../../riscv-none-elf/lib/libg_nano.a(libc_a-nano-vfprintf_i.o),
by_pc,2147521774,2,30,60,62,2,2,8,18,0,_printf_i,/Users/swchen.tw/git/percepio/poc/.tools/xpack-riscv-none-elf-gcc-15.2.0-1/bin/../lib/gcc/riscv-none-elf/15.2.0/../../../../riscv-none-elf/lib/libg_nano.a(libc_a-nano-vfprintf_i.o),
by_pc,2147521776,2,2,4,6,2,0,0,0,0,_printf_i,/Users/swchen.tw/git/percepio/poc/.tools/xpack-riscv-none-elf-gcc-15.2.0-1/bin/../lib/gcc/riscv-none-elf/15.2.0/../../../../riscv-none-elf/lib/libg_nano.a(libc_a-nano-vfprintf_i.o),
by_pc,2147521778,2,2,4,6,2,0,0,0,0,_printf_i,/Users/swchen.tw/git/percepio/poc/.tools/xpack-riscv-none-elf-gcc-15.2.0-1/bin/../lib/gcc/riscv-none-elf/15.2.0/../../../../riscv-none-elf/lib/libg_nano.a(libc_a-nano-vfprintf_i.o),
by_pc,2147522182,2,30,60,62,2,2,8,18,0,_printf_i,/Users/swchen.tw/git/percepio/poc/.tools/xpack-riscv-none-elf-gcc-15.2.0-1/bin/../lib/gcc/riscv-none-elf/15.2.0/../../../../riscv-none-elf/lib/libg_nano.a(libc_a-nano-vfprintf_i.o),
by_pc,2147522184,2,4,8,10,2,2,0,0,0,_printf_i,/Users/swchen.tw/git/percepio/poc/.tools/xpack-riscv-none-elf-gcc-15.2.0-1/bin/../lib/gcc/riscv-none-elf/15.2.0/../../../../riscv-none-elf/lib/libg_nano.a(libc_a-nano-vfprintf_i.o),
by_pc,2147522186,2,2,4,6,2,0,0,0,0,_printf_i,/Users/swchen.tw/git/percepio/poc/.tools/xpack-riscv-none-elf-gcc-15.2.0-1/bin/../lib/gcc/riscv-none-elf/15.2.0/../../../../riscv-none-elf/lib/libg_nano.a(libc_a-nano-vfprintf_i.o),
by_pc,2147522188,2,2,4,6,2,0,0,0,0,_printf_i,/Users/swchen.tw/git/percepio/poc/.tools/xpack-riscv-none-elf-gcc-15.2.0-1/bin/../lib/gcc/riscv-none-elf/15.2.0/../../../../riscv-none-elf/lib/libg_nano.a(libc_a-nano-vfprintf_i.o),
by_pc,2147522192,2,42,84,86,2,2,16,0,22,_printf_i,/Users/swchen.tw/git/percepio/poc/.tools/xpack-riscv-none-elf-gcc-15.2.0-1/bin/../lib/gcc/riscv-none-elf/15.2.0/../../../../riscv-none-elf/lib/libg_nano.a(libc_a-nano-vfprintf_i.o),
by_pc,2147522194,2,4,8,10,2,2,0,0,0,_printf_i,/Users/swchen.tw/git/percepio/poc/.tools/xpack-riscv-none-elf-gcc-15.2.0-1/bin/../lib/gcc/riscv-none-elf/15.2.0/../../../../riscv-none-elf/lib/libg_nano.a(libc_a-nano-vfprintf_i.o),
by_pc,2147522198,2,2,4,6,2,0,0,0,0,_printf_i,/Users/swchen.tw/git/percepio/poc/.tools/xpack-riscv-none-elf-gcc-15.2.0-1/bin/../lib/gcc/riscv-none-elf/15.2.0/../../../../riscv-none-elf/lib/libg_nano.a(libc_a-nano-vfprintf_i.o),
by_pc,2147522200,2,2,4,6,2,0,0,0,0,_printf_i,/Users/swchen.tw/git/percepio/poc/.tools/xpack-riscv-none-elf-gcc-15.2.0-1/bin/../lib/gcc/riscv-none-elf/15.2.0/../../../../riscv-none-elf/lib/libg_nano.a(libc_a-nano-vfprintf_i.o),
by_pc,2147522202,2,2,4,6,2,0,0,0,0,_printf_i,/Users/swchen.tw/git/percepio/poc/.tools/xpack-riscv-none-elf-gcc-15.2.0-1/bin/../lib/gcc/riscv-none-elf/15.2.0/../../../../riscv-none-elf/lib/libg_nano.a(libc_a-nano-vfprintf_i.o),
by_pc,2147522204,2,2,4,6,2,0,0,0,0,_printf_i,/Users/swchen.tw/git/percepio/poc/.tools/xpack-riscv-none-elf-gcc-15.2.0-1/bin/../lib/gcc/riscv-none-elf/15.2.0/../../../../riscv-none-elf/lib/libg_nano.a(libc_a-nano-vfprintf_i.o),
by_pc,2147522208,2,42,84,86,2,2,16,0,22,_printf_i,/Users/swchen.tw/git/percepio/poc/.tools/xpack-riscv-none-elf-gcc-15.2.0-1/bin/../lib/gcc/riscv-none-elf/15.2.0/../../../../riscv-none-elf/lib/libg_nano.a(libc_a-nano-vfprintf_i.o),
by_pc,2147522210,2,4,8,10,2,2,0,0,0,_printf_i,/Users/swchen.tw/git/percepio/poc/.tools/xpack-riscv-none-elf-gcc-15.2.0-1/bin/../lib/gcc/riscv-none-elf/15.2.0/../../../../riscv-none-elf/lib/libg_nano.a(libc_a-nano-vfprintf_i.o),
by_pc,2147522212,3,63,126,129,3,3,24,0,33,_printf_i,/Users/swchen.tw/git/percepio/poc/.tools/xpack-riscv-none-elf-gcc-15.2.0-1/bin/../lib/gcc/riscv-none-elf/15.2.0/../../../../riscv-none-elf/lib/libg_nano.a(libc_a-nano-vfprintf_i.o),
by_pc,2147522214,3,63,126,129,3,3,24,0,33,_printf_i,/Users/swchen.tw/git/percepio/poc/.tools/xpack-riscv-none-elf-gcc-15.2.0-1/bin/../lib/gcc/riscv-none-elf/15.2.0/../../../../riscv-none-elf/lib/libg_nano.a(libc_a-nano-vfprintf_i.o),
by_pc,2147522218,3,3,6,9,3,0,0,0,0,_printf_i,/Users/swchen.tw/git/percepio/poc/.tools/xpack-riscv-none-elf-gcc-15.2.0-1/bin/../lib/gcc/riscv-none-elf/15.2.0/../../../../riscv-none-elf/lib/libg_nano.a(libc_a-nano-vfprintf_i.o),
by_pc,2147522000,3,29,58,61,3,0,8,18,0,_printf_i,/Users/swchen.tw/git/percepio/poc/.tools/xpack-riscv-none-elf-gcc-15.2.0-1/bin/../lib/gcc/riscv-none-elf/15.2.0/../../../../riscv-none-elf/lib/libg_nano.a(libc_a-nano-vfprintf_i.o),
by_pc,2147522002,3,3,6,9,3,0,0,0,0,_printf_i,/Users/swchen.tw/git/percepio/poc/.tools/xpack-riscv-none-elf-gcc-15.2.0-1/bin/../lib/gcc/riscv-none-elf/15.2.0/../../../../riscv-none-elf/lib/libg_nano.a(libc_a-nano-vfprintf_i.o),
by_pc,2147522004,3,3,6,9,3,0,0,0,0,_printf_i,/Users/swchen.tw/git/percepio/poc/.tools/xpack-riscv-none-elf-gcc-15.2.0-1/bin/../lib/gcc/riscv-none-elf/15.2.0/../../../../riscv-none-elf/lib/libg_nano.a(libc_a-nano-vfprintf_i.o),
by_pc,2147522006,3,3,6,9,3,0,0,0,0,_printf_i,/Users/swchen.tw/git/percepio/poc/.tools/xpack-riscv-none-elf-gcc-15.2.0-1/bin/../lib/gcc/riscv-none-elf/15.2.0/../../../../riscv-none-elf/lib/libg_nano.a(libc_a-nano-vfprintf_i.o),
by_pc,2147522008,3,3,6,9,3,0,0,0,0,_printf_i,/Users/swchen.tw/git/percepio/poc/.tools/xpack-riscv-none-elf-gcc-15.2.0-1/bin/../lib/gcc/riscv-none-elf/15.2.0/../../../../riscv-none-elf/lib/libg_nano.a(libc_a-nano-vfprintf_i.o),
by_pc,2147522010,3,3,6,9,3,0,0,0,0,_printf_i,/Users/swchen.tw/git/percepio/poc/.tools/xpack-riscv-none-elf-gcc-15.2.0-1/bin/../lib/gcc/riscv-none-elf/15.2.0/../../../../riscv-none-elf/lib/libg_nano.a(libc_a-nano-vfprintf_i.o),
by_pc,2147521400,3,29,58,61,3,0,8,18,0,_printf_common,/Users/swchen.tw/git/percepio/poc/.tools/xpack-riscv-none-elf-gcc-15.2.0-1/bin/../lib/gcc/riscv-none-elf/15.2.0/../../../../riscv-none-elf/lib/libg_nano.a(libc_a-nano-vfprintf_i.o),
by_pc,2147521402,3,81,162,165,3,3,24,18,33,_printf_common,/Users/swchen.tw/git/percepio/poc/.tools/xpack-riscv-none-elf-gcc-15.2.0-1/bin/../lib/gcc/riscv-none-elf/15.2.0/../../../../riscv-none-elf/lib/libg_nano.a(libc_a-nano-vfprintf_i.o),
by_pc,2147521404,3,6,12,15,3,3,0,0,0,_printf_common,/Users/swchen.tw/git/percepio/poc/.tools/xpack-riscv-none-elf-gcc-15.2.0-1/bin/../lib/gcc/riscv-none-elf/15.2.0/../../../../riscv-none-elf/lib/libg_nano.a(libc_a-nano-vfprintf_i.o),
by_pc,2147521406,3,3,6,9,3,0,0,0,0,_printf_common,/Users/swchen.tw/git/percepio/poc/.tools/xpack-riscv-none-elf-gcc-15.2.0-1/bin/../lib/gcc/riscv-none-elf/15.2.0/../../../../riscv-none-elf/lib/libg_nano.a(libc_a-nano-vfprintf_i.o),
by_pc,2147521408,3,32,64,67,3,3,8,18,0,_printf_common,/Users/swchen.tw/git/percepio/poc/.tools/xpack-riscv-none-elf-gcc-15.2.0-1/bin/../lib/gcc/riscv-none-elf/15.2.0/../../../../riscv-none-elf/lib/libg_nano.a(libc_a-nano-vfprintf_i.o),
by_pc,2147521410,3,63,126,129,3,3,24,0,33,_printf_common,/Users/swchen.tw/git/percepio/poc/.tools/xpack-riscv-none-elf-gcc-15.2.0-1/bin/../lib/gcc/riscv-none-elf/15.2.0/../../../../riscv-none-elf/lib/libg_nano.a(libc_a-nano-vfprintf_i.o),
by_pc,2147521412,3,63,126,129,3,3,24,0,33,_printf_common,/Users/swchen.tw/git/percepio/poc/.tools/xpack-riscv-none-elf-gcc-15.2.0-1/bin/../lib/gcc/riscv-none-elf/15.2.0/../../../../riscv-none-elf/lib/libg_nano.a(libc_a-nano-vfprintf_i.o),
by_pc,2147521414,3,63,126,129,3,3,24,0,33,_printf_common,/Users/swchen.tw/git/percepio/poc/.tools/xpack-riscv-none-elf-gcc-15.2.0-1/bin/../lib/gcc/riscv-none-elf/15.2.0/../../../../riscv-none-elf/lib/libg_nano.a(libc_a-nano-vfprintf_i.o),
by_pc,2147521416,3,81,162,165,3,3,24,18,33,_printf_common,/Users/swchen.tw/git/percepio/poc/.tools/xpack-riscv-none-elf-gcc-15.2.0-1/bin/../lib/gcc/riscv-none-elf/15.2.0/../../../../riscv-none-elf/lib/libg_nano.a(libc_a-nano-vfprintf_i.o),
by_pc,2147521418,3,63,126,129,3,3,24,0,33,_printf_common,/Users/swchen.tw/git/percepio/poc/.tools/xpack-riscv-none-elf-gcc-15.2.0-1/bin/../lib/gcc/riscv-none-elf/15.2.0/../../../../riscv-none-elf/lib/libg_nano.a(libc_a-nano-vfprintf_i.o),
by_pc,2147521420,3,63,126,129,3,3,24,0,33,_printf_common,/Users/swchen.tw/git/percepio/poc/.tools/xpack-riscv-none-elf-gcc-15.2.0-1/bin/../lib/gcc/riscv-none-elf/15.2.0/../../../../riscv-none-elf/lib/libg_nano.a(libc_a-nano-vfprintf_i.o),
by_pc,2147521422,3,63,126,129,3,3,24,0,33,_printf_common,/Users/swchen.tw/git/percepio/poc/.tools/xpack-riscv-none-elf-gcc-15.2.0-1/bin/../lib/gcc/riscv-none-elf/15.2.0/../../../../riscv-none-elf/lib/libg_nano.a(libc_a-nano-vfprintf_i.o),
by_pc,2147521424,3,63,126,129,3,3,24,0,33,_printf_common,/Users/swchen.tw/git/percepio/poc/.tools/xpack-riscv-none-elf-gcc-15.2.0-1/bin/../lib/gcc/riscv-none-elf/15.2.0/../../../../riscv-none-elf/lib/libg_nano.a(libc_a-nano-vfprintf_i.o),
by_pc,2147521426,3,3,6,9,3,0,0,0,0,_printf_common,/Users/swchen.tw/git/percepio/poc/.tools/xpack-riscv-none-elf-gcc-15.2.0-1/bin/../lib/gcc/riscv-none-elf/15.2.0/../../../../riscv-none-elf/lib/libg_nano.a(libc_a-nano-vfprintf_i.o),
by_pc,2147521428,3,3,6,9,3,0,0,0,0,_printf_common,/Users/swchen.tw/git/percepio/poc/.tools/xpack-riscv-none-elf-gcc-15.2.0-1/bin/../lib/gcc/riscv-none-elf/15.2.0/../../../../riscv-none-elf/lib/libg_nano.a(libc_a-nano-vfprintf_i.o),
by_pc,2147521430,3,3,6,9,3,0,0,0,0,_printf_common,/Users/swchen.tw/git/percepio/poc/.tools/xpack-riscv-none-elf-gcc-15.2.0-1/bin/../lib/gcc/riscv-none-elf/15.2.0/../../../../riscv-none-elf/lib/libg_nano.a(libc_a-nano-vfprintf_i.o),
by_pc,2147521432,3,3,6,9,3,0,0,0,0,_printf_common,/Users/swchen.tw/git/percepio/poc/.tools/xpack-riscv-none-elf-gcc-15.2.0-1/bin/../lib/gcc/riscv-none-elf/15.2.0/../../../../riscv-none-elf/lib/libg_nano.a(libc_a-nano-vfprintf_i.o),
by_pc,2147521434,3,3,6,9,3,0,0,0,0,_printf_common,/Users/swchen.tw/git/percepio/poc/.tools/xpack-riscv-none-elf-gcc-15.2.0-1/bin/../lib/gcc/riscv-none-elf/15.2.0/../../../../riscv-none-elf/lib/libg_nano.a(libc_a-nano-vfprintf_i.o),
by_pc,2147521440,3,63,126,129,3,3,24,0,33,_printf_common,/Users/swchen.tw/git/percepio/poc/.tools/xpack-riscv-none-elf-gcc-15.2.0-1/bin/../lib/gcc/riscv-none-elf/15.2.0/../../../../riscv-none-elf/lib/libg_nano.a(libc_a-nano-vfprintf_i.o),
by_pc,2147521444,3,6,12,15,3,3,0,0,0,_printf_common,/Users/swchen.tw/git/percepio/poc/.tools/xpack-riscv-none-elf-gcc-15.2.0-1/bin/../lib/gcc/riscv-none-elf/15.2.0/../../../../riscv-none-elf/lib/libg_nano.a(libc_a-nano-vfprintf_i.o),
by_pc,2147521448,3,3,6,9,3,0,0,0,0,_printf_common,/Users/swchen.tw/git/percepio/poc/.tools/xpack-riscv-none-elf-gcc-15.2.0-1/bin/../lib/gcc/riscv-none-elf/15.2.0/../../../../riscv-none-elf/lib/libg_nano.a(libc_a-nano-vfprintf_i.o),
by_pc,2147521456,3,6,12,15,3,3,0,0,0,_printf_common,/Users/swchen.tw/git/percepio/poc/.tools/xpack-riscv-none-elf-gcc-15.2.0-1/bin/../lib/gcc/riscv-none-elf/15.2.0/../../../../riscv-none-elf/lib/libg_nano.a(libc_a-nano-vfprintf_i.o),
by_pc,2147521458,3,3,6,9,3,0,0,0,0,_printf_common,/Users/swchen.tw/git/percepio/poc/.tools/xpack-riscv-none-elf-gcc-15.2.0-1/bin/../lib/gcc/riscv-none-elf/15.2.0/../../../../riscv-none-elf/lib/libg_nano.a(libc_a-nano-vfprintf_i.o),
by_pc,2147521462,3,3,6,9,3,0,0,0,0,_printf_common,/Users/swchen.tw/git/percepio/poc/.tools/xpack-riscv-none-elf-gcc-15.2.0-1/bin/../lib/gcc/riscv-none-elf/15.2.0/../../../../riscv-none-elf/lib/libg_nano.a(libc_a-nano-vfprintf_i.o),
by_pc,2147521474,3,32,64,67,3,3,8,18,0,_printf_common,/Users/swchen.tw/git/percepio/poc/.tools/xpack-riscv-none-elf-gcc-15.2.0-1/bin/../lib/gcc/riscv-none-elf/15.2.0/../../../../riscv-none-elf/lib/libg_nano.a(libc_a-nano-vfprintf_i.o),
by_pc,2147521476,3,3,6,9,3,0,0,0,0,_printf_common,/Users/swchen.tw/git/percepio/poc/.tools/xpack-riscv-none-elf-gcc-15.2.0-1/bin/../lib/gcc/riscv-none-elf/15.2.0/../../../../riscv-none-elf/lib/libg_nano.a(libc_a-nano-vfprintf_i.o),
by_pc,2147521478,3,3,6,9,3,0,0,0,0,_printf_common,/Users/swchen.tw/git/percepio/poc/.tools/xpack-riscv-none-elf-gcc-15.2.0-1/bin/../lib/gcc/riscv-none-elf/15.2.0/../../../../riscv-none-elf/lib/libg_nano.a(libc_a-nano-vfprintf_i.o),
by_pc,2147521480,3,3,6,9,3,0,0,0,0,_printf_common,/Users/swchen.tw/git/percepio/poc/.tools/xpack-riscv-none-elf-gcc-15.2.0-1/bin/../lib/gcc/riscv-none-elf/15.2.0/../../../../riscv-none-elf/lib/libg_nano.a(libc_a-nano-vfprintf_i.o),
by_pc,2147521484,3,3,6,9,3,0,0,0,0,_printf_common,/Users/swchen.tw/git/percepio/poc/.tools/xpack-riscv-none-elf-gcc-15.2.0-1/bin/../lib/gcc/riscv-none-elf/15.2.0/../../../../riscv-none-elf/lib/libg_nano.a(libc_a-nano-vfprintf_i.o),
by_pc,2147521486,3,6,12,15,3,3,0,0,0,_printf_common,/Users/swchen.tw/git/percepio/poc/.tools/xpack-riscv-none-elf-gcc-15.2.0-1/bin/../lib/gcc/riscv-none-elf/15.2.0/../../../../riscv-none-elf/lib/libg_nano.a(libc_a-nano-vfprintf_i.o),
by_pc,2147521488,3,6,12,15,3,3,0,0,0,_printf_common,/Users/swchen.tw/git/percepio/poc/.tools/xpack-riscv-none-elf-gcc-15.2.0-1/bin/../lib/gcc/riscv-none-elf/15.2.0/../../../../riscv-none-elf/lib/libg_nano.a(libc_a-nano-vfprintf_i.o),
by_pc,2147521492,3,3,6,9,3,0,0,0,0,_printf_common,/Users/swchen.tw/git/percepio/poc/.tools/xpack-riscv-none-elf-gcc-15.2.0-1/bin/../lib/gcc/riscv-none-elf/15.2.0/../../../../riscv-none-elf/lib/libg_nano.a(libc_a-nano-vfprintf_i.o),
by_pc,2147521494,3,3,6,9,3,0,0,0,0,_printf_common,/Users/swchen.tw/git/percepio/poc/.tools/xpack-riscv-none-elf-gcc-15.2.0-1/bin/../lib/gcc/riscv-none-elf/15.2.0/../../../../riscv-none-elf/lib/libg_nano.a(libc_a-nano-vfprintf_i.o),
by_pc,2147521498,3,6,12,15,3,3,0,0,0,_printf_common,/Users/swchen.tw/git/percepio/poc/.tools/xpack-riscv-none-elf-gcc-15.2.0-1/bin/../lib/gcc/riscv-none-elf/15.2.0/../../../../riscv-none-elf/lib/libg_nano.a(libc_a-nano-vfprintf_i.o),
by_pc,2147521500,3,6,12,15,3,3,0,0,0,_printf_common,/Users/swchen.tw/git/percepio/poc/.tools/xpack-riscv-none-elf-gcc-15.2.0-1/bin/../lib/gcc/riscv-none-elf/15.2.0/../../../../riscv-none-elf/lib/libg_nano.a(libc_a-nano-vfprintf_i.o),
by_pc,2147521504,3,3,6,9,3,0,0,0,0,_printf_common,/Users/swchen.tw/git/percepio/poc/.tools/xpack-riscv-none-elf-gcc-15.2.0-1/bin/../lib/gcc/riscv-none-elf/15.2.0/../../../../riscv-none-elf/lib/libg_nano.a(libc_a-nano-vfprintf_i.o),
by_pc,2147521508,3,3,6,9,3,0,0,0,0,_printf_common,/Users/swchen.tw/git/percepio/poc/.tools/xpack-riscv-none-elf-gcc-15.2.0-1/bin/../lib/gcc/riscv-none-elf/15.2.0/../../../../riscv-none-elf/lib/libg_nano.a(libc_a-nano-vfprintf_i.o),
by_pc,2147521512,3,3,6,9,3,0,0,0,0,_printf_common,/Users/swchen.tw/git/percepio/poc/.tools/xpack-riscv-none-elf-gcc-15.2.0-1/bin/../lib/gcc/riscv-none-elf/15.2.0/../../../../riscv-none-elf/lib/libg_nano.a(libc_a-nano-vfprintf_i.o),
by_pc,2147521514,3,3,6,9,3,0,0,0,0,_printf_common,/Users/swchen.tw/git/percepio/poc/.tools/xpack-riscv-none-elf-gcc-15.2.0-1/bin/../lib/gcc/riscv-none-elf/15.2.0/../../../../riscv-none-elf/lib/libg_nano.a(libc_a-nano-vfprintf_i.o),
by_pc,2147521518,3,3,6,9,3,0,0,0,0,_printf_common,/Users/swchen.tw/git/percepio/poc/.tools/xpack-riscv-none-elf-gcc-15.2.0-1/bin/../lib/gcc/riscv-none-elf/15.2.0/../../../../riscv-none-elf/lib/libg_nano.a(libc_a-nano-vfprintf_i.o),
by_pc,2147521520,3,3,6,9,3,0,0,0,0,_printf_common,/Users/swchen.tw/git/percepio/poc/.tools/xpack-riscv-none-elf-gcc-15.2.0-1/bin/../lib/gcc/riscv-none-elf/15.2.0/../../../../riscv-none-elf/lib/libg_nano.a(libc_a-nano-vfprintf_i.o),
by_pc,2147521522,3,3,6,9,3,0,0,0,0,_printf_common,/Users/swchen.tw/git/percepio/poc/.tools/xpack-riscv-none-elf-gcc-15.2.0-1/bin/../lib/gcc/riscv-none-elf/15.2.0/../../../../riscv-none-elf/lib/libg_nano.a(libc_a-nano-vfprintf_i.o),
by_pc,2147521524,3,3,6,9,3,0,0,0,0,_printf_common,/Users/swchen.tw/git/percepio/poc/.tools/xpack-riscv-none-elf-gcc-15.2.0-1/bin/../lib/gcc/riscv-none-elf/15.2.0/../../../../riscv-none-elf/lib/libg_nano.a(libc_a-nano-vfprintf_i.o),
by_pc,2147521526,3,3,6,9,3,0,0,0,0,_printf_common,/Users/swchen.tw/git/percepio/poc/.tools/xpack-riscv-none-elf-gcc-15.2.0-1/bin/../lib/gcc/riscv-none-elf/15.2.0/../../../../riscv-none-elf/lib/libg_nano.a(libc_a-nano-vfprintf_i.o),
by_pc,2147521530,3,6,12,15,3,3,0,0,0,_printf_common,/Users/swchen.tw/git/percepio/poc/.tools/xpack-riscv-none-elf-gcc-15.2.0-1/bin/../lib/gcc/riscv-none-elf/15.2.0/../../../../riscv-none-elf/lib/libg_nano.a(libc_a-nano-vfprintf_i.o),
by_pc,2147521532,3,3,6,9,3,0,0,0,0,_printf_common,/Users/swchen.tw/git/percepio/poc/.tools/xpack-riscv-none-elf-gcc-15.2.0-1/bin/../lib/gcc/riscv-none-elf/15.2.0/../../../../riscv-none-elf/lib/libg_nano.a(libc_a-nano-vfprintf_i.o),
by_pc,2147521534,3,3,6,9,3,0,0,0,0,_printf_common,/Users/swchen.tw/git/percepio/poc/.tools/xpack-riscv-none-elf-gcc-15.2.0-1/bin/../lib/gcc/riscv-none-elf/15.2.0/../../../../riscv-none-elf/lib/libg_nano.a(libc_a-nano-vfprintf_i.o),
by_pc,2147521536,3,29,58,61,3,0,8,18,0,_printf_common,/Users/swchen.tw/git/percepio/poc/.tools/xpack-riscv-none-elf-gcc-15.2.0-1/bin/../lib/gcc/riscv-none-elf/15.2.0/../../../../riscv-none-elf/lib/libg_nano.a(libc_a-nano-vfprintf_i.o),
by_pc,2147521538,3,3,6,9,3,0,0,0,0,_printf_common,/Users/swchen.tw/git/percepio/poc/.tools/xpack-riscv-none-elf-gcc-15.2.0-1/bin/../lib/gcc/riscv-none-elf/15.2.0/../../../../riscv-none-elf/lib/libg_nano.a(libc_a-nano-vfprintf_i.o),
by_pc,2147521558,3,6,12,15,3,3,0,0,0,_printf_common,/Users/swchen.tw/git/percepio/poc/.tools/xpack-riscv-none-elf-gcc-15.2.0-1/bin/../lib/gcc/riscv-none-elf/15.2.0/../../../../riscv-none-elf/lib/libg_nano.a(libc_a-nano-vfprintf_i.o),
by_pc,2147521560,3,6,12,15,3,3,0,0,0,_printf_common,/Users/swchen.tw/git/percepio/poc/.tools/xpack-riscv-none-elf-gcc-15.2.0-1/bin/../lib/gcc/riscv-none-elf/15.2.0/../../../../riscv-none-elf/lib/libg_nano.a(libc_a-nano-vfprintf_i.o),
by_pc,2147521562,3,3,6,9,3,0,0,0,0,_printf_common,/Users/swchen.tw/git/percepio/poc/.tools/xpack-riscv-none-elf-gcc-15.2.0-1/bin/../lib/gcc/riscv-none-elf/15.2.0/../../../../riscv-none-elf/lib/libg_nano.a(libc_a-nano-vfprintf_i.o),
by_pc,2147521570,3,3,6,9,3,0,0,0,0,_printf_common,/Users/swchen.tw/git/percepio/poc/.tools/xpack-riscv-none-elf-gcc-15.2.0-1/bin/../lib/gcc/riscv-none-elf/15.2.0/../../../../riscv-none-elf/lib/libg_nano.a(libc_a-nano-vfprintf_i.o),
by_pc,2147521572,3,3,6,9,3,0,0,0,0,_printf_common,/Users/swchen.tw/git/percepio/poc/.tools/xpack-riscv-none-elf-gcc-15.2.0-1/bin/../lib/gcc/riscv-none-elf/15.2.0/../../../../riscv-none-elf/lib/libg_nano.a(libc_a-nano-vfprintf_i.o),
by_pc,2147521574,3,3,6,9,3,0,0,0,0,_printf_common,/Users/swchen.tw/git/percepio/poc/.tools/xpack-riscv-none-elf-gcc-15.2.0-1/bin/../lib/gcc/riscv-none-elf/15.2.0/../../../../riscv-none-elf/lib/libg_nano.a(libc_a-nano-vfprintf_i.o),
by_pc,2147521576,3,3,6,9,3,0,0,0,0,_printf_common,/Users/swchen.tw/git/percepio/poc/.tools/xpack-riscv-none-elf-gcc-15.2.0-1/bin/../lib/gcc/riscv-none-elf/15.2.0/../../../../riscv-none-elf/lib/libg_nano.a(libc_a-nano-vfprintf_i.o),
by_pc,2147521580,3,3,6,9,3,0,0,0,0,_printf_common,/Users/swchen.tw/git/percepio/poc/.tools/xpack-riscv-none-elf-gcc-15.2.0-1/bin/../lib/gcc/riscv-none-elf/15.2.0/../../../../riscv-none-elf/lib/libg_nano.a(libc_a-nano-vfprintf_i.o),
by_pc,2147521582,3,3,6,9,3,0,0,0,0,_printf_common,/Users/swchen.tw/git/percepio/poc/.tools/xpack-riscv-none-elf-gcc-15.2.0-1/bin/../lib/gcc/riscv-none-elf/15.2.0/../../../../riscv-none-elf/lib/libg_nano.a(libc_a-nano-vfprintf_i.o),
by_pc,2147521600,3,32,64,67,3,3,8,18,0,_printf_common,/Users/swchen.tw/git/percepio/poc/.tools/xpack-riscv-none-elf-gcc-15.2.0-1/bin/../lib/gcc/riscv-none-elf/15.2.0/../../../../riscv-none-elf/lib/libg_nano.a(libc_a-nano-vfprintf_i.o),
by_pc,2147521602,3,6,12,15,3,3,0,0,0,_printf_common,/Users/swchen.tw/git/percepio/poc/.tools/xpack-riscv-none-elf-gcc-15.2.0-1/bin/../lib/gcc/riscv-none-elf/15.2.0/../../../../riscv-none-elf/lib/libg_nano.a(libc_a-nano-vfprintf_i.o),
by_pc,2147521604,3,6,12,15,3,3,0,0,0,_printf_common,/Users/swchen.tw/git/percepio/poc/.tools/xpack-riscv-none-elf-gcc-15.2.0-1/bin/../lib/gcc/riscv-none-elf/15.2.0/../../../../riscv-none-elf/lib/libg_nano.a(libc_a-nano-vfprintf_i.o),
by_pc,2147521606,3,6,12,15,3,3,0,0,0,_printf_common,/Users/swchen.tw/git/percepio/poc/.tools/xpack-riscv-none-elf-gcc-15.2.0-1/bin/../lib/gcc/riscv-none-elf/15.2.0/../../../../riscv-none-elf/lib/libg_nano.a(libc_a-nano-vfprintf_i.o),
by_pc,2147521608,3,6,12,15,3,3,0,0,0,_printf_common,/Users/swchen.tw/git/percepio/poc/.tools/xpack-riscv-none-elf-gcc-15.2.0-1/bin/../lib/gcc/riscv-none-elf/15.2.0/../../../../riscv-none-elf/lib/libg_nano.a(libc_a-nano-vfprintf_i.o),
by_pc,2147521610,3,6,12,15,3,3,0,0,0,_printf_common,/Users/swchen.tw/git/percepio/poc/.tools/xpack-riscv-none-elf-gcc-15.2.0-1/bin/../lib/gcc/riscv-none-elf/15.2.0/../../../../riscv-none-elf/lib/libg_nano.a(libc_a-nano-vfprintf_i.o),
by_pc,2147521612,3,6,12,15,3,3,0,0,0,_printf_common,/Users/swchen.tw/git/percepio/poc/.tools/xpack-riscv-none-elf-gcc-15.2.0-1/bin/../lib/gcc/riscv-none-elf/15.2.0/../../../../riscv-none-elf/lib/libg_nano.a(libc_a-nano-vfprintf_i.o),
by_pc,2147521614,3,6,12,15,3,3,0,0,0,_printf_common,/Users/swchen.tw/git/percepio/poc/.tools/xpack-riscv-none-elf-gcc-15.2.0-1/bin/../lib/gcc/riscv-none-elf/15.2.0/../../../../riscv-none-elf/lib/libg_nano.a(libc_a-nano-vfprintf_i.o),
by_pc,2147521616,3,6,12,15,3,3,0,0,0,_printf_common,/Users/swchen.tw/git/percepio/poc/.tools/xpack-riscv-none-elf-gcc-15.2.0-1/bin/../lib/gcc/riscv-none-elf/15.2.0/../../../../riscv-none-elf/lib/libg_nano.a(libc_a-nano-vfprintf_i.o),
by_pc,2147521618,3,3,6,9,3,0,0,0,0,_printf_common,/Users/swchen.tw/git/percepio/poc/.tools/xpack-riscv-none-elf-gcc-15.2.0-1/bin/../lib/gcc/riscv-none-elf/15.2.0/../../../../riscv-none-elf/lib/libg_nano.a(libc_a-nano-vfprintf_i.o),
by_pc,2147521620,3,3,6,9,3,0,0,0,0,_printf_common,/Users/swchen.tw/git/percepio/poc/.tools/xpack-riscv-none-elf-gcc-15.2.0-1/bin/../lib/gcc/riscv-none-elf/15.2.0/../../../../riscv-none-elf/lib/libg_nano.a(libc_a-nano-vfprintf_i.o),
by_pc,2147522014,3,3,6,9,3,0,0,0,0,_printf_i,/Users/swchen.tw/git/percepio/poc/.tools/xpack-riscv-none-elf-gcc-15.2.0-1/bin/../lib/gcc/riscv-none-elf/15.2.0/../../../../riscv-none-elf/lib/libg_nano.a(libc_a-nano-vfprintf_i.o),
by_pc,2147522016,3,3,6,9,3,0,0,0,0,_printf_i,/Users/swchen.tw/git/percepio/poc/.tools/xpack-riscv-none-elf-gcc-15.2.0-1/bin/../lib/gcc/riscv-none-elf/15.2.0/../../../../riscv-none-elf/lib/libg_nano.a(libc_a-nano-vfprintf_i.o),
by_pc,2147522220,3,6,12,15,3,3,0,0,0,_printf_i,/Users/swchen.tw/git/percepio/poc/.tools/xpack-riscv-none-elf-gcc-15.2.0-1/bin/../lib/gcc/riscv-none-elf/15.2.0/../../../../riscv-none-elf/lib/libg_nano.a(libc_a-nano-vfprintf_i.o),
by_pc,2147522222,3,3,6,9,3,0,0,0,0,_printf_i,/Users/swchen.tw/git/percepio/poc/.tools/xpack-riscv-none-elf-gcc-15.2.0-1/bin/../lib/gcc/riscv-none-elf/15.2.0/../../../../riscv-none-elf/lib/libg_nano.a(libc_a-nano-vfprintf_i.o),
by_pc,2147522224,3,3,6,9,3,0,0,0,0,_printf_i,/Users/swchen.tw/git/percepio/poc/.tools/xpack-riscv-none-elf-gcc-15.2.0-1/bin/../lib/gcc/riscv-none-elf/15.2.0/../../../../riscv-none-elf/lib/libg_nano.a(libc_a-nano-vfprintf_i.o),
by_pc,2147522226,3,3,6,9,3,0,0,0,0,_printf_i,/Users/swchen.tw/git/percepio/poc/.tools/xpack-riscv-none-elf-gcc-15.2.0-1/bin/../lib/gcc/riscv-none-elf/15.2.0/../../../../riscv-none-elf/lib/libg_nano.a(libc_a-nano-vfprintf_i.o),
by_pc,2147522228,3,3,6,9,3,0,0,0,0,_printf_i,/Users/swchen.tw/git/percepio/poc/.tools/xpack-riscv-none-elf-gcc-15.2.0-1/bin/../lib/gcc/riscv-none-elf/15.2.0/../../../../riscv-none-elf/lib/libg_nano.a(libc_a-nano-vfprintf_i.o),
by_pc,2147522230,3,3,6,9,3,0,0,0,0,_printf_i,/Users/swchen.tw/git/percepio/poc/.tools/xpack-riscv-none-elf-gcc-15.2.0-1/bin/../lib/gcc/riscv-none-elf/15.2.0/../../../../riscv-none-elf/lib/libg_nano.a(libc_a-nano-vfprintf_i.o),
by_pc,2147522234,3,6,12,15,3,3,0,0,0,_printf_i,/Users/swchen.tw/git/percepio/poc/.tools/xpack-riscv-none-elf-gcc-15.2.0-1/bin/../lib/gcc/riscv-none-elf/15.2.0/../../../../riscv-none-elf/lib/libg_nano.a(libc_a-nano-vfprintf_i.o),
by_pc,2147522236,3,3,6,9,3,0,0,0,0,_printf_i,/Users/swchen.tw/git/percepio/poc/.tools/xpack-riscv-none-elf-gcc-15.2.0-1/bin/../lib/gcc/riscv-none-elf/15.2.0/../../../../riscv-none-elf/lib/libg_nano.a(libc_a-nano-vfprintf_i.o),
by_pc,2147522238,3,3,6,9,3,0,0,0,0,_printf_i,/Users/swchen.tw/git/percepio/poc/.tools/xpack-riscv-none-elf-gcc-15.2.0-1/bin/../lib/gcc/riscv-none-elf/15.2.0/../../../../riscv-none-elf/lib/libg_nano.a(libc_a-nano-vfprintf_i.o),
by_pc,2147522240,3,32,64,67,3,3,8,18,0,_printf_i,/Users/swchen.tw/git/percepio/poc/.tools/xpack-riscv-none-elf-gcc-15.2.0-1/bin/../lib/gcc/riscv-none-elf/15.2.0/../../../../riscv-none-elf/lib/libg_nano.a(libc_a-nano-vfprintf_i.o),
by_pc,2147522242,3,6,12,15,3,3,0,0,0,_printf_i,/Users/swchen.tw/git/percepio/poc/.tools/xpack-riscv-none-elf-gcc-15.2.0-1/bin/../lib/gcc/riscv-none-elf/15.2.0/../../../../riscv-none-elf/lib/libg_nano.a(libc_a-nano-vfprintf_i.o),
by_pc,2147522244,3,3,6,9,3,0,0,0,0,_printf_i,/Users/swchen.tw/git/percepio/poc/.tools/xpack-riscv-none-elf-gcc-15.2.0-1/bin/../lib/gcc/riscv-none-elf/15.2.0/../../../../riscv-none-elf/lib/libg_nano.a(libc_a-nano-vfprintf_i.o),
by_pc,2147522248,3,3,6,9,3,0,0,0,0,_printf_i,/Users/swchen.tw/git/percepio/poc/.tools/xpack-riscv-none-elf-gcc-15.2.0-1/bin/../lib/gcc/riscv-none-elf/15.2.0/../../../../riscv-none-elf/lib/libg_nano.a(libc_a-nano-vfprintf_i.o),
by_pc,2147522250,3,3,6,9,3,0,0,0,0,_printf_i,/Users/swchen.tw/git/percepio/poc/.tools/xpack-riscv-none-elf-gcc-15.2.0-1/bin/../lib/gcc/riscv-none-elf/15.2.0/../../../../riscv-none-elf/lib/libg_nano.a(libc_a-nano-vfprintf_i.o),
by_pc,2147522022,3,6,12,15,3,3,0,0,0,_printf_i,/Users/swchen.tw/git/percepio/poc/.tools/xpack-riscv-none-elf-gcc-15.2.0-1/bin/../lib/gcc/riscv-none-elf/15.2.0/../../../../riscv-none-elf/lib/libg_nano.a(libc_a-nano-vfprintf_i.o),
by_pc,2147522024,3,6,12,15,3,3,0,0,0,_printf_i,/Users/swchen.tw/git/percepio/poc/.tools/xpack-riscv-none-elf-gcc-15.2.0-1/bin/../lib/gcc/riscv-none-elf/15.2.0/../../../../riscv-none-elf/lib/libg_nano.a(libc_a-nano-vfprintf_i.o),
by_pc,2147522026,3,6,12,15,3,3,0,0,0,_printf_i,/Users/swchen.tw/git/percepio/poc/.tools/xpack-riscv-none-elf-gcc-15.2.0-1/bin/../lib/gcc/riscv-none-elf/15.2.0/../../../../riscv-none-elf/lib/libg_nano.a(libc_a-nano-vfprintf_i.o),
by_pc,2147522028,3,6,12,15,3,3,0,0,0,_printf_i,/Users/swchen.tw/git/percepio/poc/.tools/xpack-riscv-none-elf-gcc-15.2.0-1/bin/../lib/gcc/riscv-none-elf/15.2.0/../../../../riscv-none-elf/lib/libg_nano.a(libc_a-nano-vfprintf_i.o),
by_pc,2147522030,3,6,12,15,3,3,0,0,0,_printf_i,/Users/swchen.tw/git/percepio/poc/.tools/xpack-riscv-none-elf-gcc-15.2.0-1/bin/../lib/gcc/riscv-none-elf/15.2.0/../../../../riscv-none-elf/lib/libg_nano.a(libc_a-nano-vfprintf_i.o),
by_pc,2147522032,3,6,12,15,3,3,0,0,0,_printf_i,/Users/swchen.tw/git/percepio/poc/.tools/xpack-riscv-none-elf-gcc-15.2.0-1/bin/../lib/gcc/riscv-none-elf/15.2.0/../../../../riscv-none-elf/lib/libg_nano.a(libc_a-nano-vfprintf_i.o),
by_pc,2147522034,3,6,12,15,3,3,0,0,0,_printf_i,/Users/swchen.tw/git/percepio/poc/.tools/xpack-riscv-none-elf-gcc-15.2.0-1/bin/../lib/gcc/riscv-none-elf/15.2.0/../../../../riscv-none-elf/lib/libg_nano.a(libc_a-nano-vfprintf_i.o),
by_pc,2147522036,3,3,6,9,3,0,0,0,0,_printf_i,/Users/swchen.tw/git/percepio/poc/.tools/xpack-riscv-none-elf-gcc-15.2.0-1/bin/../lib/gcc/riscv-none-elf/15.2.0/../../../../riscv-none-elf/lib/libg_nano.a(libc_a-nano-vfprintf_i.o),
by_pc,2147522038,3,3,6,9,3,0,0,0,0,_printf_i,/Users/swchen.tw/git/percepio/poc/.tools/xpack-riscv-none-elf-gcc-15.2.0-1/bin/../lib/gcc/riscv-none-elf/15.2.0/../../../../riscv-none-elf/lib/libg_nano.a(libc_a-nano-vfprintf_i.o),
by_pc,2147521036,3,3,6,9,3,0,0,0,0,_svfiprintf_r,/Users/swchen.tw/git/percepio/poc/.tools/xpack-riscv-none-elf-gcc-15.2.0-1/bin/../lib/gcc/riscv-none-elf/15.2.0/../../../../riscv-none-elf/lib/libg_nano.a(libc_a-nano-svfprintf.o),
by_pc,2147520996,3,3,6,9,3,0,0,0,0,_svfiprintf_r,/Users/swchen.tw/git/percepio/poc/.tools/xpack-riscv-none-elf-gcc-15.2.0-1/bin/../lib/gcc/riscv-none-elf/15.2.0/../../../../riscv-none-elf/lib/libg_nano.a(libc_a-nano-svfprintf.o),
by_pc,2147520998,3,3,6,9,3,0,0,0,0,_svfiprintf_r,/Users/swchen.tw/git/percepio/poc/.tools/xpack-riscv-none-elf-gcc-15.2.0-1/bin/../lib/gcc/riscv-none-elf/15.2.0/../../../../riscv-none-elf/lib/libg_nano.a(libc_a-nano-svfprintf.o),
by_pc,2147520940,3,6,12,15,3,3,0,0,0,_svfiprintf_r,/Users/swchen.tw/git/percepio/poc/.tools/xpack-riscv-none-elf-gcc-15.2.0-1/bin/../lib/gcc/riscv-none-elf/15.2.0/../../../../riscv-none-elf/lib/libg_nano.a(libc_a-nano-svfprintf.o),
by_pc,2147520942,3,3,6,9,3,0,0,0,0,_svfiprintf_r,/Users/swchen.tw/git/percepio/poc/.tools/xpack-riscv-none-elf-gcc-15.2.0-1/bin/../lib/gcc/riscv-none-elf/15.2.0/../../../../riscv-none-elf/lib/libg_nano.a(libc_a-nano-svfprintf.o),
by_pc,2147520946,3,3,6,9,3,0,0,0,0,_svfiprintf_r,/Users/swchen.tw/git/percepio/poc/.tools/xpack-riscv-none-elf-gcc-15.2.0-1/bin/../lib/gcc/riscv-none-elf/15.2.0/../../../../riscv-none-elf/lib/libg_nano.a(libc_a-nano-svfprintf.o),
by_pc,2147520948,3,63,126,129,3,3,24,0,33,_svfiprintf_r,/Users/swchen.tw/git/percepio/poc/.tools/xpack-riscv-none-elf-gcc-15.2.0-1/bin/../lib/gcc/riscv-none-elf/15.2.0/../../../../riscv-none-elf/lib/libg_nano.a(libc_a-nano-svfprintf.o),
by_pc,2147520950,3,3,6,9,3,0,0,0,0,_svfiprintf_r,/Users/swchen.tw/git/percepio/poc/.tools/xpack-riscv-none-elf-gcc-15.2.0-1/bin/../lib/gcc/riscv-none-elf/15.2.0/../../../../riscv-none-elf/lib/libg_nano.a(libc_a-nano-svfprintf.o),
by_pc,2147521722,1,1,2,3,1,0,0,0,0,_printf_i,/Users/swchen.tw/git/percepio/poc/.tools/xpack-riscv-none-elf-gcc-15.2.0-1/bin/../lib/gcc/riscv-none-elf/15.2.0/../../../../riscv-none-elf/lib/libg_nano.a(libc_a-nano-vfprintf_i.o),
by_pc,2147521726,1,2,4,5,2,0,0,0,0,_printf_i,/Users/swchen.tw/git/percepio/poc/.tools/xpack-riscv-none-elf-gcc-15.2.0-1/bin/../lib/gcc/riscv-none-elf/15.2.0/../../../../riscv-none-elf/lib/libg_nano.a(libc_a-nano-vfprintf_i.o),
by_pc,2147521730,1,1,2,3,1,0,0,0,0,_printf_i,/Users/swchen.tw/git/percepio/poc/.tools/xpack-riscv-none-elf-gcc-15.2.0-1/bin/../lib/gcc/riscv-none-elf/15.2.0/../../../../riscv-none-elf/lib/libg_nano.a(libc_a-nano-vfprintf_i.o),
by_pc,2147521734,1,1,2,3,1,0,0,0,0,_printf_i,/Users/swchen.tw/git/percepio/poc/.tools/xpack-riscv-none-elf-gcc-15.2.0-1/bin/../lib/gcc/riscv-none-elf/15.2.0/../../../../riscv-none-elf/lib/libg_nano.a(libc_a-nano-vfprintf_i.o),
by_pc,2147521738,1,1,2,3,1,0,0,0,0,_printf_i,/Users/swchen.tw/git/percepio/poc/.tools/xpack-riscv-none-elf-gcc-15.2.0-1/bin/../lib/gcc/riscv-none-elf/15.2.0/../../../../riscv-none-elf/lib/libg_nano.a(libc_a-nano-vfprintf_i.o),
by_pc,2147521742,1,1,2,3,1,0,0,0,0,_printf_i,/Users/swchen.tw/git/percepio/poc/.tools/xpack-riscv-none-elf-gcc-15.2.0-1/bin/../lib/gcc/riscv-none-elf/15.2.0/../../../../riscv-none-elf/lib/libg_nano.a(libc_a-nano-vfprintf_i.o),
by_pc,2147521746,1,1,2,3,1,0,0,0,0,_printf_i,/Users/swchen.tw/git/percepio/poc/.tools/xpack-riscv-none-elf-gcc-15.2.0-1/bin/../lib/gcc/riscv-none-elf/15.2.0/../../../../riscv-none-elf/lib/libg_nano.a(libc_a-nano-vfprintf_i.o),
by_pc,2147521794,1,47,94,95,1,1,16,18,11,_printf_i,/Users/swchen.tw/git/percepio/poc/.tools/xpack-riscv-none-elf-gcc-15.2.0-1/bin/../lib/gcc/riscv-none-elf/15.2.0/../../../../riscv-none-elf/lib/libg_nano.a(libc_a-nano-vfprintf_i.o),
by_pc,2147521798,1,1,2,3,1,0,0,0,0,_printf_i,/Users/swchen.tw/git/percepio/poc/.tools/xpack-riscv-none-elf-gcc-15.2.0-1/bin/../lib/gcc/riscv-none-elf/15.2.0/../../../../riscv-none-elf/lib/libg_nano.a(libc_a-nano-vfprintf_i.o),
by_pc,2147521800,1,1,2,3,1,0,0,0,0,_printf_i,/Users/swchen.tw/git/percepio/poc/.tools/xpack-riscv-none-elf-gcc-15.2.0-1/bin/../lib/gcc/riscv-none-elf/15.2.0/../../../../riscv-none-elf/lib/libg_nano.a(libc_a-nano-vfprintf_i.o),
by_pc,2147521002,1,2,4,5,1,1,0,0,0,_svfiprintf_r,/Users/swchen.tw/git/percepio/poc/.tools/xpack-riscv-none-elf-gcc-15.2.0-1/bin/../lib/gcc/riscv-none-elf/15.2.0/../../../../riscv-none-elf/lib/libg_nano.a(libc_a-nano-svfprintf.o),
by_pc,2147521006,1,1,2,3,1,0,0,0,0,_svfiprintf_r,/Users/swchen.tw/git/percepio/poc/.tools/xpack-riscv-none-elf-gcc-15.2.0-1/bin/../lib/gcc/riscv-none-elf/15.2.0/../../../../riscv-none-elf/lib/libg_nano.a(libc_a-nano-svfprintf.o),
by_pc,2147521010,1,1,2,3,1,0,0,0,0,_svfiprintf_r,/Users/swchen.tw/git/percepio/poc/.tools/xpack-riscv-none-elf-gcc-15.2.0-1/bin/../lib/gcc/riscv-none-elf/15.2.0/../../../../riscv-none-elf/lib/libg_nano.a(libc_a-nano-svfprintf.o),
by_pc,2147521014,1,2,4,5,1,1,0,0,0,_svfiprintf_r,/Users/swchen.tw/git/percepio/poc/.tools/xpack-riscv-none-elf-gcc-15.2.0-1/bin/../lib/gcc/riscv-none-elf/15.2.0/../../../../riscv-none-elf/lib/libg_nano.a(libc_a-nano-svfprintf.o),
by_pc,2147521016,1,1,2,3,1,0,0,0,0,_svfiprintf_r,/Users/swchen.tw/git/percepio/poc/.tools/xpack-riscv-none-elf-gcc-15.2.0-1/bin/../lib/gcc/riscv-none-elf/15.2.0/../../../../riscv-none-elf/lib/libg_nano.a(libc_a-nano-svfprintf.o),
by_pc,2147520486,1,2,4,5,1,1,0,0,0,_svfiprintf_r,/Users/swchen.tw/git/percepio/poc/.tools/xpack-riscv-none-elf-gcc-15.2.0-1/bin/../lib/gcc/riscv-none-elf/15.2.0/../../../../riscv-none-elf/lib/libg_nano.a(libc_a-nano-svfprintf.o),
by_pc,2147520488,1,2,4,5,1,1,0,0,0,_svfiprintf_r,/Users/swchen.tw/git/percepio/poc/.tools/xpack-riscv-none-elf-gcc-15.2.0-1/bin/../lib/gcc/riscv-none-elf/15.2.0/../../../../riscv-none-elf/lib/libg_nano.a(libc_a-nano-svfprintf.o),
by_pc,2147520490,1,2,4,5,1,1,0,0,0,_svfiprintf_r,/Users/swchen.tw/git/percepio/poc/.tools/xpack-riscv-none-elf-gcc-15.2.0-1/bin/../lib/gcc/riscv-none-elf/15.2.0/../../../../riscv-none-elf/lib/libg_nano.a(libc_a-nano-svfprintf.o),
by_pc,2147520492,1,2,4,5,1,1,0,0,0,_svfiprintf_r,/Users/swchen.tw/git/percepio/poc/.tools/xpack-riscv-none-elf-gcc-15.2.0-1/bin/../lib/gcc/riscv-none-elf/15.2.0/../../../../riscv-none-elf/lib/libg_nano.a(libc_a-nano-svfprintf.o),
by_pc,2147520494,1,2,4,5,1,1,0,0,0,_svfiprintf_r,/Users/swchen.tw/git/percepio/poc/.tools/xpack-riscv-none-elf-gcc-15.2.0-1/bin/../lib/gcc/riscv-none-elf/15.2.0/../../../../riscv-none-elf/lib/libg_nano.a(libc_a-nano-svfprintf.o),
by_pc,2147520496,1,2,4,5,1,1,0,0,0,_svfiprintf_r,/Users/swchen.tw/git/percepio/poc/.tools/xpack-riscv-none-elf-gcc-15.2.0-1/bin/../lib/gcc/riscv-none-elf/15.2.0/../../../../riscv-none-elf/lib/libg_nano.a(libc_a-nano-svfprintf.o),
by_pc,2147520498,1,2,4,5,1,1,0,0,0,_svfiprintf_r,/Users/swchen.tw/git/percepio/poc/.tools/xpack-riscv-none-elf-gcc-15.2.0-1/bin/../lib/gcc/riscv-none-elf/15.2.0/../../../../riscv-none-elf/lib/libg_nano.a(libc_a-nano-svfprintf.o),
by_pc,2147520500,1,2,4,5,1,1,0,0,0,_svfiprintf_r,/Users/swchen.tw/git/percepio/poc/.tools/xpack-riscv-none-elf-gcc-15.2.0-1/bin/../lib/gcc/riscv-none-elf/15.2.0/../../../../riscv-none-elf/lib/libg_nano.a(libc_a-nano-svfprintf.o),
by_pc,2147520502,1,2,4,5,1,1,0,0,0,_svfiprintf_r,/Users/swchen.tw/git/percepio/poc/.tools/xpack-riscv-none-elf-gcc-15.2.0-1/bin/../lib/gcc/riscv-none-elf/15.2.0/../../../../riscv-none-elf/lib/libg_nano.a(libc_a-nano-svfprintf.o),
by_pc,2147520504,1,2,4,5,1,1,0,0,0,_svfiprintf_r,/Users/swchen.tw/git/percepio/poc/.tools/xpack-riscv-none-elf-gcc-15.2.0-1/bin/../lib/gcc/riscv-none-elf/15.2.0/../../../../riscv-none-elf/lib/libg_nano.a(libc_a-nano-svfprintf.o),
by_pc,2147520506,1,1,2,3,1,0,0,0,0,_svfiprintf_r,/Users/swchen.tw/git/percepio/poc/.tools/xpack-riscv-none-elf-gcc-15.2.0-1/bin/../lib/gcc/riscv-none-elf/15.2.0/../../../../riscv-none-elf/lib/libg_nano.a(libc_a-nano-svfprintf.o),
by_pc,2147520508,1,1,2,3,1,0,0,0,0,_svfiprintf_r,/Users/swchen.tw/git/percepio/poc/.tools/xpack-riscv-none-elf-gcc-15.2.0-1/bin/../lib/gcc/riscv-none-elf/15.2.0/../../../../riscv-none-elf/lib/libg_nano.a(libc_a-nano-svfprintf.o),
by_pc,2147519890,1,1,2,3,1,0,0,0,0,sniprintf,/Users/swchen.tw/git/percepio/poc/.tools/xpack-riscv-none-elf-gcc-15.2.0-1/bin/../lib/gcc/riscv-none-elf/15.2.0/../../../../riscv-none-elf/lib/libg_nano.a(libc_a-snprintf.o),
by_pc,2147519892,1,1,2,3,1,0,0,0,0,sniprintf,/Users/swchen.tw/git/percepio/poc/.tools/xpack-riscv-none-elf-gcc-15.2.0-1/bin/../lib/gcc/riscv-none-elf/15.2.0/../../../../riscv-none-elf/lib/libg_nano.a(libc_a-snprintf.o),
by_pc,2147519902,1,1,2,3,1,0,0,0,0,sniprintf,/Users/swchen.tw/git/percepio/poc/.tools/xpack-riscv-none-elf-gcc-15.2.0-1/bin/../lib/gcc/riscv-none-elf/15.2.0/../../../../riscv-none-elf/lib/libg_nano.a(libc_a-snprintf.o),
by_pc,2147519904,1,2,4,5,1,1,0,0,0,sniprintf,/Users/swchen.tw/git/percepio/poc/.tools/xpack-riscv-none-elf-gcc-15.2.0-1/bin/../lib/gcc/riscv-none-elf/15.2.0/../../../../riscv-none-elf/lib/libg_nano.a(libc_a-snprintf.o),
by_pc,2147519906,1,21,42,43,1,1,8,0,11,sniprintf,/Users/swchen.tw/git/percepio/poc/.tools/xpack-riscv-none-elf-gcc-15.2.0-1/bin/../lib/gcc/riscv-none-elf/15.2.0/../../../../riscv-none-elf/lib/libg_nano.a(libc_a-snprintf.o),
by_pc,2147519910,1,1,2,3,1,0,0,0,0,sniprintf,/Users/swchen.tw/git/percepio/poc/.tools/xpack-riscv-none-elf-gcc-15.2.0-1/bin/../lib/gcc/riscv-none-elf/15.2.0/../../../../riscv-none-elf/lib/libg_nano.a(libc_a-snprintf.o),
by_pc,2147519842,1,2,4,5,1,1,0,0,0,sniprintf,/Users/swchen.tw/git/percepio/poc/.tools/xpack-riscv-none-elf-gcc-15.2.0-1/bin/../lib/gcc/riscv-none-elf/15.2.0/../../../../riscv-none-elf/lib/libg_nano.a(libc_a-snprintf.o),
by_pc,2147519844,1,2,4,5,1,1,0,0,0,sniprintf,/Users/swchen.tw/git/percepio/poc/.tools/xpack-riscv-none-elf-gcc-15.2.0-1/bin/../lib/gcc/riscv-none-elf/15.2.0/../../../../riscv-none-elf/lib/libg_nano.a(libc_a-snprintf.o),
by_pc,2147519846,1,2,4,5,1,1,0,0,0,sniprintf,/Users/swchen.tw/git/percepio/poc/.tools/xpack-riscv-none-elf-gcc-15.2.0-1/bin/../lib/gcc/riscv-none-elf/15.2.0/../../../../riscv-none-elf/lib/libg_nano.a(libc_a-snprintf.o),
by_pc,2147519848,1,1,2,3,1,0,0,0,0,sniprintf,/Users/swchen.tw/git/percepio/poc/.tools/xpack-riscv-none-elf-gcc-15.2.0-1/bin/../lib/gcc/riscv-none-elf/15.2.0/../../../../riscv-none-elf/lib/libg_nano.a(libc_a-snprintf.o),
by_pc,2147519850,1,1,2,3,1,0,0,0,0,sniprintf,/Users/swchen.tw/git/percepio/poc/.tools/xpack-riscv-none-elf-gcc-15.2.0-1/bin/../lib/gcc/riscv-none-elf/15.2.0/../../../../riscv-none-elf/lib/libg_nano.a(libc_a-snprintf.o),
by_pc,2147493948,1,2,4,5,1,1,0,0,0,poc_mark,/Users/swchen.tw/git/percepio/poc/runs/tcp-workload-matrix-v1/A04-pbuf/build/main.o,
by_pc,2147493952,1,27,54,55,1,0,8,18,0,poc_mark,/Users/swchen.tw/git/percepio/poc/runs/tcp-workload-matrix-v1/A04-pbuf/build/main.o,
by_pc,2147493954,1,1,2,3,1,0,0,0,0,poc_mark,/Users/swchen.tw/git/percepio/poc/runs/tcp-workload-matrix-v1/A04-pbuf/build/main.o,
by_pc,2147493956,1,1,2,3,1,0,0,0,0,poc_mark,/Users/swchen.tw/git/percepio/poc/runs/tcp-workload-matrix-v1/A04-pbuf/build/main.o,
by_pc,2147491812,1,27,54,55,1,0,8,18,0,xTracePrintF,/Users/swchen.tw/git/percepio/poc/runs/tcp-workload-matrix-v1/A04-pbuf/build/trcPrint.o,
by_pc,2147491814,1,21,42,43,1,1,8,0,11,xTracePrintF,/Users/swchen.tw/git/percepio/poc/runs/tcp-workload-matrix-v1/A04-pbuf/build/trcPrint.o,
by_pc,2147491816,1,2,4,5,1,1,0,0,0,xTracePrintF,/Users/swchen.tw/git/percepio/poc/runs/tcp-workload-matrix-v1/A04-pbuf/build/trcPrint.o,
by_pc,2147491820,1,21,42,43,1,1,8,0,11,xTracePrintF,/Users/swchen.tw/git/percepio/poc/runs/tcp-workload-matrix-v1/A04-pbuf/build/trcPrint.o,
by_pc,2147491822,1,21,42,43,1,1,8,0,11,xTracePrintF,/Users/swchen.tw/git/percepio/poc/runs/tcp-workload-matrix-v1/A04-pbuf/build/trcPrint.o,
by_pc,2147491824,1,21,42,43,1,1,8,0,11,xTracePrintF,/Users/swchen.tw/git/percepio/poc/runs/tcp-workload-matrix-v1/A04-pbuf/build/trcPrint.o,
by_pc,2147491826,1,21,42,43,1,1,8,0,11,xTracePrintF,/Users/swchen.tw/git/percepio/poc/runs/tcp-workload-matrix-v1/A04-pbuf/build/trcPrint.o,
by_pc,2147491828,1,21,42,43,1,1,8,0,11,xTracePrintF,/Users/swchen.tw/git/percepio/poc/runs/tcp-workload-matrix-v1/A04-pbuf/build/trcPrint.o,
by_pc,2147491830,1,21,42,43,1,1,8,0,11,xTracePrintF,/Users/swchen.tw/git/percepio/poc/runs/tcp-workload-matrix-v1/A04-pbuf/build/trcPrint.o,
by_pc,2147491832,1,1,2,3,1,0,0,0,0,xTracePrintF,/Users/swchen.tw/git/percepio/poc/runs/tcp-workload-matrix-v1/A04-pbuf/build/trcPrint.o,
by_pc,2147491836,1,1,2,3,1,0,0,0,0,xTracePrintF,/Users/swchen.tw/git/percepio/poc/runs/tcp-workload-matrix-v1/A04-pbuf/build/trcPrint.o,
by_pc,2147491840,1,27,54,55,1,0,8,18,0,xTracePrintF,/Users/swchen.tw/git/percepio/poc/runs/tcp-workload-matrix-v1/A04-pbuf/build/trcPrint.o,
by_pc,2147491842,1,1,2,3,1,0,0,0,0,xTracePrintF,/Users/swchen.tw/git/percepio/poc/runs/tcp-workload-matrix-v1/A04-pbuf/build/trcPrint.o,
by_pc,2147491844,1,21,42,43,1,1,8,0,11,xTracePrintF,/Users/swchen.tw/git/percepio/poc/runs/tcp-workload-matrix-v1/A04-pbuf/build/trcPrint.o,
by_pc,2147491846,1,1,2,3,1,0,0,0,0,xTracePrintF,/Users/swchen.tw/git/percepio/poc/runs/tcp-workload-matrix-v1/A04-pbuf/build/trcPrint.o,
by_pc,2147491720,1,28,56,57,1,1,8,18,0,xTraceVPrintF,/Users/swchen.tw/git/percepio/poc/runs/tcp-workload-matrix-v1/A04-pbuf/build/trcPrint.o,
by_pc,2147491724,1,1,2,3,1,0,0,0,0,xTraceVPrintF,/Users/swchen.tw/git/percepio/poc/runs/tcp-workload-matrix-v1/A04-pbuf/build/trcPrint.o,
by_pc,2147491726,1,1,2,3,1,0,0,0,0,xTraceVPrintF,/Users/swchen.tw/git/percepio/poc/runs/tcp-workload-matrix-v1/A04-pbuf/build/trcPrint.o,
by_pc,2147491730,1,1,2,3,1,0,0,0,0,xTraceVPrintF,/Users/swchen.tw/git/percepio/poc/runs/tcp-workload-matrix-v1/A04-pbuf/build/trcPrint.o,
by_pc,2147491734,1,1,2,3,1,0,0,0,0,xTraceVPrintF,/Users/swchen.tw/git/percepio/poc/runs/tcp-workload-matrix-v1/A04-pbuf/build/trcPrint.o,
by_pc,2147491744,1,1,2,3,1,0,0,0,0,xTraceVPrintF,/Users/swchen.tw/git/percepio/poc/runs/tcp-workload-matrix-v1/A04-pbuf/build/trcPrint.o,
by_pc,2147491746,1,1,2,3,1,0,0,0,0,xTraceVPrintF,/Users/swchen.tw/git/percepio/poc/runs/tcp-workload-matrix-v1/A04-pbuf/build/trcPrint.o,
by_pc,2147491748,1,1,2,3,1,0,0,0,0,xTraceVPrintF,/Users/swchen.tw/git/percepio/poc/runs/tcp-workload-matrix-v1/A04-pbuf/build/trcPrint.o,
by_pc,2147491752,44,44,88,132,44,0,0,0,0,xTraceVPrintF,/Users/swchen.tw/git/percepio/poc/runs/tcp-workload-matrix-v1/A04-pbuf/build/trcPrint.o,
by_pc,2147491756,44,88,176,220,44,44,0,0,0,xTraceVPrintF,/Users/swchen.tw/git/percepio/poc/runs/tcp-workload-matrix-v1/A04-pbuf/build/trcPrint.o,
by_pc,2147491760,44,44,88,132,44,0,0,0,0,xTraceVPrintF,/Users/swchen.tw/git/percepio/poc/runs/tcp-workload-matrix-v1/A04-pbuf/build/trcPrint.o,
by_pc,2147491764,44,44,88,132,44,0,0,0,0,xTraceVPrintF,/Users/swchen.tw/git/percepio/poc/runs/tcp-workload-matrix-v1/A04-pbuf/build/trcPrint.o,
by_pc,2147491768,43,43,86,129,43,0,0,0,0,xTraceVPrintF,/Users/swchen.tw/git/percepio/poc/runs/tcp-workload-matrix-v1/A04-pbuf/build/trcPrint.o,
by_pc,2147491772,43,43,86,129,43,0,0,0,0,xTraceVPrintF,/Users/swchen.tw/git/percepio/poc/runs/tcp-workload-matrix-v1/A04-pbuf/build/trcPrint.o,
by_pc,2147491780,43,43,86,129,43,0,0,0,0,xTraceVPrintF,/Users/swchen.tw/git/percepio/poc/runs/tcp-workload-matrix-v1/A04-pbuf/build/trcPrint.o,
by_pc,2147491804,43,43,86,129,43,0,0,0,0,xTraceVPrintF,/Users/swchen.tw/git/percepio/poc/runs/tcp-workload-matrix-v1/A04-pbuf/build/trcPrint.o,
by_pc,2147491806,43,43,86,129,43,0,0,0,0,xTraceVPrintF,/Users/swchen.tw/git/percepio/poc/runs/tcp-workload-matrix-v1/A04-pbuf/build/trcPrint.o,
by_pc,2147491784,1,1,2,3,1,0,0,0,0,xTraceVPrintF,/Users/swchen.tw/git/percepio/poc/runs/tcp-workload-matrix-v1/A04-pbuf/build/trcPrint.o,
by_pc,2147491788,1,2,4,5,1,1,0,0,0,xTraceVPrintF,/Users/swchen.tw/git/percepio/poc/runs/tcp-workload-matrix-v1/A04-pbuf/build/trcPrint.o,
by_pc,2147491792,1,1,2,3,1,0,0,0,0,xTraceVPrintF,/Users/swchen.tw/git/percepio/poc/runs/tcp-workload-matrix-v1/A04-pbuf/build/trcPrint.o,
by_pc,2147491796,1,1,2,3,1,0,0,0,0,xTraceVPrintF,/Users/swchen.tw/git/percepio/poc/runs/tcp-workload-matrix-v1/A04-pbuf/build/trcPrint.o,
by_pc,2147491798,1,1,2,3,1,0,0,0,0,xTraceVPrintF,/Users/swchen.tw/git/percepio/poc/runs/tcp-workload-matrix-v1/A04-pbuf/build/trcPrint.o,
by_pc,2147491802,1,1,2,3,1,0,0,0,0,xTraceVPrintF,/Users/swchen.tw/git/percepio/poc/runs/tcp-workload-matrix-v1/A04-pbuf/build/trcPrint.o,
by_pc,2147491776,1,1,2,3,1,0,0,0,0,xTraceVPrintF,/Users/swchen.tw/git/percepio/poc/runs/tcp-workload-matrix-v1/A04-pbuf/build/trcPrint.o,
by_pc,2147491266,1,27,54,55,1,0,8,18,0,prvTraceVPrintF,/Users/swchen.tw/git/percepio/poc/runs/tcp-workload-matrix-v1/A04-pbuf/build/trcPrint.o,
by_pc,2147491268,1,21,42,43,1,1,8,0,11,prvTraceVPrintF,/Users/swchen.tw/git/percepio/poc/runs/tcp-workload-matrix-v1/A04-pbuf/build/trcPrint.o,
by_pc,2147491270,1,21,42,43,1,1,8,0,11,prvTraceVPrintF,/Users/swchen.tw/git/percepio/poc/runs/tcp-workload-matrix-v1/A04-pbuf/build/trcPrint.o,
by_pc,2147491272,1,21,42,43,1,1,8,0,11,prvTraceVPrintF,/Users/swchen.tw/git/percepio/poc/runs/tcp-workload-matrix-v1/A04-pbuf/build/trcPrint.o,
by_pc,2147491274,1,21,42,43,1,1,8,0,11,prvTraceVPrintF,/Users/swchen.tw/git/percepio/poc/runs/tcp-workload-matrix-v1/A04-pbuf/build/trcPrint.o,
by_pc,2147491276,1,1,2,3,1,0,0,0,0,prvTraceVPrintF,/Users/swchen.tw/git/percepio/poc/runs/tcp-workload-matrix-v1/A04-pbuf/build/trcPrint.o,
by_pc,2147491278,1,1,2,3,1,0,0,0,0,prvTraceVPrintF,/Users/swchen.tw/git/percepio/poc/runs/tcp-workload-matrix-v1/A04-pbuf/build/trcPrint.o,
by_pc,2147491280,1,1,2,3,1,0,0,0,0,prvTraceVPrintF,/Users/swchen.tw/git/percepio/poc/runs/tcp-workload-matrix-v1/A04-pbuf/build/trcPrint.o,
by_pc,2147491282,1,1,2,3,1,0,0,0,0,prvTraceVPrintF,/Users/swchen.tw/git/percepio/poc/runs/tcp-workload-matrix-v1/A04-pbuf/build/trcPrint.o,
by_pc,2147491298,1,1,2,3,1,0,0,0,0,prvTraceVPrintF,/Users/swchen.tw/git/percepio/poc/runs/tcp-workload-matrix-v1/A04-pbuf/build/trcPrint.o,
by_pc,2147491300,1,1,2,3,1,0,0,0,0,prvTraceVPrintF,/Users/swchen.tw/git/percepio/poc/runs/tcp-workload-matrix-v1/A04-pbuf/build/trcPrint.o,
by_pc,2147491304,1,1,2,3,1,0,0,0,0,prvTraceVPrintF,/Users/swchen.tw/git/percepio/poc/runs/tcp-workload-matrix-v1/A04-pbuf/build/trcPrint.o,
by_pc,2147491308,1,1,2,3,1,0,0,0,0,prvTraceVPrintF,/Users/swchen.tw/git/percepio/poc/runs/tcp-workload-matrix-v1/A04-pbuf/build/trcPrint.o,
by_pc,2147491312,1,1,2,3,1,0,0,0,0,prvTraceVPrintF,/Users/swchen.tw/git/percepio/poc/runs/tcp-workload-matrix-v1/A04-pbuf/build/trcPrint.o,
by_pc,2147491314,1,1,2,3,1,0,0,0,0,prvTraceVPrintF,/Users/swchen.tw/git/percepio/poc/runs/tcp-workload-matrix-v1/A04-pbuf/build/trcPrint.o,
by_pc,2147491316,1,10,20,21,1,1,8,0,0,prvTraceVPrintF,/Users/swchen.tw/git/percepio/poc/runs/tcp-workload-matrix-v1/A04-pbuf/build/trcPrint.o,
by_pc,2147491318,1,1,2,3,1,0,0,0,0,prvTraceVPrintF,/Users/swchen.tw/git/percepio/poc/runs/tcp-workload-matrix-v1/A04-pbuf/build/trcPrint.o,
by_pc,2147491320,1,1,2,3,1,0,0,0,0,prvTraceVPrintF,/Users/swchen.tw/git/percepio/poc/runs/tcp-workload-matrix-v1/A04-pbuf/build/trcPrint.o,
by_pc,2147491386,1,28,56,57,1,1,8,18,0,prvTraceVPrintF,/Users/swchen.tw/git/percepio/poc/runs/tcp-workload-matrix-v1/A04-pbuf/build/trcPrint.o,
by_pc,2147491388,1,1,2,3,1,0,0,0,0,prvTraceVPrintF,/Users/swchen.tw/git/percepio/poc/runs/tcp-workload-matrix-v1/A04-pbuf/build/trcPrint.o,
by_pc,2147491390,1,1,2,3,1,0,0,0,0,prvTraceVPrintF,/Users/swchen.tw/git/percepio/poc/runs/tcp-workload-matrix-v1/A04-pbuf/build/trcPrint.o,
by_pc,2147491392,1,27,54,55,1,0,8,18,0,prvTraceVPrintF,/Users/swchen.tw/git/percepio/poc/runs/tcp-workload-matrix-v1/A04-pbuf/build/trcPrint.o,
by_pc,2147491396,1,21,42,43,1,1,8,0,11,prvTraceVPrintF,/Users/swchen.tw/git/percepio/poc/runs/tcp-workload-matrix-v1/A04-pbuf/build/trcPrint.o,
by_pc,2147491398,1,2,4,5,1,1,0,0,0,prvTraceVPrintF,/Users/swchen.tw/git/percepio/poc/runs/tcp-workload-matrix-v1/A04-pbuf/build/trcPrint.o,
by_pc,2147491400,1,2,4,5,1,1,0,0,0,prvTraceVPrintF,/Users/swchen.tw/git/percepio/poc/runs/tcp-workload-matrix-v1/A04-pbuf/build/trcPrint.o,
by_pc,2147491402,1,2,4,5,1,1,0,0,0,prvTraceVPrintF,/Users/swchen.tw/git/percepio/poc/runs/tcp-workload-matrix-v1/A04-pbuf/build/trcPrint.o,
by_pc,2147491404,1,2,4,5,1,1,0,0,0,prvTraceVPrintF,/Users/swchen.tw/git/percepio/poc/runs/tcp-workload-matrix-v1/A04-pbuf/build/trcPrint.o,
by_pc,2147491406,1,2,4,5,1,1,0,0,0,prvTraceVPrintF,/Users/swchen.tw/git/percepio/poc/runs/tcp-workload-matrix-v1/A04-pbuf/build/trcPrint.o,
by_pc,2147491408,1,1,2,3,1,0,0,0,0,prvTraceVPrintF,/Users/swchen.tw/git/percepio/poc/runs/tcp-workload-matrix-v1/A04-pbuf/build/trcPrint.o,
by_pc,2147491410,1,1,2,3,1,0,0,0,0,prvTraceVPrintF,/Users/swchen.tw/git/percepio/poc/runs/tcp-workload-matrix-v1/A04-pbuf/build/trcPrint.o,
by_pc,2147491414,1,1,2,3,1,0,0,0,0,prvTraceVPrintF,/Users/swchen.tw/git/percepio/poc/runs/tcp-workload-matrix-v1/A04-pbuf/build/trcPrint.o,
by_pc,2147491416,1,1,2,3,1,0,0,0,0,prvTraceVPrintF,/Users/swchen.tw/git/percepio/poc/runs/tcp-workload-matrix-v1/A04-pbuf/build/trcPrint.o,
by_pc,2147489598,1,27,54,55,1,0,8,18,0,xTraceEventCreateData2,/Users/swchen.tw/git/percepio/poc/runs/tcp-workload-matrix-v1/A04-pbuf/build/trcEvent.o,
by_pc,2147489600,1,47,94,95,1,1,16,18,11,xTraceEventCreateData2,/Users/swchen.tw/git/percepio/poc/runs/tcp-workload-matrix-v1/A04-pbuf/build/trcEvent.o,
by_pc,2147489602,1,1,2,3,1,0,0,0,0,xTraceEventCreateData2,/Users/swchen.tw/git/percepio/poc/runs/tcp-workload-matrix-v1/A04-pbuf/build/trcEvent.o,
by_pc,2147489606,1,1,2,3,1,0,0,0,0,xTraceEventCreateData2,/Users/swchen.tw/git/percepio/poc/runs/tcp-workload-matrix-v1/A04-pbuf/build/trcEvent.o,
by_pc,2147489608,1,21,42,43,1,1,8,0,11,xTraceEventCreateData2,/Users/swchen.tw/git/percepio/poc/runs/tcp-workload-matrix-v1/A04-pbuf/build/trcEvent.o,
by_pc,2147489610,1,21,42,43,1,1,8,0,11,xTraceEventCreateData2,/Users/swchen.tw/git/percepio/poc/runs/tcp-workload-matrix-v1/A04-pbuf/build/trcEvent.o,
by_pc,2147489612,1,21,42,43,1,1,8,0,11,xTraceEventCreateData2,/Users/swchen.tw/git/percepio/poc/runs/tcp-workload-matrix-v1/A04-pbuf/build/trcEvent.o,
by_pc,2147489614,1,21,42,43,1,1,8,0,11,xTraceEventCreateData2,/Users/swchen.tw/git/percepio/poc/runs/tcp-workload-matrix-v1/A04-pbuf/build/trcEvent.o,
by_pc,2147489616,1,21,42,43,1,1,8,0,11,xTraceEventCreateData2,/Users/swchen.tw/git/percepio/poc/runs/tcp-workload-matrix-v1/A04-pbuf/build/trcEvent.o,
by_pc,2147489618,1,21,42,43,1,1,8,0,11,xTraceEventCreateData2,/Users/swchen.tw/git/percepio/poc/runs/tcp-workload-matrix-v1/A04-pbuf/build/trcEvent.o,
by_pc,2147489620,1,21,42,43,1,1,8,0,11,xTraceEventCreateData2,/Users/swchen.tw/git/percepio/poc/runs/tcp-workload-matrix-v1/A04-pbuf/build/trcEvent.o,
by_pc,2147489622,1,1,2,3,1,0,0,0,0,xTraceEventCreateData2,/Users/swchen.tw/git/percepio/poc/runs/tcp-workload-matrix-v1/A04-pbuf/build/trcEvent.o,
by_pc,2147489626,1,1,2,3,1,0,0,0,0,xTraceEventCreateData2,/Users/swchen.tw/git/percepio/poc/runs/tcp-workload-matrix-v1/A04-pbuf/build/trcEvent.o,
by_pc,2147489630,1,1,2,3,1,0,0,0,0,xTraceEventCreateData2,/Users/swchen.tw/git/percepio/poc/runs/tcp-workload-matrix-v1/A04-pbuf/build/trcEvent.o,
by_pc,2147489638,1,2,4,5,1,1,0,0,0,xTraceEventCreateData2,/Users/swchen.tw/git/percepio/poc/runs/tcp-workload-matrix-v1/A04-pbuf/build/trcEvent.o,
by_pc,2147489642,1,1,2,3,1,0,0,0,0,xTraceEventCreateData2,/Users/swchen.tw/git/percepio/poc/runs/tcp-workload-matrix-v1/A04-pbuf/build/trcEvent.o,
by_pc,2147489644,1,1,2,3,1,0,0,0,0,xTraceEventCreateData2,/Users/swchen.tw/git/percepio/poc/runs/tcp-workload-matrix-v1/A04-pbuf/build/trcEvent.o,
by_pc,2147489646,1,2,4,5,1,1,0,0,0,xTraceEventCreateData2,/Users/swchen.tw/git/percepio/poc/runs/tcp-workload-matrix-v1/A04-pbuf/build/trcEvent.o,
by_pc,2147489650,1,2,4,5,1,1,0,0,0,xTraceEventCreateData2,/Users/swchen.tw/git/percepio/poc/runs/tcp-workload-matrix-v1/A04-pbuf/build/trcEvent.o,
by_pc,2147489652,1,1,2,3,1,0,0,0,0,xTraceEventCreateData2,/Users/swchen.tw/git/percepio/poc/runs/tcp-workload-matrix-v1/A04-pbuf/build/trcEvent.o,
by_pc,2147489654,1,1,2,3,1,0,0,0,0,xTraceEventCreateData2,/Users/swchen.tw/git/percepio/poc/runs/tcp-workload-matrix-v1/A04-pbuf/build/trcEvent.o,
by_pc,2147489656,1,1,2,3,1,0,0,0,0,xTraceEventCreateData2,/Users/swchen.tw/git/percepio/poc/runs/tcp-workload-matrix-v1/A04-pbuf/build/trcEvent.o,
by_pc,2147489658,1,1,2,3,1,0,0,0,0,xTraceEventCreateData2,/Users/swchen.tw/git/percepio/poc/runs/tcp-workload-matrix-v1/A04-pbuf/build/trcEvent.o,
by_pc,2147489660,1,1,2,3,1,0,0,0,0,xTraceEventCreateData2,/Users/swchen.tw/git/percepio/poc/runs/tcp-workload-matrix-v1/A04-pbuf/build/trcEvent.o,
by_pc,2147489664,1,27,54,55,1,0,8,18,0,xTraceEventCreateData2,/Users/swchen.tw/git/percepio/poc/runs/tcp-workload-matrix-v1/A04-pbuf/build/trcEvent.o,
by_pc,2147489668,1,2,4,5,1,1,0,0,0,xTraceEventCreateData2,/Users/swchen.tw/git/percepio/poc/runs/tcp-workload-matrix-v1/A04-pbuf/build/trcEvent.o,
by_pc,2147489670,1,1,2,3,1,0,0,0,0,xTraceEventCreateData2,/Users/swchen.tw/git/percepio/poc/runs/tcp-workload-matrix-v1/A04-pbuf/build/trcEvent.o,
by_pc,2147489672,1,2,4,5,1,1,0,0,0,xTraceEventCreateData2,/Users/swchen.tw/git/percepio/poc/runs/tcp-workload-matrix-v1/A04-pbuf/build/trcEvent.o,
by_pc,2147489674,1,1,2,3,1,0,0,0,0,xTraceEventCreateData2,/Users/swchen.tw/git/percepio/poc/runs/tcp-workload-matrix-v1/A04-pbuf/build/trcEvent.o,
by_pc,2147489676,1,21,42,43,1,1,8,0,11,xTraceEventCreateData2,/Users/swchen.tw/git/percepio/poc/runs/tcp-workload-matrix-v1/A04-pbuf/build/trcEvent.o,
by_pc,2147489678,1,2,4,5,1,1,0,0,0,xTraceEventCreateData2,/Users/swchen.tw/git/percepio/poc/runs/tcp-workload-matrix-v1/A04-pbuf/build/trcEvent.o,
by_pc,2147489682,1,2,4,5,1,1,0,0,0,xTraceEventCreateData2,/Users/swchen.tw/git/percepio/poc/runs/tcp-workload-matrix-v1/A04-pbuf/build/trcEvent.o,
by_pc,2147489686,1,2,4,5,1,1,0,0,0,xTraceEventCreateData2,/Users/swchen.tw/git/percepio/poc/runs/tcp-workload-matrix-v1/A04-pbuf/build/trcEvent.o,
by_pc,2147489688,1,1,2,3,1,0,0,0,0,xTraceEventCreateData2,/Users/swchen.tw/git/percepio/poc/runs/tcp-workload-matrix-v1/A04-pbuf/build/trcEvent.o,
by_pc,2147489690,1,1,2,3,1,0,0,0,0,xTraceEventCreateData2,/Users/swchen.tw/git/percepio/poc/runs/tcp-workload-matrix-v1/A04-pbuf/build/trcEvent.o,
by_pc,2147489692,1,1,2,3,1,0,0,0,0,xTraceEventCreateData2,/Users/swchen.tw/git/percepio/poc/runs/tcp-workload-matrix-v1/A04-pbuf/build/trcEvent.o,
by_pc,2147489694,1,1,2,3,1,0,0,0,0,xTraceEventCreateData2,/Users/swchen.tw/git/percepio/poc/runs/tcp-workload-matrix-v1/A04-pbuf/build/trcEvent.o,
by_pc,2147489698,1,1,2,3,1,0,0,0,0,xTraceEventCreateData2,/Users/swchen.tw/git/percepio/poc/runs/tcp-workload-matrix-v1/A04-pbuf/build/trcEvent.o,
by_pc,2147489700,1,1,2,3,1,0,0,0,0,xTraceEventCreateData2,/Users/swchen.tw/git/percepio/poc/runs/tcp-workload-matrix-v1/A04-pbuf/build/trcEvent.o,
by_pc,2147489702,1,21,42,43,1,1,8,0,11,xTraceEventCreateData2,/Users/swchen.tw/git/percepio/poc/runs/tcp-workload-matrix-v1/A04-pbuf/build/trcEvent.o,
by_pc,2147489706,1,2,4,5,1,1,0,0,0,xTraceEventCreateData2,/Users/swchen.tw/git/percepio/poc/runs/tcp-workload-matrix-v1/A04-pbuf/build/trcEvent.o,
by_pc,2147489708,1,2,4,5,1,1,0,0,0,xTraceEventCreateData2,/Users/swchen.tw/git/percepio/poc/runs/tcp-workload-matrix-v1/A04-pbuf/build/trcEvent.o,
by_pc,2147489710,1,21,42,43,1,1,8,0,11,xTraceEventCreateData2,/Users/swchen.tw/git/percepio/poc/runs/tcp-workload-matrix-v1/A04-pbuf/build/trcEvent.o,
by_pc,2147489714,1,1,2,3,1,0,0,0,0,xTraceEventCreateData2,/Users/swchen.tw/git/percepio/poc/runs/tcp-workload-matrix-v1/A04-pbuf/build/trcEvent.o,
by_pc,2147489718,1,2,4,5,1,1,0,0,0,xTraceEventCreateData2,/Users/swchen.tw/git/percepio/poc/runs/tcp-workload-matrix-v1/A04-pbuf/build/trcEvent.o,
by_pc,2147489722,1,21,42,43,1,1,8,0,11,xTraceEventCreateData2,/Users/swchen.tw/git/percepio/poc/runs/tcp-workload-matrix-v1/A04-pbuf/build/trcEvent.o,
by_pc,2147489724,1,2,4,5,1,1,0,0,0,xTraceEventCreateData2,/Users/swchen.tw/git/percepio/poc/runs/tcp-workload-matrix-v1/A04-pbuf/build/trcEvent.o,
by_pc,2147489726,1,28,56,57,2,0,8,18,0,xTraceEventCreateData2,/Users/swchen.tw/git/percepio/poc/runs/tcp-workload-matrix-v1/A04-pbuf/build/trcEvent.o,
by_pc,2147489736,1,2,4,5,1,1,0,0,0,xTraceEventCreateData2,/Users/swchen.tw/git/percepio/poc/runs/tcp-workload-matrix-v1/A04-pbuf/build/trcEvent.o,
by_pc,2147489738,1,1,2,3,1,0,0,0,0,xTraceEventCreateData2,/Users/swchen.tw/git/percepio/poc/runs/tcp-workload-matrix-v1/A04-pbuf/build/trcEvent.o,
by_pc,2147489740,1,1,2,3,1,0,0,0,0,xTraceEventCreateData2,/Users/swchen.tw/git/percepio/poc/runs/tcp-workload-matrix-v1/A04-pbuf/build/trcEvent.o,
by_pc,2147489742,1,21,42,43,1,1,8,0,11,xTraceEventCreateData2,/Users/swchen.tw/git/percepio/poc/runs/tcp-workload-matrix-v1/A04-pbuf/build/trcEvent.o,
by_pc,2147489744,1,21,42,43,1,1,8,0,11,xTraceEventCreateData2,/Users/swchen.tw/git/percepio/poc/runs/tcp-workload-matrix-v1/A04-pbuf/build/trcEvent.o,
by_pc,2147489748,1,21,42,43,1,1,8,0,11,xTraceEventCreateData2,/Users/swchen.tw/git/percepio/poc/runs/tcp-workload-matrix-v1/A04-pbuf/build/trcEvent.o,
by_pc,2147489752,1,1,2,3,1,0,0,0,0,xTraceEventCreateData2,/Users/swchen.tw/git/percepio/poc/runs/tcp-workload-matrix-v1/A04-pbuf/build/trcEvent.o,
by_pc,2147489756,1,1,2,3,1,0,0,0,0,xTraceEventCreateData2,/Users/swchen.tw/git/percepio/poc/runs/tcp-workload-matrix-v1/A04-pbuf/build/trcEvent.o,
by_pc,2147489760,1,1,2,3,1,0,0,0,0,xTraceEventCreateData2,/Users/swchen.tw/git/percepio/poc/runs/tcp-workload-matrix-v1/A04-pbuf/build/trcEvent.o,
by_pc,2147489762,1,1,2,3,1,0,0,0,0,xTraceEventCreateData2,/Users/swchen.tw/git/percepio/poc/runs/tcp-workload-matrix-v1/A04-pbuf/build/trcEvent.o,
by_pc,2147489764,1,1,2,3,1,0,0,0,0,xTraceEventCreateData2,/Users/swchen.tw/git/percepio/poc/runs/tcp-workload-matrix-v1/A04-pbuf/build/trcEvent.o,
by_pc,2147489768,1,1,2,3,1,0,0,0,0,xTraceEventCreateData2,/Users/swchen.tw/git/percepio/poc/runs/tcp-workload-matrix-v1/A04-pbuf/build/trcEvent.o,
by_pc,2147489770,1,1,2,3,1,0,0,0,0,xTraceEventCreateData2,/Users/swchen.tw/git/percepio/poc/runs/tcp-workload-matrix-v1/A04-pbuf/build/trcEvent.o,
by_pc,2147489774,1,1,2,3,1,0,0,0,0,xTraceEventCreateData2,/Users/swchen.tw/git/percepio/poc/runs/tcp-workload-matrix-v1/A04-pbuf/build/trcEvent.o,
by_pc,2147489776,1,1,2,3,1,0,0,0,0,xTraceEventCreateData2,/Users/swchen.tw/git/percepio/poc/runs/tcp-workload-matrix-v1/A04-pbuf/build/trcEvent.o,
by_pc,2147488456,1,1,2,3,1,0,0,0,0,poc_irq_restore,/Users/swchen.tw/git/percepio/poc/runs/tcp-workload-matrix-v1/A04-pbuf/build/trcEvent.o,
by_pc,2147488460,1,1,2,3,1,0,0,0,0,poc_irq_restore,/Users/swchen.tw/git/percepio/poc/runs/tcp-workload-matrix-v1/A04-pbuf/build/trcEvent.o,
by_pc,2147489780,1,1,2,3,1,0,0,0,0,xTraceEventCreateData2,/Users/swchen.tw/git/percepio/poc/runs/tcp-workload-matrix-v1/A04-pbuf/build/trcEvent.o,
by_pc,2147489782,1,2,4,5,1,1,0,0,0,xTraceEventCreateData2,/Users/swchen.tw/git/percepio/poc/runs/tcp-workload-matrix-v1/A04-pbuf/build/trcEvent.o,
by_pc,2147489784,1,2,4,5,1,1,0,0,0,xTraceEventCreateData2,/Users/swchen.tw/git/percepio/poc/runs/tcp-workload-matrix-v1/A04-pbuf/build/trcEvent.o,
by_pc,2147489786,1,2,4,5,1,1,0,0,0,xTraceEventCreateData2,/Users/swchen.tw/git/percepio/poc/runs/tcp-workload-matrix-v1/A04-pbuf/build/trcEvent.o,
by_pc,2147489788,1,2,4,5,1,1,0,0,0,xTraceEventCreateData2,/Users/swchen.tw/git/percepio/poc/runs/tcp-workload-matrix-v1/A04-pbuf/build/trcEvent.o,
by_pc,2147489790,1,2,4,5,1,1,0,0,0,xTraceEventCreateData2,/Users/swchen.tw/git/percepio/poc/runs/tcp-workload-matrix-v1/A04-pbuf/build/trcEvent.o,
by_pc,2147489792,1,28,56,57,1,1,8,18,0,xTraceEventCreateData2,/Users/swchen.tw/git/percepio/poc/runs/tcp-workload-matrix-v1/A04-pbuf/build/trcEvent.o,
by_pc,2147489794,1,2,4,5,1,1,0,0,0,xTraceEventCreateData2,/Users/swchen.tw/git/percepio/poc/runs/tcp-workload-matrix-v1/A04-pbuf/build/trcEvent.o,
by_pc,2147489796,1,1,2,3,1,0,0,0,0,xTraceEventCreateData2,/Users/swchen.tw/git/percepio/poc/runs/tcp-workload-matrix-v1/A04-pbuf/build/trcEvent.o,
by_pc,2147489798,1,1,2,3,1,0,0,0,0,xTraceEventCreateData2,/Users/swchen.tw/git/percepio/poc/runs/tcp-workload-matrix-v1/A04-pbuf/build/trcEvent.o,
by_pc,2147489800,1,1,2,3,1,0,0,0,0,xTraceEventCreateData2,/Users/swchen.tw/git/percepio/poc/runs/tcp-workload-matrix-v1/A04-pbuf/build/trcEvent.o,
by_pc,2147491848,1,2,4,5,1,1,0,0,0,xTracePrintF,/Users/swchen.tw/git/percepio/poc/runs/tcp-workload-matrix-v1/A04-pbuf/build/trcPrint.o,
by_pc,2147491850,1,1,2,3,1,0,0,0,0,xTracePrintF,/Users/swchen.tw/git/percepio/poc/runs/tcp-workload-matrix-v1/A04-pbuf/build/trcPrint.o,
by_pc,2147491852,1,1,2,3,1,0,0,0,0,xTracePrintF,/Users/swchen.tw/git/percepio/poc/runs/tcp-workload-matrix-v1/A04-pbuf/build/trcPrint.o,
by_pc,2147493960,1,1,2,3,1,0,0,0,0,poc_mark,/Users/swchen.tw/git/percepio/poc/runs/tcp-workload-matrix-v1/A04-pbuf/build/main.o,
by_pc,2147493976,1,2,4,5,1,1,0,0,0,poc_mark,/Users/swchen.tw/git/percepio/poc/runs/tcp-workload-matrix-v1/A04-pbuf/build/main.o,
by_pc,2147493978,1,2,4,5,1,1,0,0,0,poc_mark,/Users/swchen.tw/git/percepio/poc/runs/tcp-workload-matrix-v1/A04-pbuf/build/main.o,
by_pc,2147493980,1,1,2,3,1,0,0,0,0,poc_mark,/Users/swchen.tw/git/percepio/poc/runs/tcp-workload-matrix-v1/A04-pbuf/build/main.o,
by_pc,2147493982,1,1,2,3,1,0,0,0,0,poc_mark,/Users/swchen.tw/git/percepio/poc/runs/tcp-workload-matrix-v1/A04-pbuf/build/main.o,
by_pc,2147495726,1,2,4,5,1,1,0,0,0,timing_observer,/Users/swchen.tw/git/percepio/poc/runs/tcp-workload-matrix-v1/A04-pbuf/build/tcp_request_response_irq.o,
by_pc,2147495728,1,1,2,3,1,0,0,0,0,timing_observer,/Users/swchen.tw/git/percepio/poc/runs/tcp-workload-matrix-v1/A04-pbuf/build/tcp_request_response_irq.o,
by_pc,2147495730,1,1,2,3,1,0,0,0,0,timing_observer,/Users/swchen.tw/git/percepio/poc/runs/tcp-workload-matrix-v1/A04-pbuf/build/tcp_request_response_irq.o,
by_pc,2147495732,1,1,2,3,1,0,0,0,0,timing_observer,/Users/swchen.tw/git/percepio/poc/runs/tcp-workload-matrix-v1/A04-pbuf/build/tcp_request_response_irq.o,
by_pc,2147486056,1,1,2,3,1,0,0,0,0,vTaskSuspend,/Users/swchen.tw/git/percepio/poc/runs/tcp-workload-matrix-v1/A04-pbuf/build/tasks.o,
by_pc,2147486058,1,21,42,43,1,1,8,0,11,vTaskSuspend,/Users/swchen.tw/git/percepio/poc/runs/tcp-workload-matrix-v1/A04-pbuf/build/tasks.o,
by_pc,2147486060,1,21,42,43,1,1,8,0,11,vTaskSuspend,/Users/swchen.tw/git/percepio/poc/runs/tcp-workload-matrix-v1/A04-pbuf/build/tasks.o,
by_pc,2147486062,1,21,42,43,1,1,8,0,11,vTaskSuspend,/Users/swchen.tw/git/percepio/poc/runs/tcp-workload-matrix-v1/A04-pbuf/build/tasks.o,
by_pc,2147486064,1,21,42,43,1,1,8,0,11,vTaskSuspend,/Users/swchen.tw/git/percepio/poc/runs/tcp-workload-matrix-v1/A04-pbuf/build/tasks.o,
by_pc,2147486066,1,21,42,43,1,1,8,0,11,vTaskSuspend,/Users/swchen.tw/git/percepio/poc/runs/tcp-workload-matrix-v1/A04-pbuf/build/tasks.o,
by_pc,2147486068,1,1,2,3,1,0,0,0,0,vTaskSuspend,/Users/swchen.tw/git/percepio/poc/runs/tcp-workload-matrix-v1/A04-pbuf/build/tasks.o,
by_pc,2147486072,1,1,2,3,1,0,0,0,0,vTaskSuspend,/Users/swchen.tw/git/percepio/poc/runs/tcp-workload-matrix-v1/A04-pbuf/build/tasks.o,
by_pc,2147486076,1,1,2,3,1,0,0,0,0,vTaskSuspend,/Users/swchen.tw/git/percepio/poc/runs/tcp-workload-matrix-v1/A04-pbuf/build/tasks.o,
by_pc,2147486080,1,28,56,57,1,1,8,18,0,vTaskSuspend,/Users/swchen.tw/git/percepio/poc/runs/tcp-workload-matrix-v1/A04-pbuf/build/tasks.o,
by_pc,2147486082,1,1,2,3,1,0,0,0,0,vTaskSuspend,/Users/swchen.tw/git/percepio/poc/runs/tcp-workload-matrix-v1/A04-pbuf/build/tasks.o,
by_pc,2147486086,1,1,2,3,1,0,0,0,0,vTaskSuspend,/Users/swchen.tw/git/percepio/poc/runs/tcp-workload-matrix-v1/A04-pbuf/build/tasks.o,
by_pc,2147486088,1,1,2,3,1,0,0,0,0,vTaskSuspend,/Users/swchen.tw/git/percepio/poc/runs/tcp-workload-matrix-v1/A04-pbuf/build/tasks.o,
by_pc,2147486090,1,21,42,43,1,1,8,0,11,vTaskSuspend,/Users/swchen.tw/git/percepio/poc/runs/tcp-workload-matrix-v1/A04-pbuf/build/tasks.o,
by_pc,2147486092,1,1,2,3,1,0,0,0,0,vTaskSuspend,/Users/swchen.tw/git/percepio/poc/runs/tcp-workload-matrix-v1/A04-pbuf/build/tasks.o,
by_pc,2147486094,1,2,4,5,1,1,0,0,0,vTaskSuspend,/Users/swchen.tw/git/percepio/poc/runs/tcp-workload-matrix-v1/A04-pbuf/build/tasks.o,
by_pc,2147486098,1,1,2,3,1,0,0,0,0,vTaskSuspend,/Users/swchen.tw/git/percepio/poc/runs/tcp-workload-matrix-v1/A04-pbuf/build/tasks.o,
by_pc,2147486100,1,1,2,3,1,0,0,0,0,vTaskSuspend,/Users/swchen.tw/git/percepio/poc/runs/tcp-workload-matrix-v1/A04-pbuf/build/tasks.o,
by_pc,2147486104,1,1,2,3,1,0,0,0,0,vTaskSuspend,/Users/swchen.tw/git/percepio/poc/runs/tcp-workload-matrix-v1/A04-pbuf/build/tasks.o,
by_pc,2147486108,1,1,2,3,1,0,0,0,0,vTaskSuspend,/Users/swchen.tw/git/percepio/poc/runs/tcp-workload-matrix-v1/A04-pbuf/build/tasks.o,
by_pc,2147486112,1,1,2,3,1,0,0,0,0,vTaskSuspend,/Users/swchen.tw/git/percepio/poc/runs/tcp-workload-matrix-v1/A04-pbuf/build/tasks.o,
by_pc,2147486114,1,1,2,3,1,0,0,0,0,vTaskSuspend,/Users/swchen.tw/git/percepio/poc/runs/tcp-workload-matrix-v1/A04-pbuf/build/tasks.o,
by_pc,2147486418,1,28,56,57,1,1,8,18,0,uxListRemove,/Users/swchen.tw/git/percepio/poc/runs/tcp-workload-matrix-v1/A04-pbuf/build/list.o,
by_pc,2147486420,1,2,4,5,1,1,0,0,0,uxListRemove,/Users/swchen.tw/git/percepio/poc/runs/tcp-workload-matrix-v1/A04-pbuf/build/list.o,
by_pc,2147486422,1,2,4,5,1,1,0,0,0,uxListRemove,/Users/swchen.tw/git/percepio/poc/runs/tcp-workload-matrix-v1/A04-pbuf/build/list.o,
by_pc,2147486424,1,21,42,43,1,1,8,0,11,uxListRemove,/Users/swchen.tw/git/percepio/poc/runs/tcp-workload-matrix-v1/A04-pbuf/build/list.o,
by_pc,2147486426,1,2,4,5,1,1,0,0,0,uxListRemove,/Users/swchen.tw/git/percepio/poc/runs/tcp-workload-matrix-v1/A04-pbuf/build/list.o,
by_pc,2147486428,1,21,42,43,1,1,8,0,11,uxListRemove,/Users/swchen.tw/git/percepio/poc/runs/tcp-workload-matrix-v1/A04-pbuf/build/list.o,
by_pc,2147486430,1,2,4,5,1,1,0,0,0,uxListRemove,/Users/swchen.tw/git/percepio/poc/runs/tcp-workload-matrix-v1/A04-pbuf/build/list.o,
by_pc,2147486432,1,1,2,3,1,0,0,0,0,uxListRemove,/Users/swchen.tw/git/percepio/poc/runs/tcp-workload-matrix-v1/A04-pbuf/build/list.o,
by_pc,2147486436,1,2,4,5,1,1,0,0,0,uxListRemove,/Users/swchen.tw/git/percepio/poc/runs/tcp-workload-matrix-v1/A04-pbuf/build/list.o,
by_pc,2147486438,1,21,42,43,1,1,8,0,11,uxListRemove,/Users/swchen.tw/git/percepio/poc/runs/tcp-workload-matrix-v1/A04-pbuf/build/list.o,
by_pc,2147486440,1,21,42,43,1,1,8,0,11,uxListRemove,/Users/swchen.tw/git/percepio/poc/runs/tcp-workload-matrix-v1/A04-pbuf/build/list.o,
by_pc,2147486444,1,2,4,5,1,1,0,0,0,uxListRemove,/Users/swchen.tw/git/percepio/poc/runs/tcp-workload-matrix-v1/A04-pbuf/build/list.o,
by_pc,2147486446,1,1,2,3,1,0,0,0,0,uxListRemove,/Users/swchen.tw/git/percepio/poc/runs/tcp-workload-matrix-v1/A04-pbuf/build/list.o,
by_pc,2147486448,1,21,42,43,1,1,8,0,11,uxListRemove,/Users/swchen.tw/git/percepio/poc/runs/tcp-workload-matrix-v1/A04-pbuf/build/list.o,
by_pc,2147486450,1,1,2,3,1,0,0,0,0,uxListRemove,/Users/swchen.tw/git/percepio/poc/runs/tcp-workload-matrix-v1/A04-pbuf/build/list.o,
by_pc,2147486116,1,1,2,3,1,0,0,0,0,vTaskSuspend,/Users/swchen.tw/git/percepio/poc/runs/tcp-workload-matrix-v1/A04-pbuf/build/tasks.o,
by_pc,2147486118,1,2,4,5,1,1,0,0,0,vTaskSuspend,/Users/swchen.tw/git/percepio/poc/runs/tcp-workload-matrix-v1/A04-pbuf/build/tasks.o,
by_pc,2147486120,1,1,2,3,1,0,0,0,0,vTaskSuspend,/Users/swchen.tw/git/percepio/poc/runs/tcp-workload-matrix-v1/A04-pbuf/build/tasks.o,
by_pc,2147486122,1,1,2,3,1,0,0,0,0,vTaskSuspend,/Users/swchen.tw/git/percepio/poc/runs/tcp-workload-matrix-v1/A04-pbuf/build/tasks.o,
by_pc,2147486126,1,1,2,3,1,0,0,0,0,vTaskSuspend,/Users/swchen.tw/git/percepio/poc/runs/tcp-workload-matrix-v1/A04-pbuf/build/tasks.o,
by_pc,2147486130,1,1,2,3,1,0,0,0,0,vTaskSuspend,/Users/swchen.tw/git/percepio/poc/runs/tcp-workload-matrix-v1/A04-pbuf/build/tasks.o,
by_pc,2147486132,1,2,4,5,1,1,0,0,0,vTaskSuspend,/Users/swchen.tw/git/percepio/poc/runs/tcp-workload-matrix-v1/A04-pbuf/build/tasks.o,
by_pc,2147486134,1,1,2,3,1,0,0,0,0,vTaskSuspend,/Users/swchen.tw/git/percepio/poc/runs/tcp-workload-matrix-v1/A04-pbuf/build/tasks.o,
by_pc,2147486136,1,1,2,3,1,0,0,0,0,vTaskSuspend,/Users/swchen.tw/git/percepio/poc/runs/tcp-workload-matrix-v1/A04-pbuf/build/tasks.o,
by_pc,2147486140,1,2,4,5,1,1,0,0,0,vTaskSuspend,/Users/swchen.tw/git/percepio/poc/runs/tcp-workload-matrix-v1/A04-pbuf/build/tasks.o,
by_pc,2147486142,1,1,2,3,1,0,0,0,0,vTaskSuspend,/Users/swchen.tw/git/percepio/poc/runs/tcp-workload-matrix-v1/A04-pbuf/build/tasks.o,
by_pc,2147486144,1,27,54,55,1,0,8,18,0,vTaskSuspend,/Users/swchen.tw/git/percepio/poc/runs/tcp-workload-matrix-v1/A04-pbuf/build/tasks.o,
by_pc,2147486148,1,1,2,3,1,0,0,0,0,vTaskSuspend,/Users/swchen.tw/git/percepio/poc/runs/tcp-workload-matrix-v1/A04-pbuf/build/tasks.o,
by_pc,2147486152,1,1,2,3,1,0,0,0,0,vTaskSuspend,/Users/swchen.tw/git/percepio/poc/runs/tcp-workload-matrix-v1/A04-pbuf/build/tasks.o,
by_pc,2147486154,1,21,42,43,1,1,8,0,11,vTaskSuspend,/Users/swchen.tw/git/percepio/poc/runs/tcp-workload-matrix-v1/A04-pbuf/build/tasks.o,
by_pc,2147486156,1,2,4,5,1,1,0,0,0,vTaskSuspend,/Users/swchen.tw/git/percepio/poc/runs/tcp-workload-matrix-v1/A04-pbuf/build/tasks.o,
by_pc,2147486158,1,1,2,3,1,0,0,0,0,vTaskSuspend,/Users/swchen.tw/git/percepio/poc/runs/tcp-workload-matrix-v1/A04-pbuf/build/tasks.o,
by_pc,2147486166,1,1,2,3,1,0,0,0,0,vTaskSuspend,/Users/swchen.tw/git/percepio/poc/runs/tcp-workload-matrix-v1/A04-pbuf/build/tasks.o,
by_pc,2147486168,1,1,2,3,1,0,0,0,0,vTaskSuspend,/Users/swchen.tw/git/percepio/poc/runs/tcp-workload-matrix-v1/A04-pbuf/build/tasks.o,
by_pc,2147486172,1,1,2,3,1,0,0,0,0,vTaskSuspend,/Users/swchen.tw/git/percepio/poc/runs/tcp-workload-matrix-v1/A04-pbuf/build/tasks.o,
by_pc,2147486350,1,28,56,57,1,1,8,18,0,vListInsertEnd,/Users/swchen.tw/git/percepio/poc/runs/tcp-workload-matrix-v1/A04-pbuf/build/list.o,
by_pc,2147486352,1,21,42,43,1,1,8,0,11,vListInsertEnd,/Users/swchen.tw/git/percepio/poc/runs/tcp-workload-matrix-v1/A04-pbuf/build/list.o,
by_pc,2147486354,1,2,4,5,1,1,0,0,0,vListInsertEnd,/Users/swchen.tw/git/percepio/poc/runs/tcp-workload-matrix-v1/A04-pbuf/build/list.o,
by_pc,2147486356,1,21,42,43,1,1,8,0,11,vListInsertEnd,/Users/swchen.tw/git/percepio/poc/runs/tcp-workload-matrix-v1/A04-pbuf/build/list.o,
by_pc,2147486358,1,21,42,43,1,1,8,0,11,vListInsertEnd,/Users/swchen.tw/git/percepio/poc/runs/tcp-workload-matrix-v1/A04-pbuf/build/list.o,
by_pc,2147486360,1,21,42,43,1,1,8,0,11,vListInsertEnd,/Users/swchen.tw/git/percepio/poc/runs/tcp-workload-matrix-v1/A04-pbuf/build/list.o,
by_pc,2147486362,1,21,42,43,1,1,8,0,11,vListInsertEnd,/Users/swchen.tw/git/percepio/poc/runs/tcp-workload-matrix-v1/A04-pbuf/build/list.o,
by_pc,2147486364,1,2,4,5,1,1,0,0,0,vListInsertEnd,/Users/swchen.tw/git/percepio/poc/runs/tcp-workload-matrix-v1/A04-pbuf/build/list.o,
by_pc,2147486366,1,1,2,3,1,0,0,0,0,vListInsertEnd,/Users/swchen.tw/git/percepio/poc/runs/tcp-workload-matrix-v1/A04-pbuf/build/list.o,
by_pc,2147486368,1,21,42,43,1,1,8,0,11,vListInsertEnd,/Users/swchen.tw/git/percepio/poc/runs/tcp-workload-matrix-v1/A04-pbuf/build/list.o,
by_pc,2147486370,1,1,2,3,1,0,0,0,0,vListInsertEnd,/Users/swchen.tw/git/percepio/poc/runs/tcp-workload-matrix-v1/A04-pbuf/build/list.o,
by_pc,2147486174,1,28,56,57,1,1,8,18,0,vTaskSuspend,/Users/swchen.tw/git/percepio/poc/runs/tcp-workload-matrix-v1/A04-pbuf/build/tasks.o,
by_pc,2147486178,1,1,2,3,1,0,0,0,0,vTaskSuspend,/Users/swchen.tw/git/percepio/poc/runs/tcp-workload-matrix-v1/A04-pbuf/build/tasks.o,
by_pc,2147486180,1,1,2,3,1,0,0,0,0,vTaskSuspend,/Users/swchen.tw/git/percepio/poc/runs/tcp-workload-matrix-v1/A04-pbuf/build/tasks.o,
by_pc,2147486188,1,2,4,5,1,1,0,0,0,vTaskSuspend,/Users/swchen.tw/git/percepio/poc/runs/tcp-workload-matrix-v1/A04-pbuf/build/tasks.o,
by_pc,2147486190,1,1,2,3,1,0,0,0,0,vTaskSuspend,/Users/swchen.tw/git/percepio/poc/runs/tcp-workload-matrix-v1/A04-pbuf/build/tasks.o,
by_pc,2147486192,1,21,42,43,1,1,8,0,11,vTaskSuspend,/Users/swchen.tw/git/percepio/poc/runs/tcp-workload-matrix-v1/A04-pbuf/build/tasks.o,
by_pc,2147486194,1,1,2,3,1,0,0,0,0,vTaskSuspend,/Users/swchen.tw/git/percepio/poc/runs/tcp-workload-matrix-v1/A04-pbuf/build/tasks.o,
by_pc,2147486196,1,1,2,3,1,0,0,0,0,vTaskSuspend,/Users/swchen.tw/git/percepio/poc/runs/tcp-workload-matrix-v1/A04-pbuf/build/tasks.o,
by_pc,2147486200,1,1,2,3,1,0,0,0,0,vTaskSuspend,/Users/swchen.tw/git/percepio/poc/runs/tcp-workload-matrix-v1/A04-pbuf/build/tasks.o,
by_pc,2147486204,1,2,4,5,1,1,0,0,0,vTaskSuspend,/Users/swchen.tw/git/percepio/poc/runs/tcp-workload-matrix-v1/A04-pbuf/build/tasks.o,
by_pc,2147486208,1,27,54,55,1,0,8,18,0,vTaskSuspend,/Users/swchen.tw/git/percepio/poc/runs/tcp-workload-matrix-v1/A04-pbuf/build/tasks.o,
by_pc,2147486210,1,1,2,3,1,0,0,0,0,vTaskSuspend,/Users/swchen.tw/git/percepio/poc/runs/tcp-workload-matrix-v1/A04-pbuf/build/tasks.o,
by_pc,2147486214,1,2,4,5,1,1,0,0,0,vTaskSuspend,/Users/swchen.tw/git/percepio/poc/runs/tcp-workload-matrix-v1/A04-pbuf/build/tasks.o,
by_pc,2147486216,1,1,2,3,1,0,0,0,0,vTaskSuspend,/Users/swchen.tw/git/percepio/poc/runs/tcp-workload-matrix-v1/A04-pbuf/build/tasks.o,
by_pc,2147486218,1,21,42,43,1,1,8,0,11,vTaskSuspend,/Users/swchen.tw/git/percepio/poc/runs/tcp-workload-matrix-v1/A04-pbuf/build/tasks.o,
by_pc,2147486220,1,1,2,3,1,0,0,0,0,vTaskSuspend,/Users/swchen.tw/git/percepio/poc/runs/tcp-workload-matrix-v1/A04-pbuf/build/tasks.o,
by_pc,2147484174,1,27,54,55,1,0,8,18,0,prvResetNextTaskUnblockTime,/Users/swchen.tw/git/percepio/poc/runs/tcp-workload-matrix-v1/A04-pbuf/build/tasks.o,
by_pc,2147484178,1,2,4,5,1,1,0,0,0,prvResetNextTaskUnblockTime,/Users/swchen.tw/git/percepio/poc/runs/tcp-workload-matrix-v1/A04-pbuf/build/tasks.o,
by_pc,2147484180,1,2,4,5,1,1,0,0,0,prvResetNextTaskUnblockTime,/Users/swchen.tw/git/percepio/poc/runs/tcp-workload-matrix-v1/A04-pbuf/build/tasks.o,
by_pc,2147484182,1,1,2,3,1,0,0,0,0,prvResetNextTaskUnblockTime,/Users/swchen.tw/git/percepio/poc/runs/tcp-workload-matrix-v1/A04-pbuf/build/tasks.o,
by_pc,2147484184,1,1,2,3,1,0,0,0,0,prvResetNextTaskUnblockTime,/Users/swchen.tw/git/percepio/poc/runs/tcp-workload-matrix-v1/A04-pbuf/build/tasks.o,
by_pc,2147484186,1,21,42,43,1,1,8,0,11,prvResetNextTaskUnblockTime,/Users/swchen.tw/git/percepio/poc/runs/tcp-workload-matrix-v1/A04-pbuf/build/tasks.o,
by_pc,2147484190,1,1,2,3,1,0,0,0,0,prvResetNextTaskUnblockTime,/Users/swchen.tw/git/percepio/poc/runs/tcp-workload-matrix-v1/A04-pbuf/build/tasks.o,
by_pc,2147486224,1,2,4,5,1,1,0,0,0,vTaskSuspend,/Users/swchen.tw/git/percepio/poc/runs/tcp-workload-matrix-v1/A04-pbuf/build/tasks.o,
by_pc,2147486226,1,1,2,3,1,0,0,0,0,vTaskSuspend,/Users/swchen.tw/git/percepio/poc/runs/tcp-workload-matrix-v1/A04-pbuf/build/tasks.o,
by_pc,2147486228,1,21,42,43,1,1,8,0,11,vTaskSuspend,/Users/swchen.tw/git/percepio/poc/runs/tcp-workload-matrix-v1/A04-pbuf/build/tasks.o,
by_pc,2147486230,1,1,2,3,1,0,0,0,0,vTaskSuspend,/Users/swchen.tw/git/percepio/poc/runs/tcp-workload-matrix-v1/A04-pbuf/build/tasks.o,
by_pc,2147486232,1,1,2,3,1,0,0,0,0,vTaskSuspend,/Users/swchen.tw/git/percepio/poc/runs/tcp-workload-matrix-v1/A04-pbuf/build/tasks.o,
by_pc,2147486236,1,2,4,5,1,1,0,0,0,vTaskSuspend,/Users/swchen.tw/git/percepio/poc/runs/tcp-workload-matrix-v1/A04-pbuf/build/tasks.o,
by_pc,2147486240,1,1,2,3,1,0,0,0,0,vTaskSuspend,/Users/swchen.tw/git/percepio/poc/runs/tcp-workload-matrix-v1/A04-pbuf/build/tasks.o,
by_pc,2147486244,1,2,4,5,1,1,0,0,0,vTaskSuspend,/Users/swchen.tw/git/percepio/poc/runs/tcp-workload-matrix-v1/A04-pbuf/build/tasks.o,
by_pc,2147486248,1,1,2,3,1,0,0,0,0,vTaskSuspend,/Users/swchen.tw/git/percepio/poc/runs/tcp-workload-matrix-v1/A04-pbuf/build/tasks.o,
by_pc,2147486250,1,2,4,5,1,1,0,0,0,vTaskSuspend,/Users/swchen.tw/git/percepio/poc/runs/tcp-workload-matrix-v1/A04-pbuf/build/tasks.o,
by_pc,2147486254,1,1,2,3,1,0,0,0,0,vTaskSuspend,/Users/swchen.tw/git/percepio/poc/runs/tcp-workload-matrix-v1/A04-pbuf/build/tasks.o,
by_pc,2147486274,1,27,54,55,1,0,8,18,0,vTaskSuspend,/Users/swchen.tw/git/percepio/poc/runs/tcp-workload-matrix-v1/A04-pbuf/build/tasks.o,
by_pc,2147519336,1,1,2,3,1,0,0,0,0,unresolved@/Users/swchen.tw/git/percepio/poc/runs/tcp-workload-matrix-v1/A04-pbuf/build/portASM.o:2147519232,/Users/swchen.tw/git/percepio/poc/runs/tcp-workload-matrix-v1/A04-pbuf/build/portASM.o,
by_pc,2147519338,1,21,42,43,1,1,8,0,11,unresolved@/Users/swchen.tw/git/percepio/poc/runs/tcp-workload-matrix-v1/A04-pbuf/build/portASM.o:2147519232,/Users/swchen.tw/git/percepio/poc/runs/tcp-workload-matrix-v1/A04-pbuf/build/portASM.o,
by_pc,2147519340,1,2,4,5,1,1,0,0,0,unresolved@/Users/swchen.tw/git/percepio/poc/runs/tcp-workload-matrix-v1/A04-pbuf/build/portASM.o:2147519232,/Users/swchen.tw/git/percepio/poc/runs/tcp-workload-matrix-v1/A04-pbuf/build/portASM.o,
by_pc,2147519344,1,1,2,3,1,0,0,0,0,unresolved@/Users/swchen.tw/git/percepio/poc/runs/tcp-workload-matrix-v1/A04-pbuf/build/portASM.o:2147519232,/Users/swchen.tw/git/percepio/poc/runs/tcp-workload-matrix-v1/A04-pbuf/build/portASM.o,
by_pc,2147519418,1,1,2,3,1,0,0,0,0,unresolved@/Users/swchen.tw/git/percepio/poc/runs/tcp-workload-matrix-v1/A04-pbuf/build/portASM.o:2147519232,/Users/swchen.tw/git/percepio/poc/runs/tcp-workload-matrix-v1/A04-pbuf/build/portASM.o,
by_pc,2147519420,1,1,2,3,1,0,0,0,0,unresolved@/Users/swchen.tw/git/percepio/poc/runs/tcp-workload-matrix-v1/A04-pbuf/build/portASM.o:2147519232,/Users/swchen.tw/git/percepio/poc/runs/tcp-workload-matrix-v1/A04-pbuf/build/portASM.o,
by_pc,2147519424,1,1,2,3,1,0,0,0,0,unresolved@/Users/swchen.tw/git/percepio/poc/runs/tcp-workload-matrix-v1/A04-pbuf/build/portASM.o:2147519232,/Users/swchen.tw/git/percepio/poc/runs/tcp-workload-matrix-v1/A04-pbuf/build/portASM.o,
by_pc,2147486024,1,2,4,5,1,1,0,0,0,vTaskSwitchContext,/Users/swchen.tw/git/percepio/poc/runs/tcp-workload-matrix-v1/A04-pbuf/build/tasks.o,
by_pc,2147486026,1,21,42,43,1,1,8,0,11,vTaskSwitchContext,/Users/swchen.tw/git/percepio/poc/runs/tcp-workload-matrix-v1/A04-pbuf/build/tasks.o,
by_pc,2147519428,1,1,2,3,1,0,0,0,0,unresolved@/Users/swchen.tw/git/percepio/poc/runs/tcp-workload-matrix-v1/A04-pbuf/build/portASM.o:2147519232,/Users/swchen.tw/git/percepio/poc/runs/tcp-workload-matrix-v1/A04-pbuf/build/portASM.o,
by_pc,2147497354,1,2,4,5,1,1,0,0,0,session_task,/Users/swchen.tw/git/percepio/poc/runs/tcp-workload-matrix-v1/A04-pbuf/build/tcp_request_response_irq.o,
by_pc,2147497356,1,2,4,5,1,1,0,0,0,session_task,/Users/swchen.tw/git/percepio/poc/runs/tcp-workload-matrix-v1/A04-pbuf/build/tcp_request_response_irq.o,
by_pc,2147497358,1,1,2,3,1,0,0,0,0,session_task,/Users/swchen.tw/git/percepio/poc/runs/tcp-workload-matrix-v1/A04-pbuf/build/tcp_request_response_irq.o,
by_pc,2147497360,1,1,2,3,1,0,0,0,0,session_task,/Users/swchen.tw/git/percepio/poc/runs/tcp-workload-matrix-v1/A04-pbuf/build/tcp_request_response_irq.o,
by_pc,2147497364,1,21,42,43,1,1,8,0,11,session_task,/Users/swchen.tw/git/percepio/poc/runs/tcp-workload-matrix-v1/A04-pbuf/build/tcp_request_response_irq.o,
by_pc,2147497366,1,1,2,3,1,0,0,0,0,session_task,/Users/swchen.tw/git/percepio/poc/runs/tcp-workload-matrix-v1/A04-pbuf/build/tcp_request_response_irq.o,
by_pc,2147497368,1,1,2,3,1,0,0,0,0,session_task,/Users/swchen.tw/git/percepio/poc/runs/tcp-workload-matrix-v1/A04-pbuf/build/tcp_request_response_irq.o,
by_pc,2147497372,1,1,2,3,1,0,0,0,0,session_task,/Users/swchen.tw/git/percepio/poc/runs/tcp-workload-matrix-v1/A04-pbuf/build/tcp_request_response_irq.o,
by_pc,2147497376,1,1,2,3,1,0,0,0,0,session_task,/Users/swchen.tw/git/percepio/poc/runs/tcp-workload-matrix-v1/A04-pbuf/build/tcp_request_response_irq.o,
by_pc,2147497378,1,1,2,3,1,0,0,0,0,session_task,/Users/swchen.tw/git/percepio/poc/runs/tcp-workload-matrix-v1/A04-pbuf/build/tcp_request_response_irq.o,
by_pc,2147508228,1,2,4,5,1,1,0,0,0,tcp_receive,/Users/swchen.tw/git/percepio/poc/runs/tcp-workload-matrix-v1/A04-pbuf/build/tcp_in.o,
by_pc,2147508232,1,1,2,3,1,0,0,0,0,tcp_receive,/Users/swchen.tw/git/percepio/poc/runs/tcp-workload-matrix-v1/A04-pbuf/build/tcp_in.o,
by_pc,2147508236,1,21,42,43,1,1,8,0,11,tcp_receive,/Users/swchen.tw/git/percepio/poc/runs/tcp-workload-matrix-v1/A04-pbuf/build/tcp_in.o,
by_pc,2147511702,1,2,4,5,1,1,0,0,0,tcp_input,/Users/swchen.tw/git/percepio/poc/runs/tcp-workload-matrix-v1/A04-pbuf/build/tcp_in.o,
by_pc,2147511706,1,1,2,3,1,0,0,0,0,tcp_input,/Users/swchen.tw/git/percepio/poc/runs/tcp-workload-matrix-v1/A04-pbuf/build/tcp_in.o,
by_pc,2147511710,1,21,42,43,1,1,8,0,11,tcp_input,/Users/swchen.tw/git/percepio/poc/runs/tcp-workload-matrix-v1/A04-pbuf/build/tcp_in.o,
by_pc,2147511714,1,1,2,3,1,0,0,0,0,tcp_input,/Users/swchen.tw/git/percepio/poc/runs/tcp-workload-matrix-v1/A04-pbuf/build/tcp_in.o,
by_pc,2147511716,1,21,42,43,1,1,8,0,11,tcp_input,/Users/swchen.tw/git/percepio/poc/runs/tcp-workload-matrix-v1/A04-pbuf/build/tcp_in.o,
by_pc,2147511718,1,1,2,3,1,0,0,0,0,tcp_input,/Users/swchen.tw/git/percepio/poc/runs/tcp-workload-matrix-v1/A04-pbuf/build/tcp_in.o,
by_pc,2147512202,1,2,4,5,1,1,0,0,0,tcp_input,/Users/swchen.tw/git/percepio/poc/runs/tcp-workload-matrix-v1/A04-pbuf/build/tcp_in.o,
by_pc,2147512204,1,1,2,3,1,0,0,0,0,tcp_input,/Users/swchen.tw/git/percepio/poc/runs/tcp-workload-matrix-v1/A04-pbuf/build/tcp_in.o,
by_pc,2147512248,1,2,4,5,1,1,0,0,0,tcp_input,/Users/swchen.tw/git/percepio/poc/runs/tcp-workload-matrix-v1/A04-pbuf/build/tcp_in.o,
by_pc,2147512252,1,1,2,3,1,0,0,0,0,tcp_input,/Users/swchen.tw/git/percepio/poc/runs/tcp-workload-matrix-v1/A04-pbuf/build/tcp_in.o,
by_pc,2147512254,1,2,4,5,2,0,0,0,0,tcp_input,/Users/swchen.tw/git/percepio/poc/runs/tcp-workload-matrix-v1/A04-pbuf/build/tcp_in.o,
by_pc,2147512258,1,1,2,3,1,0,0,0,0,tcp_input,/Users/swchen.tw/git/percepio/poc/runs/tcp-workload-matrix-v1/A04-pbuf/build/tcp_in.o,
by_pc,2147512262,1,1,2,3,1,0,0,0,0,tcp_input,/Users/swchen.tw/git/percepio/poc/runs/tcp-workload-matrix-v1/A04-pbuf/build/tcp_in.o,
by_pc,2147512264,1,21,42,43,1,1,8,0,11,tcp_input,/Users/swchen.tw/git/percepio/poc/runs/tcp-workload-matrix-v1/A04-pbuf/build/tcp_in.o,
by_pc,2147512268,1,2,4,5,1,1,0,0,0,tcp_input,/Users/swchen.tw/git/percepio/poc/runs/tcp-workload-matrix-v1/A04-pbuf/build/tcp_in.o,
by_pc,2147512272,1,1,2,3,1,0,0,0,0,tcp_input,/Users/swchen.tw/git/percepio/poc/runs/tcp-workload-matrix-v1/A04-pbuf/build/tcp_in.o,
by_pc,2147512274,1,2,4,5,1,1,0,0,0,tcp_input,/Users/swchen.tw/git/percepio/poc/runs/tcp-workload-matrix-v1/A04-pbuf/build/tcp_in.o,
by_pc,2147512276,1,1,2,3,1,0,0,0,0,tcp_input,/Users/swchen.tw/git/percepio/poc/runs/tcp-workload-matrix-v1/A04-pbuf/build/tcp_in.o,
by_pc,2147512278,1,1,2,3,1,0,0,0,0,tcp_input,/Users/swchen.tw/git/percepio/poc/runs/tcp-workload-matrix-v1/A04-pbuf/build/tcp_in.o,
by_pc,2147512280,1,1,2,3,1,0,0,0,0,tcp_input,/Users/swchen.tw/git/percepio/poc/runs/tcp-workload-matrix-v1/A04-pbuf/build/tcp_in.o,
by_pc,2147512282,1,1,2,3,1,0,0,0,0,tcp_input,/Users/swchen.tw/git/percepio/poc/runs/tcp-workload-matrix-v1/A04-pbuf/build/tcp_in.o,
by_pc,2147495780,1,1,2,3,1,0,0,0,0,on_recv,/Users/swchen.tw/git/percepio/poc/runs/tcp-workload-matrix-v1/A04-pbuf/build/tcp_request_response_irq.o,
by_pc,2147495782,1,21,42,43,1,1,8,0,11,on_recv,/Users/swchen.tw/git/percepio/poc/runs/tcp-workload-matrix-v1/A04-pbuf/build/tcp_request_response_irq.o,
by_pc,2147512284,1,1,2,3,1,0,0,0,0,tcp_input,/Users/swchen.tw/git/percepio/poc/runs/tcp-workload-matrix-v1/A04-pbuf/build/tcp_in.o,
by_pc,2147512286,1,1,2,3,1,0,0,0,0,tcp_input,/Users/swchen.tw/git/percepio/poc/runs/tcp-workload-matrix-v1/A04-pbuf/build/tcp_in.o,
by_pc,2147515564,1,10,20,21,1,1,8,0,0,tcp_output,/Users/swchen.tw/git/percepio/poc/runs/tcp-workload-matrix-v1/A04-pbuf/build/tcp_out.o,
by_pc,2147515566,1,2,4,5,1,1,0,0,0,tcp_output,/Users/swchen.tw/git/percepio/poc/runs/tcp-workload-matrix-v1/A04-pbuf/build/tcp_out.o,
by_pc,2147515568,1,2,4,5,1,1,0,0,0,tcp_output,/Users/swchen.tw/git/percepio/poc/runs/tcp-workload-matrix-v1/A04-pbuf/build/tcp_out.o,
by_pc,2147515570,1,2,4,5,1,1,0,0,0,tcp_output,/Users/swchen.tw/git/percepio/poc/runs/tcp-workload-matrix-v1/A04-pbuf/build/tcp_out.o,
by_pc,2147515572,1,2,4,5,1,1,0,0,0,tcp_output,/Users/swchen.tw/git/percepio/poc/runs/tcp-workload-matrix-v1/A04-pbuf/build/tcp_out.o,
by_pc,2147515574,1,2,4,5,1,1,0,0,0,tcp_output,/Users/swchen.tw/git/percepio/poc/runs/tcp-workload-matrix-v1/A04-pbuf/build/tcp_out.o,
by_pc,2147515576,1,2,4,5,1,1,0,0,0,tcp_output,/Users/swchen.tw/git/percepio/poc/runs/tcp-workload-matrix-v1/A04-pbuf/build/tcp_out.o,
by_pc,2147515578,1,2,4,5,1,1,0,0,0,tcp_output,/Users/swchen.tw/git/percepio/poc/runs/tcp-workload-matrix-v1/A04-pbuf/build/tcp_out.o,
by_pc,2147515580,1,2,4,5,1,1,0,0,0,tcp_output,/Users/swchen.tw/git/percepio/poc/runs/tcp-workload-matrix-v1/A04-pbuf/build/tcp_out.o,
by_pc,2147515582,1,2,4,5,1,1,0,0,0,tcp_output,/Users/swchen.tw/git/percepio/poc/runs/tcp-workload-matrix-v1/A04-pbuf/build/tcp_out.o,
by_pc,2147515584,1,10,20,21,1,1,8,0,0,tcp_output,/Users/swchen.tw/git/percepio/poc/runs/tcp-workload-matrix-v1/A04-pbuf/build/tcp_out.o,
by_pc,2147515586,1,2,4,5,1,1,0,0,0,tcp_output,/Users/swchen.tw/git/percepio/poc/runs/tcp-workload-matrix-v1/A04-pbuf/build/tcp_out.o,
by_pc,2147515588,1,1,2,3,1,0,0,0,0,tcp_output,/Users/swchen.tw/git/percepio/poc/runs/tcp-workload-matrix-v1/A04-pbuf/build/tcp_out.o,
by_pc,2147515590,1,1,2,3,1,0,0,0,0,tcp_output,/Users/swchen.tw/git/percepio/poc/runs/tcp-workload-matrix-v1/A04-pbuf/build/tcp_out.o,
by_pc,2147515260,1,27,54,55,1,0,8,18,0,tcp_send_empty_ack,/Users/swchen.tw/git/percepio/poc/runs/tcp-workload-matrix-v1/A04-pbuf/build/tcp_out.o,
by_pc,2147515262,1,21,42,43,1,1,8,0,11,tcp_send_empty_ack,/Users/swchen.tw/git/percepio/poc/runs/tcp-workload-matrix-v1/A04-pbuf/build/tcp_out.o,
by_pc,2147515264,1,47,94,95,1,1,16,18,11,tcp_send_empty_ack,/Users/swchen.tw/git/percepio/poc/runs/tcp-workload-matrix-v1/A04-pbuf/build/tcp_out.o,
by_pc,2147515266,1,1,2,3,1,0,0,0,0,tcp_send_empty_ack,/Users/swchen.tw/git/percepio/poc/runs/tcp-workload-matrix-v1/A04-pbuf/build/tcp_out.o,
by_pc,2147515268,1,2,4,5,1,1,0,0,0,tcp_send_empty_ack,/Users/swchen.tw/git/percepio/poc/runs/tcp-workload-matrix-v1/A04-pbuf/build/tcp_out.o,
by_pc,2147515270,1,1,2,3,1,0,0,0,0,tcp_send_empty_ack,/Users/swchen.tw/git/percepio/poc/runs/tcp-workload-matrix-v1/A04-pbuf/build/tcp_out.o,
by_pc,2147515274,1,1,2,3,1,0,0,0,0,tcp_send_empty_ack,/Users/swchen.tw/git/percepio/poc/runs/tcp-workload-matrix-v1/A04-pbuf/build/tcp_out.o,
by_pc,2147515276,1,1,2,3,1,0,0,0,0,tcp_send_empty_ack,/Users/swchen.tw/git/percepio/poc/runs/tcp-workload-matrix-v1/A04-pbuf/build/tcp_out.o,
by_pc,2147515278,1,1,2,3,1,0,0,0,0,tcp_send_empty_ack,/Users/swchen.tw/git/percepio/poc/runs/tcp-workload-matrix-v1/A04-pbuf/build/tcp_out.o,
by_pc,2147515280,1,1,2,3,1,0,0,0,0,tcp_send_empty_ack,/Users/swchen.tw/git/percepio/poc/runs/tcp-workload-matrix-v1/A04-pbuf/build/tcp_out.o,
by_pc,2147512940,1,27,54,55,1,0,8,18,0,tcp_output_alloc_header.constprop.0,/Users/swchen.tw/git/percepio/poc/runs/tcp-workload-matrix-v1/A04-pbuf/build/tcp_out.o,
by_pc,2147512942,1,21,42,43,1,1,8,0,11,tcp_output_alloc_header.constprop.0,/Users/swchen.tw/git/percepio/poc/runs/tcp-workload-matrix-v1/A04-pbuf/build/tcp_out.o,
by_pc,2147512944,1,21,42,43,1,1,8,0,11,tcp_output_alloc_header.constprop.0,/Users/swchen.tw/git/percepio/poc/runs/tcp-workload-matrix-v1/A04-pbuf/build/tcp_out.o,
by_pc,2147512946,1,2,4,5,1,1,0,0,0,tcp_output_alloc_header.constprop.0,/Users/swchen.tw/git/percepio/poc/runs/tcp-workload-matrix-v1/A04-pbuf/build/tcp_out.o,
by_pc,2147512950,1,2,4,5,1,1,0,0,0,tcp_output_alloc_header.constprop.0,/Users/swchen.tw/git/percepio/poc/runs/tcp-workload-matrix-v1/A04-pbuf/build/tcp_out.o,
by_pc,2147512954,1,2,4,5,1,1,0,0,0,tcp_output_alloc_header.constprop.0,/Users/swchen.tw/git/percepio/poc/runs/tcp-workload-matrix-v1/A04-pbuf/build/tcp_out.o,
by_pc,2147512958,1,1,2,3,1,0,0,0,0,tcp_output_alloc_header.constprop.0,/Users/swchen.tw/git/percepio/poc/runs/tcp-workload-matrix-v1/A04-pbuf/build/tcp_out.o,
by_pc,2147512960,1,28,56,57,1,1,8,18,0,tcp_output_alloc_header.constprop.0,/Users/swchen.tw/git/percepio/poc/runs/tcp-workload-matrix-v1/A04-pbuf/build/tcp_out.o,
by_pc,2147512962,1,1,2,3,1,0,0,0,0,tcp_output_alloc_header.constprop.0,/Users/swchen.tw/git/percepio/poc/runs/tcp-workload-matrix-v1/A04-pbuf/build/tcp_out.o,
by_pc,2147512964,1,1,2,3,1,0,0,0,0,tcp_output_alloc_header.constprop.0,/Users/swchen.tw/git/percepio/poc/runs/tcp-workload-matrix-v1/A04-pbuf/build/tcp_out.o,
by_pc,2147512722,1,27,54,55,1,0,8,18,0,tcp_output_alloc_header_common.constprop.0,/Users/swchen.tw/git/percepio/poc/runs/tcp-workload-matrix-v1/A04-pbuf/build/tcp_out.o,
by_pc,2147512724,1,1,2,3,1,0,0,0,0,tcp_output_alloc_header_common.constprop.0,/Users/swchen.tw/git/percepio/poc/runs/tcp-workload-matrix-v1/A04-pbuf/build/tcp_out.o,
by_pc,2147512726,1,1,2,3,1,0,0,0,0,tcp_output_alloc_header_common.constprop.0,/Users/swchen.tw/git/percepio/poc/runs/tcp-workload-matrix-v1/A04-pbuf/build/tcp_out.o,
by_pc,2147512728,1,21,42,43,1,1,8,0,11,tcp_output_alloc_header_common.constprop.0,/Users/swchen.tw/git/percepio/poc/runs/tcp-workload-matrix-v1/A04-pbuf/build/tcp_out.o,
by_pc,2147512730,1,21,42,43,1,1,8,0,11,tcp_output_alloc_header_common.constprop.0,/Users/swchen.tw/git/percepio/poc/runs/tcp-workload-matrix-v1/A04-pbuf/build/tcp_out.o,
by_pc,2147512732,1,1,2,3,1,0,0,0,0,tcp_output_alloc_header_common.constprop.0,/Users/swchen.tw/git/percepio/poc/runs/tcp-workload-matrix-v1/A04-pbuf/build/tcp_out.o,
by_pc,2147512734,1,1,2,3,1,0,0,0,0,tcp_output_alloc_header_common.constprop.0,/Users/swchen.tw/git/percepio/poc/runs/tcp-workload-matrix-v1/A04-pbuf/build/tcp_out.o,
by_pc,2147512736,1,1,2,3,1,0,0,0,0,tcp_output_alloc_header_common.constprop.0,/Users/swchen.tw/git/percepio/poc/runs/tcp-workload-matrix-v1/A04-pbuf/build/tcp_out.o,
by_pc,2147512740,1,1,2,3,1,0,0,0,0,tcp_output_alloc_header_common.constprop.0,/Users/swchen.tw/git/percepio/poc/runs/tcp-workload-matrix-v1/A04-pbuf/build/tcp_out.o,
by_pc,2147512742,1,1,2,3,1,0,0,0,0,tcp_output_alloc_header_common.constprop.0,/Users/swchen.tw/git/percepio/poc/runs/tcp-workload-matrix-v1/A04-pbuf/build/tcp_out.o,
by_pc,2147512746,1,21,42,43,1,1,8,0,11,tcp_output_alloc_header_common.constprop.0,/Users/swchen.tw/git/percepio/poc/runs/tcp-workload-matrix-v1/A04-pbuf/build/tcp_out.o,
by_pc,2147512748,1,21,42,43,1,1,8,0,11,tcp_output_alloc_header_common.constprop.0,/Users/swchen.tw/git/percepio/poc/runs/tcp-workload-matrix-v1/A04-pbuf/build/tcp_out.o,
by_pc,2147512750,1,21,42,43,1,1,8,0,11,tcp_output_alloc_header_common.constprop.0,/Users/swchen.tw/git/percepio/poc/runs/tcp-workload-matrix-v1/A04-pbuf/build/tcp_out.o,
by_pc,2147512752,1,21,42,43,1,1,8,0,11,tcp_output_alloc_header_common.constprop.0,/Users/swchen.tw/git/percepio/poc/runs/tcp-workload-matrix-v1/A04-pbuf/build/tcp_out.o,
by_pc,2147512754,1,21,42,43,1,1,8,0,11,tcp_output_alloc_header_common.constprop.0,/Users/swchen.tw/git/percepio/poc/runs/tcp-workload-matrix-v1/A04-pbuf/build/tcp_out.o,
by_pc,2147512756,1,21,42,43,1,1,8,0,11,tcp_output_alloc_header_common.constprop.0,/Users/swchen.tw/git/percepio/poc/runs/tcp-workload-matrix-v1/A04-pbuf/build/tcp_out.o,
by_pc,2147512758,1,21,42,43,1,1,8,0,11,tcp_output_alloc_header_common.constprop.0,/Users/swchen.tw/git/percepio/poc/runs/tcp-workload-matrix-v1/A04-pbuf/build/tcp_out.o,
by_pc,2147512760,1,1,2,3,1,0,0,0,0,tcp_output_alloc_header_common.constprop.0,/Users/swchen.tw/git/percepio/poc/runs/tcp-workload-matrix-v1/A04-pbuf/build/tcp_out.o,
by_pc,2147512762,1,1,2,3,1,0,0,0,0,tcp_output_alloc_header_common.constprop.0,/Users/swchen.tw/git/percepio/poc/runs/tcp-workload-matrix-v1/A04-pbuf/build/tcp_out.o,
by_pc,2147512764,1,1,2,3,1,0,0,0,0,tcp_output_alloc_header_common.constprop.0,/Users/swchen.tw/git/percepio/poc/runs/tcp-workload-matrix-v1/A04-pbuf/build/tcp_out.o,
by_pc,2147512766,1,28,56,57,2,0,8,18,0,tcp_output_alloc_header_common.constprop.0,/Users/swchen.tw/git/percepio/poc/runs/tcp-workload-matrix-v1/A04-pbuf/build/tcp_out.o,
by_pc,2147512770,1,1,2,3,1,0,0,0,0,tcp_output_alloc_header_common.constprop.0,/Users/swchen.tw/git/percepio/poc/runs/tcp-workload-matrix-v1/A04-pbuf/build/tcp_out.o,
by_pc,2147512772,1,1,2,3,1,0,0,0,0,tcp_output_alloc_header_common.constprop.0,/Users/swchen.tw/git/percepio/poc/runs/tcp-workload-matrix-v1/A04-pbuf/build/tcp_out.o,
by_pc,2147512774,1,2,4,5,1,1,0,0,0,tcp_output_alloc_header_common.constprop.0,/Users/swchen.tw/git/percepio/poc/runs/tcp-workload-matrix-v1/A04-pbuf/build/tcp_out.o,
by_pc,2147512776,1,2,4,5,1,1,0,0,0,tcp_output_alloc_header_common.constprop.0,/Users/swchen.tw/git/percepio/poc/runs/tcp-workload-matrix-v1/A04-pbuf/build/tcp_out.o,
by_pc,2147512778,1,1,2,3,1,0,0,0,0,tcp_output_alloc_header_common.constprop.0,/Users/swchen.tw/git/percepio/poc/runs/tcp-workload-matrix-v1/A04-pbuf/build/tcp_out.o,
by_pc,2147512782,1,21,42,43,1,1,8,0,11,tcp_output_alloc_header_common.constprop.0,/Users/swchen.tw/git/percepio/poc/runs/tcp-workload-matrix-v1/A04-pbuf/build/tcp_out.o,
by_pc,2147512786,1,1,2,3,1,0,0,0,0,tcp_output_alloc_header_common.constprop.0,/Users/swchen.tw/git/percepio/poc/runs/tcp-workload-matrix-v1/A04-pbuf/build/tcp_out.o,
by_pc,2147512788,1,21,42,43,1,1,8,0,11,tcp_output_alloc_header_common.constprop.0,/Users/swchen.tw/git/percepio/poc/runs/tcp-workload-matrix-v1/A04-pbuf/build/tcp_out.o,
by_pc,2147512792,1,1,2,3,1,0,0,0,0,tcp_output_alloc_header_common.constprop.0,/Users/swchen.tw/git/percepio/poc/runs/tcp-workload-matrix-v1/A04-pbuf/build/tcp_out.o,
by_pc,2147512794,1,1,2,3,1,0,0,0,0,tcp_output_alloc_header_common.constprop.0,/Users/swchen.tw/git/percepio/poc/runs/tcp-workload-matrix-v1/A04-pbuf/build/tcp_out.o,
by_pc,2147512798,1,1,2,3,1,0,0,0,0,tcp_output_alloc_header_common.constprop.0,/Users/swchen.tw/git/percepio/poc/runs/tcp-workload-matrix-v1/A04-pbuf/build/tcp_out.o,
by_pc,2147512802,1,21,42,43,1,1,8,0,11,tcp_output_alloc_header_common.constprop.0,/Users/swchen.tw/git/percepio/poc/runs/tcp-workload-matrix-v1/A04-pbuf/build/tcp_out.o,
by_pc,2147512806,1,21,42,43,1,1,8,0,11,tcp_output_alloc_header_common.constprop.0,/Users/swchen.tw/git/percepio/poc/runs/tcp-workload-matrix-v1/A04-pbuf/build/tcp_out.o,
by_pc,2147512810,1,1,2,3,1,0,0,0,0,tcp_output_alloc_header_common.constprop.0,/Users/swchen.tw/git/percepio/poc/runs/tcp-workload-matrix-v1/A04-pbuf/build/tcp_out.o,
by_pc,2147512812,1,21,42,43,1,1,8,0,11,tcp_output_alloc_header_common.constprop.0,/Users/swchen.tw/git/percepio/poc/runs/tcp-workload-matrix-v1/A04-pbuf/build/tcp_out.o,
by_pc,2147512816,1,1,2,3,1,0,0,0,0,tcp_output_alloc_header_common.constprop.0,/Users/swchen.tw/git/percepio/poc/runs/tcp-workload-matrix-v1/A04-pbuf/build/tcp_out.o,
by_pc,2147512820,1,1,2,3,1,0,0,0,0,tcp_output_alloc_header_common.constprop.0,/Users/swchen.tw/git/percepio/poc/runs/tcp-workload-matrix-v1/A04-pbuf/build/tcp_out.o,
by_pc,2147512822,1,21,42,43,1,1,8,0,11,tcp_output_alloc_header_common.constprop.0,/Users/swchen.tw/git/percepio/poc/runs/tcp-workload-matrix-v1/A04-pbuf/build/tcp_out.o,
by_pc,2147512826,1,21,42,43,1,1,8,0,11,tcp_output_alloc_header_common.constprop.0,/Users/swchen.tw/git/percepio/poc/runs/tcp-workload-matrix-v1/A04-pbuf/build/tcp_out.o,
by_pc,2147512830,1,48,96,97,2,1,16,18,11,tcp_output_alloc_header_common.constprop.0,/Users/swchen.tw/git/percepio/poc/runs/tcp-workload-matrix-v1/A04-pbuf/build/tcp_out.o,
by_pc,2147512834,1,1,2,3,1,0,0,0,0,tcp_output_alloc_header_common.constprop.0,/Users/swchen.tw/git/percepio/poc/runs/tcp-workload-matrix-v1/A04-pbuf/build/tcp_out.o,
by_pc,2147512836,1,1,2,3,1,0,0,0,0,tcp_output_alloc_header_common.constprop.0,/Users/swchen.tw/git/percepio/poc/runs/tcp-workload-matrix-v1/A04-pbuf/build/tcp_out.o,
by_pc,2147512840,1,1,2,3,1,0,0,0,0,tcp_output_alloc_header_common.constprop.0,/Users/swchen.tw/git/percepio/poc/runs/tcp-workload-matrix-v1/A04-pbuf/build/tcp_out.o,
by_pc,2147512844,1,21,42,43,1,1,8,0,11,tcp_output_alloc_header_common.constprop.0,/Users/swchen.tw/git/percepio/poc/runs/tcp-workload-matrix-v1/A04-pbuf/build/tcp_out.o,
by_pc,2147512848,1,21,42,43,1,1,8,0,11,tcp_output_alloc_header_common.constprop.0,/Users/swchen.tw/git/percepio/poc/runs/tcp-workload-matrix-v1/A04-pbuf/build/tcp_out.o,
by_pc,2147512852,1,1,2,3,1,0,0,0,0,tcp_output_alloc_header_common.constprop.0,/Users/swchen.tw/git/percepio/poc/runs/tcp-workload-matrix-v1/A04-pbuf/build/tcp_out.o,
by_pc,2147512856,1,1,2,3,1,0,0,0,0,tcp_output_alloc_header_common.constprop.0,/Users/swchen.tw/git/percepio/poc/runs/tcp-workload-matrix-v1/A04-pbuf/build/tcp_out.o,
by_pc,2147512858,1,21,42,43,1,1,8,0,11,tcp_output_alloc_header_common.constprop.0,/Users/swchen.tw/git/percepio/poc/runs/tcp-workload-matrix-v1/A04-pbuf/build/tcp_out.o,
by_pc,2147512862,1,1,2,3,1,0,0,0,0,tcp_output_alloc_header_common.constprop.0,/Users/swchen.tw/git/percepio/poc/runs/tcp-workload-matrix-v1/A04-pbuf/build/tcp_out.o,
by_pc,2147512864,1,21,42,43,1,1,8,0,11,tcp_output_alloc_header_common.constprop.0,/Users/swchen.tw/git/percepio/poc/runs/tcp-workload-matrix-v1/A04-pbuf/build/tcp_out.o,
by_pc,2147512868,1,1,2,3,1,0,0,0,0,tcp_output_alloc_header_common.constprop.0,/Users/swchen.tw/git/percepio/poc/runs/tcp-workload-matrix-v1/A04-pbuf/build/tcp_out.o,
by_pc,2147512872,1,1,2,3,1,0,0,0,0,tcp_output_alloc_header_common.constprop.0,/Users/swchen.tw/git/percepio/poc/runs/tcp-workload-matrix-v1/A04-pbuf/build/tcp_out.o,
by_pc,2147512876,1,21,42,43,1,1,8,0,11,tcp_output_alloc_header_common.constprop.0,/Users/swchen.tw/git/percepio/poc/runs/tcp-workload-matrix-v1/A04-pbuf/build/tcp_out.o,
by_pc,2147512880,1,1,2,3,1,0,0,0,0,tcp_output_alloc_header_common.constprop.0,/Users/swchen.tw/git/percepio/poc/runs/tcp-workload-matrix-v1/A04-pbuf/build/tcp_out.o,
by_pc,2147512882,1,21,42,43,1,1,8,0,11,tcp_output_alloc_header_common.constprop.0,/Users/swchen.tw/git/percepio/poc/runs/tcp-workload-matrix-v1/A04-pbuf/build/tcp_out.o,
by_pc,2147512886,1,1,2,3,1,0,0,0,0,tcp_output_alloc_header_common.constprop.0,/Users/swchen.tw/git/percepio/poc/runs/tcp-workload-matrix-v1/A04-pbuf/build/tcp_out.o,
by_pc,2147512888,1,1,2,3,1,0,0,0,0,tcp_output_alloc_header_common.constprop.0,/Users/swchen.tw/git/percepio/poc/runs/tcp-workload-matrix-v1/A04-pbuf/build/tcp_out.o,
by_pc,2147512892,1,21,42,43,1,1,8,0,11,tcp_output_alloc_header_common.constprop.0,/Users/swchen.tw/git/percepio/poc/runs/tcp-workload-matrix-v1/A04-pbuf/build/tcp_out.o,
by_pc,2147512896,1,1,2,3,1,0,0,0,0,tcp_output_alloc_header_common.constprop.0,/Users/swchen.tw/git/percepio/poc/runs/tcp-workload-matrix-v1/A04-pbuf/build/tcp_out.o,
by_pc,2147512898,1,21,42,43,1,1,8,0,11,tcp_output_alloc_header_common.constprop.0,/Users/swchen.tw/git/percepio/poc/runs/tcp-workload-matrix-v1/A04-pbuf/build/tcp_out.o,
by_pc,2147512902,1,21,42,43,1,1,8,0,11,tcp_output_alloc_header_common.constprop.0,/Users/swchen.tw/git/percepio/poc/runs/tcp-workload-matrix-v1/A04-pbuf/build/tcp_out.o,
by_pc,2147512906,1,21,42,43,1,1,8,0,11,tcp_output_alloc_header_common.constprop.0,/Users/swchen.tw/git/percepio/poc/runs/tcp-workload-matrix-v1/A04-pbuf/build/tcp_out.o,
by_pc,2147512910,1,21,42,43,1,1,8,0,11,tcp_output_alloc_header_common.constprop.0,/Users/swchen.tw/git/percepio/poc/runs/tcp-workload-matrix-v1/A04-pbuf/build/tcp_out.o,
by_pc,2147512914,1,21,42,43,1,1,8,0,11,tcp_output_alloc_header_common.constprop.0,/Users/swchen.tw/git/percepio/poc/runs/tcp-workload-matrix-v1/A04-pbuf/build/tcp_out.o,
by_pc,2147512918,1,2,4,5,1,1,0,0,0,tcp_output_alloc_header_common.constprop.0,/Users/swchen.tw/git/percepio/poc/runs/tcp-workload-matrix-v1/A04-pbuf/build/tcp_out.o,
by_pc,2147512920,1,2,4,5,1,1,0,0,0,tcp_output_alloc_header_common.constprop.0,/Users/swchen.tw/git/percepio/poc/runs/tcp-workload-matrix-v1/A04-pbuf/build/tcp_out.o,
by_pc,2147512922,1,2,4,5,1,1,0,0,0,tcp_output_alloc_header_common.constprop.0,/Users/swchen.tw/git/percepio/poc/runs/tcp-workload-matrix-v1/A04-pbuf/build/tcp_out.o,
by_pc,2147512924,1,2,4,5,1,1,0,0,0,tcp_output_alloc_header_common.constprop.0,/Users/swchen.tw/git/percepio/poc/runs/tcp-workload-matrix-v1/A04-pbuf/build/tcp_out.o,
by_pc,2147512926,1,2,4,5,1,1,0,0,0,tcp_output_alloc_header_common.constprop.0,/Users/swchen.tw/git/percepio/poc/runs/tcp-workload-matrix-v1/A04-pbuf/build/tcp_out.o,
by_pc,2147512928,1,2,4,5,1,1,0,0,0,tcp_output_alloc_header_common.constprop.0,/Users/swchen.tw/git/percepio/poc/runs/tcp-workload-matrix-v1/A04-pbuf/build/tcp_out.o,
by_pc,2147512930,1,2,4,5,1,1,0,0,0,tcp_output_alloc_header_common.constprop.0,/Users/swchen.tw/git/percepio/poc/runs/tcp-workload-matrix-v1/A04-pbuf/build/tcp_out.o,
by_pc,2147512932,1,1,2,3,1,0,0,0,0,tcp_output_alloc_header_common.constprop.0,/Users/swchen.tw/git/percepio/poc/runs/tcp-workload-matrix-v1/A04-pbuf/build/tcp_out.o,
by_pc,2147512934,1,2,4,5,1,1,0,0,0,tcp_output_alloc_header_common.constprop.0,/Users/swchen.tw/git/percepio/poc/runs/tcp-workload-matrix-v1/A04-pbuf/build/tcp_out.o,
by_pc,2147512936,1,1,2,3,1,0,0,0,0,tcp_output_alloc_header_common.constprop.0,/Users/swchen.tw/git/percepio/poc/runs/tcp-workload-matrix-v1/A04-pbuf/build/tcp_out.o,
by_pc,2147512938,1,1,2,3,1,0,0,0,0,tcp_output_alloc_header_common.constprop.0,/Users/swchen.tw/git/percepio/poc/runs/tcp-workload-matrix-v1/A04-pbuf/build/tcp_out.o,
by_pc,2147512968,1,1,2,3,1,0,0,0,0,tcp_output_alloc_header.constprop.0,/Users/swchen.tw/git/percepio/poc/runs/tcp-workload-matrix-v1/A04-pbuf/build/tcp_out.o,
by_pc,2147512970,1,2,4,5,1,1,0,0,0,tcp_output_alloc_header.constprop.0,/Users/swchen.tw/git/percepio/poc/runs/tcp-workload-matrix-v1/A04-pbuf/build/tcp_out.o,
by_pc,2147512974,1,2,4,5,1,1,0,0,0,tcp_output_alloc_header.constprop.0,/Users/swchen.tw/git/percepio/poc/runs/tcp-workload-matrix-v1/A04-pbuf/build/tcp_out.o,
by_pc,2147512976,1,1,2,3,1,0,0,0,0,tcp_output_alloc_header.constprop.0,/Users/swchen.tw/git/percepio/poc/runs/tcp-workload-matrix-v1/A04-pbuf/build/tcp_out.o,
by_pc,2147512978,1,21,42,43,1,1,8,0,11,tcp_output_alloc_header.constprop.0,/Users/swchen.tw/git/percepio/poc/runs/tcp-workload-matrix-v1/A04-pbuf/build/tcp_out.o,
by_pc,2147512980,1,2,4,5,1,1,0,0,0,tcp_output_alloc_header.constprop.0,/Users/swchen.tw/git/percepio/poc/runs/tcp-workload-matrix-v1/A04-pbuf/build/tcp_out.o,
by_pc,2147512982,1,2,4,5,1,1,0,0,0,tcp_output_alloc_header.constprop.0,/Users/swchen.tw/git/percepio/poc/runs/tcp-workload-matrix-v1/A04-pbuf/build/tcp_out.o,
by_pc,2147512984,1,1,2,3,1,0,0,0,0,tcp_output_alloc_header.constprop.0,/Users/swchen.tw/git/percepio/poc/runs/tcp-workload-matrix-v1/A04-pbuf/build/tcp_out.o,
by_pc,2147512986,1,1,2,3,1,0,0,0,0,tcp_output_alloc_header.constprop.0,/Users/swchen.tw/git/percepio/poc/runs/tcp-workload-matrix-v1/A04-pbuf/build/tcp_out.o,
by_pc,2147515284,1,1,2,3,1,0,0,0,0,tcp_send_empty_ack,/Users/swchen.tw/git/percepio/poc/runs/tcp-workload-matrix-v1/A04-pbuf/build/tcp_out.o,
by_pc,2147515308,1,1,2,3,1,0,0,0,0,tcp_send_empty_ack,/Users/swchen.tw/git/percepio/poc/runs/tcp-workload-matrix-v1/A04-pbuf/build/tcp_out.o,
by_pc,2147515310,1,1,2,3,1,0,0,0,0,tcp_send_empty_ack,/Users/swchen.tw/git/percepio/poc/runs/tcp-workload-matrix-v1/A04-pbuf/build/tcp_out.o,
by_pc,2147515314,1,1,2,3,1,0,0,0,0,tcp_send_empty_ack,/Users/swchen.tw/git/percepio/poc/runs/tcp-workload-matrix-v1/A04-pbuf/build/tcp_out.o,
by_pc,2147515316,1,1,2,3,1,0,0,0,0,tcp_send_empty_ack,/Users/swchen.tw/git/percepio/poc/runs/tcp-workload-matrix-v1/A04-pbuf/build/tcp_out.o,
by_pc,2147515318,1,1,2,3,1,0,0,0,0,tcp_send_empty_ack,/Users/swchen.tw/git/percepio/poc/runs/tcp-workload-matrix-v1/A04-pbuf/build/tcp_out.o,
by_pc,2147512988,1,1,2,3,1,0,0,0,0,tcp_output_control_segment,/Users/swchen.tw/git/percepio/poc/runs/tcp-workload-matrix-v1/A04-pbuf/build/tcp_out.o,
by_pc,2147512990,1,21,42,43,1,1,8,0,11,tcp_output_control_segment,/Users/swchen.tw/git/percepio/poc/runs/tcp-workload-matrix-v1/A04-pbuf/build/tcp_out.o,
by_pc,2147512992,1,21,42,43,1,1,8,0,11,tcp_output_control_segment,/Users/swchen.tw/git/percepio/poc/runs/tcp-workload-matrix-v1/A04-pbuf/build/tcp_out.o,
by_pc,2147512994,1,1,2,3,1,0,0,0,0,tcp_output_control_segment,/Users/swchen.tw/git/percepio/poc/runs/tcp-workload-matrix-v1/A04-pbuf/build/tcp_out.o,
by_pc,2147512996,1,1,2,3,1,0,0,0,0,tcp_output_control_segment,/Users/swchen.tw/git/percepio/poc/runs/tcp-workload-matrix-v1/A04-pbuf/build/tcp_out.o,
by_pc,2147512998,1,2,4,5,1,1,0,0,0,tcp_output_control_segment,/Users/swchen.tw/git/percepio/poc/runs/tcp-workload-matrix-v1/A04-pbuf/build/tcp_out.o,
by_pc,2147513002,1,1,2,3,1,0,0,0,0,tcp_output_control_segment,/Users/swchen.tw/git/percepio/poc/runs/tcp-workload-matrix-v1/A04-pbuf/build/tcp_out.o,
by_pc,2147513036,1,9,18,19,1,0,8,0,0,tcp_output_control_segment,/Users/swchen.tw/git/percepio/poc/runs/tcp-workload-matrix-v1/A04-pbuf/build/tcp_out.o,
by_pc,2147513038,1,21,42,43,1,1,8,0,11,tcp_output_control_segment,/Users/swchen.tw/git/percepio/poc/runs/tcp-workload-matrix-v1/A04-pbuf/build/tcp_out.o,
by_pc,2147513040,1,21,42,43,1,1,8,0,11,tcp_output_control_segment,/Users/swchen.tw/git/percepio/poc/runs/tcp-workload-matrix-v1/A04-pbuf/build/tcp_out.o,
by_pc,2147513042,1,21,42,43,1,1,8,0,11,tcp_output_control_segment,/Users/swchen.tw/git/percepio/poc/runs/tcp-workload-matrix-v1/A04-pbuf/build/tcp_out.o,
by_pc,2147513044,1,1,2,3,1,0,0,0,0,tcp_output_control_segment,/Users/swchen.tw/git/percepio/poc/runs/tcp-workload-matrix-v1/A04-pbuf/build/tcp_out.o,
by_pc,2147513048,1,2,4,5,1,1,0,0,0,tcp_output_control_segment,/Users/swchen.tw/git/percepio/poc/runs/tcp-workload-matrix-v1/A04-pbuf/build/tcp_out.o,
by_pc,2147513050,1,2,4,5,1,1,0,0,0,tcp_output_control_segment,/Users/swchen.tw/git/percepio/poc/runs/tcp-workload-matrix-v1/A04-pbuf/build/tcp_out.o,
by_pc,2147513052,1,2,4,5,1,1,0,0,0,tcp_output_control_segment,/Users/swchen.tw/git/percepio/poc/runs/tcp-workload-matrix-v1/A04-pbuf/build/tcp_out.o,
by_pc,2147513054,1,1,2,3,1,0,0,0,0,tcp_output_control_segment,/Users/swchen.tw/git/percepio/poc/runs/tcp-workload-matrix-v1/A04-pbuf/build/tcp_out.o,
by_pc,2147513056,1,1,2,3,1,0,0,0,0,tcp_output_control_segment,/Users/swchen.tw/git/percepio/poc/runs/tcp-workload-matrix-v1/A04-pbuf/build/tcp_out.o,
by_pc,2147513022,1,1,2,3,1,0,0,0,0,tcp_output_control_segment,/Users/swchen.tw/git/percepio/poc/runs/tcp-workload-matrix-v1/A04-pbuf/build/tcp_out.o,
by_pc,2147513024,1,1,2,3,1,0,0,0,0,tcp_output_control_segment,/Users/swchen.tw/git/percepio/poc/runs/tcp-workload-matrix-v1/A04-pbuf/build/tcp_out.o,
by_pc,2147513026,1,2,4,5,1,1,0,0,0,tcp_output_control_segment,/Users/swchen.tw/git/percepio/poc/runs/tcp-workload-matrix-v1/A04-pbuf/build/tcp_out.o,
by_pc,2147513028,1,2,4,5,1,1,0,0,0,tcp_output_control_segment,/Users/swchen.tw/git/percepio/poc/runs/tcp-workload-matrix-v1/A04-pbuf/build/tcp_out.o,
by_pc,2147513030,1,1,2,3,1,0,0,0,0,tcp_output_control_segment,/Users/swchen.tw/git/percepio/poc/runs/tcp-workload-matrix-v1/A04-pbuf/build/tcp_out.o,
by_pc,2147513032,1,1,2,3,1,0,0,0,0,tcp_output_control_segment,/Users/swchen.tw/git/percepio/poc/runs/tcp-workload-matrix-v1/A04-pbuf/build/tcp_out.o,
by_pc,2147512592,1,9,18,19,1,0,8,0,0,tcp_output_control_segment_netif,/Users/swchen.tw/git/percepio/poc/runs/tcp-workload-matrix-v1/A04-pbuf/build/tcp_out.o,
by_pc,2147512594,1,21,42,43,1,1,8,0,11,tcp_output_control_segment_netif,/Users/swchen.tw/git/percepio/poc/runs/tcp-workload-matrix-v1/A04-pbuf/build/tcp_out.o,
by_pc,2147512596,1,21,42,43,1,1,8,0,11,tcp_output_control_segment_netif,/Users/swchen.tw/git/percepio/poc/runs/tcp-workload-matrix-v1/A04-pbuf/build/tcp_out.o,
by_pc,2147512598,1,21,42,43,1,1,8,0,11,tcp_output_control_segment_netif,/Users/swchen.tw/git/percepio/poc/runs/tcp-workload-matrix-v1/A04-pbuf/build/tcp_out.o,
by_pc,2147512600,1,21,42,43,1,1,8,0,11,tcp_output_control_segment_netif,/Users/swchen.tw/git/percepio/poc/runs/tcp-workload-matrix-v1/A04-pbuf/build/tcp_out.o,
by_pc,2147512602,1,21,42,43,1,1,8,0,11,tcp_output_control_segment_netif,/Users/swchen.tw/git/percepio/poc/runs/tcp-workload-matrix-v1/A04-pbuf/build/tcp_out.o,
by_pc,2147512604,1,21,42,43,1,1,8,0,11,tcp_output_control_segment_netif,/Users/swchen.tw/git/percepio/poc/runs/tcp-workload-matrix-v1/A04-pbuf/build/tcp_out.o,
by_pc,2147512606,1,21,42,43,1,1,8,0,11,tcp_output_control_segment_netif,/Users/swchen.tw/git/percepio/poc/runs/tcp-workload-matrix-v1/A04-pbuf/build/tcp_out.o,
by_pc,2147512608,1,1,2,3,1,0,0,0,0,tcp_output_control_segment_netif,/Users/swchen.tw/git/percepio/poc/runs/tcp-workload-matrix-v1/A04-pbuf/build/tcp_out.o,
by_pc,2147512610,1,1,2,3,1,0,0,0,0,tcp_output_control_segment_netif,/Users/swchen.tw/git/percepio/poc/runs/tcp-workload-matrix-v1/A04-pbuf/build/tcp_out.o,
by_pc,2147512612,1,1,2,3,1,0,0,0,0,tcp_output_control_segment_netif,/Users/swchen.tw/git/percepio/poc/runs/tcp-workload-matrix-v1/A04-pbuf/build/tcp_out.o,
by_pc,2147512614,1,1,2,3,1,0,0,0,0,tcp_output_control_segment_netif,/Users/swchen.tw/git/percepio/poc/runs/tcp-workload-matrix-v1/A04-pbuf/build/tcp_out.o,
by_pc,2147512616,1,2,4,5,1,1,0,0,0,tcp_output_control_segment_netif,/Users/swchen.tw/git/percepio/poc/runs/tcp-workload-matrix-v1/A04-pbuf/build/tcp_out.o,
by_pc,2147512620,1,2,4,5,1,1,0,0,0,tcp_output_control_segment_netif,/Users/swchen.tw/git/percepio/poc/runs/tcp-workload-matrix-v1/A04-pbuf/build/tcp_out.o,
by_pc,2147512624,1,1,2,3,1,0,0,0,0,tcp_output_control_segment_netif,/Users/swchen.tw/git/percepio/poc/runs/tcp-workload-matrix-v1/A04-pbuf/build/tcp_out.o,
by_pc,2147512626,1,1,2,3,1,0,0,0,0,tcp_output_control_segment_netif,/Users/swchen.tw/git/percepio/poc/runs/tcp-workload-matrix-v1/A04-pbuf/build/tcp_out.o,
by_pc,2147512628,1,1,2,3,1,0,0,0,0,tcp_output_control_segment_netif,/Users/swchen.tw/git/percepio/poc/runs/tcp-workload-matrix-v1/A04-pbuf/build/tcp_out.o,
by_pc,2147512630,1,1,2,3,1,0,0,0,0,tcp_output_control_segment_netif,/Users/swchen.tw/git/percepio/poc/runs/tcp-workload-matrix-v1/A04-pbuf/build/tcp_out.o,
by_pc,2147512632,1,1,2,3,1,0,0,0,0,tcp_output_control_segment_netif,/Users/swchen.tw/git/percepio/poc/runs/tcp-workload-matrix-v1/A04-pbuf/build/tcp_out.o,
by_pc,2147512636,1,21,42,43,1,1,8,0,11,tcp_output_control_segment_netif,/Users/swchen.tw/git/percepio/poc/runs/tcp-workload-matrix-v1/A04-pbuf/build/tcp_out.o,
by_pc,2147512640,1,27,54,55,1,0,8,18,0,tcp_output_control_segment_netif,/Users/swchen.tw/git/percepio/poc/runs/tcp-workload-matrix-v1/A04-pbuf/build/tcp_out.o,
by_pc,2147512642,1,21,42,43,1,1,8,0,11,tcp_output_control_segment_netif,/Users/swchen.tw/git/percepio/poc/runs/tcp-workload-matrix-v1/A04-pbuf/build/tcp_out.o,
by_pc,2147512646,1,2,4,5,1,1,0,0,0,tcp_output_control_segment_netif,/Users/swchen.tw/git/percepio/poc/runs/tcp-workload-matrix-v1/A04-pbuf/build/tcp_out.o,
by_pc,2147512648,1,1,2,3,1,0,0,0,0,tcp_output_control_segment_netif,/Users/swchen.tw/git/percepio/poc/runs/tcp-workload-matrix-v1/A04-pbuf/build/tcp_out.o,
by_pc,2147512650,1,2,4,5,1,1,0,0,0,tcp_output_control_segment_netif,/Users/swchen.tw/git/percepio/poc/runs/tcp-workload-matrix-v1/A04-pbuf/build/tcp_out.o,
by_pc,2147512654,1,2,4,5,1,1,0,0,0,tcp_output_control_segment_netif,/Users/swchen.tw/git/percepio/poc/runs/tcp-workload-matrix-v1/A04-pbuf/build/tcp_out.o,
by_pc,2147512658,1,1,2,3,1,0,0,0,0,tcp_output_control_segment_netif,/Users/swchen.tw/git/percepio/poc/runs/tcp-workload-matrix-v1/A04-pbuf/build/tcp_out.o,
by_pc,2147512662,1,2,4,5,1,1,0,0,0,tcp_output_control_segment_netif,/Users/swchen.tw/git/percepio/poc/runs/tcp-workload-matrix-v1/A04-pbuf/build/tcp_out.o,
by_pc,2147512666,1,1,2,3,1,0,0,0,0,tcp_output_control_segment_netif,/Users/swchen.tw/git/percepio/poc/runs/tcp-workload-matrix-v1/A04-pbuf/build/tcp_out.o,
by_pc,2147512668,1,1,2,3,1,0,0,0,0,tcp_output_control_segment_netif,/Users/swchen.tw/git/percepio/poc/runs/tcp-workload-matrix-v1/A04-pbuf/build/tcp_out.o,
by_pc,2147512670,1,1,2,3,1,0,0,0,0,tcp_output_control_segment_netif,/Users/swchen.tw/git/percepio/poc/runs/tcp-workload-matrix-v1/A04-pbuf/build/tcp_out.o,
by_pc,2147512672,1,1,2,3,1,0,0,0,0,tcp_output_control_segment_netif,/Users/swchen.tw/git/percepio/poc/runs/tcp-workload-matrix-v1/A04-pbuf/build/tcp_out.o,
by_pc,2147512676,1,21,42,43,1,1,8,0,11,tcp_output_control_segment_netif,/Users/swchen.tw/git/percepio/poc/runs/tcp-workload-matrix-v1/A04-pbuf/build/tcp_out.o,
by_pc,2147512680,1,1,2,3,1,0,0,0,0,tcp_output_control_segment_netif,/Users/swchen.tw/git/percepio/poc/runs/tcp-workload-matrix-v1/A04-pbuf/build/tcp_out.o,
by_pc,2147512682,1,1,2,3,1,0,0,0,0,tcp_output_control_segment_netif,/Users/swchen.tw/git/percepio/poc/runs/tcp-workload-matrix-v1/A04-pbuf/build/tcp_out.o,
by_pc,2147512684,1,1,2,3,1,0,0,0,0,tcp_output_control_segment_netif,/Users/swchen.tw/git/percepio/poc/runs/tcp-workload-matrix-v1/A04-pbuf/build/tcp_out.o,
by_pc,2147512688,1,1,2,3,1,0,0,0,0,tcp_output_control_segment_netif,/Users/swchen.tw/git/percepio/poc/runs/tcp-workload-matrix-v1/A04-pbuf/build/tcp_out.o,
by_pc,2147512690,1,1,2,3,1,0,0,0,0,tcp_output_control_segment_netif,/Users/swchen.tw/git/percepio/poc/runs/tcp-workload-matrix-v1/A04-pbuf/build/tcp_out.o,
by_pc,2147512692,1,1,2,3,1,0,0,0,0,tcp_output_control_segment_netif,/Users/swchen.tw/git/percepio/poc/runs/tcp-workload-matrix-v1/A04-pbuf/build/tcp_out.o,
by_pc,2147512696,1,2,4,5,1,1,0,0,0,tcp_output_control_segment_netif,/Users/swchen.tw/git/percepio/poc/runs/tcp-workload-matrix-v1/A04-pbuf/build/tcp_out.o,
by_pc,2147512698,1,2,4,5,1,1,0,0,0,tcp_output_control_segment_netif,/Users/swchen.tw/git/percepio/poc/runs/tcp-workload-matrix-v1/A04-pbuf/build/tcp_out.o,
by_pc,2147512700,1,2,4,5,1,1,0,0,0,tcp_output_control_segment_netif,/Users/swchen.tw/git/percepio/poc/runs/tcp-workload-matrix-v1/A04-pbuf/build/tcp_out.o,
by_pc,2147512702,1,2,4,5,1,1,0,0,0,tcp_output_control_segment_netif,/Users/swchen.tw/git/percepio/poc/runs/tcp-workload-matrix-v1/A04-pbuf/build/tcp_out.o,
by_pc,2147512704,1,2,4,5,1,1,0,0,0,tcp_output_control_segment_netif,/Users/swchen.tw/git/percepio/poc/runs/tcp-workload-matrix-v1/A04-pbuf/build/tcp_out.o,
by_pc,2147512706,1,1,2,3,1,0,0,0,0,tcp_output_control_segment_netif,/Users/swchen.tw/git/percepio/poc/runs/tcp-workload-matrix-v1/A04-pbuf/build/tcp_out.o,
by_pc,2147512708,1,2,4,5,1,1,0,0,0,tcp_output_control_segment_netif,/Users/swchen.tw/git/percepio/poc/runs/tcp-workload-matrix-v1/A04-pbuf/build/tcp_out.o,
by_pc,2147512710,1,1,2,3,1,0,0,0,0,tcp_output_control_segment_netif,/Users/swchen.tw/git/percepio/poc/runs/tcp-workload-matrix-v1/A04-pbuf/build/tcp_out.o,
by_pc,2147512712,1,1,2,3,1,0,0,0,0,tcp_output_control_segment_netif,/Users/swchen.tw/git/percepio/poc/runs/tcp-workload-matrix-v1/A04-pbuf/build/tcp_out.o,
by_pc,2147515322,1,2,4,5,1,1,0,0,0,tcp_send_empty_ack,/Users/swchen.tw/git/percepio/poc/runs/tcp-workload-matrix-v1/A04-pbuf/build/tcp_out.o,
by_pc,2147515326,1,2,4,5,2,0,0,0,0,tcp_send_empty_ack,/Users/swchen.tw/git/percepio/poc/runs/tcp-workload-matrix-v1/A04-pbuf/build/tcp_out.o,
by_pc,2147515330,1,1,2,3,1,0,0,0,0,tcp_send_empty_ack,/Users/swchen.tw/git/percepio/poc/runs/tcp-workload-matrix-v1/A04-pbuf/build/tcp_out.o,
by_pc,2147515296,1,21,42,43,1,1,8,0,11,tcp_send_empty_ack,/Users/swchen.tw/git/percepio/poc/runs/tcp-workload-matrix-v1/A04-pbuf/build/tcp_out.o,
by_pc,2147515300,1,2,4,5,1,1,0,0,0,tcp_send_empty_ack,/Users/swchen.tw/git/percepio/poc/runs/tcp-workload-matrix-v1/A04-pbuf/build/tcp_out.o,
by_pc,2147515302,1,2,4,5,1,1,0,0,0,tcp_send_empty_ack,/Users/swchen.tw/git/percepio/poc/runs/tcp-workload-matrix-v1/A04-pbuf/build/tcp_out.o,
by_pc,2147515304,1,1,2,3,1,0,0,0,0,tcp_send_empty_ack,/Users/swchen.tw/git/percepio/poc/runs/tcp-workload-matrix-v1/A04-pbuf/build/tcp_out.o,
by_pc,2147515306,1,1,2,3,1,0,0,0,0,tcp_send_empty_ack,/Users/swchen.tw/git/percepio/poc/runs/tcp-workload-matrix-v1/A04-pbuf/build/tcp_out.o,
by_pc,2147497382,1,9,18,19,1,0,8,0,0,session_task,/Users/swchen.tw/git/percepio/poc/runs/tcp-workload-matrix-v1/A04-pbuf/build/tcp_request_response_irq.o,
by_pc,2147497386,1,2,4,5,1,1,0,0,0,session_task,/Users/swchen.tw/git/percepio/poc/runs/tcp-workload-matrix-v1/A04-pbuf/build/tcp_request_response_irq.o,
by_pc,2147497390,1,1,2,3,1,0,0,0,0,session_task,/Users/swchen.tw/git/percepio/poc/runs/tcp-workload-matrix-v1/A04-pbuf/build/tcp_request_response_irq.o,
by_pc,2147497392,1,2,4,5,1,1,0,0,0,session_task,/Users/swchen.tw/git/percepio/poc/runs/tcp-workload-matrix-v1/A04-pbuf/build/tcp_request_response_irq.o,
by_pc,2147497396,1,2,4,5,1,1,0,0,0,session_task,/Users/swchen.tw/git/percepio/poc/runs/tcp-workload-matrix-v1/A04-pbuf/build/tcp_request_response_irq.o,
by_pc,2147497398,1,1,2,3,1,0,0,0,0,session_task,/Users/swchen.tw/git/percepio/poc/runs/tcp-workload-matrix-v1/A04-pbuf/build/tcp_request_response_irq.o,
by_pc,2147497400,1,1,2,3,1,0,0,0,0,session_task,/Users/swchen.tw/git/percepio/poc/runs/tcp-workload-matrix-v1/A04-pbuf/build/tcp_request_response_irq.o,
by_pc,2147497420,1,28,56,57,1,1,8,18,0,session_task,/Users/swchen.tw/git/percepio/poc/runs/tcp-workload-matrix-v1/A04-pbuf/build/tcp_request_response_irq.o,
by_pc,2147497422,1,1,2,3,1,0,0,0,0,session_task,/Users/swchen.tw/git/percepio/poc/runs/tcp-workload-matrix-v1/A04-pbuf/build/tcp_request_response_irq.o,
by_pc,2147497424,1,1,2,3,1,0,0,0,0,session_task,/Users/swchen.tw/git/percepio/poc/runs/tcp-workload-matrix-v1/A04-pbuf/build/tcp_request_response_irq.o,
by_pc,2147497426,1,1,2,3,1,0,0,0,0,session_task,/Users/swchen.tw/git/percepio/poc/runs/tcp-workload-matrix-v1/A04-pbuf/build/tcp_request_response_irq.o,
by_pc,2147497430,1,1,2,3,1,0,0,0,0,session_task,/Users/swchen.tw/git/percepio/poc/runs/tcp-workload-matrix-v1/A04-pbuf/build/tcp_request_response_irq.o,
by_pc,2147497434,1,1,2,3,1,0,0,0,0,session_task,/Users/swchen.tw/git/percepio/poc/runs/tcp-workload-matrix-v1/A04-pbuf/build/tcp_request_response_irq.o,
by_pc,2147497438,1,2,4,5,1,1,0,0,0,session_task,/Users/swchen.tw/git/percepio/poc/runs/tcp-workload-matrix-v1/A04-pbuf/build/tcp_request_response_irq.o,
by_pc,2147497442,1,1,2,3,1,0,0,0,0,session_task,/Users/swchen.tw/git/percepio/poc/runs/tcp-workload-matrix-v1/A04-pbuf/build/tcp_request_response_irq.o,
by_pc,2147504920,2,36,72,74,2,0,16,18,0,tcp_close,/Users/swchen.tw/git/percepio/poc/runs/tcp-workload-matrix-v1/A04-pbuf/build/tcp.o,
by_pc,2147504922,2,4,8,10,2,2,0,0,0,tcp_close,/Users/swchen.tw/git/percepio/poc/runs/tcp-workload-matrix-v1/A04-pbuf/build/tcp.o,
by_pc,2147504924,2,2,4,6,2,0,0,0,0,tcp_close,/Users/swchen.tw/git/percepio/poc/runs/tcp-workload-matrix-v1/A04-pbuf/build/tcp.o,
by_pc,2147504926,2,2,4,6,2,0,0,0,0,tcp_close,/Users/swchen.tw/git/percepio/poc/runs/tcp-workload-matrix-v1/A04-pbuf/build/tcp.o,
by_pc,2147504930,1,2,4,5,1,1,0,0,0,tcp_close,/Users/swchen.tw/git/percepio/poc/runs/tcp-workload-matrix-v1/A04-pbuf/build/tcp.o,
by_pc,2147504934,1,1,2,3,1,0,0,0,0,tcp_close,/Users/swchen.tw/git/percepio/poc/runs/tcp-workload-matrix-v1/A04-pbuf/build/tcp.o,
by_pc,2147504938,1,21,42,43,1,1,8,0,11,tcp_close,/Users/swchen.tw/git/percepio/poc/runs/tcp-workload-matrix-v1/A04-pbuf/build/tcp.o,
by_pc,2147504942,2,2,4,6,2,0,0,0,0,tcp_close,/Users/swchen.tw/git/percepio/poc/runs/tcp-workload-matrix-v1/A04-pbuf/build/tcp.o,
by_pc,2147504944,2,2,4,6,2,0,0,0,0,tcp_close,/Users/swchen.tw/git/percepio/poc/runs/tcp-workload-matrix-v1/A04-pbuf/build/tcp.o,
by_pc,2147504626,2,36,72,74,2,0,16,18,0,tcp_close_shutdown,/Users/swchen.tw/git/percepio/poc/runs/tcp-workload-matrix-v1/A04-pbuf/build/tcp.o,
by_pc,2147504628,2,42,84,86,2,2,16,0,22,tcp_close_shutdown,/Users/swchen.tw/git/percepio/poc/runs/tcp-workload-matrix-v1/A04-pbuf/build/tcp.o,
by_pc,2147504630,2,42,84,86,2,2,16,0,22,tcp_close_shutdown,/Users/swchen.tw/git/percepio/poc/runs/tcp-workload-matrix-v1/A04-pbuf/build/tcp.o,
by_pc,2147504632,2,42,84,86,2,2,16,0,22,tcp_close_shutdown,/Users/swchen.tw/git/percepio/poc/runs/tcp-workload-matrix-v1/A04-pbuf/build/tcp.o,
by_pc,2147504634,2,4,8,10,2,2,0,0,0,tcp_close_shutdown,/Users/swchen.tw/git/percepio/poc/runs/tcp-workload-matrix-v1/A04-pbuf/build/tcp.o,
by_pc,2147504636,2,2,4,6,2,0,0,0,0,tcp_close_shutdown,/Users/swchen.tw/git/percepio/poc/runs/tcp-workload-matrix-v1/A04-pbuf/build/tcp.o,
by_pc,2147504638,2,2,4,6,2,0,0,0,0,tcp_close_shutdown,/Users/swchen.tw/git/percepio/poc/runs/tcp-workload-matrix-v1/A04-pbuf/build/tcp.o,
by_pc,2147504640,2,36,72,74,2,0,16,18,0,tcp_close_shutdown,/Users/swchen.tw/git/percepio/poc/runs/tcp-workload-matrix-v1/A04-pbuf/build/tcp.o,
by_pc,2147504644,2,2,4,6,2,0,0,0,0,tcp_close_shutdown,/Users/swchen.tw/git/percepio/poc/runs/tcp-workload-matrix-v1/A04-pbuf/build/tcp.o,
by_pc,2147504646,2,2,4,6,2,0,0,0,0,tcp_close_shutdown,/Users/swchen.tw/git/percepio/poc/runs/tcp-workload-matrix-v1/A04-pbuf/build/tcp.o,
by_pc,2147504650,2,2,4,6,2,0,0,0,0,tcp_close_shutdown,/Users/swchen.tw/git/percepio/poc/runs/tcp-workload-matrix-v1/A04-pbuf/build/tcp.o,
by_pc,2147504652,1,2,4,5,1,1,0,0,0,tcp_close_shutdown,/Users/swchen.tw/git/percepio/poc/runs/tcp-workload-matrix-v1/A04-pbuf/build/tcp.o,
by_pc,2147504654,1,1,2,3,1,0,0,0,0,tcp_close_shutdown,/Users/swchen.tw/git/percepio/poc/runs/tcp-workload-matrix-v1/A04-pbuf/build/tcp.o,
by_pc,2147504656,1,2,4,5,1,1,0,0,0,tcp_close_shutdown,/Users/swchen.tw/git/percepio/poc/runs/tcp-workload-matrix-v1/A04-pbuf/build/tcp.o,
by_pc,2147504660,1,1,2,3,1,0,0,0,0,tcp_close_shutdown,/Users/swchen.tw/git/percepio/poc/runs/tcp-workload-matrix-v1/A04-pbuf/build/tcp.o,
by_pc,2147504662,1,1,2,3,1,0,0,0,0,tcp_close_shutdown,/Users/swchen.tw/git/percepio/poc/runs/tcp-workload-matrix-v1/A04-pbuf/build/tcp.o,
by_pc,2147504666,1,1,2,3,1,0,0,0,0,tcp_close_shutdown,/Users/swchen.tw/git/percepio/poc/runs/tcp-workload-matrix-v1/A04-pbuf/build/tcp.o,
by_pc,2147504906,1,1,2,3,1,0,0,0,0,tcp_close_shutdown,/Users/swchen.tw/git/percepio/poc/runs/tcp-workload-matrix-v1/A04-pbuf/build/tcp.o,
by_pc,2147504908,1,2,4,5,1,1,0,0,0,tcp_close_shutdown,/Users/swchen.tw/git/percepio/poc/runs/tcp-workload-matrix-v1/A04-pbuf/build/tcp.o,
by_pc,2147504910,1,2,4,5,1,1,0,0,0,tcp_close_shutdown,/Users/swchen.tw/git/percepio/poc/runs/tcp-workload-matrix-v1/A04-pbuf/build/tcp.o,
by_pc,2147504912,1,2,4,5,1,1,0,0,0,tcp_close_shutdown,/Users/swchen.tw/git/percepio/poc/runs/tcp-workload-matrix-v1/A04-pbuf/build/tcp.o,
by_pc,2147504914,1,1,2,3,1,0,0,0,0,tcp_close_shutdown,/Users/swchen.tw/git/percepio/poc/runs/tcp-workload-matrix-v1/A04-pbuf/build/tcp.o,
by_pc,2147504916,1,1,2,3,1,0,0,0,0,tcp_close_shutdown,/Users/swchen.tw/git/percepio/poc/runs/tcp-workload-matrix-v1/A04-pbuf/build/tcp.o,
by_pc,2147502744,1,27,54,55,1,0,8,18,0,tcp_close_shutdown_fin,/Users/swchen.tw/git/percepio/poc/runs/tcp-workload-matrix-v1/A04-pbuf/build/tcp.o,
by_pc,2147502746,1,21,42,43,1,1,8,0,11,tcp_close_shutdown_fin,/Users/swchen.tw/git/percepio/poc/runs/tcp-workload-matrix-v1/A04-pbuf/build/tcp.o,
by_pc,2147502748,1,21,42,43,1,1,8,0,11,tcp_close_shutdown_fin,/Users/swchen.tw/git/percepio/poc/runs/tcp-workload-matrix-v1/A04-pbuf/build/tcp.o,
by_pc,2147502750,1,2,4,5,1,1,0,0,0,tcp_close_shutdown_fin,/Users/swchen.tw/git/percepio/poc/runs/tcp-workload-matrix-v1/A04-pbuf/build/tcp.o,
by_pc,2147502752,1,1,2,3,1,0,0,0,0,tcp_close_shutdown_fin,/Users/swchen.tw/git/percepio/poc/runs/tcp-workload-matrix-v1/A04-pbuf/build/tcp.o,
by_pc,2147502754,1,1,2,3,1,0,0,0,0,tcp_close_shutdown_fin,/Users/swchen.tw/git/percepio/poc/runs/tcp-workload-matrix-v1/A04-pbuf/build/tcp.o,
by_pc,2147502756,1,1,2,3,1,0,0,0,0,tcp_close_shutdown_fin,/Users/swchen.tw/git/percepio/poc/runs/tcp-workload-matrix-v1/A04-pbuf/build/tcp.o,
by_pc,2147502760,1,1,2,3,1,0,0,0,0,tcp_close_shutdown_fin,/Users/swchen.tw/git/percepio/poc/runs/tcp-workload-matrix-v1/A04-pbuf/build/tcp.o,
by_pc,2147502762,1,1,2,3,1,0,0,0,0,tcp_close_shutdown_fin,/Users/swchen.tw/git/percepio/poc/runs/tcp-workload-matrix-v1/A04-pbuf/build/tcp.o,
by_pc,2147502800,1,27,54,55,1,0,8,18,0,tcp_close_shutdown_fin,/Users/swchen.tw/git/percepio/poc/runs/tcp-workload-matrix-v1/A04-pbuf/build/tcp.o,
by_pc,2147514458,1,27,54,55,1,0,8,18,0,tcp_send_fin,/Users/swchen.tw/git/percepio/poc/runs/tcp-workload-matrix-v1/A04-pbuf/build/tcp_out.o,
by_pc,2147514460,1,21,42,43,1,1,8,0,11,tcp_send_fin,/Users/swchen.tw/git/percepio/poc/runs/tcp-workload-matrix-v1/A04-pbuf/build/tcp_out.o,
by_pc,2147514462,1,21,42,43,1,1,8,0,11,tcp_send_fin,/Users/swchen.tw/git/percepio/poc/runs/tcp-workload-matrix-v1/A04-pbuf/build/tcp_out.o,
by_pc,2147514464,1,21,42,43,1,1,8,0,11,tcp_send_fin,/Users/swchen.tw/git/percepio/poc/runs/tcp-workload-matrix-v1/A04-pbuf/build/tcp_out.o,
by_pc,2147514466,1,21,42,43,1,1,8,0,11,tcp_send_fin,/Users/swchen.tw/git/percepio/poc/runs/tcp-workload-matrix-v1/A04-pbuf/build/tcp_out.o,
by_pc,2147514468,1,2,4,5,1,1,0,0,0,tcp_send_fin,/Users/swchen.tw/git/percepio/poc/runs/tcp-workload-matrix-v1/A04-pbuf/build/tcp_out.o,
by_pc,2147514470,1,1,2,3,1,0,0,0,0,tcp_send_fin,/Users/swchen.tw/git/percepio/poc/runs/tcp-workload-matrix-v1/A04-pbuf/build/tcp_out.o,
by_pc,2147514472,1,1,2,3,1,0,0,0,0,tcp_send_fin,/Users/swchen.tw/git/percepio/poc/runs/tcp-workload-matrix-v1/A04-pbuf/build/tcp_out.o,
by_pc,2147514504,1,28,56,57,1,1,8,18,0,tcp_send_fin,/Users/swchen.tw/git/percepio/poc/runs/tcp-workload-matrix-v1/A04-pbuf/build/tcp_out.o,
by_pc,2147514506,1,2,4,5,1,1,0,0,0,tcp_send_fin,/Users/swchen.tw/git/percepio/poc/runs/tcp-workload-matrix-v1/A04-pbuf/build/tcp_out.o,
by_pc,2147514508,1,2,4,5,1,1,0,0,0,tcp_send_fin,/Users/swchen.tw/git/percepio/poc/runs/tcp-workload-matrix-v1/A04-pbuf/build/tcp_out.o,
by_pc,2147514510,1,1,2,3,1,0,0,0,0,tcp_send_fin,/Users/swchen.tw/git/percepio/poc/runs/tcp-workload-matrix-v1/A04-pbuf/build/tcp_out.o,
by_pc,2147514512,1,2,4,5,1,1,0,0,0,tcp_send_fin,/Users/swchen.tw/git/percepio/poc/runs/tcp-workload-matrix-v1/A04-pbuf/build/tcp_out.o,
by_pc,2147514514,1,1,2,3,1,0,0,0,0,tcp_send_fin,/Users/swchen.tw/git/percepio/poc/runs/tcp-workload-matrix-v1/A04-pbuf/build/tcp_out.o,
by_pc,2147514516,1,1,2,3,1,0,0,0,0,tcp_send_fin,/Users/swchen.tw/git/percepio/poc/runs/tcp-workload-matrix-v1/A04-pbuf/build/tcp_out.o,
by_pc,2147514518,1,1,2,3,1,0,0,0,0,tcp_send_fin,/Users/swchen.tw/git/percepio/poc/runs/tcp-workload-matrix-v1/A04-pbuf/build/tcp_out.o,
by_pc,2147514416,1,2,4,5,1,1,0,0,0,tcp_enqueue_flags,/Users/swchen.tw/git/percepio/poc/runs/tcp-workload-matrix-v1/A04-pbuf/build/tcp_out.o,
by_pc,2147514420,1,1,2,3,1,0,0,0,0,tcp_enqueue_flags,/Users/swchen.tw/git/percepio/poc/runs/tcp-workload-matrix-v1/A04-pbuf/build/tcp_out.o,
by_pc,2147514424,1,21,42,43,1,1,8,0,11,tcp_enqueue_flags,/Users/swchen.tw/git/percepio/poc/runs/tcp-workload-matrix-v1/A04-pbuf/build/tcp_out.o,
by_pc,2147502804,1,1,2,3,1,0,0,0,0,tcp_close_shutdown_fin,/Users/swchen.tw/git/percepio/poc/runs/tcp-workload-matrix-v1/A04-pbuf/build/tcp.o,
by_pc,2147502806,1,1,2,3,1,0,0,0,0,tcp_close_shutdown_fin,/Users/swchen.tw/git/percepio/poc/runs/tcp-workload-matrix-v1/A04-pbuf/build/tcp.o,
by_pc,2147502808,1,21,42,43,1,1,8,0,11,tcp_close_shutdown_fin,/Users/swchen.tw/git/percepio/poc/runs/tcp-workload-matrix-v1/A04-pbuf/build/tcp.o,
by_pc,2147502810,1,1,2,3,1,0,0,0,0,tcp_close_shutdown_fin,/Users/swchen.tw/git/percepio/poc/runs/tcp-workload-matrix-v1/A04-pbuf/build/tcp.o,
by_pc,2147502812,1,1,2,3,1,0,0,0,0,tcp_close_shutdown_fin,/Users/swchen.tw/git/percepio/poc/runs/tcp-workload-matrix-v1/A04-pbuf/build/tcp.o,
by_pc,2147502816,1,1,2,3,1,0,0,0,0,tcp_close_shutdown_fin,/Users/swchen.tw/git/percepio/poc/runs/tcp-workload-matrix-v1/A04-pbuf/build/tcp.o,
by_pc,2147502818,1,2,4,5,1,1,0,0,0,tcp_close_shutdown_fin,/Users/swchen.tw/git/percepio/poc/runs/tcp-workload-matrix-v1/A04-pbuf/build/tcp.o,
by_pc,2147502820,1,2,4,5,1,1,0,0,0,tcp_close_shutdown_fin,/Users/swchen.tw/git/percepio/poc/runs/tcp-workload-matrix-v1/A04-pbuf/build/tcp.o,
by_pc,2147502822,1,1,2,3,1,0,0,0,0,tcp_close_shutdown_fin,/Users/swchen.tw/git/percepio/poc/runs/tcp-workload-matrix-v1/A04-pbuf/build/tcp.o,
by_pc,2147502824,1,1,2,3,1,0,0,0,0,tcp_close_shutdown_fin,/Users/swchen.tw/git/percepio/poc/runs/tcp-workload-matrix-v1/A04-pbuf/build/tcp.o,
by_pc,2147497446,1,1,2,3,1,0,0,0,0,session_task,/Users/swchen.tw/git/percepio/poc/runs/tcp-workload-matrix-v1/A04-pbuf/build/tcp_request_response_irq.o,
by_pc,2147497464,1,1,2,3,1,0,0,0,0,session_task,/Users/swchen.tw/git/percepio/poc/runs/tcp-workload-matrix-v1/A04-pbuf/build/tcp_request_response_irq.o,
by_pc,2147497466,1,1,2,3,1,0,0,0,0,session_task,/Users/swchen.tw/git/percepio/poc/runs/tcp-workload-matrix-v1/A04-pbuf/build/tcp_request_response_irq.o,
by_pc,2147497470,1,28,56,57,2,0,8,18,0,session_task,/Users/swchen.tw/git/percepio/poc/runs/tcp-workload-matrix-v1/A04-pbuf/build/tcp_request_response_irq.o,
by_pc,2147497474,1,21,42,43,1,1,8,0,11,session_task,/Users/swchen.tw/git/percepio/poc/runs/tcp-workload-matrix-v1/A04-pbuf/build/tcp_request_response_irq.o,
by_pc,2147497478,1,1,2,3,1,0,0,0,0,session_task,/Users/swchen.tw/git/percepio/poc/runs/tcp-workload-matrix-v1/A04-pbuf/build/tcp_request_response_irq.o,
by_pc,2147497482,1,2,4,5,1,1,0,0,0,session_task,/Users/swchen.tw/git/percepio/poc/runs/tcp-workload-matrix-v1/A04-pbuf/build/tcp_request_response_irq.o,
by_pc,2147497484,1,1,2,3,1,0,0,0,0,session_task,/Users/swchen.tw/git/percepio/poc/runs/tcp-workload-matrix-v1/A04-pbuf/build/tcp_request_response_irq.o,
by_pc,2147497486,1,1,2,3,1,0,0,0,0,session_task,/Users/swchen.tw/git/percepio/poc/runs/tcp-workload-matrix-v1/A04-pbuf/build/tcp_request_response_irq.o,
by_pc,2147497488,1,1,2,3,1,0,0,0,0,session_task,/Users/swchen.tw/git/percepio/poc/runs/tcp-workload-matrix-v1/A04-pbuf/build/tcp_request_response_irq.o,
by_pc,2147497492,1,2,4,5,1,1,0,0,0,session_task,/Users/swchen.tw/git/percepio/poc/runs/tcp-workload-matrix-v1/A04-pbuf/build/tcp_request_response_irq.o,
by_pc,2147497494,1,2,4,5,1,1,0,0,0,session_task,/Users/swchen.tw/git/percepio/poc/runs/tcp-workload-matrix-v1/A04-pbuf/build/tcp_request_response_irq.o,
by_pc,2147497496,1,1,2,3,1,0,0,0,0,session_task,/Users/swchen.tw/git/percepio/poc/runs/tcp-workload-matrix-v1/A04-pbuf/build/tcp_request_response_irq.o,
by_pc,2147497500,1,1,2,3,1,0,0,0,0,session_task,/Users/swchen.tw/git/percepio/poc/runs/tcp-workload-matrix-v1/A04-pbuf/build/tcp_request_response_irq.o,
by_pc,2147497504,1,1,2,3,1,0,0,0,0,session_task,/Users/swchen.tw/git/percepio/poc/runs/tcp-workload-matrix-v1/A04-pbuf/build/tcp_request_response_irq.o,
by_pc,2147497506,1,1,2,3,1,0,0,0,0,session_task,/Users/swchen.tw/git/percepio/poc/runs/tcp-workload-matrix-v1/A04-pbuf/build/tcp_request_response_irq.o,
by_pc,2147497508,1,1,2,3,1,0,0,0,0,session_task,/Users/swchen.tw/git/percepio/poc/runs/tcp-workload-matrix-v1/A04-pbuf/build/tcp_request_response_irq.o,
by_pc,2147497510,1,1,2,3,1,0,0,0,0,session_task,/Users/swchen.tw/git/percepio/poc/runs/tcp-workload-matrix-v1/A04-pbuf/build/tcp_request_response_irq.o,
by_pc,2147497512,1,21,42,43,1,1,8,0,11,session_task,/Users/swchen.tw/git/percepio/poc/runs/tcp-workload-matrix-v1/A04-pbuf/build/tcp_request_response_irq.o,
by_pc,2147497514,1,1,2,3,1,0,0,0,0,session_task,/Users/swchen.tw/git/percepio/poc/runs/tcp-workload-matrix-v1/A04-pbuf/build/tcp_request_response_irq.o,
by_pc,2147512054,1,27,54,55,1,0,8,18,0,tcp_input,/Users/swchen.tw/git/percepio/poc/runs/tcp-workload-matrix-v1/A04-pbuf/build/tcp_in.o,
by_pc,2147512056,1,1,2,3,1,0,0,0,0,tcp_input,/Users/swchen.tw/git/percepio/poc/runs/tcp-workload-matrix-v1/A04-pbuf/build/tcp_in.o,
by_pc,2147512060,1,2,4,5,1,1,0,0,0,tcp_input,/Users/swchen.tw/git/percepio/poc/runs/tcp-workload-matrix-v1/A04-pbuf/build/tcp_in.o,
by_pc,2147512064,1,9,18,19,1,0,8,0,0,tcp_input,/Users/swchen.tw/git/percepio/poc/runs/tcp-workload-matrix-v1/A04-pbuf/build/tcp_in.o,
by_pc,2147512066,1,1,2,3,1,0,0,0,0,tcp_input,/Users/swchen.tw/git/percepio/poc/runs/tcp-workload-matrix-v1/A04-pbuf/build/tcp_in.o,
by_pc,2147512070,1,2,4,5,1,1,0,0,0,tcp_input,/Users/swchen.tw/git/percepio/poc/runs/tcp-workload-matrix-v1/A04-pbuf/build/tcp_in.o,
by_pc,2147512072,1,2,4,5,1,1,0,0,0,tcp_input,/Users/swchen.tw/git/percepio/poc/runs/tcp-workload-matrix-v1/A04-pbuf/build/tcp_in.o,
by_pc,2147512076,1,1,2,3,1,0,0,0,0,tcp_input,/Users/swchen.tw/git/percepio/poc/runs/tcp-workload-matrix-v1/A04-pbuf/build/tcp_in.o,
by_pc,2147512080,1,2,4,5,1,1,0,0,0,tcp_input,/Users/swchen.tw/git/percepio/poc/runs/tcp-workload-matrix-v1/A04-pbuf/build/tcp_in.o,
by_pc,2147512082,1,1,2,3,1,0,0,0,0,tcp_input,/Users/swchen.tw/git/percepio/poc/runs/tcp-workload-matrix-v1/A04-pbuf/build/tcp_in.o,
by_pc,2147512086,1,2,4,5,1,1,0,0,0,tcp_input,/Users/swchen.tw/git/percepio/poc/runs/tcp-workload-matrix-v1/A04-pbuf/build/tcp_in.o,
by_pc,2147512090,1,1,2,3,1,0,0,0,0,tcp_input,/Users/swchen.tw/git/percepio/poc/runs/tcp-workload-matrix-v1/A04-pbuf/build/tcp_in.o,
by_pc,2147512094,1,21,42,43,1,1,8,0,11,tcp_input,/Users/swchen.tw/git/percepio/poc/runs/tcp-workload-matrix-v1/A04-pbuf/build/tcp_in.o,
by_pc,2147512098,1,1,2,3,1,0,0,0,0,tcp_input,/Users/swchen.tw/git/percepio/poc/runs/tcp-workload-matrix-v1/A04-pbuf/build/tcp_in.o,
by_pc,2147506628,1,1,2,3,1,0,0,0,0,tcp_input_delayed_close,/Users/swchen.tw/git/percepio/poc/runs/tcp-workload-matrix-v1/A04-pbuf/build/tcp_in.o,
by_pc,2147506630,1,21,42,43,1,1,8,0,11,tcp_input_delayed_close,/Users/swchen.tw/git/percepio/poc/runs/tcp-workload-matrix-v1/A04-pbuf/build/tcp_in.o,
by_pc,2147506632,1,21,42,43,1,1,8,0,11,tcp_input_delayed_close,/Users/swchen.tw/git/percepio/poc/runs/tcp-workload-matrix-v1/A04-pbuf/build/tcp_in.o,
by_pc,2147506634,1,2,4,5,1,1,0,0,0,tcp_input_delayed_close,/Users/swchen.tw/git/percepio/poc/runs/tcp-workload-matrix-v1/A04-pbuf/build/tcp_in.o,
by_pc,2147506638,1,1,2,3,1,0,0,0,0,tcp_input_delayed_close,/Users/swchen.tw/git/percepio/poc/runs/tcp-workload-matrix-v1/A04-pbuf/build/tcp_in.o,
by_pc,2147506640,1,1,2,3,1,0,0,0,0,tcp_input_delayed_close,/Users/swchen.tw/git/percepio/poc/runs/tcp-workload-matrix-v1/A04-pbuf/build/tcp_in.o,
by_pc,2147506642,1,1,2,3,1,0,0,0,0,tcp_input_delayed_close,/Users/swchen.tw/git/percepio/poc/runs/tcp-workload-matrix-v1/A04-pbuf/build/tcp_in.o,
by_pc,2147506656,1,1,2,3,1,0,0,0,0,tcp_input_delayed_close,/Users/swchen.tw/git/percepio/poc/runs/tcp-workload-matrix-v1/A04-pbuf/build/tcp_in.o,
by_pc,2147506658,1,1,2,3,1,0,0,0,0,tcp_input_delayed_close,/Users/swchen.tw/git/percepio/poc/runs/tcp-workload-matrix-v1/A04-pbuf/build/tcp_in.o,
by_pc,2147506662,1,1,2,3,1,0,0,0,0,tcp_input_delayed_close,/Users/swchen.tw/git/percepio/poc/runs/tcp-workload-matrix-v1/A04-pbuf/build/tcp_in.o,
by_pc,2147503636,2,28,56,58,2,0,8,18,0,tcp_pcb_remove,/Users/swchen.tw/git/percepio/poc/runs/tcp-workload-matrix-v1/A04-pbuf/build/tcp.o,
by_pc,2147503638,2,42,84,86,2,2,16,0,22,tcp_pcb_remove,/Users/swchen.tw/git/percepio/poc/runs/tcp-workload-matrix-v1/A04-pbuf/build/tcp.o,
by_pc,2147503640,2,42,84,86,2,2,16,0,22,tcp_pcb_remove,/Users/swchen.tw/git/percepio/poc/runs/tcp-workload-matrix-v1/A04-pbuf/build/tcp.o,
by_pc,2147503642,2,4,8,10,2,2,0,0,0,tcp_pcb_remove,/Users/swchen.tw/git/percepio/poc/runs/tcp-workload-matrix-v1/A04-pbuf/build/tcp.o,
by_pc,2147503644,2,2,4,6,2,0,0,0,0,tcp_pcb_remove,/Users/swchen.tw/git/percepio/poc/runs/tcp-workload-matrix-v1/A04-pbuf/build/tcp.o,
by_pc,2147503646,2,2,4,6,2,0,0,0,0,tcp_pcb_remove,/Users/swchen.tw/git/percepio/poc/runs/tcp-workload-matrix-v1/A04-pbuf/build/tcp.o,
by_pc,2147503650,2,4,8,10,2,2,0,0,0,tcp_pcb_remove,/Users/swchen.tw/git/percepio/poc/runs/tcp-workload-matrix-v1/A04-pbuf/build/tcp.o,
by_pc,2147503652,2,42,84,86,2,2,16,0,22,tcp_pcb_remove,/Users/swchen.tw/git/percepio/poc/runs/tcp-workload-matrix-v1/A04-pbuf/build/tcp.o,
by_pc,2147503654,2,42,84,86,2,2,16,0,22,tcp_pcb_remove,/Users/swchen.tw/git/percepio/poc/runs/tcp-workload-matrix-v1/A04-pbuf/build/tcp.o,
by_pc,2147503658,2,2,4,6,2,0,0,0,0,tcp_pcb_remove,/Users/swchen.tw/git/percepio/poc/runs/tcp-workload-matrix-v1/A04-pbuf/build/tcp.o,
by_pc,2147503660,2,2,4,6,2,0,0,0,0,tcp_pcb_remove,/Users/swchen.tw/git/percepio/poc/runs/tcp-workload-matrix-v1/A04-pbuf/build/tcp.o,
by_pc,2147503554,2,28,56,58,2,0,8,18,0,tcp_pcb_purge,/Users/swchen.tw/git/percepio/poc/runs/tcp-workload-matrix-v1/A04-pbuf/build/tcp.o,
by_pc,2147503556,2,4,8,10,2,2,0,0,0,tcp_pcb_purge,/Users/swchen.tw/git/percepio/poc/runs/tcp-workload-matrix-v1/A04-pbuf/build/tcp.o,
by_pc,2147503558,2,2,4,6,2,0,0,0,0,tcp_pcb_purge,/Users/swchen.tw/git/percepio/poc/runs/tcp-workload-matrix-v1/A04-pbuf/build/tcp.o,
by_pc,2147503562,2,2,4,6,2,0,0,0,0,tcp_pcb_purge,/Users/swchen.tw/git/percepio/poc/runs/tcp-workload-matrix-v1/A04-pbuf/build/tcp.o,
by_pc,2147503564,2,2,4,6,2,0,0,0,0,tcp_pcb_purge,/Users/swchen.tw/git/percepio/poc/runs/tcp-workload-matrix-v1/A04-pbuf/build/tcp.o,
by_pc,2147503568,2,2,4,6,2,0,0,0,0,tcp_pcb_purge,/Users/swchen.tw/git/percepio/poc/runs/tcp-workload-matrix-v1/A04-pbuf/build/tcp.o,
by_pc,2147503570,1,1,2,3,1,0,0,0,0,tcp_pcb_purge,/Users/swchen.tw/git/percepio/poc/runs/tcp-workload-matrix-v1/A04-pbuf/build/tcp.o,
by_pc,2147503572,1,21,42,43,1,1,8,0,11,tcp_pcb_purge,/Users/swchen.tw/git/percepio/poc/runs/tcp-workload-matrix-v1/A04-pbuf/build/tcp.o,
by_pc,2147503574,1,21,42,43,1,1,8,0,11,tcp_pcb_purge,/Users/swchen.tw/git/percepio/poc/runs/tcp-workload-matrix-v1/A04-pbuf/build/tcp.o,
by_pc,2147503576,1,1,2,3,1,0,0,0,0,tcp_pcb_purge,/Users/swchen.tw/git/percepio/poc/runs/tcp-workload-matrix-v1/A04-pbuf/build/tcp.o,
by_pc,2147503578,1,2,4,5,1,1,0,0,0,tcp_pcb_purge,/Users/swchen.tw/git/percepio/poc/runs/tcp-workload-matrix-v1/A04-pbuf/build/tcp.o,
by_pc,2147503580,1,1,2,3,1,0,0,0,0,tcp_pcb_purge,/Users/swchen.tw/git/percepio/poc/runs/tcp-workload-matrix-v1/A04-pbuf/build/tcp.o,
by_pc,2147503590,1,2,4,5,1,1,0,0,0,tcp_pcb_purge,/Users/swchen.tw/git/percepio/poc/runs/tcp-workload-matrix-v1/A04-pbuf/build/tcp.o,
by_pc,2147503592,1,1,2,3,1,0,0,0,0,tcp_pcb_purge,/Users/swchen.tw/git/percepio/poc/runs/tcp-workload-matrix-v1/A04-pbuf/build/tcp.o,
by_pc,2147503600,1,2,4,5,1,1,0,0,0,tcp_pcb_purge,/Users/swchen.tw/git/percepio/poc/runs/tcp-workload-matrix-v1/A04-pbuf/build/tcp.o,
by_pc,2147503602,1,1,2,3,1,0,0,0,0,tcp_pcb_purge,/Users/swchen.tw/git/percepio/poc/runs/tcp-workload-matrix-v1/A04-pbuf/build/tcp.o,
by_pc,2147503604,1,21,42,43,1,1,8,0,11,tcp_pcb_purge,/Users/swchen.tw/git/percepio/poc/runs/tcp-workload-matrix-v1/A04-pbuf/build/tcp.o,
by_pc,2147503608,1,1,2,3,1,0,0,0,0,tcp_pcb_purge,/Users/swchen.tw/git/percepio/poc/runs/tcp-workload-matrix-v1/A04-pbuf/build/tcp.o,
by_pc,2147503366,2,28,56,58,2,0,8,18,0,tcp_segs_free,/Users/swchen.tw/git/percepio/poc/runs/tcp-workload-matrix-v1/A04-pbuf/build/tcp.o,
by_pc,2147503368,2,2,4,6,2,0,0,0,0,tcp_segs_free,/Users/swchen.tw/git/percepio/poc/runs/tcp-workload-matrix-v1/A04-pbuf/build/tcp.o,
by_pc,2147503612,1,2,4,5,1,1,0,0,0,tcp_pcb_purge,/Users/swchen.tw/git/percepio/poc/runs/tcp-workload-matrix-v1/A04-pbuf/build/tcp.o,
by_pc,2147503614,1,2,4,5,2,0,0,0,0,tcp_pcb_purge,/Users/swchen.tw/git/percepio/poc/runs/tcp-workload-matrix-v1/A04-pbuf/build/tcp.o,
by_pc,2147503618,1,21,42,43,1,1,8,0,11,tcp_pcb_purge,/Users/swchen.tw/git/percepio/poc/runs/tcp-workload-matrix-v1/A04-pbuf/build/tcp.o,
by_pc,2147503622,1,21,42,43,1,1,8,0,11,tcp_pcb_purge,/Users/swchen.tw/git/percepio/poc/runs/tcp-workload-matrix-v1/A04-pbuf/build/tcp.o,
by_pc,2147503626,1,2,4,5,1,1,0,0,0,tcp_pcb_purge,/Users/swchen.tw/git/percepio/poc/runs/tcp-workload-matrix-v1/A04-pbuf/build/tcp.o,
by_pc,2147503628,1,2,4,5,1,1,0,0,0,tcp_pcb_purge,/Users/swchen.tw/git/percepio/poc/runs/tcp-workload-matrix-v1/A04-pbuf/build/tcp.o,
by_pc,2147503630,1,1,2,3,1,0,0,0,0,tcp_pcb_purge,/Users/swchen.tw/git/percepio/poc/runs/tcp-workload-matrix-v1/A04-pbuf/build/tcp.o,
by_pc,2147503632,1,1,2,3,1,0,0,0,0,tcp_pcb_purge,/Users/swchen.tw/git/percepio/poc/runs/tcp-workload-matrix-v1/A04-pbuf/build/tcp.o,
by_pc,2147503664,2,4,8,10,2,2,0,0,0,tcp_pcb_remove,/Users/swchen.tw/git/percepio/poc/runs/tcp-workload-matrix-v1/A04-pbuf/build/tcp.o,
by_pc,2147503666,2,2,4,6,2,0,0,0,0,tcp_pcb_remove,/Users/swchen.tw/git/percepio/poc/runs/tcp-workload-matrix-v1/A04-pbuf/build/tcp.o,
by_pc,2147503670,2,2,4,6,2,0,0,0,0,tcp_pcb_remove,/Users/swchen.tw/git/percepio/poc/runs/tcp-workload-matrix-v1/A04-pbuf/build/tcp.o,
by_pc,2147503672,1,1,2,3,1,0,0,0,0,tcp_pcb_remove,/Users/swchen.tw/git/percepio/poc/runs/tcp-workload-matrix-v1/A04-pbuf/build/tcp.o,
by_pc,2147503674,1,1,2,3,1,0,0,0,0,tcp_pcb_remove,/Users/swchen.tw/git/percepio/poc/runs/tcp-workload-matrix-v1/A04-pbuf/build/tcp.o,
by_pc,2147503676,1,2,4,5,1,1,0,0,0,tcp_pcb_remove,/Users/swchen.tw/git/percepio/poc/runs/tcp-workload-matrix-v1/A04-pbuf/build/tcp.o,
by_pc,2147503680,1,27,54,55,1,0,8,18,0,tcp_pcb_remove,/Users/swchen.tw/git/percepio/poc/runs/tcp-workload-matrix-v1/A04-pbuf/build/tcp.o,
by_pc,2147503684,1,1,2,3,1,0,0,0,0,tcp_pcb_remove,/Users/swchen.tw/git/percepio/poc/runs/tcp-workload-matrix-v1/A04-pbuf/build/tcp.o,
by_pc,2147503700,2,42,84,86,2,2,16,0,22,tcp_pcb_remove,/Users/swchen.tw/git/percepio/poc/runs/tcp-workload-matrix-v1/A04-pbuf/build/tcp.o,
by_pc,2147503704,2,42,84,86,2,2,16,0,22,tcp_pcb_remove,/Users/swchen.tw/git/percepio/poc/runs/tcp-workload-matrix-v1/A04-pbuf/build/tcp.o,
by_pc,2147503708,2,4,8,10,2,2,0,0,0,tcp_pcb_remove,/Users/swchen.tw/git/percepio/poc/runs/tcp-workload-matrix-v1/A04-pbuf/build/tcp.o,
by_pc,2147503710,2,4,8,10,2,2,0,0,0,tcp_pcb_remove,/Users/swchen.tw/git/percepio/poc/runs/tcp-workload-matrix-v1/A04-pbuf/build/tcp.o,
by_pc,2147503712,2,2,4,6,2,0,0,0,0,tcp_pcb_remove,/Users/swchen.tw/git/percepio/poc/runs/tcp-workload-matrix-v1/A04-pbuf/build/tcp.o,
by_pc,2147503714,2,2,4,6,2,0,0,0,0,tcp_pcb_remove,/Users/swchen.tw/git/percepio/poc/runs/tcp-workload-matrix-v1/A04-pbuf/build/tcp.o,
by_pc,2147506666,1,1,2,3,1,0,0,0,0,tcp_input_delayed_close,/Users/swchen.tw/git/percepio/poc/runs/tcp-workload-matrix-v1/A04-pbuf/build/tcp_in.o,
by_pc,2147506668,1,1,2,3,1,0,0,0,0,tcp_input_delayed_close,/Users/swchen.tw/git/percepio/poc/runs/tcp-workload-matrix-v1/A04-pbuf/build/tcp_in.o,
by_pc,2147506672,1,2,4,5,1,1,0,0,0,tcp_input_delayed_close,/Users/swchen.tw/git/percepio/poc/runs/tcp-workload-matrix-v1/A04-pbuf/build/tcp_in.o,
by_pc,2147506674,1,2,4,5,1,1,0,0,0,tcp_input_delayed_close,/Users/swchen.tw/git/percepio/poc/runs/tcp-workload-matrix-v1/A04-pbuf/build/tcp_in.o,
by_pc,2147506676,1,1,2,3,1,0,0,0,0,tcp_input_delayed_close,/Users/swchen.tw/git/percepio/poc/runs/tcp-workload-matrix-v1/A04-pbuf/build/tcp_in.o,
by_pc,2147506678,1,1,2,3,1,0,0,0,0,tcp_input_delayed_close,/Users/swchen.tw/git/percepio/poc/runs/tcp-workload-matrix-v1/A04-pbuf/build/tcp_in.o,
by_pc,2147506680,1,1,2,3,1,0,0,0,0,tcp_input_delayed_close,/Users/swchen.tw/git/percepio/poc/runs/tcp-workload-matrix-v1/A04-pbuf/build/tcp_in.o,
by_pc,2147497518,1,9,18,19,1,0,8,0,0,session_task,/Users/swchen.tw/git/percepio/poc/runs/tcp-workload-matrix-v1/A04-pbuf/build/tcp_request_response_irq.o,
by_pc,2147497522,1,1,2,3,1,0,0,0,0,session_task,/Users/swchen.tw/git/percepio/poc/runs/tcp-workload-matrix-v1/A04-pbuf/build/tcp_request_response_irq.o,
by_pc,2147497526,1,2,4,5,1,1,0,0,0,session_task,/Users/swchen.tw/git/percepio/poc/runs/tcp-workload-matrix-v1/A04-pbuf/build/tcp_request_response_irq.o,
by_pc,2147497528,1,1,2,3,1,0,0,0,0,session_task,/Users/swchen.tw/git/percepio/poc/runs/tcp-workload-matrix-v1/A04-pbuf/build/tcp_request_response_irq.o,
by_pc,2147504764,1,27,54,55,1,0,8,18,0,tcp_close_shutdown,/Users/swchen.tw/git/percepio/poc/runs/tcp-workload-matrix-v1/A04-pbuf/build/tcp.o,
by_pc,2147504766,1,28,56,57,2,0,8,18,0,tcp_close_shutdown,/Users/swchen.tw/git/percepio/poc/runs/tcp-workload-matrix-v1/A04-pbuf/build/tcp.o,
by_pc,2147504826,1,1,2,3,1,0,0,0,0,tcp_close_shutdown,/Users/swchen.tw/git/percepio/poc/runs/tcp-workload-matrix-v1/A04-pbuf/build/tcp.o,
by_pc,2147504830,1,28,56,57,2,0,8,18,0,tcp_close_shutdown,/Users/swchen.tw/git/percepio/poc/runs/tcp-workload-matrix-v1/A04-pbuf/build/tcp.o,
by_pc,2147504834,1,1,2,3,1,0,0,0,0,tcp_close_shutdown,/Users/swchen.tw/git/percepio/poc/runs/tcp-workload-matrix-v1/A04-pbuf/build/tcp.o,
by_pc,2147504838,1,1,2,3,1,0,0,0,0,tcp_close_shutdown,/Users/swchen.tw/git/percepio/poc/runs/tcp-workload-matrix-v1/A04-pbuf/build/tcp.o,
by_pc,2147504842,3,6,12,15,3,3,0,0,0,tcp_close_shutdown,/Users/swchen.tw/git/percepio/poc/runs/tcp-workload-matrix-v1/A04-pbuf/build/tcp.o,
by_pc,2147504844,3,6,12,15,3,3,0,0,0,tcp_close_shutdown,/Users/swchen.tw/git/percepio/poc/runs/tcp-workload-matrix-v1/A04-pbuf/build/tcp.o,
by_pc,2147504846,3,3,6,9,3,0,0,0,0,tcp_close_shutdown,/Users/swchen.tw/git/percepio/poc/runs/tcp-workload-matrix-v1/A04-pbuf/build/tcp.o,
by_pc,2147504848,3,3,6,9,3,0,0,0,0,tcp_close_shutdown,/Users/swchen.tw/git/percepio/poc/runs/tcp-workload-matrix-v1/A04-pbuf/build/tcp.o,
by_pc,2147504850,3,3,6,9,3,0,0,0,0,tcp_close_shutdown,/Users/swchen.tw/git/percepio/poc/runs/tcp-workload-matrix-v1/A04-pbuf/build/tcp.o,
by_pc,2147504854,1,1,2,3,1,0,0,0,0,tcp_close_shutdown,/Users/swchen.tw/git/percepio/poc/runs/tcp-workload-matrix-v1/A04-pbuf/build/tcp.o,
by_pc,2147504856,1,1,2,3,1,0,0,0,0,tcp_close_shutdown,/Users/swchen.tw/git/percepio/poc/runs/tcp-workload-matrix-v1/A04-pbuf/build/tcp.o,
by_pc,2147504860,1,1,2,3,1,0,0,0,0,tcp_close_shutdown,/Users/swchen.tw/git/percepio/poc/runs/tcp-workload-matrix-v1/A04-pbuf/build/tcp.o,
by_pc,2147503634,1,1,2,3,1,0,0,0,0,tcp_pcb_purge,/Users/swchen.tw/git/percepio/poc/runs/tcp-workload-matrix-v1/A04-pbuf/build/tcp.o,
by_pc,2147504864,1,1,2,3,1,0,0,0,0,tcp_close_shutdown,/Users/swchen.tw/git/percepio/poc/runs/tcp-workload-matrix-v1/A04-pbuf/build/tcp.o,
by_pc,2147504866,1,1,2,3,1,0,0,0,0,tcp_close_shutdown,/Users/swchen.tw/git/percepio/poc/runs/tcp-workload-matrix-v1/A04-pbuf/build/tcp.o,
by_pc,2147504868,1,1,2,3,1,0,0,0,0,tcp_close_shutdown,/Users/swchen.tw/git/percepio/poc/runs/tcp-workload-matrix-v1/A04-pbuf/build/tcp.o,
by_pc,2147504872,1,1,2,3,1,0,0,0,0,tcp_close_shutdown,/Users/swchen.tw/git/percepio/poc/runs/tcp-workload-matrix-v1/A04-pbuf/build/tcp.o,
by_pc,2147504736,1,2,4,5,1,1,0,0,0,tcp_close_shutdown,/Users/swchen.tw/git/percepio/poc/runs/tcp-workload-matrix-v1/A04-pbuf/build/tcp.o,
by_pc,2147504738,1,2,4,5,1,1,0,0,0,tcp_close_shutdown,/Users/swchen.tw/git/percepio/poc/runs/tcp-workload-matrix-v1/A04-pbuf/build/tcp.o,
by_pc,2147504740,1,2,4,5,1,1,0,0,0,tcp_close_shutdown,/Users/swchen.tw/git/percepio/poc/runs/tcp-workload-matrix-v1/A04-pbuf/build/tcp.o,
by_pc,2147504742,1,1,2,3,1,0,0,0,0,tcp_close_shutdown,/Users/swchen.tw/git/percepio/poc/runs/tcp-workload-matrix-v1/A04-pbuf/build/tcp.o,
by_pc,2147504744,1,1,2,3,1,0,0,0,0,tcp_close_shutdown,/Users/swchen.tw/git/percepio/poc/runs/tcp-workload-matrix-v1/A04-pbuf/build/tcp.o,
by_pc,2147504746,1,1,2,3,1,0,0,0,0,tcp_close_shutdown,/Users/swchen.tw/git/percepio/poc/runs/tcp-workload-matrix-v1/A04-pbuf/build/tcp.o,
by_pc,2147497532,1,1,2,3,1,0,0,0,0,session_task,/Users/swchen.tw/git/percepio/poc/runs/tcp-workload-matrix-v1/A04-pbuf/build/tcp_request_response_irq.o,
by_pc,2147497550,1,27,54,55,1,0,8,18,0,session_task,/Users/swchen.tw/git/percepio/poc/runs/tcp-workload-matrix-v1/A04-pbuf/build/tcp_request_response_irq.o,
by_pc,2147497552,1,1,2,3,1,0,0,0,0,session_task,/Users/swchen.tw/git/percepio/poc/runs/tcp-workload-matrix-v1/A04-pbuf/build/tcp_request_response_irq.o,
by_pc,2147497556,1,1,2,3,1,0,0,0,0,session_task,/Users/swchen.tw/git/percepio/poc/runs/tcp-workload-matrix-v1/A04-pbuf/build/tcp_request_response_irq.o,
by_pc,2147497560,1,1,2,3,1,0,0,0,0,session_task,/Users/swchen.tw/git/percepio/poc/runs/tcp-workload-matrix-v1/A04-pbuf/build/tcp_request_response_irq.o,
by_pc,2147497564,1,2,4,5,1,1,0,0,0,session_task,/Users/swchen.tw/git/percepio/poc/runs/tcp-workload-matrix-v1/A04-pbuf/build/tcp_request_response_irq.o,
by_pc,2147497568,1,1,2,3,1,0,0,0,0,session_task,/Users/swchen.tw/git/percepio/poc/runs/tcp-workload-matrix-v1/A04-pbuf/build/tcp_request_response_irq.o,
by_pc,2147497570,1,2,4,5,1,1,0,0,0,session_task,/Users/swchen.tw/git/percepio/poc/runs/tcp-workload-matrix-v1/A04-pbuf/build/tcp_request_response_irq.o,
by_pc,2147497574,1,1,2,3,1,0,0,0,0,session_task,/Users/swchen.tw/git/percepio/poc/runs/tcp-workload-matrix-v1/A04-pbuf/build/tcp_request_response_irq.o,
by_pc,2147497576,1,2,4,5,1,1,0,0,0,session_task,/Users/swchen.tw/git/percepio/poc/runs/tcp-workload-matrix-v1/A04-pbuf/build/tcp_request_response_irq.o,
by_pc,2147497580,1,1,2,3,1,0,0,0,0,session_task,/Users/swchen.tw/git/percepio/poc/runs/tcp-workload-matrix-v1/A04-pbuf/build/tcp_request_response_irq.o,
by_pc,2147497582,1,2,4,5,1,1,0,0,0,session_task,/Users/swchen.tw/git/percepio/poc/runs/tcp-workload-matrix-v1/A04-pbuf/build/tcp_request_response_irq.o,
by_pc,2147497586,1,1,2,3,1,0,0,0,0,session_task,/Users/swchen.tw/git/percepio/poc/runs/tcp-workload-matrix-v1/A04-pbuf/build/tcp_request_response_irq.o,
by_pc,2147497588,1,2,4,5,1,1,0,0,0,session_task,/Users/swchen.tw/git/percepio/poc/runs/tcp-workload-matrix-v1/A04-pbuf/build/tcp_request_response_irq.o,
by_pc,2147497592,1,1,2,3,1,0,0,0,0,session_task,/Users/swchen.tw/git/percepio/poc/runs/tcp-workload-matrix-v1/A04-pbuf/build/tcp_request_response_irq.o,
by_pc,2147497610,1,27,54,55,1,0,8,18,0,session_task,/Users/swchen.tw/git/percepio/poc/runs/tcp-workload-matrix-v1/A04-pbuf/build/tcp_request_response_irq.o,
by_pc,2147497614,1,1,2,3,1,0,0,0,0,session_task,/Users/swchen.tw/git/percepio/poc/runs/tcp-workload-matrix-v1/A04-pbuf/build/tcp_request_response_irq.o,
by_pc,2147497618,1,1,2,3,1,0,0,0,0,session_task,/Users/swchen.tw/git/percepio/poc/runs/tcp-workload-matrix-v1/A04-pbuf/build/tcp_request_response_irq.o,
by_pc,2147494842,1,27,54,55,1,0,8,18,0,resources,/Users/swchen.tw/git/percepio/poc/runs/tcp-workload-matrix-v1/A04-pbuf/build/tcp_request_response_irq.o,
by_pc,2147494846,1,10,20,21,2,0,8,0,0,resources,/Users/swchen.tw/git/percepio/poc/runs/tcp-workload-matrix-v1/A04-pbuf/build/tcp_request_response_irq.o,
by_pc,2147494850,1,2,4,5,1,1,0,0,0,resources,/Users/swchen.tw/git/percepio/poc/runs/tcp-workload-matrix-v1/A04-pbuf/build/tcp_request_response_irq.o,
by_pc,2147494854,1,39,78,79,1,1,8,18,11,resources,/Users/swchen.tw/git/percepio/poc/runs/tcp-workload-matrix-v1/A04-pbuf/build/tcp_request_response_irq.o,
by_pc,2147494856,1,2,4,5,1,1,0,0,0,resources,/Users/swchen.tw/git/percepio/poc/runs/tcp-workload-matrix-v1/A04-pbuf/build/tcp_request_response_irq.o,
by_pc,2147494858,1,2,4,5,1,1,0,0,0,resources,/Users/swchen.tw/git/percepio/poc/runs/tcp-workload-matrix-v1/A04-pbuf/build/tcp_request_response_irq.o,
by_pc,2147494862,1,21,42,43,1,1,8,0,11,resources,/Users/swchen.tw/git/percepio/poc/runs/tcp-workload-matrix-v1/A04-pbuf/build/tcp_request_response_irq.o,
by_pc,2147494864,1,2,4,5,1,1,0,0,0,resources,/Users/swchen.tw/git/percepio/poc/runs/tcp-workload-matrix-v1/A04-pbuf/build/tcp_request_response_irq.o,
by_pc,2147494866,1,2,4,5,1,1,0,0,0,resources,/Users/swchen.tw/git/percepio/poc/runs/tcp-workload-matrix-v1/A04-pbuf/build/tcp_request_response_irq.o,
by_pc,2147494870,1,21,42,43,1,1,8,0,11,resources,/Users/swchen.tw/git/percepio/poc/runs/tcp-workload-matrix-v1/A04-pbuf/build/tcp_request_response_irq.o,
by_pc,2147494872,1,2,4,5,1,1,0,0,0,resources,/Users/swchen.tw/git/percepio/poc/runs/tcp-workload-matrix-v1/A04-pbuf/build/tcp_request_response_irq.o,
by_pc,2147494874,1,2,4,5,1,1,0,0,0,resources,/Users/swchen.tw/git/percepio/poc/runs/tcp-workload-matrix-v1/A04-pbuf/build/tcp_request_response_irq.o,
by_pc,2147494878,1,21,42,43,1,1,8,0,11,resources,/Users/swchen.tw/git/percepio/poc/runs/tcp-workload-matrix-v1/A04-pbuf/build/tcp_request_response_irq.o,
by_pc,2147494880,1,2,4,5,1,1,0,0,0,resources,/Users/swchen.tw/git/percepio/poc/runs/tcp-workload-matrix-v1/A04-pbuf/build/tcp_request_response_irq.o,
by_pc,2147494882,1,10,20,21,1,1,8,0,0,resources,/Users/swchen.tw/git/percepio/poc/runs/tcp-workload-matrix-v1/A04-pbuf/build/tcp_request_response_irq.o,
by_pc,2147494886,1,21,42,43,1,1,8,0,11,resources,/Users/swchen.tw/git/percepio/poc/runs/tcp-workload-matrix-v1/A04-pbuf/build/tcp_request_response_irq.o,
by_pc,2147494888,1,2,4,5,1,1,0,0,0,resources,/Users/swchen.tw/git/percepio/poc/runs/tcp-workload-matrix-v1/A04-pbuf/build/tcp_request_response_irq.o,
by_pc,2147494890,1,28,56,57,1,1,8,18,0,resources,/Users/swchen.tw/git/percepio/poc/runs/tcp-workload-matrix-v1/A04-pbuf/build/tcp_request_response_irq.o,
by_pc,2147494894,1,21,42,43,1,1,8,0,11,resources,/Users/swchen.tw/git/percepio/poc/runs/tcp-workload-matrix-v1/A04-pbuf/build/tcp_request_response_irq.o,
by_pc,2147494896,1,1,2,3,1,0,0,0,0,resources,/Users/swchen.tw/git/percepio/poc/runs/tcp-workload-matrix-v1/A04-pbuf/build/tcp_request_response_irq.o,
by_pc,2147497622,1,1,2,3,1,0,0,0,0,session_task,/Users/swchen.tw/git/percepio/poc/runs/tcp-workload-matrix-v1/A04-pbuf/build/tcp_request_response_irq.o,
by_pc,2147497624,1,1,2,3,1,0,0,0,0,session_task,/Users/swchen.tw/git/percepio/poc/runs/tcp-workload-matrix-v1/A04-pbuf/build/tcp_request_response_irq.o,
by_pc,2147497628,1,1,2,3,1,0,0,0,0,session_task,/Users/swchen.tw/git/percepio/poc/runs/tcp-workload-matrix-v1/A04-pbuf/build/tcp_request_response_irq.o,
by_pc,2147497632,1,1,2,3,1,0,0,0,0,session_task,/Users/swchen.tw/git/percepio/poc/runs/tcp-workload-matrix-v1/A04-pbuf/build/tcp_request_response_irq.o,
by_pc,2147497636,1,1,2,3,1,0,0,0,0,session_task,/Users/swchen.tw/git/percepio/poc/runs/tcp-workload-matrix-v1/A04-pbuf/build/tcp_request_response_irq.o,
by_pc,2147497640,1,1,2,3,1,0,0,0,0,session_task,/Users/swchen.tw/git/percepio/poc/runs/tcp-workload-matrix-v1/A04-pbuf/build/tcp_request_response_irq.o,
by_pc,2147497642,6,6,12,18,6,0,0,0,0,session_task,/Users/swchen.tw/git/percepio/poc/runs/tcp-workload-matrix-v1/A04-pbuf/build/tcp_request_response_irq.o,
by_pc,2147497646,6,6,12,18,6,0,0,0,0,session_task,/Users/swchen.tw/git/percepio/poc/runs/tcp-workload-matrix-v1/A04-pbuf/build/tcp_request_response_irq.o,
by_pc,2147497650,6,12,24,30,6,6,0,0,0,session_task,/Users/swchen.tw/git/percepio/poc/runs/tcp-workload-matrix-v1/A04-pbuf/build/tcp_request_response_irq.o,
by_pc,2147497652,6,12,24,30,6,6,0,0,0,session_task,/Users/swchen.tw/git/percepio/poc/runs/tcp-workload-matrix-v1/A04-pbuf/build/tcp_request_response_irq.o,
by_pc,2147497654,6,6,12,18,6,0,0,0,0,session_task,/Users/swchen.tw/git/percepio/poc/runs/tcp-workload-matrix-v1/A04-pbuf/build/tcp_request_response_irq.o,
by_pc,2147497674,6,32,64,70,6,0,8,18,0,session_task,/Users/swchen.tw/git/percepio/poc/runs/tcp-workload-matrix-v1/A04-pbuf/build/tcp_request_response_irq.o,
by_pc,2147497676,6,6,12,18,6,0,0,0,0,session_task,/Users/swchen.tw/git/percepio/poc/runs/tcp-workload-matrix-v1/A04-pbuf/build/tcp_request_response_irq.o,
by_pc,2147497680,1,1,2,3,1,0,0,0,0,session_task,/Users/swchen.tw/git/percepio/poc/runs/tcp-workload-matrix-v1/A04-pbuf/build/tcp_request_response_irq.o,
by_pc,2147497684,1,1,2,3,1,0,0,0,0,session_task,/Users/swchen.tw/git/percepio/poc/runs/tcp-workload-matrix-v1/A04-pbuf/build/tcp_request_response_irq.o,
by_context,unknown,339146,1067434,2134868,2474014,339988,81836,273776,13608,358226,,,
matrix,unknown|application_harness,114102,383790,767580,881682,114309,14607,107712,2160,145002,,,
matrix,unknown|lwip,57247,178854,357708,414955,57871,15354,47912,5148,52569,,,
matrix,unknown|runtime_library,165975,493905,987810,1153785,165982,51057,114840,4968,157058,,,
matrix,unknown|kernel_port,706,5807,11614,12320,709,445,1856,828,1969,,,
matrix,unknown|recorder,1102,4994,9988,11090,1103,368,1424,504,1595,,,
matrix,unknown|observer_entry,14,84,168,182,14,5,32,0,33,,,
